hdf5_path,N,sigma_w,x,Fbar_l,split,valid,outcome,n_frames
ml_samples/N1_sw0.15_x-4_i0000.h5,1,1.500000000e-01,-4,8.617657105e-01,main,true,fall,217
ml_samples/N1_sw0.15_x-4_i0001.h5,1,1.500000000e-01,-4,8.617657105e-01,main,true,fall,137
ml_samples/N1_sw0.15_x-4_i0002.h5,1,1.500000000e-01,-4,8.617657105e-01,main,true,fall,152
ml_samples/N1_sw0.15_x-4_i0003.h5,1,1.500000000e-01,-4,8.617657105e-01,main,true,fall,130
ml_samples/N1_sw0.15_x-4_i0004.h5,1,1.500000000e-01,-4,8.617657105e-01,main,true,fall,234
ml_samples/N1_sw0.15_x-4_i0005.h5,1,1.500000000e-01,-4,8.617657105e-01,main,true,fall,169
ml_samples/N1_sw0.15_x-4_i0006.h5,1,1.500000000e-01,-4,8.617657105e-01,main,true,fall,226
ml_samples/N1_sw0.15_x-4_i0007.h5,1,1.500000000e-01,-4,8.617657105e-01,main,true,fall,195
ml_samples/N1_sw0.15_x-4_i0008.h5,1,1.500000000e-01,-4,8.617657105e-01,main,true,fall,175
ml_samples/N1_sw0.15_x-4_i0009.h5,1,1.500000000e-01,-4,8.617657105e-01,main,true,fall,146
ml_samples/N1_sw0.15_x-4_i0010.h5,1,1.500000000e-01,-4,8.617657105e-01,main,true,fall,117
ml_samples/N1_sw0.15_x-4_i0011.h5,1,1.500000000e-01,-4,8.617657105e-01,main,true,fall,172
ml_samples/N1_sw0.15_x-4_i0012.h5,1,1.500000000e-01,-4,8.617657105e-01,main,true,fall,387
ml_samples/N1_sw0.15_x-4_i0013.h5,1,1.500000000e-01,-4,8.617657105e-01,main,true,fall,223
ml_samples/N1_sw0.15_x-4_i0014.h5,1,1.500000000e-01,-4,8.617657105e-01,main,true,fall,118
ml_samples/N1_sw0.15_x-4_i0015.h5,1,1.500000000e-01,-4,8.617657105e-01,main,true,fall,201
ml_samples/N1_sw0.15_x-4_i0016.h5,1,1.500000000e-01,-4,8.617657105e-01,main,true,fall,290
ml_samples/N1_sw0.15_x-4_i0017.h5,1,1.500000000e-01,-4,8.617657105e-01,main,true,fall,231
ml_samples/N1_sw0.15_x-4_i0018.h5,1,1.500000000e-01,-4,8.617657105e-01,main,true,fall,193
ml_samples/N1_sw0.15_x-4_i0019.h5,1,1.500000000e-01,-4,8.617657105e-01,main,true,fall,156
ml_samples/N1_sw0.15_x-4_i0020.h5,1,1.500000000e-01,-4,8.617657105e-01,main,true,fall,116
ml_samples/N1_sw0.15_x-4_i0021.h5,1,1.500000000e-01,-4,8.617657105e-01,main,true,fall,316
ml_samples/N1_sw0.15_x-4_i0022.h5,1,1.500000000e-01,-4,8.617657105e-01,main,true,fall,155
ml_samples/N1_sw0.15_x-4_i0023.h5,1,1.500000000e-01,-4,8.617657105e-01,main,true,fall,154
ml_samples/N1_sw0.15_x-4_i0024.h5,1,1.500000000e-01,-4,8.617657105e-01,main,true,fall,286
ml_samples/N1_sw0.15_x-4_i0025.h5,1,1.500000000e-01,-4,8.617657105e-01,main,true,fall,263
ml_samples/N1_sw0.15_x-4_i0026.h5,1,1.500000000e-01,-4,8.617657105e-01,main,true,fall,151
ml_samples/N1_sw0.15_x-4_i0027.h5,1,1.500000000e-01,-4,8.617657105e-01,main,true,fall,182
ml_samples/N1_sw0.15_x-4_i0028.h5,1,1.500000000e-01,-4,8.617657105e-01,main,true,fall,245
ml_samples/N1_sw0.15_x-4_i0029.h5,1,1.500000000e-01,-4,8.617657105e-01,main,true,fall,151
ml_samples/N1_sw0.15_x-4_i0030.h5,1,1.500000000e-01,-4,8.617657105e-01,main,true,fall,179
ml_samples/N1_sw0.15_x-4_i0031.h5,1,1.500000000e-01,-4,8.617657105e-01,main,true,fall,148
ml_samples/N1_sw0.15_x-4_i0032.h5,1,1.500000000e-01,-4,8.617657105e-01,main,true,fall,209
ml_samples/N1_sw0.15_x-4_i0033.h5,1,1.500000000e-01,-4,8.617657105e-01,main,true,fall,155
ml_samples/N1_sw0.15_x-4_i0034.h5,1,1.500000000e-01,-4,8.617657105e-01,main,true,fall,111
ml_samples/N1_sw0.15_x-4_i0035.h5,1,1.500000000e-01,-4,8.617657105e-01,main,true,fall,141
ml_samples/N1_sw0.15_x-4_i0036.h5,1,1.500000000e-01,-4,8.617657105e-01,main,true,fall,590
ml_samples/N1_sw0.15_x-4_i0037.h5,1,1.500000000e-01,-4,8.617657105e-01,main,true,fall,145
ml_samples/N1_sw0.15_x-4_i0038.h5,1,1.500000000e-01,-4,8.617657105e-01,main,true,fall,131
ml_samples/N1_sw0.15_x-4_i0039.h5,1,1.500000000e-01,-4,8.617657105e-01,main,true,fall,236
ml_samples/N1_sw0.15_x-4_i0040.h5,1,1.500000000e-01,-4,8.617657105e-01,main,true,fall,280
ml_samples/N1_sw0.15_x-4_i0041.h5,1,1.500000000e-01,-4,8.617657105e-01,main,true,fall,131
ml_samples/N1_sw0.15_x-4_i0042.h5,1,1.500000000e-01,-4,8.617657105e-01,main,true,fall,108
ml_samples/N1_sw0.15_x-4_i0043.h5,1,1.500000000e-01,-4,8.617657105e-01,main,true,fall,158
ml_samples/N1_sw0.15_x-4_i0044.h5,1,1.500000000e-01,-4,8.617657105e-01,main,true,fall,145
ml_samples/N1_sw0.15_x-4_i0045.h5,1,1.500000000e-01,-4,8.617657105e-01,main,true,fall,147
ml_samples/N1_sw0.15_x-4_i0046.h5,1,1.500000000e-01,-4,8.617657105e-01,main,true,fall,118
ml_samples/N1_sw0.15_x-4_i0047.h5,1,1.500000000e-01,-4,8.617657105e-01,main,true,fall,173
ml_samples/N1_sw0.15_x-4_i0048.h5,1,1.500000000e-01,-4,8.617657105e-01,main,true,fall,257
ml_samples/N1_sw0.15_x-4_i0049.h5,1,1.500000000e-01,-4,8.617657105e-01,main,true,fall,142
ml_samples/N1_sw0.15_x-4_i0050.h5,1,1.500000000e-01,-4,8.617657105e-01,main,true,fall,427
ml_samples/N1_sw0.15_x-4_i0051.h5,1,1.500000000e-01,-4,8.617657105e-01,main,true,fall,166
ml_samples/N1_sw0.15_x-4_i0052.h5,1,1.500000000e-01,-4,8.617657105e-01,main,true,fall,518
ml_samples/N1_sw0.15_x-4_i0053.h5,1,1.500000000e-01,-4,8.617657105e-01,main,true,fall,153
ml_samples/N1_sw0.15_x-4_i0054.h5,1,1.500000000e-01,-4,8.617657105e-01,main,true,fall,305
ml_samples/N1_sw0.15_x-4_i0055.h5,1,1.500000000e-01,-4,8.617657105e-01,main,true,fall,796
ml_samples/N1_sw0.15_x-4_i0056.h5,1,1.500000000e-01,-4,8.617657105e-01,main,true,fall,129
ml_samples/N1_sw0.15_x-4_i0057.h5,1,1.500000000e-01,-4,8.617657105e-01,main,true,fall,197
ml_samples/N1_sw0.15_x-4_i0058.h5,1,1.500000000e-01,-4,8.617657105e-01,main,true,fall,149
ml_samples/N1_sw0.15_x-4_i0059.h5,1,1.500000000e-01,-4,8.617657105e-01,main,true,fall,300
ml_samples/N1_sw0.15_x-4_i0060.h5,1,1.500000000e-01,-4,8.617657105e-01,main,true,fall,227
ml_samples/N1_sw0.15_x-4_i0061.h5,1,1.500000000e-01,-4,8.617657105e-01,main,true,fall,144
ml_samples/N1_sw0.15_x-4_i0062.h5,1,1.500000000e-01,-4,8.617657105e-01,main,true,fall,128
ml_samples/N1_sw0.15_x-4_i0063.h5,1,1.500000000e-01,-4,8.617657105e-01,main,true,fall,246
ml_samples/N1_sw0.15_x-4_i0064.h5,1,1.500000000e-01,-4,8.617657105e-01,main,true,fall,203
ml_samples/N1_sw0.15_x-4_i0065.h5,1,1.500000000e-01,-4,8.617657105e-01,main,true,fall,130
ml_samples/N1_sw0.15_x-4_i0066.h5,1,1.500000000e-01,-4,8.617657105e-01,main,true,fall,143
ml_samples/N1_sw0.15_x-4_i0067.h5,1,1.500000000e-01,-4,8.617657105e-01,main,true,fall,117
ml_samples/N1_sw0.15_x-4_i0068.h5,1,1.500000000e-01,-4,8.617657105e-01,main,true,fall,213
ml_samples/N1_sw0.15_x-4_i0069.h5,1,1.500000000e-01,-4,8.617657105e-01,main,true,fall,171
ml_samples/N1_sw0.15_x-4_i0070.h5,1,1.500000000e-01,-4,8.617657105e-01,main,true,fall,129
ml_samples/N1_sw0.15_x-4_i0071.h5,1,1.500000000e-01,-4,8.617657105e-01,main,true,fall,125
ml_samples/N1_sw0.15_x-4_i0072.h5,1,1.500000000e-01,-4,8.617657105e-01,main,true,fall,222
ml_samples/N1_sw0.15_x-4_i0073.h5,1,1.500000000e-01,-4,8.617657105e-01,main,true,fall,216
ml_samples/N1_sw0.15_x-4_i0074.h5,1,1.500000000e-01,-4,8.617657105e-01,main,true,fall,335
ml_samples/N1_sw0.15_x-4_i0075.h5,1,1.500000000e-01,-4,8.617657105e-01,main,true,fall,129
ml_samples/N1_sw0.15_x-4_i0076.h5,1,1.500000000e-01,-4,8.617657105e-01,main,true,fall,172
ml_samples/N1_sw0.15_x-4_i0077.h5,1,1.500000000e-01,-4,8.617657105e-01,main,true,fall,450
ml_samples/N1_sw0.15_x-4_i0078.h5,1,1.500000000e-01,-4,8.617657105e-01,main,true,fall,281
ml_samples/N1_sw0.15_x-4_i0079.h5,1,1.500000000e-01,-4,8.617657105e-01,main,true,fall,154
ml_samples/N1_sw0.15_x-4_i0080.h5,1,1.500000000e-01,-4,8.617657105e-01,main,true,fall,173
ml_samples/N1_sw0.15_x-4_i0081.h5,1,1.500000000e-01,-4,8.617657105e-01,main,true,fall,183
ml_samples/N1_sw0.15_x-4_i0082.h5,1,1.500000000e-01,-4,8.617657105e-01,main,true,fall,141
ml_samples/N1_sw0.15_x-4_i0083.h5,1,1.500000000e-01,-4,8.617657105e-01,main,true,fall,357
ml_samples/N1_sw0.15_x-4_i0084.h5,1,1.500000000e-01,-4,8.617657105e-01,main,true,fall,164
ml_samples/N1_sw0.15_x-4_i0085.h5,1,1.500000000e-01,-4,8.617657105e-01,main,true,fall,180
ml_samples/N1_sw0.15_x-4_i0086.h5,1,1.500000000e-01,-4,8.617657105e-01,main,true,fall,151
ml_samples/N1_sw0.15_x-4_i0087.h5,1,1.500000000e-01,-4,8.617657105e-01,main,true,fall,175
ml_samples/N1_sw0.15_x-4_i0088.h5,1,1.500000000e-01,-4,8.617657105e-01,main,true,fall,151
ml_samples/N1_sw0.15_x-4_i0089.h5,1,1.500000000e-01,-4,8.617657105e-01,main,true,fall,408
ml_samples/N1_sw0.15_x-4_i0090.h5,1,1.500000000e-01,-4,8.617657105e-01,main,true,fall,587
ml_samples/N1_sw0.15_x-4_i0091.h5,1,1.500000000e-01,-4,8.617657105e-01,main,true,fall,211
ml_samples/N1_sw0.15_x-4_i0092.h5,1,1.500000000e-01,-4,8.617657105e-01,main,true,fall,229
ml_samples/N1_sw0.15_x-4_i0093.h5,1,1.500000000e-01,-4,8.617657105e-01,main,true,fall,201
ml_samples/N1_sw0.15_x-4_i0094.h5,1,1.500000000e-01,-4,8.617657105e-01,main,true,fall,195
ml_samples/N1_sw0.15_x-4_i0095.h5,1,1.500000000e-01,-4,8.617657105e-01,main,true,fall,209
ml_samples/N1_sw0.15_x-4_i0096.h5,1,1.500000000e-01,-4,8.617657105e-01,main,true,fall,150
ml_samples/N1_sw0.15_x-4_i0097.h5,1,1.500000000e-01,-4,8.617657105e-01,main,true,fall,206
ml_samples/N1_sw0.15_x-4_i0098.h5,1,1.500000000e-01,-4,8.617657105e-01,main,true,fall,320
ml_samples/N1_sw0.15_x-4_i0099.h5,1,1.500000000e-01,-4,8.617657105e-01,main,true,fall,188
ml_samples/N1_sw0.15_x-2_i0000.h5,1,1.500000000e-01,-2,9.308828552e-01,main,true,fall,933
ml_samples/N1_sw0.15_x-2_i0001.h5,1,1.500000000e-01,-2,9.308828552e-01,main,true,fall,201
ml_samples/N1_sw0.15_x-2_i0002.h5,1,1.500000000e-01,-2,9.308828552e-01,main,true,fall,268
ml_samples/N1_sw0.15_x-2_i0003.h5,1,1.500000000e-01,-2,9.308828552e-01,main,true,fall,181
ml_samples/N1_sw0.15_x-2_i0004.h5,1,1.500000000e-01,-2,9.308828552e-01,main,true,fall,190
ml_samples/N1_sw0.15_x-2_i0005.h5,1,1.500000000e-01,-2,9.308828552e-01,main,true,fall,3247
ml_samples/N1_sw0.15_x-2_i0006.h5,1,1.500000000e-01,-2,9.308828552e-01,main,true,fall,316
ml_samples/N1_sw0.15_x-2_i0007.h5,1,1.500000000e-01,-2,9.308828552e-01,main,true,fall,261
ml_samples/N1_sw0.15_x-2_i0008.h5,1,1.500000000e-01,-2,9.308828552e-01,main,true,fall,263
ml_samples/N1_sw0.15_x-2_i0009.h5,1,1.500000000e-01,-2,9.308828552e-01,main,true,fall,321
ml_samples/N1_sw0.15_x-2_i0010.h5,1,1.500000000e-01,-2,9.308828552e-01,main,true,fall,295
ml_samples/N1_sw0.15_x-2_i0011.h5,1,1.500000000e-01,-2,9.308828552e-01,main,true,fall,805
ml_samples/N1_sw0.15_x-2_i0012.h5,1,1.500000000e-01,-2,9.308828552e-01,main,true,fall,218
ml_samples/N1_sw0.15_x-2_i0013.h5,1,1.500000000e-01,-2,9.308828552e-01,main,true,fall,133
ml_samples/N1_sw0.15_x-2_i0014.h5,1,1.500000000e-01,-2,9.308828552e-01,main,true,fall,479
ml_samples/N1_sw0.15_x-2_i0015.h5,1,1.500000000e-01,-2,9.308828552e-01,main,true,fall,677
ml_samples/N1_sw0.15_x-2_i0016.h5,1,1.500000000e-01,-2,9.308828552e-01,main,true,fall,332
ml_samples/N1_sw0.15_x-2_i0017.h5,1,1.500000000e-01,-2,9.308828552e-01,main,true,fall,618
ml_samples/N1_sw0.15_x-2_i0018.h5,1,1.500000000e-01,-2,9.308828552e-01,main,true,rise,1806
ml_samples/N1_sw0.15_x-2_i0019.h5,1,1.500000000e-01,-2,9.308828552e-01,main,true,fall,120
ml_samples/N1_sw0.15_x-2_i0020.h5,1,1.500000000e-01,-2,9.308828552e-01,main,true,fall,337
ml_samples/N1_sw0.15_x-2_i0021.h5,1,1.500000000e-01,-2,9.308828552e-01,main,true,fall,426
ml_samples/N1_sw0.15_x-2_i0022.h5,1,1.500000000e-01,-2,9.308828552e-01,main,true,fall,516
ml_samples/N1_sw0.15_x-2_i0023.h5,1,1.500000000e-01,-2,9.308828552e-01,main,true,fall,478
ml_samples/N1_sw0.15_x-2_i0024.h5,1,1.500000000e-01,-2,9.308828552e-01,main,true,fall,407
ml_samples/N1_sw0.15_x-2_i0025.h5,1,1.500000000e-01,-2,9.308828552e-01,main,true,fall,177
ml_samples/N1_sw0.15_x-2_i0026.h5,1,1.500000000e-01,-2,9.308828552e-01,main,true,fall,264
ml_samples/N1_sw0.15_x-2_i0027.h5,1,1.500000000e-01,-2,9.308828552e-01,main,true,fall,267
ml_samples/N1_sw0.15_x-2_i0028.h5,1,1.500000000e-01,-2,9.308828552e-01,main,true,fall,322
ml_samples/N1_sw0.15_x-2_i0029.h5,1,1.500000000e-01,-2,9.308828552e-01,main,true,fall,1780
ml_samples/N1_sw0.15_x-2_i0030.h5,1,1.500000000e-01,-2,9.308828552e-01,main,true,fall,275
ml_samples/N1_sw0.15_x-2_i0031.h5,1,1.500000000e-01,-2,9.308828552e-01,main,true,fall,1022
ml_samples/N1_sw0.15_x-2_i0032.h5,1,1.500000000e-01,-2,9.308828552e-01,main,true,fall,335
ml_samples/N1_sw0.15_x-2_i0033.h5,1,1.500000000e-01,-2,9.308828552e-01,main,true,fall,415
ml_samples/N1_sw0.15_x-2_i0034.h5,1,1.500000000e-01,-2,9.308828552e-01,main,true,fall,1521
ml_samples/N1_sw0.15_x-2_i0035.h5,1,1.500000000e-01,-2,9.308828552e-01,main,true,fall,228
ml_samples/N1_sw0.15_x-2_i0036.h5,1,1.500000000e-01,-2,9.308828552e-01,main,true,fall,478
ml_samples/N1_sw0.15_x-2_i0037.h5,1,1.500000000e-01,-2,9.308828552e-01,main,true,fall,379
ml_samples/N1_sw0.15_x-2_i0038.h5,1,1.500000000e-01,-2,9.308828552e-01,main,true,fall,1012
ml_samples/N1_sw0.15_x-2_i0039.h5,1,1.500000000e-01,-2,9.308828552e-01,main,true,fall,346
ml_samples/N1_sw0.15_x-2_i0040.h5,1,1.500000000e-01,-2,9.308828552e-01,main,true,fall,189
ml_samples/N1_sw0.15_x-2_i0041.h5,1,1.500000000e-01,-2,9.308828552e-01,main,true,fall,156
ml_samples/N1_sw0.15_x-2_i0042.h5,1,1.500000000e-01,-2,9.308828552e-01,main,true,fall,884
ml_samples/N1_sw0.15_x-2_i0043.h5,1,1.500000000e-01,-2,9.308828552e-01,main,true,fall,231
ml_samples/N1_sw0.15_x-2_i0044.h5,1,1.500000000e-01,-2,9.308828552e-01,main,true,fall,1093
ml_samples/N1_sw0.15_x-2_i0045.h5,1,1.500000000e-01,-2,9.308828552e-01,main,true,fall,228
ml_samples/N1_sw0.15_x-2_i0046.h5,1,1.500000000e-01,-2,9.308828552e-01,main,true,fall,183
ml_samples/N1_sw0.15_x-2_i0047.h5,1,1.500000000e-01,-2,9.308828552e-01,main,true,fall,380
ml_samples/N1_sw0.15_x-2_i0048.h5,1,1.500000000e-01,-2,9.308828552e-01,main,true,fall,297
ml_samples/N1_sw0.15_x-2_i0049.h5,1,1.500000000e-01,-2,9.308828552e-01,main,true,fall,398
ml_samples/N1_sw0.15_x-2_i0050.h5,1,1.500000000e-01,-2,9.308828552e-01,main,true,fall,255
ml_samples/N1_sw0.15_x-2_i0051.h5,1,1.500000000e-01,-2,9.308828552e-01,main,true,fall,455
ml_samples/N1_sw0.15_x-2_i0052.h5,1,1.500000000e-01,-2,9.308828552e-01,main,true,fall,555
ml_samples/N1_sw0.15_x-2_i0053.h5,1,1.500000000e-01,-2,9.308828552e-01,main,true,fall,195
ml_samples/N1_sw0.15_x-2_i0054.h5,1,1.500000000e-01,-2,9.308828552e-01,main,true,fall,444
ml_samples/N1_sw0.15_x-2_i0055.h5,1,1.500000000e-01,-2,9.308828552e-01,main,true,fall,199
ml_samples/N1_sw0.15_x-2_i0056.h5,1,1.500000000e-01,-2,9.308828552e-01,main,true,fall,136
ml_samples/N1_sw0.15_x-2_i0057.h5,1,1.500000000e-01,-2,9.308828552e-01,main,true,fall,199
ml_samples/N1_sw0.15_x-2_i0058.h5,1,1.500000000e-01,-2,9.308828552e-01,main,true,fall,240
ml_samples/N1_sw0.15_x-2_i0059.h5,1,1.500000000e-01,-2,9.308828552e-01,main,true,fall,194
ml_samples/N1_sw0.15_x-2_i0060.h5,1,1.500000000e-01,-2,9.308828552e-01,main,true,fall,238
ml_samples/N1_sw0.15_x-2_i0061.h5,1,1.500000000e-01,-2,9.308828552e-01,main,true,fall,267
ml_samples/N1_sw0.15_x-2_i0062.h5,1,1.500000000e-01,-2,9.308828552e-01,main,true,fall,2018
ml_samples/N1_sw0.15_x-2_i0063.h5,1,1.500000000e-01,-2,9.308828552e-01,main,true,fall,251
ml_samples/N1_sw0.15_x-2_i0064.h5,1,1.500000000e-01,-2,9.308828552e-01,main,true,fall,187
ml_samples/N1_sw0.15_x-2_i0065.h5,1,1.500000000e-01,-2,9.308828552e-01,main,true,fall,267
ml_samples/N1_sw0.15_x-2_i0066.h5,1,1.500000000e-01,-2,9.308828552e-01,main,true,fall,2585
ml_samples/N1_sw0.15_x-2_i0067.h5,1,1.500000000e-01,-2,9.308828552e-01,main,true,fall,343
ml_samples/N1_sw0.15_x-2_i0068.h5,1,1.500000000e-01,-2,9.308828552e-01,main,true,fall,573
ml_samples/N1_sw0.15_x-2_i0069.h5,1,1.500000000e-01,-2,9.308828552e-01,main,true,fall,538
ml_samples/N1_sw0.15_x-2_i0070.h5,1,1.500000000e-01,-2,9.308828552e-01,main,true,fall,1810
ml_samples/N1_sw0.15_x-2_i0071.h5,1,1.500000000e-01,-2,9.308828552e-01,main,true,fall,204
ml_samples/N1_sw0.15_x-2_i0072.h5,1,1.500000000e-01,-2,9.308828552e-01,main,true,fall,1370
ml_samples/N1_sw0.15_x-2_i0073.h5,1,1.500000000e-01,-2,9.308828552e-01,main,true,fall,365
ml_samples/N1_sw0.15_x-2_i0074.h5,1,1.500000000e-01,-2,9.308828552e-01,main,true,fall,333
ml_samples/N1_sw0.15_x-2_i0075.h5,1,1.500000000e-01,-2,9.308828552e-01,main,true,fall,414
ml_samples/N1_sw0.15_x-2_i0076.h5,1,1.500000000e-01,-2,9.308828552e-01,main,true,fall,270
ml_samples/N1_sw0.15_x-2_i0077.h5,1,1.500000000e-01,-2,9.308828552e-01,main,true,fall,285
ml_samples/N1_sw0.15_x-2_i0078.h5,1,1.500000000e-01,-2,9.308828552e-01,main,true,fall,512
ml_samples/N1_sw0.15_x-2_i0079.h5,1,1.500000000e-01,-2,9.308828552e-01,main,true,fall,855
ml_samples/N1_sw0.15_x-2_i0080.h5,1,1.500000000e-01,-2,9.308828552e-01,main,true,fall,244
ml_samples/N1_sw0.15_x-2_i0081.h5,1,1.500000000e-01,-2,9.308828552e-01,main,true,fall,227
ml_samples/N1_sw0.15_x-2_i0082.h5,1,1.500000000e-01,-2,9.308828552e-01,main,true,fall,212
ml_samples/N1_sw0.15_x-2_i0083.h5,1,1.500000000e-01,-2,9.308828552e-01,main,true,fall,1228
ml_samples/N1_sw0.15_x-2_i0084.h5,1,1.500000000e-01,-2,9.308828552e-01,main,true,fall,147
ml_samples/N1_sw0.15_x-2_i0085.h5,1,1.500000000e-01,-2,9.308828552e-01,main,true,fall,294
ml_samples/N1_sw0.15_x-2_i0086.h5,1,1.500000000e-01,-2,9.308828552e-01,main,true,fall,162
ml_samples/N1_sw0.15_x-2_i0087.h5,1,1.500000000e-01,-2,9.308828552e-01,main,true,fall,352
ml_samples/N1_sw0.15_x-2_i0088.h5,1,1.500000000e-01,-2,9.308828552e-01,main,true,fall,154
ml_samples/N1_sw0.15_x-2_i0089.h5,1,1.500000000e-01,-2,9.308828552e-01,main,true,fall,253
ml_samples/N1_sw0.15_x-2_i0090.h5,1,1.500000000e-01,-2,9.308828552e-01,main,true,fall,1252
ml_samples/N1_sw0.15_x-2_i0091.h5,1,1.500000000e-01,-2,9.308828552e-01,main,true,fall,597
ml_samples/N1_sw0.15_x-2_i0092.h5,1,1.500000000e-01,-2,9.308828552e-01,main,true,fall,319
ml_samples/N1_sw0.15_x-2_i0093.h5,1,1.500000000e-01,-2,9.308828552e-01,main,true,fall,261
ml_samples/N1_sw0.15_x-2_i0094.h5,1,1.500000000e-01,-2,9.308828552e-01,main,true,fall,273
ml_samples/N1_sw0.15_x-2_i0095.h5,1,1.500000000e-01,-2,9.308828552e-01,main,true,fall,161
ml_samples/N1_sw0.15_x-2_i0096.h5,1,1.500000000e-01,-2,9.308828552e-01,main,true,fall,657
ml_samples/N1_sw0.15_x-2_i0097.h5,1,1.500000000e-01,-2,9.308828552e-01,main,true,fall,1417
ml_samples/N1_sw0.15_x-2_i0098.h5,1,1.500000000e-01,-2,9.308828552e-01,main,true,fall,333
ml_samples/N1_sw0.15_x-2_i0099.h5,1,1.500000000e-01,-2,9.308828552e-01,main,true,fall,153
ml_samples/N1_sw0.15_x-1_i0000.h5,1,1.500000000e-01,-1,9.654414276e-01,main,true,fall,1320
ml_samples/N1_sw0.15_x-1_i0001.h5,1,1.500000000e-01,-1,9.654414276e-01,main,true,fall,1885
ml_samples/N1_sw0.15_x-1_i0002.h5,1,1.500000000e-01,-1,9.654414276e-01,main,true,fall,322
ml_samples/N1_sw0.15_x-1_i0003.h5,1,1.500000000e-01,-1,9.654414276e-01,main,true,fall,395
ml_samples/N1_sw0.15_x-1_i0004.h5,1,1.500000000e-01,-1,9.654414276e-01,main,true,fall,4034
ml_samples/N1_sw0.15_x-1_i0005.h5,1,1.500000000e-01,-1,9.654414276e-01,main,true,fall,949
ml_samples/N1_sw0.15_x-1_i0006.h5,1,1.500000000e-01,-1,9.654414276e-01,main,true,fall,1053
ml_samples/N1_sw0.15_x-1_i0007.h5,1,1.500000000e-01,-1,9.654414276e-01,main,true,fall,249
ml_samples/N1_sw0.15_x-1_i0008.h5,1,1.500000000e-01,-1,9.654414276e-01,main,true,fall,228
ml_samples/N1_sw0.15_x-1_i0009.h5,1,1.500000000e-01,-1,9.654414276e-01,main,true,fall,856
ml_samples/N1_sw0.15_x-1_i0010.h5,1,1.500000000e-01,-1,9.654414276e-01,main,true,fall,394
ml_samples/N1_sw0.15_x-1_i0011.h5,1,1.500000000e-01,-1,9.654414276e-01,main,true,fall,2469
ml_samples/N1_sw0.15_x-1_i0012.h5,1,1.500000000e-01,-1,9.654414276e-01,main,true,fall,1257
ml_samples/N1_sw0.15_x-1_i0013.h5,1,1.500000000e-01,-1,9.654414276e-01,main,true,fall,704
ml_samples/N1_sw0.15_x-1_i0014.h5,1,1.500000000e-01,-1,9.654414276e-01,main,true,fall,301
ml_samples/N1_sw0.15_x-1_i0015.h5,1,1.500000000e-01,-1,9.654414276e-01,main,true,fall,909
ml_samples/N1_sw0.15_x-1_i0016.h5,1,1.500000000e-01,-1,9.654414276e-01,main,true,fall,4732
ml_samples/N1_sw0.15_x-1_i0017.h5,1,1.500000000e-01,-1,9.654414276e-01,main,true,fall,1202
ml_samples/N1_sw0.15_x-1_i0018.h5,1,1.500000000e-01,-1,9.654414276e-01,main,true,fall,1165
ml_samples/N1_sw0.15_x-1_i0019.h5,1,1.500000000e-01,-1,9.654414276e-01,main,true,fall,416
ml_samples/N1_sw0.15_x-1_i0020.h5,1,1.500000000e-01,-1,9.654414276e-01,main,true,fall,589
ml_samples/N1_sw0.15_x-1_i0021.h5,1,1.500000000e-01,-1,9.654414276e-01,main,true,fall,262
ml_samples/N1_sw0.15_x-1_i0022.h5,1,1.500000000e-01,-1,9.654414276e-01,main,true,fall,4042
ml_samples/N1_sw0.15_x-1_i0023.h5,1,1.500000000e-01,-1,9.654414276e-01,main,true,fall,561
ml_samples/N1_sw0.15_x-1_i0024.h5,1,1.500000000e-01,-1,9.654414276e-01,main,true,fall,2863
ml_samples/N1_sw0.15_x-1_i0025.h5,1,1.500000000e-01,-1,9.654414276e-01,main,true,fall,2448
ml_samples/N1_sw0.15_x-1_i0026.h5,1,1.500000000e-01,-1,9.654414276e-01,main,true,fall,491
ml_samples/N1_sw0.15_x-1_i0027.h5,1,1.500000000e-01,-1,9.654414276e-01,main,true,fall,1490
ml_samples/N1_sw0.15_x-1_i0028.h5,1,1.500000000e-01,-1,9.654414276e-01,main,true,fall,280
ml_samples/N1_sw0.15_x-1_i0029.h5,1,1.500000000e-01,-1,9.654414276e-01,main,true,fall,1278
ml_samples/N1_sw0.15_x-1_i0030.h5,1,1.500000000e-01,-1,9.654414276e-01,main,true,fall,990
ml_samples/N1_sw0.15_x-1_i0031.h5,1,1.500000000e-01,-1,9.654414276e-01,main,true,fall,663
ml_samples/N1_sw0.15_x-1_i0032.h5,1,1.500000000e-01,-1,9.654414276e-01,main,true,fall,768
ml_samples/N1_sw0.15_x-1_i0033.h5,1,1.500000000e-01,-1,9.654414276e-01,main,true,rise,1008
ml_samples/N1_sw0.15_x-1_i0034.h5,1,1.500000000e-01,-1,9.654414276e-01,main,true,fall,1136
ml_samples/N1_sw0.15_x-1_i0035.h5,1,1.500000000e-01,-1,9.654414276e-01,main,true,fall,344
ml_samples/N1_sw0.15_x-1_i0036.h5,1,1.500000000e-01,-1,9.654414276e-01,main,true,fall,1787
ml_samples/N1_sw0.15_x-1_i0037.h5,1,1.500000000e-01,-1,9.654414276e-01,main,true,fall,1970
ml_samples/N1_sw0.15_x-1_i0038.h5,1,1.500000000e-01,-1,9.654414276e-01,main,true,fall,244
ml_samples/N1_sw0.15_x-1_i0039.h5,1,1.500000000e-01,-1,9.654414276e-01,main,true,fall,786
ml_samples/N1_sw0.15_x-1_i0040.h5,1,1.500000000e-01,-1,9.654414276e-01,main,true,fall,453
ml_samples/N1_sw0.15_x-1_i0041.h5,1,1.500000000e-01,-1,9.654414276e-01,main,true,fall,998
ml_samples/N1_sw0.15_x-1_i0042.h5,1,1.500000000e-01,-1,9.654414276e-01,main,true,fall,1609
ml_samples/N1_sw0.15_x-1_i0043.h5,1,1.500000000e-01,-1,9.654414276e-01,main,true,fall,307
ml_samples/N1_sw0.15_x-1_i0044.h5,1,1.500000000e-01,-1,9.654414276e-01,main,true,fall,518
ml_samples/N1_sw0.15_x-1_i0045.h5,1,1.500000000e-01,-1,9.654414276e-01,main,true,fall,368
ml_samples/N1_sw0.15_x-1_i0046.h5,1,1.500000000e-01,-1,9.654414276e-01,main,true,fall,489
ml_samples/N1_sw0.15_x-1_i0047.h5,1,1.500000000e-01,-1,9.654414276e-01,main,true,fall,331
ml_samples/N1_sw0.15_x-1_i0048.h5,1,1.500000000e-01,-1,9.654414276e-01,main,true,fall,1364
ml_samples/N1_sw0.15_x-1_i0049.h5,1,1.500000000e-01,-1,9.654414276e-01,main,true,fall,586
ml_samples/N1_sw0.15_x-1_i0050.h5,1,1.500000000e-01,-1,9.654414276e-01,main,true,fall,2454
ml_samples/N1_sw0.15_x-1_i0051.h5,1,1.500000000e-01,-1,9.654414276e-01,main,true,fall,4143
ml_samples/N1_sw0.15_x-1_i0052.h5,1,1.500000000e-01,-1,9.654414276e-01,main,true,fall,1282
ml_samples/N1_sw0.15_x-1_i0053.h5,1,1.500000000e-01,-1,9.654414276e-01,main,true,fall,603
ml_samples/N1_sw0.15_x-1_i0054.h5,1,1.500000000e-01,-1,9.654414276e-01,main,true,fall,157
ml_samples/N1_sw0.15_x-1_i0055.h5,1,1.500000000e-01,-1,9.654414276e-01,main,true,fall,3908
ml_samples/N1_sw0.15_x-1_i0056.h5,1,1.500000000e-01,-1,9.654414276e-01,main,true,rise,885
ml_samples/N1_sw0.15_x-1_i0057.h5,1,1.500000000e-01,-1,9.654414276e-01,main,true,fall,246
ml_samples/N1_sw0.15_x-1_i0058.h5,1,1.500000000e-01,-1,9.654414276e-01,main,true,rise,2892
ml_samples/N1_sw0.15_x-1_i0059.h5,1,1.500000000e-01,-1,9.654414276e-01,main,true,fall,1128
ml_samples/N1_sw0.15_x-1_i0060.h5,1,1.500000000e-01,-1,9.654414276e-01,main,true,fall,250
ml_samples/N1_sw0.15_x-1_i0061.h5,1,1.500000000e-01,-1,9.654414276e-01,main,true,fall,185
ml_samples/N1_sw0.15_x-1_i0062.h5,1,1.500000000e-01,-1,9.654414276e-01,main,true,fall,214
ml_samples/N1_sw0.15_x-1_i0063.h5,1,1.500000000e-01,-1,9.654414276e-01,main,true,fall,345
ml_samples/N1_sw0.15_x-1_i0064.h5,1,1.500000000e-01,-1,9.654414276e-01,main,true,rise,1276
ml_samples/N1_sw0.15_x-1_i0065.h5,1,1.500000000e-01,-1,9.654414276e-01,main,true,fall,195
ml_samples/N1_sw0.15_x-1_i0066.h5,1,1.500000000e-01,-1,9.654414276e-01,main,true,fall,212
ml_samples/N1_sw0.15_x-1_i0067.h5,1,1.500000000e-01,-1,9.654414276e-01,main,true,fall,3443
ml_samples/N1_sw0.15_x-1_i0068.h5,1,1.500000000e-01,-1,9.654414276e-01,main,true,fall,4269
ml_samples/N1_sw0.15_x-1_i0069.h5,1,1.500000000e-01,-1,9.654414276e-01,main,true,fall,306
ml_samples/N1_sw0.15_x-1_i0070.h5,1,1.500000000e-01,-1,9.654414276e-01,main,true,fall,203
ml_samples/N1_sw0.15_x-1_i0071.h5,1,1.500000000e-01,-1,9.654414276e-01,main,true,fall,810
ml_samples/N1_sw0.15_x-1_i0072.h5,1,1.500000000e-01,-1,9.654414276e-01,main,true,fall,290
ml_samples/N1_sw0.15_x-1_i0073.h5,1,1.500000000e-01,-1,9.654414276e-01,main,true,fall,563
ml_samples/N1_sw0.15_x-1_i0074.h5,1,1.500000000e-01,-1,9.654414276e-01,main,true,fall,241
ml_samples/N1_sw0.15_x-1_i0075.h5,1,1.500000000e-01,-1,9.654414276e-01,main,true,fall,1932
ml_samples/N1_sw0.15_x-1_i0076.h5,1,1.500000000e-01,-1,9.654414276e-01,main,true,fall,246
ml_samples/N1_sw0.15_x-1_i0077.h5,1,1.500000000e-01,-1,9.654414276e-01,main,true,fall,2365
ml_samples/N1_sw0.15_x-1_i0078.h5,1,1.500000000e-01,-1,9.654414276e-01,main,true,fall,532
ml_samples/N1_sw0.15_x-1_i0079.h5,1,1.500000000e-01,-1,9.654414276e-01,main,true,fall,295
ml_samples/N1_sw0.15_x-1_i0080.h5,1,1.500000000e-01,-1,9.654414276e-01,main,true,fall,385
ml_samples/N1_sw0.15_x-1_i0081.h5,1,1.500000000e-01,-1,9.654414276e-01,main,true,fall,3255
ml_samples/N1_sw0.15_x-1_i0082.h5,1,1.500000000e-01,-1,9.654414276e-01,main,true,fall,2731
ml_samples/N1_sw0.15_x-1_i0083.h5,1,1.500000000e-01,-1,9.654414276e-01,main,true,fall,981
ml_samples/N1_sw0.15_x-1_i0084.h5,1,1.500000000e-01,-1,9.654414276e-01,main,true,fall,236
ml_samples/N1_sw0.15_x-1_i0085.h5,1,1.500000000e-01,-1,9.654414276e-01,main,true,fall,705
ml_samples/N1_sw0.15_x-1_i0086.h5,1,1.500000000e-01,-1,9.654414276e-01,main,true,fall,2206
ml_samples/N1_sw0.15_x-1_i0087.h5,1,1.500000000e-01,-1,9.654414276e-01,main,true,fall,306
ml_samples/N1_sw0.15_x-1_i0088.h5,1,1.500000000e-01,-1,9.654414276e-01,main,true,fall,446
ml_samples/N1_sw0.15_x-1_i0089.h5,1,1.500000000e-01,-1,9.654414276e-01,main,true,fall,1607
ml_samples/N1_sw0.15_x-1_i0090.h5,1,1.500000000e-01,-1,9.654414276e-01,main,true,fall,1055
ml_samples/N1_sw0.15_x-1_i0091.h5,1,1.500000000e-01,-1,9.654414276e-01,main,true,fall,134
ml_samples/N1_sw0.15_x-1_i0092.h5,1,1.500000000e-01,-1,9.654414276e-01,main,true,fall,225
ml_samples/N1_sw0.15_x-1_i0093.h5,1,1.500000000e-01,-1,9.654414276e-01,main,true,fall,1346
ml_samples/N1_sw0.15_x-1_i0094.h5,1,1.500000000e-01,-1,9.654414276e-01,main,true,fall,379
ml_samples/N1_sw0.15_x-1_i0095.h5,1,1.500000000e-01,-1,9.654414276e-01,main,true,fall,207
ml_samples/N1_sw0.15_x-1_i0096.h5,1,1.500000000e-01,-1,9.654414276e-01,main,true,fall,562
ml_samples/N1_sw0.15_x-1_i0097.h5,1,1.500000000e-01,-1,9.654414276e-01,main,true,fall,798
ml_samples/N1_sw0.15_x-1_i0098.h5,1,1.500000000e-01,-1,9.654414276e-01,main,true,fall,980
ml_samples/N1_sw0.15_x-1_i0099.h5,1,1.500000000e-01,-1,9.654414276e-01,main,true,fall,193
ml_samples/N1_sw0.15_x-1_i0100.h5,1,1.500000000e-01,-1,9.654414276e-01,main,true,fall,1650
ml_samples/N1_sw0.15_x-1_i0101.h5,1,1.500000000e-01,-1,9.654414276e-01,main,true,fall,768
ml_samples/N1_sw0.15_x-1_i0102.h5,1,1.500000000e-01,-1,9.654414276e-01,main,true,fall,3080
ml_samples/N1_sw0.15_x-1_i0103.h5,1,1.500000000e-01,-1,9.654414276e-01,main,true,rise,1326
ml_samples/N1_sw0.15_x-1_i0104.h5,1,1.500000000e-01,-1,9.654414276e-01,main,true,fall,264
ml_samples/N1_sw0.15_x-1_i0105.h5,1,1.500000000e-01,-1,9.654414276e-01,main,true,fall,281
ml_samples/N1_sw0.15_x-1_i0106.h5,1,1.500000000e-01,-1,9.654414276e-01,main,true,fall,372
ml_samples/N1_sw0.15_x-1_i0107.h5,1,1.500000000e-01,-1,9.654414276e-01,main,true,fall,248
ml_samples/N1_sw0.15_x-1_i0108.h5,1,1.500000000e-01,-1,9.654414276e-01,main,true,fall,736
ml_samples/N1_sw0.15_x-1_i0109.h5,1,1.500000000e-01,-1,9.654414276e-01,main,true,fall,630
ml_samples/N1_sw0.15_x-1_i0110.h5,1,1.500000000e-01,-1,9.654414276e-01,main,true,fall,4982
ml_samples/N1_sw0.15_x-1_i0111.h5,1,1.500000000e-01,-1,9.654414276e-01,main,true,fall,605
ml_samples/N1_sw0.15_x-1_i0112.h5,1,1.500000000e-01,-1,9.654414276e-01,main,true,fall,488
ml_samples/N1_sw0.15_x-1_i0113.h5,1,1.500000000e-01,-1,9.654414276e-01,main,true,fall,451
ml_samples/N1_sw0.15_x-1_i0114.h5,1,1.500000000e-01,-1,9.654414276e-01,main,true,fall,404
ml_samples/N1_sw0.15_x-1_i0115.h5,1,1.500000000e-01,-1,9.654414276e-01,main,true,rise,2041
ml_samples/N1_sw0.15_x-1_i0116.h5,1,1.500000000e-01,-1,9.654414276e-01,main,true,fall,130
ml_samples/N1_sw0.15_x-1_i0117.h5,1,1.500000000e-01,-1,9.654414276e-01,main,true,fall,350
ml_samples/N1_sw0.15_x-1_i0118.h5,1,1.500000000e-01,-1,9.654414276e-01,main,true,fall,254
ml_samples/N1_sw0.15_x-1_i0119.h5,1,1.500000000e-01,-1,9.654414276e-01,main,true,fall,554
ml_samples/N1_sw0.15_x-1_i0120.h5,1,1.500000000e-01,-1,9.654414276e-01,main,true,fall,2628
ml_samples/N1_sw0.15_x-1_i0121.h5,1,1.500000000e-01,-1,9.654414276e-01,main,true,fall,329
ml_samples/N1_sw0.15_x-1_i0122.h5,1,1.500000000e-01,-1,9.654414276e-01,main,true,fall,254
ml_samples/N1_sw0.15_x-1_i0123.h5,1,1.500000000e-01,-1,9.654414276e-01,main,true,fall,1202
ml_samples/N1_sw0.15_x-1_i0124.h5,1,1.500000000e-01,-1,9.654414276e-01,main,true,fall,648
ml_samples/N1_sw0.15_x-1_i0125.h5,1,1.500000000e-01,-1,9.654414276e-01,main,true,fall,1424
ml_samples/N1_sw0.15_x-1_i0126.h5,1,1.500000000e-01,-1,9.654414276e-01,main,true,rise,1378
ml_samples/N1_sw0.15_x-1_i0127.h5,1,1.500000000e-01,-1,9.654414276e-01,main,true,fall,407
ml_samples/N1_sw0.15_x-1_i0128.h5,1,1.500000000e-01,-1,9.654414276e-01,main,true,fall,630
ml_samples/N1_sw0.15_x-1_i0129.h5,1,1.500000000e-01,-1,9.654414276e-01,main,true,fall,3720
ml_samples/N1_sw0.15_x-1_i0130.h5,1,1.500000000e-01,-1,9.654414276e-01,main,true,fall,331
ml_samples/N1_sw0.15_x-1_i0131.h5,1,1.500000000e-01,-1,9.654414276e-01,main,true,fall,304
ml_samples/N1_sw0.15_x-1_i0132.h5,1,1.500000000e-01,-1,9.654414276e-01,main,true,fall,263
ml_samples/N1_sw0.15_x-1_i0133.h5,1,1.500000000e-01,-1,9.654414276e-01,main,true,fall,813
ml_samples/N1_sw0.15_x-1_i0134.h5,1,1.500000000e-01,-1,9.654414276e-01,main,true,rise,2943
ml_samples/N1_sw0.15_x-1_i0135.h5,1,1.500000000e-01,-1,9.654414276e-01,main,true,fall,594
ml_samples/N1_sw0.15_x-1_i0136.h5,1,1.500000000e-01,-1,9.654414276e-01,main,true,fall,1349
ml_samples/N1_sw0.15_x-1_i0137.h5,1,1.500000000e-01,-1,9.654414276e-01,main,true,fall,485
ml_samples/N1_sw0.15_x-1_i0138.h5,1,1.500000000e-01,-1,9.654414276e-01,main,true,fall,539
ml_samples/N1_sw0.15_x-1_i0139.h5,1,1.500000000e-01,-1,9.654414276e-01,main,true,fall,1014
ml_samples/N1_sw0.15_x-1_i0140.h5,1,1.500000000e-01,-1,9.654414276e-01,main,true,fall,836
ml_samples/N1_sw0.15_x-1_i0141.h5,1,1.500000000e-01,-1,9.654414276e-01,main,true,fall,541
ml_samples/N1_sw0.15_x-1_i0142.h5,1,1.500000000e-01,-1,9.654414276e-01,main,true,fall,1964
ml_samples/N1_sw0.15_x-1_i0143.h5,1,1.500000000e-01,-1,9.654414276e-01,main,true,fall,196
ml_samples/N1_sw0.15_x-1_i0144.h5,1,1.500000000e-01,-1,9.654414276e-01,main,true,fall,638
ml_samples/N1_sw0.15_x-1_i0145.h5,1,1.500000000e-01,-1,9.654414276e-01,main,true,fall,2135
ml_samples/N1_sw0.15_x-1_i0146.h5,1,1.500000000e-01,-1,9.654414276e-01,main,true,fall,238
ml_samples/N1_sw0.15_x-1_i0147.h5,1,1.500000000e-01,-1,9.654414276e-01,main,true,fall,1568
ml_samples/N1_sw0.15_x-1_i0148.h5,1,1.500000000e-01,-1,9.654414276e-01,main,true,fall,480
ml_samples/N1_sw0.15_x-1_i0149.h5,1,1.500000000e-01,-1,9.654414276e-01,main,true,fall,2160
ml_samples/N1_sw0.15_x-1_i0150.h5,1,1.500000000e-01,-1,9.654414276e-01,main,true,fall,1062
ml_samples/N1_sw0.15_x-1_i0151.h5,1,1.500000000e-01,-1,9.654414276e-01,main,true,fall,888
ml_samples/N1_sw0.15_x-1_i0152.h5,1,1.500000000e-01,-1,9.654414276e-01,main,true,fall,267
ml_samples/N1_sw0.15_x-1_i0153.h5,1,1.500000000e-01,-1,9.654414276e-01,main,true,fall,3741
ml_samples/N1_sw0.15_x-1_i0154.h5,1,1.500000000e-01,-1,9.654414276e-01,main,true,fall,443
ml_samples/N1_sw0.15_x-1_i0155.h5,1,1.500000000e-01,-1,9.654414276e-01,main,true,fall,143
ml_samples/N1_sw0.15_x-1_i0156.h5,1,1.500000000e-01,-1,9.654414276e-01,main,true,fall,1394
ml_samples/N1_sw0.15_x-1_i0157.h5,1,1.500000000e-01,-1,9.654414276e-01,main,true,fall,248
ml_samples/N1_sw0.15_x-1_i0158.h5,1,1.500000000e-01,-1,9.654414276e-01,main,true,fall,231
ml_samples/N1_sw0.15_x-1_i0159.h5,1,1.500000000e-01,-1,9.654414276e-01,main,true,fall,524
ml_samples/N1_sw0.15_x-1_i0160.h5,1,1.500000000e-01,-1,9.654414276e-01,main,true,fall,280
ml_samples/N1_sw0.15_x-1_i0161.h5,1,1.500000000e-01,-1,9.654414276e-01,main,true,fall,4851
ml_samples/N1_sw0.15_x-1_i0162.h5,1,1.500000000e-01,-1,9.654414276e-01,main,true,fall,844
ml_samples/N1_sw0.15_x-1_i0163.h5,1,1.500000000e-01,-1,9.654414276e-01,main,true,fall,382
ml_samples/N1_sw0.15_x-1_i0164.h5,1,1.500000000e-01,-1,9.654414276e-01,main,true,fall,2076
ml_samples/N1_sw0.15_x-1_i0165.h5,1,1.500000000e-01,-1,9.654414276e-01,main,true,fall,696
ml_samples/N1_sw0.15_x-1_i0166.h5,1,1.500000000e-01,-1,9.654414276e-01,main,true,fall,5194
ml_samples/N1_sw0.15_x-1_i0167.h5,1,1.500000000e-01,-1,9.654414276e-01,main,true,fall,1013
ml_samples/N1_sw0.15_x-1_i0168.h5,1,1.500000000e-01,-1,9.654414276e-01,main,true,fall,1774
ml_samples/N1_sw0.15_x-1_i0169.h5,1,1.500000000e-01,-1,9.654414276e-01,main,true,fall,895
ml_samples/N1_sw0.15_x-1_i0170.h5,1,1.500000000e-01,-1,9.654414276e-01,main,true,fall,3590
ml_samples/N1_sw0.15_x-1_i0171.h5,1,1.500000000e-01,-1,9.654414276e-01,main,true,fall,5730
ml_samples/N1_sw0.15_x-1_i0172.h5,1,1.500000000e-01,-1,9.654414276e-01,main,true,fall,4021
ml_samples/N1_sw0.15_x-1_i0173.h5,1,1.500000000e-01,-1,9.654414276e-01,main,true,fall,420
ml_samples/N1_sw0.15_x-1_i0174.h5,1,1.500000000e-01,-1,9.654414276e-01,main,true,fall,360
ml_samples/N1_sw0.15_x-1_i0175.h5,1,1.500000000e-01,-1,9.654414276e-01,main,true,fall,224
ml_samples/N1_sw0.15_x-1_i0176.h5,1,1.500000000e-01,-1,9.654414276e-01,main,true,fall,2072
ml_samples/N1_sw0.15_x-1_i0177.h5,1,1.500000000e-01,-1,9.654414276e-01,main,true,fall,307
ml_samples/N1_sw0.15_x-1_i0178.h5,1,1.500000000e-01,-1,9.654414276e-01,main,true,fall,1070
ml_samples/N1_sw0.15_x-1_i0179.h5,1,1.500000000e-01,-1,9.654414276e-01,main,true,fall,320
ml_samples/N1_sw0.15_x-1_i0180.h5,1,1.500000000e-01,-1,9.654414276e-01,main,true,fall,356
ml_samples/N1_sw0.15_x-1_i0181.h5,1,1.500000000e-01,-1,9.654414276e-01,main,true,fall,348
ml_samples/N1_sw0.15_x-1_i0182.h5,1,1.500000000e-01,-1,9.654414276e-01,main,true,fall,809
ml_samples/N1_sw0.15_x-1_i0183.h5,1,1.500000000e-01,-1,9.654414276e-01,main,true,fall,1748
ml_samples/N1_sw0.15_x-1_i0184.h5,1,1.500000000e-01,-1,9.654414276e-01,main,true,fall,275
ml_samples/N1_sw0.15_x-1_i0185.h5,1,1.500000000e-01,-1,9.654414276e-01,main,true,fall,553
ml_samples/N1_sw0.15_x-1_i0186.h5,1,1.500000000e-01,-1,9.654414276e-01,main,true,fall,205
ml_samples/N1_sw0.15_x-1_i0187.h5,1,1.500000000e-01,-1,9.654414276e-01,main,true,fall,162
ml_samples/N1_sw0.15_x-1_i0188.h5,1,1.500000000e-01,-1,9.654414276e-01,main,true,fall,255
ml_samples/N1_sw0.15_x-1_i0189.h5,1,1.500000000e-01,-1,9.654414276e-01,main,true,fall,531
ml_samples/N1_sw0.15_x-1_i0190.h5,1,1.500000000e-01,-1,9.654414276e-01,main,true,fall,569
ml_samples/N1_sw0.15_x-1_i0191.h5,1,1.500000000e-01,-1,9.654414276e-01,main,true,fall,400
ml_samples/N1_sw0.15_x-1_i0192.h5,1,1.500000000e-01,-1,9.654414276e-01,main,true,fall,1556
ml_samples/N1_sw0.15_x-1_i0193.h5,1,1.500000000e-01,-1,9.654414276e-01,main,true,fall,360
ml_samples/N1_sw0.15_x-1_i0194.h5,1,1.500000000e-01,-1,9.654414276e-01,main,true,fall,1169
ml_samples/N1_sw0.15_x-1_i0195.h5,1,1.500000000e-01,-1,9.654414276e-01,main,true,fall,846
ml_samples/N1_sw0.15_x-1_i0196.h5,1,1.500000000e-01,-1,9.654414276e-01,main,true,fall,1420
ml_samples/N1_sw0.15_x-1_i0197.h5,1,1.500000000e-01,-1,9.654414276e-01,main,true,fall,5321
ml_samples/N1_sw0.15_x-1_i0198.h5,1,1.500000000e-01,-1,9.654414276e-01,main,true,fall,233
ml_samples/N1_sw0.15_x-1_i0199.h5,1,1.500000000e-01,-1,9.654414276e-01,main,true,fall,176
ml_samples/N1_sw0.15_x+0_i0000.h5,1,1.500000000e-01,0,1.000000000e+00,main,true,rise,1733
ml_samples/N1_sw0.15_x+0_i0001.h5,1,1.500000000e-01,0,1.000000000e+00,main,true,fall,1097
ml_samples/N1_sw0.15_x+0_i0002.h5,1,1.500000000e-01,0,1.000000000e+00,main,true,rise,1245
ml_samples/N1_sw0.15_x+0_i0003.h5,1,1.500000000e-01,0,1.000000000e+00,main,true,fall,1242
ml_samples/N1_sw0.15_x+0_i0004.h5,1,1.500000000e-01,0,1.000000000e+00,main,true,fall,804
ml_samples/N1_sw0.15_x+0_i0005.h5,1,1.500000000e-01,0,1.000000000e+00,main,true,fall,4925
ml_samples/N1_sw0.15_x+0_i0006.h5,1,1.500000000e-01,0,1.000000000e+00,main,true,rise,1056
ml_samples/N1_sw0.15_x+0_i0007.h5,1,1.500000000e-01,0,1.000000000e+00,main,true,rise,1438
ml_samples/N1_sw0.15_x+0_i0008.h5,1,1.500000000e-01,0,1.000000000e+00,main,true,rise,3829
ml_samples/N1_sw0.15_x+0_i0009.h5,1,1.500000000e-01,0,1.000000000e+00,main,true,fall,1074
ml_samples/N1_sw0.15_x+0_i0010.h5,1,1.500000000e-01,0,1.000000000e+00,main,true,fall,818
ml_samples/N1_sw0.15_x+0_i0011.h5,1,1.500000000e-01,0,1.000000000e+00,main,true,fall,2956
ml_samples/N1_sw0.15_x+0_i0012.h5,1,1.500000000e-01,0,1.000000000e+00,main,true,rise,631
ml_samples/N1_sw0.15_x+0_i0013.h5,1,1.500000000e-01,0,1.000000000e+00,main,true,rise,3325
ml_samples/N1_sw0.15_x+0_i0014.h5,1,1.500000000e-01,0,1.000000000e+00,main,true,rise,1018
ml_samples/N1_sw0.15_x+0_i0015.h5,1,1.500000000e-01,0,1.000000000e+00,main,true,rise,1326
ml_samples/N1_sw0.15_x+0_i0016.h5,1,1.500000000e-01,0,1.000000000e+00,main,true,fall,360
ml_samples/N1_sw0.15_x+0_i0017.h5,1,1.500000000e-01,0,1.000000000e+00,main,true,fall,2211
ml_samples/N1_sw0.15_x+0_i0018.h5,1,1.500000000e-01,0,1.000000000e+00,main,true,fall,768
ml_samples/N1_sw0.15_x+0_i0019.h5,1,1.500000000e-01,0,1.000000000e+00,main,true,fall,2670
ml_samples/N1_sw0.15_x+0_i0020.h5,1,1.500000000e-01,0,1.000000000e+00,main,true,fall,3821
ml_samples/N1_sw0.15_x+0_i0021.h5,1,1.500000000e-01,0,1.000000000e+00,main,true,rise,1192
ml_samples/N1_sw0.15_x+0_i0022.h5,1,1.500000000e-01,0,1.000000000e+00,main,true,rise,5320
ml_samples/N1_sw0.15_x+0_i0023.h5,1,1.500000000e-01,0,1.000000000e+00,main,true,rise,1241
ml_samples/N1_sw0.15_x+0_i0024.h5,1,1.500000000e-01,0,1.000000000e+00,main,true,rise,1159
ml_samples/N1_sw0.15_x+0_i0025.h5,1,1.500000000e-01,0,1.000000000e+00,main,true,fall,1539
ml_samples/N1_sw0.15_x+0_i0026.h5,1,1.500000000e-01,0,1.000000000e+00,main,true,fall,4491
ml_samples/N1_sw0.15_x+0_i0027.h5,1,1.500000000e-01,0,1.000000000e+00,main,true,fall,1302
ml_samples/N1_sw0.15_x+0_i0028.h5,1,1.500000000e-01,0,1.000000000e+00,main,true,rise,2480
ml_samples/N1_sw0.15_x+0_i0029.h5,1,1.500000000e-01,0,1.000000000e+00,main,true,fall,4136
ml_samples/N1_sw0.15_x+0_i0030.h5,1,1.500000000e-01,0,1.000000000e+00,main,true,fall,516
ml_samples/N1_sw0.15_x+0_i0031.h5,1,1.500000000e-01,0,1.000000000e+00,main,true,rise,2329
ml_samples/N1_sw0.15_x+0_i0032.h5,1,1.500000000e-01,0,1.000000000e+00,main,true,fall,344
ml_samples/N1_sw0.15_x+0_i0033.h5,1,1.500000000e-01,0,1.000000000e+00,main,true,fall,1291
ml_samples/N1_sw0.15_x+0_i0034.h5,1,1.500000000e-01,0,1.000000000e+00,main,true,fall,2540
ml_samples/N1_sw0.15_x+0_i0035.h5,1,1.500000000e-01,0,1.000000000e+00,main,true,fall,1422
ml_samples/N1_sw0.15_x+0_i0036.h5,1,1.500000000e-01,0,1.000000000e+00,main,true,fall,1318
ml_samples/N1_sw0.15_x+0_i0037.h5,1,1.500000000e-01,0,1.000000000e+00,main,true,fall,2022
ml_samples/N1_sw0.15_x+0_i0038.h5,1,1.500000000e-01,0,1.000000000e+00,main,true,fall,4239
ml_samples/N1_sw0.15_x+0_i0039.h5,1,1.500000000e-01,0,1.000000000e+00,main,true,rise,795
ml_samples/N1_sw0.15_x+0_i0040.h5,1,1.500000000e-01,0,1.000000000e+00,main,true,fall,840
ml_samples/N1_sw0.15_x+0_i0041.h5,1,1.500000000e-01,0,1.000000000e+00,main,true,fall,2960
ml_samples/N1_sw0.15_x+0_i0042.h5,1,1.500000000e-01,0,1.000000000e+00,main,true,timeout,6001
ml_samples/N1_sw0.15_x+0_i0043.h5,1,1.500000000e-01,0,1.000000000e+00,main,true,fall,447
ml_samples/N1_sw0.15_x+0_i0044.h5,1,1.500000000e-01,0,1.000000000e+00,main,true,rise,2511
ml_samples/N1_sw0.15_x+0_i0045.h5,1,1.500000000e-01,0,1.000000000e+00,main,true,fall,159
ml_samples/N1_sw0.15_x+0_i0046.h5,1,1.500000000e-01,0,1.000000000e+00,main,true,fall,793
ml_samples/N1_sw0.15_x+0_i0047.h5,1,1.500000000e-01,0,1.000000000e+00,main,true,fall,4225
ml_samples/N1_sw0.15_x+0_i0048.h5,1,1.500000000e-01,0,1.000000000e+00,main,true,fall,274
ml_samples/N1_sw0.15_x+0_i0049.h5,1,1.500000000e-01,0,1.000000000e+00,main,true,fall,296
ml_samples/N1_sw0.15_x+0_i0050.h5,1,1.500000000e-01,0,1.000000000e+00,main,true,fall,575
ml_samples/N1_sw0.15_x+0_i0051.h5,1,1.500000000e-01,0,1.000000000e+00,main,true,rise,1116
ml_samples/N1_sw0.15_x+0_i0052.h5,1,1.500000000e-01,0,1.000000000e+00,main,true,fall,327
ml_samples/N1_sw0.15_x+0_i0053.h5,1,1.500000000e-01,0,1.000000000e+00,main,true,rise,2535
ml_samples/N1_sw0.15_x+0_i0054.h5,1,1.500000000e-01,0,1.000000000e+00,main,true,fall,2442
ml_samples/N1_sw0.15_x+0_i0055.h5,1,1.500000000e-01,0,1.000000000e+00,main,true,rise,1150
ml_samples/N1_sw0.15_x+0_i0056.h5,1,1.500000000e-01,0,1.000000000e+00,main,true,rise,807
ml_samples/N1_sw0.15_x+0_i0057.h5,1,1.500000000e-01,0,1.000000000e+00,main,true,rise,2972
ml_samples/N1_sw0.15_x+0_i0058.h5,1,1.500000000e-01,0,1.000000000e+00,main,true,fall,445
ml_samples/N1_sw0.15_x+0_i0059.h5,1,1.500000000e-01,0,1.000000000e+00,main,true,rise,1478
ml_samples/N1_sw0.15_x+0_i0060.h5,1,1.500000000e-01,0,1.000000000e+00,main,true,fall,245
ml_samples/N1_sw0.15_x+0_i0061.h5,1,1.500000000e-01,0,1.000000000e+00,main,true,fall,353
ml_samples/N1_sw0.15_x+0_i0062.h5,1,1.500000000e-01,0,1.000000000e+00,main,true,fall,602
ml_samples/N1_sw0.15_x+0_i0063.h5,1,1.500000000e-01,0,1.000000000e+00,main,true,fall,1530
ml_samples/N1_sw0.15_x+0_i0064.h5,1,1.500000000e-01,0,1.000000000e+00,main,true,fall,2515
ml_samples/N1_sw0.15_x+0_i0065.h5,1,1.500000000e-01,0,1.000000000e+00,main,true,fall,687
ml_samples/N1_sw0.15_x+0_i0066.h5,1,1.500000000e-01,0,1.000000000e+00,main,true,timeout,6001
ml_samples/N1_sw0.15_x+0_i0067.h5,1,1.500000000e-01,0,1.000000000e+00,main,true,fall,550
ml_samples/N1_sw0.15_x+0_i0068.h5,1,1.500000000e-01,0,1.000000000e+00,main,true,fall,2628
ml_samples/N1_sw0.15_x+0_i0069.h5,1,1.500000000e-01,0,1.000000000e+00,main,true,fall,1967
ml_samples/N1_sw0.15_x+0_i0070.h5,1,1.500000000e-01,0,1.000000000e+00,main,true,fall,1650
ml_samples/N1_sw0.15_x+0_i0071.h5,1,1.500000000e-01,0,1.000000000e+00,main,true,fall,4575
ml_samples/N1_sw0.15_x+0_i0072.h5,1,1.500000000e-01,0,1.000000000e+00,main,true,fall,1918
ml_samples/N1_sw0.15_x+0_i0073.h5,1,1.500000000e-01,0,1.000000000e+00,main,true,fall,2349
ml_samples/N1_sw0.15_x+0_i0074.h5,1,1.500000000e-01,0,1.000000000e+00,main,true,fall,2480
ml_samples/N1_sw0.15_x+0_i0075.h5,1,1.500000000e-01,0,1.000000000e+00,main,true,fall,342
ml_samples/N1_sw0.15_x+0_i0076.h5,1,1.500000000e-01,0,1.000000000e+00,main,true,fall,426
ml_samples/N1_sw0.15_x+0_i0077.h5,1,1.500000000e-01,0,1.000000000e+00,main,true,fall,5669
ml_samples/N1_sw0.15_x+0_i0078.h5,1,1.500000000e-01,0,1.000000000e+00,main,true,fall,3185
ml_samples/N1_sw0.15_x+0_i0079.h5,1,1.500000000e-01,0,1.000000000e+00,main,true,rise,4950
ml_samples/N1_sw0.15_x+0_i0080.h5,1,1.500000000e-01,0,1.000000000e+00,main,true,rise,4713
ml_samples/N1_sw0.15_x+0_i0081.h5,1,1.500000000e-01,0,1.000000000e+00,main,true,fall,514
ml_samples/N1_sw0.15_x+0_i0082.h5,1,1.500000000e-01,0,1.000000000e+00,main,true,fall,2189
ml_samples/N1_sw0.15_x+0_i0083.h5,1,1.500000000e-01,0,1.000000000e+00,main,true,fall,1716
ml_samples/N1_sw0.15_x+0_i0084.h5,1,1.500000000e-01,0,1.000000000e+00,main,true,fall,276
ml_samples/N1_sw0.15_x+0_i0085.h5,1,1.500000000e-01,0,1.000000000e+00,main,true,fall,323
ml_samples/N1_sw0.15_x+0_i0086.h5,1,1.500000000e-01,0,1.000000000e+00,main,true,fall,438
ml_samples/N1_sw0.15_x+0_i0087.h5,1,1.500000000e-01,0,1.000000000e+00,main,true,fall,2740
ml_samples/N1_sw0.15_x+0_i0088.h5,1,1.500000000e-01,0,1.000000000e+00,main,true,fall,2234
ml_samples/N1_sw0.15_x+0_i0089.h5,1,1.500000000e-01,0,1.000000000e+00,main,true,timeout,6001
ml_samples/N1_sw0.15_x+0_i0090.h5,1,1.500000000e-01,0,1.000000000e+00,main,true,rise,586
ml_samples/N1_sw0.15_x+0_i0091.h5,1,1.500000000e-01,0,1.000000000e+00,main,true,fall,607
ml_samples/N1_sw0.15_x+0_i0092.h5,1,1.500000000e-01,0,1.000000000e+00,main,true,fall,708
ml_samples/N1_sw0.15_x+0_i0093.h5,1,1.500000000e-01,0,1.000000000e+00,main,true,fall,519
ml_samples/N1_sw0.15_x+0_i0094.h5,1,1.500000000e-01,0,1.000000000e+00,main,true,fall,729
ml_samples/N1_sw0.15_x+0_i0095.h5,1,1.500000000e-01,0,1.000000000e+00,main,true,fall,2268
ml_samples/N1_sw0.15_x+0_i0096.h5,1,1.500000000e-01,0,1.000000000e+00,main,true,rise,2451
ml_samples/N1_sw0.15_x+0_i0097.h5,1,1.500000000e-01,0,1.000000000e+00,main,true,fall,308
ml_samples/N1_sw0.15_x+0_i0098.h5,1,1.500000000e-01,0,1.000000000e+00,main,true,fall,722
ml_samples/N1_sw0.15_x+0_i0099.h5,1,1.500000000e-01,0,1.000000000e+00,main,true,fall,198
ml_samples/N1_sw0.15_x+0_i0100.h5,1,1.500000000e-01,0,1.000000000e+00,main,true,fall,843
ml_samples/N1_sw0.15_x+0_i0101.h5,1,1.500000000e-01,0,1.000000000e+00,main,true,rise,3980
ml_samples/N1_sw0.15_x+0_i0102.h5,1,1.500000000e-01,0,1.000000000e+00,main,true,rise,2073
ml_samples/N1_sw0.15_x+0_i0103.h5,1,1.500000000e-01,0,1.000000000e+00,main,true,rise,1637
ml_samples/N1_sw0.15_x+0_i0104.h5,1,1.500000000e-01,0,1.000000000e+00,main,true,rise,790
ml_samples/N1_sw0.15_x+0_i0105.h5,1,1.500000000e-01,0,1.000000000e+00,main,true,fall,3914
ml_samples/N1_sw0.15_x+0_i0106.h5,1,1.500000000e-01,0,1.000000000e+00,main,true,timeout,6001
ml_samples/N1_sw0.15_x+0_i0107.h5,1,1.500000000e-01,0,1.000000000e+00,main,true,fall,819
ml_samples/N1_sw0.15_x+0_i0108.h5,1,1.500000000e-01,0,1.000000000e+00,main,true,rise,826
ml_samples/N1_sw0.15_x+0_i0109.h5,1,1.500000000e-01,0,1.000000000e+00,main,true,fall,976
ml_samples/N1_sw0.15_x+0_i0110.h5,1,1.500000000e-01,0,1.000000000e+00,main,true,fall,1408
ml_samples/N1_sw0.15_x+0_i0111.h5,1,1.500000000e-01,0,1.000000000e+00,main,true,rise,1727
ml_samples/N1_sw0.15_x+0_i0112.h5,1,1.500000000e-01,0,1.000000000e+00,main,true,fall,1944
ml_samples/N1_sw0.15_x+0_i0113.h5,1,1.500000000e-01,0,1.000000000e+00,main,true,rise,2546
ml_samples/N1_sw0.15_x+0_i0114.h5,1,1.500000000e-01,0,1.000000000e+00,main,true,fall,873
ml_samples/N1_sw0.15_x+0_i0115.h5,1,1.500000000e-01,0,1.000000000e+00,main,true,rise,4029
ml_samples/N1_sw0.15_x+0_i0116.h5,1,1.500000000e-01,0,1.000000000e+00,main,true,rise,1630
ml_samples/N1_sw0.15_x+0_i0117.h5,1,1.500000000e-01,0,1.000000000e+00,main,true,fall,3219
ml_samples/N1_sw0.15_x+0_i0118.h5,1,1.500000000e-01,0,1.000000000e+00,main,true,rise,2723
ml_samples/N1_sw0.15_x+0_i0119.h5,1,1.500000000e-01,0,1.000000000e+00,main,true,fall,965
ml_samples/N1_sw0.15_x+0_i0120.h5,1,1.500000000e-01,0,1.000000000e+00,main,true,rise,2502
ml_samples/N1_sw0.15_x+0_i0121.h5,1,1.500000000e-01,0,1.000000000e+00,main,true,fall,1244
ml_samples/N1_sw0.15_x+0_i0122.h5,1,1.500000000e-01,0,1.000000000e+00,main,true,fall,339
ml_samples/N1_sw0.15_x+0_i0123.h5,1,1.500000000e-01,0,1.000000000e+00,main,true,fall,321
ml_samples/N1_sw0.15_x+0_i0124.h5,1,1.500000000e-01,0,1.000000000e+00,main,true,fall,3523
ml_samples/N1_sw0.15_x+0_i0125.h5,1,1.500000000e-01,0,1.000000000e+00,main,true,rise,4008
ml_samples/N1_sw0.15_x+0_i0126.h5,1,1.500000000e-01,0,1.000000000e+00,main,true,rise,2676
ml_samples/N1_sw0.15_x+0_i0127.h5,1,1.500000000e-01,0,1.000000000e+00,main,true,rise,4627
ml_samples/N1_sw0.15_x+0_i0128.h5,1,1.500000000e-01,0,1.000000000e+00,main,true,fall,359
ml_samples/N1_sw0.15_x+0_i0129.h5,1,1.500000000e-01,0,1.000000000e+00,main,true,fall,283
ml_samples/N1_sw0.15_x+0_i0130.h5,1,1.500000000e-01,0,1.000000000e+00,main,true,fall,554
ml_samples/N1_sw0.15_x+0_i0131.h5,1,1.500000000e-01,0,1.000000000e+00,main,true,timeout,6001
ml_samples/N1_sw0.15_x+0_i0132.h5,1,1.500000000e-01,0,1.000000000e+00,main,true,fall,319
ml_samples/N1_sw0.15_x+0_i0133.h5,1,1.500000000e-01,0,1.000000000e+00,main,true,timeout,6001
ml_samples/N1_sw0.15_x+0_i0134.h5,1,1.500000000e-01,0,1.000000000e+00,main,true,fall,2768
ml_samples/N1_sw0.15_x+0_i0135.h5,1,1.500000000e-01,0,1.000000000e+00,main,true,fall,1670
ml_samples/N1_sw0.15_x+0_i0136.h5,1,1.500000000e-01,0,1.000000000e+00,main,true,timeout,6001
ml_samples/N1_sw0.15_x+0_i0137.h5,1,1.500000000e-01,0,1.000000000e+00,main,true,rise,3828
ml_samples/N1_sw0.15_x+0_i0138.h5,1,1.500000000e-01,0,1.000000000e+00,main,true,fall,350
ml_samples/N1_sw0.15_x+0_i0139.h5,1,1.500000000e-01,0,1.000000000e+00,main,true,fall,373
ml_samples/N1_sw0.15_x+0_i0140.h5,1,1.500000000e-01,0,1.000000000e+00,main,true,rise,3986
ml_samples/N1_sw0.15_x+0_i0141.h5,1,1.500000000e-01,0,1.000000000e+00,main,true,fall,2071
ml_samples/N1_sw0.15_x+0_i0142.h5,1,1.500000000e-01,0,1.000000000e+00,main,true,fall,243
ml_samples/N1_sw0.15_x+0_i0143.h5,1,1.500000000e-01,0,1.000000000e+00,main,true,fall,635
ml_samples/N1_sw0.15_x+0_i0144.h5,1,1.500000000e-01,0,1.000000000e+00,main,true,fall,228
ml_samples/N1_sw0.15_x+0_i0145.h5,1,1.500000000e-01,0,1.000000000e+00,main,true,rise,752
ml_samples/N1_sw0.15_x+0_i0146.h5,1,1.500000000e-01,0,1.000000000e+00,main,true,rise,2622
ml_samples/N1_sw0.15_x+0_i0147.h5,1,1.500000000e-01,0,1.000000000e+00,main,true,fall,1067
ml_samples/N1_sw0.15_x+0_i0148.h5,1,1.500000000e-01,0,1.000000000e+00,main,true,fall,3985
ml_samples/N1_sw0.15_x+0_i0149.h5,1,1.500000000e-01,0,1.000000000e+00,main,true,fall,295
ml_samples/N1_sw0.15_x+0_i0150.h5,1,1.500000000e-01,0,1.000000000e+00,main,true,fall,3244
ml_samples/N1_sw0.15_x+0_i0151.h5,1,1.500000000e-01,0,1.000000000e+00,main,true,fall,500
ml_samples/N1_sw0.15_x+0_i0152.h5,1,1.500000000e-01,0,1.000000000e+00,main,true,fall,1196
ml_samples/N1_sw0.15_x+0_i0153.h5,1,1.500000000e-01,0,1.000000000e+00,main,true,fall,981
ml_samples/N1_sw0.15_x+0_i0154.h5,1,1.500000000e-01,0,1.000000000e+00,main,true,fall,579
ml_samples/N1_sw0.15_x+0_i0155.h5,1,1.500000000e-01,0,1.000000000e+00,main,true,fall,844
ml_samples/N1_sw0.15_x+0_i0156.h5,1,1.500000000e-01,0,1.000000000e+00,main,true,fall,352
ml_samples/N1_sw0.15_x+0_i0157.h5,1,1.500000000e-01,0,1.000000000e+00,main,true,rise,929
ml_samples/N1_sw0.15_x+0_i0158.h5,1,1.500000000e-01,0,1.000000000e+00,main,true,rise,1125
ml_samples/N1_sw0.15_x+0_i0159.h5,1,1.500000000e-01,0,1.000000000e+00,main,true,fall,3351
ml_samples/N1_sw0.15_x+0_i0160.h5,1,1.500000000e-01,0,1.000000000e+00,main,true,fall,1379
ml_samples/N1_sw0.15_x+0_i0161.h5,1,1.500000000e-01,0,1.000000000e+00,main,true,fall,910
ml_samples/N1_sw0.15_x+0_i0162.h5,1,1.500000000e-01,0,1.000000000e+00,main,true,fall,3588
ml_samples/N1_sw0.15_x+0_i0163.h5,1,1.500000000e-01,0,1.000000000e+00,main,true,timeout,6001
ml_samples/N1_sw0.15_x+0_i0164.h5,1,1.500000000e-01,0,1.000000000e+00,main,true,fall,2684
ml_samples/N1_sw0.15_x+0_i0165.h5,1,1.500000000e-01,0,1.000000000e+00,main,true,rise,1263
ml_samples/N1_sw0.15_x+0_i0166.h5,1,1.500000000e-01,0,1.000000000e+00,main,true,rise,2344
ml_samples/N1_sw0.15_x+0_i0167.h5,1,1.500000000e-01,0,1.000000000e+00,main,true,rise,2074
ml_samples/N1_sw0.15_x+0_i0168.h5,1,1.500000000e-01,0,1.000000000e+00,main,true,rise,1513
ml_samples/N1_sw0.15_x+0_i0169.h5,1,1.500000000e-01,0,1.000000000e+00,main,true,fall,1262
ml_samples/N1_sw0.15_x+0_i0170.h5,1,1.500000000e-01,0,1.000000000e+00,main,true,fall,303
ml_samples/N1_sw0.15_x+0_i0171.h5,1,1.500000000e-01,0,1.000000000e+00,main,true,fall,600
ml_samples/N1_sw0.15_x+0_i0172.h5,1,1.500000000e-01,0,1.000000000e+00,main,true,fall,3824
ml_samples/N1_sw0.15_x+0_i0173.h5,1,1.500000000e-01,0,1.000000000e+00,main,true,fall,305
ml_samples/N1_sw0.15_x+0_i0174.h5,1,1.500000000e-01,0,1.000000000e+00,main,true,rise,909
ml_samples/N1_sw0.15_x+0_i0175.h5,1,1.500000000e-01,0,1.000000000e+00,main,true,fall,483
ml_samples/N1_sw0.15_x+0_i0176.h5,1,1.500000000e-01,0,1.000000000e+00,main,true,rise,3299
ml_samples/N1_sw0.15_x+0_i0177.h5,1,1.500000000e-01,0,1.000000000e+00,main,true,fall,1416
ml_samples/N1_sw0.15_x+0_i0178.h5,1,1.500000000e-01,0,1.000000000e+00,main,true,fall,4451
ml_samples/N1_sw0.15_x+0_i0179.h5,1,1.500000000e-01,0,1.000000000e+00,main,true,fall,2437
ml_samples/N1_sw0.15_x+0_i0180.h5,1,1.500000000e-01,0,1.000000000e+00,main,true,rise,4967
ml_samples/N1_sw0.15_x+0_i0181.h5,1,1.500000000e-01,0,1.000000000e+00,main,true,rise,3353
ml_samples/N1_sw0.15_x+0_i0182.h5,1,1.500000000e-01,0,1.000000000e+00,main,true,fall,738
ml_samples/N1_sw0.15_x+0_i0183.h5,1,1.500000000e-01,0,1.000000000e+00,main,true,fall,1322
ml_samples/N1_sw0.15_x+0_i0184.h5,1,1.500000000e-01,0,1.000000000e+00,main,true,fall,912
ml_samples/N1_sw0.15_x+0_i0185.h5,1,1.500000000e-01,0,1.000000000e+00,main,true,rise,1502
ml_samples/N1_sw0.15_x+0_i0186.h5,1,1.500000000e-01,0,1.000000000e+00,main,true,fall,672
ml_samples/N1_sw0.15_x+0_i0187.h5,1,1.500000000e-01,0,1.000000000e+00,main,true,fall,1996
ml_samples/N1_sw0.15_x+0_i0188.h5,1,1.500000000e-01,0,1.000000000e+00,main,true,fall,613
ml_samples/N1_sw0.15_x+0_i0189.h5,1,1.500000000e-01,0,1.000000000e+00,main,true,fall,1380
ml_samples/N1_sw0.15_x+0_i0190.h5,1,1.500000000e-01,0,1.000000000e+00,main,true,rise,2177
ml_samples/N1_sw0.15_x+0_i0191.h5,1,1.500000000e-01,0,1.000000000e+00,main,true,rise,1092
ml_samples/N1_sw0.15_x+0_i0192.h5,1,1.500000000e-01,0,1.000000000e+00,main,true,fall,2113
ml_samples/N1_sw0.15_x+0_i0193.h5,1,1.500000000e-01,0,1.000000000e+00,main,true,fall,348
ml_samples/N1_sw0.15_x+0_i0194.h5,1,1.500000000e-01,0,1.000000000e+00,main,true,rise,1095
ml_samples/N1_sw0.15_x+0_i0195.h5,1,1.500000000e-01,0,1.000000000e+00,main,true,rise,1419
ml_samples/N1_sw0.15_x+0_i0196.h5,1,1.500000000e-01,0,1.000000000e+00,main,true,fall,1048
ml_samples/N1_sw0.15_x+0_i0197.h5,1,1.500000000e-01,0,1.000000000e+00,main,true,rise,1503
ml_samples/N1_sw0.15_x+0_i0198.h5,1,1.500000000e-01,0,1.000000000e+00,main,true,rise,2839
ml_samples/N1_sw0.15_x+0_i0199.h5,1,1.500000000e-01,0,1.000000000e+00,main,true,rise,4991
ml_samples/N1_sw0.15_x+1_i0000.h5,1,1.500000000e-01,1,1.034558572e+00,main,true,rise,2418
ml_samples/N1_sw0.15_x+1_i0001.h5,1,1.500000000e-01,1,1.034558572e+00,main,true,rise,1408
ml_samples/N1_sw0.15_x+1_i0002.h5,1,1.500000000e-01,1,1.034558572e+00,main,true,rise,4649
ml_samples/N1_sw0.15_x+1_i0003.h5,1,1.500000000e-01,1,1.034558572e+00,main,true,fall,542
ml_samples/N1_sw0.15_x+1_i0004.h5,1,1.500000000e-01,1,1.034558572e+00,main,true,rise,1093
ml_samples/N1_sw0.15_x+1_i0005.h5,1,1.500000000e-01,1,1.034558572e+00,main,true,rise,4006
ml_samples/N1_sw0.15_x+1_i0006.h5,1,1.500000000e-01,1,1.034558572e+00,main,true,rise,3996
ml_samples/N1_sw0.15_x+1_i0007.h5,1,1.500000000e-01,1,1.034558572e+00,main,true,rise,2233
ml_samples/N1_sw0.15_x+1_i0008.h5,1,1.500000000e-01,1,1.034558572e+00,main,true,rise,2854
ml_samples/N1_sw0.15_x+1_i0009.h5,1,1.500000000e-01,1,1.034558572e+00,main,true,rise,1093
ml_samples/N1_sw0.15_x+1_i0010.h5,1,1.500000000e-01,1,1.034558572e+00,main,true,rise,1155
ml_samples/N1_sw0.15_x+1_i0011.h5,1,1.500000000e-01,1,1.034558572e+00,main,true,fall,1228
ml_samples/N1_sw0.15_x+1_i0012.h5,1,1.500000000e-01,1,1.034558572e+00,main,true,rise,880
ml_samples/N1_sw0.15_x+1_i0013.h5,1,1.500000000e-01,1,1.034558572e+00,main,true,rise,1231
ml_samples/N1_sw0.15_x+1_i0014.h5,1,1.500000000e-01,1,1.034558572e+00,main,true,rise,3996
ml_samples/N1_sw0.15_x+1_i0015.h5,1,1.500000000e-01,1,1.034558572e+00,main,true,rise,2241
ml_samples/N1_sw0.15_x+1_i0016.h5,1,1.500000000e-01,1,1.034558572e+00,main,true,rise,1481
ml_samples/N1_sw0.15_x+1_i0017.h5,1,1.500000000e-01,1,1.034558572e+00,main,true,rise,619
ml_samples/N1_sw0.15_x+1_i0018.h5,1,1.500000000e-01,1,1.034558572e+00,main,true,rise,2624
ml_samples/N1_sw0.15_x+1_i0019.h5,1,1.500000000e-01,1,1.034558572e+00,main,true,fall,2048
ml_samples/N1_sw0.15_x+1_i0020.h5,1,1.500000000e-01,1,1.034558572e+00,main,true,rise,1809
ml_samples/N1_sw0.15_x+1_i0021.h5,1,1.500000000e-01,1,1.034558572e+00,main,true,rise,5966
ml_samples/N1_sw0.15_x+1_i0022.h5,1,1.500000000e-01,1,1.034558572e+00,main,true,rise,4104
ml_samples/N1_sw0.15_x+1_i0023.h5,1,1.500000000e-01,1,1.034558572e+00,main,true,rise,5010
ml_samples/N1_sw0.15_x+1_i0024.h5,1,1.500000000e-01,1,1.034558572e+00,main,true,fall,524
ml_samples/N1_sw0.15_x+1_i0025.h5,1,1.500000000e-01,1,1.034558572e+00,main,true,fall,290
ml_samples/N1_sw0.15_x+1_i0026.h5,1,1.500000000e-01,1,1.034558572e+00,main,true,rise,3950
ml_samples/N1_sw0.15_x+1_i0027.h5,1,1.500000000e-01,1,1.034558572e+00,main,true,rise,4431
ml_samples/N1_sw0.15_x+1_i0028.h5,1,1.500000000e-01,1,1.034558572e+00,main,true,rise,3162
ml_samples/N1_sw0.15_x+1_i0029.h5,1,1.500000000e-01,1,1.034558572e+00,main,true,rise,932
ml_samples/N1_sw0.15_x+1_i0030.h5,1,1.500000000e-01,1,1.034558572e+00,main,true,rise,2123
ml_samples/N1_sw0.15_x+1_i0031.h5,1,1.500000000e-01,1,1.034558572e+00,main,true,fall,228
ml_samples/N1_sw0.15_x+1_i0032.h5,1,1.500000000e-01,1,1.034558572e+00,main,true,fall,1155
ml_samples/N1_sw0.15_x+1_i0033.h5,1,1.500000000e-01,1,1.034558572e+00,main,true,rise,1119
ml_samples/N1_sw0.15_x+1_i0034.h5,1,1.500000000e-01,1,1.034558572e+00,main,true,fall,1736
ml_samples/N1_sw0.15_x+1_i0035.h5,1,1.500000000e-01,1,1.034558572e+00,main,true,rise,964
ml_samples/N1_sw0.15_x+1_i0036.h5,1,1.500000000e-01,1,1.034558572e+00,main,true,fall,833
ml_samples/N1_sw0.15_x+1_i0037.h5,1,1.500000000e-01,1,1.034558572e+00,main,true,rise,1909
ml_samples/N1_sw0.15_x+1_i0038.h5,1,1.500000000e-01,1,1.034558572e+00,main,true,fall,341
ml_samples/N1_sw0.15_x+1_i0039.h5,1,1.500000000e-01,1,1.034558572e+00,main,true,rise,1828
ml_samples/N1_sw0.15_x+1_i0040.h5,1,1.500000000e-01,1,1.034558572e+00,main,true,fall,1158
ml_samples/N1_sw0.15_x+1_i0041.h5,1,1.500000000e-01,1,1.034558572e+00,main,true,rise,779
ml_samples/N1_sw0.15_x+1_i0042.h5,1,1.500000000e-01,1,1.034558572e+00,main,true,rise,793
ml_samples/N1_sw0.15_x+1_i0043.h5,1,1.500000000e-01,1,1.034558572e+00,main,true,rise,2142
ml_samples/N1_sw0.15_x+1_i0044.h5,1,1.500000000e-01,1,1.034558572e+00,main,true,rise,1385
ml_samples/N1_sw0.15_x+1_i0045.h5,1,1.500000000e-01,1,1.034558572e+00,main,true,fall,440
ml_samples/N1_sw0.15_x+1_i0046.h5,1,1.500000000e-01,1,1.034558572e+00,main,true,rise,2142
ml_samples/N1_sw0.15_x+1_i0047.h5,1,1.500000000e-01,1,1.034558572e+00,main,true,fall,660
ml_samples/N1_sw0.15_x+1_i0048.h5,1,1.500000000e-01,1,1.034558572e+00,main,true,fall,1193
ml_samples/N1_sw0.15_x+1_i0049.h5,1,1.500000000e-01,1,1.034558572e+00,main,true,rise,977
ml_samples/N1_sw0.15_x+1_i0050.h5,1,1.500000000e-01,1,1.034558572e+00,main,true,rise,2610
ml_samples/N1_sw0.15_x+1_i0051.h5,1,1.500000000e-01,1,1.034558572e+00,main,true,fall,3195
ml_samples/N1_sw0.15_x+1_i0052.h5,1,1.500000000e-01,1,1.034558572e+00,main,true,rise,1100
ml_samples/N1_sw0.15_x+1_i0053.h5,1,1.500000000e-01,1,1.034558572e+00,main,true,rise,1138
ml_samples/N1_sw0.15_x+1_i0054.h5,1,1.500000000e-01,1,1.034558572e+00,main,true,rise,818
ml_samples/N1_sw0.15_x+1_i0055.h5,1,1.500000000e-01,1,1.034558572e+00,main,true,fall,986
ml_samples/N1_sw0.15_x+1_i0056.h5,1,1.500000000e-01,1,1.034558572e+00,main,true,fall,861
ml_samples/N1_sw0.15_x+1_i0057.h5,1,1.500000000e-01,1,1.034558572e+00,main,true,fall,1606
ml_samples/N1_sw0.15_x+1_i0058.h5,1,1.500000000e-01,1,1.034558572e+00,main,true,rise,1457
ml_samples/N1_sw0.15_x+1_i0059.h5,1,1.500000000e-01,1,1.034558572e+00,main,true,rise,2257
ml_samples/N1_sw0.15_x+1_i0060.h5,1,1.500000000e-01,1,1.034558572e+00,main,true,rise,3563
ml_samples/N1_sw0.15_x+1_i0061.h5,1,1.500000000e-01,1,1.034558572e+00,main,true,rise,1780
ml_samples/N1_sw0.15_x+1_i0062.h5,1,1.500000000e-01,1,1.034558572e+00,main,true,fall,5385
ml_samples/N1_sw0.15_x+1_i0063.h5,1,1.500000000e-01,1,1.034558572e+00,main,true,rise,961
ml_samples/N1_sw0.15_x+1_i0064.h5,1,1.500000000e-01,1,1.034558572e+00,main,true,rise,1512
ml_samples/N1_sw0.15_x+1_i0065.h5,1,1.500000000e-01,1,1.034558572e+00,main,true,fall,1030
ml_samples/N1_sw0.15_x+1_i0066.h5,1,1.500000000e-01,1,1.034558572e+00,main,true,fall,889
ml_samples/N1_sw0.15_x+1_i0067.h5,1,1.500000000e-01,1,1.034558572e+00,main,true,rise,634
ml_samples/N1_sw0.15_x+1_i0068.h5,1,1.500000000e-01,1,1.034558572e+00,main,true,rise,1208
ml_samples/N1_sw0.15_x+1_i0069.h5,1,1.500000000e-01,1,1.034558572e+00,main,true,fall,324
ml_samples/N1_sw0.15_x+1_i0070.h5,1,1.500000000e-01,1,1.034558572e+00,main,true,rise,1312
ml_samples/N1_sw0.15_x+1_i0071.h5,1,1.500000000e-01,1,1.034558572e+00,main,true,fall,1412
ml_samples/N1_sw0.15_x+1_i0072.h5,1,1.500000000e-01,1,1.034558572e+00,main,true,rise,2208
ml_samples/N1_sw0.15_x+1_i0073.h5,1,1.500000000e-01,1,1.034558572e+00,main,true,rise,5974
ml_samples/N1_sw0.15_x+1_i0074.h5,1,1.500000000e-01,1,1.034558572e+00,main,true,rise,2542
ml_samples/N1_sw0.15_x+1_i0075.h5,1,1.500000000e-01,1,1.034558572e+00,main,true,rise,1305
ml_samples/N1_sw0.15_x+1_i0076.h5,1,1.500000000e-01,1,1.034558572e+00,main,true,rise,1272
ml_samples/N1_sw0.15_x+1_i0077.h5,1,1.500000000e-01,1,1.034558572e+00,main,true,rise,3010
ml_samples/N1_sw0.15_x+1_i0078.h5,1,1.500000000e-01,1,1.034558572e+00,main,true,fall,294
ml_samples/N1_sw0.15_x+1_i0079.h5,1,1.500000000e-01,1,1.034558572e+00,main,true,rise,875
ml_samples/N1_sw0.15_x+1_i0080.h5,1,1.500000000e-01,1,1.034558572e+00,main,true,rise,2297
ml_samples/N1_sw0.15_x+1_i0081.h5,1,1.500000000e-01,1,1.034558572e+00,main,true,fall,249
ml_samples/N1_sw0.15_x+1_i0082.h5,1,1.500000000e-01,1,1.034558572e+00,main,true,rise,2773
ml_samples/N1_sw0.15_x+1_i0083.h5,1,1.500000000e-01,1,1.034558572e+00,main,true,rise,2239
ml_samples/N1_sw0.15_x+1_i0084.h5,1,1.500000000e-01,1,1.034558572e+00,main,true,rise,1040
ml_samples/N1_sw0.15_x+1_i0085.h5,1,1.500000000e-01,1,1.034558572e+00,main,true,fall,1180
ml_samples/N1_sw0.15_x+1_i0086.h5,1,1.500000000e-01,1,1.034558572e+00,main,true,rise,1916
ml_samples/N1_sw0.15_x+1_i0087.h5,1,1.500000000e-01,1,1.034558572e+00,main,true,fall,1579
ml_samples/N1_sw0.15_x+1_i0088.h5,1,1.500000000e-01,1,1.034558572e+00,main,true,fall,4408
ml_samples/N1_sw0.15_x+1_i0089.h5,1,1.500000000e-01,1,1.034558572e+00,main,true,rise,1004
ml_samples/N1_sw0.15_x+1_i0090.h5,1,1.500000000e-01,1,1.034558572e+00,main,true,rise,1745
ml_samples/N1_sw0.15_x+1_i0091.h5,1,1.500000000e-01,1,1.034558572e+00,main,true,fall,898
ml_samples/N1_sw0.15_x+1_i0092.h5,1,1.500000000e-01,1,1.034558572e+00,main,true,rise,1343
ml_samples/N1_sw0.15_x+1_i0093.h5,1,1.500000000e-01,1,1.034558572e+00,main,true,fall,362
ml_samples/N1_sw0.15_x+1_i0094.h5,1,1.500000000e-01,1,1.034558572e+00,main,true,rise,494
ml_samples/N1_sw0.15_x+1_i0095.h5,1,1.500000000e-01,1,1.034558572e+00,main,true,fall,1552
ml_samples/N1_sw0.15_x+1_i0096.h5,1,1.500000000e-01,1,1.034558572e+00,main,true,rise,614
ml_samples/N1_sw0.15_x+1_i0097.h5,1,1.500000000e-01,1,1.034558572e+00,main,true,rise,626
ml_samples/N1_sw0.15_x+1_i0098.h5,1,1.500000000e-01,1,1.034558572e+00,main,true,rise,1470
ml_samples/N1_sw0.15_x+1_i0099.h5,1,1.500000000e-01,1,1.034558572e+00,main,true,fall,1940
ml_samples/N1_sw0.15_x+1_i0100.h5,1,1.500000000e-01,1,1.034558572e+00,main,true,rise,1361
ml_samples/N1_sw0.15_x+1_i0101.h5,1,1.500000000e-01,1,1.034558572e+00,main,true,rise,722
ml_samples/N1_sw0.15_x+1_i0102.h5,1,1.500000000e-01,1,1.034558572e+00,main,true,rise,1356
ml_samples/N1_sw0.15_x+1_i0103.h5,1,1.500000000e-01,1,1.034558572e+00,main,true,rise,974
ml_samples/N1_sw0.15_x+1_i0104.h5,1,1.500000000e-01,1,1.034558572e+00,main,true,rise,791
ml_samples/N1_sw0.15_x+1_i0105.h5,1,1.500000000e-01,1,1.034558572e+00,main,true,rise,1834
ml_samples/N1_sw0.15_x+1_i0106.h5,1,1.500000000e-01,1,1.034558572e+00,main,true,rise,1311
ml_samples/N1_sw0.15_x+1_i0107.h5,1,1.500000000e-01,1,1.034558572e+00,main,true,rise,1958
ml_samples/N1_sw0.15_x+1_i0108.h5,1,1.500000000e-01,1,1.034558572e+00,main,true,rise,2732
ml_samples/N1_sw0.15_x+1_i0109.h5,1,1.500000000e-01,1,1.034558572e+00,main,true,rise,1328
ml_samples/N1_sw0.15_x+1_i0110.h5,1,1.500000000e-01,1,1.034558572e+00,main,true,rise,1783
ml_samples/N1_sw0.15_x+1_i0111.h5,1,1.500000000e-01,1,1.034558572e+00,main,true,rise,3102
ml_samples/N1_sw0.15_x+1_i0112.h5,1,1.500000000e-01,1,1.034558572e+00,main,true,rise,2715
ml_samples/N1_sw0.15_x+1_i0113.h5,1,1.500000000e-01,1,1.034558572e+00,main,true,rise,2123
ml_samples/N1_sw0.15_x+1_i0114.h5,1,1.500000000e-01,1,1.034558572e+00,main,true,rise,910
ml_samples/N1_sw0.15_x+1_i0115.h5,1,1.500000000e-01,1,1.034558572e+00,main,true,rise,1131
ml_samples/N1_sw0.15_x+1_i0116.h5,1,1.500000000e-01,1,1.034558572e+00,main,true,rise,1513
ml_samples/N1_sw0.15_x+1_i0117.h5,1,1.500000000e-01,1,1.034558572e+00,main,true,fall,295
ml_samples/N1_sw0.15_x+1_i0118.h5,1,1.500000000e-01,1,1.034558572e+00,main,true,rise,5490
ml_samples/N1_sw0.15_x+1_i0119.h5,1,1.500000000e-01,1,1.034558572e+00,main,true,rise,2185
ml_samples/N1_sw0.15_x+1_i0120.h5,1,1.500000000e-01,1,1.034558572e+00,main,true,rise,2701
ml_samples/N1_sw0.15_x+1_i0121.h5,1,1.500000000e-01,1,1.034558572e+00,main,true,fall,846
ml_samples/N1_sw0.15_x+1_i0122.h5,1,1.500000000e-01,1,1.034558572e+00,main,true,fall,586
ml_samples/N1_sw0.15_x+1_i0123.h5,1,1.500000000e-01,1,1.034558572e+00,main,true,fall,3633
ml_samples/N1_sw0.15_x+1_i0124.h5,1,1.500000000e-01,1,1.034558572e+00,main,true,rise,862
ml_samples/N1_sw0.15_x+1_i0125.h5,1,1.500000000e-01,1,1.034558572e+00,main,true,rise,1098
ml_samples/N1_sw0.15_x+1_i0126.h5,1,1.500000000e-01,1,1.034558572e+00,main,true,rise,1240
ml_samples/N1_sw0.15_x+1_i0127.h5,1,1.500000000e-01,1,1.034558572e+00,main,true,rise,1648
ml_samples/N1_sw0.15_x+1_i0128.h5,1,1.500000000e-01,1,1.034558572e+00,main,true,fall,1228
ml_samples/N1_sw0.15_x+1_i0129.h5,1,1.500000000e-01,1,1.034558572e+00,main,true,rise,1369
ml_samples/N1_sw0.15_x+1_i0130.h5,1,1.500000000e-01,1,1.034558572e+00,main,true,fall,891
ml_samples/N1_sw0.15_x+1_i0131.h5,1,1.500000000e-01,1,1.034558572e+00,main,true,fall,2448
ml_samples/N1_sw0.15_x+1_i0132.h5,1,1.500000000e-01,1,1.034558572e+00,main,true,rise,3687
ml_samples/N1_sw0.15_x+1_i0133.h5,1,1.500000000e-01,1,1.034558572e+00,main,true,rise,3623
ml_samples/N1_sw0.15_x+1_i0134.h5,1,1.500000000e-01,1,1.034558572e+00,main,true,rise,913
ml_samples/N1_sw0.15_x+1_i0135.h5,1,1.500000000e-01,1,1.034558572e+00,main,true,fall,3935
ml_samples/N1_sw0.15_x+1_i0136.h5,1,1.500000000e-01,1,1.034558572e+00,main,true,rise,930
ml_samples/N1_sw0.15_x+1_i0137.h5,1,1.500000000e-01,1,1.034558572e+00,main,true,rise,2016
ml_samples/N1_sw0.15_x+1_i0138.h5,1,1.500000000e-01,1,1.034558572e+00,main,true,rise,1669
ml_samples/N1_sw0.15_x+1_i0139.h5,1,1.500000000e-01,1,1.034558572e+00,main,true,rise,748
ml_samples/N1_sw0.15_x+1_i0140.h5,1,1.500000000e-01,1,1.034558572e+00,main,true,rise,910
ml_samples/N1_sw0.15_x+1_i0141.h5,1,1.500000000e-01,1,1.034558572e+00,main,true,rise,955
ml_samples/N1_sw0.15_x+1_i0142.h5,1,1.500000000e-01,1,1.034558572e+00,main,true,rise,2965
ml_samples/N1_sw0.15_x+1_i0143.h5,1,1.500000000e-01,1,1.034558572e+00,main,true,rise,3447
ml_samples/N1_sw0.15_x+1_i0144.h5,1,1.500000000e-01,1,1.034558572e+00,main,true,rise,748
ml_samples/N1_sw0.15_x+1_i0145.h5,1,1.500000000e-01,1,1.034558572e+00,main,true,rise,1302
ml_samples/N1_sw0.15_x+1_i0146.h5,1,1.500000000e-01,1,1.034558572e+00,main,true,rise,2217
ml_samples/N1_sw0.15_x+1_i0147.h5,1,1.500000000e-01,1,1.034558572e+00,main,true,fall,713
ml_samples/N1_sw0.15_x+1_i0148.h5,1,1.500000000e-01,1,1.034558572e+00,main,true,rise,2189
ml_samples/N1_sw0.15_x+1_i0149.h5,1,1.500000000e-01,1,1.034558572e+00,main,true,rise,511
ml_samples/N1_sw0.15_x+1_i0150.h5,1,1.500000000e-01,1,1.034558572e+00,main,true,rise,1462
ml_samples/N1_sw0.15_x+1_i0151.h5,1,1.500000000e-01,1,1.034558572e+00,main,true,rise,1842
ml_samples/N1_sw0.15_x+1_i0152.h5,1,1.500000000e-01,1,1.034558572e+00,main,true,fall,730
ml_samples/N1_sw0.15_x+1_i0153.h5,1,1.500000000e-01,1,1.034558572e+00,main,true,rise,2244
ml_samples/N1_sw0.15_x+1_i0154.h5,1,1.500000000e-01,1,1.034558572e+00,main,true,rise,1029
ml_samples/N1_sw0.15_x+1_i0155.h5,1,1.500000000e-01,1,1.034558572e+00,main,true,rise,2391
ml_samples/N1_sw0.15_x+1_i0156.h5,1,1.500000000e-01,1,1.034558572e+00,main,true,rise,2975
ml_samples/N1_sw0.15_x+1_i0157.h5,1,1.500000000e-01,1,1.034558572e+00,main,true,rise,2916
ml_samples/N1_sw0.15_x+1_i0158.h5,1,1.500000000e-01,1,1.034558572e+00,main,true,fall,2469
ml_samples/N1_sw0.15_x+1_i0159.h5,1,1.500000000e-01,1,1.034558572e+00,main,true,fall,2935
ml_samples/N1_sw0.15_x+1_i0160.h5,1,1.500000000e-01,1,1.034558572e+00,main,true,rise,1101
ml_samples/N1_sw0.15_x+1_i0161.h5,1,1.500000000e-01,1,1.034558572e+00,main,true,rise,1284
ml_samples/N1_sw0.15_x+1_i0162.h5,1,1.500000000e-01,1,1.034558572e+00,main,true,fall,1271
ml_samples/N1_sw0.15_x+1_i0163.h5,1,1.500000000e-01,1,1.034558572e+00,main,true,rise,4397
ml_samples/N1_sw0.15_x+1_i0164.h5,1,1.500000000e-01,1,1.034558572e+00,main,true,rise,5683
ml_samples/N1_sw0.15_x+1_i0165.h5,1,1.500000000e-01,1,1.034558572e+00,main,true,rise,1572
ml_samples/N1_sw0.15_x+1_i0166.h5,1,1.500000000e-01,1,1.034558572e+00,main,true,rise,924
ml_samples/N1_sw0.15_x+1_i0167.h5,1,1.500000000e-01,1,1.034558572e+00,main,true,fall,437
ml_samples/N1_sw0.15_x+1_i0168.h5,1,1.500000000e-01,1,1.034558572e+00,main,true,fall,532
ml_samples/N1_sw0.15_x+1_i0169.h5,1,1.500000000e-01,1,1.034558572e+00,main,true,rise,670
ml_samples/N1_sw0.15_x+1_i0170.h5,1,1.500000000e-01,1,1.034558572e+00,main,true,rise,1763
ml_samples/N1_sw0.15_x+1_i0171.h5,1,1.500000000e-01,1,1.034558572e+00,main,true,rise,1979
ml_samples/N1_sw0.15_x+1_i0172.h5,1,1.500000000e-01,1,1.034558572e+00,main,true,rise,1550
ml_samples/N1_sw0.15_x+1_i0173.h5,1,1.500000000e-01,1,1.034558572e+00,main,true,rise,2557
ml_samples/N1_sw0.15_x+1_i0174.h5,1,1.500000000e-01,1,1.034558572e+00,main,true,rise,1046
ml_samples/N1_sw0.15_x+1_i0175.h5,1,1.500000000e-01,1,1.034558572e+00,main,true,rise,962
ml_samples/N1_sw0.15_x+1_i0176.h5,1,1.500000000e-01,1,1.034558572e+00,main,true,rise,2589
ml_samples/N1_sw0.15_x+1_i0177.h5,1,1.500000000e-01,1,1.034558572e+00,main,true,fall,279
ml_samples/N1_sw0.15_x+1_i0178.h5,1,1.500000000e-01,1,1.034558572e+00,main,true,rise,1638
ml_samples/N1_sw0.15_x+1_i0179.h5,1,1.500000000e-01,1,1.034558572e+00,main,true,fall,443
ml_samples/N1_sw0.15_x+1_i0180.h5,1,1.500000000e-01,1,1.034558572e+00,main,true,rise,844
ml_samples/N1_sw0.15_x+1_i0181.h5,1,1.500000000e-01,1,1.034558572e+00,main,true,rise,3804
ml_samples/N1_sw0.15_x+1_i0182.h5,1,1.500000000e-01,1,1.034558572e+00,main,true,fall,463
ml_samples/N1_sw0.15_x+1_i0183.h5,1,1.500000000e-01,1,1.034558572e+00,main,true,rise,1844
ml_samples/N1_sw0.15_x+1_i0184.h5,1,1.500000000e-01,1,1.034558572e+00,main,true,rise,3144
ml_samples/N1_sw0.15_x+1_i0185.h5,1,1.500000000e-01,1,1.034558572e+00,main,true,rise,1302
ml_samples/N1_sw0.15_x+1_i0186.h5,1,1.500000000e-01,1,1.034558572e+00,main,true,fall,472
ml_samples/N1_sw0.15_x+1_i0187.h5,1,1.500000000e-01,1,1.034558572e+00,main,true,fall,1010
ml_samples/N1_sw0.15_x+1_i0188.h5,1,1.500000000e-01,1,1.034558572e+00,main,true,fall,534
ml_samples/N1_sw0.15_x+1_i0189.h5,1,1.500000000e-01,1,1.034558572e+00,main,true,rise,2179
ml_samples/N1_sw0.15_x+1_i0190.h5,1,1.500000000e-01,1,1.034558572e+00,main,true,rise,1403
ml_samples/N1_sw0.15_x+1_i0191.h5,1,1.500000000e-01,1,1.034558572e+00,main,true,rise,1170
ml_samples/N1_sw0.15_x+1_i0192.h5,1,1.500000000e-01,1,1.034558572e+00,main,true,rise,2879
ml_samples/N1_sw0.15_x+1_i0193.h5,1,1.500000000e-01,1,1.034558572e+00,main,true,rise,1355
ml_samples/N1_sw0.15_x+1_i0194.h5,1,1.500000000e-01,1,1.034558572e+00,main,true,rise,990
ml_samples/N1_sw0.15_x+1_i0195.h5,1,1.500000000e-01,1,1.034558572e+00,main,true,rise,1522
ml_samples/N1_sw0.15_x+1_i0196.h5,1,1.500000000e-01,1,1.034558572e+00,main,true,fall,845
ml_samples/N1_sw0.15_x+1_i0197.h5,1,1.500000000e-01,1,1.034558572e+00,main,true,fall,3706
ml_samples/N1_sw0.15_x+1_i0198.h5,1,1.500000000e-01,1,1.034558572e+00,main,true,rise,2432
ml_samples/N1_sw0.15_x+1_i0199.h5,1,1.500000000e-01,1,1.034558572e+00,main,true,rise,1241
ml_samples/N1_sw0.15_x+2_i0000.h5,1,1.500000000e-01,2,1.069117145e+00,main,true,rise,818
ml_samples/N1_sw0.15_x+2_i0001.h5,1,1.500000000e-01,2,1.069117145e+00,main,true,rise,1030
ml_samples/N1_sw0.15_x+2_i0002.h5,1,1.500000000e-01,2,1.069117145e+00,main,true,rise,552
ml_samples/N1_sw0.15_x+2_i0003.h5,1,1.500000000e-01,2,1.069117145e+00,main,true,rise,1182
ml_samples/N1_sw0.15_x+2_i0004.h5,1,1.500000000e-01,2,1.069117145e+00,main,true,rise,1298
ml_samples/N1_sw0.15_x+2_i0005.h5,1,1.500000000e-01,2,1.069117145e+00,main,true,rise,618
ml_samples/N1_sw0.15_x+2_i0006.h5,1,1.500000000e-01,2,1.069117145e+00,main,true,rise,1087
ml_samples/N1_sw0.15_x+2_i0007.h5,1,1.500000000e-01,2,1.069117145e+00,main,true,rise,1389
ml_samples/N1_sw0.15_x+2_i0008.h5,1,1.500000000e-01,2,1.069117145e+00,main,true,rise,1928
ml_samples/N1_sw0.15_x+2_i0009.h5,1,1.500000000e-01,2,1.069117145e+00,main,true,rise,2085
ml_samples/N1_sw0.15_x+2_i0010.h5,1,1.500000000e-01,2,1.069117145e+00,main,true,rise,1082
ml_samples/N1_sw0.15_x+2_i0011.h5,1,1.500000000e-01,2,1.069117145e+00,main,true,rise,1011
ml_samples/N1_sw0.15_x+2_i0012.h5,1,1.500000000e-01,2,1.069117145e+00,main,true,rise,909
ml_samples/N1_sw0.15_x+2_i0013.h5,1,1.500000000e-01,2,1.069117145e+00,main,true,rise,3915
ml_samples/N1_sw0.15_x+2_i0014.h5,1,1.500000000e-01,2,1.069117145e+00,main,true,rise,1388
ml_samples/N1_sw0.15_x+2_i0015.h5,1,1.500000000e-01,2,1.069117145e+00,main,true,rise,987
ml_samples/N1_sw0.15_x+2_i0016.h5,1,1.500000000e-01,2,1.069117145e+00,main,true,rise,656
ml_samples/N1_sw0.15_x+2_i0017.h5,1,1.500000000e-01,2,1.069117145e+00,main,true,rise,1049
ml_samples/N1_sw0.15_x+2_i0018.h5,1,1.500000000e-01,2,1.069117145e+00,main,true,rise,2635
ml_samples/N1_sw0.15_x+2_i0019.h5,1,1.500000000e-01,2,1.069117145e+00,main,true,rise,1686
ml_samples/N1_sw0.15_x+2_i0020.h5,1,1.500000000e-01,2,1.069117145e+00,main,true,fall,696
ml_samples/N1_sw0.15_x+2_i0021.h5,1,1.500000000e-01,2,1.069117145e+00,main,true,rise,500
ml_samples/N1_sw0.15_x+2_i0022.h5,1,1.500000000e-01,2,1.069117145e+00,main,true,rise,1776
ml_samples/N1_sw0.15_x+2_i0023.h5,1,1.500000000e-01,2,1.069117145e+00,main,true,rise,1273
ml_samples/N1_sw0.15_x+2_i0024.h5,1,1.500000000e-01,2,1.069117145e+00,main,true,rise,2115
ml_samples/N1_sw0.15_x+2_i0025.h5,1,1.500000000e-01,2,1.069117145e+00,main,true,rise,718
ml_samples/N1_sw0.15_x+2_i0026.h5,1,1.500000000e-01,2,1.069117145e+00,main,true,rise,1341
ml_samples/N1_sw0.15_x+2_i0027.h5,1,1.500000000e-01,2,1.069117145e+00,main,true,rise,1004
ml_samples/N1_sw0.15_x+2_i0028.h5,1,1.500000000e-01,2,1.069117145e+00,main,true,rise,850
ml_samples/N1_sw0.15_x+2_i0029.h5,1,1.500000000e-01,2,1.069117145e+00,main,true,rise,3397
ml_samples/N1_sw0.15_x+2_i0030.h5,1,1.500000000e-01,2,1.069117145e+00,main,true,rise,816
ml_samples/N1_sw0.15_x+2_i0031.h5,1,1.500000000e-01,2,1.069117145e+00,main,true,rise,526
ml_samples/N1_sw0.15_x+2_i0032.h5,1,1.500000000e-01,2,1.069117145e+00,main,true,rise,982
ml_samples/N1_sw0.15_x+2_i0033.h5,1,1.500000000e-01,2,1.069117145e+00,main,true,rise,916
ml_samples/N1_sw0.15_x+2_i0034.h5,1,1.500000000e-01,2,1.069117145e+00,main,true,rise,899
ml_samples/N1_sw0.15_x+2_i0035.h5,1,1.500000000e-01,2,1.069117145e+00,main,true,rise,459
ml_samples/N1_sw0.15_x+2_i0036.h5,1,1.500000000e-01,2,1.069117145e+00,main,true,fall,861
ml_samples/N1_sw0.15_x+2_i0037.h5,1,1.500000000e-01,2,1.069117145e+00,main,true,rise,1027
ml_samples/N1_sw0.15_x+2_i0038.h5,1,1.500000000e-01,2,1.069117145e+00,main,true,rise,507
ml_samples/N1_sw0.15_x+2_i0039.h5,1,1.500000000e-01,2,1.069117145e+00,main,true,rise,709
ml_samples/N1_sw0.15_x+2_i0040.h5,1,1.500000000e-01,2,1.069117145e+00,main,true,rise,1549
ml_samples/N1_sw0.15_x+2_i0041.h5,1,1.500000000e-01,2,1.069117145e+00,main,true,rise,753
ml_samples/N1_sw0.15_x+2_i0042.h5,1,1.500000000e-01,2,1.069117145e+00,main,true,rise,985
ml_samples/N1_sw0.15_x+2_i0043.h5,1,1.500000000e-01,2,1.069117145e+00,main,true,rise,826
ml_samples/N1_sw0.15_x+2_i0044.h5,1,1.500000000e-01,2,1.069117145e+00,main,true,rise,891
ml_samples/N1_sw0.15_x+2_i0045.h5,1,1.500000000e-01,2,1.069117145e+00,main,true,rise,739
ml_samples/N1_sw0.15_x+2_i0046.h5,1,1.500000000e-01,2,1.069117145e+00,main,true,fall,1116
ml_samples/N1_sw0.15_x+2_i0047.h5,1,1.500000000e-01,2,1.069117145e+00,main,true,rise,727
ml_samples/N1_sw0.15_x+2_i0048.h5,1,1.500000000e-01,2,1.069117145e+00,main,true,rise,1340
ml_samples/N1_sw0.15_x+2_i0049.h5,1,1.500000000e-01,2,1.069117145e+00,main,true,rise,578
ml_samples/N1_sw0.15_x+2_i0050.h5,1,1.500000000e-01,2,1.069117145e+00,main,true,rise,2389
ml_samples/N1_sw0.15_x+2_i0051.h5,1,1.500000000e-01,2,1.069117145e+00,main,true,rise,924
ml_samples/N1_sw0.15_x+2_i0052.h5,1,1.500000000e-01,2,1.069117145e+00,main,true,rise,564
ml_samples/N1_sw0.15_x+2_i0053.h5,1,1.500000000e-01,2,1.069117145e+00,main,true,rise,913
ml_samples/N1_sw0.15_x+2_i0054.h5,1,1.500000000e-01,2,1.069117145e+00,main,true,rise,1010
ml_samples/N1_sw0.15_x+2_i0055.h5,1,1.500000000e-01,2,1.069117145e+00,main,true,rise,647
ml_samples/N1_sw0.15_x+2_i0056.h5,1,1.500000000e-01,2,1.069117145e+00,main,true,rise,765
ml_samples/N1_sw0.15_x+2_i0057.h5,1,1.500000000e-01,2,1.069117145e+00,main,true,rise,543
ml_samples/N1_sw0.15_x+2_i0058.h5,1,1.500000000e-01,2,1.069117145e+00,main,true,rise,584
ml_samples/N1_sw0.15_x+2_i0059.h5,1,1.500000000e-01,2,1.069117145e+00,main,true,rise,590
ml_samples/N1_sw0.15_x+2_i0060.h5,1,1.500000000e-01,2,1.069117145e+00,main,true,fall,1332
ml_samples/N1_sw0.15_x+2_i0061.h5,1,1.500000000e-01,2,1.069117145e+00,main,true,rise,494
ml_samples/N1_sw0.15_x+2_i0062.h5,1,1.500000000e-01,2,1.069117145e+00,main,true,rise,731
ml_samples/N1_sw0.15_x+2_i0063.h5,1,1.500000000e-01,2,1.069117145e+00,main,true,fall,765
ml_samples/N1_sw0.15_x+2_i0064.h5,1,1.500000000e-01,2,1.069117145e+00,main,true,rise,799
ml_samples/N1_sw0.15_x+2_i0065.h5,1,1.500000000e-01,2,1.069117145e+00,main,true,rise,817
ml_samples/N1_sw0.15_x+2_i0066.h5,1,1.500000000e-01,2,1.069117145e+00,main,true,fall,1217
ml_samples/N1_sw0.15_x+2_i0067.h5,1,1.500000000e-01,2,1.069117145e+00,main,true,rise,760
ml_samples/N1_sw0.15_x+2_i0068.h5,1,1.500000000e-01,2,1.069117145e+00,main,true,rise,835
ml_samples/N1_sw0.15_x+2_i0069.h5,1,1.500000000e-01,2,1.069117145e+00,main,true,rise,1976
ml_samples/N1_sw0.15_x+2_i0070.h5,1,1.500000000e-01,2,1.069117145e+00,main,true,rise,3150
ml_samples/N1_sw0.15_x+2_i0071.h5,1,1.500000000e-01,2,1.069117145e+00,main,true,rise,1139
ml_samples/N1_sw0.15_x+2_i0072.h5,1,1.500000000e-01,2,1.069117145e+00,main,true,rise,815
ml_samples/N1_sw0.15_x+2_i0073.h5,1,1.500000000e-01,2,1.069117145e+00,main,true,rise,1421
ml_samples/N1_sw0.15_x+2_i0074.h5,1,1.500000000e-01,2,1.069117145e+00,main,true,rise,725
ml_samples/N1_sw0.15_x+2_i0075.h5,1,1.500000000e-01,2,1.069117145e+00,main,true,rise,3690
ml_samples/N1_sw0.15_x+2_i0076.h5,1,1.500000000e-01,2,1.069117145e+00,main,true,rise,2175
ml_samples/N1_sw0.15_x+2_i0077.h5,1,1.500000000e-01,2,1.069117145e+00,main,true,rise,974
ml_samples/N1_sw0.15_x+2_i0078.h5,1,1.500000000e-01,2,1.069117145e+00,main,true,rise,1554
ml_samples/N1_sw0.15_x+2_i0079.h5,1,1.500000000e-01,2,1.069117145e+00,main,true,rise,1967
ml_samples/N1_sw0.15_x+2_i0080.h5,1,1.500000000e-01,2,1.069117145e+00,main,true,rise,618
ml_samples/N1_sw0.15_x+2_i0081.h5,1,1.500000000e-01,2,1.069117145e+00,main,true,rise,1086
ml_samples/N1_sw0.15_x+2_i0082.h5,1,1.500000000e-01,2,1.069117145e+00,main,true,rise,606
ml_samples/N1_sw0.15_x+2_i0083.h5,1,1.500000000e-01,2,1.069117145e+00,main,true,rise,2414
ml_samples/N1_sw0.15_x+2_i0084.h5,1,1.500000000e-01,2,1.069117145e+00,main,true,rise,616
ml_samples/N1_sw0.15_x+2_i0085.h5,1,1.500000000e-01,2,1.069117145e+00,main,true,rise,1332
ml_samples/N1_sw0.15_x+2_i0086.h5,1,1.500000000e-01,2,1.069117145e+00,main,true,rise,1041
ml_samples/N1_sw0.15_x+2_i0087.h5,1,1.500000000e-01,2,1.069117145e+00,main,true,rise,1271
ml_samples/N1_sw0.15_x+2_i0088.h5,1,1.500000000e-01,2,1.069117145e+00,main,true,rise,1150
ml_samples/N1_sw0.15_x+2_i0089.h5,1,1.500000000e-01,2,1.069117145e+00,main,true,rise,1343
ml_samples/N1_sw0.15_x+2_i0090.h5,1,1.500000000e-01,2,1.069117145e+00,main,true,rise,695
ml_samples/N1_sw0.15_x+2_i0091.h5,1,1.500000000e-01,2,1.069117145e+00,main,true,rise,749
ml_samples/N1_sw0.15_x+2_i0092.h5,1,1.500000000e-01,2,1.069117145e+00,main,true,rise,631
ml_samples/N1_sw0.15_x+2_i0093.h5,1,1.500000000e-01,2,1.069117145e+00,main,true,rise,1599
ml_samples/N1_sw0.15_x+2_i0094.h5,1,1.500000000e-01,2,1.069117145e+00,main,true,rise,870
ml_samples/N1_sw0.15_x+2_i0095.h5,1,1.500000000e-01,2,1.069117145e+00,main,true,rise,774
ml_samples/N1_sw0.15_x+2_i0096.h5,1,1.500000000e-01,2,1.069117145e+00,main,true,rise,1602
ml_samples/N1_sw0.15_x+2_i0097.h5,1,1.500000000e-01,2,1.069117145e+00,main,true,rise,721
ml_samples/N1_sw0.15_x+2_i0098.h5,1,1.500000000e-01,2,1.069117145e+00,main,true,rise,766
ml_samples/N1_sw0.15_x+2_i0099.h5,1,1.500000000e-01,2,1.069117145e+00,main,true,fall,338
ml_samples/N1_sw0.15_x+4_i0000.h5,1,1.500000000e-01,4,1.138234290e+00,main,true,rise,574
ml_samples/N1_sw0.15_x+4_i0001.h5,1,1.500000000e-01,4,1.138234290e+00,main,true,rise,528
ml_samples/N1_sw0.15_x+4_i0002.h5,1,1.500000000e-01,4,1.138234290e+00,main,true,rise,487
ml_samples/N1_sw0.15_x+4_i0003.h5,1,1.500000000e-01,4,1.138234290e+00,main,true,rise,638
ml_samples/N1_sw0.15_x+4_i0004.h5,1,1.500000000e-01,4,1.138234290e+00,main,true,rise,712
ml_samples/N1_sw0.15_x+4_i0005.h5,1,1.500000000e-01,4,1.138234290e+00,main,true,rise,1086
ml_samples/N1_sw0.15_x+4_i0006.h5,1,1.500000000e-01,4,1.138234290e+00,main,true,rise,812
ml_samples/N1_sw0.15_x+4_i0007.h5,1,1.500000000e-01,4,1.138234290e+00,main,true,rise,629
ml_samples/N1_sw0.15_x+4_i0008.h5,1,1.500000000e-01,4,1.138234290e+00,main,true,rise,1099
ml_samples/N1_sw0.15_x+4_i0009.h5,1,1.500000000e-01,4,1.138234290e+00,main,true,rise,707
ml_samples/N1_sw0.15_x+4_i0010.h5,1,1.500000000e-01,4,1.138234290e+00,main,true,rise,454
ml_samples/N1_sw0.15_x+4_i0011.h5,1,1.500000000e-01,4,1.138234290e+00,main,true,rise,322
ml_samples/N1_sw0.15_x+4_i0012.h5,1,1.500000000e-01,4,1.138234290e+00,main,true,rise,794
ml_samples/N1_sw0.15_x+4_i0013.h5,1,1.500000000e-01,4,1.138234290e+00,main,true,rise,466
ml_samples/N1_sw0.15_x+4_i0014.h5,1,1.500000000e-01,4,1.138234290e+00,main,true,rise,363
ml_samples/N1_sw0.15_x+4_i0015.h5,1,1.500000000e-01,4,1.138234290e+00,main,true,rise,631
ml_samples/N1_sw0.15_x+4_i0016.h5,1,1.500000000e-01,4,1.138234290e+00,main,true,rise,385
ml_samples/N1_sw0.15_x+4_i0017.h5,1,1.500000000e-01,4,1.138234290e+00,main,true,rise,368
ml_samples/N1_sw0.15_x+4_i0018.h5,1,1.500000000e-01,4,1.138234290e+00,main,true,rise,395
ml_samples/N1_sw0.15_x+4_i0019.h5,1,1.500000000e-01,4,1.138234290e+00,main,true,rise,754
ml_samples/N1_sw0.15_x+4_i0020.h5,1,1.500000000e-01,4,1.138234290e+00,main,true,rise,729
ml_samples/N1_sw0.15_x+4_i0021.h5,1,1.500000000e-01,4,1.138234290e+00,main,true,rise,351
ml_samples/N1_sw0.15_x+4_i0022.h5,1,1.500000000e-01,4,1.138234290e+00,main,true,rise,388
ml_samples/N1_sw0.15_x+4_i0023.h5,1,1.500000000e-01,4,1.138234290e+00,main,true,rise,561
ml_samples/N1_sw0.15_x+4_i0024.h5,1,1.500000000e-01,4,1.138234290e+00,main,true,rise,588
ml_samples/N1_sw0.15_x+4_i0025.h5,1,1.500000000e-01,4,1.138234290e+00,main,true,rise,483
ml_samples/N1_sw0.15_x+4_i0026.h5,1,1.500000000e-01,4,1.138234290e+00,main,true,rise,410
ml_samples/N1_sw0.15_x+4_i0027.h5,1,1.500000000e-01,4,1.138234290e+00,main,true,rise,295
ml_samples/N1_sw0.15_x+4_i0028.h5,1,1.500000000e-01,4,1.138234290e+00,main,true,rise,466
ml_samples/N1_sw0.15_x+4_i0029.h5,1,1.500000000e-01,4,1.138234290e+00,main,true,rise,387
ml_samples/N1_sw0.15_x+4_i0030.h5,1,1.500000000e-01,4,1.138234290e+00,main,true,rise,495
ml_samples/N1_sw0.15_x+4_i0031.h5,1,1.500000000e-01,4,1.138234290e+00,main,true,rise,568
ml_samples/N1_sw0.15_x+4_i0032.h5,1,1.500000000e-01,4,1.138234290e+00,main,true,rise,346
ml_samples/N1_sw0.15_x+4_i0033.h5,1,1.500000000e-01,4,1.138234290e+00,main,true,rise,457
ml_samples/N1_sw0.15_x+4_i0034.h5,1,1.500000000e-01,4,1.138234290e+00,main,true,rise,458
ml_samples/N1_sw0.15_x+4_i0035.h5,1,1.500000000e-01,4,1.138234290e+00,main,true,rise,449
ml_samples/N1_sw0.15_x+4_i0036.h5,1,1.500000000e-01,4,1.138234290e+00,main,true,rise,598
ml_samples/N1_sw0.15_x+4_i0037.h5,1,1.500000000e-01,4,1.138234290e+00,main,true,rise,374
ml_samples/N1_sw0.15_x+4_i0038.h5,1,1.500000000e-01,4,1.138234290e+00,main,true,rise,533
ml_samples/N1_sw0.15_x+4_i0039.h5,1,1.500000000e-01,4,1.138234290e+00,main,true,rise,441
ml_samples/N1_sw0.15_x+4_i0040.h5,1,1.500000000e-01,4,1.138234290e+00,main,true,rise,530
ml_samples/N1_sw0.15_x+4_i0041.h5,1,1.500000000e-01,4,1.138234290e+00,main,true,rise,453
ml_samples/N1_sw0.15_x+4_i0042.h5,1,1.500000000e-01,4,1.138234290e+00,main,true,rise,523
ml_samples/N1_sw0.15_x+4_i0043.h5,1,1.500000000e-01,4,1.138234290e+00,main,true,rise,423
ml_samples/N1_sw0.15_x+4_i0044.h5,1,1.500000000e-01,4,1.138234290e+00,main,true,rise,412
ml_samples/N1_sw0.15_x+4_i0045.h5,1,1.500000000e-01,4,1.138234290e+00,main,true,rise,518
ml_samples/N1_sw0.15_x+4_i0046.h5,1,1.500000000e-01,4,1.138234290e+00,main,true,rise,613
ml_samples/N1_sw0.15_x+4_i0047.h5,1,1.500000000e-01,4,1.138234290e+00,main,true,rise,574
ml_samples/N1_sw0.15_x+4_i0048.h5,1,1.500000000e-01,4,1.138234290e+00,main,true,rise,820
ml_samples/N1_sw0.15_x+4_i0049.h5,1,1.500000000e-01,4,1.138234290e+00,main,true,rise,765
ml_samples/N1_sw0.15_x+4_i0050.h5,1,1.500000000e-01,4,1.138234290e+00,main,true,rise,555
ml_samples/N1_sw0.15_x+4_i0051.h5,1,1.500000000e-01,4,1.138234290e+00,main,true,rise,554
ml_samples/N1_sw0.15_x+4_i0052.h5,1,1.500000000e-01,4,1.138234290e+00,main,true,rise,605
ml_samples/N1_sw0.15_x+4_i0053.h5,1,1.500000000e-01,4,1.138234290e+00,main,true,rise,417
ml_samples/N1_sw0.15_x+4_i0054.h5,1,1.500000000e-01,4,1.138234290e+00,main,true,rise,471
ml_samples/N1_sw0.15_x+4_i0055.h5,1,1.500000000e-01,4,1.138234290e+00,main,true,rise,314
ml_samples/N1_sw0.15_x+4_i0056.h5,1,1.500000000e-01,4,1.138234290e+00,main,true,rise,477
ml_samples/N1_sw0.15_x+4_i0057.h5,1,1.500000000e-01,4,1.138234290e+00,main,true,rise,466
ml_samples/N1_sw0.15_x+4_i0058.h5,1,1.500000000e-01,4,1.138234290e+00,main,true,rise,335
ml_samples/N1_sw0.15_x+4_i0059.h5,1,1.500000000e-01,4,1.138234290e+00,main,true,rise,577
ml_samples/N1_sw0.15_x+4_i0060.h5,1,1.500000000e-01,4,1.138234290e+00,main,true,rise,483
ml_samples/N1_sw0.15_x+4_i0061.h5,1,1.500000000e-01,4,1.138234290e+00,main,true,rise,515
ml_samples/N1_sw0.15_x+4_i0062.h5,1,1.500000000e-01,4,1.138234290e+00,main,true,rise,440
ml_samples/N1_sw0.15_x+4_i0063.h5,1,1.500000000e-01,4,1.138234290e+00,main,true,rise,619
ml_samples/N1_sw0.15_x+4_i0064.h5,1,1.500000000e-01,4,1.138234290e+00,main,true,rise,857
ml_samples/N1_sw0.15_x+4_i0065.h5,1,1.500000000e-01,4,1.138234290e+00,main,true,rise,578
ml_samples/N1_sw0.15_x+4_i0066.h5,1,1.500000000e-01,4,1.138234290e+00,main,true,rise,353
ml_samples/N1_sw0.15_x+4_i0067.h5,1,1.500000000e-01,4,1.138234290e+00,main,true,rise,295
ml_samples/N1_sw0.15_x+4_i0068.h5,1,1.500000000e-01,4,1.138234290e+00,main,true,rise,429
ml_samples/N1_sw0.15_x+4_i0069.h5,1,1.500000000e-01,4,1.138234290e+00,main,true,rise,566
ml_samples/N1_sw0.15_x+4_i0070.h5,1,1.500000000e-01,4,1.138234290e+00,main,true,rise,517
ml_samples/N1_sw0.15_x+4_i0071.h5,1,1.500000000e-01,4,1.138234290e+00,main,true,rise,473
ml_samples/N1_sw0.15_x+4_i0072.h5,1,1.500000000e-01,4,1.138234290e+00,main,true,rise,467
ml_samples/N1_sw0.15_x+4_i0073.h5,1,1.500000000e-01,4,1.138234290e+00,main,true,rise,435
ml_samples/N1_sw0.15_x+4_i0074.h5,1,1.500000000e-01,4,1.138234290e+00,main,true,rise,751
ml_samples/N1_sw0.15_x+4_i0075.h5,1,1.500000000e-01,4,1.138234290e+00,main,true,rise,535
ml_samples/N1_sw0.15_x+4_i0076.h5,1,1.500000000e-01,4,1.138234290e+00,main,true,rise,669
ml_samples/N1_sw0.15_x+4_i0077.h5,1,1.500000000e-01,4,1.138234290e+00,main,true,rise,592
ml_samples/N1_sw0.15_x+4_i0078.h5,1,1.500000000e-01,4,1.138234290e+00,main,true,rise,780
ml_samples/N1_sw0.15_x+4_i0079.h5,1,1.500000000e-01,4,1.138234290e+00,main,true,rise,555
ml_samples/N1_sw0.15_x+4_i0080.h5,1,1.500000000e-01,4,1.138234290e+00,main,true,rise,385
ml_samples/N1_sw0.15_x+4_i0081.h5,1,1.500000000e-01,4,1.138234290e+00,main,true,rise,884
ml_samples/N1_sw0.15_x+4_i0082.h5,1,1.500000000e-01,4,1.138234290e+00,main,true,rise,538
ml_samples/N1_sw0.15_x+4_i0083.h5,1,1.500000000e-01,4,1.138234290e+00,main,true,rise,903
ml_samples/N1_sw0.15_x+4_i0084.h5,1,1.500000000e-01,4,1.138234290e+00,main,true,rise,524
ml_samples/N1_sw0.15_x+4_i0085.h5,1,1.500000000e-01,4,1.138234290e+00,main,true,rise,648
ml_samples/N1_sw0.15_x+4_i0086.h5,1,1.500000000e-01,4,1.138234290e+00,main,true,rise,503
ml_samples/N1_sw0.15_x+4_i0087.h5,1,1.500000000e-01,4,1.138234290e+00,main,true,rise,469
ml_samples/N1_sw0.15_x+4_i0088.h5,1,1.500000000e-01,4,1.138234290e+00,main,true,rise,400
ml_samples/N1_sw0.15_x+4_i0089.h5,1,1.500000000e-01,4,1.138234290e+00,main,true,rise,598
ml_samples/N1_sw0.15_x+4_i0090.h5,1,1.500000000e-01,4,1.138234290e+00,main,true,rise,528
ml_samples/N1_sw0.15_x+4_i0091.h5,1,1.500000000e-01,4,1.138234290e+00,main,true,rise,427
ml_samples/N1_sw0.15_x+4_i0092.h5,1,1.500000000e-01,4,1.138234290e+00,main,true,rise,1002
ml_samples/N1_sw0.15_x+4_i0093.h5,1,1.500000000e-01,4,1.138234290e+00,main,true,rise,423
ml_samples/N1_sw0.15_x+4_i0094.h5,1,1.500000000e-01,4,1.138234290e+00,main,true,rise,1018
ml_samples/N1_sw0.15_x+4_i0095.h5,1,1.500000000e-01,4,1.138234290e+00,main,true,rise,432
ml_samples/N1_sw0.15_x+4_i0096.h5,1,1.500000000e-01,4,1.138234290e+00,main,true,rise,438
ml_samples/N1_sw0.15_x+4_i0097.h5,1,1.500000000e-01,4,1.138234290e+00,main,true,rise,648
ml_samples/N1_sw0.15_x+4_i0098.h5,1,1.500000000e-01,4,1.138234290e+00,main,true,rise,881
ml_samples/N1_sw0.15_x+4_i0099.h5,1,1.500000000e-01,4,1.138234290e+00,main,true,rise,500
ml_samples/N1_sw0.30_x-4_i0000.h5,1,3.000000000e-01,-4,7.235314210e-01,main,true,fall,62
ml_samples/N1_sw0.30_x-4_i0001.h5,1,3.000000000e-01,-4,7.235314210e-01,main,true,fall,150
ml_samples/N1_sw0.30_x-4_i0002.h5,1,3.000000000e-01,-4,7.235314210e-01,main,true,fall,201
ml_samples/N1_sw0.30_x-4_i0003.h5,1,3.000000000e-01,-4,7.235314210e-01,main,true,fall,74
ml_samples/N1_sw0.30_x-4_i0004.h5,1,3.000000000e-01,-4,7.235314210e-01,main,true,fall,114
ml_samples/N1_sw0.30_x-4_i0005.h5,1,3.000000000e-01,-4,7.235314210e-01,main,true,fall,114
ml_samples/N1_sw0.30_x-4_i0006.h5,1,3.000000000e-01,-4,7.235314210e-01,main,true,fall,128
ml_samples/N1_sw0.30_x-4_i0007.h5,1,3.000000000e-01,-4,7.235314210e-01,main,true,fall,124
ml_samples/N1_sw0.30_x-4_i0008.h5,1,3.000000000e-01,-4,7.235314210e-01,main,true,fall,141
ml_samples/N1_sw0.30_x-4_i0009.h5,1,3.000000000e-01,-4,7.235314210e-01,main,true,fall,90
ml_samples/N1_sw0.30_x-4_i0010.h5,1,3.000000000e-01,-4,7.235314210e-01,main,true,fall,137
ml_samples/N1_sw0.30_x-4_i0011.h5,1,3.000000000e-01,-4,7.235314210e-01,main,true,fall,100
ml_samples/N1_sw0.30_x-4_i0012.h5,1,3.000000000e-01,-4,7.235314210e-01,main,true,fall,121
ml_samples/N1_sw0.30_x-4_i0013.h5,1,3.000000000e-01,-4,7.235314210e-01,main,true,fall,124
ml_samples/N1_sw0.30_x-4_i0014.h5,1,3.000000000e-01,-4,7.235314210e-01,main,true,fall,109
ml_samples/N1_sw0.30_x-4_i0015.h5,1,3.000000000e-01,-4,7.235314210e-01,main,true,fall,83
ml_samples/N1_sw0.30_x-4_i0016.h5,1,3.000000000e-01,-4,7.235314210e-01,main,true,fall,235
ml_samples/N1_sw0.30_x-4_i0017.h5,1,3.000000000e-01,-4,7.235314210e-01,main,true,fall,245
ml_samples/N1_sw0.30_x-4_i0018.h5,1,3.000000000e-01,-4,7.235314210e-01,main,true,fall,123
ml_samples/N1_sw0.30_x-4_i0019.h5,1,3.000000000e-01,-4,7.235314210e-01,main,true,fall,59
ml_samples/N1_sw0.30_x-4_i0020.h5,1,3.000000000e-01,-4,7.235314210e-01,main,true,fall,102
ml_samples/N1_sw0.30_x-4_i0021.h5,1,3.000000000e-01,-4,7.235314210e-01,main,true,fall,123
ml_samples/N1_sw0.30_x-4_i0022.h5,1,3.000000000e-01,-4,7.235314210e-01,main,true,fall,133
ml_samples/N1_sw0.30_x-4_i0023.h5,1,3.000000000e-01,-4,7.235314210e-01,main,true,fall,368
ml_samples/N1_sw0.30_x-4_i0024.h5,1,3.000000000e-01,-4,7.235314210e-01,main,true,fall,150
ml_samples/N1_sw0.30_x-4_i0025.h5,1,3.000000000e-01,-4,7.235314210e-01,main,true,fall,114
ml_samples/N1_sw0.30_x-4_i0026.h5,1,3.000000000e-01,-4,7.235314210e-01,main,true,fall,225
ml_samples/N1_sw0.30_x-4_i0027.h5,1,3.000000000e-01,-4,7.235314210e-01,main,true,fall,111
ml_samples/N1_sw0.30_x-4_i0028.h5,1,3.000000000e-01,-4,7.235314210e-01,main,true,fall,90
ml_samples/N1_sw0.30_x-4_i0029.h5,1,3.000000000e-01,-4,7.235314210e-01,main,true,fall,70
ml_samples/N1_sw0.30_x-4_i0030.h5,1,3.000000000e-01,-4,7.235314210e-01,main,true,fall,108
ml_samples/N1_sw0.30_x-4_i0031.h5,1,3.000000000e-01,-4,7.235314210e-01,main,true,fall,80
ml_samples/N1_sw0.30_x-4_i0032.h5,1,3.000000000e-01,-4,7.235314210e-01,main,true,fall,202
ml_samples/N1_sw0.30_x-4_i0033.h5,1,3.000000000e-01,-4,7.235314210e-01,main,true,fall,89
ml_samples/N1_sw0.30_x-4_i0034.h5,1,3.000000000e-01,-4,7.235314210e-01,main,true,fall,284
ml_samples/N1_sw0.30_x-4_i0035.h5,1,3.000000000e-01,-4,7.235314210e-01,main,true,fall,106
ml_samples/N1_sw0.30_x-4_i0036.h5,1,3.000000000e-01,-4,7.235314210e-01,main,true,fall,267
ml_samples/N1_sw0.30_x-4_i0037.h5,1,3.000000000e-01,-4,7.235314210e-01,main,true,fall,166
ml_samples/N1_sw0.30_x-4_i0038.h5,1,3.000000000e-01,-4,7.235314210e-01,main,true,fall,122
ml_samples/N1_sw0.30_x-4_i0039.h5,1,3.000000000e-01,-4,7.235314210e-01,main,true,fall,73
ml_samples/N1_sw0.30_x-4_i0040.h5,1,3.000000000e-01,-4,7.235314210e-01,main,true,fall,122
ml_samples/N1_sw0.30_x-4_i0041.h5,1,3.000000000e-01,-4,7.235314210e-01,main,true,fall,142
ml_samples/N1_sw0.30_x-4_i0042.h5,1,3.000000000e-01,-4,7.235314210e-01,main,true,fall,90
ml_samples/N1_sw0.30_x-4_i0043.h5,1,3.000000000e-01,-4,7.235314210e-01,main,true,fall,97
ml_samples/N1_sw0.30_x-4_i0044.h5,1,3.000000000e-01,-4,7.235314210e-01,main,true,fall,116
ml_samples/N1_sw0.30_x-4_i0045.h5,1,3.000000000e-01,-4,7.235314210e-01,main,true,fall,99
ml_samples/N1_sw0.30_x-4_i0046.h5,1,3.000000000e-01,-4,7.235314210e-01,main,true,fall,123
ml_samples/N1_sw0.30_x-4_i0047.h5,1,3.000000000e-01,-4,7.235314210e-01,main,true,fall,188
ml_samples/N1_sw0.30_x-4_i0048.h5,1,3.000000000e-01,-4,7.235314210e-01,main,true,fall,91
ml_samples/N1_sw0.30_x-4_i0049.h5,1,3.000000000e-01,-4,7.235314210e-01,main,true,fall,85
ml_samples/N1_sw0.30_x-4_i0050.h5,1,3.000000000e-01,-4,7.235314210e-01,main,true,fall,136
ml_samples/N1_sw0.30_x-4_i0051.h5,1,3.000000000e-01,-4,7.235314210e-01,main,true,fall,177
ml_samples/N1_sw0.30_x-4_i0052.h5,1,3.000000000e-01,-4,7.235314210e-01,main,true,fall,261
ml_samples/N1_sw0.30_x-4_i0053.h5,1,3.000000000e-01,-4,7.235314210e-01,main,true,fall,101
ml_samples/N1_sw0.30_x-4_i0054.h5,1,3.000000000e-01,-4,7.235314210e-01,main,true,fall,107
ml_samples/N1_sw0.30_x-4_i0055.h5,1,3.000000000e-01,-4,7.235314210e-01,main,true,fall,109
ml_samples/N1_sw0.30_x-4_i0056.h5,1,3.000000000e-01,-4,7.235314210e-01,main,true,fall,173
ml_samples/N1_sw0.30_x-4_i0057.h5,1,3.000000000e-01,-4,7.235314210e-01,main,true,fall,112
ml_samples/N1_sw0.30_x-4_i0058.h5,1,3.000000000e-01,-4,7.235314210e-01,main,true,fall,97
ml_samples/N1_sw0.30_x-4_i0059.h5,1,3.000000000e-01,-4,7.235314210e-01,main,true,fall,73
ml_samples/N1_sw0.30_x-4_i0060.h5,1,3.000000000e-01,-4,7.235314210e-01,main,true,fall,117
ml_samples/N1_sw0.30_x-4_i0061.h5,1,3.000000000e-01,-4,7.235314210e-01,main,true,fall,130
ml_samples/N1_sw0.30_x-4_i0062.h5,1,3.000000000e-01,-4,7.235314210e-01,main,true,fall,139
ml_samples/N1_sw0.30_x-4_i0063.h5,1,3.000000000e-01,-4,7.235314210e-01,main,true,fall,104
ml_samples/N1_sw0.30_x-4_i0064.h5,1,3.000000000e-01,-4,7.235314210e-01,main,true,fall,294
ml_samples/N1_sw0.30_x-4_i0065.h5,1,3.000000000e-01,-4,7.235314210e-01,main,true,fall,126
ml_samples/N1_sw0.30_x-4_i0066.h5,1,3.000000000e-01,-4,7.235314210e-01,main,true,fall,92
ml_samples/N1_sw0.30_x-4_i0067.h5,1,3.000000000e-01,-4,7.235314210e-01,main,true,fall,187
ml_samples/N1_sw0.30_x-4_i0068.h5,1,3.000000000e-01,-4,7.235314210e-01,main,true,fall,78
ml_samples/N1_sw0.30_x-4_i0069.h5,1,3.000000000e-01,-4,7.235314210e-01,main,true,fall,72
ml_samples/N1_sw0.30_x-4_i0070.h5,1,3.000000000e-01,-4,7.235314210e-01,main,true,fall,117
ml_samples/N1_sw0.30_x-4_i0071.h5,1,3.000000000e-01,-4,7.235314210e-01,main,true,fall,121
ml_samples/N1_sw0.30_x-4_i0072.h5,1,3.000000000e-01,-4,7.235314210e-01,main,true,fall,80
ml_samples/N1_sw0.30_x-4_i0073.h5,1,3.000000000e-01,-4,7.235314210e-01,main,true,fall,84
ml_samples/N1_sw0.30_x-4_i0074.h5,1,3.000000000e-01,-4,7.235314210e-01,main,true,fall,78
ml_samples/N1_sw0.30_x-4_i0075.h5,1,3.000000000e-01,-4,7.235314210e-01,main,true,fall,157
ml_samples/N1_sw0.30_x-4_i0076.h5,1,3.000000000e-01,-4,7.235314210e-01,main,true,fall,76
ml_samples/N1_sw0.30_x-4_i0077.h5,1,3.000000000e-01,-4,7.235314210e-01,main,true,fall,102
ml_samples/N1_sw0.30_x-4_i0078.h5,1,3.000000000e-01,-4,7.235314210e-01,main,true,fall,120
ml_samples/N1_sw0.30_x-4_i0079.h5,1,3.000000000e-01,-4,7.235314210e-01,main,true,fall,110
ml_samples/N1_sw0.30_x-4_i0080.h5,1,3.000000000e-01,-4,7.235314210e-01,main,true,fall,110
ml_samples/N1_sw0.30_x-4_i0081.h5,1,3.000000000e-01,-4,7.235314210e-01,main,true,fall,97
ml_samples/N1_sw0.30_x-4_i0082.h5,1,3.000000000e-01,-4,7.235314210e-01,main,true,fall,92
ml_samples/N1_sw0.30_x-4_i0083.h5,1,3.000000000e-01,-4,7.235314210e-01,main,true,fall,275
ml_samples/N1_sw0.30_x-4_i0084.h5,1,3.000000000e-01,-4,7.235314210e-01,main,true,fall,130
ml_samples/N1_sw0.30_x-4_i0085.h5,1,3.000000000e-01,-4,7.235314210e-01,main,true,fall,82
ml_samples/N1_sw0.30_x-4_i0086.h5,1,3.000000000e-01,-4,7.235314210e-01,main,true,fall,121
ml_samples/N1_sw0.30_x-4_i0087.h5,1,3.000000000e-01,-4,7.235314210e-01,main,true,fall,230
ml_samples/N1_sw0.30_x-4_i0088.h5,1,3.000000000e-01,-4,7.235314210e-01,main,true,fall,92
ml_samples/N1_sw0.30_x-4_i0089.h5,1,3.000000000e-01,-4,7.235314210e-01,main,true,fall,84
ml_samples/N1_sw0.30_x-4_i0090.h5,1,3.000000000e-01,-4,7.235314210e-01,main,true,fall,72
ml_samples/N1_sw0.30_x-4_i0091.h5,1,3.000000000e-01,-4,7.235314210e-01,main,true,fall,102
ml_samples/N1_sw0.30_x-4_i0092.h5,1,3.000000000e-01,-4,7.235314210e-01,main,true,fall,101
ml_samples/N1_sw0.30_x-4_i0093.h5,1,3.000000000e-01,-4,7.235314210e-01,main,true,fall,134
ml_samples/N1_sw0.30_x-4_i0094.h5,1,3.000000000e-01,-4,7.235314210e-01,main,true,fall,99
ml_samples/N1_sw0.30_x-4_i0095.h5,1,3.000000000e-01,-4,7.235314210e-01,main,true,fall,79
ml_samples/N1_sw0.30_x-4_i0096.h5,1,3.000000000e-01,-4,7.235314210e-01,main,true,fall,108
ml_samples/N1_sw0.30_x-4_i0097.h5,1,3.000000000e-01,-4,7.235314210e-01,main,true,fall,250
ml_samples/N1_sw0.30_x-4_i0098.h5,1,3.000000000e-01,-4,7.235314210e-01,main,true,fall,84
ml_samples/N1_sw0.30_x-4_i0099.h5,1,3.000000000e-01,-4,7.235314210e-01,main,true,fall,136
ml_samples/N1_sw0.30_x-2_i0000.h5,1,3.000000000e-01,-2,8.617657105e-01,main,true,fall,408
ml_samples/N1_sw0.30_x-2_i0001.h5,1,3.000000000e-01,-2,8.617657105e-01,main,true,fall,153
ml_samples/N1_sw0.30_x-2_i0002.h5,1,3.000000000e-01,-2,8.617657105e-01,main,true,fall,206
ml_samples/N1_sw0.30_x-2_i0003.h5,1,3.000000000e-01,-2,8.617657105e-01,main,true,fall,198
ml_samples/N1_sw0.30_x-2_i0004.h5,1,3.000000000e-01,-2,8.617657105e-01,main,true,fall,154
ml_samples/N1_sw0.30_x-2_i0005.h5,1,3.000000000e-01,-2,8.617657105e-01,main,true,fall,141
ml_samples/N1_sw0.30_x-2_i0006.h5,1,3.000000000e-01,-2,8.617657105e-01,main,true,fall,86
ml_samples/N1_sw0.30_x-2_i0007.h5,1,3.000000000e-01,-2,8.617657105e-01,main,true,fall,124
ml_samples/N1_sw0.30_x-2_i0008.h5,1,3.000000000e-01,-2,8.617657105e-01,main,true,fall,457
ml_samples/N1_sw0.30_x-2_i0009.h5,1,3.000000000e-01,-2,8.617657105e-01,main,true,fall,402
ml_samples/N1_sw0.30_x-2_i0010.h5,1,3.000000000e-01,-2,8.617657105e-01,main,true,fall,444
ml_samples/N1_sw0.30_x-2_i0011.h5,1,3.000000000e-01,-2,8.617657105e-01,main,true,fall,122
ml_samples/N1_sw0.30_x-2_i0012.h5,1,3.000000000e-01,-2,8.617657105e-01,main,true,fall,351
ml_samples/N1_sw0.30_x-2_i0013.h5,1,3.000000000e-01,-2,8.617657105e-01,main,true,fall,127
ml_samples/N1_sw0.30_x-2_i0014.h5,1,3.000000000e-01,-2,8.617657105e-01,main,true,fall,1054
ml_samples/N1_sw0.30_x-2_i0015.h5,1,3.000000000e-01,-2,8.617657105e-01,main,true,fall,1225
ml_samples/N1_sw0.30_x-2_i0016.h5,1,3.000000000e-01,-2,8.617657105e-01,main,true,fall,301
ml_samples/N1_sw0.30_x-2_i0017.h5,1,3.000000000e-01,-2,8.617657105e-01,main,true,fall,90
ml_samples/N1_sw0.30_x-2_i0018.h5,1,3.000000000e-01,-2,8.617657105e-01,main,true,fall,166
ml_samples/N1_sw0.30_x-2_i0019.h5,1,3.000000000e-01,-2,8.617657105e-01,main,true,fall,104
ml_samples/N1_sw0.30_x-2_i0020.h5,1,3.000000000e-01,-2,8.617657105e-01,main,true,fall,502
ml_samples/N1_sw0.30_x-2_i0021.h5,1,3.000000000e-01,-2,8.617657105e-01,main,true,fall,103
ml_samples/N1_sw0.30_x-2_i0022.h5,1,3.000000000e-01,-2,8.617657105e-01,main,true,fall,379
ml_samples/N1_sw0.30_x-2_i0023.h5,1,3.000000000e-01,-2,8.617657105e-01,main,true,rise,2719
ml_samples/N1_sw0.30_x-2_i0024.h5,1,3.000000000e-01,-2,8.617657105e-01,main,true,fall,186
ml_samples/N1_sw0.30_x-2_i0025.h5,1,3.000000000e-01,-2,8.617657105e-01,main,true,fall,248
ml_samples/N1_sw0.30_x-2_i0026.h5,1,3.000000000e-01,-2,8.617657105e-01,main,true,fall,308
ml_samples/N1_sw0.30_x-2_i0027.h5,1,3.000000000e-01,-2,8.617657105e-01,main,true,fall,99
ml_samples/N1_sw0.30_x-2_i0028.h5,1,3.000000000e-01,-2,8.617657105e-01,main,true,fall,160
ml_samples/N1_sw0.30_x-2_i0029.h5,1,3.000000000e-01,-2,8.617657105e-01,main,true,fall,104
ml_samples/N1_sw0.30_x-2_i0030.h5,1,3.000000000e-01,-2,8.617657105e-01,main,true,fall,303
ml_samples/N1_sw0.30_x-2_i0031.h5,1,3.000000000e-01,-2,8.617657105e-01,main,true,fall,464
ml_samples/N1_sw0.30_x-2_i0032.h5,1,3.000000000e-01,-2,8.617657105e-01,main,true,fall,380
ml_samples/N1_sw0.30_x-2_i0033.h5,1,3.000000000e-01,-2,8.617657105e-01,main,true,fall,148
ml_samples/N1_sw0.30_x-2_i0034.h5,1,3.000000000e-01,-2,8.617657105e-01,main,true,fall,122
ml_samples/N1_sw0.30_x-2_i0035.h5,1,3.000000000e-01,-2,8.617657105e-01,main,true,fall,111
ml_samples/N1_sw0.30_x-2_i0036.h5,1,3.000000000e-01,-2,8.617657105e-01,main,true,fall,365
ml_samples/N1_sw0.30_x-2_i0037.h5,1,3.000000000e-01,-2,8.617657105e-01,main,true,fall,2363
ml_samples/N1_sw0.30_x-2_i0038.h5,1,3.000000000e-01,-2,8.617657105e-01,main,true,fall,224
ml_samples/N1_sw0.30_x-2_i0039.h5,1,3.000000000e-01,-2,8.617657105e-01,main,true,fall,113
ml_samples/N1_sw0.30_x-2_i0040.h5,1,3.000000000e-01,-2,8.617657105e-01,main,true,fall,170
ml_samples/N1_sw0.30_x-2_i0041.h5,1,3.000000000e-01,-2,8.617657105e-01,main,true,fall,112
ml_samples/N1_sw0.30_x-2_i0042.h5,1,3.000000000e-01,-2,8.617657105e-01,main,true,fall,216
ml_samples/N1_sw0.30_x-2_i0043.h5,1,3.000000000e-01,-2,8.617657105e-01,main,true,fall,865
ml_samples/N1_sw0.30_x-2_i0044.h5,1,3.000000000e-01,-2,8.617657105e-01,main,true,fall,290
ml_samples/N1_sw0.30_x-2_i0045.h5,1,3.000000000e-01,-2,8.617657105e-01,main,true,fall,125
ml_samples/N1_sw0.30_x-2_i0046.h5,1,3.000000000e-01,-2,8.617657105e-01,main,true,fall,174
ml_samples/N1_sw0.30_x-2_i0047.h5,1,3.000000000e-01,-2,8.617657105e-01,main,true,fall,129
ml_samples/N1_sw0.30_x-2_i0048.h5,1,3.000000000e-01,-2,8.617657105e-01,main,true,fall,160
ml_samples/N1_sw0.30_x-2_i0049.h5,1,3.000000000e-01,-2,8.617657105e-01,main,true,fall,144
ml_samples/N1_sw0.30_x-2_i0050.h5,1,3.000000000e-01,-2,8.617657105e-01,main,true,fall,615
ml_samples/N1_sw0.30_x-2_i0051.h5,1,3.000000000e-01,-2,8.617657105e-01,main,true,fall,143
ml_samples/N1_sw0.30_x-2_i0052.h5,1,3.000000000e-01,-2,8.617657105e-01,main,true,fall,93
ml_samples/N1_sw0.30_x-2_i0053.h5,1,3.000000000e-01,-2,8.617657105e-01,main,true,fall,142
ml_samples/N1_sw0.30_x-2_i0054.h5,1,3.000000000e-01,-2,8.617657105e-01,main,true,fall,203
ml_samples/N1_sw0.30_x-2_i0055.h5,1,3.000000000e-01,-2,8.617657105e-01,main,true,fall,204
ml_samples/N1_sw0.30_x-2_i0056.h5,1,3.000000000e-01,-2,8.617657105e-01,main,true,fall,260
ml_samples/N1_sw0.30_x-2_i0057.h5,1,3.000000000e-01,-2,8.617657105e-01,main,true,fall,93
ml_samples/N1_sw0.30_x-2_i0058.h5,1,3.000000000e-01,-2,8.617657105e-01,main,true,fall,107
ml_samples/N1_sw0.30_x-2_i0059.h5,1,3.000000000e-01,-2,8.617657105e-01,main,true,fall,196
ml_samples/N1_sw0.30_x-2_i0060.h5,1,3.000000000e-01,-2,8.617657105e-01,main,true,fall,281
ml_samples/N1_sw0.30_x-2_i0061.h5,1,3.000000000e-01,-2,8.617657105e-01,main,true,fall,1261
ml_samples/N1_sw0.30_x-2_i0062.h5,1,3.000000000e-01,-2,8.617657105e-01,main,true,fall,1158
ml_samples/N1_sw0.30_x-2_i0063.h5,1,3.000000000e-01,-2,8.617657105e-01,main,true,fall,512
ml_samples/N1_sw0.30_x-2_i0064.h5,1,3.000000000e-01,-2,8.617657105e-01,main,true,fall,158
ml_samples/N1_sw0.30_x-2_i0065.h5,1,3.000000000e-01,-2,8.617657105e-01,main,true,fall,181
ml_samples/N1_sw0.30_x-2_i0066.h5,1,3.000000000e-01,-2,8.617657105e-01,main,true,fall,103
ml_samples/N1_sw0.30_x-2_i0067.h5,1,3.000000000e-01,-2,8.617657105e-01,main,true,fall,147
ml_samples/N1_sw0.30_x-2_i0068.h5,1,3.000000000e-01,-2,8.617657105e-01,main,true,fall,996
ml_samples/N1_sw0.30_x-2_i0069.h5,1,3.000000000e-01,-2,8.617657105e-01,main,true,fall,130
ml_samples/N1_sw0.30_x-2_i0070.h5,1,3.000000000e-01,-2,8.617657105e-01,main,true,fall,662
ml_samples/N1_sw0.30_x-2_i0071.h5,1,3.000000000e-01,-2,8.617657105e-01,main,true,fall,320
ml_samples/N1_sw0.30_x-2_i0072.h5,1,3.000000000e-01,-2,8.617657105e-01,main,true,fall,170
ml_samples/N1_sw0.30_x-2_i0073.h5,1,3.000000000e-01,-2,8.617657105e-01,main,true,fall,118
ml_samples/N1_sw0.30_x-2_i0074.h5,1,3.000000000e-01,-2,8.617657105e-01,main,true,fall,133
ml_samples/N1_sw0.30_x-2_i0075.h5,1,3.000000000e-01,-2,8.617657105e-01,main,true,fall,215
ml_samples/N1_sw0.30_x-2_i0076.h5,1,3.000000000e-01,-2,8.617657105e-01,main,true,fall,123
ml_samples/N1_sw0.30_x-2_i0077.h5,1,3.000000000e-01,-2,8.617657105e-01,main,true,fall,130
ml_samples/N1_sw0.30_x-2_i0078.h5,1,3.000000000e-01,-2,8.617657105e-01,main,true,fall,148
ml_samples/N1_sw0.30_x-2_i0079.h5,1,3.000000000e-01,-2,8.617657105e-01,main,true,fall,253
ml_samples/N1_sw0.30_x-2_i0080.h5,1,3.000000000e-01,-2,8.617657105e-01,main,true,fall,181
ml_samples/N1_sw0.30_x-2_i0081.h5,1,3.000000000e-01,-2,8.617657105e-01,main,true,fall,136
ml_samples/N1_sw0.30_x-2_i0082.h5,1,3.000000000e-01,-2,8.617657105e-01,main,true,fall,122
ml_samples/N1_sw0.30_x-2_i0083.h5,1,3.000000000e-01,-2,8.617657105e-01,main,true,fall,154
ml_samples/N1_sw0.30_x-2_i0084.h5,1,3.000000000e-01,-2,8.617657105e-01,main,true,fall,165
ml_samples/N1_sw0.30_x-2_i0085.h5,1,3.000000000e-01,-2,8.617657105e-01,main,true,fall,314
ml_samples/N1_sw0.30_x-2_i0086.h5,1,3.000000000e-01,-2,8.617657105e-01,main,true,fall,234
ml_samples/N1_sw0.30_x-2_i0087.h5,1,3.000000000e-01,-2,8.617657105e-01,main,true,fall,122
ml_samples/N1_sw0.30_x-2_i0088.h5,1,3.000000000e-01,-2,8.617657105e-01,main,true,fall,378
ml_samples/N1_sw0.30_x-2_i0089.h5,1,3.000000000e-01,-2,8.617657105e-01,main,true,fall,1603
ml_samples/N1_sw0.30_x-2_i0090.h5,1,3.000000000e-01,-2,8.617657105e-01,main,true,fall,125
ml_samples/N1_sw0.30_x-2_i0091.h5,1,3.000000000e-01,-2,8.617657105e-01,main,true,fall,301
ml_samples/N1_sw0.30_x-2_i0092.h5,1,3.000000000e-01,-2,8.617657105e-01,main,true,fall,156
ml_samples/N1_sw0.30_x-2_i0093.h5,1,3.000000000e-01,-2,8.617657105e-01,main,true,fall,692
ml_samples/N1_sw0.30_x-2_i0094.h5,1,3.000000000e-01,-2,8.617657105e-01,main,true,fall,266
ml_samples/N1_sw0.30_x-2_i0095.h5,1,3.000000000e-01,-2,8.617657105e-01,main,true,fall,91
ml_samples/N1_sw0.30_x-2_i0096.h5,1,3.000000000e-01,-2,8.617657105e-01,main,true,fall,360
ml_samples/N1_sw0.30_x-2_i0097.h5,1,3.000000000e-01,-2,8.617657105e-01,main,true,fall,143
ml_samples/N1_sw0.30_x-2_i0098.h5,1,3.000000000e-01,-2,8.617657105e-01,main,true,fall,267
ml_samples/N1_sw0.30_x-2_i0099.h5,1,3.000000000e-01,-2,8.617657105e-01,main,true,fall,113
ml_samples/N1_sw0.30_x-1_i0000.h5,1,3.000000000e-01,-1,9.308828552e-01,main,true,fall,323
ml_samples/N1_sw0.30_x-1_i0001.h5,1,3.000000000e-01,-1,9.308828552e-01,main,true,fall,1699
ml_samples/N1_sw0.30_x-1_i0002.h5,1,3.000000000e-01,-1,9.308828552e-01,main,true,fall,478
ml_samples/N1_sw0.30_x-1_i0003.h5,1,3.000000000e-01,-1,9.308828552e-01,main,true,fall,85
ml_samples/N1_sw0.30_x-1_i0004.h5,1,3.000000000e-01,-1,9.308828552e-01,main,true,fall,214
ml_samples/N1_sw0.30_x-1_i0005.h5,1,3.000000000e-01,-1,9.308828552e-01,main,true,fall,275
ml_samples/N1_sw0.30_x-1_i0006.h5,1,3.000000000e-01,-1,9.308828552e-01,main,true,fall,252
ml_samples/N1_sw0.30_x-1_i0007.h5,1,3.000000000e-01,-1,9.308828552e-01,main,true,fall,132
ml_samples/N1_sw0.30_x-1_i0008.h5,1,3.000000000e-01,-1,9.308828552e-01,main,true,fall,704
ml_samples/N1_sw0.30_x-1_i0009.h5,1,3.000000000e-01,-1,9.308828552e-01,main,true,fall,645
ml_samples/N1_sw0.30_x-1_i0010.h5,1,3.000000000e-01,-1,9.308828552e-01,main,true,fall,838
ml_samples/N1_sw0.30_x-1_i0011.h5,1,3.000000000e-01,-1,9.308828552e-01,main,true,fall,111
ml_samples/N1_sw0.30_x-1_i0012.h5,1,3.000000000e-01,-1,9.308828552e-01,main,true,fall,231
ml_samples/N1_sw0.30_x-1_i0013.h5,1,3.000000000e-01,-1,9.308828552e-01,main,true,fall,160
ml_samples/N1_sw0.30_x-1_i0014.h5,1,3.000000000e-01,-1,9.308828552e-01,main,true,fall,174
ml_samples/N1_sw0.30_x-1_i0015.h5,1,3.000000000e-01,-1,9.308828552e-01,main,true,fall,315
ml_samples/N1_sw0.30_x-1_i0016.h5,1,3.000000000e-01,-1,9.308828552e-01,main,true,fall,1131
ml_samples/N1_sw0.30_x-1_i0017.h5,1,3.000000000e-01,-1,9.308828552e-01,main,true,fall,137
ml_samples/N1_sw0.30_x-1_i0018.h5,1,3.000000000e-01,-1,9.308828552e-01,main,true,rise,950
ml_samples/N1_sw0.30_x-1_i0019.h5,1,3.000000000e-01,-1,9.308828552e-01,main,true,fall,3333
ml_samples/N1_sw0.30_x-1_i0020.h5,1,3.000000000e-01,-1,9.308828552e-01,main,true,fall,968
ml_samples/N1_sw0.30_x-1_i0021.h5,1,3.000000000e-01,-1,9.308828552e-01,main,true,fall,336
ml_samples/N1_sw0.30_x-1_i0022.h5,1,3.000000000e-01,-1,9.308828552e-01,main,true,fall,1278
ml_samples/N1_sw0.30_x-1_i0023.h5,1,3.000000000e-01,-1,9.308828552e-01,main,true,fall,344
ml_samples/N1_sw0.30_x-1_i0024.h5,1,3.000000000e-01,-1,9.308828552e-01,main,true,fall,578
ml_samples/N1_sw0.30_x-1_i0025.h5,1,3.000000000e-01,-1,9.308828552e-01,main,true,fall,270
ml_samples/N1_sw0.30_x-1_i0026.h5,1,3.000000000e-01,-1,9.308828552e-01,main,true,fall,849
ml_samples/N1_sw0.30_x-1_i0027.h5,1,3.000000000e-01,-1,9.308828552e-01,main,true,fall,171
ml_samples/N1_sw0.30_x-1_i0028.h5,1,3.000000000e-01,-1,9.308828552e-01,main,true,fall,117
ml_samples/N1_sw0.30_x-1_i0029.h5,1,3.000000000e-01,-1,9.308828552e-01,main,true,fall,387
ml_samples/N1_sw0.30_x-1_i0030.h5,1,3.000000000e-01,-1,9.308828552e-01,main,true,fall,566
ml_samples/N1_sw0.30_x-1_i0031.h5,1,3.000000000e-01,-1,9.308828552e-01,main,true,fall,285
ml_samples/N1_sw0.30_x-1_i0032.h5,1,3.000000000e-01,-1,9.308828552e-01,main,true,fall,141
ml_samples/N1_sw0.30_x-1_i0033.h5,1,3.000000000e-01,-1,9.308828552e-01,main,true,fall,156
ml_samples/N1_sw0.30_x-1_i0034.h5,1,3.000000000e-01,-1,9.308828552e-01,main,true,fall,1694
ml_samples/N1_sw0.30_x-1_i0035.h5,1,3.000000000e-01,-1,9.308828552e-01,main,true,fall,903
ml_samples/N1_sw0.30_x-1_i0036.h5,1,3.000000000e-01,-1,9.308828552e-01,main,true,fall,155
ml_samples/N1_sw0.30_x-1_i0037.h5,1,3.000000000e-01,-1,9.308828552e-01,main,true,fall,544
ml_samples/N1_sw0.30_x-1_i0038.h5,1,3.000000000e-01,-1,9.308828552e-01,main,true,fall,1860
ml_samples/N1_sw0.30_x-1_i0039.h5,1,3.000000000e-01,-1,9.308828552e-01,main,true,fall,343
ml_samples/N1_sw0.30_x-1_i0040.h5,1,3.000000000e-01,-1,9.308828552e-01,main,true,fall,123
ml_samples/N1_sw0.30_x-1_i0041.h5,1,3.000000000e-01,-1,9.308828552e-01,main,true,fall,158
ml_samples/N1_sw0.30_x-1_i0042.h5,1,3.000000000e-01,-1,9.308828552e-01,main,true,fall,298
ml_samples/N1_sw0.30_x-1_i0043.h5,1,3.000000000e-01,-1,9.308828552e-01,main,true,fall,155
ml_samples/N1_sw0.30_x-1_i0044.h5,1,3.000000000e-01,-1,9.308828552e-01,main,true,fall,637
ml_samples/N1_sw0.30_x-1_i0045.h5,1,3.000000000e-01,-1,9.308828552e-01,main,true,fall,326
ml_samples/N1_sw0.30_x-1_i0046.h5,1,3.000000000e-01,-1,9.308828552e-01,main,true,fall,269
ml_samples/N1_sw0.30_x-1_i0047.h5,1,3.000000000e-01,-1,9.308828552e-01,main,true,fall,575
ml_samples/N1_sw0.30_x-1_i0048.h5,1,3.000000000e-01,-1,9.308828552e-01,main,true,fall,942
ml_samples/N1_sw0.30_x-1_i0049.h5,1,3.000000000e-01,-1,9.308828552e-01,main,true,fall,171
ml_samples/N1_sw0.30_x-1_i0050.h5,1,3.000000000e-01,-1,9.308828552e-01,main,true,fall,297
ml_samples/N1_sw0.30_x-1_i0051.h5,1,3.000000000e-01,-1,9.308828552e-01,main,true,fall,568
ml_samples/N1_sw0.30_x-1_i0052.h5,1,3.000000000e-01,-1,9.308828552e-01,main,true,fall,185
ml_samples/N1_sw0.30_x-1_i0053.h5,1,3.000000000e-01,-1,9.308828552e-01,main,true,fall,550
ml_samples/N1_sw0.30_x-1_i0054.h5,1,3.000000000e-01,-1,9.308828552e-01,main,true,fall,113
ml_samples/N1_sw0.30_x-1_i0055.h5,1,3.000000000e-01,-1,9.308828552e-01,main,true,fall,657
ml_samples/N1_sw0.30_x-1_i0056.h5,1,3.000000000e-01,-1,9.308828552e-01,main,true,fall,702
ml_samples/N1_sw0.30_x-1_i0057.h5,1,3.000000000e-01,-1,9.308828552e-01,main,true,fall,135
ml_samples/N1_sw0.30_x-1_i0058.h5,1,3.000000000e-01,-1,9.308828552e-01,main,true,fall,138
ml_samples/N1_sw0.30_x-1_i0059.h5,1,3.000000000e-01,-1,9.308828552e-01,main,true,fall,216
ml_samples/N1_sw0.30_x-1_i0060.h5,1,3.000000000e-01,-1,9.308828552e-01,main,true,fall,219
ml_samples/N1_sw0.30_x-1_i0061.h5,1,3.000000000e-01,-1,9.308828552e-01,main,true,fall,631
ml_samples/N1_sw0.30_x-1_i0062.h5,1,3.000000000e-01,-1,9.308828552e-01,main,true,fall,125
ml_samples/N1_sw0.30_x-1_i0063.h5,1,3.000000000e-01,-1,9.308828552e-01,main,true,fall,203
ml_samples/N1_sw0.30_x-1_i0064.h5,1,3.000000000e-01,-1,9.308828552e-01,main,true,fall,340
ml_samples/N1_sw0.30_x-1_i0065.h5,1,3.000000000e-01,-1,9.308828552e-01,main,true,fall,108
ml_samples/N1_sw0.30_x-1_i0066.h5,1,3.000000000e-01,-1,9.308828552e-01,main,true,fall,440
ml_samples/N1_sw0.30_x-1_i0067.h5,1,3.000000000e-01,-1,9.308828552e-01,main,true,fall,175
ml_samples/N1_sw0.30_x-1_i0068.h5,1,3.000000000e-01,-1,9.308828552e-01,main,true,rise,572
ml_samples/N1_sw0.30_x-1_i0069.h5,1,3.000000000e-01,-1,9.308828552e-01,main,true,fall,1532
ml_samples/N1_sw0.30_x-1_i0070.h5,1,3.000000000e-01,-1,9.308828552e-01,main,true,rise,958
ml_samples/N1_sw0.30_x-1_i0071.h5,1,3.000000000e-01,-1,9.308828552e-01,main,true,fall,300
ml_samples/N1_sw0.30_x-1_i0072.h5,1,3.000000000e-01,-1,9.308828552e-01,main,true,rise,509
ml_samples/N1_sw0.30_x-1_i0073.h5,1,3.000000000e-01,-1,9.308828552e-01,main,true,fall,569
ml_samples/N1_sw0.30_x-1_i0074.h5,1,3.000000000e-01,-1,9.308828552e-01,main,true,fall,787
ml_samples/N1_sw0.30_x-1_i0075.h5,1,3.000000000e-01,-1,9.308828552e-01,main,true,fall,389
ml_samples/N1_sw0.30_x-1_i0076.h5,1,3.000000000e-01,-1,9.308828552e-01,main,true,fall,133
ml_samples/N1_sw0.30_x-1_i0077.h5,1,3.000000000e-01,-1,9.308828552e-01,main,true,fall,222
ml_samples/N1_sw0.30_x-1_i0078.h5,1,3.000000000e-01,-1,9.308828552e-01,main,true,fall,430
ml_samples/N1_sw0.30_x-1_i0079.h5,1,3.000000000e-01,-1,9.308828552e-01,main,true,fall,1546
ml_samples/N1_sw0.30_x-1_i0080.h5,1,3.000000000e-01,-1,9.308828552e-01,main,true,fall,251
ml_samples/N1_sw0.30_x-1_i0081.h5,1,3.000000000e-01,-1,9.308828552e-01,main,true,fall,997
ml_samples/N1_sw0.30_x-1_i0082.h5,1,3.000000000e-01,-1,9.308828552e-01,main,true,fall,148
ml_samples/N1_sw0.30_x-1_i0083.h5,1,3.000000000e-01,-1,9.308828552e-01,main,true,fall,282
ml_samples/N1_sw0.30_x-1_i0084.h5,1,3.000000000e-01,-1,9.308828552e-01,main,true,fall,1715
ml_samples/N1_sw0.30_x-1_i0085.h5,1,3.000000000e-01,-1,9.308828552e-01,main,true,fall,211
ml_samples/N1_sw0.30_x-1_i0086.h5,1,3.000000000e-01,-1,9.308828552e-01,main,true,rise,1885
ml_samples/N1_sw0.30_x-1_i0087.h5,1,3.000000000e-01,-1,9.308828552e-01,main,true,fall,149
ml_samples/N1_sw0.30_x-1_i0088.h5,1,3.000000000e-01,-1,9.308828552e-01,main,true,fall,549
ml_samples/N1_sw0.30_x-1_i0089.h5,1,3.000000000e-01,-1,9.308828552e-01,main,true,fall,192
ml_samples/N1_sw0.30_x-1_i0090.h5,1,3.000000000e-01,-1,9.308828552e-01,main,true,fall,129
ml_samples/N1_sw0.30_x-1_i0091.h5,1,3.000000000e-01,-1,9.308828552e-01,main,true,fall,169
ml_samples/N1_sw0.30_x-1_i0092.h5,1,3.000000000e-01,-1,9.308828552e-01,main,true,fall,152
ml_samples/N1_sw0.30_x-1_i0093.h5,1,3.000000000e-01,-1,9.308828552e-01,main,true,fall,419
ml_samples/N1_sw0.30_x-1_i0094.h5,1,3.000000000e-01,-1,9.308828552e-01,main,true,fall,2155
ml_samples/N1_sw0.30_x-1_i0095.h5,1,3.000000000e-01,-1,9.308828552e-01,main,true,fall,156
ml_samples/N1_sw0.30_x-1_i0096.h5,1,3.000000000e-01,-1,9.308828552e-01,main,true,fall,97
ml_samples/N1_sw0.30_x-1_i0097.h5,1,3.000000000e-01,-1,9.308828552e-01,main,true,fall,93
ml_samples/N1_sw0.30_x-1_i0098.h5,1,3.000000000e-01,-1,9.308828552e-01,main,true,fall,562
ml_samples/N1_sw0.30_x-1_i0099.h5,1,3.000000000e-01,-1,9.308828552e-01,main,true,fall,1401
ml_samples/N1_sw0.30_x-1_i0100.h5,1,3.000000000e-01,-1,9.308828552e-01,main,true,fall,1273
ml_samples/N1_sw0.30_x-1_i0101.h5,1,3.000000000e-01,-1,9.308828552e-01,main,true,fall,141
ml_samples/N1_sw0.30_x-1_i0102.h5,1,3.000000000e-01,-1,9.308828552e-01,main,true,fall,633
ml_samples/N1_sw0.30_x-1_i0103.h5,1,3.000000000e-01,-1,9.308828552e-01,main,true,fall,96
ml_samples/N1_sw0.30_x-1_i0104.h5,1,3.000000000e-01,-1,9.308828552e-01,main,true,fall,322
ml_samples/N1_sw0.30_x-1_i0105.h5,1,3.000000000e-01,-1,9.308828552e-01,main,true,fall,356
ml_samples/N1_sw0.30_x-1_i0106.h5,1,3.000000000e-01,-1,9.308828552e-01,main,true,fall,174
ml_samples/N1_sw0.30_x-1_i0107.h5,1,3.000000000e-01,-1,9.308828552e-01,main,true,fall,205
ml_samples/N1_sw0.30_x-1_i0108.h5,1,3.000000000e-01,-1,9.308828552e-01,main,true,fall,489
ml_samples/N1_sw0.30_x-1_i0109.h5,1,3.000000000e-01,-1,9.308828552e-01,main,true,fall,126
ml_samples/N1_sw0.30_x-1_i0110.h5,1,3.000000000e-01,-1,9.308828552e-01,main,true,fall,1240
ml_samples/N1_sw0.30_x-1_i0111.h5,1,3.000000000e-01,-1,9.308828552e-01,main,true,fall,613
ml_samples/N1_sw0.30_x-1_i0112.h5,1,3.000000000e-01,-1,9.308828552e-01,main,true,fall,866
ml_samples/N1_sw0.30_x-1_i0113.h5,1,3.000000000e-01,-1,9.308828552e-01,main,true,fall,373
ml_samples/N1_sw0.30_x-1_i0114.h5,1,3.000000000e-01,-1,9.308828552e-01,main,true,fall,150
ml_samples/N1_sw0.30_x-1_i0115.h5,1,3.000000000e-01,-1,9.308828552e-01,main,true,fall,200
ml_samples/N1_sw0.30_x-1_i0116.h5,1,3.000000000e-01,-1,9.308828552e-01,main,true,fall,122
ml_samples/N1_sw0.30_x-1_i0117.h5,1,3.000000000e-01,-1,9.308828552e-01,main,true,fall,140
ml_samples/N1_sw0.30_x-1_i0118.h5,1,3.000000000e-01,-1,9.308828552e-01,main,true,fall,459
ml_samples/N1_sw0.30_x-1_i0119.h5,1,3.000000000e-01,-1,9.308828552e-01,main,true,fall,390
ml_samples/N1_sw0.30_x-1_i0120.h5,1,3.000000000e-01,-1,9.308828552e-01,main,true,fall,212
ml_samples/N1_sw0.30_x-1_i0121.h5,1,3.000000000e-01,-1,9.308828552e-01,main,true,fall,2621
ml_samples/N1_sw0.30_x-1_i0122.h5,1,3.000000000e-01,-1,9.308828552e-01,main,true,fall,314
ml_samples/N1_sw0.30_x-1_i0123.h5,1,3.000000000e-01,-1,9.308828552e-01,main,true,fall,947
ml_samples/N1_sw0.30_x-1_i0124.h5,1,3.000000000e-01,-1,9.308828552e-01,main,true,fall,137
ml_samples/N1_sw0.30_x-1_i0125.h5,1,3.000000000e-01,-1,9.308828552e-01,main,true,fall,1084
ml_samples/N1_sw0.30_x-1_i0126.h5,1,3.000000000e-01,-1,9.308828552e-01,main,true,fall,507
ml_samples/N1_sw0.30_x-1_i0127.h5,1,3.000000000e-01,-1,9.308828552e-01,main,true,fall,303
ml_samples/N1_sw0.30_x-1_i0128.h5,1,3.000000000e-01,-1,9.308828552e-01,main,true,fall,343
ml_samples/N1_sw0.30_x-1_i0129.h5,1,3.000000000e-01,-1,9.308828552e-01,main,true,fall,1328
ml_samples/N1_sw0.30_x-1_i0130.h5,1,3.000000000e-01,-1,9.308828552e-01,main,true,fall,1628
ml_samples/N1_sw0.30_x-1_i0131.h5,1,3.000000000e-01,-1,9.308828552e-01,main,true,fall,205
ml_samples/N1_sw0.30_x-1_i0132.h5,1,3.000000000e-01,-1,9.308828552e-01,main,true,fall,519
ml_samples/N1_sw0.30_x-1_i0133.h5,1,3.000000000e-01,-1,9.308828552e-01,main,true,fall,193
ml_samples/N1_sw0.30_x-1_i0134.h5,1,3.000000000e-01,-1,9.308828552e-01,main,true,fall,1147
ml_samples/N1_sw0.30_x-1_i0135.h5,1,3.000000000e-01,-1,9.308828552e-01,main,true,fall,122
ml_samples/N1_sw0.30_x-1_i0136.h5,1,3.000000000e-01,-1,9.308828552e-01,main,true,fall,178
ml_samples/N1_sw0.30_x-1_i0137.h5,1,3.000000000e-01,-1,9.308828552e-01,main,true,fall,587
ml_samples/N1_sw0.30_x-1_i0138.h5,1,3.000000000e-01,-1,9.308828552e-01,main,true,fall,610
ml_samples/N1_sw0.30_x-1_i0139.h5,1,3.000000000e-01,-1,9.308828552e-01,main,true,fall,640
ml_samples/N1_sw0.30_x-1_i0140.h5,1,3.000000000e-01,-1,9.308828552e-01,main,true,fall,257
ml_samples/N1_sw0.30_x-1_i0141.h5,1,3.000000000e-01,-1,9.308828552e-01,main,true,fall,1178
ml_samples/N1_sw0.30_x-1_i0142.h5,1,3.000000000e-01,-1,9.308828552e-01,main,true,fall,875
ml_samples/N1_sw0.30_x-1_i0143.h5,1,3.000000000e-01,-1,9.308828552e-01,main,true,fall,185
ml_samples/N1_sw0.30_x-1_i0144.h5,1,3.000000000e-01,-1,9.308828552e-01,main,true,fall,438
ml_samples/N1_sw0.30_x-1_i0145.h5,1,3.000000000e-01,-1,9.308828552e-01,main,true,fall,431
ml_samples/N1_sw0.30_x-1_i0146.h5,1,3.000000000e-01,-1,9.308828552e-01,main,true,fall,154
ml_samples/N1_sw0.30_x-1_i0147.h5,1,3.000000000e-01,-1,9.308828552e-01,main,true,fall,511
ml_samples/N1_sw0.30_x-1_i0148.h5,1,3.000000000e-01,-1,9.308828552e-01,main,true,fall,773
ml_samples/N1_sw0.30_x-1_i0149.h5,1,3.000000000e-01,-1,9.308828552e-01,main,true,fall,291
ml_samples/N1_sw0.30_x-1_i0150.h5,1,3.000000000e-01,-1,9.308828552e-01,main,true,fall,161
ml_samples/N1_sw0.30_x-1_i0151.h5,1,3.000000000e-01,-1,9.308828552e-01,main,true,fall,251
ml_samples/N1_sw0.30_x-1_i0152.h5,1,3.000000000e-01,-1,9.308828552e-01,main,true,fall,212
ml_samples/N1_sw0.30_x-1_i0153.h5,1,3.000000000e-01,-1,9.308828552e-01,main,true,fall,101
ml_samples/N1_sw0.30_x-1_i0154.h5,1,3.000000000e-01,-1,9.308828552e-01,main,true,fall,542
ml_samples/N1_sw0.30_x-1_i0155.h5,1,3.000000000e-01,-1,9.308828552e-01,main,true,fall,119
ml_samples/N1_sw0.30_x-1_i0156.h5,1,3.000000000e-01,-1,9.308828552e-01,main,true,fall,75
ml_samples/N1_sw0.30_x-1_i0157.h5,1,3.000000000e-01,-1,9.308828552e-01,main,true,fall,1435
ml_samples/N1_sw0.30_x-1_i0158.h5,1,3.000000000e-01,-1,9.308828552e-01,main,true,fall,124
ml_samples/N1_sw0.30_x-1_i0159.h5,1,3.000000000e-01,-1,9.308828552e-01,main,true,fall,174
ml_samples/N1_sw0.30_x-1_i0160.h5,1,3.000000000e-01,-1,9.308828552e-01,main,true,fall,1178
ml_samples/N1_sw0.30_x-1_i0161.h5,1,3.000000000e-01,-1,9.308828552e-01,main,true,fall,588
ml_samples/N1_sw0.30_x-1_i0162.h5,1,3.000000000e-01,-1,9.308828552e-01,main,true,fall,267
ml_samples/N1_sw0.30_x-1_i0163.h5,1,3.000000000e-01,-1,9.308828552e-01,main,true,fall,670
ml_samples/N1_sw0.30_x-1_i0164.h5,1,3.000000000e-01,-1,9.308828552e-01,main,true,fall,328
ml_samples/N1_sw0.30_x-1_i0165.h5,1,3.000000000e-01,-1,9.308828552e-01,main,true,fall,129
ml_samples/N1_sw0.30_x-1_i0166.h5,1,3.000000000e-01,-1,9.308828552e-01,main,true,fall,881
ml_samples/N1_sw0.30_x-1_i0167.h5,1,3.000000000e-01,-1,9.308828552e-01,main,true,rise,2309
ml_samples/N1_sw0.30_x-1_i0168.h5,1,3.000000000e-01,-1,9.308828552e-01,main,true,fall,312
ml_samples/N1_sw0.30_x-1_i0169.h5,1,3.000000000e-01,-1,9.308828552e-01,main,true,fall,1945
ml_samples/N1_sw0.30_x-1_i0170.h5,1,3.000000000e-01,-1,9.308828552e-01,main,true,fall,195
ml_samples/N1_sw0.30_x-1_i0171.h5,1,3.000000000e-01,-1,9.308828552e-01,main,true,fall,214
ml_samples/N1_sw0.30_x-1_i0172.h5,1,3.000000000e-01,-1,9.308828552e-01,main,true,fall,268
ml_samples/N1_sw0.30_x-1_i0173.h5,1,3.000000000e-01,-1,9.308828552e-01,main,true,fall,186
ml_samples/N1_sw0.30_x-1_i0174.h5,1,3.000000000e-01,-1,9.308828552e-01,main,true,fall,123
ml_samples/N1_sw0.30_x-1_i0175.h5,1,3.000000000e-01,-1,9.308828552e-01,main,true,fall,269
ml_samples/N1_sw0.30_x-1_i0176.h5,1,3.000000000e-01,-1,9.308828552e-01,main,true,fall,95
ml_samples/N1_sw0.30_x-1_i0177.h5,1,3.000000000e-01,-1,9.308828552e-01,main,true,fall,148
ml_samples/N1_sw0.30_x-1_i0178.h5,1,3.000000000e-01,-1,9.308828552e-01,main,true,fall,344
ml_samples/N1_sw0.30_x-1_i0179.h5,1,3.000000000e-01,-1,9.308828552e-01,main,true,fall,150
ml_samples/N1_sw0.30_x-1_i0180.h5,1,3.000000000e-01,-1,9.308828552e-01,main,true,fall,107
ml_samples/N1_sw0.30_x-1_i0181.h5,1,3.000000000e-01,-1,9.308828552e-01,main,true,fall,1213
ml_samples/N1_sw0.30_x-1_i0182.h5,1,3.000000000e-01,-1,9.308828552e-01,main,true,rise,3840
ml_samples/N1_sw0.30_x-1_i0183.h5,1,3.000000000e-01,-1,9.308828552e-01,main,true,fall,1274
ml_samples/N1_sw0.30_x-1_i0184.h5,1,3.000000000e-01,-1,9.308828552e-01,main,true,fall,491
ml_samples/N1_sw0.30_x-1_i0185.h5,1,3.000000000e-01,-1,9.308828552e-01,main,true,fall,837
ml_samples/N1_sw0.30_x-1_i0186.h5,1,3.000000000e-01,-1,9.308828552e-01,main,true,fall,205
ml_samples/N1_sw0.30_x-1_i0187.h5,1,3.000000000e-01,-1,9.308828552e-01,main,true,fall,761
ml_samples/N1_sw0.30_x-1_i0188.h5,1,3.000000000e-01,-1,9.308828552e-01,main,true,fall,525
ml_samples/N1_sw0.30_x-1_i0189.h5,1,3.000000000e-01,-1,9.308828552e-01,main,true,fall,221
ml_samples/N1_sw0.30_x-1_i0190.h5,1,3.000000000e-01,-1,9.308828552e-01,main,true,fall,225
ml_samples/N1_sw0.30_x-1_i0191.h5,1,3.000000000e-01,-1,9.308828552e-01,main,true,fall,157
ml_samples/N1_sw0.30_x-1_i0192.h5,1,3.000000000e-01,-1,9.308828552e-01,main,true,fall,865
ml_samples/N1_sw0.30_x-1_i0193.h5,1,3.000000000e-01,-1,9.308828552e-01,main,true,fall,375
ml_samples/N1_sw0.30_x-1_i0194.h5,1,3.000000000e-01,-1,9.308828552e-01,main,true,fall,489
ml_samples/N1_sw0.30_x-1_i0195.h5,1,3.000000000e-01,-1,9.308828552e-01,main,true,fall,248
ml_samples/N1_sw0.30_x-1_i0196.h5,1,3.000000000e-01,-1,9.308828552e-01,main,true,rise,634
ml_samples/N1_sw0.30_x-1_i0197.h5,1,3.000000000e-01,-1,9.308828552e-01,main,true,fall,1114
ml_samples/N1_sw0.30_x-1_i0198.h5,1,3.000000000e-01,-1,9.308828552e-01,main,true,fall,549
ml_samples/N1_sw0.30_x-1_i0199.h5,1,3.000000000e-01,-1,9.308828552e-01,main,true,rise,2179
ml_samples/N1_sw0.30_x+0_i0000.h5,1,3.000000000e-01,0,1.000000000e+00,main,true,rise,5058
ml_samples/N1_sw0.30_x+0_i0001.h5,1,3.000000000e-01,0,1.000000000e+00,main,true,rise,1604
ml_samples/N1_sw0.30_x+0_i0002.h5,1,3.000000000e-01,0,1.000000000e+00,main,true,fall,1858
ml_samples/N1_sw0.30_x+0_i0003.h5,1,3.000000000e-01,0,1.000000000e+00,main,true,fall,464
ml_samples/N1_sw0.30_x+0_i0004.h5,1,3.000000000e-01,0,1.000000000e+00,main,true,fall,3056
ml_samples/N1_sw0.30_x+0_i0005.h5,1,3.000000000e-01,0,1.000000000e+00,main,true,fall,201
ml_samples/N1_sw0.30_x+0_i0006.h5,1,3.000000000e-01,0,1.000000000e+00,main,true,fall,610
ml_samples/N1_sw0.30_x+0_i0007.h5,1,3.000000000e-01,0,1.000000000e+00,main,true,fall,142
ml_samples/N1_sw0.30_x+0_i0008.h5,1,3.000000000e-01,0,1.000000000e+00,main,true,fall,251
ml_samples/N1_sw0.30_x+0_i0009.h5,1,3.000000000e-01,0,1.000000000e+00,main,true,fall,1193
ml_samples/N1_sw0.30_x+0_i0010.h5,1,3.000000000e-01,0,1.000000000e+00,main,true,rise,843
ml_samples/N1_sw0.30_x+0_i0011.h5,1,3.000000000e-01,0,1.000000000e+00,main,true,fall,221
ml_samples/N1_sw0.30_x+0_i0012.h5,1,3.000000000e-01,0,1.000000000e+00,main,true,fall,164
ml_samples/N1_sw0.30_x+0_i0013.h5,1,3.000000000e-01,0,1.000000000e+00,main,true,fall,865
ml_samples/N1_sw0.30_x+0_i0014.h5,1,3.000000000e-01,0,1.000000000e+00,main,true,fall,1196
ml_samples/N1_sw0.30_x+0_i0015.h5,1,3.000000000e-01,0,1.000000000e+00,main,true,fall,303
ml_samples/N1_sw0.30_x+0_i0016.h5,1,3.000000000e-01,0,1.000000000e+00,main,true,rise,2589
ml_samples/N1_sw0.30_x+0_i0017.h5,1,3.000000000e-01,0,1.000000000e+00,main,true,rise,2411
ml_samples/N1_sw0.30_x+0_i0018.h5,1,3.000000000e-01,0,1.000000000e+00,main,true,fall,387
ml_samples/N1_sw0.30_x+0_i0019.h5,1,3.000000000e-01,0,1.000000000e+00,main,true,fall,1419
ml_samples/N1_sw0.30_x+0_i0020.h5,1,3.000000000e-01,0,1.000000000e+00,main,true,fall,164
ml_samples/N1_sw0.30_x+0_i0021.h5,1,3.000000000e-01,0,1.000000000e+00,main,true,rise,257
ml_samples/N1_sw0.30_x+0_i0022.h5,1,3.000000000e-01,0,1.000000000e+00,main,true,rise,629
ml_samples/N1_sw0.30_x+0_i0023.h5,1,3.000000000e-01,0,1.000000000e+00,main,true,rise,837
ml_samples/N1_sw0.30_x+0_i0024.h5,1,3.000000000e-01,0,1.000000000e+00,main,true,fall,143
ml_samples/N1_sw0.30_x+0_i0025.h5,1,3.000000000e-01,0,1.000000000e+00,main,true,fall,492
ml_samples/N1_sw0.30_x+0_i0026.h5,1,3.000000000e-01,0,1.000000000e+00,main,true,rise,1189
ml_samples/N1_sw0.30_x+0_i0027.h5,1,3.000000000e-01,0,1.000000000e+00,main,true,fall,100
ml_samples/N1_sw0.30_x+0_i0028.h5,1,3.000000000e-01,0,1.000000000e+00,main,true,rise,1584
ml_samples/N1_sw0.30_x+0_i0029.h5,1,3.000000000e-01,0,1.000000000e+00,main,true,rise,584
ml_samples/N1_sw0.30_x+0_i0030.h5,1,3.000000000e-01,0,1.000000000e+00,main,true,fall,2862
ml_samples/N1_sw0.30_x+0_i0031.h5,1,3.000000000e-01,0,1.000000000e+00,main,true,fall,1016
ml_samples/N1_sw0.30_x+0_i0032.h5,1,3.000000000e-01,0,1.000000000e+00,main,true,fall,1196
ml_samples/N1_sw0.30_x+0_i0033.h5,1,3.000000000e-01,0,1.000000000e+00,main,true,fall,3804
ml_samples/N1_sw0.30_x+0_i0034.h5,1,3.000000000e-01,0,1.000000000e+00,main,true,fall,658
ml_samples/N1_sw0.30_x+0_i0035.h5,1,3.000000000e-01,0,1.000000000e+00,main,true,rise,1174
ml_samples/N1_sw0.30_x+0_i0036.h5,1,3.000000000e-01,0,1.000000000e+00,main,true,fall,107
ml_samples/N1_sw0.30_x+0_i0037.h5,1,3.000000000e-01,0,1.000000000e+00,main,true,fall,715
ml_samples/N1_sw0.30_x+0_i0038.h5,1,3.000000000e-01,0,1.000000000e+00,main,true,fall,155
ml_samples/N1_sw0.30_x+0_i0039.h5,1,3.000000000e-01,0,1.000000000e+00,main,true,fall,1111
ml_samples/N1_sw0.30_x+0_i0040.h5,1,3.000000000e-01,0,1.000000000e+00,main,true,fall,490
ml_samples/N1_sw0.30_x+0_i0041.h5,1,3.000000000e-01,0,1.000000000e+00,main,true,fall,523
ml_samples/N1_sw0.30_x+0_i0042.h5,1,3.000000000e-01,0,1.000000000e+00,main,true,rise,588
ml_samples/N1_sw0.30_x+0_i0043.h5,1,3.000000000e-01,0,1.000000000e+00,main,true,fall,1006
ml_samples/N1_sw0.30_x+0_i0044.h5,1,3.000000000e-01,0,1.000000000e+00,main,true,rise,1135
ml_samples/N1_sw0.30_x+0_i0045.h5,1,3.000000000e-01,0,1.000000000e+00,main,true,fall,282
ml_samples/N1_sw0.30_x+0_i0046.h5,1,3.000000000e-01,0,1.000000000e+00,main,true,fall,2623
ml_samples/N1_sw0.30_x+0_i0047.h5,1,3.000000000e-01,0,1.000000000e+00,main,true,rise,663
ml_samples/N1_sw0.30_x+0_i0048.h5,1,3.000000000e-01,0,1.000000000e+00,main,true,fall,323
ml_samples/N1_sw0.30_x+0_i0049.h5,1,3.000000000e-01,0,1.000000000e+00,main,true,rise,1574
ml_samples/N1_sw0.30_x+0_i0050.h5,1,3.000000000e-01,0,1.000000000e+00,main,true,fall,379
ml_samples/N1_sw0.30_x+0_i0051.h5,1,3.000000000e-01,0,1.000000000e+00,main,true,fall,145
ml_samples/N1_sw0.30_x+0_i0052.h5,1,3.000000000e-01,0,1.000000000e+00,main,true,fall,620
ml_samples/N1_sw0.30_x+0_i0053.h5,1,3.000000000e-01,0,1.000000000e+00,main,true,fall,296
ml_samples/N1_sw0.30_x+0_i0054.h5,1,3.000000000e-01,0,1.000000000e+00,main,true,fall,1785
ml_samples/N1_sw0.30_x+0_i0055.h5,1,3.000000000e-01,0,1.000000000e+00,main,true,fall,677
ml_samples/N1_sw0.30_x+0_i0056.h5,1,3.000000000e-01,0,1.000000000e+00,main,true,fall,1374
ml_samples/N1_sw0.30_x+0_i0057.h5,1,3.000000000e-01,0,1.000000000e+00,main,true,rise,1117
ml_samples/N1_sw0.30_x+0_i0058.h5,1,3.000000000e-01,0,1.000000000e+00,main,true,fall,1352
ml_samples/N1_sw0.30_x+0_i0059.h5,1,3.000000000e-01,0,1.000000000e+00,main,true,fall,258
ml_samples/N1_sw0.30_x+0_i0060.h5,1,3.000000000e-01,0,1.000000000e+00,main,true,fall,214
ml_samples/N1_sw0.30_x+0_i0061.h5,1,3.000000000e-01,0,1.000000000e+00,main,true,rise,859
ml_samples/N1_sw0.30_x+0_i0062.h5,1,3.000000000e-01,0,1.000000000e+00,main,true,fall,361
ml_samples/N1_sw0.30_x+0_i0063.h5,1,3.000000000e-01,0,1.000000000e+00,main,true,rise,1134
ml_samples/N1_sw0.30_x+0_i0064.h5,1,3.000000000e-01,0,1.000000000e+00,main,true,fall,109
ml_samples/N1_sw0.30_x+0_i0065.h5,1,3.000000000e-01,0,1.000000000e+00,main,true,fall,154
ml_samples/N1_sw0.30_x+0_i0066.h5,1,3.000000000e-01,0,1.000000000e+00,main,true,rise,525
ml_samples/N1_sw0.30_x+0_i0067.h5,1,3.000000000e-01,0,1.000000000e+00,main,true,rise,680
ml_samples/N1_sw0.30_x+0_i0068.h5,1,3.000000000e-01,0,1.000000000e+00,main,true,fall,187
ml_samples/N1_sw0.30_x+0_i0069.h5,1,3.000000000e-01,0,1.000000000e+00,main,true,fall,2272
ml_samples/N1_sw0.30_x+0_i0070.h5,1,3.000000000e-01,0,1.000000000e+00,main,true,fall,2761
ml_samples/N1_sw0.30_x+0_i0071.h5,1,3.000000000e-01,0,1.000000000e+00,main,true,fall,997
ml_samples/N1_sw0.30_x+0_i0072.h5,1,3.000000000e-01,0,1.000000000e+00,main,true,fall,1748
ml_samples/N1_sw0.30_x+0_i0073.h5,1,3.000000000e-01,0,1.000000000e+00,main,true,fall,901
ml_samples/N1_sw0.30_x+0_i0074.h5,1,3.000000000e-01,0,1.000000000e+00,main,true,fall,2456
ml_samples/N1_sw0.30_x+0_i0075.h5,1,3.000000000e-01,0,1.000000000e+00,main,true,fall,625
ml_samples/N1_sw0.30_x+0_i0076.h5,1,3.000000000e-01,0,1.000000000e+00,main,true,fall,445
ml_samples/N1_sw0.30_x+0_i0077.h5,1,3.000000000e-01,0,1.000000000e+00,main,true,rise,524
ml_samples/N1_sw0.30_x+0_i0078.h5,1,3.000000000e-01,0,1.000000000e+00,main,true,rise,559
ml_samples/N1_sw0.30_x+0_i0079.h5,1,3.000000000e-01,0,1.000000000e+00,main,true,rise,787
ml_samples/N1_sw0.30_x+0_i0080.h5,1,3.000000000e-01,0,1.000000000e+00,main,true,fall,261
ml_samples/N1_sw0.30_x+0_i0081.h5,1,3.000000000e-01,0,1.000000000e+00,main,true,fall,2017
ml_samples/N1_sw0.30_x+0_i0082.h5,1,3.000000000e-01,0,1.000000000e+00,main,true,rise,309
ml_samples/N1_sw0.30_x+0_i0083.h5,1,3.000000000e-01,0,1.000000000e+00,main,true,fall,1217
ml_samples/N1_sw0.30_x+0_i0084.h5,1,3.000000000e-01,0,1.000000000e+00,main,true,rise,512
ml_samples/N1_sw0.30_x+0_i0085.h5,1,3.000000000e-01,0,1.000000000e+00,main,true,rise,1115
ml_samples/N1_sw0.30_x+0_i0086.h5,1,3.000000000e-01,0,1.000000000e+00,main,true,fall,1184
ml_samples/N1_sw0.30_x+0_i0087.h5,1,3.000000000e-01,0,1.000000000e+00,main,true,rise,1325
ml_samples/N1_sw0.30_x+0_i0088.h5,1,3.000000000e-01,0,1.000000000e+00,main,true,fall,709
ml_samples/N1_sw0.30_x+0_i0089.h5,1,3.000000000e-01,0,1.000000000e+00,main,true,fall,1215
ml_samples/N1_sw0.30_x+0_i0090.h5,1,3.000000000e-01,0,1.000000000e+00,main,true,rise,537
ml_samples/N1_sw0.30_x+0_i0091.h5,1,3.000000000e-01,0,1.000000000e+00,main,true,fall,546
ml_samples/N1_sw0.30_x+0_i0092.h5,1,3.000000000e-01,0,1.000000000e+00,main,true,rise,1801
ml_samples/N1_sw0.30_x+0_i0093.h5,1,3.000000000e-01,0,1.000000000e+00,main,true,fall,361
ml_samples/N1_sw0.30_x+0_i0094.h5,1,3.000000000e-01,0,1.000000000e+00,main,true,rise,581
ml_samples/N1_sw0.30_x+0_i0095.h5,1,3.000000000e-01,0,1.000000000e+00,main,true,rise,2228
ml_samples/N1_sw0.30_x+0_i0096.h5,1,3.000000000e-01,0,1.000000000e+00,main,true,fall,614
ml_samples/N1_sw0.30_x+0_i0097.h5,1,3.000000000e-01,0,1.000000000e+00,main,true,rise,1213
ml_samples/N1_sw0.30_x+0_i0098.h5,1,3.000000000e-01,0,1.000000000e+00,main,true,rise,684
ml_samples/N1_sw0.30_x+0_i0099.h5,1,3.000000000e-01,0,1.000000000e+00,main,true,rise,1621
ml_samples/N1_sw0.30_x+0_i0100.h5,1,3.000000000e-01,0,1.000000000e+00,main,true,fall,2621
ml_samples/N1_sw0.30_x+0_i0101.h5,1,3.000000000e-01,0,1.000000000e+00,main,true,fall,259
ml_samples/N1_sw0.30_x+0_i0102.h5,1,3.000000000e-01,0,1.000000000e+00,main,true,fall,151
ml_samples/N1_sw0.30_x+0_i0103.h5,1,3.000000000e-01,0,1.000000000e+00,main,true,fall,264
ml_samples/N1_sw0.30_x+0_i0104.h5,1,3.000000000e-01,0,1.000000000e+00,main,true,fall,1011
ml_samples/N1_sw0.30_x+0_i0105.h5,1,3.000000000e-01,0,1.000000000e+00,main,true,rise,639
ml_samples/N1_sw0.30_x+0_i0106.h5,1,3.000000000e-01,0,1.000000000e+00,main,true,rise,3827
ml_samples/N1_sw0.30_x+0_i0107.h5,1,3.000000000e-01,0,1.000000000e+00,main,true,fall,4455
ml_samples/N1_sw0.30_x+0_i0108.h5,1,3.000000000e-01,0,1.000000000e+00,main,true,fall,362
ml_samples/N1_sw0.30_x+0_i0109.h5,1,3.000000000e-01,0,1.000000000e+00,main,true,fall,199
ml_samples/N1_sw0.30_x+0_i0110.h5,1,3.000000000e-01,0,1.000000000e+00,main,true,fall,102
ml_samples/N1_sw0.30_x+0_i0111.h5,1,3.000000000e-01,0,1.000000000e+00,main,true,fall,189
ml_samples/N1_sw0.30_x+0_i0112.h5,1,3.000000000e-01,0,1.000000000e+00,main,true,fall,200
ml_samples/N1_sw0.30_x+0_i0113.h5,1,3.000000000e-01,0,1.000000000e+00,main,true,fall,178
ml_samples/N1_sw0.30_x+0_i0114.h5,1,3.000000000e-01,0,1.000000000e+00,main,true,rise,1023
ml_samples/N1_sw0.30_x+0_i0115.h5,1,3.000000000e-01,0,1.000000000e+00,main,true,rise,280
ml_samples/N1_sw0.30_x+0_i0116.h5,1,3.000000000e-01,0,1.000000000e+00,main,true,rise,2209
ml_samples/N1_sw0.30_x+0_i0117.h5,1,3.000000000e-01,0,1.000000000e+00,main,true,fall,170
ml_samples/N1_sw0.30_x+0_i0118.h5,1,3.000000000e-01,0,1.000000000e+00,main,true,fall,1197
ml_samples/N1_sw0.30_x+0_i0119.h5,1,3.000000000e-01,0,1.000000000e+00,main,true,rise,636
ml_samples/N1_sw0.30_x+0_i0120.h5,1,3.000000000e-01,0,1.000000000e+00,main,true,fall,529
ml_samples/N1_sw0.30_x+0_i0121.h5,1,3.000000000e-01,0,1.000000000e+00,main,true,fall,988
ml_samples/N1_sw0.30_x+0_i0122.h5,1,3.000000000e-01,0,1.000000000e+00,main,true,fall,1018
ml_samples/N1_sw0.30_x+0_i0123.h5,1,3.000000000e-01,0,1.000000000e+00,main,true,fall,194
ml_samples/N1_sw0.30_x+0_i0124.h5,1,3.000000000e-01,0,1.000000000e+00,main,true,rise,590
ml_samples/N1_sw0.30_x+0_i0125.h5,1,3.000000000e-01,0,1.000000000e+00,main,true,rise,1289
ml_samples/N1_sw0.30_x+0_i0126.h5,1,3.000000000e-01,0,1.000000000e+00,main,true,fall,1116
ml_samples/N1_sw0.30_x+0_i0127.h5,1,3.000000000e-01,0,1.000000000e+00,main,true,fall,207
ml_samples/N1_sw0.30_x+0_i0128.h5,1,3.000000000e-01,0,1.000000000e+00,main,true,fall,163
ml_samples/N1_sw0.30_x+0_i0129.h5,1,3.000000000e-01,0,1.000000000e+00,main,true,rise,1510
ml_samples/N1_sw0.30_x+0_i0130.h5,1,3.000000000e-01,0,1.000000000e+00,main,true,rise,2916
ml_samples/N1_sw0.30_x+0_i0131.h5,1,3.000000000e-01,0,1.000000000e+00,main,true,fall,1485
ml_samples/N1_sw0.30_x+0_i0132.h5,1,3.000000000e-01,0,1.000000000e+00,main,true,fall,609
ml_samples/N1_sw0.30_x+0_i0133.h5,1,3.000000000e-01,0,1.000000000e+00,main,true,fall,127
ml_samples/N1_sw0.30_x+0_i0134.h5,1,3.000000000e-01,0,1.000000000e+00,main,true,fall,190
ml_samples/N1_sw0.30_x+0_i0135.h5,1,3.000000000e-01,0,1.000000000e+00,main,true,fall,1330
ml_samples/N1_sw0.30_x+0_i0136.h5,1,3.000000000e-01,0,1.000000000e+00,main,true,fall,164
ml_samples/N1_sw0.30_x+0_i0137.h5,1,3.000000000e-01,0,1.000000000e+00,main,true,fall,298
ml_samples/N1_sw0.30_x+0_i0138.h5,1,3.000000000e-01,0,1.000000000e+00,main,true,fall,160
ml_samples/N1_sw0.30_x+0_i0139.h5,1,3.000000000e-01,0,1.000000000e+00,main,true,fall,304
ml_samples/N1_sw0.30_x+0_i0140.h5,1,3.000000000e-01,0,1.000000000e+00,main,true,fall,1023
ml_samples/N1_sw0.30_x+0_i0141.h5,1,3.000000000e-01,0,1.000000000e+00,main,true,fall,520
ml_samples/N1_sw0.30_x+0_i0142.h5,1,3.000000000e-01,0,1.000000000e+00,main,true,fall,342
ml_samples/N1_sw0.30_x+0_i0143.h5,1,3.000000000e-01,0,1.000000000e+00,main,true,fall,218
ml_samples/N1_sw0.30_x+0_i0144.h5,1,3.000000000e-01,0,1.000000000e+00,main,true,rise,1215
ml_samples/N1_sw0.30_x+0_i0145.h5,1,3.000000000e-01,0,1.000000000e+00,main,true,fall,1383
ml_samples/N1_sw0.30_x+0_i0146.h5,1,3.000000000e-01,0,1.000000000e+00,main,true,fall,875
ml_samples/N1_sw0.30_x+0_i0147.h5,1,3.000000000e-01,0,1.000000000e+00,main,true,fall,174
ml_samples/N1_sw0.30_x+0_i0148.h5,1,3.000000000e-01,0,1.000000000e+00,main,true,fall,404
ml_samples/N1_sw0.30_x+0_i0149.h5,1,3.000000000e-01,0,1.000000000e+00,main,true,fall,400
ml_samples/N1_sw0.30_x+0_i0150.h5,1,3.000000000e-01,0,1.000000000e+00,main,true,fall,318
ml_samples/N1_sw0.30_x+0_i0151.h5,1,3.000000000e-01,0,1.000000000e+00,main,true,fall,203
ml_samples/N1_sw0.30_x+0_i0152.h5,1,3.000000000e-01,0,1.000000000e+00,main,true,fall,2524
ml_samples/N1_sw0.30_x+0_i0153.h5,1,3.000000000e-01,0,1.000000000e+00,main,true,rise,1499
ml_samples/N1_sw0.30_x+0_i0154.h5,1,3.000000000e-01,0,1.000000000e+00,main,true,fall,985
ml_samples/N1_sw0.30_x+0_i0155.h5,1,3.000000000e-01,0,1.000000000e+00,main,true,fall,292
ml_samples/N1_sw0.30_x+0_i0156.h5,1,3.000000000e-01,0,1.000000000e+00,main,true,fall,85
ml_samples/N1_sw0.30_x+0_i0157.h5,1,3.000000000e-01,0,1.000000000e+00,main,true,fall,109
ml_samples/N1_sw0.30_x+0_i0158.h5,1,3.000000000e-01,0,1.000000000e+00,main,true,fall,167
ml_samples/N1_sw0.30_x+0_i0159.h5,1,3.000000000e-01,0,1.000000000e+00,main,true,rise,340
ml_samples/N1_sw0.30_x+0_i0160.h5,1,3.000000000e-01,0,1.000000000e+00,main,true,rise,1098
ml_samples/N1_sw0.30_x+0_i0161.h5,1,3.000000000e-01,0,1.000000000e+00,main,true,fall,2357
ml_samples/N1_sw0.30_x+0_i0162.h5,1,3.000000000e-01,0,1.000000000e+00,main,true,fall,1098
ml_samples/N1_sw0.30_x+0_i0163.h5,1,3.000000000e-01,0,1.000000000e+00,main,true,rise,721
ml_samples/N1_sw0.30_x+0_i0164.h5,1,3.000000000e-01,0,1.000000000e+00,main,true,rise,1798
ml_samples/N1_sw0.30_x+0_i0165.h5,1,3.000000000e-01,0,1.000000000e+00,main,true,fall,428
ml_samples/N1_sw0.30_x+0_i0166.h5,1,3.000000000e-01,0,1.000000000e+00,main,true,fall,772
ml_samples/N1_sw0.30_x+0_i0167.h5,1,3.000000000e-01,0,1.000000000e+00,main,true,fall,193
ml_samples/N1_sw0.30_x+0_i0168.h5,1,3.000000000e-01,0,1.000000000e+00,main,true,fall,496
ml_samples/N1_sw0.30_x+0_i0169.h5,1,3.000000000e-01,0,1.000000000e+00,main,true,fall,143
ml_samples/N1_sw0.30_x+0_i0170.h5,1,3.000000000e-01,0,1.000000000e+00,main,true,fall,331
ml_samples/N1_sw0.30_x+0_i0171.h5,1,3.000000000e-01,0,1.000000000e+00,main,true,fall,217
ml_samples/N1_sw0.30_x+0_i0172.h5,1,3.000000000e-01,0,1.000000000e+00,main,true,fall,1288
ml_samples/N1_sw0.30_x+0_i0173.h5,1,3.000000000e-01,0,1.000000000e+00,main,true,fall,368
ml_samples/N1_sw0.30_x+0_i0174.h5,1,3.000000000e-01,0,1.000000000e+00,main,true,fall,789
ml_samples/N1_sw0.30_x+0_i0175.h5,1,3.000000000e-01,0,1.000000000e+00,main,true,fall,909
ml_samples/N1_sw0.30_x+0_i0176.h5,1,3.000000000e-01,0,1.000000000e+00,main,true,rise,596
ml_samples/N1_sw0.30_x+0_i0177.h5,1,3.000000000e-01,0,1.000000000e+00,main,true,fall,3201
ml_samples/N1_sw0.30_x+0_i0178.h5,1,3.000000000e-01,0,1.000000000e+00,main,true,fall,481
ml_samples/N1_sw0.30_x+0_i0179.h5,1,3.000000000e-01,0,1.000000000e+00,main,true,fall,124
ml_samples/N1_sw0.30_x+0_i0180.h5,1,3.000000000e-01,0,1.000000000e+00,main,true,rise,1635
ml_samples/N1_sw0.30_x+0_i0181.h5,1,3.000000000e-01,0,1.000000000e+00,main,true,fall,601
ml_samples/N1_sw0.30_x+0_i0182.h5,1,3.000000000e-01,0,1.000000000e+00,main,true,fall,1415
ml_samples/N1_sw0.30_x+0_i0183.h5,1,3.000000000e-01,0,1.000000000e+00,main,true,fall,110
ml_samples/N1_sw0.30_x+0_i0184.h5,1,3.000000000e-01,0,1.000000000e+00,main,true,fall,122
ml_samples/N1_sw0.30_x+0_i0185.h5,1,3.000000000e-01,0,1.000000000e+00,main,true,fall,2901
ml_samples/N1_sw0.30_x+0_i0186.h5,1,3.000000000e-01,0,1.000000000e+00,main,true,rise,1407
ml_samples/N1_sw0.30_x+0_i0187.h5,1,3.000000000e-01,0,1.000000000e+00,main,true,fall,193
ml_samples/N1_sw0.30_x+0_i0188.h5,1,3.000000000e-01,0,1.000000000e+00,main,true,fall,542
ml_samples/N1_sw0.30_x+0_i0189.h5,1,3.000000000e-01,0,1.000000000e+00,main,true,fall,575
ml_samples/N1_sw0.30_x+0_i0190.h5,1,3.000000000e-01,0,1.000000000e+00,main,true,rise,791
ml_samples/N1_sw0.30_x+0_i0191.h5,1,3.000000000e-01,0,1.000000000e+00,main,true,rise,911
ml_samples/N1_sw0.30_x+0_i0192.h5,1,3.000000000e-01,0,1.000000000e+00,main,true,fall,974
ml_samples/N1_sw0.30_x+0_i0193.h5,1,3.000000000e-01,0,1.000000000e+00,main,true,rise,621
ml_samples/N1_sw0.30_x+0_i0194.h5,1,3.000000000e-01,0,1.000000000e+00,main,true,fall,546
ml_samples/N1_sw0.30_x+0_i0195.h5,1,3.000000000e-01,0,1.000000000e+00,main,true,fall,197
ml_samples/N1_sw0.30_x+0_i0196.h5,1,3.000000000e-01,0,1.000000000e+00,main,true,rise,431
ml_samples/N1_sw0.30_x+0_i0197.h5,1,3.000000000e-01,0,1.000000000e+00,main,true,rise,1746
ml_samples/N1_sw0.30_x+0_i0198.h5,1,3.000000000e-01,0,1.000000000e+00,main,true,rise,2250
ml_samples/N1_sw0.30_x+0_i0199.h5,1,3.000000000e-01,0,1.000000000e+00,main,true,fall,1570
ml_samples/N1_sw0.30_x+1_i0000.h5,1,3.000000000e-01,1,1.069117145e+00,main,true,rise,328
ml_samples/N1_sw0.30_x+1_i0001.h5,1,3.000000000e-01,1,1.069117145e+00,main,true,rise,596
ml_samples/N1_sw0.30_x+1_i0002.h5,1,3.000000000e-01,1,1.069117145e+00,main,true,rise,849
ml_samples/N1_sw0.30_x+1_i0003.h5,1,3.000000000e-01,1,1.069117145e+00,main,true,rise,603
ml_samples/N1_sw0.30_x+1_i0004.h5,1,3.000000000e-01,1,1.069117145e+00,main,true,rise,882
ml_samples/N1_sw0.30_x+1_i0005.h5,1,3.000000000e-01,1,1.069117145e+00,main,true,rise,397
ml_samples/N1_sw0.30_x+1_i0006.h5,1,3.000000000e-01,1,1.069117145e+00,main,true,rise,1878
ml_samples/N1_sw0.30_x+1_i0007.h5,1,3.000000000e-01,1,1.069117145e+00,main,true,rise,384
ml_samples/N1_sw0.30_x+1_i0008.h5,1,3.000000000e-01,1,1.069117145e+00,main,true,fall,143
ml_samples/N1_sw0.30_x+1_i0009.h5,1,3.000000000e-01,1,1.069117145e+00,main,true,fall,554
ml_samples/N1_sw0.30_x+1_i0010.h5,1,3.000000000e-01,1,1.069117145e+00,main,true,rise,732
ml_samples/N1_sw0.30_x+1_i0011.h5,1,3.000000000e-01,1,1.069117145e+00,main,true,rise,395
ml_samples/N1_sw0.30_x+1_i0012.h5,1,3.000000000e-01,1,1.069117145e+00,main,true,fall,613
ml_samples/N1_sw0.30_x+1_i0013.h5,1,3.000000000e-01,1,1.069117145e+00,main,true,rise,784
ml_samples/N1_sw0.30_x+1_i0014.h5,1,3.000000000e-01,1,1.069117145e+00,main,true,rise,3549
ml_samples/N1_sw0.30_x+1_i0015.h5,1,3.000000000e-01,1,1.069117145e+00,main,true,rise,564
ml_samples/N1_sw0.30_x+1_i0016.h5,1,3.000000000e-01,1,1.069117145e+00,main,true,rise,775
ml_samples/N1_sw0.30_x+1_i0017.h5,1,3.000000000e-01,1,1.069117145e+00,main,true,fall,929
ml_samples/N1_sw0.30_x+1_i0018.h5,1,3.000000000e-01,1,1.069117145e+00,main,true,rise,980
ml_samples/N1_sw0.30_x+1_i0019.h5,1,3.000000000e-01,1,1.069117145e+00,main,true,rise,1037
ml_samples/N1_sw0.30_x+1_i0020.h5,1,3.000000000e-01,1,1.069117145e+00,main,true,fall,471
ml_samples/N1_sw0.30_x+1_i0021.h5,1,3.000000000e-01,1,1.069117145e+00,main,true,rise,588
ml_samples/N1_sw0.30_x+1_i0022.h5,1,3.000000000e-01,1,1.069117145e+00,main,true,rise,407
ml_samples/N1_sw0.30_x+1_i0023.h5,1,3.000000000e-01,1,1.069117145e+00,main,true,fall,201
ml_samples/N1_sw0.30_x+1_i0024.h5,1,3.000000000e-01,1,1.069117145e+00,main,true,rise,278
ml_samples/N1_sw0.30_x+1_i0025.h5,1,3.000000000e-01,1,1.069117145e+00,main,true,fall,659
ml_samples/N1_sw0.30_x+1_i0026.h5,1,3.000000000e-01,1,1.069117145e+00,main,true,rise,457
ml_samples/N1_sw0.30_x+1_i0027.h5,1,3.000000000e-01,1,1.069117145e+00,main,true,rise,411
ml_samples/N1_sw0.30_x+1_i0028.h5,1,3.000000000e-01,1,1.069117145e+00,main,true,rise,721
ml_samples/N1_sw0.30_x+1_i0029.h5,1,3.000000000e-01,1,1.069117145e+00,main,true,rise,504
ml_samples/N1_sw0.30_x+1_i0030.h5,1,3.000000000e-01,1,1.069117145e+00,main,true,rise,293
ml_samples/N1_sw0.30_x+1_i0031.h5,1,3.000000000e-01,1,1.069117145e+00,main,true,fall,212
ml_samples/N1_sw0.30_x+1_i0032.h5,1,3.000000000e-01,1,1.069117145e+00,main,true,rise,1084
ml_samples/N1_sw0.30_x+1_i0033.h5,1,3.000000000e-01,1,1.069117145e+00,main,true,rise,590
ml_samples/N1_sw0.30_x+1_i0034.h5,1,3.000000000e-01,1,1.069117145e+00,main,true,rise,715
ml_samples/N1_sw0.30_x+1_i0035.h5,1,3.000000000e-01,1,1.069117145e+00,main,true,rise,422
ml_samples/N1_sw0.30_x+1_i0036.h5,1,3.000000000e-01,1,1.069117145e+00,main,true,rise,582
ml_samples/N1_sw0.30_x+1_i0037.h5,1,3.000000000e-01,1,1.069117145e+00,main,true,rise,327
ml_samples/N1_sw0.30_x+1_i0038.h5,1,3.000000000e-01,1,1.069117145e+00,main,true,rise,545
ml_samples/N1_sw0.30_x+1_i0039.h5,1,3.000000000e-01,1,1.069117145e+00,main,true,fall,106
ml_samples/N1_sw0.30_x+1_i0040.h5,1,3.000000000e-01,1,1.069117145e+00,main,true,rise,465
ml_samples/N1_sw0.30_x+1_i0041.h5,1,3.000000000e-01,1,1.069117145e+00,main,true,rise,1473
ml_samples/N1_sw0.30_x+1_i0042.h5,1,3.000000000e-01,1,1.069117145e+00,main,true,fall,218
ml_samples/N1_sw0.30_x+1_i0043.h5,1,3.000000000e-01,1,1.069117145e+00,main,true,rise,1218
ml_samples/N1_sw0.30_x+1_i0044.h5,1,3.000000000e-01,1,1.069117145e+00,main,true,rise,1026
ml_samples/N1_sw0.30_x+1_i0045.h5,1,3.000000000e-01,1,1.069117145e+00,main,true,fall,1059
ml_samples/N1_sw0.30_x+1_i0046.h5,1,3.000000000e-01,1,1.069117145e+00,main,true,fall,891
ml_samples/N1_sw0.30_x+1_i0047.h5,1,3.000000000e-01,1,1.069117145e+00,main,true,rise,2849
ml_samples/N1_sw0.30_x+1_i0048.h5,1,3.000000000e-01,1,1.069117145e+00,main,true,rise,985
ml_samples/N1_sw0.30_x+1_i0049.h5,1,3.000000000e-01,1,1.069117145e+00,main,true,rise,1074
ml_samples/N1_sw0.30_x+1_i0050.h5,1,3.000000000e-01,1,1.069117145e+00,main,true,rise,471
ml_samples/N1_sw0.30_x+1_i0051.h5,1,3.000000000e-01,1,1.069117145e+00,main,true,rise,401
ml_samples/N1_sw0.30_x+1_i0052.h5,1,3.000000000e-01,1,1.069117145e+00,main,true,rise,739
ml_samples/N1_sw0.30_x+1_i0053.h5,1,3.000000000e-01,1,1.069117145e+00,main,true,rise,400
ml_samples/N1_sw0.30_x+1_i0054.h5,1,3.000000000e-01,1,1.069117145e+00,main,true,rise,536
ml_samples/N1_sw0.30_x+1_i0055.h5,1,3.000000000e-01,1,1.069117145e+00,main,true,rise,999
ml_samples/N1_sw0.30_x+1_i0056.h5,1,3.000000000e-01,1,1.069117145e+00,main,true,fall,518
ml_samples/N1_sw0.30_x+1_i0057.h5,1,3.000000000e-01,1,1.069117145e+00,main,true,rise,424
ml_samples/N1_sw0.30_x+1_i0058.h5,1,3.000000000e-01,1,1.069117145e+00,main,true,rise,362
ml_samples/N1_sw0.30_x+1_i0059.h5,1,3.000000000e-01,1,1.069117145e+00,main,true,fall,340
ml_samples/N1_sw0.30_x+1_i0060.h5,1,3.000000000e-01,1,1.069117145e+00,main,true,rise,883
ml_samples/N1_sw0.30_x+1_i0061.h5,1,3.000000000e-01,1,1.069117145e+00,main,true,fall,915
ml_samples/N1_sw0.30_x+1_i0062.h5,1,3.000000000e-01,1,1.069117145e+00,main,true,rise,1538
ml_samples/N1_sw0.30_x+1_i0063.h5,1,3.000000000e-01,1,1.069117145e+00,main,true,rise,433
ml_samples/N1_sw0.30_x+1_i0064.h5,1,3.000000000e-01,1,1.069117145e+00,main,true,rise,471
ml_samples/N1_sw0.30_x+1_i0065.h5,1,3.000000000e-01,1,1.069117145e+00,main,true,rise,598
ml_samples/N1_sw0.30_x+1_i0066.h5,1,3.000000000e-01,1,1.069117145e+00,main,true,fall,1354
ml_samples/N1_sw0.30_x+1_i0067.h5,1,3.000000000e-01,1,1.069117145e+00,main,true,rise,248
ml_samples/N1_sw0.30_x+1_i0068.h5,1,3.000000000e-01,1,1.069117145e+00,main,true,rise,782
ml_samples/N1_sw0.30_x+1_i0069.h5,1,3.000000000e-01,1,1.069117145e+00,main,true,rise,838
ml_samples/N1_sw0.30_x+1_i0070.h5,1,3.000000000e-01,1,1.069117145e+00,main,true,fall,621
ml_samples/N1_sw0.30_x+1_i0071.h5,1,3.000000000e-01,1,1.069117145e+00,main,true,fall,632
ml_samples/N1_sw0.30_x+1_i0072.h5,1,3.000000000e-01,1,1.069117145e+00,main,true,rise,592
ml_samples/N1_sw0.30_x+1_i0073.h5,1,3.000000000e-01,1,1.069117145e+00,main,true,fall,162
ml_samples/N1_sw0.30_x+1_i0074.h5,1,3.000000000e-01,1,1.069117145e+00,main,true,rise,338
ml_samples/N1_sw0.30_x+1_i0075.h5,1,3.000000000e-01,1,1.069117145e+00,main,true,rise,1066
ml_samples/N1_sw0.30_x+1_i0076.h5,1,3.000000000e-01,1,1.069117145e+00,main,true,rise,710
ml_samples/N1_sw0.30_x+1_i0077.h5,1,3.000000000e-01,1,1.069117145e+00,main,true,fall,357
ml_samples/N1_sw0.30_x+1_i0078.h5,1,3.000000000e-01,1,1.069117145e+00,main,true,fall,875
ml_samples/N1_sw0.30_x+1_i0079.h5,1,3.000000000e-01,1,1.069117145e+00,main,true,fall,167
ml_samples/N1_sw0.30_x+1_i0080.h5,1,3.000000000e-01,1,1.069117145e+00,main,true,rise,339
ml_samples/N1_sw0.30_x+1_i0081.h5,1,3.000000000e-01,1,1.069117145e+00,main,true,rise,4393
ml_samples/N1_sw0.30_x+1_i0082.h5,1,3.000000000e-01,1,1.069117145e+00,main,true,rise,498
ml_samples/N1_sw0.30_x+1_i0083.h5,1,3.000000000e-01,1,1.069117145e+00,main,true,rise,1171
ml_samples/N1_sw0.30_x+1_i0084.h5,1,3.000000000e-01,1,1.069117145e+00,main,true,rise,441
ml_samples/N1_sw0.30_x+1_i0085.h5,1,3.000000000e-01,1,1.069117145e+00,main,true,fall,562
ml_samples/N1_sw0.30_x+1_i0086.h5,1,3.000000000e-01,1,1.069117145e+00,main,true,rise,2441
ml_samples/N1_sw0.30_x+1_i0087.h5,1,3.000000000e-01,1,1.069117145e+00,main,true,rise,407
ml_samples/N1_sw0.30_x+1_i0088.h5,1,3.000000000e-01,1,1.069117145e+00,main,true,fall,205
ml_samples/N1_sw0.30_x+1_i0089.h5,1,3.000000000e-01,1,1.069117145e+00,main,true,rise,1036
ml_samples/N1_sw0.30_x+1_i0090.h5,1,3.000000000e-01,1,1.069117145e+00,main,true,fall,478
ml_samples/N1_sw0.30_x+1_i0091.h5,1,3.000000000e-01,1,1.069117145e+00,main,true,rise,377
ml_samples/N1_sw0.30_x+1_i0092.h5,1,3.000000000e-01,1,1.069117145e+00,main,true,rise,959
ml_samples/N1_sw0.30_x+1_i0093.h5,1,3.000000000e-01,1,1.069117145e+00,main,true,rise,445
ml_samples/N1_sw0.30_x+1_i0094.h5,1,3.000000000e-01,1,1.069117145e+00,main,true,rise,697
ml_samples/N1_sw0.30_x+1_i0095.h5,1,3.000000000e-01,1,1.069117145e+00,main,true,fall,1423
ml_samples/N1_sw0.30_x+1_i0096.h5,1,3.000000000e-01,1,1.069117145e+00,main,true,rise,371
ml_samples/N1_sw0.30_x+1_i0097.h5,1,3.000000000e-01,1,1.069117145e+00,main,true,rise,335
ml_samples/N1_sw0.30_x+1_i0098.h5,1,3.000000000e-01,1,1.069117145e+00,main,true,fall,434
ml_samples/N1_sw0.30_x+1_i0099.h5,1,3.000000000e-01,1,1.069117145e+00,main,true,rise,543
ml_samples/N1_sw0.30_x+1_i0100.h5,1,3.000000000e-01,1,1.069117145e+00,main,true,rise,1478
ml_samples/N1_sw0.30_x+1_i0101.h5,1,3.000000000e-01,1,1.069117145e+00,main,true,rise,1306
ml_samples/N1_sw0.30_x+1_i0102.h5,1,3.000000000e-01,1,1.069117145e+00,main,true,fall,259
ml_samples/N1_sw0.30_x+1_i0103.h5,1,3.000000000e-01,1,1.069117145e+00,main,true,rise,495
ml_samples/N1_sw0.30_x+1_i0104.h5,1,3.000000000e-01,1,1.069117145e+00,main,true,rise,486
ml_samples/N1_sw0.30_x+1_i0105.h5,1,3.000000000e-01,1,1.069117145e+00,main,true,rise,615
ml_samples/N1_sw0.30_x+1_i0106.h5,1,3.000000000e-01,1,1.069117145e+00,main,true,fall,835
ml_samples/N1_sw0.30_x+1_i0107.h5,1,3.000000000e-01,1,1.069117145e+00,main,true,rise,753
ml_samples/N1_sw0.30_x+1_i0108.h5,1,3.000000000e-01,1,1.069117145e+00,main,true,rise,311
ml_samples/N1_sw0.30_x+1_i0109.h5,1,3.000000000e-01,1,1.069117145e+00,main,true,rise,1328
ml_samples/N1_sw0.30_x+1_i0110.h5,1,3.000000000e-01,1,1.069117145e+00,main,true,rise,473
ml_samples/N1_sw0.30_x+1_i0111.h5,1,3.000000000e-01,1,1.069117145e+00,main,true,rise,453
ml_samples/N1_sw0.30_x+1_i0112.h5,1,3.000000000e-01,1,1.069117145e+00,main,true,fall,641
ml_samples/N1_sw0.30_x+1_i0113.h5,1,3.000000000e-01,1,1.069117145e+00,main,true,rise,649
ml_samples/N1_sw0.30_x+1_i0114.h5,1,3.000000000e-01,1,1.069117145e+00,main,true,rise,1785
ml_samples/N1_sw0.30_x+1_i0115.h5,1,3.000000000e-01,1,1.069117145e+00,main,true,rise,829
ml_samples/N1_sw0.30_x+1_i0116.h5,1,3.000000000e-01,1,1.069117145e+00,main,true,rise,798
ml_samples/N1_sw0.30_x+1_i0117.h5,1,3.000000000e-01,1,1.069117145e+00,main,true,fall,392
ml_samples/N1_sw0.30_x+1_i0118.h5,1,3.000000000e-01,1,1.069117145e+00,main,true,rise,1776
ml_samples/N1_sw0.30_x+1_i0119.h5,1,3.000000000e-01,1,1.069117145e+00,main,true,fall,497
ml_samples/N1_sw0.30_x+1_i0120.h5,1,3.000000000e-01,1,1.069117145e+00,main,true,rise,714
ml_samples/N1_sw0.30_x+1_i0121.h5,1,3.000000000e-01,1,1.069117145e+00,main,true,rise,541
ml_samples/N1_sw0.30_x+1_i0122.h5,1,3.000000000e-01,1,1.069117145e+00,main,true,rise,894
ml_samples/N1_sw0.30_x+1_i0123.h5,1,3.000000000e-01,1,1.069117145e+00,main,true,rise,609
ml_samples/N1_sw0.30_x+1_i0124.h5,1,3.000000000e-01,1,1.069117145e+00,main,true,fall,198
ml_samples/N1_sw0.30_x+1_i0125.h5,1,3.000000000e-01,1,1.069117145e+00,main,true,rise,378
ml_samples/N1_sw0.30_x+1_i0126.h5,1,3.000000000e-01,1,1.069117145e+00,main,true,fall,984
ml_samples/N1_sw0.30_x+1_i0127.h5,1,3.000000000e-01,1,1.069117145e+00,main,true,rise,908
ml_samples/N1_sw0.30_x+1_i0128.h5,1,3.000000000e-01,1,1.069117145e+00,main,true,rise,1460
ml_samples/N1_sw0.30_x+1_i0129.h5,1,3.000000000e-01,1,1.069117145e+00,main,true,rise,1060
ml_samples/N1_sw0.30_x+1_i0130.h5,1,3.000000000e-01,1,1.069117145e+00,main,true,rise,808
ml_samples/N1_sw0.30_x+1_i0131.h5,1,3.000000000e-01,1,1.069117145e+00,main,true,rise,252
ml_samples/N1_sw0.30_x+1_i0132.h5,1,3.000000000e-01,1,1.069117145e+00,main,true,fall,582
ml_samples/N1_sw0.30_x+1_i0133.h5,1,3.000000000e-01,1,1.069117145e+00,main,true,fall,1450
ml_samples/N1_sw0.30_x+1_i0134.h5,1,3.000000000e-01,1,1.069117145e+00,main,true,rise,1208
ml_samples/N1_sw0.30_x+1_i0135.h5,1,3.000000000e-01,1,1.069117145e+00,main,true,rise,1621
ml_samples/N1_sw0.30_x+1_i0136.h5,1,3.000000000e-01,1,1.069117145e+00,main,true,rise,450
ml_samples/N1_sw0.30_x+1_i0137.h5,1,3.000000000e-01,1,1.069117145e+00,main,true,rise,464
ml_samples/N1_sw0.30_x+1_i0138.h5,1,3.000000000e-01,1,1.069117145e+00,main,true,fall,265
ml_samples/N1_sw0.30_x+1_i0139.h5,1,3.000000000e-01,1,1.069117145e+00,main,true,rise,410
ml_samples/N1_sw0.30_x+1_i0140.h5,1,3.000000000e-01,1,1.069117145e+00,main,true,rise,1364
ml_samples/N1_sw0.30_x+1_i0141.h5,1,3.000000000e-01,1,1.069117145e+00,main,true,rise,308
ml_samples/N1_sw0.30_x+1_i0142.h5,1,3.000000000e-01,1,1.069117145e+00,main,true,rise,1517
ml_samples/N1_sw0.30_x+1_i0143.h5,1,3.000000000e-01,1,1.069117145e+00,main,true,rise,740
ml_samples/N1_sw0.30_x+1_i0144.h5,1,3.000000000e-01,1,1.069117145e+00,main,true,rise,1481
ml_samples/N1_sw0.30_x+1_i0145.h5,1,3.000000000e-01,1,1.069117145e+00,main,true,rise,424
ml_samples/N1_sw0.30_x+1_i0146.h5,1,3.000000000e-01,1,1.069117145e+00,main,true,rise,289
ml_samples/N1_sw0.30_x+1_i0147.h5,1,3.000000000e-01,1,1.069117145e+00,main,true,rise,861
ml_samples/N1_sw0.30_x+1_i0148.h5,1,3.000000000e-01,1,1.069117145e+00,main,true,rise,1126
ml_samples/N1_sw0.30_x+1_i0149.h5,1,3.000000000e-01,1,1.069117145e+00,main,true,rise,399
ml_samples/N1_sw0.30_x+1_i0150.h5,1,3.000000000e-01,1,1.069117145e+00,main,true,rise,794
ml_samples/N1_sw0.30_x+1_i0151.h5,1,3.000000000e-01,1,1.069117145e+00,main,true,rise,1256
ml_samples/N1_sw0.30_x+1_i0152.h5,1,3.000000000e-01,1,1.069117145e+00,main,true,rise,2899
ml_samples/N1_sw0.30_x+1_i0153.h5,1,3.000000000e-01,1,1.069117145e+00,main,true,rise,936
ml_samples/N1_sw0.30_x+1_i0154.h5,1,3.000000000e-01,1,1.069117145e+00,main,true,rise,264
ml_samples/N1_sw0.30_x+1_i0155.h5,1,3.000000000e-01,1,1.069117145e+00,main,true,rise,892
ml_samples/N1_sw0.30_x+1_i0156.h5,1,3.000000000e-01,1,1.069117145e+00,main,true,rise,1066
ml_samples/N1_sw0.30_x+1_i0157.h5,1,3.000000000e-01,1,1.069117145e+00,main,true,rise,992
ml_samples/N1_sw0.30_x+1_i0158.h5,1,3.000000000e-01,1,1.069117145e+00,main,true,rise,364
ml_samples/N1_sw0.30_x+1_i0159.h5,1,3.000000000e-01,1,1.069117145e+00,main,true,rise,549
ml_samples/N1_sw0.30_x+1_i0160.h5,1,3.000000000e-01,1,1.069117145e+00,main,true,rise,1610
ml_samples/N1_sw0.30_x+1_i0161.h5,1,3.000000000e-01,1,1.069117145e+00,main,true,fall,1513
ml_samples/N1_sw0.30_x+1_i0162.h5,1,3.000000000e-01,1,1.069117145e+00,main,true,rise,3083
ml_samples/N1_sw0.30_x+1_i0163.h5,1,3.000000000e-01,1,1.069117145e+00,main,true,rise,523
ml_samples/N1_sw0.30_x+1_i0164.h5,1,3.000000000e-01,1,1.069117145e+00,main,true,rise,315
ml_samples/N1_sw0.30_x+1_i0165.h5,1,3.000000000e-01,1,1.069117145e+00,main,true,rise,881
ml_samples/N1_sw0.30_x+1_i0166.h5,1,3.000000000e-01,1,1.069117145e+00,main,true,rise,790
ml_samples/N1_sw0.30_x+1_i0167.h5,1,3.000000000e-01,1,1.069117145e+00,main,true,fall,228
ml_samples/N1_sw0.30_x+1_i0168.h5,1,3.000000000e-01,1,1.069117145e+00,main,true,fall,452
ml_samples/N1_sw0.30_x+1_i0169.h5,1,3.000000000e-01,1,1.069117145e+00,main,true,rise,2050
ml_samples/N1_sw0.30_x+1_i0170.h5,1,3.000000000e-01,1,1.069117145e+00,main,true,rise,608
ml_samples/N1_sw0.30_x+1_i0171.h5,1,3.000000000e-01,1,1.069117145e+00,main,true,rise,369
ml_samples/N1_sw0.30_x+1_i0172.h5,1,3.000000000e-01,1,1.069117145e+00,main,true,rise,416
ml_samples/N1_sw0.30_x+1_i0173.h5,1,3.000000000e-01,1,1.069117145e+00,main,true,rise,1194
ml_samples/N1_sw0.30_x+1_i0174.h5,1,3.000000000e-01,1,1.069117145e+00,main,true,rise,259
ml_samples/N1_sw0.30_x+1_i0175.h5,1,3.000000000e-01,1,1.069117145e+00,main,true,rise,2057
ml_samples/N1_sw0.30_x+1_i0176.h5,1,3.000000000e-01,1,1.069117145e+00,main,true,rise,720
ml_samples/N1_sw0.30_x+1_i0177.h5,1,3.000000000e-01,1,1.069117145e+00,main,true,rise,310
ml_samples/N1_sw0.30_x+1_i0178.h5,1,3.000000000e-01,1,1.069117145e+00,main,true,rise,1049
ml_samples/N1_sw0.30_x+1_i0179.h5,1,3.000000000e-01,1,1.069117145e+00,main,true,rise,501
ml_samples/N1_sw0.30_x+1_i0180.h5,1,3.000000000e-01,1,1.069117145e+00,main,true,rise,380
ml_samples/N1_sw0.30_x+1_i0181.h5,1,3.000000000e-01,1,1.069117145e+00,main,true,rise,746
ml_samples/N1_sw0.30_x+1_i0182.h5,1,3.000000000e-01,1,1.069117145e+00,main,true,rise,425
ml_samples/N1_sw0.30_x+1_i0183.h5,1,3.000000000e-01,1,1.069117145e+00,main,true,rise,350
ml_samples/N1_sw0.30_x+1_i0184.h5,1,3.000000000e-01,1,1.069117145e+00,main,true,fall,527
ml_samples/N1_sw0.30_x+1_i0185.h5,1,3.000000000e-01,1,1.069117145e+00,main,true,fall,1007
ml_samples/N1_sw0.30_x+1_i0186.h5,1,3.000000000e-01,1,1.069117145e+00,main,true,rise,491
ml_samples/N1_sw0.30_x+1_i0187.h5,1,3.000000000e-01,1,1.069117145e+00,main,true,rise,822
ml_samples/N1_sw0.30_x+1_i0188.h5,1,3.000000000e-01,1,1.069117145e+00,main,true,rise,819
ml_samples/N1_sw0.30_x+1_i0189.h5,1,3.000000000e-01,1,1.069117145e+00,main,true,rise,606
ml_samples/N1_sw0.30_x+1_i0190.h5,1,3.000000000e-01,1,1.069117145e+00,main,true,rise,398
ml_samples/N1_sw0.30_x+1_i0191.h5,1,3.000000000e-01,1,1.069117145e+00,main,true,fall,534
ml_samples/N1_sw0.30_x+1_i0192.h5,1,3.000000000e-01,1,1.069117145e+00,main,true,rise,1282
ml_samples/N1_sw0.30_x+1_i0193.h5,1,3.000000000e-01,1,1.069117145e+00,main,true,rise,418
ml_samples/N1_sw0.30_x+1_i0194.h5,1,3.000000000e-01,1,1.069117145e+00,main,true,fall,89
ml_samples/N1_sw0.30_x+1_i0195.h5,1,3.000000000e-01,1,1.069117145e+00,main,true,fall,882
ml_samples/N1_sw0.30_x+1_i0196.h5,1,3.000000000e-01,1,1.069117145e+00,main,true,fall,188
ml_samples/N1_sw0.30_x+1_i0197.h5,1,3.000000000e-01,1,1.069117145e+00,main,true,rise,904
ml_samples/N1_sw0.30_x+1_i0198.h5,1,3.000000000e-01,1,1.069117145e+00,main,true,rise,1506
ml_samples/N1_sw0.30_x+1_i0199.h5,1,3.000000000e-01,1,1.069117145e+00,main,true,rise,341
ml_samples/N1_sw0.30_x+2_i0000.h5,1,3.000000000e-01,2,1.138234290e+00,main,true,rise,531
ml_samples/N1_sw0.30_x+2_i0001.h5,1,3.000000000e-01,2,1.138234290e+00,main,true,rise,227
ml_samples/N1_sw0.30_x+2_i0002.h5,1,3.000000000e-01,2,1.138234290e+00,main,true,rise,402
ml_samples/N1_sw0.30_x+2_i0003.h5,1,3.000000000e-01,2,1.138234290e+00,main,true,rise,237
ml_samples/N1_sw0.30_x+2_i0004.h5,1,3.000000000e-01,2,1.138234290e+00,main,true,rise,588
ml_samples/N1_sw0.30_x+2_i0005.h5,1,3.000000000e-01,2,1.138234290e+00,main,true,rise,417
ml_samples/N1_sw0.30_x+2_i0006.h5,1,3.000000000e-01,2,1.138234290e+00,main,true,fall,341
ml_samples/N1_sw0.30_x+2_i0007.h5,1,3.000000000e-01,2,1.138234290e+00,main,true,rise,486
ml_samples/N1_sw0.30_x+2_i0008.h5,1,3.000000000e-01,2,1.138234290e+00,main,true,rise,333
ml_samples/N1_sw0.30_x+2_i0009.h5,1,3.000000000e-01,2,1.138234290e+00,main,true,fall,407
ml_samples/N1_sw0.30_x+2_i0010.h5,1,3.000000000e-01,2,1.138234290e+00,main,true,rise,999
ml_samples/N1_sw0.30_x+2_i0011.h5,1,3.000000000e-01,2,1.138234290e+00,main,true,rise,633
ml_samples/N1_sw0.30_x+2_i0012.h5,1,3.000000000e-01,2,1.138234290e+00,main,true,rise,305
ml_samples/N1_sw0.30_x+2_i0013.h5,1,3.000000000e-01,2,1.138234290e+00,main,true,rise,509
ml_samples/N1_sw0.30_x+2_i0014.h5,1,3.000000000e-01,2,1.138234290e+00,main,true,rise,317
ml_samples/N1_sw0.30_x+2_i0015.h5,1,3.000000000e-01,2,1.138234290e+00,main,true,rise,335
ml_samples/N1_sw0.30_x+2_i0016.h5,1,3.000000000e-01,2,1.138234290e+00,main,true,rise,303
ml_samples/N1_sw0.30_x+2_i0017.h5,1,3.000000000e-01,2,1.138234290e+00,main,true,rise,905
ml_samples/N1_sw0.30_x+2_i0018.h5,1,3.000000000e-01,2,1.138234290e+00,main,true,fall,183
ml_samples/N1_sw0.30_x+2_i0019.h5,1,3.000000000e-01,2,1.138234290e+00,main,true,rise,305
ml_samples/N1_sw0.30_x+2_i0020.h5,1,3.000000000e-01,2,1.138234290e+00,main,true,rise,306
ml_samples/N1_sw0.30_x+2_i0021.h5,1,3.000000000e-01,2,1.138234290e+00,main,true,rise,395
ml_samples/N1_sw0.30_x+2_i0022.h5,1,3.000000000e-01,2,1.138234290e+00,main,true,rise,518
ml_samples/N1_sw0.30_x+2_i0023.h5,1,3.000000000e-01,2,1.138234290e+00,main,true,rise,819
ml_samples/N1_sw0.30_x+2_i0024.h5,1,3.000000000e-01,2,1.138234290e+00,main,true,rise,397
ml_samples/N1_sw0.30_x+2_i0025.h5,1,3.000000000e-01,2,1.138234290e+00,main,true,rise,948
ml_samples/N1_sw0.30_x+2_i0026.h5,1,3.000000000e-01,2,1.138234290e+00,main,true,rise,723
ml_samples/N1_sw0.30_x+2_i0027.h5,1,3.000000000e-01,2,1.138234290e+00,main,true,rise,581
ml_samples/N1_sw0.30_x+2_i0028.h5,1,3.000000000e-01,2,1.138234290e+00,main,true,rise,357
ml_samples/N1_sw0.30_x+2_i0029.h5,1,3.000000000e-01,2,1.138234290e+00,main,true,rise,1006
ml_samples/N1_sw0.30_x+2_i0030.h5,1,3.000000000e-01,2,1.138234290e+00,main,true,rise,732
ml_samples/N1_sw0.30_x+2_i0031.h5,1,3.000000000e-01,2,1.138234290e+00,main,true,rise,378
ml_samples/N1_sw0.30_x+2_i0032.h5,1,3.000000000e-01,2,1.138234290e+00,main,true,fall,111
ml_samples/N1_sw0.30_x+2_i0033.h5,1,3.000000000e-01,2,1.138234290e+00,main,true,rise,642
ml_samples/N1_sw0.30_x+2_i0034.h5,1,3.000000000e-01,2,1.138234290e+00,main,true,rise,806
ml_samples/N1_sw0.30_x+2_i0035.h5,1,3.000000000e-01,2,1.138234290e+00,main,true,rise,508
ml_samples/N1_sw0.30_x+2_i0036.h5,1,3.000000000e-01,2,1.138234290e+00,main,true,rise,703
ml_samples/N1_sw0.30_x+2_i0037.h5,1,3.000000000e-01,2,1.138234290e+00,main,true,rise,746
ml_samples/N1_sw0.30_x+2_i0038.h5,1,3.000000000e-01,2,1.138234290e+00,main,true,rise,298
ml_samples/N1_sw0.30_x+2_i0039.h5,1,3.000000000e-01,2,1.138234290e+00,main,true,rise,499
ml_samples/N1_sw0.30_x+2_i0040.h5,1,3.000000000e-01,2,1.138234290e+00,main,true,rise,428
ml_samples/N1_sw0.30_x+2_i0041.h5,1,3.000000000e-01,2,1.138234290e+00,main,true,rise,307
ml_samples/N1_sw0.30_x+2_i0042.h5,1,3.000000000e-01,2,1.138234290e+00,main,true,fall,271
ml_samples/N1_sw0.30_x+2_i0043.h5,1,3.000000000e-01,2,1.138234290e+00,main,true,rise,404
ml_samples/N1_sw0.30_x+2_i0044.h5,1,3.000000000e-01,2,1.138234290e+00,main,true,rise,470
ml_samples/N1_sw0.30_x+2_i0045.h5,1,3.000000000e-01,2,1.138234290e+00,main,true,rise,1392
ml_samples/N1_sw0.30_x+2_i0046.h5,1,3.000000000e-01,2,1.138234290e+00,main,true,rise,291
ml_samples/N1_sw0.30_x+2_i0047.h5,1,3.000000000e-01,2,1.138234290e+00,main,true,rise,404
ml_samples/N1_sw0.30_x+2_i0048.h5,1,3.000000000e-01,2,1.138234290e+00,main,true,rise,269
ml_samples/N1_sw0.30_x+2_i0049.h5,1,3.000000000e-01,2,1.138234290e+00,main,true,rise,647
ml_samples/N1_sw0.30_x+2_i0050.h5,1,3.000000000e-01,2,1.138234290e+00,main,true,rise,562
ml_samples/N1_sw0.30_x+2_i0051.h5,1,3.000000000e-01,2,1.138234290e+00,main,true,rise,748
ml_samples/N1_sw0.30_x+2_i0052.h5,1,3.000000000e-01,2,1.138234290e+00,main,true,rise,259
ml_samples/N1_sw0.30_x+2_i0053.h5,1,3.000000000e-01,2,1.138234290e+00,main,true,rise,521
ml_samples/N1_sw0.30_x+2_i0054.h5,1,3.000000000e-01,2,1.138234290e+00,main,true,rise,1319
ml_samples/N1_sw0.30_x+2_i0055.h5,1,3.000000000e-01,2,1.138234290e+00,main,true,rise,709
ml_samples/N1_sw0.30_x+2_i0056.h5,1,3.000000000e-01,2,1.138234290e+00,main,true,rise,291
ml_samples/N1_sw0.30_x+2_i0057.h5,1,3.000000000e-01,2,1.138234290e+00,main,true,rise,856
ml_samples/N1_sw0.30_x+2_i0058.h5,1,3.000000000e-01,2,1.138234290e+00,main,true,rise,265
ml_samples/N1_sw0.30_x+2_i0059.h5,1,3.000000000e-01,2,1.138234290e+00,main,true,fall,1312
ml_samples/N1_sw0.30_x+2_i0060.h5,1,3.000000000e-01,2,1.138234290e+00,main,true,rise,309
ml_samples/N1_sw0.30_x+2_i0061.h5,1,3.000000000e-01,2,1.138234290e+00,main,true,rise,331
ml_samples/N1_sw0.30_x+2_i0062.h5,1,3.000000000e-01,2,1.138234290e+00,main,true,rise,386
ml_samples/N1_sw0.30_x+2_i0063.h5,1,3.000000000e-01,2,1.138234290e+00,main,true,rise,338
ml_samples/N1_sw0.30_x+2_i0064.h5,1,3.000000000e-01,2,1.138234290e+00,main,true,rise,438
ml_samples/N1_sw0.30_x+2_i0065.h5,1,3.000000000e-01,2,1.138234290e+00,main,true,rise,518
ml_samples/N1_sw0.30_x+2_i0066.h5,1,3.000000000e-01,2,1.138234290e+00,main,true,rise,225
ml_samples/N1_sw0.30_x+2_i0067.h5,1,3.000000000e-01,2,1.138234290e+00,main,true,rise,818
ml_samples/N1_sw0.30_x+2_i0068.h5,1,3.000000000e-01,2,1.138234290e+00,main,true,rise,291
ml_samples/N1_sw0.30_x+2_i0069.h5,1,3.000000000e-01,2,1.138234290e+00,main,true,rise,557
ml_samples/N1_sw0.30_x+2_i0070.h5,1,3.000000000e-01,2,1.138234290e+00,main,true,rise,758
ml_samples/N1_sw0.30_x+2_i0071.h5,1,3.000000000e-01,2,1.138234290e+00,main,true,rise,443
ml_samples/N1_sw0.30_x+2_i0072.h5,1,3.000000000e-01,2,1.138234290e+00,main,true,rise,260
ml_samples/N1_sw0.30_x+2_i0073.h5,1,3.000000000e-01,2,1.138234290e+00,main,true,rise,289
ml_samples/N1_sw0.30_x+2_i0074.h5,1,3.000000000e-01,2,1.138234290e+00,main,true,rise,780
ml_samples/N1_sw0.30_x+2_i0075.h5,1,3.000000000e-01,2,1.138234290e+00,main,true,rise,379
ml_samples/N1_sw0.30_x+2_i0076.h5,1,3.000000000e-01,2,1.138234290e+00,main,true,rise,570
ml_samples/N1_sw0.30_x+2_i0077.h5,1,3.000000000e-01,2,1.138234290e+00,main,true,rise,293
ml_samples/N1_sw0.30_x+2_i0078.h5,1,3.000000000e-01,2,1.138234290e+00,main,true,rise,722
ml_samples/N1_sw0.30_x+2_i0079.h5,1,3.000000000e-01,2,1.138234290e+00,main,true,rise,536
ml_samples/N1_sw0.30_x+2_i0080.h5,1,3.000000000e-01,2,1.138234290e+00,main,true,rise,448
ml_samples/N1_sw0.30_x+2_i0081.h5,1,3.000000000e-01,2,1.138234290e+00,main,true,rise,709
ml_samples/N1_sw0.30_x+2_i0082.h5,1,3.000000000e-01,2,1.138234290e+00,main,true,rise,722
ml_samples/N1_sw0.30_x+2_i0083.h5,1,3.000000000e-01,2,1.138234290e+00,main,true,rise,270
ml_samples/N1_sw0.30_x+2_i0084.h5,1,3.000000000e-01,2,1.138234290e+00,main,true,rise,382
ml_samples/N1_sw0.30_x+2_i0085.h5,1,3.000000000e-01,2,1.138234290e+00,main,true,rise,323
ml_samples/N1_sw0.30_x+2_i0086.h5,1,3.000000000e-01,2,1.138234290e+00,main,true,rise,363
ml_samples/N1_sw0.30_x+2_i0087.h5,1,3.000000000e-01,2,1.138234290e+00,main,true,rise,581
ml_samples/N1_sw0.30_x+2_i0088.h5,1,3.000000000e-01,2,1.138234290e+00,main,true,rise,836
ml_samples/N1_sw0.30_x+2_i0089.h5,1,3.000000000e-01,2,1.138234290e+00,main,true,rise,574
ml_samples/N1_sw0.30_x+2_i0090.h5,1,3.000000000e-01,2,1.138234290e+00,main,true,rise,349
ml_samples/N1_sw0.30_x+2_i0091.h5,1,3.000000000e-01,2,1.138234290e+00,main,true,rise,443
ml_samples/N1_sw0.30_x+2_i0092.h5,1,3.000000000e-01,2,1.138234290e+00,main,true,fall,231
ml_samples/N1_sw0.30_x+2_i0093.h5,1,3.000000000e-01,2,1.138234290e+00,main,true,rise,359
ml_samples/N1_sw0.30_x+2_i0094.h5,1,3.000000000e-01,2,1.138234290e+00,main,true,rise,419
ml_samples/N1_sw0.30_x+2_i0095.h5,1,3.000000000e-01,2,1.138234290e+00,main,true,rise,262
ml_samples/N1_sw0.30_x+2_i0096.h5,1,3.000000000e-01,2,1.138234290e+00,main,true,rise,277
ml_samples/N1_sw0.30_x+2_i0097.h5,1,3.000000000e-01,2,1.138234290e+00,main,true,rise,461
ml_samples/N1_sw0.30_x+2_i0098.h5,1,3.000000000e-01,2,1.138234290e+00,main,true,rise,599
ml_samples/N1_sw0.30_x+2_i0099.h5,1,3.000000000e-01,2,1.138234290e+00,main,true,rise,464
ml_samples/N1_sw0.30_x+4_i0000.h5,1,3.000000000e-01,4,1.276468579e+00,main,true,rise,358
ml_samples/N1_sw0.30_x+4_i0001.h5,1,3.000000000e-01,4,1.276468579e+00,main,true,rise,275
ml_samples/N1_sw0.30_x+4_i0002.h5,1,3.000000000e-01,4,1.276468579e+00,main,true,rise,334
ml_samples/N1_sw0.30_x+4_i0003.h5,1,3.000000000e-01,4,1.276468579e+00,main,true,rise,281
ml_samples/N1_sw0.30_x+4_i0004.h5,1,3.000000000e-01,4,1.276468579e+00,main,true,rise,202
ml_samples/N1_sw0.30_x+4_i0005.h5,1,3.000000000e-01,4,1.276468579e+00,main,true,rise,303
ml_samples/N1_sw0.30_x+4_i0006.h5,1,3.000000000e-01,4,1.276468579e+00,main,true,rise,341
ml_samples/N1_sw0.30_x+4_i0007.h5,1,3.000000000e-01,4,1.276468579e+00,main,true,rise,290
ml_samples/N1_sw0.30_x+4_i0008.h5,1,3.000000000e-01,4,1.276468579e+00,main,true,rise,399
ml_samples/N1_sw0.30_x+4_i0009.h5,1,3.000000000e-01,4,1.276468579e+00,main,true,rise,294
ml_samples/N1_sw0.30_x+4_i0010.h5,1,3.000000000e-01,4,1.276468579e+00,main,true,rise,168
ml_samples/N1_sw0.30_x+4_i0011.h5,1,3.000000000e-01,4,1.276468579e+00,main,true,rise,307
ml_samples/N1_sw0.30_x+4_i0012.h5,1,3.000000000e-01,4,1.276468579e+00,main,true,rise,316
ml_samples/N1_sw0.30_x+4_i0013.h5,1,3.000000000e-01,4,1.276468579e+00,main,true,rise,397
ml_samples/N1_sw0.30_x+4_i0014.h5,1,3.000000000e-01,4,1.276468579e+00,main,true,rise,203
ml_samples/N1_sw0.30_x+4_i0015.h5,1,3.000000000e-01,4,1.276468579e+00,main,true,rise,195
ml_samples/N1_sw0.30_x+4_i0016.h5,1,3.000000000e-01,4,1.276468579e+00,main,true,rise,463
ml_samples/N1_sw0.30_x+4_i0017.h5,1,3.000000000e-01,4,1.276468579e+00,main,true,rise,204
ml_samples/N1_sw0.30_x+4_i0018.h5,1,3.000000000e-01,4,1.276468579e+00,main,true,rise,358
ml_samples/N1_sw0.30_x+4_i0019.h5,1,3.000000000e-01,4,1.276468579e+00,main,true,rise,270
ml_samples/N1_sw0.30_x+4_i0020.h5,1,3.000000000e-01,4,1.276468579e+00,main,true,rise,347
ml_samples/N1_sw0.30_x+4_i0021.h5,1,3.000000000e-01,4,1.276468579e+00,main,true,rise,326
ml_samples/N1_sw0.30_x+4_i0022.h5,1,3.000000000e-01,4,1.276468579e+00,main,true,rise,235
ml_samples/N1_sw0.30_x+4_i0023.h5,1,3.000000000e-01,4,1.276468579e+00,main,true,rise,243
ml_samples/N1_sw0.30_x+4_i0024.h5,1,3.000000000e-01,4,1.276468579e+00,main,true,rise,233
ml_samples/N1_sw0.30_x+4_i0025.h5,1,3.000000000e-01,4,1.276468579e+00,main,true,rise,345
ml_samples/N1_sw0.30_x+4_i0026.h5,1,3.000000000e-01,4,1.276468579e+00,main,true,rise,227
ml_samples/N1_sw0.30_x+4_i0027.h5,1,3.000000000e-01,4,1.276468579e+00,main,true,rise,209
ml_samples/N1_sw0.30_x+4_i0028.h5,1,3.000000000e-01,4,1.276468579e+00,main,true,rise,192
ml_samples/N1_sw0.30_x+4_i0029.h5,1,3.000000000e-01,4,1.276468579e+00,main,true,rise,312
ml_samples/N1_sw0.30_x+4_i0030.h5,1,3.000000000e-01,4,1.276468579e+00,main,true,rise,269
ml_samples/N1_sw0.30_x+4_i0031.h5,1,3.000000000e-01,4,1.276468579e+00,main,true,rise,207
ml_samples/N1_sw0.30_x+4_i0032.h5,1,3.000000000e-01,4,1.276468579e+00,main,true,rise,252
ml_samples/N1_sw0.30_x+4_i0033.h5,1,3.000000000e-01,4,1.276468579e+00,main,true,rise,351
ml_samples/N1_sw0.30_x+4_i0034.h5,1,3.000000000e-01,4,1.276468579e+00,main,true,rise,180
ml_samples/N1_sw0.30_x+4_i0035.h5,1,3.000000000e-01,4,1.276468579e+00,main,true,rise,333
ml_samples/N1_sw0.30_x+4_i0036.h5,1,3.000000000e-01,4,1.276468579e+00,main,true,rise,296
ml_samples/N1_sw0.30_x+4_i0037.h5,1,3.000000000e-01,4,1.276468579e+00,main,true,rise,358
ml_samples/N1_sw0.30_x+4_i0038.h5,1,3.000000000e-01,4,1.276468579e+00,main,true,rise,469
ml_samples/N1_sw0.30_x+4_i0039.h5,1,3.000000000e-01,4,1.276468579e+00,main,true,rise,187
ml_samples/N1_sw0.30_x+4_i0040.h5,1,3.000000000e-01,4,1.276468579e+00,main,true,rise,348
ml_samples/N1_sw0.30_x+4_i0041.h5,1,3.000000000e-01,4,1.276468579e+00,main,true,rise,359
ml_samples/N1_sw0.30_x+4_i0042.h5,1,3.000000000e-01,4,1.276468579e+00,main,true,rise,215
ml_samples/N1_sw0.30_x+4_i0043.h5,1,3.000000000e-01,4,1.276468579e+00,main,true,rise,1168
ml_samples/N1_sw0.30_x+4_i0044.h5,1,3.000000000e-01,4,1.276468579e+00,main,true,rise,334
ml_samples/N1_sw0.30_x+4_i0045.h5,1,3.000000000e-01,4,1.276468579e+00,main,true,rise,376
ml_samples/N1_sw0.30_x+4_i0046.h5,1,3.000000000e-01,4,1.276468579e+00,main,true,rise,251
ml_samples/N1_sw0.30_x+4_i0047.h5,1,3.000000000e-01,4,1.276468579e+00,main,true,rise,239
ml_samples/N1_sw0.30_x+4_i0048.h5,1,3.000000000e-01,4,1.276468579e+00,main,true,rise,275
ml_samples/N1_sw0.30_x+4_i0049.h5,1,3.000000000e-01,4,1.276468579e+00,main,true,rise,253
ml_samples/N1_sw0.30_x+4_i0050.h5,1,3.000000000e-01,4,1.276468579e+00,main,true,rise,515
ml_samples/N1_sw0.30_x+4_i0051.h5,1,3.000000000e-01,4,1.276468579e+00,main,true,rise,470
ml_samples/N1_sw0.30_x+4_i0052.h5,1,3.000000000e-01,4,1.276468579e+00,main,true,rise,283
ml_samples/N1_sw0.30_x+4_i0053.h5,1,3.000000000e-01,4,1.276468579e+00,main,true,rise,614
ml_samples/N1_sw0.30_x+4_i0054.h5,1,3.000000000e-01,4,1.276468579e+00,main,true,rise,356
ml_samples/N1_sw0.30_x+4_i0055.h5,1,3.000000000e-01,4,1.276468579e+00,main,true,rise,254
ml_samples/N1_sw0.30_x+4_i0056.h5,1,3.000000000e-01,4,1.276468579e+00,main,true,rise,977
ml_samples/N1_sw0.30_x+4_i0057.h5,1,3.000000000e-01,4,1.276468579e+00,main,true,rise,238
ml_samples/N1_sw0.30_x+4_i0058.h5,1,3.000000000e-01,4,1.276468579e+00,main,true,rise,166
ml_samples/N1_sw0.30_x+4_i0059.h5,1,3.000000000e-01,4,1.276468579e+00,main,true,rise,205
ml_samples/N1_sw0.30_x+4_i0060.h5,1,3.000000000e-01,4,1.276468579e+00,main,true,rise,194
ml_samples/N1_sw0.30_x+4_i0061.h5,1,3.000000000e-01,4,1.276468579e+00,main,true,rise,226
ml_samples/N1_sw0.30_x+4_i0062.h5,1,3.000000000e-01,4,1.276468579e+00,main,true,rise,288
ml_samples/N1_sw0.30_x+4_i0063.h5,1,3.000000000e-01,4,1.276468579e+00,main,true,rise,457
ml_samples/N1_sw0.30_x+4_i0064.h5,1,3.000000000e-01,4,1.276468579e+00,main,true,rise,173
ml_samples/N1_sw0.30_x+4_i0065.h5,1,3.000000000e-01,4,1.276468579e+00,main,true,rise,209
ml_samples/N1_sw0.30_x+4_i0066.h5,1,3.000000000e-01,4,1.276468579e+00,main,true,rise,338
ml_samples/N1_sw0.30_x+4_i0067.h5,1,3.000000000e-01,4,1.276468579e+00,main,true,rise,205
ml_samples/N1_sw0.30_x+4_i0068.h5,1,3.000000000e-01,4,1.276468579e+00,main,true,rise,256
ml_samples/N1_sw0.30_x+4_i0069.h5,1,3.000000000e-01,4,1.276468579e+00,main,true,rise,396
ml_samples/N1_sw0.30_x+4_i0070.h5,1,3.000000000e-01,4,1.276468579e+00,main,true,rise,208
ml_samples/N1_sw0.30_x+4_i0071.h5,1,3.000000000e-01,4,1.276468579e+00,main,true,rise,231
ml_samples/N1_sw0.30_x+4_i0072.h5,1,3.000000000e-01,4,1.276468579e+00,main,true,rise,309
ml_samples/N1_sw0.30_x+4_i0073.h5,1,3.000000000e-01,4,1.276468579e+00,main,true,rise,278
ml_samples/N1_sw0.30_x+4_i0074.h5,1,3.000000000e-01,4,1.276468579e+00,main,true,rise,287
ml_samples/N1_sw0.30_x+4_i0075.h5,1,3.000000000e-01,4,1.276468579e+00,main,true,rise,325
ml_samples/N1_sw0.30_x+4_i0076.h5,1,3.000000000e-01,4,1.276468579e+00,main,true,rise,197
ml_samples/N1_sw0.30_x+4_i0077.h5,1,3.000000000e-01,4,1.276468579e+00,main,true,rise,218
ml_samples/N1_sw0.30_x+4_i0078.h5,1,3.000000000e-01,4,1.276468579e+00,main,true,rise,297
ml_samples/N1_sw0.30_x+4_i0079.h5,1,3.000000000e-01,4,1.276468579e+00,main,true,rise,255
ml_samples/N1_sw0.30_x+4_i0080.h5,1,3.000000000e-01,4,1.276468579e+00,main,true,rise,448
ml_samples/N1_sw0.30_x+4_i0081.h5,1,3.000000000e-01,4,1.276468579e+00,main,true,rise,400
ml_samples/N1_sw0.30_x+4_i0082.h5,1,3.000000000e-01,4,1.276468579e+00,main,true,rise,191
ml_samples/N1_sw0.30_x+4_i0083.h5,1,3.000000000e-01,4,1.276468579e+00,main,true,rise,236
ml_samples/N1_sw0.30_x+4_i0084.h5,1,3.000000000e-01,4,1.276468579e+00,main,true,rise,202
ml_samples/N1_sw0.30_x+4_i0085.h5,1,3.000000000e-01,4,1.276468579e+00,main,true,rise,177
ml_samples/N1_sw0.30_x+4_i0086.h5,1,3.000000000e-01,4,1.276468579e+00,main,true,rise,199
ml_samples/N1_sw0.30_x+4_i0087.h5,1,3.000000000e-01,4,1.276468579e+00,main,true,rise,246
ml_samples/N1_sw0.30_x+4_i0088.h5,1,3.000000000e-01,4,1.276468579e+00,main,true,rise,278
ml_samples/N1_sw0.30_x+4_i0089.h5,1,3.000000000e-01,4,1.276468579e+00,main,true,rise,330
ml_samples/N1_sw0.30_x+4_i0090.h5,1,3.000000000e-01,4,1.276468579e+00,main,true,rise,230
ml_samples/N1_sw0.30_x+4_i0091.h5,1,3.000000000e-01,4,1.276468579e+00,main,true,rise,221
ml_samples/N1_sw0.30_x+4_i0092.h5,1,3.000000000e-01,4,1.276468579e+00,main,true,rise,432
ml_samples/N1_sw0.30_x+4_i0093.h5,1,3.000000000e-01,4,1.276468579e+00,main,true,rise,187
ml_samples/N1_sw0.30_x+4_i0094.h5,1,3.000000000e-01,4,1.276468579e+00,main,true,rise,325
ml_samples/N1_sw0.30_x+4_i0095.h5,1,3.000000000e-01,4,1.276468579e+00,main,true,rise,212
ml_samples/N1_sw0.30_x+4_i0096.h5,1,3.000000000e-01,4,1.276468579e+00,main,true,rise,263
ml_samples/N1_sw0.30_x+4_i0097.h5,1,3.000000000e-01,4,1.276468579e+00,main,true,rise,168
ml_samples/N1_sw0.30_x+4_i0098.h5,1,3.000000000e-01,4,1.276468579e+00,main,true,rise,203
ml_samples/N1_sw0.30_x+4_i0099.h5,1,3.000000000e-01,4,1.276468579e+00,main,true,rise,268
ml_samples/N2_sw0.15_x-4_i0000.h5,2,1.500000000e-01,-4,7.341206058e-01,main,true,fall,123
ml_samples/N2_sw0.15_x-4_i0001.h5,2,1.500000000e-01,-4,7.341206058e-01,main,true,fall,266
ml_samples/N2_sw0.15_x-4_i0002.h5,2,1.500000000e-01,-4,7.341206058e-01,main,true,fall,200
ml_samples/N2_sw0.15_x-4_i0003.h5,2,1.500000000e-01,-4,7.341206058e-01,main,true,fall,186
ml_samples/N2_sw0.15_x-4_i0004.h5,2,1.500000000e-01,-4,7.341206058e-01,main,true,fall,211
ml_samples/N2_sw0.15_x-4_i0005.h5,2,1.500000000e-01,-4,7.341206058e-01,main,true,fall,330
ml_samples/N2_sw0.15_x-4_i0006.h5,2,1.500000000e-01,-4,7.341206058e-01,main,true,fall,271
ml_samples/N2_sw0.15_x-4_i0007.h5,2,1.500000000e-01,-4,7.341206058e-01,main,true,fall,897
ml_samples/N2_sw0.15_x-4_i0008.h5,2,1.500000000e-01,-4,7.341206058e-01,main,true,fall,181
ml_samples/N2_sw0.15_x-4_i0009.h5,2,1.500000000e-01,-4,7.341206058e-01,main,true,fall,164
ml_samples/N2_sw0.15_x-4_i0010.h5,2,1.500000000e-01,-4,7.341206058e-01,main,true,fall,149
ml_samples/N2_sw0.15_x-4_i0011.h5,2,1.500000000e-01,-4,7.341206058e-01,main,true,fall,114
ml_samples/N2_sw0.15_x-4_i0012.h5,2,1.500000000e-01,-4,7.341206058e-01,main,true,fall,153
ml_samples/N2_sw0.15_x-4_i0013.h5,2,1.500000000e-01,-4,7.341206058e-01,main,true,fall,132
ml_samples/N2_sw0.15_x-4_i0014.h5,2,1.500000000e-01,-4,7.341206058e-01,main,true,fall,244
ml_samples/N2_sw0.15_x-4_i0015.h5,2,1.500000000e-01,-4,7.341206058e-01,main,true,fall,214
ml_samples/N2_sw0.15_x-4_i0016.h5,2,1.500000000e-01,-4,7.341206058e-01,main,true,fall,551
ml_samples/N2_sw0.15_x-4_i0017.h5,2,1.500000000e-01,-4,7.341206058e-01,main,true,fall,327
ml_samples/N2_sw0.15_x-4_i0018.h5,2,1.500000000e-01,-4,7.341206058e-01,main,true,fall,321
ml_samples/N2_sw0.15_x-4_i0019.h5,2,1.500000000e-01,-4,7.341206058e-01,main,true,fall,165
ml_samples/N2_sw0.15_x-4_i0020.h5,2,1.500000000e-01,-4,7.341206058e-01,main,true,fall,110
ml_samples/N2_sw0.15_x-4_i0021.h5,2,1.500000000e-01,-4,7.341206058e-01,main,true,fall,170
ml_samples/N2_sw0.15_x-4_i0022.h5,2,1.500000000e-01,-4,7.341206058e-01,main,true,fall,152
ml_samples/N2_sw0.15_x-4_i0023.h5,2,1.500000000e-01,-4,7.341206058e-01,main,true,fall,241
ml_samples/N2_sw0.15_x-4_i0024.h5,2,1.500000000e-01,-4,7.341206058e-01,main,true,fall,281
ml_samples/N2_sw0.15_x-4_i0025.h5,2,1.500000000e-01,-4,7.341206058e-01,main,true,fall,135
ml_samples/N2_sw0.15_x-4_i0026.h5,2,1.500000000e-01,-4,7.341206058e-01,main,true,fall,124
ml_samples/N2_sw0.15_x-4_i0027.h5,2,1.500000000e-01,-4,7.341206058e-01,main,true,fall,121
ml_samples/N2_sw0.15_x-4_i0028.h5,2,1.500000000e-01,-4,7.341206058e-01,main,true,fall,148
ml_samples/N2_sw0.15_x-4_i0029.h5,2,1.500000000e-01,-4,7.341206058e-01,main,true,fall,146
ml_samples/N2_sw0.15_x-4_i0030.h5,2,1.500000000e-01,-4,7.341206058e-01,main,true,fall,139
ml_samples/N2_sw0.15_x-4_i0031.h5,2,1.500000000e-01,-4,7.341206058e-01,main,true,fall,208
ml_samples/N2_sw0.15_x-4_i0032.h5,2,1.500000000e-01,-4,7.341206058e-01,main,true,fall,608
ml_samples/N2_sw0.15_x-4_i0033.h5,2,1.500000000e-01,-4,7.341206058e-01,main,true,fall,424
ml_samples/N2_sw0.15_x-4_i0034.h5,2,1.500000000e-01,-4,7.341206058e-01,main,true,fall,172
ml_samples/N2_sw0.15_x-4_i0035.h5,2,1.500000000e-01,-4,7.341206058e-01,main,true,fall,157
ml_samples/N2_sw0.15_x-4_i0036.h5,2,1.500000000e-01,-4,7.341206058e-01,main,true,fall,227
ml_samples/N2_sw0.15_x-4_i0037.h5,2,1.500000000e-01,-4,7.341206058e-01,main,true,fall,138
ml_samples/N2_sw0.15_x-4_i0038.h5,2,1.500000000e-01,-4,7.341206058e-01,main,true,fall,224
ml_samples/N2_sw0.15_x-4_i0039.h5,2,1.500000000e-01,-4,7.341206058e-01,main,true,fall,758
ml_samples/N2_sw0.15_x-4_i0040.h5,2,1.500000000e-01,-4,7.341206058e-01,main,true,fall,121
ml_samples/N2_sw0.15_x-4_i0041.h5,2,1.500000000e-01,-4,7.341206058e-01,main,true,fall,405
ml_samples/N2_sw0.15_x-4_i0042.h5,2,1.500000000e-01,-4,7.341206058e-01,main,true,fall,2490
ml_samples/N2_sw0.15_x-4_i0043.h5,2,1.500000000e-01,-4,7.341206058e-01,main,true,fall,231
ml_samples/N2_sw0.15_x-4_i0044.h5,2,1.500000000e-01,-4,7.341206058e-01,main,true,fall,193
ml_samples/N2_sw0.15_x-4_i0045.h5,2,1.500000000e-01,-4,7.341206058e-01,main,true,fall,249
ml_samples/N2_sw0.15_x-4_i0046.h5,2,1.500000000e-01,-4,7.341206058e-01,main,true,fall,152
ml_samples/N2_sw0.15_x-4_i0047.h5,2,1.500000000e-01,-4,7.341206058e-01,main,true,fall,157
ml_samples/N2_sw0.15_x-4_i0048.h5,2,1.500000000e-01,-4,7.341206058e-01,main,true,fall,270
ml_samples/N2_sw0.15_x-4_i0049.h5,2,1.500000000e-01,-4,7.341206058e-01,main,true,fall,119
ml_samples/N2_sw0.15_x-4_i0050.h5,2,1.500000000e-01,-4,7.341206058e-01,main,true,fall,126
ml_samples/N2_sw0.15_x-4_i0051.h5,2,1.500000000e-01,-4,7.341206058e-01,main,true,fall,167
ml_samples/N2_sw0.15_x-4_i0052.h5,2,1.500000000e-01,-4,7.341206058e-01,main,true,fall,349
ml_samples/N2_sw0.15_x-4_i0053.h5,2,1.500000000e-01,-4,7.341206058e-01,main,true,fall,109
ml_samples/N2_sw0.15_x-4_i0054.h5,2,1.500000000e-01,-4,7.341206058e-01,main,true,fall,327
ml_samples/N2_sw0.15_x-4_i0055.h5,2,1.500000000e-01,-4,7.341206058e-01,main,true,fall,161
ml_samples/N2_sw0.15_x-4_i0056.h5,2,1.500000000e-01,-4,7.341206058e-01,main,true,fall,224
ml_samples/N2_sw0.15_x-4_i0057.h5,2,1.500000000e-01,-4,7.341206058e-01,main,true,fall,178
ml_samples/N2_sw0.15_x-4_i0058.h5,2,1.500000000e-01,-4,7.341206058e-01,main,true,fall,143
ml_samples/N2_sw0.15_x-4_i0059.h5,2,1.500000000e-01,-4,7.341206058e-01,main,true,fall,127
ml_samples/N2_sw0.15_x-4_i0060.h5,2,1.500000000e-01,-4,7.341206058e-01,main,true,fall,202
ml_samples/N2_sw0.15_x-4_i0061.h5,2,1.500000000e-01,-4,7.341206058e-01,main,true,fall,160
ml_samples/N2_sw0.15_x-4_i0062.h5,2,1.500000000e-01,-4,7.341206058e-01,main,true,fall,152
ml_samples/N2_sw0.15_x-4_i0063.h5,2,1.500000000e-01,-4,7.341206058e-01,main,true,fall,230
ml_samples/N2_sw0.15_x-4_i0064.h5,2,1.500000000e-01,-4,7.341206058e-01,main,true,fall,202
ml_samples/N2_sw0.15_x-4_i0065.h5,2,1.500000000e-01,-4,7.341206058e-01,main,true,fall,174
ml_samples/N2_sw0.15_x-4_i0066.h5,2,1.500000000e-01,-4,7.341206058e-01,main,true,fall,507
ml_samples/N2_sw0.15_x-4_i0067.h5,2,1.500000000e-01,-4,7.341206058e-01,main,true,fall,117
ml_samples/N2_sw0.15_x-4_i0068.h5,2,1.500000000e-01,-4,7.341206058e-01,main,true,fall,493
ml_samples/N2_sw0.15_x-4_i0069.h5,2,1.500000000e-01,-4,7.341206058e-01,main,true,fall,124
ml_samples/N2_sw0.15_x-4_i0070.h5,2,1.500000000e-01,-4,7.341206058e-01,main,true,fall,451
ml_samples/N2_sw0.15_x-4_i0071.h5,2,1.500000000e-01,-4,7.341206058e-01,main,true,fall,174
ml_samples/N2_sw0.15_x-4_i0072.h5,2,1.500000000e-01,-4,7.341206058e-01,main,true,fall,113
ml_samples/N2_sw0.15_x-4_i0073.h5,2,1.500000000e-01,-4,7.341206058e-01,main,true,fall,128
ml_samples/N2_sw0.15_x-4_i0074.h5,2,1.500000000e-01,-4,7.341206058e-01,main,true,fall,155
ml_samples/N2_sw0.15_x-4_i0075.h5,2,1.500000000e-01,-4,7.341206058e-01,main,true,fall,107
ml_samples/N2_sw0.15_x-4_i0076.h5,2,1.500000000e-01,-4,7.341206058e-01,main,true,fall,148
ml_samples/N2_sw0.15_x-4_i0077.h5,2,1.500000000e-01,-4,7.341206058e-01,main,true,fall,291
ml_samples/N2_sw0.15_x-4_i0078.h5,2,1.500000000e-01,-4,7.341206058e-01,main,true,fall,193
ml_samples/N2_sw0.15_x-4_i0079.h5,2,1.500000000e-01,-4,7.341206058e-01,main,true,fall,127
ml_samples/N2_sw0.15_x-4_i0080.h5,2,1.500000000e-01,-4,7.341206058e-01,main,true,fall,174
ml_samples/N2_sw0.15_x-4_i0081.h5,2,1.500000000e-01,-4,7.341206058e-01,main,true,fall,122
ml_samples/N2_sw0.15_x-4_i0082.h5,2,1.500000000e-01,-4,7.341206058e-01,main,true,fall,146
ml_samples/N2_sw0.15_x-4_i0083.h5,2,1.500000000e-01,-4,7.341206058e-01,main,true,fall,306
ml_samples/N2_sw0.15_x-4_i0084.h5,2,1.500000000e-01,-4,7.341206058e-01,main,true,fall,345
ml_samples/N2_sw0.15_x-4_i0085.h5,2,1.500000000e-01,-4,7.341206058e-01,main,true,fall,306
ml_samples/N2_sw0.15_x-4_i0086.h5,2,1.500000000e-01,-4,7.341206058e-01,main,true,fall,340
ml_samples/N2_sw0.15_x-4_i0087.h5,2,1.500000000e-01,-4,7.341206058e-01,main,true,fall,263
ml_samples/N2_sw0.15_x-4_i0088.h5,2,1.500000000e-01,-4,7.341206058e-01,main,true,fall,235
ml_samples/N2_sw0.15_x-4_i0089.h5,2,1.500000000e-01,-4,7.341206058e-01,main,true,fall,129
ml_samples/N2_sw0.15_x-4_i0090.h5,2,1.500000000e-01,-4,7.341206058e-01,main,true,fall,155
ml_samples/N2_sw0.15_x-4_i0091.h5,2,1.500000000e-01,-4,7.341206058e-01,main,true,fall,199
ml_samples/N2_sw0.15_x-4_i0092.h5,2,1.500000000e-01,-4,7.341206058e-01,main,true,fall,191
ml_samples/N2_sw0.15_x-4_i0093.h5,2,1.500000000e-01,-4,7.341206058e-01,main,true,fall,90
ml_samples/N2_sw0.15_x-4_i0094.h5,2,1.500000000e-01,-4,7.341206058e-01,main,true,fall,155
ml_samples/N2_sw0.15_x-4_i0095.h5,2,1.500000000e-01,-4,7.341206058e-01,main,true,fall,347
ml_samples/N2_sw0.15_x-4_i0096.h5,2,1.500000000e-01,-4,7.341206058e-01,main,true,fall,178
ml_samples/N2_sw0.15_x-4_i0097.h5,2,1.500000000e-01,-4,7.341206058e-01,main,true,fall,259
ml_samples/N2_sw0.15_x-4_i0098.h5,2,1.500000000e-01,-4,7.341206058e-01,main,true,fall,168
ml_samples/N2_sw0.15_x-4_i0099.h5,2,1.500000000e-01,-4,7.341206058e-01,main,true,fall,801
ml_samples/N2_sw0.15_x-2_i0000.h5,2,1.500000000e-01,-2,8.670603029e-01,main,true,fall,355
ml_samples/N2_sw0.15_x-2_i0001.h5,2,1.500000000e-01,-2,8.670603029e-01,main,true,fall,1078
ml_samples/N2_sw0.15_x-2_i0002.h5,2,1.500000000e-01,-2,8.670603029e-01,main,true,fall,210
ml_samples/N2_sw0.15_x-2_i0003.h5,2,1.500000000e-01,-2,8.670603029e-01,main,true,fall,264
ml_samples/N2_sw0.15_x-2_i0004.h5,2,1.500000000e-01,-2,8.670603029e-01,main,true,fall,166
ml_samples/N2_sw0.15_x-2_i0005.h5,2,1.500000000e-01,-2,8.670603029e-01,main,true,fall,876
ml_samples/N2_sw0.15_x-2_i0006.h5,2,1.500000000e-01,-2,8.670603029e-01,main,true,fall,643
ml_samples/N2_sw0.15_x-2_i0007.h5,2,1.500000000e-01,-2,8.670603029e-01,main,true,fall,228
ml_samples/N2_sw0.15_x-2_i0008.h5,2,1.500000000e-01,-2,8.670603029e-01,main,true,fall,267
ml_samples/N2_sw0.15_x-2_i0009.h5,2,1.500000000e-01,-2,8.670603029e-01,main,true,fall,261
ml_samples/N2_sw0.15_x-2_i0010.h5,2,1.500000000e-01,-2,8.670603029e-01,main,true,fall,593
ml_samples/N2_sw0.15_x-2_i0011.h5,2,1.500000000e-01,-2,8.670603029e-01,main,true,fall,199
ml_samples/N2_sw0.15_x-2_i0012.h5,2,1.500000000e-01,-2,8.670603029e-01,main,true,fall,179
ml_samples/N2_sw0.15_x-2_i0013.h5,2,1.500000000e-01,-2,8.670603029e-01,main,true,fall,203
ml_samples/N2_sw0.15_x-2_i0014.h5,2,1.500000000e-01,-2,8.670603029e-01,main,true,fall,428
ml_samples/N2_sw0.15_x-2_i0015.h5,2,1.500000000e-01,-2,8.670603029e-01,main,true,fall,736
ml_samples/N2_sw0.15_x-2_i0016.h5,2,1.500000000e-01,-2,8.670603029e-01,main,true,fall,694
ml_samples/N2_sw0.15_x-2_i0017.h5,2,1.500000000e-01,-2,8.670603029e-01,main,true,fall,228
ml_samples/N2_sw0.15_x-2_i0018.h5,2,1.500000000e-01,-2,8.670603029e-01,main,true,fall,665
ml_samples/N2_sw0.15_x-2_i0019.h5,2,1.500000000e-01,-2,8.670603029e-01,main,true,fall,338
ml_samples/N2_sw0.15_x-2_i0020.h5,2,1.500000000e-01,-2,8.670603029e-01,main,true,fall,515
ml_samples/N2_sw0.15_x-2_i0021.h5,2,1.500000000e-01,-2,8.670603029e-01,main,true,fall,227
ml_samples/N2_sw0.15_x-2_i0022.h5,2,1.500000000e-01,-2,8.670603029e-01,main,true,fall,221
ml_samples/N2_sw0.15_x-2_i0023.h5,2,1.500000000e-01,-2,8.670603029e-01,main,true,fall,226
ml_samples/N2_sw0.15_x-2_i0024.h5,2,1.500000000e-01,-2,8.670603029e-01,main,true,fall,387
ml_samples/N2_sw0.15_x-2_i0025.h5,2,1.500000000e-01,-2,8.670603029e-01,main,true,fall,2452
ml_samples/N2_sw0.15_x-2_i0026.h5,2,1.500000000e-01,-2,8.670603029e-01,main,true,fall,364
ml_samples/N2_sw0.15_x-2_i0027.h5,2,1.500000000e-01,-2,8.670603029e-01,main,true,fall,982
ml_samples/N2_sw0.15_x-2_i0028.h5,2,1.500000000e-01,-2,8.670603029e-01,main,true,fall,564
ml_samples/N2_sw0.15_x-2_i0029.h5,2,1.500000000e-01,-2,8.670603029e-01,main,true,fall,268
ml_samples/N2_sw0.15_x-2_i0030.h5,2,1.500000000e-01,-2,8.670603029e-01,main,true,fall,182
ml_samples/N2_sw0.15_x-2_i0031.h5,2,1.500000000e-01,-2,8.670603029e-01,main,true,fall,286
ml_samples/N2_sw0.15_x-2_i0032.h5,2,1.500000000e-01,-2,8.670603029e-01,main,true,fall,173
ml_samples/N2_sw0.15_x-2_i0033.h5,2,1.500000000e-01,-2,8.670603029e-01,main,true,fall,781
ml_samples/N2_sw0.15_x-2_i0034.h5,2,1.500000000e-01,-2,8.670603029e-01,main,true,fall,1846
ml_samples/N2_sw0.15_x-2_i0035.h5,2,1.500000000e-01,-2,8.670603029e-01,main,true,fall,1611
ml_samples/N2_sw0.15_x-2_i0036.h5,2,1.500000000e-01,-2,8.670603029e-01,main,true,fall,298
ml_samples/N2_sw0.15_x-2_i0037.h5,2,1.500000000e-01,-2,8.670603029e-01,main,true,fall,448
ml_samples/N2_sw0.15_x-2_i0038.h5,2,1.500000000e-01,-2,8.670603029e-01,main,true,fall,502
ml_samples/N2_sw0.15_x-2_i0039.h5,2,1.500000000e-01,-2,8.670603029e-01,main,true,fall,178
ml_samples/N2_sw0.15_x-2_i0040.h5,2,1.500000000e-01,-2,8.670603029e-01,main,true,fall,144
ml_samples/N2_sw0.15_x-2_i0041.h5,2,1.500000000e-01,-2,8.670603029e-01,main,true,fall,288
ml_samples/N2_sw0.15_x-2_i0042.h5,2,1.500000000e-01,-2,8.670603029e-01,main,true,fall,172
ml_samples/N2_sw0.15_x-2_i0043.h5,2,1.500000000e-01,-2,8.670603029e-01,main,true,fall,326
ml_samples/N2_sw0.15_x-2_i0044.h5,2,1.500000000e-01,-2,8.670603029e-01,main,true,fall,311
ml_samples/N2_sw0.15_x-2_i0045.h5,2,1.500000000e-01,-2,8.670603029e-01,main,true,fall,227
ml_samples/N2_sw0.15_x-2_i0046.h5,2,1.500000000e-01,-2,8.670603029e-01,main,true,fall,282
ml_samples/N2_sw0.15_x-2_i0047.h5,2,1.500000000e-01,-2,8.670603029e-01,main,true,fall,220
ml_samples/N2_sw0.15_x-2_i0048.h5,2,1.500000000e-01,-2,8.670603029e-01,main,true,fall,158
ml_samples/N2_sw0.15_x-2_i0049.h5,2,1.500000000e-01,-2,8.670603029e-01,main,true,fall,175
ml_samples/N2_sw0.15_x-2_i0050.h5,2,1.500000000e-01,-2,8.670603029e-01,main,true,fall,445
ml_samples/N2_sw0.15_x-2_i0051.h5,2,1.500000000e-01,-2,8.670603029e-01,main,true,fall,190
ml_samples/N2_sw0.15_x-2_i0052.h5,2,1.500000000e-01,-2,8.670603029e-01,main,true,fall,323
ml_samples/N2_sw0.15_x-2_i0053.h5,2,1.500000000e-01,-2,8.670603029e-01,main,true,fall,1643
ml_samples/N2_sw0.15_x-2_i0054.h5,2,1.500000000e-01,-2,8.670603029e-01,main,true,fall,279
ml_samples/N2_sw0.15_x-2_i0055.h5,2,1.500000000e-01,-2,8.670603029e-01,main,true,fall,211
ml_samples/N2_sw0.15_x-2_i0056.h5,2,1.500000000e-01,-2,8.670603029e-01,main,true,fall,320
ml_samples/N2_sw0.15_x-2_i0057.h5,2,1.500000000e-01,-2,8.670603029e-01,main,true,fall,820
ml_samples/N2_sw0.15_x-2_i0058.h5,2,1.500000000e-01,-2,8.670603029e-01,main,true,fall,406
ml_samples/N2_sw0.15_x-2_i0059.h5,2,1.500000000e-01,-2,8.670603029e-01,main,true,fall,177
ml_samples/N2_sw0.15_x-2_i0060.h5,2,1.500000000e-01,-2,8.670603029e-01,main,true,fall,1277
ml_samples/N2_sw0.15_x-2_i0061.h5,2,1.500000000e-01,-2,8.670603029e-01,main,true,fall,333
ml_samples/N2_sw0.15_x-2_i0062.h5,2,1.500000000e-01,-2,8.670603029e-01,main,true,fall,363
ml_samples/N2_sw0.15_x-2_i0063.h5,2,1.500000000e-01,-2,8.670603029e-01,main,true,fall,787
ml_samples/N2_sw0.15_x-2_i0064.h5,2,1.500000000e-01,-2,8.670603029e-01,main,true,fall,363
ml_samples/N2_sw0.15_x-2_i0065.h5,2,1.500000000e-01,-2,8.670603029e-01,main,true,fall,400
ml_samples/N2_sw0.15_x-2_i0066.h5,2,1.500000000e-01,-2,8.670603029e-01,main,true,fall,223
ml_samples/N2_sw0.15_x-2_i0067.h5,2,1.500000000e-01,-2,8.670603029e-01,main,true,fall,250
ml_samples/N2_sw0.15_x-2_i0068.h5,2,1.500000000e-01,-2,8.670603029e-01,main,true,fall,139
ml_samples/N2_sw0.15_x-2_i0069.h5,2,1.500000000e-01,-2,8.670603029e-01,main,true,fall,243
ml_samples/N2_sw0.15_x-2_i0070.h5,2,1.500000000e-01,-2,8.670603029e-01,main,true,fall,423
ml_samples/N2_sw0.15_x-2_i0071.h5,2,1.500000000e-01,-2,8.670603029e-01,main,true,fall,321
ml_samples/N2_sw0.15_x-2_i0072.h5,2,1.500000000e-01,-2,8.670603029e-01,main,true,fall,695
ml_samples/N2_sw0.15_x-2_i0073.h5,2,1.500000000e-01,-2,8.670603029e-01,main,true,fall,182
ml_samples/N2_sw0.15_x-2_i0074.h5,2,1.500000000e-01,-2,8.670603029e-01,main,true,fall,171
ml_samples/N2_sw0.15_x-2_i0075.h5,2,1.500000000e-01,-2,8.670603029e-01,main,true,fall,275
ml_samples/N2_sw0.15_x-2_i0076.h5,2,1.500000000e-01,-2,8.670603029e-01,main,true,fall,527
ml_samples/N2_sw0.15_x-2_i0077.h5,2,1.500000000e-01,-2,8.670603029e-01,main,true,fall,231
ml_samples/N2_sw0.15_x-2_i0078.h5,2,1.500000000e-01,-2,8.670603029e-01,main,true,fall,984
ml_samples/N2_sw0.15_x-2_i0079.h5,2,1.500000000e-01,-2,8.670603029e-01,main,true,fall,235
ml_samples/N2_sw0.15_x-2_i0080.h5,2,1.500000000e-01,-2,8.670603029e-01,main,true,fall,123
ml_samples/N2_sw0.15_x-2_i0081.h5,2,1.500000000e-01,-2,8.670603029e-01,main,true,fall,2784
ml_samples/N2_sw0.15_x-2_i0082.h5,2,1.500000000e-01,-2,8.670603029e-01,main,true,fall,159
ml_samples/N2_sw0.15_x-2_i0083.h5,2,1.500000000e-01,-2,8.670603029e-01,main,true,fall,234
ml_samples/N2_sw0.15_x-2_i0084.h5,2,1.500000000e-01,-2,8.670603029e-01,main,true,fall,218
ml_samples/N2_sw0.15_x-2_i0085.h5,2,1.500000000e-01,-2,8.670603029e-01,main,true,fall,259
ml_samples/N2_sw0.15_x-2_i0086.h5,2,1.500000000e-01,-2,8.670603029e-01,main,true,fall,1139
ml_samples/N2_sw0.15_x-2_i0087.h5,2,1.500000000e-01,-2,8.670603029e-01,main,true,fall,515
ml_samples/N2_sw0.15_x-2_i0088.h5,2,1.500000000e-01,-2,8.670603029e-01,main,true,fall,1089
ml_samples/N2_sw0.15_x-2_i0089.h5,2,1.500000000e-01,-2,8.670603029e-01,main,true,fall,337
ml_samples/N2_sw0.15_x-2_i0090.h5,2,1.500000000e-01,-2,8.670603029e-01,main,true,fall,686
ml_samples/N2_sw0.15_x-2_i0091.h5,2,1.500000000e-01,-2,8.670603029e-01,main,true,fall,256
ml_samples/N2_sw0.15_x-2_i0092.h5,2,1.500000000e-01,-2,8.670603029e-01,main,true,fall,1177
ml_samples/N2_sw0.15_x-2_i0093.h5,2,1.500000000e-01,-2,8.670603029e-01,main,true,fall,311
ml_samples/N2_sw0.15_x-2_i0094.h5,2,1.500000000e-01,-2,8.670603029e-01,main,true,fall,205
ml_samples/N2_sw0.15_x-2_i0095.h5,2,1.500000000e-01,-2,8.670603029e-01,main,true,fall,187
ml_samples/N2_sw0.15_x-2_i0096.h5,2,1.500000000e-01,-2,8.670603029e-01,main,true,fall,255
ml_samples/N2_sw0.15_x-2_i0097.h5,2,1.500000000e-01,-2,8.670603029e-01,main,true,fall,322
ml_samples/N2_sw0.15_x-2_i0098.h5,2,1.500000000e-01,-2,8.670603029e-01,main,true,fall,438
ml_samples/N2_sw0.15_x-2_i0099.h5,2,1.500000000e-01,-2,8.670603029e-01,main,true,fall,487
ml_samples/N2_sw0.15_x-1_i0000.h5,2,1.500000000e-01,-1,9.335301514e-01,main,true,fall,2191
ml_samples/N2_sw0.15_x-1_i0001.h5,2,1.500000000e-01,-1,9.335301514e-01,main,true,fall,303
ml_samples/N2_sw0.15_x-1_i0002.h5,2,1.500000000e-01,-1,9.335301514e-01,main,true,fall,475
ml_samples/N2_sw0.15_x-1_i0003.h5,2,1.500000000e-01,-1,9.335301514e-01,main,true,fall,301
ml_samples/N2_sw0.15_x-1_i0004.h5,2,1.500000000e-01,-1,9.335301514e-01,main,true,fall,610
ml_samples/N2_sw0.15_x-1_i0005.h5,2,1.500000000e-01,-1,9.335301514e-01,main,true,fall,1200
ml_samples/N2_sw0.15_x-1_i0006.h5,2,1.500000000e-01,-1,9.335301514e-01,main,true,rise,3587
ml_samples/N2_sw0.15_x-1_i0007.h5,2,1.500000000e-01,-1,9.335301514e-01,main,true,fall,259
ml_samples/N2_sw0.15_x-1_i0008.h5,2,1.500000000e-01,-1,9.335301514e-01,main,true,fall,280
ml_samples/N2_sw0.15_x-1_i0009.h5,2,1.500000000e-01,-1,9.335301514e-01,main,true,fall,1212
ml_samples/N2_sw0.15_x-1_i0010.h5,2,1.500000000e-01,-1,9.335301514e-01,main,true,fall,282
ml_samples/N2_sw0.15_x-1_i0011.h5,2,1.500000000e-01,-1,9.335301514e-01,main,true,fall,236
ml_samples/N2_sw0.15_x-1_i0012.h5,2,1.500000000e-01,-1,9.335301514e-01,main,true,fall,825
ml_samples/N2_sw0.15_x-1_i0013.h5,2,1.500000000e-01,-1,9.335301514e-01,main,true,fall,883
ml_samples/N2_sw0.15_x-1_i0014.h5,2,1.500000000e-01,-1,9.335301514e-01,main,true,fall,340
ml_samples/N2_sw0.15_x-1_i0015.h5,2,1.500000000e-01,-1,9.335301514e-01,main,true,fall,547
ml_samples/N2_sw0.15_x-1_i0016.h5,2,1.500000000e-01,-1,9.335301514e-01,main,true,fall,996
ml_samples/N2_sw0.15_x-1_i0017.h5,2,1.500000000e-01,-1,9.335301514e-01,main,true,fall,362
ml_samples/N2_sw0.15_x-1_i0018.h5,2,1.500000000e-01,-1,9.335301514e-01,main,true,fall,1256
ml_samples/N2_sw0.15_x-1_i0019.h5,2,1.500000000e-01,-1,9.335301514e-01,main,true,fall,201
ml_samples/N2_sw0.15_x-1_i0020.h5,2,1.500000000e-01,-1,9.335301514e-01,main,true,fall,341
ml_samples/N2_sw0.15_x-1_i0021.h5,2,1.500000000e-01,-1,9.335301514e-01,main,true,fall,505
ml_samples/N2_sw0.15_x-1_i0022.h5,2,1.500000000e-01,-1,9.335301514e-01,main,true,fall,751
ml_samples/N2_sw0.15_x-1_i0023.h5,2,1.500000000e-01,-1,9.335301514e-01,main,true,fall,331
ml_samples/N2_sw0.15_x-1_i0024.h5,2,1.500000000e-01,-1,9.335301514e-01,main,true,fall,337
ml_samples/N2_sw0.15_x-1_i0025.h5,2,1.500000000e-01,-1,9.335301514e-01,main,true,fall,226
ml_samples/N2_sw0.15_x-1_i0026.h5,2,1.500000000e-01,-1,9.335301514e-01,main,true,fall,3344
ml_samples/N2_sw0.15_x-1_i0027.h5,2,1.500000000e-01,-1,9.335301514e-01,main,true,fall,581
ml_samples/N2_sw0.15_x-1_i0028.h5,2,1.500000000e-01,-1,9.335301514e-01,main,true,fall,1048
ml_samples/N2_sw0.15_x-1_i0029.h5,2,1.500000000e-01,-1,9.335301514e-01,main,true,fall,417
ml_samples/N2_sw0.15_x-1_i0030.h5,2,1.500000000e-01,-1,9.335301514e-01,main,true,fall,1068
ml_samples/N2_sw0.15_x-1_i0031.h5,2,1.500000000e-01,-1,9.335301514e-01,main,true,fall,375
ml_samples/N2_sw0.15_x-1_i0032.h5,2,1.500000000e-01,-1,9.335301514e-01,main,true,fall,390
ml_samples/N2_sw0.15_x-1_i0033.h5,2,1.500000000e-01,-1,9.335301514e-01,main,true,fall,808
ml_samples/N2_sw0.15_x-1_i0034.h5,2,1.500000000e-01,-1,9.335301514e-01,main,true,fall,257
ml_samples/N2_sw0.15_x-1_i0035.h5,2,1.500000000e-01,-1,9.335301514e-01,main,true,fall,610
ml_samples/N2_sw0.15_x-1_i0036.h5,2,1.500000000e-01,-1,9.335301514e-01,main,true,fall,246
ml_samples/N2_sw0.15_x-1_i0037.h5,2,1.500000000e-01,-1,9.335301514e-01,main,true,rise,1177
ml_samples/N2_sw0.15_x-1_i0038.h5,2,1.500000000e-01,-1,9.335301514e-01,main,true,fall,798
ml_samples/N2_sw0.15_x-1_i0039.h5,2,1.500000000e-01,-1,9.335301514e-01,main,true,fall,199
ml_samples/N2_sw0.15_x-1_i0040.h5,2,1.500000000e-01,-1,9.335301514e-01,main,true,fall,1310
ml_samples/N2_sw0.15_x-1_i0041.h5,2,1.500000000e-01,-1,9.335301514e-01,main,true,fall,191
ml_samples/N2_sw0.15_x-1_i0042.h5,2,1.500000000e-01,-1,9.335301514e-01,main,true,fall,2886
ml_samples/N2_sw0.15_x-1_i0043.h5,2,1.500000000e-01,-1,9.335301514e-01,main,true,fall,1646
ml_samples/N2_sw0.15_x-1_i0044.h5,2,1.500000000e-01,-1,9.335301514e-01,main,true,fall,368
ml_samples/N2_sw0.15_x-1_i0045.h5,2,1.500000000e-01,-1,9.335301514e-01,main,true,fall,881
ml_samples/N2_sw0.15_x-1_i0046.h5,2,1.500000000e-01,-1,9.335301514e-01,main,true,fall,2317
ml_samples/N2_sw0.15_x-1_i0047.h5,2,1.500000000e-01,-1,9.335301514e-01,main,true,fall,4297
ml_samples/N2_sw0.15_x-1_i0048.h5,2,1.500000000e-01,-1,9.335301514e-01,main,true,rise,4480
ml_samples/N2_sw0.15_x-1_i0049.h5,2,1.500000000e-01,-1,9.335301514e-01,main,true,fall,599
ml_samples/N2_sw0.15_x-1_i0050.h5,2,1.500000000e-01,-1,9.335301514e-01,main,true,fall,1909
ml_samples/N2_sw0.15_x-1_i0051.h5,2,1.500000000e-01,-1,9.335301514e-01,main,true,fall,484
ml_samples/N2_sw0.15_x-1_i0052.h5,2,1.500000000e-01,-1,9.335301514e-01,main,true,fall,238
ml_samples/N2_sw0.15_x-1_i0053.h5,2,1.500000000e-01,-1,9.335301514e-01,main,true,fall,142
ml_samples/N2_sw0.15_x-1_i0054.h5,2,1.500000000e-01,-1,9.335301514e-01,main,true,fall,4757
ml_samples/N2_sw0.15_x-1_i0055.h5,2,1.500000000e-01,-1,9.335301514e-01,main,true,fall,425
ml_samples/N2_sw0.15_x-1_i0056.h5,2,1.500000000e-01,-1,9.335301514e-01,main,true,fall,147
ml_samples/N2_sw0.15_x-1_i0057.h5,2,1.500000000e-01,-1,9.335301514e-01,main,true,fall,1143
ml_samples/N2_sw0.15_x-1_i0058.h5,2,1.500000000e-01,-1,9.335301514e-01,main,true,fall,3465
ml_samples/N2_sw0.15_x-1_i0059.h5,2,1.500000000e-01,-1,9.335301514e-01,main,true,fall,991
ml_samples/N2_sw0.15_x-1_i0060.h5,2,1.500000000e-01,-1,9.335301514e-01,main,true,fall,1154
ml_samples/N2_sw0.15_x-1_i0061.h5,2,1.500000000e-01,-1,9.335301514e-01,main,true,fall,1039
ml_samples/N2_sw0.15_x-1_i0062.h5,2,1.500000000e-01,-1,9.335301514e-01,main,true,fall,571
ml_samples/N2_sw0.15_x-1_i0063.h5,2,1.500000000e-01,-1,9.335301514e-01,main,true,fall,709
ml_samples/N2_sw0.15_x-1_i0064.h5,2,1.500000000e-01,-1,9.335301514e-01,main,true,fall,1313
ml_samples/N2_sw0.15_x-1_i0065.h5,2,1.500000000e-01,-1,9.335301514e-01,main,true,fall,319
ml_samples/N2_sw0.15_x-1_i0066.h5,2,1.500000000e-01,-1,9.335301514e-01,main,true,fall,1060
ml_samples/N2_sw0.15_x-1_i0067.h5,2,1.500000000e-01,-1,9.335301514e-01,main,true,fall,2341
ml_samples/N2_sw0.15_x-1_i0068.h5,2,1.500000000e-01,-1,9.335301514e-01,main,true,fall,217
ml_samples/N2_sw0.15_x-1_i0069.h5,2,1.500000000e-01,-1,9.335301514e-01,main,true,fall,907
ml_samples/N2_sw0.15_x-1_i0070.h5,2,1.500000000e-01,-1,9.335301514e-01,main,true,fall,820
ml_samples/N2_sw0.15_x-1_i0071.h5,2,1.500000000e-01,-1,9.335301514e-01,main,true,fall,707
ml_samples/N2_sw0.15_x-1_i0072.h5,2,1.500000000e-01,-1,9.335301514e-01,main,true,fall,1023
ml_samples/N2_sw0.15_x-1_i0073.h5,2,1.500000000e-01,-1,9.335301514e-01,main,true,fall,496
ml_samples/N2_sw0.15_x-1_i0074.h5,2,1.500000000e-01,-1,9.335301514e-01,main,true,fall,468
ml_samples/N2_sw0.15_x-1_i0075.h5,2,1.500000000e-01,-1,9.335301514e-01,main,true,fall,278
ml_samples/N2_sw0.15_x-1_i0076.h5,2,1.500000000e-01,-1,9.335301514e-01,main,true,fall,1477
ml_samples/N2_sw0.15_x-1_i0077.h5,2,1.500000000e-01,-1,9.335301514e-01,main,true,fall,1033
ml_samples/N2_sw0.15_x-1_i0078.h5,2,1.500000000e-01,-1,9.335301514e-01,main,true,fall,214
ml_samples/N2_sw0.15_x-1_i0079.h5,2,1.500000000e-01,-1,9.335301514e-01,main,true,fall,461
ml_samples/N2_sw0.15_x-1_i0080.h5,2,1.500000000e-01,-1,9.335301514e-01,main,true,fall,313
ml_samples/N2_sw0.15_x-1_i0081.h5,2,1.500000000e-01,-1,9.335301514e-01,main,true,fall,1809
ml_samples/N2_sw0.15_x-1_i0082.h5,2,1.500000000e-01,-1,9.335301514e-01,main,true,fall,3715
ml_samples/N2_sw0.15_x-1_i0083.h5,2,1.500000000e-01,-1,9.335301514e-01,main,true,fall,228
ml_samples/N2_sw0.15_x-1_i0084.h5,2,1.500000000e-01,-1,9.335301514e-01,main,true,fall,222
ml_samples/N2_sw0.15_x-1_i0085.h5,2,1.500000000e-01,-1,9.335301514e-01,main,true,fall,1839
ml_samples/N2_sw0.15_x-1_i0086.h5,2,1.500000000e-01,-1,9.335301514e-01,main,true,fall,612
ml_samples/N2_sw0.15_x-1_i0087.h5,2,1.500000000e-01,-1,9.335301514e-01,main,true,fall,283
ml_samples/N2_sw0.15_x-1_i0088.h5,2,1.500000000e-01,-1,9.335301514e-01,main,true,fall,870
ml_samples/N2_sw0.15_x-1_i0089.h5,2,1.500000000e-01,-1,9.335301514e-01,main,true,fall,229
ml_samples/N2_sw0.15_x-1_i0090.h5,2,1.500000000e-01,-1,9.335301514e-01,main,true,fall,394
ml_samples/N2_sw0.15_x-1_i0091.h5,2,1.500000000e-01,-1,9.335301514e-01,main,true,fall,237
ml_samples/N2_sw0.15_x-1_i0092.h5,2,1.500000000e-01,-1,9.335301514e-01,main,true,fall,599
ml_samples/N2_sw0.15_x-1_i0093.h5,2,1.500000000e-01,-1,9.335301514e-01,main,true,fall,1373
ml_samples/N2_sw0.15_x-1_i0094.h5,2,1.500000000e-01,-1,9.335301514e-01,main,true,rise,2429
ml_samples/N2_sw0.15_x-1_i0095.h5,2,1.500000000e-01,-1,9.335301514e-01,main,true,fall,2210
ml_samples/N2_sw0.15_x-1_i0096.h5,2,1.500000000e-01,-1,9.335301514e-01,main,true,fall,325
ml_samples/N2_sw0.15_x-1_i0097.h5,2,1.500000000e-01,-1,9.335301514e-01,main,true,fall,3382
ml_samples/N2_sw0.15_x-1_i0098.h5,2,1.500000000e-01,-1,9.335301514e-01,main,true,fall,543
ml_samples/N2_sw0.15_x-1_i0099.h5,2,1.500000000e-01,-1,9.335301514e-01,main,true,fall,179
ml_samples/N2_sw0.15_x-1_i0100.h5,2,1.500000000e-01,-1,9.335301514e-01,main,true,fall,527
ml_samples/N2_sw0.15_x-1_i0101.h5,2,1.500000000e-01,-1,9.335301514e-01,main,true,fall,301
ml_samples/N2_sw0.15_x-1_i0102.h5,2,1.500000000e-01,-1,9.335301514e-01,main,true,fall,1450
ml_samples/N2_sw0.15_x-1_i0103.h5,2,1.500000000e-01,-1,9.335301514e-01,main,true,fall,656
ml_samples/N2_sw0.15_x-1_i0104.h5,2,1.500000000e-01,-1,9.335301514e-01,main,true,fall,722
ml_samples/N2_sw0.15_x-1_i0105.h5,2,1.500000000e-01,-1,9.335301514e-01,main,true,fall,347
ml_samples/N2_sw0.15_x-1_i0106.h5,2,1.500000000e-01,-1,9.335301514e-01,main,true,fall,321
ml_samples/N2_sw0.15_x-1_i0107.h5,2,1.500000000e-01,-1,9.335301514e-01,main,true,fall,3328
ml_samples/N2_sw0.15_x-1_i0108.h5,2,1.500000000e-01,-1,9.335301514e-01,main,true,fall,232
ml_samples/N2_sw0.15_x-1_i0109.h5,2,1.500000000e-01,-1,9.335301514e-01,main,true,fall,292
ml_samples/N2_sw0.15_x-1_i0110.h5,2,1.500000000e-01,-1,9.335301514e-01,main,true,fall,540
ml_samples/N2_sw0.15_x-1_i0111.h5,2,1.500000000e-01,-1,9.335301514e-01,main,true,rise,1873
ml_samples/N2_sw0.15_x-1_i0112.h5,2,1.500000000e-01,-1,9.335301514e-01,main,true,fall,249
ml_samples/N2_sw0.15_x-1_i0113.h5,2,1.500000000e-01,-1,9.335301514e-01,main,true,fall,355
ml_samples/N2_sw0.15_x-1_i0114.h5,2,1.500000000e-01,-1,9.335301514e-01,main,true,fall,1253
ml_samples/N2_sw0.15_x-1_i0115.h5,2,1.500000000e-01,-1,9.335301514e-01,main,true,fall,486
ml_samples/N2_sw0.15_x-1_i0116.h5,2,1.500000000e-01,-1,9.335301514e-01,main,true,fall,566
ml_samples/N2_sw0.15_x-1_i0117.h5,2,1.500000000e-01,-1,9.335301514e-01,main,true,fall,863
ml_samples/N2_sw0.15_x-1_i0118.h5,2,1.500000000e-01,-1,9.335301514e-01,main,true,fall,3615
ml_samples/N2_sw0.15_x-1_i0119.h5,2,1.500000000e-01,-1,9.335301514e-01,main,true,fall,432
ml_samples/N2_sw0.15_x-1_i0120.h5,2,1.500000000e-01,-1,9.335301514e-01,main,true,rise,2021
ml_samples/N2_sw0.15_x-1_i0121.h5,2,1.500000000e-01,-1,9.335301514e-01,main,true,fall,4714
ml_samples/N2_sw0.15_x-1_i0122.h5,2,1.500000000e-01,-1,9.335301514e-01,main,true,fall,496
ml_samples/N2_sw0.15_x-1_i0123.h5,2,1.500000000e-01,-1,9.335301514e-01,main,true,fall,443
ml_samples/N2_sw0.15_x-1_i0124.h5,2,1.500000000e-01,-1,9.335301514e-01,main,true,fall,2278
ml_samples/N2_sw0.15_x-1_i0125.h5,2,1.500000000e-01,-1,9.335301514e-01,main,true,fall,501
ml_samples/N2_sw0.15_x-1_i0126.h5,2,1.500000000e-01,-1,9.335301514e-01,main,true,fall,299
ml_samples/N2_sw0.15_x-1_i0127.h5,2,1.500000000e-01,-1,9.335301514e-01,main,true,fall,1937
ml_samples/N2_sw0.15_x-1_i0128.h5,2,1.500000000e-01,-1,9.335301514e-01,main,true,fall,552
ml_samples/N2_sw0.15_x-1_i0129.h5,2,1.500000000e-01,-1,9.335301514e-01,main,true,fall,237
ml_samples/N2_sw0.15_x-1_i0130.h5,2,1.500000000e-01,-1,9.335301514e-01,main,true,fall,1719
ml_samples/N2_sw0.15_x-1_i0131.h5,2,1.500000000e-01,-1,9.335301514e-01,main,true,fall,730
ml_samples/N2_sw0.15_x-1_i0132.h5,2,1.500000000e-01,-1,9.335301514e-01,main,true,fall,1226
ml_samples/N2_sw0.15_x-1_i0133.h5,2,1.500000000e-01,-1,9.335301514e-01,main,true,fall,520
ml_samples/N2_sw0.15_x-1_i0134.h5,2,1.500000000e-01,-1,9.335301514e-01,main,true,fall,236
ml_samples/N2_sw0.15_x-1_i0135.h5,2,1.500000000e-01,-1,9.335301514e-01,main,true,timeout,6001
ml_samples/N2_sw0.15_x-1_i0136.h5,2,1.500000000e-01,-1,9.335301514e-01,main,true,fall,1010
ml_samples/N2_sw0.15_x-1_i0137.h5,2,1.500000000e-01,-1,9.335301514e-01,main,true,fall,439
ml_samples/N2_sw0.15_x-1_i0138.h5,2,1.500000000e-01,-1,9.335301514e-01,main,true,fall,813
ml_samples/N2_sw0.15_x-1_i0139.h5,2,1.500000000e-01,-1,9.335301514e-01,main,true,fall,1311
ml_samples/N2_sw0.15_x-1_i0140.h5,2,1.500000000e-01,-1,9.335301514e-01,main,true,fall,940
ml_samples/N2_sw0.15_x-1_i0141.h5,2,1.500000000e-01,-1,9.335301514e-01,main,true,fall,1454
ml_samples/N2_sw0.15_x-1_i0142.h5,2,1.500000000e-01,-1,9.335301514e-01,main,true,fall,241
ml_samples/N2_sw0.15_x-1_i0143.h5,2,1.500000000e-01,-1,9.335301514e-01,main,true,fall,322
ml_samples/N2_sw0.15_x-1_i0144.h5,2,1.500000000e-01,-1,9.335301514e-01,main,true,fall,1191
ml_samples/N2_sw0.15_x-1_i0145.h5,2,1.500000000e-01,-1,9.335301514e-01,main,true,fall,1011
ml_samples/N2_sw0.15_x-1_i0146.h5,2,1.500000000e-01,-1,9.335301514e-01,main,true,fall,793
ml_samples/N2_sw0.15_x-1_i0147.h5,2,1.500000000e-01,-1,9.335301514e-01,main,true,fall,3028
ml_samples/N2_sw0.15_x-1_i0148.h5,2,1.500000000e-01,-1,9.335301514e-01,main,true,fall,5474
ml_samples/N2_sw0.15_x-1_i0149.h5,2,1.500000000e-01,-1,9.335301514e-01,main,true,fall,805
ml_samples/N2_sw0.15_x-1_i0150.h5,2,1.500000000e-01,-1,9.335301514e-01,main,true,fall,246
ml_samples/N2_sw0.15_x-1_i0151.h5,2,1.500000000e-01,-1,9.335301514e-01,main,true,fall,488
ml_samples/N2_sw0.15_x-1_i0152.h5,2,1.500000000e-01,-1,9.335301514e-01,main,true,fall,225
ml_samples/N2_sw0.15_x-1_i0153.h5,2,1.500000000e-01,-1,9.335301514e-01,main,true,fall,1449
ml_samples/N2_sw0.15_x-1_i0154.h5,2,1.500000000e-01,-1,9.335301514e-01,main,true,fall,1251
ml_samples/N2_sw0.15_x-1_i0155.h5,2,1.500000000e-01,-1,9.335301514e-01,main,true,fall,257
ml_samples/N2_sw0.15_x-1_i0156.h5,2,1.500000000e-01,-1,9.335301514e-01,main,true,fall,803
ml_samples/N2_sw0.15_x-1_i0157.h5,2,1.500000000e-01,-1,9.335301514e-01,main,true,fall,292
ml_samples/N2_sw0.15_x-1_i0158.h5,2,1.500000000e-01,-1,9.335301514e-01,main,true,fall,688
ml_samples/N2_sw0.15_x-1_i0159.h5,2,1.500000000e-01,-1,9.335301514e-01,main,true,fall,2001
ml_samples/N2_sw0.15_x-1_i0160.h5,2,1.500000000e-01,-1,9.335301514e-01,main,true,fall,525
ml_samples/N2_sw0.15_x-1_i0161.h5,2,1.500000000e-01,-1,9.335301514e-01,main,true,fall,842
ml_samples/N2_sw0.15_x-1_i0162.h5,2,1.500000000e-01,-1,9.335301514e-01,main,true,fall,186
ml_samples/N2_sw0.15_x-1_i0163.h5,2,1.500000000e-01,-1,9.335301514e-01,main,true,fall,229
ml_samples/N2_sw0.15_x-1_i0164.h5,2,1.500000000e-01,-1,9.335301514e-01,main,true,fall,356
ml_samples/N2_sw0.15_x-1_i0165.h5,2,1.500000000e-01,-1,9.335301514e-01,main,true,fall,447
ml_samples/N2_sw0.15_x-1_i0166.h5,2,1.500000000e-01,-1,9.335301514e-01,main,true,fall,2620
ml_samples/N2_sw0.15_x-1_i0167.h5,2,1.500000000e-01,-1,9.335301514e-01,main,true,fall,397
ml_samples/N2_sw0.15_x-1_i0168.h5,2,1.500000000e-01,-1,9.335301514e-01,main,true,fall,422
ml_samples/N2_sw0.15_x-1_i0169.h5,2,1.500000000e-01,-1,9.335301514e-01,main,true,fall,317
ml_samples/N2_sw0.15_x-1_i0170.h5,2,1.500000000e-01,-1,9.335301514e-01,main,true,fall,882
ml_samples/N2_sw0.15_x-1_i0171.h5,2,1.500000000e-01,-1,9.335301514e-01,main,true,fall,925
ml_samples/N2_sw0.15_x-1_i0172.h5,2,1.500000000e-01,-1,9.335301514e-01,main,true,fall,717
ml_samples/N2_sw0.15_x-1_i0173.h5,2,1.500000000e-01,-1,9.335301514e-01,main,true,fall,1495
ml_samples/N2_sw0.15_x-1_i0174.h5,2,1.500000000e-01,-1,9.335301514e-01,main,true,fall,740
ml_samples/N2_sw0.15_x-1_i0175.h5,2,1.500000000e-01,-1,9.335301514e-01,main,true,fall,2333
ml_samples/N2_sw0.15_x-1_i0176.h5,2,1.500000000e-01,-1,9.335301514e-01,main,true,fall,3301
ml_samples/N2_sw0.15_x-1_i0177.h5,2,1.500000000e-01,-1,9.335301514e-01,main,true,fall,2595
ml_samples/N2_sw0.15_x-1_i0178.h5,2,1.500000000e-01,-1,9.335301514e-01,main,true,fall,308
ml_samples/N2_sw0.15_x-1_i0179.h5,2,1.500000000e-01,-1,9.335301514e-01,main,true,fall,1909
ml_samples/N2_sw0.15_x-1_i0180.h5,2,1.500000000e-01,-1,9.335301514e-01,main,true,fall,182
ml_samples/N2_sw0.15_x-1_i0181.h5,2,1.500000000e-01,-1,9.335301514e-01,main,true,fall,224
ml_samples/N2_sw0.15_x-1_i0182.h5,2,1.500000000e-01,-1,9.335301514e-01,main,true,fall,2267
ml_samples/N2_sw0.15_x-1_i0183.h5,2,1.500000000e-01,-1,9.335301514e-01,main,true,fall,189
ml_samples/N2_sw0.15_x-1_i0184.h5,2,1.500000000e-01,-1,9.335301514e-01,main,true,fall,561
ml_samples/N2_sw0.15_x-1_i0185.h5,2,1.500000000e-01,-1,9.335301514e-01,main,true,fall,1143
ml_samples/N2_sw0.15_x-1_i0186.h5,2,1.500000000e-01,-1,9.335301514e-01,main,true,fall,1128
ml_samples/N2_sw0.15_x-1_i0187.h5,2,1.500000000e-01,-1,9.335301514e-01,main,true,fall,650
ml_samples/N2_sw0.15_x-1_i0188.h5,2,1.500000000e-01,-1,9.335301514e-01,main,true,fall,2992
ml_samples/N2_sw0.15_x-1_i0189.h5,2,1.500000000e-01,-1,9.335301514e-01,main,true,fall,946
ml_samples/N2_sw0.15_x-1_i0190.h5,2,1.500000000e-01,-1,9.335301514e-01,main,true,fall,369
ml_samples/N2_sw0.15_x-1_i0191.h5,2,1.500000000e-01,-1,9.335301514e-01,main,true,fall,926
ml_samples/N2_sw0.15_x-1_i0192.h5,2,1.500000000e-01,-1,9.335301514e-01,main,true,fall,195
ml_samples/N2_sw0.15_x-1_i0193.h5,2,1.500000000e-01,-1,9.335301514e-01,main,true,fall,284
ml_samples/N2_sw0.15_x-1_i0194.h5,2,1.500000000e-01,-1,9.335301514e-01,main,true,fall,194
ml_samples/N2_sw0.15_x-1_i0195.h5,2,1.500000000e-01,-1,9.335301514e-01,main,true,fall,262
ml_samples/N2_sw0.15_x-1_i0196.h5,2,1.500000000e-01,-1,9.335301514e-01,main,true,fall,401
ml_samples/N2_sw0.15_x-1_i0197.h5,2,1.500000000e-01,-1,9.335301514e-01,main,true,fall,1848
ml_samples/N2_sw0.15_x-1_i0198.h5,2,1.500000000e-01,-1,9.335301514e-01,main,true,fall,461
ml_samples/N2_sw0.15_x-1_i0199.h5,2,1.500000000e-01,-1,9.335301514e-01,main,true,fall,280
ml_samples/N2_sw0.15_x+0_i0000.h5,2,1.500000000e-01,0,1.000000000e+00,main,true,fall,1322
ml_samples/N2_sw0.15_x+0_i0001.h5,2,1.500000000e-01,0,1.000000000e+00,main,true,rise,2696
ml_samples/N2_sw0.15_x+0_i0002.h5,2,1.500000000e-01,0,1.000000000e+00,main,true,fall,2629
ml_samples/N2_sw0.15_x+0_i0003.h5,2,1.500000000e-01,0,1.000000000e+00,main,true,fall,532
ml_samples/N2_sw0.15_x+0_i0004.h5,2,1.500000000e-01,0,1.000000000e+00,main,true,rise,1480
ml_samples/N2_sw0.15_x+0_i0005.h5,2,1.500000000e-01,0,1.000000000e+00,main,true,rise,4523
ml_samples/N2_sw0.15_x+0_i0006.h5,2,1.500000000e-01,0,1.000000000e+00,main,true,rise,3322
ml_samples/N2_sw0.15_x+0_i0007.h5,2,1.500000000e-01,0,1.000000000e+00,main,true,fall,208
ml_samples/N2_sw0.15_x+0_i0008.h5,2,1.500000000e-01,0,1.000000000e+00,main,true,fall,472
ml_samples/N2_sw0.15_x+0_i0009.h5,2,1.500000000e-01,0,1.000000000e+00,main,true,fall,5162
ml_samples/N2_sw0.15_x+0_i0010.h5,2,1.500000000e-01,0,1.000000000e+00,main,true,fall,419
ml_samples/N2_sw0.15_x+0_i0011.h5,2,1.500000000e-01,0,1.000000000e+00,main,true,fall,2711
ml_samples/N2_sw0.15_x+0_i0012.h5,2,1.500000000e-01,0,1.000000000e+00,main,true,fall,337
ml_samples/N2_sw0.15_x+0_i0013.h5,2,1.500000000e-01,0,1.000000000e+00,main,true,fall,1803
ml_samples/N2_sw0.15_x+0_i0014.h5,2,1.500000000e-01,0,1.000000000e+00,main,true,rise,789
ml_samples/N2_sw0.15_x+0_i0015.h5,2,1.500000000e-01,0,1.000000000e+00,main,true,fall,1072
ml_samples/N2_sw0.15_x+0_i0016.h5,2,1.500000000e-01,0,1.000000000e+00,main,true,fall,1928
ml_samples/N2_sw0.15_x+0_i0017.h5,2,1.500000000e-01,0,1.000000000e+00,main,true,rise,2057
ml_samples/N2_sw0.15_x+0_i0018.h5,2,1.500000000e-01,0,1.000000000e+00,main,true,fall,964
ml_samples/N2_sw0.15_x+0_i0019.h5,2,1.500000000e-01,0,1.000000000e+00,main,true,fall,2683
ml_samples/N2_sw0.15_x+0_i0020.h5,2,1.500000000e-01,0,1.000000000e+00,main,true,rise,3112
ml_samples/N2_sw0.15_x+0_i0021.h5,2,1.500000000e-01,0,1.000000000e+00,main,true,rise,401
ml_samples/N2_sw0.15_x+0_i0022.h5,2,1.500000000e-01,0,1.000000000e+00,main,true,fall,1057
ml_samples/N2_sw0.15_x+0_i0023.h5,2,1.500000000e-01,0,1.000000000e+00,main,true,fall,194
ml_samples/N2_sw0.15_x+0_i0024.h5,2,1.500000000e-01,0,1.000000000e+00,main,true,rise,4955
ml_samples/N2_sw0.15_x+0_i0025.h5,2,1.500000000e-01,0,1.000000000e+00,main,true,timeout,6001
ml_samples/N2_sw0.15_x+0_i0026.h5,2,1.500000000e-01,0,1.000000000e+00,main,true,rise,1660
ml_samples/N2_sw0.15_x+0_i0027.h5,2,1.500000000e-01,0,1.000000000e+00,main,true,fall,1152
ml_samples/N2_sw0.15_x+0_i0028.h5,2,1.500000000e-01,0,1.000000000e+00,main,true,fall,269
ml_samples/N2_sw0.15_x+0_i0029.h5,2,1.500000000e-01,0,1.000000000e+00,main,true,rise,2371
ml_samples/N2_sw0.15_x+0_i0030.h5,2,1.500000000e-01,0,1.000000000e+00,main,true,fall,765
ml_samples/N2_sw0.15_x+0_i0031.h5,2,1.500000000e-01,0,1.000000000e+00,main,true,fall,1604
ml_samples/N2_sw0.15_x+0_i0032.h5,2,1.500000000e-01,0,1.000000000e+00,main,true,fall,1177
ml_samples/N2_sw0.15_x+0_i0033.h5,2,1.500000000e-01,0,1.000000000e+00,main,true,rise,3072
ml_samples/N2_sw0.15_x+0_i0034.h5,2,1.500000000e-01,0,1.000000000e+00,main,true,fall,1105
ml_samples/N2_sw0.15_x+0_i0035.h5,2,1.500000000e-01,0,1.000000000e+00,main,true,fall,937
ml_samples/N2_sw0.15_x+0_i0036.h5,2,1.500000000e-01,0,1.000000000e+00,main,true,fall,4883
ml_samples/N2_sw0.15_x+0_i0037.h5,2,1.500000000e-01,0,1.000000000e+00,main,true,fall,653
ml_samples/N2_sw0.15_x+0_i0038.h5,2,1.500000000e-01,0,1.000000000e+00,main,true,fall,851
ml_samples/N2_sw0.15_x+0_i0039.h5,2,1.500000000e-01,0,1.000000000e+00,main,true,rise,1392
ml_samples/N2_sw0.15_x+0_i0040.h5,2,1.500000000e-01,0,1.000000000e+00,main,true,timeout,6001
ml_samples/N2_sw0.15_x+0_i0041.h5,2,1.500000000e-01,0,1.000000000e+00,main,true,rise,2483
ml_samples/N2_sw0.15_x+0_i0042.h5,2,1.500000000e-01,0,1.000000000e+00,main,true,fall,293
ml_samples/N2_sw0.15_x+0_i0043.h5,2,1.500000000e-01,0,1.000000000e+00,main,true,fall,1166
ml_samples/N2_sw0.15_x+0_i0044.h5,2,1.500000000e-01,0,1.000000000e+00,main,true,rise,1210
ml_samples/N2_sw0.15_x+0_i0045.h5,2,1.500000000e-01,0,1.000000000e+00,main,true,fall,821
ml_samples/N2_sw0.15_x+0_i0046.h5,2,1.500000000e-01,0,1.000000000e+00,main,true,fall,241
ml_samples/N2_sw0.15_x+0_i0047.h5,2,1.500000000e-01,0,1.000000000e+00,main,true,fall,525
ml_samples/N2_sw0.15_x+0_i0048.h5,2,1.500000000e-01,0,1.000000000e+00,main,true,fall,658
ml_samples/N2_sw0.15_x+0_i0049.h5,2,1.500000000e-01,0,1.000000000e+00,main,true,fall,290
ml_samples/N2_sw0.15_x+0_i0050.h5,2,1.500000000e-01,0,1.000000000e+00,main,true,fall,412
ml_samples/N2_sw0.15_x+0_i0051.h5,2,1.500000000e-01,0,1.000000000e+00,main,true,rise,2351
ml_samples/N2_sw0.15_x+0_i0052.h5,2,1.500000000e-01,0,1.000000000e+00,main,true,rise,3160
ml_samples/N2_sw0.15_x+0_i0053.h5,2,1.500000000e-01,0,1.000000000e+00,main,true,rise,1930
ml_samples/N2_sw0.15_x+0_i0054.h5,2,1.500000000e-01,0,1.000000000e+00,main,true,fall,358
ml_samples/N2_sw0.15_x+0_i0055.h5,2,1.500000000e-01,0,1.000000000e+00,main,true,fall,2788
ml_samples/N2_sw0.15_x+0_i0056.h5,2,1.500000000e-01,0,1.000000000e+00,main,true,fall,156
ml_samples/N2_sw0.15_x+0_i0057.h5,2,1.500000000e-01,0,1.000000000e+00,main,true,rise,1792
ml_samples/N2_sw0.15_x+0_i0058.h5,2,1.500000000e-01,0,1.000000000e+00,main,true,fall,2272
ml_samples/N2_sw0.15_x+0_i0059.h5,2,1.500000000e-01,0,1.000000000e+00,main,true,fall,1814
ml_samples/N2_sw0.15_x+0_i0060.h5,2,1.500000000e-01,0,1.000000000e+00,main,true,fall,358
ml_samples/N2_sw0.15_x+0_i0061.h5,2,1.500000000e-01,0,1.000000000e+00,main,true,fall,249
ml_samples/N2_sw0.15_x+0_i0062.h5,2,1.500000000e-01,0,1.000000000e+00,main,true,rise,1599
ml_samples/N2_sw0.15_x+0_i0063.h5,2,1.500000000e-01,0,1.000000000e+00,main,true,fall,2845
ml_samples/N2_sw0.15_x+0_i0064.h5,2,1.500000000e-01,0,1.000000000e+00,main,true,rise,1348
ml_samples/N2_sw0.15_x+0_i0065.h5,2,1.500000000e-01,0,1.000000000e+00,main,true,fall,3046
ml_samples/N2_sw0.15_x+0_i0066.h5,2,1.500000000e-01,0,1.000000000e+00,main,true,rise,698
ml_samples/N2_sw0.15_x+0_i0067.h5,2,1.500000000e-01,0,1.000000000e+00,main,true,rise,3009
ml_samples/N2_sw0.15_x+0_i0068.h5,2,1.500000000e-01,0,1.000000000e+00,main,true,rise,2861
ml_samples/N2_sw0.15_x+0_i0069.h5,2,1.500000000e-01,0,1.000000000e+00,main,true,rise,1301
ml_samples/N2_sw0.15_x+0_i0070.h5,2,1.500000000e-01,0,1.000000000e+00,main,true,fall,2204
ml_samples/N2_sw0.15_x+0_i0071.h5,2,1.500000000e-01,0,1.000000000e+00,main,true,rise,1339
ml_samples/N2_sw0.15_x+0_i0072.h5,2,1.500000000e-01,0,1.000000000e+00,main,true,timeout,6001
ml_samples/N2_sw0.15_x+0_i0073.h5,2,1.500000000e-01,0,1.000000000e+00,main,true,fall,577
ml_samples/N2_sw0.15_x+0_i0074.h5,2,1.500000000e-01,0,1.000000000e+00,main,true,fall,236
ml_samples/N2_sw0.15_x+0_i0075.h5,2,1.500000000e-01,0,1.000000000e+00,main,true,fall,1199
ml_samples/N2_sw0.15_x+0_i0076.h5,2,1.500000000e-01,0,1.000000000e+00,main,true,rise,4300
ml_samples/N2_sw0.15_x+0_i0077.h5,2,1.500000000e-01,0,1.000000000e+00,main,true,fall,5908
ml_samples/N2_sw0.15_x+0_i0078.h5,2,1.500000000e-01,0,1.000000000e+00,main,true,rise,1396
ml_samples/N2_sw0.15_x+0_i0079.h5,2,1.500000000e-01,0,1.000000000e+00,main,true,fall,253
ml_samples/N2_sw0.15_x+0_i0080.h5,2,1.500000000e-01,0,1.000000000e+00,main,true,fall,1966
ml_samples/N2_sw0.15_x+0_i0081.h5,2,1.500000000e-01,0,1.000000000e+00,main,true,fall,5771
ml_samples/N2_sw0.15_x+0_i0082.h5,2,1.500000000e-01,0,1.000000000e+00,main,true,fall,1035
ml_samples/N2_sw0.15_x+0_i0083.h5,2,1.500000000e-01,0,1.000000000e+00,main,true,fall,526
ml_samples/N2_sw0.15_x+0_i0084.h5,2,1.500000000e-01,0,1.000000000e+00,main,true,rise,2211
ml_samples/N2_sw0.15_x+0_i0085.h5,2,1.500000000e-01,0,1.000000000e+00,main,true,fall,623
ml_samples/N2_sw0.15_x+0_i0086.h5,2,1.500000000e-01,0,1.000000000e+00,main,true,rise,872
ml_samples/N2_sw0.15_x+0_i0087.h5,2,1.500000000e-01,0,1.000000000e+00,main,true,rise,2274
ml_samples/N2_sw0.15_x+0_i0088.h5,2,1.500000000e-01,0,1.000000000e+00,main,true,fall,2395
ml_samples/N2_sw0.15_x+0_i0089.h5,2,1.500000000e-01,0,1.000000000e+00,main,true,timeout,6001
ml_samples/N2_sw0.15_x+0_i0090.h5,2,1.500000000e-01,0,1.000000000e+00,main,true,rise,4405
ml_samples/N2_sw0.15_x+0_i0091.h5,2,1.500000000e-01,0,1.000000000e+00,main,true,fall,1226
ml_samples/N2_sw0.15_x+0_i0092.h5,2,1.500000000e-01,0,1.000000000e+00,main,true,fall,3665
ml_samples/N2_sw0.15_x+0_i0093.h5,2,1.500000000e-01,0,1.000000000e+00,main,true,fall,270
ml_samples/N2_sw0.15_x+0_i0094.h5,2,1.500000000e-01,0,1.000000000e+00,main,true,fall,1650
ml_samples/N2_sw0.15_x+0_i0095.h5,2,1.500000000e-01,0,1.000000000e+00,main,true,fall,164
ml_samples/N2_sw0.15_x+0_i0096.h5,2,1.500000000e-01,0,1.000000000e+00,main,true,fall,1584
ml_samples/N2_sw0.15_x+0_i0097.h5,2,1.500000000e-01,0,1.000000000e+00,main,true,rise,5258
ml_samples/N2_sw0.15_x+0_i0098.h5,2,1.500000000e-01,0,1.000000000e+00,main,true,fall,1240
ml_samples/N2_sw0.15_x+0_i0099.h5,2,1.500000000e-01,0,1.000000000e+00,main,true,fall,552
ml_samples/N2_sw0.15_x+0_i0100.h5,2,1.500000000e-01,0,1.000000000e+00,main,true,rise,2893
ml_samples/N2_sw0.15_x+0_i0101.h5,2,1.500000000e-01,0,1.000000000e+00,main,true,rise,918
ml_samples/N2_sw0.15_x+0_i0102.h5,2,1.500000000e-01,0,1.000000000e+00,main,true,fall,3362
ml_samples/N2_sw0.15_x+0_i0103.h5,2,1.500000000e-01,0,1.000000000e+00,main,true,rise,816
ml_samples/N2_sw0.15_x+0_i0104.h5,2,1.500000000e-01,0,1.000000000e+00,main,true,fall,1772
ml_samples/N2_sw0.15_x+0_i0105.h5,2,1.500000000e-01,0,1.000000000e+00,main,true,timeout,6001
ml_samples/N2_sw0.15_x+0_i0106.h5,2,1.500000000e-01,0,1.000000000e+00,main,true,fall,173
ml_samples/N2_sw0.15_x+0_i0107.h5,2,1.500000000e-01,0,1.000000000e+00,main,true,fall,454
ml_samples/N2_sw0.15_x+0_i0108.h5,2,1.500000000e-01,0,1.000000000e+00,main,true,rise,5198
ml_samples/N2_sw0.15_x+0_i0109.h5,2,1.500000000e-01,0,1.000000000e+00,main,true,rise,1984
ml_samples/N2_sw0.15_x+0_i0110.h5,2,1.500000000e-01,0,1.000000000e+00,main,true,fall,3846
ml_samples/N2_sw0.15_x+0_i0111.h5,2,1.500000000e-01,0,1.000000000e+00,main,true,fall,606
ml_samples/N2_sw0.15_x+0_i0112.h5,2,1.500000000e-01,0,1.000000000e+00,main,true,fall,1515
ml_samples/N2_sw0.15_x+0_i0113.h5,2,1.500000000e-01,0,1.000000000e+00,main,true,rise,1951
ml_samples/N2_sw0.15_x+0_i0114.h5,2,1.500000000e-01,0,1.000000000e+00,main,true,fall,245
ml_samples/N2_sw0.15_x+0_i0115.h5,2,1.500000000e-01,0,1.000000000e+00,main,true,fall,619
ml_samples/N2_sw0.15_x+0_i0116.h5,2,1.500000000e-01,0,1.000000000e+00,main,true,timeout,6001
ml_samples/N2_sw0.15_x+0_i0117.h5,2,1.500000000e-01,0,1.000000000e+00,main,true,fall,1825
ml_samples/N2_sw0.15_x+0_i0118.h5,2,1.500000000e-01,0,1.000000000e+00,main,true,fall,301
ml_samples/N2_sw0.15_x+0_i0119.h5,2,1.500000000e-01,0,1.000000000e+00,main,true,fall,253
ml_samples/N2_sw0.15_x+0_i0120.h5,2,1.500000000e-01,0,1.000000000e+00,main,true,fall,825
ml_samples/N2_sw0.15_x+0_i0121.h5,2,1.500000000e-01,0,1.000000000e+00,main,true,fall,1876
ml_samples/N2_sw0.15_x+0_i0122.h5,2,1.500000000e-01,0,1.000000000e+00,main,true,fall,450
ml_samples/N2_sw0.15_x+0_i0123.h5,2,1.500000000e-01,0,1.000000000e+00,main,true,rise,1450
ml_samples/N2_sw0.15_x+0_i0124.h5,2,1.500000000e-01,0,1.000000000e+00,main,true,rise,4560
ml_samples/N2_sw0.15_x+0_i0125.h5,2,1.500000000e-01,0,1.000000000e+00,main,true,rise,2654
ml_samples/N2_sw0.15_x+0_i0126.h5,2,1.500000000e-01,0,1.000000000e+00,main,true,fall,1090
ml_samples/N2_sw0.15_x+0_i0127.h5,2,1.500000000e-01,0,1.000000000e+00,main,true,fall,3777
ml_samples/N2_sw0.15_x+0_i0128.h5,2,1.500000000e-01,0,1.000000000e+00,main,true,fall,982
ml_samples/N2_sw0.15_x+0_i0129.h5,2,1.500000000e-01,0,1.000000000e+00,main,true,rise,2005
ml_samples/N2_sw0.15_x+0_i0130.h5,2,1.500000000e-01,0,1.000000000e+00,main,true,fall,506
ml_samples/N2_sw0.15_x+0_i0131.h5,2,1.500000000e-01,0,1.000000000e+00,main,true,rise,917
ml_samples/N2_sw0.15_x+0_i0132.h5,2,1.500000000e-01,0,1.000000000e+00,main,true,rise,1873
ml_samples/N2_sw0.15_x+0_i0133.h5,2,1.500000000e-01,0,1.000000000e+00,main,true,fall,228
ml_samples/N2_sw0.15_x+0_i0134.h5,2,1.500000000e-01,0,1.000000000e+00,main,true,rise,5710
ml_samples/N2_sw0.15_x+0_i0135.h5,2,1.500000000e-01,0,1.000000000e+00,main,true,fall,776
ml_samples/N2_sw0.15_x+0_i0136.h5,2,1.500000000e-01,0,1.000000000e+00,main,true,rise,1086
ml_samples/N2_sw0.15_x+0_i0137.h5,2,1.500000000e-01,0,1.000000000e+00,main,true,rise,3909
ml_samples/N2_sw0.15_x+0_i0138.h5,2,1.500000000e-01,0,1.000000000e+00,main,true,fall,1629
ml_samples/N2_sw0.15_x+0_i0139.h5,2,1.500000000e-01,0,1.000000000e+00,main,true,fall,747
ml_samples/N2_sw0.15_x+0_i0140.h5,2,1.500000000e-01,0,1.000000000e+00,main,true,fall,407
ml_samples/N2_sw0.15_x+0_i0141.h5,2,1.500000000e-01,0,1.000000000e+00,main,true,fall,3408
ml_samples/N2_sw0.15_x+0_i0142.h5,2,1.500000000e-01,0,1.000000000e+00,main,true,rise,1144
ml_samples/N2_sw0.15_x+0_i0143.h5,2,1.500000000e-01,0,1.000000000e+00,main,true,fall,1816
ml_samples/N2_sw0.15_x+0_i0144.h5,2,1.500000000e-01,0,1.000000000e+00,main,true,rise,5373
ml_samples/N2_sw0.15_x+0_i0145.h5,2,1.500000000e-01,0,1.000000000e+00,main,true,fall,231
ml_samples/N2_sw0.15_x+0_i0146.h5,2,1.500000000e-01,0,1.000000000e+00,main,true,fall,223
ml_samples/N2_sw0.15_x+0_i0147.h5,2,1.500000000e-01,0,1.000000000e+00,main,true,rise,513
ml_samples/N2_sw0.15_x+0_i0148.h5,2,1.500000000e-01,0,1.000000000e+00,main,true,fall,316
ml_samples/N2_sw0.15_x+0_i0149.h5,2,1.500000000e-01,0,1.000000000e+00,main,true,fall,291
ml_samples/N2_sw0.15_x+0_i0150.h5,2,1.500000000e-01,0,1.000000000e+00,main,true,rise,1488
ml_samples/N2_sw0.15_x+0_i0151.h5,2,1.500000000e-01,0,1.000000000e+00,main,true,fall,1183
ml_samples/N2_sw0.15_x+0_i0152.h5,2,1.500000000e-01,0,1.000000000e+00,main,true,fall,768
ml_samples/N2_sw0.15_x+0_i0153.h5,2,1.500000000e-01,0,1.000000000e+00,main,true,fall,261
ml_samples/N2_sw0.15_x+0_i0154.h5,2,1.500000000e-01,0,1.000000000e+00,main,true,fall,1343
ml_samples/N2_sw0.15_x+0_i0155.h5,2,1.500000000e-01,0,1.000000000e+00,main,true,rise,706
ml_samples/N2_sw0.15_x+0_i0156.h5,2,1.500000000e-01,0,1.000000000e+00,main,true,fall,764
ml_samples/N2_sw0.15_x+0_i0157.h5,2,1.500000000e-01,0,1.000000000e+00,main,true,timeout,6001
ml_samples/N2_sw0.15_x+0_i0158.h5,2,1.500000000e-01,0,1.000000000e+00,main,true,fall,214
ml_samples/N2_sw0.15_x+0_i0159.h5,2,1.500000000e-01,0,1.000000000e+00,main,true,rise,2789
ml_samples/N2_sw0.15_x+0_i0160.h5,2,1.500000000e-01,0,1.000000000e+00,main,true,fall,2492
ml_samples/N2_sw0.15_x+0_i0161.h5,2,1.500000000e-01,0,1.000000000e+00,main,true,fall,1933
ml_samples/N2_sw0.15_x+0_i0162.h5,2,1.500000000e-01,0,1.000000000e+00,main,true,rise,673
ml_samples/N2_sw0.15_x+0_i0163.h5,2,1.500000000e-01,0,1.000000000e+00,main,true,fall,276
ml_samples/N2_sw0.15_x+0_i0164.h5,2,1.500000000e-01,0,1.000000000e+00,main,true,rise,2930
ml_samples/N2_sw0.15_x+0_i0165.h5,2,1.500000000e-01,0,1.000000000e+00,main,true,rise,1001
ml_samples/N2_sw0.15_x+0_i0166.h5,2,1.500000000e-01,0,1.000000000e+00,main,true,rise,805
ml_samples/N2_sw0.15_x+0_i0167.h5,2,1.500000000e-01,0,1.000000000e+00,main,true,fall,261
ml_samples/N2_sw0.15_x+0_i0168.h5,2,1.500000000e-01,0,1.000000000e+00,main,true,rise,1410
ml_samples/N2_sw0.15_x+0_i0169.h5,2,1.500000000e-01,0,1.000000000e+00,main,true,fall,2223
ml_samples/N2_sw0.15_x+0_i0170.h5,2,1.500000000e-01,0,1.000000000e+00,main,true,fall,1127
ml_samples/N2_sw0.15_x+0_i0171.h5,2,1.500000000e-01,0,1.000000000e+00,main,true,rise,1964
ml_samples/N2_sw0.15_x+0_i0172.h5,2,1.500000000e-01,0,1.000000000e+00,main,true,fall,1686
ml_samples/N2_sw0.15_x+0_i0173.h5,2,1.500000000e-01,0,1.000000000e+00,main,true,fall,265
ml_samples/N2_sw0.15_x+0_i0174.h5,2,1.500000000e-01,0,1.000000000e+00,main,true,fall,458
ml_samples/N2_sw0.15_x+0_i0175.h5,2,1.500000000e-01,0,1.000000000e+00,main,true,fall,937
ml_samples/N2_sw0.15_x+0_i0176.h5,2,1.500000000e-01,0,1.000000000e+00,main,true,fall,190
ml_samples/N2_sw0.15_x+0_i0177.h5,2,1.500000000e-01,0,1.000000000e+00,main,true,fall,2529
ml_samples/N2_sw0.15_x+0_i0178.h5,2,1.500000000e-01,0,1.000000000e+00,main,true,fall,292
ml_samples/N2_sw0.15_x+0_i0179.h5,2,1.500000000e-01,0,1.000000000e+00,main,true,rise,2144
ml_samples/N2_sw0.15_x+0_i0180.h5,2,1.500000000e-01,0,1.000000000e+00,main,true,rise,827
ml_samples/N2_sw0.15_x+0_i0181.h5,2,1.500000000e-01,0,1.000000000e+00,main,true,fall,444
ml_samples/N2_sw0.15_x+0_i0182.h5,2,1.500000000e-01,0,1.000000000e+00,main,true,fall,735
ml_samples/N2_sw0.15_x+0_i0183.h5,2,1.500000000e-01,0,1.000000000e+00,main,true,rise,3620
ml_samples/N2_sw0.15_x+0_i0184.h5,2,1.500000000e-01,0,1.000000000e+00,main,true,rise,2271
ml_samples/N2_sw0.15_x+0_i0185.h5,2,1.500000000e-01,0,1.000000000e+00,main,true,fall,1240
ml_samples/N2_sw0.15_x+0_i0186.h5,2,1.500000000e-01,0,1.000000000e+00,main,true,fall,286
ml_samples/N2_sw0.15_x+0_i0187.h5,2,1.500000000e-01,0,1.000000000e+00,main,true,rise,3260
ml_samples/N2_sw0.15_x+0_i0188.h5,2,1.500000000e-01,0,1.000000000e+00,main,true,rise,953
ml_samples/N2_sw0.15_x+0_i0189.h5,2,1.500000000e-01,0,1.000000000e+00,main,true,fall,487
ml_samples/N2_sw0.15_x+0_i0190.h5,2,1.500000000e-01,0,1.000000000e+00,main,true,timeout,6001
ml_samples/N2_sw0.15_x+0_i0191.h5,2,1.500000000e-01,0,1.000000000e+00,main,true,fall,974
ml_samples/N2_sw0.15_x+0_i0192.h5,2,1.500000000e-01,0,1.000000000e+00,main,true,fall,638
ml_samples/N2_sw0.15_x+0_i0193.h5,2,1.500000000e-01,0,1.000000000e+00,main,true,fall,1565
ml_samples/N2_sw0.15_x+0_i0194.h5,2,1.500000000e-01,0,1.000000000e+00,main,true,fall,219
ml_samples/N2_sw0.15_x+0_i0195.h5,2,1.500000000e-01,0,1.000000000e+00,main,true,fall,1647
ml_samples/N2_sw0.15_x+0_i0196.h5,2,1.500000000e-01,0,1.000000000e+00,main,true,fall,314
ml_samples/N2_sw0.15_x+0_i0197.h5,2,1.500000000e-01,0,1.000000000e+00,main,true,fall,2107
ml_samples/N2_sw0.15_x+0_i0198.h5,2,1.500000000e-01,0,1.000000000e+00,main,true,rise,908
ml_samples/N2_sw0.15_x+0_i0199.h5,2,1.500000000e-01,0,1.000000000e+00,main,true,fall,268
ml_samples/N2_sw0.15_x+1_i0000.h5,2,1.500000000e-01,1,1.066469849e+00,main,true,rise,840
ml_samples/N2_sw0.15_x+1_i0001.h5,2,1.500000000e-01,1,1.066469849e+00,main,true,rise,2044
ml_samples/N2_sw0.15_x+1_i0002.h5,2,1.500000000e-01,1,1.066469849e+00,main,true,rise,1852
ml_samples/N2_sw0.15_x+1_i0003.h5,2,1.500000000e-01,1,1.066469849e+00,main,true,fall,597
ml_samples/N2_sw0.15_x+1_i0004.h5,2,1.500000000e-01,1,1.066469849e+00,main,true,fall,1717
ml_samples/N2_sw0.15_x+1_i0005.h5,2,1.500000000e-01,1,1.066469849e+00,main,true,rise,810
ml_samples/N2_sw0.15_x+1_i0006.h5,2,1.500000000e-01,1,1.066469849e+00,main,true,rise,1071
ml_samples/N2_sw0.15_x+1_i0007.h5,2,1.500000000e-01,1,1.066469849e+00,main,true,rise,2468
ml_samples/N2_sw0.15_x+1_i0008.h5,2,1.500000000e-01,1,1.066469849e+00,main,true,rise,1998
ml_samples/N2_sw0.15_x+1_i0009.h5,2,1.500000000e-01,1,1.066469849e+00,main,true,rise,1644
ml_samples/N2_sw0.15_x+1_i0010.h5,2,1.500000000e-01,1,1.066469849e+00,main,true,fall,1489
ml_samples/N2_sw0.15_x+1_i0011.h5,2,1.500000000e-01,1,1.066469849e+00,main,true,fall,794
ml_samples/N2_sw0.15_x+1_i0012.h5,2,1.500000000e-01,1,1.066469849e+00,main,true,rise,798
ml_samples/N2_sw0.15_x+1_i0013.h5,2,1.500000000e-01,1,1.066469849e+00,main,true,rise,1109
ml_samples/N2_sw0.15_x+1_i0014.h5,2,1.500000000e-01,1,1.066469849e+00,main,true,rise,1649
ml_samples/N2_sw0.15_x+1_i0015.h5,2,1.500000000e-01,1,1.066469849e+00,main,true,rise,794
ml_samples/N2_sw0.15_x+1_i0016.h5,2,1.500000000e-01,1,1.066469849e+00,main,true,rise,2841
ml_samples/N2_sw0.15_x+1_i0017.h5,2,1.500000000e-01,1,1.066469849e+00,main,true,rise,1509
ml_samples/N2_sw0.15_x+1_i0018.h5,2,1.500000000e-01,1,1.066469849e+00,main,true,fall,705
ml_samples/N2_sw0.15_x+1_i0019.h5,2,1.500000000e-01,1,1.066469849e+00,main,true,fall,600
ml_samples/N2_sw0.15_x+1_i0020.h5,2,1.500000000e-01,1,1.066469849e+00,main,true,fall,379
ml_samples/N2_sw0.15_x+1_i0021.h5,2,1.500000000e-01,1,1.066469849e+00,main,true,fall,319
ml_samples/N2_sw0.15_x+1_i0022.h5,2,1.500000000e-01,1,1.066469849e+00,main,true,fall,626
ml_samples/N2_sw0.15_x+1_i0023.h5,2,1.500000000e-01,1,1.066469849e+00,main,true,fall,728
ml_samples/N2_sw0.15_x+1_i0024.h5,2,1.500000000e-01,1,1.066469849e+00,main,true,rise,1735
ml_samples/N2_sw0.15_x+1_i0025.h5,2,1.500000000e-01,1,1.066469849e+00,main,true,rise,1343
ml_samples/N2_sw0.15_x+1_i0026.h5,2,1.500000000e-01,1,1.066469849e+00,main,true,rise,5790
ml_samples/N2_sw0.15_x+1_i0027.h5,2,1.500000000e-01,1,1.066469849e+00,main,true,rise,3308
ml_samples/N2_sw0.15_x+1_i0028.h5,2,1.500000000e-01,1,1.066469849e+00,main,true,rise,703
ml_samples/N2_sw0.15_x+1_i0029.h5,2,1.500000000e-01,1,1.066469849e+00,main,true,rise,1306
ml_samples/N2_sw0.15_x+1_i0030.h5,2,1.500000000e-01,1,1.066469849e+00,main,true,rise,2682
ml_samples/N2_sw0.15_x+1_i0031.h5,2,1.500000000e-01,1,1.066469849e+00,main,true,rise,1202
ml_samples/N2_sw0.15_x+1_i0032.h5,2,1.500000000e-01,1,1.066469849e+00,main,true,rise,821
ml_samples/N2_sw0.15_x+1_i0033.h5,2,1.500000000e-01,1,1.066469849e+00,main,true,fall,237
ml_samples/N2_sw0.15_x+1_i0034.h5,2,1.500000000e-01,1,1.066469849e+00,main,true,rise,1439
ml_samples/N2_sw0.15_x+1_i0035.h5,2,1.500000000e-01,1,1.066469849e+00,main,true,rise,905
ml_samples/N2_sw0.15_x+1_i0036.h5,2,1.500000000e-01,1,1.066469849e+00,main,true,rise,1477
ml_samples/N2_sw0.15_x+1_i0037.h5,2,1.500000000e-01,1,1.066469849e+00,main,true,rise,1227
ml_samples/N2_sw0.15_x+1_i0038.h5,2,1.500000000e-01,1,1.066469849e+00,main,true,rise,1585
ml_samples/N2_sw0.15_x+1_i0039.h5,2,1.500000000e-01,1,1.066469849e+00,main,true,rise,1128
ml_samples/N2_sw0.15_x+1_i0040.h5,2,1.500000000e-01,1,1.066469849e+00,main,true,rise,1454
ml_samples/N2_sw0.15_x+1_i0041.h5,2,1.500000000e-01,1,1.066469849e+00,main,true,rise,795
ml_samples/N2_sw0.15_x+1_i0042.h5,2,1.500000000e-01,1,1.066469849e+00,main,true,rise,2023
ml_samples/N2_sw0.15_x+1_i0043.h5,2,1.500000000e-01,1,1.066469849e+00,main,true,rise,631
ml_samples/N2_sw0.15_x+1_i0044.h5,2,1.500000000e-01,1,1.066469849e+00,main,true,fall,406
ml_samples/N2_sw0.15_x+1_i0045.h5,2,1.500000000e-01,1,1.066469849e+00,main,true,fall,4072
ml_samples/N2_sw0.15_x+1_i0046.h5,2,1.500000000e-01,1,1.066469849e+00,main,true,fall,558
ml_samples/N2_sw0.15_x+1_i0047.h5,2,1.500000000e-01,1,1.066469849e+00,main,true,rise,2131
ml_samples/N2_sw0.15_x+1_i0048.h5,2,1.500000000e-01,1,1.066469849e+00,main,true,rise,2330
ml_samples/N2_sw0.15_x+1_i0049.h5,2,1.500000000e-01,1,1.066469849e+00,main,true,fall,514
ml_samples/N2_sw0.15_x+1_i0050.h5,2,1.500000000e-01,1,1.066469849e+00,main,true,rise,753
ml_samples/N2_sw0.15_x+1_i0051.h5,2,1.500000000e-01,1,1.066469849e+00,main,true,fall,933
ml_samples/N2_sw0.15_x+1_i0052.h5,2,1.500000000e-01,1,1.066469849e+00,main,true,fall,1575
ml_samples/N2_sw0.15_x+1_i0053.h5,2,1.500000000e-01,1,1.066469849e+00,main,true,rise,3553
ml_samples/N2_sw0.15_x+1_i0054.h5,2,1.500000000e-01,1,1.066469849e+00,main,true,rise,1817
ml_samples/N2_sw0.15_x+1_i0055.h5,2,1.500000000e-01,1,1.066469849e+00,main,true,rise,813
ml_samples/N2_sw0.15_x+1_i0056.h5,2,1.500000000e-01,1,1.066469849e+00,main,true,rise,5360
ml_samples/N2_sw0.15_x+1_i0057.h5,2,1.500000000e-01,1,1.066469849e+00,main,true,rise,1647
ml_samples/N2_sw0.15_x+1_i0058.h5,2,1.500000000e-01,1,1.066469849e+00,main,true,fall,1171
ml_samples/N2_sw0.15_x+1_i0059.h5,2,1.500000000e-01,1,1.066469849e+00,main,true,rise,2465
ml_samples/N2_sw0.15_x+1_i0060.h5,2,1.500000000e-01,1,1.066469849e+00,main,true,rise,2288
ml_samples/N2_sw0.15_x+1_i0061.h5,2,1.500000000e-01,1,1.066469849e+00,main,true,fall,1224
ml_samples/N2_sw0.15_x+1_i0062.h5,2,1.500000000e-01,1,1.066469849e+00,main,true,fall,2726
ml_samples/N2_sw0.15_x+1_i0063.h5,2,1.500000000e-01,1,1.066469849e+00,main,true,fall,518
ml_samples/N2_sw0.15_x+1_i0064.h5,2,1.500000000e-01,1,1.066469849e+00,main,true,fall,1274
ml_samples/N2_sw0.15_x+1_i0065.h5,2,1.500000000e-01,1,1.066469849e+00,main,true,rise,1330
ml_samples/N2_sw0.15_x+1_i0066.h5,2,1.500000000e-01,1,1.066469849e+00,main,true,rise,2238
ml_samples/N2_sw0.15_x+1_i0067.h5,2,1.500000000e-01,1,1.066469849e+00,main,true,rise,1939
ml_samples/N2_sw0.15_x+1_i0068.h5,2,1.500000000e-01,1,1.066469849e+00,main,true,rise,1829
ml_samples/N2_sw0.15_x+1_i0069.h5,2,1.500000000e-01,1,1.066469849e+00,main,true,rise,2999
ml_samples/N2_sw0.15_x+1_i0070.h5,2,1.500000000e-01,1,1.066469849e+00,main,true,rise,829
ml_samples/N2_sw0.15_x+1_i0071.h5,2,1.500000000e-01,1,1.066469849e+00,main,true,rise,2260
ml_samples/N2_sw0.15_x+1_i0072.h5,2,1.500000000e-01,1,1.066469849e+00,main,true,rise,1521
ml_samples/N2_sw0.15_x+1_i0073.h5,2,1.500000000e-01,1,1.066469849e+00,main,true,rise,1613
ml_samples/N2_sw0.15_x+1_i0074.h5,2,1.500000000e-01,1,1.066469849e+00,main,true,rise,1114
ml_samples/N2_sw0.15_x+1_i0075.h5,2,1.500000000e-01,1,1.066469849e+00,main,true,fall,1462
ml_samples/N2_sw0.15_x+1_i0076.h5,2,1.500000000e-01,1,1.066469849e+00,main,true,fall,3892
ml_samples/N2_sw0.15_x+1_i0077.h5,2,1.500000000e-01,1,1.066469849e+00,main,true,fall,364
ml_samples/N2_sw0.15_x+1_i0078.h5,2,1.500000000e-01,1,1.066469849e+00,main,true,rise,3565
ml_samples/N2_sw0.15_x+1_i0079.h5,2,1.500000000e-01,1,1.066469849e+00,main,true,rise,1304
ml_samples/N2_sw0.15_x+1_i0080.h5,2,1.500000000e-01,1,1.066469849e+00,main,true,fall,1016
ml_samples/N2_sw0.15_x+1_i0081.h5,2,1.500000000e-01,1,1.066469849e+00,main,true,rise,1717
ml_samples/N2_sw0.15_x+1_i0082.h5,2,1.500000000e-01,1,1.066469849e+00,main,true,rise,4951
ml_samples/N2_sw0.15_x+1_i0083.h5,2,1.500000000e-01,1,1.066469849e+00,main,true,rise,1300
ml_samples/N2_sw0.15_x+1_i0084.h5,2,1.500000000e-01,1,1.066469849e+00,main,true,rise,426
ml_samples/N2_sw0.15_x+1_i0085.h5,2,1.500000000e-01,1,1.066469849e+00,main,true,rise,1621
ml_samples/N2_sw0.15_x+1_i0086.h5,2,1.500000000e-01,1,1.066469849e+00,main,true,rise,1211
ml_samples/N2_sw0.15_x+1_i0087.h5,2,1.500000000e-01,1,1.066469849e+00,main,true,rise,2440
ml_samples/N2_sw0.15_x+1_i0088.h5,2,1.500000000e-01,1,1.066469849e+00,main,true,fall,1485
ml_samples/N2_sw0.15_x+1_i0089.h5,2,1.500000000e-01,1,1.066469849e+00,main,true,fall,1013
ml_samples/N2_sw0.15_x+1_i0090.h5,2,1.500000000e-01,1,1.066469849e+00,main,true,rise,2074
ml_samples/N2_sw0.15_x+1_i0091.h5,2,1.500000000e-01,1,1.066469849e+00,main,true,rise,1751
ml_samples/N2_sw0.15_x+1_i0092.h5,2,1.500000000e-01,1,1.066469849e+00,main,true,rise,4131
ml_samples/N2_sw0.15_x+1_i0093.h5,2,1.500000000e-01,1,1.066469849e+00,main,true,fall,2172
ml_samples/N2_sw0.15_x+1_i0094.h5,2,1.500000000e-01,1,1.066469849e+00,main,true,rise,3646
ml_samples/N2_sw0.15_x+1_i0095.h5,2,1.500000000e-01,1,1.066469849e+00,main,true,rise,4622
ml_samples/N2_sw0.15_x+1_i0096.h5,2,1.500000000e-01,1,1.066469849e+00,main,true,rise,1847
ml_samples/N2_sw0.15_x+1_i0097.h5,2,1.500000000e-01,1,1.066469849e+00,main,true,fall,228
ml_samples/N2_sw0.15_x+1_i0098.h5,2,1.500000000e-01,1,1.066469849e+00,main,true,rise,3806
ml_samples/N2_sw0.15_x+1_i0099.h5,2,1.500000000e-01,1,1.066469849e+00,main,true,rise,929
ml_samples/N2_sw0.15_x+1_i0100.h5,2,1.500000000e-01,1,1.066469849e+00,main,true,rise,787
ml_samples/N2_sw0.15_x+1_i0101.h5,2,1.500000000e-01,1,1.066469849e+00,main,true,rise,2865
ml_samples/N2_sw0.15_x+1_i0102.h5,2,1.500000000e-01,1,1.066469849e+00,main,true,rise,1188
ml_samples/N2_sw0.15_x+1_i0103.h5,2,1.500000000e-01,1,1.066469849e+00,main,true,rise,1682
ml_samples/N2_sw0.15_x+1_i0104.h5,2,1.500000000e-01,1,1.066469849e+00,main,true,fall,1881
ml_samples/N2_sw0.15_x+1_i0105.h5,2,1.500000000e-01,1,1.066469849e+00,main,true,rise,1385
ml_samples/N2_sw0.15_x+1_i0106.h5,2,1.500000000e-01,1,1.066469849e+00,main,true,rise,1860
ml_samples/N2_sw0.15_x+1_i0107.h5,2,1.500000000e-01,1,1.066469849e+00,main,true,rise,1360
ml_samples/N2_sw0.15_x+1_i0108.h5,2,1.500000000e-01,1,1.066469849e+00,main,true,rise,1310
ml_samples/N2_sw0.15_x+1_i0109.h5,2,1.500000000e-01,1,1.066469849e+00,main,true,rise,2923
ml_samples/N2_sw0.15_x+1_i0110.h5,2,1.500000000e-01,1,1.066469849e+00,main,true,rise,1321
ml_samples/N2_sw0.15_x+1_i0111.h5,2,1.500000000e-01,1,1.066469849e+00,main,true,rise,1775
ml_samples/N2_sw0.15_x+1_i0112.h5,2,1.500000000e-01,1,1.066469849e+00,main,true,fall,3607
ml_samples/N2_sw0.15_x+1_i0113.h5,2,1.500000000e-01,1,1.066469849e+00,main,true,fall,894
ml_samples/N2_sw0.15_x+1_i0114.h5,2,1.500000000e-01,1,1.066469849e+00,main,true,rise,4076
ml_samples/N2_sw0.15_x+1_i0115.h5,2,1.500000000e-01,1,1.066469849e+00,main,true,rise,802
ml_samples/N2_sw0.15_x+1_i0116.h5,2,1.500000000e-01,1,1.066469849e+00,main,true,rise,2921
ml_samples/N2_sw0.15_x+1_i0117.h5,2,1.500000000e-01,1,1.066469849e+00,main,true,rise,2230
ml_samples/N2_sw0.15_x+1_i0118.h5,2,1.500000000e-01,1,1.066469849e+00,main,true,rise,3790
ml_samples/N2_sw0.15_x+1_i0119.h5,2,1.500000000e-01,1,1.066469849e+00,main,true,rise,1868
ml_samples/N2_sw0.15_x+1_i0120.h5,2,1.500000000e-01,1,1.066469849e+00,main,true,rise,5173
ml_samples/N2_sw0.15_x+1_i0121.h5,2,1.500000000e-01,1,1.066469849e+00,main,true,fall,2654
ml_samples/N2_sw0.15_x+1_i0122.h5,2,1.500000000e-01,1,1.066469849e+00,main,true,rise,1448
ml_samples/N2_sw0.15_x+1_i0123.h5,2,1.500000000e-01,1,1.066469849e+00,main,true,rise,1658
ml_samples/N2_sw0.15_x+1_i0124.h5,2,1.500000000e-01,1,1.066469849e+00,main,true,rise,2165
ml_samples/N2_sw0.15_x+1_i0125.h5,2,1.500000000e-01,1,1.066469849e+00,main,true,rise,1229
ml_samples/N2_sw0.15_x+1_i0126.h5,2,1.500000000e-01,1,1.066469849e+00,main,true,rise,747
ml_samples/N2_sw0.15_x+1_i0127.h5,2,1.500000000e-01,1,1.066469849e+00,main,true,rise,820
ml_samples/N2_sw0.15_x+1_i0128.h5,2,1.500000000e-01,1,1.066469849e+00,main,true,rise,820
ml_samples/N2_sw0.15_x+1_i0129.h5,2,1.500000000e-01,1,1.066469849e+00,main,true,rise,2001
ml_samples/N2_sw0.15_x+1_i0130.h5,2,1.500000000e-01,1,1.066469849e+00,main,true,rise,2300
ml_samples/N2_sw0.15_x+1_i0131.h5,2,1.500000000e-01,1,1.066469849e+00,main,true,rise,1019
ml_samples/N2_sw0.15_x+1_i0132.h5,2,1.500000000e-01,1,1.066469849e+00,main,true,rise,5070
ml_samples/N2_sw0.15_x+1_i0133.h5,2,1.500000000e-01,1,1.066469849e+00,main,true,rise,541
ml_samples/N2_sw0.15_x+1_i0134.h5,2,1.500000000e-01,1,1.066469849e+00,main,true,rise,661
ml_samples/N2_sw0.15_x+1_i0135.h5,2,1.500000000e-01,1,1.066469849e+00,main,true,rise,887
ml_samples/N2_sw0.15_x+1_i0136.h5,2,1.500000000e-01,1,1.066469849e+00,main,true,fall,1214
ml_samples/N2_sw0.15_x+1_i0137.h5,2,1.500000000e-01,1,1.066469849e+00,main,true,rise,705
ml_samples/N2_sw0.15_x+1_i0138.h5,2,1.500000000e-01,1,1.066469849e+00,main,true,rise,875
ml_samples/N2_sw0.15_x+1_i0139.h5,2,1.500000000e-01,1,1.066469849e+00,main,true,rise,1199
ml_samples/N2_sw0.15_x+1_i0140.h5,2,1.500000000e-01,1,1.066469849e+00,main,true,rise,2386
ml_samples/N2_sw0.15_x+1_i0141.h5,2,1.500000000e-01,1,1.066469849e+00,main,true,rise,2776
ml_samples/N2_sw0.15_x+1_i0142.h5,2,1.500000000e-01,1,1.066469849e+00,main,true,rise,3329
ml_samples/N2_sw0.15_x+1_i0143.h5,2,1.500000000e-01,1,1.066469849e+00,main,true,fall,727
ml_samples/N2_sw0.15_x+1_i0144.h5,2,1.500000000e-01,1,1.066469849e+00,main,true,rise,1333
ml_samples/N2_sw0.15_x+1_i0145.h5,2,1.500000000e-01,1,1.066469849e+00,main,true,rise,395
ml_samples/N2_sw0.15_x+1_i0146.h5,2,1.500000000e-01,1,1.066469849e+00,main,true,rise,3373
ml_samples/N2_sw0.15_x+1_i0147.h5,2,1.500000000e-01,1,1.066469849e+00,main,true,rise,2682
ml_samples/N2_sw0.15_x+1_i0148.h5,2,1.500000000e-01,1,1.066469849e+00,main,true,fall,1162
ml_samples/N2_sw0.15_x+1_i0149.h5,2,1.500000000e-01,1,1.066469849e+00,main,true,rise,2105
ml_samples/N2_sw0.15_x+1_i0150.h5,2,1.500000000e-01,1,1.066469849e+00,main,true,rise,652
ml_samples/N2_sw0.15_x+1_i0151.h5,2,1.500000000e-01,1,1.066469849e+00,main,true,rise,1543
ml_samples/N2_sw0.15_x+1_i0152.h5,2,1.500000000e-01,1,1.066469849e+00,main,true,rise,2490
ml_samples/N2_sw0.15_x+1_i0153.h5,2,1.500000000e-01,1,1.066469849e+00,main,true,rise,1336
ml_samples/N2_sw0.15_x+1_i0154.h5,2,1.500000000e-01,1,1.066469849e+00,main,true,rise,1114
ml_samples/N2_sw0.15_x+1_i0155.h5,2,1.500000000e-01,1,1.066469849e+00,main,true,rise,1206
ml_samples/N2_sw0.15_x+1_i0156.h5,2,1.500000000e-01,1,1.066469849e+00,main,true,fall,4386
ml_samples/N2_sw0.15_x+1_i0157.h5,2,1.500000000e-01,1,1.066469849e+00,main,true,rise,2321
ml_samples/N2_sw0.15_x+1_i0158.h5,2,1.500000000e-01,1,1.066469849e+00,main,true,rise,1740
ml_samples/N2_sw0.15_x+1_i0159.h5,2,1.500000000e-01,1,1.066469849e+00,main,true,rise,757
ml_samples/N2_sw0.15_x+1_i0160.h5,2,1.500000000e-01,1,1.066469849e+00,main,true,fall,392
ml_samples/N2_sw0.15_x+1_i0161.h5,2,1.500000000e-01,1,1.066469849e+00,main,true,fall,396
ml_samples/N2_sw0.15_x+1_i0162.h5,2,1.500000000e-01,1,1.066469849e+00,main,true,rise,771
ml_samples/N2_sw0.15_x+1_i0163.h5,2,1.500000000e-01,1,1.066469849e+00,main,true,fall,1877
ml_samples/N2_sw0.15_x+1_i0164.h5,2,1.500000000e-01,1,1.066469849e+00,main,true,rise,689
ml_samples/N2_sw0.15_x+1_i0165.h5,2,1.500000000e-01,1,1.066469849e+00,main,true,rise,1183
ml_samples/N2_sw0.15_x+1_i0166.h5,2,1.500000000e-01,1,1.066469849e+00,main,true,rise,814
ml_samples/N2_sw0.15_x+1_i0167.h5,2,1.500000000e-01,1,1.066469849e+00,main,true,rise,1596
ml_samples/N2_sw0.15_x+1_i0168.h5,2,1.500000000e-01,1,1.066469849e+00,main,true,rise,1262
ml_samples/N2_sw0.15_x+1_i0169.h5,2,1.500000000e-01,1,1.066469849e+00,main,true,rise,1479
ml_samples/N2_sw0.15_x+1_i0170.h5,2,1.500000000e-01,1,1.066469849e+00,main,true,fall,298
ml_samples/N2_sw0.15_x+1_i0171.h5,2,1.500000000e-01,1,1.066469849e+00,main,true,fall,559
ml_samples/N2_sw0.15_x+1_i0172.h5,2,1.500000000e-01,1,1.066469849e+00,main,true,rise,2647
ml_samples/N2_sw0.15_x+1_i0173.h5,2,1.500000000e-01,1,1.066469849e+00,main,true,rise,3325
ml_samples/N2_sw0.15_x+1_i0174.h5,2,1.500000000e-01,1,1.066469849e+00,main,true,rise,3968
ml_samples/N2_sw0.15_x+1_i0175.h5,2,1.500000000e-01,1,1.066469849e+00,main,true,timeout,6001
ml_samples/N2_sw0.15_x+1_i0176.h5,2,1.500000000e-01,1,1.066469849e+00,main,true,rise,547
ml_samples/N2_sw0.15_x+1_i0177.h5,2,1.500000000e-01,1,1.066469849e+00,main,true,rise,1042
ml_samples/N2_sw0.15_x+1_i0178.h5,2,1.500000000e-01,1,1.066469849e+00,main,true,rise,2432
ml_samples/N2_sw0.15_x+1_i0179.h5,2,1.500000000e-01,1,1.066469849e+00,main,true,fall,3295
ml_samples/N2_sw0.15_x+1_i0180.h5,2,1.500000000e-01,1,1.066469849e+00,main,true,rise,1460
ml_samples/N2_sw0.15_x+1_i0181.h5,2,1.500000000e-01,1,1.066469849e+00,main,true,rise,1203
ml_samples/N2_sw0.15_x+1_i0182.h5,2,1.500000000e-01,1,1.066469849e+00,main,true,fall,840
ml_samples/N2_sw0.15_x+1_i0183.h5,2,1.500000000e-01,1,1.066469849e+00,main,true,rise,2349
ml_samples/N2_sw0.15_x+1_i0184.h5,2,1.500000000e-01,1,1.066469849e+00,main,true,rise,2056
ml_samples/N2_sw0.15_x+1_i0185.h5,2,1.500000000e-01,1,1.066469849e+00,main,true,rise,979
ml_samples/N2_sw0.15_x+1_i0186.h5,2,1.500000000e-01,1,1.066469849e+00,main,true,rise,1443
ml_samples/N2_sw0.15_x+1_i0187.h5,2,1.500000000e-01,1,1.066469849e+00,main,true,rise,2373
ml_samples/N2_sw0.15_x+1_i0188.h5,2,1.500000000e-01,1,1.066469849e+00,main,true,rise,1059
ml_samples/N2_sw0.15_x+1_i0189.h5,2,1.500000000e-01,1,1.066469849e+00,main,true,fall,208
ml_samples/N2_sw0.15_x+1_i0190.h5,2,1.500000000e-01,1,1.066469849e+00,main,true,rise,1849
ml_samples/N2_sw0.15_x+1_i0191.h5,2,1.500000000e-01,1,1.066469849e+00,main,true,rise,989
ml_samples/N2_sw0.15_x+1_i0192.h5,2,1.500000000e-01,1,1.066469849e+00,main,true,rise,967
ml_samples/N2_sw0.15_x+1_i0193.h5,2,1.500000000e-01,1,1.066469849e+00,main,true,rise,941
ml_samples/N2_sw0.15_x+1_i0194.h5,2,1.500000000e-01,1,1.066469849e+00,main,true,rise,3883
ml_samples/N2_sw0.15_x+1_i0195.h5,2,1.500000000e-01,1,1.066469849e+00,main,true,rise,2139
ml_samples/N2_sw0.15_x+1_i0196.h5,2,1.500000000e-01,1,1.066469849e+00,main,true,rise,1410
ml_samples/N2_sw0.15_x+1_i0197.h5,2,1.500000000e-01,1,1.066469849e+00,main,true,rise,816
ml_samples/N2_sw0.15_x+1_i0198.h5,2,1.500000000e-01,1,1.066469849e+00,main,true,fall,4075
ml_samples/N2_sw0.15_x+1_i0199.h5,2,1.500000000e-01,1,1.066469849e+00,main,true,rise,1938
ml_samples/N2_sw0.15_x+2_i0000.h5,2,1.500000000e-01,2,1.132939697e+00,main,true,rise,1156
ml_samples/N2_sw0.15_x+2_i0001.h5,2,1.500000000e-01,2,1.132939697e+00,main,true,rise,443
ml_samples/N2_sw0.15_x+2_i0002.h5,2,1.500000000e-01,2,1.132939697e+00,main,true,rise,630
ml_samples/N2_sw0.15_x+2_i0003.h5,2,1.500000000e-01,2,1.132939697e+00,main,true,rise,1565
ml_samples/N2_sw0.15_x+2_i0004.h5,2,1.500000000e-01,2,1.132939697e+00,main,true,rise,841
ml_samples/N2_sw0.15_x+2_i0005.h5,2,1.500000000e-01,2,1.132939697e+00,main,true,rise,2416
ml_samples/N2_sw0.15_x+2_i0006.h5,2,1.500000000e-01,2,1.132939697e+00,main,true,rise,2138
ml_samples/N2_sw0.15_x+2_i0007.h5,2,1.500000000e-01,2,1.132939697e+00,main,true,rise,1346
ml_samples/N2_sw0.15_x+2_i0008.h5,2,1.500000000e-01,2,1.132939697e+00,main,true,rise,740
ml_samples/N2_sw0.15_x+2_i0009.h5,2,1.500000000e-01,2,1.132939697e+00,main,true,rise,741
ml_samples/N2_sw0.15_x+2_i0010.h5,2,1.500000000e-01,2,1.132939697e+00,main,true,rise,644
ml_samples/N2_sw0.15_x+2_i0011.h5,2,1.500000000e-01,2,1.132939697e+00,main,true,rise,842
ml_samples/N2_sw0.15_x+2_i0012.h5,2,1.500000000e-01,2,1.132939697e+00,main,true,rise,1640
ml_samples/N2_sw0.15_x+2_i0013.h5,2,1.500000000e-01,2,1.132939697e+00,main,true,rise,778
ml_samples/N2_sw0.15_x+2_i0014.h5,2,1.500000000e-01,2,1.132939697e+00,main,true,rise,898
ml_samples/N2_sw0.15_x+2_i0015.h5,2,1.500000000e-01,2,1.132939697e+00,main,true,rise,2552
ml_samples/N2_sw0.15_x+2_i0016.h5,2,1.500000000e-01,2,1.132939697e+00,main,true,rise,1337
ml_samples/N2_sw0.15_x+2_i0017.h5,2,1.500000000e-01,2,1.132939697e+00,main,true,fall,287
ml_samples/N2_sw0.15_x+2_i0018.h5,2,1.500000000e-01,2,1.132939697e+00,main,true,rise,1233
ml_samples/N2_sw0.15_x+2_i0019.h5,2,1.500000000e-01,2,1.132939697e+00,main,true,fall,722
ml_samples/N2_sw0.15_x+2_i0020.h5,2,1.500000000e-01,2,1.132939697e+00,main,true,rise,990
ml_samples/N2_sw0.15_x+2_i0021.h5,2,1.500000000e-01,2,1.132939697e+00,main,true,rise,1272
ml_samples/N2_sw0.15_x+2_i0022.h5,2,1.500000000e-01,2,1.132939697e+00,main,true,rise,1244
ml_samples/N2_sw0.15_x+2_i0023.h5,2,1.500000000e-01,2,1.132939697e+00,main,true,rise,696
ml_samples/N2_sw0.15_x+2_i0024.h5,2,1.500000000e-01,2,1.132939697e+00,main,true,rise,730
ml_samples/N2_sw0.15_x+2_i0025.h5,2,1.500000000e-01,2,1.132939697e+00,main,true,rise,1378
ml_samples/N2_sw0.15_x+2_i0026.h5,2,1.500000000e-01,2,1.132939697e+00,main,true,rise,552
ml_samples/N2_sw0.15_x+2_i0027.h5,2,1.500000000e-01,2,1.132939697e+00,main,true,rise,668
ml_samples/N2_sw0.15_x+2_i0028.h5,2,1.500000000e-01,2,1.132939697e+00,main,true,rise,1500
ml_samples/N2_sw0.15_x+2_i0029.h5,2,1.500000000e-01,2,1.132939697e+00,main,true,rise,983
ml_samples/N2_sw0.15_x+2_i0030.h5,2,1.500000000e-01,2,1.132939697e+00,main,true,rise,904
ml_samples/N2_sw0.15_x+2_i0031.h5,2,1.500000000e-01,2,1.132939697e+00,main,true,rise,476
ml_samples/N2_sw0.15_x+2_i0032.h5,2,1.500000000e-01,2,1.132939697e+00,main,true,rise,814
ml_samples/N2_sw0.15_x+2_i0033.h5,2,1.500000000e-01,2,1.132939697e+00,main,true,rise,460
ml_samples/N2_sw0.15_x+2_i0034.h5,2,1.500000000e-01,2,1.132939697e+00,main,true,rise,626
ml_samples/N2_sw0.15_x+2_i0035.h5,2,1.500000000e-01,2,1.132939697e+00,main,true,rise,847
ml_samples/N2_sw0.15_x+2_i0036.h5,2,1.500000000e-01,2,1.132939697e+00,main,true,fall,617
ml_samples/N2_sw0.15_x+2_i0037.h5,2,1.500000000e-01,2,1.132939697e+00,main,true,rise,949
ml_samples/N2_sw0.15_x+2_i0038.h5,2,1.500000000e-01,2,1.132939697e+00,main,true,rise,965
ml_samples/N2_sw0.15_x+2_i0039.h5,2,1.500000000e-01,2,1.132939697e+00,main,true,rise,406
ml_samples/N2_sw0.15_x+2_i0040.h5,2,1.500000000e-01,2,1.132939697e+00,main,true,rise,1933
ml_samples/N2_sw0.15_x+2_i0041.h5,2,1.500000000e-01,2,1.132939697e+00,main,true,rise,924
ml_samples/N2_sw0.15_x+2_i0042.h5,2,1.500000000e-01,2,1.132939697e+00,main,true,rise,1581
ml_samples/N2_sw0.15_x+2_i0043.h5,2,1.500000000e-01,2,1.132939697e+00,main,true,rise,3933
ml_samples/N2_sw0.15_x+2_i0044.h5,2,1.500000000e-01,2,1.132939697e+00,main,true,rise,1498
ml_samples/N2_sw0.15_x+2_i0045.h5,2,1.500000000e-01,2,1.132939697e+00,main,true,rise,863
ml_samples/N2_sw0.15_x+2_i0046.h5,2,1.500000000e-01,2,1.132939697e+00,main,true,rise,938
ml_samples/N2_sw0.15_x+2_i0047.h5,2,1.500000000e-01,2,1.132939697e+00,main,true,rise,690
ml_samples/N2_sw0.15_x+2_i0048.h5,2,1.500000000e-01,2,1.132939697e+00,main,true,rise,1339
ml_samples/N2_sw0.15_x+2_i0049.h5,2,1.500000000e-01,2,1.132939697e+00,main,true,rise,1021
ml_samples/N2_sw0.15_x+2_i0050.h5,2,1.500000000e-01,2,1.132939697e+00,main,true,rise,668
ml_samples/N2_sw0.15_x+2_i0051.h5,2,1.500000000e-01,2,1.132939697e+00,main,true,rise,483
ml_samples/N2_sw0.15_x+2_i0052.h5,2,1.500000000e-01,2,1.132939697e+00,main,true,rise,1130
ml_samples/N2_sw0.15_x+2_i0053.h5,2,1.500000000e-01,2,1.132939697e+00,main,true,rise,576
ml_samples/N2_sw0.15_x+2_i0054.h5,2,1.500000000e-01,2,1.132939697e+00,main,true,rise,453
ml_samples/N2_sw0.15_x+2_i0055.h5,2,1.500000000e-01,2,1.132939697e+00,main,true,rise,591
ml_samples/N2_sw0.15_x+2_i0056.h5,2,1.500000000e-01,2,1.132939697e+00,main,true,rise,976
ml_samples/N2_sw0.15_x+2_i0057.h5,2,1.500000000e-01,2,1.132939697e+00,main,true,rise,764
ml_samples/N2_sw0.15_x+2_i0058.h5,2,1.500000000e-01,2,1.132939697e+00,main,true,rise,2056
ml_samples/N2_sw0.15_x+2_i0059.h5,2,1.500000000e-01,2,1.132939697e+00,main,true,rise,903
ml_samples/N2_sw0.15_x+2_i0060.h5,2,1.500000000e-01,2,1.132939697e+00,main,true,rise,1069
ml_samples/N2_sw0.15_x+2_i0061.h5,2,1.500000000e-01,2,1.132939697e+00,main,true,rise,1850
ml_samples/N2_sw0.15_x+2_i0062.h5,2,1.500000000e-01,2,1.132939697e+00,main,true,rise,740
ml_samples/N2_sw0.15_x+2_i0063.h5,2,1.500000000e-01,2,1.132939697e+00,main,true,rise,839
ml_samples/N2_sw0.15_x+2_i0064.h5,2,1.500000000e-01,2,1.132939697e+00,main,true,rise,787
ml_samples/N2_sw0.15_x+2_i0065.h5,2,1.500000000e-01,2,1.132939697e+00,main,true,rise,685
ml_samples/N2_sw0.15_x+2_i0066.h5,2,1.500000000e-01,2,1.132939697e+00,main,true,fall,535
ml_samples/N2_sw0.15_x+2_i0067.h5,2,1.500000000e-01,2,1.132939697e+00,main,true,rise,1168
ml_samples/N2_sw0.15_x+2_i0068.h5,2,1.500000000e-01,2,1.132939697e+00,main,true,rise,620
ml_samples/N2_sw0.15_x+2_i0069.h5,2,1.500000000e-01,2,1.132939697e+00,main,true,rise,610
ml_samples/N2_sw0.15_x+2_i0070.h5,2,1.500000000e-01,2,1.132939697e+00,main,true,rise,580
ml_samples/N2_sw0.15_x+2_i0071.h5,2,1.500000000e-01,2,1.132939697e+00,main,true,rise,2011
ml_samples/N2_sw0.15_x+2_i0072.h5,2,1.500000000e-01,2,1.132939697e+00,main,true,rise,1737
ml_samples/N2_sw0.15_x+2_i0073.h5,2,1.500000000e-01,2,1.132939697e+00,main,true,rise,947
ml_samples/N2_sw0.15_x+2_i0074.h5,2,1.500000000e-01,2,1.132939697e+00,main,true,rise,453
ml_samples/N2_sw0.15_x+2_i0075.h5,2,1.500000000e-01,2,1.132939697e+00,main,true,rise,1464
ml_samples/N2_sw0.15_x+2_i0076.h5,2,1.500000000e-01,2,1.132939697e+00,main,true,rise,794
ml_samples/N2_sw0.15_x+2_i0077.h5,2,1.500000000e-01,2,1.132939697e+00,main,true,rise,580
ml_samples/N2_sw0.15_x+2_i0078.h5,2,1.500000000e-01,2,1.132939697e+00,main,true,fall,369
ml_samples/N2_sw0.15_x+2_i0079.h5,2,1.500000000e-01,2,1.132939697e+00,main,true,rise,3407
ml_samples/N2_sw0.15_x+2_i0080.h5,2,1.500000000e-01,2,1.132939697e+00,main,true,rise,4311
ml_samples/N2_sw0.15_x+2_i0081.h5,2,1.500000000e-01,2,1.132939697e+00,main,true,rise,1250
ml_samples/N2_sw0.15_x+2_i0082.h5,2,1.500000000e-01,2,1.132939697e+00,main,true,rise,589
ml_samples/N2_sw0.15_x+2_i0083.h5,2,1.500000000e-01,2,1.132939697e+00,main,true,rise,645
ml_samples/N2_sw0.15_x+2_i0084.h5,2,1.500000000e-01,2,1.132939697e+00,main,true,rise,2121
ml_samples/N2_sw0.15_x+2_i0085.h5,2,1.500000000e-01,2,1.132939697e+00,main,true,rise,582
ml_samples/N2_sw0.15_x+2_i0086.h5,2,1.500000000e-01,2,1.132939697e+00,main,true,rise,1828
ml_samples/N2_sw0.15_x+2_i0087.h5,2,1.500000000e-01,2,1.132939697e+00,main,true,rise,660
ml_samples/N2_sw0.15_x+2_i0088.h5,2,1.500000000e-01,2,1.132939697e+00,main,true,rise,1041
ml_samples/N2_sw0.15_x+2_i0089.h5,2,1.500000000e-01,2,1.132939697e+00,main,true,rise,439
ml_samples/N2_sw0.15_x+2_i0090.h5,2,1.500000000e-01,2,1.132939697e+00,main,true,rise,1117
ml_samples/N2_sw0.15_x+2_i0091.h5,2,1.500000000e-01,2,1.132939697e+00,main,true,rise,997
ml_samples/N2_sw0.15_x+2_i0092.h5,2,1.500000000e-01,2,1.132939697e+00,main,true,fall,688
ml_samples/N2_sw0.15_x+2_i0093.h5,2,1.500000000e-01,2,1.132939697e+00,main,true,rise,742
ml_samples/N2_sw0.15_x+2_i0094.h5,2,1.500000000e-01,2,1.132939697e+00,main,true,rise,1942
ml_samples/N2_sw0.15_x+2_i0095.h5,2,1.500000000e-01,2,1.132939697e+00,main,true,rise,1020
ml_samples/N2_sw0.15_x+2_i0096.h5,2,1.500000000e-01,2,1.132939697e+00,main,true,rise,940
ml_samples/N2_sw0.15_x+2_i0097.h5,2,1.500000000e-01,2,1.132939697e+00,main,true,rise,379
ml_samples/N2_sw0.15_x+2_i0098.h5,2,1.500000000e-01,2,1.132939697e+00,main,true,rise,2016
ml_samples/N2_sw0.15_x+2_i0099.h5,2,1.500000000e-01,2,1.132939697e+00,main,true,rise,898
ml_samples/N2_sw0.15_x+4_i0000.h5,2,1.500000000e-01,4,1.265879394e+00,main,true,rise,799
ml_samples/N2_sw0.15_x+4_i0001.h5,2,1.500000000e-01,4,1.265879394e+00,main,true,rise,392
ml_samples/N2_sw0.15_x+4_i0002.h5,2,1.500000000e-01,4,1.265879394e+00,main,true,rise,1340
ml_samples/N2_sw0.15_x+4_i0003.h5,2,1.500000000e-01,4,1.265879394e+00,main,true,rise,467
ml_samples/N2_sw0.15_x+4_i0004.h5,2,1.500000000e-01,4,1.265879394e+00,main,true,rise,624
ml_samples/N2_sw0.15_x+4_i0005.h5,2,1.500000000e-01,4,1.265879394e+00,main,true,rise,964
ml_samples/N2_sw0.15_x+4_i0006.h5,2,1.500000000e-01,4,1.265879394e+00,main,true,rise,614
ml_samples/N2_sw0.15_x+4_i0007.h5,2,1.500000000e-01,4,1.265879394e+00,main,true,rise,445
ml_samples/N2_sw0.15_x+4_i0008.h5,2,1.500000000e-01,4,1.265879394e+00,main,true,rise,1211
ml_samples/N2_sw0.15_x+4_i0009.h5,2,1.500000000e-01,4,1.265879394e+00,main,true,rise,537
ml_samples/N2_sw0.15_x+4_i0010.h5,2,1.500000000e-01,4,1.265879394e+00,main,true,rise,492
ml_samples/N2_sw0.15_x+4_i0011.h5,2,1.500000000e-01,4,1.265879394e+00,main,true,rise,419
ml_samples/N2_sw0.15_x+4_i0012.h5,2,1.500000000e-01,4,1.265879394e+00,main,true,rise,439
ml_samples/N2_sw0.15_x+4_i0013.h5,2,1.500000000e-01,4,1.265879394e+00,main,true,rise,485
ml_samples/N2_sw0.15_x+4_i0014.h5,2,1.500000000e-01,4,1.265879394e+00,main,true,rise,812
ml_samples/N2_sw0.15_x+4_i0015.h5,2,1.500000000e-01,4,1.265879394e+00,main,true,rise,306
ml_samples/N2_sw0.15_x+4_i0016.h5,2,1.500000000e-01,4,1.265879394e+00,main,true,rise,471
ml_samples/N2_sw0.15_x+4_i0017.h5,2,1.500000000e-01,4,1.265879394e+00,main,true,rise,389
ml_samples/N2_sw0.15_x+4_i0018.h5,2,1.500000000e-01,4,1.265879394e+00,main,true,rise,458
ml_samples/N2_sw0.15_x+4_i0019.h5,2,1.500000000e-01,4,1.265879394e+00,main,true,rise,924
ml_samples/N2_sw0.15_x+4_i0020.h5,2,1.500000000e-01,4,1.265879394e+00,main,true,rise,463
ml_samples/N2_sw0.15_x+4_i0021.h5,2,1.500000000e-01,4,1.265879394e+00,main,true,rise,528
ml_samples/N2_sw0.15_x+4_i0022.h5,2,1.500000000e-01,4,1.265879394e+00,main,true,rise,543
ml_samples/N2_sw0.15_x+4_i0023.h5,2,1.500000000e-01,4,1.265879394e+00,main,true,rise,344
ml_samples/N2_sw0.15_x+4_i0024.h5,2,1.500000000e-01,4,1.265879394e+00,main,true,rise,436
ml_samples/N2_sw0.15_x+4_i0025.h5,2,1.500000000e-01,4,1.265879394e+00,main,true,rise,507
ml_samples/N2_sw0.15_x+4_i0026.h5,2,1.500000000e-01,4,1.265879394e+00,main,true,rise,394
ml_samples/N2_sw0.15_x+4_i0027.h5,2,1.500000000e-01,4,1.265879394e+00,main,true,rise,398
ml_samples/N2_sw0.15_x+4_i0028.h5,2,1.500000000e-01,4,1.265879394e+00,main,true,rise,425
ml_samples/N2_sw0.15_x+4_i0029.h5,2,1.500000000e-01,4,1.265879394e+00,main,true,rise,448
ml_samples/N2_sw0.15_x+4_i0030.h5,2,1.500000000e-01,4,1.265879394e+00,main,true,rise,852
ml_samples/N2_sw0.15_x+4_i0031.h5,2,1.500000000e-01,4,1.265879394e+00,main,true,rise,415
ml_samples/N2_sw0.15_x+4_i0032.h5,2,1.500000000e-01,4,1.265879394e+00,main,true,rise,414
ml_samples/N2_sw0.15_x+4_i0033.h5,2,1.500000000e-01,4,1.265879394e+00,main,true,rise,534
ml_samples/N2_sw0.15_x+4_i0034.h5,2,1.500000000e-01,4,1.265879394e+00,main,true,rise,681
ml_samples/N2_sw0.15_x+4_i0035.h5,2,1.500000000e-01,4,1.265879394e+00,main,true,rise,1711
ml_samples/N2_sw0.15_x+4_i0036.h5,2,1.500000000e-01,4,1.265879394e+00,main,true,rise,725
ml_samples/N2_sw0.15_x+4_i0037.h5,2,1.500000000e-01,4,1.265879394e+00,main,true,rise,359
ml_samples/N2_sw0.15_x+4_i0038.h5,2,1.500000000e-01,4,1.265879394e+00,main,true,rise,484
ml_samples/N2_sw0.15_x+4_i0039.h5,2,1.500000000e-01,4,1.265879394e+00,main,true,rise,523
ml_samples/N2_sw0.15_x+4_i0040.h5,2,1.500000000e-01,4,1.265879394e+00,main,true,rise,352
ml_samples/N2_sw0.15_x+4_i0041.h5,2,1.500000000e-01,4,1.265879394e+00,main,true,rise,419
ml_samples/N2_sw0.15_x+4_i0042.h5,2,1.500000000e-01,4,1.265879394e+00,main,true,rise,469
ml_samples/N2_sw0.15_x+4_i0043.h5,2,1.500000000e-01,4,1.265879394e+00,main,true,rise,633
ml_samples/N2_sw0.15_x+4_i0044.h5,2,1.500000000e-01,4,1.265879394e+00,main,true,rise,568
ml_samples/N2_sw0.15_x+4_i0045.h5,2,1.500000000e-01,4,1.265879394e+00,main,true,rise,809
ml_samples/N2_sw0.15_x+4_i0046.h5,2,1.500000000e-01,4,1.265879394e+00,main,true,rise,274
ml_samples/N2_sw0.15_x+4_i0047.h5,2,1.500000000e-01,4,1.265879394e+00,main,true,rise,481
ml_samples/N2_sw0.15_x+4_i0048.h5,2,1.500000000e-01,4,1.265879394e+00,main,true,rise,542
ml_samples/N2_sw0.15_x+4_i0049.h5,2,1.500000000e-01,4,1.265879394e+00,main,true,rise,368
ml_samples/N2_sw0.15_x+4_i0050.h5,2,1.500000000e-01,4,1.265879394e+00,main,true,rise,473
ml_samples/N2_sw0.15_x+4_i0051.h5,2,1.500000000e-01,4,1.265879394e+00,main,true,rise,659
ml_samples/N2_sw0.15_x+4_i0052.h5,2,1.500000000e-01,4,1.265879394e+00,main,true,rise,462
ml_samples/N2_sw0.15_x+4_i0053.h5,2,1.500000000e-01,4,1.265879394e+00,main,true,rise,502
ml_samples/N2_sw0.15_x+4_i0054.h5,2,1.500000000e-01,4,1.265879394e+00,main,true,rise,846
ml_samples/N2_sw0.15_x+4_i0055.h5,2,1.500000000e-01,4,1.265879394e+00,main,true,rise,406
ml_samples/N2_sw0.15_x+4_i0056.h5,2,1.500000000e-01,4,1.265879394e+00,main,true,rise,961
ml_samples/N2_sw0.15_x+4_i0057.h5,2,1.500000000e-01,4,1.265879394e+00,main,true,rise,832
ml_samples/N2_sw0.15_x+4_i0058.h5,2,1.500000000e-01,4,1.265879394e+00,main,true,rise,410
ml_samples/N2_sw0.15_x+4_i0059.h5,2,1.500000000e-01,4,1.265879394e+00,main,true,rise,751
ml_samples/N2_sw0.15_x+4_i0060.h5,2,1.500000000e-01,4,1.265879394e+00,main,true,rise,336
ml_samples/N2_sw0.15_x+4_i0061.h5,2,1.500000000e-01,4,1.265879394e+00,main,true,rise,373
ml_samples/N2_sw0.15_x+4_i0062.h5,2,1.500000000e-01,4,1.265879394e+00,main,true,rise,916
ml_samples/N2_sw0.15_x+4_i0063.h5,2,1.500000000e-01,4,1.265879394e+00,main,true,rise,551
ml_samples/N2_sw0.15_x+4_i0064.h5,2,1.500000000e-01,4,1.265879394e+00,main,true,rise,357
ml_samples/N2_sw0.15_x+4_i0065.h5,2,1.500000000e-01,4,1.265879394e+00,main,true,rise,367
ml_samples/N2_sw0.15_x+4_i0066.h5,2,1.500000000e-01,4,1.265879394e+00,main,true,rise,405
ml_samples/N2_sw0.15_x+4_i0067.h5,2,1.500000000e-01,4,1.265879394e+00,main,true,rise,706
ml_samples/N2_sw0.15_x+4_i0068.h5,2,1.500000000e-01,4,1.265879394e+00,main,true,rise,444
ml_samples/N2_sw0.15_x+4_i0069.h5,2,1.500000000e-01,4,1.265879394e+00,main,true,rise,392
ml_samples/N2_sw0.15_x+4_i0070.h5,2,1.500000000e-01,4,1.265879394e+00,main,true,rise,789
ml_samples/N2_sw0.15_x+4_i0071.h5,2,1.500000000e-01,4,1.265879394e+00,main,true,rise,935
ml_samples/N2_sw0.15_x+4_i0072.h5,2,1.500000000e-01,4,1.265879394e+00,main,true,rise,356
ml_samples/N2_sw0.15_x+4_i0073.h5,2,1.500000000e-01,4,1.265879394e+00,main,true,rise,510
ml_samples/N2_sw0.15_x+4_i0074.h5,2,1.500000000e-01,4,1.265879394e+00,main,true,rise,490
ml_samples/N2_sw0.15_x+4_i0075.h5,2,1.500000000e-01,4,1.265879394e+00,main,true,rise,585
ml_samples/N2_sw0.15_x+4_i0076.h5,2,1.500000000e-01,4,1.265879394e+00,main,true,rise,1195
ml_samples/N2_sw0.15_x+4_i0077.h5,2,1.500000000e-01,4,1.265879394e+00,main,true,rise,491
ml_samples/N2_sw0.15_x+4_i0078.h5,2,1.500000000e-01,4,1.265879394e+00,main,true,rise,652
ml_samples/N2_sw0.15_x+4_i0079.h5,2,1.500000000e-01,4,1.265879394e+00,main,true,rise,1958
ml_samples/N2_sw0.15_x+4_i0080.h5,2,1.500000000e-01,4,1.265879394e+00,main,true,rise,659
ml_samples/N2_sw0.15_x+4_i0081.h5,2,1.500000000e-01,4,1.265879394e+00,main,true,rise,337
ml_samples/N2_sw0.15_x+4_i0082.h5,2,1.500000000e-01,4,1.265879394e+00,main,true,rise,637
ml_samples/N2_sw0.15_x+4_i0083.h5,2,1.500000000e-01,4,1.265879394e+00,main,true,rise,677
ml_samples/N2_sw0.15_x+4_i0084.h5,2,1.500000000e-01,4,1.265879394e+00,main,true,rise,676
ml_samples/N2_sw0.15_x+4_i0085.h5,2,1.500000000e-01,4,1.265879394e+00,main,true,rise,397
ml_samples/N2_sw0.15_x+4_i0086.h5,2,1.500000000e-01,4,1.265879394e+00,main,true,rise,580
ml_samples/N2_sw0.15_x+4_i0087.h5,2,1.500000000e-01,4,1.265879394e+00,main,true,rise,445
ml_samples/N2_sw0.15_x+4_i0088.h5,2,1.500000000e-01,4,1.265879394e+00,main,true,rise,564
ml_samples/N2_sw0.15_x+4_i0089.h5,2,1.500000000e-01,4,1.265879394e+00,main,true,rise,508
ml_samples/N2_sw0.15_x+4_i0090.h5,2,1.500000000e-01,4,1.265879394e+00,main,true,rise,492
ml_samples/N2_sw0.15_x+4_i0091.h5,2,1.500000000e-01,4,1.265879394e+00,main,true,rise,605
ml_samples/N2_sw0.15_x+4_i0092.h5,2,1.500000000e-01,4,1.265879394e+00,main,true,rise,1289
ml_samples/N2_sw0.15_x+4_i0093.h5,2,1.500000000e-01,4,1.265879394e+00,main,true,rise,398
ml_samples/N2_sw0.15_x+4_i0094.h5,2,1.500000000e-01,4,1.265879394e+00,main,true,rise,327
ml_samples/N2_sw0.15_x+4_i0095.h5,2,1.500000000e-01,4,1.265879394e+00,main,true,rise,630
ml_samples/N2_sw0.15_x+4_i0096.h5,2,1.500000000e-01,4,1.265879394e+00,main,true,rise,293
ml_samples/N2_sw0.15_x+4_i0097.h5,2,1.500000000e-01,4,1.265879394e+00,main,true,rise,440
ml_samples/N2_sw0.15_x+4_i0098.h5,2,1.500000000e-01,4,1.265879394e+00,main,true,rise,857
ml_samples/N2_sw0.15_x+4_i0099.h5,2,1.500000000e-01,4,1.265879394e+00,main,true,rise,694
ml_samples/N2_sw0.22_x-1_i0000.h5,2,2.200000000e-01,-1,9.025108888e-01,gen_sigma,true,fall,175
ml_samples/N2_sw0.22_x-1_i0001.h5,2,2.200000000e-01,-1,9.025108888e-01,gen_sigma,true,fall,246
ml_samples/N2_sw0.22_x-1_i0002.h5,2,2.200000000e-01,-1,9.025108888e-01,gen_sigma,true,fall,223
ml_samples/N2_sw0.22_x-1_i0003.h5,2,2.200000000e-01,-1,9.025108888e-01,gen_sigma,true,fall,257
ml_samples/N2_sw0.22_x-1_i0004.h5,2,2.200000000e-01,-1,9.025108888e-01,gen_sigma,true,fall,437
ml_samples/N2_sw0.22_x-1_i0005.h5,2,2.200000000e-01,-1,9.025108888e-01,gen_sigma,true,fall,440
ml_samples/N2_sw0.22_x-1_i0006.h5,2,2.200000000e-01,-1,9.025108888e-01,gen_sigma,true,fall,1385
ml_samples/N2_sw0.22_x-1_i0007.h5,2,2.200000000e-01,-1,9.025108888e-01,gen_sigma,true,fall,335
ml_samples/N2_sw0.22_x-1_i0008.h5,2,2.200000000e-01,-1,9.025108888e-01,gen_sigma,true,fall,1682
ml_samples/N2_sw0.22_x-1_i0009.h5,2,2.200000000e-01,-1,9.025108888e-01,gen_sigma,true,fall,1729
ml_samples/N2_sw0.22_x-1_i0010.h5,2,2.200000000e-01,-1,9.025108888e-01,gen_sigma,true,fall,351
ml_samples/N2_sw0.22_x-1_i0011.h5,2,2.200000000e-01,-1,9.025108888e-01,gen_sigma,true,rise,1859
ml_samples/N2_sw0.22_x-1_i0012.h5,2,2.200000000e-01,-1,9.025108888e-01,gen_sigma,true,fall,750
ml_samples/N2_sw0.22_x-1_i0013.h5,2,2.200000000e-01,-1,9.025108888e-01,gen_sigma,true,fall,3042
ml_samples/N2_sw0.22_x-1_i0014.h5,2,2.200000000e-01,-1,9.025108888e-01,gen_sigma,true,fall,142
ml_samples/N2_sw0.22_x-1_i0015.h5,2,2.200000000e-01,-1,9.025108888e-01,gen_sigma,true,fall,3037
ml_samples/N2_sw0.22_x-1_i0016.h5,2,2.200000000e-01,-1,9.025108888e-01,gen_sigma,true,fall,191
ml_samples/N2_sw0.22_x-1_i0017.h5,2,2.200000000e-01,-1,9.025108888e-01,gen_sigma,true,fall,1742
ml_samples/N2_sw0.22_x-1_i0018.h5,2,2.200000000e-01,-1,9.025108888e-01,gen_sigma,true,fall,1750
ml_samples/N2_sw0.22_x-1_i0019.h5,2,2.200000000e-01,-1,9.025108888e-01,gen_sigma,true,fall,1610
ml_samples/N2_sw0.22_x-1_i0020.h5,2,2.200000000e-01,-1,9.025108888e-01,gen_sigma,true,fall,457
ml_samples/N2_sw0.22_x-1_i0021.h5,2,2.200000000e-01,-1,9.025108888e-01,gen_sigma,true,fall,300
ml_samples/N2_sw0.22_x-1_i0022.h5,2,2.200000000e-01,-1,9.025108888e-01,gen_sigma,true,fall,252
ml_samples/N2_sw0.22_x-1_i0023.h5,2,2.200000000e-01,-1,9.025108888e-01,gen_sigma,true,rise,2014
ml_samples/N2_sw0.22_x-1_i0024.h5,2,2.200000000e-01,-1,9.025108888e-01,gen_sigma,true,fall,236
ml_samples/N2_sw0.22_x-1_i0025.h5,2,2.200000000e-01,-1,9.025108888e-01,gen_sigma,true,fall,732
ml_samples/N2_sw0.22_x-1_i0026.h5,2,2.200000000e-01,-1,9.025108888e-01,gen_sigma,true,fall,189
ml_samples/N2_sw0.22_x-1_i0027.h5,2,2.200000000e-01,-1,9.025108888e-01,gen_sigma,true,fall,603
ml_samples/N2_sw0.22_x-1_i0028.h5,2,2.200000000e-01,-1,9.025108888e-01,gen_sigma,true,fall,257
ml_samples/N2_sw0.22_x-1_i0029.h5,2,2.200000000e-01,-1,9.025108888e-01,gen_sigma,true,fall,1994
ml_samples/N2_sw0.22_x-1_i0030.h5,2,2.200000000e-01,-1,9.025108888e-01,gen_sigma,true,fall,122
ml_samples/N2_sw0.22_x-1_i0031.h5,2,2.200000000e-01,-1,9.025108888e-01,gen_sigma,true,fall,1633
ml_samples/N2_sw0.22_x-1_i0032.h5,2,2.200000000e-01,-1,9.025108888e-01,gen_sigma,true,fall,166
ml_samples/N2_sw0.22_x-1_i0033.h5,2,2.200000000e-01,-1,9.025108888e-01,gen_sigma,true,fall,231
ml_samples/N2_sw0.22_x-1_i0034.h5,2,2.200000000e-01,-1,9.025108888e-01,gen_sigma,true,fall,2842
ml_samples/N2_sw0.22_x-1_i0035.h5,2,2.200000000e-01,-1,9.025108888e-01,gen_sigma,true,fall,150
ml_samples/N2_sw0.22_x-1_i0036.h5,2,2.200000000e-01,-1,9.025108888e-01,gen_sigma,true,fall,789
ml_samples/N2_sw0.22_x-1_i0037.h5,2,2.200000000e-01,-1,9.025108888e-01,gen_sigma,true,fall,1231
ml_samples/N2_sw0.22_x-1_i0038.h5,2,2.200000000e-01,-1,9.025108888e-01,gen_sigma,true,fall,600
ml_samples/N2_sw0.22_x-1_i0039.h5,2,2.200000000e-01,-1,9.025108888e-01,gen_sigma,true,fall,888
ml_samples/N2_sw0.22_x-1_i0040.h5,2,2.200000000e-01,-1,9.025108888e-01,gen_sigma,true,fall,238
ml_samples/N2_sw0.22_x-1_i0041.h5,2,2.200000000e-01,-1,9.025108888e-01,gen_sigma,true,fall,104
ml_samples/N2_sw0.22_x-1_i0042.h5,2,2.200000000e-01,-1,9.025108888e-01,gen_sigma,true,fall,1341
ml_samples/N2_sw0.22_x-1_i0043.h5,2,2.200000000e-01,-1,9.025108888e-01,gen_sigma,true,fall,187
ml_samples/N2_sw0.22_x-1_i0044.h5,2,2.200000000e-01,-1,9.025108888e-01,gen_sigma,true,fall,393
ml_samples/N2_sw0.22_x-1_i0045.h5,2,2.200000000e-01,-1,9.025108888e-01,gen_sigma,true,fall,2719
ml_samples/N2_sw0.22_x-1_i0046.h5,2,2.200000000e-01,-1,9.025108888e-01,gen_sigma,true,fall,337
ml_samples/N2_sw0.22_x-1_i0047.h5,2,2.200000000e-01,-1,9.025108888e-01,gen_sigma,true,fall,342
ml_samples/N2_sw0.22_x-1_i0048.h5,2,2.200000000e-01,-1,9.025108888e-01,gen_sigma,true,fall,1179
ml_samples/N2_sw0.22_x-1_i0049.h5,2,2.200000000e-01,-1,9.025108888e-01,gen_sigma,true,fall,186
ml_samples/N2_sw0.22_x+0_i0000.h5,2,2.200000000e-01,0,1.000000000e+00,gen_sigma,true,fall,460
ml_samples/N2_sw0.22_x+0_i0001.h5,2,2.200000000e-01,0,1.000000000e+00,gen_sigma,true,fall,724
ml_samples/N2_sw0.22_x+0_i0002.h5,2,2.200000000e-01,0,1.000000000e+00,gen_sigma,true,rise,2396
ml_samples/N2_sw0.22_x+0_i0003.h5,2,2.200000000e-01,0,1.000000000e+00,gen_sigma,true,rise,1425
ml_samples/N2_sw0.22_x+0_i0004.h5,2,2.200000000e-01,0,1.000000000e+00,gen_sigma,true,fall,2070
ml_samples/N2_sw0.22_x+0_i0005.h5,2,2.200000000e-01,0,1.000000000e+00,gen_sigma,true,rise,3058
ml_samples/N2_sw0.22_x+0_i0006.h5,2,2.200000000e-01,0,1.000000000e+00,gen_sigma,true,fall,416
ml_samples/N2_sw0.22_x+0_i0007.h5,2,2.200000000e-01,0,1.000000000e+00,gen_sigma,true,fall,314
ml_samples/N2_sw0.22_x+0_i0008.h5,2,2.200000000e-01,0,1.000000000e+00,gen_sigma,true,rise,3788
ml_samples/N2_sw0.22_x+0_i0009.h5,2,2.200000000e-01,0,1.000000000e+00,gen_sigma,true,timeout,6001
ml_samples/N2_sw0.22_x+0_i0010.h5,2,2.200000000e-01,0,1.000000000e+00,gen_sigma,true,rise,1219
ml_samples/N2_sw0.22_x+0_i0011.h5,2,2.200000000e-01,0,1.000000000e+00,gen_sigma,true,fall,1103
ml_samples/N2_sw0.22_x+0_i0012.h5,2,2.200000000e-01,0,1.000000000e+00,gen_sigma,true,rise,551
ml_samples/N2_sw0.22_x+0_i0013.h5,2,2.200000000e-01,0,1.000000000e+00,gen_sigma,true,fall,595
ml_samples/N2_sw0.22_x+0_i0014.h5,2,2.200000000e-01,0,1.000000000e+00,gen_sigma,true,rise,2825
ml_samples/N2_sw0.22_x+0_i0015.h5,2,2.200000000e-01,0,1.000000000e+00,gen_sigma,true,fall,254
ml_samples/N2_sw0.22_x+0_i0016.h5,2,2.200000000e-01,0,1.000000000e+00,gen_sigma,true,rise,1000
ml_samples/N2_sw0.22_x+0_i0017.h5,2,2.200000000e-01,0,1.000000000e+00,gen_sigma,true,fall,179
ml_samples/N2_sw0.22_x+0_i0018.h5,2,2.200000000e-01,0,1.000000000e+00,gen_sigma,true,fall,243
ml_samples/N2_sw0.22_x+0_i0019.h5,2,2.200000000e-01,0,1.000000000e+00,gen_sigma,true,fall,196
ml_samples/N2_sw0.22_x+0_i0020.h5,2,2.200000000e-01,0,1.000000000e+00,gen_sigma,true,rise,881
ml_samples/N2_sw0.22_x+0_i0021.h5,2,2.200000000e-01,0,1.000000000e+00,gen_sigma,true,fall,529
ml_samples/N2_sw0.22_x+0_i0022.h5,2,2.200000000e-01,0,1.000000000e+00,gen_sigma,true,fall,279
ml_samples/N2_sw0.22_x+0_i0023.h5,2,2.200000000e-01,0,1.000000000e+00,gen_sigma,true,fall,244
ml_samples/N2_sw0.22_x+0_i0024.h5,2,2.200000000e-01,0,1.000000000e+00,gen_sigma,true,fall,234
ml_samples/N2_sw0.22_x+0_i0025.h5,2,2.200000000e-01,0,1.000000000e+00,gen_sigma,true,fall,1475
ml_samples/N2_sw0.22_x+0_i0026.h5,2,2.200000000e-01,0,1.000000000e+00,gen_sigma,true,fall,368
ml_samples/N2_sw0.22_x+0_i0027.h5,2,2.200000000e-01,0,1.000000000e+00,gen_sigma,true,rise,2295
ml_samples/N2_sw0.22_x+0_i0028.h5,2,2.200000000e-01,0,1.000000000e+00,gen_sigma,true,rise,679
ml_samples/N2_sw0.22_x+0_i0029.h5,2,2.200000000e-01,0,1.000000000e+00,gen_sigma,true,fall,1555
ml_samples/N2_sw0.22_x+0_i0030.h5,2,2.200000000e-01,0,1.000000000e+00,gen_sigma,true,fall,212
ml_samples/N2_sw0.22_x+0_i0031.h5,2,2.200000000e-01,0,1.000000000e+00,gen_sigma,true,fall,494
ml_samples/N2_sw0.22_x+0_i0032.h5,2,2.200000000e-01,0,1.000000000e+00,gen_sigma,true,fall,1353
ml_samples/N2_sw0.22_x+0_i0033.h5,2,2.200000000e-01,0,1.000000000e+00,gen_sigma,true,rise,798
ml_samples/N2_sw0.22_x+0_i0034.h5,2,2.200000000e-01,0,1.000000000e+00,gen_sigma,true,rise,2937
ml_samples/N2_sw0.22_x+0_i0035.h5,2,2.200000000e-01,0,1.000000000e+00,gen_sigma,true,fall,1160
ml_samples/N2_sw0.22_x+0_i0036.h5,2,2.200000000e-01,0,1.000000000e+00,gen_sigma,true,fall,307
ml_samples/N2_sw0.22_x+0_i0037.h5,2,2.200000000e-01,0,1.000000000e+00,gen_sigma,true,fall,2149
ml_samples/N2_sw0.22_x+0_i0038.h5,2,2.200000000e-01,0,1.000000000e+00,gen_sigma,true,rise,1252
ml_samples/N2_sw0.22_x+0_i0039.h5,2,2.200000000e-01,0,1.000000000e+00,gen_sigma,true,rise,382
ml_samples/N2_sw0.22_x+0_i0040.h5,2,2.200000000e-01,0,1.000000000e+00,gen_sigma,true,fall,411
ml_samples/N2_sw0.22_x+0_i0041.h5,2,2.200000000e-01,0,1.000000000e+00,gen_sigma,true,fall,2065
ml_samples/N2_sw0.22_x+0_i0042.h5,2,2.200000000e-01,0,1.000000000e+00,gen_sigma,true,fall,811
ml_samples/N2_sw0.22_x+0_i0043.h5,2,2.200000000e-01,0,1.000000000e+00,gen_sigma,true,fall,1051
ml_samples/N2_sw0.22_x+0_i0044.h5,2,2.200000000e-01,0,1.000000000e+00,gen_sigma,true,fall,1402
ml_samples/N2_sw0.22_x+0_i0045.h5,2,2.200000000e-01,0,1.000000000e+00,gen_sigma,true,fall,1573
ml_samples/N2_sw0.22_x+0_i0046.h5,2,2.200000000e-01,0,1.000000000e+00,gen_sigma,true,rise,1820
ml_samples/N2_sw0.22_x+0_i0047.h5,2,2.200000000e-01,0,1.000000000e+00,gen_sigma,true,fall,1940
ml_samples/N2_sw0.22_x+0_i0048.h5,2,2.200000000e-01,0,1.000000000e+00,gen_sigma,true,fall,148
ml_samples/N2_sw0.22_x+0_i0049.h5,2,2.200000000e-01,0,1.000000000e+00,gen_sigma,true,fall,278
ml_samples/N2_sw0.22_x+1_i0000.h5,2,2.200000000e-01,1,1.097489111e+00,gen_sigma,true,rise,528
ml_samples/N2_sw0.22_x+1_i0001.h5,2,2.200000000e-01,1,1.097489111e+00,gen_sigma,true,fall,2867
ml_samples/N2_sw0.22_x+1_i0002.h5,2,2.200000000e-01,1,1.097489111e+00,gen_sigma,true,fall,323
ml_samples/N2_sw0.22_x+1_i0003.h5,2,2.200000000e-01,1,1.097489111e+00,gen_sigma,true,rise,1129
ml_samples/N2_sw0.22_x+1_i0004.h5,2,2.200000000e-01,1,1.097489111e+00,gen_sigma,true,rise,3593
ml_samples/N2_sw0.22_x+1_i0005.h5,2,2.200000000e-01,1,1.097489111e+00,gen_sigma,true,rise,850
ml_samples/N2_sw0.22_x+1_i0006.h5,2,2.200000000e-01,1,1.097489111e+00,gen_sigma,true,rise,1491
ml_samples/N2_sw0.22_x+1_i0007.h5,2,2.200000000e-01,1,1.097489111e+00,gen_sigma,true,rise,537
ml_samples/N2_sw0.22_x+1_i0008.h5,2,2.200000000e-01,1,1.097489111e+00,gen_sigma,true,rise,462
ml_samples/N2_sw0.22_x+1_i0009.h5,2,2.200000000e-01,1,1.097489111e+00,gen_sigma,true,rise,612
ml_samples/N2_sw0.22_x+1_i0010.h5,2,2.200000000e-01,1,1.097489111e+00,gen_sigma,true,rise,907
ml_samples/N2_sw0.22_x+1_i0011.h5,2,2.200000000e-01,1,1.097489111e+00,gen_sigma,true,rise,1016
ml_samples/N2_sw0.22_x+1_i0012.h5,2,2.200000000e-01,1,1.097489111e+00,gen_sigma,true,rise,1423
ml_samples/N2_sw0.22_x+1_i0013.h5,2,2.200000000e-01,1,1.097489111e+00,gen_sigma,true,rise,794
ml_samples/N2_sw0.22_x+1_i0014.h5,2,2.200000000e-01,1,1.097489111e+00,gen_sigma,true,rise,1131
ml_samples/N2_sw0.22_x+1_i0015.h5,2,2.200000000e-01,1,1.097489111e+00,gen_sigma,true,fall,393
ml_samples/N2_sw0.22_x+1_i0016.h5,2,2.200000000e-01,1,1.097489111e+00,gen_sigma,true,rise,1664
ml_samples/N2_sw0.22_x+1_i0017.h5,2,2.200000000e-01,1,1.097489111e+00,gen_sigma,true,rise,1268
ml_samples/N2_sw0.22_x+1_i0018.h5,2,2.200000000e-01,1,1.097489111e+00,gen_sigma,true,rise,550
ml_samples/N2_sw0.22_x+1_i0019.h5,2,2.200000000e-01,1,1.097489111e+00,gen_sigma,true,fall,383
ml_samples/N2_sw0.22_x+1_i0020.h5,2,2.200000000e-01,1,1.097489111e+00,gen_sigma,true,rise,756
ml_samples/N2_sw0.22_x+1_i0021.h5,2,2.200000000e-01,1,1.097489111e+00,gen_sigma,true,rise,649
ml_samples/N2_sw0.22_x+1_i0022.h5,2,2.200000000e-01,1,1.097489111e+00,gen_sigma,true,rise,1830
ml_samples/N2_sw0.22_x+1_i0023.h5,2,2.200000000e-01,1,1.097489111e+00,gen_sigma,true,rise,2255
ml_samples/N2_sw0.22_x+1_i0024.h5,2,2.200000000e-01,1,1.097489111e+00,gen_sigma,true,rise,566
ml_samples/N2_sw0.22_x+1_i0025.h5,2,2.200000000e-01,1,1.097489111e+00,gen_sigma,true,rise,1350
ml_samples/N2_sw0.22_x+1_i0026.h5,2,2.200000000e-01,1,1.097489111e+00,gen_sigma,true,rise,1025
ml_samples/N2_sw0.22_x+1_i0027.h5,2,2.200000000e-01,1,1.097489111e+00,gen_sigma,true,rise,2241
ml_samples/N2_sw0.22_x+1_i0028.h5,2,2.200000000e-01,1,1.097489111e+00,gen_sigma,true,rise,1315
ml_samples/N2_sw0.22_x+1_i0029.h5,2,2.200000000e-01,1,1.097489111e+00,gen_sigma,true,fall,734
ml_samples/N2_sw0.22_x+1_i0030.h5,2,2.200000000e-01,1,1.097489111e+00,gen_sigma,true,rise,483
ml_samples/N2_sw0.22_x+1_i0031.h5,2,2.200000000e-01,1,1.097489111e+00,gen_sigma,true,rise,848
ml_samples/N2_sw0.22_x+1_i0032.h5,2,2.200000000e-01,1,1.097489111e+00,gen_sigma,true,fall,3052
ml_samples/N2_sw0.22_x+1_i0033.h5,2,2.200000000e-01,1,1.097489111e+00,gen_sigma,true,rise,2801
ml_samples/N2_sw0.22_x+1_i0034.h5,2,2.200000000e-01,1,1.097489111e+00,gen_sigma,true,rise,1797
ml_samples/N2_sw0.22_x+1_i0035.h5,2,2.200000000e-01,1,1.097489111e+00,gen_sigma,true,rise,1455
ml_samples/N2_sw0.22_x+1_i0036.h5,2,2.200000000e-01,1,1.097489111e+00,gen_sigma,true,fall,2298
ml_samples/N2_sw0.22_x+1_i0037.h5,2,2.200000000e-01,1,1.097489111e+00,gen_sigma,true,rise,1195
ml_samples/N2_sw0.22_x+1_i0038.h5,2,2.200000000e-01,1,1.097489111e+00,gen_sigma,true,rise,5708
ml_samples/N2_sw0.22_x+1_i0039.h5,2,2.200000000e-01,1,1.097489111e+00,gen_sigma,true,rise,3449
ml_samples/N2_sw0.22_x+1_i0040.h5,2,2.200000000e-01,1,1.097489111e+00,gen_sigma,true,rise,588
ml_samples/N2_sw0.22_x+1_i0041.h5,2,2.200000000e-01,1,1.097489111e+00,gen_sigma,true,fall,1365
ml_samples/N2_sw0.22_x+1_i0042.h5,2,2.200000000e-01,1,1.097489111e+00,gen_sigma,true,rise,3015
ml_samples/N2_sw0.22_x+1_i0043.h5,2,2.200000000e-01,1,1.097489111e+00,gen_sigma,true,rise,1103
ml_samples/N2_sw0.22_x+1_i0044.h5,2,2.200000000e-01,1,1.097489111e+00,gen_sigma,true,rise,1794
ml_samples/N2_sw0.22_x+1_i0045.h5,2,2.200000000e-01,1,1.097489111e+00,gen_sigma,true,rise,932
ml_samples/N2_sw0.22_x+1_i0046.h5,2,2.200000000e-01,1,1.097489111e+00,gen_sigma,true,rise,621
ml_samples/N2_sw0.22_x+1_i0047.h5,2,2.200000000e-01,1,1.097489111e+00,gen_sigma,true,rise,1680
ml_samples/N2_sw0.22_x+1_i0048.h5,2,2.200000000e-01,1,1.097489111e+00,gen_sigma,true,rise,1271
ml_samples/N2_sw0.22_x+1_i0049.h5,2,2.200000000e-01,1,1.097489111e+00,gen_sigma,true,rise,1153
ml_samples/N2_sw0.30_x-4_i0000.h5,2,3.000000000e-01,-4,4.682412115e-01,main,true,fall,74
ml_samples/N2_sw0.30_x-4_i0001.h5,2,3.000000000e-01,-4,4.682412115e-01,main,true,fall,106
ml_samples/N2_sw0.30_x-4_i0002.h5,2,3.000000000e-01,-4,4.682412115e-01,main,true,fall,87
ml_samples/N2_sw0.30_x-4_i0003.h5,2,3.000000000e-01,-4,4.682412115e-01,main,true,fall,77
ml_samples/N2_sw0.30_x-4_i0004.h5,2,3.000000000e-01,-4,4.682412115e-01,main,true,fall,124
ml_samples/N2_sw0.30_x-4_i0005.h5,2,3.000000000e-01,-4,4.682412115e-01,main,true,fall,68
ml_samples/N2_sw0.30_x-4_i0006.h5,2,3.000000000e-01,-4,4.682412115e-01,main,true,fall,98
ml_samples/N2_sw0.30_x-4_i0007.h5,2,3.000000000e-01,-4,4.682412115e-01,main,true,fall,84
ml_samples/N2_sw0.30_x-4_i0008.h5,2,3.000000000e-01,-4,4.682412115e-01,main,true,fall,177
ml_samples/N2_sw0.30_x-4_i0009.h5,2,3.000000000e-01,-4,4.682412115e-01,main,true,fall,120
ml_samples/N2_sw0.30_x-4_i0010.h5,2,3.000000000e-01,-4,4.682412115e-01,main,true,fall,177
ml_samples/N2_sw0.30_x-4_i0011.h5,2,3.000000000e-01,-4,4.682412115e-01,main,true,fall,75
ml_samples/N2_sw0.30_x-4_i0012.h5,2,3.000000000e-01,-4,4.682412115e-01,main,true,fall,97
ml_samples/N2_sw0.30_x-4_i0013.h5,2,3.000000000e-01,-4,4.682412115e-01,main,true,fall,95
ml_samples/N2_sw0.30_x-4_i0014.h5,2,3.000000000e-01,-4,4.682412115e-01,main,true,fall,126
ml_samples/N2_sw0.30_x-4_i0015.h5,2,3.000000000e-01,-4,4.682412115e-01,main,true,fall,129
ml_samples/N2_sw0.30_x-4_i0016.h5,2,3.000000000e-01,-4,4.682412115e-01,main,true,fall,143
ml_samples/N2_sw0.30_x-4_i0017.h5,2,3.000000000e-01,-4,4.682412115e-01,main,true,fall,100
ml_samples/N2_sw0.30_x-4_i0018.h5,2,3.000000000e-01,-4,4.682412115e-01,main,true,fall,95
ml_samples/N2_sw0.30_x-4_i0019.h5,2,3.000000000e-01,-4,4.682412115e-01,main,true,fall,94
ml_samples/N2_sw0.30_x-4_i0020.h5,2,3.000000000e-01,-4,4.682412115e-01,main,true,fall,96
ml_samples/N2_sw0.30_x-4_i0021.h5,2,3.000000000e-01,-4,4.682412115e-01,main,true,fall,141
ml_samples/N2_sw0.30_x-4_i0022.h5,2,3.000000000e-01,-4,4.682412115e-01,main,true,fall,279
ml_samples/N2_sw0.30_x-4_i0023.h5,2,3.000000000e-01,-4,4.682412115e-01,main,true,fall,132
ml_samples/N2_sw0.30_x-4_i0024.h5,2,3.000000000e-01,-4,4.682412115e-01,main,true,fall,92
ml_samples/N2_sw0.30_x-4_i0025.h5,2,3.000000000e-01,-4,4.682412115e-01,main,true,fall,87
ml_samples/N2_sw0.30_x-4_i0026.h5,2,3.000000000e-01,-4,4.682412115e-01,main,true,fall,172
ml_samples/N2_sw0.30_x-4_i0027.h5,2,3.000000000e-01,-4,4.682412115e-01,main,true,fall,123
ml_samples/N2_sw0.30_x-4_i0028.h5,2,3.000000000e-01,-4,4.682412115e-01,main,true,fall,137
ml_samples/N2_sw0.30_x-4_i0029.h5,2,3.000000000e-01,-4,4.682412115e-01,main,true,fall,59
ml_samples/N2_sw0.30_x-4_i0030.h5,2,3.000000000e-01,-4,4.682412115e-01,main,true,fall,92
ml_samples/N2_sw0.30_x-4_i0031.h5,2,3.000000000e-01,-4,4.682412115e-01,main,true,fall,76
ml_samples/N2_sw0.30_x-4_i0032.h5,2,3.000000000e-01,-4,4.682412115e-01,main,true,fall,63
ml_samples/N2_sw0.30_x-4_i0033.h5,2,3.000000000e-01,-4,4.682412115e-01,main,true,fall,62
ml_samples/N2_sw0.30_x-4_i0034.h5,2,3.000000000e-01,-4,4.682412115e-01,main,true,fall,60
ml_samples/N2_sw0.30_x-4_i0035.h5,2,3.000000000e-01,-4,4.682412115e-01,main,true,fall,88
ml_samples/N2_sw0.30_x-4_i0036.h5,2,3.000000000e-01,-4,4.682412115e-01,main,true,fall,56
ml_samples/N2_sw0.30_x-4_i0037.h5,2,3.000000000e-01,-4,4.682412115e-01,main,true,fall,93
ml_samples/N2_sw0.30_x-4_i0038.h5,2,3.000000000e-01,-4,4.682412115e-01,main,true,fall,65
ml_samples/N2_sw0.30_x-4_i0039.h5,2,3.000000000e-01,-4,4.682412115e-01,main,true,fall,69
ml_samples/N2_sw0.30_x-4_i0040.h5,2,3.000000000e-01,-4,4.682412115e-01,main,true,fall,118
ml_samples/N2_sw0.30_x-4_i0041.h5,2,3.000000000e-01,-4,4.682412115e-01,main,true,fall,125
ml_samples/N2_sw0.30_x-4_i0042.h5,2,3.000000000e-01,-4,4.682412115e-01,main,true,fall,62
ml_samples/N2_sw0.30_x-4_i0043.h5,2,3.000000000e-01,-4,4.682412115e-01,main,true,fall,132
ml_samples/N2_sw0.30_x-4_i0044.h5,2,3.000000000e-01,-4,4.682412115e-01,main,true,fall,109
ml_samples/N2_sw0.30_x-4_i0045.h5,2,3.000000000e-01,-4,4.682412115e-01,main,true,fall,119
ml_samples/N2_sw0.30_x-4_i0046.h5,2,3.000000000e-01,-4,4.682412115e-01,main,true,fall,80
ml_samples/N2_sw0.30_x-4_i0047.h5,2,3.000000000e-01,-4,4.682412115e-01,main,true,fall,87
ml_samples/N2_sw0.30_x-4_i0048.h5,2,3.000000000e-01,-4,4.682412115e-01,main,true,fall,69
ml_samples/N2_sw0.30_x-4_i0049.h5,2,3.000000000e-01,-4,4.682412115e-01,main,true,fall,88
ml_samples/N2_sw0.30_x-4_i0050.h5,2,3.000000000e-01,-4,4.682412115e-01,main,true,fall,85
ml_samples/N2_sw0.30_x-4_i0051.h5,2,3.000000000e-01,-4,4.682412115e-01,main,true,fall,95
ml_samples/N2_sw0.30_x-4_i0052.h5,2,3.000000000e-01,-4,4.682412115e-01,main,true,fall,96
ml_samples/N2_sw0.30_x-4_i0053.h5,2,3.000000000e-01,-4,4.682412115e-01,main,true,fall,50
ml_samples/N2_sw0.30_x-4_i0054.h5,2,3.000000000e-01,-4,4.682412115e-01,main,true,fall,99
ml_samples/N2_sw0.30_x-4_i0055.h5,2,3.000000000e-01,-4,4.682412115e-01,main,true,fall,90
ml_samples/N2_sw0.30_x-4_i0056.h5,2,3.000000000e-01,-4,4.682412115e-01,main,true,fall,127
ml_samples/N2_sw0.30_x-4_i0057.h5,2,3.000000000e-01,-4,4.682412115e-01,main,true,fall,75
ml_samples/N2_sw0.30_x-4_i0058.h5,2,3.000000000e-01,-4,4.682412115e-01,main,true,fall,68
ml_samples/N2_sw0.30_x-4_i0059.h5,2,3.000000000e-01,-4,4.682412115e-01,main,true,fall,69
ml_samples/N2_sw0.30_x-4_i0060.h5,2,3.000000000e-01,-4,4.682412115e-01,main,true,fall,126
ml_samples/N2_sw0.30_x-4_i0061.h5,2,3.000000000e-01,-4,4.682412115e-01,main,true,fall,74
ml_samples/N2_sw0.30_x-4_i0062.h5,2,3.000000000e-01,-4,4.682412115e-01,main,true,fall,60
ml_samples/N2_sw0.30_x-4_i0063.h5,2,3.000000000e-01,-4,4.682412115e-01,main,true,fall,57
ml_samples/N2_sw0.30_x-4_i0064.h5,2,3.000000000e-01,-4,4.682412115e-01,main,true,fall,78
ml_samples/N2_sw0.30_x-4_i0065.h5,2,3.000000000e-01,-4,4.682412115e-01,main,true,fall,74
ml_samples/N2_sw0.30_x-4_i0066.h5,2,3.000000000e-01,-4,4.682412115e-01,main,true,fall,200
ml_samples/N2_sw0.30_x-4_i0067.h5,2,3.000000000e-01,-4,4.682412115e-01,main,true,fall,107
ml_samples/N2_sw0.30_x-4_i0068.h5,2,3.000000000e-01,-4,4.682412115e-01,main,true,fall,88
ml_samples/N2_sw0.30_x-4_i0069.h5,2,3.000000000e-01,-4,4.682412115e-01,main,true,fall,181
ml_samples/N2_sw0.30_x-4_i0070.h5,2,3.000000000e-01,-4,4.682412115e-01,main,true,fall,141
ml_samples/N2_sw0.30_x-4_i0071.h5,2,3.000000000e-01,-4,4.682412115e-01,main,true,fall,73
ml_samples/N2_sw0.30_x-4_i0072.h5,2,3.000000000e-01,-4,4.682412115e-01,main,true,fall,87
ml_samples/N2_sw0.30_x-4_i0073.h5,2,3.000000000e-01,-4,4.682412115e-01,main,true,fall,99
ml_samples/N2_sw0.30_x-4_i0074.h5,2,3.000000000e-01,-4,4.682412115e-01,main,true,fall,71
ml_samples/N2_sw0.30_x-4_i0075.h5,2,3.000000000e-01,-4,4.682412115e-01,main,true,fall,81
ml_samples/N2_sw0.30_x-4_i0076.h5,2,3.000000000e-01,-4,4.682412115e-01,main,true,fall,70
ml_samples/N2_sw0.30_x-4_i0077.h5,2,3.000000000e-01,-4,4.682412115e-01,main,true,fall,98
ml_samples/N2_sw0.30_x-4_i0078.h5,2,3.000000000e-01,-4,4.682412115e-01,main,true,fall,89
ml_samples/N2_sw0.30_x-4_i0079.h5,2,3.000000000e-01,-4,4.682412115e-01,main,true,fall,60
ml_samples/N2_sw0.30_x-4_i0080.h5,2,3.000000000e-01,-4,4.682412115e-01,main,true,fall,63
ml_samples/N2_sw0.30_x-4_i0081.h5,2,3.000000000e-01,-4,4.682412115e-01,main,true,fall,72
ml_samples/N2_sw0.30_x-4_i0082.h5,2,3.000000000e-01,-4,4.682412115e-01,main,true,fall,81
ml_samples/N2_sw0.30_x-4_i0083.h5,2,3.000000000e-01,-4,4.682412115e-01,main,true,fall,121
ml_samples/N2_sw0.30_x-4_i0084.h5,2,3.000000000e-01,-4,4.682412115e-01,main,true,fall,95
ml_samples/N2_sw0.30_x-4_i0085.h5,2,3.000000000e-01,-4,4.682412115e-01,main,true,fall,112
ml_samples/N2_sw0.30_x-4_i0086.h5,2,3.000000000e-01,-4,4.682412115e-01,main,true,fall,71
ml_samples/N2_sw0.30_x-4_i0087.h5,2,3.000000000e-01,-4,4.682412115e-01,main,true,fall,66
ml_samples/N2_sw0.30_x-4_i0088.h5,2,3.000000000e-01,-4,4.682412115e-01,main,true,fall,67
ml_samples/N2_sw0.30_x-4_i0089.h5,2,3.000000000e-01,-4,4.682412115e-01,main,true,fall,82
ml_samples/N2_sw0.30_x-4_i0090.h5,2,3.000000000e-01,-4,4.682412115e-01,main,true,fall,69
ml_samples/N2_sw0.30_x-4_i0091.h5,2,3.000000000e-01,-4,4.682412115e-01,main,true,fall,59
ml_samples/N2_sw0.30_x-4_i0092.h5,2,3.000000000e-01,-4,4.682412115e-01,main,true,fall,106
ml_samples/N2_sw0.30_x-4_i0093.h5,2,3.000000000e-01,-4,4.682412115e-01,main,true,fall,115
ml_samples/N2_sw0.30_x-4_i0094.h5,2,3.000000000e-01,-4,4.682412115e-01,main,true,fall,109
ml_samples/N2_sw0.30_x-4_i0095.h5,2,3.000000000e-01,-4,4.682412115e-01,main,true,fall,248
ml_samples/N2_sw0.30_x-4_i0096.h5,2,3.000000000e-01,-4,4.682412115e-01,main,true,fall,104
ml_samples/N2_sw0.30_x-4_i0097.h5,2,3.000000000e-01,-4,4.682412115e-01,main,true,fall,86
ml_samples/N2_sw0.30_x-4_i0098.h5,2,3.000000000e-01,-4,4.682412115e-01,main,true,fall,51
ml_samples/N2_sw0.30_x-4_i0099.h5,2,3.000000000e-01,-4,4.682412115e-01,main,true,fall,206
ml_samples/N2_sw0.30_x-2_i0000.h5,2,3.000000000e-01,-2,7.341206058e-01,main,true,fall,584
ml_samples/N2_sw0.30_x-2_i0001.h5,2,3.000000000e-01,-2,7.341206058e-01,main,true,fall,662
ml_samples/N2_sw0.30_x-2_i0002.h5,2,3.000000000e-01,-2,7.341206058e-01,main,true,fall,133
ml_samples/N2_sw0.30_x-2_i0003.h5,2,3.000000000e-01,-2,7.341206058e-01,main,true,fall,328
ml_samples/N2_sw0.30_x-2_i0004.h5,2,3.000000000e-01,-2,7.341206058e-01,main,true,fall,147
ml_samples/N2_sw0.30_x-2_i0005.h5,2,3.000000000e-01,-2,7.341206058e-01,main,true,fall,221
ml_samples/N2_sw0.30_x-2_i0006.h5,2,3.000000000e-01,-2,7.341206058e-01,main,true,fall,478
ml_samples/N2_sw0.30_x-2_i0007.h5,2,3.000000000e-01,-2,7.341206058e-01,main,true,fall,106
ml_samples/N2_sw0.30_x-2_i0008.h5,2,3.000000000e-01,-2,7.341206058e-01,main,true,fall,205
ml_samples/N2_sw0.30_x-2_i0009.h5,2,3.000000000e-01,-2,7.341206058e-01,main,true,fall,102
ml_samples/N2_sw0.30_x-2_i0010.h5,2,3.000000000e-01,-2,7.341206058e-01,main,true,fall,967
ml_samples/N2_sw0.30_x-2_i0011.h5,2,3.000000000e-01,-2,7.341206058e-01,main,true,fall,311
ml_samples/N2_sw0.30_x-2_i0012.h5,2,3.000000000e-01,-2,7.341206058e-01,main,true,fall,67
ml_samples/N2_sw0.30_x-2_i0013.h5,2,3.000000000e-01,-2,7.341206058e-01,main,true,rise,1201
ml_samples/N2_sw0.30_x-2_i0014.h5,2,3.000000000e-01,-2,7.341206058e-01,main,true,fall,533
ml_samples/N2_sw0.30_x-2_i0015.h5,2,3.000000000e-01,-2,7.341206058e-01,main,true,fall,95
ml_samples/N2_sw0.30_x-2_i0016.h5,2,3.000000000e-01,-2,7.341206058e-01,main,true,fall,1120
ml_samples/N2_sw0.30_x-2_i0017.h5,2,3.000000000e-01,-2,7.341206058e-01,main,true,fall,835
ml_samples/N2_sw0.30_x-2_i0018.h5,2,3.000000000e-01,-2,7.341206058e-01,main,true,fall,1853
ml_samples/N2_sw0.30_x-2_i0019.h5,2,3.000000000e-01,-2,7.341206058e-01,main,true,fall,190
ml_samples/N2_sw0.30_x-2_i0020.h5,2,3.000000000e-01,-2,7.341206058e-01,main,true,fall,177
ml_samples/N2_sw0.30_x-2_i0021.h5,2,3.000000000e-01,-2,7.341206058e-01,main,true,fall,112
ml_samples/N2_sw0.30_x-2_i0022.h5,2,3.000000000e-01,-2,7.341206058e-01,main,true,fall,123
ml_samples/N2_sw0.30_x-2_i0023.h5,2,3.000000000e-01,-2,7.341206058e-01,main,true,fall,942
ml_samples/N2_sw0.30_x-2_i0024.h5,2,3.000000000e-01,-2,7.341206058e-01,main,true,fall,78
ml_samples/N2_sw0.30_x-2_i0025.h5,2,3.000000000e-01,-2,7.341206058e-01,main,true,fall,85
ml_samples/N2_sw0.30_x-2_i0026.h5,2,3.000000000e-01,-2,7.341206058e-01,main,true,fall,244
ml_samples/N2_sw0.30_x-2_i0027.h5,2,3.000000000e-01,-2,7.341206058e-01,main,true,fall,87
ml_samples/N2_sw0.30_x-2_i0028.h5,2,3.000000000e-01,-2,7.341206058e-01,main,true,fall,945
ml_samples/N2_sw0.30_x-2_i0029.h5,2,3.000000000e-01,-2,7.341206058e-01,main,true,fall,121
ml_samples/N2_sw0.30_x-2_i0030.h5,2,3.000000000e-01,-2,7.341206058e-01,main,true,fall,116
ml_samples/N2_sw0.30_x-2_i0031.h5,2,3.000000000e-01,-2,7.341206058e-01,main,true,fall,194
ml_samples/N2_sw0.30_x-2_i0032.h5,2,3.000000000e-01,-2,7.341206058e-01,main,true,fall,680
ml_samples/N2_sw0.30_x-2_i0033.h5,2,3.000000000e-01,-2,7.341206058e-01,main,true,fall,214
ml_samples/N2_sw0.30_x-2_i0034.h5,2,3.000000000e-01,-2,7.341206058e-01,main,true,fall,211
ml_samples/N2_sw0.30_x-2_i0035.h5,2,3.000000000e-01,-2,7.341206058e-01,main,true,fall,126
ml_samples/N2_sw0.30_x-2_i0036.h5,2,3.000000000e-01,-2,7.341206058e-01,main,true,fall,147
ml_samples/N2_sw0.30_x-2_i0037.h5,2,3.000000000e-01,-2,7.341206058e-01,main,true,fall,206
ml_samples/N2_sw0.30_x-2_i0038.h5,2,3.000000000e-01,-2,7.341206058e-01,main,true,fall,85
ml_samples/N2_sw0.30_x-2_i0039.h5,2,3.000000000e-01,-2,7.341206058e-01,main,true,fall,306
ml_samples/N2_sw0.30_x-2_i0040.h5,2,3.000000000e-01,-2,7.341206058e-01,main,true,fall,210
ml_samples/N2_sw0.30_x-2_i0041.h5,2,3.000000000e-01,-2,7.341206058e-01,main,true,fall,81
ml_samples/N2_sw0.30_x-2_i0042.h5,2,3.000000000e-01,-2,7.341206058e-01,main,true,fall,136
ml_samples/N2_sw0.30_x-2_i0043.h5,2,3.000000000e-01,-2,7.341206058e-01,main,true,fall,94
ml_samples/N2_sw0.30_x-2_i0044.h5,2,3.000000000e-01,-2,7.341206058e-01,main,true,fall,290
ml_samples/N2_sw0.30_x-2_i0045.h5,2,3.000000000e-01,-2,7.341206058e-01,main,true,fall,133
ml_samples/N2_sw0.30_x-2_i0046.h5,2,3.000000000e-01,-2,7.341206058e-01,main,true,fall,129
ml_samples/N2_sw0.30_x-2_i0047.h5,2,3.000000000e-01,-2,7.341206058e-01,main,true,fall,322
ml_samples/N2_sw0.30_x-2_i0048.h5,2,3.000000000e-01,-2,7.341206058e-01,main,true,fall,118
ml_samples/N2_sw0.30_x-2_i0049.h5,2,3.000000000e-01,-2,7.341206058e-01,main,true,fall,406
ml_samples/N2_sw0.30_x-2_i0050.h5,2,3.000000000e-01,-2,7.341206058e-01,main,true,fall,189
ml_samples/N2_sw0.30_x-2_i0051.h5,2,3.000000000e-01,-2,7.341206058e-01,main,true,fall,221
ml_samples/N2_sw0.30_x-2_i0052.h5,2,3.000000000e-01,-2,7.341206058e-01,main,true,fall,101
ml_samples/N2_sw0.30_x-2_i0053.h5,2,3.000000000e-01,-2,7.341206058e-01,main,true,fall,181
ml_samples/N2_sw0.30_x-2_i0054.h5,2,3.000000000e-01,-2,7.341206058e-01,main,true,fall,662
ml_samples/N2_sw0.30_x-2_i0055.h5,2,3.000000000e-01,-2,7.341206058e-01,main,true,fall,520
ml_samples/N2_sw0.30_x-2_i0056.h5,2,3.000000000e-01,-2,7.341206058e-01,main,true,fall,669
ml_samples/N2_sw0.30_x-2_i0057.h5,2,3.000000000e-01,-2,7.341206058e-01,main,true,fall,256
ml_samples/N2_sw0.30_x-2_i0058.h5,2,3.000000000e-01,-2,7.341206058e-01,main,true,fall,94
ml_samples/N2_sw0.30_x-2_i0059.h5,2,3.000000000e-01,-2,7.341206058e-01,main,true,fall,167
ml_samples/N2_sw0.30_x-2_i0060.h5,2,3.000000000e-01,-2,7.341206058e-01,main,true,fall,171
ml_samples/N2_sw0.30_x-2_i0061.h5,2,3.000000000e-01,-2,7.341206058e-01,main,true,fall,199
ml_samples/N2_sw0.30_x-2_i0062.h5,2,3.000000000e-01,-2,7.341206058e-01,main,true,fall,157
ml_samples/N2_sw0.30_x-2_i0063.h5,2,3.000000000e-01,-2,7.341206058e-01,main,true,fall,106
ml_samples/N2_sw0.30_x-2_i0064.h5,2,3.000000000e-01,-2,7.341206058e-01,main,true,fall,206
ml_samples/N2_sw0.30_x-2_i0065.h5,2,3.000000000e-01,-2,7.341206058e-01,main,true,fall,380
ml_samples/N2_sw0.30_x-2_i0066.h5,2,3.000000000e-01,-2,7.341206058e-01,main,true,fall,126
ml_samples/N2_sw0.30_x-2_i0067.h5,2,3.000000000e-01,-2,7.341206058e-01,main,true,fall,408
ml_samples/N2_sw0.30_x-2_i0068.h5,2,3.000000000e-01,-2,7.341206058e-01,main,true,fall,110
ml_samples/N2_sw0.30_x-2_i0069.h5,2,3.000000000e-01,-2,7.341206058e-01,main,true,fall,142
ml_samples/N2_sw0.30_x-2_i0070.h5,2,3.000000000e-01,-2,7.341206058e-01,main,true,fall,160
ml_samples/N2_sw0.30_x-2_i0071.h5,2,3.000000000e-01,-2,7.341206058e-01,main,true,fall,80
ml_samples/N2_sw0.30_x-2_i0072.h5,2,3.000000000e-01,-2,7.341206058e-01,main,true,fall,177
ml_samples/N2_sw0.30_x-2_i0073.h5,2,3.000000000e-01,-2,7.341206058e-01,main,true,fall,250
ml_samples/N2_sw0.30_x-2_i0074.h5,2,3.000000000e-01,-2,7.341206058e-01,main,true,fall,118
ml_samples/N2_sw0.30_x-2_i0075.h5,2,3.000000000e-01,-2,7.341206058e-01,main,true,fall,334
ml_samples/N2_sw0.30_x-2_i0076.h5,2,3.000000000e-01,-2,7.341206058e-01,main,true,fall,180
ml_samples/N2_sw0.30_x-2_i0077.h5,2,3.000000000e-01,-2,7.341206058e-01,main,true,fall,91
ml_samples/N2_sw0.30_x-2_i0078.h5,2,3.000000000e-01,-2,7.341206058e-01,main,true,fall,295
ml_samples/N2_sw0.30_x-2_i0079.h5,2,3.000000000e-01,-2,7.341206058e-01,main,true,fall,173
ml_samples/N2_sw0.30_x-2_i0080.h5,2,3.000000000e-01,-2,7.341206058e-01,main,true,fall,78
ml_samples/N2_sw0.30_x-2_i0081.h5,2,3.000000000e-01,-2,7.341206058e-01,main,true,fall,163
ml_samples/N2_sw0.30_x-2_i0082.h5,2,3.000000000e-01,-2,7.341206058e-01,main,true,fall,829
ml_samples/N2_sw0.30_x-2_i0083.h5,2,3.000000000e-01,-2,7.341206058e-01,main,true,fall,325
ml_samples/N2_sw0.30_x-2_i0084.h5,2,3.000000000e-01,-2,7.341206058e-01,main,true,fall,298
ml_samples/N2_sw0.30_x-2_i0085.h5,2,3.000000000e-01,-2,7.341206058e-01,main,true,fall,69
ml_samples/N2_sw0.30_x-2_i0086.h5,2,3.000000000e-01,-2,7.341206058e-01,main,true,fall,1439
ml_samples/N2_sw0.30_x-2_i0087.h5,2,3.000000000e-01,-2,7.341206058e-01,main,true,fall,508
ml_samples/N2_sw0.30_x-2_i0088.h5,2,3.000000000e-01,-2,7.341206058e-01,main,true,fall,76
ml_samples/N2_sw0.30_x-2_i0089.h5,2,3.000000000e-01,-2,7.341206058e-01,main,true,fall,737
ml_samples/N2_sw0.30_x-2_i0090.h5,2,3.000000000e-01,-2,7.341206058e-01,main,true,fall,262
ml_samples/N2_sw0.30_x-2_i0091.h5,2,3.000000000e-01,-2,7.341206058e-01,main,true,fall,286
ml_samples/N2_sw0.30_x-2_i0092.h5,2,3.000000000e-01,-2,7.341206058e-01,main,true,fall,250
ml_samples/N2_sw0.30_x-2_i0093.h5,2,3.000000000e-01,-2,7.341206058e-01,main,true,fall,197
ml_samples/N2_sw0.30_x-2_i0094.h5,2,3.000000000e-01,-2,7.341206058e-01,main,true,fall,762
ml_samples/N2_sw0.30_x-2_i0095.h5,2,3.000000000e-01,-2,7.341206058e-01,main,true,fall,162
ml_samples/N2_sw0.30_x-2_i0096.h5,2,3.000000000e-01,-2,7.341206058e-01,main,true,fall,92
ml_samples/N2_sw0.30_x-2_i0097.h5,2,3.000000000e-01,-2,7.341206058e-01,main,true,fall,209
ml_samples/N2_sw0.30_x-2_i0098.h5,2,3.000000000e-01,-2,7.341206058e-01,main,true,fall,397
ml_samples/N2_sw0.30_x-2_i0099.h5,2,3.000000000e-01,-2,7.341206058e-01,main,true,fall,170
ml_samples/N2_sw0.30_x-1_i0000.h5,2,3.000000000e-01,-1,8.670603029e-01,main,true,fall,443
ml_samples/N2_sw0.30_x-1_i0001.h5,2,3.000000000e-01,-1,8.670603029e-01,main,true,rise,1329
ml_samples/N2_sw0.30_x-1_i0002.h5,2,3.000000000e-01,-1,8.670603029e-01,main,true,fall,417
ml_samples/N2_sw0.30_x-1_i0003.h5,2,3.000000000e-01,-1,8.670603029e-01,main,true,fall,246
ml_samples/N2_sw0.30_x-1_i0004.h5,2,3.000000000e-01,-1,8.670603029e-01,main,true,fall,176
ml_samples/N2_sw0.30_x-1_i0005.h5,2,3.000000000e-01,-1,8.670603029e-01,main,true,fall,135
ml_samples/N2_sw0.30_x-1_i0006.h5,2,3.000000000e-01,-1,8.670603029e-01,main,true,fall,183
ml_samples/N2_sw0.30_x-1_i0007.h5,2,3.000000000e-01,-1,8.670603029e-01,main,true,fall,1942
ml_samples/N2_sw0.30_x-1_i0008.h5,2,3.000000000e-01,-1,8.670603029e-01,main,true,fall,942
ml_samples/N2_sw0.30_x-1_i0009.h5,2,3.000000000e-01,-1,8.670603029e-01,main,true,fall,445
ml_samples/N2_sw0.30_x-1_i0010.h5,2,3.000000000e-01,-1,8.670603029e-01,main,true,fall,198
ml_samples/N2_sw0.30_x-1_i0011.h5,2,3.000000000e-01,-1,8.670603029e-01,main,true,fall,830
ml_samples/N2_sw0.30_x-1_i0012.h5,2,3.000000000e-01,-1,8.670603029e-01,main,true,fall,116
ml_samples/N2_sw0.30_x-1_i0013.h5,2,3.000000000e-01,-1,8.670603029e-01,main,true,fall,528
ml_samples/N2_sw0.30_x-1_i0014.h5,2,3.000000000e-01,-1,8.670603029e-01,main,true,fall,273
ml_samples/N2_sw0.30_x-1_i0015.h5,2,3.000000000e-01,-1,8.670603029e-01,main,true,fall,283
ml_samples/N2_sw0.30_x-1_i0016.h5,2,3.000000000e-01,-1,8.670603029e-01,main,true,fall,827
ml_samples/N2_sw0.30_x-1_i0017.h5,2,3.000000000e-01,-1,8.670603029e-01,main,true,fall,584
ml_samples/N2_sw0.30_x-1_i0018.h5,2,3.000000000e-01,-1,8.670603029e-01,main,true,rise,801
ml_samples/N2_sw0.30_x-1_i0019.h5,2,3.000000000e-01,-1,8.670603029e-01,main,true,fall,120
ml_samples/N2_sw0.30_x-1_i0020.h5,2,3.000000000e-01,-1,8.670603029e-01,main,true,fall,244
ml_samples/N2_sw0.30_x-1_i0021.h5,2,3.000000000e-01,-1,8.670603029e-01,main,true,fall,293
ml_samples/N2_sw0.30_x-1_i0022.h5,2,3.000000000e-01,-1,8.670603029e-01,main,true,fall,716
ml_samples/N2_sw0.30_x-1_i0023.h5,2,3.000000000e-01,-1,8.670603029e-01,main,true,fall,166
ml_samples/N2_sw0.30_x-1_i0024.h5,2,3.000000000e-01,-1,8.670603029e-01,main,true,fall,211
ml_samples/N2_sw0.30_x-1_i0025.h5,2,3.000000000e-01,-1,8.670603029e-01,main,true,fall,98
ml_samples/N2_sw0.30_x-1_i0026.h5,2,3.000000000e-01,-1,8.670603029e-01,main,true,fall,452
ml_samples/N2_sw0.30_x-1_i0027.h5,2,3.000000000e-01,-1,8.670603029e-01,main,true,fall,336
ml_samples/N2_sw0.30_x-1_i0028.h5,2,3.000000000e-01,-1,8.670603029e-01,main,true,fall,359
ml_samples/N2_sw0.30_x-1_i0029.h5,2,3.000000000e-01,-1,8.670603029e-01,main,true,fall,73
ml_samples/N2_sw0.30_x-1_i0030.h5,2,3.000000000e-01,-1,8.670603029e-01,main,true,fall,375
ml_samples/N2_sw0.30_x-1_i0031.h5,2,3.000000000e-01,-1,8.670603029e-01,main,true,fall,544
ml_samples/N2_sw0.30_x-1_i0032.h5,2,3.000000000e-01,-1,8.670603029e-01,main,true,fall,566
ml_samples/N2_sw0.30_x-1_i0033.h5,2,3.000000000e-01,-1,8.670603029e-01,main,true,fall,112
ml_samples/N2_sw0.30_x-1_i0034.h5,2,3.000000000e-01,-1,8.670603029e-01,main,true,fall,155
ml_samples/N2_sw0.30_x-1_i0035.h5,2,3.000000000e-01,-1,8.670603029e-01,main,true,fall,1446
ml_samples/N2_sw0.30_x-1_i0036.h5,2,3.000000000e-01,-1,8.670603029e-01,main,true,fall,196
ml_samples/N2_sw0.30_x-1_i0037.h5,2,3.000000000e-01,-1,8.670603029e-01,main,true,fall,182
ml_samples/N2_sw0.30_x-1_i0038.h5,2,3.000000000e-01,-1,8.670603029e-01,main,true,fall,416
ml_samples/N2_sw0.30_x-1_i0039.h5,2,3.000000000e-01,-1,8.670603029e-01,main,true,fall,312
ml_samples/N2_sw0.30_x-1_i0040.h5,2,3.000000000e-01,-1,8.670603029e-01,main,true,fall,240
ml_samples/N2_sw0.30_x-1_i0041.h5,2,3.000000000e-01,-1,8.670603029e-01,main,true,fall,684
ml_samples/N2_sw0.30_x-1_i0042.h5,2,3.000000000e-01,-1,8.670603029e-01,main,true,fall,93
ml_samples/N2_sw0.30_x-1_i0043.h5,2,3.000000000e-01,-1,8.670603029e-01,main,true,fall,540
ml_samples/N2_sw0.30_x-1_i0044.h5,2,3.000000000e-01,-1,8.670603029e-01,main,true,fall,161
ml_samples/N2_sw0.30_x-1_i0045.h5,2,3.000000000e-01,-1,8.670603029e-01,main,true,fall,1078
ml_samples/N2_sw0.30_x-1_i0046.h5,2,3.000000000e-01,-1,8.670603029e-01,main,true,fall,117
ml_samples/N2_sw0.30_x-1_i0047.h5,2,3.000000000e-01,-1,8.670603029e-01,main,true,fall,141
ml_samples/N2_sw0.30_x-1_i0048.h5,2,3.000000000e-01,-1,8.670603029e-01,main,true,fall,460
ml_samples/N2_sw0.30_x-1_i0049.h5,2,3.000000000e-01,-1,8.670603029e-01,main,true,rise,378
ml_samples/N2_sw0.30_x-1_i0050.h5,2,3.000000000e-01,-1,8.670603029e-01,main,true,fall,85
ml_samples/N2_sw0.30_x-1_i0051.h5,2,3.000000000e-01,-1,8.670603029e-01,main,true,fall,235
ml_samples/N2_sw0.30_x-1_i0052.h5,2,3.000000000e-01,-1,8.670603029e-01,main,true,fall,90
ml_samples/N2_sw0.30_x-1_i0053.h5,2,3.000000000e-01,-1,8.670603029e-01,main,true,fall,379
ml_samples/N2_sw0.30_x-1_i0054.h5,2,3.000000000e-01,-1,8.670603029e-01,main,true,fall,373
ml_samples/N2_sw0.30_x-1_i0055.h5,2,3.000000000e-01,-1,8.670603029e-01,main,true,fall,179
ml_samples/N2_sw0.30_x-1_i0056.h5,2,3.000000000e-01,-1,8.670603029e-01,main,true,rise,856
ml_samples/N2_sw0.30_x-1_i0057.h5,2,3.000000000e-01,-1,8.670603029e-01,main,true,fall,241
ml_samples/N2_sw0.30_x-1_i0058.h5,2,3.000000000e-01,-1,8.670603029e-01,main,true,fall,610
ml_samples/N2_sw0.30_x-1_i0059.h5,2,3.000000000e-01,-1,8.670603029e-01,main,true,fall,234
ml_samples/N2_sw0.30_x-1_i0060.h5,2,3.000000000e-01,-1,8.670603029e-01,main,true,fall,560
ml_samples/N2_sw0.30_x-1_i0061.h5,2,3.000000000e-01,-1,8.670603029e-01,main,true,fall,373
ml_samples/N2_sw0.30_x-1_i0062.h5,2,3.000000000e-01,-1,8.670603029e-01,main,true,fall,3235
ml_samples/N2_sw0.30_x-1_i0063.h5,2,3.000000000e-01,-1,8.670603029e-01,main,true,fall,680
ml_samples/N2_sw0.30_x-1_i0064.h5,2,3.000000000e-01,-1,8.670603029e-01,main,true,fall,4251
ml_samples/N2_sw0.30_x-1_i0065.h5,2,3.000000000e-01,-1,8.670603029e-01,main,true,fall,962
ml_samples/N2_sw0.30_x-1_i0066.h5,2,3.000000000e-01,-1,8.670603029e-01,main,true,fall,293
ml_samples/N2_sw0.30_x-1_i0067.h5,2,3.000000000e-01,-1,8.670603029e-01,main,true,fall,723
ml_samples/N2_sw0.30_x-1_i0068.h5,2,3.000000000e-01,-1,8.670603029e-01,main,true,fall,557
ml_samples/N2_sw0.30_x-1_i0069.h5,2,3.000000000e-01,-1,8.670603029e-01,main,true,fall,458
ml_samples/N2_sw0.30_x-1_i0070.h5,2,3.000000000e-01,-1,8.670603029e-01,main,true,fall,1125
ml_samples/N2_sw0.30_x-1_i0071.h5,2,3.000000000e-01,-1,8.670603029e-01,main,true,fall,141
ml_samples/N2_sw0.30_x-1_i0072.h5,2,3.000000000e-01,-1,8.670603029e-01,main,true,fall,234
ml_samples/N2_sw0.30_x-1_i0073.h5,2,3.000000000e-01,-1,8.670603029e-01,main,true,fall,3991
ml_samples/N2_sw0.30_x-1_i0074.h5,2,3.000000000e-01,-1,8.670603029e-01,main,true,fall,504
ml_samples/N2_sw0.30_x-1_i0075.h5,2,3.000000000e-01,-1,8.670603029e-01,main,true,fall,427
ml_samples/N2_sw0.30_x-1_i0076.h5,2,3.000000000e-01,-1,8.670603029e-01,main,true,fall,162
ml_samples/N2_sw0.30_x-1_i0077.h5,2,3.000000000e-01,-1,8.670603029e-01,main,true,fall,146
ml_samples/N2_sw0.30_x-1_i0078.h5,2,3.000000000e-01,-1,8.670603029e-01,main,true,fall,949
ml_samples/N2_sw0.30_x-1_i0079.h5,2,3.000000000e-01,-1,8.670603029e-01,main,true,fall,244
ml_samples/N2_sw0.30_x-1_i0080.h5,2,3.000000000e-01,-1,8.670603029e-01,main,true,fall,372
ml_samples/N2_sw0.30_x-1_i0081.h5,2,3.000000000e-01,-1,8.670603029e-01,main,true,fall,146
ml_samples/N2_sw0.30_x-1_i0082.h5,2,3.000000000e-01,-1,8.670603029e-01,main,true,fall,384
ml_samples/N2_sw0.30_x-1_i0083.h5,2,3.000000000e-01,-1,8.670603029e-01,main,true,fall,77
ml_samples/N2_sw0.30_x-1_i0084.h5,2,3.000000000e-01,-1,8.670603029e-01,main,true,fall,118
ml_samples/N2_sw0.30_x-1_i0085.h5,2,3.000000000e-01,-1,8.670603029e-01,main,true,fall,166
ml_samples/N2_sw0.30_x-1_i0086.h5,2,3.000000000e-01,-1,8.670603029e-01,main,true,fall,150
ml_samples/N2_sw0.30_x-1_i0087.h5,2,3.000000000e-01,-1,8.670603029e-01,main,true,fall,1301
ml_samples/N2_sw0.30_x-1_i0088.h5,2,3.000000000e-01,-1,8.670603029e-01,main,true,fall,1085
ml_samples/N2_sw0.30_x-1_i0089.h5,2,3.000000000e-01,-1,8.670603029e-01,main,true,fall,2144
ml_samples/N2_sw0.30_x-1_i0090.h5,2,3.000000000e-01,-1,8.670603029e-01,main,true,fall,967
ml_samples/N2_sw0.30_x-1_i0091.h5,2,3.000000000e-01,-1,8.670603029e-01,main,true,fall,1313
ml_samples/N2_sw0.30_x-1_i0092.h5,2,3.000000000e-01,-1,8.670603029e-01,main,true,fall,411
ml_samples/N2_sw0.30_x-1_i0093.h5,2,3.000000000e-01,-1,8.670603029e-01,main,true,fall,87
ml_samples/N2_sw0.30_x-1_i0094.h5,2,3.000000000e-01,-1,8.670603029e-01,main,true,fall,1562
ml_samples/N2_sw0.30_x-1_i0095.h5,2,3.000000000e-01,-1,8.670603029e-01,main,true,fall,132
ml_samples/N2_sw0.30_x-1_i0096.h5,2,3.000000000e-01,-1,8.670603029e-01,main,true,fall,1156
ml_samples/N2_sw0.30_x-1_i0097.h5,2,3.000000000e-01,-1,8.670603029e-01,main,true,rise,559
ml_samples/N2_sw0.30_x-1_i0098.h5,2,3.000000000e-01,-1,8.670603029e-01,main,true,fall,598
ml_samples/N2_sw0.30_x-1_i0099.h5,2,3.000000000e-01,-1,8.670603029e-01,main,true,fall,165
ml_samples/N2_sw0.30_x-1_i0100.h5,2,3.000000000e-01,-1,8.670603029e-01,main,true,fall,912
ml_samples/N2_sw0.30_x-1_i0101.h5,2,3.000000000e-01,-1,8.670603029e-01,main,true,fall,160
ml_samples/N2_sw0.30_x-1_i0102.h5,2,3.000000000e-01,-1,8.670603029e-01,main,true,rise,1145
ml_samples/N2_sw0.30_x-1_i0103.h5,2,3.000000000e-01,-1,8.670603029e-01,main,true,fall,471
ml_samples/N2_sw0.30_x-1_i0104.h5,2,3.000000000e-01,-1,8.670603029e-01,main,true,fall,303
ml_samples/N2_sw0.30_x-1_i0105.h5,2,3.000000000e-01,-1,8.670603029e-01,main,true,fall,817
ml_samples/N2_sw0.30_x-1_i0106.h5,2,3.000000000e-01,-1,8.670603029e-01,main,true,fall,168
ml_samples/N2_sw0.30_x-1_i0107.h5,2,3.000000000e-01,-1,8.670603029e-01,main,true,fall,193
ml_samples/N2_sw0.30_x-1_i0108.h5,2,3.000000000e-01,-1,8.670603029e-01,main,true,fall,469
ml_samples/N2_sw0.30_x-1_i0109.h5,2,3.000000000e-01,-1,8.670603029e-01,main,true,fall,824
ml_samples/N2_sw0.30_x-1_i0110.h5,2,3.000000000e-01,-1,8.670603029e-01,main,true,fall,752
ml_samples/N2_sw0.30_x-1_i0111.h5,2,3.000000000e-01,-1,8.670603029e-01,main,true,fall,555
ml_samples/N2_sw0.30_x-1_i0112.h5,2,3.000000000e-01,-1,8.670603029e-01,main,true,fall,414
ml_samples/N2_sw0.30_x-1_i0113.h5,2,3.000000000e-01,-1,8.670603029e-01,main,true,fall,1317
ml_samples/N2_sw0.30_x-1_i0114.h5,2,3.000000000e-01,-1,8.670603029e-01,main,true,fall,162
ml_samples/N2_sw0.30_x-1_i0115.h5,2,3.000000000e-01,-1,8.670603029e-01,main,true,fall,750
ml_samples/N2_sw0.30_x-1_i0116.h5,2,3.000000000e-01,-1,8.670603029e-01,main,true,fall,120
ml_samples/N2_sw0.30_x-1_i0117.h5,2,3.000000000e-01,-1,8.670603029e-01,main,true,fall,178
ml_samples/N2_sw0.30_x-1_i0118.h5,2,3.000000000e-01,-1,8.670603029e-01,main,true,fall,101
ml_samples/N2_sw0.30_x-1_i0119.h5,2,3.000000000e-01,-1,8.670603029e-01,main,true,fall,1086
ml_samples/N2_sw0.30_x-1_i0120.h5,2,3.000000000e-01,-1,8.670603029e-01,main,true,fall,415
ml_samples/N2_sw0.30_x-1_i0121.h5,2,3.000000000e-01,-1,8.670603029e-01,main,true,fall,1567
ml_samples/N2_sw0.30_x-1_i0122.h5,2,3.000000000e-01,-1,8.670603029e-01,main,true,fall,206
ml_samples/N2_sw0.30_x-1_i0123.h5,2,3.000000000e-01,-1,8.670603029e-01,main,true,fall,196
ml_samples/N2_sw0.30_x-1_i0124.h5,2,3.000000000e-01,-1,8.670603029e-01,main,true,fall,964
ml_samples/N2_sw0.30_x-1_i0125.h5,2,3.000000000e-01,-1,8.670603029e-01,main,true,fall,143
ml_samples/N2_sw0.30_x-1_i0126.h5,2,3.000000000e-01,-1,8.670603029e-01,main,true,fall,800
ml_samples/N2_sw0.30_x-1_i0127.h5,2,3.000000000e-01,-1,8.670603029e-01,main,true,fall,103
ml_samples/N2_sw0.30_x-1_i0128.h5,2,3.000000000e-01,-1,8.670603029e-01,main,true,fall,126
ml_samples/N2_sw0.30_x-1_i0129.h5,2,3.000000000e-01,-1,8.670603029e-01,main,true,fall,125
ml_samples/N2_sw0.30_x-1_i0130.h5,2,3.000000000e-01,-1,8.670603029e-01,main,true,fall,2162
ml_samples/N2_sw0.30_x-1_i0131.h5,2,3.000000000e-01,-1,8.670603029e-01,main,true,fall,582
ml_samples/N2_sw0.30_x-1_i0132.h5,2,3.000000000e-01,-1,8.670603029e-01,main,true,fall,81
ml_samples/N2_sw0.30_x-1_i0133.h5,2,3.000000000e-01,-1,8.670603029e-01,main,true,fall,1159
ml_samples/N2_sw0.30_x-1_i0134.h5,2,3.000000000e-01,-1,8.670603029e-01,main,true,fall,109
ml_samples/N2_sw0.30_x-1_i0135.h5,2,3.000000000e-01,-1,8.670603029e-01,main,true,fall,183
ml_samples/N2_sw0.30_x-1_i0136.h5,2,3.000000000e-01,-1,8.670603029e-01,main,true,fall,185
ml_samples/N2_sw0.30_x-1_i0137.h5,2,3.000000000e-01,-1,8.670603029e-01,main,true,fall,306
ml_samples/N2_sw0.30_x-1_i0138.h5,2,3.000000000e-01,-1,8.670603029e-01,main,true,fall,357
ml_samples/N2_sw0.30_x-1_i0139.h5,2,3.000000000e-01,-1,8.670603029e-01,main,true,fall,255
ml_samples/N2_sw0.30_x-1_i0140.h5,2,3.000000000e-01,-1,8.670603029e-01,main,true,fall,156
ml_samples/N2_sw0.30_x-1_i0141.h5,2,3.000000000e-01,-1,8.670603029e-01,main,true,fall,1315
ml_samples/N2_sw0.30_x-1_i0142.h5,2,3.000000000e-01,-1,8.670603029e-01,main,true,fall,2540
ml_samples/N2_sw0.30_x-1_i0143.h5,2,3.000000000e-01,-1,8.670603029e-01,main,true,fall,290
ml_samples/N2_sw0.30_x-1_i0144.h5,2,3.000000000e-01,-1,8.670603029e-01,main,true,fall,111
ml_samples/N2_sw0.30_x-1_i0145.h5,2,3.000000000e-01,-1,8.670603029e-01,main,true,fall,145
ml_samples/N2_sw0.30_x-1_i0146.h5,2,3.000000000e-01,-1,8.670603029e-01,main,true,fall,127
ml_samples/N2_sw0.30_x-1_i0147.h5,2,3.000000000e-01,-1,8.670603029e-01,main,true,fall,217
ml_samples/N2_sw0.30_x-1_i0148.h5,2,3.000000000e-01,-1,8.670603029e-01,main,true,fall,254
ml_samples/N2_sw0.30_x-1_i0149.h5,2,3.000000000e-01,-1,8.670603029e-01,main,true,fall,125
ml_samples/N2_sw0.30_x-1_i0150.h5,2,3.000000000e-01,-1,8.670603029e-01,main,true,fall,145
ml_samples/N2_sw0.30_x-1_i0151.h5,2,3.000000000e-01,-1,8.670603029e-01,main,true,fall,1136
ml_samples/N2_sw0.30_x-1_i0152.h5,2,3.000000000e-01,-1,8.670603029e-01,main,true,fall,306
ml_samples/N2_sw0.30_x-1_i0153.h5,2,3.000000000e-01,-1,8.670603029e-01,main,true,fall,1938
ml_samples/N2_sw0.30_x-1_i0154.h5,2,3.000000000e-01,-1,8.670603029e-01,main,true,fall,104
ml_samples/N2_sw0.30_x-1_i0155.h5,2,3.000000000e-01,-1,8.670603029e-01,main,true,fall,1222
ml_samples/N2_sw0.30_x-1_i0156.h5,2,3.000000000e-01,-1,8.670603029e-01,main,true,fall,264
ml_samples/N2_sw0.30_x-1_i0157.h5,2,3.000000000e-01,-1,8.670603029e-01,main,true,fall,1517
ml_samples/N2_sw0.30_x-1_i0158.h5,2,3.000000000e-01,-1,8.670603029e-01,main,true,fall,185
ml_samples/N2_sw0.30_x-1_i0159.h5,2,3.000000000e-01,-1,8.670603029e-01,main,true,fall,191
ml_samples/N2_sw0.30_x-1_i0160.h5,2,3.000000000e-01,-1,8.670603029e-01,main,true,fall,207
ml_samples/N2_sw0.30_x-1_i0161.h5,2,3.000000000e-01,-1,8.670603029e-01,main,true,fall,1341
ml_samples/N2_sw0.30_x-1_i0162.h5,2,3.000000000e-01,-1,8.670603029e-01,main,true,fall,109
ml_samples/N2_sw0.30_x-1_i0163.h5,2,3.000000000e-01,-1,8.670603029e-01,main,true,fall,217
ml_samples/N2_sw0.30_x-1_i0164.h5,2,3.000000000e-01,-1,8.670603029e-01,main,true,rise,925
ml_samples/N2_sw0.30_x-1_i0165.h5,2,3.000000000e-01,-1,8.670603029e-01,main,true,fall,522
ml_samples/N2_sw0.30_x-1_i0166.h5,2,3.000000000e-01,-1,8.670603029e-01,main,true,fall,272
ml_samples/N2_sw0.30_x-1_i0167.h5,2,3.000000000e-01,-1,8.670603029e-01,main,true,fall,216
ml_samples/N2_sw0.30_x-1_i0168.h5,2,3.000000000e-01,-1,8.670603029e-01,main,true,fall,348
ml_samples/N2_sw0.30_x-1_i0169.h5,2,3.000000000e-01,-1,8.670603029e-01,main,true,fall,1132
ml_samples/N2_sw0.30_x-1_i0170.h5,2,3.000000000e-01,-1,8.670603029e-01,main,true,fall,153
ml_samples/N2_sw0.30_x-1_i0171.h5,2,3.000000000e-01,-1,8.670603029e-01,main,true,fall,82
ml_samples/N2_sw0.30_x-1_i0172.h5,2,3.000000000e-01,-1,8.670603029e-01,main,true,fall,387
ml_samples/N2_sw0.30_x-1_i0173.h5,2,3.000000000e-01,-1,8.670603029e-01,main,true,fall,180
ml_samples/N2_sw0.30_x-1_i0174.h5,2,3.000000000e-01,-1,8.670603029e-01,main,true,fall,1024
ml_samples/N2_sw0.30_x-1_i0175.h5,2,3.000000000e-01,-1,8.670603029e-01,main,true,fall,254
ml_samples/N2_sw0.30_x-1_i0176.h5,2,3.000000000e-01,-1,8.670603029e-01,main,true,fall,144
ml_samples/N2_sw0.30_x-1_i0177.h5,2,3.000000000e-01,-1,8.670603029e-01,main,true,fall,153
ml_samples/N2_sw0.30_x-1_i0178.h5,2,3.000000000e-01,-1,8.670603029e-01,main,true,fall,491
ml_samples/N2_sw0.30_x-1_i0179.h5,2,3.000000000e-01,-1,8.670603029e-01,main,true,fall,124
ml_samples/N2_sw0.30_x-1_i0180.h5,2,3.000000000e-01,-1,8.670603029e-01,main,true,fall,245
ml_samples/N2_sw0.30_x-1_i0181.h5,2,3.000000000e-01,-1,8.670603029e-01,main,true,fall,150
ml_samples/N2_sw0.30_x-1_i0182.h5,2,3.000000000e-01,-1,8.670603029e-01,main,true,fall,121
ml_samples/N2_sw0.30_x-1_i0183.h5,2,3.000000000e-01,-1,8.670603029e-01,main,true,fall,1045
ml_samples/N2_sw0.30_x-1_i0184.h5,2,3.000000000e-01,-1,8.670603029e-01,main,true,fall,262
ml_samples/N2_sw0.30_x-1_i0185.h5,2,3.000000000e-01,-1,8.670603029e-01,main,true,fall,549
ml_samples/N2_sw0.30_x-1_i0186.h5,2,3.000000000e-01,-1,8.670603029e-01,main,true,fall,188
ml_samples/N2_sw0.30_x-1_i0187.h5,2,3.000000000e-01,-1,8.670603029e-01,main,true,fall,761
ml_samples/N2_sw0.30_x-1_i0188.h5,2,3.000000000e-01,-1,8.670603029e-01,main,true,fall,1493
ml_samples/N2_sw0.30_x-1_i0189.h5,2,3.000000000e-01,-1,8.670603029e-01,main,true,fall,2745
ml_samples/N2_sw0.30_x-1_i0190.h5,2,3.000000000e-01,-1,8.670603029e-01,main,true,fall,1527
ml_samples/N2_sw0.30_x-1_i0191.h5,2,3.000000000e-01,-1,8.670603029e-01,main,true,rise,615
ml_samples/N2_sw0.30_x-1_i0192.h5,2,3.000000000e-01,-1,8.670603029e-01,main,true,fall,1099
ml_samples/N2_sw0.30_x-1_i0193.h5,2,3.000000000e-01,-1,8.670603029e-01,main,true,fall,3031
ml_samples/N2_sw0.30_x-1_i0194.h5,2,3.000000000e-01,-1,8.670603029e-01,main,true,rise,556
ml_samples/N2_sw0.30_x-1_i0195.h5,2,3.000000000e-01,-1,8.670603029e-01,main,true,fall,650
ml_samples/N2_sw0.30_x-1_i0196.h5,2,3.000000000e-01,-1,8.670603029e-01,main,true,fall,263
ml_samples/N2_sw0.30_x-1_i0197.h5,2,3.000000000e-01,-1,8.670603029e-01,main,true,fall,146
ml_samples/N2_sw0.30_x-1_i0198.h5,2,3.000000000e-01,-1,8.670603029e-01,main,true,fall,1474
ml_samples/N2_sw0.30_x-1_i0199.h5,2,3.000000000e-01,-1,8.670603029e-01,main,true,fall,79
ml_samples/N2_sw0.30_x+0_i0000.h5,2,3.000000000e-01,0,1.000000000e+00,main,true,rise,681
ml_samples/N2_sw0.30_x+0_i0001.h5,2,3.000000000e-01,0,1.000000000e+00,main,true,fall,464
ml_samples/N2_sw0.30_x+0_i0002.h5,2,3.000000000e-01,0,1.000000000e+00,main,true,fall,2185
ml_samples/N2_sw0.30_x+0_i0003.h5,2,3.000000000e-01,0,1.000000000e+00,main,true,rise,973
ml_samples/N2_sw0.30_x+0_i0004.h5,2,3.000000000e-01,0,1.000000000e+00,main,true,fall,114
ml_samples/N2_sw0.30_x+0_i0005.h5,2,3.000000000e-01,0,1.000000000e+00,main,true,rise,884
ml_samples/N2_sw0.30_x+0_i0006.h5,2,3.000000000e-01,0,1.000000000e+00,main,true,fall,709
ml_samples/N2_sw0.30_x+0_i0007.h5,2,3.000000000e-01,0,1.000000000e+00,main,true,fall,406
ml_samples/N2_sw0.30_x+0_i0008.h5,2,3.000000000e-01,0,1.000000000e+00,main,true,fall,871
ml_samples/N2_sw0.30_x+0_i0009.h5,2,3.000000000e-01,0,1.000000000e+00,main,true,fall,254
ml_samples/N2_sw0.30_x+0_i0010.h5,2,3.000000000e-01,0,1.000000000e+00,main,true,fall,2212
ml_samples/N2_sw0.30_x+0_i0011.h5,2,3.000000000e-01,0,1.000000000e+00,main,true,fall,111
ml_samples/N2_sw0.30_x+0_i0012.h5,2,3.000000000e-01,0,1.000000000e+00,main,true,fall,218
ml_samples/N2_sw0.30_x+0_i0013.h5,2,3.000000000e-01,0,1.000000000e+00,main,true,fall,515
ml_samples/N2_sw0.30_x+0_i0014.h5,2,3.000000000e-01,0,1.000000000e+00,main,true,fall,1258
ml_samples/N2_sw0.30_x+0_i0015.h5,2,3.000000000e-01,0,1.000000000e+00,main,true,rise,1406
ml_samples/N2_sw0.30_x+0_i0016.h5,2,3.000000000e-01,0,1.000000000e+00,main,true,fall,1366
ml_samples/N2_sw0.30_x+0_i0017.h5,2,3.000000000e-01,0,1.000000000e+00,main,true,fall,598
ml_samples/N2_sw0.30_x+0_i0018.h5,2,3.000000000e-01,0,1.000000000e+00,main,true,fall,155
ml_samples/N2_sw0.30_x+0_i0019.h5,2,3.000000000e-01,0,1.000000000e+00,main,true,fall,733
ml_samples/N2_sw0.30_x+0_i0020.h5,2,3.000000000e-01,0,1.000000000e+00,main,true,rise,3196
ml_samples/N2_sw0.30_x+0_i0021.h5,2,3.000000000e-01,0,1.000000000e+00,main,true,rise,374
ml_samples/N2_sw0.30_x+0_i0022.h5,2,3.000000000e-01,0,1.000000000e+00,main,true,rise,3399
ml_samples/N2_sw0.30_x+0_i0023.h5,2,3.000000000e-01,0,1.000000000e+00,main,true,rise,1329
ml_samples/N2_sw0.30_x+0_i0024.h5,2,3.000000000e-01,0,1.000000000e+00,main,true,fall,2161
ml_samples/N2_sw0.30_x+0_i0025.h5,2,3.000000000e-01,0,1.000000000e+00,main,true,fall,708
ml_samples/N2_sw0.30_x+0_i0026.h5,2,3.000000000e-01,0,1.000000000e+00,main,true,rise,443
ml_samples/N2_sw0.30_x+0_i0027.h5,2,3.000000000e-01,0,1.000000000e+00,main,true,fall,1805
ml_samples/N2_sw0.30_x+0_i0028.h5,2,3.000000000e-01,0,1.000000000e+00,main,true,rise,712
ml_samples/N2_sw0.30_x+0_i0029.h5,2,3.000000000e-01,0,1.000000000e+00,main,true,rise,4297
ml_samples/N2_sw0.30_x+0_i0030.h5,2,3.000000000e-01,0,1.000000000e+00,main,true,fall,987
ml_samples/N2_sw0.30_x+0_i0031.h5,2,3.000000000e-01,0,1.000000000e+00,main,true,fall,250
ml_samples/N2_sw0.30_x+0_i0032.h5,2,3.000000000e-01,0,1.000000000e+00,main,true,fall,280
ml_samples/N2_sw0.30_x+0_i0033.h5,2,3.000000000e-01,0,1.000000000e+00,main,true,fall,214
ml_samples/N2_sw0.30_x+0_i0034.h5,2,3.000000000e-01,0,1.000000000e+00,main,true,rise,1434
ml_samples/N2_sw0.30_x+0_i0035.h5,2,3.000000000e-01,0,1.000000000e+00,main,true,fall,200
ml_samples/N2_sw0.30_x+0_i0036.h5,2,3.000000000e-01,0,1.000000000e+00,main,true,fall,916
ml_samples/N2_sw0.30_x+0_i0037.h5,2,3.000000000e-01,0,1.000000000e+00,main,true,fall,1415
ml_samples/N2_sw0.30_x+0_i0038.h5,2,3.000000000e-01,0,1.000000000e+00,main,true,fall,267
ml_samples/N2_sw0.30_x+0_i0039.h5,2,3.000000000e-01,0,1.000000000e+00,main,true,fall,247
ml_samples/N2_sw0.30_x+0_i0040.h5,2,3.000000000e-01,0,1.000000000e+00,main,true,rise,402
ml_samples/N2_sw0.30_x+0_i0041.h5,2,3.000000000e-01,0,1.000000000e+00,main,true,rise,1029
ml_samples/N2_sw0.30_x+0_i0042.h5,2,3.000000000e-01,0,1.000000000e+00,main,true,fall,390
ml_samples/N2_sw0.30_x+0_i0043.h5,2,3.000000000e-01,0,1.000000000e+00,main,true,rise,480
ml_samples/N2_sw0.30_x+0_i0044.h5,2,3.000000000e-01,0,1.000000000e+00,main,true,fall,1172
ml_samples/N2_sw0.30_x+0_i0045.h5,2,3.000000000e-01,0,1.000000000e+00,main,true,fall,2707
ml_samples/N2_sw0.30_x+0_i0046.h5,2,3.000000000e-01,0,1.000000000e+00,main,true,rise,586
ml_samples/N2_sw0.30_x+0_i0047.h5,2,3.000000000e-01,0,1.000000000e+00,main,true,fall,209
ml_samples/N2_sw0.30_x+0_i0048.h5,2,3.000000000e-01,0,1.000000000e+00,main,true,rise,1354
ml_samples/N2_sw0.30_x+0_i0049.h5,2,3.000000000e-01,0,1.000000000e+00,main,true,rise,3001
ml_samples/N2_sw0.30_x+0_i0050.h5,2,3.000000000e-01,0,1.000000000e+00,main,true,rise,1132
ml_samples/N2_sw0.30_x+0_i0051.h5,2,3.000000000e-01,0,1.000000000e+00,main,true,fall,1152
ml_samples/N2_sw0.30_x+0_i0052.h5,2,3.000000000e-01,0,1.000000000e+00,main,true,fall,2934
ml_samples/N2_sw0.30_x+0_i0053.h5,2,3.000000000e-01,0,1.000000000e+00,main,true,fall,231
ml_samples/N2_sw0.30_x+0_i0054.h5,2,3.000000000e-01,0,1.000000000e+00,main,true,fall,202
ml_samples/N2_sw0.30_x+0_i0055.h5,2,3.000000000e-01,0,1.000000000e+00,main,true,fall,760
ml_samples/N2_sw0.30_x+0_i0056.h5,2,3.000000000e-01,0,1.000000000e+00,main,true,fall,304
ml_samples/N2_sw0.30_x+0_i0057.h5,2,3.000000000e-01,0,1.000000000e+00,main,true,fall,211
ml_samples/N2_sw0.30_x+0_i0058.h5,2,3.000000000e-01,0,1.000000000e+00,main,true,fall,410
ml_samples/N2_sw0.30_x+0_i0059.h5,2,3.000000000e-01,0,1.000000000e+00,main,true,fall,62
ml_samples/N2_sw0.30_x+0_i0060.h5,2,3.000000000e-01,0,1.000000000e+00,main,true,fall,490
ml_samples/N2_sw0.30_x+0_i0061.h5,2,3.000000000e-01,0,1.000000000e+00,main,true,rise,392
ml_samples/N2_sw0.30_x+0_i0062.h5,2,3.000000000e-01,0,1.000000000e+00,main,true,rise,785
ml_samples/N2_sw0.30_x+0_i0063.h5,2,3.000000000e-01,0,1.000000000e+00,main,true,fall,434
ml_samples/N2_sw0.30_x+0_i0064.h5,2,3.000000000e-01,0,1.000000000e+00,main,true,fall,263
ml_samples/N2_sw0.30_x+0_i0065.h5,2,3.000000000e-01,0,1.000000000e+00,main,true,rise,1135
ml_samples/N2_sw0.30_x+0_i0066.h5,2,3.000000000e-01,0,1.000000000e+00,main,true,fall,237
ml_samples/N2_sw0.30_x+0_i0067.h5,2,3.000000000e-01,0,1.000000000e+00,main,true,fall,428
ml_samples/N2_sw0.30_x+0_i0068.h5,2,3.000000000e-01,0,1.000000000e+00,main,true,rise,991
ml_samples/N2_sw0.30_x+0_i0069.h5,2,3.000000000e-01,0,1.000000000e+00,main,true,rise,1734
ml_samples/N2_sw0.30_x+0_i0070.h5,2,3.000000000e-01,0,1.000000000e+00,main,true,fall,121
ml_samples/N2_sw0.30_x+0_i0071.h5,2,3.000000000e-01,0,1.000000000e+00,main,true,rise,1083
ml_samples/N2_sw0.30_x+0_i0072.h5,2,3.000000000e-01,0,1.000000000e+00,main,true,fall,2399
ml_samples/N2_sw0.30_x+0_i0073.h5,2,3.000000000e-01,0,1.000000000e+00,main,true,fall,661
ml_samples/N2_sw0.30_x+0_i0074.h5,2,3.000000000e-01,0,1.000000000e+00,main,true,fall,205
ml_samples/N2_sw0.30_x+0_i0075.h5,2,3.000000000e-01,0,1.000000000e+00,main,true,fall,179
ml_samples/N2_sw0.30_x+0_i0076.h5,2,3.000000000e-01,0,1.000000000e+00,main,true,fall,217
ml_samples/N2_sw0.30_x+0_i0077.h5,2,3.000000000e-01,0,1.000000000e+00,main,true,rise,1559
ml_samples/N2_sw0.30_x+0_i0078.h5,2,3.000000000e-01,0,1.000000000e+00,main,true,fall,1311
ml_samples/N2_sw0.30_x+0_i0079.h5,2,3.000000000e-01,0,1.000000000e+00,main,true,rise,1150
ml_samples/N2_sw0.30_x+0_i0080.h5,2,3.000000000e-01,0,1.000000000e+00,main,true,fall,145
ml_samples/N2_sw0.30_x+0_i0081.h5,2,3.000000000e-01,0,1.000000000e+00,main,true,fall,786
ml_samples/N2_sw0.30_x+0_i0082.h5,2,3.000000000e-01,0,1.000000000e+00,main,true,rise,2479
ml_samples/N2_sw0.30_x+0_i0083.h5,2,3.000000000e-01,0,1.000000000e+00,main,true,rise,2724
ml_samples/N2_sw0.30_x+0_i0084.h5,2,3.000000000e-01,0,1.000000000e+00,main,true,fall,187
ml_samples/N2_sw0.30_x+0_i0085.h5,2,3.000000000e-01,0,1.000000000e+00,main,true,fall,2014
ml_samples/N2_sw0.30_x+0_i0086.h5,2,3.000000000e-01,0,1.000000000e+00,main,true,rise,364
ml_samples/N2_sw0.30_x+0_i0087.h5,2,3.000000000e-01,0,1.000000000e+00,main,true,fall,1744
ml_samples/N2_sw0.30_x+0_i0088.h5,2,3.000000000e-01,0,1.000000000e+00,main,true,rise,2083
ml_samples/N2_sw0.30_x+0_i0089.h5,2,3.000000000e-01,0,1.000000000e+00,main,true,fall,190
ml_samples/N2_sw0.30_x+0_i0090.h5,2,3.000000000e-01,0,1.000000000e+00,main,true,fall,495
ml_samples/N2_sw0.30_x+0_i0091.h5,2,3.000000000e-01,0,1.000000000e+00,main,true,fall,383
ml_samples/N2_sw0.30_x+0_i0092.h5,2,3.000000000e-01,0,1.000000000e+00,main,true,rise,680
ml_samples/N2_sw0.30_x+0_i0093.h5,2,3.000000000e-01,0,1.000000000e+00,main,true,fall,1093
ml_samples/N2_sw0.30_x+0_i0094.h5,2,3.000000000e-01,0,1.000000000e+00,main,true,fall,1018
ml_samples/N2_sw0.30_x+0_i0095.h5,2,3.000000000e-01,0,1.000000000e+00,main,true,fall,555
ml_samples/N2_sw0.30_x+0_i0096.h5,2,3.000000000e-01,0,1.000000000e+00,main,true,fall,2627
ml_samples/N2_sw0.30_x+0_i0097.h5,2,3.000000000e-01,0,1.000000000e+00,main,true,rise,886
ml_samples/N2_sw0.30_x+0_i0098.h5,2,3.000000000e-01,0,1.000000000e+00,main,true,fall,200
ml_samples/N2_sw0.30_x+0_i0099.h5,2,3.000000000e-01,0,1.000000000e+00,main,true,fall,1002
ml_samples/N2_sw0.30_x+0_i0100.h5,2,3.000000000e-01,0,1.000000000e+00,main,true,fall,162
ml_samples/N2_sw0.30_x+0_i0101.h5,2,3.000000000e-01,0,1.000000000e+00,main,true,fall,2191
ml_samples/N2_sw0.30_x+0_i0102.h5,2,3.000000000e-01,0,1.000000000e+00,main,true,fall,123
ml_samples/N2_sw0.30_x+0_i0103.h5,2,3.000000000e-01,0,1.000000000e+00,main,true,fall,937
ml_samples/N2_sw0.30_x+0_i0104.h5,2,3.000000000e-01,0,1.000000000e+00,main,true,fall,839
ml_samples/N2_sw0.30_x+0_i0105.h5,2,3.000000000e-01,0,1.000000000e+00,main,true,fall,1926
ml_samples/N2_sw0.30_x+0_i0106.h5,2,3.000000000e-01,0,1.000000000e+00,main,true,fall,637
ml_samples/N2_sw0.30_x+0_i0107.h5,2,3.000000000e-01,0,1.000000000e+00,main,true,rise,535
ml_samples/N2_sw0.30_x+0_i0108.h5,2,3.000000000e-01,0,1.000000000e+00,main,true,rise,2409
ml_samples/N2_sw0.30_x+0_i0109.h5,2,3.000000000e-01,0,1.000000000e+00,main,true,fall,667
ml_samples/N2_sw0.30_x+0_i0110.h5,2,3.000000000e-01,0,1.000000000e+00,main,true,fall,216
ml_samples/N2_sw0.30_x+0_i0111.h5,2,3.000000000e-01,0,1.000000000e+00,main,true,fall,1484
ml_samples/N2_sw0.30_x+0_i0112.h5,2,3.000000000e-01,0,1.000000000e+00,main,true,fall,443
ml_samples/N2_sw0.30_x+0_i0113.h5,2,3.000000000e-01,0,1.000000000e+00,main,true,rise,3509
ml_samples/N2_sw0.30_x+0_i0114.h5,2,3.000000000e-01,0,1.000000000e+00,main,true,fall,525
ml_samples/N2_sw0.30_x+0_i0115.h5,2,3.000000000e-01,0,1.000000000e+00,main,true,rise,854
ml_samples/N2_sw0.30_x+0_i0116.h5,2,3.000000000e-01,0,1.000000000e+00,main,true,fall,101
ml_samples/N2_sw0.30_x+0_i0117.h5,2,3.000000000e-01,0,1.000000000e+00,main,true,rise,3212
ml_samples/N2_sw0.30_x+0_i0118.h5,2,3.000000000e-01,0,1.000000000e+00,main,true,fall,567
ml_samples/N2_sw0.30_x+0_i0119.h5,2,3.000000000e-01,0,1.000000000e+00,main,true,fall,879
ml_samples/N2_sw0.30_x+0_i0120.h5,2,3.000000000e-01,0,1.000000000e+00,main,true,timeout,6001
ml_samples/N2_sw0.30_x+0_i0121.h5,2,3.000000000e-01,0,1.000000000e+00,main,true,fall,690
ml_samples/N2_sw0.30_x+0_i0122.h5,2,3.000000000e-01,0,1.000000000e+00,main,true,fall,684
ml_samples/N2_sw0.30_x+0_i0123.h5,2,3.000000000e-01,0,1.000000000e+00,main,true,fall,237
ml_samples/N2_sw0.30_x+0_i0124.h5,2,3.000000000e-01,0,1.000000000e+00,main,true,rise,1138
ml_samples/N2_sw0.30_x+0_i0125.h5,2,3.000000000e-01,0,1.000000000e+00,main,true,rise,741
ml_samples/N2_sw0.30_x+0_i0126.h5,2,3.000000000e-01,0,1.000000000e+00,main,true,fall,331
ml_samples/N2_sw0.30_x+0_i0127.h5,2,3.000000000e-01,0,1.000000000e+00,main,true,fall,452
ml_samples/N2_sw0.30_x+0_i0128.h5,2,3.000000000e-01,0,1.000000000e+00,main,true,rise,3117
ml_samples/N2_sw0.30_x+0_i0129.h5,2,3.000000000e-01,0,1.000000000e+00,main,true,rise,715
ml_samples/N2_sw0.30_x+0_i0130.h5,2,3.000000000e-01,0,1.000000000e+00,main,true,fall,473
ml_samples/N2_sw0.30_x+0_i0131.h5,2,3.000000000e-01,0,1.000000000e+00,main,true,rise,2266
ml_samples/N2_sw0.30_x+0_i0132.h5,2,3.000000000e-01,0,1.000000000e+00,main,true,rise,791
ml_samples/N2_sw0.30_x+0_i0133.h5,2,3.000000000e-01,0,1.000000000e+00,main,true,fall,236
ml_samples/N2_sw0.30_x+0_i0134.h5,2,3.000000000e-01,0,1.000000000e+00,main,true,fall,155
ml_samples/N2_sw0.30_x+0_i0135.h5,2,3.000000000e-01,0,1.000000000e+00,main,true,fall,267
ml_samples/N2_sw0.30_x+0_i0136.h5,2,3.000000000e-01,0,1.000000000e+00,main,true,fall,171
ml_samples/N2_sw0.30_x+0_i0137.h5,2,3.000000000e-01,0,1.000000000e+00,main,true,fall,811
ml_samples/N2_sw0.30_x+0_i0138.h5,2,3.000000000e-01,0,1.000000000e+00,main,true,rise,1479
ml_samples/N2_sw0.30_x+0_i0139.h5,2,3.000000000e-01,0,1.000000000e+00,main,true,fall,204
ml_samples/N2_sw0.30_x+0_i0140.h5,2,3.000000000e-01,0,1.000000000e+00,main,true,rise,1147
ml_samples/N2_sw0.30_x+0_i0141.h5,2,3.000000000e-01,0,1.000000000e+00,main,true,fall,1798
ml_samples/N2_sw0.30_x+0_i0142.h5,2,3.000000000e-01,0,1.000000000e+00,main,true,rise,426
ml_samples/N2_sw0.30_x+0_i0143.h5,2,3.000000000e-01,0,1.000000000e+00,main,true,fall,981
ml_samples/N2_sw0.30_x+0_i0144.h5,2,3.000000000e-01,0,1.000000000e+00,main,true,fall,291
ml_samples/N2_sw0.30_x+0_i0145.h5,2,3.000000000e-01,0,1.000000000e+00,main,true,fall,318
ml_samples/N2_sw0.30_x+0_i0146.h5,2,3.000000000e-01,0,1.000000000e+00,main,true,fall,1234
ml_samples/N2_sw0.30_x+0_i0147.h5,2,3.000000000e-01,0,1.000000000e+00,main,true,fall,598
ml_samples/N2_sw0.30_x+0_i0148.h5,2,3.000000000e-01,0,1.000000000e+00,main,true,fall,1136
ml_samples/N2_sw0.30_x+0_i0149.h5,2,3.000000000e-01,0,1.000000000e+00,main,true,fall,737
ml_samples/N2_sw0.30_x+0_i0150.h5,2,3.000000000e-01,0,1.000000000e+00,main,true,fall,105
ml_samples/N2_sw0.30_x+0_i0151.h5,2,3.000000000e-01,0,1.000000000e+00,main,true,fall,1756
ml_samples/N2_sw0.30_x+0_i0152.h5,2,3.000000000e-01,0,1.000000000e+00,main,true,fall,640
ml_samples/N2_sw0.30_x+0_i0153.h5,2,3.000000000e-01,0,1.000000000e+00,main,true,fall,4115
ml_samples/N2_sw0.30_x+0_i0154.h5,2,3.000000000e-01,0,1.000000000e+00,main,true,rise,1742
ml_samples/N2_sw0.30_x+0_i0155.h5,2,3.000000000e-01,0,1.000000000e+00,main,true,fall,427
ml_samples/N2_sw0.30_x+0_i0156.h5,2,3.000000000e-01,0,1.000000000e+00,main,true,fall,1074
ml_samples/N2_sw0.30_x+0_i0157.h5,2,3.000000000e-01,0,1.000000000e+00,main,true,fall,309
ml_samples/N2_sw0.30_x+0_i0158.h5,2,3.000000000e-01,0,1.000000000e+00,main,true,rise,839
ml_samples/N2_sw0.30_x+0_i0159.h5,2,3.000000000e-01,0,1.000000000e+00,main,true,fall,136
ml_samples/N2_sw0.30_x+0_i0160.h5,2,3.000000000e-01,0,1.000000000e+00,main,true,fall,750
ml_samples/N2_sw0.30_x+0_i0161.h5,2,3.000000000e-01,0,1.000000000e+00,main,true,fall,1207
ml_samples/N2_sw0.30_x+0_i0162.h5,2,3.000000000e-01,0,1.000000000e+00,main,true,fall,787
ml_samples/N2_sw0.30_x+0_i0163.h5,2,3.000000000e-01,0,1.000000000e+00,main,true,fall,164
ml_samples/N2_sw0.30_x+0_i0164.h5,2,3.000000000e-01,0,1.000000000e+00,main,true,fall,1380
ml_samples/N2_sw0.30_x+0_i0165.h5,2,3.000000000e-01,0,1.000000000e+00,main,true,fall,188
ml_samples/N2_sw0.30_x+0_i0166.h5,2,3.000000000e-01,0,1.000000000e+00,main,true,fall,175
ml_samples/N2_sw0.30_x+0_i0167.h5,2,3.000000000e-01,0,1.000000000e+00,main,true,fall,333
ml_samples/N2_sw0.30_x+0_i0168.h5,2,3.000000000e-01,0,1.000000000e+00,main,true,fall,1165
ml_samples/N2_sw0.30_x+0_i0169.h5,2,3.000000000e-01,0,1.000000000e+00,main,true,rise,969
ml_samples/N2_sw0.30_x+0_i0170.h5,2,3.000000000e-01,0,1.000000000e+00,main,true,fall,455
ml_samples/N2_sw0.30_x+0_i0171.h5,2,3.000000000e-01,0,1.000000000e+00,main,true,fall,374
ml_samples/N2_sw0.30_x+0_i0172.h5,2,3.000000000e-01,0,1.000000000e+00,main,true,fall,207
ml_samples/N2_sw0.30_x+0_i0173.h5,2,3.000000000e-01,0,1.000000000e+00,main,true,rise,480
ml_samples/N2_sw0.30_x+0_i0174.h5,2,3.000000000e-01,0,1.000000000e+00,main,true,rise,1325
ml_samples/N2_sw0.30_x+0_i0175.h5,2,3.000000000e-01,0,1.000000000e+00,main,true,rise,407
ml_samples/N2_sw0.30_x+0_i0176.h5,2,3.000000000e-01,0,1.000000000e+00,main,true,fall,2545
ml_samples/N2_sw0.30_x+0_i0177.h5,2,3.000000000e-01,0,1.000000000e+00,main,true,rise,908
ml_samples/N2_sw0.30_x+0_i0178.h5,2,3.000000000e-01,0,1.000000000e+00,main,true,rise,1747
ml_samples/N2_sw0.30_x+0_i0179.h5,2,3.000000000e-01,0,1.000000000e+00,main,true,fall,111
ml_samples/N2_sw0.30_x+0_i0180.h5,2,3.000000000e-01,0,1.000000000e+00,main,true,rise,687
ml_samples/N2_sw0.30_x+0_i0181.h5,2,3.000000000e-01,0,1.000000000e+00,main,true,fall,115
ml_samples/N2_sw0.30_x+0_i0182.h5,2,3.000000000e-01,0,1.000000000e+00,main,true,rise,510
ml_samples/N2_sw0.30_x+0_i0183.h5,2,3.000000000e-01,0,1.000000000e+00,main,true,fall,632
ml_samples/N2_sw0.30_x+0_i0184.h5,2,3.000000000e-01,0,1.000000000e+00,main,true,fall,2793
ml_samples/N2_sw0.30_x+0_i0185.h5,2,3.000000000e-01,0,1.000000000e+00,main,true,fall,2356
ml_samples/N2_sw0.30_x+0_i0186.h5,2,3.000000000e-01,0,1.000000000e+00,main,true,rise,769
ml_samples/N2_sw0.30_x+0_i0187.h5,2,3.000000000e-01,0,1.000000000e+00,main,true,fall,100
ml_samples/N2_sw0.30_x+0_i0188.h5,2,3.000000000e-01,0,1.000000000e+00,main,true,fall,206
ml_samples/N2_sw0.30_x+0_i0189.h5,2,3.000000000e-01,0,1.000000000e+00,main,true,fall,1484
ml_samples/N2_sw0.30_x+0_i0190.h5,2,3.000000000e-01,0,1.000000000e+00,main,true,fall,743
ml_samples/N2_sw0.30_x+0_i0191.h5,2,3.000000000e-01,0,1.000000000e+00,main,true,fall,315
ml_samples/N2_sw0.30_x+0_i0192.h5,2,3.000000000e-01,0,1.000000000e+00,main,true,fall,138
ml_samples/N2_sw0.30_x+0_i0193.h5,2,3.000000000e-01,0,1.000000000e+00,main,true,fall,680
ml_samples/N2_sw0.30_x+0_i0194.h5,2,3.000000000e-01,0,1.000000000e+00,main,true,fall,1105
ml_samples/N2_sw0.30_x+0_i0195.h5,2,3.000000000e-01,0,1.000000000e+00,main,true,fall,573
ml_samples/N2_sw0.30_x+0_i0196.h5,2,3.000000000e-01,0,1.000000000e+00,main,true,rise,283
ml_samples/N2_sw0.30_x+0_i0197.h5,2,3.000000000e-01,0,1.000000000e+00,main,true,rise,381
ml_samples/N2_sw0.30_x+0_i0198.h5,2,3.000000000e-01,0,1.000000000e+00,main,true,rise,1594
ml_samples/N2_sw0.30_x+0_i0199.h5,2,3.000000000e-01,0,1.000000000e+00,main,true,fall,375
ml_samples/N2_sw0.30_x+1_i0000.h5,2,3.000000000e-01,1,1.132939697e+00,main,true,fall,329
ml_samples/N2_sw0.30_x+1_i0001.h5,2,3.000000000e-01,1,1.132939697e+00,main,true,rise,322
ml_samples/N2_sw0.30_x+1_i0002.h5,2,3.000000000e-01,1,1.132939697e+00,main,true,rise,484
ml_samples/N2_sw0.30_x+1_i0003.h5,2,3.000000000e-01,1,1.132939697e+00,main,true,rise,1080
ml_samples/N2_sw0.30_x+1_i0004.h5,2,3.000000000e-01,1,1.132939697e+00,main,true,rise,1262
ml_samples/N2_sw0.30_x+1_i0005.h5,2,3.000000000e-01,1,1.132939697e+00,main,true,fall,465
ml_samples/N2_sw0.30_x+1_i0006.h5,2,3.000000000e-01,1,1.132939697e+00,main,true,fall,345
ml_samples/N2_sw0.30_x+1_i0007.h5,2,3.000000000e-01,1,1.132939697e+00,main,true,rise,586
ml_samples/N2_sw0.30_x+1_i0008.h5,2,3.000000000e-01,1,1.132939697e+00,main,true,rise,1250
ml_samples/N2_sw0.30_x+1_i0009.h5,2,3.000000000e-01,1,1.132939697e+00,main,true,fall,839
ml_samples/N2_sw0.30_x+1_i0010.h5,2,3.000000000e-01,1,1.132939697e+00,main,true,rise,667
ml_samples/N2_sw0.30_x+1_i0011.h5,2,3.000000000e-01,1,1.132939697e+00,main,true,rise,1021
ml_samples/N2_sw0.30_x+1_i0012.h5,2,3.000000000e-01,1,1.132939697e+00,main,true,rise,709
ml_samples/N2_sw0.30_x+1_i0013.h5,2,3.000000000e-01,1,1.132939697e+00,main,true,fall,338
ml_samples/N2_sw0.30_x+1_i0014.h5,2,3.000000000e-01,1,1.132939697e+00,main,true,rise,1353
ml_samples/N2_sw0.30_x+1_i0015.h5,2,3.000000000e-01,1,1.132939697e+00,main,true,fall,246
ml_samples/N2_sw0.30_x+1_i0016.h5,2,3.000000000e-01,1,1.132939697e+00,main,true,fall,201
ml_samples/N2_sw0.30_x+1_i0017.h5,2,3.000000000e-01,1,1.132939697e+00,main,true,fall,3680
ml_samples/N2_sw0.30_x+1_i0018.h5,2,3.000000000e-01,1,1.132939697e+00,main,true,fall,231
ml_samples/N2_sw0.30_x+1_i0019.h5,2,3.000000000e-01,1,1.132939697e+00,main,true,rise,1097
ml_samples/N2_sw0.30_x+1_i0020.h5,2,3.000000000e-01,1,1.132939697e+00,main,true,rise,833
ml_samples/N2_sw0.30_x+1_i0021.h5,2,3.000000000e-01,1,1.132939697e+00,main,true,rise,334
ml_samples/N2_sw0.30_x+1_i0022.h5,2,3.000000000e-01,1,1.132939697e+00,main,true,rise,735
ml_samples/N2_sw0.30_x+1_i0023.h5,2,3.000000000e-01,1,1.132939697e+00,main,true,rise,511
ml_samples/N2_sw0.30_x+1_i0024.h5,2,3.000000000e-01,1,1.132939697e+00,main,true,rise,955
ml_samples/N2_sw0.30_x+1_i0025.h5,2,3.000000000e-01,1,1.132939697e+00,main,true,rise,408
ml_samples/N2_sw0.30_x+1_i0026.h5,2,3.000000000e-01,1,1.132939697e+00,main,true,rise,327
ml_samples/N2_sw0.30_x+1_i0027.h5,2,3.000000000e-01,1,1.132939697e+00,main,true,rise,1205
ml_samples/N2_sw0.30_x+1_i0028.h5,2,3.000000000e-01,1,1.132939697e+00,main,true,rise,659
ml_samples/N2_sw0.30_x+1_i0029.h5,2,3.000000000e-01,1,1.132939697e+00,main,true,rise,809
ml_samples/N2_sw0.30_x+1_i0030.h5,2,3.000000000e-01,1,1.132939697e+00,main,true,fall,192
ml_samples/N2_sw0.30_x+1_i0031.h5,2,3.000000000e-01,1,1.132939697e+00,main,true,rise,2085
ml_samples/N2_sw0.30_x+1_i0032.h5,2,3.000000000e-01,1,1.132939697e+00,main,true,rise,1594
ml_samples/N2_sw0.30_x+1_i0033.h5,2,3.000000000e-01,1,1.132939697e+00,main,true,rise,548
ml_samples/N2_sw0.30_x+1_i0034.h5,2,3.000000000e-01,1,1.132939697e+00,main,true,fall,933
ml_samples/N2_sw0.30_x+1_i0035.h5,2,3.000000000e-01,1,1.132939697e+00,main,true,rise,1477
ml_samples/N2_sw0.30_x+1_i0036.h5,2,3.000000000e-01,1,1.132939697e+00,main,true,fall,316
ml_samples/N2_sw0.30_x+1_i0037.h5,2,3.000000000e-01,1,1.132939697e+00,main,true,fall,197
ml_samples/N2_sw0.30_x+1_i0038.h5,2,3.000000000e-01,1,1.132939697e+00,main,true,fall,836
ml_samples/N2_sw0.30_x+1_i0039.h5,2,3.000000000e-01,1,1.132939697e+00,main,true,rise,650
ml_samples/N2_sw0.30_x+1_i0040.h5,2,3.000000000e-01,1,1.132939697e+00,main,true,rise,1416
ml_samples/N2_sw0.30_x+1_i0041.h5,2,3.000000000e-01,1,1.132939697e+00,main,true,rise,294
ml_samples/N2_sw0.30_x+1_i0042.h5,2,3.000000000e-01,1,1.132939697e+00,main,true,fall,232
ml_samples/N2_sw0.30_x+1_i0043.h5,2,3.000000000e-01,1,1.132939697e+00,main,true,rise,1131
ml_samples/N2_sw0.30_x+1_i0044.h5,2,3.000000000e-01,1,1.132939697e+00,main,true,rise,515
ml_samples/N2_sw0.30_x+1_i0045.h5,2,3.000000000e-01,1,1.132939697e+00,main,true,rise,504
ml_samples/N2_sw0.30_x+1_i0046.h5,2,3.000000000e-01,1,1.132939697e+00,main,true,rise,1774
ml_samples/N2_sw0.30_x+1_i0047.h5,2,3.000000000e-01,1,1.132939697e+00,main,true,fall,208
ml_samples/N2_sw0.30_x+1_i0048.h5,2,3.000000000e-01,1,1.132939697e+00,main,true,fall,331
ml_samples/N2_sw0.30_x+1_i0049.h5,2,3.000000000e-01,1,1.132939697e+00,main,true,rise,281
ml_samples/N2_sw0.30_x+1_i0050.h5,2,3.000000000e-01,1,1.132939697e+00,main,true,rise,1126
ml_samples/N2_sw0.30_x+1_i0051.h5,2,3.000000000e-01,1,1.132939697e+00,main,true,fall,190
ml_samples/N2_sw0.30_x+1_i0052.h5,2,3.000000000e-01,1,1.132939697e+00,main,true,rise,946
ml_samples/N2_sw0.30_x+1_i0053.h5,2,3.000000000e-01,1,1.132939697e+00,main,true,rise,624
ml_samples/N2_sw0.30_x+1_i0054.h5,2,3.000000000e-01,1,1.132939697e+00,main,true,rise,1310
ml_samples/N2_sw0.30_x+1_i0055.h5,2,3.000000000e-01,1,1.132939697e+00,main,true,fall,242
ml_samples/N2_sw0.30_x+1_i0056.h5,2,3.000000000e-01,1,1.132939697e+00,main,true,rise,632
ml_samples/N2_sw0.30_x+1_i0057.h5,2,3.000000000e-01,1,1.132939697e+00,main,true,rise,980
ml_samples/N2_sw0.30_x+1_i0058.h5,2,3.000000000e-01,1,1.132939697e+00,main,true,rise,749
ml_samples/N2_sw0.30_x+1_i0059.h5,2,3.000000000e-01,1,1.132939697e+00,main,true,rise,881
ml_samples/N2_sw0.30_x+1_i0060.h5,2,3.000000000e-01,1,1.132939697e+00,main,true,rise,671
ml_samples/N2_sw0.30_x+1_i0061.h5,2,3.000000000e-01,1,1.132939697e+00,main,true,rise,661
ml_samples/N2_sw0.30_x+1_i0062.h5,2,3.000000000e-01,1,1.132939697e+00,main,true,rise,428
ml_samples/N2_sw0.30_x+1_i0063.h5,2,3.000000000e-01,1,1.132939697e+00,main,true,rise,1173
ml_samples/N2_sw0.30_x+1_i0064.h5,2,3.000000000e-01,1,1.132939697e+00,main,true,rise,719
ml_samples/N2_sw0.30_x+1_i0065.h5,2,3.000000000e-01,1,1.132939697e+00,main,true,rise,789
ml_samples/N2_sw0.30_x+1_i0066.h5,2,3.000000000e-01,1,1.132939697e+00,main,true,rise,335
ml_samples/N2_sw0.30_x+1_i0067.h5,2,3.000000000e-01,1,1.132939697e+00,main,true,fall,206
ml_samples/N2_sw0.30_x+1_i0068.h5,2,3.000000000e-01,1,1.132939697e+00,main,true,rise,659
ml_samples/N2_sw0.30_x+1_i0069.h5,2,3.000000000e-01,1,1.132939697e+00,main,true,fall,615
ml_samples/N2_sw0.30_x+1_i0070.h5,2,3.000000000e-01,1,1.132939697e+00,main,true,rise,1406
ml_samples/N2_sw0.30_x+1_i0071.h5,2,3.000000000e-01,1,1.132939697e+00,main,true,rise,1186
ml_samples/N2_sw0.30_x+1_i0072.h5,2,3.000000000e-01,1,1.132939697e+00,main,true,fall,1915
ml_samples/N2_sw0.30_x+1_i0073.h5,2,3.000000000e-01,1,1.132939697e+00,main,true,fall,468
ml_samples/N2_sw0.30_x+1_i0074.h5,2,3.000000000e-01,1,1.132939697e+00,main,true,fall,330
ml_samples/N2_sw0.30_x+1_i0075.h5,2,3.000000000e-01,1,1.132939697e+00,main,true,rise,798
ml_samples/N2_sw0.30_x+1_i0076.h5,2,3.000000000e-01,1,1.132939697e+00,main,true,rise,1256
ml_samples/N2_sw0.30_x+1_i0077.h5,2,3.000000000e-01,1,1.132939697e+00,main,true,fall,795
ml_samples/N2_sw0.30_x+1_i0078.h5,2,3.000000000e-01,1,1.132939697e+00,main,true,rise,414
ml_samples/N2_sw0.30_x+1_i0079.h5,2,3.000000000e-01,1,1.132939697e+00,main,true,rise,716
ml_samples/N2_sw0.30_x+1_i0080.h5,2,3.000000000e-01,1,1.132939697e+00,main,true,fall,296
ml_samples/N2_sw0.30_x+1_i0081.h5,2,3.000000000e-01,1,1.132939697e+00,main,true,rise,1163
ml_samples/N2_sw0.30_x+1_i0082.h5,2,3.000000000e-01,1,1.132939697e+00,main,true,rise,306
ml_samples/N2_sw0.30_x+1_i0083.h5,2,3.000000000e-01,1,1.132939697e+00,main,true,rise,584
ml_samples/N2_sw0.30_x+1_i0084.h5,2,3.000000000e-01,1,1.132939697e+00,main,true,fall,1242
ml_samples/N2_sw0.30_x+1_i0085.h5,2,3.000000000e-01,1,1.132939697e+00,main,true,rise,2414
ml_samples/N2_sw0.30_x+1_i0086.h5,2,3.000000000e-01,1,1.132939697e+00,main,true,rise,497
ml_samples/N2_sw0.30_x+1_i0087.h5,2,3.000000000e-01,1,1.132939697e+00,main,true,rise,734
ml_samples/N2_sw0.30_x+1_i0088.h5,2,3.000000000e-01,1,1.132939697e+00,main,true,rise,1908
ml_samples/N2_sw0.30_x+1_i0089.h5,2,3.000000000e-01,1,1.132939697e+00,main,true,fall,332
ml_samples/N2_sw0.30_x+1_i0090.h5,2,3.000000000e-01,1,1.132939697e+00,main,true,rise,643
ml_samples/N2_sw0.30_x+1_i0091.h5,2,3.000000000e-01,1,1.132939697e+00,main,true,rise,496
ml_samples/N2_sw0.30_x+1_i0092.h5,2,3.000000000e-01,1,1.132939697e+00,main,true,rise,408
ml_samples/N2_sw0.30_x+1_i0093.h5,2,3.000000000e-01,1,1.132939697e+00,main,true,rise,438
ml_samples/N2_sw0.30_x+1_i0094.h5,2,3.000000000e-01,1,1.132939697e+00,main,true,rise,1637
ml_samples/N2_sw0.30_x+1_i0095.h5,2,3.000000000e-01,1,1.132939697e+00,main,true,fall,907
ml_samples/N2_sw0.30_x+1_i0096.h5,2,3.000000000e-01,1,1.132939697e+00,main,true,fall,170
ml_samples/N2_sw0.30_x+1_i0097.h5,2,3.000000000e-01,1,1.132939697e+00,main,true,rise,512
ml_samples/N2_sw0.30_x+1_i0098.h5,2,3.000000000e-01,1,1.132939697e+00,main,true,rise,386
ml_samples/N2_sw0.30_x+1_i0099.h5,2,3.000000000e-01,1,1.132939697e+00,main,true,rise,639
ml_samples/N2_sw0.30_x+1_i0100.h5,2,3.000000000e-01,1,1.132939697e+00,main,true,rise,1225
ml_samples/N2_sw0.30_x+1_i0101.h5,2,3.000000000e-01,1,1.132939697e+00,main,true,rise,579
ml_samples/N2_sw0.30_x+1_i0102.h5,2,3.000000000e-01,1,1.132939697e+00,main,true,rise,1122
ml_samples/N2_sw0.30_x+1_i0103.h5,2,3.000000000e-01,1,1.132939697e+00,main,true,rise,641
ml_samples/N2_sw0.30_x+1_i0104.h5,2,3.000000000e-01,1,1.132939697e+00,main,true,rise,809
ml_samples/N2_sw0.30_x+1_i0105.h5,2,3.000000000e-01,1,1.132939697e+00,main,true,rise,722
ml_samples/N2_sw0.30_x+1_i0106.h5,2,3.000000000e-01,1,1.132939697e+00,main,true,rise,296
ml_samples/N2_sw0.30_x+1_i0107.h5,2,3.000000000e-01,1,1.132939697e+00,main,true,rise,503
ml_samples/N2_sw0.30_x+1_i0108.h5,2,3.000000000e-01,1,1.132939697e+00,main,true,rise,422
ml_samples/N2_sw0.30_x+1_i0109.h5,2,3.000000000e-01,1,1.132939697e+00,main,true,fall,585
ml_samples/N2_sw0.30_x+1_i0110.h5,2,3.000000000e-01,1,1.132939697e+00,main,true,rise,1569
ml_samples/N2_sw0.30_x+1_i0111.h5,2,3.000000000e-01,1,1.132939697e+00,main,true,rise,1119
ml_samples/N2_sw0.30_x+1_i0112.h5,2,3.000000000e-01,1,1.132939697e+00,main,true,rise,614
ml_samples/N2_sw0.30_x+1_i0113.h5,2,3.000000000e-01,1,1.132939697e+00,main,true,rise,369
ml_samples/N2_sw0.30_x+1_i0114.h5,2,3.000000000e-01,1,1.132939697e+00,main,true,rise,435
ml_samples/N2_sw0.30_x+1_i0115.h5,2,3.000000000e-01,1,1.132939697e+00,main,true,fall,575
ml_samples/N2_sw0.30_x+1_i0116.h5,2,3.000000000e-01,1,1.132939697e+00,main,true,rise,566
ml_samples/N2_sw0.30_x+1_i0117.h5,2,3.000000000e-01,1,1.132939697e+00,main,true,rise,881
ml_samples/N2_sw0.30_x+1_i0118.h5,2,3.000000000e-01,1,1.132939697e+00,main,true,fall,808
ml_samples/N2_sw0.30_x+1_i0119.h5,2,3.000000000e-01,1,1.132939697e+00,main,true,rise,784
ml_samples/N2_sw0.30_x+1_i0120.h5,2,3.000000000e-01,1,1.132939697e+00,main,true,fall,1135
ml_samples/N2_sw0.30_x+1_i0121.h5,2,3.000000000e-01,1,1.132939697e+00,main,true,rise,1596
ml_samples/N2_sw0.30_x+1_i0122.h5,2,3.000000000e-01,1,1.132939697e+00,main,true,rise,597
ml_samples/N2_sw0.30_x+1_i0123.h5,2,3.000000000e-01,1,1.132939697e+00,main,true,rise,915
ml_samples/N2_sw0.30_x+1_i0124.h5,2,3.000000000e-01,1,1.132939697e+00,main,true,rise,1403
ml_samples/N2_sw0.30_x+1_i0125.h5,2,3.000000000e-01,1,1.132939697e+00,main,true,rise,382
ml_samples/N2_sw0.30_x+1_i0126.h5,2,3.000000000e-01,1,1.132939697e+00,main,true,rise,936
ml_samples/N2_sw0.30_x+1_i0127.h5,2,3.000000000e-01,1,1.132939697e+00,main,true,rise,1859
ml_samples/N2_sw0.30_x+1_i0128.h5,2,3.000000000e-01,1,1.132939697e+00,main,true,fall,1256
ml_samples/N2_sw0.30_x+1_i0129.h5,2,3.000000000e-01,1,1.132939697e+00,main,true,fall,759
ml_samples/N2_sw0.30_x+1_i0130.h5,2,3.000000000e-01,1,1.132939697e+00,main,true,rise,431
ml_samples/N2_sw0.30_x+1_i0131.h5,2,3.000000000e-01,1,1.132939697e+00,main,true,rise,304
ml_samples/N2_sw0.30_x+1_i0132.h5,2,3.000000000e-01,1,1.132939697e+00,main,true,fall,171
ml_samples/N2_sw0.30_x+1_i0133.h5,2,3.000000000e-01,1,1.132939697e+00,main,true,rise,607
ml_samples/N2_sw0.30_x+1_i0134.h5,2,3.000000000e-01,1,1.132939697e+00,main,true,rise,913
ml_samples/N2_sw0.30_x+1_i0135.h5,2,3.000000000e-01,1,1.132939697e+00,main,true,rise,790
ml_samples/N2_sw0.30_x+1_i0136.h5,2,3.000000000e-01,1,1.132939697e+00,main,true,rise,1148
ml_samples/N2_sw0.30_x+1_i0137.h5,2,3.000000000e-01,1,1.132939697e+00,main,true,rise,733
ml_samples/N2_sw0.30_x+1_i0138.h5,2,3.000000000e-01,1,1.132939697e+00,main,true,rise,1246
ml_samples/N2_sw0.30_x+1_i0139.h5,2,3.000000000e-01,1,1.132939697e+00,main,true,fall,357
ml_samples/N2_sw0.30_x+1_i0140.h5,2,3.000000000e-01,1,1.132939697e+00,main,true,rise,664
ml_samples/N2_sw0.30_x+1_i0141.h5,2,3.000000000e-01,1,1.132939697e+00,main,true,fall,129
ml_samples/N2_sw0.30_x+1_i0142.h5,2,3.000000000e-01,1,1.132939697e+00,main,true,rise,425
ml_samples/N2_sw0.30_x+1_i0143.h5,2,3.000000000e-01,1,1.132939697e+00,main,true,rise,2276
ml_samples/N2_sw0.30_x+1_i0144.h5,2,3.000000000e-01,1,1.132939697e+00,main,true,rise,1265
ml_samples/N2_sw0.30_x+1_i0145.h5,2,3.000000000e-01,1,1.132939697e+00,main,true,rise,1145
ml_samples/N2_sw0.30_x+1_i0146.h5,2,3.000000000e-01,1,1.132939697e+00,main,true,rise,298
ml_samples/N2_sw0.30_x+1_i0147.h5,2,3.000000000e-01,1,1.132939697e+00,main,true,rise,885
ml_samples/N2_sw0.30_x+1_i0148.h5,2,3.000000000e-01,1,1.132939697e+00,main,true,rise,617
ml_samples/N2_sw0.30_x+1_i0149.h5,2,3.000000000e-01,1,1.132939697e+00,main,true,rise,430
ml_samples/N2_sw0.30_x+1_i0150.h5,2,3.000000000e-01,1,1.132939697e+00,main,true,fall,3051
ml_samples/N2_sw0.30_x+1_i0151.h5,2,3.000000000e-01,1,1.132939697e+00,main,true,rise,1453
ml_samples/N2_sw0.30_x+1_i0152.h5,2,3.000000000e-01,1,1.132939697e+00,main,true,fall,2475
ml_samples/N2_sw0.30_x+1_i0153.h5,2,3.000000000e-01,1,1.132939697e+00,main,true,rise,868
ml_samples/N2_sw0.30_x+1_i0154.h5,2,3.000000000e-01,1,1.132939697e+00,main,true,fall,882
ml_samples/N2_sw0.30_x+1_i0155.h5,2,3.000000000e-01,1,1.132939697e+00,main,true,rise,425
ml_samples/N2_sw0.30_x+1_i0156.h5,2,3.000000000e-01,1,1.132939697e+00,main,true,rise,232
ml_samples/N2_sw0.30_x+1_i0157.h5,2,3.000000000e-01,1,1.132939697e+00,main,true,rise,939
ml_samples/N2_sw0.30_x+1_i0158.h5,2,3.000000000e-01,1,1.132939697e+00,main,true,rise,505
ml_samples/N2_sw0.30_x+1_i0159.h5,2,3.000000000e-01,1,1.132939697e+00,main,true,rise,2090
ml_samples/N2_sw0.30_x+1_i0160.h5,2,3.000000000e-01,1,1.132939697e+00,main,true,rise,815
ml_samples/N2_sw0.30_x+1_i0161.h5,2,3.000000000e-01,1,1.132939697e+00,main,true,fall,128
ml_samples/N2_sw0.30_x+1_i0162.h5,2,3.000000000e-01,1,1.132939697e+00,main,true,rise,1733
ml_samples/N2_sw0.30_x+1_i0163.h5,2,3.000000000e-01,1,1.132939697e+00,main,true,rise,914
ml_samples/N2_sw0.30_x+1_i0164.h5,2,3.000000000e-01,1,1.132939697e+00,main,true,rise,985
ml_samples/N2_sw0.30_x+1_i0165.h5,2,3.000000000e-01,1,1.132939697e+00,main,true,rise,443
ml_samples/N2_sw0.30_x+1_i0166.h5,2,3.000000000e-01,1,1.132939697e+00,main,true,rise,1343
ml_samples/N2_sw0.30_x+1_i0167.h5,2,3.000000000e-01,1,1.132939697e+00,main,true,rise,377
ml_samples/N2_sw0.30_x+1_i0168.h5,2,3.000000000e-01,1,1.132939697e+00,main,true,rise,314
ml_samples/N2_sw0.30_x+1_i0169.h5,2,3.000000000e-01,1,1.132939697e+00,main,true,fall,289
ml_samples/N2_sw0.30_x+1_i0170.h5,2,3.000000000e-01,1,1.132939697e+00,main,true,rise,719
ml_samples/N2_sw0.30_x+1_i0171.h5,2,3.000000000e-01,1,1.132939697e+00,main,true,rise,376
ml_samples/N2_sw0.30_x+1_i0172.h5,2,3.000000000e-01,1,1.132939697e+00,main,true,fall,268
ml_samples/N2_sw0.30_x+1_i0173.h5,2,3.000000000e-01,1,1.132939697e+00,main,true,rise,1161
ml_samples/N2_sw0.30_x+1_i0174.h5,2,3.000000000e-01,1,1.132939697e+00,main,true,rise,705
ml_samples/N2_sw0.30_x+1_i0175.h5,2,3.000000000e-01,1,1.132939697e+00,main,true,fall,416
ml_samples/N2_sw0.30_x+1_i0176.h5,2,3.000000000e-01,1,1.132939697e+00,main,true,rise,914
ml_samples/N2_sw0.30_x+1_i0177.h5,2,3.000000000e-01,1,1.132939697e+00,main,true,fall,144
ml_samples/N2_sw0.30_x+1_i0178.h5,2,3.000000000e-01,1,1.132939697e+00,main,true,rise,329
ml_samples/N2_sw0.30_x+1_i0179.h5,2,3.000000000e-01,1,1.132939697e+00,main,true,rise,541
ml_samples/N2_sw0.30_x+1_i0180.h5,2,3.000000000e-01,1,1.132939697e+00,main,true,rise,1614
ml_samples/N2_sw0.30_x+1_i0181.h5,2,3.000000000e-01,1,1.132939697e+00,main,true,rise,595
ml_samples/N2_sw0.30_x+1_i0182.h5,2,3.000000000e-01,1,1.132939697e+00,main,true,rise,299
ml_samples/N2_sw0.30_x+1_i0183.h5,2,3.000000000e-01,1,1.132939697e+00,main,true,rise,767
ml_samples/N2_sw0.30_x+1_i0184.h5,2,3.000000000e-01,1,1.132939697e+00,main,true,rise,1080
ml_samples/N2_sw0.30_x+1_i0185.h5,2,3.000000000e-01,1,1.132939697e+00,main,true,rise,1166
ml_samples/N2_sw0.30_x+1_i0186.h5,2,3.000000000e-01,1,1.132939697e+00,main,true,rise,585
ml_samples/N2_sw0.30_x+1_i0187.h5,2,3.000000000e-01,1,1.132939697e+00,main,true,fall,730
ml_samples/N2_sw0.30_x+1_i0188.h5,2,3.000000000e-01,1,1.132939697e+00,main,true,rise,1108
ml_samples/N2_sw0.30_x+1_i0189.h5,2,3.000000000e-01,1,1.132939697e+00,main,true,rise,1738
ml_samples/N2_sw0.30_x+1_i0190.h5,2,3.000000000e-01,1,1.132939697e+00,main,true,rise,718
ml_samples/N2_sw0.30_x+1_i0191.h5,2,3.000000000e-01,1,1.132939697e+00,main,true,fall,276
ml_samples/N2_sw0.30_x+1_i0192.h5,2,3.000000000e-01,1,1.132939697e+00,main,true,rise,1843
ml_samples/N2_sw0.30_x+1_i0193.h5,2,3.000000000e-01,1,1.132939697e+00,main,true,rise,415
ml_samples/N2_sw0.30_x+1_i0194.h5,2,3.000000000e-01,1,1.132939697e+00,main,true,rise,701
ml_samples/N2_sw0.30_x+1_i0195.h5,2,3.000000000e-01,1,1.132939697e+00,main,true,fall,482
ml_samples/N2_sw0.30_x+1_i0196.h5,2,3.000000000e-01,1,1.132939697e+00,main,true,fall,221
ml_samples/N2_sw0.30_x+1_i0197.h5,2,3.000000000e-01,1,1.132939697e+00,main,true,rise,370
ml_samples/N2_sw0.30_x+1_i0198.h5,2,3.000000000e-01,1,1.132939697e+00,main,true,rise,917
ml_samples/N2_sw0.30_x+1_i0199.h5,2,3.000000000e-01,1,1.132939697e+00,main,true,rise,659
ml_samples/N2_sw0.30_x+2_i0000.h5,2,3.000000000e-01,2,1.265879394e+00,main,true,rise,586
ml_samples/N2_sw0.30_x+2_i0001.h5,2,3.000000000e-01,2,1.265879394e+00,main,true,rise,335
ml_samples/N2_sw0.30_x+2_i0002.h5,2,3.000000000e-01,2,1.265879394e+00,main,true,rise,1146
ml_samples/N2_sw0.30_x+2_i0003.h5,2,3.000000000e-01,2,1.265879394e+00,main,true,rise,1233
ml_samples/N2_sw0.30_x+2_i0004.h5,2,3.000000000e-01,2,1.265879394e+00,main,true,rise,377
ml_samples/N2_sw0.30_x+2_i0005.h5,2,3.000000000e-01,2,1.265879394e+00,main,true,rise,763
ml_samples/N2_sw0.30_x+2_i0006.h5,2,3.000000000e-01,2,1.265879394e+00,main,true,rise,499
ml_samples/N2_sw0.30_x+2_i0007.h5,2,3.000000000e-01,2,1.265879394e+00,main,true,rise,819
ml_samples/N2_sw0.30_x+2_i0008.h5,2,3.000000000e-01,2,1.265879394e+00,main,true,rise,1807
ml_samples/N2_sw0.30_x+2_i0009.h5,2,3.000000000e-01,2,1.265879394e+00,main,true,rise,239
ml_samples/N2_sw0.30_x+2_i0010.h5,2,3.000000000e-01,2,1.265879394e+00,main,true,rise,698
ml_samples/N2_sw0.30_x+2_i0011.h5,2,3.000000000e-01,2,1.265879394e+00,main,true,rise,458
ml_samples/N2_sw0.30_x+2_i0012.h5,2,3.000000000e-01,2,1.265879394e+00,main,true,rise,316
ml_samples/N2_sw0.30_x+2_i0013.h5,2,3.000000000e-01,2,1.265879394e+00,main,true,rise,793
ml_samples/N2_sw0.30_x+2_i0014.h5,2,3.000000000e-01,2,1.265879394e+00,main,true,rise,700
ml_samples/N2_sw0.30_x+2_i0015.h5,2,3.000000000e-01,2,1.265879394e+00,main,true,rise,1068
ml_samples/N2_sw0.30_x+2_i0016.h5,2,3.000000000e-01,2,1.265879394e+00,main,true,rise,1514
ml_samples/N2_sw0.30_x+2_i0017.h5,2,3.000000000e-01,2,1.265879394e+00,main,true,rise,347
ml_samples/N2_sw0.30_x+2_i0018.h5,2,3.000000000e-01,2,1.265879394e+00,main,true,rise,312
ml_samples/N2_sw0.30_x+2_i0019.h5,2,3.000000000e-01,2,1.265879394e+00,main,true,rise,218
ml_samples/N2_sw0.30_x+2_i0020.h5,2,3.000000000e-01,2,1.265879394e+00,main,true,rise,357
ml_samples/N2_sw0.30_x+2_i0021.h5,2,3.000000000e-01,2,1.265879394e+00,main,true,rise,309
ml_samples/N2_sw0.30_x+2_i0022.h5,2,3.000000000e-01,2,1.265879394e+00,main,true,rise,390
ml_samples/N2_sw0.30_x+2_i0023.h5,2,3.000000000e-01,2,1.265879394e+00,main,true,rise,409
ml_samples/N2_sw0.30_x+2_i0024.h5,2,3.000000000e-01,2,1.265879394e+00,main,true,rise,564
ml_samples/N2_sw0.30_x+2_i0025.h5,2,3.000000000e-01,2,1.265879394e+00,main,true,rise,411
ml_samples/N2_sw0.30_x+2_i0026.h5,2,3.000000000e-01,2,1.265879394e+00,main,true,rise,530
ml_samples/N2_sw0.30_x+2_i0027.h5,2,3.000000000e-01,2,1.265879394e+00,main,true,rise,576
ml_samples/N2_sw0.30_x+2_i0028.h5,2,3.000000000e-01,2,1.265879394e+00,main,true,rise,826
ml_samples/N2_sw0.30_x+2_i0029.h5,2,3.000000000e-01,2,1.265879394e+00,main,true,fall,469
ml_samples/N2_sw0.30_x+2_i0030.h5,2,3.000000000e-01,2,1.265879394e+00,main,true,rise,374
ml_samples/N2_sw0.30_x+2_i0031.h5,2,3.000000000e-01,2,1.265879394e+00,main,true,rise,292
ml_samples/N2_sw0.30_x+2_i0032.h5,2,3.000000000e-01,2,1.265879394e+00,main,true,rise,275
ml_samples/N2_sw0.30_x+2_i0033.h5,2,3.000000000e-01,2,1.265879394e+00,main,true,rise,369
ml_samples/N2_sw0.30_x+2_i0034.h5,2,3.000000000e-01,2,1.265879394e+00,main,true,rise,658
ml_samples/N2_sw0.30_x+2_i0035.h5,2,3.000000000e-01,2,1.265879394e+00,main,true,rise,570
ml_samples/N2_sw0.30_x+2_i0036.h5,2,3.000000000e-01,2,1.265879394e+00,main,true,rise,446
ml_samples/N2_sw0.30_x+2_i0037.h5,2,3.000000000e-01,2,1.265879394e+00,main,true,rise,466
ml_samples/N2_sw0.30_x+2_i0038.h5,2,3.000000000e-01,2,1.265879394e+00,main,true,rise,493
ml_samples/N2_sw0.30_x+2_i0039.h5,2,3.000000000e-01,2,1.265879394e+00,main,true,rise,520
ml_samples/N2_sw0.30_x+2_i0040.h5,2,3.000000000e-01,2,1.265879394e+00,main,true,rise,338
ml_samples/N2_sw0.30_x+2_i0041.h5,2,3.000000000e-01,2,1.265879394e+00,main,true,fall,229
ml_samples/N2_sw0.30_x+2_i0042.h5,2,3.000000000e-01,2,1.265879394e+00,main,true,rise,458
ml_samples/N2_sw0.30_x+2_i0043.h5,2,3.000000000e-01,2,1.265879394e+00,main,true,rise,2120
ml_samples/N2_sw0.30_x+2_i0044.h5,2,3.000000000e-01,2,1.265879394e+00,main,true,rise,376
ml_samples/N2_sw0.30_x+2_i0045.h5,2,3.000000000e-01,2,1.265879394e+00,main,true,rise,383
ml_samples/N2_sw0.30_x+2_i0046.h5,2,3.000000000e-01,2,1.265879394e+00,main,true,rise,646
ml_samples/N2_sw0.30_x+2_i0047.h5,2,3.000000000e-01,2,1.265879394e+00,main,true,rise,310
ml_samples/N2_sw0.30_x+2_i0048.h5,2,3.000000000e-01,2,1.265879394e+00,main,true,rise,582
ml_samples/N2_sw0.30_x+2_i0049.h5,2,3.000000000e-01,2,1.265879394e+00,main,true,fall,723
ml_samples/N2_sw0.30_x+2_i0050.h5,2,3.000000000e-01,2,1.265879394e+00,main,true,rise,525
ml_samples/N2_sw0.30_x+2_i0051.h5,2,3.000000000e-01,2,1.265879394e+00,main,true,rise,417
ml_samples/N2_sw0.30_x+2_i0052.h5,2,3.000000000e-01,2,1.265879394e+00,main,true,rise,227
ml_samples/N2_sw0.30_x+2_i0053.h5,2,3.000000000e-01,2,1.265879394e+00,main,true,rise,1265
ml_samples/N2_sw0.30_x+2_i0054.h5,2,3.000000000e-01,2,1.265879394e+00,main,true,rise,515
ml_samples/N2_sw0.30_x+2_i0055.h5,2,3.000000000e-01,2,1.265879394e+00,main,true,rise,535
ml_samples/N2_sw0.30_x+2_i0056.h5,2,3.000000000e-01,2,1.265879394e+00,main,true,rise,1133
ml_samples/N2_sw0.30_x+2_i0057.h5,2,3.000000000e-01,2,1.265879394e+00,main,true,rise,456
ml_samples/N2_sw0.30_x+2_i0058.h5,2,3.000000000e-01,2,1.265879394e+00,main,true,rise,1418
ml_samples/N2_sw0.30_x+2_i0059.h5,2,3.000000000e-01,2,1.265879394e+00,main,true,rise,242
ml_samples/N2_sw0.30_x+2_i0060.h5,2,3.000000000e-01,2,1.265879394e+00,main,true,rise,654
ml_samples/N2_sw0.30_x+2_i0061.h5,2,3.000000000e-01,2,1.265879394e+00,main,true,rise,544
ml_samples/N2_sw0.30_x+2_i0062.h5,2,3.000000000e-01,2,1.265879394e+00,main,true,rise,295
ml_samples/N2_sw0.30_x+2_i0063.h5,2,3.000000000e-01,2,1.265879394e+00,main,true,rise,331
ml_samples/N2_sw0.30_x+2_i0064.h5,2,3.000000000e-01,2,1.265879394e+00,main,true,rise,319
ml_samples/N2_sw0.30_x+2_i0065.h5,2,3.000000000e-01,2,1.265879394e+00,main,true,rise,1435
ml_samples/N2_sw0.30_x+2_i0066.h5,2,3.000000000e-01,2,1.265879394e+00,main,true,rise,309
ml_samples/N2_sw0.30_x+2_i0067.h5,2,3.000000000e-01,2,1.265879394e+00,main,true,rise,379
ml_samples/N2_sw0.30_x+2_i0068.h5,2,3.000000000e-01,2,1.265879394e+00,main,true,rise,530
ml_samples/N2_sw0.30_x+2_i0069.h5,2,3.000000000e-01,2,1.265879394e+00,main,true,rise,369
ml_samples/N2_sw0.30_x+2_i0070.h5,2,3.000000000e-01,2,1.265879394e+00,main,true,rise,289
ml_samples/N2_sw0.30_x+2_i0071.h5,2,3.000000000e-01,2,1.265879394e+00,main,true,rise,569
ml_samples/N2_sw0.30_x+2_i0072.h5,2,3.000000000e-01,2,1.265879394e+00,main,true,rise,351
ml_samples/N2_sw0.30_x+2_i0073.h5,2,3.000000000e-01,2,1.265879394e+00,main,true,rise,203
ml_samples/N2_sw0.30_x+2_i0074.h5,2,3.000000000e-01,2,1.265879394e+00,main,true,rise,573
ml_samples/N2_sw0.30_x+2_i0075.h5,2,3.000000000e-01,2,1.265879394e+00,main,true,rise,358
ml_samples/N2_sw0.30_x+2_i0076.h5,2,3.000000000e-01,2,1.265879394e+00,main,true,rise,1203
ml_samples/N2_sw0.30_x+2_i0077.h5,2,3.000000000e-01,2,1.265879394e+00,main,true,rise,692
ml_samples/N2_sw0.30_x+2_i0078.h5,2,3.000000000e-01,2,1.265879394e+00,main,true,rise,585
ml_samples/N2_sw0.30_x+2_i0079.h5,2,3.000000000e-01,2,1.265879394e+00,main,true,rise,590
ml_samples/N2_sw0.30_x+2_i0080.h5,2,3.000000000e-01,2,1.265879394e+00,main,true,rise,2293
ml_samples/N2_sw0.30_x+2_i0081.h5,2,3.000000000e-01,2,1.265879394e+00,main,true,rise,465
ml_samples/N2_sw0.30_x+2_i0082.h5,2,3.000000000e-01,2,1.265879394e+00,main,true,rise,397
ml_samples/N2_sw0.30_x+2_i0083.h5,2,3.000000000e-01,2,1.265879394e+00,main,true,rise,339
ml_samples/N2_sw0.30_x+2_i0084.h5,2,3.000000000e-01,2,1.265879394e+00,main,true,rise,2464
ml_samples/N2_sw0.30_x+2_i0085.h5,2,3.000000000e-01,2,1.265879394e+00,main,true,rise,330
ml_samples/N2_sw0.30_x+2_i0086.h5,2,3.000000000e-01,2,1.265879394e+00,main,true,rise,647
ml_samples/N2_sw0.30_x+2_i0087.h5,2,3.000000000e-01,2,1.265879394e+00,main,true,rise,2116
ml_samples/N2_sw0.30_x+2_i0088.h5,2,3.000000000e-01,2,1.265879394e+00,main,true,rise,626
ml_samples/N2_sw0.30_x+2_i0089.h5,2,3.000000000e-01,2,1.265879394e+00,main,true,rise,1120
ml_samples/N2_sw0.30_x+2_i0090.h5,2,3.000000000e-01,2,1.265879394e+00,main,true,fall,261
ml_samples/N2_sw0.30_x+2_i0091.h5,2,3.000000000e-01,2,1.265879394e+00,main,true,rise,521
ml_samples/N2_sw0.30_x+2_i0092.h5,2,3.000000000e-01,2,1.265879394e+00,main,true,rise,309
ml_samples/N2_sw0.30_x+2_i0093.h5,2,3.000000000e-01,2,1.265879394e+00,main,true,rise,528
ml_samples/N2_sw0.30_x+2_i0094.h5,2,3.000000000e-01,2,1.265879394e+00,main,true,rise,401
ml_samples/N2_sw0.30_x+2_i0095.h5,2,3.000000000e-01,2,1.265879394e+00,main,true,rise,403
ml_samples/N2_sw0.30_x+2_i0096.h5,2,3.000000000e-01,2,1.265879394e+00,main,true,rise,849
ml_samples/N2_sw0.30_x+2_i0097.h5,2,3.000000000e-01,2,1.265879394e+00,main,true,rise,538
ml_samples/N2_sw0.30_x+2_i0098.h5,2,3.000000000e-01,2,1.265879394e+00,main,true,rise,542
ml_samples/N2_sw0.30_x+2_i0099.h5,2,3.000000000e-01,2,1.265879394e+00,main,true,rise,374
ml_samples/N2_sw0.30_x+4_i0000.h5,2,3.000000000e-01,4,1.531758788e+00,main,true,rise,277
ml_samples/N2_sw0.30_x+4_i0001.h5,2,3.000000000e-01,4,1.531758788e+00,main,true,rise,379
ml_samples/N2_sw0.30_x+4_i0002.h5,2,3.000000000e-01,4,1.531758788e+00,main,true,rise,236
ml_samples/N2_sw0.30_x+4_i0003.h5,2,3.000000000e-01,4,1.531758788e+00,main,true,rise,244
ml_samples/N2_sw0.30_x+4_i0004.h5,2,3.000000000e-01,4,1.531758788e+00,main,true,rise,256
ml_samples/N2_sw0.30_x+4_i0005.h5,2,3.000000000e-01,4,1.531758788e+00,main,true,rise,265
ml_samples/N2_sw0.30_x+4_i0006.h5,2,3.000000000e-01,4,1.531758788e+00,main,true,rise,296
ml_samples/N2_sw0.30_x+4_i0007.h5,2,3.000000000e-01,4,1.531758788e+00,main,true,rise,481
ml_samples/N2_sw0.30_x+4_i0008.h5,2,3.000000000e-01,4,1.531758788e+00,main,true,rise,440
ml_samples/N2_sw0.30_x+4_i0009.h5,2,3.000000000e-01,4,1.531758788e+00,main,true,rise,272
ml_samples/N2_sw0.30_x+4_i0010.h5,2,3.000000000e-01,4,1.531758788e+00,main,true,rise,390
ml_samples/N2_sw0.30_x+4_i0011.h5,2,3.000000000e-01,4,1.531758788e+00,main,true,rise,153
ml_samples/N2_sw0.30_x+4_i0012.h5,2,3.000000000e-01,4,1.531758788e+00,main,true,rise,294
ml_samples/N2_sw0.30_x+4_i0013.h5,2,3.000000000e-01,4,1.531758788e+00,main,true,rise,288
ml_samples/N2_sw0.30_x+4_i0014.h5,2,3.000000000e-01,4,1.531758788e+00,main,true,rise,299
ml_samples/N2_sw0.30_x+4_i0015.h5,2,3.000000000e-01,4,1.531758788e+00,main,true,rise,229
ml_samples/N2_sw0.30_x+4_i0016.h5,2,3.000000000e-01,4,1.531758788e+00,main,true,rise,228
ml_samples/N2_sw0.30_x+4_i0017.h5,2,3.000000000e-01,4,1.531758788e+00,main,true,rise,194
ml_samples/N2_sw0.30_x+4_i0018.h5,2,3.000000000e-01,4,1.531758788e+00,main,true,rise,439
ml_samples/N2_sw0.30_x+4_i0019.h5,2,3.000000000e-01,4,1.531758788e+00,main,true,rise,264
ml_samples/N2_sw0.30_x+4_i0020.h5,2,3.000000000e-01,4,1.531758788e+00,main,true,rise,281
ml_samples/N2_sw0.30_x+4_i0021.h5,2,3.000000000e-01,4,1.531758788e+00,main,true,rise,388
ml_samples/N2_sw0.30_x+4_i0022.h5,2,3.000000000e-01,4,1.531758788e+00,main,true,rise,154
ml_samples/N2_sw0.30_x+4_i0023.h5,2,3.000000000e-01,4,1.531758788e+00,main,true,rise,819
ml_samples/N2_sw0.30_x+4_i0024.h5,2,3.000000000e-01,4,1.531758788e+00,main,true,rise,209
ml_samples/N2_sw0.30_x+4_i0025.h5,2,3.000000000e-01,4,1.531758788e+00,main,true,rise,243
ml_samples/N2_sw0.30_x+4_i0026.h5,2,3.000000000e-01,4,1.531758788e+00,main,true,rise,200
ml_samples/N2_sw0.30_x+4_i0027.h5,2,3.000000000e-01,4,1.531758788e+00,main,true,rise,273
ml_samples/N2_sw0.30_x+4_i0028.h5,2,3.000000000e-01,4,1.531758788e+00,main,true,rise,168
ml_samples/N2_sw0.30_x+4_i0029.h5,2,3.000000000e-01,4,1.531758788e+00,main,true,rise,326
ml_samples/N2_sw0.30_x+4_i0030.h5,2,3.000000000e-01,4,1.531758788e+00,main,true,rise,193
ml_samples/N2_sw0.30_x+4_i0031.h5,2,3.000000000e-01,4,1.531758788e+00,main,true,rise,269
ml_samples/N2_sw0.30_x+4_i0032.h5,2,3.000000000e-01,4,1.531758788e+00,main,true,rise,255
ml_samples/N2_sw0.30_x+4_i0033.h5,2,3.000000000e-01,4,1.531758788e+00,main,true,rise,294
ml_samples/N2_sw0.30_x+4_i0034.h5,2,3.000000000e-01,4,1.531758788e+00,main,true,rise,530
ml_samples/N2_sw0.30_x+4_i0035.h5,2,3.000000000e-01,4,1.531758788e+00,main,true,rise,244
ml_samples/N2_sw0.30_x+4_i0036.h5,2,3.000000000e-01,4,1.531758788e+00,main,true,rise,235
ml_samples/N2_sw0.30_x+4_i0037.h5,2,3.000000000e-01,4,1.531758788e+00,main,true,rise,286
ml_samples/N2_sw0.30_x+4_i0038.h5,2,3.000000000e-01,4,1.531758788e+00,main,true,rise,171
ml_samples/N2_sw0.30_x+4_i0039.h5,2,3.000000000e-01,4,1.531758788e+00,main,true,rise,197
ml_samples/N2_sw0.30_x+4_i0040.h5,2,3.000000000e-01,4,1.531758788e+00,main,true,rise,276
ml_samples/N2_sw0.30_x+4_i0041.h5,2,3.000000000e-01,4,1.531758788e+00,main,true,rise,301
ml_samples/N2_sw0.30_x+4_i0042.h5,2,3.000000000e-01,4,1.531758788e+00,main,true,rise,242
ml_samples/N2_sw0.30_x+4_i0043.h5,2,3.000000000e-01,4,1.531758788e+00,main,true,rise,900
ml_samples/N2_sw0.30_x+4_i0044.h5,2,3.000000000e-01,4,1.531758788e+00,main,true,rise,286
ml_samples/N2_sw0.30_x+4_i0045.h5,2,3.000000000e-01,4,1.531758788e+00,main,true,rise,209
ml_samples/N2_sw0.30_x+4_i0046.h5,2,3.000000000e-01,4,1.531758788e+00,main,true,rise,252
ml_samples/N2_sw0.30_x+4_i0047.h5,2,3.000000000e-01,4,1.531758788e+00,main,true,rise,369
ml_samples/N2_sw0.30_x+4_i0048.h5,2,3.000000000e-01,4,1.531758788e+00,main,true,rise,280
ml_samples/N2_sw0.30_x+4_i0049.h5,2,3.000000000e-01,4,1.531758788e+00,main,true,rise,234
ml_samples/N2_sw0.30_x+4_i0050.h5,2,3.000000000e-01,4,1.531758788e+00,main,true,rise,321
ml_samples/N2_sw0.30_x+4_i0051.h5,2,3.000000000e-01,4,1.531758788e+00,main,true,rise,295
ml_samples/N2_sw0.30_x+4_i0052.h5,2,3.000000000e-01,4,1.531758788e+00,main,true,rise,263
ml_samples/N2_sw0.30_x+4_i0053.h5,2,3.000000000e-01,4,1.531758788e+00,main,true,rise,288
ml_samples/N2_sw0.30_x+4_i0054.h5,2,3.000000000e-01,4,1.531758788e+00,main,true,rise,321
ml_samples/N2_sw0.30_x+4_i0055.h5,2,3.000000000e-01,4,1.531758788e+00,main,true,rise,368
ml_samples/N2_sw0.30_x+4_i0056.h5,2,3.000000000e-01,4,1.531758788e+00,main,true,rise,230
ml_samples/N2_sw0.30_x+4_i0057.h5,2,3.000000000e-01,4,1.531758788e+00,main,true,rise,272
ml_samples/N2_sw0.30_x+4_i0058.h5,2,3.000000000e-01,4,1.531758788e+00,main,true,rise,162
ml_samples/N2_sw0.30_x+4_i0059.h5,2,3.000000000e-01,4,1.531758788e+00,main,true,rise,150
ml_samples/N2_sw0.30_x+4_i0060.h5,2,3.000000000e-01,4,1.531758788e+00,main,true,rise,353
ml_samples/N2_sw0.30_x+4_i0061.h5,2,3.000000000e-01,4,1.531758788e+00,main,true,rise,210
ml_samples/N2_sw0.30_x+4_i0062.h5,2,3.000000000e-01,4,1.531758788e+00,main,true,rise,211
ml_samples/N2_sw0.30_x+4_i0063.h5,2,3.000000000e-01,4,1.531758788e+00,main,true,rise,174
ml_samples/N2_sw0.30_x+4_i0064.h5,2,3.000000000e-01,4,1.531758788e+00,main,true,rise,257
ml_samples/N2_sw0.30_x+4_i0065.h5,2,3.000000000e-01,4,1.531758788e+00,main,true,rise,477
ml_samples/N2_sw0.30_x+4_i0066.h5,2,3.000000000e-01,4,1.531758788e+00,main,true,rise,216
ml_samples/N2_sw0.30_x+4_i0067.h5,2,3.000000000e-01,4,1.531758788e+00,main,true,rise,253
ml_samples/N2_sw0.30_x+4_i0068.h5,2,3.000000000e-01,4,1.531758788e+00,main,true,rise,196
ml_samples/N2_sw0.30_x+4_i0069.h5,2,3.000000000e-01,4,1.531758788e+00,main,true,rise,353
ml_samples/N2_sw0.30_x+4_i0070.h5,2,3.000000000e-01,4,1.531758788e+00,main,true,rise,195
ml_samples/N2_sw0.30_x+4_i0071.h5,2,3.000000000e-01,4,1.531758788e+00,main,true,rise,194
ml_samples/N2_sw0.30_x+4_i0072.h5,2,3.000000000e-01,4,1.531758788e+00,main,true,rise,283
ml_samples/N2_sw0.30_x+4_i0073.h5,2,3.000000000e-01,4,1.531758788e+00,main,true,rise,366
ml_samples/N2_sw0.30_x+4_i0074.h5,2,3.000000000e-01,4,1.531758788e+00,main,true,rise,334
ml_samples/N2_sw0.30_x+4_i0075.h5,2,3.000000000e-01,4,1.531758788e+00,main,true,rise,341
ml_samples/N2_sw0.30_x+4_i0076.h5,2,3.000000000e-01,4,1.531758788e+00,main,true,rise,367
ml_samples/N2_sw0.30_x+4_i0077.h5,2,3.000000000e-01,4,1.531758788e+00,main,true,rise,508
ml_samples/N2_sw0.30_x+4_i0078.h5,2,3.000000000e-01,4,1.531758788e+00,main,true,rise,777
ml_samples/N2_sw0.30_x+4_i0079.h5,2,3.000000000e-01,4,1.531758788e+00,main,true,rise,251
ml_samples/N2_sw0.30_x+4_i0080.h5,2,3.000000000e-01,4,1.531758788e+00,main,true,rise,282
ml_samples/N2_sw0.30_x+4_i0081.h5,2,3.000000000e-01,4,1.531758788e+00,main,true,rise,152
ml_samples/N2_sw0.30_x+4_i0082.h5,2,3.000000000e-01,4,1.531758788e+00,main,true,rise,281
ml_samples/N2_sw0.30_x+4_i0083.h5,2,3.000000000e-01,4,1.531758788e+00,main,true,rise,470
ml_samples/N2_sw0.30_x+4_i0084.h5,2,3.000000000e-01,4,1.531758788e+00,main,true,rise,340
ml_samples/N2_sw0.30_x+4_i0085.h5,2,3.000000000e-01,4,1.531758788e+00,main,true,rise,330
ml_samples/N2_sw0.30_x+4_i0086.h5,2,3.000000000e-01,4,1.531758788e+00,main,true,rise,278
ml_samples/N2_sw0.30_x+4_i0087.h5,2,3.000000000e-01,4,1.531758788e+00,main,true,rise,259
ml_samples/N2_sw0.30_x+4_i0088.h5,2,3.000000000e-01,4,1.531758788e+00,main,true,rise,272
ml_samples/N2_sw0.30_x+4_i0089.h5,2,3.000000000e-01,4,1.531758788e+00,main,true,rise,268
ml_samples/N2_sw0.30_x+4_i0090.h5,2,3.000000000e-01,4,1.531758788e+00,main,true,rise,355
ml_samples/N2_sw0.30_x+4_i0091.h5,2,3.000000000e-01,4,1.531758788e+00,main,true,rise,404
ml_samples/N2_sw0.30_x+4_i0092.h5,2,3.000000000e-01,4,1.531758788e+00,main,true,rise,303
ml_samples/N2_sw0.30_x+4_i0093.h5,2,3.000000000e-01,4,1.531758788e+00,main,true,rise,302
ml_samples/N2_sw0.30_x+4_i0094.h5,2,3.000000000e-01,4,1.531758788e+00,main,true,rise,232
ml_samples/N2_sw0.30_x+4_i0095.h5,2,3.000000000e-01,4,1.531758788e+00,main,true,rise,174
ml_samples/N2_sw0.30_x+4_i0096.h5,2,3.000000000e-01,4,1.531758788e+00,main,true,rise,168
ml_samples/N2_sw0.30_x+4_i0097.h5,2,3.000000000e-01,4,1.531758788e+00,main,true,rise,256
ml_samples/N2_sw0.30_x+4_i0098.h5,2,3.000000000e-01,4,1.531758788e+00,main,true,rise,371
ml_samples/N2_sw0.30_x+4_i0099.h5,2,3.000000000e-01,4,1.531758788e+00,main,true,rise,245
ml_samples/N3_sw0.30_x-1_i0000.h5,3,3.000000000e-01,-1,8.032377505e-01,gen_N,true,fall,155
ml_samples/N3_sw0.30_x-1_i0001.h5,3,3.000000000e-01,-1,8.032377505e-01,gen_N,true,fall,585
ml_samples/N3_sw0.30_x-1_i0002.h5,3,3.000000000e-01,-1,8.032377505e-01,gen_N,true,fall,804
ml_samples/N3_sw0.30_x-1_i0003.h5,3,3.000000000e-01,-1,8.032377505e-01,gen_N,true,fall,657
ml_samples/N3_sw0.30_x-1_i0004.h5,3,3.000000000e-01,-1,8.032377505e-01,gen_N,true,fall,397
ml_samples/N3_sw0.30_x-1_i0005.h5,3,3.000000000e-01,-1,8.032377505e-01,gen_N,true,fall,329
ml_samples/N3_sw0.30_x-1_i0006.h5,3,3.000000000e-01,-1,8.032377505e-01,gen_N,true,fall,456
ml_samples/N3_sw0.30_x-1_i0007.h5,3,3.000000000e-01,-1,8.032377505e-01,gen_N,true,fall,134
ml_samples/N3_sw0.30_x-1_i0008.h5,3,3.000000000e-01,-1,8.032377505e-01,gen_N,true,fall,449
ml_samples/N3_sw0.30_x-1_i0009.h5,3,3.000000000e-01,-1,8.032377505e-01,gen_N,true,fall,250
ml_samples/N3_sw0.30_x-1_i0010.h5,3,3.000000000e-01,-1,8.032377505e-01,gen_N,true,fall,230
ml_samples/N3_sw0.30_x-1_i0011.h5,3,3.000000000e-01,-1,8.032377505e-01,gen_N,true,fall,1213
ml_samples/N3_sw0.30_x-1_i0012.h5,3,3.000000000e-01,-1,8.032377505e-01,gen_N,true,fall,454
ml_samples/N3_sw0.30_x-1_i0013.h5,3,3.000000000e-01,-1,8.032377505e-01,gen_N,true,fall,222
ml_samples/N3_sw0.30_x-1_i0014.h5,3,3.000000000e-01,-1,8.032377505e-01,gen_N,true,fall,1236
ml_samples/N3_sw0.30_x-1_i0015.h5,3,3.000000000e-01,-1,8.032377505e-01,gen_N,true,fall,275
ml_samples/N3_sw0.30_x-1_i0016.h5,3,3.000000000e-01,-1,8.032377505e-01,gen_N,true,fall,548
ml_samples/N3_sw0.30_x-1_i0017.h5,3,3.000000000e-01,-1,8.032377505e-01,gen_N,true,fall,327
ml_samples/N3_sw0.30_x-1_i0018.h5,3,3.000000000e-01,-1,8.032377505e-01,gen_N,true,fall,255
ml_samples/N3_sw0.30_x-1_i0019.h5,3,3.000000000e-01,-1,8.032377505e-01,gen_N,true,fall,117
ml_samples/N3_sw0.30_x-1_i0020.h5,3,3.000000000e-01,-1,8.032377505e-01,gen_N,true,fall,406
ml_samples/N3_sw0.30_x-1_i0021.h5,3,3.000000000e-01,-1,8.032377505e-01,gen_N,true,fall,811
ml_samples/N3_sw0.30_x-1_i0022.h5,3,3.000000000e-01,-1,8.032377505e-01,gen_N,true,fall,353
ml_samples/N3_sw0.30_x-1_i0023.h5,3,3.000000000e-01,-1,8.032377505e-01,gen_N,true,fall,296
ml_samples/N3_sw0.30_x-1_i0024.h5,3,3.000000000e-01,-1,8.032377505e-01,gen_N,true,fall,330
ml_samples/N3_sw0.30_x-1_i0025.h5,3,3.000000000e-01,-1,8.032377505e-01,gen_N,true,fall,101
ml_samples/N3_sw0.30_x-1_i0026.h5,3,3.000000000e-01,-1,8.032377505e-01,gen_N,true,fall,199
ml_samples/N3_sw0.30_x-1_i0027.h5,3,3.000000000e-01,-1,8.032377505e-01,gen_N,true,fall,726
ml_samples/N3_sw0.30_x-1_i0028.h5,3,3.000000000e-01,-1,8.032377505e-01,gen_N,true,fall,697
ml_samples/N3_sw0.30_x-1_i0029.h5,3,3.000000000e-01,-1,8.032377505e-01,gen_N,true,fall,166
ml_samples/N3_sw0.30_x-1_i0030.h5,3,3.000000000e-01,-1,8.032377505e-01,gen_N,true,fall,240
ml_samples/N3_sw0.30_x-1_i0031.h5,3,3.000000000e-01,-1,8.032377505e-01,gen_N,true,fall,252
ml_samples/N3_sw0.30_x-1_i0032.h5,3,3.000000000e-01,-1,8.032377505e-01,gen_N,true,fall,707
ml_samples/N3_sw0.30_x-1_i0033.h5,3,3.000000000e-01,-1,8.032377505e-01,gen_N,true,fall,120
ml_samples/N3_sw0.30_x-1_i0034.h5,3,3.000000000e-01,-1,8.032377505e-01,gen_N,true,fall,433
ml_samples/N3_sw0.30_x-1_i0035.h5,3,3.000000000e-01,-1,8.032377505e-01,gen_N,true,fall,488
ml_samples/N3_sw0.30_x-1_i0036.h5,3,3.000000000e-01,-1,8.032377505e-01,gen_N,true,fall,1099
ml_samples/N3_sw0.30_x-1_i0037.h5,3,3.000000000e-01,-1,8.032377505e-01,gen_N,true,fall,280
ml_samples/N3_sw0.30_x-1_i0038.h5,3,3.000000000e-01,-1,8.032377505e-01,gen_N,true,fall,714
ml_samples/N3_sw0.30_x-1_i0039.h5,3,3.000000000e-01,-1,8.032377505e-01,gen_N,true,fall,145
ml_samples/N3_sw0.30_x-1_i0040.h5,3,3.000000000e-01,-1,8.032377505e-01,gen_N,true,fall,480
ml_samples/N3_sw0.30_x-1_i0041.h5,3,3.000000000e-01,-1,8.032377505e-01,gen_N,true,fall,157
ml_samples/N3_sw0.30_x-1_i0042.h5,3,3.000000000e-01,-1,8.032377505e-01,gen_N,true,fall,597
ml_samples/N3_sw0.30_x-1_i0043.h5,3,3.000000000e-01,-1,8.032377505e-01,gen_N,true,fall,428
ml_samples/N3_sw0.30_x-1_i0044.h5,3,3.000000000e-01,-1,8.032377505e-01,gen_N,true,fall,151
ml_samples/N3_sw0.30_x-1_i0045.h5,3,3.000000000e-01,-1,8.032377505e-01,gen_N,true,fall,4606
ml_samples/N3_sw0.30_x-1_i0046.h5,3,3.000000000e-01,-1,8.032377505e-01,gen_N,true,fall,228
ml_samples/N3_sw0.30_x-1_i0047.h5,3,3.000000000e-01,-1,8.032377505e-01,gen_N,true,rise,811
ml_samples/N3_sw0.30_x-1_i0048.h5,3,3.000000000e-01,-1,8.032377505e-01,gen_N,true,fall,425
ml_samples/N3_sw0.30_x-1_i0049.h5,3,3.000000000e-01,-1,8.032377505e-01,gen_N,true,fall,198
ml_samples/N3_sw0.30_x+0_i0000.h5,3,3.000000000e-01,0,1.000000000e+00,gen_N,true,fall,330
ml_samples/N3_sw0.30_x+0_i0001.h5,3,3.000000000e-01,0,1.000000000e+00,gen_N,true,fall,441
ml_samples/N3_sw0.30_x+0_i0002.h5,3,3.000000000e-01,0,1.000000000e+00,gen_N,true,fall,1394
ml_samples/N3_sw0.30_x+0_i0003.h5,3,3.000000000e-01,0,1.000000000e+00,gen_N,true,fall,893
ml_samples/N3_sw0.30_x+0_i0004.h5,3,3.000000000e-01,0,1.000000000e+00,gen_N,true,rise,485
ml_samples/N3_sw0.30_x+0_i0005.h5,3,3.000000000e-01,0,1.000000000e+00,gen_N,true,rise,1467
ml_samples/N3_sw0.30_x+0_i0006.h5,3,3.000000000e-01,0,1.000000000e+00,gen_N,true,fall,533
ml_samples/N3_sw0.30_x+0_i0007.h5,3,3.000000000e-01,0,1.000000000e+00,gen_N,true,rise,462
ml_samples/N3_sw0.30_x+0_i0008.h5,3,3.000000000e-01,0,1.000000000e+00,gen_N,true,rise,1527
ml_samples/N3_sw0.30_x+0_i0009.h5,3,3.000000000e-01,0,1.000000000e+00,gen_N,true,fall,147
ml_samples/N3_sw0.30_x+0_i0010.h5,3,3.000000000e-01,0,1.000000000e+00,gen_N,true,rise,1183
ml_samples/N3_sw0.30_x+0_i0011.h5,3,3.000000000e-01,0,1.000000000e+00,gen_N,true,fall,568
ml_samples/N3_sw0.30_x+0_i0012.h5,3,3.000000000e-01,0,1.000000000e+00,gen_N,true,fall,591
ml_samples/N3_sw0.30_x+0_i0013.h5,3,3.000000000e-01,0,1.000000000e+00,gen_N,true,rise,1099
ml_samples/N3_sw0.30_x+0_i0014.h5,3,3.000000000e-01,0,1.000000000e+00,gen_N,true,rise,1155
ml_samples/N3_sw0.30_x+0_i0015.h5,3,3.000000000e-01,0,1.000000000e+00,gen_N,true,fall,350
ml_samples/N3_sw0.30_x+0_i0016.h5,3,3.000000000e-01,0,1.000000000e+00,gen_N,true,rise,1975
ml_samples/N3_sw0.30_x+0_i0017.h5,3,3.000000000e-01,0,1.000000000e+00,gen_N,true,fall,1290
ml_samples/N3_sw0.30_x+0_i0018.h5,3,3.000000000e-01,0,1.000000000e+00,gen_N,true,fall,387
ml_samples/N3_sw0.30_x+0_i0019.h5,3,3.000000000e-01,0,1.000000000e+00,gen_N,true,fall,1427
ml_samples/N3_sw0.30_x+0_i0020.h5,3,3.000000000e-01,0,1.000000000e+00,gen_N,true,fall,271
ml_samples/N3_sw0.30_x+0_i0021.h5,3,3.000000000e-01,0,1.000000000e+00,gen_N,true,fall,2545
ml_samples/N3_sw0.30_x+0_i0022.h5,3,3.000000000e-01,0,1.000000000e+00,gen_N,true,rise,635
ml_samples/N3_sw0.30_x+0_i0023.h5,3,3.000000000e-01,0,1.000000000e+00,gen_N,true,fall,1585
ml_samples/N3_sw0.30_x+0_i0024.h5,3,3.000000000e-01,0,1.000000000e+00,gen_N,true,fall,229
ml_samples/N3_sw0.30_x+0_i0025.h5,3,3.000000000e-01,0,1.000000000e+00,gen_N,true,fall,399
ml_samples/N3_sw0.30_x+0_i0026.h5,3,3.000000000e-01,0,1.000000000e+00,gen_N,true,rise,930
ml_samples/N3_sw0.30_x+0_i0027.h5,3,3.000000000e-01,0,1.000000000e+00,gen_N,true,fall,1046
ml_samples/N3_sw0.30_x+0_i0028.h5,3,3.000000000e-01,0,1.000000000e+00,gen_N,true,fall,2623
ml_samples/N3_sw0.30_x+0_i0029.h5,3,3.000000000e-01,0,1.000000000e+00,gen_N,true,fall,1844
ml_samples/N3_sw0.30_x+0_i0030.h5,3,3.000000000e-01,0,1.000000000e+00,gen_N,true,fall,1368
ml_samples/N3_sw0.30_x+0_i0031.h5,3,3.000000000e-01,0,1.000000000e+00,gen_N,true,fall,2395
ml_samples/N3_sw0.30_x+0_i0032.h5,3,3.000000000e-01,0,1.000000000e+00,gen_N,true,fall,116
ml_samples/N3_sw0.30_x+0_i0033.h5,3,3.000000000e-01,0,1.000000000e+00,gen_N,true,fall,822
ml_samples/N3_sw0.30_x+0_i0034.h5,3,3.000000000e-01,0,1.000000000e+00,gen_N,true,fall,501
ml_samples/N3_sw0.30_x+0_i0035.h5,3,3.000000000e-01,0,1.000000000e+00,gen_N,true,fall,934
ml_samples/N3_sw0.30_x+0_i0036.h5,3,3.000000000e-01,0,1.000000000e+00,gen_N,true,rise,721
ml_samples/N3_sw0.30_x+0_i0037.h5,3,3.000000000e-01,0,1.000000000e+00,gen_N,true,rise,556
ml_samples/N3_sw0.30_x+0_i0038.h5,3,3.000000000e-01,0,1.000000000e+00,gen_N,true,fall,172
ml_samples/N3_sw0.30_x+0_i0039.h5,3,3.000000000e-01,0,1.000000000e+00,gen_N,true,rise,566
ml_samples/N3_sw0.30_x+0_i0040.h5,3,3.000000000e-01,0,1.000000000e+00,gen_N,true,fall,418
ml_samples/N3_sw0.30_x+0_i0041.h5,3,3.000000000e-01,0,1.000000000e+00,gen_N,true,fall,549
ml_samples/N3_sw0.30_x+0_i0042.h5,3,3.000000000e-01,0,1.000000000e+00,gen_N,true,fall,180
ml_samples/N3_sw0.30_x+0_i0043.h5,3,3.000000000e-01,0,1.000000000e+00,gen_N,true,rise,943
ml_samples/N3_sw0.30_x+0_i0044.h5,3,3.000000000e-01,0,1.000000000e+00,gen_N,true,fall,392
ml_samples/N3_sw0.30_x+0_i0045.h5,3,3.000000000e-01,0,1.000000000e+00,gen_N,true,rise,1465
ml_samples/N3_sw0.30_x+0_i0046.h5,3,3.000000000e-01,0,1.000000000e+00,gen_N,true,fall,366
ml_samples/N3_sw0.30_x+0_i0047.h5,3,3.000000000e-01,0,1.000000000e+00,gen_N,true,fall,805
ml_samples/N3_sw0.30_x+0_i0048.h5,3,3.000000000e-01,0,1.000000000e+00,gen_N,true,fall,124
ml_samples/N3_sw0.30_x+0_i0049.h5,3,3.000000000e-01,0,1.000000000e+00,gen_N,true,fall,693
ml_samples/N3_sw0.30_x+1_i0000.h5,3,3.000000000e-01,1,1.196762249e+00,gen_N,true,rise,1959
ml_samples/N3_sw0.30_x+1_i0001.h5,3,3.000000000e-01,1,1.196762249e+00,gen_N,true,fall,1289
ml_samples/N3_sw0.30_x+1_i0002.h5,3,3.000000000e-01,1,1.196762249e+00,gen_N,true,rise,317
ml_samples/N3_sw0.30_x+1_i0003.h5,3,3.000000000e-01,1,1.196762249e+00,gen_N,true,rise,568
ml_samples/N3_sw0.30_x+1_i0004.h5,3,3.000000000e-01,1,1.196762249e+00,gen_N,true,rise,468
ml_samples/N3_sw0.30_x+1_i0005.h5,3,3.000000000e-01,1,1.196762249e+00,gen_N,true,rise,577
ml_samples/N3_sw0.30_x+1_i0006.h5,3,3.000000000e-01,1,1.196762249e+00,gen_N,true,fall,675
ml_samples/N3_sw0.30_x+1_i0007.h5,3,3.000000000e-01,1,1.196762249e+00,gen_N,true,rise,586
ml_samples/N3_sw0.30_x+1_i0008.h5,3,3.000000000e-01,1,1.196762249e+00,gen_N,true,rise,995
ml_samples/N3_sw0.30_x+1_i0009.h5,3,3.000000000e-01,1,1.196762249e+00,gen_N,true,rise,376
ml_samples/N3_sw0.30_x+1_i0010.h5,3,3.000000000e-01,1,1.196762249e+00,gen_N,true,rise,804
ml_samples/N3_sw0.30_x+1_i0011.h5,3,3.000000000e-01,1,1.196762249e+00,gen_N,true,rise,929
ml_samples/N3_sw0.30_x+1_i0012.h5,3,3.000000000e-01,1,1.196762249e+00,gen_N,true,fall,406
ml_samples/N3_sw0.30_x+1_i0013.h5,3,3.000000000e-01,1,1.196762249e+00,gen_N,true,rise,528
ml_samples/N3_sw0.30_x+1_i0014.h5,3,3.000000000e-01,1,1.196762249e+00,gen_N,true,rise,1295
ml_samples/N3_sw0.30_x+1_i0015.h5,3,3.000000000e-01,1,1.196762249e+00,gen_N,true,rise,618
ml_samples/N3_sw0.30_x+1_i0016.h5,3,3.000000000e-01,1,1.196762249e+00,gen_N,true,rise,1706
ml_samples/N3_sw0.30_x+1_i0017.h5,3,3.000000000e-01,1,1.196762249e+00,gen_N,true,rise,715
ml_samples/N3_sw0.30_x+1_i0018.h5,3,3.000000000e-01,1,1.196762249e+00,gen_N,true,fall,273
ml_samples/N3_sw0.30_x+1_i0019.h5,3,3.000000000e-01,1,1.196762249e+00,gen_N,true,rise,305
ml_samples/N3_sw0.30_x+1_i0020.h5,3,3.000000000e-01,1,1.196762249e+00,gen_N,true,rise,1249
ml_samples/N3_sw0.30_x+1_i0021.h5,3,3.000000000e-01,1,1.196762249e+00,gen_N,true,fall,1077
ml_samples/N3_sw0.30_x+1_i0022.h5,3,3.000000000e-01,1,1.196762249e+00,gen_N,true,fall,1973
ml_samples/N3_sw0.30_x+1_i0023.h5,3,3.000000000e-01,1,1.196762249e+00,gen_N,true,rise,221
ml_samples/N3_sw0.30_x+1_i0024.h5,3,3.000000000e-01,1,1.196762249e+00,gen_N,true,rise,753
ml_samples/N3_sw0.30_x+1_i0025.h5,3,3.000000000e-01,1,1.196762249e+00,gen_N,true,rise,626
ml_samples/N3_sw0.30_x+1_i0026.h5,3,3.000000000e-01,1,1.196762249e+00,gen_N,true,rise,1539
ml_samples/N3_sw0.30_x+1_i0027.h5,3,3.000000000e-01,1,1.196762249e+00,gen_N,true,rise,609
ml_samples/N3_sw0.30_x+1_i0028.h5,3,3.000000000e-01,1,1.196762249e+00,gen_N,true,rise,1417
ml_samples/N3_sw0.30_x+1_i0029.h5,3,3.000000000e-01,1,1.196762249e+00,gen_N,true,rise,1090
ml_samples/N3_sw0.30_x+1_i0030.h5,3,3.000000000e-01,1,1.196762249e+00,gen_N,true,rise,703
ml_samples/N3_sw0.30_x+1_i0031.h5,3,3.000000000e-01,1,1.196762249e+00,gen_N,true,rise,411
ml_samples/N3_sw0.30_x+1_i0032.h5,3,3.000000000e-01,1,1.196762249e+00,gen_N,true,fall,428
ml_samples/N3_sw0.30_x+1_i0033.h5,3,3.000000000e-01,1,1.196762249e+00,gen_N,true,rise,830
ml_samples/N3_sw0.30_x+1_i0034.h5,3,3.000000000e-01,1,1.196762249e+00,gen_N,true,fall,223
ml_samples/N3_sw0.30_x+1_i0035.h5,3,3.000000000e-01,1,1.196762249e+00,gen_N,true,rise,880
ml_samples/N3_sw0.30_x+1_i0036.h5,3,3.000000000e-01,1,1.196762249e+00,gen_N,true,rise,1126
ml_samples/N3_sw0.30_x+1_i0037.h5,3,3.000000000e-01,1,1.196762249e+00,gen_N,true,rise,1435
ml_samples/N3_sw0.30_x+1_i0038.h5,3,3.000000000e-01,1,1.196762249e+00,gen_N,true,fall,340
ml_samples/N3_sw0.30_x+1_i0039.h5,3,3.000000000e-01,1,1.196762249e+00,gen_N,true,rise,448
ml_samples/N3_sw0.30_x+1_i0040.h5,3,3.000000000e-01,1,1.196762249e+00,gen_N,true,rise,569
ml_samples/N3_sw0.30_x+1_i0041.h5,3,3.000000000e-01,1,1.196762249e+00,gen_N,true,rise,533
ml_samples/N3_sw0.30_x+1_i0042.h5,3,3.000000000e-01,1,1.196762249e+00,gen_N,true,rise,894
ml_samples/N3_sw0.30_x+1_i0043.h5,3,3.000000000e-01,1,1.196762249e+00,gen_N,true,rise,490
ml_samples/N3_sw0.30_x+1_i0044.h5,3,3.000000000e-01,1,1.196762249e+00,gen_N,true,rise,758
ml_samples/N3_sw0.30_x+1_i0045.h5,3,3.000000000e-01,1,1.196762249e+00,gen_N,true,rise,358
ml_samples/N3_sw0.30_x+1_i0046.h5,3,3.000000000e-01,1,1.196762249e+00,gen_N,true,rise,1770
ml_samples/N3_sw0.30_x+1_i0047.h5,3,3.000000000e-01,1,1.196762249e+00,gen_N,true,rise,661
ml_samples/N3_sw0.30_x+1_i0048.h5,3,3.000000000e-01,1,1.196762249e+00,gen_N,true,rise,332
ml_samples/N3_sw0.30_x+1_i0049.h5,3,3.000000000e-01,1,1.196762249e+00,gen_N,true,rise,456
ml_samples/N4_sw0.15_x-4_i0000.h5,4,1.500000000e-01,-4,4.788303963e-01,main,true,fall,105
ml_samples/N4_sw0.15_x-4_i0001.h5,4,1.500000000e-01,-4,4.788303963e-01,main,true,fall,146
ml_samples/N4_sw0.15_x-4_i0002.h5,4,1.500000000e-01,-4,4.788303963e-01,main,true,fall,329
ml_samples/N4_sw0.15_x-4_i0003.h5,4,1.500000000e-01,-4,4.788303963e-01,main,true,fall,149
ml_samples/N4_sw0.15_x-4_i0004.h5,4,1.500000000e-01,-4,4.788303963e-01,main,true,fall,289
ml_samples/N4_sw0.15_x-4_i0005.h5,4,1.500000000e-01,-4,4.788303963e-01,main,true,fall,364
ml_samples/N4_sw0.15_x-4_i0006.h5,4,1.500000000e-01,-4,4.788303963e-01,main,true,fall,239
ml_samples/N4_sw0.15_x-4_i0007.h5,4,1.500000000e-01,-4,4.788303963e-01,main,true,fall,108
ml_samples/N4_sw0.15_x-4_i0008.h5,4,1.500000000e-01,-4,4.788303963e-01,main,true,fall,235
ml_samples/N4_sw0.15_x-4_i0009.h5,4,1.500000000e-01,-4,4.788303963e-01,main,true,fall,161
ml_samples/N4_sw0.15_x-4_i0010.h5,4,1.500000000e-01,-4,4.788303963e-01,main,true,fall,312
ml_samples/N4_sw0.15_x-4_i0011.h5,4,1.500000000e-01,-4,4.788303963e-01,main,true,fall,160
ml_samples/N4_sw0.15_x-4_i0012.h5,4,1.500000000e-01,-4,4.788303963e-01,main,true,fall,111
ml_samples/N4_sw0.15_x-4_i0013.h5,4,1.500000000e-01,-4,4.788303963e-01,main,true,fall,122
ml_samples/N4_sw0.15_x-4_i0014.h5,4,1.500000000e-01,-4,4.788303963e-01,main,true,fall,134
ml_samples/N4_sw0.15_x-4_i0015.h5,4,1.500000000e-01,-4,4.788303963e-01,main,true,fall,689
ml_samples/N4_sw0.15_x-4_i0016.h5,4,1.500000000e-01,-4,4.788303963e-01,main,true,fall,144
ml_samples/N4_sw0.15_x-4_i0017.h5,4,1.500000000e-01,-4,4.788303963e-01,main,true,fall,214
ml_samples/N4_sw0.15_x-4_i0018.h5,4,1.500000000e-01,-4,4.788303963e-01,main,true,fall,131
ml_samples/N4_sw0.15_x-4_i0019.h5,4,1.500000000e-01,-4,4.788303963e-01,main,true,fall,169
ml_samples/N4_sw0.15_x-4_i0020.h5,4,1.500000000e-01,-4,4.788303963e-01,main,true,fall,216
ml_samples/N4_sw0.15_x-4_i0021.h5,4,1.500000000e-01,-4,4.788303963e-01,main,true,fall,125
ml_samples/N4_sw0.15_x-4_i0022.h5,4,1.500000000e-01,-4,4.788303963e-01,main,true,fall,203
ml_samples/N4_sw0.15_x-4_i0023.h5,4,1.500000000e-01,-4,4.788303963e-01,main,true,fall,99
ml_samples/N4_sw0.15_x-4_i0024.h5,4,1.500000000e-01,-4,4.788303963e-01,main,true,fall,195
ml_samples/N4_sw0.15_x-4_i0025.h5,4,1.500000000e-01,-4,4.788303963e-01,main,true,fall,139
ml_samples/N4_sw0.15_x-4_i0026.h5,4,1.500000000e-01,-4,4.788303963e-01,main,true,fall,261
ml_samples/N4_sw0.15_x-4_i0027.h5,4,1.500000000e-01,-4,4.788303963e-01,main,true,fall,162
ml_samples/N4_sw0.15_x-4_i0028.h5,4,1.500000000e-01,-4,4.788303963e-01,main,true,fall,250
ml_samples/N4_sw0.15_x-4_i0029.h5,4,1.500000000e-01,-4,4.788303963e-01,main,true,fall,464
ml_samples/N4_sw0.15_x-4_i0030.h5,4,1.500000000e-01,-4,4.788303963e-01,main,true,fall,252
ml_samples/N4_sw0.15_x-4_i0031.h5,4,1.500000000e-01,-4,4.788303963e-01,main,true,fall,149
ml_samples/N4_sw0.15_x-4_i0032.h5,4,1.500000000e-01,-4,4.788303963e-01,main,true,fall,129
ml_samples/N4_sw0.15_x-4_i0033.h5,4,1.500000000e-01,-4,4.788303963e-01,main,true,fall,124
ml_samples/N4_sw0.15_x-4_i0034.h5,4,1.500000000e-01,-4,4.788303963e-01,main,true,fall,202
ml_samples/N4_sw0.15_x-4_i0035.h5,4,1.500000000e-01,-4,4.788303963e-01,main,true,fall,157
ml_samples/N4_sw0.15_x-4_i0036.h5,4,1.500000000e-01,-4,4.788303963e-01,main,true,fall,241
ml_samples/N4_sw0.15_x-4_i0037.h5,4,1.500000000e-01,-4,4.788303963e-01,main,true,fall,209
ml_samples/N4_sw0.15_x-4_i0038.h5,4,1.500000000e-01,-4,4.788303963e-01,main,true,fall,251
ml_samples/N4_sw0.15_x-4_i0039.h5,4,1.500000000e-01,-4,4.788303963e-01,main,true,fall,222
ml_samples/N4_sw0.15_x-4_i0040.h5,4,1.500000000e-01,-4,4.788303963e-01,main,true,fall,236
ml_samples/N4_sw0.15_x-4_i0041.h5,4,1.500000000e-01,-4,4.788303963e-01,main,true,fall,172
ml_samples/N4_sw0.15_x-4_i0042.h5,4,1.500000000e-01,-4,4.788303963e-01,main,true,fall,666
ml_samples/N4_sw0.15_x-4_i0043.h5,4,1.500000000e-01,-4,4.788303963e-01,main,true,fall,112
ml_samples/N4_sw0.15_x-4_i0044.h5,4,1.500000000e-01,-4,4.788303963e-01,main,true,fall,132
ml_samples/N4_sw0.15_x-4_i0045.h5,4,1.500000000e-01,-4,4.788303963e-01,main,true,fall,210
ml_samples/N4_sw0.15_x-4_i0046.h5,4,1.500000000e-01,-4,4.788303963e-01,main,true,fall,109
ml_samples/N4_sw0.15_x-4_i0047.h5,4,1.500000000e-01,-4,4.788303963e-01,main,true,fall,135
ml_samples/N4_sw0.15_x-4_i0048.h5,4,1.500000000e-01,-4,4.788303963e-01,main,true,fall,274
ml_samples/N4_sw0.15_x-4_i0049.h5,4,1.500000000e-01,-4,4.788303963e-01,main,true,fall,181
ml_samples/N4_sw0.15_x-4_i0050.h5,4,1.500000000e-01,-4,4.788303963e-01,main,true,fall,192
ml_samples/N4_sw0.15_x-4_i0051.h5,4,1.500000000e-01,-4,4.788303963e-01,main,true,fall,147
ml_samples/N4_sw0.15_x-4_i0052.h5,4,1.500000000e-01,-4,4.788303963e-01,main,true,fall,308
ml_samples/N4_sw0.15_x-4_i0053.h5,4,1.500000000e-01,-4,4.788303963e-01,main,true,fall,154
ml_samples/N4_sw0.15_x-4_i0054.h5,4,1.500000000e-01,-4,4.788303963e-01,main,true,fall,547
ml_samples/N4_sw0.15_x-4_i0055.h5,4,1.500000000e-01,-4,4.788303963e-01,main,true,fall,158
ml_samples/N4_sw0.15_x-4_i0056.h5,4,1.500000000e-01,-4,4.788303963e-01,main,true,fall,115
ml_samples/N4_sw0.15_x-4_i0057.h5,4,1.500000000e-01,-4,4.788303963e-01,main,true,fall,191
ml_samples/N4_sw0.15_x-4_i0058.h5,4,1.500000000e-01,-4,4.788303963e-01,main,true,fall,101
ml_samples/N4_sw0.15_x-4_i0059.h5,4,1.500000000e-01,-4,4.788303963e-01,main,true,fall,227
ml_samples/N4_sw0.15_x-4_i0060.h5,4,1.500000000e-01,-4,4.788303963e-01,main,true,fall,167
ml_samples/N4_sw0.15_x-4_i0061.h5,4,1.500000000e-01,-4,4.788303963e-01,main,true,fall,197
ml_samples/N4_sw0.15_x-4_i0062.h5,4,1.500000000e-01,-4,4.788303963e-01,main,true,fall,181
ml_samples/N4_sw0.15_x-4_i0063.h5,4,1.500000000e-01,-4,4.788303963e-01,main,true,fall,188
ml_samples/N4_sw0.15_x-4_i0064.h5,4,1.500000000e-01,-4,4.788303963e-01,main,true,fall,253
ml_samples/N4_sw0.15_x-4_i0065.h5,4,1.500000000e-01,-4,4.788303963e-01,main,true,fall,170
ml_samples/N4_sw0.15_x-4_i0066.h5,4,1.500000000e-01,-4,4.788303963e-01,main,true,fall,137
ml_samples/N4_sw0.15_x-4_i0067.h5,4,1.500000000e-01,-4,4.788303963e-01,main,true,fall,112
ml_samples/N4_sw0.15_x-4_i0068.h5,4,1.500000000e-01,-4,4.788303963e-01,main,true,fall,189
ml_samples/N4_sw0.15_x-4_i0069.h5,4,1.500000000e-01,-4,4.788303963e-01,main,true,fall,151
ml_samples/N4_sw0.15_x-4_i0070.h5,4,1.500000000e-01,-4,4.788303963e-01,main,true,fall,163
ml_samples/N4_sw0.15_x-4_i0071.h5,4,1.500000000e-01,-4,4.788303963e-01,main,true,fall,154
ml_samples/N4_sw0.15_x-4_i0072.h5,4,1.500000000e-01,-4,4.788303963e-01,main,true,fall,141
ml_samples/N4_sw0.15_x-4_i0073.h5,4,1.500000000e-01,-4,4.788303963e-01,main,true,fall,195
ml_samples/N4_sw0.15_x-4_i0074.h5,4,1.500000000e-01,-4,4.788303963e-01,main,true,fall,117
ml_samples/N4_sw0.15_x-4_i0075.h5,4,1.500000000e-01,-4,4.788303963e-01,main,true,fall,242
ml_samples/N4_sw0.15_x-4_i0076.h5,4,1.500000000e-01,-4,4.788303963e-01,main,true,fall,407
ml_samples/N4_sw0.15_x-4_i0077.h5,4,1.500000000e-01,-4,4.788303963e-01,main,true,fall,181
ml_samples/N4_sw0.15_x-4_i0078.h5,4,1.500000000e-01,-4,4.788303963e-01,main,true,fall,673
ml_samples/N4_sw0.15_x-4_i0079.h5,4,1.500000000e-01,-4,4.788303963e-01,main,true,fall,234
ml_samples/N4_sw0.15_x-4_i0080.h5,4,1.500000000e-01,-4,4.788303963e-01,main,true,fall,244
ml_samples/N4_sw0.15_x-4_i0081.h5,4,1.500000000e-01,-4,4.788303963e-01,main,true,fall,127
ml_samples/N4_sw0.15_x-4_i0082.h5,4,1.500000000e-01,-4,4.788303963e-01,main,true,fall,172
ml_samples/N4_sw0.15_x-4_i0083.h5,4,1.500000000e-01,-4,4.788303963e-01,main,true,fall,149
ml_samples/N4_sw0.15_x-4_i0084.h5,4,1.500000000e-01,-4,4.788303963e-01,main,true,fall,168
ml_samples/N4_sw0.15_x-4_i0085.h5,4,1.500000000e-01,-4,4.788303963e-01,main,true,fall,148
ml_samples/N4_sw0.15_x-4_i0086.h5,4,1.500000000e-01,-4,4.788303963e-01,main,true,fall,247
ml_samples/N4_sw0.15_x-4_i0087.h5,4,1.500000000e-01,-4,4.788303963e-01,main,true,fall,273
ml_samples/N4_sw0.15_x-4_i0088.h5,4,1.500000000e-01,-4,4.788303963e-01,main,true,fall,177
ml_samples/N4_sw0.15_x-4_i0089.h5,4,1.500000000e-01,-4,4.788303963e-01,main,true,fall,137
ml_samples/N4_sw0.15_x-4_i0090.h5,4,1.500000000e-01,-4,4.788303963e-01,main,true,fall,131
ml_samples/N4_sw0.15_x-4_i0091.h5,4,1.500000000e-01,-4,4.788303963e-01,main,true,fall,197
ml_samples/N4_sw0.15_x-4_i0092.h5,4,1.500000000e-01,-4,4.788303963e-01,main,true,fall,267
ml_samples/N4_sw0.15_x-4_i0093.h5,4,1.500000000e-01,-4,4.788303963e-01,main,true,fall,250
ml_samples/N4_sw0.15_x-4_i0094.h5,4,1.500000000e-01,-4,4.788303963e-01,main,true,fall,173
ml_samples/N4_sw0.15_x-4_i0095.h5,4,1.500000000e-01,-4,4.788303963e-01,main,true,fall,192
ml_samples/N4_sw0.15_x-4_i0096.h5,4,1.500000000e-01,-4,4.788303963e-01,main,true,fall,158
ml_samples/N4_sw0.15_x-4_i0097.h5,4,1.500000000e-01,-4,4.788303963e-01,main,true,fall,141
ml_samples/N4_sw0.15_x-4_i0098.h5,4,1.500000000e-01,-4,4.788303963e-01,main,true,fall,250
ml_samples/N4_sw0.15_x-4_i0099.h5,4,1.500000000e-01,-4,4.788303963e-01,main,true,fall,182
ml_samples/N4_sw0.15_x-2_i0000.h5,4,1.500000000e-01,-2,7.394151982e-01,main,true,fall,219
ml_samples/N4_sw0.15_x-2_i0001.h5,4,1.500000000e-01,-2,7.394151982e-01,main,true,fall,197
ml_samples/N4_sw0.15_x-2_i0002.h5,4,1.500000000e-01,-2,7.394151982e-01,main,true,fall,385
ml_samples/N4_sw0.15_x-2_i0003.h5,4,1.500000000e-01,-2,7.394151982e-01,main,true,fall,536
ml_samples/N4_sw0.15_x-2_i0004.h5,4,1.500000000e-01,-2,7.394151982e-01,main,true,fall,369
ml_samples/N4_sw0.15_x-2_i0005.h5,4,1.500000000e-01,-2,7.394151982e-01,main,true,fall,171
ml_samples/N4_sw0.15_x-2_i0006.h5,4,1.500000000e-01,-2,7.394151982e-01,main,true,fall,1180
ml_samples/N4_sw0.15_x-2_i0007.h5,4,1.500000000e-01,-2,7.394151982e-01,main,true,fall,475
ml_samples/N4_sw0.15_x-2_i0008.h5,4,1.500000000e-01,-2,7.394151982e-01,main,true,fall,288
ml_samples/N4_sw0.15_x-2_i0009.h5,4,1.500000000e-01,-2,7.394151982e-01,main,true,fall,304
ml_samples/N4_sw0.15_x-2_i0010.h5,4,1.500000000e-01,-2,7.394151982e-01,main,true,fall,313
ml_samples/N4_sw0.15_x-2_i0011.h5,4,1.500000000e-01,-2,7.394151982e-01,main,true,fall,253
ml_samples/N4_sw0.15_x-2_i0012.h5,4,1.500000000e-01,-2,7.394151982e-01,main,true,fall,131
ml_samples/N4_sw0.15_x-2_i0013.h5,4,1.500000000e-01,-2,7.394151982e-01,main,true,fall,114
ml_samples/N4_sw0.15_x-2_i0014.h5,4,1.500000000e-01,-2,7.394151982e-01,main,true,fall,504
ml_samples/N4_sw0.15_x-2_i0015.h5,4,1.500000000e-01,-2,7.394151982e-01,main,true,fall,723
ml_samples/N4_sw0.15_x-2_i0016.h5,4,1.500000000e-01,-2,7.394151982e-01,main,true,fall,352
ml_samples/N4_sw0.15_x-2_i0017.h5,4,1.500000000e-01,-2,7.394151982e-01,main,true,fall,324
ml_samples/N4_sw0.15_x-2_i0018.h5,4,1.500000000e-01,-2,7.394151982e-01,main,true,fall,145
ml_samples/N4_sw0.15_x-2_i0019.h5,4,1.500000000e-01,-2,7.394151982e-01,main,true,fall,196
ml_samples/N4_sw0.15_x-2_i0020.h5,4,1.500000000e-01,-2,7.394151982e-01,main,true,fall,169
ml_samples/N4_sw0.15_x-2_i0021.h5,4,1.500000000e-01,-2,7.394151982e-01,main,true,fall,213
ml_samples/N4_sw0.15_x-2_i0022.h5,4,1.500000000e-01,-2,7.394151982e-01,main,true,fall,699
ml_samples/N4_sw0.15_x-2_i0023.h5,4,1.500000000e-01,-2,7.394151982e-01,main,true,fall,467
ml_samples/N4_sw0.15_x-2_i0024.h5,4,1.500000000e-01,-2,7.394151982e-01,main,true,fall,360
ml_samples/N4_sw0.15_x-2_i0025.h5,4,1.500000000e-01,-2,7.394151982e-01,main,true,fall,191
ml_samples/N4_sw0.15_x-2_i0026.h5,4,1.500000000e-01,-2,7.394151982e-01,main,true,fall,622
ml_samples/N4_sw0.15_x-2_i0027.h5,4,1.500000000e-01,-2,7.394151982e-01,main,true,fall,332
ml_samples/N4_sw0.15_x-2_i0028.h5,4,1.500000000e-01,-2,7.394151982e-01,main,true,fall,232
ml_samples/N4_sw0.15_x-2_i0029.h5,4,1.500000000e-01,-2,7.394151982e-01,main,true,fall,472
ml_samples/N4_sw0.15_x-2_i0030.h5,4,1.500000000e-01,-2,7.394151982e-01,main,true,fall,565
ml_samples/N4_sw0.15_x-2_i0031.h5,4,1.500000000e-01,-2,7.394151982e-01,main,true,fall,757
ml_samples/N4_sw0.15_x-2_i0032.h5,4,1.500000000e-01,-2,7.394151982e-01,main,true,fall,189
ml_samples/N4_sw0.15_x-2_i0033.h5,4,1.500000000e-01,-2,7.394151982e-01,main,true,fall,409
ml_samples/N4_sw0.15_x-2_i0034.h5,4,1.500000000e-01,-2,7.394151982e-01,main,true,fall,171
ml_samples/N4_sw0.15_x-2_i0035.h5,4,1.500000000e-01,-2,7.394151982e-01,main,true,fall,1144
ml_samples/N4_sw0.15_x-2_i0036.h5,4,1.500000000e-01,-2,7.394151982e-01,main,true,fall,389
ml_samples/N4_sw0.15_x-2_i0037.h5,4,1.500000000e-01,-2,7.394151982e-01,main,true,fall,260
ml_samples/N4_sw0.15_x-2_i0038.h5,4,1.500000000e-01,-2,7.394151982e-01,main,true,fall,972
ml_samples/N4_sw0.15_x-2_i0039.h5,4,1.500000000e-01,-2,7.394151982e-01,main,true,fall,172
ml_samples/N4_sw0.15_x-2_i0040.h5,4,1.500000000e-01,-2,7.394151982e-01,main,true,fall,291
ml_samples/N4_sw0.15_x-2_i0041.h5,4,1.500000000e-01,-2,7.394151982e-01,main,true,fall,168
ml_samples/N4_sw0.15_x-2_i0042.h5,4,1.500000000e-01,-2,7.394151982e-01,main,true,fall,193
ml_samples/N4_sw0.15_x-2_i0043.h5,4,1.500000000e-01,-2,7.394151982e-01,main,true,fall,986
ml_samples/N4_sw0.15_x-2_i0044.h5,4,1.500000000e-01,-2,7.394151982e-01,main,true,fall,382
ml_samples/N4_sw0.15_x-2_i0045.h5,4,1.500000000e-01,-2,7.394151982e-01,main,true,fall,423
ml_samples/N4_sw0.15_x-2_i0046.h5,4,1.500000000e-01,-2,7.394151982e-01,main,true,fall,188
ml_samples/N4_sw0.15_x-2_i0047.h5,4,1.500000000e-01,-2,7.394151982e-01,main,true,fall,533
ml_samples/N4_sw0.15_x-2_i0048.h5,4,1.500000000e-01,-2,7.394151982e-01,main,true,fall,187
ml_samples/N4_sw0.15_x-2_i0049.h5,4,1.500000000e-01,-2,7.394151982e-01,main,true,fall,913
ml_samples/N4_sw0.15_x-2_i0050.h5,4,1.500000000e-01,-2,7.394151982e-01,main,true,fall,385
ml_samples/N4_sw0.15_x-2_i0051.h5,4,1.500000000e-01,-2,7.394151982e-01,main,true,fall,301
ml_samples/N4_sw0.15_x-2_i0052.h5,4,1.500000000e-01,-2,7.394151982e-01,main,true,fall,214
ml_samples/N4_sw0.15_x-2_i0053.h5,4,1.500000000e-01,-2,7.394151982e-01,main,true,fall,594
ml_samples/N4_sw0.15_x-2_i0054.h5,4,1.500000000e-01,-2,7.394151982e-01,main,true,fall,1489
ml_samples/N4_sw0.15_x-2_i0055.h5,4,1.500000000e-01,-2,7.394151982e-01,main,true,fall,236
ml_samples/N4_sw0.15_x-2_i0056.h5,4,1.500000000e-01,-2,7.394151982e-01,main,true,fall,553
ml_samples/N4_sw0.15_x-2_i0057.h5,4,1.500000000e-01,-2,7.394151982e-01,main,true,fall,1251
ml_samples/N4_sw0.15_x-2_i0058.h5,4,1.500000000e-01,-2,7.394151982e-01,main,true,fall,342
ml_samples/N4_sw0.15_x-2_i0059.h5,4,1.500000000e-01,-2,7.394151982e-01,main,true,fall,428
ml_samples/N4_sw0.15_x-2_i0060.h5,4,1.500000000e-01,-2,7.394151982e-01,main,true,fall,403
ml_samples/N4_sw0.15_x-2_i0061.h5,4,1.500000000e-01,-2,7.394151982e-01,main,true,fall,463
ml_samples/N4_sw0.15_x-2_i0062.h5,4,1.500000000e-01,-2,7.394151982e-01,main,true,fall,479
ml_samples/N4_sw0.15_x-2_i0063.h5,4,1.500000000e-01,-2,7.394151982e-01,main,true,fall,630
ml_samples/N4_sw0.15_x-2_i0064.h5,4,1.500000000e-01,-2,7.394151982e-01,main,true,fall,599
ml_samples/N4_sw0.15_x-2_i0065.h5,4,1.500000000e-01,-2,7.394151982e-01,main,true,fall,325
ml_samples/N4_sw0.15_x-2_i0066.h5,4,1.500000000e-01,-2,7.394151982e-01,main,true,fall,1150
ml_samples/N4_sw0.15_x-2_i0067.h5,4,1.500000000e-01,-2,7.394151982e-01,main,true,fall,1137
ml_samples/N4_sw0.15_x-2_i0068.h5,4,1.500000000e-01,-2,7.394151982e-01,main,true,fall,182
ml_samples/N4_sw0.15_x-2_i0069.h5,4,1.500000000e-01,-2,7.394151982e-01,main,true,fall,941
ml_samples/N4_sw0.15_x-2_i0070.h5,4,1.500000000e-01,-2,7.394151982e-01,main,true,fall,573
ml_samples/N4_sw0.15_x-2_i0071.h5,4,1.500000000e-01,-2,7.394151982e-01,main,true,fall,188
ml_samples/N4_sw0.15_x-2_i0072.h5,4,1.500000000e-01,-2,7.394151982e-01,main,true,fall,136
ml_samples/N4_sw0.15_x-2_i0073.h5,4,1.500000000e-01,-2,7.394151982e-01,main,true,fall,199
ml_samples/N4_sw0.15_x-2_i0074.h5,4,1.500000000e-01,-2,7.394151982e-01,main,true,fall,1563
ml_samples/N4_sw0.15_x-2_i0075.h5,4,1.500000000e-01,-2,7.394151982e-01,main,true,fall,176
ml_samples/N4_sw0.15_x-2_i0076.h5,4,1.500000000e-01,-2,7.394151982e-01,main,true,fall,243
ml_samples/N4_sw0.15_x-2_i0077.h5,4,1.500000000e-01,-2,7.394151982e-01,main,true,fall,323
ml_samples/N4_sw0.15_x-2_i0078.h5,4,1.500000000e-01,-2,7.394151982e-01,main,true,fall,135
ml_samples/N4_sw0.15_x-2_i0079.h5,4,1.500000000e-01,-2,7.394151982e-01,main,true,fall,872
ml_samples/N4_sw0.15_x-2_i0080.h5,4,1.500000000e-01,-2,7.394151982e-01,main,true,fall,206
ml_samples/N4_sw0.15_x-2_i0081.h5,4,1.500000000e-01,-2,7.394151982e-01,main,true,fall,744
ml_samples/N4_sw0.15_x-2_i0082.h5,4,1.500000000e-01,-2,7.394151982e-01,main,true,fall,214
ml_samples/N4_sw0.15_x-2_i0083.h5,4,1.500000000e-01,-2,7.394151982e-01,main,true,fall,869
ml_samples/N4_sw0.15_x-2_i0084.h5,4,1.500000000e-01,-2,7.394151982e-01,main,true,fall,242
ml_samples/N4_sw0.15_x-2_i0085.h5,4,1.500000000e-01,-2,7.394151982e-01,main,true,fall,187
ml_samples/N4_sw0.15_x-2_i0086.h5,4,1.500000000e-01,-2,7.394151982e-01,main,true,fall,263
ml_samples/N4_sw0.15_x-2_i0087.h5,4,1.500000000e-01,-2,7.394151982e-01,main,true,fall,538
ml_samples/N4_sw0.15_x-2_i0088.h5,4,1.500000000e-01,-2,7.394151982e-01,main,true,fall,423
ml_samples/N4_sw0.15_x-2_i0089.h5,4,1.500000000e-01,-2,7.394151982e-01,main,true,fall,813
ml_samples/N4_sw0.15_x-2_i0090.h5,4,1.500000000e-01,-2,7.394151982e-01,main,true,fall,706
ml_samples/N4_sw0.15_x-2_i0091.h5,4,1.500000000e-01,-2,7.394151982e-01,main,true,fall,435
ml_samples/N4_sw0.15_x-2_i0092.h5,4,1.500000000e-01,-2,7.394151982e-01,main,true,fall,126
ml_samples/N4_sw0.15_x-2_i0093.h5,4,1.500000000e-01,-2,7.394151982e-01,main,true,fall,1785
ml_samples/N4_sw0.15_x-2_i0094.h5,4,1.500000000e-01,-2,7.394151982e-01,main,true,fall,709
ml_samples/N4_sw0.15_x-2_i0095.h5,4,1.500000000e-01,-2,7.394151982e-01,main,true,fall,167
ml_samples/N4_sw0.15_x-2_i0096.h5,4,1.500000000e-01,-2,7.394151982e-01,main,true,fall,802
ml_samples/N4_sw0.15_x-2_i0097.h5,4,1.500000000e-01,-2,7.394151982e-01,main,true,fall,1416
ml_samples/N4_sw0.15_x-2_i0098.h5,4,1.500000000e-01,-2,7.394151982e-01,main,true,fall,316
ml_samples/N4_sw0.15_x-2_i0099.h5,4,1.500000000e-01,-2,7.394151982e-01,main,true,fall,1538
ml_samples/N4_sw0.15_x-1_i0000.h5,4,1.500000000e-01,-1,8.697075991e-01,main,true,fall,793
ml_samples/N4_sw0.15_x-1_i0001.h5,4,1.500000000e-01,-1,8.697075991e-01,main,true,fall,413
ml_samples/N4_sw0.15_x-1_i0002.h5,4,1.500000000e-01,-1,8.697075991e-01,main,true,fall,592
ml_samples/N4_sw0.15_x-1_i0003.h5,4,1.500000000e-01,-1,8.697075991e-01,main,true,fall,256
ml_samples/N4_sw0.15_x-1_i0004.h5,4,1.500000000e-01,-1,8.697075991e-01,main,true,fall,3186
ml_samples/N4_sw0.15_x-1_i0005.h5,4,1.500000000e-01,-1,8.697075991e-01,main,true,fall,228
ml_samples/N4_sw0.15_x-1_i0006.h5,4,1.500000000e-01,-1,8.697075991e-01,main,true,fall,325
ml_samples/N4_sw0.15_x-1_i0007.h5,4,1.500000000e-01,-1,8.697075991e-01,main,true,fall,483
ml_samples/N4_sw0.15_x-1_i0008.h5,4,1.500000000e-01,-1,8.697075991e-01,main,true,fall,467
ml_samples/N4_sw0.15_x-1_i0009.h5,4,1.500000000e-01,-1,8.697075991e-01,main,true,fall,237
ml_samples/N4_sw0.15_x-1_i0010.h5,4,1.500000000e-01,-1,8.697075991e-01,main,true,fall,2594
ml_samples/N4_sw0.15_x-1_i0011.h5,4,1.500000000e-01,-1,8.697075991e-01,main,true,fall,533
ml_samples/N4_sw0.15_x-1_i0012.h5,4,1.500000000e-01,-1,8.697075991e-01,main,true,fall,315
ml_samples/N4_sw0.15_x-1_i0013.h5,4,1.500000000e-01,-1,8.697075991e-01,main,true,fall,1101
ml_samples/N4_sw0.15_x-1_i0014.h5,4,1.500000000e-01,-1,8.697075991e-01,main,true,fall,1270
ml_samples/N4_sw0.15_x-1_i0015.h5,4,1.500000000e-01,-1,8.697075991e-01,main,true,fall,272
ml_samples/N4_sw0.15_x-1_i0016.h5,4,1.500000000e-01,-1,8.697075991e-01,main,true,fall,204
ml_samples/N4_sw0.15_x-1_i0017.h5,4,1.500000000e-01,-1,8.697075991e-01,main,true,fall,617
ml_samples/N4_sw0.15_x-1_i0018.h5,4,1.500000000e-01,-1,8.697075991e-01,main,true,fall,4516
ml_samples/N4_sw0.15_x-1_i0019.h5,4,1.500000000e-01,-1,8.697075991e-01,main,true,fall,481
ml_samples/N4_sw0.15_x-1_i0020.h5,4,1.500000000e-01,-1,8.697075991e-01,main,true,fall,387
ml_samples/N4_sw0.15_x-1_i0021.h5,4,1.500000000e-01,-1,8.697075991e-01,main,true,fall,646
ml_samples/N4_sw0.15_x-1_i0022.h5,4,1.500000000e-01,-1,8.697075991e-01,main,true,fall,236
ml_samples/N4_sw0.15_x-1_i0023.h5,4,1.500000000e-01,-1,8.697075991e-01,main,true,fall,265
ml_samples/N4_sw0.15_x-1_i0024.h5,4,1.500000000e-01,-1,8.697075991e-01,main,true,fall,196
ml_samples/N4_sw0.15_x-1_i0025.h5,4,1.500000000e-01,-1,8.697075991e-01,main,true,fall,436
ml_samples/N4_sw0.15_x-1_i0026.h5,4,1.500000000e-01,-1,8.697075991e-01,main,true,fall,282
ml_samples/N4_sw0.15_x-1_i0027.h5,4,1.500000000e-01,-1,8.697075991e-01,main,true,fall,1183
ml_samples/N4_sw0.15_x-1_i0028.h5,4,1.500000000e-01,-1,8.697075991e-01,main,true,fall,205
ml_samples/N4_sw0.15_x-1_i0029.h5,4,1.500000000e-01,-1,8.697075991e-01,main,true,fall,477
ml_samples/N4_sw0.15_x-1_i0030.h5,4,1.500000000e-01,-1,8.697075991e-01,main,true,fall,287
ml_samples/N4_sw0.15_x-1_i0031.h5,4,1.500000000e-01,-1,8.697075991e-01,main,true,fall,351
ml_samples/N4_sw0.15_x-1_i0032.h5,4,1.500000000e-01,-1,8.697075991e-01,main,true,fall,788
ml_samples/N4_sw0.15_x-1_i0033.h5,4,1.500000000e-01,-1,8.697075991e-01,main,true,fall,4709
ml_samples/N4_sw0.15_x-1_i0034.h5,4,1.500000000e-01,-1,8.697075991e-01,main,true,fall,725
ml_samples/N4_sw0.15_x-1_i0035.h5,4,1.500000000e-01,-1,8.697075991e-01,main,true,fall,342
ml_samples/N4_sw0.15_x-1_i0036.h5,4,1.500000000e-01,-1,8.697075991e-01,main,true,rise,1825
ml_samples/N4_sw0.15_x-1_i0037.h5,4,1.500000000e-01,-1,8.697075991e-01,main,true,fall,234
ml_samples/N4_sw0.15_x-1_i0038.h5,4,1.500000000e-01,-1,8.697075991e-01,main,true,fall,257
ml_samples/N4_sw0.15_x-1_i0039.h5,4,1.500000000e-01,-1,8.697075991e-01,main,true,fall,207
ml_samples/N4_sw0.15_x-1_i0040.h5,4,1.500000000e-01,-1,8.697075991e-01,main,true,fall,200
ml_samples/N4_sw0.15_x-1_i0041.h5,4,1.500000000e-01,-1,8.697075991e-01,main,true,fall,281
ml_samples/N4_sw0.15_x-1_i0042.h5,4,1.500000000e-01,-1,8.697075991e-01,main,true,fall,295
ml_samples/N4_sw0.15_x-1_i0043.h5,4,1.500000000e-01,-1,8.697075991e-01,main,true,fall,912
ml_samples/N4_sw0.15_x-1_i0044.h5,4,1.500000000e-01,-1,8.697075991e-01,main,true,fall,309
ml_samples/N4_sw0.15_x-1_i0045.h5,4,1.500000000e-01,-1,8.697075991e-01,main,true,fall,3680
ml_samples/N4_sw0.15_x-1_i0046.h5,4,1.500000000e-01,-1,8.697075991e-01,main,true,rise,1163
ml_samples/N4_sw0.15_x-1_i0047.h5,4,1.500000000e-01,-1,8.697075991e-01,main,true,fall,688
ml_samples/N4_sw0.15_x-1_i0048.h5,4,1.500000000e-01,-1,8.697075991e-01,main,true,rise,1215
ml_samples/N4_sw0.15_x-1_i0049.h5,4,1.500000000e-01,-1,8.697075991e-01,main,true,fall,551
ml_samples/N4_sw0.15_x-1_i0050.h5,4,1.500000000e-01,-1,8.697075991e-01,main,true,fall,294
ml_samples/N4_sw0.15_x-1_i0051.h5,4,1.500000000e-01,-1,8.697075991e-01,main,true,fall,3043
ml_samples/N4_sw0.15_x-1_i0052.h5,4,1.500000000e-01,-1,8.697075991e-01,main,true,fall,479
ml_samples/N4_sw0.15_x-1_i0053.h5,4,1.500000000e-01,-1,8.697075991e-01,main,true,fall,1119
ml_samples/N4_sw0.15_x-1_i0054.h5,4,1.500000000e-01,-1,8.697075991e-01,main,true,fall,1966
ml_samples/N4_sw0.15_x-1_i0055.h5,4,1.500000000e-01,-1,8.697075991e-01,main,true,fall,3154
ml_samples/N4_sw0.15_x-1_i0056.h5,4,1.500000000e-01,-1,8.697075991e-01,main,true,fall,181
ml_samples/N4_sw0.15_x-1_i0057.h5,4,1.500000000e-01,-1,8.697075991e-01,main,true,fall,398
ml_samples/N4_sw0.15_x-1_i0058.h5,4,1.500000000e-01,-1,8.697075991e-01,main,true,fall,2900
ml_samples/N4_sw0.15_x-1_i0059.h5,4,1.500000000e-01,-1,8.697075991e-01,main,true,fall,225
ml_samples/N4_sw0.15_x-1_i0060.h5,4,1.500000000e-01,-1,8.697075991e-01,main,true,fall,3318
ml_samples/N4_sw0.15_x-1_i0061.h5,4,1.500000000e-01,-1,8.697075991e-01,main,true,fall,1058
ml_samples/N4_sw0.15_x-1_i0062.h5,4,1.500000000e-01,-1,8.697075991e-01,main,true,fall,1438
ml_samples/N4_sw0.15_x-1_i0063.h5,4,1.500000000e-01,-1,8.697075991e-01,main,true,fall,176
ml_samples/N4_sw0.15_x-1_i0064.h5,4,1.500000000e-01,-1,8.697075991e-01,main,true,fall,216
ml_samples/N4_sw0.15_x-1_i0065.h5,4,1.500000000e-01,-1,8.697075991e-01,main,true,fall,2754
ml_samples/N4_sw0.15_x-1_i0066.h5,4,1.500000000e-01,-1,8.697075991e-01,main,true,rise,3720
ml_samples/N4_sw0.15_x-1_i0067.h5,4,1.500000000e-01,-1,8.697075991e-01,main,true,fall,202
ml_samples/N4_sw0.15_x-1_i0068.h5,4,1.500000000e-01,-1,8.697075991e-01,main,true,fall,658
ml_samples/N4_sw0.15_x-1_i0069.h5,4,1.500000000e-01,-1,8.697075991e-01,main,true,fall,990
ml_samples/N4_sw0.15_x-1_i0070.h5,4,1.500000000e-01,-1,8.697075991e-01,main,true,rise,1245
ml_samples/N4_sw0.15_x-1_i0071.h5,4,1.500000000e-01,-1,8.697075991e-01,main,true,fall,833
ml_samples/N4_sw0.15_x-1_i0072.h5,4,1.500000000e-01,-1,8.697075991e-01,main,true,rise,931
ml_samples/N4_sw0.15_x-1_i0073.h5,4,1.500000000e-01,-1,8.697075991e-01,main,true,fall,1987
ml_samples/N4_sw0.15_x-1_i0074.h5,4,1.500000000e-01,-1,8.697075991e-01,main,true,rise,2559
ml_samples/N4_sw0.15_x-1_i0075.h5,4,1.500000000e-01,-1,8.697075991e-01,main,true,fall,196
ml_samples/N4_sw0.15_x-1_i0076.h5,4,1.500000000e-01,-1,8.697075991e-01,main,true,fall,2918
ml_samples/N4_sw0.15_x-1_i0077.h5,4,1.500000000e-01,-1,8.697075991e-01,main,true,fall,434
ml_samples/N4_sw0.15_x-1_i0078.h5,4,1.500000000e-01,-1,8.697075991e-01,main,true,fall,334
ml_samples/N4_sw0.15_x-1_i0079.h5,4,1.500000000e-01,-1,8.697075991e-01,main,true,fall,646
ml_samples/N4_sw0.15_x-1_i0080.h5,4,1.500000000e-01,-1,8.697075991e-01,main,true,fall,1876
ml_samples/N4_sw0.15_x-1_i0081.h5,4,1.500000000e-01,-1,8.697075991e-01,main,true,fall,3746
ml_samples/N4_sw0.15_x-1_i0082.h5,4,1.500000000e-01,-1,8.697075991e-01,main,true,fall,1562
ml_samples/N4_sw0.15_x-1_i0083.h5,4,1.500000000e-01,-1,8.697075991e-01,main,true,fall,219
ml_samples/N4_sw0.15_x-1_i0084.h5,4,1.500000000e-01,-1,8.697075991e-01,main,true,fall,698
ml_samples/N4_sw0.15_x-1_i0085.h5,4,1.500000000e-01,-1,8.697075991e-01,main,true,fall,298
ml_samples/N4_sw0.15_x-1_i0086.h5,4,1.500000000e-01,-1,8.697075991e-01,main,true,rise,1827
ml_samples/N4_sw0.15_x-1_i0087.h5,4,1.500000000e-01,-1,8.697075991e-01,main,true,fall,1631
ml_samples/N4_sw0.15_x-1_i0088.h5,4,1.500000000e-01,-1,8.697075991e-01,main,true,fall,584
ml_samples/N4_sw0.15_x-1_i0089.h5,4,1.500000000e-01,-1,8.697075991e-01,main,true,fall,2054
ml_samples/N4_sw0.15_x-1_i0090.h5,4,1.500000000e-01,-1,8.697075991e-01,main,true,fall,823
ml_samples/N4_sw0.15_x-1_i0091.h5,4,1.500000000e-01,-1,8.697075991e-01,main,true,fall,1487
ml_samples/N4_sw0.15_x-1_i0092.h5,4,1.500000000e-01,-1,8.697075991e-01,main,true,fall,2359
ml_samples/N4_sw0.15_x-1_i0093.h5,4,1.500000000e-01,-1,8.697075991e-01,main,true,fall,147
ml_samples/N4_sw0.15_x-1_i0094.h5,4,1.500000000e-01,-1,8.697075991e-01,main,true,fall,1922
ml_samples/N4_sw0.15_x-1_i0095.h5,4,1.500000000e-01,-1,8.697075991e-01,main,true,fall,202
ml_samples/N4_sw0.15_x-1_i0096.h5,4,1.500000000e-01,-1,8.697075991e-01,main,true,fall,365
ml_samples/N4_sw0.15_x-1_i0097.h5,4,1.500000000e-01,-1,8.697075991e-01,main,true,rise,2961
ml_samples/N4_sw0.15_x-1_i0098.h5,4,1.500000000e-01,-1,8.697075991e-01,main,true,rise,1009
ml_samples/N4_sw0.15_x-1_i0099.h5,4,1.500000000e-01,-1,8.697075991e-01,main,true,fall,2209
ml_samples/N4_sw0.15_x-1_i0100.h5,4,1.500000000e-01,-1,8.697075991e-01,main,true,fall,1248
ml_samples/N4_sw0.15_x-1_i0101.h5,4,1.500000000e-01,-1,8.697075991e-01,main,true,timeout,6001
ml_samples/N4_sw0.15_x-1_i0102.h5,4,1.500000000e-01,-1,8.697075991e-01,main,true,fall,1701
ml_samples/N4_sw0.15_x-1_i0103.h5,4,1.500000000e-01,-1,8.697075991e-01,main,true,fall,262
ml_samples/N4_sw0.15_x-1_i0104.h5,4,1.500000000e-01,-1,8.697075991e-01,main,true,fall,216
ml_samples/N4_sw0.15_x-1_i0105.h5,4,1.500000000e-01,-1,8.697075991e-01,main,true,fall,303
ml_samples/N4_sw0.15_x-1_i0106.h5,4,1.500000000e-01,-1,8.697075991e-01,main,true,fall,186
ml_samples/N4_sw0.15_x-1_i0107.h5,4,1.500000000e-01,-1,8.697075991e-01,main,true,fall,609
ml_samples/N4_sw0.15_x-1_i0108.h5,4,1.500000000e-01,-1,8.697075991e-01,main,true,fall,892
ml_samples/N4_sw0.15_x-1_i0109.h5,4,1.500000000e-01,-1,8.697075991e-01,main,true,fall,396
ml_samples/N4_sw0.15_x-1_i0110.h5,4,1.500000000e-01,-1,8.697075991e-01,main,true,fall,235
ml_samples/N4_sw0.15_x-1_i0111.h5,4,1.500000000e-01,-1,8.697075991e-01,main,true,fall,408
ml_samples/N4_sw0.15_x-1_i0112.h5,4,1.500000000e-01,-1,8.697075991e-01,main,true,fall,1912
ml_samples/N4_sw0.15_x-1_i0113.h5,4,1.500000000e-01,-1,8.697075991e-01,main,true,fall,146
ml_samples/N4_sw0.15_x-1_i0114.h5,4,1.500000000e-01,-1,8.697075991e-01,main,true,fall,1237
ml_samples/N4_sw0.15_x-1_i0115.h5,4,1.500000000e-01,-1,8.697075991e-01,main,true,fall,2327
ml_samples/N4_sw0.15_x-1_i0116.h5,4,1.500000000e-01,-1,8.697075991e-01,main,true,rise,715
ml_samples/N4_sw0.15_x-1_i0117.h5,4,1.500000000e-01,-1,8.697075991e-01,main,true,fall,1280
ml_samples/N4_sw0.15_x-1_i0118.h5,4,1.500000000e-01,-1,8.697075991e-01,main,true,fall,299
ml_samples/N4_sw0.15_x-1_i0119.h5,4,1.500000000e-01,-1,8.697075991e-01,main,true,fall,377
ml_samples/N4_sw0.15_x-1_i0120.h5,4,1.500000000e-01,-1,8.697075991e-01,main,true,fall,3856
ml_samples/N4_sw0.15_x-1_i0121.h5,4,1.500000000e-01,-1,8.697075991e-01,main,true,fall,448
ml_samples/N4_sw0.15_x-1_i0122.h5,4,1.500000000e-01,-1,8.697075991e-01,main,true,fall,1006
ml_samples/N4_sw0.15_x-1_i0123.h5,4,1.500000000e-01,-1,8.697075991e-01,main,true,fall,126
ml_samples/N4_sw0.15_x-1_i0124.h5,4,1.500000000e-01,-1,8.697075991e-01,main,true,fall,465
ml_samples/N4_sw0.15_x-1_i0125.h5,4,1.500000000e-01,-1,8.697075991e-01,main,true,timeout,6001
ml_samples/N4_sw0.15_x-1_i0126.h5,4,1.500000000e-01,-1,8.697075991e-01,main,true,fall,474
ml_samples/N4_sw0.15_x-1_i0127.h5,4,1.500000000e-01,-1,8.697075991e-01,main,true,rise,2252
ml_samples/N4_sw0.15_x-1_i0128.h5,4,1.500000000e-01,-1,8.697075991e-01,main,true,fall,543
ml_samples/N4_sw0.15_x-1_i0129.h5,4,1.500000000e-01,-1,8.697075991e-01,main,true,fall,1382
ml_samples/N4_sw0.15_x-1_i0130.h5,4,1.500000000e-01,-1,8.697075991e-01,main,true,fall,534
ml_samples/N4_sw0.15_x-1_i0131.h5,4,1.500000000e-01,-1,8.697075991e-01,main,true,fall,2761
ml_samples/N4_sw0.15_x-1_i0132.h5,4,1.500000000e-01,-1,8.697075991e-01,main,true,fall,228
ml_samples/N4_sw0.15_x-1_i0133.h5,4,1.500000000e-01,-1,8.697075991e-01,main,true,fall,4299
ml_samples/N4_sw0.15_x-1_i0134.h5,4,1.500000000e-01,-1,8.697075991e-01,main,true,fall,287
ml_samples/N4_sw0.15_x-1_i0135.h5,4,1.500000000e-01,-1,8.697075991e-01,main,true,fall,419
ml_samples/N4_sw0.15_x-1_i0136.h5,4,1.500000000e-01,-1,8.697075991e-01,main,true,fall,323
ml_samples/N4_sw0.15_x-1_i0137.h5,4,1.500000000e-01,-1,8.697075991e-01,main,true,fall,4722
ml_samples/N4_sw0.15_x-1_i0138.h5,4,1.500000000e-01,-1,8.697075991e-01,main,true,fall,487
ml_samples/N4_sw0.15_x-1_i0139.h5,4,1.500000000e-01,-1,8.697075991e-01,main,true,fall,260
ml_samples/N4_sw0.15_x-1_i0140.h5,4,1.500000000e-01,-1,8.697075991e-01,main,true,fall,212
ml_samples/N4_sw0.15_x-1_i0141.h5,4,1.500000000e-01,-1,8.697075991e-01,main,true,fall,470
ml_samples/N4_sw0.15_x-1_i0142.h5,4,1.500000000e-01,-1,8.697075991e-01,main,true,fall,1458
ml_samples/N4_sw0.15_x-1_i0143.h5,4,1.500000000e-01,-1,8.697075991e-01,main,true,fall,346
ml_samples/N4_sw0.15_x-1_i0144.h5,4,1.500000000e-01,-1,8.697075991e-01,main,true,fall,985
ml_samples/N4_sw0.15_x-1_i0145.h5,4,1.500000000e-01,-1,8.697075991e-01,main,true,fall,235
ml_samples/N4_sw0.15_x-1_i0146.h5,4,1.500000000e-01,-1,8.697075991e-01,main,true,fall,227
ml_samples/N4_sw0.15_x-1_i0147.h5,4,1.500000000e-01,-1,8.697075991e-01,main,true,fall,222
ml_samples/N4_sw0.15_x-1_i0148.h5,4,1.500000000e-01,-1,8.697075991e-01,main,true,fall,264
ml_samples/N4_sw0.15_x-1_i0149.h5,4,1.500000000e-01,-1,8.697075991e-01,main,true,fall,4730
ml_samples/N4_sw0.15_x-1_i0150.h5,4,1.500000000e-01,-1,8.697075991e-01,main,true,fall,2511
ml_samples/N4_sw0.15_x-1_i0151.h5,4,1.500000000e-01,-1,8.697075991e-01,main,true,fall,678
ml_samples/N4_sw0.15_x-1_i0152.h5,4,1.500000000e-01,-1,8.697075991e-01,main,true,fall,211
ml_samples/N4_sw0.15_x-1_i0153.h5,4,1.500000000e-01,-1,8.697075991e-01,main,true,fall,193
ml_samples/N4_sw0.15_x-1_i0154.h5,4,1.500000000e-01,-1,8.697075991e-01,main,true,timeout,6001
ml_samples/N4_sw0.15_x-1_i0155.h5,4,1.500000000e-01,-1,8.697075991e-01,main,true,fall,662
ml_samples/N4_sw0.15_x-1_i0156.h5,4,1.500000000e-01,-1,8.697075991e-01,main,true,fall,273
ml_samples/N4_sw0.15_x-1_i0157.h5,4,1.500000000e-01,-1,8.697075991e-01,main,true,fall,805
ml_samples/N4_sw0.15_x-1_i0158.h5,4,1.500000000e-01,-1,8.697075991e-01,main,true,fall,315
ml_samples/N4_sw0.15_x-1_i0159.h5,4,1.500000000e-01,-1,8.697075991e-01,main,true,fall,299
ml_samples/N4_sw0.15_x-1_i0160.h5,4,1.500000000e-01,-1,8.697075991e-01,main,true,fall,431
ml_samples/N4_sw0.15_x-1_i0161.h5,4,1.500000000e-01,-1,8.697075991e-01,main,true,fall,231
ml_samples/N4_sw0.15_x-1_i0162.h5,4,1.500000000e-01,-1,8.697075991e-01,main,true,fall,509
ml_samples/N4_sw0.15_x-1_i0163.h5,4,1.500000000e-01,-1,8.697075991e-01,main,true,fall,231
ml_samples/N4_sw0.15_x-1_i0164.h5,4,1.500000000e-01,-1,8.697075991e-01,main,true,fall,1036
ml_samples/N4_sw0.15_x-1_i0165.h5,4,1.500000000e-01,-1,8.697075991e-01,main,true,fall,2687
ml_samples/N4_sw0.15_x-1_i0166.h5,4,1.500000000e-01,-1,8.697075991e-01,main,true,fall,3119
ml_samples/N4_sw0.15_x-1_i0167.h5,4,1.500000000e-01,-1,8.697075991e-01,main,true,fall,736
ml_samples/N4_sw0.15_x-1_i0168.h5,4,1.500000000e-01,-1,8.697075991e-01,main,true,fall,300
ml_samples/N4_sw0.15_x-1_i0169.h5,4,1.500000000e-01,-1,8.697075991e-01,main,true,rise,2343
ml_samples/N4_sw0.15_x-1_i0170.h5,4,1.500000000e-01,-1,8.697075991e-01,main,true,fall,268
ml_samples/N4_sw0.15_x-1_i0171.h5,4,1.500000000e-01,-1,8.697075991e-01,main,true,fall,498
ml_samples/N4_sw0.15_x-1_i0172.h5,4,1.500000000e-01,-1,8.697075991e-01,main,true,fall,387
ml_samples/N4_sw0.15_x-1_i0173.h5,4,1.500000000e-01,-1,8.697075991e-01,main,true,fall,210
ml_samples/N4_sw0.15_x-1_i0174.h5,4,1.500000000e-01,-1,8.697075991e-01,main,true,fall,1695
ml_samples/N4_sw0.15_x-1_i0175.h5,4,1.500000000e-01,-1,8.697075991e-01,main,true,fall,490
ml_samples/N4_sw0.15_x-1_i0176.h5,4,1.500000000e-01,-1,8.697075991e-01,main,true,fall,1132
ml_samples/N4_sw0.15_x-1_i0177.h5,4,1.500000000e-01,-1,8.697075991e-01,main,true,fall,314
ml_samples/N4_sw0.15_x-1_i0178.h5,4,1.500000000e-01,-1,8.697075991e-01,main,true,fall,1085
ml_samples/N4_sw0.15_x-1_i0179.h5,4,1.500000000e-01,-1,8.697075991e-01,main,true,fall,289
ml_samples/N4_sw0.15_x-1_i0180.h5,4,1.500000000e-01,-1,8.697075991e-01,main,true,fall,5848
ml_samples/N4_sw0.15_x-1_i0181.h5,4,1.500000000e-01,-1,8.697075991e-01,main,true,rise,770
ml_samples/N4_sw0.15_x-1_i0182.h5,4,1.500000000e-01,-1,8.697075991e-01,main,true,fall,354
ml_samples/N4_sw0.15_x-1_i0183.h5,4,1.500000000e-01,-1,8.697075991e-01,main,true,fall,1644
ml_samples/N4_sw0.15_x-1_i0184.h5,4,1.500000000e-01,-1,8.697075991e-01,main,true,fall,1227
ml_samples/N4_sw0.15_x-1_i0185.h5,4,1.500000000e-01,-1,8.697075991e-01,main,true,fall,1732
ml_samples/N4_sw0.15_x-1_i0186.h5,4,1.500000000e-01,-1,8.697075991e-01,main,true,rise,957
ml_samples/N4_sw0.15_x-1_i0187.h5,4,1.500000000e-01,-1,8.697075991e-01,main,true,fall,346
ml_samples/N4_sw0.15_x-1_i0188.h5,4,1.500000000e-01,-1,8.697075991e-01,main,true,fall,675
ml_samples/N4_sw0.15_x-1_i0189.h5,4,1.500000000e-01,-1,8.697075991e-01,main,true,fall,831
ml_samples/N4_sw0.15_x-1_i0190.h5,4,1.500000000e-01,-1,8.697075991e-01,main,true,fall,335
ml_samples/N4_sw0.15_x-1_i0191.h5,4,1.500000000e-01,-1,8.697075991e-01,main,true,fall,548
ml_samples/N4_sw0.15_x-1_i0192.h5,4,1.500000000e-01,-1,8.697075991e-01,main,true,fall,402
ml_samples/N4_sw0.15_x-1_i0193.h5,4,1.500000000e-01,-1,8.697075991e-01,main,true,fall,2752
ml_samples/N4_sw0.15_x-1_i0194.h5,4,1.500000000e-01,-1,8.697075991e-01,main,true,fall,134
ml_samples/N4_sw0.15_x-1_i0195.h5,4,1.500000000e-01,-1,8.697075991e-01,main,true,fall,373
ml_samples/N4_sw0.15_x-1_i0196.h5,4,1.500000000e-01,-1,8.697075991e-01,main,true,fall,252
ml_samples/N4_sw0.15_x-1_i0197.h5,4,1.500000000e-01,-1,8.697075991e-01,main,true,fall,1826
ml_samples/N4_sw0.15_x-1_i0198.h5,4,1.500000000e-01,-1,8.697075991e-01,main,true,fall,703
ml_samples/N4_sw0.15_x-1_i0199.h5,4,1.500000000e-01,-1,8.697075991e-01,main,true,fall,430
ml_samples/N4_sw0.15_x+0_i0000.h5,4,1.500000000e-01,0,1.000000000e+00,main,true,rise,2033
ml_samples/N4_sw0.15_x+0_i0001.h5,4,1.500000000e-01,0,1.000000000e+00,main,true,fall,697
ml_samples/N4_sw0.15_x+0_i0002.h5,4,1.500000000e-01,0,1.000000000e+00,main,true,fall,191
ml_samples/N4_sw0.15_x+0_i0003.h5,4,1.500000000e-01,0,1.000000000e+00,main,true,rise,1195
ml_samples/N4_sw0.15_x+0_i0004.h5,4,1.500000000e-01,0,1.000000000e+00,main,true,fall,2570
ml_samples/N4_sw0.15_x+0_i0005.h5,4,1.500000000e-01,0,1.000000000e+00,main,true,fall,3737
ml_samples/N4_sw0.15_x+0_i0006.h5,4,1.500000000e-01,0,1.000000000e+00,main,true,fall,1735
ml_samples/N4_sw0.15_x+0_i0007.h5,4,1.500000000e-01,0,1.000000000e+00,main,true,fall,521
ml_samples/N4_sw0.15_x+0_i0008.h5,4,1.500000000e-01,0,1.000000000e+00,main,true,fall,2524
ml_samples/N4_sw0.15_x+0_i0009.h5,4,1.500000000e-01,0,1.000000000e+00,main,true,rise,1074
ml_samples/N4_sw0.15_x+0_i0010.h5,4,1.500000000e-01,0,1.000000000e+00,main,true,fall,353
ml_samples/N4_sw0.15_x+0_i0011.h5,4,1.500000000e-01,0,1.000000000e+00,main,true,rise,1238
ml_samples/N4_sw0.15_x+0_i0012.h5,4,1.500000000e-01,0,1.000000000e+00,main,true,fall,1299
ml_samples/N4_sw0.15_x+0_i0013.h5,4,1.500000000e-01,0,1.000000000e+00,main,true,rise,1741
ml_samples/N4_sw0.15_x+0_i0014.h5,4,1.500000000e-01,0,1.000000000e+00,main,true,fall,636
ml_samples/N4_sw0.15_x+0_i0015.h5,4,1.500000000e-01,0,1.000000000e+00,main,true,fall,523
ml_samples/N4_sw0.15_x+0_i0016.h5,4,1.500000000e-01,0,1.000000000e+00,main,true,fall,897
ml_samples/N4_sw0.15_x+0_i0017.h5,4,1.500000000e-01,0,1.000000000e+00,main,true,rise,803
ml_samples/N4_sw0.15_x+0_i0018.h5,4,1.500000000e-01,0,1.000000000e+00,main,true,fall,873
ml_samples/N4_sw0.15_x+0_i0019.h5,4,1.500000000e-01,0,1.000000000e+00,main,true,fall,568
ml_samples/N4_sw0.15_x+0_i0020.h5,4,1.500000000e-01,0,1.000000000e+00,main,true,rise,2857
ml_samples/N4_sw0.15_x+0_i0021.h5,4,1.500000000e-01,0,1.000000000e+00,main,true,rise,1728
ml_samples/N4_sw0.15_x+0_i0022.h5,4,1.500000000e-01,0,1.000000000e+00,main,true,fall,2423
ml_samples/N4_sw0.15_x+0_i0023.h5,4,1.500000000e-01,0,1.000000000e+00,main,true,fall,137
ml_samples/N4_sw0.15_x+0_i0024.h5,4,1.500000000e-01,0,1.000000000e+00,main,true,rise,3052
ml_samples/N4_sw0.15_x+0_i0025.h5,4,1.500000000e-01,0,1.000000000e+00,main,true,fall,637
ml_samples/N4_sw0.15_x+0_i0026.h5,4,1.500000000e-01,0,1.000000000e+00,main,true,fall,210
ml_samples/N4_sw0.15_x+0_i0027.h5,4,1.500000000e-01,0,1.000000000e+00,main,true,rise,1827
ml_samples/N4_sw0.15_x+0_i0028.h5,4,1.500000000e-01,0,1.000000000e+00,main,true,fall,4220
ml_samples/N4_sw0.15_x+0_i0029.h5,4,1.500000000e-01,0,1.000000000e+00,main,true,fall,2215
ml_samples/N4_sw0.15_x+0_i0030.h5,4,1.500000000e-01,0,1.000000000e+00,main,true,timeout,6001
ml_samples/N4_sw0.15_x+0_i0031.h5,4,1.500000000e-01,0,1.000000000e+00,main,true,rise,1680
ml_samples/N4_sw0.15_x+0_i0032.h5,4,1.500000000e-01,0,1.000000000e+00,main,true,fall,343
ml_samples/N4_sw0.15_x+0_i0033.h5,4,1.500000000e-01,0,1.000000000e+00,main,true,fall,805
ml_samples/N4_sw0.15_x+0_i0034.h5,4,1.500000000e-01,0,1.000000000e+00,main,true,fall,1393
ml_samples/N4_sw0.15_x+0_i0035.h5,4,1.500000000e-01,0,1.000000000e+00,main,true,rise,1213
ml_samples/N4_sw0.15_x+0_i0036.h5,4,1.500000000e-01,0,1.000000000e+00,main,true,fall,2863
ml_samples/N4_sw0.15_x+0_i0037.h5,4,1.500000000e-01,0,1.000000000e+00,main,true,rise,1646
ml_samples/N4_sw0.15_x+0_i0038.h5,4,1.500000000e-01,0,1.000000000e+00,main,true,fall,1642
ml_samples/N4_sw0.15_x+0_i0039.h5,4,1.500000000e-01,0,1.000000000e+00,main,true,rise,1239
ml_samples/N4_sw0.15_x+0_i0040.h5,4,1.500000000e-01,0,1.000000000e+00,main,true,fall,770
ml_samples/N4_sw0.15_x+0_i0041.h5,4,1.500000000e-01,0,1.000000000e+00,main,true,timeout,6001
ml_samples/N4_sw0.15_x+0_i0042.h5,4,1.500000000e-01,0,1.000000000e+00,main,true,fall,489
ml_samples/N4_sw0.15_x+0_i0043.h5,4,1.500000000e-01,0,1.000000000e+00,main,true,fall,1463
ml_samples/N4_sw0.15_x+0_i0044.h5,4,1.500000000e-01,0,1.000000000e+00,main,true,fall,2721
ml_samples/N4_sw0.15_x+0_i0045.h5,4,1.500000000e-01,0,1.000000000e+00,main,true,fall,378
ml_samples/N4_sw0.15_x+0_i0046.h5,4,1.500000000e-01,0,1.000000000e+00,main,true,fall,2076
ml_samples/N4_sw0.15_x+0_i0047.h5,4,1.500000000e-01,0,1.000000000e+00,main,true,rise,616
ml_samples/N4_sw0.15_x+0_i0048.h5,4,1.500000000e-01,0,1.000000000e+00,main,true,fall,1411
ml_samples/N4_sw0.15_x+0_i0049.h5,4,1.500000000e-01,0,1.000000000e+00,main,true,fall,2742
ml_samples/N4_sw0.15_x+0_i0050.h5,4,1.500000000e-01,0,1.000000000e+00,main,true,rise,2835
ml_samples/N4_sw0.15_x+0_i0051.h5,4,1.500000000e-01,0,1.000000000e+00,main,true,fall,457
ml_samples/N4_sw0.15_x+0_i0052.h5,4,1.500000000e-01,0,1.000000000e+00,main,true,timeout,6001
ml_samples/N4_sw0.15_x+0_i0053.h5,4,1.500000000e-01,0,1.000000000e+00,main,true,rise,1084
ml_samples/N4_sw0.15_x+0_i0054.h5,4,1.500000000e-01,0,1.000000000e+00,main,true,fall,547
ml_samples/N4_sw0.15_x+0_i0055.h5,4,1.500000000e-01,0,1.000000000e+00,main,true,fall,385
ml_samples/N4_sw0.15_x+0_i0056.h5,4,1.500000000e-01,0,1.000000000e+00,main,true,fall,2062
ml_samples/N4_sw0.15_x+0_i0057.h5,4,1.500000000e-01,0,1.000000000e+00,main,true,fall,739
ml_samples/N4_sw0.15_x+0_i0058.h5,4,1.500000000e-01,0,1.000000000e+00,main,true,fall,2331
ml_samples/N4_sw0.15_x+0_i0059.h5,4,1.500000000e-01,0,1.000000000e+00,main,true,rise,1992
ml_samples/N4_sw0.15_x+0_i0060.h5,4,1.500000000e-01,0,1.000000000e+00,main,true,rise,5442
ml_samples/N4_sw0.15_x+0_i0061.h5,4,1.500000000e-01,0,1.000000000e+00,main,true,fall,1218
ml_samples/N4_sw0.15_x+0_i0062.h5,4,1.500000000e-01,0,1.000000000e+00,main,true,fall,1320
ml_samples/N4_sw0.15_x+0_i0063.h5,4,1.500000000e-01,0,1.000000000e+00,main,true,rise,2226
ml_samples/N4_sw0.15_x+0_i0064.h5,4,1.500000000e-01,0,1.000000000e+00,main,true,fall,1878
ml_samples/N4_sw0.15_x+0_i0065.h5,4,1.500000000e-01,0,1.000000000e+00,main,true,rise,2266
ml_samples/N4_sw0.15_x+0_i0066.h5,4,1.500000000e-01,0,1.000000000e+00,main,true,fall,1149
ml_samples/N4_sw0.15_x+0_i0067.h5,4,1.500000000e-01,0,1.000000000e+00,main,true,timeout,6001
ml_samples/N4_sw0.15_x+0_i0068.h5,4,1.500000000e-01,0,1.000000000e+00,main,true,fall,224
ml_samples/N4_sw0.15_x+0_i0069.h5,4,1.500000000e-01,0,1.000000000e+00,main,true,fall,654
ml_samples/N4_sw0.15_x+0_i0070.h5,4,1.500000000e-01,0,1.000000000e+00,main,true,fall,573
ml_samples/N4_sw0.15_x+0_i0071.h5,4,1.500000000e-01,0,1.000000000e+00,main,true,rise,2721
ml_samples/N4_sw0.15_x+0_i0072.h5,4,1.500000000e-01,0,1.000000000e+00,main,true,rise,613
ml_samples/N4_sw0.15_x+0_i0073.h5,4,1.500000000e-01,0,1.000000000e+00,main,true,fall,1197
ml_samples/N4_sw0.15_x+0_i0074.h5,4,1.500000000e-01,0,1.000000000e+00,main,true,rise,5380
ml_samples/N4_sw0.15_x+0_i0075.h5,4,1.500000000e-01,0,1.000000000e+00,main,true,rise,3025
ml_samples/N4_sw0.15_x+0_i0076.h5,4,1.500000000e-01,0,1.000000000e+00,main,true,rise,884
ml_samples/N4_sw0.15_x+0_i0077.h5,4,1.500000000e-01,0,1.000000000e+00,main,true,fall,402
ml_samples/N4_sw0.15_x+0_i0078.h5,4,1.500000000e-01,0,1.000000000e+00,main,true,fall,284
ml_samples/N4_sw0.15_x+0_i0079.h5,4,1.500000000e-01,0,1.000000000e+00,main,true,fall,639
ml_samples/N4_sw0.15_x+0_i0080.h5,4,1.500000000e-01,0,1.000000000e+00,main,true,fall,835
ml_samples/N4_sw0.15_x+0_i0081.h5,4,1.500000000e-01,0,1.000000000e+00,main,true,fall,2214
ml_samples/N4_sw0.15_x+0_i0082.h5,4,1.500000000e-01,0,1.000000000e+00,main,true,fall,3358
ml_samples/N4_sw0.15_x+0_i0083.h5,4,1.500000000e-01,0,1.000000000e+00,main,true,fall,1433
ml_samples/N4_sw0.15_x+0_i0084.h5,4,1.500000000e-01,0,1.000000000e+00,main,true,fall,3552
ml_samples/N4_sw0.15_x+0_i0085.h5,4,1.500000000e-01,0,1.000000000e+00,main,true,rise,2545
ml_samples/N4_sw0.15_x+0_i0086.h5,4,1.500000000e-01,0,1.000000000e+00,main,true,fall,776
ml_samples/N4_sw0.15_x+0_i0087.h5,4,1.500000000e-01,0,1.000000000e+00,main,true,fall,2053
ml_samples/N4_sw0.15_x+0_i0088.h5,4,1.500000000e-01,0,1.000000000e+00,main,true,fall,1045
ml_samples/N4_sw0.15_x+0_i0089.h5,4,1.500000000e-01,0,1.000000000e+00,main,true,rise,5191
ml_samples/N4_sw0.15_x+0_i0090.h5,4,1.500000000e-01,0,1.000000000e+00,main,true,rise,677
ml_samples/N4_sw0.15_x+0_i0091.h5,4,1.500000000e-01,0,1.000000000e+00,main,true,fall,1767
ml_samples/N4_sw0.15_x+0_i0092.h5,4,1.500000000e-01,0,1.000000000e+00,main,true,rise,2214
ml_samples/N4_sw0.15_x+0_i0093.h5,4,1.500000000e-01,0,1.000000000e+00,main,true,rise,2039
ml_samples/N4_sw0.15_x+0_i0094.h5,4,1.500000000e-01,0,1.000000000e+00,main,true,fall,717
ml_samples/N4_sw0.15_x+0_i0095.h5,4,1.500000000e-01,0,1.000000000e+00,main,true,fall,959
ml_samples/N4_sw0.15_x+0_i0096.h5,4,1.500000000e-01,0,1.000000000e+00,main,true,fall,1297
ml_samples/N4_sw0.15_x+0_i0097.h5,4,1.500000000e-01,0,1.000000000e+00,main,true,fall,278
ml_samples/N4_sw0.15_x+0_i0098.h5,4,1.500000000e-01,0,1.000000000e+00,main,true,fall,2087
ml_samples/N4_sw0.15_x+0_i0099.h5,4,1.500000000e-01,0,1.000000000e+00,main,true,fall,2456
ml_samples/N4_sw0.15_x+0_i0100.h5,4,1.500000000e-01,0,1.000000000e+00,main,true,fall,2059
ml_samples/N4_sw0.15_x+0_i0101.h5,4,1.500000000e-01,0,1.000000000e+00,main,true,fall,869
ml_samples/N4_sw0.15_x+0_i0102.h5,4,1.500000000e-01,0,1.000000000e+00,main,true,fall,805
ml_samples/N4_sw0.15_x+0_i0103.h5,4,1.500000000e-01,0,1.000000000e+00,main,true,rise,3429
ml_samples/N4_sw0.15_x+0_i0104.h5,4,1.500000000e-01,0,1.000000000e+00,main,true,rise,2987
ml_samples/N4_sw0.15_x+0_i0105.h5,4,1.500000000e-01,0,1.000000000e+00,main,true,fall,601
ml_samples/N4_sw0.15_x+0_i0106.h5,4,1.500000000e-01,0,1.000000000e+00,main,true,fall,907
ml_samples/N4_sw0.15_x+0_i0107.h5,4,1.500000000e-01,0,1.000000000e+00,main,true,fall,505
ml_samples/N4_sw0.15_x+0_i0108.h5,4,1.500000000e-01,0,1.000000000e+00,main,true,rise,1517
ml_samples/N4_sw0.15_x+0_i0109.h5,4,1.500000000e-01,0,1.000000000e+00,main,true,rise,871
ml_samples/N4_sw0.15_x+0_i0110.h5,4,1.500000000e-01,0,1.000000000e+00,main,true,rise,2289
ml_samples/N4_sw0.15_x+0_i0111.h5,4,1.500000000e-01,0,1.000000000e+00,main,true,rise,2708
ml_samples/N4_sw0.15_x+0_i0112.h5,4,1.500000000e-01,0,1.000000000e+00,main,true,fall,3321
ml_samples/N4_sw0.15_x+0_i0113.h5,4,1.500000000e-01,0,1.000000000e+00,main,true,rise,2834
ml_samples/N4_sw0.15_x+0_i0114.h5,4,1.500000000e-01,0,1.000000000e+00,main,true,fall,1162
ml_samples/N4_sw0.15_x+0_i0115.h5,4,1.500000000e-01,0,1.000000000e+00,main,true,rise,3153
ml_samples/N4_sw0.15_x+0_i0116.h5,4,1.500000000e-01,0,1.000000000e+00,main,true,fall,314
ml_samples/N4_sw0.15_x+0_i0117.h5,4,1.500000000e-01,0,1.000000000e+00,main,true,rise,3659
ml_samples/N4_sw0.15_x+0_i0118.h5,4,1.500000000e-01,0,1.000000000e+00,main,true,rise,1858
ml_samples/N4_sw0.15_x+0_i0119.h5,4,1.500000000e-01,0,1.000000000e+00,main,true,fall,2347
ml_samples/N4_sw0.15_x+0_i0120.h5,4,1.500000000e-01,0,1.000000000e+00,main,true,fall,428
ml_samples/N4_sw0.15_x+0_i0121.h5,4,1.500000000e-01,0,1.000000000e+00,main,true,fall,515
ml_samples/N4_sw0.15_x+0_i0122.h5,4,1.500000000e-01,0,1.000000000e+00,main,true,fall,323
ml_samples/N4_sw0.15_x+0_i0123.h5,4,1.500000000e-01,0,1.000000000e+00,main,true,rise,1743
ml_samples/N4_sw0.15_x+0_i0124.h5,4,1.500000000e-01,0,1.000000000e+00,main,true,fall,1816
ml_samples/N4_sw0.15_x+0_i0125.h5,4,1.500000000e-01,0,1.000000000e+00,main,true,rise,1631
ml_samples/N4_sw0.15_x+0_i0126.h5,4,1.500000000e-01,0,1.000000000e+00,main,true,fall,1674
ml_samples/N4_sw0.15_x+0_i0127.h5,4,1.500000000e-01,0,1.000000000e+00,main,true,fall,241
ml_samples/N4_sw0.15_x+0_i0128.h5,4,1.500000000e-01,0,1.000000000e+00,main,true,rise,1049
ml_samples/N4_sw0.15_x+0_i0129.h5,4,1.500000000e-01,0,1.000000000e+00,main,true,timeout,6001
ml_samples/N4_sw0.15_x+0_i0130.h5,4,1.500000000e-01,0,1.000000000e+00,main,true,rise,715
ml_samples/N4_sw0.15_x+0_i0131.h5,4,1.500000000e-01,0,1.000000000e+00,main,true,fall,931
ml_samples/N4_sw0.15_x+0_i0132.h5,4,1.500000000e-01,0,1.000000000e+00,main,true,fall,149
ml_samples/N4_sw0.15_x+0_i0133.h5,4,1.500000000e-01,0,1.000000000e+00,main,true,timeout,6001
ml_samples/N4_sw0.15_x+0_i0134.h5,4,1.500000000e-01,0,1.000000000e+00,main,true,fall,574
ml_samples/N4_sw0.15_x+0_i0135.h5,4,1.500000000e-01,0,1.000000000e+00,main,true,fall,1523
ml_samples/N4_sw0.15_x+0_i0136.h5,4,1.500000000e-01,0,1.000000000e+00,main,true,fall,5939
ml_samples/N4_sw0.15_x+0_i0137.h5,4,1.500000000e-01,0,1.000000000e+00,main,true,fall,328
ml_samples/N4_sw0.15_x+0_i0138.h5,4,1.500000000e-01,0,1.000000000e+00,main,true,timeout,6001
ml_samples/N4_sw0.15_x+0_i0139.h5,4,1.500000000e-01,0,1.000000000e+00,main,true,fall,1535
ml_samples/N4_sw0.15_x+0_i0140.h5,4,1.500000000e-01,0,1.000000000e+00,main,true,fall,180
ml_samples/N4_sw0.15_x+0_i0141.h5,4,1.500000000e-01,0,1.000000000e+00,main,true,rise,1329
ml_samples/N4_sw0.15_x+0_i0142.h5,4,1.500000000e-01,0,1.000000000e+00,main,true,rise,4448
ml_samples/N4_sw0.15_x+0_i0143.h5,4,1.500000000e-01,0,1.000000000e+00,main,true,rise,2093
ml_samples/N4_sw0.15_x+0_i0144.h5,4,1.500000000e-01,0,1.000000000e+00,main,true,fall,248
ml_samples/N4_sw0.15_x+0_i0145.h5,4,1.500000000e-01,0,1.000000000e+00,main,true,fall,1350
ml_samples/N4_sw0.15_x+0_i0146.h5,4,1.500000000e-01,0,1.000000000e+00,main,true,fall,981
ml_samples/N4_sw0.15_x+0_i0147.h5,4,1.500000000e-01,0,1.000000000e+00,main,true,fall,626
ml_samples/N4_sw0.15_x+0_i0148.h5,4,1.500000000e-01,0,1.000000000e+00,main,true,fall,908
ml_samples/N4_sw0.15_x+0_i0149.h5,4,1.500000000e-01,0,1.000000000e+00,main,true,fall,322
ml_samples/N4_sw0.15_x+0_i0150.h5,4,1.500000000e-01,0,1.000000000e+00,main,true,fall,4168
ml_samples/N4_sw0.15_x+0_i0151.h5,4,1.500000000e-01,0,1.000000000e+00,main,true,fall,240
ml_samples/N4_sw0.15_x+0_i0152.h5,4,1.500000000e-01,0,1.000000000e+00,main,true,rise,2444
ml_samples/N4_sw0.15_x+0_i0153.h5,4,1.500000000e-01,0,1.000000000e+00,main,true,fall,510
ml_samples/N4_sw0.15_x+0_i0154.h5,4,1.500000000e-01,0,1.000000000e+00,main,true,timeout,6001
ml_samples/N4_sw0.15_x+0_i0155.h5,4,1.500000000e-01,0,1.000000000e+00,main,true,rise,3128
ml_samples/N4_sw0.15_x+0_i0156.h5,4,1.500000000e-01,0,1.000000000e+00,main,true,fall,372
ml_samples/N4_sw0.15_x+0_i0157.h5,4,1.500000000e-01,0,1.000000000e+00,main,true,fall,470
ml_samples/N4_sw0.15_x+0_i0158.h5,4,1.500000000e-01,0,1.000000000e+00,main,true,fall,446
ml_samples/N4_sw0.15_x+0_i0159.h5,4,1.500000000e-01,0,1.000000000e+00,main,true,fall,2864
ml_samples/N4_sw0.15_x+0_i0160.h5,4,1.500000000e-01,0,1.000000000e+00,main,true,fall,5118
ml_samples/N4_sw0.15_x+0_i0161.h5,4,1.500000000e-01,0,1.000000000e+00,main,true,fall,5339
ml_samples/N4_sw0.15_x+0_i0162.h5,4,1.500000000e-01,0,1.000000000e+00,main,true,rise,2466
ml_samples/N4_sw0.15_x+0_i0163.h5,4,1.500000000e-01,0,1.000000000e+00,main,true,rise,3834
ml_samples/N4_sw0.15_x+0_i0164.h5,4,1.500000000e-01,0,1.000000000e+00,main,true,rise,2169
ml_samples/N4_sw0.15_x+0_i0165.h5,4,1.500000000e-01,0,1.000000000e+00,main,true,fall,4109
ml_samples/N4_sw0.15_x+0_i0166.h5,4,1.500000000e-01,0,1.000000000e+00,main,true,fall,153
ml_samples/N4_sw0.15_x+0_i0167.h5,4,1.500000000e-01,0,1.000000000e+00,main,true,fall,889
ml_samples/N4_sw0.15_x+0_i0168.h5,4,1.500000000e-01,0,1.000000000e+00,main,true,fall,350
ml_samples/N4_sw0.15_x+0_i0169.h5,4,1.500000000e-01,0,1.000000000e+00,main,true,fall,1151
ml_samples/N4_sw0.15_x+0_i0170.h5,4,1.500000000e-01,0,1.000000000e+00,main,true,fall,251
ml_samples/N4_sw0.15_x+0_i0171.h5,4,1.500000000e-01,0,1.000000000e+00,main,true,fall,255
ml_samples/N4_sw0.15_x+0_i0172.h5,4,1.500000000e-01,0,1.000000000e+00,main,true,fall,490
ml_samples/N4_sw0.15_x+0_i0173.h5,4,1.500000000e-01,0,1.000000000e+00,main,true,rise,3933
ml_samples/N4_sw0.15_x+0_i0174.h5,4,1.500000000e-01,0,1.000000000e+00,main,true,fall,569
ml_samples/N4_sw0.15_x+0_i0175.h5,4,1.500000000e-01,0,1.000000000e+00,main,true,fall,1081
ml_samples/N4_sw0.15_x+0_i0176.h5,4,1.500000000e-01,0,1.000000000e+00,main,true,fall,255
ml_samples/N4_sw0.15_x+0_i0177.h5,4,1.500000000e-01,0,1.000000000e+00,main,true,timeout,6001
ml_samples/N4_sw0.15_x+0_i0178.h5,4,1.500000000e-01,0,1.000000000e+00,main,true,fall,303
ml_samples/N4_sw0.15_x+0_i0179.h5,4,1.500000000e-01,0,1.000000000e+00,main,true,fall,288
ml_samples/N4_sw0.15_x+0_i0180.h5,4,1.500000000e-01,0,1.000000000e+00,main,true,rise,1609
ml_samples/N4_sw0.15_x+0_i0181.h5,4,1.500000000e-01,0,1.000000000e+00,main,true,rise,759
ml_samples/N4_sw0.15_x+0_i0182.h5,4,1.500000000e-01,0,1.000000000e+00,main,true,fall,378
ml_samples/N4_sw0.15_x+0_i0183.h5,4,1.500000000e-01,0,1.000000000e+00,main,true,timeout,6001
ml_samples/N4_sw0.15_x+0_i0184.h5,4,1.500000000e-01,0,1.000000000e+00,main,true,fall,1482
ml_samples/N4_sw0.15_x+0_i0185.h5,4,1.500000000e-01,0,1.000000000e+00,main,true,fall,1440
ml_samples/N4_sw0.15_x+0_i0186.h5,4,1.500000000e-01,0,1.000000000e+00,main,true,fall,945
ml_samples/N4_sw0.15_x+0_i0187.h5,4,1.500000000e-01,0,1.000000000e+00,main,true,rise,2836
ml_samples/N4_sw0.15_x+0_i0188.h5,4,1.500000000e-01,0,1.000000000e+00,main,true,fall,493
ml_samples/N4_sw0.15_x+0_i0189.h5,4,1.500000000e-01,0,1.000000000e+00,main,true,fall,3926
ml_samples/N4_sw0.15_x+0_i0190.h5,4,1.500000000e-01,0,1.000000000e+00,main,true,fall,1399
ml_samples/N4_sw0.15_x+0_i0191.h5,4,1.500000000e-01,0,1.000000000e+00,main,true,fall,5502
ml_samples/N4_sw0.15_x+0_i0192.h5,4,1.500000000e-01,0,1.000000000e+00,main,true,fall,197
ml_samples/N4_sw0.15_x+0_i0193.h5,4,1.500000000e-01,0,1.000000000e+00,main,true,rise,4744
ml_samples/N4_sw0.15_x+0_i0194.h5,4,1.500000000e-01,0,1.000000000e+00,main,true,fall,1751
ml_samples/N4_sw0.15_x+0_i0195.h5,4,1.500000000e-01,0,1.000000000e+00,main,true,fall,706
ml_samples/N4_sw0.15_x+0_i0196.h5,4,1.500000000e-01,0,1.000000000e+00,main,true,fall,948
ml_samples/N4_sw0.15_x+0_i0197.h5,4,1.500000000e-01,0,1.000000000e+00,main,true,fall,411
ml_samples/N4_sw0.15_x+0_i0198.h5,4,1.500000000e-01,0,1.000000000e+00,main,true,fall,1708
ml_samples/N4_sw0.15_x+0_i0199.h5,4,1.500000000e-01,0,1.000000000e+00,main,true,fall,3078
ml_samples/N4_sw0.15_x+1_i0000.h5,4,1.500000000e-01,1,1.130292401e+00,main,true,rise,924
ml_samples/N4_sw0.15_x+1_i0001.h5,4,1.500000000e-01,1,1.130292401e+00,main,true,rise,1347
ml_samples/N4_sw0.15_x+1_i0002.h5,4,1.500000000e-01,1,1.130292401e+00,main,true,rise,1391
ml_samples/N4_sw0.15_x+1_i0003.h5,4,1.500000000e-01,1,1.130292401e+00,main,true,fall,1568
ml_samples/N4_sw0.15_x+1_i0004.h5,4,1.500000000e-01,1,1.130292401e+00,main,true,rise,1113
ml_samples/N4_sw0.15_x+1_i0005.h5,4,1.500000000e-01,1,1.130292401e+00,main,true,rise,750
ml_samples/N4_sw0.15_x+1_i0006.h5,4,1.500000000e-01,1,1.130292401e+00,main,true,rise,699
ml_samples/N4_sw0.15_x+1_i0007.h5,4,1.500000000e-01,1,1.130292401e+00,main,true,rise,2454
ml_samples/N4_sw0.15_x+1_i0008.h5,4,1.500000000e-01,1,1.130292401e+00,main,true,rise,2333
ml_samples/N4_sw0.15_x+1_i0009.h5,4,1.500000000e-01,1,1.130292401e+00,main,true,fall,1095
ml_samples/N4_sw0.15_x+1_i0010.h5,4,1.500000000e-01,1,1.130292401e+00,main,true,rise,1479
ml_samples/N4_sw0.15_x+1_i0011.h5,4,1.500000000e-01,1,1.130292401e+00,main,true,fall,244
ml_samples/N4_sw0.15_x+1_i0012.h5,4,1.500000000e-01,1,1.130292401e+00,main,true,fall,4880
ml_samples/N4_sw0.15_x+1_i0013.h5,4,1.500000000e-01,1,1.130292401e+00,main,true,fall,1244
ml_samples/N4_sw0.15_x+1_i0014.h5,4,1.500000000e-01,1,1.130292401e+00,main,true,rise,531
ml_samples/N4_sw0.15_x+1_i0015.h5,4,1.500000000e-01,1,1.130292401e+00,main,true,rise,3103
ml_samples/N4_sw0.15_x+1_i0016.h5,4,1.500000000e-01,1,1.130292401e+00,main,true,rise,1552
ml_samples/N4_sw0.15_x+1_i0017.h5,4,1.500000000e-01,1,1.130292401e+00,main,true,rise,1772
ml_samples/N4_sw0.15_x+1_i0018.h5,4,1.500000000e-01,1,1.130292401e+00,main,true,rise,781
ml_samples/N4_sw0.15_x+1_i0019.h5,4,1.500000000e-01,1,1.130292401e+00,main,true,rise,985
ml_samples/N4_sw0.15_x+1_i0020.h5,4,1.500000000e-01,1,1.130292401e+00,main,true,rise,1705
ml_samples/N4_sw0.15_x+1_i0021.h5,4,1.500000000e-01,1,1.130292401e+00,main,true,rise,2754
ml_samples/N4_sw0.15_x+1_i0022.h5,4,1.500000000e-01,1,1.130292401e+00,main,true,rise,3295
ml_samples/N4_sw0.15_x+1_i0023.h5,4,1.500000000e-01,1,1.130292401e+00,main,true,rise,459
ml_samples/N4_sw0.15_x+1_i0024.h5,4,1.500000000e-01,1,1.130292401e+00,main,true,fall,691
ml_samples/N4_sw0.15_x+1_i0025.h5,4,1.500000000e-01,1,1.130292401e+00,main,true,rise,1088
ml_samples/N4_sw0.15_x+1_i0026.h5,4,1.500000000e-01,1,1.130292401e+00,main,true,fall,423
ml_samples/N4_sw0.15_x+1_i0027.h5,4,1.500000000e-01,1,1.130292401e+00,main,true,rise,1628
ml_samples/N4_sw0.15_x+1_i0028.h5,4,1.500000000e-01,1,1.130292401e+00,main,true,timeout,6001
ml_samples/N4_sw0.15_x+1_i0029.h5,4,1.500000000e-01,1,1.130292401e+00,main,true,fall,508
ml_samples/N4_sw0.15_x+1_i0030.h5,4,1.500000000e-01,1,1.130292401e+00,main,true,rise,2236
ml_samples/N4_sw0.15_x+1_i0031.h5,4,1.500000000e-01,1,1.130292401e+00,main,true,rise,2206
ml_samples/N4_sw0.15_x+1_i0032.h5,4,1.500000000e-01,1,1.130292401e+00,main,true,rise,1823
ml_samples/N4_sw0.15_x+1_i0033.h5,4,1.500000000e-01,1,1.130292401e+00,main,true,rise,1163
ml_samples/N4_sw0.15_x+1_i0034.h5,4,1.500000000e-01,1,1.130292401e+00,main,true,fall,1282
ml_samples/N4_sw0.15_x+1_i0035.h5,4,1.500000000e-01,1,1.130292401e+00,main,true,rise,1265
ml_samples/N4_sw0.15_x+1_i0036.h5,4,1.500000000e-01,1,1.130292401e+00,main,true,rise,771
ml_samples/N4_sw0.15_x+1_i0037.h5,4,1.500000000e-01,1,1.130292401e+00,main,true,rise,581
ml_samples/N4_sw0.15_x+1_i0038.h5,4,1.500000000e-01,1,1.130292401e+00,main,true,rise,1259
ml_samples/N4_sw0.15_x+1_i0039.h5,4,1.500000000e-01,1,1.130292401e+00,main,true,rise,679
ml_samples/N4_sw0.15_x+1_i0040.h5,4,1.500000000e-01,1,1.130292401e+00,main,true,rise,1252
ml_samples/N4_sw0.15_x+1_i0041.h5,4,1.500000000e-01,1,1.130292401e+00,main,true,rise,1863
ml_samples/N4_sw0.15_x+1_i0042.h5,4,1.500000000e-01,1,1.130292401e+00,main,true,rise,1194
ml_samples/N4_sw0.15_x+1_i0043.h5,4,1.500000000e-01,1,1.130292401e+00,main,true,rise,1567
ml_samples/N4_sw0.15_x+1_i0044.h5,4,1.500000000e-01,1,1.130292401e+00,main,true,rise,2987
ml_samples/N4_sw0.15_x+1_i0045.h5,4,1.500000000e-01,1,1.130292401e+00,main,true,rise,4920
ml_samples/N4_sw0.15_x+1_i0046.h5,4,1.500000000e-01,1,1.130292401e+00,main,true,rise,1906
ml_samples/N4_sw0.15_x+1_i0047.h5,4,1.500000000e-01,1,1.130292401e+00,main,true,rise,1009
ml_samples/N4_sw0.15_x+1_i0048.h5,4,1.500000000e-01,1,1.130292401e+00,main,true,rise,1806
ml_samples/N4_sw0.15_x+1_i0049.h5,4,1.500000000e-01,1,1.130292401e+00,main,true,rise,2084
ml_samples/N4_sw0.15_x+1_i0050.h5,4,1.500000000e-01,1,1.130292401e+00,main,true,rise,1891
ml_samples/N4_sw0.15_x+1_i0051.h5,4,1.500000000e-01,1,1.130292401e+00,main,true,rise,1716
ml_samples/N4_sw0.15_x+1_i0052.h5,4,1.500000000e-01,1,1.130292401e+00,main,true,rise,628
ml_samples/N4_sw0.15_x+1_i0053.h5,4,1.500000000e-01,1,1.130292401e+00,main,true,fall,4391
ml_samples/N4_sw0.15_x+1_i0054.h5,4,1.500000000e-01,1,1.130292401e+00,main,true,rise,2181
ml_samples/N4_sw0.15_x+1_i0055.h5,4,1.500000000e-01,1,1.130292401e+00,main,true,rise,630
ml_samples/N4_sw0.15_x+1_i0056.h5,4,1.500000000e-01,1,1.130292401e+00,main,true,rise,5162
ml_samples/N4_sw0.15_x+1_i0057.h5,4,1.500000000e-01,1,1.130292401e+00,main,true,rise,2807
ml_samples/N4_sw0.15_x+1_i0058.h5,4,1.500000000e-01,1,1.130292401e+00,main,true,fall,1650
ml_samples/N4_sw0.15_x+1_i0059.h5,4,1.500000000e-01,1,1.130292401e+00,main,true,rise,875
ml_samples/N4_sw0.15_x+1_i0060.h5,4,1.500000000e-01,1,1.130292401e+00,main,true,rise,3587
ml_samples/N4_sw0.15_x+1_i0061.h5,4,1.500000000e-01,1,1.130292401e+00,main,true,rise,652
ml_samples/N4_sw0.15_x+1_i0062.h5,4,1.500000000e-01,1,1.130292401e+00,main,true,fall,2156
ml_samples/N4_sw0.15_x+1_i0063.h5,4,1.500000000e-01,1,1.130292401e+00,main,true,fall,342
ml_samples/N4_sw0.15_x+1_i0064.h5,4,1.500000000e-01,1,1.130292401e+00,main,true,rise,635
ml_samples/N4_sw0.15_x+1_i0065.h5,4,1.500000000e-01,1,1.130292401e+00,main,true,rise,493
ml_samples/N4_sw0.15_x+1_i0066.h5,4,1.500000000e-01,1,1.130292401e+00,main,true,rise,1949
ml_samples/N4_sw0.15_x+1_i0067.h5,4,1.500000000e-01,1,1.130292401e+00,main,true,rise,693
ml_samples/N4_sw0.15_x+1_i0068.h5,4,1.500000000e-01,1,1.130292401e+00,main,true,fall,1722
ml_samples/N4_sw0.15_x+1_i0069.h5,4,1.500000000e-01,1,1.130292401e+00,main,true,fall,467
ml_samples/N4_sw0.15_x+1_i0070.h5,4,1.500000000e-01,1,1.130292401e+00,main,true,rise,5904
ml_samples/N4_sw0.15_x+1_i0071.h5,4,1.500000000e-01,1,1.130292401e+00,main,true,fall,276
ml_samples/N4_sw0.15_x+1_i0072.h5,4,1.500000000e-01,1,1.130292401e+00,main,true,rise,1934
ml_samples/N4_sw0.15_x+1_i0073.h5,4,1.500000000e-01,1,1.130292401e+00,main,true,rise,719
ml_samples/N4_sw0.15_x+1_i0074.h5,4,1.500000000e-01,1,1.130292401e+00,main,true,rise,692
ml_samples/N4_sw0.15_x+1_i0075.h5,4,1.500000000e-01,1,1.130292401e+00,main,true,rise,1759
ml_samples/N4_sw0.15_x+1_i0076.h5,4,1.500000000e-01,1,1.130292401e+00,main,true,rise,1159
ml_samples/N4_sw0.15_x+1_i0077.h5,4,1.500000000e-01,1,1.130292401e+00,main,true,rise,1729
ml_samples/N4_sw0.15_x+1_i0078.h5,4,1.500000000e-01,1,1.130292401e+00,main,true,rise,1191
ml_samples/N4_sw0.15_x+1_i0079.h5,4,1.500000000e-01,1,1.130292401e+00,main,true,fall,1203
ml_samples/N4_sw0.15_x+1_i0080.h5,4,1.500000000e-01,1,1.130292401e+00,main,true,rise,888
ml_samples/N4_sw0.15_x+1_i0081.h5,4,1.500000000e-01,1,1.130292401e+00,main,true,timeout,6001
ml_samples/N4_sw0.15_x+1_i0082.h5,4,1.500000000e-01,1,1.130292401e+00,main,true,rise,3219
ml_samples/N4_sw0.15_x+1_i0083.h5,4,1.500000000e-01,1,1.130292401e+00,main,true,fall,1697
ml_samples/N4_sw0.15_x+1_i0084.h5,4,1.500000000e-01,1,1.130292401e+00,main,true,rise,1352
ml_samples/N4_sw0.15_x+1_i0085.h5,4,1.500000000e-01,1,1.130292401e+00,main,true,fall,1898
ml_samples/N4_sw0.15_x+1_i0086.h5,4,1.500000000e-01,1,1.130292401e+00,main,true,rise,1336
ml_samples/N4_sw0.15_x+1_i0087.h5,4,1.500000000e-01,1,1.130292401e+00,main,true,rise,1649
ml_samples/N4_sw0.15_x+1_i0088.h5,4,1.500000000e-01,1,1.130292401e+00,main,true,timeout,6001
ml_samples/N4_sw0.15_x+1_i0089.h5,4,1.500000000e-01,1,1.130292401e+00,main,true,fall,1620
ml_samples/N4_sw0.15_x+1_i0090.h5,4,1.500000000e-01,1,1.130292401e+00,main,true,fall,1833
ml_samples/N4_sw0.15_x+1_i0091.h5,4,1.500000000e-01,1,1.130292401e+00,main,true,rise,2503
ml_samples/N4_sw0.15_x+1_i0092.h5,4,1.500000000e-01,1,1.130292401e+00,main,true,rise,1566
ml_samples/N4_sw0.15_x+1_i0093.h5,4,1.500000000e-01,1,1.130292401e+00,main,true,rise,465
ml_samples/N4_sw0.15_x+1_i0094.h5,4,1.500000000e-01,1,1.130292401e+00,main,true,fall,657
ml_samples/N4_sw0.15_x+1_i0095.h5,4,1.500000000e-01,1,1.130292401e+00,main,true,rise,1388
ml_samples/N4_sw0.15_x+1_i0096.h5,4,1.500000000e-01,1,1.130292401e+00,main,true,rise,1056
ml_samples/N4_sw0.15_x+1_i0097.h5,4,1.500000000e-01,1,1.130292401e+00,main,true,rise,3401
ml_samples/N4_sw0.15_x+1_i0098.h5,4,1.500000000e-01,1,1.130292401e+00,main,true,rise,2270
ml_samples/N4_sw0.15_x+1_i0099.h5,4,1.500000000e-01,1,1.130292401e+00,main,true,rise,3600
ml_samples/N4_sw0.15_x+1_i0100.h5,4,1.500000000e-01,1,1.130292401e+00,main,true,rise,700
ml_samples/N4_sw0.15_x+1_i0101.h5,4,1.500000000e-01,1,1.130292401e+00,main,true,rise,1352
ml_samples/N4_sw0.15_x+1_i0102.h5,4,1.500000000e-01,1,1.130292401e+00,main,true,rise,960
ml_samples/N4_sw0.15_x+1_i0103.h5,4,1.500000000e-01,1,1.130292401e+00,main,true,rise,3196
ml_samples/N4_sw0.15_x+1_i0104.h5,4,1.500000000e-01,1,1.130292401e+00,main,true,rise,966
ml_samples/N4_sw0.15_x+1_i0105.h5,4,1.500000000e-01,1,1.130292401e+00,main,true,rise,1694
ml_samples/N4_sw0.15_x+1_i0106.h5,4,1.500000000e-01,1,1.130292401e+00,main,true,rise,1262
ml_samples/N4_sw0.15_x+1_i0107.h5,4,1.500000000e-01,1,1.130292401e+00,main,true,rise,1915
ml_samples/N4_sw0.15_x+1_i0108.h5,4,1.500000000e-01,1,1.130292401e+00,main,true,timeout,6001
ml_samples/N4_sw0.15_x+1_i0109.h5,4,1.500000000e-01,1,1.130292401e+00,main,true,fall,339
ml_samples/N4_sw0.15_x+1_i0110.h5,4,1.500000000e-01,1,1.130292401e+00,main,true,rise,1219
ml_samples/N4_sw0.15_x+1_i0111.h5,4,1.500000000e-01,1,1.130292401e+00,main,true,rise,887
ml_samples/N4_sw0.15_x+1_i0112.h5,4,1.500000000e-01,1,1.130292401e+00,main,true,rise,1610
ml_samples/N4_sw0.15_x+1_i0113.h5,4,1.500000000e-01,1,1.130292401e+00,main,true,rise,1063
ml_samples/N4_sw0.15_x+1_i0114.h5,4,1.500000000e-01,1,1.130292401e+00,main,true,rise,3020
ml_samples/N4_sw0.15_x+1_i0115.h5,4,1.500000000e-01,1,1.130292401e+00,main,true,rise,602
ml_samples/N4_sw0.15_x+1_i0116.h5,4,1.500000000e-01,1,1.130292401e+00,main,true,rise,1161
ml_samples/N4_sw0.15_x+1_i0117.h5,4,1.500000000e-01,1,1.130292401e+00,main,true,rise,905
ml_samples/N4_sw0.15_x+1_i0118.h5,4,1.500000000e-01,1,1.130292401e+00,main,true,rise,1169
ml_samples/N4_sw0.15_x+1_i0119.h5,4,1.500000000e-01,1,1.130292401e+00,main,true,rise,656
ml_samples/N4_sw0.15_x+1_i0120.h5,4,1.500000000e-01,1,1.130292401e+00,main,true,rise,891
ml_samples/N4_sw0.15_x+1_i0121.h5,4,1.500000000e-01,1,1.130292401e+00,main,true,rise,1748
ml_samples/N4_sw0.15_x+1_i0122.h5,4,1.500000000e-01,1,1.130292401e+00,main,true,rise,927
ml_samples/N4_sw0.15_x+1_i0123.h5,4,1.500000000e-01,1,1.130292401e+00,main,true,rise,1098
ml_samples/N4_sw0.15_x+1_i0124.h5,4,1.500000000e-01,1,1.130292401e+00,main,true,fall,1840
ml_samples/N4_sw0.15_x+1_i0125.h5,4,1.500000000e-01,1,1.130292401e+00,main,true,fall,501
ml_samples/N4_sw0.15_x+1_i0126.h5,4,1.500000000e-01,1,1.130292401e+00,main,true,rise,736
ml_samples/N4_sw0.15_x+1_i0127.h5,4,1.500000000e-01,1,1.130292401e+00,main,true,rise,881
ml_samples/N4_sw0.15_x+1_i0128.h5,4,1.500000000e-01,1,1.130292401e+00,main,true,rise,1268
ml_samples/N4_sw0.15_x+1_i0129.h5,4,1.500000000e-01,1,1.130292401e+00,main,true,rise,1203
ml_samples/N4_sw0.15_x+1_i0130.h5,4,1.500000000e-01,1,1.130292401e+00,main,true,rise,519
ml_samples/N4_sw0.15_x+1_i0131.h5,4,1.500000000e-01,1,1.130292401e+00,main,true,rise,1147
ml_samples/N4_sw0.15_x+1_i0132.h5,4,1.500000000e-01,1,1.130292401e+00,main,true,rise,4314
ml_samples/N4_sw0.15_x+1_i0133.h5,4,1.500000000e-01,1,1.130292401e+00,main,true,rise,1600
ml_samples/N4_sw0.15_x+1_i0134.h5,4,1.500000000e-01,1,1.130292401e+00,main,true,rise,689
ml_samples/N4_sw0.15_x+1_i0135.h5,4,1.500000000e-01,1,1.130292401e+00,main,true,rise,2565
ml_samples/N4_sw0.15_x+1_i0136.h5,4,1.500000000e-01,1,1.130292401e+00,main,true,rise,2750
ml_samples/N4_sw0.15_x+1_i0137.h5,4,1.500000000e-01,1,1.130292401e+00,main,true,fall,2831
ml_samples/N4_sw0.15_x+1_i0138.h5,4,1.500000000e-01,1,1.130292401e+00,main,true,rise,536
ml_samples/N4_sw0.15_x+1_i0139.h5,4,1.500000000e-01,1,1.130292401e+00,main,true,rise,3449
ml_samples/N4_sw0.15_x+1_i0140.h5,4,1.500000000e-01,1,1.130292401e+00,main,true,rise,497
ml_samples/N4_sw0.15_x+1_i0141.h5,4,1.500000000e-01,1,1.130292401e+00,main,true,rise,1904
ml_samples/N4_sw0.15_x+1_i0142.h5,4,1.500000000e-01,1,1.130292401e+00,main,true,fall,1410
ml_samples/N4_sw0.15_x+1_i0143.h5,4,1.500000000e-01,1,1.130292401e+00,main,true,fall,319
ml_samples/N4_sw0.15_x+1_i0144.h5,4,1.500000000e-01,1,1.130292401e+00,main,true,rise,1188
ml_samples/N4_sw0.15_x+1_i0145.h5,4,1.500000000e-01,1,1.130292401e+00,main,true,rise,1452
ml_samples/N4_sw0.15_x+1_i0146.h5,4,1.500000000e-01,1,1.130292401e+00,main,true,rise,1358
ml_samples/N4_sw0.15_x+1_i0147.h5,4,1.500000000e-01,1,1.130292401e+00,main,true,fall,934
ml_samples/N4_sw0.15_x+1_i0148.h5,4,1.500000000e-01,1,1.130292401e+00,main,true,rise,3000
ml_samples/N4_sw0.15_x+1_i0149.h5,4,1.500000000e-01,1,1.130292401e+00,main,true,fall,1565
ml_samples/N4_sw0.15_x+1_i0150.h5,4,1.500000000e-01,1,1.130292401e+00,main,true,rise,4093
ml_samples/N4_sw0.15_x+1_i0151.h5,4,1.500000000e-01,1,1.130292401e+00,main,true,rise,779
ml_samples/N4_sw0.15_x+1_i0152.h5,4,1.500000000e-01,1,1.130292401e+00,main,true,fall,1550
ml_samples/N4_sw0.15_x+1_i0153.h5,4,1.500000000e-01,1,1.130292401e+00,main,true,rise,1867
ml_samples/N4_sw0.15_x+1_i0154.h5,4,1.500000000e-01,1,1.130292401e+00,main,true,rise,2392
ml_samples/N4_sw0.15_x+1_i0155.h5,4,1.500000000e-01,1,1.130292401e+00,main,true,rise,2724
ml_samples/N4_sw0.15_x+1_i0156.h5,4,1.500000000e-01,1,1.130292401e+00,main,true,rise,564
ml_samples/N4_sw0.15_x+1_i0157.h5,4,1.500000000e-01,1,1.130292401e+00,main,true,rise,1382
ml_samples/N4_sw0.15_x+1_i0158.h5,4,1.500000000e-01,1,1.130292401e+00,main,true,rise,569
ml_samples/N4_sw0.15_x+1_i0159.h5,4,1.500000000e-01,1,1.130292401e+00,main,true,rise,2864
ml_samples/N4_sw0.15_x+1_i0160.h5,4,1.500000000e-01,1,1.130292401e+00,main,true,fall,126
ml_samples/N4_sw0.15_x+1_i0161.h5,4,1.500000000e-01,1,1.130292401e+00,main,true,rise,1480
ml_samples/N4_sw0.15_x+1_i0162.h5,4,1.500000000e-01,1,1.130292401e+00,main,true,rise,2061
ml_samples/N4_sw0.15_x+1_i0163.h5,4,1.500000000e-01,1,1.130292401e+00,main,true,rise,1299
ml_samples/N4_sw0.15_x+1_i0164.h5,4,1.500000000e-01,1,1.130292401e+00,main,true,rise,627
ml_samples/N4_sw0.15_x+1_i0165.h5,4,1.500000000e-01,1,1.130292401e+00,main,true,fall,332
ml_samples/N4_sw0.15_x+1_i0166.h5,4,1.500000000e-01,1,1.130292401e+00,main,true,rise,1326
ml_samples/N4_sw0.15_x+1_i0167.h5,4,1.500000000e-01,1,1.130292401e+00,main,true,rise,866
ml_samples/N4_sw0.15_x+1_i0168.h5,4,1.500000000e-01,1,1.130292401e+00,main,true,fall,763
ml_samples/N4_sw0.15_x+1_i0169.h5,4,1.500000000e-01,1,1.130292401e+00,main,true,rise,871
ml_samples/N4_sw0.15_x+1_i0170.h5,4,1.500000000e-01,1,1.130292401e+00,main,true,fall,1703
ml_samples/N4_sw0.15_x+1_i0171.h5,4,1.500000000e-01,1,1.130292401e+00,main,true,rise,3240
ml_samples/N4_sw0.15_x+1_i0172.h5,4,1.500000000e-01,1,1.130292401e+00,main,true,rise,1211
ml_samples/N4_sw0.15_x+1_i0173.h5,4,1.500000000e-01,1,1.130292401e+00,main,true,rise,1205
ml_samples/N4_sw0.15_x+1_i0174.h5,4,1.500000000e-01,1,1.130292401e+00,main,true,fall,1710
ml_samples/N4_sw0.15_x+1_i0175.h5,4,1.500000000e-01,1,1.130292401e+00,main,true,rise,915
ml_samples/N4_sw0.15_x+1_i0176.h5,4,1.500000000e-01,1,1.130292401e+00,main,true,fall,1110
ml_samples/N4_sw0.15_x+1_i0177.h5,4,1.500000000e-01,1,1.130292401e+00,main,true,rise,1949
ml_samples/N4_sw0.15_x+1_i0178.h5,4,1.500000000e-01,1,1.130292401e+00,main,true,rise,5245
ml_samples/N4_sw0.15_x+1_i0179.h5,4,1.500000000e-01,1,1.130292401e+00,main,true,fall,1187
ml_samples/N4_sw0.15_x+1_i0180.h5,4,1.500000000e-01,1,1.130292401e+00,main,true,fall,2363
ml_samples/N4_sw0.15_x+1_i0181.h5,4,1.500000000e-01,1,1.130292401e+00,main,true,rise,1960
ml_samples/N4_sw0.15_x+1_i0182.h5,4,1.500000000e-01,1,1.130292401e+00,main,true,rise,644
ml_samples/N4_sw0.15_x+1_i0183.h5,4,1.500000000e-01,1,1.130292401e+00,main,true,rise,898
ml_samples/N4_sw0.15_x+1_i0184.h5,4,1.500000000e-01,1,1.130292401e+00,main,true,fall,1001
ml_samples/N4_sw0.15_x+1_i0185.h5,4,1.500000000e-01,1,1.130292401e+00,main,true,rise,2232
ml_samples/N4_sw0.15_x+1_i0186.h5,4,1.500000000e-01,1,1.130292401e+00,main,true,rise,634
ml_samples/N4_sw0.15_x+1_i0187.h5,4,1.500000000e-01,1,1.130292401e+00,main,true,rise,1041
ml_samples/N4_sw0.15_x+1_i0188.h5,4,1.500000000e-01,1,1.130292401e+00,main,true,rise,1724
ml_samples/N4_sw0.15_x+1_i0189.h5,4,1.500000000e-01,1,1.130292401e+00,main,true,rise,1024
ml_samples/N4_sw0.15_x+1_i0190.h5,4,1.500000000e-01,1,1.130292401e+00,main,true,fall,615
ml_samples/N4_sw0.15_x+1_i0191.h5,4,1.500000000e-01,1,1.130292401e+00,main,true,fall,1701
ml_samples/N4_sw0.15_x+1_i0192.h5,4,1.500000000e-01,1,1.130292401e+00,main,true,rise,1222
ml_samples/N4_sw0.15_x+1_i0193.h5,4,1.500000000e-01,1,1.130292401e+00,main,true,rise,1674
ml_samples/N4_sw0.15_x+1_i0194.h5,4,1.500000000e-01,1,1.130292401e+00,main,true,rise,585
ml_samples/N4_sw0.15_x+1_i0195.h5,4,1.500000000e-01,1,1.130292401e+00,main,true,rise,620
ml_samples/N4_sw0.15_x+1_i0196.h5,4,1.500000000e-01,1,1.130292401e+00,main,true,rise,3933
ml_samples/N4_sw0.15_x+1_i0197.h5,4,1.500000000e-01,1,1.130292401e+00,main,true,rise,1068
ml_samples/N4_sw0.15_x+1_i0198.h5,4,1.500000000e-01,1,1.130292401e+00,main,true,rise,1654
ml_samples/N4_sw0.15_x+1_i0199.h5,4,1.500000000e-01,1,1.130292401e+00,main,true,rise,1315
ml_samples/N4_sw0.15_x+2_i0000.h5,4,1.500000000e-01,2,1.260584802e+00,main,true,rise,673
ml_samples/N4_sw0.15_x+2_i0001.h5,4,1.500000000e-01,2,1.260584802e+00,main,true,rise,955
ml_samples/N4_sw0.15_x+2_i0002.h5,4,1.500000000e-01,2,1.260584802e+00,main,true,rise,1618
ml_samples/N4_sw0.15_x+2_i0003.h5,4,1.500000000e-01,2,1.260584802e+00,main,true,rise,645
ml_samples/N4_sw0.15_x+2_i0004.h5,4,1.500000000e-01,2,1.260584802e+00,main,true,rise,2246
ml_samples/N4_sw0.15_x+2_i0005.h5,4,1.500000000e-01,2,1.260584802e+00,main,true,rise,800
ml_samples/N4_sw0.15_x+2_i0006.h5,4,1.500000000e-01,2,1.260584802e+00,main,true,rise,2520
ml_samples/N4_sw0.15_x+2_i0007.h5,4,1.500000000e-01,2,1.260584802e+00,main,true,rise,689
ml_samples/N4_sw0.15_x+2_i0008.h5,4,1.500000000e-01,2,1.260584802e+00,main,true,rise,1025
ml_samples/N4_sw0.15_x+2_i0009.h5,4,1.500000000e-01,2,1.260584802e+00,main,true,rise,2170
ml_samples/N4_sw0.15_x+2_i0010.h5,4,1.500000000e-01,2,1.260584802e+00,main,true,fall,382
ml_samples/N4_sw0.15_x+2_i0011.h5,4,1.500000000e-01,2,1.260584802e+00,main,true,rise,778
ml_samples/N4_sw0.15_x+2_i0012.h5,4,1.500000000e-01,2,1.260584802e+00,main,true,rise,318
ml_samples/N4_sw0.15_x+2_i0013.h5,4,1.500000000e-01,2,1.260584802e+00,main,true,fall,224
ml_samples/N4_sw0.15_x+2_i0014.h5,4,1.500000000e-01,2,1.260584802e+00,main,true,rise,962
ml_samples/N4_sw0.15_x+2_i0015.h5,4,1.500000000e-01,2,1.260584802e+00,main,true,rise,2193
ml_samples/N4_sw0.15_x+2_i0016.h5,4,1.500000000e-01,2,1.260584802e+00,main,true,rise,1644
ml_samples/N4_sw0.15_x+2_i0017.h5,4,1.500000000e-01,2,1.260584802e+00,main,true,rise,1004
ml_samples/N4_sw0.15_x+2_i0018.h5,4,1.500000000e-01,2,1.260584802e+00,main,true,rise,317
ml_samples/N4_sw0.15_x+2_i0019.h5,4,1.500000000e-01,2,1.260584802e+00,main,true,rise,943
ml_samples/N4_sw0.15_x+2_i0020.h5,4,1.500000000e-01,2,1.260584802e+00,main,true,rise,967
ml_samples/N4_sw0.15_x+2_i0021.h5,4,1.500000000e-01,2,1.260584802e+00,main,true,rise,1108
ml_samples/N4_sw0.15_x+2_i0022.h5,4,1.500000000e-01,2,1.260584802e+00,main,true,rise,1849
ml_samples/N4_sw0.15_x+2_i0023.h5,4,1.500000000e-01,2,1.260584802e+00,main,true,rise,1643
ml_samples/N4_sw0.15_x+2_i0024.h5,4,1.500000000e-01,2,1.260584802e+00,main,true,rise,838
ml_samples/N4_sw0.15_x+2_i0025.h5,4,1.500000000e-01,2,1.260584802e+00,main,true,rise,1550
ml_samples/N4_sw0.15_x+2_i0026.h5,4,1.500000000e-01,2,1.260584802e+00,main,true,rise,942
ml_samples/N4_sw0.15_x+2_i0027.h5,4,1.500000000e-01,2,1.260584802e+00,main,true,rise,998
ml_samples/N4_sw0.15_x+2_i0028.h5,4,1.500000000e-01,2,1.260584802e+00,main,true,rise,537
ml_samples/N4_sw0.15_x+2_i0029.h5,4,1.500000000e-01,2,1.260584802e+00,main,true,rise,813
ml_samples/N4_sw0.15_x+2_i0030.h5,4,1.500000000e-01,2,1.260584802e+00,main,true,rise,544
ml_samples/N4_sw0.15_x+2_i0031.h5,4,1.500000000e-01,2,1.260584802e+00,main,true,rise,642
ml_samples/N4_sw0.15_x+2_i0032.h5,4,1.500000000e-01,2,1.260584802e+00,main,true,rise,713
ml_samples/N4_sw0.15_x+2_i0033.h5,4,1.500000000e-01,2,1.260584802e+00,main,true,rise,1862
ml_samples/N4_sw0.15_x+2_i0034.h5,4,1.500000000e-01,2,1.260584802e+00,main,true,rise,2443
ml_samples/N4_sw0.15_x+2_i0035.h5,4,1.500000000e-01,2,1.260584802e+00,main,true,rise,1601
ml_samples/N4_sw0.15_x+2_i0036.h5,4,1.500000000e-01,2,1.260584802e+00,main,true,rise,1323
ml_samples/N4_sw0.15_x+2_i0037.h5,4,1.500000000e-01,2,1.260584802e+00,main,true,rise,1342
ml_samples/N4_sw0.15_x+2_i0038.h5,4,1.500000000e-01,2,1.260584802e+00,main,true,rise,2281
ml_samples/N4_sw0.15_x+2_i0039.h5,4,1.500000000e-01,2,1.260584802e+00,main,true,rise,1665
ml_samples/N4_sw0.15_x+2_i0040.h5,4,1.500000000e-01,2,1.260584802e+00,main,true,rise,1173
ml_samples/N4_sw0.15_x+2_i0041.h5,4,1.500000000e-01,2,1.260584802e+00,main,true,rise,818
ml_samples/N4_sw0.15_x+2_i0042.h5,4,1.500000000e-01,2,1.260584802e+00,main,true,rise,1028
ml_samples/N4_sw0.15_x+2_i0043.h5,4,1.500000000e-01,2,1.260584802e+00,main,true,rise,798
ml_samples/N4_sw0.15_x+2_i0044.h5,4,1.500000000e-01,2,1.260584802e+00,main,true,rise,2023
ml_samples/N4_sw0.15_x+2_i0045.h5,4,1.500000000e-01,2,1.260584802e+00,main,true,rise,1342
ml_samples/N4_sw0.15_x+2_i0046.h5,4,1.500000000e-01,2,1.260584802e+00,main,true,fall,2005
ml_samples/N4_sw0.15_x+2_i0047.h5,4,1.500000000e-01,2,1.260584802e+00,main,true,rise,626
ml_samples/N4_sw0.15_x+2_i0048.h5,4,1.500000000e-01,2,1.260584802e+00,main,true,rise,595
ml_samples/N4_sw0.15_x+2_i0049.h5,4,1.500000000e-01,2,1.260584802e+00,main,true,rise,1003
ml_samples/N4_sw0.15_x+2_i0050.h5,4,1.500000000e-01,2,1.260584802e+00,main,true,rise,741
ml_samples/N4_sw0.15_x+2_i0051.h5,4,1.500000000e-01,2,1.260584802e+00,main,true,rise,610
ml_samples/N4_sw0.15_x+2_i0052.h5,4,1.500000000e-01,2,1.260584802e+00,main,true,rise,1753
ml_samples/N4_sw0.15_x+2_i0053.h5,4,1.500000000e-01,2,1.260584802e+00,main,true,rise,1172
ml_samples/N4_sw0.15_x+2_i0054.h5,4,1.500000000e-01,2,1.260584802e+00,main,true,rise,763
ml_samples/N4_sw0.15_x+2_i0055.h5,4,1.500000000e-01,2,1.260584802e+00,main,true,rise,1194
ml_samples/N4_sw0.15_x+2_i0056.h5,4,1.500000000e-01,2,1.260584802e+00,main,true,rise,1582
ml_samples/N4_sw0.15_x+2_i0057.h5,4,1.500000000e-01,2,1.260584802e+00,main,true,rise,834
ml_samples/N4_sw0.15_x+2_i0058.h5,4,1.500000000e-01,2,1.260584802e+00,main,true,rise,3159
ml_samples/N4_sw0.15_x+2_i0059.h5,4,1.500000000e-01,2,1.260584802e+00,main,true,rise,501
ml_samples/N4_sw0.15_x+2_i0060.h5,4,1.500000000e-01,2,1.260584802e+00,main,true,rise,3292
ml_samples/N4_sw0.15_x+2_i0061.h5,4,1.500000000e-01,2,1.260584802e+00,main,true,rise,730
ml_samples/N4_sw0.15_x+2_i0062.h5,4,1.500000000e-01,2,1.260584802e+00,main,true,rise,588
ml_samples/N4_sw0.15_x+2_i0063.h5,4,1.500000000e-01,2,1.260584802e+00,main,true,rise,1157
ml_samples/N4_sw0.15_x+2_i0064.h5,4,1.500000000e-01,2,1.260584802e+00,main,true,rise,1758
ml_samples/N4_sw0.15_x+2_i0065.h5,4,1.500000000e-01,2,1.260584802e+00,main,true,rise,715
ml_samples/N4_sw0.15_x+2_i0066.h5,4,1.500000000e-01,2,1.260584802e+00,main,true,fall,1981
ml_samples/N4_sw0.15_x+2_i0067.h5,4,1.500000000e-01,2,1.260584802e+00,main,true,rise,798
ml_samples/N4_sw0.15_x+2_i0068.h5,4,1.500000000e-01,2,1.260584802e+00,main,true,rise,1483
ml_samples/N4_sw0.15_x+2_i0069.h5,4,1.500000000e-01,2,1.260584802e+00,main,true,rise,901
ml_samples/N4_sw0.15_x+2_i0070.h5,4,1.500000000e-01,2,1.260584802e+00,main,true,rise,2480
ml_samples/N4_sw0.15_x+2_i0071.h5,4,1.500000000e-01,2,1.260584802e+00,main,true,rise,1609
ml_samples/N4_sw0.15_x+2_i0072.h5,4,1.500000000e-01,2,1.260584802e+00,main,true,rise,808
ml_samples/N4_sw0.15_x+2_i0073.h5,4,1.500000000e-01,2,1.260584802e+00,main,true,rise,2047
ml_samples/N4_sw0.15_x+2_i0074.h5,4,1.500000000e-01,2,1.260584802e+00,main,true,rise,1460
ml_samples/N4_sw0.15_x+2_i0075.h5,4,1.500000000e-01,2,1.260584802e+00,main,true,rise,697
ml_samples/N4_sw0.15_x+2_i0076.h5,4,1.500000000e-01,2,1.260584802e+00,main,true,rise,1210
ml_samples/N4_sw0.15_x+2_i0077.h5,4,1.500000000e-01,2,1.260584802e+00,main,true,rise,1141
ml_samples/N4_sw0.15_x+2_i0078.h5,4,1.500000000e-01,2,1.260584802e+00,main,true,fall,322
ml_samples/N4_sw0.15_x+2_i0079.h5,4,1.500000000e-01,2,1.260584802e+00,main,true,rise,789
ml_samples/N4_sw0.15_x+2_i0080.h5,4,1.500000000e-01,2,1.260584802e+00,main,true,rise,903
ml_samples/N4_sw0.15_x+2_i0081.h5,4,1.500000000e-01,2,1.260584802e+00,main,true,rise,4244
ml_samples/N4_sw0.15_x+2_i0082.h5,4,1.500000000e-01,2,1.260584802e+00,main,true,rise,1041
ml_samples/N4_sw0.15_x+2_i0083.h5,4,1.500000000e-01,2,1.260584802e+00,main,true,rise,4780
ml_samples/N4_sw0.15_x+2_i0084.h5,4,1.500000000e-01,2,1.260584802e+00,main,true,rise,729
ml_samples/N4_sw0.15_x+2_i0085.h5,4,1.500000000e-01,2,1.260584802e+00,main,true,rise,1167
ml_samples/N4_sw0.15_x+2_i0086.h5,4,1.500000000e-01,2,1.260584802e+00,main,true,rise,947
ml_samples/N4_sw0.15_x+2_i0087.h5,4,1.500000000e-01,2,1.260584802e+00,main,true,rise,1208
ml_samples/N4_sw0.15_x+2_i0088.h5,4,1.500000000e-01,2,1.260584802e+00,main,true,rise,833
ml_samples/N4_sw0.15_x+2_i0089.h5,4,1.500000000e-01,2,1.260584802e+00,main,true,rise,1847
ml_samples/N4_sw0.15_x+2_i0090.h5,4,1.500000000e-01,2,1.260584802e+00,main,true,rise,483
ml_samples/N4_sw0.15_x+2_i0091.h5,4,1.500000000e-01,2,1.260584802e+00,main,true,rise,832
ml_samples/N4_sw0.15_x+2_i0092.h5,4,1.500000000e-01,2,1.260584802e+00,main,true,rise,654
ml_samples/N4_sw0.15_x+2_i0093.h5,4,1.500000000e-01,2,1.260584802e+00,main,true,rise,877
ml_samples/N4_sw0.15_x+2_i0094.h5,4,1.500000000e-01,2,1.260584802e+00,main,true,rise,602
ml_samples/N4_sw0.15_x+2_i0095.h5,4,1.500000000e-01,2,1.260584802e+00,main,true,rise,534
ml_samples/N4_sw0.15_x+2_i0096.h5,4,1.500000000e-01,2,1.260584802e+00,main,true,rise,395
ml_samples/N4_sw0.15_x+2_i0097.h5,4,1.500000000e-01,2,1.260584802e+00,main,true,rise,594
ml_samples/N4_sw0.15_x+2_i0098.h5,4,1.500000000e-01,2,1.260584802e+00,main,true,rise,660
ml_samples/N4_sw0.15_x+2_i0099.h5,4,1.500000000e-01,2,1.260584802e+00,main,true,rise,638
ml_samples/N4_sw0.15_x+4_i0000.h5,4,1.500000000e-01,4,1.521169604e+00,main,true,rise,587
ml_samples/N4_sw0.15_x+4_i0001.h5,4,1.500000000e-01,4,1.521169604e+00,main,true,rise,419
ml_samples/N4_sw0.15_x+4_i0002.h5,4,1.500000000e-01,4,1.521169604e+00,main,true,rise,347
ml_samples/N4_sw0.15_x+4_i0003.h5,4,1.500000000e-01,4,1.521169604e+00,main,true,rise,862
ml_samples/N4_sw0.15_x+4_i0004.h5,4,1.500000000e-01,4,1.521169604e+00,main,true,rise,478
ml_samples/N4_sw0.15_x+4_i0005.h5,4,1.500000000e-01,4,1.521169604e+00,main,true,rise,314
ml_samples/N4_sw0.15_x+4_i0006.h5,4,1.500000000e-01,4,1.521169604e+00,main,true,rise,363
ml_samples/N4_sw0.15_x+4_i0007.h5,4,1.500000000e-01,4,1.521169604e+00,main,true,rise,454
ml_samples/N4_sw0.15_x+4_i0008.h5,4,1.500000000e-01,4,1.521169604e+00,main,true,rise,954
ml_samples/N4_sw0.15_x+4_i0009.h5,4,1.500000000e-01,4,1.521169604e+00,main,true,rise,539
ml_samples/N4_sw0.15_x+4_i0010.h5,4,1.500000000e-01,4,1.521169604e+00,main,true,rise,437
ml_samples/N4_sw0.15_x+4_i0011.h5,4,1.500000000e-01,4,1.521169604e+00,main,true,rise,491
ml_samples/N4_sw0.15_x+4_i0012.h5,4,1.500000000e-01,4,1.521169604e+00,main,true,rise,853
ml_samples/N4_sw0.15_x+4_i0013.h5,4,1.500000000e-01,4,1.521169604e+00,main,true,rise,447
ml_samples/N4_sw0.15_x+4_i0014.h5,4,1.500000000e-01,4,1.521169604e+00,main,true,rise,664
ml_samples/N4_sw0.15_x+4_i0015.h5,4,1.500000000e-01,4,1.521169604e+00,main,true,rise,524
ml_samples/N4_sw0.15_x+4_i0016.h5,4,1.500000000e-01,4,1.521169604e+00,main,true,rise,1175
ml_samples/N4_sw0.15_x+4_i0017.h5,4,1.500000000e-01,4,1.521169604e+00,main,true,rise,1010
ml_samples/N4_sw0.15_x+4_i0018.h5,4,1.500000000e-01,4,1.521169604e+00,main,true,rise,505
ml_samples/N4_sw0.15_x+4_i0019.h5,4,1.500000000e-01,4,1.521169604e+00,main,true,rise,449
ml_samples/N4_sw0.15_x+4_i0020.h5,4,1.500000000e-01,4,1.521169604e+00,main,true,rise,1099
ml_samples/N4_sw0.15_x+4_i0021.h5,4,1.500000000e-01,4,1.521169604e+00,main,true,rise,415
ml_samples/N4_sw0.15_x+4_i0022.h5,4,1.500000000e-01,4,1.521169604e+00,main,true,rise,426
ml_samples/N4_sw0.15_x+4_i0023.h5,4,1.500000000e-01,4,1.521169604e+00,main,true,rise,427
ml_samples/N4_sw0.15_x+4_i0024.h5,4,1.500000000e-01,4,1.521169604e+00,main,true,rise,413
ml_samples/N4_sw0.15_x+4_i0025.h5,4,1.500000000e-01,4,1.521169604e+00,main,true,rise,391
ml_samples/N4_sw0.15_x+4_i0026.h5,4,1.500000000e-01,4,1.521169604e+00,main,true,rise,595
ml_samples/N4_sw0.15_x+4_i0027.h5,4,1.500000000e-01,4,1.521169604e+00,main,true,rise,797
ml_samples/N4_sw0.15_x+4_i0028.h5,4,1.500000000e-01,4,1.521169604e+00,main,true,rise,639
ml_samples/N4_sw0.15_x+4_i0029.h5,4,1.500000000e-01,4,1.521169604e+00,main,true,rise,644
ml_samples/N4_sw0.15_x+4_i0030.h5,4,1.500000000e-01,4,1.521169604e+00,main,true,rise,641
ml_samples/N4_sw0.15_x+4_i0031.h5,4,1.500000000e-01,4,1.521169604e+00,main,true,rise,349
ml_samples/N4_sw0.15_x+4_i0032.h5,4,1.500000000e-01,4,1.521169604e+00,main,true,rise,421
ml_samples/N4_sw0.15_x+4_i0033.h5,4,1.500000000e-01,4,1.521169604e+00,main,true,rise,423
ml_samples/N4_sw0.15_x+4_i0034.h5,4,1.500000000e-01,4,1.521169604e+00,main,true,rise,847
ml_samples/N4_sw0.15_x+4_i0035.h5,4,1.500000000e-01,4,1.521169604e+00,main,true,rise,757
ml_samples/N4_sw0.15_x+4_i0036.h5,4,1.500000000e-01,4,1.521169604e+00,main,true,rise,523
ml_samples/N4_sw0.15_x+4_i0037.h5,4,1.500000000e-01,4,1.521169604e+00,main,true,rise,355
ml_samples/N4_sw0.15_x+4_i0038.h5,4,1.500000000e-01,4,1.521169604e+00,main,true,rise,424
ml_samples/N4_sw0.15_x+4_i0039.h5,4,1.500000000e-01,4,1.521169604e+00,main,true,rise,461
ml_samples/N4_sw0.15_x+4_i0040.h5,4,1.500000000e-01,4,1.521169604e+00,main,true,rise,556
ml_samples/N4_sw0.15_x+4_i0041.h5,4,1.500000000e-01,4,1.521169604e+00,main,true,rise,613
ml_samples/N4_sw0.15_x+4_i0042.h5,4,1.500000000e-01,4,1.521169604e+00,main,true,rise,410
ml_samples/N4_sw0.15_x+4_i0043.h5,4,1.500000000e-01,4,1.521169604e+00,main,true,rise,297
ml_samples/N4_sw0.15_x+4_i0044.h5,4,1.500000000e-01,4,1.521169604e+00,main,true,rise,1572
ml_samples/N4_sw0.15_x+4_i0045.h5,4,1.500000000e-01,4,1.521169604e+00,main,true,rise,483
ml_samples/N4_sw0.15_x+4_i0046.h5,4,1.500000000e-01,4,1.521169604e+00,main,true,rise,359
ml_samples/N4_sw0.15_x+4_i0047.h5,4,1.500000000e-01,4,1.521169604e+00,main,true,rise,793
ml_samples/N4_sw0.15_x+4_i0048.h5,4,1.500000000e-01,4,1.521169604e+00,main,true,rise,687
ml_samples/N4_sw0.15_x+4_i0049.h5,4,1.500000000e-01,4,1.521169604e+00,main,true,rise,437
ml_samples/N4_sw0.15_x+4_i0050.h5,4,1.500000000e-01,4,1.521169604e+00,main,true,rise,569
ml_samples/N4_sw0.15_x+4_i0051.h5,4,1.500000000e-01,4,1.521169604e+00,main,true,rise,738
ml_samples/N4_sw0.15_x+4_i0052.h5,4,1.500000000e-01,4,1.521169604e+00,main,true,rise,367
ml_samples/N4_sw0.15_x+4_i0053.h5,4,1.500000000e-01,4,1.521169604e+00,main,true,rise,385
ml_samples/N4_sw0.15_x+4_i0054.h5,4,1.500000000e-01,4,1.521169604e+00,main,true,rise,288
ml_samples/N4_sw0.15_x+4_i0055.h5,4,1.500000000e-01,4,1.521169604e+00,main,true,rise,336
ml_samples/N4_sw0.15_x+4_i0056.h5,4,1.500000000e-01,4,1.521169604e+00,main,true,rise,393
ml_samples/N4_sw0.15_x+4_i0057.h5,4,1.500000000e-01,4,1.521169604e+00,main,true,rise,443
ml_samples/N4_sw0.15_x+4_i0058.h5,4,1.500000000e-01,4,1.521169604e+00,main,true,rise,381
ml_samples/N4_sw0.15_x+4_i0059.h5,4,1.500000000e-01,4,1.521169604e+00,main,true,rise,695
ml_samples/N4_sw0.15_x+4_i0060.h5,4,1.500000000e-01,4,1.521169604e+00,main,true,rise,380
ml_samples/N4_sw0.15_x+4_i0061.h5,4,1.500000000e-01,4,1.521169604e+00,main,true,rise,479
ml_samples/N4_sw0.15_x+4_i0062.h5,4,1.500000000e-01,4,1.521169604e+00,main,true,rise,979
ml_samples/N4_sw0.15_x+4_i0063.h5,4,1.500000000e-01,4,1.521169604e+00,main,true,rise,360
ml_samples/N4_sw0.15_x+4_i0064.h5,4,1.500000000e-01,4,1.521169604e+00,main,true,rise,605
ml_samples/N4_sw0.15_x+4_i0065.h5,4,1.500000000e-01,4,1.521169604e+00,main,true,rise,652
ml_samples/N4_sw0.15_x+4_i0066.h5,4,1.500000000e-01,4,1.521169604e+00,main,true,rise,728
ml_samples/N4_sw0.15_x+4_i0067.h5,4,1.500000000e-01,4,1.521169604e+00,main,true,rise,496
ml_samples/N4_sw0.15_x+4_i0068.h5,4,1.500000000e-01,4,1.521169604e+00,main,true,rise,389
ml_samples/N4_sw0.15_x+4_i0069.h5,4,1.500000000e-01,4,1.521169604e+00,main,true,rise,491
ml_samples/N4_sw0.15_x+4_i0070.h5,4,1.500000000e-01,4,1.521169604e+00,main,true,rise,826
ml_samples/N4_sw0.15_x+4_i0071.h5,4,1.500000000e-01,4,1.521169604e+00,main,true,rise,392
ml_samples/N4_sw0.15_x+4_i0072.h5,4,1.500000000e-01,4,1.521169604e+00,main,true,rise,418
ml_samples/N4_sw0.15_x+4_i0073.h5,4,1.500000000e-01,4,1.521169604e+00,main,true,rise,466
ml_samples/N4_sw0.15_x+4_i0074.h5,4,1.500000000e-01,4,1.521169604e+00,main,true,rise,328
ml_samples/N4_sw0.15_x+4_i0075.h5,4,1.500000000e-01,4,1.521169604e+00,main,true,rise,816
ml_samples/N4_sw0.15_x+4_i0076.h5,4,1.500000000e-01,4,1.521169604e+00,main,true,rise,356
ml_samples/N4_sw0.15_x+4_i0077.h5,4,1.500000000e-01,4,1.521169604e+00,main,true,rise,263
ml_samples/N4_sw0.15_x+4_i0078.h5,4,1.500000000e-01,4,1.521169604e+00,main,true,rise,342
ml_samples/N4_sw0.15_x+4_i0079.h5,4,1.500000000e-01,4,1.521169604e+00,main,true,rise,2147
ml_samples/N4_sw0.15_x+4_i0080.h5,4,1.500000000e-01,4,1.521169604e+00,main,true,rise,876
ml_samples/N4_sw0.15_x+4_i0081.h5,4,1.500000000e-01,4,1.521169604e+00,main,true,rise,924
ml_samples/N4_sw0.15_x+4_i0082.h5,4,1.500000000e-01,4,1.521169604e+00,main,true,rise,607
ml_samples/N4_sw0.15_x+4_i0083.h5,4,1.500000000e-01,4,1.521169604e+00,main,true,rise,433
ml_samples/N4_sw0.15_x+4_i0084.h5,4,1.500000000e-01,4,1.521169604e+00,main,true,rise,623
ml_samples/N4_sw0.15_x+4_i0085.h5,4,1.500000000e-01,4,1.521169604e+00,main,true,rise,846
ml_samples/N4_sw0.15_x+4_i0086.h5,4,1.500000000e-01,4,1.521169604e+00,main,true,rise,427
ml_samples/N4_sw0.15_x+4_i0087.h5,4,1.500000000e-01,4,1.521169604e+00,main,true,rise,495
ml_samples/N4_sw0.15_x+4_i0088.h5,4,1.500000000e-01,4,1.521169604e+00,main,true,rise,671
ml_samples/N4_sw0.15_x+4_i0089.h5,4,1.500000000e-01,4,1.521169604e+00,main,true,rise,451
ml_samples/N4_sw0.15_x+4_i0090.h5,4,1.500000000e-01,4,1.521169604e+00,main,true,rise,402
ml_samples/N4_sw0.15_x+4_i0091.h5,4,1.500000000e-01,4,1.521169604e+00,main,true,rise,570
ml_samples/N4_sw0.15_x+4_i0092.h5,4,1.500000000e-01,4,1.521169604e+00,main,true,rise,581
ml_samples/N4_sw0.15_x+4_i0093.h5,4,1.500000000e-01,4,1.521169604e+00,main,true,rise,407
ml_samples/N4_sw0.15_x+4_i0094.h5,4,1.500000000e-01,4,1.521169604e+00,main,true,rise,375
ml_samples/N4_sw0.15_x+4_i0095.h5,4,1.500000000e-01,4,1.521169604e+00,main,true,rise,319
ml_samples/N4_sw0.15_x+4_i0096.h5,4,1.500000000e-01,4,1.521169604e+00,main,true,rise,688
ml_samples/N4_sw0.15_x+4_i0097.h5,4,1.500000000e-01,4,1.521169604e+00,main,true,rise,479
ml_samples/N4_sw0.15_x+4_i0098.h5,4,1.500000000e-01,4,1.521169604e+00,main,true,rise,547
ml_samples/N4_sw0.15_x+4_i0099.h5,4,1.500000000e-01,4,1.521169604e+00,main,true,rise,486
ml_samples/N4_sw0.22_x-1_i0000.h5,4,2.200000000e-01,-1,8.089044787e-01,gen_sigma,true,fall,247
ml_samples/N4_sw0.22_x-1_i0001.h5,4,2.200000000e-01,-1,8.089044787e-01,gen_sigma,true,rise,1242
ml_samples/N4_sw0.22_x-1_i0002.h5,4,2.200000000e-01,-1,8.089044787e-01,gen_sigma,true,fall,348
ml_samples/N4_sw0.22_x-1_i0003.h5,4,2.200000000e-01,-1,8.089044787e-01,gen_sigma,true,fall,152
ml_samples/N4_sw0.22_x-1_i0004.h5,4,2.200000000e-01,-1,8.089044787e-01,gen_sigma,true,fall,123
ml_samples/N4_sw0.22_x-1_i0005.h5,4,2.200000000e-01,-1,8.089044787e-01,gen_sigma,true,fall,185
ml_samples/N4_sw0.22_x-1_i0006.h5,4,2.200000000e-01,-1,8.089044787e-01,gen_sigma,true,fall,1525
ml_samples/N4_sw0.22_x-1_i0007.h5,4,2.200000000e-01,-1,8.089044787e-01,gen_sigma,true,fall,1170
ml_samples/N4_sw0.22_x-1_i0008.h5,4,2.200000000e-01,-1,8.089044787e-01,gen_sigma,true,fall,2584
ml_samples/N4_sw0.22_x-1_i0009.h5,4,2.200000000e-01,-1,8.089044787e-01,gen_sigma,true,fall,134
ml_samples/N4_sw0.22_x-1_i0010.h5,4,2.200000000e-01,-1,8.089044787e-01,gen_sigma,true,fall,280
ml_samples/N4_sw0.22_x-1_i0011.h5,4,2.200000000e-01,-1,8.089044787e-01,gen_sigma,true,fall,574
ml_samples/N4_sw0.22_x-1_i0012.h5,4,2.200000000e-01,-1,8.089044787e-01,gen_sigma,true,fall,156
ml_samples/N4_sw0.22_x-1_i0013.h5,4,2.200000000e-01,-1,8.089044787e-01,gen_sigma,true,fall,437
ml_samples/N4_sw0.22_x-1_i0014.h5,4,2.200000000e-01,-1,8.089044787e-01,gen_sigma,true,fall,208
ml_samples/N4_sw0.22_x-1_i0015.h5,4,2.200000000e-01,-1,8.089044787e-01,gen_sigma,true,rise,2015
ml_samples/N4_sw0.22_x-1_i0016.h5,4,2.200000000e-01,-1,8.089044787e-01,gen_sigma,true,fall,221
ml_samples/N4_sw0.22_x-1_i0017.h5,4,2.200000000e-01,-1,8.089044787e-01,gen_sigma,true,fall,963
ml_samples/N4_sw0.22_x-1_i0018.h5,4,2.200000000e-01,-1,8.089044787e-01,gen_sigma,true,fall,373
ml_samples/N4_sw0.22_x-1_i0019.h5,4,2.200000000e-01,-1,8.089044787e-01,gen_sigma,true,fall,4218
ml_samples/N4_sw0.22_x-1_i0020.h5,4,2.200000000e-01,-1,8.089044787e-01,gen_sigma,true,fall,631
ml_samples/N4_sw0.22_x-1_i0021.h5,4,2.200000000e-01,-1,8.089044787e-01,gen_sigma,true,fall,2177
ml_samples/N4_sw0.22_x-1_i0022.h5,4,2.200000000e-01,-1,8.089044787e-01,gen_sigma,true,fall,545
ml_samples/N4_sw0.22_x-1_i0023.h5,4,2.200000000e-01,-1,8.089044787e-01,gen_sigma,true,fall,264
ml_samples/N4_sw0.22_x-1_i0024.h5,4,2.200000000e-01,-1,8.089044787e-01,gen_sigma,true,fall,181
ml_samples/N4_sw0.22_x-1_i0025.h5,4,2.200000000e-01,-1,8.089044787e-01,gen_sigma,true,fall,168
ml_samples/N4_sw0.22_x-1_i0026.h5,4,2.200000000e-01,-1,8.089044787e-01,gen_sigma,true,fall,431
ml_samples/N4_sw0.22_x-1_i0027.h5,4,2.200000000e-01,-1,8.089044787e-01,gen_sigma,true,fall,238
ml_samples/N4_sw0.22_x-1_i0028.h5,4,2.200000000e-01,-1,8.089044787e-01,gen_sigma,true,fall,363
ml_samples/N4_sw0.22_x-1_i0029.h5,4,2.200000000e-01,-1,8.089044787e-01,gen_sigma,true,fall,214
ml_samples/N4_sw0.22_x-1_i0030.h5,4,2.200000000e-01,-1,8.089044787e-01,gen_sigma,true,fall,214
ml_samples/N4_sw0.22_x-1_i0031.h5,4,2.200000000e-01,-1,8.089044787e-01,gen_sigma,true,fall,524
ml_samples/N4_sw0.22_x-1_i0032.h5,4,2.200000000e-01,-1,8.089044787e-01,gen_sigma,true,fall,588
ml_samples/N4_sw0.22_x-1_i0033.h5,4,2.200000000e-01,-1,8.089044787e-01,gen_sigma,true,fall,273
ml_samples/N4_sw0.22_x-1_i0034.h5,4,2.200000000e-01,-1,8.089044787e-01,gen_sigma,true,fall,156
ml_samples/N4_sw0.22_x-1_i0035.h5,4,2.200000000e-01,-1,8.089044787e-01,gen_sigma,true,fall,375
ml_samples/N4_sw0.22_x-1_i0036.h5,4,2.200000000e-01,-1,8.089044787e-01,gen_sigma,true,fall,199
ml_samples/N4_sw0.22_x-1_i0037.h5,4,2.200000000e-01,-1,8.089044787e-01,gen_sigma,true,fall,1344
ml_samples/N4_sw0.22_x-1_i0038.h5,4,2.200000000e-01,-1,8.089044787e-01,gen_sigma,true,fall,293
ml_samples/N4_sw0.22_x-1_i0039.h5,4,2.200000000e-01,-1,8.089044787e-01,gen_sigma,true,fall,250
ml_samples/N4_sw0.22_x-1_i0040.h5,4,2.200000000e-01,-1,8.089044787e-01,gen_sigma,true,fall,3235
ml_samples/N4_sw0.22_x-1_i0041.h5,4,2.200000000e-01,-1,8.089044787e-01,gen_sigma,true,fall,2132
ml_samples/N4_sw0.22_x-1_i0042.h5,4,2.200000000e-01,-1,8.089044787e-01,gen_sigma,true,fall,211
ml_samples/N4_sw0.22_x-1_i0043.h5,4,2.200000000e-01,-1,8.089044787e-01,gen_sigma,true,fall,168
ml_samples/N4_sw0.22_x-1_i0044.h5,4,2.200000000e-01,-1,8.089044787e-01,gen_sigma,true,fall,547
ml_samples/N4_sw0.22_x-1_i0045.h5,4,2.200000000e-01,-1,8.089044787e-01,gen_sigma,true,fall,1346
ml_samples/N4_sw0.22_x-1_i0046.h5,4,2.200000000e-01,-1,8.089044787e-01,gen_sigma,true,fall,374
ml_samples/N4_sw0.22_x-1_i0047.h5,4,2.200000000e-01,-1,8.089044787e-01,gen_sigma,true,fall,176
ml_samples/N4_sw0.22_x-1_i0048.h5,4,2.200000000e-01,-1,8.089044787e-01,gen_sigma,true,fall,2957
ml_samples/N4_sw0.22_x-1_i0049.h5,4,2.200000000e-01,-1,8.089044787e-01,gen_sigma,true,fall,142
ml_samples/N4_sw0.22_x+0_i0000.h5,4,2.200000000e-01,0,1.000000000e+00,gen_sigma,true,fall,951
ml_samples/N4_sw0.22_x+0_i0001.h5,4,2.200000000e-01,0,1.000000000e+00,gen_sigma,true,rise,4460
ml_samples/N4_sw0.22_x+0_i0002.h5,4,2.200000000e-01,0,1.000000000e+00,gen_sigma,true,rise,1110
ml_samples/N4_sw0.22_x+0_i0003.h5,4,2.200000000e-01,0,1.000000000e+00,gen_sigma,true,rise,930
ml_samples/N4_sw0.22_x+0_i0004.h5,4,2.200000000e-01,0,1.000000000e+00,gen_sigma,true,rise,1353
ml_samples/N4_sw0.22_x+0_i0005.h5,4,2.200000000e-01,0,1.000000000e+00,gen_sigma,true,fall,171
ml_samples/N4_sw0.22_x+0_i0006.h5,4,2.200000000e-01,0,1.000000000e+00,gen_sigma,true,fall,286
ml_samples/N4_sw0.22_x+0_i0007.h5,4,2.200000000e-01,0,1.000000000e+00,gen_sigma,true,fall,112
ml_samples/N4_sw0.22_x+0_i0008.h5,4,2.200000000e-01,0,1.000000000e+00,gen_sigma,true,fall,344
ml_samples/N4_sw0.22_x+0_i0009.h5,4,2.200000000e-01,0,1.000000000e+00,gen_sigma,true,fall,132
ml_samples/N4_sw0.22_x+0_i0010.h5,4,2.200000000e-01,0,1.000000000e+00,gen_sigma,true,fall,706
ml_samples/N4_sw0.22_x+0_i0011.h5,4,2.200000000e-01,0,1.000000000e+00,gen_sigma,true,fall,1342
ml_samples/N4_sw0.22_x+0_i0012.h5,4,2.200000000e-01,0,1.000000000e+00,gen_sigma,true,fall,999
ml_samples/N4_sw0.22_x+0_i0013.h5,4,2.200000000e-01,0,1.000000000e+00,gen_sigma,true,fall,852
ml_samples/N4_sw0.22_x+0_i0014.h5,4,2.200000000e-01,0,1.000000000e+00,gen_sigma,true,fall,715
ml_samples/N4_sw0.22_x+0_i0015.h5,4,2.200000000e-01,0,1.000000000e+00,gen_sigma,true,fall,734
ml_samples/N4_sw0.22_x+0_i0016.h5,4,2.200000000e-01,0,1.000000000e+00,gen_sigma,true,fall,260
ml_samples/N4_sw0.22_x+0_i0017.h5,4,2.200000000e-01,0,1.000000000e+00,gen_sigma,true,rise,1549
ml_samples/N4_sw0.22_x+0_i0018.h5,4,2.200000000e-01,0,1.000000000e+00,gen_sigma,true,fall,2992
ml_samples/N4_sw0.22_x+0_i0019.h5,4,2.200000000e-01,0,1.000000000e+00,gen_sigma,true,fall,1294
ml_samples/N4_sw0.22_x+0_i0020.h5,4,2.200000000e-01,0,1.000000000e+00,gen_sigma,true,rise,434
ml_samples/N4_sw0.22_x+0_i0021.h5,4,2.200000000e-01,0,1.000000000e+00,gen_sigma,true,fall,462
ml_samples/N4_sw0.22_x+0_i0022.h5,4,2.200000000e-01,0,1.000000000e+00,gen_sigma,true,rise,992
ml_samples/N4_sw0.22_x+0_i0023.h5,4,2.200000000e-01,0,1.000000000e+00,gen_sigma,true,fall,1024
ml_samples/N4_sw0.22_x+0_i0024.h5,4,2.200000000e-01,0,1.000000000e+00,gen_sigma,true,fall,722
ml_samples/N4_sw0.22_x+0_i0025.h5,4,2.200000000e-01,0,1.000000000e+00,gen_sigma,true,fall,903
ml_samples/N4_sw0.22_x+0_i0026.h5,4,2.200000000e-01,0,1.000000000e+00,gen_sigma,true,fall,435
ml_samples/N4_sw0.22_x+0_i0027.h5,4,2.200000000e-01,0,1.000000000e+00,gen_sigma,true,rise,2705
ml_samples/N4_sw0.22_x+0_i0028.h5,4,2.200000000e-01,0,1.000000000e+00,gen_sigma,true,fall,1978
ml_samples/N4_sw0.22_x+0_i0029.h5,4,2.200000000e-01,0,1.000000000e+00,gen_sigma,true,fall,240
ml_samples/N4_sw0.22_x+0_i0030.h5,4,2.200000000e-01,0,1.000000000e+00,gen_sigma,true,fall,765
ml_samples/N4_sw0.22_x+0_i0031.h5,4,2.200000000e-01,0,1.000000000e+00,gen_sigma,true,rise,649
ml_samples/N4_sw0.22_x+0_i0032.h5,4,2.200000000e-01,0,1.000000000e+00,gen_sigma,true,fall,162
ml_samples/N4_sw0.22_x+0_i0033.h5,4,2.200000000e-01,0,1.000000000e+00,gen_sigma,true,fall,166
ml_samples/N4_sw0.22_x+0_i0034.h5,4,2.200000000e-01,0,1.000000000e+00,gen_sigma,true,rise,1113
ml_samples/N4_sw0.22_x+0_i0035.h5,4,2.200000000e-01,0,1.000000000e+00,gen_sigma,true,fall,486
ml_samples/N4_sw0.22_x+0_i0036.h5,4,2.200000000e-01,0,1.000000000e+00,gen_sigma,true,rise,966
ml_samples/N4_sw0.22_x+0_i0037.h5,4,2.200000000e-01,0,1.000000000e+00,gen_sigma,true,fall,498
ml_samples/N4_sw0.22_x+0_i0038.h5,4,2.200000000e-01,0,1.000000000e+00,gen_sigma,true,rise,1004
ml_samples/N4_sw0.22_x+0_i0039.h5,4,2.200000000e-01,0,1.000000000e+00,gen_sigma,true,rise,3617
ml_samples/N4_sw0.22_x+0_i0040.h5,4,2.200000000e-01,0,1.000000000e+00,gen_sigma,true,rise,898
ml_samples/N4_sw0.22_x+0_i0041.h5,4,2.200000000e-01,0,1.000000000e+00,gen_sigma,true,fall,157
ml_samples/N4_sw0.22_x+0_i0042.h5,4,2.200000000e-01,0,1.000000000e+00,gen_sigma,true,fall,123
ml_samples/N4_sw0.22_x+0_i0043.h5,4,2.200000000e-01,0,1.000000000e+00,gen_sigma,true,fall,1664
ml_samples/N4_sw0.22_x+0_i0044.h5,4,2.200000000e-01,0,1.000000000e+00,gen_sigma,true,fall,710
ml_samples/N4_sw0.22_x+0_i0045.h5,4,2.200000000e-01,0,1.000000000e+00,gen_sigma,true,fall,360
ml_samples/N4_sw0.22_x+0_i0046.h5,4,2.200000000e-01,0,1.000000000e+00,gen_sigma,true,fall,2504
ml_samples/N4_sw0.22_x+0_i0047.h5,4,2.200000000e-01,0,1.000000000e+00,gen_sigma,true,fall,474
ml_samples/N4_sw0.22_x+0_i0048.h5,4,2.200000000e-01,0,1.000000000e+00,gen_sigma,true,rise,1375
ml_samples/N4_sw0.22_x+0_i0049.h5,4,2.200000000e-01,0,1.000000000e+00,gen_sigma,true,fall,1078
ml_samples/N4_sw0.22_x+1_i0000.h5,4,2.200000000e-01,1,1.191095521e+00,gen_sigma,true,fall,478
ml_samples/N4_sw0.22_x+1_i0001.h5,4,2.200000000e-01,1,1.191095521e+00,gen_sigma,true,rise,795
ml_samples/N4_sw0.22_x+1_i0002.h5,4,2.200000000e-01,1,1.191095521e+00,gen_sigma,true,rise,1464
ml_samples/N4_sw0.22_x+1_i0003.h5,4,2.200000000e-01,1,1.191095521e+00,gen_sigma,true,rise,631
ml_samples/N4_sw0.22_x+1_i0004.h5,4,2.200000000e-01,1,1.191095521e+00,gen_sigma,true,fall,1378
ml_samples/N4_sw0.22_x+1_i0005.h5,4,2.200000000e-01,1,1.191095521e+00,gen_sigma,true,rise,2377
ml_samples/N4_sw0.22_x+1_i0006.h5,4,2.200000000e-01,1,1.191095521e+00,gen_sigma,true,rise,834
ml_samples/N4_sw0.22_x+1_i0007.h5,4,2.200000000e-01,1,1.191095521e+00,gen_sigma,true,fall,710
ml_samples/N4_sw0.22_x+1_i0008.h5,4,2.200000000e-01,1,1.191095521e+00,gen_sigma,true,rise,1945
ml_samples/N4_sw0.22_x+1_i0009.h5,4,2.200000000e-01,1,1.191095521e+00,gen_sigma,true,rise,1356
ml_samples/N4_sw0.22_x+1_i0010.h5,4,2.200000000e-01,1,1.191095521e+00,gen_sigma,true,rise,346
ml_samples/N4_sw0.22_x+1_i0011.h5,4,2.200000000e-01,1,1.191095521e+00,gen_sigma,true,rise,587
ml_samples/N4_sw0.22_x+1_i0012.h5,4,2.200000000e-01,1,1.191095521e+00,gen_sigma,true,rise,1260
ml_samples/N4_sw0.22_x+1_i0013.h5,4,2.200000000e-01,1,1.191095521e+00,gen_sigma,true,fall,326
ml_samples/N4_sw0.22_x+1_i0014.h5,4,2.200000000e-01,1,1.191095521e+00,gen_sigma,true,rise,812
ml_samples/N4_sw0.22_x+1_i0015.h5,4,2.200000000e-01,1,1.191095521e+00,gen_sigma,true,rise,540
ml_samples/N4_sw0.22_x+1_i0016.h5,4,2.200000000e-01,1,1.191095521e+00,gen_sigma,true,fall,178
ml_samples/N4_sw0.22_x+1_i0017.h5,4,2.200000000e-01,1,1.191095521e+00,gen_sigma,true,rise,2712
ml_samples/N4_sw0.22_x+1_i0018.h5,4,2.200000000e-01,1,1.191095521e+00,gen_sigma,true,rise,475
ml_samples/N4_sw0.22_x+1_i0019.h5,4,2.200000000e-01,1,1.191095521e+00,gen_sigma,true,rise,1151
ml_samples/N4_sw0.22_x+1_i0020.h5,4,2.200000000e-01,1,1.191095521e+00,gen_sigma,true,rise,1211
ml_samples/N4_sw0.22_x+1_i0021.h5,4,2.200000000e-01,1,1.191095521e+00,gen_sigma,true,fall,139
ml_samples/N4_sw0.22_x+1_i0022.h5,4,2.200000000e-01,1,1.191095521e+00,gen_sigma,true,rise,1516
ml_samples/N4_sw0.22_x+1_i0023.h5,4,2.200000000e-01,1,1.191095521e+00,gen_sigma,true,rise,793
ml_samples/N4_sw0.22_x+1_i0024.h5,4,2.200000000e-01,1,1.191095521e+00,gen_sigma,true,rise,591
ml_samples/N4_sw0.22_x+1_i0025.h5,4,2.200000000e-01,1,1.191095521e+00,gen_sigma,true,rise,1276
ml_samples/N4_sw0.22_x+1_i0026.h5,4,2.200000000e-01,1,1.191095521e+00,gen_sigma,true,rise,746
ml_samples/N4_sw0.22_x+1_i0027.h5,4,2.200000000e-01,1,1.191095521e+00,gen_sigma,true,rise,647
ml_samples/N4_sw0.22_x+1_i0028.h5,4,2.200000000e-01,1,1.191095521e+00,gen_sigma,true,rise,623
ml_samples/N4_sw0.22_x+1_i0029.h5,4,2.200000000e-01,1,1.191095521e+00,gen_sigma,true,rise,2454
ml_samples/N4_sw0.22_x+1_i0030.h5,4,2.200000000e-01,1,1.191095521e+00,gen_sigma,true,rise,624
ml_samples/N4_sw0.22_x+1_i0031.h5,4,2.200000000e-01,1,1.191095521e+00,gen_sigma,true,fall,352
ml_samples/N4_sw0.22_x+1_i0032.h5,4,2.200000000e-01,1,1.191095521e+00,gen_sigma,true,fall,169
ml_samples/N4_sw0.22_x+1_i0033.h5,4,2.200000000e-01,1,1.191095521e+00,gen_sigma,true,rise,915
ml_samples/N4_sw0.22_x+1_i0034.h5,4,2.200000000e-01,1,1.191095521e+00,gen_sigma,true,rise,597
ml_samples/N4_sw0.22_x+1_i0035.h5,4,2.200000000e-01,1,1.191095521e+00,gen_sigma,true,rise,961
ml_samples/N4_sw0.22_x+1_i0036.h5,4,2.200000000e-01,1,1.191095521e+00,gen_sigma,true,rise,382
ml_samples/N4_sw0.22_x+1_i0037.h5,4,2.200000000e-01,1,1.191095521e+00,gen_sigma,true,rise,488
ml_samples/N4_sw0.22_x+1_i0038.h5,4,2.200000000e-01,1,1.191095521e+00,gen_sigma,true,rise,1119
ml_samples/N4_sw0.22_x+1_i0039.h5,4,2.200000000e-01,1,1.191095521e+00,gen_sigma,true,rise,573
ml_samples/N4_sw0.22_x+1_i0040.h5,4,2.200000000e-01,1,1.191095521e+00,gen_sigma,true,rise,1014
ml_samples/N4_sw0.22_x+1_i0041.h5,4,2.200000000e-01,1,1.191095521e+00,gen_sigma,true,fall,139
ml_samples/N4_sw0.22_x+1_i0042.h5,4,2.200000000e-01,1,1.191095521e+00,gen_sigma,true,rise,652
ml_samples/N4_sw0.22_x+1_i0043.h5,4,2.200000000e-01,1,1.191095521e+00,gen_sigma,true,rise,2294
ml_samples/N4_sw0.22_x+1_i0044.h5,4,2.200000000e-01,1,1.191095521e+00,gen_sigma,true,rise,1805
ml_samples/N4_sw0.22_x+1_i0045.h5,4,2.200000000e-01,1,1.191095521e+00,gen_sigma,true,rise,596
ml_samples/N4_sw0.22_x+1_i0046.h5,4,2.200000000e-01,1,1.191095521e+00,gen_sigma,true,rise,445
ml_samples/N4_sw0.22_x+1_i0047.h5,4,2.200000000e-01,1,1.191095521e+00,gen_sigma,true,rise,714
ml_samples/N4_sw0.22_x+1_i0048.h5,4,2.200000000e-01,1,1.191095521e+00,gen_sigma,true,rise,1249
ml_samples/N4_sw0.22_x+1_i0049.h5,4,2.200000000e-01,1,1.191095521e+00,gen_sigma,true,rise,395
ml_samples/N4_sw0.30_x-4_i0000.h5,4,3.000000000e-01,-4,-4.233920735e-02,main,false,fall,123
ml_samples/N4_sw0.30_x-4_i0001.h5,4,3.000000000e-01,-4,-4.233920735e-02,main,false,fall,583
ml_samples/N4_sw0.30_x-4_i0002.h5,4,3.000000000e-01,-4,-4.233920735e-02,main,false,fall,98
ml_samples/N4_sw0.30_x-4_i0003.h5,4,3.000000000e-01,-4,-4.233920735e-02,main,false,fall,347
ml_samples/N4_sw0.30_x-4_i0004.h5,4,3.000000000e-01,-4,-4.233920735e-02,main,false,fall,185
ml_samples/N4_sw0.30_x-4_i0005.h5,4,3.000000000e-01,-4,-4.233920735e-02,main,false,fall,83
ml_samples/N4_sw0.30_x-4_i0006.h5,4,3.000000000e-01,-4,-4.233920735e-02,main,false,fall,68
ml_samples/N4_sw0.30_x-4_i0007.h5,4,3.000000000e-01,-4,-4.233920735e-02,main,false,fall,253
ml_samples/N4_sw0.30_x-4_i0008.h5,4,3.000000000e-01,-4,-4.233920735e-02,main,false,fall,76
ml_samples/N4_sw0.30_x-4_i0009.h5,4,3.000000000e-01,-4,-4.233920735e-02,main,false,fall,114
ml_samples/N4_sw0.30_x-4_i0010.h5,4,3.000000000e-01,-4,-4.233920735e-02,main,false,fall,75
ml_samples/N4_sw0.30_x-4_i0011.h5,4,3.000000000e-01,-4,-4.233920735e-02,main,false,fall,175
ml_samples/N4_sw0.30_x-4_i0012.h5,4,3.000000000e-01,-4,-4.233920735e-02,main,false,fall,70
ml_samples/N4_sw0.30_x-4_i0013.h5,4,3.000000000e-01,-4,-4.233920735e-02,main,false,fall,100
ml_samples/N4_sw0.30_x-4_i0014.h5,4,3.000000000e-01,-4,-4.233920735e-02,main,false,fall,71
ml_samples/N4_sw0.30_x-4_i0015.h5,4,3.000000000e-01,-4,-4.233920735e-02,main,false,fall,196
ml_samples/N4_sw0.30_x-4_i0016.h5,4,3.000000000e-01,-4,-4.233920735e-02,main,false,fall,96
ml_samples/N4_sw0.30_x-4_i0017.h5,4,3.000000000e-01,-4,-4.233920735e-02,main,false,fall,87
ml_samples/N4_sw0.30_x-4_i0018.h5,4,3.000000000e-01,-4,-4.233920735e-02,main,false,fall,107
ml_samples/N4_sw0.30_x-4_i0019.h5,4,3.000000000e-01,-4,-4.233920735e-02,main,false,fall,99
ml_samples/N4_sw0.30_x-4_i0020.h5,4,3.000000000e-01,-4,-4.233920735e-02,main,false,fall,72
ml_samples/N4_sw0.30_x-4_i0021.h5,4,3.000000000e-01,-4,-4.233920735e-02,main,false,fall,105
ml_samples/N4_sw0.30_x-4_i0022.h5,4,3.000000000e-01,-4,-4.233920735e-02,main,false,fall,127
ml_samples/N4_sw0.30_x-4_i0023.h5,4,3.000000000e-01,-4,-4.233920735e-02,main,false,fall,104
ml_samples/N4_sw0.30_x-4_i0024.h5,4,3.000000000e-01,-4,-4.233920735e-02,main,false,fall,96
ml_samples/N4_sw0.30_x-4_i0025.h5,4,3.000000000e-01,-4,-4.233920735e-02,main,false,fall,63
ml_samples/N4_sw0.30_x-4_i0026.h5,4,3.000000000e-01,-4,-4.233920735e-02,main,false,fall,87
ml_samples/N4_sw0.30_x-4_i0028.h5,4,3.000000000e-01,-4,-4.233920735e-02,main,false,fall,59
ml_samples/N4_sw0.30_x-4_i0029.h5,4,3.000000000e-01,-4,-4.233920735e-02,main,false,fall,131
ml_samples/N4_sw0.30_x-4_i0030.h5,4,3.000000000e-01,-4,-4.233920735e-02,main,false,fall,124
ml_samples/N4_sw0.30_x-4_i0031.h5,4,3.000000000e-01,-4,-4.233920735e-02,main,false,fall,104
ml_samples/N4_sw0.30_x-4_i0032.h5,4,3.000000000e-01,-4,-4.233920735e-02,main,false,fall,222
ml_samples/N4_sw0.30_x-4_i0033.h5,4,3.000000000e-01,-4,-4.233920735e-02,main,false,fall,107
ml_samples/N4_sw0.30_x-4_i0034.h5,4,3.000000000e-01,-4,-4.233920735e-02,main,false,fall,65
ml_samples/N4_sw0.30_x-4_i0035.h5,4,3.000000000e-01,-4,-4.233920735e-02,main,false,fall,87
ml_samples/N4_sw0.30_x-4_i0036.h5,4,3.000000000e-01,-4,-4.233920735e-02,main,false,fall,278
ml_samples/N4_sw0.30_x-4_i0037.h5,4,3.000000000e-01,-4,-4.233920735e-02,main,false,fall,83
ml_samples/N4_sw0.30_x-4_i0038.h5,4,3.000000000e-01,-4,-4.233920735e-02,main,false,fall,150
ml_samples/N4_sw0.30_x-4_i0039.h5,4,3.000000000e-01,-4,-4.233920735e-02,main,false,fall,61
ml_samples/N4_sw0.30_x-4_i0040.h5,4,3.000000000e-01,-4,-4.233920735e-02,main,false,fall,109
ml_samples/N4_sw0.30_x-4_i0041.h5,4,3.000000000e-01,-4,-4.233920735e-02,main,false,fall,189
ml_samples/N4_sw0.30_x-4_i0042.h5,4,3.000000000e-01,-4,-4.233920735e-02,main,false,fall,105
ml_samples/N4_sw0.30_x-4_i0043.h5,4,3.000000000e-01,-4,-4.233920735e-02,main,false,fall,134
ml_samples/N4_sw0.30_x-4_i0044.h5,4,3.000000000e-01,-4,-4.233920735e-02,main,false,fall,185
ml_samples/N4_sw0.30_x-4_i0045.h5,4,3.000000000e-01,-4,-4.233920735e-02,main,false,fall,253
ml_samples/N4_sw0.30_x-4_i0046.h5,4,3.000000000e-01,-4,-4.233920735e-02,main,false,fall,134
ml_samples/N4_sw0.30_x-4_i0047.h5,4,3.000000000e-01,-4,-4.233920735e-02,main,false,fall,72
ml_samples/N4_sw0.30_x-4_i0048.h5,4,3.000000000e-01,-4,-4.233920735e-02,main,false,fall,73
ml_samples/N4_sw0.30_x-4_i0049.h5,4,3.000000000e-01,-4,-4.233920735e-02,main,false,fall,100
ml_samples/N4_sw0.30_x-4_i0050.h5,4,3.000000000e-01,-4,-4.233920735e-02,main,false,fall,157
ml_samples/N4_sw0.30_x-4_i0051.h5,4,3.000000000e-01,-4,-4.233920735e-02,main,false,fall,188
ml_samples/N4_sw0.30_x-4_i0052.h5,4,3.000000000e-01,-4,-4.233920735e-02,main,false,fall,108
ml_samples/N4_sw0.30_x-4_i0053.h5,4,3.000000000e-01,-4,-4.233920735e-02,main,false,fall,72
ml_samples/N4_sw0.30_x-4_i0054.h5,4,3.000000000e-01,-4,-4.233920735e-02,main,false,fall,75
ml_samples/N4_sw0.30_x-4_i0055.h5,4,3.000000000e-01,-4,-4.233920735e-02,main,false,fall,107
ml_samples/N4_sw0.30_x-4_i0056.h5,4,3.000000000e-01,-4,-4.233920735e-02,main,false,fall,80
ml_samples/N4_sw0.30_x-4_i0057.h5,4,3.000000000e-01,-4,-4.233920735e-02,main,false,fall,94
ml_samples/N4_sw0.30_x-4_i0058.h5,4,3.000000000e-01,-4,-4.233920735e-02,main,false,fall,72
ml_samples/N4_sw0.30_x-4_i0059.h5,4,3.000000000e-01,-4,-4.233920735e-02,main,false,fall,89
ml_samples/N4_sw0.30_x-4_i0060.h5,4,3.000000000e-01,-4,-4.233920735e-02,main,false,fall,78
ml_samples/N4_sw0.30_x-4_i0061.h5,4,3.000000000e-01,-4,-4.233920735e-02,main,false,fall,102
ml_samples/N4_sw0.30_x-4_i0062.h5,4,3.000000000e-01,-4,-4.233920735e-02,main,false,fall,49
ml_samples/N4_sw0.30_x-4_i0063.h5,4,3.000000000e-01,-4,-4.233920735e-02,main,false,fall,136
ml_samples/N4_sw0.30_x-4_i0064.h5,4,3.000000000e-01,-4,-4.233920735e-02,main,false,fall,111
ml_samples/N4_sw0.30_x-4_i0065.h5,4,3.000000000e-01,-4,-4.233920735e-02,main,false,fall,61
ml_samples/N4_sw0.30_x-4_i0066.h5,4,3.000000000e-01,-4,-4.233920735e-02,main,false,fall,128
ml_samples/N4_sw0.30_x-4_i0067.h5,4,3.000000000e-01,-4,-4.233920735e-02,main,false,fall,87
ml_samples/N4_sw0.30_x-4_i0068.h5,4,3.000000000e-01,-4,-4.233920735e-02,main,false,fall,89
ml_samples/N4_sw0.30_x-4_i0069.h5,4,3.000000000e-01,-4,-4.233920735e-02,main,false,fall,77
ml_samples/N4_sw0.30_x-4_i0070.h5,4,3.000000000e-01,-4,-4.233920735e-02,main,false,fall,119
ml_samples/N4_sw0.30_x-4_i0071.h5,4,3.000000000e-01,-4,-4.233920735e-02,main,false,fall,69
ml_samples/N4_sw0.30_x-4_i0072.h5,4,3.000000000e-01,-4,-4.233920735e-02,main,false,fall,110
ml_samples/N4_sw0.30_x-4_i0073.h5,4,3.000000000e-01,-4,-4.233920735e-02,main,false,fall,92
ml_samples/N4_sw0.30_x-4_i0074.h5,4,3.000000000e-01,-4,-4.233920735e-02,main,false,fall,79
ml_samples/N4_sw0.30_x-4_i0075.h5,4,3.000000000e-01,-4,-4.233920735e-02,main,false,fall,89
ml_samples/N4_sw0.30_x-4_i0076.h5,4,3.000000000e-01,-4,-4.233920735e-02,main,false,fall,74
ml_samples/N4_sw0.30_x-4_i0077.h5,4,3.000000000e-01,-4,-4.233920735e-02,main,false,fall,97
ml_samples/N4_sw0.30_x-4_i0078.h5,4,3.000000000e-01,-4,-4.233920735e-02,main,false,fall,188
ml_samples/N4_sw0.30_x-4_i0079.h5,4,3.000000000e-01,-4,-4.233920735e-02,main,false,fall,56
ml_samples/N4_sw0.30_x-4_i0080.h5,4,3.000000000e-01,-4,-4.233920735e-02,main,false,fall,98
ml_samples/N4_sw0.30_x-4_i0081.h5,4,3.000000000e-01,-4,-4.233920735e-02,main,false,fall,81
ml_samples/N4_sw0.30_x-4_i0082.h5,4,3.000000000e-01,-4,-4.233920735e-02,main,false,fall,83
ml_samples/N4_sw0.30_x-4_i0083.h5,4,3.000000000e-01,-4,-4.233920735e-02,main,false,fall,113
ml_samples/N4_sw0.30_x-4_i0084.h5,4,3.000000000e-01,-4,-4.233920735e-02,main,false,fall,182
ml_samples/N4_sw0.30_x-4_i0085.h5,4,3.000000000e-01,-4,-4.233920735e-02,main,false,fall,145
ml_samples/N4_sw0.30_x-4_i0086.h5,4,3.000000000e-01,-4,-4.233920735e-02,main,false,fall,93
ml_samples/N4_sw0.30_x-4_i0087.h5,4,3.000000000e-01,-4,-4.233920735e-02,main,false,fall,79
ml_samples/N4_sw0.30_x-4_i0088.h5,4,3.000000000e-01,-4,-4.233920735e-02,main,false,fall,131
ml_samples/N4_sw0.30_x-4_i0089.h5,4,3.000000000e-01,-4,-4.233920735e-02,main,false,fall,96
ml_samples/N4_sw0.30_x-4_i0090.h5,4,3.000000000e-01,-4,-4.233920735e-02,main,false,fall,128
ml_samples/N4_sw0.30_x-4_i0091.h5,4,3.000000000e-01,-4,-4.233920735e-02,main,false,fall,104
ml_samples/N4_sw0.30_x-4_i0092.h5,4,3.000000000e-01,-4,-4.233920735e-02,main,false,fall,115
ml_samples/N4_sw0.30_x-4_i0093.h5,4,3.000000000e-01,-4,-4.233920735e-02,main,false,fall,77
ml_samples/N4_sw0.30_x-4_i0094.h5,4,3.000000000e-01,-4,-4.233920735e-02,main,false,fall,72
ml_samples/N4_sw0.30_x-4_i0095.h5,4,3.000000000e-01,-4,-4.233920735e-02,main,false,fall,100
ml_samples/N4_sw0.30_x-4_i0096.h5,4,3.000000000e-01,-4,-4.233920735e-02,main,false,fall,85
ml_samples/N4_sw0.30_x-4_i0097.h5,4,3.000000000e-01,-4,-4.233920735e-02,main,false,fall,77
ml_samples/N4_sw0.30_x-4_i0098.h5,4,3.000000000e-01,-4,-4.233920735e-02,main,false,fall,64
ml_samples/N4_sw0.30_x-4_i0099.h5,4,3.000000000e-01,-4,-4.233920735e-02,main,false,fall,81
ml_samples/N4_sw0.30_x-2_i0000.h5,4,3.000000000e-01,-2,4.788303963e-01,main,true,fall,119
ml_samples/N4_sw0.30_x-2_i0001.h5,4,3.000000000e-01,-2,4.788303963e-01,main,true,fall,107
ml_samples/N4_sw0.30_x-2_i0002.h5,4,3.000000000e-01,-2,4.788303963e-01,main,true,fall,92
ml_samples/N4_sw0.30_x-2_i0003.h5,4,3.000000000e-01,-2,4.788303963e-01,main,true,fall,185
ml_samples/N4_sw0.30_x-2_i0004.h5,4,3.000000000e-01,-2,4.788303963e-01,main,true,fall,93
ml_samples/N4_sw0.30_x-2_i0005.h5,4,3.000000000e-01,-2,4.788303963e-01,main,true,fall,569
ml_samples/N4_sw0.30_x-2_i0006.h5,4,3.000000000e-01,-2,4.788303963e-01,main,true,fall,1098
ml_samples/N4_sw0.30_x-2_i0007.h5,4,3.000000000e-01,-2,4.788303963e-01,main,true,fall,135
ml_samples/N4_sw0.30_x-2_i0008.h5,4,3.000000000e-01,-2,4.788303963e-01,main,true,fall,420
ml_samples/N4_sw0.30_x-2_i0009.h5,4,3.000000000e-01,-2,4.788303963e-01,main,true,fall,298
ml_samples/N4_sw0.30_x-2_i0010.h5,4,3.000000000e-01,-2,4.788303963e-01,main,true,fall,71
ml_samples/N4_sw0.30_x-2_i0011.h5,4,3.000000000e-01,-2,4.788303963e-01,main,true,fall,1163
ml_samples/N4_sw0.30_x-2_i0012.h5,4,3.000000000e-01,-2,4.788303963e-01,main,true,fall,337
ml_samples/N4_sw0.30_x-2_i0013.h5,4,3.000000000e-01,-2,4.788303963e-01,main,true,fall,145
ml_samples/N4_sw0.30_x-2_i0014.h5,4,3.000000000e-01,-2,4.788303963e-01,main,true,fall,545
ml_samples/N4_sw0.30_x-2_i0015.h5,4,3.000000000e-01,-2,4.788303963e-01,main,true,fall,143
ml_samples/N4_sw0.30_x-2_i0016.h5,4,3.000000000e-01,-2,4.788303963e-01,main,true,fall,292
ml_samples/N4_sw0.30_x-2_i0017.h5,4,3.000000000e-01,-2,4.788303963e-01,main,true,fall,227
ml_samples/N4_sw0.30_x-2_i0018.h5,4,3.000000000e-01,-2,4.788303963e-01,main,true,fall,121
ml_samples/N4_sw0.30_x-2_i0019.h5,4,3.000000000e-01,-2,4.788303963e-01,main,true,fall,100
ml_samples/N4_sw0.30_x-2_i0020.h5,4,3.000000000e-01,-2,4.788303963e-01,main,true,fall,228
ml_samples/N4_sw0.30_x-2_i0021.h5,4,3.000000000e-01,-2,4.788303963e-01,main,true,fall,305
ml_samples/N4_sw0.30_x-2_i0022.h5,4,3.000000000e-01,-2,4.788303963e-01,main,true,fall,461
ml_samples/N4_sw0.30_x-2_i0023.h5,4,3.000000000e-01,-2,4.788303963e-01,main,true,fall,152
ml_samples/N4_sw0.30_x-2_i0024.h5,4,3.000000000e-01,-2,4.788303963e-01,main,true,fall,106
ml_samples/N4_sw0.30_x-2_i0025.h5,4,3.000000000e-01,-2,4.788303963e-01,main,true,fall,170
ml_samples/N4_sw0.30_x-2_i0026.h5,4,3.000000000e-01,-2,4.788303963e-01,main,true,fall,469
ml_samples/N4_sw0.30_x-2_i0027.h5,4,3.000000000e-01,-2,4.788303963e-01,main,true,fall,245
ml_samples/N4_sw0.30_x-2_i0028.h5,4,3.000000000e-01,-2,4.788303963e-01,main,true,fall,71
ml_samples/N4_sw0.30_x-2_i0029.h5,4,3.000000000e-01,-2,4.788303963e-01,main,true,fall,143
ml_samples/N4_sw0.30_x-2_i0030.h5,4,3.000000000e-01,-2,4.788303963e-01,main,true,fall,101
ml_samples/N4_sw0.30_x-2_i0031.h5,4,3.000000000e-01,-2,4.788303963e-01,main,true,fall,177
ml_samples/N4_sw0.30_x-2_i0032.h5,4,3.000000000e-01,-2,4.788303963e-01,main,true,fall,444
ml_samples/N4_sw0.30_x-2_i0033.h5,4,3.000000000e-01,-2,4.788303963e-01,main,true,fall,162
ml_samples/N4_sw0.30_x-2_i0034.h5,4,3.000000000e-01,-2,4.788303963e-01,main,true,fall,808
ml_samples/N4_sw0.30_x-2_i0035.h5,4,3.000000000e-01,-2,4.788303963e-01,main,true,fall,80
ml_samples/N4_sw0.30_x-2_i0036.h5,4,3.000000000e-01,-2,4.788303963e-01,main,true,fall,171
ml_samples/N4_sw0.30_x-2_i0037.h5,4,3.000000000e-01,-2,4.788303963e-01,main,true,fall,880
ml_samples/N4_sw0.30_x-2_i0038.h5,4,3.000000000e-01,-2,4.788303963e-01,main,true,fall,740
ml_samples/N4_sw0.30_x-2_i0039.h5,4,3.000000000e-01,-2,4.788303963e-01,main,true,fall,168
ml_samples/N4_sw0.30_x-2_i0040.h5,4,3.000000000e-01,-2,4.788303963e-01,main,true,fall,326
ml_samples/N4_sw0.30_x-2_i0041.h5,4,3.000000000e-01,-2,4.788303963e-01,main,true,fall,111
ml_samples/N4_sw0.30_x-2_i0042.h5,4,3.000000000e-01,-2,4.788303963e-01,main,true,fall,265
ml_samples/N4_sw0.30_x-2_i0043.h5,4,3.000000000e-01,-2,4.788303963e-01,main,true,fall,735
ml_samples/N4_sw0.30_x-2_i0044.h5,4,3.000000000e-01,-2,4.788303963e-01,main,true,fall,159
ml_samples/N4_sw0.30_x-2_i0045.h5,4,3.000000000e-01,-2,4.788303963e-01,main,true,fall,143
ml_samples/N4_sw0.30_x-2_i0046.h5,4,3.000000000e-01,-2,4.788303963e-01,main,true,fall,127
ml_samples/N4_sw0.30_x-2_i0047.h5,4,3.000000000e-01,-2,4.788303963e-01,main,true,fall,110
ml_samples/N4_sw0.30_x-2_i0048.h5,4,3.000000000e-01,-2,4.788303963e-01,main,true,fall,69
ml_samples/N4_sw0.30_x-2_i0049.h5,4,3.000000000e-01,-2,4.788303963e-01,main,true,fall,395
ml_samples/N4_sw0.30_x-2_i0050.h5,4,3.000000000e-01,-2,4.788303963e-01,main,true,fall,147
ml_samples/N4_sw0.30_x-2_i0051.h5,4,3.000000000e-01,-2,4.788303963e-01,main,true,fall,1104
ml_samples/N4_sw0.30_x-2_i0052.h5,4,3.000000000e-01,-2,4.788303963e-01,main,true,fall,110
ml_samples/N4_sw0.30_x-2_i0053.h5,4,3.000000000e-01,-2,4.788303963e-01,main,true,fall,564
ml_samples/N4_sw0.30_x-2_i0054.h5,4,3.000000000e-01,-2,4.788303963e-01,main,true,fall,416
ml_samples/N4_sw0.30_x-2_i0055.h5,4,3.000000000e-01,-2,4.788303963e-01,main,true,fall,69
ml_samples/N4_sw0.30_x-2_i0056.h5,4,3.000000000e-01,-2,4.788303963e-01,main,true,fall,1087
ml_samples/N4_sw0.30_x-2_i0057.h5,4,3.000000000e-01,-2,4.788303963e-01,main,true,fall,68
ml_samples/N4_sw0.30_x-2_i0058.h5,4,3.000000000e-01,-2,4.788303963e-01,main,true,fall,117
ml_samples/N4_sw0.30_x-2_i0059.h5,4,3.000000000e-01,-2,4.788303963e-01,main,true,fall,100
ml_samples/N4_sw0.30_x-2_i0060.h5,4,3.000000000e-01,-2,4.788303963e-01,main,true,fall,76
ml_samples/N4_sw0.30_x-2_i0061.h5,4,3.000000000e-01,-2,4.788303963e-01,main,true,fall,346
ml_samples/N4_sw0.30_x-2_i0062.h5,4,3.000000000e-01,-2,4.788303963e-01,main,true,fall,64
ml_samples/N4_sw0.30_x-2_i0063.h5,4,3.000000000e-01,-2,4.788303963e-01,main,true,fall,154
ml_samples/N4_sw0.30_x-2_i0064.h5,4,3.000000000e-01,-2,4.788303963e-01,main,true,fall,332
ml_samples/N4_sw0.30_x-2_i0065.h5,4,3.000000000e-01,-2,4.788303963e-01,main,true,fall,113
ml_samples/N4_sw0.30_x-2_i0066.h5,4,3.000000000e-01,-2,4.788303963e-01,main,true,fall,90
ml_samples/N4_sw0.30_x-2_i0067.h5,4,3.000000000e-01,-2,4.788303963e-01,main,true,fall,161
ml_samples/N4_sw0.30_x-2_i0068.h5,4,3.000000000e-01,-2,4.788303963e-01,main,true,fall,1056
ml_samples/N4_sw0.30_x-2_i0069.h5,4,3.000000000e-01,-2,4.788303963e-01,main,true,fall,131
ml_samples/N4_sw0.30_x-2_i0070.h5,4,3.000000000e-01,-2,4.788303963e-01,main,true,fall,62
ml_samples/N4_sw0.30_x-2_i0071.h5,4,3.000000000e-01,-2,4.788303963e-01,main,true,fall,196
ml_samples/N4_sw0.30_x-2_i0072.h5,4,3.000000000e-01,-2,4.788303963e-01,main,true,fall,545
ml_samples/N4_sw0.30_x-2_i0073.h5,4,3.000000000e-01,-2,4.788303963e-01,main,true,fall,205
ml_samples/N4_sw0.30_x-2_i0074.h5,4,3.000000000e-01,-2,4.788303963e-01,main,true,fall,388
ml_samples/N4_sw0.30_x-2_i0075.h5,4,3.000000000e-01,-2,4.788303963e-01,main,true,fall,120
ml_samples/N4_sw0.30_x-2_i0076.h5,4,3.000000000e-01,-2,4.788303963e-01,main,true,fall,135
ml_samples/N4_sw0.30_x-2_i0077.h5,4,3.000000000e-01,-2,4.788303963e-01,main,true,fall,207
ml_samples/N4_sw0.30_x-2_i0078.h5,4,3.000000000e-01,-2,4.788303963e-01,main,true,fall,116
ml_samples/N4_sw0.30_x-2_i0079.h5,4,3.000000000e-01,-2,4.788303963e-01,main,true,fall,77
ml_samples/N4_sw0.30_x-2_i0080.h5,4,3.000000000e-01,-2,4.788303963e-01,main,true,fall,107
ml_samples/N4_sw0.30_x-2_i0081.h5,4,3.000000000e-01,-2,4.788303963e-01,main,true,fall,277
ml_samples/N4_sw0.30_x-2_i0082.h5,4,3.000000000e-01,-2,4.788303963e-01,main,true,fall,243
ml_samples/N4_sw0.30_x-2_i0083.h5,4,3.000000000e-01,-2,4.788303963e-01,main,true,fall,280
ml_samples/N4_sw0.30_x-2_i0084.h5,4,3.000000000e-01,-2,4.788303963e-01,main,true,fall,139
ml_samples/N4_sw0.30_x-2_i0085.h5,4,3.000000000e-01,-2,4.788303963e-01,main,true,fall,144
ml_samples/N4_sw0.30_x-2_i0086.h5,4,3.000000000e-01,-2,4.788303963e-01,main,true,fall,276
ml_samples/N4_sw0.30_x-2_i0087.h5,4,3.000000000e-01,-2,4.788303963e-01,main,true,fall,366
ml_samples/N4_sw0.30_x-2_i0088.h5,4,3.000000000e-01,-2,4.788303963e-01,main,true,fall,230
ml_samples/N4_sw0.30_x-2_i0089.h5,4,3.000000000e-01,-2,4.788303963e-01,main,true,fall,179
ml_samples/N4_sw0.30_x-2_i0090.h5,4,3.000000000e-01,-2,4.788303963e-01,main,true,fall,278
ml_samples/N4_sw0.30_x-2_i0091.h5,4,3.000000000e-01,-2,4.788303963e-01,main,true,fall,177
ml_samples/N4_sw0.30_x-2_i0092.h5,4,3.000000000e-01,-2,4.788303963e-01,main,true,fall,758
ml_samples/N4_sw0.30_x-2_i0093.h5,4,3.000000000e-01,-2,4.788303963e-01,main,true,fall,94
ml_samples/N4_sw0.30_x-2_i0094.h5,4,3.000000000e-01,-2,4.788303963e-01,main,true,fall,716
ml_samples/N4_sw0.30_x-2_i0095.h5,4,3.000000000e-01,-2,4.788303963e-01,main,true,fall,100
ml_samples/N4_sw0.30_x-2_i0096.h5,4,3.000000000e-01,-2,4.788303963e-01,main,true,fall,98
ml_samples/N4_sw0.30_x-2_i0097.h5,4,3.000000000e-01,-2,4.788303963e-01,main,true,fall,134
ml_samples/N4_sw0.30_x-2_i0098.h5,4,3.000000000e-01,-2,4.788303963e-01,main,true,fall,320
ml_samples/N4_sw0.30_x-2_i0099.h5,4,3.000000000e-01,-2,4.788303963e-01,main,true,fall,462
ml_samples/N4_sw0.30_x-1_i0000.h5,4,3.000000000e-01,-1,7.394151982e-01,main,true,fall,133
ml_samples/N4_sw0.30_x-1_i0001.h5,4,3.000000000e-01,-1,7.394151982e-01,main,true,fall,207
ml_samples/N4_sw0.30_x-1_i0002.h5,4,3.000000000e-01,-1,7.394151982e-01,main,true,fall,254
ml_samples/N4_sw0.30_x-1_i0003.h5,4,3.000000000e-01,-1,7.394151982e-01,main,true,fall,146
ml_samples/N4_sw0.30_x-1_i0004.h5,4,3.000000000e-01,-1,7.394151982e-01,main,true,fall,724
ml_samples/N4_sw0.30_x-1_i0005.h5,4,3.000000000e-01,-1,7.394151982e-01,main,true,fall,1455
ml_samples/N4_sw0.30_x-1_i0006.h5,4,3.000000000e-01,-1,7.394151982e-01,main,true,fall,126
ml_samples/N4_sw0.30_x-1_i0007.h5,4,3.000000000e-01,-1,7.394151982e-01,main,true,rise,830
ml_samples/N4_sw0.30_x-1_i0008.h5,4,3.000000000e-01,-1,7.394151982e-01,main,true,fall,434
ml_samples/N4_sw0.30_x-1_i0009.h5,4,3.000000000e-01,-1,7.394151982e-01,main,true,fall,82
ml_samples/N4_sw0.30_x-1_i0010.h5,4,3.000000000e-01,-1,7.394151982e-01,main,true,fall,481
ml_samples/N4_sw0.30_x-1_i0011.h5,4,3.000000000e-01,-1,7.394151982e-01,main,true,rise,1747
ml_samples/N4_sw0.30_x-1_i0012.h5,4,3.000000000e-01,-1,7.394151982e-01,main,true,fall,116
ml_samples/N4_sw0.30_x-1_i0013.h5,4,3.000000000e-01,-1,7.394151982e-01,main,true,rise,3111
ml_samples/N4_sw0.30_x-1_i0014.h5,4,3.000000000e-01,-1,7.394151982e-01,main,true,fall,347
ml_samples/N4_sw0.30_x-1_i0015.h5,4,3.000000000e-01,-1,7.394151982e-01,main,true,fall,546
ml_samples/N4_sw0.30_x-1_i0016.h5,4,3.000000000e-01,-1,7.394151982e-01,main,true,fall,337
ml_samples/N4_sw0.30_x-1_i0017.h5,4,3.000000000e-01,-1,7.394151982e-01,main,true,fall,197
ml_samples/N4_sw0.30_x-1_i0018.h5,4,3.000000000e-01,-1,7.394151982e-01,main,true,fall,520
ml_samples/N4_sw0.30_x-1_i0019.h5,4,3.000000000e-01,-1,7.394151982e-01,main,true,fall,1497
ml_samples/N4_sw0.30_x-1_i0020.h5,4,3.000000000e-01,-1,7.394151982e-01,main,true,fall,771
ml_samples/N4_sw0.30_x-1_i0021.h5,4,3.000000000e-01,-1,7.394151982e-01,main,true,fall,2107
ml_samples/N4_sw0.30_x-1_i0022.h5,4,3.000000000e-01,-1,7.394151982e-01,main,true,fall,652
ml_samples/N4_sw0.30_x-1_i0023.h5,4,3.000000000e-01,-1,7.394151982e-01,main,true,fall,154
ml_samples/N4_sw0.30_x-1_i0024.h5,4,3.000000000e-01,-1,7.394151982e-01,main,true,fall,353
ml_samples/N4_sw0.30_x-1_i0025.h5,4,3.000000000e-01,-1,7.394151982e-01,main,true,fall,275
ml_samples/N4_sw0.30_x-1_i0026.h5,4,3.000000000e-01,-1,7.394151982e-01,main,true,rise,2542
ml_samples/N4_sw0.30_x-1_i0027.h5,4,3.000000000e-01,-1,7.394151982e-01,main,true,fall,1998
ml_samples/N4_sw0.30_x-1_i0028.h5,4,3.000000000e-01,-1,7.394151982e-01,main,true,fall,170
ml_samples/N4_sw0.30_x-1_i0029.h5,4,3.000000000e-01,-1,7.394151982e-01,main,true,fall,1086
ml_samples/N4_sw0.30_x-1_i0030.h5,4,3.000000000e-01,-1,7.394151982e-01,main,true,fall,83
ml_samples/N4_sw0.30_x-1_i0031.h5,4,3.000000000e-01,-1,7.394151982e-01,main,true,fall,724
ml_samples/N4_sw0.30_x-1_i0032.h5,4,3.000000000e-01,-1,7.394151982e-01,main,true,fall,64
ml_samples/N4_sw0.30_x-1_i0033.h5,4,3.000000000e-01,-1,7.394151982e-01,main,true,fall,341
ml_samples/N4_sw0.30_x-1_i0034.h5,4,3.000000000e-01,-1,7.394151982e-01,main,true,fall,437
ml_samples/N4_sw0.30_x-1_i0035.h5,4,3.000000000e-01,-1,7.394151982e-01,main,true,fall,743
ml_samples/N4_sw0.30_x-1_i0036.h5,4,3.000000000e-01,-1,7.394151982e-01,main,true,fall,508
ml_samples/N4_sw0.30_x-1_i0037.h5,4,3.000000000e-01,-1,7.394151982e-01,main,true,fall,99
ml_samples/N4_sw0.30_x-1_i0038.h5,4,3.000000000e-01,-1,7.394151982e-01,main,true,fall,1085
ml_samples/N4_sw0.30_x-1_i0039.h5,4,3.000000000e-01,-1,7.394151982e-01,main,true,fall,1747
ml_samples/N4_sw0.30_x-1_i0040.h5,4,3.000000000e-01,-1,7.394151982e-01,main,true,fall,1134
ml_samples/N4_sw0.30_x-1_i0041.h5,4,3.000000000e-01,-1,7.394151982e-01,main,true,fall,222
ml_samples/N4_sw0.30_x-1_i0042.h5,4,3.000000000e-01,-1,7.394151982e-01,main,true,fall,799
ml_samples/N4_sw0.30_x-1_i0043.h5,4,3.000000000e-01,-1,7.394151982e-01,main,true,fall,119
ml_samples/N4_sw0.30_x-1_i0044.h5,4,3.000000000e-01,-1,7.394151982e-01,main,true,fall,532
ml_samples/N4_sw0.30_x-1_i0045.h5,4,3.000000000e-01,-1,7.394151982e-01,main,true,fall,1676
ml_samples/N4_sw0.30_x-1_i0046.h5,4,3.000000000e-01,-1,7.394151982e-01,main,true,rise,1114
ml_samples/N4_sw0.30_x-1_i0047.h5,4,3.000000000e-01,-1,7.394151982e-01,main,true,fall,455
ml_samples/N4_sw0.30_x-1_i0048.h5,4,3.000000000e-01,-1,7.394151982e-01,main,true,fall,178
ml_samples/N4_sw0.30_x-1_i0049.h5,4,3.000000000e-01,-1,7.394151982e-01,main,true,fall,200
ml_samples/N4_sw0.30_x-1_i0050.h5,4,3.000000000e-01,-1,7.394151982e-01,main,true,fall,1389
ml_samples/N4_sw0.30_x-1_i0051.h5,4,3.000000000e-01,-1,7.394151982e-01,main,true,fall,1198
ml_samples/N4_sw0.30_x-1_i0052.h5,4,3.000000000e-01,-1,7.394151982e-01,main,true,fall,1476
ml_samples/N4_sw0.30_x-1_i0053.h5,4,3.000000000e-01,-1,7.394151982e-01,main,true,fall,232
ml_samples/N4_sw0.30_x-1_i0054.h5,4,3.000000000e-01,-1,7.394151982e-01,main,true,fall,1426
ml_samples/N4_sw0.30_x-1_i0055.h5,4,3.000000000e-01,-1,7.394151982e-01,main,true,fall,137
ml_samples/N4_sw0.30_x-1_i0056.h5,4,3.000000000e-01,-1,7.394151982e-01,main,true,fall,218
ml_samples/N4_sw0.30_x-1_i0057.h5,4,3.000000000e-01,-1,7.394151982e-01,main,true,fall,1152
ml_samples/N4_sw0.30_x-1_i0058.h5,4,3.000000000e-01,-1,7.394151982e-01,main,true,fall,188
ml_samples/N4_sw0.30_x-1_i0059.h5,4,3.000000000e-01,-1,7.394151982e-01,main,true,rise,632
ml_samples/N4_sw0.30_x-1_i0060.h5,4,3.000000000e-01,-1,7.394151982e-01,main,true,fall,194
ml_samples/N4_sw0.30_x-1_i0061.h5,4,3.000000000e-01,-1,7.394151982e-01,main,true,fall,1404
ml_samples/N4_sw0.30_x-1_i0062.h5,4,3.000000000e-01,-1,7.394151982e-01,main,true,fall,227
ml_samples/N4_sw0.30_x-1_i0063.h5,4,3.000000000e-01,-1,7.394151982e-01,main,true,fall,877
ml_samples/N4_sw0.30_x-1_i0064.h5,4,3.000000000e-01,-1,7.394151982e-01,main,true,fall,408
ml_samples/N4_sw0.30_x-1_i0065.h5,4,3.000000000e-01,-1,7.394151982e-01,main,true,fall,432
ml_samples/N4_sw0.30_x-1_i0066.h5,4,3.000000000e-01,-1,7.394151982e-01,main,true,fall,344
ml_samples/N4_sw0.30_x-1_i0067.h5,4,3.000000000e-01,-1,7.394151982e-01,main,true,fall,422
ml_samples/N4_sw0.30_x-1_i0068.h5,4,3.000000000e-01,-1,7.394151982e-01,main,true,fall,414
ml_samples/N4_sw0.30_x-1_i0069.h5,4,3.000000000e-01,-1,7.394151982e-01,main,true,fall,400
ml_samples/N4_sw0.30_x-1_i0070.h5,4,3.000000000e-01,-1,7.394151982e-01,main,true,fall,257
ml_samples/N4_sw0.30_x-1_i0071.h5,4,3.000000000e-01,-1,7.394151982e-01,main,true,fall,745
ml_samples/N4_sw0.30_x-1_i0072.h5,4,3.000000000e-01,-1,7.394151982e-01,main,true,fall,129
ml_samples/N4_sw0.30_x-1_i0073.h5,4,3.000000000e-01,-1,7.394151982e-01,main,true,fall,1433
ml_samples/N4_sw0.30_x-1_i0074.h5,4,3.000000000e-01,-1,7.394151982e-01,main,true,fall,353
ml_samples/N4_sw0.30_x-1_i0075.h5,4,3.000000000e-01,-1,7.394151982e-01,main,true,rise,326
ml_samples/N4_sw0.30_x-1_i0076.h5,4,3.000000000e-01,-1,7.394151982e-01,main,true,fall,234
ml_samples/N4_sw0.30_x-1_i0077.h5,4,3.000000000e-01,-1,7.394151982e-01,main,true,fall,1633
ml_samples/N4_sw0.30_x-1_i0078.h5,4,3.000000000e-01,-1,7.394151982e-01,main,true,fall,308
ml_samples/N4_sw0.30_x-1_i0079.h5,4,3.000000000e-01,-1,7.394151982e-01,main,true,fall,145
ml_samples/N4_sw0.30_x-1_i0080.h5,4,3.000000000e-01,-1,7.394151982e-01,main,true,fall,356
ml_samples/N4_sw0.30_x-1_i0081.h5,4,3.000000000e-01,-1,7.394151982e-01,main,true,fall,1580
ml_samples/N4_sw0.30_x-1_i0082.h5,4,3.000000000e-01,-1,7.394151982e-01,main,true,fall,124
ml_samples/N4_sw0.30_x-1_i0083.h5,4,3.000000000e-01,-1,7.394151982e-01,main,true,fall,3322
ml_samples/N4_sw0.30_x-1_i0084.h5,4,3.000000000e-01,-1,7.394151982e-01,main,true,fall,157
ml_samples/N4_sw0.30_x-1_i0085.h5,4,3.000000000e-01,-1,7.394151982e-01,main,true,fall,80
ml_samples/N4_sw0.30_x-1_i0086.h5,4,3.000000000e-01,-1,7.394151982e-01,main,true,fall,280
ml_samples/N4_sw0.30_x-1_i0087.h5,4,3.000000000e-01,-1,7.394151982e-01,main,true,fall,381
ml_samples/N4_sw0.30_x-1_i0088.h5,4,3.000000000e-01,-1,7.394151982e-01,main,true,fall,342
ml_samples/N4_sw0.30_x-1_i0089.h5,4,3.000000000e-01,-1,7.394151982e-01,main,true,fall,197
ml_samples/N4_sw0.30_x-1_i0090.h5,4,3.000000000e-01,-1,7.394151982e-01,main,true,fall,213
ml_samples/N4_sw0.30_x-1_i0091.h5,4,3.000000000e-01,-1,7.394151982e-01,main,true,fall,183
ml_samples/N4_sw0.30_x-1_i0092.h5,4,3.000000000e-01,-1,7.394151982e-01,main,true,fall,125
ml_samples/N4_sw0.30_x-1_i0093.h5,4,3.000000000e-01,-1,7.394151982e-01,main,true,fall,1144
ml_samples/N4_sw0.30_x-1_i0094.h5,4,3.000000000e-01,-1,7.394151982e-01,main,true,fall,860
ml_samples/N4_sw0.30_x-1_i0095.h5,4,3.000000000e-01,-1,7.394151982e-01,main,true,fall,2681
ml_samples/N4_sw0.30_x-1_i0096.h5,4,3.000000000e-01,-1,7.394151982e-01,main,true,rise,1016
ml_samples/N4_sw0.30_x-1_i0097.h5,4,3.000000000e-01,-1,7.394151982e-01,main,true,fall,134
ml_samples/N4_sw0.30_x-1_i0098.h5,4,3.000000000e-01,-1,7.394151982e-01,main,true,rise,1105
ml_samples/N4_sw0.30_x-1_i0099.h5,4,3.000000000e-01,-1,7.394151982e-01,main,true,fall,88
ml_samples/N4_sw0.30_x-1_i0100.h5,4,3.000000000e-01,-1,7.394151982e-01,main,true,fall,1934
ml_samples/N4_sw0.30_x-1_i0101.h5,4,3.000000000e-01,-1,7.394151982e-01,main,true,fall,405
ml_samples/N4_sw0.30_x-1_i0102.h5,4,3.000000000e-01,-1,7.394151982e-01,main,true,fall,246
ml_samples/N4_sw0.30_x-1_i0103.h5,4,3.000000000e-01,-1,7.394151982e-01,main,true,fall,160
ml_samples/N4_sw0.30_x-1_i0104.h5,4,3.000000000e-01,-1,7.394151982e-01,main,true,fall,827
ml_samples/N4_sw0.30_x-1_i0105.h5,4,3.000000000e-01,-1,7.394151982e-01,main,true,fall,2877
ml_samples/N4_sw0.30_x-1_i0106.h5,4,3.000000000e-01,-1,7.394151982e-01,main,true,fall,447
ml_samples/N4_sw0.30_x-1_i0107.h5,4,3.000000000e-01,-1,7.394151982e-01,main,true,fall,99
ml_samples/N4_sw0.30_x-1_i0108.h5,4,3.000000000e-01,-1,7.394151982e-01,main,true,fall,1795
ml_samples/N4_sw0.30_x-1_i0109.h5,4,3.000000000e-01,-1,7.394151982e-01,main,true,fall,163
ml_samples/N4_sw0.30_x-1_i0110.h5,4,3.000000000e-01,-1,7.394151982e-01,main,true,fall,1051
ml_samples/N4_sw0.30_x-1_i0111.h5,4,3.000000000e-01,-1,7.394151982e-01,main,true,fall,2176
ml_samples/N4_sw0.30_x-1_i0112.h5,4,3.000000000e-01,-1,7.394151982e-01,main,true,fall,208
ml_samples/N4_sw0.30_x-1_i0113.h5,4,3.000000000e-01,-1,7.394151982e-01,main,true,fall,595
ml_samples/N4_sw0.30_x-1_i0114.h5,4,3.000000000e-01,-1,7.394151982e-01,main,true,fall,120
ml_samples/N4_sw0.30_x-1_i0115.h5,4,3.000000000e-01,-1,7.394151982e-01,main,true,fall,154
ml_samples/N4_sw0.30_x-1_i0116.h5,4,3.000000000e-01,-1,7.394151982e-01,main,true,rise,578
ml_samples/N4_sw0.30_x-1_i0117.h5,4,3.000000000e-01,-1,7.394151982e-01,main,true,fall,196
ml_samples/N4_sw0.30_x-1_i0118.h5,4,3.000000000e-01,-1,7.394151982e-01,main,true,fall,224
ml_samples/N4_sw0.30_x-1_i0119.h5,4,3.000000000e-01,-1,7.394151982e-01,main,true,fall,191
ml_samples/N4_sw0.30_x-1_i0120.h5,4,3.000000000e-01,-1,7.394151982e-01,main,true,fall,188
ml_samples/N4_sw0.30_x-1_i0121.h5,4,3.000000000e-01,-1,7.394151982e-01,main,true,fall,78
ml_samples/N4_sw0.30_x-1_i0122.h5,4,3.000000000e-01,-1,7.394151982e-01,main,true,fall,91
ml_samples/N4_sw0.30_x-1_i0123.h5,4,3.000000000e-01,-1,7.394151982e-01,main,true,rise,1671
ml_samples/N4_sw0.30_x-1_i0124.h5,4,3.000000000e-01,-1,7.394151982e-01,main,true,fall,461
ml_samples/N4_sw0.30_x-1_i0125.h5,4,3.000000000e-01,-1,7.394151982e-01,main,true,fall,87
ml_samples/N4_sw0.30_x-1_i0126.h5,4,3.000000000e-01,-1,7.394151982e-01,main,true,fall,127
ml_samples/N4_sw0.30_x-1_i0127.h5,4,3.000000000e-01,-1,7.394151982e-01,main,true,fall,297
ml_samples/N4_sw0.30_x-1_i0128.h5,4,3.000000000e-01,-1,7.394151982e-01,main,true,rise,1342
ml_samples/N4_sw0.30_x-1_i0129.h5,4,3.000000000e-01,-1,7.394151982e-01,main,true,fall,202
ml_samples/N4_sw0.30_x-1_i0130.h5,4,3.000000000e-01,-1,7.394151982e-01,main,true,fall,131
ml_samples/N4_sw0.30_x-1_i0131.h5,4,3.000000000e-01,-1,7.394151982e-01,main,true,fall,473
ml_samples/N4_sw0.30_x-1_i0132.h5,4,3.000000000e-01,-1,7.394151982e-01,main,true,rise,980
ml_samples/N4_sw0.30_x-1_i0133.h5,4,3.000000000e-01,-1,7.394151982e-01,main,true,fall,1083
ml_samples/N4_sw0.30_x-1_i0134.h5,4,3.000000000e-01,-1,7.394151982e-01,main,true,fall,488
ml_samples/N4_sw0.30_x-1_i0135.h5,4,3.000000000e-01,-1,7.394151982e-01,main,true,fall,832
ml_samples/N4_sw0.30_x-1_i0136.h5,4,3.000000000e-01,-1,7.394151982e-01,main,true,fall,430
ml_samples/N4_sw0.30_x-1_i0137.h5,4,3.000000000e-01,-1,7.394151982e-01,main,true,fall,141
ml_samples/N4_sw0.30_x-1_i0138.h5,4,3.000000000e-01,-1,7.394151982e-01,main,true,rise,613
ml_samples/N4_sw0.30_x-1_i0139.h5,4,3.000000000e-01,-1,7.394151982e-01,main,true,rise,2156
ml_samples/N4_sw0.30_x-1_i0140.h5,4,3.000000000e-01,-1,7.394151982e-01,main,true,fall,1004
ml_samples/N4_sw0.30_x-1_i0141.h5,4,3.000000000e-01,-1,7.394151982e-01,main,true,fall,548
ml_samples/N4_sw0.30_x-1_i0142.h5,4,3.000000000e-01,-1,7.394151982e-01,main,true,fall,373
ml_samples/N4_sw0.30_x-1_i0143.h5,4,3.000000000e-01,-1,7.394151982e-01,main,true,fall,381
ml_samples/N4_sw0.30_x-1_i0144.h5,4,3.000000000e-01,-1,7.394151982e-01,main,true,fall,435
ml_samples/N4_sw0.30_x-1_i0145.h5,4,3.000000000e-01,-1,7.394151982e-01,main,true,fall,479
ml_samples/N4_sw0.30_x-1_i0146.h5,4,3.000000000e-01,-1,7.394151982e-01,main,true,fall,1102
ml_samples/N4_sw0.30_x-1_i0147.h5,4,3.000000000e-01,-1,7.394151982e-01,main,true,fall,123
ml_samples/N4_sw0.30_x-1_i0148.h5,4,3.000000000e-01,-1,7.394151982e-01,main,true,fall,319
ml_samples/N4_sw0.30_x-1_i0149.h5,4,3.000000000e-01,-1,7.394151982e-01,main,true,fall,324
ml_samples/N4_sw0.30_x-1_i0150.h5,4,3.000000000e-01,-1,7.394151982e-01,main,true,fall,630
ml_samples/N4_sw0.30_x-1_i0151.h5,4,3.000000000e-01,-1,7.394151982e-01,main,true,fall,627
ml_samples/N4_sw0.30_x-1_i0152.h5,4,3.000000000e-01,-1,7.394151982e-01,main,true,fall,323
ml_samples/N4_sw0.30_x-1_i0153.h5,4,3.000000000e-01,-1,7.394151982e-01,main,true,rise,684
ml_samples/N4_sw0.30_x-1_i0154.h5,4,3.000000000e-01,-1,7.394151982e-01,main,true,fall,129
ml_samples/N4_sw0.30_x-1_i0155.h5,4,3.000000000e-01,-1,7.394151982e-01,main,true,fall,136
ml_samples/N4_sw0.30_x-1_i0156.h5,4,3.000000000e-01,-1,7.394151982e-01,main,true,rise,604
ml_samples/N4_sw0.30_x-1_i0157.h5,4,3.000000000e-01,-1,7.394151982e-01,main,true,fall,191
ml_samples/N4_sw0.30_x-1_i0158.h5,4,3.000000000e-01,-1,7.394151982e-01,main,true,fall,94
ml_samples/N4_sw0.30_x-1_i0159.h5,4,3.000000000e-01,-1,7.394151982e-01,main,true,fall,287
ml_samples/N4_sw0.30_x-1_i0160.h5,4,3.000000000e-01,-1,7.394151982e-01,main,true,fall,392
ml_samples/N4_sw0.30_x-1_i0161.h5,4,3.000000000e-01,-1,7.394151982e-01,main,true,fall,201
ml_samples/N4_sw0.30_x-1_i0162.h5,4,3.000000000e-01,-1,7.394151982e-01,main,true,fall,163
ml_samples/N4_sw0.30_x-1_i0163.h5,4,3.000000000e-01,-1,7.394151982e-01,main,true,fall,217
ml_samples/N4_sw0.30_x-1_i0164.h5,4,3.000000000e-01,-1,7.394151982e-01,main,true,fall,373
ml_samples/N4_sw0.30_x-1_i0165.h5,4,3.000000000e-01,-1,7.394151982e-01,main,true,fall,168
ml_samples/N4_sw0.30_x-1_i0166.h5,4,3.000000000e-01,-1,7.394151982e-01,main,true,fall,183
ml_samples/N4_sw0.30_x-1_i0167.h5,4,3.000000000e-01,-1,7.394151982e-01,main,true,fall,101
ml_samples/N4_sw0.30_x-1_i0168.h5,4,3.000000000e-01,-1,7.394151982e-01,main,true,fall,161
ml_samples/N4_sw0.30_x-1_i0169.h5,4,3.000000000e-01,-1,7.394151982e-01,main,true,fall,111
ml_samples/N4_sw0.30_x-1_i0170.h5,4,3.000000000e-01,-1,7.394151982e-01,main,true,fall,201
ml_samples/N4_sw0.30_x-1_i0171.h5,4,3.000000000e-01,-1,7.394151982e-01,main,true,fall,212
ml_samples/N4_sw0.30_x-1_i0172.h5,4,3.000000000e-01,-1,7.394151982e-01,main,true,fall,225
ml_samples/N4_sw0.30_x-1_i0173.h5,4,3.000000000e-01,-1,7.394151982e-01,main,true,fall,202
ml_samples/N4_sw0.30_x-1_i0174.h5,4,3.000000000e-01,-1,7.394151982e-01,main,true,fall,426
ml_samples/N4_sw0.30_x-1_i0175.h5,4,3.000000000e-01,-1,7.394151982e-01,main,true,fall,2258
ml_samples/N4_sw0.30_x-1_i0176.h5,4,3.000000000e-01,-1,7.394151982e-01,main,true,fall,132
ml_samples/N4_sw0.30_x-1_i0177.h5,4,3.000000000e-01,-1,7.394151982e-01,main,true,fall,138
ml_samples/N4_sw0.30_x-1_i0178.h5,4,3.000000000e-01,-1,7.394151982e-01,main,true,fall,419
ml_samples/N4_sw0.30_x-1_i0179.h5,4,3.000000000e-01,-1,7.394151982e-01,main,true,fall,173
ml_samples/N4_sw0.30_x-1_i0180.h5,4,3.000000000e-01,-1,7.394151982e-01,main,true,fall,70
ml_samples/N4_sw0.30_x-1_i0181.h5,4,3.000000000e-01,-1,7.394151982e-01,main,true,fall,541
ml_samples/N4_sw0.30_x-1_i0182.h5,4,3.000000000e-01,-1,7.394151982e-01,main,true,rise,1228
ml_samples/N4_sw0.30_x-1_i0183.h5,4,3.000000000e-01,-1,7.394151982e-01,main,true,fall,1488
ml_samples/N4_sw0.30_x-1_i0184.h5,4,3.000000000e-01,-1,7.394151982e-01,main,true,fall,318
ml_samples/N4_sw0.30_x-1_i0185.h5,4,3.000000000e-01,-1,7.394151982e-01,main,true,rise,1497
ml_samples/N4_sw0.30_x-1_i0186.h5,4,3.000000000e-01,-1,7.394151982e-01,main,true,fall,324
ml_samples/N4_sw0.30_x-1_i0187.h5,4,3.000000000e-01,-1,7.394151982e-01,main,true,fall,155
ml_samples/N4_sw0.30_x-1_i0188.h5,4,3.000000000e-01,-1,7.394151982e-01,main,true,fall,540
ml_samples/N4_sw0.30_x-1_i0189.h5,4,3.000000000e-01,-1,7.394151982e-01,main,true,fall,1907
ml_samples/N4_sw0.30_x-1_i0190.h5,4,3.000000000e-01,-1,7.394151982e-01,main,true,fall,108
ml_samples/N4_sw0.30_x-1_i0191.h5,4,3.000000000e-01,-1,7.394151982e-01,main,true,fall,140
ml_samples/N4_sw0.30_x-1_i0192.h5,4,3.000000000e-01,-1,7.394151982e-01,main,true,fall,169
ml_samples/N4_sw0.30_x-1_i0193.h5,4,3.000000000e-01,-1,7.394151982e-01,main,true,fall,243
ml_samples/N4_sw0.30_x-1_i0194.h5,4,3.000000000e-01,-1,7.394151982e-01,main,true,fall,1464
ml_samples/N4_sw0.30_x-1_i0195.h5,4,3.000000000e-01,-1,7.394151982e-01,main,true,fall,105
ml_samples/N4_sw0.30_x-1_i0196.h5,4,3.000000000e-01,-1,7.394151982e-01,main,true,fall,153
ml_samples/N4_sw0.30_x-1_i0197.h5,4,3.000000000e-01,-1,7.394151982e-01,main,true,fall,1380
ml_samples/N4_sw0.30_x-1_i0198.h5,4,3.000000000e-01,-1,7.394151982e-01,main,true,fall,298
ml_samples/N4_sw0.30_x-1_i0199.h5,4,3.000000000e-01,-1,7.394151982e-01,main,true,fall,562
ml_samples/N4_sw0.30_x+0_i0000.h5,4,3.000000000e-01,0,1.000000000e+00,main,true,fall,902
ml_samples/N4_sw0.30_x+0_i0001.h5,4,3.000000000e-01,0,1.000000000e+00,main,true,rise,1691
ml_samples/N4_sw0.30_x+0_i0002.h5,4,3.000000000e-01,0,1.000000000e+00,main,true,fall,2662
ml_samples/N4_sw0.30_x+0_i0003.h5,4,3.000000000e-01,0,1.000000000e+00,main,true,fall,321
ml_samples/N4_sw0.30_x+0_i0004.h5,4,3.000000000e-01,0,1.000000000e+00,main,true,fall,1213
ml_samples/N4_sw0.30_x+0_i0005.h5,4,3.000000000e-01,0,1.000000000e+00,main,true,fall,698
ml_samples/N4_sw0.30_x+0_i0006.h5,4,3.000000000e-01,0,1.000000000e+00,main,true,rise,645
ml_samples/N4_sw0.30_x+0_i0007.h5,4,3.000000000e-01,0,1.000000000e+00,main,true,rise,1158
ml_samples/N4_sw0.30_x+0_i0008.h5,4,3.000000000e-01,0,1.000000000e+00,main,true,fall,2667
ml_samples/N4_sw0.30_x+0_i0009.h5,4,3.000000000e-01,0,1.000000000e+00,main,true,rise,809
ml_samples/N4_sw0.30_x+0_i0010.h5,4,3.000000000e-01,0,1.000000000e+00,main,true,fall,346
ml_samples/N4_sw0.30_x+0_i0011.h5,4,3.000000000e-01,0,1.000000000e+00,main,true,fall,239
ml_samples/N4_sw0.30_x+0_i0012.h5,4,3.000000000e-01,0,1.000000000e+00,main,true,fall,2859
ml_samples/N4_sw0.30_x+0_i0013.h5,4,3.000000000e-01,0,1.000000000e+00,main,true,fall,1561
ml_samples/N4_sw0.30_x+0_i0014.h5,4,3.000000000e-01,0,1.000000000e+00,main,true,fall,221
ml_samples/N4_sw0.30_x+0_i0015.h5,4,3.000000000e-01,0,1.000000000e+00,main,true,fall,219
ml_samples/N4_sw0.30_x+0_i0016.h5,4,3.000000000e-01,0,1.000000000e+00,main,true,fall,140
ml_samples/N4_sw0.30_x+0_i0017.h5,4,3.000000000e-01,0,1.000000000e+00,main,true,fall,296
ml_samples/N4_sw0.30_x+0_i0018.h5,4,3.000000000e-01,0,1.000000000e+00,main,true,fall,150
ml_samples/N4_sw0.30_x+0_i0019.h5,4,3.000000000e-01,0,1.000000000e+00,main,true,fall,467
ml_samples/N4_sw0.30_x+0_i0020.h5,4,3.000000000e-01,0,1.000000000e+00,main,true,fall,533
ml_samples/N4_sw0.30_x+0_i0021.h5,4,3.000000000e-01,0,1.000000000e+00,main,true,fall,826
ml_samples/N4_sw0.30_x+0_i0022.h5,4,3.000000000e-01,0,1.000000000e+00,main,true,rise,1333
ml_samples/N4_sw0.30_x+0_i0023.h5,4,3.000000000e-01,0,1.000000000e+00,main,true,fall,318
ml_samples/N4_sw0.30_x+0_i0024.h5,4,3.000000000e-01,0,1.000000000e+00,main,true,fall,254
ml_samples/N4_sw0.30_x+0_i0025.h5,4,3.000000000e-01,0,1.000000000e+00,main,true,rise,3248
ml_samples/N4_sw0.30_x+0_i0026.h5,4,3.000000000e-01,0,1.000000000e+00,main,true,fall,288
ml_samples/N4_sw0.30_x+0_i0027.h5,4,3.000000000e-01,0,1.000000000e+00,main,true,fall,405
ml_samples/N4_sw0.30_x+0_i0028.h5,4,3.000000000e-01,0,1.000000000e+00,main,true,rise,276
ml_samples/N4_sw0.30_x+0_i0029.h5,4,3.000000000e-01,0,1.000000000e+00,main,true,fall,105
ml_samples/N4_sw0.30_x+0_i0030.h5,4,3.000000000e-01,0,1.000000000e+00,main,true,fall,1010
ml_samples/N4_sw0.30_x+0_i0031.h5,4,3.000000000e-01,0,1.000000000e+00,main,true,rise,1127
ml_samples/N4_sw0.30_x+0_i0032.h5,4,3.000000000e-01,0,1.000000000e+00,main,true,fall,569
ml_samples/N4_sw0.30_x+0_i0033.h5,4,3.000000000e-01,0,1.000000000e+00,main,true,rise,1385
ml_samples/N4_sw0.30_x+0_i0034.h5,4,3.000000000e-01,0,1.000000000e+00,main,true,fall,193
ml_samples/N4_sw0.30_x+0_i0035.h5,4,3.000000000e-01,0,1.000000000e+00,main,true,fall,240
ml_samples/N4_sw0.30_x+0_i0036.h5,4,3.000000000e-01,0,1.000000000e+00,main,true,rise,1282
ml_samples/N4_sw0.30_x+0_i0037.h5,4,3.000000000e-01,0,1.000000000e+00,main,true,rise,1315
ml_samples/N4_sw0.30_x+0_i0038.h5,4,3.000000000e-01,0,1.000000000e+00,main,true,rise,530
ml_samples/N4_sw0.30_x+0_i0039.h5,4,3.000000000e-01,0,1.000000000e+00,main,true,rise,2364
ml_samples/N4_sw0.30_x+0_i0040.h5,4,3.000000000e-01,0,1.000000000e+00,main,true,fall,1606
ml_samples/N4_sw0.30_x+0_i0041.h5,4,3.000000000e-01,0,1.000000000e+00,main,true,fall,543
ml_samples/N4_sw0.30_x+0_i0042.h5,4,3.000000000e-01,0,1.000000000e+00,main,true,fall,153
ml_samples/N4_sw0.30_x+0_i0043.h5,4,3.000000000e-01,0,1.000000000e+00,main,true,rise,4321
ml_samples/N4_sw0.30_x+0_i0044.h5,4,3.000000000e-01,0,1.000000000e+00,main,true,fall,1075
ml_samples/N4_sw0.30_x+0_i0045.h5,4,3.000000000e-01,0,1.000000000e+00,main,true,rise,1236
ml_samples/N4_sw0.30_x+0_i0046.h5,4,3.000000000e-01,0,1.000000000e+00,main,true,fall,1091
ml_samples/N4_sw0.30_x+0_i0047.h5,4,3.000000000e-01,0,1.000000000e+00,main,true,rise,1624
ml_samples/N4_sw0.30_x+0_i0048.h5,4,3.000000000e-01,0,1.000000000e+00,main,true,fall,2779
ml_samples/N4_sw0.30_x+0_i0049.h5,4,3.000000000e-01,0,1.000000000e+00,main,true,rise,1752
ml_samples/N4_sw0.30_x+0_i0050.h5,4,3.000000000e-01,0,1.000000000e+00,main,true,fall,938
ml_samples/N4_sw0.30_x+0_i0051.h5,4,3.000000000e-01,0,1.000000000e+00,main,true,fall,88
ml_samples/N4_sw0.30_x+0_i0052.h5,4,3.000000000e-01,0,1.000000000e+00,main,true,rise,352
ml_samples/N4_sw0.30_x+0_i0053.h5,4,3.000000000e-01,0,1.000000000e+00,main,true,fall,2577
ml_samples/N4_sw0.30_x+0_i0054.h5,4,3.000000000e-01,0,1.000000000e+00,main,true,rise,1506
ml_samples/N4_sw0.30_x+0_i0055.h5,4,3.000000000e-01,0,1.000000000e+00,main,true,rise,1015
ml_samples/N4_sw0.30_x+0_i0056.h5,4,3.000000000e-01,0,1.000000000e+00,main,true,fall,878
ml_samples/N4_sw0.30_x+0_i0057.h5,4,3.000000000e-01,0,1.000000000e+00,main,true,fall,617
ml_samples/N4_sw0.30_x+0_i0058.h5,4,3.000000000e-01,0,1.000000000e+00,main,true,rise,494
ml_samples/N4_sw0.30_x+0_i0059.h5,4,3.000000000e-01,0,1.000000000e+00,main,true,fall,1447
ml_samples/N4_sw0.30_x+0_i0060.h5,4,3.000000000e-01,0,1.000000000e+00,main,true,fall,1715
ml_samples/N4_sw0.30_x+0_i0061.h5,4,3.000000000e-01,0,1.000000000e+00,main,true,fall,94
ml_samples/N4_sw0.30_x+0_i0062.h5,4,3.000000000e-01,0,1.000000000e+00,main,true,fall,1005
ml_samples/N4_sw0.30_x+0_i0063.h5,4,3.000000000e-01,0,1.000000000e+00,main,true,fall,170
ml_samples/N4_sw0.30_x+0_i0064.h5,4,3.000000000e-01,0,1.000000000e+00,main,true,rise,1138
ml_samples/N4_sw0.30_x+0_i0065.h5,4,3.000000000e-01,0,1.000000000e+00,main,true,rise,500
ml_samples/N4_sw0.30_x+0_i0066.h5,4,3.000000000e-01,0,1.000000000e+00,main,true,rise,1215
ml_samples/N4_sw0.30_x+0_i0067.h5,4,3.000000000e-01,0,1.000000000e+00,main,true,rise,1487
ml_samples/N4_sw0.30_x+0_i0068.h5,4,3.000000000e-01,0,1.000000000e+00,main,true,fall,453
ml_samples/N4_sw0.30_x+0_i0069.h5,4,3.000000000e-01,0,1.000000000e+00,main,true,fall,682
ml_samples/N4_sw0.30_x+0_i0070.h5,4,3.000000000e-01,0,1.000000000e+00,main,true,rise,1004
ml_samples/N4_sw0.30_x+0_i0071.h5,4,3.000000000e-01,0,1.000000000e+00,main,true,rise,712
ml_samples/N4_sw0.30_x+0_i0072.h5,4,3.000000000e-01,0,1.000000000e+00,main,true,rise,1042
ml_samples/N4_sw0.30_x+0_i0073.h5,4,3.000000000e-01,0,1.000000000e+00,main,true,rise,1931
ml_samples/N4_sw0.30_x+0_i0074.h5,4,3.000000000e-01,0,1.000000000e+00,main,true,rise,817
ml_samples/N4_sw0.30_x+0_i0075.h5,4,3.000000000e-01,0,1.000000000e+00,main,true,fall,331
ml_samples/N4_sw0.30_x+0_i0076.h5,4,3.000000000e-01,0,1.000000000e+00,main,true,rise,680
ml_samples/N4_sw0.30_x+0_i0077.h5,4,3.000000000e-01,0,1.000000000e+00,main,true,fall,181
ml_samples/N4_sw0.30_x+0_i0078.h5,4,3.000000000e-01,0,1.000000000e+00,main,true,rise,522
ml_samples/N4_sw0.30_x+0_i0079.h5,4,3.000000000e-01,0,1.000000000e+00,main,true,rise,1501
ml_samples/N4_sw0.30_x+0_i0080.h5,4,3.000000000e-01,0,1.000000000e+00,main,true,rise,3612
ml_samples/N4_sw0.30_x+0_i0081.h5,4,3.000000000e-01,0,1.000000000e+00,main,true,fall,1583
ml_samples/N4_sw0.30_x+0_i0082.h5,4,3.000000000e-01,0,1.000000000e+00,main,true,fall,1742
ml_samples/N4_sw0.30_x+0_i0083.h5,4,3.000000000e-01,0,1.000000000e+00,main,true,fall,893
ml_samples/N4_sw0.30_x+0_i0084.h5,4,3.000000000e-01,0,1.000000000e+00,main,true,fall,1414
ml_samples/N4_sw0.30_x+0_i0085.h5,4,3.000000000e-01,0,1.000000000e+00,main,true,fall,1609
ml_samples/N4_sw0.30_x+0_i0086.h5,4,3.000000000e-01,0,1.000000000e+00,main,true,rise,542
ml_samples/N4_sw0.30_x+0_i0087.h5,4,3.000000000e-01,0,1.000000000e+00,main,true,fall,542
ml_samples/N4_sw0.30_x+0_i0088.h5,4,3.000000000e-01,0,1.000000000e+00,main,true,rise,390
ml_samples/N4_sw0.30_x+0_i0089.h5,4,3.000000000e-01,0,1.000000000e+00,main,true,rise,393
ml_samples/N4_sw0.30_x+0_i0090.h5,4,3.000000000e-01,0,1.000000000e+00,main,true,rise,5114
ml_samples/N4_sw0.30_x+0_i0091.h5,4,3.000000000e-01,0,1.000000000e+00,main,true,fall,902
ml_samples/N4_sw0.30_x+0_i0092.h5,4,3.000000000e-01,0,1.000000000e+00,main,true,rise,873
ml_samples/N4_sw0.30_x+0_i0093.h5,4,3.000000000e-01,0,1.000000000e+00,main,true,rise,874
ml_samples/N4_sw0.30_x+0_i0094.h5,4,3.000000000e-01,0,1.000000000e+00,main,true,fall,1228
ml_samples/N4_sw0.30_x+0_i0095.h5,4,3.000000000e-01,0,1.000000000e+00,main,true,fall,1587
ml_samples/N4_sw0.30_x+0_i0096.h5,4,3.000000000e-01,0,1.000000000e+00,main,true,fall,84
ml_samples/N4_sw0.30_x+0_i0097.h5,4,3.000000000e-01,0,1.000000000e+00,main,true,rise,1213
ml_samples/N4_sw0.30_x+0_i0098.h5,4,3.000000000e-01,0,1.000000000e+00,main,true,fall,436
ml_samples/N4_sw0.30_x+0_i0099.h5,4,3.000000000e-01,0,1.000000000e+00,main,true,rise,805
ml_samples/N4_sw0.30_x+0_i0100.h5,4,3.000000000e-01,0,1.000000000e+00,main,true,fall,526
ml_samples/N4_sw0.30_x+0_i0101.h5,4,3.000000000e-01,0,1.000000000e+00,main,true,fall,493
ml_samples/N4_sw0.30_x+0_i0102.h5,4,3.000000000e-01,0,1.000000000e+00,main,true,rise,768
ml_samples/N4_sw0.30_x+0_i0103.h5,4,3.000000000e-01,0,1.000000000e+00,main,true,fall,742
ml_samples/N4_sw0.30_x+0_i0104.h5,4,3.000000000e-01,0,1.000000000e+00,main,true,fall,1608
ml_samples/N4_sw0.30_x+0_i0105.h5,4,3.000000000e-01,0,1.000000000e+00,main,true,fall,1411
ml_samples/N4_sw0.30_x+0_i0106.h5,4,3.000000000e-01,0,1.000000000e+00,main,true,fall,1150
ml_samples/N4_sw0.30_x+0_i0107.h5,4,3.000000000e-01,0,1.000000000e+00,main,true,fall,1253
ml_samples/N4_sw0.30_x+0_i0108.h5,4,3.000000000e-01,0,1.000000000e+00,main,true,rise,994
ml_samples/N4_sw0.30_x+0_i0109.h5,4,3.000000000e-01,0,1.000000000e+00,main,true,rise,287
ml_samples/N4_sw0.30_x+0_i0110.h5,4,3.000000000e-01,0,1.000000000e+00,main,true,fall,250
ml_samples/N4_sw0.30_x+0_i0111.h5,4,3.000000000e-01,0,1.000000000e+00,main,true,fall,221
ml_samples/N4_sw0.30_x+0_i0112.h5,4,3.000000000e-01,0,1.000000000e+00,main,true,rise,517
ml_samples/N4_sw0.30_x+0_i0113.h5,4,3.000000000e-01,0,1.000000000e+00,main,true,rise,331
ml_samples/N4_sw0.30_x+0_i0114.h5,4,3.000000000e-01,0,1.000000000e+00,main,true,fall,923
ml_samples/N4_sw0.30_x+0_i0115.h5,4,3.000000000e-01,0,1.000000000e+00,main,true,rise,1112
ml_samples/N4_sw0.30_x+0_i0116.h5,4,3.000000000e-01,0,1.000000000e+00,main,true,rise,445
ml_samples/N4_sw0.30_x+0_i0117.h5,4,3.000000000e-01,0,1.000000000e+00,main,true,fall,620
ml_samples/N4_sw0.30_x+0_i0118.h5,4,3.000000000e-01,0,1.000000000e+00,main,true,fall,590
ml_samples/N4_sw0.30_x+0_i0119.h5,4,3.000000000e-01,0,1.000000000e+00,main,true,fall,748
ml_samples/N4_sw0.30_x+0_i0120.h5,4,3.000000000e-01,0,1.000000000e+00,main,true,fall,3538
ml_samples/N4_sw0.30_x+0_i0121.h5,4,3.000000000e-01,0,1.000000000e+00,main,true,fall,256
ml_samples/N4_sw0.30_x+0_i0122.h5,4,3.000000000e-01,0,1.000000000e+00,main,true,fall,429
ml_samples/N4_sw0.30_x+0_i0123.h5,4,3.000000000e-01,0,1.000000000e+00,main,true,fall,2634
ml_samples/N4_sw0.30_x+0_i0124.h5,4,3.000000000e-01,0,1.000000000e+00,main,true,fall,998
ml_samples/N4_sw0.30_x+0_i0125.h5,4,3.000000000e-01,0,1.000000000e+00,main,true,fall,170
ml_samples/N4_sw0.30_x+0_i0126.h5,4,3.000000000e-01,0,1.000000000e+00,main,true,fall,579
ml_samples/N4_sw0.30_x+0_i0127.h5,4,3.000000000e-01,0,1.000000000e+00,main,true,timeout,6001
ml_samples/N4_sw0.30_x+0_i0128.h5,4,3.000000000e-01,0,1.000000000e+00,main,true,fall,731
ml_samples/N4_sw0.30_x+0_i0129.h5,4,3.000000000e-01,0,1.000000000e+00,main,true,fall,1604
ml_samples/N4_sw0.30_x+0_i0130.h5,4,3.000000000e-01,0,1.000000000e+00,main,true,fall,697
ml_samples/N4_sw0.30_x+0_i0131.h5,4,3.000000000e-01,0,1.000000000e+00,main,true,rise,427
ml_samples/N4_sw0.30_x+0_i0132.h5,4,3.000000000e-01,0,1.000000000e+00,main,true,fall,180
ml_samples/N4_sw0.30_x+0_i0133.h5,4,3.000000000e-01,0,1.000000000e+00,main,true,fall,1207
ml_samples/N4_sw0.30_x+0_i0134.h5,4,3.000000000e-01,0,1.000000000e+00,main,true,fall,492
ml_samples/N4_sw0.30_x+0_i0135.h5,4,3.000000000e-01,0,1.000000000e+00,main,true,rise,834
ml_samples/N4_sw0.30_x+0_i0136.h5,4,3.000000000e-01,0,1.000000000e+00,main,true,fall,716
ml_samples/N4_sw0.30_x+0_i0137.h5,4,3.000000000e-01,0,1.000000000e+00,main,true,rise,1055
ml_samples/N4_sw0.30_x+0_i0138.h5,4,3.000000000e-01,0,1.000000000e+00,main,true,fall,1187
ml_samples/N4_sw0.30_x+0_i0139.h5,4,3.000000000e-01,0,1.000000000e+00,main,true,fall,517
ml_samples/N4_sw0.30_x+0_i0140.h5,4,3.000000000e-01,0,1.000000000e+00,main,true,rise,290
ml_samples/N4_sw0.30_x+0_i0141.h5,4,3.000000000e-01,0,1.000000000e+00,main,true,rise,1022
ml_samples/N4_sw0.30_x+0_i0142.h5,4,3.000000000e-01,0,1.000000000e+00,main,true,fall,455
ml_samples/N4_sw0.30_x+0_i0143.h5,4,3.000000000e-01,0,1.000000000e+00,main,true,fall,902
ml_samples/N4_sw0.30_x+0_i0144.h5,4,3.000000000e-01,0,1.000000000e+00,main,true,rise,675
ml_samples/N4_sw0.30_x+0_i0145.h5,4,3.000000000e-01,0,1.000000000e+00,main,true,fall,265
ml_samples/N4_sw0.30_x+0_i0146.h5,4,3.000000000e-01,0,1.000000000e+00,main,true,rise,901
ml_samples/N4_sw0.30_x+0_i0147.h5,4,3.000000000e-01,0,1.000000000e+00,main,true,fall,2945
ml_samples/N4_sw0.30_x+0_i0148.h5,4,3.000000000e-01,0,1.000000000e+00,main,true,fall,250
ml_samples/N4_sw0.30_x+0_i0149.h5,4,3.000000000e-01,0,1.000000000e+00,main,true,fall,433
ml_samples/N4_sw0.30_x+0_i0150.h5,4,3.000000000e-01,0,1.000000000e+00,main,true,rise,589
ml_samples/N4_sw0.30_x+0_i0151.h5,4,3.000000000e-01,0,1.000000000e+00,main,true,fall,626
ml_samples/N4_sw0.30_x+0_i0152.h5,4,3.000000000e-01,0,1.000000000e+00,main,true,rise,1343
ml_samples/N4_sw0.30_x+0_i0153.h5,4,3.000000000e-01,0,1.000000000e+00,main,true,fall,412
ml_samples/N4_sw0.30_x+0_i0154.h5,4,3.000000000e-01,0,1.000000000e+00,main,true,rise,884
ml_samples/N4_sw0.30_x+0_i0155.h5,4,3.000000000e-01,0,1.000000000e+00,main,true,rise,1143
ml_samples/N4_sw0.30_x+0_i0156.h5,4,3.000000000e-01,0,1.000000000e+00,main,true,rise,420
ml_samples/N4_sw0.30_x+0_i0157.h5,4,3.000000000e-01,0,1.000000000e+00,main,true,rise,1293
ml_samples/N4_sw0.30_x+0_i0158.h5,4,3.000000000e-01,0,1.000000000e+00,main,true,rise,524
ml_samples/N4_sw0.30_x+0_i0159.h5,4,3.000000000e-01,0,1.000000000e+00,main,true,fall,458
ml_samples/N4_sw0.30_x+0_i0160.h5,4,3.000000000e-01,0,1.000000000e+00,main,true,fall,135
ml_samples/N4_sw0.30_x+0_i0161.h5,4,3.000000000e-01,0,1.000000000e+00,main,true,fall,3111
ml_samples/N4_sw0.30_x+0_i0162.h5,4,3.000000000e-01,0,1.000000000e+00,main,true,fall,352
ml_samples/N4_sw0.30_x+0_i0163.h5,4,3.000000000e-01,0,1.000000000e+00,main,true,rise,755
ml_samples/N4_sw0.30_x+0_i0164.h5,4,3.000000000e-01,0,1.000000000e+00,main,true,fall,1302
ml_samples/N4_sw0.30_x+0_i0165.h5,4,3.000000000e-01,0,1.000000000e+00,main,true,rise,474
ml_samples/N4_sw0.30_x+0_i0166.h5,4,3.000000000e-01,0,1.000000000e+00,main,true,fall,297
ml_samples/N4_sw0.30_x+0_i0167.h5,4,3.000000000e-01,0,1.000000000e+00,main,true,rise,352
ml_samples/N4_sw0.30_x+0_i0168.h5,4,3.000000000e-01,0,1.000000000e+00,main,true,fall,1179
ml_samples/N4_sw0.30_x+0_i0169.h5,4,3.000000000e-01,0,1.000000000e+00,main,true,fall,162
ml_samples/N4_sw0.30_x+0_i0170.h5,4,3.000000000e-01,0,1.000000000e+00,main,true,rise,1401
ml_samples/N4_sw0.30_x+0_i0171.h5,4,3.000000000e-01,0,1.000000000e+00,main,true,fall,153
ml_samples/N4_sw0.30_x+0_i0172.h5,4,3.000000000e-01,0,1.000000000e+00,main,true,fall,399
ml_samples/N4_sw0.30_x+0_i0173.h5,4,3.000000000e-01,0,1.000000000e+00,main,true,fall,899
ml_samples/N4_sw0.30_x+0_i0174.h5,4,3.000000000e-01,0,1.000000000e+00,main,true,fall,405
ml_samples/N4_sw0.30_x+0_i0175.h5,4,3.000000000e-01,0,1.000000000e+00,main,true,rise,1344
ml_samples/N4_sw0.30_x+0_i0176.h5,4,3.000000000e-01,0,1.000000000e+00,main,true,fall,150
ml_samples/N4_sw0.30_x+0_i0177.h5,4,3.000000000e-01,0,1.000000000e+00,main,true,rise,4473
ml_samples/N4_sw0.30_x+0_i0178.h5,4,3.000000000e-01,0,1.000000000e+00,main,true,rise,1021
ml_samples/N4_sw0.30_x+0_i0179.h5,4,3.000000000e-01,0,1.000000000e+00,main,true,fall,224
ml_samples/N4_sw0.30_x+0_i0180.h5,4,3.000000000e-01,0,1.000000000e+00,main,true,rise,3095
ml_samples/N4_sw0.30_x+0_i0181.h5,4,3.000000000e-01,0,1.000000000e+00,main,true,fall,3026
ml_samples/N4_sw0.30_x+0_i0182.h5,4,3.000000000e-01,0,1.000000000e+00,main,true,fall,173
ml_samples/N4_sw0.30_x+0_i0183.h5,4,3.000000000e-01,0,1.000000000e+00,main,true,fall,612
ml_samples/N4_sw0.30_x+0_i0184.h5,4,3.000000000e-01,0,1.000000000e+00,main,true,fall,214
ml_samples/N4_sw0.30_x+0_i0185.h5,4,3.000000000e-01,0,1.000000000e+00,main,true,fall,1703
ml_samples/N4_sw0.30_x+0_i0186.h5,4,3.000000000e-01,0,1.000000000e+00,main,true,fall,2006
ml_samples/N4_sw0.30_x+0_i0187.h5,4,3.000000000e-01,0,1.000000000e+00,main,true,fall,257
ml_samples/N4_sw0.30_x+0_i0188.h5,4,3.000000000e-01,0,1.000000000e+00,main,true,fall,468
ml_samples/N4_sw0.30_x+0_i0189.h5,4,3.000000000e-01,0,1.000000000e+00,main,true,rise,1580
ml_samples/N4_sw0.30_x+0_i0190.h5,4,3.000000000e-01,0,1.000000000e+00,main,true,fall,1667
ml_samples/N4_sw0.30_x+0_i0191.h5,4,3.000000000e-01,0,1.000000000e+00,main,true,fall,414
ml_samples/N4_sw0.30_x+0_i0192.h5,4,3.000000000e-01,0,1.000000000e+00,main,true,fall,371
ml_samples/N4_sw0.30_x+0_i0193.h5,4,3.000000000e-01,0,1.000000000e+00,main,true,rise,1384
ml_samples/N4_sw0.30_x+0_i0194.h5,4,3.000000000e-01,0,1.000000000e+00,main,true,fall,609
ml_samples/N4_sw0.30_x+0_i0195.h5,4,3.000000000e-01,0,1.000000000e+00,main,true,rise,1226
ml_samples/N4_sw0.30_x+0_i0196.h5,4,3.000000000e-01,0,1.000000000e+00,main,true,fall,257
ml_samples/N4_sw0.30_x+0_i0197.h5,4,3.000000000e-01,0,1.000000000e+00,main,true,fall,280
ml_samples/N4_sw0.30_x+0_i0198.h5,4,3.000000000e-01,0,1.000000000e+00,main,true,fall,318
ml_samples/N4_sw0.30_x+0_i0199.h5,4,3.000000000e-01,0,1.000000000e+00,main,true,rise,1658
ml_samples/N4_sw0.30_x+1_i0000.h5,4,3.000000000e-01,1,1.260584802e+00,main,true,rise,376
ml_samples/N4_sw0.30_x+1_i0001.h5,4,3.000000000e-01,1,1.260584802e+00,main,true,fall,603
ml_samples/N4_sw0.30_x+1_i0002.h5,4,3.000000000e-01,1,1.260584802e+00,main,true,rise,389
ml_samples/N4_sw0.30_x+1_i0003.h5,4,3.000000000e-01,1,1.260584802e+00,main,true,rise,4114
ml_samples/N4_sw0.30_x+1_i0004.h5,4,3.000000000e-01,1,1.260584802e+00,main,true,rise,910
ml_samples/N4_sw0.30_x+1_i0005.h5,4,3.000000000e-01,1,1.260584802e+00,main,true,fall,303
ml_samples/N4_sw0.30_x+1_i0006.h5,4,3.000000000e-01,1,1.260584802e+00,main,true,rise,806
ml_samples/N4_sw0.30_x+1_i0007.h5,4,3.000000000e-01,1,1.260584802e+00,main,true,rise,1155
ml_samples/N4_sw0.30_x+1_i0008.h5,4,3.000000000e-01,1,1.260584802e+00,main,true,rise,910
ml_samples/N4_sw0.30_x+1_i0009.h5,4,3.000000000e-01,1,1.260584802e+00,main,true,rise,431
ml_samples/N4_sw0.30_x+1_i0010.h5,4,3.000000000e-01,1,1.260584802e+00,main,true,rise,2159
ml_samples/N4_sw0.30_x+1_i0011.h5,4,3.000000000e-01,1,1.260584802e+00,main,true,rise,526
ml_samples/N4_sw0.30_x+1_i0012.h5,4,3.000000000e-01,1,1.260584802e+00,main,true,rise,331
ml_samples/N4_sw0.30_x+1_i0013.h5,4,3.000000000e-01,1,1.260584802e+00,main,true,rise,1057
ml_samples/N4_sw0.30_x+1_i0014.h5,4,3.000000000e-01,1,1.260584802e+00,main,true,rise,544
ml_samples/N4_sw0.30_x+1_i0015.h5,4,3.000000000e-01,1,1.260584802e+00,main,true,fall,168
ml_samples/N4_sw0.30_x+1_i0016.h5,4,3.000000000e-01,1,1.260584802e+00,main,true,fall,157
ml_samples/N4_sw0.30_x+1_i0017.h5,4,3.000000000e-01,1,1.260584802e+00,main,true,rise,918
ml_samples/N4_sw0.30_x+1_i0018.h5,4,3.000000000e-01,1,1.260584802e+00,main,true,rise,910
ml_samples/N4_sw0.30_x+1_i0019.h5,4,3.000000000e-01,1,1.260584802e+00,main,true,fall,810
ml_samples/N4_sw0.30_x+1_i0020.h5,4,3.000000000e-01,1,1.260584802e+00,main,true,rise,1732
ml_samples/N4_sw0.30_x+1_i0021.h5,4,3.000000000e-01,1,1.260584802e+00,main,true,rise,448
ml_samples/N4_sw0.30_x+1_i0022.h5,4,3.000000000e-01,1,1.260584802e+00,main,true,rise,1029
ml_samples/N4_sw0.30_x+1_i0023.h5,4,3.000000000e-01,1,1.260584802e+00,main,true,rise,599
ml_samples/N4_sw0.30_x+1_i0024.h5,4,3.000000000e-01,1,1.260584802e+00,main,true,fall,649
ml_samples/N4_sw0.30_x+1_i0025.h5,4,3.000000000e-01,1,1.260584802e+00,main,true,fall,1923
ml_samples/N4_sw0.30_x+1_i0026.h5,4,3.000000000e-01,1,1.260584802e+00,main,true,rise,322
ml_samples/N4_sw0.30_x+1_i0027.h5,4,3.000000000e-01,1,1.260584802e+00,main,true,rise,421
ml_samples/N4_sw0.30_x+1_i0028.h5,4,3.000000000e-01,1,1.260584802e+00,main,true,rise,1248
ml_samples/N4_sw0.30_x+1_i0029.h5,4,3.000000000e-01,1,1.260584802e+00,main,true,rise,359
ml_samples/N4_sw0.30_x+1_i0030.h5,4,3.000000000e-01,1,1.260584802e+00,main,true,fall,250
ml_samples/N4_sw0.30_x+1_i0031.h5,4,3.000000000e-01,1,1.260584802e+00,main,true,rise,280
ml_samples/N4_sw0.30_x+1_i0032.h5,4,3.000000000e-01,1,1.260584802e+00,main,true,rise,1177
ml_samples/N4_sw0.30_x+1_i0033.h5,4,3.000000000e-01,1,1.260584802e+00,main,true,fall,590
ml_samples/N4_sw0.30_x+1_i0034.h5,4,3.000000000e-01,1,1.260584802e+00,main,true,rise,795
ml_samples/N4_sw0.30_x+1_i0035.h5,4,3.000000000e-01,1,1.260584802e+00,main,true,fall,165
ml_samples/N4_sw0.30_x+1_i0036.h5,4,3.000000000e-01,1,1.260584802e+00,main,true,rise,321
ml_samples/N4_sw0.30_x+1_i0037.h5,4,3.000000000e-01,1,1.260584802e+00,main,true,fall,253
ml_samples/N4_sw0.30_x+1_i0038.h5,4,3.000000000e-01,1,1.260584802e+00,main,true,rise,719
ml_samples/N4_sw0.30_x+1_i0039.h5,4,3.000000000e-01,1,1.260584802e+00,main,true,rise,204
ml_samples/N4_sw0.30_x+1_i0040.h5,4,3.000000000e-01,1,1.260584802e+00,main,true,rise,240
ml_samples/N4_sw0.30_x+1_i0041.h5,4,3.000000000e-01,1,1.260584802e+00,main,true,rise,650
ml_samples/N4_sw0.30_x+1_i0042.h5,4,3.000000000e-01,1,1.260584802e+00,main,true,rise,383
ml_samples/N4_sw0.30_x+1_i0043.h5,4,3.000000000e-01,1,1.260584802e+00,main,true,fall,1075
ml_samples/N4_sw0.30_x+1_i0044.h5,4,3.000000000e-01,1,1.260584802e+00,main,true,rise,315
ml_samples/N4_sw0.30_x+1_i0045.h5,4,3.000000000e-01,1,1.260584802e+00,main,true,rise,1654
ml_samples/N4_sw0.30_x+1_i0046.h5,4,3.000000000e-01,1,1.260584802e+00,main,true,rise,374
ml_samples/N4_sw0.30_x+1_i0047.h5,4,3.000000000e-01,1,1.260584802e+00,main,true,fall,359
ml_samples/N4_sw0.30_x+1_i0048.h5,4,3.000000000e-01,1,1.260584802e+00,main,true,rise,1649
ml_samples/N4_sw0.30_x+1_i0049.h5,4,3.000000000e-01,1,1.260584802e+00,main,true,rise,549
ml_samples/N4_sw0.30_x+1_i0050.h5,4,3.000000000e-01,1,1.260584802e+00,main,true,rise,931
ml_samples/N4_sw0.30_x+1_i0051.h5,4,3.000000000e-01,1,1.260584802e+00,main,true,rise,315
ml_samples/N4_sw0.30_x+1_i0052.h5,4,3.000000000e-01,1,1.260584802e+00,main,true,rise,499
ml_samples/N4_sw0.30_x+1_i0053.h5,4,3.000000000e-01,1,1.260584802e+00,main,true,rise,1194
ml_samples/N4_sw0.30_x+1_i0054.h5,4,3.000000000e-01,1,1.260584802e+00,main,true,fall,260
ml_samples/N4_sw0.30_x+1_i0055.h5,4,3.000000000e-01,1,1.260584802e+00,main,true,fall,515
ml_samples/N4_sw0.30_x+1_i0056.h5,4,3.000000000e-01,1,1.260584802e+00,main,true,rise,1606
ml_samples/N4_sw0.30_x+1_i0057.h5,4,3.000000000e-01,1,1.260584802e+00,main,true,rise,1394
ml_samples/N4_sw0.30_x+1_i0058.h5,4,3.000000000e-01,1,1.260584802e+00,main,true,rise,1902
ml_samples/N4_sw0.30_x+1_i0059.h5,4,3.000000000e-01,1,1.260584802e+00,main,true,rise,1794
ml_samples/N4_sw0.30_x+1_i0060.h5,4,3.000000000e-01,1,1.260584802e+00,main,true,rise,601
ml_samples/N4_sw0.30_x+1_i0061.h5,4,3.000000000e-01,1,1.260584802e+00,main,true,rise,675
ml_samples/N4_sw0.30_x+1_i0062.h5,4,3.000000000e-01,1,1.260584802e+00,main,true,rise,1974
ml_samples/N4_sw0.30_x+1_i0063.h5,4,3.000000000e-01,1,1.260584802e+00,main,true,fall,1321
ml_samples/N4_sw0.30_x+1_i0064.h5,4,3.000000000e-01,1,1.260584802e+00,main,true,rise,1428
ml_samples/N4_sw0.30_x+1_i0065.h5,4,3.000000000e-01,1,1.260584802e+00,main,true,rise,2091
ml_samples/N4_sw0.30_x+1_i0066.h5,4,3.000000000e-01,1,1.260584802e+00,main,true,fall,1074
ml_samples/N4_sw0.30_x+1_i0067.h5,4,3.000000000e-01,1,1.260584802e+00,main,true,fall,593
ml_samples/N4_sw0.30_x+1_i0068.h5,4,3.000000000e-01,1,1.260584802e+00,main,true,rise,1584
ml_samples/N4_sw0.30_x+1_i0069.h5,4,3.000000000e-01,1,1.260584802e+00,main,true,rise,188
ml_samples/N4_sw0.30_x+1_i0070.h5,4,3.000000000e-01,1,1.260584802e+00,main,true,rise,373
ml_samples/N4_sw0.30_x+1_i0071.h5,4,3.000000000e-01,1,1.260584802e+00,main,true,fall,234
ml_samples/N4_sw0.30_x+1_i0072.h5,4,3.000000000e-01,1,1.260584802e+00,main,true,rise,868
ml_samples/N4_sw0.30_x+1_i0073.h5,4,3.000000000e-01,1,1.260584802e+00,main,true,rise,1989
ml_samples/N4_sw0.30_x+1_i0074.h5,4,3.000000000e-01,1,1.260584802e+00,main,true,fall,442
ml_samples/N4_sw0.30_x+1_i0075.h5,4,3.000000000e-01,1,1.260584802e+00,main,true,fall,276
ml_samples/N4_sw0.30_x+1_i0076.h5,4,3.000000000e-01,1,1.260584802e+00,main,true,rise,355
ml_samples/N4_sw0.30_x+1_i0077.h5,4,3.000000000e-01,1,1.260584802e+00,main,true,rise,328
ml_samples/N4_sw0.30_x+1_i0078.h5,4,3.000000000e-01,1,1.260584802e+00,main,true,rise,810
ml_samples/N4_sw0.30_x+1_i0079.h5,4,3.000000000e-01,1,1.260584802e+00,main,true,fall,1730
ml_samples/N4_sw0.30_x+1_i0080.h5,4,3.000000000e-01,1,1.260584802e+00,main,true,rise,807
ml_samples/N4_sw0.30_x+1_i0081.h5,4,3.000000000e-01,1,1.260584802e+00,main,true,rise,568
ml_samples/N4_sw0.30_x+1_i0082.h5,4,3.000000000e-01,1,1.260584802e+00,main,true,rise,341
ml_samples/N4_sw0.30_x+1_i0083.h5,4,3.000000000e-01,1,1.260584802e+00,main,true,rise,1421
ml_samples/N4_sw0.30_x+1_i0084.h5,4,3.000000000e-01,1,1.260584802e+00,main,true,rise,263
ml_samples/N4_sw0.30_x+1_i0085.h5,4,3.000000000e-01,1,1.260584802e+00,main,true,fall,770
ml_samples/N4_sw0.30_x+1_i0086.h5,4,3.000000000e-01,1,1.260584802e+00,main,true,rise,561
ml_samples/N4_sw0.30_x+1_i0087.h5,4,3.000000000e-01,1,1.260584802e+00,main,true,fall,1248
ml_samples/N4_sw0.30_x+1_i0088.h5,4,3.000000000e-01,1,1.260584802e+00,main,true,rise,931
ml_samples/N4_sw0.30_x+1_i0089.h5,4,3.000000000e-01,1,1.260584802e+00,main,true,rise,402
ml_samples/N4_sw0.30_x+1_i0090.h5,4,3.000000000e-01,1,1.260584802e+00,main,true,rise,1023
ml_samples/N4_sw0.30_x+1_i0091.h5,4,3.000000000e-01,1,1.260584802e+00,main,true,rise,464
ml_samples/N4_sw0.30_x+1_i0092.h5,4,3.000000000e-01,1,1.260584802e+00,main,true,rise,860
ml_samples/N4_sw0.30_x+1_i0093.h5,4,3.000000000e-01,1,1.260584802e+00,main,true,rise,2999
ml_samples/N4_sw0.30_x+1_i0094.h5,4,3.000000000e-01,1,1.260584802e+00,main,true,rise,501
ml_samples/N4_sw0.30_x+1_i0095.h5,4,3.000000000e-01,1,1.260584802e+00,main,true,rise,812
ml_samples/N4_sw0.30_x+1_i0096.h5,4,3.000000000e-01,1,1.260584802e+00,main,true,rise,1160
ml_samples/N4_sw0.30_x+1_i0097.h5,4,3.000000000e-01,1,1.260584802e+00,main,true,rise,685
ml_samples/N4_sw0.30_x+1_i0098.h5,4,3.000000000e-01,1,1.260584802e+00,main,true,fall,1137
ml_samples/N4_sw0.30_x+1_i0099.h5,4,3.000000000e-01,1,1.260584802e+00,main,true,rise,725
ml_samples/N4_sw0.30_x+1_i0100.h5,4,3.000000000e-01,1,1.260584802e+00,main,true,rise,423
ml_samples/N4_sw0.30_x+1_i0101.h5,4,3.000000000e-01,1,1.260584802e+00,main,true,rise,2947
ml_samples/N4_sw0.30_x+1_i0102.h5,4,3.000000000e-01,1,1.260584802e+00,main,true,rise,344
ml_samples/N4_sw0.30_x+1_i0103.h5,4,3.000000000e-01,1,1.260584802e+00,main,true,rise,883
ml_samples/N4_sw0.30_x+1_i0104.h5,4,3.000000000e-01,1,1.260584802e+00,main,true,rise,311
ml_samples/N4_sw0.30_x+1_i0105.h5,4,3.000000000e-01,1,1.260584802e+00,main,true,rise,309
ml_samples/N4_sw0.30_x+1_i0106.h5,4,3.000000000e-01,1,1.260584802e+00,main,true,rise,531
ml_samples/N4_sw0.30_x+1_i0107.h5,4,3.000000000e-01,1,1.260584802e+00,main,true,rise,455
ml_samples/N4_sw0.30_x+1_i0108.h5,4,3.000000000e-01,1,1.260584802e+00,main,true,fall,144
ml_samples/N4_sw0.30_x+1_i0109.h5,4,3.000000000e-01,1,1.260584802e+00,main,true,rise,641
ml_samples/N4_sw0.30_x+1_i0110.h5,4,3.000000000e-01,1,1.260584802e+00,main,true,rise,275
ml_samples/N4_sw0.30_x+1_i0111.h5,4,3.000000000e-01,1,1.260584802e+00,main,true,fall,270
ml_samples/N4_sw0.30_x+1_i0112.h5,4,3.000000000e-01,1,1.260584802e+00,main,true,rise,1529
ml_samples/N4_sw0.30_x+1_i0113.h5,4,3.000000000e-01,1,1.260584802e+00,main,true,fall,359
ml_samples/N4_sw0.30_x+1_i0114.h5,4,3.000000000e-01,1,1.260584802e+00,main,true,rise,836
ml_samples/N4_sw0.30_x+1_i0115.h5,4,3.000000000e-01,1,1.260584802e+00,main,true,fall,618
ml_samples/N4_sw0.30_x+1_i0116.h5,4,3.000000000e-01,1,1.260584802e+00,main,true,rise,1134
ml_samples/N4_sw0.30_x+1_i0117.h5,4,3.000000000e-01,1,1.260584802e+00,main,true,fall,1094
ml_samples/N4_sw0.30_x+1_i0118.h5,4,3.000000000e-01,1,1.260584802e+00,main,true,rise,557
ml_samples/N4_sw0.30_x+1_i0119.h5,4,3.000000000e-01,1,1.260584802e+00,main,true,rise,357
ml_samples/N4_sw0.30_x+1_i0120.h5,4,3.000000000e-01,1,1.260584802e+00,main,true,rise,804
ml_samples/N4_sw0.30_x+1_i0121.h5,4,3.000000000e-01,1,1.260584802e+00,main,true,rise,1759
ml_samples/N4_sw0.30_x+1_i0122.h5,4,3.000000000e-01,1,1.260584802e+00,main,true,rise,419
ml_samples/N4_sw0.30_x+1_i0123.h5,4,3.000000000e-01,1,1.260584802e+00,main,true,rise,628
ml_samples/N4_sw0.30_x+1_i0124.h5,4,3.000000000e-01,1,1.260584802e+00,main,true,rise,449
ml_samples/N4_sw0.30_x+1_i0125.h5,4,3.000000000e-01,1,1.260584802e+00,main,true,fall,174
ml_samples/N4_sw0.30_x+1_i0126.h5,4,3.000000000e-01,1,1.260584802e+00,main,true,rise,993
ml_samples/N4_sw0.30_x+1_i0127.h5,4,3.000000000e-01,1,1.260584802e+00,main,true,rise,584
ml_samples/N4_sw0.30_x+1_i0128.h5,4,3.000000000e-01,1,1.260584802e+00,main,true,rise,407
ml_samples/N4_sw0.30_x+1_i0129.h5,4,3.000000000e-01,1,1.260584802e+00,main,true,fall,313
ml_samples/N4_sw0.30_x+1_i0130.h5,4,3.000000000e-01,1,1.260584802e+00,main,true,rise,293
ml_samples/N4_sw0.30_x+1_i0131.h5,4,3.000000000e-01,1,1.260584802e+00,main,true,fall,869
ml_samples/N4_sw0.30_x+1_i0132.h5,4,3.000000000e-01,1,1.260584802e+00,main,true,rise,288
ml_samples/N4_sw0.30_x+1_i0133.h5,4,3.000000000e-01,1,1.260584802e+00,main,true,rise,764
ml_samples/N4_sw0.30_x+1_i0134.h5,4,3.000000000e-01,1,1.260584802e+00,main,true,rise,985
ml_samples/N4_sw0.30_x+1_i0135.h5,4,3.000000000e-01,1,1.260584802e+00,main,true,rise,1060
ml_samples/N4_sw0.30_x+1_i0136.h5,4,3.000000000e-01,1,1.260584802e+00,main,true,fall,936
ml_samples/N4_sw0.30_x+1_i0137.h5,4,3.000000000e-01,1,1.260584802e+00,main,true,fall,514
ml_samples/N4_sw0.30_x+1_i0138.h5,4,3.000000000e-01,1,1.260584802e+00,main,true,rise,909
ml_samples/N4_sw0.30_x+1_i0139.h5,4,3.000000000e-01,1,1.260584802e+00,main,true,rise,527
ml_samples/N4_sw0.30_x+1_i0140.h5,4,3.000000000e-01,1,1.260584802e+00,main,true,rise,3740
ml_samples/N4_sw0.30_x+1_i0141.h5,4,3.000000000e-01,1,1.260584802e+00,main,true,fall,968
ml_samples/N4_sw0.30_x+1_i0142.h5,4,3.000000000e-01,1,1.260584802e+00,main,true,rise,1372
ml_samples/N4_sw0.30_x+1_i0143.h5,4,3.000000000e-01,1,1.260584802e+00,main,true,rise,521
ml_samples/N4_sw0.30_x+1_i0144.h5,4,3.000000000e-01,1,1.260584802e+00,main,true,rise,746
ml_samples/N4_sw0.30_x+1_i0145.h5,4,3.000000000e-01,1,1.260584802e+00,main,true,rise,368
ml_samples/N4_sw0.30_x+1_i0146.h5,4,3.000000000e-01,1,1.260584802e+00,main,true,rise,4405
ml_samples/N4_sw0.30_x+1_i0147.h5,4,3.000000000e-01,1,1.260584802e+00,main,true,rise,1355
ml_samples/N4_sw0.30_x+1_i0148.h5,4,3.000000000e-01,1,1.260584802e+00,main,true,rise,374
ml_samples/N4_sw0.30_x+1_i0149.h5,4,3.000000000e-01,1,1.260584802e+00,main,true,rise,1448
ml_samples/N4_sw0.30_x+1_i0150.h5,4,3.000000000e-01,1,1.260584802e+00,main,true,rise,1303
ml_samples/N4_sw0.30_x+1_i0151.h5,4,3.000000000e-01,1,1.260584802e+00,main,true,rise,673
ml_samples/N4_sw0.30_x+1_i0152.h5,4,3.000000000e-01,1,1.260584802e+00,main,true,rise,253
ml_samples/N4_sw0.30_x+1_i0153.h5,4,3.000000000e-01,1,1.260584802e+00,main,true,fall,2179
ml_samples/N4_sw0.30_x+1_i0154.h5,4,3.000000000e-01,1,1.260584802e+00,main,true,rise,1181
ml_samples/N4_sw0.30_x+1_i0155.h5,4,3.000000000e-01,1,1.260584802e+00,main,true,rise,585
ml_samples/N4_sw0.30_x+1_i0156.h5,4,3.000000000e-01,1,1.260584802e+00,main,true,fall,795
ml_samples/N4_sw0.30_x+1_i0157.h5,4,3.000000000e-01,1,1.260584802e+00,main,true,fall,651
ml_samples/N4_sw0.30_x+1_i0158.h5,4,3.000000000e-01,1,1.260584802e+00,main,true,rise,1887
ml_samples/N4_sw0.30_x+1_i0159.h5,4,3.000000000e-01,1,1.260584802e+00,main,true,fall,277
ml_samples/N4_sw0.30_x+1_i0160.h5,4,3.000000000e-01,1,1.260584802e+00,main,true,rise,459
ml_samples/N4_sw0.30_x+1_i0161.h5,4,3.000000000e-01,1,1.260584802e+00,main,true,fall,142
ml_samples/N4_sw0.30_x+1_i0162.h5,4,3.000000000e-01,1,1.260584802e+00,main,true,rise,901
ml_samples/N4_sw0.30_x+1_i0163.h5,4,3.000000000e-01,1,1.260584802e+00,main,true,rise,887
ml_samples/N4_sw0.30_x+1_i0164.h5,4,3.000000000e-01,1,1.260584802e+00,main,true,rise,637
ml_samples/N4_sw0.30_x+1_i0165.h5,4,3.000000000e-01,1,1.260584802e+00,main,true,rise,504
ml_samples/N4_sw0.30_x+1_i0166.h5,4,3.000000000e-01,1,1.260584802e+00,main,true,rise,620
ml_samples/N4_sw0.30_x+1_i0167.h5,4,3.000000000e-01,1,1.260584802e+00,main,true,fall,187
ml_samples/N4_sw0.30_x+1_i0168.h5,4,3.000000000e-01,1,1.260584802e+00,main,true,rise,490
ml_samples/N4_sw0.30_x+1_i0169.h5,4,3.000000000e-01,1,1.260584802e+00,main,true,fall,196
ml_samples/N4_sw0.30_x+1_i0170.h5,4,3.000000000e-01,1,1.260584802e+00,main,true,rise,580
ml_samples/N4_sw0.30_x+1_i0171.h5,4,3.000000000e-01,1,1.260584802e+00,main,true,rise,1450
ml_samples/N4_sw0.30_x+1_i0172.h5,4,3.000000000e-01,1,1.260584802e+00,main,true,rise,1557
ml_samples/N4_sw0.30_x+1_i0173.h5,4,3.000000000e-01,1,1.260584802e+00,main,true,fall,217
ml_samples/N4_sw0.30_x+1_i0174.h5,4,3.000000000e-01,1,1.260584802e+00,main,true,rise,453
ml_samples/N4_sw0.30_x+1_i0175.h5,4,3.000000000e-01,1,1.260584802e+00,main,true,fall,572
ml_samples/N4_sw0.30_x+1_i0176.h5,4,3.000000000e-01,1,1.260584802e+00,main,true,fall,595
ml_samples/N4_sw0.30_x+1_i0177.h5,4,3.000000000e-01,1,1.260584802e+00,main,true,rise,1453
ml_samples/N4_sw0.30_x+1_i0178.h5,4,3.000000000e-01,1,1.260584802e+00,main,true,rise,1232
ml_samples/N4_sw0.30_x+1_i0179.h5,4,3.000000000e-01,1,1.260584802e+00,main,true,rise,3674
ml_samples/N4_sw0.30_x+1_i0180.h5,4,3.000000000e-01,1,1.260584802e+00,main,true,rise,464
ml_samples/N4_sw0.30_x+1_i0181.h5,4,3.000000000e-01,1,1.260584802e+00,main,true,rise,1117
ml_samples/N4_sw0.30_x+1_i0182.h5,4,3.000000000e-01,1,1.260584802e+00,main,true,rise,546
ml_samples/N4_sw0.30_x+1_i0183.h5,4,3.000000000e-01,1,1.260584802e+00,main,true,rise,668
ml_samples/N4_sw0.30_x+1_i0184.h5,4,3.000000000e-01,1,1.260584802e+00,main,true,rise,1157
ml_samples/N4_sw0.30_x+1_i0185.h5,4,3.000000000e-01,1,1.260584802e+00,main,true,rise,1565
ml_samples/N4_sw0.30_x+1_i0186.h5,4,3.000000000e-01,1,1.260584802e+00,main,true,rise,774
ml_samples/N4_sw0.30_x+1_i0187.h5,4,3.000000000e-01,1,1.260584802e+00,main,true,rise,793
ml_samples/N4_sw0.30_x+1_i0188.h5,4,3.000000000e-01,1,1.260584802e+00,main,true,rise,1306
ml_samples/N4_sw0.30_x+1_i0189.h5,4,3.000000000e-01,1,1.260584802e+00,main,true,rise,1125
ml_samples/N4_sw0.30_x+1_i0190.h5,4,3.000000000e-01,1,1.260584802e+00,main,true,rise,404
ml_samples/N4_sw0.30_x+1_i0191.h5,4,3.000000000e-01,1,1.260584802e+00,main,true,rise,1859
ml_samples/N4_sw0.30_x+1_i0192.h5,4,3.000000000e-01,1,1.260584802e+00,main,true,rise,1368
ml_samples/N4_sw0.30_x+1_i0193.h5,4,3.000000000e-01,1,1.260584802e+00,main,true,rise,745
ml_samples/N4_sw0.30_x+1_i0194.h5,4,3.000000000e-01,1,1.260584802e+00,main,true,fall,469
ml_samples/N4_sw0.30_x+1_i0195.h5,4,3.000000000e-01,1,1.260584802e+00,main,true,fall,637
ml_samples/N4_sw0.30_x+1_i0196.h5,4,3.000000000e-01,1,1.260584802e+00,main,true,rise,1022
ml_samples/N4_sw0.30_x+1_i0197.h5,4,3.000000000e-01,1,1.260584802e+00,main,true,fall,229
ml_samples/N4_sw0.30_x+1_i0198.h5,4,3.000000000e-01,1,1.260584802e+00,main,true,rise,390
ml_samples/N4_sw0.30_x+1_i0199.h5,4,3.000000000e-01,1,1.260584802e+00,main,true,rise,873
ml_samples/N4_sw0.30_x+2_i0000.h5,4,3.000000000e-01,2,1.521169604e+00,main,true,rise,1510
ml_samples/N4_sw0.30_x+2_i0001.h5,4,3.000000000e-01,2,1.521169604e+00,main,true,rise,339
ml_samples/N4_sw0.30_x+2_i0002.h5,4,3.000000000e-01,2,1.521169604e+00,main,true,rise,339
ml_samples/N4_sw0.30_x+2_i0003.h5,4,3.000000000e-01,2,1.521169604e+00,main,true,rise,642
ml_samples/N4_sw0.30_x+2_i0004.h5,4,3.000000000e-01,2,1.521169604e+00,main,true,rise,600
ml_samples/N4_sw0.30_x+2_i0005.h5,4,3.000000000e-01,2,1.521169604e+00,main,true,rise,433
ml_samples/N4_sw0.30_x+2_i0006.h5,4,3.000000000e-01,2,1.521169604e+00,main,true,rise,1357
ml_samples/N4_sw0.30_x+2_i0007.h5,4,3.000000000e-01,2,1.521169604e+00,main,true,rise,290
ml_samples/N4_sw0.30_x+2_i0008.h5,4,3.000000000e-01,2,1.521169604e+00,main,true,rise,521
ml_samples/N4_sw0.30_x+2_i0009.h5,4,3.000000000e-01,2,1.521169604e+00,main,true,rise,204
ml_samples/N4_sw0.30_x+2_i0010.h5,4,3.000000000e-01,2,1.521169604e+00,main,true,rise,632
ml_samples/N4_sw0.30_x+2_i0011.h5,4,3.000000000e-01,2,1.521169604e+00,main,true,rise,290
ml_samples/N4_sw0.30_x+2_i0012.h5,4,3.000000000e-01,2,1.521169604e+00,main,true,rise,279
ml_samples/N4_sw0.30_x+2_i0013.h5,4,3.000000000e-01,2,1.521169604e+00,main,true,rise,605
ml_samples/N4_sw0.30_x+2_i0014.h5,4,3.000000000e-01,2,1.521169604e+00,main,true,rise,1017
ml_samples/N4_sw0.30_x+2_i0015.h5,4,3.000000000e-01,2,1.521169604e+00,main,true,rise,1228
ml_samples/N4_sw0.30_x+2_i0016.h5,4,3.000000000e-01,2,1.521169604e+00,main,true,rise,633
ml_samples/N4_sw0.30_x+2_i0017.h5,4,3.000000000e-01,2,1.521169604e+00,main,true,rise,1337
ml_samples/N4_sw0.30_x+2_i0018.h5,4,3.000000000e-01,2,1.521169604e+00,main,true,rise,1264
ml_samples/N4_sw0.30_x+2_i0019.h5,4,3.000000000e-01,2,1.521169604e+00,main,true,rise,642
ml_samples/N4_sw0.30_x+2_i0020.h5,4,3.000000000e-01,2,1.521169604e+00,main,true,fall,185
ml_samples/N4_sw0.30_x+2_i0021.h5,4,3.000000000e-01,2,1.521169604e+00,main,true,rise,547
ml_samples/N4_sw0.30_x+2_i0022.h5,4,3.000000000e-01,2,1.521169604e+00,main,true,rise,187
ml_samples/N4_sw0.30_x+2_i0023.h5,4,3.000000000e-01,2,1.521169604e+00,main,true,rise,1413
ml_samples/N4_sw0.30_x+2_i0024.h5,4,3.000000000e-01,2,1.521169604e+00,main,true,rise,343
ml_samples/N4_sw0.30_x+2_i0025.h5,4,3.000000000e-01,2,1.521169604e+00,main,true,rise,1188
ml_samples/N4_sw0.30_x+2_i0026.h5,4,3.000000000e-01,2,1.521169604e+00,main,true,rise,213
ml_samples/N4_sw0.30_x+2_i0027.h5,4,3.000000000e-01,2,1.521169604e+00,main,true,rise,1185
ml_samples/N4_sw0.30_x+2_i0028.h5,4,3.000000000e-01,2,1.521169604e+00,main,true,rise,1123
ml_samples/N4_sw0.30_x+2_i0029.h5,4,3.000000000e-01,2,1.521169604e+00,main,true,rise,436
ml_samples/N4_sw0.30_x+2_i0030.h5,4,3.000000000e-01,2,1.521169604e+00,main,true,rise,500
ml_samples/N4_sw0.30_x+2_i0031.h5,4,3.000000000e-01,2,1.521169604e+00,main,true,rise,338
ml_samples/N4_sw0.30_x+2_i0032.h5,4,3.000000000e-01,2,1.521169604e+00,main,true,rise,389
ml_samples/N4_sw0.30_x+2_i0033.h5,4,3.000000000e-01,2,1.521169604e+00,main,true,rise,509
ml_samples/N4_sw0.30_x+2_i0034.h5,4,3.000000000e-01,2,1.521169604e+00,main,true,rise,437
ml_samples/N4_sw0.30_x+2_i0035.h5,4,3.000000000e-01,2,1.521169604e+00,main,true,rise,274
ml_samples/N4_sw0.30_x+2_i0036.h5,4,3.000000000e-01,2,1.521169604e+00,main,true,rise,407
ml_samples/N4_sw0.30_x+2_i0037.h5,4,3.000000000e-01,2,1.521169604e+00,main,true,rise,840
ml_samples/N4_sw0.30_x+2_i0038.h5,4,3.000000000e-01,2,1.521169604e+00,main,true,rise,603
ml_samples/N4_sw0.30_x+2_i0039.h5,4,3.000000000e-01,2,1.521169604e+00,main,true,rise,642
ml_samples/N4_sw0.30_x+2_i0040.h5,4,3.000000000e-01,2,1.521169604e+00,main,true,rise,530
ml_samples/N4_sw0.30_x+2_i0041.h5,4,3.000000000e-01,2,1.521169604e+00,main,true,rise,199
ml_samples/N4_sw0.30_x+2_i0042.h5,4,3.000000000e-01,2,1.521169604e+00,main,true,rise,1437
ml_samples/N4_sw0.30_x+2_i0043.h5,4,3.000000000e-01,2,1.521169604e+00,main,true,rise,562
ml_samples/N4_sw0.30_x+2_i0044.h5,4,3.000000000e-01,2,1.521169604e+00,main,true,rise,418
ml_samples/N4_sw0.30_x+2_i0045.h5,4,3.000000000e-01,2,1.521169604e+00,main,true,rise,237
ml_samples/N4_sw0.30_x+2_i0046.h5,4,3.000000000e-01,2,1.521169604e+00,main,true,rise,572
ml_samples/N4_sw0.30_x+2_i0047.h5,4,3.000000000e-01,2,1.521169604e+00,main,true,rise,357
ml_samples/N4_sw0.30_x+2_i0048.h5,4,3.000000000e-01,2,1.521169604e+00,main,true,rise,319
ml_samples/N4_sw0.30_x+2_i0049.h5,4,3.000000000e-01,2,1.521169604e+00,main,true,rise,365
ml_samples/N4_sw0.30_x+2_i0050.h5,4,3.000000000e-01,2,1.521169604e+00,main,true,rise,281
ml_samples/N4_sw0.30_x+2_i0051.h5,4,3.000000000e-01,2,1.521169604e+00,main,true,rise,823
ml_samples/N4_sw0.30_x+2_i0052.h5,4,3.000000000e-01,2,1.521169604e+00,main,true,rise,291
ml_samples/N4_sw0.30_x+2_i0053.h5,4,3.000000000e-01,2,1.521169604e+00,main,true,rise,709
ml_samples/N4_sw0.30_x+2_i0054.h5,4,3.000000000e-01,2,1.521169604e+00,main,true,rise,607
ml_samples/N4_sw0.30_x+2_i0055.h5,4,3.000000000e-01,2,1.521169604e+00,main,true,rise,1047
ml_samples/N4_sw0.30_x+2_i0056.h5,4,3.000000000e-01,2,1.521169604e+00,main,true,rise,356
ml_samples/N4_sw0.30_x+2_i0057.h5,4,3.000000000e-01,2,1.521169604e+00,main,true,rise,684
ml_samples/N4_sw0.30_x+2_i0058.h5,4,3.000000000e-01,2,1.521169604e+00,main,true,fall,252
ml_samples/N4_sw0.30_x+2_i0059.h5,4,3.000000000e-01,2,1.521169604e+00,main,true,rise,308
ml_samples/N4_sw0.30_x+2_i0060.h5,4,3.000000000e-01,2,1.521169604e+00,main,true,rise,1920
ml_samples/N4_sw0.30_x+2_i0061.h5,4,3.000000000e-01,2,1.521169604e+00,main,true,rise,1374
ml_samples/N4_sw0.30_x+2_i0062.h5,4,3.000000000e-01,2,1.521169604e+00,main,true,rise,260
ml_samples/N4_sw0.30_x+2_i0063.h5,4,3.000000000e-01,2,1.521169604e+00,main,true,rise,802
ml_samples/N4_sw0.30_x+2_i0064.h5,4,3.000000000e-01,2,1.521169604e+00,main,true,rise,1967
ml_samples/N4_sw0.30_x+2_i0065.h5,4,3.000000000e-01,2,1.521169604e+00,main,true,rise,451
ml_samples/N4_sw0.30_x+2_i0066.h5,4,3.000000000e-01,2,1.521169604e+00,main,true,fall,440
ml_samples/N4_sw0.30_x+2_i0067.h5,4,3.000000000e-01,2,1.521169604e+00,main,true,rise,246
ml_samples/N4_sw0.30_x+2_i0068.h5,4,3.000000000e-01,2,1.521169604e+00,main,true,rise,803
ml_samples/N4_sw0.30_x+2_i0069.h5,4,3.000000000e-01,2,1.521169604e+00,main,true,rise,401
ml_samples/N4_sw0.30_x+2_i0070.h5,4,3.000000000e-01,2,1.521169604e+00,main,true,rise,1065
ml_samples/N4_sw0.30_x+2_i0071.h5,4,3.000000000e-01,2,1.521169604e+00,main,true,rise,534
ml_samples/N4_sw0.30_x+2_i0072.h5,4,3.000000000e-01,2,1.521169604e+00,main,true,rise,369
ml_samples/N4_sw0.30_x+2_i0073.h5,4,3.000000000e-01,2,1.521169604e+00,main,true,fall,263
ml_samples/N4_sw0.30_x+2_i0074.h5,4,3.000000000e-01,2,1.521169604e+00,main,true,rise,343
ml_samples/N4_sw0.30_x+2_i0075.h5,4,3.000000000e-01,2,1.521169604e+00,main,true,rise,347
ml_samples/N4_sw0.30_x+2_i0076.h5,4,3.000000000e-01,2,1.521169604e+00,main,true,rise,536
ml_samples/N4_sw0.30_x+2_i0077.h5,4,3.000000000e-01,2,1.521169604e+00,main,true,rise,284
ml_samples/N4_sw0.30_x+2_i0078.h5,4,3.000000000e-01,2,1.521169604e+00,main,true,rise,910
ml_samples/N4_sw0.30_x+2_i0079.h5,4,3.000000000e-01,2,1.521169604e+00,main,true,rise,274
ml_samples/N4_sw0.30_x+2_i0080.h5,4,3.000000000e-01,2,1.521169604e+00,main,true,rise,474
ml_samples/N4_sw0.30_x+2_i0081.h5,4,3.000000000e-01,2,1.521169604e+00,main,true,rise,450
ml_samples/N4_sw0.30_x+2_i0082.h5,4,3.000000000e-01,2,1.521169604e+00,main,true,rise,639
ml_samples/N4_sw0.30_x+2_i0083.h5,4,3.000000000e-01,2,1.521169604e+00,main,true,rise,800
ml_samples/N4_sw0.30_x+2_i0084.h5,4,3.000000000e-01,2,1.521169604e+00,main,true,rise,643
ml_samples/N4_sw0.30_x+2_i0085.h5,4,3.000000000e-01,2,1.521169604e+00,main,true,rise,379
ml_samples/N4_sw0.30_x+2_i0086.h5,4,3.000000000e-01,2,1.521169604e+00,main,true,rise,791
ml_samples/N4_sw0.30_x+2_i0087.h5,4,3.000000000e-01,2,1.521169604e+00,main,true,rise,752
ml_samples/N4_sw0.30_x+2_i0088.h5,4,3.000000000e-01,2,1.521169604e+00,main,true,rise,1287
ml_samples/N4_sw0.30_x+2_i0089.h5,4,3.000000000e-01,2,1.521169604e+00,main,true,rise,1972
ml_samples/N4_sw0.30_x+2_i0090.h5,4,3.000000000e-01,2,1.521169604e+00,main,true,rise,307
ml_samples/N4_sw0.30_x+2_i0091.h5,4,3.000000000e-01,2,1.521169604e+00,main,true,rise,469
ml_samples/N4_sw0.30_x+2_i0092.h5,4,3.000000000e-01,2,1.521169604e+00,main,true,rise,280
ml_samples/N4_sw0.30_x+2_i0093.h5,4,3.000000000e-01,2,1.521169604e+00,main,true,rise,513
ml_samples/N4_sw0.30_x+2_i0094.h5,4,3.000000000e-01,2,1.521169604e+00,main,true,rise,654
ml_samples/N4_sw0.30_x+2_i0095.h5,4,3.000000000e-01,2,1.521169604e+00,main,true,rise,205
ml_samples/N4_sw0.30_x+2_i0096.h5,4,3.000000000e-01,2,1.521169604e+00,main,true,rise,325
ml_samples/N4_sw0.30_x+2_i0097.h5,4,3.000000000e-01,2,1.521169604e+00,main,true,rise,272
ml_samples/N4_sw0.30_x+2_i0098.h5,4,3.000000000e-01,2,1.521169604e+00,main,true,rise,505
ml_samples/N4_sw0.30_x+2_i0099.h5,4,3.000000000e-01,2,1.521169604e+00,main,true,rise,607
ml_samples/N4_sw0.30_x+4_i0000.h5,4,3.000000000e-01,4,2.042339207e+00,main,true,rise,355
ml_samples/N4_sw0.30_x+4_i0001.h5,4,3.000000000e-01,4,2.042339207e+00,main,true,rise,265
ml_samples/N4_sw0.30_x+4_i0002.h5,4,3.000000000e-01,4,2.042339207e+00,main,true,rise,237
ml_samples/N4_sw0.30_x+4_i0003.h5,4,3.000000000e-01,4,2.042339207e+00,main,true,rise,317
ml_samples/N4_sw0.30_x+4_i0004.h5,4,3.000000000e-01,4,2.042339207e+00,main,true,rise,298
ml_samples/N4_sw0.30_x+4_i0005.h5,4,3.000000000e-01,4,2.042339207e+00,main,true,rise,165
ml_samples/N4_sw0.30_x+4_i0006.h5,4,3.000000000e-01,4,2.042339207e+00,main,true,rise,192
ml_samples/N4_sw0.30_x+4_i0007.h5,4,3.000000000e-01,4,2.042339207e+00,main,true,rise,186
ml_samples/N4_sw0.30_x+4_i0008.h5,4,3.000000000e-01,4,2.042339207e+00,main,true,rise,271
ml_samples/N4_sw0.30_x+4_i0009.h5,4,3.000000000e-01,4,2.042339207e+00,main,true,rise,172
ml_samples/N4_sw0.30_x+4_i0010.h5,4,3.000000000e-01,4,2.042339207e+00,main,true,rise,228
ml_samples/N4_sw0.30_x+4_i0011.h5,4,3.000000000e-01,4,2.042339207e+00,main,true,rise,242
ml_samples/N4_sw0.30_x+4_i0012.h5,4,3.000000000e-01,4,2.042339207e+00,main,true,rise,323
ml_samples/N4_sw0.30_x+4_i0013.h5,4,3.000000000e-01,4,2.042339207e+00,main,true,rise,177
ml_samples/N4_sw0.30_x+4_i0014.h5,4,3.000000000e-01,4,2.042339207e+00,main,true,rise,295
ml_samples/N4_sw0.30_x+4_i0015.h5,4,3.000000000e-01,4,2.042339207e+00,main,true,rise,300
ml_samples/N4_sw0.30_x+4_i0016.h5,4,3.000000000e-01,4,2.042339207e+00,main,true,rise,223
ml_samples/N4_sw0.30_x+4_i0017.h5,4,3.000000000e-01,4,2.042339207e+00,main,true,rise,255
ml_samples/N4_sw0.30_x+4_i0018.h5,4,3.000000000e-01,4,2.042339207e+00,main,true,rise,607
ml_samples/N4_sw0.30_x+4_i0019.h5,4,3.000000000e-01,4,2.042339207e+00,main,true,rise,392
ml_samples/N4_sw0.30_x+4_i0020.h5,4,3.000000000e-01,4,2.042339207e+00,main,true,rise,666
ml_samples/N4_sw0.30_x+4_i0021.h5,4,3.000000000e-01,4,2.042339207e+00,main,true,rise,570
ml_samples/N4_sw0.30_x+4_i0022.h5,4,3.000000000e-01,4,2.042339207e+00,main,true,rise,458
ml_samples/N4_sw0.30_x+4_i0023.h5,4,3.000000000e-01,4,2.042339207e+00,main,true,rise,222
ml_samples/N4_sw0.30_x+4_i0024.h5,4,3.000000000e-01,4,2.042339207e+00,main,true,rise,220
ml_samples/N4_sw0.30_x+4_i0025.h5,4,3.000000000e-01,4,2.042339207e+00,main,true,rise,323
ml_samples/N4_sw0.30_x+4_i0026.h5,4,3.000000000e-01,4,2.042339207e+00,main,true,rise,215
ml_samples/N4_sw0.30_x+4_i0027.h5,4,3.000000000e-01,4,2.042339207e+00,main,true,rise,423
ml_samples/N4_sw0.30_x+4_i0028.h5,4,3.000000000e-01,4,2.042339207e+00,main,true,rise,342
ml_samples/N4_sw0.30_x+4_i0029.h5,4,3.000000000e-01,4,2.042339207e+00,main,true,rise,165
ml_samples/N4_sw0.30_x+4_i0030.h5,4,3.000000000e-01,4,2.042339207e+00,main,true,rise,167
ml_samples/N4_sw0.30_x+4_i0031.h5,4,3.000000000e-01,4,2.042339207e+00,main,true,rise,247
ml_samples/N4_sw0.30_x+4_i0032.h5,4,3.000000000e-01,4,2.042339207e+00,main,true,rise,187
ml_samples/N4_sw0.30_x+4_i0033.h5,4,3.000000000e-01,4,2.042339207e+00,main,true,rise,219
ml_samples/N4_sw0.30_x+4_i0034.h5,4,3.000000000e-01,4,2.042339207e+00,main,true,rise,177
ml_samples/N4_sw0.30_x+4_i0035.h5,4,3.000000000e-01,4,2.042339207e+00,main,true,rise,234
ml_samples/N4_sw0.30_x+4_i0036.h5,4,3.000000000e-01,4,2.042339207e+00,main,true,rise,280
ml_samples/N4_sw0.30_x+4_i0037.h5,4,3.000000000e-01,4,2.042339207e+00,main,true,rise,374
ml_samples/N4_sw0.30_x+4_i0038.h5,4,3.000000000e-01,4,2.042339207e+00,main,true,rise,187
ml_samples/N4_sw0.30_x+4_i0039.h5,4,3.000000000e-01,4,2.042339207e+00,main,true,rise,237
ml_samples/N4_sw0.30_x+4_i0040.h5,4,3.000000000e-01,4,2.042339207e+00,main,true,rise,140
ml_samples/N4_sw0.30_x+4_i0041.h5,4,3.000000000e-01,4,2.042339207e+00,main,true,rise,253
ml_samples/N4_sw0.30_x+4_i0042.h5,4,3.000000000e-01,4,2.042339207e+00,main,true,rise,216
ml_samples/N4_sw0.30_x+4_i0043.h5,4,3.000000000e-01,4,2.042339207e+00,main,true,rise,164
ml_samples/N4_sw0.30_x+4_i0044.h5,4,3.000000000e-01,4,2.042339207e+00,main,true,rise,302
ml_samples/N4_sw0.30_x+4_i0045.h5,4,3.000000000e-01,4,2.042339207e+00,main,true,rise,343
ml_samples/N4_sw0.30_x+4_i0046.h5,4,3.000000000e-01,4,2.042339207e+00,main,true,rise,241
ml_samples/N4_sw0.30_x+4_i0047.h5,4,3.000000000e-01,4,2.042339207e+00,main,true,rise,300
ml_samples/N4_sw0.30_x+4_i0048.h5,4,3.000000000e-01,4,2.042339207e+00,main,true,rise,217
ml_samples/N4_sw0.30_x+4_i0049.h5,4,3.000000000e-01,4,2.042339207e+00,main,true,rise,171
ml_samples/N4_sw0.30_x+4_i0050.h5,4,3.000000000e-01,4,2.042339207e+00,main,true,rise,485
ml_samples/N4_sw0.30_x+4_i0051.h5,4,3.000000000e-01,4,2.042339207e+00,main,true,rise,281
ml_samples/N4_sw0.30_x+4_i0052.h5,4,3.000000000e-01,4,2.042339207e+00,main,true,rise,503
ml_samples/N4_sw0.30_x+4_i0053.h5,4,3.000000000e-01,4,2.042339207e+00,main,true,rise,268
ml_samples/N4_sw0.30_x+4_i0054.h5,4,3.000000000e-01,4,2.042339207e+00,main,true,rise,195
ml_samples/N4_sw0.30_x+4_i0055.h5,4,3.000000000e-01,4,2.042339207e+00,main,true,rise,563
ml_samples/N4_sw0.30_x+4_i0056.h5,4,3.000000000e-01,4,2.042339207e+00,main,true,rise,174
ml_samples/N4_sw0.30_x+4_i0057.h5,4,3.000000000e-01,4,2.042339207e+00,main,true,rise,565
ml_samples/N4_sw0.30_x+4_i0058.h5,4,3.000000000e-01,4,2.042339207e+00,main,true,rise,383
ml_samples/N4_sw0.30_x+4_i0059.h5,4,3.000000000e-01,4,2.042339207e+00,main,true,rise,528
ml_samples/N4_sw0.30_x+4_i0060.h5,4,3.000000000e-01,4,2.042339207e+00,main,true,rise,414
ml_samples/N4_sw0.30_x+4_i0061.h5,4,3.000000000e-01,4,2.042339207e+00,main,true,rise,679
ml_samples/N4_sw0.30_x+4_i0062.h5,4,3.000000000e-01,4,2.042339207e+00,main,true,rise,280
ml_samples/N4_sw0.30_x+4_i0063.h5,4,3.000000000e-01,4,2.042339207e+00,main,true,rise,488
ml_samples/N4_sw0.30_x+4_i0064.h5,4,3.000000000e-01,4,2.042339207e+00,main,true,rise,373
ml_samples/N4_sw0.30_x+4_i0065.h5,4,3.000000000e-01,4,2.042339207e+00,main,true,rise,173
ml_samples/N4_sw0.30_x+4_i0066.h5,4,3.000000000e-01,4,2.042339207e+00,main,true,rise,230
ml_samples/N4_sw0.30_x+4_i0067.h5,4,3.000000000e-01,4,2.042339207e+00,main,true,rise,491
ml_samples/N4_sw0.30_x+4_i0068.h5,4,3.000000000e-01,4,2.042339207e+00,main,true,rise,280
ml_samples/N4_sw0.30_x+4_i0069.h5,4,3.000000000e-01,4,2.042339207e+00,main,true,rise,498
ml_samples/N4_sw0.30_x+4_i0070.h5,4,3.000000000e-01,4,2.042339207e+00,main,true,rise,418
ml_samples/N4_sw0.30_x+4_i0071.h5,4,3.000000000e-01,4,2.042339207e+00,main,true,rise,235
ml_samples/N4_sw0.30_x+4_i0072.h5,4,3.000000000e-01,4,2.042339207e+00,main,true,rise,375
ml_samples/N4_sw0.30_x+4_i0073.h5,4,3.000000000e-01,4,2.042339207e+00,main,true,rise,186
ml_samples/N4_sw0.30_x+4_i0074.h5,4,3.000000000e-01,4,2.042339207e+00,main,true,rise,210
ml_samples/N4_sw0.30_x+4_i0075.h5,4,3.000000000e-01,4,2.042339207e+00,main,true,rise,391
ml_samples/N4_sw0.30_x+4_i0076.h5,4,3.000000000e-01,4,2.042339207e+00,main,true,rise,485
ml_samples/N4_sw0.30_x+4_i0077.h5,4,3.000000000e-01,4,2.042339207e+00,main,true,rise,233
ml_samples/N4_sw0.30_x+4_i0078.h5,4,3.000000000e-01,4,2.042339207e+00,main,true,rise,375
ml_samples/N4_sw0.30_x+4_i0079.h5,4,3.000000000e-01,4,2.042339207e+00,main,true,rise,251
ml_samples/N4_sw0.30_x+4_i0080.h5,4,3.000000000e-01,4,2.042339207e+00,main,true,rise,214
ml_samples/N4_sw0.30_x+4_i0081.h5,4,3.000000000e-01,4,2.042339207e+00,main,true,rise,331
ml_samples/N4_sw0.30_x+4_i0082.h5,4,3.000000000e-01,4,2.042339207e+00,main,true,rise,304
ml_samples/N4_sw0.30_x+4_i0083.h5,4,3.000000000e-01,4,2.042339207e+00,main,true,rise,280
ml_samples/N4_sw0.30_x+4_i0084.h5,4,3.000000000e-01,4,2.042339207e+00,main,true,rise,215
ml_samples/N4_sw0.30_x+4_i0085.h5,4,3.000000000e-01,4,2.042339207e+00,main,true,rise,167
ml_samples/N4_sw0.30_x+4_i0086.h5,4,3.000000000e-01,4,2.042339207e+00,main,true,rise,286
ml_samples/N4_sw0.30_x+4_i0087.h5,4,3.000000000e-01,4,2.042339207e+00,main,true,rise,667
ml_samples/N4_sw0.30_x+4_i0088.h5,4,3.000000000e-01,4,2.042339207e+00,main,true,rise,254
ml_samples/N4_sw0.30_x+4_i0089.h5,4,3.000000000e-01,4,2.042339207e+00,main,true,rise,1030
ml_samples/N4_sw0.30_x+4_i0090.h5,4,3.000000000e-01,4,2.042339207e+00,main,true,rise,205
ml_samples/N4_sw0.30_x+4_i0091.h5,4,3.000000000e-01,4,2.042339207e+00,main,true,rise,186
ml_samples/N4_sw0.30_x+4_i0092.h5,4,3.000000000e-01,4,2.042339207e+00,main,true,rise,276
ml_samples/N4_sw0.30_x+4_i0093.h5,4,3.000000000e-01,4,2.042339207e+00,main,true,rise,357
ml_samples/N4_sw0.30_x+4_i0094.h5,4,3.000000000e-01,4,2.042339207e+00,main,true,rise,221
ml_samples/N4_sw0.30_x+4_i0095.h5,4,3.000000000e-01,4,2.042339207e+00,main,true,rise,635
ml_samples/N4_sw0.30_x+4_i0096.h5,4,3.000000000e-01,4,2.042339207e+00,main,true,rise,452
ml_samples/N4_sw0.30_x+4_i0097.h5,4,3.000000000e-01,4,2.042339207e+00,main,true,rise,272
ml_samples/N4_sw0.30_x+4_i0098.h5,4,3.000000000e-01,4,2.042339207e+00,main,true,rise,331
ml_samples/N4_sw0.30_x+4_i0099.h5,4,3.000000000e-01,4,2.042339207e+00,main,true,rise,254
ml_samples/N6_sw0.30_x-1_i0000.h5,6,3.000000000e-01,-1,6.117700934e-01,gen_N,true,fall,127
ml_samples/N6_sw0.30_x-1_i0001.h5,6,3.000000000e-01,-1,6.117700934e-01,gen_N,true,fall,410
ml_samples/N6_sw0.30_x-1_i0002.h5,6,3.000000000e-01,-1,6.117700934e-01,gen_N,true,fall,764
ml_samples/N6_sw0.30_x-1_i0003.h5,6,3.000000000e-01,-1,6.117700934e-01,gen_N,true,fall,1899
ml_samples/N6_sw0.30_x-1_i0004.h5,6,3.000000000e-01,-1,6.117700934e-01,gen_N,true,fall,326
ml_samples/N6_sw0.30_x-1_i0005.h5,6,3.000000000e-01,-1,6.117700934e-01,gen_N,true,rise,1535
ml_samples/N6_sw0.30_x-1_i0006.h5,6,3.000000000e-01,-1,6.117700934e-01,gen_N,true,fall,230
ml_samples/N6_sw0.30_x-1_i0007.h5,6,3.000000000e-01,-1,6.117700934e-01,gen_N,true,fall,76
ml_samples/N6_sw0.30_x-1_i0008.h5,6,3.000000000e-01,-1,6.117700934e-01,gen_N,true,fall,101
ml_samples/N6_sw0.30_x-1_i0009.h5,6,3.000000000e-01,-1,6.117700934e-01,gen_N,true,fall,157
ml_samples/N6_sw0.30_x-1_i0010.h5,6,3.000000000e-01,-1,6.117700934e-01,gen_N,true,fall,904
ml_samples/N6_sw0.30_x-1_i0011.h5,6,3.000000000e-01,-1,6.117700934e-01,gen_N,true,fall,959
ml_samples/N6_sw0.30_x-1_i0012.h5,6,3.000000000e-01,-1,6.117700934e-01,gen_N,true,fall,2049
ml_samples/N6_sw0.30_x-1_i0013.h5,6,3.000000000e-01,-1,6.117700934e-01,gen_N,true,fall,1266
ml_samples/N6_sw0.30_x-1_i0014.h5,6,3.000000000e-01,-1,6.117700934e-01,gen_N,true,fall,1254
ml_samples/N6_sw0.30_x-1_i0015.h5,6,3.000000000e-01,-1,6.117700934e-01,gen_N,true,fall,141
ml_samples/N6_sw0.30_x-1_i0016.h5,6,3.000000000e-01,-1,6.117700934e-01,gen_N,true,fall,376
ml_samples/N6_sw0.30_x-1_i0017.h5,6,3.000000000e-01,-1,6.117700934e-01,gen_N,true,fall,141
ml_samples/N6_sw0.30_x-1_i0018.h5,6,3.000000000e-01,-1,6.117700934e-01,gen_N,true,fall,202
ml_samples/N6_sw0.30_x-1_i0019.h5,6,3.000000000e-01,-1,6.117700934e-01,gen_N,true,rise,1683
ml_samples/N6_sw0.30_x-1_i0020.h5,6,3.000000000e-01,-1,6.117700934e-01,gen_N,true,fall,371
ml_samples/N6_sw0.30_x-1_i0021.h5,6,3.000000000e-01,-1,6.117700934e-01,gen_N,true,fall,118
ml_samples/N6_sw0.30_x-1_i0022.h5,6,3.000000000e-01,-1,6.117700934e-01,gen_N,true,rise,1293
ml_samples/N6_sw0.30_x-1_i0023.h5,6,3.000000000e-01,-1,6.117700934e-01,gen_N,true,fall,182
ml_samples/N6_sw0.30_x-1_i0024.h5,6,3.000000000e-01,-1,6.117700934e-01,gen_N,true,fall,2961
ml_samples/N6_sw0.30_x-1_i0025.h5,6,3.000000000e-01,-1,6.117700934e-01,gen_N,true,fall,194
ml_samples/N6_sw0.30_x-1_i0026.h5,6,3.000000000e-01,-1,6.117700934e-01,gen_N,true,fall,958
ml_samples/N6_sw0.30_x-1_i0027.h5,6,3.000000000e-01,-1,6.117700934e-01,gen_N,true,fall,631
ml_samples/N6_sw0.30_x-1_i0028.h5,6,3.000000000e-01,-1,6.117700934e-01,gen_N,true,fall,954
ml_samples/N6_sw0.30_x-1_i0029.h5,6,3.000000000e-01,-1,6.117700934e-01,gen_N,true,fall,105
ml_samples/N6_sw0.30_x-1_i0030.h5,6,3.000000000e-01,-1,6.117700934e-01,gen_N,true,fall,86
ml_samples/N6_sw0.30_x-1_i0031.h5,6,3.000000000e-01,-1,6.117700934e-01,gen_N,true,fall,197
ml_samples/N6_sw0.30_x-1_i0032.h5,6,3.000000000e-01,-1,6.117700934e-01,gen_N,true,fall,313
ml_samples/N6_sw0.30_x-1_i0033.h5,6,3.000000000e-01,-1,6.117700934e-01,gen_N,true,fall,377
ml_samples/N6_sw0.30_x-1_i0034.h5,6,3.000000000e-01,-1,6.117700934e-01,gen_N,true,fall,1995
ml_samples/N6_sw0.30_x-1_i0035.h5,6,3.000000000e-01,-1,6.117700934e-01,gen_N,true,fall,168
ml_samples/N6_sw0.30_x-1_i0036.h5,6,3.000000000e-01,-1,6.117700934e-01,gen_N,true,fall,123
ml_samples/N6_sw0.30_x-1_i0037.h5,6,3.000000000e-01,-1,6.117700934e-01,gen_N,true,fall,142
ml_samples/N6_sw0.30_x-1_i0038.h5,6,3.000000000e-01,-1,6.117700934e-01,gen_N,true,fall,197
ml_samples/N6_sw0.30_x-1_i0039.h5,6,3.000000000e-01,-1,6.117700934e-01,gen_N,true,fall,2290
ml_samples/N6_sw0.30_x-1_i0040.h5,6,3.000000000e-01,-1,6.117700934e-01,gen_N,true,fall,375
ml_samples/N6_sw0.30_x-1_i0041.h5,6,3.000000000e-01,-1,6.117700934e-01,gen_N,true,fall,90
ml_samples/N6_sw0.30_x-1_i0042.h5,6,3.000000000e-01,-1,6.117700934e-01,gen_N,true,fall,268
ml_samples/N6_sw0.30_x-1_i0043.h5,6,3.000000000e-01,-1,6.117700934e-01,gen_N,true,fall,106
ml_samples/N6_sw0.30_x-1_i0044.h5,6,3.000000000e-01,-1,6.117700934e-01,gen_N,true,fall,197
ml_samples/N6_sw0.30_x-1_i0045.h5,6,3.000000000e-01,-1,6.117700934e-01,gen_N,true,fall,143
ml_samples/N6_sw0.30_x-1_i0046.h5,6,3.000000000e-01,-1,6.117700934e-01,gen_N,true,fall,352
ml_samples/N6_sw0.30_x-1_i0047.h5,6,3.000000000e-01,-1,6.117700934e-01,gen_N,true,fall,140
ml_samples/N6_sw0.30_x-1_i0048.h5,6,3.000000000e-01,-1,6.117700934e-01,gen_N,true,fall,243
ml_samples/N6_sw0.30_x-1_i0049.h5,6,3.000000000e-01,-1,6.117700934e-01,gen_N,true,fall,197
ml_samples/N6_sw0.30_x+0_i0000.h5,6,3.000000000e-01,0,1.000000000e+00,gen_N,true,fall,423
ml_samples/N6_sw0.30_x+0_i0001.h5,6,3.000000000e-01,0,1.000000000e+00,gen_N,true,fall,181
ml_samples/N6_sw0.30_x+0_i0002.h5,6,3.000000000e-01,0,1.000000000e+00,gen_N,true,fall,191
ml_samples/N6_sw0.30_x+0_i0003.h5,6,3.000000000e-01,0,1.000000000e+00,gen_N,true,rise,1421
ml_samples/N6_sw0.30_x+0_i0004.h5,6,3.000000000e-01,0,1.000000000e+00,gen_N,true,fall,905
ml_samples/N6_sw0.30_x+0_i0005.h5,6,3.000000000e-01,0,1.000000000e+00,gen_N,true,fall,587
ml_samples/N6_sw0.30_x+0_i0006.h5,6,3.000000000e-01,0,1.000000000e+00,gen_N,true,rise,1705
ml_samples/N6_sw0.30_x+0_i0007.h5,6,3.000000000e-01,0,1.000000000e+00,gen_N,true,fall,129
ml_samples/N6_sw0.30_x+0_i0008.h5,6,3.000000000e-01,0,1.000000000e+00,gen_N,true,fall,786
ml_samples/N6_sw0.30_x+0_i0009.h5,6,3.000000000e-01,0,1.000000000e+00,gen_N,true,fall,92
ml_samples/N6_sw0.30_x+0_i0010.h5,6,3.000000000e-01,0,1.000000000e+00,gen_N,true,fall,1167
ml_samples/N6_sw0.30_x+0_i0011.h5,6,3.000000000e-01,0,1.000000000e+00,gen_N,true,fall,1813
ml_samples/N6_sw0.30_x+0_i0012.h5,6,3.000000000e-01,0,1.000000000e+00,gen_N,true,fall,146
ml_samples/N6_sw0.30_x+0_i0013.h5,6,3.000000000e-01,0,1.000000000e+00,gen_N,true,fall,641
ml_samples/N6_sw0.30_x+0_i0014.h5,6,3.000000000e-01,0,1.000000000e+00,gen_N,true,fall,992
ml_samples/N6_sw0.30_x+0_i0015.h5,6,3.000000000e-01,0,1.000000000e+00,gen_N,true,fall,1434
ml_samples/N6_sw0.30_x+0_i0016.h5,6,3.000000000e-01,0,1.000000000e+00,gen_N,true,rise,839
ml_samples/N6_sw0.30_x+0_i0017.h5,6,3.000000000e-01,0,1.000000000e+00,gen_N,true,rise,1101
ml_samples/N6_sw0.30_x+0_i0018.h5,6,3.000000000e-01,0,1.000000000e+00,gen_N,true,rise,1279
ml_samples/N6_sw0.30_x+0_i0019.h5,6,3.000000000e-01,0,1.000000000e+00,gen_N,true,fall,109
ml_samples/N6_sw0.30_x+0_i0020.h5,6,3.000000000e-01,0,1.000000000e+00,gen_N,true,fall,569
ml_samples/N6_sw0.30_x+0_i0021.h5,6,3.000000000e-01,0,1.000000000e+00,gen_N,true,rise,1652
ml_samples/N6_sw0.30_x+0_i0022.h5,6,3.000000000e-01,0,1.000000000e+00,gen_N,true,fall,372
ml_samples/N6_sw0.30_x+0_i0023.h5,6,3.000000000e-01,0,1.000000000e+00,gen_N,true,fall,424
ml_samples/N6_sw0.30_x+0_i0024.h5,6,3.000000000e-01,0,1.000000000e+00,gen_N,true,fall,2192
ml_samples/N6_sw0.30_x+0_i0025.h5,6,3.000000000e-01,0,1.000000000e+00,gen_N,true,fall,2637
ml_samples/N6_sw0.30_x+0_i0026.h5,6,3.000000000e-01,0,1.000000000e+00,gen_N,true,fall,330
ml_samples/N6_sw0.30_x+0_i0027.h5,6,3.000000000e-01,0,1.000000000e+00,gen_N,true,fall,1493
ml_samples/N6_sw0.30_x+0_i0028.h5,6,3.000000000e-01,0,1.000000000e+00,gen_N,true,fall,203
ml_samples/N6_sw0.30_x+0_i0029.h5,6,3.000000000e-01,0,1.000000000e+00,gen_N,true,fall,468
ml_samples/N6_sw0.30_x+0_i0030.h5,6,3.000000000e-01,0,1.000000000e+00,gen_N,true,fall,334
ml_samples/N6_sw0.30_x+0_i0031.h5,6,3.000000000e-01,0,1.000000000e+00,gen_N,true,fall,2379
ml_samples/N6_sw0.30_x+0_i0032.h5,6,3.000000000e-01,0,1.000000000e+00,gen_N,true,rise,394
ml_samples/N6_sw0.30_x+0_i0033.h5,6,3.000000000e-01,0,1.000000000e+00,gen_N,true,fall,799
ml_samples/N6_sw0.30_x+0_i0034.h5,6,3.000000000e-01,0,1.000000000e+00,gen_N,true,fall,133
ml_samples/N6_sw0.30_x+0_i0035.h5,6,3.000000000e-01,0,1.000000000e+00,gen_N,true,fall,1075
ml_samples/N6_sw0.30_x+0_i0036.h5,6,3.000000000e-01,0,1.000000000e+00,gen_N,true,fall,367
ml_samples/N6_sw0.30_x+0_i0037.h5,6,3.000000000e-01,0,1.000000000e+00,gen_N,true,fall,171
ml_samples/N6_sw0.30_x+0_i0038.h5,6,3.000000000e-01,0,1.000000000e+00,gen_N,true,rise,943
ml_samples/N6_sw0.30_x+0_i0039.h5,6,3.000000000e-01,0,1.000000000e+00,gen_N,true,rise,517
ml_samples/N6_sw0.30_x+0_i0040.h5,6,3.000000000e-01,0,1.000000000e+00,gen_N,true,fall,393
ml_samples/N6_sw0.30_x+0_i0041.h5,6,3.000000000e-01,0,1.000000000e+00,gen_N,true,fall,237
ml_samples/N6_sw0.30_x+0_i0042.h5,6,3.000000000e-01,0,1.000000000e+00,gen_N,true,fall,1165
ml_samples/N6_sw0.30_x+0_i0043.h5,6,3.000000000e-01,0,1.000000000e+00,gen_N,true,fall,195
ml_samples/N6_sw0.30_x+0_i0044.h5,6,3.000000000e-01,0,1.000000000e+00,gen_N,true,rise,1131
ml_samples/N6_sw0.30_x+0_i0045.h5,6,3.000000000e-01,0,1.000000000e+00,gen_N,true,rise,1182
ml_samples/N6_sw0.30_x+0_i0046.h5,6,3.000000000e-01,0,1.000000000e+00,gen_N,true,fall,188
ml_samples/N6_sw0.30_x+0_i0047.h5,6,3.000000000e-01,0,1.000000000e+00,gen_N,true,fall,649
ml_samples/N6_sw0.30_x+0_i0048.h5,6,3.000000000e-01,0,1.000000000e+00,gen_N,true,fall,853
ml_samples/N6_sw0.30_x+0_i0049.h5,6,3.000000000e-01,0,1.000000000e+00,gen_N,true,fall,1512
ml_samples/N6_sw0.30_x+1_i0000.h5,6,3.000000000e-01,1,1.388229907e+00,gen_N,true,fall,411
ml_samples/N6_sw0.30_x+1_i0001.h5,6,3.000000000e-01,1,1.388229907e+00,gen_N,true,rise,482
ml_samples/N6_sw0.30_x+1_i0002.h5,6,3.000000000e-01,1,1.388229907e+00,gen_N,true,fall,247
ml_samples/N6_sw0.30_x+1_i0003.h5,6,3.000000000e-01,1,1.388229907e+00,gen_N,true,rise,1997
ml_samples/N6_sw0.30_x+1_i0004.h5,6,3.000000000e-01,1,1.388229907e+00,gen_N,true,rise,1555
ml_samples/N6_sw0.30_x+1_i0005.h5,6,3.000000000e-01,1,1.388229907e+00,gen_N,true,rise,685
ml_samples/N6_sw0.30_x+1_i0006.h5,6,3.000000000e-01,1,1.388229907e+00,gen_N,true,fall,229
ml_samples/N6_sw0.30_x+1_i0007.h5,6,3.000000000e-01,1,1.388229907e+00,gen_N,true,rise,403
ml_samples/N6_sw0.30_x+1_i0008.h5,6,3.000000000e-01,1,1.388229907e+00,gen_N,true,rise,2323
ml_samples/N6_sw0.30_x+1_i0009.h5,6,3.000000000e-01,1,1.388229907e+00,gen_N,true,rise,1156
ml_samples/N6_sw0.30_x+1_i0010.h5,6,3.000000000e-01,1,1.388229907e+00,gen_N,true,fall,2669
ml_samples/N6_sw0.30_x+1_i0011.h5,6,3.000000000e-01,1,1.388229907e+00,gen_N,true,rise,673
ml_samples/N6_sw0.30_x+1_i0012.h5,6,3.000000000e-01,1,1.388229907e+00,gen_N,true,rise,2207
ml_samples/N6_sw0.30_x+1_i0013.h5,6,3.000000000e-01,1,1.388229907e+00,gen_N,true,rise,1960
ml_samples/N6_sw0.30_x+1_i0014.h5,6,3.000000000e-01,1,1.388229907e+00,gen_N,true,rise,788
ml_samples/N6_sw0.30_x+1_i0015.h5,6,3.000000000e-01,1,1.388229907e+00,gen_N,true,fall,170
ml_samples/N6_sw0.30_x+1_i0016.h5,6,3.000000000e-01,1,1.388229907e+00,gen_N,true,rise,598
ml_samples/N6_sw0.30_x+1_i0017.h5,6,3.000000000e-01,1,1.388229907e+00,gen_N,true,rise,1155
ml_samples/N6_sw0.30_x+1_i0018.h5,6,3.000000000e-01,1,1.388229907e+00,gen_N,true,rise,640
ml_samples/N6_sw0.30_x+1_i0019.h5,6,3.000000000e-01,1,1.388229907e+00,gen_N,true,rise,998
ml_samples/N6_sw0.30_x+1_i0020.h5,6,3.000000000e-01,1,1.388229907e+00,gen_N,true,rise,584
ml_samples/N6_sw0.30_x+1_i0021.h5,6,3.000000000e-01,1,1.388229907e+00,gen_N,true,rise,729
ml_samples/N6_sw0.30_x+1_i0022.h5,6,3.000000000e-01,1,1.388229907e+00,gen_N,true,fall,503
ml_samples/N6_sw0.30_x+1_i0023.h5,6,3.000000000e-01,1,1.388229907e+00,gen_N,true,rise,3785
ml_samples/N6_sw0.30_x+1_i0024.h5,6,3.000000000e-01,1,1.388229907e+00,gen_N,true,rise,902
ml_samples/N6_sw0.30_x+1_i0025.h5,6,3.000000000e-01,1,1.388229907e+00,gen_N,true,rise,417
ml_samples/N6_sw0.30_x+1_i0026.h5,6,3.000000000e-01,1,1.388229907e+00,gen_N,true,fall,1298
ml_samples/N6_sw0.30_x+1_i0027.h5,6,3.000000000e-01,1,1.388229907e+00,gen_N,true,rise,1553
ml_samples/N6_sw0.30_x+1_i0028.h5,6,3.000000000e-01,1,1.388229907e+00,gen_N,true,rise,975
ml_samples/N6_sw0.30_x+1_i0029.h5,6,3.000000000e-01,1,1.388229907e+00,gen_N,true,rise,452
ml_samples/N6_sw0.30_x+1_i0030.h5,6,3.000000000e-01,1,1.388229907e+00,gen_N,true,rise,1362
ml_samples/N6_sw0.30_x+1_i0031.h5,6,3.000000000e-01,1,1.388229907e+00,gen_N,true,rise,1144
ml_samples/N6_sw0.30_x+1_i0032.h5,6,3.000000000e-01,1,1.388229907e+00,gen_N,true,rise,1303
ml_samples/N6_sw0.30_x+1_i0033.h5,6,3.000000000e-01,1,1.388229907e+00,gen_N,true,rise,301
ml_samples/N6_sw0.30_x+1_i0034.h5,6,3.000000000e-01,1,1.388229907e+00,gen_N,true,rise,702
ml_samples/N6_sw0.30_x+1_i0035.h5,6,3.000000000e-01,1,1.388229907e+00,gen_N,true,rise,392
ml_samples/N6_sw0.30_x+1_i0036.h5,6,3.000000000e-01,1,1.388229907e+00,gen_N,true,rise,532
ml_samples/N6_sw0.30_x+1_i0037.h5,6,3.000000000e-01,1,1.388229907e+00,gen_N,true,rise,583
ml_samples/N6_sw0.30_x+1_i0038.h5,6,3.000000000e-01,1,1.388229907e+00,gen_N,true,rise,615
ml_samples/N6_sw0.30_x+1_i0039.h5,6,3.000000000e-01,1,1.388229907e+00,gen_N,true,fall,382
ml_samples/N6_sw0.30_x+1_i0040.h5,6,3.000000000e-01,1,1.388229907e+00,gen_N,true,rise,266
ml_samples/N6_sw0.30_x+1_i0041.h5,6,3.000000000e-01,1,1.388229907e+00,gen_N,true,rise,2096
ml_samples/N6_sw0.30_x+1_i0042.h5,6,3.000000000e-01,1,1.388229907e+00,gen_N,true,fall,669
ml_samples/N6_sw0.30_x+1_i0043.h5,6,3.000000000e-01,1,1.388229907e+00,gen_N,true,fall,427
ml_samples/N6_sw0.30_x+1_i0044.h5,6,3.000000000e-01,1,1.388229907e+00,gen_N,true,rise,548
ml_samples/N6_sw0.30_x+1_i0045.h5,6,3.000000000e-01,1,1.388229907e+00,gen_N,true,rise,1434
ml_samples/N6_sw0.30_x+1_i0046.h5,6,3.000000000e-01,1,1.388229907e+00,gen_N,true,rise,798
ml_samples/N6_sw0.30_x+1_i0047.h5,6,3.000000000e-01,1,1.388229907e+00,gen_N,true,rise,1258
ml_samples/N6_sw0.30_x+1_i0048.h5,6,3.000000000e-01,1,1.388229907e+00,gen_N,true,rise,2099
ml_samples/N6_sw0.30_x+1_i0049.h5,6,3.000000000e-01,1,1.388229907e+00,gen_N,true,fall,627
ml_samples/N8_sw0.15_x-4_i0000.h5,8,1.500000000e-01,-4,-3.175002257e-02,main,false,fall,127
ml_samples/N8_sw0.15_x-4_i0001.h5,8,1.500000000e-01,-4,-3.175002257e-02,main,false,fall,302
ml_samples/N8_sw0.15_x-4_i0002.h5,8,1.500000000e-01,-4,-3.175002257e-02,main,false,fall,476
ml_samples/N8_sw0.15_x-4_i0003.h5,8,1.500000000e-01,-4,-3.175002257e-02,main,false,fall,100
ml_samples/N8_sw0.15_x-4_i0004.h5,8,1.500000000e-01,-4,-3.175002257e-02,main,false,fall,240
ml_samples/N8_sw0.15_x-4_i0006.h5,8,1.500000000e-01,-4,-3.175002257e-02,main,false,fall,126
ml_samples/N8_sw0.15_x-4_i0007.h5,8,1.500000000e-01,-4,-3.175002257e-02,main,false,fall,233
ml_samples/N8_sw0.15_x-4_i0008.h5,8,1.500000000e-01,-4,-3.175002257e-02,main,false,fall,161
ml_samples/N8_sw0.15_x-4_i0009.h5,8,1.500000000e-01,-4,-3.175002257e-02,main,false,fall,124
ml_samples/N8_sw0.15_x-4_i0010.h5,8,1.500000000e-01,-4,-3.175002257e-02,main,false,fall,117
ml_samples/N8_sw0.15_x-4_i0011.h5,8,1.500000000e-01,-4,-3.175002257e-02,main,false,fall,98
ml_samples/N8_sw0.15_x-4_i0012.h5,8,1.500000000e-01,-4,-3.175002257e-02,main,false,fall,168
ml_samples/N8_sw0.15_x-4_i0013.h5,8,1.500000000e-01,-4,-3.175002257e-02,main,false,fall,311
ml_samples/N8_sw0.15_x-4_i0014.h5,8,1.500000000e-01,-4,-3.175002257e-02,main,false,fall,193
ml_samples/N8_sw0.15_x-4_i0015.h5,8,1.500000000e-01,-4,-3.175002257e-02,main,false,fall,218
ml_samples/N8_sw0.15_x-4_i0016.h5,8,1.500000000e-01,-4,-3.175002257e-02,main,false,fall,116
ml_samples/N8_sw0.15_x-4_i0017.h5,8,1.500000000e-01,-4,-3.175002257e-02,main,false,fall,184
ml_samples/N8_sw0.15_x-4_i0018.h5,8,1.500000000e-01,-4,-3.175002257e-02,main,false,fall,160
ml_samples/N8_sw0.15_x-4_i0019.h5,8,1.500000000e-01,-4,-3.175002257e-02,main,false,fall,211
ml_samples/N8_sw0.15_x-4_i0020.h5,8,1.500000000e-01,-4,-3.175002257e-02,main,false,fall,125
ml_samples/N8_sw0.15_x-4_i0021.h5,8,1.500000000e-01,-4,-3.175002257e-02,main,false,fall,124
ml_samples/N8_sw0.15_x-4_i0022.h5,8,1.500000000e-01,-4,-3.175002257e-02,main,false,fall,129
ml_samples/N8_sw0.15_x-4_i0023.h5,8,1.500000000e-01,-4,-3.175002257e-02,main,false,fall,290
ml_samples/N8_sw0.15_x-4_i0024.h5,8,1.500000000e-01,-4,-3.175002257e-02,main,false,fall,463
ml_samples/N8_sw0.15_x-4_i0025.h5,8,1.500000000e-01,-4,-3.175002257e-02,main,false,fall,226
ml_samples/N8_sw0.15_x-4_i0026.h5,8,1.500000000e-01,-4,-3.175002257e-02,main,false,fall,708
ml_samples/N8_sw0.15_x-4_i0027.h5,8,1.500000000e-01,-4,-3.175002257e-02,main,false,fall,104
ml_samples/N8_sw0.15_x-4_i0028.h5,8,1.500000000e-01,-4,-3.175002257e-02,main,false,fall,166
ml_samples/N8_sw0.15_x-4_i0029.h5,8,1.500000000e-01,-4,-3.175002257e-02,main,false,fall,339
ml_samples/N8_sw0.15_x-4_i0030.h5,8,1.500000000e-01,-4,-3.175002257e-02,main,false,fall,172
ml_samples/N8_sw0.15_x-4_i0031.h5,8,1.500000000e-01,-4,-3.175002257e-02,main,false,fall,147
ml_samples/N8_sw0.15_x-4_i0032.h5,8,1.500000000e-01,-4,-3.175002257e-02,main,false,fall,108
ml_samples/N8_sw0.15_x-4_i0033.h5,8,1.500000000e-01,-4,-3.175002257e-02,main,false,fall,790
ml_samples/N8_sw0.15_x-4_i0034.h5,8,1.500000000e-01,-4,-3.175002257e-02,main,false,fall,491
ml_samples/N8_sw0.15_x-4_i0035.h5,8,1.500000000e-01,-4,-3.175002257e-02,main,false,fall,134
ml_samples/N8_sw0.15_x-4_i0036.h5,8,1.500000000e-01,-4,-3.175002257e-02,main,false,fall,579
ml_samples/N8_sw0.15_x-4_i0037.h5,8,1.500000000e-01,-4,-3.175002257e-02,main,false,fall,97
ml_samples/N8_sw0.15_x-4_i0038.h5,8,1.500000000e-01,-4,-3.175002257e-02,main,false,fall,179
ml_samples/N8_sw0.15_x-4_i0039.h5,8,1.500000000e-01,-4,-3.175002257e-02,main,false,fall,154
ml_samples/N8_sw0.15_x-4_i0040.h5,8,1.500000000e-01,-4,-3.175002257e-02,main,false,fall,131
ml_samples/N8_sw0.15_x-4_i0041.h5,8,1.500000000e-01,-4,-3.175002257e-02,main,false,fall,132
ml_samples/N8_sw0.15_x-4_i0042.h5,8,1.500000000e-01,-4,-3.175002257e-02,main,false,fall,146
ml_samples/N8_sw0.15_x-4_i0043.h5,8,1.500000000e-01,-4,-3.175002257e-02,main,false,fall,152
ml_samples/N8_sw0.15_x-4_i0044.h5,8,1.500000000e-01,-4,-3.175002257e-02,main,false,fall,115
ml_samples/N8_sw0.15_x-4_i0045.h5,8,1.500000000e-01,-4,-3.175002257e-02,main,false,fall,201
ml_samples/N8_sw0.15_x-4_i0046.h5,8,1.500000000e-01,-4,-3.175002257e-02,main,false,fall,121
ml_samples/N8_sw0.15_x-4_i0047.h5,8,1.500000000e-01,-4,-3.175002257e-02,main,false,fall,411
ml_samples/N8_sw0.15_x-4_i0048.h5,8,1.500000000e-01,-4,-3.175002257e-02,main,false,fall,186
ml_samples/N8_sw0.15_x-4_i0049.h5,8,1.500000000e-01,-4,-3.175002257e-02,main,false,fall,206
ml_samples/N8_sw0.15_x-4_i0050.h5,8,1.500000000e-01,-4,-3.175002257e-02,main,false,fall,100
ml_samples/N8_sw0.15_x-4_i0051.h5,8,1.500000000e-01,-4,-3.175002257e-02,main,false,fall,198
ml_samples/N8_sw0.15_x-4_i0052.h5,8,1.500000000e-01,-4,-3.175002257e-02,main,false,fall,234
ml_samples/N8_sw0.15_x-4_i0054.h5,8,1.500000000e-01,-4,-3.175002257e-02,main,false,fall,132
ml_samples/N8_sw0.15_x-4_i0055.h5,8,1.500000000e-01,-4,-3.175002257e-02,main,false,fall,163
ml_samples/N8_sw0.15_x-4_i0056.h5,8,1.500000000e-01,-4,-3.175002257e-02,main,false,fall,195
ml_samples/N8_sw0.15_x-4_i0057.h5,8,1.500000000e-01,-4,-3.175002257e-02,main,false,fall,128
ml_samples/N8_sw0.15_x-4_i0058.h5,8,1.500000000e-01,-4,-3.175002257e-02,main,false,fall,152
ml_samples/N8_sw0.15_x-4_i0059.h5,8,1.500000000e-01,-4,-3.175002257e-02,main,false,fall,185
ml_samples/N8_sw0.15_x-4_i0060.h5,8,1.500000000e-01,-4,-3.175002257e-02,main,false,fall,126
ml_samples/N8_sw0.15_x-4_i0061.h5,8,1.500000000e-01,-4,-3.175002257e-02,main,false,fall,172
ml_samples/N8_sw0.15_x-4_i0062.h5,8,1.500000000e-01,-4,-3.175002257e-02,main,false,fall,133
ml_samples/N8_sw0.15_x-4_i0063.h5,8,1.500000000e-01,-4,-3.175002257e-02,main,false,fall,219
ml_samples/N8_sw0.15_x-4_i0064.h5,8,1.500000000e-01,-4,-3.175002257e-02,main,false,fall,264
ml_samples/N8_sw0.15_x-4_i0065.h5,8,1.500000000e-01,-4,-3.175002257e-02,main,false,fall,218
ml_samples/N8_sw0.15_x-4_i0066.h5,8,1.500000000e-01,-4,-3.175002257e-02,main,false,fall,261
ml_samples/N8_sw0.15_x-4_i0067.h5,8,1.500000000e-01,-4,-3.175002257e-02,main,false,fall,109
ml_samples/N8_sw0.15_x-4_i0068.h5,8,1.500000000e-01,-4,-3.175002257e-02,main,false,fall,227
ml_samples/N8_sw0.15_x-4_i0069.h5,8,1.500000000e-01,-4,-3.175002257e-02,main,false,fall,210
ml_samples/N8_sw0.15_x-4_i0070.h5,8,1.500000000e-01,-4,-3.175002257e-02,main,false,fall,166
ml_samples/N8_sw0.15_x-4_i0071.h5,8,1.500000000e-01,-4,-3.175002257e-02,main,false,fall,135
ml_samples/N8_sw0.15_x-4_i0072.h5,8,1.500000000e-01,-4,-3.175002257e-02,main,false,fall,201
ml_samples/N8_sw0.15_x-4_i0073.h5,8,1.500000000e-01,-4,-3.175002257e-02,main,false,fall,144
ml_samples/N8_sw0.15_x-4_i0075.h5,8,1.500000000e-01,-4,-3.175002257e-02,main,false,fall,196
ml_samples/N8_sw0.15_x-4_i0076.h5,8,1.500000000e-01,-4,-3.175002257e-02,main,false,fall,465
ml_samples/N8_sw0.15_x-4_i0077.h5,8,1.500000000e-01,-4,-3.175002257e-02,main,false,fall,90
ml_samples/N8_sw0.15_x-4_i0078.h5,8,1.500000000e-01,-4,-3.175002257e-02,main,false,fall,164
ml_samples/N8_sw0.15_x-4_i0079.h5,8,1.500000000e-01,-4,-3.175002257e-02,main,false,fall,1330
ml_samples/N8_sw0.15_x-4_i0080.h5,8,1.500000000e-01,-4,-3.175002257e-02,main,false,fall,305
ml_samples/N8_sw0.15_x-4_i0081.h5,8,1.500000000e-01,-4,-3.175002257e-02,main,false,fall,112
ml_samples/N8_sw0.15_x-4_i0082.h5,8,1.500000000e-01,-4,-3.175002257e-02,main,false,fall,127
ml_samples/N8_sw0.15_x-4_i0083.h5,8,1.500000000e-01,-4,-3.175002257e-02,main,false,fall,150
ml_samples/N8_sw0.15_x-4_i0084.h5,8,1.500000000e-01,-4,-3.175002257e-02,main,false,fall,154
ml_samples/N8_sw0.15_x-4_i0085.h5,8,1.500000000e-01,-4,-3.175002257e-02,main,false,fall,100
ml_samples/N8_sw0.15_x-4_i0086.h5,8,1.500000000e-01,-4,-3.175002257e-02,main,false,fall,90
ml_samples/N8_sw0.15_x-4_i0087.h5,8,1.500000000e-01,-4,-3.175002257e-02,main,false,fall,281
ml_samples/N8_sw0.15_x-4_i0088.h5,8,1.500000000e-01,-4,-3.175002257e-02,main,false,fall,126
ml_samples/N8_sw0.15_x-4_i0089.h5,8,1.500000000e-01,-4,-3.175002257e-02,main,false,fall,383
ml_samples/N8_sw0.15_x-4_i0090.h5,8,1.500000000e-01,-4,-3.175002257e-02,main,false,fall,206
ml_samples/N8_sw0.15_x-4_i0091.h5,8,1.500000000e-01,-4,-3.175002257e-02,main,false,fall,124
ml_samples/N8_sw0.15_x-4_i0092.h5,8,1.500000000e-01,-4,-3.175002257e-02,main,false,fall,207
ml_samples/N8_sw0.15_x-4_i0093.h5,8,1.500000000e-01,-4,-3.175002257e-02,main,false,fall,199
ml_samples/N8_sw0.15_x-4_i0094.h5,8,1.500000000e-01,-4,-3.175002257e-02,main,false,fall,128
ml_samples/N8_sw0.15_x-4_i0095.h5,8,1.500000000e-01,-4,-3.175002257e-02,main,false,fall,253
ml_samples/N8_sw0.15_x-4_i0096.h5,8,1.500000000e-01,-4,-3.175002257e-02,main,false,fall,270
ml_samples/N8_sw0.15_x-4_i0097.h5,8,1.500000000e-01,-4,-3.175002257e-02,main,false,fall,216
ml_samples/N8_sw0.15_x-4_i0098.h5,8,1.500000000e-01,-4,-3.175002257e-02,main,false,fall,116
ml_samples/N8_sw0.15_x-4_i0099.h5,8,1.500000000e-01,-4,-3.175002257e-02,main,false,fall,145
ml_samples/N8_sw0.15_x-2_i0000.h5,8,1.500000000e-01,-2,4.841249887e-01,main,true,fall,3510
ml_samples/N8_sw0.15_x-2_i0001.h5,8,1.500000000e-01,-2,4.841249887e-01,main,true,fall,119
ml_samples/N8_sw0.15_x-2_i0002.h5,8,1.500000000e-01,-2,4.841249887e-01,main,true,fall,357
ml_samples/N8_sw0.15_x-2_i0003.h5,8,1.500000000e-01,-2,4.841249887e-01,main,true,fall,370
ml_samples/N8_sw0.15_x-2_i0004.h5,8,1.500000000e-01,-2,4.841249887e-01,main,true,fall,1479
ml_samples/N8_sw0.15_x-2_i0005.h5,8,1.500000000e-01,-2,4.841249887e-01,main,true,fall,2308
ml_samples/N8_sw0.15_x-2_i0006.h5,8,1.500000000e-01,-2,4.841249887e-01,main,true,fall,405
ml_samples/N8_sw0.15_x-2_i0007.h5,8,1.500000000e-01,-2,4.841249887e-01,main,true,fall,472
ml_samples/N8_sw0.15_x-2_i0008.h5,8,1.500000000e-01,-2,4.841249887e-01,main,true,fall,235
ml_samples/N8_sw0.15_x-2_i0009.h5,8,1.500000000e-01,-2,4.841249887e-01,main,true,fall,1299
ml_samples/N8_sw0.15_x-2_i0010.h5,8,1.500000000e-01,-2,4.841249887e-01,main,true,fall,313
ml_samples/N8_sw0.15_x-2_i0011.h5,8,1.500000000e-01,-2,4.841249887e-01,main,true,fall,416
ml_samples/N8_sw0.15_x-2_i0012.h5,8,1.500000000e-01,-2,4.841249887e-01,main,true,fall,439
ml_samples/N8_sw0.15_x-2_i0013.h5,8,1.500000000e-01,-2,4.841249887e-01,main,true,fall,3093
ml_samples/N8_sw0.15_x-2_i0014.h5,8,1.500000000e-01,-2,4.841249887e-01,main,true,fall,684
ml_samples/N8_sw0.15_x-2_i0015.h5,8,1.500000000e-01,-2,4.841249887e-01,main,true,fall,576
ml_samples/N8_sw0.15_x-2_i0016.h5,8,1.500000000e-01,-2,4.841249887e-01,main,true,fall,321
ml_samples/N8_sw0.15_x-2_i0017.h5,8,1.500000000e-01,-2,4.841249887e-01,main,true,fall,1087
ml_samples/N8_sw0.15_x-2_i0018.h5,8,1.500000000e-01,-2,4.841249887e-01,main,true,fall,237
ml_samples/N8_sw0.15_x-2_i0019.h5,8,1.500000000e-01,-2,4.841249887e-01,main,true,fall,797
ml_samples/N8_sw0.15_x-2_i0020.h5,8,1.500000000e-01,-2,4.841249887e-01,main,true,fall,195
ml_samples/N8_sw0.15_x-2_i0021.h5,8,1.500000000e-01,-2,4.841249887e-01,main,true,fall,264
ml_samples/N8_sw0.15_x-2_i0022.h5,8,1.500000000e-01,-2,4.841249887e-01,main,true,fall,325
ml_samples/N8_sw0.15_x-2_i0023.h5,8,1.500000000e-01,-2,4.841249887e-01,main,true,fall,193
ml_samples/N8_sw0.15_x-2_i0024.h5,8,1.500000000e-01,-2,4.841249887e-01,main,true,fall,293
ml_samples/N8_sw0.15_x-2_i0025.h5,8,1.500000000e-01,-2,4.841249887e-01,main,true,fall,272
ml_samples/N8_sw0.15_x-2_i0026.h5,8,1.500000000e-01,-2,4.841249887e-01,main,true,fall,248
ml_samples/N8_sw0.15_x-2_i0027.h5,8,1.500000000e-01,-2,4.841249887e-01,main,true,fall,287
ml_samples/N8_sw0.15_x-2_i0028.h5,8,1.500000000e-01,-2,4.841249887e-01,main,true,fall,285
ml_samples/N8_sw0.15_x-2_i0029.h5,8,1.500000000e-01,-2,4.841249887e-01,main,true,fall,325
ml_samples/N8_sw0.15_x-2_i0030.h5,8,1.500000000e-01,-2,4.841249887e-01,main,true,fall,221
ml_samples/N8_sw0.15_x-2_i0031.h5,8,1.500000000e-01,-2,4.841249887e-01,main,true,fall,181
ml_samples/N8_sw0.15_x-2_i0032.h5,8,1.500000000e-01,-2,4.841249887e-01,main,true,fall,589
ml_samples/N8_sw0.15_x-2_i0033.h5,8,1.500000000e-01,-2,4.841249887e-01,main,true,fall,2851
ml_samples/N8_sw0.15_x-2_i0034.h5,8,1.500000000e-01,-2,4.841249887e-01,main,true,fall,286
ml_samples/N8_sw0.15_x-2_i0035.h5,8,1.500000000e-01,-2,4.841249887e-01,main,true,fall,1344
ml_samples/N8_sw0.15_x-2_i0036.h5,8,1.500000000e-01,-2,4.841249887e-01,main,true,fall,1983
ml_samples/N8_sw0.15_x-2_i0037.h5,8,1.500000000e-01,-2,4.841249887e-01,main,true,fall,251
ml_samples/N8_sw0.15_x-2_i0038.h5,8,1.500000000e-01,-2,4.841249887e-01,main,true,fall,418
ml_samples/N8_sw0.15_x-2_i0039.h5,8,1.500000000e-01,-2,4.841249887e-01,main,true,fall,792
ml_samples/N8_sw0.15_x-2_i0040.h5,8,1.500000000e-01,-2,4.841249887e-01,main,true,fall,280
ml_samples/N8_sw0.15_x-2_i0041.h5,8,1.500000000e-01,-2,4.841249887e-01,main,true,fall,296
ml_samples/N8_sw0.15_x-2_i0042.h5,8,1.500000000e-01,-2,4.841249887e-01,main,true,fall,602
ml_samples/N8_sw0.15_x-2_i0043.h5,8,1.500000000e-01,-2,4.841249887e-01,main,true,fall,348
ml_samples/N8_sw0.15_x-2_i0044.h5,8,1.500000000e-01,-2,4.841249887e-01,main,true,fall,211
ml_samples/N8_sw0.15_x-2_i0045.h5,8,1.500000000e-01,-2,4.841249887e-01,main,true,fall,718
ml_samples/N8_sw0.15_x-2_i0046.h5,8,1.500000000e-01,-2,4.841249887e-01,main,true,fall,563
ml_samples/N8_sw0.15_x-2_i0047.h5,8,1.500000000e-01,-2,4.841249887e-01,main,true,fall,286
ml_samples/N8_sw0.15_x-2_i0048.h5,8,1.500000000e-01,-2,4.841249887e-01,main,true,fall,95
ml_samples/N8_sw0.15_x-2_i0049.h5,8,1.500000000e-01,-2,4.841249887e-01,main,true,fall,435
ml_samples/N8_sw0.15_x-2_i0050.h5,8,1.500000000e-01,-2,4.841249887e-01,main,true,fall,214
ml_samples/N8_sw0.15_x-2_i0051.h5,8,1.500000000e-01,-2,4.841249887e-01,main,true,fall,451
ml_samples/N8_sw0.15_x-2_i0052.h5,8,1.500000000e-01,-2,4.841249887e-01,main,true,fall,1655
ml_samples/N8_sw0.15_x-2_i0053.h5,8,1.500000000e-01,-2,4.841249887e-01,main,true,fall,292
ml_samples/N8_sw0.15_x-2_i0054.h5,8,1.500000000e-01,-2,4.841249887e-01,main,true,fall,227
ml_samples/N8_sw0.15_x-2_i0055.h5,8,1.500000000e-01,-2,4.841249887e-01,main,true,fall,178
ml_samples/N8_sw0.15_x-2_i0056.h5,8,1.500000000e-01,-2,4.841249887e-01,main,true,fall,240
ml_samples/N8_sw0.15_x-2_i0057.h5,8,1.500000000e-01,-2,4.841249887e-01,main,true,fall,155
ml_samples/N8_sw0.15_x-2_i0058.h5,8,1.500000000e-01,-2,4.841249887e-01,main,true,fall,657
ml_samples/N8_sw0.15_x-2_i0059.h5,8,1.500000000e-01,-2,4.841249887e-01,main,true,fall,996
ml_samples/N8_sw0.15_x-2_i0060.h5,8,1.500000000e-01,-2,4.841249887e-01,main,true,fall,558
ml_samples/N8_sw0.15_x-2_i0061.h5,8,1.500000000e-01,-2,4.841249887e-01,main,true,fall,193
ml_samples/N8_sw0.15_x-2_i0062.h5,8,1.500000000e-01,-2,4.841249887e-01,main,true,fall,1265
ml_samples/N8_sw0.15_x-2_i0063.h5,8,1.500000000e-01,-2,4.841249887e-01,main,true,fall,255
ml_samples/N8_sw0.15_x-2_i0064.h5,8,1.500000000e-01,-2,4.841249887e-01,main,true,fall,454
ml_samples/N8_sw0.15_x-2_i0065.h5,8,1.500000000e-01,-2,4.841249887e-01,main,true,fall,585
ml_samples/N8_sw0.15_x-2_i0066.h5,8,1.500000000e-01,-2,4.841249887e-01,main,true,fall,313
ml_samples/N8_sw0.15_x-2_i0067.h5,8,1.500000000e-01,-2,4.841249887e-01,main,true,fall,772
ml_samples/N8_sw0.15_x-2_i0068.h5,8,1.500000000e-01,-2,4.841249887e-01,main,true,fall,301
ml_samples/N8_sw0.15_x-2_i0069.h5,8,1.500000000e-01,-2,4.841249887e-01,main,true,fall,370
ml_samples/N8_sw0.15_x-2_i0070.h5,8,1.500000000e-01,-2,4.841249887e-01,main,true,fall,429
ml_samples/N8_sw0.15_x-2_i0071.h5,8,1.500000000e-01,-2,4.841249887e-01,main,true,fall,151
ml_samples/N8_sw0.15_x-2_i0072.h5,8,1.500000000e-01,-2,4.841249887e-01,main,true,fall,128
ml_samples/N8_sw0.15_x-2_i0073.h5,8,1.500000000e-01,-2,4.841249887e-01,main,true,fall,290
ml_samples/N8_sw0.15_x-2_i0074.h5,8,1.500000000e-01,-2,4.841249887e-01,main,true,fall,247
ml_samples/N8_sw0.15_x-2_i0075.h5,8,1.500000000e-01,-2,4.841249887e-01,main,true,fall,505
ml_samples/N8_sw0.15_x-2_i0076.h5,8,1.500000000e-01,-2,4.841249887e-01,main,true,fall,196
ml_samples/N8_sw0.15_x-2_i0077.h5,8,1.500000000e-01,-2,4.841249887e-01,main,true,fall,821
ml_samples/N8_sw0.15_x-2_i0078.h5,8,1.500000000e-01,-2,4.841249887e-01,main,true,fall,398
ml_samples/N8_sw0.15_x-2_i0079.h5,8,1.500000000e-01,-2,4.841249887e-01,main,true,fall,594
ml_samples/N8_sw0.15_x-2_i0080.h5,8,1.500000000e-01,-2,4.841249887e-01,main,true,fall,138
ml_samples/N8_sw0.15_x-2_i0081.h5,8,1.500000000e-01,-2,4.841249887e-01,main,true,fall,656
ml_samples/N8_sw0.15_x-2_i0082.h5,8,1.500000000e-01,-2,4.841249887e-01,main,true,fall,263
ml_samples/N8_sw0.15_x-2_i0083.h5,8,1.500000000e-01,-2,4.841249887e-01,main,true,fall,184
ml_samples/N8_sw0.15_x-2_i0084.h5,8,1.500000000e-01,-2,4.841249887e-01,main,true,fall,145
ml_samples/N8_sw0.15_x-2_i0085.h5,8,1.500000000e-01,-2,4.841249887e-01,main,true,fall,202
ml_samples/N8_sw0.15_x-2_i0086.h5,8,1.500000000e-01,-2,4.841249887e-01,main,true,fall,2737
ml_samples/N8_sw0.15_x-2_i0087.h5,8,1.500000000e-01,-2,4.841249887e-01,main,true,fall,721
ml_samples/N8_sw0.15_x-2_i0088.h5,8,1.500000000e-01,-2,4.841249887e-01,main,true,fall,492
ml_samples/N8_sw0.15_x-2_i0089.h5,8,1.500000000e-01,-2,4.841249887e-01,main,true,fall,1669
ml_samples/N8_sw0.15_x-2_i0090.h5,8,1.500000000e-01,-2,4.841249887e-01,main,true,fall,1559
ml_samples/N8_sw0.15_x-2_i0091.h5,8,1.500000000e-01,-2,4.841249887e-01,main,true,fall,262
ml_samples/N8_sw0.15_x-2_i0092.h5,8,1.500000000e-01,-2,4.841249887e-01,main,true,fall,271
ml_samples/N8_sw0.15_x-2_i0093.h5,8,1.500000000e-01,-2,4.841249887e-01,main,true,fall,167
ml_samples/N8_sw0.15_x-2_i0094.h5,8,1.500000000e-01,-2,4.841249887e-01,main,true,fall,478
ml_samples/N8_sw0.15_x-2_i0095.h5,8,1.500000000e-01,-2,4.841249887e-01,main,true,fall,148
ml_samples/N8_sw0.15_x-2_i0096.h5,8,1.500000000e-01,-2,4.841249887e-01,main,true,fall,226
ml_samples/N8_sw0.15_x-2_i0097.h5,8,1.500000000e-01,-2,4.841249887e-01,main,true,fall,2155
ml_samples/N8_sw0.15_x-2_i0098.h5,8,1.500000000e-01,-2,4.841249887e-01,main,true,fall,2231
ml_samples/N8_sw0.15_x-2_i0099.h5,8,1.500000000e-01,-2,4.841249887e-01,main,true,fall,153
ml_samples/N8_sw0.15_x-1_i0000.h5,8,1.500000000e-01,-1,7.420624944e-01,main,true,fall,2792
ml_samples/N8_sw0.15_x-1_i0001.h5,8,1.500000000e-01,-1,7.420624944e-01,main,true,fall,2298
ml_samples/N8_sw0.15_x-1_i0002.h5,8,1.500000000e-01,-1,7.420624944e-01,main,true,fall,1239
ml_samples/N8_sw0.15_x-1_i0003.h5,8,1.500000000e-01,-1,7.420624944e-01,main,true,fall,903
ml_samples/N8_sw0.15_x-1_i0004.h5,8,1.500000000e-01,-1,7.420624944e-01,main,true,fall,360
ml_samples/N8_sw0.15_x-1_i0005.h5,8,1.500000000e-01,-1,7.420624944e-01,main,true,fall,1428
ml_samples/N8_sw0.15_x-1_i0006.h5,8,1.500000000e-01,-1,7.420624944e-01,main,true,fall,603
ml_samples/N8_sw0.15_x-1_i0007.h5,8,1.500000000e-01,-1,7.420624944e-01,main,true,fall,335
ml_samples/N8_sw0.15_x-1_i0008.h5,8,1.500000000e-01,-1,7.420624944e-01,main,true,fall,404
ml_samples/N8_sw0.15_x-1_i0009.h5,8,1.500000000e-01,-1,7.420624944e-01,main,true,fall,2198
ml_samples/N8_sw0.15_x-1_i0010.h5,8,1.500000000e-01,-1,7.420624944e-01,main,true,fall,1034
ml_samples/N8_sw0.15_x-1_i0011.h5,8,1.500000000e-01,-1,7.420624944e-01,main,true,fall,258
ml_samples/N8_sw0.15_x-1_i0012.h5,8,1.500000000e-01,-1,7.420624944e-01,main,true,rise,3060
ml_samples/N8_sw0.15_x-1_i0013.h5,8,1.500000000e-01,-1,7.420624944e-01,main,true,fall,1363
ml_samples/N8_sw0.15_x-1_i0014.h5,8,1.500000000e-01,-1,7.420624944e-01,main,true,fall,376
ml_samples/N8_sw0.15_x-1_i0015.h5,8,1.500000000e-01,-1,7.420624944e-01,main,true,rise,1455
ml_samples/N8_sw0.15_x-1_i0016.h5,8,1.500000000e-01,-1,7.420624944e-01,main,true,fall,745
ml_samples/N8_sw0.15_x-1_i0017.h5,8,1.500000000e-01,-1,7.420624944e-01,main,true,fall,1337
ml_samples/N8_sw0.15_x-1_i0018.h5,8,1.500000000e-01,-1,7.420624944e-01,main,true,fall,256
ml_samples/N8_sw0.15_x-1_i0019.h5,8,1.500000000e-01,-1,7.420624944e-01,main,true,fall,296
ml_samples/N8_sw0.15_x-1_i0020.h5,8,1.500000000e-01,-1,7.420624944e-01,main,true,fall,1666
ml_samples/N8_sw0.15_x-1_i0021.h5,8,1.500000000e-01,-1,7.420624944e-01,main,true,fall,2020
ml_samples/N8_sw0.15_x-1_i0022.h5,8,1.500000000e-01,-1,7.420624944e-01,main,true,fall,1135
ml_samples/N8_sw0.15_x-1_i0023.h5,8,1.500000000e-01,-1,7.420624944e-01,main,true,fall,2189
ml_samples/N8_sw0.15_x-1_i0024.h5,8,1.500000000e-01,-1,7.420624944e-01,main,true,fall,279
ml_samples/N8_sw0.15_x-1_i0025.h5,8,1.500000000e-01,-1,7.420624944e-01,main,true,fall,550
ml_samples/N8_sw0.15_x-1_i0026.h5,8,1.500000000e-01,-1,7.420624944e-01,main,true,fall,513
ml_samples/N8_sw0.15_x-1_i0027.h5,8,1.500000000e-01,-1,7.420624944e-01,main,true,fall,5351
ml_samples/N8_sw0.15_x-1_i0028.h5,8,1.500000000e-01,-1,7.420624944e-01,main,true,timeout,6001
ml_samples/N8_sw0.15_x-1_i0029.h5,8,1.500000000e-01,-1,7.420624944e-01,main,true,fall,322
ml_samples/N8_sw0.15_x-1_i0030.h5,8,1.500000000e-01,-1,7.420624944e-01,main,true,fall,1346
ml_samples/N8_sw0.15_x-1_i0031.h5,8,1.500000000e-01,-1,7.420624944e-01,main,true,fall,1230
ml_samples/N8_sw0.15_x-1_i0032.h5,8,1.500000000e-01,-1,7.420624944e-01,main,true,fall,447
ml_samples/N8_sw0.15_x-1_i0033.h5,8,1.500000000e-01,-1,7.420624944e-01,main,true,fall,346
ml_samples/N8_sw0.15_x-1_i0034.h5,8,1.500000000e-01,-1,7.420624944e-01,main,true,fall,643
ml_samples/N8_sw0.15_x-1_i0035.h5,8,1.500000000e-01,-1,7.420624944e-01,main,true,fall,2838
ml_samples/N8_sw0.15_x-1_i0036.h5,8,1.500000000e-01,-1,7.420624944e-01,main,true,fall,477
ml_samples/N8_sw0.15_x-1_i0037.h5,8,1.500000000e-01,-1,7.420624944e-01,main,true,fall,454
ml_samples/N8_sw0.15_x-1_i0038.h5,8,1.500000000e-01,-1,7.420624944e-01,main,true,fall,818
ml_samples/N8_sw0.15_x-1_i0039.h5,8,1.500000000e-01,-1,7.420624944e-01,main,true,fall,567
ml_samples/N8_sw0.15_x-1_i0040.h5,8,1.500000000e-01,-1,7.420624944e-01,main,true,fall,328
ml_samples/N8_sw0.15_x-1_i0041.h5,8,1.500000000e-01,-1,7.420624944e-01,main,true,fall,891
ml_samples/N8_sw0.15_x-1_i0042.h5,8,1.500000000e-01,-1,7.420624944e-01,main,true,fall,368
ml_samples/N8_sw0.15_x-1_i0043.h5,8,1.500000000e-01,-1,7.420624944e-01,main,true,fall,1358
ml_samples/N8_sw0.15_x-1_i0044.h5,8,1.500000000e-01,-1,7.420624944e-01,main,true,fall,193
ml_samples/N8_sw0.15_x-1_i0045.h5,8,1.500000000e-01,-1,7.420624944e-01,main,true,fall,1143
ml_samples/N8_sw0.15_x-1_i0046.h5,8,1.500000000e-01,-1,7.420624944e-01,main,true,fall,391
ml_samples/N8_sw0.15_x-1_i0047.h5,8,1.500000000e-01,-1,7.420624944e-01,main,true,fall,449
ml_samples/N8_sw0.15_x-1_i0048.h5,8,1.500000000e-01,-1,7.420624944e-01,main,true,fall,799
ml_samples/N8_sw0.15_x-1_i0049.h5,8,1.500000000e-01,-1,7.420624944e-01,main,true,fall,853
ml_samples/N8_sw0.15_x-1_i0050.h5,8,1.500000000e-01,-1,7.420624944e-01,main,true,fall,976
ml_samples/N8_sw0.15_x-1_i0051.h5,8,1.500000000e-01,-1,7.420624944e-01,main,true,fall,368
ml_samples/N8_sw0.15_x-1_i0052.h5,8,1.500000000e-01,-1,7.420624944e-01,main,true,fall,354
ml_samples/N8_sw0.15_x-1_i0053.h5,8,1.500000000e-01,-1,7.420624944e-01,main,true,fall,247
ml_samples/N8_sw0.15_x-1_i0054.h5,8,1.500000000e-01,-1,7.420624944e-01,main,true,fall,685
ml_samples/N8_sw0.15_x-1_i0055.h5,8,1.500000000e-01,-1,7.420624944e-01,main,true,fall,400
ml_samples/N8_sw0.15_x-1_i0056.h5,8,1.500000000e-01,-1,7.420624944e-01,main,true,fall,1387
ml_samples/N8_sw0.15_x-1_i0057.h5,8,1.500000000e-01,-1,7.420624944e-01,main,true,rise,2385
ml_samples/N8_sw0.15_x-1_i0058.h5,8,1.500000000e-01,-1,7.420624944e-01,main,true,fall,4430
ml_samples/N8_sw0.15_x-1_i0059.h5,8,1.500000000e-01,-1,7.420624944e-01,main,true,fall,168
ml_samples/N8_sw0.15_x-1_i0060.h5,8,1.500000000e-01,-1,7.420624944e-01,main,true,fall,312
ml_samples/N8_sw0.15_x-1_i0061.h5,8,1.500000000e-01,-1,7.420624944e-01,main,true,fall,495
ml_samples/N8_sw0.15_x-1_i0062.h5,8,1.500000000e-01,-1,7.420624944e-01,main,true,fall,284
ml_samples/N8_sw0.15_x-1_i0063.h5,8,1.500000000e-01,-1,7.420624944e-01,main,true,fall,285
ml_samples/N8_sw0.15_x-1_i0064.h5,8,1.500000000e-01,-1,7.420624944e-01,main,true,fall,208
ml_samples/N8_sw0.15_x-1_i0065.h5,8,1.500000000e-01,-1,7.420624944e-01,main,true,fall,1823
ml_samples/N8_sw0.15_x-1_i0066.h5,8,1.500000000e-01,-1,7.420624944e-01,main,true,fall,309
ml_samples/N8_sw0.15_x-1_i0067.h5,8,1.500000000e-01,-1,7.420624944e-01,main,true,rise,1624
ml_samples/N8_sw0.15_x-1_i0068.h5,8,1.500000000e-01,-1,7.420624944e-01,main,true,fall,394
ml_samples/N8_sw0.15_x-1_i0069.h5,8,1.500000000e-01,-1,7.420624944e-01,main,true,fall,310
ml_samples/N8_sw0.15_x-1_i0070.h5,8,1.500000000e-01,-1,7.420624944e-01,main,true,fall,1173
ml_samples/N8_sw0.15_x-1_i0071.h5,8,1.500000000e-01,-1,7.420624944e-01,main,true,fall,258
ml_samples/N8_sw0.15_x-1_i0072.h5,8,1.500000000e-01,-1,7.420624944e-01,main,true,timeout,6001
ml_samples/N8_sw0.15_x-1_i0073.h5,8,1.500000000e-01,-1,7.420624944e-01,main,true,fall,1496
ml_samples/N8_sw0.15_x-1_i0074.h5,8,1.500000000e-01,-1,7.420624944e-01,main,true,fall,881
ml_samples/N8_sw0.15_x-1_i0075.h5,8,1.500000000e-01,-1,7.420624944e-01,main,true,fall,618
ml_samples/N8_sw0.15_x-1_i0076.h5,8,1.500000000e-01,-1,7.420624944e-01,main,true,rise,2014
ml_samples/N8_sw0.15_x-1_i0077.h5,8,1.500000000e-01,-1,7.420624944e-01,main,true,fall,1242
ml_samples/N8_sw0.15_x-1_i0078.h5,8,1.500000000e-01,-1,7.420624944e-01,main,true,rise,5797
ml_samples/N8_sw0.15_x-1_i0079.h5,8,1.500000000e-01,-1,7.420624944e-01,main,true,fall,590
ml_samples/N8_sw0.15_x-1_i0080.h5,8,1.500000000e-01,-1,7.420624944e-01,main,true,fall,257
ml_samples/N8_sw0.15_x-1_i0081.h5,8,1.500000000e-01,-1,7.420624944e-01,main,true,fall,963
ml_samples/N8_sw0.15_x-1_i0082.h5,8,1.500000000e-01,-1,7.420624944e-01,main,true,fall,2275
ml_samples/N8_sw0.15_x-1_i0083.h5,8,1.500000000e-01,-1,7.420624944e-01,main,true,fall,233
ml_samples/N8_sw0.15_x-1_i0084.h5,8,1.500000000e-01,-1,7.420624944e-01,main,true,fall,272
ml_samples/N8_sw0.15_x-1_i0085.h5,8,1.500000000e-01,-1,7.420624944e-01,main,true,fall,619
ml_samples/N8_sw0.15_x-1_i0086.h5,8,1.500000000e-01,-1,7.420624944e-01,main,true,fall,817
ml_samples/N8_sw0.15_x-1_i0087.h5,8,1.500000000e-01,-1,7.420624944e-01,main,true,fall,2272
ml_samples/N8_sw0.15_x-1_i0088.h5,8,1.500000000e-01,-1,7.420624944e-01,main,true,fall,3004
ml_samples/N8_sw0.15_x-1_i0089.h5,8,1.500000000e-01,-1,7.420624944e-01,main,true,fall,2109
ml_samples/N8_sw0.15_x-1_i0090.h5,8,1.500000000e-01,-1,7.420624944e-01,main,true,fall,218
ml_samples/N8_sw0.15_x-1_i0091.h5,8,1.500000000e-01,-1,7.420624944e-01,main,true,fall,838
ml_samples/N8_sw0.15_x-1_i0092.h5,8,1.500000000e-01,-1,7.420624944e-01,main,true,fall,830
ml_samples/N8_sw0.15_x-1_i0093.h5,8,1.500000000e-01,-1,7.420624944e-01,main,true,fall,1082
ml_samples/N8_sw0.15_x-1_i0094.h5,8,1.500000000e-01,-1,7.420624944e-01,main,true,fall,864
ml_samples/N8_sw0.15_x-1_i0095.h5,8,1.500000000e-01,-1,7.420624944e-01,main,true,fall,355
ml_samples/N8_sw0.15_x-1_i0096.h5,8,1.500000000e-01,-1,7.420624944e-01,main,true,fall,739
ml_samples/N8_sw0.15_x-1_i0097.h5,8,1.500000000e-01,-1,7.420624944e-01,main,true,fall,1771
ml_samples/N8_sw0.15_x-1_i0098.h5,8,1.500000000e-01,-1,7.420624944e-01,main,true,fall,247
ml_samples/N8_sw0.15_x-1_i0099.h5,8,1.500000000e-01,-1,7.420624944e-01,main,true,fall,838
ml_samples/N8_sw0.15_x-1_i0100.h5,8,1.500000000e-01,-1,7.420624944e-01,main,true,fall,342
ml_samples/N8_sw0.15_x-1_i0101.h5,8,1.500000000e-01,-1,7.420624944e-01,main,true,fall,3764
ml_samples/N8_sw0.15_x-1_i0102.h5,8,1.500000000e-01,-1,7.420624944e-01,main,true,timeout,6001
ml_samples/N8_sw0.15_x-1_i0103.h5,8,1.500000000e-01,-1,7.420624944e-01,main,true,fall,1045
ml_samples/N8_sw0.15_x-1_i0104.h5,8,1.500000000e-01,-1,7.420624944e-01,main,true,fall,797
ml_samples/N8_sw0.15_x-1_i0105.h5,8,1.500000000e-01,-1,7.420624944e-01,main,true,fall,1871
ml_samples/N8_sw0.15_x-1_i0106.h5,8,1.500000000e-01,-1,7.420624944e-01,main,true,fall,5272
ml_samples/N8_sw0.15_x-1_i0107.h5,8,1.500000000e-01,-1,7.420624944e-01,main,true,fall,380
ml_samples/N8_sw0.15_x-1_i0108.h5,8,1.500000000e-01,-1,7.420624944e-01,main,true,fall,534
ml_samples/N8_sw0.15_x-1_i0109.h5,8,1.500000000e-01,-1,7.420624944e-01,main,true,fall,295
ml_samples/N8_sw0.15_x-1_i0110.h5,8,1.500000000e-01,-1,7.420624944e-01,main,true,fall,421
ml_samples/N8_sw0.15_x-1_i0111.h5,8,1.500000000e-01,-1,7.420624944e-01,main,true,fall,245
ml_samples/N8_sw0.15_x-1_i0112.h5,8,1.500000000e-01,-1,7.420624944e-01,main,true,timeout,6001
ml_samples/N8_sw0.15_x-1_i0113.h5,8,1.500000000e-01,-1,7.420624944e-01,main,true,fall,383
ml_samples/N8_sw0.15_x-1_i0114.h5,8,1.500000000e-01,-1,7.420624944e-01,main,true,fall,398
ml_samples/N8_sw0.15_x-1_i0115.h5,8,1.500000000e-01,-1,7.420624944e-01,main,true,fall,639
ml_samples/N8_sw0.15_x-1_i0116.h5,8,1.500000000e-01,-1,7.420624944e-01,main,true,fall,1000
ml_samples/N8_sw0.15_x-1_i0117.h5,8,1.500000000e-01,-1,7.420624944e-01,main,true,fall,254
ml_samples/N8_sw0.15_x-1_i0118.h5,8,1.500000000e-01,-1,7.420624944e-01,main,true,fall,2087
ml_samples/N8_sw0.15_x-1_i0119.h5,8,1.500000000e-01,-1,7.420624944e-01,main,true,fall,284
ml_samples/N8_sw0.15_x-1_i0120.h5,8,1.500000000e-01,-1,7.420624944e-01,main,true,fall,1467
ml_samples/N8_sw0.15_x-1_i0121.h5,8,1.500000000e-01,-1,7.420624944e-01,main,true,fall,1488
ml_samples/N8_sw0.15_x-1_i0122.h5,8,1.500000000e-01,-1,7.420624944e-01,main,true,fall,1070
ml_samples/N8_sw0.15_x-1_i0123.h5,8,1.500000000e-01,-1,7.420624944e-01,main,true,fall,333
ml_samples/N8_sw0.15_x-1_i0124.h5,8,1.500000000e-01,-1,7.420624944e-01,main,true,timeout,6001
ml_samples/N8_sw0.15_x-1_i0125.h5,8,1.500000000e-01,-1,7.420624944e-01,main,true,fall,167
ml_samples/N8_sw0.15_x-1_i0126.h5,8,1.500000000e-01,-1,7.420624944e-01,main,true,fall,618
ml_samples/N8_sw0.15_x-1_i0127.h5,8,1.500000000e-01,-1,7.420624944e-01,main,true,fall,240
ml_samples/N8_sw0.15_x-1_i0128.h5,8,1.500000000e-01,-1,7.420624944e-01,main,true,fall,244
ml_samples/N8_sw0.15_x-1_i0129.h5,8,1.500000000e-01,-1,7.420624944e-01,main,true,fall,840
ml_samples/N8_sw0.15_x-1_i0130.h5,8,1.500000000e-01,-1,7.420624944e-01,main,true,fall,390
ml_samples/N8_sw0.15_x-1_i0131.h5,8,1.500000000e-01,-1,7.420624944e-01,main,true,fall,572
ml_samples/N8_sw0.15_x-1_i0132.h5,8,1.500000000e-01,-1,7.420624944e-01,main,true,fall,1539
ml_samples/N8_sw0.15_x-1_i0133.h5,8,1.500000000e-01,-1,7.420624944e-01,main,true,rise,1204
ml_samples/N8_sw0.15_x-1_i0134.h5,8,1.500000000e-01,-1,7.420624944e-01,main,true,fall,2085
ml_samples/N8_sw0.15_x-1_i0135.h5,8,1.500000000e-01,-1,7.420624944e-01,main,true,fall,402
ml_samples/N8_sw0.15_x-1_i0136.h5,8,1.500000000e-01,-1,7.420624944e-01,main,true,fall,100
ml_samples/N8_sw0.15_x-1_i0137.h5,8,1.500000000e-01,-1,7.420624944e-01,main,true,fall,384
ml_samples/N8_sw0.15_x-1_i0138.h5,8,1.500000000e-01,-1,7.420624944e-01,main,true,fall,930
ml_samples/N8_sw0.15_x-1_i0139.h5,8,1.500000000e-01,-1,7.420624944e-01,main,true,fall,2301
ml_samples/N8_sw0.15_x-1_i0140.h5,8,1.500000000e-01,-1,7.420624944e-01,main,true,fall,1925
ml_samples/N8_sw0.15_x-1_i0141.h5,8,1.500000000e-01,-1,7.420624944e-01,main,true,fall,1141
ml_samples/N8_sw0.15_x-1_i0142.h5,8,1.500000000e-01,-1,7.420624944e-01,main,true,fall,3978
ml_samples/N8_sw0.15_x-1_i0143.h5,8,1.500000000e-01,-1,7.420624944e-01,main,true,fall,1511
ml_samples/N8_sw0.15_x-1_i0144.h5,8,1.500000000e-01,-1,7.420624944e-01,main,true,fall,1981
ml_samples/N8_sw0.15_x-1_i0145.h5,8,1.500000000e-01,-1,7.420624944e-01,main,true,fall,377
ml_samples/N8_sw0.15_x-1_i0146.h5,8,1.500000000e-01,-1,7.420624944e-01,main,true,fall,529
ml_samples/N8_sw0.15_x-1_i0147.h5,8,1.500000000e-01,-1,7.420624944e-01,main,true,fall,2079
ml_samples/N8_sw0.15_x-1_i0148.h5,8,1.500000000e-01,-1,7.420624944e-01,main,true,fall,188
ml_samples/N8_sw0.15_x-1_i0149.h5,8,1.500000000e-01,-1,7.420624944e-01,main,true,rise,2627
ml_samples/N8_sw0.15_x-1_i0150.h5,8,1.500000000e-01,-1,7.420624944e-01,main,true,fall,2774
ml_samples/N8_sw0.15_x-1_i0151.h5,8,1.500000000e-01,-1,7.420624944e-01,main,true,fall,1295
ml_samples/N8_sw0.15_x-1_i0152.h5,8,1.500000000e-01,-1,7.420624944e-01,main,true,fall,2490
ml_samples/N8_sw0.15_x-1_i0153.h5,8,1.500000000e-01,-1,7.420624944e-01,main,true,fall,279
ml_samples/N8_sw0.15_x-1_i0154.h5,8,1.500000000e-01,-1,7.420624944e-01,main,true,fall,373
ml_samples/N8_sw0.15_x-1_i0155.h5,8,1.500000000e-01,-1,7.420624944e-01,main,true,fall,400
ml_samples/N8_sw0.15_x-1_i0156.h5,8,1.500000000e-01,-1,7.420624944e-01,main,true,fall,423
ml_samples/N8_sw0.15_x-1_i0157.h5,8,1.500000000e-01,-1,7.420624944e-01,main,true,fall,313
ml_samples/N8_sw0.15_x-1_i0158.h5,8,1.500000000e-01,-1,7.420624944e-01,main,true,fall,358
ml_samples/N8_sw0.15_x-1_i0159.h5,8,1.500000000e-01,-1,7.420624944e-01,main,true,fall,760
ml_samples/N8_sw0.15_x-1_i0160.h5,8,1.500000000e-01,-1,7.420624944e-01,main,true,fall,2349
ml_samples/N8_sw0.15_x-1_i0161.h5,8,1.500000000e-01,-1,7.420624944e-01,main,true,fall,211
ml_samples/N8_sw0.15_x-1_i0162.h5,8,1.500000000e-01,-1,7.420624944e-01,main,true,fall,258
ml_samples/N8_sw0.15_x-1_i0163.h5,8,1.500000000e-01,-1,7.420624944e-01,main,true,fall,2822
ml_samples/N8_sw0.15_x-1_i0164.h5,8,1.500000000e-01,-1,7.420624944e-01,main,true,fall,1388
ml_samples/N8_sw0.15_x-1_i0165.h5,8,1.500000000e-01,-1,7.420624944e-01,main,true,fall,346
ml_samples/N8_sw0.15_x-1_i0166.h5,8,1.500000000e-01,-1,7.420624944e-01,main,true,rise,1142
ml_samples/N8_sw0.15_x-1_i0167.h5,8,1.500000000e-01,-1,7.420624944e-01,main,true,fall,426
ml_samples/N8_sw0.15_x-1_i0168.h5,8,1.500000000e-01,-1,7.420624944e-01,main,true,fall,2893
ml_samples/N8_sw0.15_x-1_i0169.h5,8,1.500000000e-01,-1,7.420624944e-01,main,true,fall,1482
ml_samples/N8_sw0.15_x-1_i0170.h5,8,1.500000000e-01,-1,7.420624944e-01,main,true,fall,2084
ml_samples/N8_sw0.15_x-1_i0171.h5,8,1.500000000e-01,-1,7.420624944e-01,main,true,timeout,6001
ml_samples/N8_sw0.15_x-1_i0172.h5,8,1.500000000e-01,-1,7.420624944e-01,main,true,fall,864
ml_samples/N8_sw0.15_x-1_i0173.h5,8,1.500000000e-01,-1,7.420624944e-01,main,true,fall,1731
ml_samples/N8_sw0.15_x-1_i0174.h5,8,1.500000000e-01,-1,7.420624944e-01,main,true,rise,3957
ml_samples/N8_sw0.15_x-1_i0175.h5,8,1.500000000e-01,-1,7.420624944e-01,main,true,fall,765
ml_samples/N8_sw0.15_x-1_i0176.h5,8,1.500000000e-01,-1,7.420624944e-01,main,true,fall,2398
ml_samples/N8_sw0.15_x-1_i0177.h5,8,1.500000000e-01,-1,7.420624944e-01,main,true,rise,1308
ml_samples/N8_sw0.15_x-1_i0178.h5,8,1.500000000e-01,-1,7.420624944e-01,main,true,fall,438
ml_samples/N8_sw0.15_x-1_i0179.h5,8,1.500000000e-01,-1,7.420624944e-01,main,true,fall,219
ml_samples/N8_sw0.15_x-1_i0180.h5,8,1.500000000e-01,-1,7.420624944e-01,main,true,fall,379
ml_samples/N8_sw0.15_x-1_i0181.h5,8,1.500000000e-01,-1,7.420624944e-01,main,true,fall,152
ml_samples/N8_sw0.15_x-1_i0182.h5,8,1.500000000e-01,-1,7.420624944e-01,main,true,fall,1357
ml_samples/N8_sw0.15_x-1_i0183.h5,8,1.500000000e-01,-1,7.420624944e-01,main,true,fall,3447
ml_samples/N8_sw0.15_x-1_i0184.h5,8,1.500000000e-01,-1,7.420624944e-01,main,true,fall,214
ml_samples/N8_sw0.15_x-1_i0185.h5,8,1.500000000e-01,-1,7.420624944e-01,main,true,fall,597
ml_samples/N8_sw0.15_x-1_i0186.h5,8,1.500000000e-01,-1,7.420624944e-01,main,true,fall,570
ml_samples/N8_sw0.15_x-1_i0187.h5,8,1.500000000e-01,-1,7.420624944e-01,main,true,fall,196
ml_samples/N8_sw0.15_x-1_i0188.h5,8,1.500000000e-01,-1,7.420624944e-01,main,true,fall,365
ml_samples/N8_sw0.15_x-1_i0189.h5,8,1.500000000e-01,-1,7.420624944e-01,main,true,fall,989
ml_samples/N8_sw0.15_x-1_i0190.h5,8,1.500000000e-01,-1,7.420624944e-01,main,true,fall,442
ml_samples/N8_sw0.15_x-1_i0191.h5,8,1.500000000e-01,-1,7.420624944e-01,main,true,fall,1065
ml_samples/N8_sw0.15_x-1_i0192.h5,8,1.500000000e-01,-1,7.420624944e-01,main,true,fall,161
ml_samples/N8_sw0.15_x-1_i0193.h5,8,1.500000000e-01,-1,7.420624944e-01,main,true,fall,413
ml_samples/N8_sw0.15_x-1_i0194.h5,8,1.500000000e-01,-1,7.420624944e-01,main,true,fall,1441
ml_samples/N8_sw0.15_x-1_i0195.h5,8,1.500000000e-01,-1,7.420624944e-01,main,true,fall,2745
ml_samples/N8_sw0.15_x-1_i0196.h5,8,1.500000000e-01,-1,7.420624944e-01,main,true,fall,614
ml_samples/N8_sw0.15_x-1_i0197.h5,8,1.500000000e-01,-1,7.420624944e-01,main,true,fall,596
ml_samples/N8_sw0.15_x-1_i0198.h5,8,1.500000000e-01,-1,7.420624944e-01,main,true,fall,408
ml_samples/N8_sw0.15_x-1_i0199.h5,8,1.500000000e-01,-1,7.420624944e-01,main,true,fall,348
ml_samples/N8_sw0.15_x+0_i0000.h5,8,1.500000000e-01,0,1.000000000e+00,main,true,timeout,6001
ml_samples/N8_sw0.15_x+0_i0001.h5,8,1.500000000e-01,0,1.000000000e+00,main,true,fall,493
ml_samples/N8_sw0.15_x+0_i0002.h5,8,1.500000000e-01,0,1.000000000e+00,main,true,fall,2259
ml_samples/N8_sw0.15_x+0_i0003.h5,8,1.500000000e-01,0,1.000000000e+00,main,true,fall,268
ml_samples/N8_sw0.15_x+0_i0004.h5,8,1.500000000e-01,0,1.000000000e+00,main,true,fall,1152
ml_samples/N8_sw0.15_x+0_i0005.h5,8,1.500000000e-01,0,1.000000000e+00,main,true,fall,257
ml_samples/N8_sw0.15_x+0_i0006.h5,8,1.500000000e-01,0,1.000000000e+00,main,true,rise,941
ml_samples/N8_sw0.15_x+0_i0007.h5,8,1.500000000e-01,0,1.000000000e+00,main,true,fall,522
ml_samples/N8_sw0.15_x+0_i0008.h5,8,1.500000000e-01,0,1.000000000e+00,main,true,rise,2063
ml_samples/N8_sw0.15_x+0_i0009.h5,8,1.500000000e-01,0,1.000000000e+00,main,true,fall,4823
ml_samples/N8_sw0.15_x+0_i0010.h5,8,1.500000000e-01,0,1.000000000e+00,main,true,fall,679
ml_samples/N8_sw0.15_x+0_i0011.h5,8,1.500000000e-01,0,1.000000000e+00,main,true,fall,647
ml_samples/N8_sw0.15_x+0_i0012.h5,8,1.500000000e-01,0,1.000000000e+00,main,true,timeout,6001
ml_samples/N8_sw0.15_x+0_i0013.h5,8,1.500000000e-01,0,1.000000000e+00,main,true,rise,2145
ml_samples/N8_sw0.15_x+0_i0014.h5,8,1.500000000e-01,0,1.000000000e+00,main,true,fall,1482
ml_samples/N8_sw0.15_x+0_i0015.h5,8,1.500000000e-01,0,1.000000000e+00,main,true,fall,273
ml_samples/N8_sw0.15_x+0_i0016.h5,8,1.500000000e-01,0,1.000000000e+00,main,true,fall,636
ml_samples/N8_sw0.15_x+0_i0017.h5,8,1.500000000e-01,0,1.000000000e+00,main,true,timeout,6001
ml_samples/N8_sw0.15_x+0_i0018.h5,8,1.500000000e-01,0,1.000000000e+00,main,true,rise,2243
ml_samples/N8_sw0.15_x+0_i0019.h5,8,1.500000000e-01,0,1.000000000e+00,main,true,fall,231
ml_samples/N8_sw0.15_x+0_i0020.h5,8,1.500000000e-01,0,1.000000000e+00,main,true,timeout,6001
ml_samples/N8_sw0.15_x+0_i0021.h5,8,1.500000000e-01,0,1.000000000e+00,main,true,fall,2917
ml_samples/N8_sw0.15_x+0_i0022.h5,8,1.500000000e-01,0,1.000000000e+00,main,true,fall,1466
ml_samples/N8_sw0.15_x+0_i0023.h5,8,1.500000000e-01,0,1.000000000e+00,main,true,fall,2625
ml_samples/N8_sw0.15_x+0_i0024.h5,8,1.500000000e-01,0,1.000000000e+00,main,true,fall,3493
ml_samples/N8_sw0.15_x+0_i0025.h5,8,1.500000000e-01,0,1.000000000e+00,main,true,rise,3802
ml_samples/N8_sw0.15_x+0_i0026.h5,8,1.500000000e-01,0,1.000000000e+00,main,true,fall,178
ml_samples/N8_sw0.15_x+0_i0027.h5,8,1.500000000e-01,0,1.000000000e+00,main,true,fall,295
ml_samples/N8_sw0.15_x+0_i0028.h5,8,1.500000000e-01,0,1.000000000e+00,main,true,fall,1028
ml_samples/N8_sw0.15_x+0_i0029.h5,8,1.500000000e-01,0,1.000000000e+00,main,true,rise,2305
ml_samples/N8_sw0.15_x+0_i0030.h5,8,1.500000000e-01,0,1.000000000e+00,main,true,timeout,6001
ml_samples/N8_sw0.15_x+0_i0031.h5,8,1.500000000e-01,0,1.000000000e+00,main,true,fall,286
ml_samples/N8_sw0.15_x+0_i0032.h5,8,1.500000000e-01,0,1.000000000e+00,main,true,fall,610
ml_samples/N8_sw0.15_x+0_i0033.h5,8,1.500000000e-01,0,1.000000000e+00,main,true,rise,1160
ml_samples/N8_sw0.15_x+0_i0034.h5,8,1.500000000e-01,0,1.000000000e+00,main,true,fall,1806
ml_samples/N8_sw0.15_x+0_i0035.h5,8,1.500000000e-01,0,1.000000000e+00,main,true,rise,3721
ml_samples/N8_sw0.15_x+0_i0036.h5,8,1.500000000e-01,0,1.000000000e+00,main,true,rise,1072
ml_samples/N8_sw0.15_x+0_i0037.h5,8,1.500000000e-01,0,1.000000000e+00,main,true,rise,3425
ml_samples/N8_sw0.15_x+0_i0038.h5,8,1.500000000e-01,0,1.000000000e+00,main,true,rise,1436
ml_samples/N8_sw0.15_x+0_i0039.h5,8,1.500000000e-01,0,1.000000000e+00,main,true,rise,1703
ml_samples/N8_sw0.15_x+0_i0040.h5,8,1.500000000e-01,0,1.000000000e+00,main,true,fall,2273
ml_samples/N8_sw0.15_x+0_i0041.h5,8,1.500000000e-01,0,1.000000000e+00,main,true,fall,699
ml_samples/N8_sw0.15_x+0_i0042.h5,8,1.500000000e-01,0,1.000000000e+00,main,true,fall,2251
ml_samples/N8_sw0.15_x+0_i0043.h5,8,1.500000000e-01,0,1.000000000e+00,main,true,fall,869
ml_samples/N8_sw0.15_x+0_i0044.h5,8,1.500000000e-01,0,1.000000000e+00,main,true,rise,2806
ml_samples/N8_sw0.15_x+0_i0045.h5,8,1.500000000e-01,0,1.000000000e+00,main,true,rise,678
ml_samples/N8_sw0.15_x+0_i0046.h5,8,1.500000000e-01,0,1.000000000e+00,main,true,fall,1026
ml_samples/N8_sw0.15_x+0_i0047.h5,8,1.500000000e-01,0,1.000000000e+00,main,true,fall,431
ml_samples/N8_sw0.15_x+0_i0048.h5,8,1.500000000e-01,0,1.000000000e+00,main,true,fall,487
ml_samples/N8_sw0.15_x+0_i0049.h5,8,1.500000000e-01,0,1.000000000e+00,main,true,fall,125
ml_samples/N8_sw0.15_x+0_i0050.h5,8,1.500000000e-01,0,1.000000000e+00,main,true,fall,3431
ml_samples/N8_sw0.15_x+0_i0051.h5,8,1.500000000e-01,0,1.000000000e+00,main,true,rise,1125
ml_samples/N8_sw0.15_x+0_i0052.h5,8,1.500000000e-01,0,1.000000000e+00,main,true,fall,1076
ml_samples/N8_sw0.15_x+0_i0053.h5,8,1.500000000e-01,0,1.000000000e+00,main,true,rise,5394
ml_samples/N8_sw0.15_x+0_i0054.h5,8,1.500000000e-01,0,1.000000000e+00,main,true,rise,1941
ml_samples/N8_sw0.15_x+0_i0055.h5,8,1.500000000e-01,0,1.000000000e+00,main,true,fall,2079
ml_samples/N8_sw0.15_x+0_i0056.h5,8,1.500000000e-01,0,1.000000000e+00,main,true,fall,1435
ml_samples/N8_sw0.15_x+0_i0057.h5,8,1.500000000e-01,0,1.000000000e+00,main,true,fall,5312
ml_samples/N8_sw0.15_x+0_i0058.h5,8,1.500000000e-01,0,1.000000000e+00,main,true,rise,1617
ml_samples/N8_sw0.15_x+0_i0059.h5,8,1.500000000e-01,0,1.000000000e+00,main,true,fall,767
ml_samples/N8_sw0.15_x+0_i0060.h5,8,1.500000000e-01,0,1.000000000e+00,main,true,rise,3933
ml_samples/N8_sw0.15_x+0_i0061.h5,8,1.500000000e-01,0,1.000000000e+00,main,true,fall,433
ml_samples/N8_sw0.15_x+0_i0062.h5,8,1.500000000e-01,0,1.000000000e+00,main,true,fall,1422
ml_samples/N8_sw0.15_x+0_i0063.h5,8,1.500000000e-01,0,1.000000000e+00,main,true,fall,1435
ml_samples/N8_sw0.15_x+0_i0064.h5,8,1.500000000e-01,0,1.000000000e+00,main,true,fall,610
ml_samples/N8_sw0.15_x+0_i0065.h5,8,1.500000000e-01,0,1.000000000e+00,main,true,rise,1191
ml_samples/N8_sw0.15_x+0_i0066.h5,8,1.500000000e-01,0,1.000000000e+00,main,true,fall,1261
ml_samples/N8_sw0.15_x+0_i0067.h5,8,1.500000000e-01,0,1.000000000e+00,main,true,fall,452
ml_samples/N8_sw0.15_x+0_i0068.h5,8,1.500000000e-01,0,1.000000000e+00,main,true,fall,3425
ml_samples/N8_sw0.15_x+0_i0069.h5,8,1.500000000e-01,0,1.000000000e+00,main,true,rise,1395
ml_samples/N8_sw0.15_x+0_i0070.h5,8,1.500000000e-01,0,1.000000000e+00,main,true,fall,352
ml_samples/N8_sw0.15_x+0_i0071.h5,8,1.500000000e-01,0,1.000000000e+00,main,true,fall,566
ml_samples/N8_sw0.15_x+0_i0072.h5,8,1.500000000e-01,0,1.000000000e+00,main,true,fall,367
ml_samples/N8_sw0.15_x+0_i0073.h5,8,1.500000000e-01,0,1.000000000e+00,main,true,fall,2040
ml_samples/N8_sw0.15_x+0_i0074.h5,8,1.500000000e-01,0,1.000000000e+00,main,true,fall,5214
ml_samples/N8_sw0.15_x+0_i0075.h5,8,1.500000000e-01,0,1.000000000e+00,main,true,fall,731
ml_samples/N8_sw0.15_x+0_i0076.h5,8,1.500000000e-01,0,1.000000000e+00,main,true,rise,4869
ml_samples/N8_sw0.15_x+0_i0077.h5,8,1.500000000e-01,0,1.000000000e+00,main,true,fall,1584
ml_samples/N8_sw0.15_x+0_i0078.h5,8,1.500000000e-01,0,1.000000000e+00,main,true,fall,4488
ml_samples/N8_sw0.15_x+0_i0079.h5,8,1.500000000e-01,0,1.000000000e+00,main,true,fall,429
ml_samples/N8_sw0.15_x+0_i0080.h5,8,1.500000000e-01,0,1.000000000e+00,main,true,rise,3434
ml_samples/N8_sw0.15_x+0_i0081.h5,8,1.500000000e-01,0,1.000000000e+00,main,true,fall,364
ml_samples/N8_sw0.15_x+0_i0082.h5,8,1.500000000e-01,0,1.000000000e+00,main,true,rise,1974
ml_samples/N8_sw0.15_x+0_i0083.h5,8,1.500000000e-01,0,1.000000000e+00,main,true,fall,530
ml_samples/N8_sw0.15_x+0_i0084.h5,8,1.500000000e-01,0,1.000000000e+00,main,true,rise,1585
ml_samples/N8_sw0.15_x+0_i0085.h5,8,1.500000000e-01,0,1.000000000e+00,main,true,fall,4146
ml_samples/N8_sw0.15_x+0_i0086.h5,8,1.500000000e-01,0,1.000000000e+00,main,true,rise,4354
ml_samples/N8_sw0.15_x+0_i0087.h5,8,1.500000000e-01,0,1.000000000e+00,main,true,rise,2377
ml_samples/N8_sw0.15_x+0_i0088.h5,8,1.500000000e-01,0,1.000000000e+00,main,true,fall,3396
ml_samples/N8_sw0.15_x+0_i0089.h5,8,1.500000000e-01,0,1.000000000e+00,main,true,fall,344
ml_samples/N8_sw0.15_x+0_i0090.h5,8,1.500000000e-01,0,1.000000000e+00,main,true,fall,584
ml_samples/N8_sw0.15_x+0_i0091.h5,8,1.500000000e-01,0,1.000000000e+00,main,true,fall,2991
ml_samples/N8_sw0.15_x+0_i0092.h5,8,1.500000000e-01,0,1.000000000e+00,main,true,rise,2123
ml_samples/N8_sw0.15_x+0_i0093.h5,8,1.500000000e-01,0,1.000000000e+00,main,true,fall,662
ml_samples/N8_sw0.15_x+0_i0094.h5,8,1.500000000e-01,0,1.000000000e+00,main,true,fall,360
ml_samples/N8_sw0.15_x+0_i0095.h5,8,1.500000000e-01,0,1.000000000e+00,main,true,rise,1448
ml_samples/N8_sw0.15_x+0_i0096.h5,8,1.500000000e-01,0,1.000000000e+00,main,true,rise,4125
ml_samples/N8_sw0.15_x+0_i0097.h5,8,1.500000000e-01,0,1.000000000e+00,main,true,fall,1243
ml_samples/N8_sw0.15_x+0_i0098.h5,8,1.500000000e-01,0,1.000000000e+00,main,true,rise,1197
ml_samples/N8_sw0.15_x+0_i0099.h5,8,1.500000000e-01,0,1.000000000e+00,main,true,fall,282
ml_samples/N8_sw0.15_x+0_i0100.h5,8,1.500000000e-01,0,1.000000000e+00,main,true,rise,1098
ml_samples/N8_sw0.15_x+0_i0101.h5,8,1.500000000e-01,0,1.000000000e+00,main,true,rise,616
ml_samples/N8_sw0.15_x+0_i0102.h5,8,1.500000000e-01,0,1.000000000e+00,main,true,rise,4058
ml_samples/N8_sw0.15_x+0_i0103.h5,8,1.500000000e-01,0,1.000000000e+00,main,true,fall,1921
ml_samples/N8_sw0.15_x+0_i0104.h5,8,1.500000000e-01,0,1.000000000e+00,main,true,fall,445
ml_samples/N8_sw0.15_x+0_i0105.h5,8,1.500000000e-01,0,1.000000000e+00,main,true,fall,1434
ml_samples/N8_sw0.15_x+0_i0106.h5,8,1.500000000e-01,0,1.000000000e+00,main,true,fall,248
ml_samples/N8_sw0.15_x+0_i0107.h5,8,1.500000000e-01,0,1.000000000e+00,main,true,rise,1074
ml_samples/N8_sw0.15_x+0_i0108.h5,8,1.500000000e-01,0,1.000000000e+00,main,true,fall,819
ml_samples/N8_sw0.15_x+0_i0109.h5,8,1.500000000e-01,0,1.000000000e+00,main,true,fall,899
ml_samples/N8_sw0.15_x+0_i0110.h5,8,1.500000000e-01,0,1.000000000e+00,main,true,fall,670
ml_samples/N8_sw0.15_x+0_i0111.h5,8,1.500000000e-01,0,1.000000000e+00,main,true,fall,3984
ml_samples/N8_sw0.15_x+0_i0112.h5,8,1.500000000e-01,0,1.000000000e+00,main,true,fall,725
ml_samples/N8_sw0.15_x+0_i0113.h5,8,1.500000000e-01,0,1.000000000e+00,main,true,fall,2548
ml_samples/N8_sw0.15_x+0_i0114.h5,8,1.500000000e-01,0,1.000000000e+00,main,true,fall,348
ml_samples/N8_sw0.15_x+0_i0115.h5,8,1.500000000e-01,0,1.000000000e+00,main,true,fall,788
ml_samples/N8_sw0.15_x+0_i0116.h5,8,1.500000000e-01,0,1.000000000e+00,main,true,fall,1074
ml_samples/N8_sw0.15_x+0_i0117.h5,8,1.500000000e-01,0,1.000000000e+00,main,true,fall,2943
ml_samples/N8_sw0.15_x+0_i0118.h5,8,1.500000000e-01,0,1.000000000e+00,main,true,rise,2153
ml_samples/N8_sw0.15_x+0_i0119.h5,8,1.500000000e-01,0,1.000000000e+00,main,true,fall,603
ml_samples/N8_sw0.15_x+0_i0120.h5,8,1.500000000e-01,0,1.000000000e+00,main,true,fall,1399
ml_samples/N8_sw0.15_x+0_i0121.h5,8,1.500000000e-01,0,1.000000000e+00,main,true,fall,4003
ml_samples/N8_sw0.15_x+0_i0122.h5,8,1.500000000e-01,0,1.000000000e+00,main,true,rise,3759
ml_samples/N8_sw0.15_x+0_i0123.h5,8,1.500000000e-01,0,1.000000000e+00,main,true,rise,2233
ml_samples/N8_sw0.15_x+0_i0124.h5,8,1.500000000e-01,0,1.000000000e+00,main,true,fall,1604
ml_samples/N8_sw0.15_x+0_i0125.h5,8,1.500000000e-01,0,1.000000000e+00,main,true,fall,459
ml_samples/N8_sw0.15_x+0_i0126.h5,8,1.500000000e-01,0,1.000000000e+00,main,true,fall,840
ml_samples/N8_sw0.15_x+0_i0127.h5,8,1.500000000e-01,0,1.000000000e+00,main,true,fall,272
ml_samples/N8_sw0.15_x+0_i0128.h5,8,1.500000000e-01,0,1.000000000e+00,main,true,rise,4028
ml_samples/N8_sw0.15_x+0_i0129.h5,8,1.500000000e-01,0,1.000000000e+00,main,true,fall,846
ml_samples/N8_sw0.15_x+0_i0130.h5,8,1.500000000e-01,0,1.000000000e+00,main,true,timeout,6001
ml_samples/N8_sw0.15_x+0_i0131.h5,8,1.500000000e-01,0,1.000000000e+00,main,true,fall,1265
ml_samples/N8_sw0.15_x+0_i0132.h5,8,1.500000000e-01,0,1.000000000e+00,main,true,rise,2021
ml_samples/N8_sw0.15_x+0_i0133.h5,8,1.500000000e-01,0,1.000000000e+00,main,true,fall,177
ml_samples/N8_sw0.15_x+0_i0134.h5,8,1.500000000e-01,0,1.000000000e+00,main,true,fall,664
ml_samples/N8_sw0.15_x+0_i0135.h5,8,1.500000000e-01,0,1.000000000e+00,main,true,rise,3130
ml_samples/N8_sw0.15_x+0_i0136.h5,8,1.500000000e-01,0,1.000000000e+00,main,true,fall,864
ml_samples/N8_sw0.15_x+0_i0137.h5,8,1.500000000e-01,0,1.000000000e+00,main,true,fall,185
ml_samples/N8_sw0.15_x+0_i0138.h5,8,1.500000000e-01,0,1.000000000e+00,main,true,fall,639
ml_samples/N8_sw0.15_x+0_i0139.h5,8,1.500000000e-01,0,1.000000000e+00,main,true,rise,1126
ml_samples/N8_sw0.15_x+0_i0140.h5,8,1.500000000e-01,0,1.000000000e+00,main,true,fall,468
ml_samples/N8_sw0.15_x+0_i0141.h5,8,1.500000000e-01,0,1.000000000e+00,main,true,fall,1192
ml_samples/N8_sw0.15_x+0_i0142.h5,8,1.500000000e-01,0,1.000000000e+00,main,true,fall,1548
ml_samples/N8_sw0.15_x+0_i0143.h5,8,1.500000000e-01,0,1.000000000e+00,main,true,rise,5113
ml_samples/N8_sw0.15_x+0_i0144.h5,8,1.500000000e-01,0,1.000000000e+00,main,true,fall,694
ml_samples/N8_sw0.15_x+0_i0145.h5,8,1.500000000e-01,0,1.000000000e+00,main,true,fall,3422
ml_samples/N8_sw0.15_x+0_i0146.h5,8,1.500000000e-01,0,1.000000000e+00,main,true,fall,231
ml_samples/N8_sw0.15_x+0_i0147.h5,8,1.500000000e-01,0,1.000000000e+00,main,true,fall,401
ml_samples/N8_sw0.15_x+0_i0148.h5,8,1.500000000e-01,0,1.000000000e+00,main,true,rise,2492
ml_samples/N8_sw0.15_x+0_i0149.h5,8,1.500000000e-01,0,1.000000000e+00,main,true,rise,1281
ml_samples/N8_sw0.15_x+0_i0150.h5,8,1.500000000e-01,0,1.000000000e+00,main,true,fall,1275
ml_samples/N8_sw0.15_x+0_i0151.h5,8,1.500000000e-01,0,1.000000000e+00,main,true,fall,1471
ml_samples/N8_sw0.15_x+0_i0152.h5,8,1.500000000e-01,0,1.000000000e+00,main,true,rise,1360
ml_samples/N8_sw0.15_x+0_i0153.h5,8,1.500000000e-01,0,1.000000000e+00,main,true,rise,4815
ml_samples/N8_sw0.15_x+0_i0154.h5,8,1.500000000e-01,0,1.000000000e+00,main,true,rise,1816
ml_samples/N8_sw0.15_x+0_i0155.h5,8,1.500000000e-01,0,1.000000000e+00,main,true,fall,220
ml_samples/N8_sw0.15_x+0_i0156.h5,8,1.500000000e-01,0,1.000000000e+00,main,true,rise,1682
ml_samples/N8_sw0.15_x+0_i0157.h5,8,1.500000000e-01,0,1.000000000e+00,main,true,rise,1021
ml_samples/N8_sw0.15_x+0_i0158.h5,8,1.500000000e-01,0,1.000000000e+00,main,true,fall,277
ml_samples/N8_sw0.15_x+0_i0159.h5,8,1.500000000e-01,0,1.000000000e+00,main,true,rise,1326
ml_samples/N8_sw0.15_x+0_i0160.h5,8,1.500000000e-01,0,1.000000000e+00,main,true,fall,164
ml_samples/N8_sw0.15_x+0_i0161.h5,8,1.500000000e-01,0,1.000000000e+00,main,true,fall,3523
ml_samples/N8_sw0.15_x+0_i0162.h5,8,1.500000000e-01,0,1.000000000e+00,main,true,fall,1519
ml_samples/N8_sw0.15_x+0_i0163.h5,8,1.500000000e-01,0,1.000000000e+00,main,true,rise,2185
ml_samples/N8_sw0.15_x+0_i0164.h5,8,1.500000000e-01,0,1.000000000e+00,main,true,rise,1205
ml_samples/N8_sw0.15_x+0_i0165.h5,8,1.500000000e-01,0,1.000000000e+00,main,true,fall,1277
ml_samples/N8_sw0.15_x+0_i0166.h5,8,1.500000000e-01,0,1.000000000e+00,main,true,fall,3839
ml_samples/N8_sw0.15_x+0_i0167.h5,8,1.500000000e-01,0,1.000000000e+00,main,true,fall,657
ml_samples/N8_sw0.15_x+0_i0168.h5,8,1.500000000e-01,0,1.000000000e+00,main,true,timeout,6001
ml_samples/N8_sw0.15_x+0_i0169.h5,8,1.500000000e-01,0,1.000000000e+00,main,true,fall,559
ml_samples/N8_sw0.15_x+0_i0170.h5,8,1.500000000e-01,0,1.000000000e+00,main,true,rise,858
ml_samples/N8_sw0.15_x+0_i0171.h5,8,1.500000000e-01,0,1.000000000e+00,main,true,fall,406
ml_samples/N8_sw0.15_x+0_i0172.h5,8,1.500000000e-01,0,1.000000000e+00,main,true,fall,846
ml_samples/N8_sw0.15_x+0_i0173.h5,8,1.500000000e-01,0,1.000000000e+00,main,true,rise,1824
ml_samples/N8_sw0.15_x+0_i0174.h5,8,1.500000000e-01,0,1.000000000e+00,main,true,fall,341
ml_samples/N8_sw0.15_x+0_i0175.h5,8,1.500000000e-01,0,1.000000000e+00,main,true,fall,607
ml_samples/N8_sw0.15_x+0_i0176.h5,8,1.500000000e-01,0,1.000000000e+00,main,true,fall,1880
ml_samples/N8_sw0.15_x+0_i0177.h5,8,1.500000000e-01,0,1.000000000e+00,main,true,rise,492
ml_samples/N8_sw0.15_x+0_i0178.h5,8,1.500000000e-01,0,1.000000000e+00,main,true,fall,2423
ml_samples/N8_sw0.15_x+0_i0179.h5,8,1.500000000e-01,0,1.000000000e+00,main,true,fall,764
ml_samples/N8_sw0.15_x+0_i0180.h5,8,1.500000000e-01,0,1.000000000e+00,main,true,fall,2874
ml_samples/N8_sw0.15_x+0_i0181.h5,8,1.500000000e-01,0,1.000000000e+00,main,true,fall,694
ml_samples/N8_sw0.15_x+0_i0182.h5,8,1.500000000e-01,0,1.000000000e+00,main,true,fall,618
ml_samples/N8_sw0.15_x+0_i0183.h5,8,1.500000000e-01,0,1.000000000e+00,main,true,fall,1566
ml_samples/N8_sw0.15_x+0_i0184.h5,8,1.500000000e-01,0,1.000000000e+00,main,true,fall,2051
ml_samples/N8_sw0.15_x+0_i0185.h5,8,1.500000000e-01,0,1.000000000e+00,main,true,fall,427
ml_samples/N8_sw0.15_x+0_i0186.h5,8,1.500000000e-01,0,1.000000000e+00,main,true,timeout,6001
ml_samples/N8_sw0.15_x+0_i0187.h5,8,1.500000000e-01,0,1.000000000e+00,main,true,fall,2106
ml_samples/N8_sw0.15_x+0_i0188.h5,8,1.500000000e-01,0,1.000000000e+00,main,true,fall,300
ml_samples/N8_sw0.15_x+0_i0189.h5,8,1.500000000e-01,0,1.000000000e+00,main,true,fall,1095
ml_samples/N8_sw0.15_x+0_i0190.h5,8,1.500000000e-01,0,1.000000000e+00,main,true,fall,1847
ml_samples/N8_sw0.15_x+0_i0191.h5,8,1.500000000e-01,0,1.000000000e+00,main,true,fall,776
ml_samples/N8_sw0.15_x+0_i0192.h5,8,1.500000000e-01,0,1.000000000e+00,main,true,fall,286
ml_samples/N8_sw0.15_x+0_i0193.h5,8,1.500000000e-01,0,1.000000000e+00,main,true,rise,699
ml_samples/N8_sw0.15_x+0_i0194.h5,8,1.500000000e-01,0,1.000000000e+00,main,true,rise,2150
ml_samples/N8_sw0.15_x+0_i0195.h5,8,1.500000000e-01,0,1.000000000e+00,main,true,fall,515
ml_samples/N8_sw0.15_x+0_i0196.h5,8,1.500000000e-01,0,1.000000000e+00,main,true,fall,523
ml_samples/N8_sw0.15_x+0_i0197.h5,8,1.500000000e-01,0,1.000000000e+00,main,true,fall,173
ml_samples/N8_sw0.15_x+0_i0198.h5,8,1.500000000e-01,0,1.000000000e+00,main,true,fall,900
ml_samples/N8_sw0.15_x+0_i0199.h5,8,1.500000000e-01,0,1.000000000e+00,main,true,fall,2123
ml_samples/N8_sw0.15_x+1_i0000.h5,8,1.500000000e-01,1,1.257937506e+00,main,true,rise,2441
ml_samples/N8_sw0.15_x+1_i0001.h5,8,1.500000000e-01,1,1.257937506e+00,main,true,rise,929
ml_samples/N8_sw0.15_x+1_i0002.h5,8,1.500000000e-01,1,1.257937506e+00,main,true,rise,2199
ml_samples/N8_sw0.15_x+1_i0003.h5,8,1.500000000e-01,1,1.257937506e+00,main,true,rise,800
ml_samples/N8_sw0.15_x+1_i0004.h5,8,1.500000000e-01,1,1.257937506e+00,main,true,rise,665
ml_samples/N8_sw0.15_x+1_i0005.h5,8,1.500000000e-01,1,1.257937506e+00,main,true,rise,1609
ml_samples/N8_sw0.15_x+1_i0006.h5,8,1.500000000e-01,1,1.257937506e+00,main,true,rise,843
ml_samples/N8_sw0.15_x+1_i0007.h5,8,1.500000000e-01,1,1.257937506e+00,main,true,fall,1709
ml_samples/N8_sw0.15_x+1_i0008.h5,8,1.500000000e-01,1,1.257937506e+00,main,true,rise,1195
ml_samples/N8_sw0.15_x+1_i0009.h5,8,1.500000000e-01,1,1.257937506e+00,main,true,fall,802
ml_samples/N8_sw0.15_x+1_i0010.h5,8,1.500000000e-01,1,1.257937506e+00,main,true,rise,992
ml_samples/N8_sw0.15_x+1_i0011.h5,8,1.500000000e-01,1,1.257937506e+00,main,true,rise,685
ml_samples/N8_sw0.15_x+1_i0012.h5,8,1.500000000e-01,1,1.257937506e+00,main,true,rise,1149
ml_samples/N8_sw0.15_x+1_i0013.h5,8,1.500000000e-01,1,1.257937506e+00,main,true,rise,856
ml_samples/N8_sw0.15_x+1_i0014.h5,8,1.500000000e-01,1,1.257937506e+00,main,true,fall,4503
ml_samples/N8_sw0.15_x+1_i0015.h5,8,1.500000000e-01,1,1.257937506e+00,main,true,rise,1183
ml_samples/N8_sw0.15_x+1_i0016.h5,8,1.500000000e-01,1,1.257937506e+00,main,true,fall,1525
ml_samples/N8_sw0.15_x+1_i0017.h5,8,1.500000000e-01,1,1.257937506e+00,main,true,rise,974
ml_samples/N8_sw0.15_x+1_i0018.h5,8,1.500000000e-01,1,1.257937506e+00,main,true,fall,238
ml_samples/N8_sw0.15_x+1_i0019.h5,8,1.500000000e-01,1,1.257937506e+00,main,true,fall,2251
ml_samples/N8_sw0.15_x+1_i0020.h5,8,1.500000000e-01,1,1.257937506e+00,main,true,rise,2393
ml_samples/N8_sw0.15_x+1_i0021.h5,8,1.500000000e-01,1,1.257937506e+00,main,true,rise,1700
ml_samples/N8_sw0.15_x+1_i0022.h5,8,1.500000000e-01,1,1.257937506e+00,main,true,rise,1197
ml_samples/N8_sw0.15_x+1_i0023.h5,8,1.500000000e-01,1,1.257937506e+00,main,true,fall,1529
ml_samples/N8_sw0.15_x+1_i0024.h5,8,1.500000000e-01,1,1.257937506e+00,main,true,rise,861
ml_samples/N8_sw0.15_x+1_i0025.h5,8,1.500000000e-01,1,1.257937506e+00,main,true,rise,1456
ml_samples/N8_sw0.15_x+1_i0026.h5,8,1.500000000e-01,1,1.257937506e+00,main,true,rise,5267
ml_samples/N8_sw0.15_x+1_i0027.h5,8,1.500000000e-01,1,1.257937506e+00,main,true,rise,4435
ml_samples/N8_sw0.15_x+1_i0028.h5,8,1.500000000e-01,1,1.257937506e+00,main,true,rise,704
ml_samples/N8_sw0.15_x+1_i0029.h5,8,1.500000000e-01,1,1.257937506e+00,main,true,rise,2503
ml_samples/N8_sw0.15_x+1_i0030.h5,8,1.500000000e-01,1,1.257937506e+00,main,true,fall,967
ml_samples/N8_sw0.15_x+1_i0031.h5,8,1.500000000e-01,1,1.257937506e+00,main,true,rise,723
ml_samples/N8_sw0.15_x+1_i0032.h5,8,1.500000000e-01,1,1.257937506e+00,main,true,rise,960
ml_samples/N8_sw0.15_x+1_i0033.h5,8,1.500000000e-01,1,1.257937506e+00,main,true,rise,804
ml_samples/N8_sw0.15_x+1_i0034.h5,8,1.500000000e-01,1,1.257937506e+00,main,true,rise,2390
ml_samples/N8_sw0.15_x+1_i0035.h5,8,1.500000000e-01,1,1.257937506e+00,main,true,rise,1022
ml_samples/N8_sw0.15_x+1_i0036.h5,8,1.500000000e-01,1,1.257937506e+00,main,true,rise,3876
ml_samples/N8_sw0.15_x+1_i0037.h5,8,1.500000000e-01,1,1.257937506e+00,main,true,rise,3660
ml_samples/N8_sw0.15_x+1_i0038.h5,8,1.500000000e-01,1,1.257937506e+00,main,true,fall,456
ml_samples/N8_sw0.15_x+1_i0039.h5,8,1.500000000e-01,1,1.257937506e+00,main,true,rise,1283
ml_samples/N8_sw0.15_x+1_i0040.h5,8,1.500000000e-01,1,1.257937506e+00,main,true,rise,1324
ml_samples/N8_sw0.15_x+1_i0041.h5,8,1.500000000e-01,1,1.257937506e+00,main,true,rise,2510
ml_samples/N8_sw0.15_x+1_i0042.h5,8,1.500000000e-01,1,1.257937506e+00,main,true,timeout,6001
ml_samples/N8_sw0.15_x+1_i0043.h5,8,1.500000000e-01,1,1.257937506e+00,main,true,fall,2011
ml_samples/N8_sw0.15_x+1_i0044.h5,8,1.500000000e-01,1,1.257937506e+00,main,true,rise,2028
ml_samples/N8_sw0.15_x+1_i0045.h5,8,1.500000000e-01,1,1.257937506e+00,main,true,fall,1588
ml_samples/N8_sw0.15_x+1_i0046.h5,8,1.500000000e-01,1,1.257937506e+00,main,true,rise,3332
ml_samples/N8_sw0.15_x+1_i0047.h5,8,1.500000000e-01,1,1.257937506e+00,main,true,fall,1290
ml_samples/N8_sw0.15_x+1_i0048.h5,8,1.500000000e-01,1,1.257937506e+00,main,true,rise,681
ml_samples/N8_sw0.15_x+1_i0049.h5,8,1.500000000e-01,1,1.257937506e+00,main,true,rise,601
ml_samples/N8_sw0.15_x+1_i0050.h5,8,1.500000000e-01,1,1.257937506e+00,main,true,rise,1529
ml_samples/N8_sw0.15_x+1_i0051.h5,8,1.500000000e-01,1,1.257937506e+00,main,true,fall,914
ml_samples/N8_sw0.15_x+1_i0052.h5,8,1.500000000e-01,1,1.257937506e+00,main,true,fall,3116
ml_samples/N8_sw0.15_x+1_i0053.h5,8,1.500000000e-01,1,1.257937506e+00,main,true,rise,1638
ml_samples/N8_sw0.15_x+1_i0054.h5,8,1.500000000e-01,1,1.257937506e+00,main,true,rise,1567
ml_samples/N8_sw0.15_x+1_i0055.h5,8,1.500000000e-01,1,1.257937506e+00,main,true,rise,1502
ml_samples/N8_sw0.15_x+1_i0056.h5,8,1.500000000e-01,1,1.257937506e+00,main,true,fall,849
ml_samples/N8_sw0.15_x+1_i0057.h5,8,1.500000000e-01,1,1.257937506e+00,main,true,rise,547
ml_samples/N8_sw0.15_x+1_i0058.h5,8,1.500000000e-01,1,1.257937506e+00,main,true,fall,640
ml_samples/N8_sw0.15_x+1_i0059.h5,8,1.500000000e-01,1,1.257937506e+00,main,true,rise,4271
ml_samples/N8_sw0.15_x+1_i0060.h5,8,1.500000000e-01,1,1.257937506e+00,main,true,timeout,6001
ml_samples/N8_sw0.15_x+1_i0061.h5,8,1.500000000e-01,1,1.257937506e+00,main,true,fall,2827
ml_samples/N8_sw0.15_x+1_i0062.h5,8,1.500000000e-01,1,1.257937506e+00,main,true,rise,3801
ml_samples/N8_sw0.15_x+1_i0063.h5,8,1.500000000e-01,1,1.257937506e+00,main,true,rise,2452
ml_samples/N8_sw0.15_x+1_i0064.h5,8,1.500000000e-01,1,1.257937506e+00,main,true,rise,551
ml_samples/N8_sw0.15_x+1_i0065.h5,8,1.500000000e-01,1,1.257937506e+00,main,true,rise,1667
ml_samples/N8_sw0.15_x+1_i0066.h5,8,1.500000000e-01,1,1.257937506e+00,main,true,rise,499
ml_samples/N8_sw0.15_x+1_i0067.h5,8,1.500000000e-01,1,1.257937506e+00,main,true,rise,1589
ml_samples/N8_sw0.15_x+1_i0068.h5,8,1.500000000e-01,1,1.257937506e+00,main,true,fall,1868
ml_samples/N8_sw0.15_x+1_i0069.h5,8,1.500000000e-01,1,1.257937506e+00,main,true,rise,3708
ml_samples/N8_sw0.15_x+1_i0070.h5,8,1.500000000e-01,1,1.257937506e+00,main,true,rise,822
ml_samples/N8_sw0.15_x+1_i0071.h5,8,1.500000000e-01,1,1.257937506e+00,main,true,fall,521
ml_samples/N8_sw0.15_x+1_i0072.h5,8,1.500000000e-01,1,1.257937506e+00,main,true,rise,2147
ml_samples/N8_sw0.15_x+1_i0073.h5,8,1.500000000e-01,1,1.257937506e+00,main,true,fall,364
ml_samples/N8_sw0.15_x+1_i0074.h5,8,1.500000000e-01,1,1.257937506e+00,main,true,fall,1592
ml_samples/N8_sw0.15_x+1_i0075.h5,8,1.500000000e-01,1,1.257937506e+00,main,true,rise,3012
ml_samples/N8_sw0.15_x+1_i0076.h5,8,1.500000000e-01,1,1.257937506e+00,main,true,fall,2854
ml_samples/N8_sw0.15_x+1_i0077.h5,8,1.500000000e-01,1,1.257937506e+00,main,true,rise,1893
ml_samples/N8_sw0.15_x+1_i0078.h5,8,1.500000000e-01,1,1.257937506e+00,main,true,rise,1246
ml_samples/N8_sw0.15_x+1_i0079.h5,8,1.500000000e-01,1,1.257937506e+00,main,true,rise,3560
ml_samples/N8_sw0.15_x+1_i0080.h5,8,1.500000000e-01,1,1.257937506e+00,main,true,rise,1884
ml_samples/N8_sw0.15_x+1_i0081.h5,8,1.500000000e-01,1,1.257937506e+00,main,true,rise,1362
ml_samples/N8_sw0.15_x+1_i0082.h5,8,1.500000000e-01,1,1.257937506e+00,main,true,rise,1311
ml_samples/N8_sw0.15_x+1_i0083.h5,8,1.500000000e-01,1,1.257937506e+00,main,true,rise,1886
ml_samples/N8_sw0.15_x+1_i0084.h5,8,1.500000000e-01,1,1.257937506e+00,main,true,rise,1332
ml_samples/N8_sw0.15_x+1_i0085.h5,8,1.500000000e-01,1,1.257937506e+00,main,true,rise,2895
ml_samples/N8_sw0.15_x+1_i0086.h5,8,1.500000000e-01,1,1.257937506e+00,main,true,fall,3195
ml_samples/N8_sw0.15_x+1_i0087.h5,8,1.500000000e-01,1,1.257937506e+00,main,true,rise,976
ml_samples/N8_sw0.15_x+1_i0088.h5,8,1.500000000e-01,1,1.257937506e+00,main,true,rise,865
ml_samples/N8_sw0.15_x+1_i0089.h5,8,1.500000000e-01,1,1.257937506e+00,main,true,rise,1142
ml_samples/N8_sw0.15_x+1_i0090.h5,8,1.500000000e-01,1,1.257937506e+00,main,true,rise,2327
ml_samples/N8_sw0.15_x+1_i0091.h5,8,1.500000000e-01,1,1.257937506e+00,main,true,rise,1001
ml_samples/N8_sw0.15_x+1_i0092.h5,8,1.500000000e-01,1,1.257937506e+00,main,true,fall,2391
ml_samples/N8_sw0.15_x+1_i0093.h5,8,1.500000000e-01,1,1.257937506e+00,main,true,rise,1603
ml_samples/N8_sw0.15_x+1_i0094.h5,8,1.500000000e-01,1,1.257937506e+00,main,true,rise,1245
ml_samples/N8_sw0.15_x+1_i0095.h5,8,1.500000000e-01,1,1.257937506e+00,main,true,rise,1117
ml_samples/N8_sw0.15_x+1_i0096.h5,8,1.500000000e-01,1,1.257937506e+00,main,true,rise,2743
ml_samples/N8_sw0.15_x+1_i0097.h5,8,1.500000000e-01,1,1.257937506e+00,main,true,rise,3307
ml_samples/N8_sw0.15_x+1_i0098.h5,8,1.500000000e-01,1,1.257937506e+00,main,true,fall,437
ml_samples/N8_sw0.15_x+1_i0099.h5,8,1.500000000e-01,1,1.257937506e+00,main,true,rise,1678
ml_samples/N8_sw0.15_x+1_i0100.h5,8,1.500000000e-01,1,1.257937506e+00,main,true,rise,1830
ml_samples/N8_sw0.15_x+1_i0101.h5,8,1.500000000e-01,1,1.257937506e+00,main,true,rise,5990
ml_samples/N8_sw0.15_x+1_i0102.h5,8,1.500000000e-01,1,1.257937506e+00,main,true,rise,1544
ml_samples/N8_sw0.15_x+1_i0103.h5,8,1.500000000e-01,1,1.257937506e+00,main,true,rise,3410
ml_samples/N8_sw0.15_x+1_i0104.h5,8,1.500000000e-01,1,1.257937506e+00,main,true,rise,2426
ml_samples/N8_sw0.15_x+1_i0105.h5,8,1.500000000e-01,1,1.257937506e+00,main,true,rise,2984
ml_samples/N8_sw0.15_x+1_i0106.h5,8,1.500000000e-01,1,1.257937506e+00,main,true,rise,1402
ml_samples/N8_sw0.15_x+1_i0107.h5,8,1.500000000e-01,1,1.257937506e+00,main,true,rise,1266
ml_samples/N8_sw0.15_x+1_i0108.h5,8,1.500000000e-01,1,1.257937506e+00,main,true,rise,1057
ml_samples/N8_sw0.15_x+1_i0109.h5,8,1.500000000e-01,1,1.257937506e+00,main,true,fall,1009
ml_samples/N8_sw0.15_x+1_i0110.h5,8,1.500000000e-01,1,1.257937506e+00,main,true,rise,2772
ml_samples/N8_sw0.15_x+1_i0111.h5,8,1.500000000e-01,1,1.257937506e+00,main,true,rise,1000
ml_samples/N8_sw0.15_x+1_i0112.h5,8,1.500000000e-01,1,1.257937506e+00,main,true,rise,1047
ml_samples/N8_sw0.15_x+1_i0113.h5,8,1.500000000e-01,1,1.257937506e+00,main,true,rise,1062
ml_samples/N8_sw0.15_x+1_i0114.h5,8,1.500000000e-01,1,1.257937506e+00,main,true,rise,2808
ml_samples/N8_sw0.15_x+1_i0115.h5,8,1.500000000e-01,1,1.257937506e+00,main,true,rise,2982
ml_samples/N8_sw0.15_x+1_i0116.h5,8,1.500000000e-01,1,1.257937506e+00,main,true,rise,693
ml_samples/N8_sw0.15_x+1_i0117.h5,8,1.500000000e-01,1,1.257937506e+00,main,true,fall,1088
ml_samples/N8_sw0.15_x+1_i0118.h5,8,1.500000000e-01,1,1.257937506e+00,main,true,rise,4476
ml_samples/N8_sw0.15_x+1_i0119.h5,8,1.500000000e-01,1,1.257937506e+00,main,true,rise,2275
ml_samples/N8_sw0.15_x+1_i0120.h5,8,1.500000000e-01,1,1.257937506e+00,main,true,rise,1690
ml_samples/N8_sw0.15_x+1_i0121.h5,8,1.500000000e-01,1,1.257937506e+00,main,true,fall,1161
ml_samples/N8_sw0.15_x+1_i0122.h5,8,1.500000000e-01,1,1.257937506e+00,main,true,rise,2663
ml_samples/N8_sw0.15_x+1_i0123.h5,8,1.500000000e-01,1,1.257937506e+00,main,true,rise,1821
ml_samples/N8_sw0.15_x+1_i0124.h5,8,1.500000000e-01,1,1.257937506e+00,main,true,rise,1743
ml_samples/N8_sw0.15_x+1_i0125.h5,8,1.500000000e-01,1,1.257937506e+00,main,true,rise,5799
ml_samples/N8_sw0.15_x+1_i0126.h5,8,1.500000000e-01,1,1.257937506e+00,main,true,fall,1529
ml_samples/N8_sw0.15_x+1_i0127.h5,8,1.500000000e-01,1,1.257937506e+00,main,true,fall,3704
ml_samples/N8_sw0.15_x+1_i0128.h5,8,1.500000000e-01,1,1.257937506e+00,main,true,rise,2377
ml_samples/N8_sw0.15_x+1_i0129.h5,8,1.500000000e-01,1,1.257937506e+00,main,true,fall,1551
ml_samples/N8_sw0.15_x+1_i0130.h5,8,1.500000000e-01,1,1.257937506e+00,main,true,rise,3762
ml_samples/N8_sw0.15_x+1_i0131.h5,8,1.500000000e-01,1,1.257937506e+00,main,true,rise,1815
ml_samples/N8_sw0.15_x+1_i0132.h5,8,1.500000000e-01,1,1.257937506e+00,main,true,rise,2001
ml_samples/N8_sw0.15_x+1_i0133.h5,8,1.500000000e-01,1,1.257937506e+00,main,true,fall,810
ml_samples/N8_sw0.15_x+1_i0134.h5,8,1.500000000e-01,1,1.257937506e+00,main,true,rise,2139
ml_samples/N8_sw0.15_x+1_i0135.h5,8,1.500000000e-01,1,1.257937506e+00,main,true,timeout,6001
ml_samples/N8_sw0.15_x+1_i0136.h5,8,1.500000000e-01,1,1.257937506e+00,main,true,fall,455
ml_samples/N8_sw0.15_x+1_i0137.h5,8,1.500000000e-01,1,1.257937506e+00,main,true,rise,2881
ml_samples/N8_sw0.15_x+1_i0138.h5,8,1.500000000e-01,1,1.257937506e+00,main,true,rise,2590
ml_samples/N8_sw0.15_x+1_i0139.h5,8,1.500000000e-01,1,1.257937506e+00,main,true,rise,641
ml_samples/N8_sw0.15_x+1_i0140.h5,8,1.500000000e-01,1,1.257937506e+00,main,true,fall,1119
ml_samples/N8_sw0.15_x+1_i0141.h5,8,1.500000000e-01,1,1.257937506e+00,main,true,fall,1426
ml_samples/N8_sw0.15_x+1_i0142.h5,8,1.500000000e-01,1,1.257937506e+00,main,true,rise,729
ml_samples/N8_sw0.15_x+1_i0143.h5,8,1.500000000e-01,1,1.257937506e+00,main,true,rise,1277
ml_samples/N8_sw0.15_x+1_i0144.h5,8,1.500000000e-01,1,1.257937506e+00,main,true,rise,1437
ml_samples/N8_sw0.15_x+1_i0145.h5,8,1.500000000e-01,1,1.257937506e+00,main,true,rise,2307
ml_samples/N8_sw0.15_x+1_i0146.h5,8,1.500000000e-01,1,1.257937506e+00,main,true,fall,1731
ml_samples/N8_sw0.15_x+1_i0147.h5,8,1.500000000e-01,1,1.257937506e+00,main,true,fall,653
ml_samples/N8_sw0.15_x+1_i0148.h5,8,1.500000000e-01,1,1.257937506e+00,main,true,rise,706
ml_samples/N8_sw0.15_x+1_i0149.h5,8,1.500000000e-01,1,1.257937506e+00,main,true,rise,4587
ml_samples/N8_sw0.15_x+1_i0150.h5,8,1.500000000e-01,1,1.257937506e+00,main,true,fall,270
ml_samples/N8_sw0.15_x+1_i0151.h5,8,1.500000000e-01,1,1.257937506e+00,main,true,fall,1553
ml_samples/N8_sw0.15_x+1_i0152.h5,8,1.500000000e-01,1,1.257937506e+00,main,true,rise,816
ml_samples/N8_sw0.15_x+1_i0153.h5,8,1.500000000e-01,1,1.257937506e+00,main,true,rise,2517
ml_samples/N8_sw0.15_x+1_i0154.h5,8,1.500000000e-01,1,1.257937506e+00,main,true,rise,1992
ml_samples/N8_sw0.15_x+1_i0155.h5,8,1.500000000e-01,1,1.257937506e+00,main,true,rise,1921
ml_samples/N8_sw0.15_x+1_i0156.h5,8,1.500000000e-01,1,1.257937506e+00,main,true,rise,2904
ml_samples/N8_sw0.15_x+1_i0157.h5,8,1.500000000e-01,1,1.257937506e+00,main,true,rise,884
ml_samples/N8_sw0.15_x+1_i0158.h5,8,1.500000000e-01,1,1.257937506e+00,main,true,rise,2027
ml_samples/N8_sw0.15_x+1_i0159.h5,8,1.500000000e-01,1,1.257937506e+00,main,true,rise,677
ml_samples/N8_sw0.15_x+1_i0160.h5,8,1.500000000e-01,1,1.257937506e+00,main,true,fall,2976
ml_samples/N8_sw0.15_x+1_i0161.h5,8,1.500000000e-01,1,1.257937506e+00,main,true,fall,313
ml_samples/N8_sw0.15_x+1_i0162.h5,8,1.500000000e-01,1,1.257937506e+00,main,true,rise,1507
ml_samples/N8_sw0.15_x+1_i0163.h5,8,1.500000000e-01,1,1.257937506e+00,main,true,rise,1557
ml_samples/N8_sw0.15_x+1_i0164.h5,8,1.500000000e-01,1,1.257937506e+00,main,true,fall,850
ml_samples/N8_sw0.15_x+1_i0165.h5,8,1.500000000e-01,1,1.257937506e+00,main,true,rise,1084
ml_samples/N8_sw0.15_x+1_i0166.h5,8,1.500000000e-01,1,1.257937506e+00,main,true,rise,794
ml_samples/N8_sw0.15_x+1_i0167.h5,8,1.500000000e-01,1,1.257937506e+00,main,true,fall,3171
ml_samples/N8_sw0.15_x+1_i0168.h5,8,1.500000000e-01,1,1.257937506e+00,main,true,rise,1595
ml_samples/N8_sw0.15_x+1_i0169.h5,8,1.500000000e-01,1,1.257937506e+00,main,true,rise,3905
ml_samples/N8_sw0.15_x+1_i0170.h5,8,1.500000000e-01,1,1.257937506e+00,main,true,rise,813
ml_samples/N8_sw0.15_x+1_i0171.h5,8,1.500000000e-01,1,1.257937506e+00,main,true,rise,1522
ml_samples/N8_sw0.15_x+1_i0172.h5,8,1.500000000e-01,1,1.257937506e+00,main,true,rise,1697
ml_samples/N8_sw0.15_x+1_i0173.h5,8,1.500000000e-01,1,1.257937506e+00,main,true,rise,1894
ml_samples/N8_sw0.15_x+1_i0174.h5,8,1.500000000e-01,1,1.257937506e+00,main,true,fall,1218
ml_samples/N8_sw0.15_x+1_i0175.h5,8,1.500000000e-01,1,1.257937506e+00,main,true,rise,2358
ml_samples/N8_sw0.15_x+1_i0176.h5,8,1.500000000e-01,1,1.257937506e+00,main,true,rise,1026
ml_samples/N8_sw0.15_x+1_i0177.h5,8,1.500000000e-01,1,1.257937506e+00,main,true,rise,1845
ml_samples/N8_sw0.15_x+1_i0178.h5,8,1.500000000e-01,1,1.257937506e+00,main,true,rise,1698
ml_samples/N8_sw0.15_x+1_i0179.h5,8,1.500000000e-01,1,1.257937506e+00,main,true,fall,1318
ml_samples/N8_sw0.15_x+1_i0180.h5,8,1.500000000e-01,1,1.257937506e+00,main,true,fall,245
ml_samples/N8_sw0.15_x+1_i0181.h5,8,1.500000000e-01,1,1.257937506e+00,main,true,rise,2635
ml_samples/N8_sw0.15_x+1_i0182.h5,8,1.500000000e-01,1,1.257937506e+00,main,true,rise,1707
ml_samples/N8_sw0.15_x+1_i0183.h5,8,1.500000000e-01,1,1.257937506e+00,main,true,rise,834
ml_samples/N8_sw0.15_x+1_i0184.h5,8,1.500000000e-01,1,1.257937506e+00,main,true,fall,238
ml_samples/N8_sw0.15_x+1_i0185.h5,8,1.500000000e-01,1,1.257937506e+00,main,true,rise,1607
ml_samples/N8_sw0.15_x+1_i0186.h5,8,1.500000000e-01,1,1.257937506e+00,main,true,rise,4449
ml_samples/N8_sw0.15_x+1_i0187.h5,8,1.500000000e-01,1,1.257937506e+00,main,true,rise,1939
ml_samples/N8_sw0.15_x+1_i0188.h5,8,1.500000000e-01,1,1.257937506e+00,main,true,rise,1562
ml_samples/N8_sw0.15_x+1_i0189.h5,8,1.500000000e-01,1,1.257937506e+00,main,true,rise,3435
ml_samples/N8_sw0.15_x+1_i0190.h5,8,1.500000000e-01,1,1.257937506e+00,main,true,rise,2118
ml_samples/N8_sw0.15_x+1_i0191.h5,8,1.500000000e-01,1,1.257937506e+00,main,true,fall,1412
ml_samples/N8_sw0.15_x+1_i0192.h5,8,1.500000000e-01,1,1.257937506e+00,main,true,rise,1303
ml_samples/N8_sw0.15_x+1_i0193.h5,8,1.500000000e-01,1,1.257937506e+00,main,true,fall,483
ml_samples/N8_sw0.15_x+1_i0194.h5,8,1.500000000e-01,1,1.257937506e+00,main,true,rise,1185
ml_samples/N8_sw0.15_x+1_i0195.h5,8,1.500000000e-01,1,1.257937506e+00,main,true,fall,260
ml_samples/N8_sw0.15_x+1_i0196.h5,8,1.500000000e-01,1,1.257937506e+00,main,true,rise,1252
ml_samples/N8_sw0.15_x+1_i0197.h5,8,1.500000000e-01,1,1.257937506e+00,main,true,rise,987
ml_samples/N8_sw0.15_x+1_i0198.h5,8,1.500000000e-01,1,1.257937506e+00,main,true,rise,503
ml_samples/N8_sw0.15_x+1_i0199.h5,8,1.500000000e-01,1,1.257937506e+00,main,true,rise,2105
ml_samples/N8_sw0.15_x+2_i0000.h5,8,1.500000000e-01,2,1.515875011e+00,main,true,rise,681
ml_samples/N8_sw0.15_x+2_i0001.h5,8,1.500000000e-01,2,1.515875011e+00,main,true,rise,966
ml_samples/N8_sw0.15_x+2_i0002.h5,8,1.500000000e-01,2,1.515875011e+00,main,true,rise,1436
ml_samples/N8_sw0.15_x+2_i0003.h5,8,1.500000000e-01,2,1.515875011e+00,main,true,rise,2141
ml_samples/N8_sw0.15_x+2_i0004.h5,8,1.500000000e-01,2,1.515875011e+00,main,true,rise,2375
ml_samples/N8_sw0.15_x+2_i0005.h5,8,1.500000000e-01,2,1.515875011e+00,main,true,rise,1831
ml_samples/N8_sw0.15_x+2_i0006.h5,8,1.500000000e-01,2,1.515875011e+00,main,true,rise,503
ml_samples/N8_sw0.15_x+2_i0007.h5,8,1.500000000e-01,2,1.515875011e+00,main,true,rise,1243
ml_samples/N8_sw0.15_x+2_i0008.h5,8,1.500000000e-01,2,1.515875011e+00,main,true,rise,1002
ml_samples/N8_sw0.15_x+2_i0009.h5,8,1.500000000e-01,2,1.515875011e+00,main,true,rise,1468
ml_samples/N8_sw0.15_x+2_i0010.h5,8,1.500000000e-01,2,1.515875011e+00,main,true,rise,3164
ml_samples/N8_sw0.15_x+2_i0011.h5,8,1.500000000e-01,2,1.515875011e+00,main,true,rise,644
ml_samples/N8_sw0.15_x+2_i0012.h5,8,1.500000000e-01,2,1.515875011e+00,main,true,rise,865
ml_samples/N8_sw0.15_x+2_i0013.h5,8,1.500000000e-01,2,1.515875011e+00,main,true,rise,1119
ml_samples/N8_sw0.15_x+2_i0014.h5,8,1.500000000e-01,2,1.515875011e+00,main,true,fall,646
ml_samples/N8_sw0.15_x+2_i0015.h5,8,1.500000000e-01,2,1.515875011e+00,main,true,rise,517
ml_samples/N8_sw0.15_x+2_i0016.h5,8,1.500000000e-01,2,1.515875011e+00,main,true,rise,1058
ml_samples/N8_sw0.15_x+2_i0017.h5,8,1.500000000e-01,2,1.515875011e+00,main,true,fall,362
ml_samples/N8_sw0.15_x+2_i0018.h5,8,1.500000000e-01,2,1.515875011e+00,main,true,rise,524
ml_samples/N8_sw0.15_x+2_i0019.h5,8,1.500000000e-01,2,1.515875011e+00,main,true,rise,2775
ml_samples/N8_sw0.15_x+2_i0020.h5,8,1.500000000e-01,2,1.515875011e+00,main,true,rise,2710
ml_samples/N8_sw0.15_x+2_i0021.h5,8,1.500000000e-01,2,1.515875011e+00,main,true,rise,585
ml_samples/N8_sw0.15_x+2_i0022.h5,8,1.500000000e-01,2,1.515875011e+00,main,true,rise,735
ml_samples/N8_sw0.15_x+2_i0023.h5,8,1.500000000e-01,2,1.515875011e+00,main,true,rise,1610
ml_samples/N8_sw0.15_x+2_i0024.h5,8,1.500000000e-01,2,1.515875011e+00,main,true,rise,719
ml_samples/N8_sw0.15_x+2_i0025.h5,8,1.500000000e-01,2,1.515875011e+00,main,true,rise,371
ml_samples/N8_sw0.15_x+2_i0026.h5,8,1.500000000e-01,2,1.515875011e+00,main,true,rise,763
ml_samples/N8_sw0.15_x+2_i0027.h5,8,1.500000000e-01,2,1.515875011e+00,main,true,rise,841
ml_samples/N8_sw0.15_x+2_i0028.h5,8,1.500000000e-01,2,1.515875011e+00,main,true,rise,699
ml_samples/N8_sw0.15_x+2_i0029.h5,8,1.500000000e-01,2,1.515875011e+00,main,true,rise,622
ml_samples/N8_sw0.15_x+2_i0030.h5,8,1.500000000e-01,2,1.515875011e+00,main,true,rise,1811
ml_samples/N8_sw0.15_x+2_i0031.h5,8,1.500000000e-01,2,1.515875011e+00,main,true,rise,1002
ml_samples/N8_sw0.15_x+2_i0032.h5,8,1.500000000e-01,2,1.515875011e+00,main,true,rise,1074
ml_samples/N8_sw0.15_x+2_i0033.h5,8,1.500000000e-01,2,1.515875011e+00,main,true,rise,768
ml_samples/N8_sw0.15_x+2_i0034.h5,8,1.500000000e-01,2,1.515875011e+00,main,true,rise,1596
ml_samples/N8_sw0.15_x+2_i0035.h5,8,1.500000000e-01,2,1.515875011e+00,main,true,rise,1109
ml_samples/N8_sw0.15_x+2_i0036.h5,8,1.500000000e-01,2,1.515875011e+00,main,true,rise,663
ml_samples/N8_sw0.15_x+2_i0037.h5,8,1.500000000e-01,2,1.515875011e+00,main,true,rise,1649
ml_samples/N8_sw0.15_x+2_i0038.h5,8,1.500000000e-01,2,1.515875011e+00,main,true,rise,910
ml_samples/N8_sw0.15_x+2_i0039.h5,8,1.500000000e-01,2,1.515875011e+00,main,true,rise,1789
ml_samples/N8_sw0.15_x+2_i0040.h5,8,1.500000000e-01,2,1.515875011e+00,main,true,rise,669
ml_samples/N8_sw0.15_x+2_i0041.h5,8,1.500000000e-01,2,1.515875011e+00,main,true,rise,876
ml_samples/N8_sw0.15_x+2_i0042.h5,8,1.500000000e-01,2,1.515875011e+00,main,true,rise,904
ml_samples/N8_sw0.15_x+2_i0043.h5,8,1.500000000e-01,2,1.515875011e+00,main,true,rise,2459
ml_samples/N8_sw0.15_x+2_i0044.h5,8,1.500000000e-01,2,1.515875011e+00,main,true,rise,1307
ml_samples/N8_sw0.15_x+2_i0045.h5,8,1.500000000e-01,2,1.515875011e+00,main,true,rise,536
ml_samples/N8_sw0.15_x+2_i0046.h5,8,1.500000000e-01,2,1.515875011e+00,main,true,rise,980
ml_samples/N8_sw0.15_x+2_i0047.h5,8,1.500000000e-01,2,1.515875011e+00,main,true,rise,2127
ml_samples/N8_sw0.15_x+2_i0048.h5,8,1.500000000e-01,2,1.515875011e+00,main,true,rise,470
ml_samples/N8_sw0.15_x+2_i0049.h5,8,1.500000000e-01,2,1.515875011e+00,main,true,rise,542
ml_samples/N8_sw0.15_x+2_i0050.h5,8,1.500000000e-01,2,1.515875011e+00,main,true,rise,932
ml_samples/N8_sw0.15_x+2_i0051.h5,8,1.500000000e-01,2,1.515875011e+00,main,true,rise,436
ml_samples/N8_sw0.15_x+2_i0052.h5,8,1.500000000e-01,2,1.515875011e+00,main,true,rise,3293
ml_samples/N8_sw0.15_x+2_i0053.h5,8,1.500000000e-01,2,1.515875011e+00,main,true,rise,824
ml_samples/N8_sw0.15_x+2_i0054.h5,8,1.500000000e-01,2,1.515875011e+00,main,true,rise,1009
ml_samples/N8_sw0.15_x+2_i0055.h5,8,1.500000000e-01,2,1.515875011e+00,main,true,rise,854
ml_samples/N8_sw0.15_x+2_i0056.h5,8,1.500000000e-01,2,1.515875011e+00,main,true,rise,522
ml_samples/N8_sw0.15_x+2_i0057.h5,8,1.500000000e-01,2,1.515875011e+00,main,true,rise,811
ml_samples/N8_sw0.15_x+2_i0058.h5,8,1.500000000e-01,2,1.515875011e+00,main,true,rise,1824
ml_samples/N8_sw0.15_x+2_i0059.h5,8,1.500000000e-01,2,1.515875011e+00,main,true,rise,618
ml_samples/N8_sw0.15_x+2_i0060.h5,8,1.500000000e-01,2,1.515875011e+00,main,true,rise,1134
ml_samples/N8_sw0.15_x+2_i0061.h5,8,1.500000000e-01,2,1.515875011e+00,main,true,rise,1244
ml_samples/N8_sw0.15_x+2_i0062.h5,8,1.500000000e-01,2,1.515875011e+00,main,true,rise,625
ml_samples/N8_sw0.15_x+2_i0063.h5,8,1.500000000e-01,2,1.515875011e+00,main,true,rise,2792
ml_samples/N8_sw0.15_x+2_i0064.h5,8,1.500000000e-01,2,1.515875011e+00,main,true,rise,492
ml_samples/N8_sw0.15_x+2_i0065.h5,8,1.500000000e-01,2,1.515875011e+00,main,true,fall,636
ml_samples/N8_sw0.15_x+2_i0066.h5,8,1.500000000e-01,2,1.515875011e+00,main,true,rise,1251
ml_samples/N8_sw0.15_x+2_i0067.h5,8,1.500000000e-01,2,1.515875011e+00,main,true,rise,1643
ml_samples/N8_sw0.15_x+2_i0068.h5,8,1.500000000e-01,2,1.515875011e+00,main,true,rise,1387
ml_samples/N8_sw0.15_x+2_i0069.h5,8,1.500000000e-01,2,1.515875011e+00,main,true,rise,829
ml_samples/N8_sw0.15_x+2_i0070.h5,8,1.500000000e-01,2,1.515875011e+00,main,true,rise,938
ml_samples/N8_sw0.15_x+2_i0071.h5,8,1.500000000e-01,2,1.515875011e+00,main,true,rise,1632
ml_samples/N8_sw0.15_x+2_i0072.h5,8,1.500000000e-01,2,1.515875011e+00,main,true,rise,2557
ml_samples/N8_sw0.15_x+2_i0073.h5,8,1.500000000e-01,2,1.515875011e+00,main,true,rise,2170
ml_samples/N8_sw0.15_x+2_i0074.h5,8,1.500000000e-01,2,1.515875011e+00,main,true,rise,363
ml_samples/N8_sw0.15_x+2_i0075.h5,8,1.500000000e-01,2,1.515875011e+00,main,true,rise,1481
ml_samples/N8_sw0.15_x+2_i0076.h5,8,1.500000000e-01,2,1.515875011e+00,main,true,rise,744
ml_samples/N8_sw0.15_x+2_i0077.h5,8,1.500000000e-01,2,1.515875011e+00,main,true,rise,952
ml_samples/N8_sw0.15_x+2_i0078.h5,8,1.500000000e-01,2,1.515875011e+00,main,true,rise,681
ml_samples/N8_sw0.15_x+2_i0079.h5,8,1.500000000e-01,2,1.515875011e+00,main,true,fall,1616
ml_samples/N8_sw0.15_x+2_i0080.h5,8,1.500000000e-01,2,1.515875011e+00,main,true,rise,1524
ml_samples/N8_sw0.15_x+2_i0081.h5,8,1.500000000e-01,2,1.515875011e+00,main,true,rise,816
ml_samples/N8_sw0.15_x+2_i0082.h5,8,1.500000000e-01,2,1.515875011e+00,main,true,rise,639
ml_samples/N8_sw0.15_x+2_i0083.h5,8,1.500000000e-01,2,1.515875011e+00,main,true,rise,1874
ml_samples/N8_sw0.15_x+2_i0084.h5,8,1.500000000e-01,2,1.515875011e+00,main,true,fall,968
ml_samples/N8_sw0.15_x+2_i0085.h5,8,1.500000000e-01,2,1.515875011e+00,main,true,rise,455
ml_samples/N8_sw0.15_x+2_i0086.h5,8,1.500000000e-01,2,1.515875011e+00,main,true,rise,529
ml_samples/N8_sw0.15_x+2_i0087.h5,8,1.500000000e-01,2,1.515875011e+00,main,true,rise,2297
ml_samples/N8_sw0.15_x+2_i0088.h5,8,1.500000000e-01,2,1.515875011e+00,main,true,rise,1318
ml_samples/N8_sw0.15_x+2_i0089.h5,8,1.500000000e-01,2,1.515875011e+00,main,true,rise,5516
ml_samples/N8_sw0.15_x+2_i0090.h5,8,1.500000000e-01,2,1.515875011e+00,main,true,rise,454
ml_samples/N8_sw0.15_x+2_i0091.h5,8,1.500000000e-01,2,1.515875011e+00,main,true,rise,2545
ml_samples/N8_sw0.15_x+2_i0092.h5,8,1.500000000e-01,2,1.515875011e+00,main,true,rise,692
ml_samples/N8_sw0.15_x+2_i0093.h5,8,1.500000000e-01,2,1.515875011e+00,main,true,rise,778
ml_samples/N8_sw0.15_x+2_i0094.h5,8,1.500000000e-01,2,1.515875011e+00,main,true,rise,1009
ml_samples/N8_sw0.15_x+2_i0095.h5,8,1.500000000e-01,2,1.515875011e+00,main,true,rise,1090
ml_samples/N8_sw0.15_x+2_i0096.h5,8,1.500000000e-01,2,1.515875011e+00,main,true,rise,351
ml_samples/N8_sw0.15_x+2_i0097.h5,8,1.500000000e-01,2,1.515875011e+00,main,true,rise,765
ml_samples/N8_sw0.15_x+2_i0098.h5,8,1.500000000e-01,2,1.515875011e+00,main,true,rise,998
ml_samples/N8_sw0.15_x+2_i0099.h5,8,1.500000000e-01,2,1.515875011e+00,main,true,rise,475
ml_samples/N8_sw0.15_x+4_i0000.h5,8,1.500000000e-01,4,2.031750023e+00,main,true,rise,834
ml_samples/N8_sw0.15_x+4_i0001.h5,8,1.500000000e-01,4,2.031750023e+00,main,true,rise,514
ml_samples/N8_sw0.15_x+4_i0002.h5,8,1.500000000e-01,4,2.031750023e+00,main,true,rise,294
ml_samples/N8_sw0.15_x+4_i0003.h5,8,1.500000000e-01,4,2.031750023e+00,main,true,rise,776
ml_samples/N8_sw0.15_x+4_i0004.h5,8,1.500000000e-01,4,2.031750023e+00,main,true,rise,419
ml_samples/N8_sw0.15_x+4_i0005.h5,8,1.500000000e-01,4,2.031750023e+00,main,true,rise,373
ml_samples/N8_sw0.15_x+4_i0006.h5,8,1.500000000e-01,4,2.031750023e+00,main,true,rise,456
ml_samples/N8_sw0.15_x+4_i0007.h5,8,1.500000000e-01,4,2.031750023e+00,main,true,rise,1072
ml_samples/N8_sw0.15_x+4_i0008.h5,8,1.500000000e-01,4,2.031750023e+00,main,true,rise,707
ml_samples/N8_sw0.15_x+4_i0009.h5,8,1.500000000e-01,4,2.031750023e+00,main,true,rise,803
ml_samples/N8_sw0.15_x+4_i0010.h5,8,1.500000000e-01,4,2.031750023e+00,main,true,rise,1117
ml_samples/N8_sw0.15_x+4_i0011.h5,8,1.500000000e-01,4,2.031750023e+00,main,true,rise,519
ml_samples/N8_sw0.15_x+4_i0012.h5,8,1.500000000e-01,4,2.031750023e+00,main,true,rise,396
ml_samples/N8_sw0.15_x+4_i0013.h5,8,1.500000000e-01,4,2.031750023e+00,main,true,rise,653
ml_samples/N8_sw0.15_x+4_i0014.h5,8,1.500000000e-01,4,2.031750023e+00,main,true,rise,379
ml_samples/N8_sw0.15_x+4_i0015.h5,8,1.500000000e-01,4,2.031750023e+00,main,true,rise,603
ml_samples/N8_sw0.15_x+4_i0016.h5,8,1.500000000e-01,4,2.031750023e+00,main,true,rise,949
ml_samples/N8_sw0.15_x+4_i0017.h5,8,1.500000000e-01,4,2.031750023e+00,main,true,rise,393
ml_samples/N8_sw0.15_x+4_i0018.h5,8,1.500000000e-01,4,2.031750023e+00,main,true,rise,509
ml_samples/N8_sw0.15_x+4_i0019.h5,8,1.500000000e-01,4,2.031750023e+00,main,true,rise,747
ml_samples/N8_sw0.15_x+4_i0020.h5,8,1.500000000e-01,4,2.031750023e+00,main,true,rise,423
ml_samples/N8_sw0.15_x+4_i0021.h5,8,1.500000000e-01,4,2.031750023e+00,main,true,rise,580
ml_samples/N8_sw0.15_x+4_i0022.h5,8,1.500000000e-01,4,2.031750023e+00,main,true,rise,489
ml_samples/N8_sw0.15_x+4_i0023.h5,8,1.500000000e-01,4,2.031750023e+00,main,true,rise,353
ml_samples/N8_sw0.15_x+4_i0024.h5,8,1.500000000e-01,4,2.031750023e+00,main,true,rise,531
ml_samples/N8_sw0.15_x+4_i0025.h5,8,1.500000000e-01,4,2.031750023e+00,main,true,rise,493
ml_samples/N8_sw0.15_x+4_i0026.h5,8,1.500000000e-01,4,2.031750023e+00,main,true,rise,723
ml_samples/N8_sw0.15_x+4_i0027.h5,8,1.500000000e-01,4,2.031750023e+00,main,true,rise,706
ml_samples/N8_sw0.15_x+4_i0028.h5,8,1.500000000e-01,4,2.031750023e+00,main,true,rise,931
ml_samples/N8_sw0.15_x+4_i0029.h5,8,1.500000000e-01,4,2.031750023e+00,main,true,rise,717
ml_samples/N8_sw0.15_x+4_i0030.h5,8,1.500000000e-01,4,2.031750023e+00,main,true,rise,344
ml_samples/N8_sw0.15_x+4_i0031.h5,8,1.500000000e-01,4,2.031750023e+00,main,true,rise,409
ml_samples/N8_sw0.15_x+4_i0032.h5,8,1.500000000e-01,4,2.031750023e+00,main,true,rise,730
ml_samples/N8_sw0.15_x+4_i0033.h5,8,1.500000000e-01,4,2.031750023e+00,main,true,rise,274
ml_samples/N8_sw0.15_x+4_i0034.h5,8,1.500000000e-01,4,2.031750023e+00,main,true,rise,529
ml_samples/N8_sw0.15_x+4_i0035.h5,8,1.500000000e-01,4,2.031750023e+00,main,true,rise,748
ml_samples/N8_sw0.15_x+4_i0036.h5,8,1.500000000e-01,4,2.031750023e+00,main,true,rise,912
ml_samples/N8_sw0.15_x+4_i0037.h5,8,1.500000000e-01,4,2.031750023e+00,main,true,rise,459
ml_samples/N8_sw0.15_x+4_i0038.h5,8,1.500000000e-01,4,2.031750023e+00,main,true,rise,399
ml_samples/N8_sw0.15_x+4_i0039.h5,8,1.500000000e-01,4,2.031750023e+00,main,true,rise,619
ml_samples/N8_sw0.15_x+4_i0040.h5,8,1.500000000e-01,4,2.031750023e+00,main,true,rise,910
ml_samples/N8_sw0.15_x+4_i0041.h5,8,1.500000000e-01,4,2.031750023e+00,main,true,rise,408
ml_samples/N8_sw0.15_x+4_i0042.h5,8,1.500000000e-01,4,2.031750023e+00,main,true,rise,901
ml_samples/N8_sw0.15_x+4_i0043.h5,8,1.500000000e-01,4,2.031750023e+00,main,true,rise,439
ml_samples/N8_sw0.15_x+4_i0044.h5,8,1.500000000e-01,4,2.031750023e+00,main,true,rise,1604
ml_samples/N8_sw0.15_x+4_i0045.h5,8,1.500000000e-01,4,2.031750023e+00,main,true,rise,293
ml_samples/N8_sw0.15_x+4_i0046.h5,8,1.500000000e-01,4,2.031750023e+00,main,true,rise,456
ml_samples/N8_sw0.15_x+4_i0047.h5,8,1.500000000e-01,4,2.031750023e+00,main,true,rise,1043
ml_samples/N8_sw0.15_x+4_i0048.h5,8,1.500000000e-01,4,2.031750023e+00,main,true,rise,590
ml_samples/N8_sw0.15_x+4_i0049.h5,8,1.500000000e-01,4,2.031750023e+00,main,true,rise,508
ml_samples/N8_sw0.15_x+4_i0050.h5,8,1.500000000e-01,4,2.031750023e+00,main,true,rise,793
ml_samples/N8_sw0.15_x+4_i0051.h5,8,1.500000000e-01,4,2.031750023e+00,main,true,rise,521
ml_samples/N8_sw0.15_x+4_i0052.h5,8,1.500000000e-01,4,2.031750023e+00,main,true,rise,857
ml_samples/N8_sw0.15_x+4_i0053.h5,8,1.500000000e-01,4,2.031750023e+00,main,true,rise,520
ml_samples/N8_sw0.15_x+4_i0054.h5,8,1.500000000e-01,4,2.031750023e+00,main,true,rise,1559
ml_samples/N8_sw0.15_x+4_i0055.h5,8,1.500000000e-01,4,2.031750023e+00,main,true,rise,1727
ml_samples/N8_sw0.15_x+4_i0056.h5,8,1.500000000e-01,4,2.031750023e+00,main,true,rise,327
ml_samples/N8_sw0.15_x+4_i0057.h5,8,1.500000000e-01,4,2.031750023e+00,main,true,rise,294
ml_samples/N8_sw0.15_x+4_i0058.h5,8,1.500000000e-01,4,2.031750023e+00,main,true,rise,704
ml_samples/N8_sw0.15_x+4_i0059.h5,8,1.500000000e-01,4,2.031750023e+00,main,true,rise,483
ml_samples/N8_sw0.15_x+4_i0060.h5,8,1.500000000e-01,4,2.031750023e+00,main,true,rise,275
ml_samples/N8_sw0.15_x+4_i0061.h5,8,1.500000000e-01,4,2.031750023e+00,main,true,rise,477
ml_samples/N8_sw0.15_x+4_i0062.h5,8,1.500000000e-01,4,2.031750023e+00,main,true,rise,491
ml_samples/N8_sw0.15_x+4_i0063.h5,8,1.500000000e-01,4,2.031750023e+00,main,true,rise,520
ml_samples/N8_sw0.15_x+4_i0064.h5,8,1.500000000e-01,4,2.031750023e+00,main,true,rise,655
ml_samples/N8_sw0.15_x+4_i0065.h5,8,1.500000000e-01,4,2.031750023e+00,main,true,rise,453
ml_samples/N8_sw0.15_x+4_i0066.h5,8,1.500000000e-01,4,2.031750023e+00,main,true,rise,402
ml_samples/N8_sw0.15_x+4_i0067.h5,8,1.500000000e-01,4,2.031750023e+00,main,true,rise,545
ml_samples/N8_sw0.15_x+4_i0068.h5,8,1.500000000e-01,4,2.031750023e+00,main,true,rise,336
ml_samples/N8_sw0.15_x+4_i0069.h5,8,1.500000000e-01,4,2.031750023e+00,main,true,rise,412
ml_samples/N8_sw0.15_x+4_i0070.h5,8,1.500000000e-01,4,2.031750023e+00,main,true,rise,381
ml_samples/N8_sw0.15_x+4_i0071.h5,8,1.500000000e-01,4,2.031750023e+00,main,true,rise,864
ml_samples/N8_sw0.15_x+4_i0072.h5,8,1.500000000e-01,4,2.031750023e+00,main,true,rise,488
ml_samples/N8_sw0.15_x+4_i0073.h5,8,1.500000000e-01,4,2.031750023e+00,main,true,rise,510
ml_samples/N8_sw0.15_x+4_i0074.h5,8,1.500000000e-01,4,2.031750023e+00,main,true,rise,780
ml_samples/N8_sw0.15_x+4_i0075.h5,8,1.500000000e-01,4,2.031750023e+00,main,true,rise,563
ml_samples/N8_sw0.15_x+4_i0076.h5,8,1.500000000e-01,4,2.031750023e+00,main,true,rise,729
ml_samples/N8_sw0.15_x+4_i0077.h5,8,1.500000000e-01,4,2.031750023e+00,main,true,rise,482
ml_samples/N8_sw0.15_x+4_i0078.h5,8,1.500000000e-01,4,2.031750023e+00,main,true,rise,431
ml_samples/N8_sw0.15_x+4_i0079.h5,8,1.500000000e-01,4,2.031750023e+00,main,true,rise,723
ml_samples/N8_sw0.15_x+4_i0080.h5,8,1.500000000e-01,4,2.031750023e+00,main,true,rise,404
ml_samples/N8_sw0.15_x+4_i0081.h5,8,1.500000000e-01,4,2.031750023e+00,main,true,rise,472
ml_samples/N8_sw0.15_x+4_i0082.h5,8,1.500000000e-01,4,2.031750023e+00,main,true,rise,468
ml_samples/N8_sw0.15_x+4_i0083.h5,8,1.500000000e-01,4,2.031750023e+00,main,true,rise,432
ml_samples/N8_sw0.15_x+4_i0084.h5,8,1.500000000e-01,4,2.031750023e+00,main,true,rise,484
ml_samples/N8_sw0.15_x+4_i0085.h5,8,1.500000000e-01,4,2.031750023e+00,main,true,rise,479
ml_samples/N8_sw0.15_x+4_i0086.h5,8,1.500000000e-01,4,2.031750023e+00,main,true,rise,378
ml_samples/N8_sw0.15_x+4_i0087.h5,8,1.500000000e-01,4,2.031750023e+00,main,true,rise,451
ml_samples/N8_sw0.15_x+4_i0088.h5,8,1.500000000e-01,4,2.031750023e+00,main,true,rise,662
ml_samples/N8_sw0.15_x+4_i0089.h5,8,1.500000000e-01,4,2.031750023e+00,main,true,rise,293
ml_samples/N8_sw0.15_x+4_i0090.h5,8,1.500000000e-01,4,2.031750023e+00,main,true,rise,471
ml_samples/N8_sw0.15_x+4_i0091.h5,8,1.500000000e-01,4,2.031750023e+00,main,true,rise,519
ml_samples/N8_sw0.15_x+4_i0092.h5,8,1.500000000e-01,4,2.031750023e+00,main,true,rise,527
ml_samples/N8_sw0.15_x+4_i0093.h5,8,1.500000000e-01,4,2.031750023e+00,main,true,rise,550
ml_samples/N8_sw0.15_x+4_i0094.h5,8,1.500000000e-01,4,2.031750023e+00,main,true,rise,748
ml_samples/N8_sw0.15_x+4_i0095.h5,8,1.500000000e-01,4,2.031750023e+00,main,true,rise,665
ml_samples/N8_sw0.15_x+4_i0096.h5,8,1.500000000e-01,4,2.031750023e+00,main,true,rise,325
ml_samples/N8_sw0.15_x+4_i0097.h5,8,1.500000000e-01,4,2.031750023e+00,main,true,rise,654
ml_samples/N8_sw0.15_x+4_i0098.h5,8,1.500000000e-01,4,2.031750023e+00,main,true,rise,479
ml_samples/N8_sw0.15_x+4_i0099.h5,8,1.500000000e-01,4,2.031750023e+00,main,true,rise,619
ml_samples/N8_sw0.30_x-4_i0000.h5,8,3.000000000e-01,-4,-1.063500045e+00,main,false,fall,230
ml_samples/N8_sw0.30_x-4_i0001.h5,8,3.000000000e-01,-4,-1.063500045e+00,main,false,fall,77
ml_samples/N8_sw0.30_x-4_i0002.h5,8,3.000000000e-01,-4,-1.063500045e+00,main,false,fall,102
ml_samples/N8_sw0.30_x-4_i0003.h5,8,3.000000000e-01,-4,-1.063500045e+00,main,false,fall,94
ml_samples/N8_sw0.30_x-4_i0004.h5,8,3.000000000e-01,-4,-1.063500045e+00,main,false,fall,81
ml_samples/N8_sw0.30_x-4_i0005.h5,8,3.000000000e-01,-4,-1.063500045e+00,main,false,fall,85
ml_samples/N8_sw0.30_x-4_i0006.h5,8,3.000000000e-01,-4,-1.063500045e+00,main,false,fall,118
ml_samples/N8_sw0.30_x-4_i0007.h5,8,3.000000000e-01,-4,-1.063500045e+00,main,false,fall,74
ml_samples/N8_sw0.30_x-4_i0008.h5,8,3.000000000e-01,-4,-1.063500045e+00,main,false,fall,94
ml_samples/N8_sw0.30_x-4_i0009.h5,8,3.000000000e-01,-4,-1.063500045e+00,main,false,fall,93
ml_samples/N8_sw0.30_x-4_i0010.h5,8,3.000000000e-01,-4,-1.063500045e+00,main,false,fall,124
ml_samples/N8_sw0.30_x-4_i0011.h5,8,3.000000000e-01,-4,-1.063500045e+00,main,false,fall,130
ml_samples/N8_sw0.30_x-4_i0012.h5,8,3.000000000e-01,-4,-1.063500045e+00,main,false,fall,153
ml_samples/N8_sw0.30_x-4_i0013.h5,8,3.000000000e-01,-4,-1.063500045e+00,main,false,fall,75
ml_samples/N8_sw0.30_x-4_i0014.h5,8,3.000000000e-01,-4,-1.063500045e+00,main,false,fall,105
ml_samples/N8_sw0.30_x-4_i0015.h5,8,3.000000000e-01,-4,-1.063500045e+00,main,false,fall,111
ml_samples/N8_sw0.30_x-4_i0016.h5,8,3.000000000e-01,-4,-1.063500045e+00,main,false,fall,268
ml_samples/N8_sw0.30_x-4_i0017.h5,8,3.000000000e-01,-4,-1.063500045e+00,main,false,fall,94
ml_samples/N8_sw0.30_x-4_i0018.h5,8,3.000000000e-01,-4,-1.063500045e+00,main,false,fall,263
ml_samples/N8_sw0.30_x-4_i0019.h5,8,3.000000000e-01,-4,-1.063500045e+00,main,false,fall,153
ml_samples/N8_sw0.30_x-4_i0020.h5,8,3.000000000e-01,-4,-1.063500045e+00,main,false,fall,83
ml_samples/N8_sw0.30_x-4_i0021.h5,8,3.000000000e-01,-4,-1.063500045e+00,main,false,fall,81
ml_samples/N8_sw0.30_x-4_i0022.h5,8,3.000000000e-01,-4,-1.063500045e+00,main,false,fall,67
ml_samples/N8_sw0.30_x-4_i0023.h5,8,3.000000000e-01,-4,-1.063500045e+00,main,false,fall,99
ml_samples/N8_sw0.30_x-4_i0024.h5,8,3.000000000e-01,-4,-1.063500045e+00,main,false,fall,91
ml_samples/N8_sw0.30_x-4_i0025.h5,8,3.000000000e-01,-4,-1.063500045e+00,main,false,fall,96
ml_samples/N8_sw0.30_x-4_i0026.h5,8,3.000000000e-01,-4,-1.063500045e+00,main,false,fall,97
ml_samples/N8_sw0.30_x-4_i0027.h5,8,3.000000000e-01,-4,-1.063500045e+00,main,false,fall,165
ml_samples/N8_sw0.30_x-4_i0028.h5,8,3.000000000e-01,-4,-1.063500045e+00,main,false,fall,67
ml_samples/N8_sw0.30_x-4_i0029.h5,8,3.000000000e-01,-4,-1.063500045e+00,main,false,fall,67
ml_samples/N8_sw0.30_x-4_i0030.h5,8,3.000000000e-01,-4,-1.063500045e+00,main,false,fall,53
ml_samples/N8_sw0.30_x-4_i0031.h5,8,3.000000000e-01,-4,-1.063500045e+00,main,false,fall,122
ml_samples/N8_sw0.30_x-4_i0032.h5,8,3.000000000e-01,-4,-1.063500045e+00,main,false,fall,77
ml_samples/N8_sw0.30_x-4_i0033.h5,8,3.000000000e-01,-4,-1.063500045e+00,main,false,fall,135
ml_samples/N8_sw0.30_x-4_i0034.h5,8,3.000000000e-01,-4,-1.063500045e+00,main,false,fall,96
ml_samples/N8_sw0.30_x-4_i0035.h5,8,3.000000000e-01,-4,-1.063500045e+00,main,false,fall,71
ml_samples/N8_sw0.30_x-4_i0036.h5,8,3.000000000e-01,-4,-1.063500045e+00,main,false,fall,64
ml_samples/N8_sw0.30_x-4_i0037.h5,8,3.000000000e-01,-4,-1.063500045e+00,main,false,fall,242
ml_samples/N8_sw0.30_x-4_i0038.h5,8,3.000000000e-01,-4,-1.063500045e+00,main,false,fall,97
ml_samples/N8_sw0.30_x-4_i0039.h5,8,3.000000000e-01,-4,-1.063500045e+00,main,false,fall,84
ml_samples/N8_sw0.30_x-4_i0040.h5,8,3.000000000e-01,-4,-1.063500045e+00,main,false,fall,85
ml_samples/N8_sw0.30_x-4_i0041.h5,8,3.000000000e-01,-4,-1.063500045e+00,main,false,fall,84
ml_samples/N8_sw0.30_x-4_i0042.h5,8,3.000000000e-01,-4,-1.063500045e+00,main,false,fall,305
ml_samples/N8_sw0.30_x-4_i0043.h5,8,3.000000000e-01,-4,-1.063500045e+00,main,false,fall,331
ml_samples/N8_sw0.30_x-4_i0044.h5,8,3.000000000e-01,-4,-1.063500045e+00,main,false,fall,919
ml_samples/N8_sw0.30_x-4_i0045.h5,8,3.000000000e-01,-4,-1.063500045e+00,main,false,fall,86
ml_samples/N8_sw0.30_x-4_i0046.h5,8,3.000000000e-01,-4,-1.063500045e+00,main,false,fall,240
ml_samples/N8_sw0.30_x-4_i0047.h5,8,3.000000000e-01,-4,-1.063500045e+00,main,false,fall,126
ml_samples/N8_sw0.30_x-4_i0048.h5,8,3.000000000e-01,-4,-1.063500045e+00,main,false,fall,132
ml_samples/N8_sw0.30_x-4_i0049.h5,8,3.000000000e-01,-4,-1.063500045e+00,main,false,fall,94
ml_samples/N8_sw0.30_x-4_i0050.h5,8,3.000000000e-01,-4,-1.063500045e+00,main,false,fall,181
ml_samples/N8_sw0.30_x-4_i0051.h5,8,3.000000000e-01,-4,-1.063500045e+00,main,false,fall,95
ml_samples/N8_sw0.30_x-4_i0052.h5,8,3.000000000e-01,-4,-1.063500045e+00,main,false,fall,96
ml_samples/N8_sw0.30_x-4_i0053.h5,8,3.000000000e-01,-4,-1.063500045e+00,main,false,fall,142
ml_samples/N8_sw0.30_x-4_i0054.h5,8,3.000000000e-01,-4,-1.063500045e+00,main,false,fall,98
ml_samples/N8_sw0.30_x-4_i0055.h5,8,3.000000000e-01,-4,-1.063500045e+00,main,false,fall,186
ml_samples/N8_sw0.30_x-4_i0056.h5,8,3.000000000e-01,-4,-1.063500045e+00,main,false,fall,146
ml_samples/N8_sw0.30_x-4_i0057.h5,8,3.000000000e-01,-4,-1.063500045e+00,main,false,fall,208
ml_samples/N8_sw0.30_x-4_i0058.h5,8,3.000000000e-01,-4,-1.063500045e+00,main,false,fall,90
ml_samples/N8_sw0.30_x-4_i0059.h5,8,3.000000000e-01,-4,-1.063500045e+00,main,false,fall,193
ml_samples/N8_sw0.30_x-4_i0060.h5,8,3.000000000e-01,-4,-1.063500045e+00,main,false,fall,124
ml_samples/N8_sw0.30_x-4_i0061.h5,8,3.000000000e-01,-4,-1.063500045e+00,main,false,fall,135
ml_samples/N8_sw0.30_x-4_i0062.h5,8,3.000000000e-01,-4,-1.063500045e+00,main,false,fall,193
ml_samples/N8_sw0.30_x-4_i0063.h5,8,3.000000000e-01,-4,-1.063500045e+00,main,false,fall,131
ml_samples/N8_sw0.30_x-4_i0064.h5,8,3.000000000e-01,-4,-1.063500045e+00,main,false,fall,101
ml_samples/N8_sw0.30_x-4_i0065.h5,8,3.000000000e-01,-4,-1.063500045e+00,main,false,fall,294
ml_samples/N8_sw0.30_x-4_i0066.h5,8,3.000000000e-01,-4,-1.063500045e+00,main,false,fall,139
ml_samples/N8_sw0.30_x-4_i0067.h5,8,3.000000000e-01,-4,-1.063500045e+00,main,false,fall,116
ml_samples/N8_sw0.30_x-4_i0068.h5,8,3.000000000e-01,-4,-1.063500045e+00,main,false,fall,122
ml_samples/N8_sw0.30_x-4_i0069.h5,8,3.000000000e-01,-4,-1.063500045e+00,main,false,fall,76
ml_samples/N8_sw0.30_x-4_i0070.h5,8,3.000000000e-01,-4,-1.063500045e+00,main,false,fall,150
ml_samples/N8_sw0.30_x-4_i0071.h5,8,3.000000000e-01,-4,-1.063500045e+00,main,false,fall,91
ml_samples/N8_sw0.30_x-4_i0072.h5,8,3.000000000e-01,-4,-1.063500045e+00,main,false,fall,170
ml_samples/N8_sw0.30_x-4_i0073.h5,8,3.000000000e-01,-4,-1.063500045e+00,main,false,fall,69
ml_samples/N8_sw0.30_x-4_i0074.h5,8,3.000000000e-01,-4,-1.063500045e+00,main,false,fall,169
ml_samples/N8_sw0.30_x-4_i0075.h5,8,3.000000000e-01,-4,-1.063500045e+00,main,false,fall,95
ml_samples/N8_sw0.30_x-4_i0076.h5,8,3.000000000e-01,-4,-1.063500045e+00,main,false,fall,115
ml_samples/N8_sw0.30_x-4_i0077.h5,8,3.000000000e-01,-4,-1.063500045e+00,main,false,fall,127
ml_samples/N8_sw0.30_x-4_i0078.h5,8,3.000000000e-01,-4,-1.063500045e+00,main,false,fall,860
ml_samples/N8_sw0.30_x-4_i0079.h5,8,3.000000000e-01,-4,-1.063500045e+00,main,false,fall,98
ml_samples/N8_sw0.30_x-4_i0080.h5,8,3.000000000e-01,-4,-1.063500045e+00,main,false,fall,71
ml_samples/N8_sw0.30_x-4_i0081.h5,8,3.000000000e-01,-4,-1.063500045e+00,main,false,fall,87
ml_samples/N8_sw0.30_x-4_i0082.h5,8,3.000000000e-01,-4,-1.063500045e+00,main,false,fall,131
ml_samples/N8_sw0.30_x-4_i0083.h5,8,3.000000000e-01,-4,-1.063500045e+00,main,false,fall,140
ml_samples/N8_sw0.30_x-4_i0084.h5,8,3.000000000e-01,-4,-1.063500045e+00,main,false,fall,83
ml_samples/N8_sw0.30_x-4_i0085.h5,8,3.000000000e-01,-4,-1.063500045e+00,main,false,fall,127
ml_samples/N8_sw0.30_x-4_i0086.h5,8,3.000000000e-01,-4,-1.063500045e+00,main,false,fall,426
ml_samples/N8_sw0.30_x-4_i0087.h5,8,3.000000000e-01,-4,-1.063500045e+00,main,false,fall,99
ml_samples/N8_sw0.30_x-4_i0088.h5,8,3.000000000e-01,-4,-1.063500045e+00,main,false,fall,279
ml_samples/N8_sw0.30_x-4_i0089.h5,8,3.000000000e-01,-4,-1.063500045e+00,main,false,fall,103
ml_samples/N8_sw0.30_x-4_i0090.h5,8,3.000000000e-01,-4,-1.063500045e+00,main,false,fall,65
ml_samples/N8_sw0.30_x-4_i0091.h5,8,3.000000000e-01,-4,-1.063500045e+00,main,false,fall,221
ml_samples/N8_sw0.30_x-4_i0092.h5,8,3.000000000e-01,-4,-1.063500045e+00,main,false,fall,206
ml_samples/N8_sw0.30_x-4_i0093.h5,8,3.000000000e-01,-4,-1.063500045e+00,main,false,fall,180
ml_samples/N8_sw0.30_x-4_i0094.h5,8,3.000000000e-01,-4,-1.063500045e+00,main,false,fall,105
ml_samples/N8_sw0.30_x-4_i0095.h5,8,3.000000000e-01,-4,-1.063500045e+00,main,false,fall,55
ml_samples/N8_sw0.30_x-4_i0097.h5,8,3.000000000e-01,-4,-1.063500045e+00,main,false,fall,96
ml_samples/N8_sw0.30_x-4_i0098.h5,8,3.000000000e-01,-4,-1.063500045e+00,main,false,fall,96
ml_samples/N8_sw0.30_x-4_i0099.h5,8,3.000000000e-01,-4,-1.063500045e+00,main,false,fall,113
ml_samples/N8_sw0.30_x-2_i0000.h5,8,3.000000000e-01,-2,-3.175002257e-02,main,false,fall,250
ml_samples/N8_sw0.30_x-2_i0001.h5,8,3.000000000e-01,-2,-3.175002257e-02,main,false,fall,474
ml_samples/N8_sw0.30_x-2_i0003.h5,8,3.000000000e-01,-2,-3.175002257e-02,main,false,fall,123
ml_samples/N8_sw0.30_x-2_i0004.h5,8,3.000000000e-01,-2,-3.175002257e-02,main,false,fall,121
ml_samples/N8_sw0.30_x-2_i0005.h5,8,3.000000000e-01,-2,-3.175002257e-02,main,false,fall,603
ml_samples/N8_sw0.30_x-2_i0006.h5,8,3.000000000e-01,-2,-3.175002257e-02,main,false,fall,85
ml_samples/N8_sw0.30_x-2_i0007.h5,8,3.000000000e-01,-2,-3.175002257e-02,main,false,fall,400
ml_samples/N8_sw0.30_x-2_i0008.h5,8,3.000000000e-01,-2,-3.175002257e-02,main,false,fall,155
ml_samples/N8_sw0.30_x-2_i0009.h5,8,3.000000000e-01,-2,-3.175002257e-02,main,false,fall,776
ml_samples/N8_sw0.30_x-2_i0010.h5,8,3.000000000e-01,-2,-3.175002257e-02,main,false,fall,181
ml_samples/N8_sw0.30_x-2_i0012.h5,8,3.000000000e-01,-2,-3.175002257e-02,main,false,fall,1027
ml_samples/N8_sw0.30_x-2_i0013.h5,8,3.000000000e-01,-2,-3.175002257e-02,main,false,fall,173
ml_samples/N8_sw0.30_x-2_i0014.h5,8,3.000000000e-01,-2,-3.175002257e-02,main,false,fall,87
ml_samples/N8_sw0.30_x-2_i0015.h5,8,3.000000000e-01,-2,-3.175002257e-02,main,false,fall,132
ml_samples/N8_sw0.30_x-2_i0017.h5,8,3.000000000e-01,-2,-3.175002257e-02,main,false,fall,166
ml_samples/N8_sw0.30_x-2_i0018.h5,8,3.000000000e-01,-2,-3.175002257e-02,main,false,fall,100
ml_samples/N8_sw0.30_x-2_i0020.h5,8,3.000000000e-01,-2,-3.175002257e-02,main,false,fall,112
ml_samples/N8_sw0.30_x-2_i0021.h5,8,3.000000000e-01,-2,-3.175002257e-02,main,false,fall,499
ml_samples/N8_sw0.30_x-2_i0022.h5,8,3.000000000e-01,-2,-3.175002257e-02,main,false,fall,987
ml_samples/N8_sw0.30_x-2_i0023.h5,8,3.000000000e-01,-2,-3.175002257e-02,main,false,fall,778
ml_samples/N8_sw0.30_x-2_i0024.h5,8,3.000000000e-01,-2,-3.175002257e-02,main,false,fall,248
ml_samples/N8_sw0.30_x-2_i0025.h5,8,3.000000000e-01,-2,-3.175002257e-02,main,false,fall,490
ml_samples/N8_sw0.30_x-2_i0026.h5,8,3.000000000e-01,-2,-3.175002257e-02,main,false,fall,478
ml_samples/N8_sw0.30_x-2_i0027.h5,8,3.000000000e-01,-2,-3.175002257e-02,main,false,fall,149
ml_samples/N8_sw0.30_x-2_i0028.h5,8,3.000000000e-01,-2,-3.175002257e-02,main,false,fall,185
ml_samples/N8_sw0.30_x-2_i0029.h5,8,3.000000000e-01,-2,-3.175002257e-02,main,false,fall,103
ml_samples/N8_sw0.30_x-2_i0030.h5,8,3.000000000e-01,-2,-3.175002257e-02,main,false,fall,199
ml_samples/N8_sw0.30_x-2_i0031.h5,8,3.000000000e-01,-2,-3.175002257e-02,main,false,fall,177
ml_samples/N8_sw0.30_x-2_i0032.h5,8,3.000000000e-01,-2,-3.175002257e-02,main,false,fall,198
ml_samples/N8_sw0.30_x-2_i0033.h5,8,3.000000000e-01,-2,-3.175002257e-02,main,false,fall,842
ml_samples/N8_sw0.30_x-2_i0034.h5,8,3.000000000e-01,-2,-3.175002257e-02,main,false,fall,104
ml_samples/N8_sw0.30_x-2_i0035.h5,8,3.000000000e-01,-2,-3.175002257e-02,main,false,fall,137
ml_samples/N8_sw0.30_x-2_i0036.h5,8,3.000000000e-01,-2,-3.175002257e-02,main,false,fall,279
ml_samples/N8_sw0.30_x-2_i0037.h5,8,3.000000000e-01,-2,-3.175002257e-02,main,false,fall,143
ml_samples/N8_sw0.30_x-2_i0038.h5,8,3.000000000e-01,-2,-3.175002257e-02,main,false,fall,87
ml_samples/N8_sw0.30_x-2_i0040.h5,8,3.000000000e-01,-2,-3.175002257e-02,main,false,fall,692
ml_samples/N8_sw0.30_x-2_i0041.h5,8,3.000000000e-01,-2,-3.175002257e-02,main,false,fall,181
ml_samples/N8_sw0.30_x-2_i0042.h5,8,3.000000000e-01,-2,-3.175002257e-02,main,false,fall,171
ml_samples/N8_sw0.30_x-2_i0043.h5,8,3.000000000e-01,-2,-3.175002257e-02,main,false,fall,165
ml_samples/N8_sw0.30_x-2_i0044.h5,8,3.000000000e-01,-2,-3.175002257e-02,main,false,fall,1003
ml_samples/N8_sw0.30_x-2_i0045.h5,8,3.000000000e-01,-2,-3.175002257e-02,main,false,fall,277
ml_samples/N8_sw0.30_x-2_i0046.h5,8,3.000000000e-01,-2,-3.175002257e-02,main,false,fall,283
ml_samples/N8_sw0.30_x-2_i0047.h5,8,3.000000000e-01,-2,-3.175002257e-02,main,false,fall,140
ml_samples/N8_sw0.30_x-2_i0048.h5,8,3.000000000e-01,-2,-3.175002257e-02,main,false,fall,215
ml_samples/N8_sw0.30_x-2_i0050.h5,8,3.000000000e-01,-2,-3.175002257e-02,main,false,fall,198
ml_samples/N8_sw0.30_x-2_i0051.h5,8,3.000000000e-01,-2,-3.175002257e-02,main,false,fall,165
ml_samples/N8_sw0.30_x-2_i0052.h5,8,3.000000000e-01,-2,-3.175002257e-02,main,false,fall,653
ml_samples/N8_sw0.30_x-2_i0053.h5,8,3.000000000e-01,-2,-3.175002257e-02,main,false,fall,90
ml_samples/N8_sw0.30_x-2_i0054.h5,8,3.000000000e-01,-2,-3.175002257e-02,main,false,fall,502
ml_samples/N8_sw0.30_x-2_i0055.h5,8,3.000000000e-01,-2,-3.175002257e-02,main,false,fall,800
ml_samples/N8_sw0.30_x-2_i0056.h5,8,3.000000000e-01,-2,-3.175002257e-02,main,false,fall,150
ml_samples/N8_sw0.30_x-2_i0057.h5,8,3.000000000e-01,-2,-3.175002257e-02,main,false,fall,256
ml_samples/N8_sw0.30_x-2_i0058.h5,8,3.000000000e-01,-2,-3.175002257e-02,main,false,fall,262
ml_samples/N8_sw0.30_x-2_i0059.h5,8,3.000000000e-01,-2,-3.175002257e-02,main,false,fall,200
ml_samples/N8_sw0.30_x-2_i0060.h5,8,3.000000000e-01,-2,-3.175002257e-02,main,false,fall,177
ml_samples/N8_sw0.30_x-2_i0061.h5,8,3.000000000e-01,-2,-3.175002257e-02,main,false,fall,2065
ml_samples/N8_sw0.30_x-2_i0062.h5,8,3.000000000e-01,-2,-3.175002257e-02,main,false,fall,116
ml_samples/N8_sw0.30_x-2_i0063.h5,8,3.000000000e-01,-2,-3.175002257e-02,main,false,fall,499
ml_samples/N8_sw0.30_x-2_i0064.h5,8,3.000000000e-01,-2,-3.175002257e-02,main,false,fall,99
ml_samples/N8_sw0.30_x-2_i0065.h5,8,3.000000000e-01,-2,-3.175002257e-02,main,false,fall,153
ml_samples/N8_sw0.30_x-2_i0066.h5,8,3.000000000e-01,-2,-3.175002257e-02,main,false,fall,1536
ml_samples/N8_sw0.30_x-2_i0067.h5,8,3.000000000e-01,-2,-3.175002257e-02,main,false,fall,122
ml_samples/N8_sw0.30_x-2_i0068.h5,8,3.000000000e-01,-2,-3.175002257e-02,main,false,fall,141
ml_samples/N8_sw0.30_x-2_i0069.h5,8,3.000000000e-01,-2,-3.175002257e-02,main,false,fall,68
ml_samples/N8_sw0.30_x-2_i0070.h5,8,3.000000000e-01,-2,-3.175002257e-02,main,false,fall,94
ml_samples/N8_sw0.30_x-2_i0071.h5,8,3.000000000e-01,-2,-3.175002257e-02,main,false,fall,214
ml_samples/N8_sw0.30_x-2_i0072.h5,8,3.000000000e-01,-2,-3.175002257e-02,main,false,fall,132
ml_samples/N8_sw0.30_x-2_i0073.h5,8,3.000000000e-01,-2,-3.175002257e-02,main,false,fall,377
ml_samples/N8_sw0.30_x-2_i0074.h5,8,3.000000000e-01,-2,-3.175002257e-02,main,false,fall,98
ml_samples/N8_sw0.30_x-2_i0075.h5,8,3.000000000e-01,-2,-3.175002257e-02,main,false,fall,118
ml_samples/N8_sw0.30_x-2_i0076.h5,8,3.000000000e-01,-2,-3.175002257e-02,main,false,fall,153
ml_samples/N8_sw0.30_x-2_i0077.h5,8,3.000000000e-01,-2,-3.175002257e-02,main,false,fall,83
ml_samples/N8_sw0.30_x-2_i0078.h5,8,3.000000000e-01,-2,-3.175002257e-02,main,false,fall,232
ml_samples/N8_sw0.30_x-2_i0079.h5,8,3.000000000e-01,-2,-3.175002257e-02,main,false,fall,128
ml_samples/N8_sw0.30_x-2_i0080.h5,8,3.000000000e-01,-2,-3.175002257e-02,main,false,fall,88
ml_samples/N8_sw0.30_x-2_i0081.h5,8,3.000000000e-01,-2,-3.175002257e-02,main,false,fall,154
ml_samples/N8_sw0.30_x-2_i0082.h5,8,3.000000000e-01,-2,-3.175002257e-02,main,false,fall,115
ml_samples/N8_sw0.30_x-2_i0083.h5,8,3.000000000e-01,-2,-3.175002257e-02,main,false,fall,156
ml_samples/N8_sw0.30_x-2_i0084.h5,8,3.000000000e-01,-2,-3.175002257e-02,main,false,fall,219
ml_samples/N8_sw0.30_x-2_i0085.h5,8,3.000000000e-01,-2,-3.175002257e-02,main,false,fall,1189
ml_samples/N8_sw0.30_x-2_i0086.h5,8,3.000000000e-01,-2,-3.175002257e-02,main,false,fall,59
ml_samples/N8_sw0.30_x-2_i0087.h5,8,3.000000000e-01,-2,-3.175002257e-02,main,false,fall,132
ml_samples/N8_sw0.30_x-2_i0088.h5,8,3.000000000e-01,-2,-3.175002257e-02,main,false,fall,80
ml_samples/N8_sw0.30_x-2_i0089.h5,8,3.000000000e-01,-2,-3.175002257e-02,main,false,fall,415
ml_samples/N8_sw0.30_x-2_i0090.h5,8,3.000000000e-01,-2,-3.175002257e-02,main,false,fall,342
ml_samples/N8_sw0.30_x-2_i0091.h5,8,3.000000000e-01,-2,-3.175002257e-02,main,false,fall,142
ml_samples/N8_sw0.30_x-2_i0092.h5,8,3.000000000e-01,-2,-3.175002257e-02,main,false,fall,124
ml_samples/N8_sw0.30_x-2_i0093.h5,8,3.000000000e-01,-2,-3.175002257e-02,main,false,fall,343
ml_samples/N8_sw0.30_x-2_i0094.h5,8,3.000000000e-01,-2,-3.175002257e-02,main,false,fall,232
ml_samples/N8_sw0.30_x-2_i0097.h5,8,3.000000000e-01,-2,-3.175002257e-02,main,false,fall,262
ml_samples/N8_sw0.30_x-2_i0098.h5,8,3.000000000e-01,-2,-3.175002257e-02,main,false,fall,1469
ml_samples/N8_sw0.30_x-2_i0099.h5,8,3.000000000e-01,-2,-3.175002257e-02,main,false,fall,142
ml_samples/N8_sw0.30_x-1_i0000.h5,8,3.000000000e-01,-1,4.841249887e-01,main,true,fall,85
ml_samples/N8_sw0.30_x-1_i0001.h5,8,3.000000000e-01,-1,4.841249887e-01,main,true,fall,156
ml_samples/N8_sw0.30_x-1_i0002.h5,8,3.000000000e-01,-1,4.841249887e-01,main,true,fall,392
ml_samples/N8_sw0.30_x-1_i0003.h5,8,3.000000000e-01,-1,4.841249887e-01,main,true,fall,1036
ml_samples/N8_sw0.30_x-1_i0004.h5,8,3.000000000e-01,-1,4.841249887e-01,main,true,rise,3625
ml_samples/N8_sw0.30_x-1_i0005.h5,8,3.000000000e-01,-1,4.841249887e-01,main,true,rise,1218
ml_samples/N8_sw0.30_x-1_i0006.h5,8,3.000000000e-01,-1,4.841249887e-01,main,true,rise,1051
ml_samples/N8_sw0.30_x-1_i0007.h5,8,3.000000000e-01,-1,4.841249887e-01,main,true,fall,532
ml_samples/N8_sw0.30_x-1_i0008.h5,8,3.000000000e-01,-1,4.841249887e-01,main,true,fall,263
ml_samples/N8_sw0.30_x-1_i0009.h5,8,3.000000000e-01,-1,4.841249887e-01,main,true,fall,126
ml_samples/N8_sw0.30_x-1_i0010.h5,8,3.000000000e-01,-1,4.841249887e-01,main,true,fall,545
ml_samples/N8_sw0.30_x-1_i0011.h5,8,3.000000000e-01,-1,4.841249887e-01,main,true,fall,1414
ml_samples/N8_sw0.30_x-1_i0012.h5,8,3.000000000e-01,-1,4.841249887e-01,main,true,fall,146
ml_samples/N8_sw0.30_x-1_i0013.h5,8,3.000000000e-01,-1,4.841249887e-01,main,true,fall,51
ml_samples/N8_sw0.30_x-1_i0014.h5,8,3.000000000e-01,-1,4.841249887e-01,main,true,rise,1218
ml_samples/N8_sw0.30_x-1_i0015.h5,8,3.000000000e-01,-1,4.841249887e-01,main,true,fall,1194
ml_samples/N8_sw0.30_x-1_i0016.h5,8,3.000000000e-01,-1,4.841249887e-01,main,true,fall,1036
ml_samples/N8_sw0.30_x-1_i0017.h5,8,3.000000000e-01,-1,4.841249887e-01,main,true,fall,149
ml_samples/N8_sw0.30_x-1_i0018.h5,8,3.000000000e-01,-1,4.841249887e-01,main,true,fall,1298
ml_samples/N8_sw0.30_x-1_i0019.h5,8,3.000000000e-01,-1,4.841249887e-01,main,true,fall,314
ml_samples/N8_sw0.30_x-1_i0020.h5,8,3.000000000e-01,-1,4.841249887e-01,main,true,fall,611
ml_samples/N8_sw0.30_x-1_i0021.h5,8,3.000000000e-01,-1,4.841249887e-01,main,true,fall,109
ml_samples/N8_sw0.30_x-1_i0022.h5,8,3.000000000e-01,-1,4.841249887e-01,main,true,fall,196
ml_samples/N8_sw0.30_x-1_i0023.h5,8,3.000000000e-01,-1,4.841249887e-01,main,true,fall,186
ml_samples/N8_sw0.30_x-1_i0024.h5,8,3.000000000e-01,-1,4.841249887e-01,main,true,fall,573
ml_samples/N8_sw0.30_x-1_i0025.h5,8,3.000000000e-01,-1,4.841249887e-01,main,true,fall,327
ml_samples/N8_sw0.30_x-1_i0026.h5,8,3.000000000e-01,-1,4.841249887e-01,main,true,fall,360
ml_samples/N8_sw0.30_x-1_i0027.h5,8,3.000000000e-01,-1,4.841249887e-01,main,true,fall,367
ml_samples/N8_sw0.30_x-1_i0028.h5,8,3.000000000e-01,-1,4.841249887e-01,main,true,fall,132
ml_samples/N8_sw0.30_x-1_i0029.h5,8,3.000000000e-01,-1,4.841249887e-01,main,true,fall,353
ml_samples/N8_sw0.30_x-1_i0030.h5,8,3.000000000e-01,-1,4.841249887e-01,main,true,fall,1701
ml_samples/N8_sw0.30_x-1_i0031.h5,8,3.000000000e-01,-1,4.841249887e-01,main,true,fall,852
ml_samples/N8_sw0.30_x-1_i0032.h5,8,3.000000000e-01,-1,4.841249887e-01,main,true,fall,163
ml_samples/N8_sw0.30_x-1_i0033.h5,8,3.000000000e-01,-1,4.841249887e-01,main,true,rise,576
ml_samples/N8_sw0.30_x-1_i0034.h5,8,3.000000000e-01,-1,4.841249887e-01,main,true,fall,451
ml_samples/N8_sw0.30_x-1_i0035.h5,8,3.000000000e-01,-1,4.841249887e-01,main,true,fall,1889
ml_samples/N8_sw0.30_x-1_i0036.h5,8,3.000000000e-01,-1,4.841249887e-01,main,true,fall,507
ml_samples/N8_sw0.30_x-1_i0037.h5,8,3.000000000e-01,-1,4.841249887e-01,main,true,fall,410
ml_samples/N8_sw0.30_x-1_i0038.h5,8,3.000000000e-01,-1,4.841249887e-01,main,true,fall,390
ml_samples/N8_sw0.30_x-1_i0039.h5,8,3.000000000e-01,-1,4.841249887e-01,main,true,fall,1208
ml_samples/N8_sw0.30_x-1_i0040.h5,8,3.000000000e-01,-1,4.841249887e-01,main,true,fall,349
ml_samples/N8_sw0.30_x-1_i0041.h5,8,3.000000000e-01,-1,4.841249887e-01,main,true,fall,331
ml_samples/N8_sw0.30_x-1_i0042.h5,8,3.000000000e-01,-1,4.841249887e-01,main,true,fall,1841
ml_samples/N8_sw0.30_x-1_i0043.h5,8,3.000000000e-01,-1,4.841249887e-01,main,true,fall,68
ml_samples/N8_sw0.30_x-1_i0044.h5,8,3.000000000e-01,-1,4.841249887e-01,main,true,fall,211
ml_samples/N8_sw0.30_x-1_i0045.h5,8,3.000000000e-01,-1,4.841249887e-01,main,true,fall,435
ml_samples/N8_sw0.30_x-1_i0046.h5,8,3.000000000e-01,-1,4.841249887e-01,main,true,fall,1646
ml_samples/N8_sw0.30_x-1_i0047.h5,8,3.000000000e-01,-1,4.841249887e-01,main,true,rise,426
ml_samples/N8_sw0.30_x-1_i0048.h5,8,3.000000000e-01,-1,4.841249887e-01,main,true,fall,597
ml_samples/N8_sw0.30_x-1_i0049.h5,8,3.000000000e-01,-1,4.841249887e-01,main,true,rise,1155
ml_samples/N8_sw0.30_x-1_i0050.h5,8,3.000000000e-01,-1,4.841249887e-01,main,true,fall,301
ml_samples/N8_sw0.30_x-1_i0051.h5,8,3.000000000e-01,-1,4.841249887e-01,main,true,fall,162
ml_samples/N8_sw0.30_x-1_i0052.h5,8,3.000000000e-01,-1,4.841249887e-01,main,true,fall,266
ml_samples/N8_sw0.30_x-1_i0053.h5,8,3.000000000e-01,-1,4.841249887e-01,main,true,fall,290
ml_samples/N8_sw0.30_x-1_i0054.h5,8,3.000000000e-01,-1,4.841249887e-01,main,true,fall,691
ml_samples/N8_sw0.30_x-1_i0055.h5,8,3.000000000e-01,-1,4.841249887e-01,main,true,fall,1327
ml_samples/N8_sw0.30_x-1_i0056.h5,8,3.000000000e-01,-1,4.841249887e-01,main,true,fall,135
ml_samples/N8_sw0.30_x-1_i0057.h5,8,3.000000000e-01,-1,4.841249887e-01,main,true,rise,998
ml_samples/N8_sw0.30_x-1_i0058.h5,8,3.000000000e-01,-1,4.841249887e-01,main,true,fall,316
ml_samples/N8_sw0.30_x-1_i0059.h5,8,3.000000000e-01,-1,4.841249887e-01,main,true,fall,2005
ml_samples/N8_sw0.30_x-1_i0060.h5,8,3.000000000e-01,-1,4.841249887e-01,main,true,fall,92
ml_samples/N8_sw0.30_x-1_i0061.h5,8,3.000000000e-01,-1,4.841249887e-01,main,true,fall,570
ml_samples/N8_sw0.30_x-1_i0062.h5,8,3.000000000e-01,-1,4.841249887e-01,main,true,fall,162
ml_samples/N8_sw0.30_x-1_i0063.h5,8,3.000000000e-01,-1,4.841249887e-01,main,true,fall,394
ml_samples/N8_sw0.30_x-1_i0064.h5,8,3.000000000e-01,-1,4.841249887e-01,main,true,fall,127
ml_samples/N8_sw0.30_x-1_i0065.h5,8,3.000000000e-01,-1,4.841249887e-01,main,true,fall,333
ml_samples/N8_sw0.30_x-1_i0066.h5,8,3.000000000e-01,-1,4.841249887e-01,main,true,fall,1080
ml_samples/N8_sw0.30_x-1_i0067.h5,8,3.000000000e-01,-1,4.841249887e-01,main,true,fall,884
ml_samples/N8_sw0.30_x-1_i0068.h5,8,3.000000000e-01,-1,4.841249887e-01,main,true,fall,490
ml_samples/N8_sw0.30_x-1_i0069.h5,8,3.000000000e-01,-1,4.841249887e-01,main,true,fall,158
ml_samples/N8_sw0.30_x-1_i0070.h5,8,3.000000000e-01,-1,4.841249887e-01,main,true,fall,302
ml_samples/N8_sw0.30_x-1_i0071.h5,8,3.000000000e-01,-1,4.841249887e-01,main,true,rise,1695
ml_samples/N8_sw0.30_x-1_i0072.h5,8,3.000000000e-01,-1,4.841249887e-01,main,true,fall,518
ml_samples/N8_sw0.30_x-1_i0073.h5,8,3.000000000e-01,-1,4.841249887e-01,main,true,fall,634
ml_samples/N8_sw0.30_x-1_i0074.h5,8,3.000000000e-01,-1,4.841249887e-01,main,true,fall,720
ml_samples/N8_sw0.30_x-1_i0075.h5,8,3.000000000e-01,-1,4.841249887e-01,main,true,rise,1369
ml_samples/N8_sw0.30_x-1_i0076.h5,8,3.000000000e-01,-1,4.841249887e-01,main,true,fall,410
ml_samples/N8_sw0.30_x-1_i0077.h5,8,3.000000000e-01,-1,4.841249887e-01,main,true,fall,370
ml_samples/N8_sw0.30_x-1_i0078.h5,8,3.000000000e-01,-1,4.841249887e-01,main,true,fall,109
ml_samples/N8_sw0.30_x-1_i0079.h5,8,3.000000000e-01,-1,4.841249887e-01,main,true,fall,366
ml_samples/N8_sw0.30_x-1_i0080.h5,8,3.000000000e-01,-1,4.841249887e-01,main,true,fall,923
ml_samples/N8_sw0.30_x-1_i0081.h5,8,3.000000000e-01,-1,4.841249887e-01,main,true,fall,228
ml_samples/N8_sw0.30_x-1_i0082.h5,8,3.000000000e-01,-1,4.841249887e-01,main,true,fall,495
ml_samples/N8_sw0.30_x-1_i0083.h5,8,3.000000000e-01,-1,4.841249887e-01,main,true,fall,137
ml_samples/N8_sw0.30_x-1_i0084.h5,8,3.000000000e-01,-1,4.841249887e-01,main,true,fall,677
ml_samples/N8_sw0.30_x-1_i0085.h5,8,3.000000000e-01,-1,4.841249887e-01,main,true,fall,359
ml_samples/N8_sw0.30_x-1_i0086.h5,8,3.000000000e-01,-1,4.841249887e-01,main,true,fall,741
ml_samples/N8_sw0.30_x-1_i0087.h5,8,3.000000000e-01,-1,4.841249887e-01,main,true,fall,101
ml_samples/N8_sw0.30_x-1_i0088.h5,8,3.000000000e-01,-1,4.841249887e-01,main,true,fall,173
ml_samples/N8_sw0.30_x-1_i0089.h5,8,3.000000000e-01,-1,4.841249887e-01,main,true,fall,136
ml_samples/N8_sw0.30_x-1_i0090.h5,8,3.000000000e-01,-1,4.841249887e-01,main,true,fall,761
ml_samples/N8_sw0.30_x-1_i0091.h5,8,3.000000000e-01,-1,4.841249887e-01,main,true,fall,99
ml_samples/N8_sw0.30_x-1_i0092.h5,8,3.000000000e-01,-1,4.841249887e-01,main,true,fall,587
ml_samples/N8_sw0.30_x-1_i0093.h5,8,3.000000000e-01,-1,4.841249887e-01,main,true,fall,103
ml_samples/N8_sw0.30_x-1_i0094.h5,8,3.000000000e-01,-1,4.841249887e-01,main,true,fall,1634
ml_samples/N8_sw0.30_x-1_i0095.h5,8,3.000000000e-01,-1,4.841249887e-01,main,true,fall,113
ml_samples/N8_sw0.30_x-1_i0096.h5,8,3.000000000e-01,-1,4.841249887e-01,main,true,fall,146
ml_samples/N8_sw0.30_x-1_i0097.h5,8,3.000000000e-01,-1,4.841249887e-01,main,true,fall,152
ml_samples/N8_sw0.30_x-1_i0098.h5,8,3.000000000e-01,-1,4.841249887e-01,main,true,fall,526
ml_samples/N8_sw0.30_x-1_i0099.h5,8,3.000000000e-01,-1,4.841249887e-01,main,true,fall,165
ml_samples/N8_sw0.30_x-1_i0100.h5,8,3.000000000e-01,-1,4.841249887e-01,main,true,fall,244
ml_samples/N8_sw0.30_x-1_i0101.h5,8,3.000000000e-01,-1,4.841249887e-01,main,true,fall,342
ml_samples/N8_sw0.30_x-1_i0102.h5,8,3.000000000e-01,-1,4.841249887e-01,main,true,fall,948
ml_samples/N8_sw0.30_x-1_i0103.h5,8,3.000000000e-01,-1,4.841249887e-01,main,true,fall,232
ml_samples/N8_sw0.30_x-1_i0104.h5,8,3.000000000e-01,-1,4.841249887e-01,main,true,fall,176
ml_samples/N8_sw0.30_x-1_i0105.h5,8,3.000000000e-01,-1,4.841249887e-01,main,true,fall,251
ml_samples/N8_sw0.30_x-1_i0106.h5,8,3.000000000e-01,-1,4.841249887e-01,main,true,fall,269
ml_samples/N8_sw0.30_x-1_i0107.h5,8,3.000000000e-01,-1,4.841249887e-01,main,true,fall,146
ml_samples/N8_sw0.30_x-1_i0108.h5,8,3.000000000e-01,-1,4.841249887e-01,main,true,fall,246
ml_samples/N8_sw0.30_x-1_i0109.h5,8,3.000000000e-01,-1,4.841249887e-01,main,true,fall,1291
ml_samples/N8_sw0.30_x-1_i0110.h5,8,3.000000000e-01,-1,4.841249887e-01,main,true,fall,3341
ml_samples/N8_sw0.30_x-1_i0111.h5,8,3.000000000e-01,-1,4.841249887e-01,main,true,fall,171
ml_samples/N8_sw0.30_x-1_i0112.h5,8,3.000000000e-01,-1,4.841249887e-01,main,true,fall,261
ml_samples/N8_sw0.30_x-1_i0113.h5,8,3.000000000e-01,-1,4.841249887e-01,main,true,fall,327
ml_samples/N8_sw0.30_x-1_i0114.h5,8,3.000000000e-01,-1,4.841249887e-01,main,true,fall,160
ml_samples/N8_sw0.30_x-1_i0115.h5,8,3.000000000e-01,-1,4.841249887e-01,main,true,fall,465
ml_samples/N8_sw0.30_x-1_i0116.h5,8,3.000000000e-01,-1,4.841249887e-01,main,true,fall,120
ml_samples/N8_sw0.30_x-1_i0117.h5,8,3.000000000e-01,-1,4.841249887e-01,main,true,rise,1363
ml_samples/N8_sw0.30_x-1_i0118.h5,8,3.000000000e-01,-1,4.841249887e-01,main,true,fall,409
ml_samples/N8_sw0.30_x-1_i0119.h5,8,3.000000000e-01,-1,4.841249887e-01,main,true,fall,232
ml_samples/N8_sw0.30_x-1_i0120.h5,8,3.000000000e-01,-1,4.841249887e-01,main,true,fall,440
ml_samples/N8_sw0.30_x-1_i0121.h5,8,3.000000000e-01,-1,4.841249887e-01,main,true,fall,188
ml_samples/N8_sw0.30_x-1_i0122.h5,8,3.000000000e-01,-1,4.841249887e-01,main,true,fall,248
ml_samples/N8_sw0.30_x-1_i0123.h5,8,3.000000000e-01,-1,4.841249887e-01,main,true,fall,68
ml_samples/N8_sw0.30_x-1_i0124.h5,8,3.000000000e-01,-1,4.841249887e-01,main,true,rise,1154
ml_samples/N8_sw0.30_x-1_i0125.h5,8,3.000000000e-01,-1,4.841249887e-01,main,true,fall,201
ml_samples/N8_sw0.30_x-1_i0126.h5,8,3.000000000e-01,-1,4.841249887e-01,main,true,fall,2491
ml_samples/N8_sw0.30_x-1_i0127.h5,8,3.000000000e-01,-1,4.841249887e-01,main,true,rise,812
ml_samples/N8_sw0.30_x-1_i0128.h5,8,3.000000000e-01,-1,4.841249887e-01,main,true,fall,765
ml_samples/N8_sw0.30_x-1_i0129.h5,8,3.000000000e-01,-1,4.841249887e-01,main,true,fall,609
ml_samples/N8_sw0.30_x-1_i0130.h5,8,3.000000000e-01,-1,4.841249887e-01,main,true,fall,488
ml_samples/N8_sw0.30_x-1_i0131.h5,8,3.000000000e-01,-1,4.841249887e-01,main,true,fall,301
ml_samples/N8_sw0.30_x-1_i0132.h5,8,3.000000000e-01,-1,4.841249887e-01,main,true,fall,133
ml_samples/N8_sw0.30_x-1_i0133.h5,8,3.000000000e-01,-1,4.841249887e-01,main,true,fall,1487
ml_samples/N8_sw0.30_x-1_i0134.h5,8,3.000000000e-01,-1,4.841249887e-01,main,true,rise,1767
ml_samples/N8_sw0.30_x-1_i0135.h5,8,3.000000000e-01,-1,4.841249887e-01,main,true,fall,183
ml_samples/N8_sw0.30_x-1_i0136.h5,8,3.000000000e-01,-1,4.841249887e-01,main,true,fall,256
ml_samples/N8_sw0.30_x-1_i0137.h5,8,3.000000000e-01,-1,4.841249887e-01,main,true,fall,1543
ml_samples/N8_sw0.30_x-1_i0138.h5,8,3.000000000e-01,-1,4.841249887e-01,main,true,fall,128
ml_samples/N8_sw0.30_x-1_i0139.h5,8,3.000000000e-01,-1,4.841249887e-01,main,true,fall,497
ml_samples/N8_sw0.30_x-1_i0140.h5,8,3.000000000e-01,-1,4.841249887e-01,main,true,fall,485
ml_samples/N8_sw0.30_x-1_i0141.h5,8,3.000000000e-01,-1,4.841249887e-01,main,true,fall,181
ml_samples/N8_sw0.30_x-1_i0142.h5,8,3.000000000e-01,-1,4.841249887e-01,main,true,fall,651
ml_samples/N8_sw0.30_x-1_i0143.h5,8,3.000000000e-01,-1,4.841249887e-01,main,true,fall,315
ml_samples/N8_sw0.30_x-1_i0144.h5,8,3.000000000e-01,-1,4.841249887e-01,main,true,fall,123
ml_samples/N8_sw0.30_x-1_i0145.h5,8,3.000000000e-01,-1,4.841249887e-01,main,true,fall,723
ml_samples/N8_sw0.30_x-1_i0146.h5,8,3.000000000e-01,-1,4.841249887e-01,main,true,fall,319
ml_samples/N8_sw0.30_x-1_i0147.h5,8,3.000000000e-01,-1,4.841249887e-01,main,true,fall,152
ml_samples/N8_sw0.30_x-1_i0148.h5,8,3.000000000e-01,-1,4.841249887e-01,main,true,fall,113
ml_samples/N8_sw0.30_x-1_i0149.h5,8,3.000000000e-01,-1,4.841249887e-01,main,true,fall,122
ml_samples/N8_sw0.30_x-1_i0150.h5,8,3.000000000e-01,-1,4.841249887e-01,main,true,fall,230
ml_samples/N8_sw0.30_x-1_i0151.h5,8,3.000000000e-01,-1,4.841249887e-01,main,true,fall,404
ml_samples/N8_sw0.30_x-1_i0152.h5,8,3.000000000e-01,-1,4.841249887e-01,main,true,fall,453
ml_samples/N8_sw0.30_x-1_i0153.h5,8,3.000000000e-01,-1,4.841249887e-01,main,true,fall,177
ml_samples/N8_sw0.30_x-1_i0154.h5,8,3.000000000e-01,-1,4.841249887e-01,main,true,fall,267
ml_samples/N8_sw0.30_x-1_i0155.h5,8,3.000000000e-01,-1,4.841249887e-01,main,true,fall,441
ml_samples/N8_sw0.30_x-1_i0156.h5,8,3.000000000e-01,-1,4.841249887e-01,main,true,fall,420
ml_samples/N8_sw0.30_x-1_i0157.h5,8,3.000000000e-01,-1,4.841249887e-01,main,true,fall,174
ml_samples/N8_sw0.30_x-1_i0158.h5,8,3.000000000e-01,-1,4.841249887e-01,main,true,fall,353
ml_samples/N8_sw0.30_x-1_i0159.h5,8,3.000000000e-01,-1,4.841249887e-01,main,true,fall,655
ml_samples/N8_sw0.30_x-1_i0160.h5,8,3.000000000e-01,-1,4.841249887e-01,main,true,fall,483
ml_samples/N8_sw0.30_x-1_i0161.h5,8,3.000000000e-01,-1,4.841249887e-01,main,true,fall,402
ml_samples/N8_sw0.30_x-1_i0162.h5,8,3.000000000e-01,-1,4.841249887e-01,main,true,fall,2037
ml_samples/N8_sw0.30_x-1_i0163.h5,8,3.000000000e-01,-1,4.841249887e-01,main,true,fall,1723
ml_samples/N8_sw0.30_x-1_i0164.h5,8,3.000000000e-01,-1,4.841249887e-01,main,true,fall,837
ml_samples/N8_sw0.30_x-1_i0165.h5,8,3.000000000e-01,-1,4.841249887e-01,main,true,fall,432
ml_samples/N8_sw0.30_x-1_i0166.h5,8,3.000000000e-01,-1,4.841249887e-01,main,true,fall,543
ml_samples/N8_sw0.30_x-1_i0167.h5,8,3.000000000e-01,-1,4.841249887e-01,main,true,fall,2224
ml_samples/N8_sw0.30_x-1_i0168.h5,8,3.000000000e-01,-1,4.841249887e-01,main,true,fall,2294
ml_samples/N8_sw0.30_x-1_i0169.h5,8,3.000000000e-01,-1,4.841249887e-01,main,true,fall,855
ml_samples/N8_sw0.30_x-1_i0170.h5,8,3.000000000e-01,-1,4.841249887e-01,main,true,fall,251
ml_samples/N8_sw0.30_x-1_i0171.h5,8,3.000000000e-01,-1,4.841249887e-01,main,true,fall,1238
ml_samples/N8_sw0.30_x-1_i0172.h5,8,3.000000000e-01,-1,4.841249887e-01,main,true,fall,280
ml_samples/N8_sw0.30_x-1_i0173.h5,8,3.000000000e-01,-1,4.841249887e-01,main,true,fall,101
ml_samples/N8_sw0.30_x-1_i0174.h5,8,3.000000000e-01,-1,4.841249887e-01,main,true,fall,137
ml_samples/N8_sw0.30_x-1_i0175.h5,8,3.000000000e-01,-1,4.841249887e-01,main,true,fall,125
ml_samples/N8_sw0.30_x-1_i0176.h5,8,3.000000000e-01,-1,4.841249887e-01,main,true,fall,274
ml_samples/N8_sw0.30_x-1_i0177.h5,8,3.000000000e-01,-1,4.841249887e-01,main,true,fall,141
ml_samples/N8_sw0.30_x-1_i0178.h5,8,3.000000000e-01,-1,4.841249887e-01,main,true,fall,308
ml_samples/N8_sw0.30_x-1_i0179.h5,8,3.000000000e-01,-1,4.841249887e-01,main,true,fall,1066
ml_samples/N8_sw0.30_x-1_i0180.h5,8,3.000000000e-01,-1,4.841249887e-01,main,true,fall,286
ml_samples/N8_sw0.30_x-1_i0181.h5,8,3.000000000e-01,-1,4.841249887e-01,main,true,fall,273
ml_samples/N8_sw0.30_x-1_i0182.h5,8,3.000000000e-01,-1,4.841249887e-01,main,true,fall,1023
ml_samples/N8_sw0.30_x-1_i0183.h5,8,3.000000000e-01,-1,4.841249887e-01,main,true,fall,248
ml_samples/N8_sw0.30_x-1_i0184.h5,8,3.000000000e-01,-1,4.841249887e-01,main,true,fall,1340
ml_samples/N8_sw0.30_x-1_i0185.h5,8,3.000000000e-01,-1,4.841249887e-01,main,true,fall,800
ml_samples/N8_sw0.30_x-1_i0186.h5,8,3.000000000e-01,-1,4.841249887e-01,main,true,fall,721
ml_samples/N8_sw0.30_x-1_i0187.h5,8,3.000000000e-01,-1,4.841249887e-01,main,true,fall,1907
ml_samples/N8_sw0.30_x-1_i0188.h5,8,3.000000000e-01,-1,4.841249887e-01,main,true,fall,81
ml_samples/N8_sw0.30_x-1_i0189.h5,8,3.000000000e-01,-1,4.841249887e-01,main,true,fall,846
ml_samples/N8_sw0.30_x-1_i0190.h5,8,3.000000000e-01,-1,4.841249887e-01,main,true,fall,756
ml_samples/N8_sw0.30_x-1_i0191.h5,8,3.000000000e-01,-1,4.841249887e-01,main,true,fall,86
ml_samples/N8_sw0.30_x-1_i0192.h5,8,3.000000000e-01,-1,4.841249887e-01,main,true,fall,376
ml_samples/N8_sw0.30_x-1_i0193.h5,8,3.000000000e-01,-1,4.841249887e-01,main,true,fall,192
ml_samples/N8_sw0.30_x-1_i0194.h5,8,3.000000000e-01,-1,4.841249887e-01,main,true,fall,2230
ml_samples/N8_sw0.30_x-1_i0195.h5,8,3.000000000e-01,-1,4.841249887e-01,main,true,fall,105
ml_samples/N8_sw0.30_x-1_i0196.h5,8,3.000000000e-01,-1,4.841249887e-01,main,true,fall,677
ml_samples/N8_sw0.30_x-1_i0197.h5,8,3.000000000e-01,-1,4.841249887e-01,main,true,fall,1127
ml_samples/N8_sw0.30_x-1_i0198.h5,8,3.000000000e-01,-1,4.841249887e-01,main,true,fall,207
ml_samples/N8_sw0.30_x-1_i0199.h5,8,3.000000000e-01,-1,4.841249887e-01,main,true,fall,1223
ml_samples/N8_sw0.30_x+0_i0000.h5,8,3.000000000e-01,0,1.000000000e+00,main,true,rise,1063
ml_samples/N8_sw0.30_x+0_i0001.h5,8,3.000000000e-01,0,1.000000000e+00,main,true,fall,3750
ml_samples/N8_sw0.30_x+0_i0002.h5,8,3.000000000e-01,0,1.000000000e+00,main,true,fall,368
ml_samples/N8_sw0.30_x+0_i0003.h5,8,3.000000000e-01,0,1.000000000e+00,main,true,fall,1604
ml_samples/N8_sw0.30_x+0_i0004.h5,8,3.000000000e-01,0,1.000000000e+00,main,true,fall,731
ml_samples/N8_sw0.30_x+0_i0005.h5,8,3.000000000e-01,0,1.000000000e+00,main,true,fall,559
ml_samples/N8_sw0.30_x+0_i0006.h5,8,3.000000000e-01,0,1.000000000e+00,main,true,fall,170
ml_samples/N8_sw0.30_x+0_i0007.h5,8,3.000000000e-01,0,1.000000000e+00,main,true,fall,716
ml_samples/N8_sw0.30_x+0_i0008.h5,8,3.000000000e-01,0,1.000000000e+00,main,true,rise,5471
ml_samples/N8_sw0.30_x+0_i0009.h5,8,3.000000000e-01,0,1.000000000e+00,main,true,fall,261
ml_samples/N8_sw0.30_x+0_i0010.h5,8,3.000000000e-01,0,1.000000000e+00,main,true,fall,533
ml_samples/N8_sw0.30_x+0_i0011.h5,8,3.000000000e-01,0,1.000000000e+00,main,true,fall,1279
ml_samples/N8_sw0.30_x+0_i0012.h5,8,3.000000000e-01,0,1.000000000e+00,main,true,fall,473
ml_samples/N8_sw0.30_x+0_i0013.h5,8,3.000000000e-01,0,1.000000000e+00,main,true,fall,263
ml_samples/N8_sw0.30_x+0_i0014.h5,8,3.000000000e-01,0,1.000000000e+00,main,true,fall,149
ml_samples/N8_sw0.30_x+0_i0015.h5,8,3.000000000e-01,0,1.000000000e+00,main,true,rise,2543
ml_samples/N8_sw0.30_x+0_i0016.h5,8,3.000000000e-01,0,1.000000000e+00,main,true,rise,1061
ml_samples/N8_sw0.30_x+0_i0017.h5,8,3.000000000e-01,0,1.000000000e+00,main,true,fall,409
ml_samples/N8_sw0.30_x+0_i0018.h5,8,3.000000000e-01,0,1.000000000e+00,main,true,fall,931
ml_samples/N8_sw0.30_x+0_i0019.h5,8,3.000000000e-01,0,1.000000000e+00,main,true,fall,888
ml_samples/N8_sw0.30_x+0_i0020.h5,8,3.000000000e-01,0,1.000000000e+00,main,true,fall,234
ml_samples/N8_sw0.30_x+0_i0021.h5,8,3.000000000e-01,0,1.000000000e+00,main,true,fall,555
ml_samples/N8_sw0.30_x+0_i0022.h5,8,3.000000000e-01,0,1.000000000e+00,main,true,rise,1296
ml_samples/N8_sw0.30_x+0_i0023.h5,8,3.000000000e-01,0,1.000000000e+00,main,true,rise,642
ml_samples/N8_sw0.30_x+0_i0024.h5,8,3.000000000e-01,0,1.000000000e+00,main,true,rise,1609
ml_samples/N8_sw0.30_x+0_i0025.h5,8,3.000000000e-01,0,1.000000000e+00,main,true,rise,1058
ml_samples/N8_sw0.30_x+0_i0026.h5,8,3.000000000e-01,0,1.000000000e+00,main,true,rise,882
ml_samples/N8_sw0.30_x+0_i0027.h5,8,3.000000000e-01,0,1.000000000e+00,main,true,fall,359
ml_samples/N8_sw0.30_x+0_i0028.h5,8,3.000000000e-01,0,1.000000000e+00,main,true,rise,2380
ml_samples/N8_sw0.30_x+0_i0029.h5,8,3.000000000e-01,0,1.000000000e+00,main,true,fall,1660
ml_samples/N8_sw0.30_x+0_i0030.h5,8,3.000000000e-01,0,1.000000000e+00,main,true,fall,217
ml_samples/N8_sw0.30_x+0_i0031.h5,8,3.000000000e-01,0,1.000000000e+00,main,true,rise,754
ml_samples/N8_sw0.30_x+0_i0032.h5,8,3.000000000e-01,0,1.000000000e+00,main,true,fall,155
ml_samples/N8_sw0.30_x+0_i0033.h5,8,3.000000000e-01,0,1.000000000e+00,main,true,rise,779
ml_samples/N8_sw0.30_x+0_i0034.h5,8,3.000000000e-01,0,1.000000000e+00,main,true,fall,412
ml_samples/N8_sw0.30_x+0_i0035.h5,8,3.000000000e-01,0,1.000000000e+00,main,true,fall,266
ml_samples/N8_sw0.30_x+0_i0036.h5,8,3.000000000e-01,0,1.000000000e+00,main,true,rise,517
ml_samples/N8_sw0.30_x+0_i0037.h5,8,3.000000000e-01,0,1.000000000e+00,main,true,fall,204
ml_samples/N8_sw0.30_x+0_i0038.h5,8,3.000000000e-01,0,1.000000000e+00,main,true,rise,1480
ml_samples/N8_sw0.30_x+0_i0039.h5,8,3.000000000e-01,0,1.000000000e+00,main,true,fall,824
ml_samples/N8_sw0.30_x+0_i0040.h5,8,3.000000000e-01,0,1.000000000e+00,main,true,fall,1620
ml_samples/N8_sw0.30_x+0_i0041.h5,8,3.000000000e-01,0,1.000000000e+00,main,true,fall,450
ml_samples/N8_sw0.30_x+0_i0042.h5,8,3.000000000e-01,0,1.000000000e+00,main,true,rise,1374
ml_samples/N8_sw0.30_x+0_i0043.h5,8,3.000000000e-01,0,1.000000000e+00,main,true,fall,147
ml_samples/N8_sw0.30_x+0_i0044.h5,8,3.000000000e-01,0,1.000000000e+00,main,true,rise,476
ml_samples/N8_sw0.30_x+0_i0045.h5,8,3.000000000e-01,0,1.000000000e+00,main,true,fall,2824
ml_samples/N8_sw0.30_x+0_i0046.h5,8,3.000000000e-01,0,1.000000000e+00,main,true,rise,699
ml_samples/N8_sw0.30_x+0_i0047.h5,8,3.000000000e-01,0,1.000000000e+00,main,true,fall,527
ml_samples/N8_sw0.30_x+0_i0048.h5,8,3.000000000e-01,0,1.000000000e+00,main,true,fall,744
ml_samples/N8_sw0.30_x+0_i0049.h5,8,3.000000000e-01,0,1.000000000e+00,main,true,fall,674
ml_samples/N8_sw0.30_x+0_i0050.h5,8,3.000000000e-01,0,1.000000000e+00,main,true,rise,2162
ml_samples/N8_sw0.30_x+0_i0051.h5,8,3.000000000e-01,0,1.000000000e+00,main,true,fall,180
ml_samples/N8_sw0.30_x+0_i0052.h5,8,3.000000000e-01,0,1.000000000e+00,main,true,fall,337
ml_samples/N8_sw0.30_x+0_i0053.h5,8,3.000000000e-01,0,1.000000000e+00,main,true,fall,1943
ml_samples/N8_sw0.30_x+0_i0054.h5,8,3.000000000e-01,0,1.000000000e+00,main,true,fall,560
ml_samples/N8_sw0.30_x+0_i0055.h5,8,3.000000000e-01,0,1.000000000e+00,main,true,fall,434
ml_samples/N8_sw0.30_x+0_i0056.h5,8,3.000000000e-01,0,1.000000000e+00,main,true,fall,426
ml_samples/N8_sw0.30_x+0_i0057.h5,8,3.000000000e-01,0,1.000000000e+00,main,true,rise,437
ml_samples/N8_sw0.30_x+0_i0058.h5,8,3.000000000e-01,0,1.000000000e+00,main,true,fall,2409
ml_samples/N8_sw0.30_x+0_i0059.h5,8,3.000000000e-01,0,1.000000000e+00,main,true,fall,1441
ml_samples/N8_sw0.30_x+0_i0060.h5,8,3.000000000e-01,0,1.000000000e+00,main,true,rise,516
ml_samples/N8_sw0.30_x+0_i0061.h5,8,3.000000000e-01,0,1.000000000e+00,main,true,rise,246
ml_samples/N8_sw0.30_x+0_i0062.h5,8,3.000000000e-01,0,1.000000000e+00,main,true,fall,553
ml_samples/N8_sw0.30_x+0_i0063.h5,8,3.000000000e-01,0,1.000000000e+00,main,true,fall,169
ml_samples/N8_sw0.30_x+0_i0064.h5,8,3.000000000e-01,0,1.000000000e+00,main,true,rise,1466
ml_samples/N8_sw0.30_x+0_i0065.h5,8,3.000000000e-01,0,1.000000000e+00,main,true,fall,354
ml_samples/N8_sw0.30_x+0_i0066.h5,8,3.000000000e-01,0,1.000000000e+00,main,true,fall,420
ml_samples/N8_sw0.30_x+0_i0067.h5,8,3.000000000e-01,0,1.000000000e+00,main,true,fall,169
ml_samples/N8_sw0.30_x+0_i0068.h5,8,3.000000000e-01,0,1.000000000e+00,main,true,fall,525
ml_samples/N8_sw0.30_x+0_i0069.h5,8,3.000000000e-01,0,1.000000000e+00,main,true,fall,1463
ml_samples/N8_sw0.30_x+0_i0070.h5,8,3.000000000e-01,0,1.000000000e+00,main,true,fall,1291
ml_samples/N8_sw0.30_x+0_i0071.h5,8,3.000000000e-01,0,1.000000000e+00,main,true,fall,1111
ml_samples/N8_sw0.30_x+0_i0072.h5,8,3.000000000e-01,0,1.000000000e+00,main,true,rise,896
ml_samples/N8_sw0.30_x+0_i0073.h5,8,3.000000000e-01,0,1.000000000e+00,main,true,fall,807
ml_samples/N8_sw0.30_x+0_i0074.h5,8,3.000000000e-01,0,1.000000000e+00,main,true,fall,984
ml_samples/N8_sw0.30_x+0_i0075.h5,8,3.000000000e-01,0,1.000000000e+00,main,true,fall,386
ml_samples/N8_sw0.30_x+0_i0076.h5,8,3.000000000e-01,0,1.000000000e+00,main,true,fall,1902
ml_samples/N8_sw0.30_x+0_i0077.h5,8,3.000000000e-01,0,1.000000000e+00,main,true,rise,479
ml_samples/N8_sw0.30_x+0_i0078.h5,8,3.000000000e-01,0,1.000000000e+00,main,true,fall,125
ml_samples/N8_sw0.30_x+0_i0079.h5,8,3.000000000e-01,0,1.000000000e+00,main,true,fall,848
ml_samples/N8_sw0.30_x+0_i0080.h5,8,3.000000000e-01,0,1.000000000e+00,main,true,fall,1091
ml_samples/N8_sw0.30_x+0_i0081.h5,8,3.000000000e-01,0,1.000000000e+00,main,true,fall,297
ml_samples/N8_sw0.30_x+0_i0082.h5,8,3.000000000e-01,0,1.000000000e+00,main,true,rise,392
ml_samples/N8_sw0.30_x+0_i0083.h5,8,3.000000000e-01,0,1.000000000e+00,main,true,fall,157
ml_samples/N8_sw0.30_x+0_i0084.h5,8,3.000000000e-01,0,1.000000000e+00,main,true,fall,2667
ml_samples/N8_sw0.30_x+0_i0085.h5,8,3.000000000e-01,0,1.000000000e+00,main,true,fall,1516
ml_samples/N8_sw0.30_x+0_i0086.h5,8,3.000000000e-01,0,1.000000000e+00,main,true,fall,4619
ml_samples/N8_sw0.30_x+0_i0087.h5,8,3.000000000e-01,0,1.000000000e+00,main,true,rise,1255
ml_samples/N8_sw0.30_x+0_i0088.h5,8,3.000000000e-01,0,1.000000000e+00,main,true,fall,1660
ml_samples/N8_sw0.30_x+0_i0089.h5,8,3.000000000e-01,0,1.000000000e+00,main,true,fall,758
ml_samples/N8_sw0.30_x+0_i0090.h5,8,3.000000000e-01,0,1.000000000e+00,main,true,fall,1240
ml_samples/N8_sw0.30_x+0_i0091.h5,8,3.000000000e-01,0,1.000000000e+00,main,true,fall,335
ml_samples/N8_sw0.30_x+0_i0092.h5,8,3.000000000e-01,0,1.000000000e+00,main,true,fall,145
ml_samples/N8_sw0.30_x+0_i0093.h5,8,3.000000000e-01,0,1.000000000e+00,main,true,rise,3229
ml_samples/N8_sw0.30_x+0_i0094.h5,8,3.000000000e-01,0,1.000000000e+00,main,true,rise,1047
ml_samples/N8_sw0.30_x+0_i0095.h5,8,3.000000000e-01,0,1.000000000e+00,main,true,fall,657
ml_samples/N8_sw0.30_x+0_i0096.h5,8,3.000000000e-01,0,1.000000000e+00,main,true,fall,1868
ml_samples/N8_sw0.30_x+0_i0097.h5,8,3.000000000e-01,0,1.000000000e+00,main,true,fall,361
ml_samples/N8_sw0.30_x+0_i0098.h5,8,3.000000000e-01,0,1.000000000e+00,main,true,fall,1701
ml_samples/N8_sw0.30_x+0_i0099.h5,8,3.000000000e-01,0,1.000000000e+00,main,true,fall,616
ml_samples/N8_sw0.30_x+0_i0100.h5,8,3.000000000e-01,0,1.000000000e+00,main,true,fall,113
ml_samples/N8_sw0.30_x+0_i0101.h5,8,3.000000000e-01,0,1.000000000e+00,main,true,fall,374
ml_samples/N8_sw0.30_x+0_i0102.h5,8,3.000000000e-01,0,1.000000000e+00,main,true,fall,323
ml_samples/N8_sw0.30_x+0_i0103.h5,8,3.000000000e-01,0,1.000000000e+00,main,true,fall,288
ml_samples/N8_sw0.30_x+0_i0104.h5,8,3.000000000e-01,0,1.000000000e+00,main,true,fall,597
ml_samples/N8_sw0.30_x+0_i0105.h5,8,3.000000000e-01,0,1.000000000e+00,main,true,fall,1357
ml_samples/N8_sw0.30_x+0_i0106.h5,8,3.000000000e-01,0,1.000000000e+00,main,true,rise,252
ml_samples/N8_sw0.30_x+0_i0107.h5,8,3.000000000e-01,0,1.000000000e+00,main,true,fall,744
ml_samples/N8_sw0.30_x+0_i0108.h5,8,3.000000000e-01,0,1.000000000e+00,main,true,fall,438
ml_samples/N8_sw0.30_x+0_i0109.h5,8,3.000000000e-01,0,1.000000000e+00,main,true,fall,727
ml_samples/N8_sw0.30_x+0_i0110.h5,8,3.000000000e-01,0,1.000000000e+00,main,true,fall,455
ml_samples/N8_sw0.30_x+0_i0111.h5,8,3.000000000e-01,0,1.000000000e+00,main,true,rise,620
ml_samples/N8_sw0.30_x+0_i0112.h5,8,3.000000000e-01,0,1.000000000e+00,main,true,rise,363
ml_samples/N8_sw0.30_x+0_i0113.h5,8,3.000000000e-01,0,1.000000000e+00,main,true,fall,103
ml_samples/N8_sw0.30_x+0_i0114.h5,8,3.000000000e-01,0,1.000000000e+00,main,true,rise,750
ml_samples/N8_sw0.30_x+0_i0115.h5,8,3.000000000e-01,0,1.000000000e+00,main,true,fall,761
ml_samples/N8_sw0.30_x+0_i0116.h5,8,3.000000000e-01,0,1.000000000e+00,main,true,fall,1100
ml_samples/N8_sw0.30_x+0_i0117.h5,8,3.000000000e-01,0,1.000000000e+00,main,true,fall,226
ml_samples/N8_sw0.30_x+0_i0118.h5,8,3.000000000e-01,0,1.000000000e+00,main,true,fall,179
ml_samples/N8_sw0.30_x+0_i0119.h5,8,3.000000000e-01,0,1.000000000e+00,main,true,rise,1679
ml_samples/N8_sw0.30_x+0_i0120.h5,8,3.000000000e-01,0,1.000000000e+00,main,true,fall,1022
ml_samples/N8_sw0.30_x+0_i0121.h5,8,3.000000000e-01,0,1.000000000e+00,main,true,fall,1955
ml_samples/N8_sw0.30_x+0_i0122.h5,8,3.000000000e-01,0,1.000000000e+00,main,true,fall,1995
ml_samples/N8_sw0.30_x+0_i0123.h5,8,3.000000000e-01,0,1.000000000e+00,main,true,fall,636
ml_samples/N8_sw0.30_x+0_i0124.h5,8,3.000000000e-01,0,1.000000000e+00,main,true,fall,116
ml_samples/N8_sw0.30_x+0_i0125.h5,8,3.000000000e-01,0,1.000000000e+00,main,true,rise,965
ml_samples/N8_sw0.30_x+0_i0126.h5,8,3.000000000e-01,0,1.000000000e+00,main,true,fall,102
ml_samples/N8_sw0.30_x+0_i0127.h5,8,3.000000000e-01,0,1.000000000e+00,main,true,fall,1777
ml_samples/N8_sw0.30_x+0_i0128.h5,8,3.000000000e-01,0,1.000000000e+00,main,true,fall,374
ml_samples/N8_sw0.30_x+0_i0129.h5,8,3.000000000e-01,0,1.000000000e+00,main,true,fall,325
ml_samples/N8_sw0.30_x+0_i0130.h5,8,3.000000000e-01,0,1.000000000e+00,main,true,fall,211
ml_samples/N8_sw0.30_x+0_i0131.h5,8,3.000000000e-01,0,1.000000000e+00,main,true,fall,107
ml_samples/N8_sw0.30_x+0_i0132.h5,8,3.000000000e-01,0,1.000000000e+00,main,true,rise,471
ml_samples/N8_sw0.30_x+0_i0133.h5,8,3.000000000e-01,0,1.000000000e+00,main,true,fall,2067
ml_samples/N8_sw0.30_x+0_i0134.h5,8,3.000000000e-01,0,1.000000000e+00,main,true,fall,765
ml_samples/N8_sw0.30_x+0_i0135.h5,8,3.000000000e-01,0,1.000000000e+00,main,true,rise,2039
ml_samples/N8_sw0.30_x+0_i0136.h5,8,3.000000000e-01,0,1.000000000e+00,main,true,rise,682
ml_samples/N8_sw0.30_x+0_i0137.h5,8,3.000000000e-01,0,1.000000000e+00,main,true,rise,275
ml_samples/N8_sw0.30_x+0_i0138.h5,8,3.000000000e-01,0,1.000000000e+00,main,true,fall,1194
ml_samples/N8_sw0.30_x+0_i0139.h5,8,3.000000000e-01,0,1.000000000e+00,main,true,fall,1601
ml_samples/N8_sw0.30_x+0_i0140.h5,8,3.000000000e-01,0,1.000000000e+00,main,true,fall,741
ml_samples/N8_sw0.30_x+0_i0141.h5,8,3.000000000e-01,0,1.000000000e+00,main,true,fall,97
ml_samples/N8_sw0.30_x+0_i0142.h5,8,3.000000000e-01,0,1.000000000e+00,main,true,fall,843
ml_samples/N8_sw0.30_x+0_i0143.h5,8,3.000000000e-01,0,1.000000000e+00,main,true,rise,888
ml_samples/N8_sw0.30_x+0_i0144.h5,8,3.000000000e-01,0,1.000000000e+00,main,true,rise,565
ml_samples/N8_sw0.30_x+0_i0145.h5,8,3.000000000e-01,0,1.000000000e+00,main,true,timeout,6001
ml_samples/N8_sw0.30_x+0_i0146.h5,8,3.000000000e-01,0,1.000000000e+00,main,true,fall,243
ml_samples/N8_sw0.30_x+0_i0147.h5,8,3.000000000e-01,0,1.000000000e+00,main,true,fall,200
ml_samples/N8_sw0.30_x+0_i0148.h5,8,3.000000000e-01,0,1.000000000e+00,main,true,fall,1131
ml_samples/N8_sw0.30_x+0_i0149.h5,8,3.000000000e-01,0,1.000000000e+00,main,true,fall,163
ml_samples/N8_sw0.30_x+0_i0150.h5,8,3.000000000e-01,0,1.000000000e+00,main,true,rise,822
ml_samples/N8_sw0.30_x+0_i0151.h5,8,3.000000000e-01,0,1.000000000e+00,main,true,fall,1648
ml_samples/N8_sw0.30_x+0_i0152.h5,8,3.000000000e-01,0,1.000000000e+00,main,true,fall,180
ml_samples/N8_sw0.30_x+0_i0153.h5,8,3.000000000e-01,0,1.000000000e+00,main,true,fall,947
ml_samples/N8_sw0.30_x+0_i0154.h5,8,3.000000000e-01,0,1.000000000e+00,main,true,fall,195
ml_samples/N8_sw0.30_x+0_i0155.h5,8,3.000000000e-01,0,1.000000000e+00,main,true,rise,4080
ml_samples/N8_sw0.30_x+0_i0156.h5,8,3.000000000e-01,0,1.000000000e+00,main,true,fall,152
ml_samples/N8_sw0.30_x+0_i0157.h5,8,3.000000000e-01,0,1.000000000e+00,main,true,fall,410
ml_samples/N8_sw0.30_x+0_i0158.h5,8,3.000000000e-01,0,1.000000000e+00,main,true,rise,2830
ml_samples/N8_sw0.30_x+0_i0159.h5,8,3.000000000e-01,0,1.000000000e+00,main,true,rise,1022
ml_samples/N8_sw0.30_x+0_i0160.h5,8,3.000000000e-01,0,1.000000000e+00,main,true,rise,325
ml_samples/N8_sw0.30_x+0_i0161.h5,8,3.000000000e-01,0,1.000000000e+00,main,true,fall,1561
ml_samples/N8_sw0.30_x+0_i0162.h5,8,3.000000000e-01,0,1.000000000e+00,main,true,rise,967
ml_samples/N8_sw0.30_x+0_i0163.h5,8,3.000000000e-01,0,1.000000000e+00,main,true,fall,1057
ml_samples/N8_sw0.30_x+0_i0164.h5,8,3.000000000e-01,0,1.000000000e+00,main,true,fall,155
ml_samples/N8_sw0.30_x+0_i0165.h5,8,3.000000000e-01,0,1.000000000e+00,main,true,fall,1468
ml_samples/N8_sw0.30_x+0_i0166.h5,8,3.000000000e-01,0,1.000000000e+00,main,true,rise,454
ml_samples/N8_sw0.30_x+0_i0167.h5,8,3.000000000e-01,0,1.000000000e+00,main,true,rise,653
ml_samples/N8_sw0.30_x+0_i0168.h5,8,3.000000000e-01,0,1.000000000e+00,main,true,rise,564
ml_samples/N8_sw0.30_x+0_i0169.h5,8,3.000000000e-01,0,1.000000000e+00,main,true,fall,248
ml_samples/N8_sw0.30_x+0_i0170.h5,8,3.000000000e-01,0,1.000000000e+00,main,true,fall,472
ml_samples/N8_sw0.30_x+0_i0171.h5,8,3.000000000e-01,0,1.000000000e+00,main,true,fall,1685
ml_samples/N8_sw0.30_x+0_i0172.h5,8,3.000000000e-01,0,1.000000000e+00,main,true,rise,2724
ml_samples/N8_sw0.30_x+0_i0173.h5,8,3.000000000e-01,0,1.000000000e+00,main,true,fall,1046
ml_samples/N8_sw0.30_x+0_i0174.h5,8,3.000000000e-01,0,1.000000000e+00,main,true,fall,2344
ml_samples/N8_sw0.30_x+0_i0175.h5,8,3.000000000e-01,0,1.000000000e+00,main,true,rise,933
ml_samples/N8_sw0.30_x+0_i0176.h5,8,3.000000000e-01,0,1.000000000e+00,main,true,fall,2666
ml_samples/N8_sw0.30_x+0_i0177.h5,8,3.000000000e-01,0,1.000000000e+00,main,true,fall,1060
ml_samples/N8_sw0.30_x+0_i0178.h5,8,3.000000000e-01,0,1.000000000e+00,main,true,rise,1273
ml_samples/N8_sw0.30_x+0_i0179.h5,8,3.000000000e-01,0,1.000000000e+00,main,true,rise,569
ml_samples/N8_sw0.30_x+0_i0180.h5,8,3.000000000e-01,0,1.000000000e+00,main,true,fall,172
ml_samples/N8_sw0.30_x+0_i0181.h5,8,3.000000000e-01,0,1.000000000e+00,main,true,fall,373
ml_samples/N8_sw0.30_x+0_i0182.h5,8,3.000000000e-01,0,1.000000000e+00,main,true,fall,248
ml_samples/N8_sw0.30_x+0_i0183.h5,8,3.000000000e-01,0,1.000000000e+00,main,true,fall,308
ml_samples/N8_sw0.30_x+0_i0184.h5,8,3.000000000e-01,0,1.000000000e+00,main,true,rise,952
ml_samples/N8_sw0.30_x+0_i0185.h5,8,3.000000000e-01,0,1.000000000e+00,main,true,fall,213
ml_samples/N8_sw0.30_x+0_i0186.h5,8,3.000000000e-01,0,1.000000000e+00,main,true,rise,1494
ml_samples/N8_sw0.30_x+0_i0187.h5,8,3.000000000e-01,0,1.000000000e+00,main,true,fall,644
ml_samples/N8_sw0.30_x+0_i0188.h5,8,3.000000000e-01,0,1.000000000e+00,main,true,rise,732
ml_samples/N8_sw0.30_x+0_i0189.h5,8,3.000000000e-01,0,1.000000000e+00,main,true,rise,1061
ml_samples/N8_sw0.30_x+0_i0190.h5,8,3.000000000e-01,0,1.000000000e+00,main,true,fall,127
ml_samples/N8_sw0.30_x+0_i0191.h5,8,3.000000000e-01,0,1.000000000e+00,main,true,fall,531
ml_samples/N8_sw0.30_x+0_i0192.h5,8,3.000000000e-01,0,1.000000000e+00,main,true,fall,122
ml_samples/N8_sw0.30_x+0_i0193.h5,8,3.000000000e-01,0,1.000000000e+00,main,true,fall,757
ml_samples/N8_sw0.30_x+0_i0194.h5,8,3.000000000e-01,0,1.000000000e+00,main,true,fall,196
ml_samples/N8_sw0.30_x+0_i0195.h5,8,3.000000000e-01,0,1.000000000e+00,main,true,fall,208
ml_samples/N8_sw0.30_x+0_i0196.h5,8,3.000000000e-01,0,1.000000000e+00,main,true,fall,168
ml_samples/N8_sw0.30_x+0_i0197.h5,8,3.000000000e-01,0,1.000000000e+00,main,true,fall,1417
ml_samples/N8_sw0.30_x+0_i0198.h5,8,3.000000000e-01,0,1.000000000e+00,main,true,rise,776
ml_samples/N8_sw0.30_x+0_i0199.h5,8,3.000000000e-01,0,1.000000000e+00,main,true,rise,590
ml_samples/N8_sw0.30_x+1_i0000.h5,8,3.000000000e-01,1,1.515875011e+00,main,true,rise,376
ml_samples/N8_sw0.30_x+1_i0001.h5,8,3.000000000e-01,1,1.515875011e+00,main,true,rise,617
ml_samples/N8_sw0.30_x+1_i0002.h5,8,3.000000000e-01,1,1.515875011e+00,main,true,rise,554
ml_samples/N8_sw0.30_x+1_i0003.h5,8,3.000000000e-01,1,1.515875011e+00,main,true,rise,1193
ml_samples/N8_sw0.30_x+1_i0004.h5,8,3.000000000e-01,1,1.515875011e+00,main,true,fall,279
ml_samples/N8_sw0.30_x+1_i0005.h5,8,3.000000000e-01,1,1.515875011e+00,main,true,rise,1005
ml_samples/N8_sw0.30_x+1_i0006.h5,8,3.000000000e-01,1,1.515875011e+00,main,true,fall,197
ml_samples/N8_sw0.30_x+1_i0007.h5,8,3.000000000e-01,1,1.515875011e+00,main,true,fall,871
ml_samples/N8_sw0.30_x+1_i0008.h5,8,3.000000000e-01,1,1.515875011e+00,main,true,rise,538
ml_samples/N8_sw0.30_x+1_i0009.h5,8,3.000000000e-01,1,1.515875011e+00,main,true,rise,1326
ml_samples/N8_sw0.30_x+1_i0010.h5,8,3.000000000e-01,1,1.515875011e+00,main,true,fall,1812
ml_samples/N8_sw0.30_x+1_i0011.h5,8,3.000000000e-01,1,1.515875011e+00,main,true,rise,1650
ml_samples/N8_sw0.30_x+1_i0012.h5,8,3.000000000e-01,1,1.515875011e+00,main,true,rise,1508
ml_samples/N8_sw0.30_x+1_i0013.h5,8,3.000000000e-01,1,1.515875011e+00,main,true,rise,432
ml_samples/N8_sw0.30_x+1_i0014.h5,8,3.000000000e-01,1,1.515875011e+00,main,true,rise,1202
ml_samples/N8_sw0.30_x+1_i0015.h5,8,3.000000000e-01,1,1.515875011e+00,main,true,rise,945
ml_samples/N8_sw0.30_x+1_i0016.h5,8,3.000000000e-01,1,1.515875011e+00,main,true,rise,721
ml_samples/N8_sw0.30_x+1_i0017.h5,8,3.000000000e-01,1,1.515875011e+00,main,true,rise,1078
ml_samples/N8_sw0.30_x+1_i0018.h5,8,3.000000000e-01,1,1.515875011e+00,main,true,rise,465
ml_samples/N8_sw0.30_x+1_i0019.h5,8,3.000000000e-01,1,1.515875011e+00,main,true,rise,360
ml_samples/N8_sw0.30_x+1_i0020.h5,8,3.000000000e-01,1,1.515875011e+00,main,true,rise,479
ml_samples/N8_sw0.30_x+1_i0021.h5,8,3.000000000e-01,1,1.515875011e+00,main,true,rise,491
ml_samples/N8_sw0.30_x+1_i0022.h5,8,3.000000000e-01,1,1.515875011e+00,main,true,rise,662
ml_samples/N8_sw0.30_x+1_i0023.h5,8,3.000000000e-01,1,1.515875011e+00,main,true,rise,1792
ml_samples/N8_sw0.30_x+1_i0024.h5,8,3.000000000e-01,1,1.515875011e+00,main,true,fall,276
ml_samples/N8_sw0.30_x+1_i0025.h5,8,3.000000000e-01,1,1.515875011e+00,main,true,fall,1123
ml_samples/N8_sw0.30_x+1_i0026.h5,8,3.000000000e-01,1,1.515875011e+00,main,true,rise,552
ml_samples/N8_sw0.30_x+1_i0027.h5,8,3.000000000e-01,1,1.515875011e+00,main,true,rise,1333
ml_samples/N8_sw0.30_x+1_i0028.h5,8,3.000000000e-01,1,1.515875011e+00,main,true,fall,1201
ml_samples/N8_sw0.30_x+1_i0029.h5,8,3.000000000e-01,1,1.515875011e+00,main,true,rise,605
ml_samples/N8_sw0.30_x+1_i0030.h5,8,3.000000000e-01,1,1.515875011e+00,main,true,rise,354
ml_samples/N8_sw0.30_x+1_i0031.h5,8,3.000000000e-01,1,1.515875011e+00,main,true,fall,1731
ml_samples/N8_sw0.30_x+1_i0032.h5,8,3.000000000e-01,1,1.515875011e+00,main,true,rise,244
ml_samples/N8_sw0.30_x+1_i0033.h5,8,3.000000000e-01,1,1.515875011e+00,main,true,rise,817
ml_samples/N8_sw0.30_x+1_i0034.h5,8,3.000000000e-01,1,1.515875011e+00,main,true,rise,257
ml_samples/N8_sw0.30_x+1_i0035.h5,8,3.000000000e-01,1,1.515875011e+00,main,true,rise,2474
ml_samples/N8_sw0.30_x+1_i0036.h5,8,3.000000000e-01,1,1.515875011e+00,main,true,rise,525
ml_samples/N8_sw0.30_x+1_i0037.h5,8,3.000000000e-01,1,1.515875011e+00,main,true,rise,474
ml_samples/N8_sw0.30_x+1_i0038.h5,8,3.000000000e-01,1,1.515875011e+00,main,true,rise,2809
ml_samples/N8_sw0.30_x+1_i0039.h5,8,3.000000000e-01,1,1.515875011e+00,main,true,fall,607
ml_samples/N8_sw0.30_x+1_i0040.h5,8,3.000000000e-01,1,1.515875011e+00,main,true,rise,1147
ml_samples/N8_sw0.30_x+1_i0041.h5,8,3.000000000e-01,1,1.515875011e+00,main,true,rise,292
ml_samples/N8_sw0.30_x+1_i0042.h5,8,3.000000000e-01,1,1.515875011e+00,main,true,rise,1534
ml_samples/N8_sw0.30_x+1_i0043.h5,8,3.000000000e-01,1,1.515875011e+00,main,true,rise,430
ml_samples/N8_sw0.30_x+1_i0044.h5,8,3.000000000e-01,1,1.515875011e+00,main,true,rise,1497
ml_samples/N8_sw0.30_x+1_i0045.h5,8,3.000000000e-01,1,1.515875011e+00,main,true,rise,409
ml_samples/N8_sw0.30_x+1_i0046.h5,8,3.000000000e-01,1,1.515875011e+00,main,true,rise,534
ml_samples/N8_sw0.30_x+1_i0047.h5,8,3.000000000e-01,1,1.515875011e+00,main,true,rise,663
ml_samples/N8_sw0.30_x+1_i0048.h5,8,3.000000000e-01,1,1.515875011e+00,main,true,rise,1617
ml_samples/N8_sw0.30_x+1_i0049.h5,8,3.000000000e-01,1,1.515875011e+00,main,true,rise,345
ml_samples/N8_sw0.30_x+1_i0050.h5,8,3.000000000e-01,1,1.515875011e+00,main,true,rise,668
ml_samples/N8_sw0.30_x+1_i0051.h5,8,3.000000000e-01,1,1.515875011e+00,main,true,rise,831
ml_samples/N8_sw0.30_x+1_i0052.h5,8,3.000000000e-01,1,1.515875011e+00,main,true,fall,1250
ml_samples/N8_sw0.30_x+1_i0053.h5,8,3.000000000e-01,1,1.515875011e+00,main,true,rise,1260
ml_samples/N8_sw0.30_x+1_i0054.h5,8,3.000000000e-01,1,1.515875011e+00,main,true,rise,405
ml_samples/N8_sw0.30_x+1_i0055.h5,8,3.000000000e-01,1,1.515875011e+00,main,true,fall,106
ml_samples/N8_sw0.30_x+1_i0056.h5,8,3.000000000e-01,1,1.515875011e+00,main,true,fall,1437
ml_samples/N8_sw0.30_x+1_i0057.h5,8,3.000000000e-01,1,1.515875011e+00,main,true,rise,1220
ml_samples/N8_sw0.30_x+1_i0058.h5,8,3.000000000e-01,1,1.515875011e+00,main,true,rise,1443
ml_samples/N8_sw0.30_x+1_i0059.h5,8,3.000000000e-01,1,1.515875011e+00,main,true,rise,1004
ml_samples/N8_sw0.30_x+1_i0060.h5,8,3.000000000e-01,1,1.515875011e+00,main,true,rise,551
ml_samples/N8_sw0.30_x+1_i0061.h5,8,3.000000000e-01,1,1.515875011e+00,main,true,rise,607
ml_samples/N8_sw0.30_x+1_i0062.h5,8,3.000000000e-01,1,1.515875011e+00,main,true,rise,328
ml_samples/N8_sw0.30_x+1_i0063.h5,8,3.000000000e-01,1,1.515875011e+00,main,true,fall,659
ml_samples/N8_sw0.30_x+1_i0064.h5,8,3.000000000e-01,1,1.515875011e+00,main,true,rise,1101
ml_samples/N8_sw0.30_x+1_i0065.h5,8,3.000000000e-01,1,1.515875011e+00,main,true,fall,195
ml_samples/N8_sw0.30_x+1_i0066.h5,8,3.000000000e-01,1,1.515875011e+00,main,true,fall,2145
ml_samples/N8_sw0.30_x+1_i0067.h5,8,3.000000000e-01,1,1.515875011e+00,main,true,rise,527
ml_samples/N8_sw0.30_x+1_i0068.h5,8,3.000000000e-01,1,1.515875011e+00,main,true,rise,396
ml_samples/N8_sw0.30_x+1_i0069.h5,8,3.000000000e-01,1,1.515875011e+00,main,true,rise,1683
ml_samples/N8_sw0.30_x+1_i0070.h5,8,3.000000000e-01,1,1.515875011e+00,main,true,fall,997
ml_samples/N8_sw0.30_x+1_i0071.h5,8,3.000000000e-01,1,1.515875011e+00,main,true,rise,1468
ml_samples/N8_sw0.30_x+1_i0072.h5,8,3.000000000e-01,1,1.515875011e+00,main,true,fall,444
ml_samples/N8_sw0.30_x+1_i0073.h5,8,3.000000000e-01,1,1.515875011e+00,main,true,rise,1473
ml_samples/N8_sw0.30_x+1_i0074.h5,8,3.000000000e-01,1,1.515875011e+00,main,true,rise,827
ml_samples/N8_sw0.30_x+1_i0075.h5,8,3.000000000e-01,1,1.515875011e+00,main,true,fall,155
ml_samples/N8_sw0.30_x+1_i0076.h5,8,3.000000000e-01,1,1.515875011e+00,main,true,rise,1528
ml_samples/N8_sw0.30_x+1_i0077.h5,8,3.000000000e-01,1,1.515875011e+00,main,true,fall,391
ml_samples/N8_sw0.30_x+1_i0078.h5,8,3.000000000e-01,1,1.515875011e+00,main,true,rise,356
ml_samples/N8_sw0.30_x+1_i0079.h5,8,3.000000000e-01,1,1.515875011e+00,main,true,rise,681
ml_samples/N8_sw0.30_x+1_i0080.h5,8,3.000000000e-01,1,1.515875011e+00,main,true,rise,501
ml_samples/N8_sw0.30_x+1_i0081.h5,8,3.000000000e-01,1,1.515875011e+00,main,true,fall,284
ml_samples/N8_sw0.30_x+1_i0082.h5,8,3.000000000e-01,1,1.515875011e+00,main,true,rise,304
ml_samples/N8_sw0.30_x+1_i0083.h5,8,3.000000000e-01,1,1.515875011e+00,main,true,rise,683
ml_samples/N8_sw0.30_x+1_i0084.h5,8,3.000000000e-01,1,1.515875011e+00,main,true,rise,273
ml_samples/N8_sw0.30_x+1_i0085.h5,8,3.000000000e-01,1,1.515875011e+00,main,true,rise,1142
ml_samples/N8_sw0.30_x+1_i0086.h5,8,3.000000000e-01,1,1.515875011e+00,main,true,rise,519
ml_samples/N8_sw0.30_x+1_i0087.h5,8,3.000000000e-01,1,1.515875011e+00,main,true,rise,438
ml_samples/N8_sw0.30_x+1_i0088.h5,8,3.000000000e-01,1,1.515875011e+00,main,true,rise,1490
ml_samples/N8_sw0.30_x+1_i0089.h5,8,3.000000000e-01,1,1.515875011e+00,main,true,rise,503
ml_samples/N8_sw0.30_x+1_i0090.h5,8,3.000000000e-01,1,1.515875011e+00,main,true,rise,679
ml_samples/N8_sw0.30_x+1_i0091.h5,8,3.000000000e-01,1,1.515875011e+00,main,true,rise,1630
ml_samples/N8_sw0.30_x+1_i0092.h5,8,3.000000000e-01,1,1.515875011e+00,main,true,fall,1004
ml_samples/N8_sw0.30_x+1_i0093.h5,8,3.000000000e-01,1,1.515875011e+00,main,true,fall,2243
ml_samples/N8_sw0.30_x+1_i0094.h5,8,3.000000000e-01,1,1.515875011e+00,main,true,rise,1559
ml_samples/N8_sw0.30_x+1_i0095.h5,8,3.000000000e-01,1,1.515875011e+00,main,true,rise,1842
ml_samples/N8_sw0.30_x+1_i0096.h5,8,3.000000000e-01,1,1.515875011e+00,main,true,rise,2655
ml_samples/N8_sw0.30_x+1_i0097.h5,8,3.000000000e-01,1,1.515875011e+00,main,true,rise,508
ml_samples/N8_sw0.30_x+1_i0098.h5,8,3.000000000e-01,1,1.515875011e+00,main,true,fall,1606
ml_samples/N8_sw0.30_x+1_i0099.h5,8,3.000000000e-01,1,1.515875011e+00,main,true,rise,1043
ml_samples/N8_sw0.30_x+1_i0100.h5,8,3.000000000e-01,1,1.515875011e+00,main,true,rise,1059
ml_samples/N8_sw0.30_x+1_i0101.h5,8,3.000000000e-01,1,1.515875011e+00,main,true,rise,1970
ml_samples/N8_sw0.30_x+1_i0102.h5,8,3.000000000e-01,1,1.515875011e+00,main,true,rise,1736
ml_samples/N8_sw0.30_x+1_i0103.h5,8,3.000000000e-01,1,1.515875011e+00,main,true,rise,1016
ml_samples/N8_sw0.30_x+1_i0104.h5,8,3.000000000e-01,1,1.515875011e+00,main,true,rise,405
ml_samples/N8_sw0.30_x+1_i0105.h5,8,3.000000000e-01,1,1.515875011e+00,main,true,rise,1805
ml_samples/N8_sw0.30_x+1_i0106.h5,8,3.000000000e-01,1,1.515875011e+00,main,true,rise,2287
ml_samples/N8_sw0.30_x+1_i0107.h5,8,3.000000000e-01,1,1.515875011e+00,main,true,fall,533
ml_samples/N8_sw0.30_x+1_i0108.h5,8,3.000000000e-01,1,1.515875011e+00,main,true,rise,2072
ml_samples/N8_sw0.30_x+1_i0109.h5,8,3.000000000e-01,1,1.515875011e+00,main,true,rise,327
ml_samples/N8_sw0.30_x+1_i0110.h5,8,3.000000000e-01,1,1.515875011e+00,main,true,rise,274
ml_samples/N8_sw0.30_x+1_i0111.h5,8,3.000000000e-01,1,1.515875011e+00,main,true,rise,581
ml_samples/N8_sw0.30_x+1_i0112.h5,8,3.000000000e-01,1,1.515875011e+00,main,true,rise,1103
ml_samples/N8_sw0.30_x+1_i0113.h5,8,3.000000000e-01,1,1.515875011e+00,main,true,fall,579
ml_samples/N8_sw0.30_x+1_i0114.h5,8,3.000000000e-01,1,1.515875011e+00,main,true,rise,304
ml_samples/N8_sw0.30_x+1_i0115.h5,8,3.000000000e-01,1,1.515875011e+00,main,true,rise,510
ml_samples/N8_sw0.30_x+1_i0116.h5,8,3.000000000e-01,1,1.515875011e+00,main,true,rise,1063
ml_samples/N8_sw0.30_x+1_i0117.h5,8,3.000000000e-01,1,1.515875011e+00,main,true,rise,551
ml_samples/N8_sw0.30_x+1_i0118.h5,8,3.000000000e-01,1,1.515875011e+00,main,true,rise,428
ml_samples/N8_sw0.30_x+1_i0119.h5,8,3.000000000e-01,1,1.515875011e+00,main,true,fall,1265
ml_samples/N8_sw0.30_x+1_i0120.h5,8,3.000000000e-01,1,1.515875011e+00,main,true,rise,294
ml_samples/N8_sw0.30_x+1_i0121.h5,8,3.000000000e-01,1,1.515875011e+00,main,true,rise,842
ml_samples/N8_sw0.30_x+1_i0122.h5,8,3.000000000e-01,1,1.515875011e+00,main,true,rise,1063
ml_samples/N8_sw0.30_x+1_i0123.h5,8,3.000000000e-01,1,1.515875011e+00,main,true,fall,239
ml_samples/N8_sw0.30_x+1_i0124.h5,8,3.000000000e-01,1,1.515875011e+00,main,true,rise,199
ml_samples/N8_sw0.30_x+1_i0125.h5,8,3.000000000e-01,1,1.515875011e+00,main,true,rise,894
ml_samples/N8_sw0.30_x+1_i0126.h5,8,3.000000000e-01,1,1.515875011e+00,main,true,rise,1297
ml_samples/N8_sw0.30_x+1_i0127.h5,8,3.000000000e-01,1,1.515875011e+00,main,true,rise,550
ml_samples/N8_sw0.30_x+1_i0128.h5,8,3.000000000e-01,1,1.515875011e+00,main,true,rise,2190
ml_samples/N8_sw0.30_x+1_i0129.h5,8,3.000000000e-01,1,1.515875011e+00,main,true,fall,144
ml_samples/N8_sw0.30_x+1_i0130.h5,8,3.000000000e-01,1,1.515875011e+00,main,true,rise,1227
ml_samples/N8_sw0.30_x+1_i0131.h5,8,3.000000000e-01,1,1.515875011e+00,main,true,rise,566
ml_samples/N8_sw0.30_x+1_i0132.h5,8,3.000000000e-01,1,1.515875011e+00,main,true,rise,408
ml_samples/N8_sw0.30_x+1_i0133.h5,8,3.000000000e-01,1,1.515875011e+00,main,true,rise,271
ml_samples/N8_sw0.30_x+1_i0134.h5,8,3.000000000e-01,1,1.515875011e+00,main,true,rise,771
ml_samples/N8_sw0.30_x+1_i0135.h5,8,3.000000000e-01,1,1.515875011e+00,main,true,rise,3522
ml_samples/N8_sw0.30_x+1_i0136.h5,8,3.000000000e-01,1,1.515875011e+00,main,true,rise,1669
ml_samples/N8_sw0.30_x+1_i0137.h5,8,3.000000000e-01,1,1.515875011e+00,main,true,rise,1056
ml_samples/N8_sw0.30_x+1_i0138.h5,8,3.000000000e-01,1,1.515875011e+00,main,true,rise,1238
ml_samples/N8_sw0.30_x+1_i0139.h5,8,3.000000000e-01,1,1.515875011e+00,main,true,rise,950
ml_samples/N8_sw0.30_x+1_i0140.h5,8,3.000000000e-01,1,1.515875011e+00,main,true,rise,768
ml_samples/N8_sw0.30_x+1_i0141.h5,8,3.000000000e-01,1,1.515875011e+00,main,true,rise,1591
ml_samples/N8_sw0.30_x+1_i0142.h5,8,3.000000000e-01,1,1.515875011e+00,main,true,rise,1376
ml_samples/N8_sw0.30_x+1_i0143.h5,8,3.000000000e-01,1,1.515875011e+00,main,true,rise,1377
ml_samples/N8_sw0.30_x+1_i0144.h5,8,3.000000000e-01,1,1.515875011e+00,main,true,fall,504
ml_samples/N8_sw0.30_x+1_i0145.h5,8,3.000000000e-01,1,1.515875011e+00,main,true,rise,2013
ml_samples/N8_sw0.30_x+1_i0146.h5,8,3.000000000e-01,1,1.515875011e+00,main,true,rise,1495
ml_samples/N8_sw0.30_x+1_i0147.h5,8,3.000000000e-01,1,1.515875011e+00,main,true,rise,953
ml_samples/N8_sw0.30_x+1_i0148.h5,8,3.000000000e-01,1,1.515875011e+00,main,true,fall,762
ml_samples/N8_sw0.30_x+1_i0149.h5,8,3.000000000e-01,1,1.515875011e+00,main,true,rise,355
ml_samples/N8_sw0.30_x+1_i0150.h5,8,3.000000000e-01,1,1.515875011e+00,main,true,rise,1507
ml_samples/N8_sw0.30_x+1_i0151.h5,8,3.000000000e-01,1,1.515875011e+00,main,true,rise,267
ml_samples/N8_sw0.30_x+1_i0152.h5,8,3.000000000e-01,1,1.515875011e+00,main,true,rise,1350
ml_samples/N8_sw0.30_x+1_i0153.h5,8,3.000000000e-01,1,1.515875011e+00,main,true,fall,101
ml_samples/N8_sw0.30_x+1_i0154.h5,8,3.000000000e-01,1,1.515875011e+00,main,true,rise,1428
ml_samples/N8_sw0.30_x+1_i0155.h5,8,3.000000000e-01,1,1.515875011e+00,main,true,fall,194
ml_samples/N8_sw0.30_x+1_i0156.h5,8,3.000000000e-01,1,1.515875011e+00,main,true,rise,2705
ml_samples/N8_sw0.30_x+1_i0157.h5,8,3.000000000e-01,1,1.515875011e+00,main,true,rise,387
ml_samples/N8_sw0.30_x+1_i0158.h5,8,3.000000000e-01,1,1.515875011e+00,main,true,rise,716
ml_samples/N8_sw0.30_x+1_i0159.h5,8,3.000000000e-01,1,1.515875011e+00,main,true,rise,1530
ml_samples/N8_sw0.30_x+1_i0160.h5,8,3.000000000e-01,1,1.515875011e+00,main,true,rise,2235
ml_samples/N8_sw0.30_x+1_i0161.h5,8,3.000000000e-01,1,1.515875011e+00,main,true,rise,426
ml_samples/N8_sw0.30_x+1_i0162.h5,8,3.000000000e-01,1,1.515875011e+00,main,true,rise,516
ml_samples/N8_sw0.30_x+1_i0163.h5,8,3.000000000e-01,1,1.515875011e+00,main,true,rise,358
ml_samples/N8_sw0.30_x+1_i0164.h5,8,3.000000000e-01,1,1.515875011e+00,main,true,rise,615
ml_samples/N8_sw0.30_x+1_i0165.h5,8,3.000000000e-01,1,1.515875011e+00,main,true,rise,1120
ml_samples/N8_sw0.30_x+1_i0166.h5,8,3.000000000e-01,1,1.515875011e+00,main,true,rise,433
ml_samples/N8_sw0.30_x+1_i0167.h5,8,3.000000000e-01,1,1.515875011e+00,main,true,fall,670
ml_samples/N8_sw0.30_x+1_i0168.h5,8,3.000000000e-01,1,1.515875011e+00,main,true,rise,556
ml_samples/N8_sw0.30_x+1_i0169.h5,8,3.000000000e-01,1,1.515875011e+00,main,true,rise,603
ml_samples/N8_sw0.30_x+1_i0170.h5,8,3.000000000e-01,1,1.515875011e+00,main,true,rise,862
ml_samples/N8_sw0.30_x+1_i0171.h5,8,3.000000000e-01,1,1.515875011e+00,main,true,rise,491
ml_samples/N8_sw0.30_x+1_i0172.h5,8,3.000000000e-01,1,1.515875011e+00,main,true,fall,228
ml_samples/N8_sw0.30_x+1_i0173.h5,8,3.000000000e-01,1,1.515875011e+00,main,true,rise,489
ml_samples/N8_sw0.30_x+1_i0174.h5,8,3.000000000e-01,1,1.515875011e+00,main,true,rise,1049
ml_samples/N8_sw0.30_x+1_i0175.h5,8,3.000000000e-01,1,1.515875011e+00,main,true,rise,739
ml_samples/N8_sw0.30_x+1_i0176.h5,8,3.000000000e-01,1,1.515875011e+00,main,true,fall,1389
ml_samples/N8_sw0.30_x+1_i0177.h5,8,3.000000000e-01,1,1.515875011e+00,main,true,fall,703
ml_samples/N8_sw0.30_x+1_i0178.h5,8,3.000000000e-01,1,1.515875011e+00,main,true,fall,163
ml_samples/N8_sw0.30_x+1_i0179.h5,8,3.000000000e-01,1,1.515875011e+00,main,true,rise,2732
ml_samples/N8_sw0.30_x+1_i0180.h5,8,3.000000000e-01,1,1.515875011e+00,main,true,rise,721
ml_samples/N8_sw0.30_x+1_i0181.h5,8,3.000000000e-01,1,1.515875011e+00,main,true,rise,582
ml_samples/N8_sw0.30_x+1_i0182.h5,8,3.000000000e-01,1,1.515875011e+00,main,true,rise,650
ml_samples/N8_sw0.30_x+1_i0183.h5,8,3.000000000e-01,1,1.515875011e+00,main,true,rise,3191
ml_samples/N8_sw0.30_x+1_i0184.h5,8,3.000000000e-01,1,1.515875011e+00,main,true,rise,597
ml_samples/N8_sw0.30_x+1_i0185.h5,8,3.000000000e-01,1,1.515875011e+00,main,true,fall,1479
ml_samples/N8_sw0.30_x+1_i0186.h5,8,3.000000000e-01,1,1.515875011e+00,main,true,rise,452
ml_samples/N8_sw0.30_x+1_i0187.h5,8,3.000000000e-01,1,1.515875011e+00,main,true,rise,2738
ml_samples/N8_sw0.30_x+1_i0188.h5,8,3.000000000e-01,1,1.515875011e+00,main,true,rise,352
ml_samples/N8_sw0.30_x+1_i0189.h5,8,3.000000000e-01,1,1.515875011e+00,main,true,rise,464
ml_samples/N8_sw0.30_x+1_i0190.h5,8,3.000000000e-01,1,1.515875011e+00,main,true,rise,574
ml_samples/N8_sw0.30_x+1_i0191.h5,8,3.000000000e-01,1,1.515875011e+00,main,true,rise,1296
ml_samples/N8_sw0.30_x+1_i0192.h5,8,3.000000000e-01,1,1.515875011e+00,main,true,fall,922
ml_samples/N8_sw0.30_x+1_i0193.h5,8,3.000000000e-01,1,1.515875011e+00,main,true,rise,1668
ml_samples/N8_sw0.30_x+1_i0194.h5,8,3.000000000e-01,1,1.515875011e+00,main,true,rise,1150
ml_samples/N8_sw0.30_x+1_i0195.h5,8,3.000000000e-01,1,1.515875011e+00,main,true,rise,887
ml_samples/N8_sw0.30_x+1_i0196.h5,8,3.000000000e-01,1,1.515875011e+00,main,true,fall,189
ml_samples/N8_sw0.30_x+1_i0197.h5,8,3.000000000e-01,1,1.515875011e+00,main,true,rise,587
ml_samples/N8_sw0.30_x+1_i0198.h5,8,3.000000000e-01,1,1.515875011e+00,main,true,rise,639
ml_samples/N8_sw0.30_x+1_i0199.h5,8,3.000000000e-01,1,1.515875011e+00,main,true,rise,3153
ml_samples/N8_sw0.30_x+2_i0000.h5,8,3.000000000e-01,2,2.031750023e+00,main,true,rise,573
ml_samples/N8_sw0.30_x+2_i0001.h5,8,3.000000000e-01,2,2.031750023e+00,main,true,rise,256
ml_samples/N8_sw0.30_x+2_i0002.h5,8,3.000000000e-01,2,2.031750023e+00,main,true,rise,588
ml_samples/N8_sw0.30_x+2_i0003.h5,8,3.000000000e-01,2,2.031750023e+00,main,true,rise,509
ml_samples/N8_sw0.30_x+2_i0004.h5,8,3.000000000e-01,2,2.031750023e+00,main,true,rise,511
ml_samples/N8_sw0.30_x+2_i0005.h5,8,3.000000000e-01,2,2.031750023e+00,main,true,rise,946
ml_samples/N8_sw0.30_x+2_i0006.h5,8,3.000000000e-01,2,2.031750023e+00,main,true,rise,597
ml_samples/N8_sw0.30_x+2_i0007.h5,8,3.000000000e-01,2,2.031750023e+00,main,true,rise,239
ml_samples/N8_sw0.30_x+2_i0008.h5,8,3.000000000e-01,2,2.031750023e+00,main,true,rise,568
ml_samples/N8_sw0.30_x+2_i0009.h5,8,3.000000000e-01,2,2.031750023e+00,main,true,rise,1205
ml_samples/N8_sw0.30_x+2_i0010.h5,8,3.000000000e-01,2,2.031750023e+00,main,true,rise,583
ml_samples/N8_sw0.30_x+2_i0011.h5,8,3.000000000e-01,2,2.031750023e+00,main,true,rise,247
ml_samples/N8_sw0.30_x+2_i0012.h5,8,3.000000000e-01,2,2.031750023e+00,main,true,rise,952
ml_samples/N8_sw0.30_x+2_i0013.h5,8,3.000000000e-01,2,2.031750023e+00,main,true,fall,158
ml_samples/N8_sw0.30_x+2_i0014.h5,8,3.000000000e-01,2,2.031750023e+00,main,true,rise,816
ml_samples/N8_sw0.30_x+2_i0015.h5,8,3.000000000e-01,2,2.031750023e+00,main,true,rise,381
ml_samples/N8_sw0.30_x+2_i0016.h5,8,3.000000000e-01,2,2.031750023e+00,main,true,rise,303
ml_samples/N8_sw0.30_x+2_i0017.h5,8,3.000000000e-01,2,2.031750023e+00,main,true,rise,357
ml_samples/N8_sw0.30_x+2_i0018.h5,8,3.000000000e-01,2,2.031750023e+00,main,true,rise,394
ml_samples/N8_sw0.30_x+2_i0019.h5,8,3.000000000e-01,2,2.031750023e+00,main,true,rise,493
ml_samples/N8_sw0.30_x+2_i0020.h5,8,3.000000000e-01,2,2.031750023e+00,main,true,rise,353
ml_samples/N8_sw0.30_x+2_i0021.h5,8,3.000000000e-01,2,2.031750023e+00,main,true,rise,657
ml_samples/N8_sw0.30_x+2_i0022.h5,8,3.000000000e-01,2,2.031750023e+00,main,true,rise,741
ml_samples/N8_sw0.30_x+2_i0023.h5,8,3.000000000e-01,2,2.031750023e+00,main,true,rise,497
ml_samples/N8_sw0.30_x+2_i0024.h5,8,3.000000000e-01,2,2.031750023e+00,main,true,rise,439
ml_samples/N8_sw0.30_x+2_i0025.h5,8,3.000000000e-01,2,2.031750023e+00,main,true,rise,267
ml_samples/N8_sw0.30_x+2_i0026.h5,8,3.000000000e-01,2,2.031750023e+00,main,true,rise,375
ml_samples/N8_sw0.30_x+2_i0027.h5,8,3.000000000e-01,2,2.031750023e+00,main,true,rise,619
ml_samples/N8_sw0.30_x+2_i0028.h5,8,3.000000000e-01,2,2.031750023e+00,main,true,rise,355
ml_samples/N8_sw0.30_x+2_i0029.h5,8,3.000000000e-01,2,2.031750023e+00,main,true,rise,918
ml_samples/N8_sw0.30_x+2_i0030.h5,8,3.000000000e-01,2,2.031750023e+00,main,true,rise,739
ml_samples/N8_sw0.30_x+2_i0031.h5,8,3.000000000e-01,2,2.031750023e+00,main,true,rise,486
ml_samples/N8_sw0.30_x+2_i0032.h5,8,3.000000000e-01,2,2.031750023e+00,main,true,rise,603
ml_samples/N8_sw0.30_x+2_i0033.h5,8,3.000000000e-01,2,2.031750023e+00,main,true,rise,442
ml_samples/N8_sw0.30_x+2_i0034.h5,8,3.000000000e-01,2,2.031750023e+00,main,true,rise,315
ml_samples/N8_sw0.30_x+2_i0035.h5,8,3.000000000e-01,2,2.031750023e+00,main,true,rise,1039
ml_samples/N8_sw0.30_x+2_i0036.h5,8,3.000000000e-01,2,2.031750023e+00,main,true,rise,555
ml_samples/N8_sw0.30_x+2_i0037.h5,8,3.000000000e-01,2,2.031750023e+00,main,true,fall,876
ml_samples/N8_sw0.30_x+2_i0038.h5,8,3.000000000e-01,2,2.031750023e+00,main,true,rise,340
ml_samples/N8_sw0.30_x+2_i0039.h5,8,3.000000000e-01,2,2.031750023e+00,main,true,rise,406
ml_samples/N8_sw0.30_x+2_i0040.h5,8,3.000000000e-01,2,2.031750023e+00,main,true,rise,1799
ml_samples/N8_sw0.30_x+2_i0041.h5,8,3.000000000e-01,2,2.031750023e+00,main,true,rise,334
ml_samples/N8_sw0.30_x+2_i0042.h5,8,3.000000000e-01,2,2.031750023e+00,main,true,rise,650
ml_samples/N8_sw0.30_x+2_i0043.h5,8,3.000000000e-01,2,2.031750023e+00,main,true,rise,1129
ml_samples/N8_sw0.30_x+2_i0044.h5,8,3.000000000e-01,2,2.031750023e+00,main,true,rise,373
ml_samples/N8_sw0.30_x+2_i0045.h5,8,3.000000000e-01,2,2.031750023e+00,main,true,rise,211
ml_samples/N8_sw0.30_x+2_i0046.h5,8,3.000000000e-01,2,2.031750023e+00,main,true,rise,299
ml_samples/N8_sw0.30_x+2_i0047.h5,8,3.000000000e-01,2,2.031750023e+00,main,true,rise,588
ml_samples/N8_sw0.30_x+2_i0048.h5,8,3.000000000e-01,2,2.031750023e+00,main,true,rise,250
ml_samples/N8_sw0.30_x+2_i0049.h5,8,3.000000000e-01,2,2.031750023e+00,main,true,rise,281
ml_samples/N8_sw0.30_x+2_i0050.h5,8,3.000000000e-01,2,2.031750023e+00,main,true,rise,578
ml_samples/N8_sw0.30_x+2_i0051.h5,8,3.000000000e-01,2,2.031750023e+00,main,true,rise,553
ml_samples/N8_sw0.30_x+2_i0052.h5,8,3.000000000e-01,2,2.031750023e+00,main,true,rise,263
ml_samples/N8_sw0.30_x+2_i0053.h5,8,3.000000000e-01,2,2.031750023e+00,main,true,rise,542
ml_samples/N8_sw0.30_x+2_i0054.h5,8,3.000000000e-01,2,2.031750023e+00,main,true,rise,536
ml_samples/N8_sw0.30_x+2_i0055.h5,8,3.000000000e-01,2,2.031750023e+00,main,true,rise,356
ml_samples/N8_sw0.30_x+2_i0056.h5,8,3.000000000e-01,2,2.031750023e+00,main,true,rise,230
ml_samples/N8_sw0.30_x+2_i0057.h5,8,3.000000000e-01,2,2.031750023e+00,main,true,rise,482
ml_samples/N8_sw0.30_x+2_i0058.h5,8,3.000000000e-01,2,2.031750023e+00,main,true,rise,618
ml_samples/N8_sw0.30_x+2_i0059.h5,8,3.000000000e-01,2,2.031750023e+00,main,true,rise,789
ml_samples/N8_sw0.30_x+2_i0060.h5,8,3.000000000e-01,2,2.031750023e+00,main,true,rise,274
ml_samples/N8_sw0.30_x+2_i0061.h5,8,3.000000000e-01,2,2.031750023e+00,main,true,rise,313
ml_samples/N8_sw0.30_x+2_i0062.h5,8,3.000000000e-01,2,2.031750023e+00,main,true,rise,739
ml_samples/N8_sw0.30_x+2_i0063.h5,8,3.000000000e-01,2,2.031750023e+00,main,true,rise,470
ml_samples/N8_sw0.30_x+2_i0064.h5,8,3.000000000e-01,2,2.031750023e+00,main,true,rise,635
ml_samples/N8_sw0.30_x+2_i0065.h5,8,3.000000000e-01,2,2.031750023e+00,main,true,rise,244
ml_samples/N8_sw0.30_x+2_i0066.h5,8,3.000000000e-01,2,2.031750023e+00,main,true,rise,324
ml_samples/N8_sw0.30_x+2_i0067.h5,8,3.000000000e-01,2,2.031750023e+00,main,true,rise,407
ml_samples/N8_sw0.30_x+2_i0068.h5,8,3.000000000e-01,2,2.031750023e+00,main,true,rise,1570
ml_samples/N8_sw0.30_x+2_i0069.h5,8,3.000000000e-01,2,2.031750023e+00,main,true,rise,1276
ml_samples/N8_sw0.30_x+2_i0070.h5,8,3.000000000e-01,2,2.031750023e+00,main,true,rise,834
ml_samples/N8_sw0.30_x+2_i0071.h5,8,3.000000000e-01,2,2.031750023e+00,main,true,rise,351
ml_samples/N8_sw0.30_x+2_i0072.h5,8,3.000000000e-01,2,2.031750023e+00,main,true,fall,240
ml_samples/N8_sw0.30_x+2_i0073.h5,8,3.000000000e-01,2,2.031750023e+00,main,true,rise,516
ml_samples/N8_sw0.30_x+2_i0074.h5,8,3.000000000e-01,2,2.031750023e+00,main,true,rise,281
ml_samples/N8_sw0.30_x+2_i0075.h5,8,3.000000000e-01,2,2.031750023e+00,main,true,rise,606
ml_samples/N8_sw0.30_x+2_i0076.h5,8,3.000000000e-01,2,2.031750023e+00,main,true,rise,339
ml_samples/N8_sw0.30_x+2_i0077.h5,8,3.000000000e-01,2,2.031750023e+00,main,true,rise,402
ml_samples/N8_sw0.30_x+2_i0078.h5,8,3.000000000e-01,2,2.031750023e+00,main,true,rise,691
ml_samples/N8_sw0.30_x+2_i0079.h5,8,3.000000000e-01,2,2.031750023e+00,main,true,rise,568
ml_samples/N8_sw0.30_x+2_i0080.h5,8,3.000000000e-01,2,2.031750023e+00,main,true,rise,598
ml_samples/N8_sw0.30_x+2_i0081.h5,8,3.000000000e-01,2,2.031750023e+00,main,true,rise,512
ml_samples/N8_sw0.30_x+2_i0082.h5,8,3.000000000e-01,2,2.031750023e+00,main,true,rise,1177
ml_samples/N8_sw0.30_x+2_i0083.h5,8,3.000000000e-01,2,2.031750023e+00,main,true,rise,1083
ml_samples/N8_sw0.30_x+2_i0084.h5,8,3.000000000e-01,2,2.031750023e+00,main,true,rise,295
ml_samples/N8_sw0.30_x+2_i0085.h5,8,3.000000000e-01,2,2.031750023e+00,main,true,rise,253
ml_samples/N8_sw0.30_x+2_i0086.h5,8,3.000000000e-01,2,2.031750023e+00,main,true,rise,307
ml_samples/N8_sw0.30_x+2_i0087.h5,8,3.000000000e-01,2,2.031750023e+00,main,true,rise,245
ml_samples/N8_sw0.30_x+2_i0088.h5,8,3.000000000e-01,2,2.031750023e+00,main,true,rise,853
ml_samples/N8_sw0.30_x+2_i0089.h5,8,3.000000000e-01,2,2.031750023e+00,main,true,rise,339
ml_samples/N8_sw0.30_x+2_i0090.h5,8,3.000000000e-01,2,2.031750023e+00,main,true,rise,641
ml_samples/N8_sw0.30_x+2_i0091.h5,8,3.000000000e-01,2,2.031750023e+00,main,true,rise,260
ml_samples/N8_sw0.30_x+2_i0092.h5,8,3.000000000e-01,2,2.031750023e+00,main,true,rise,588
ml_samples/N8_sw0.30_x+2_i0093.h5,8,3.000000000e-01,2,2.031750023e+00,main,true,rise,1582
ml_samples/N8_sw0.30_x+2_i0094.h5,8,3.000000000e-01,2,2.031750023e+00,main,true,rise,458
ml_samples/N8_sw0.30_x+2_i0095.h5,8,3.000000000e-01,2,2.031750023e+00,main,true,rise,235
ml_samples/N8_sw0.30_x+2_i0096.h5,8,3.000000000e-01,2,2.031750023e+00,main,true,rise,366
ml_samples/N8_sw0.30_x+2_i0097.h5,8,3.000000000e-01,2,2.031750023e+00,main,true,rise,190
ml_samples/N8_sw0.30_x+2_i0098.h5,8,3.000000000e-01,2,2.031750023e+00,main,true,rise,910
ml_samples/N8_sw0.30_x+2_i0099.h5,8,3.000000000e-01,2,2.031750023e+00,main,true,rise,784
ml_samples/N8_sw0.30_x+4_i0000.h5,8,3.000000000e-01,4,3.063500045e+00,main,true,rise,354
ml_samples/N8_sw0.30_x+4_i0001.h5,8,3.000000000e-01,4,3.063500045e+00,main,true,rise,299
ml_samples/N8_sw0.30_x+4_i0002.h5,8,3.000000000e-01,4,3.063500045e+00,main,true,rise,286
ml_samples/N8_sw0.30_x+4_i0003.h5,8,3.000000000e-01,4,3.063500045e+00,main,true,rise,389
ml_samples/N8_sw0.30_x+4_i0004.h5,8,3.000000000e-01,4,3.063500045e+00,main,true,rise,253
ml_samples/N8_sw0.30_x+4_i0005.h5,8,3.000000000e-01,4,3.063500045e+00,main,true,rise,145
ml_samples/N8_sw0.30_x+4_i0006.h5,8,3.000000000e-01,4,3.063500045e+00,main,true,rise,314
ml_samples/N8_sw0.30_x+4_i0007.h5,8,3.000000000e-01,4,3.063500045e+00,main,true,rise,318
ml_samples/N8_sw0.30_x+4_i0008.h5,8,3.000000000e-01,4,3.063500045e+00,main,true,rise,317
ml_samples/N8_sw0.30_x+4_i0009.h5,8,3.000000000e-01,4,3.063500045e+00,main,true,rise,771
ml_samples/N8_sw0.30_x+4_i0010.h5,8,3.000000000e-01,4,3.063500045e+00,main,true,rise,354
ml_samples/N8_sw0.30_x+4_i0011.h5,8,3.000000000e-01,4,3.063500045e+00,main,true,rise,293
ml_samples/N8_sw0.30_x+4_i0012.h5,8,3.000000000e-01,4,3.063500045e+00,main,true,rise,295
ml_samples/N8_sw0.30_x+4_i0013.h5,8,3.000000000e-01,4,3.063500045e+00,main,true,rise,237
ml_samples/N8_sw0.30_x+4_i0014.h5,8,3.000000000e-01,4,3.063500045e+00,main,true,rise,178
ml_samples/N8_sw0.30_x+4_i0015.h5,8,3.000000000e-01,4,3.063500045e+00,main,true,rise,247
ml_samples/N8_sw0.30_x+4_i0016.h5,8,3.000000000e-01,4,3.063500045e+00,main,true,rise,469
ml_samples/N8_sw0.30_x+4_i0017.h5,8,3.000000000e-01,4,3.063500045e+00,main,true,rise,353
ml_samples/N8_sw0.30_x+4_i0018.h5,8,3.000000000e-01,4,3.063500045e+00,main,true,rise,183
ml_samples/N8_sw0.30_x+4_i0019.h5,8,3.000000000e-01,4,3.063500045e+00,main,true,rise,485
ml_samples/N8_sw0.30_x+4_i0020.h5,8,3.000000000e-01,4,3.063500045e+00,main,true,rise,761
ml_samples/N8_sw0.30_x+4_i0021.h5,8,3.000000000e-01,4,3.063500045e+00,main,true,rise,216
ml_samples/N8_sw0.30_x+4_i0022.h5,8,3.000000000e-01,4,3.063500045e+00,main,true,rise,275
ml_samples/N8_sw0.30_x+4_i0023.h5,8,3.000000000e-01,4,3.063500045e+00,main,true,rise,395
ml_samples/N8_sw0.30_x+4_i0024.h5,8,3.000000000e-01,4,3.063500045e+00,main,true,rise,195
ml_samples/N8_sw0.30_x+4_i0025.h5,8,3.000000000e-01,4,3.063500045e+00,main,true,rise,241
ml_samples/N8_sw0.30_x+4_i0026.h5,8,3.000000000e-01,4,3.063500045e+00,main,true,rise,440
ml_samples/N8_sw0.30_x+4_i0027.h5,8,3.000000000e-01,4,3.063500045e+00,main,true,rise,354
ml_samples/N8_sw0.30_x+4_i0028.h5,8,3.000000000e-01,4,3.063500045e+00,main,true,rise,374
ml_samples/N8_sw0.30_x+4_i0029.h5,8,3.000000000e-01,4,3.063500045e+00,main,true,rise,210
ml_samples/N8_sw0.30_x+4_i0030.h5,8,3.000000000e-01,4,3.063500045e+00,main,true,rise,216
ml_samples/N8_sw0.30_x+4_i0031.h5,8,3.000000000e-01,4,3.063500045e+00,main,true,rise,202
ml_samples/N8_sw0.30_x+4_i0032.h5,8,3.000000000e-01,4,3.063500045e+00,main,true,rise,197
ml_samples/N8_sw0.30_x+4_i0033.h5,8,3.000000000e-01,4,3.063500045e+00,main,true,rise,294
ml_samples/N8_sw0.30_x+4_i0034.h5,8,3.000000000e-01,4,3.063500045e+00,main,true,rise,140
ml_samples/N8_sw0.30_x+4_i0035.h5,8,3.000000000e-01,4,3.063500045e+00,main,true,rise,197
ml_samples/N8_sw0.30_x+4_i0036.h5,8,3.000000000e-01,4,3.063500045e+00,main,true,rise,195
ml_samples/N8_sw0.30_x+4_i0037.h5,8,3.000000000e-01,4,3.063500045e+00,main,true,rise,291
ml_samples/N8_sw0.30_x+4_i0038.h5,8,3.000000000e-01,4,3.063500045e+00,main,true,rise,294
ml_samples/N8_sw0.30_x+4_i0039.h5,8,3.000000000e-01,4,3.063500045e+00,main,true,rise,458
ml_samples/N8_sw0.30_x+4_i0040.h5,8,3.000000000e-01,4,3.063500045e+00,main,true,rise,150
ml_samples/N8_sw0.30_x+4_i0041.h5,8,3.000000000e-01,4,3.063500045e+00,main,true,rise,253
ml_samples/N8_sw0.30_x+4_i0042.h5,8,3.000000000e-01,4,3.063500045e+00,main,true,rise,269
ml_samples/N8_sw0.30_x+4_i0043.h5,8,3.000000000e-01,4,3.063500045e+00,main,true,rise,1130
ml_samples/N8_sw0.30_x+4_i0044.h5,8,3.000000000e-01,4,3.063500045e+00,main,true,rise,271
ml_samples/N8_sw0.30_x+4_i0045.h5,8,3.000000000e-01,4,3.063500045e+00,main,true,rise,325
ml_samples/N8_sw0.30_x+4_i0046.h5,8,3.000000000e-01,4,3.063500045e+00,main,true,rise,198
ml_samples/N8_sw0.30_x+4_i0047.h5,8,3.000000000e-01,4,3.063500045e+00,main,true,rise,170
ml_samples/N8_sw0.30_x+4_i0048.h5,8,3.000000000e-01,4,3.063500045e+00,main,true,rise,307
ml_samples/N8_sw0.30_x+4_i0049.h5,8,3.000000000e-01,4,3.063500045e+00,main,true,rise,216
ml_samples/N8_sw0.30_x+4_i0050.h5,8,3.000000000e-01,4,3.063500045e+00,main,true,rise,187
ml_samples/N8_sw0.30_x+4_i0051.h5,8,3.000000000e-01,4,3.063500045e+00,main,true,rise,294
ml_samples/N8_sw0.30_x+4_i0052.h5,8,3.000000000e-01,4,3.063500045e+00,main,true,rise,347
ml_samples/N8_sw0.30_x+4_i0053.h5,8,3.000000000e-01,4,3.063500045e+00,main,true,rise,202
ml_samples/N8_sw0.30_x+4_i0054.h5,8,3.000000000e-01,4,3.063500045e+00,main,true,rise,262
ml_samples/N8_sw0.30_x+4_i0055.h5,8,3.000000000e-01,4,3.063500045e+00,main,true,rise,280
ml_samples/N8_sw0.30_x+4_i0056.h5,8,3.000000000e-01,4,3.063500045e+00,main,true,rise,251
ml_samples/N8_sw0.30_x+4_i0057.h5,8,3.000000000e-01,4,3.063500045e+00,main,true,rise,240
ml_samples/N8_sw0.30_x+4_i0058.h5,8,3.000000000e-01,4,3.063500045e+00,main,true,rise,323
ml_samples/N8_sw0.30_x+4_i0059.h5,8,3.000000000e-01,4,3.063500045e+00,main,true,rise,187
ml_samples/N8_sw0.30_x+4_i0060.h5,8,3.000000000e-01,4,3.063500045e+00,main,true,rise,146
ml_samples/N8_sw0.30_x+4_i0061.h5,8,3.000000000e-01,4,3.063500045e+00,main,true,rise,443
ml_samples/N8_sw0.30_x+4_i0062.h5,8,3.000000000e-01,4,3.063500045e+00,main,true,rise,198
ml_samples/N8_sw0.30_x+4_i0063.h5,8,3.000000000e-01,4,3.063500045e+00,main,true,rise,202
ml_samples/N8_sw0.30_x+4_i0064.h5,8,3.000000000e-01,4,3.063500045e+00,main,true,rise,335
ml_samples/N8_sw0.30_x+4_i0065.h5,8,3.000000000e-01,4,3.063500045e+00,main,true,rise,235
ml_samples/N8_sw0.30_x+4_i0066.h5,8,3.000000000e-01,4,3.063500045e+00,main,true,rise,175
ml_samples/N8_sw0.30_x+4_i0067.h5,8,3.000000000e-01,4,3.063500045e+00,main,true,rise,309
ml_samples/N8_sw0.30_x+4_i0068.h5,8,3.000000000e-01,4,3.063500045e+00,main,true,rise,444
ml_samples/N8_sw0.30_x+4_i0069.h5,8,3.000000000e-01,4,3.063500045e+00,main,true,rise,152
ml_samples/N8_sw0.30_x+4_i0070.h5,8,3.000000000e-01,4,3.063500045e+00,main,true,rise,277
ml_samples/N8_sw0.30_x+4_i0071.h5,8,3.000000000e-01,4,3.063500045e+00,main,true,rise,174
ml_samples/N8_sw0.30_x+4_i0072.h5,8,3.000000000e-01,4,3.063500045e+00,main,true,rise,220
ml_samples/N8_sw0.30_x+4_i0073.h5,8,3.000000000e-01,4,3.063500045e+00,main,true,rise,147
ml_samples/N8_sw0.30_x+4_i0074.h5,8,3.000000000e-01,4,3.063500045e+00,main,true,rise,466
ml_samples/N8_sw0.30_x+4_i0075.h5,8,3.000000000e-01,4,3.063500045e+00,main,true,rise,409
ml_samples/N8_sw0.30_x+4_i0076.h5,8,3.000000000e-01,4,3.063500045e+00,main,true,rise,292
ml_samples/N8_sw0.30_x+4_i0077.h5,8,3.000000000e-01,4,3.063500045e+00,main,true,rise,205
ml_samples/N8_sw0.30_x+4_i0078.h5,8,3.000000000e-01,4,3.063500045e+00,main,true,rise,229
ml_samples/N8_sw0.30_x+4_i0079.h5,8,3.000000000e-01,4,3.063500045e+00,main,true,rise,248
ml_samples/N8_sw0.30_x+4_i0080.h5,8,3.000000000e-01,4,3.063500045e+00,main,true,rise,242
ml_samples/N8_sw0.30_x+4_i0081.h5,8,3.000000000e-01,4,3.063500045e+00,main,true,rise,166
ml_samples/N8_sw0.30_x+4_i0082.h5,8,3.000000000e-01,4,3.063500045e+00,main,true,rise,303
ml_samples/N8_sw0.30_x+4_i0083.h5,8,3.000000000e-01,4,3.063500045e+00,main,true,rise,351
ml_samples/N8_sw0.30_x+4_i0084.h5,8,3.000000000e-01,4,3.063500045e+00,main,true,rise,550
ml_samples/N8_sw0.30_x+4_i0085.h5,8,3.000000000e-01,4,3.063500045e+00,main,true,rise,259
ml_samples/N8_sw0.30_x+4_i0086.h5,8,3.000000000e-01,4,3.063500045e+00,main,true,rise,734
ml_samples/N8_sw0.30_x+4_i0087.h5,8,3.000000000e-01,4,3.063500045e+00,main,true,rise,189
ml_samples/N8_sw0.30_x+4_i0088.h5,8,3.000000000e-01,4,3.063500045e+00,main,true,rise,196
ml_samples/N8_sw0.30_x+4_i0089.h5,8,3.000000000e-01,4,3.063500045e+00,main,true,rise,221
ml_samples/N8_sw0.30_x+4_i0090.h5,8,3.000000000e-01,4,3.063500045e+00,main,true,rise,454
ml_samples/N8_sw0.30_x+4_i0091.h5,8,3.000000000e-01,4,3.063500045e+00,main,true,rise,324
ml_samples/N8_sw0.30_x+4_i0092.h5,8,3.000000000e-01,4,3.063500045e+00,main,true,rise,298
ml_samples/N8_sw0.30_x+4_i0093.h5,8,3.000000000e-01,4,3.063500045e+00,main,true,rise,231
ml_samples/N8_sw0.30_x+4_i0094.h5,8,3.000000000e-01,4,3.063500045e+00,main,true,rise,321
ml_samples/N8_sw0.30_x+4_i0095.h5,8,3.000000000e-01,4,3.063500045e+00,main,true,rise,524
ml_samples/N8_sw0.30_x+4_i0096.h5,8,3.000000000e-01,4,3.063500045e+00,main,true,rise,141
ml_samples/N8_sw0.30_x+4_i0097.h5,8,3.000000000e-01,4,3.063500045e+00,main,true,rise,271
ml_samples/N8_sw0.30_x+4_i0098.h5,8,3.000000000e-01,4,3.063500045e+00,main,true,rise,260
ml_samples/N8_sw0.30_x+4_i0099.h5,8,3.000000000e-01,4,3.063500045e+00,main,true,rise,247
