N,N_t,sigma_w,ell,x,Fbar_l,q_nC,seed,split,outcome,exit_time,R_over_L_mean,R_over_L_std,theta_L_mean,dmin_min_um,entangled,newton_failures,wall_time_s,hdf5_path
3,50,3.000000000e-01,1.000000000e+00,-1,8.032377505e-01,3.544652421e-01,1535148922,gen_N,fall,1.001000000e+00,1.165964944e-01,3.606816983e-02,1.446568525e-01,7.872005656e+01,false,0,1.362324093e+02,/mnt/pd/tema1/new/results/ml_samples/N3_sw0.30_x-1_i0025.h5
3,50,3.000000000e-01,1.000000000e+00,-1,8.032377505e-01,3.544652421e-01,11337153,gen_N,fall,1.161000000e+00,1.150948117e-01,2.146620774e-02,1.303231065e-01,5.496177734e+01,false,0,1.534506089e+02,/mnt/pd/tema1/new/results/ml_samples/N3_sw0.30_x-1_i0019.h5
3,50,3.000000000e-01,1.000000000e+00,-1,8.032377505e-01,3.544652421e-01,1700689831,gen_N,fall,1.191000000e+00,1.429575782e-01,5.458621600e-02,1.255092918e-01,7.872005656e+01,false,0,1.740302661e+02,/mnt/pd/tema1/new/results/ml_samples/N3_sw0.30_x-1_i0033.h5
3,50,3.000000000e-01,1.000000000e+00,-1,8.032377505e-01,3.544652421e-01,224261662,gen_N,fall,1.331000000e+00,1.393100701e-01,3.995074413e-02,1.283521968e-01,5.338323275e+01,false,0,1.753250319e+02,/mnt/pd/tema1/new/results/ml_samples/N3_sw0.30_x-1_i0007.h5
3,50,3.000000000e-01,1.000000000e+00,0,1.000000000e+00,4.412955466e-01,104236032,gen_N,fall,1.461000000e+00,1.586420602e-01,4.691078615e-02,9.821963119e-02,1.206285640e+02,false,0,1.842322548e+02,/mnt/pd/tema1/new/results/ml_samples/N3_sw0.30_x+0_i0009.h5
3,50,3.000000000e-01,1.000000000e+00,-1,8.032377505e-01,3.544652421e-01,609843367,gen_N,fall,1.441000000e+00,1.432236009e-01,3.735052343e-02,1.292716315e-01,2.494360944e+01,false,0,1.860199436e+02,/mnt/pd/tema1/new/results/ml_samples/N3_sw0.30_x-1_i0039.h5
3,50,3.000000000e-01,1.000000000e+00,-1,8.032377505e-01,3.544652421e-01,1426748162,gen_N,fall,1.651000000e+00,1.412183055e-01,2.609517766e-02,1.362347014e-01,6.104300963e+01,false,0,2.042686102e+02,/mnt/pd/tema1/new/results/ml_samples/N3_sw0.30_x-1_i0029.h5
3,50,3.000000000e-01,1.000000000e+00,-1,8.032377505e-01,3.544652421e-01,1612255728,gen_N,fall,1.561000000e+00,1.166699459e-01,1.962712576e-02,1.214790378e-01,7.872005656e+01,false,0,2.120860076e+02,/mnt/pd/tema1/new/results/ml_samples/N3_sw0.30_x-1_i0041.h5
3,50,3.000000000e-01,1.000000000e+00,-1,8.032377505e-01,3.544652421e-01,1721554028,gen_N,fall,1.971000000e+00,1.756702453e-01,4.765269880e-02,1.115192167e-01,7.872005656e+01,false,0,2.480139441e+02,/mnt/pd/tema1/new/results/ml_samples/N3_sw0.30_x-1_i0049.h5
3,50,3.000000000e-01,1.000000000e+00,-1,8.032377505e-01,3.544652421e-01,685267101,gen_N,fall,2.211000000e+00,1.461560352e-01,3.966402912e-02,1.203358882e-01,7.872005656e+01,false,0,2.584421855e+02,/mnt/pd/tema1/new/results/ml_samples/N3_sw0.30_x-1_i0013.h5
3,50,3.000000000e-01,1.000000000e+00,-1,8.032377505e-01,3.544652421e-01,2012124829,gen_N,fall,2.511000000e+00,1.285859435e-01,3.234795710e-02,1.116420801e-01,5.744755701e+01,false,0,2.937365648e+02,/mnt/pd/tema1/new/results/ml_samples/N3_sw0.30_x-1_i0031.h5
3,50,3.000000000e-01,1.000000000e+00,-1,8.032377505e-01,3.544652421e-01,1014366657,gen_N,fall,2.491000000e+00,1.495646883e-01,6.831045064e-02,1.186765609e-01,7.872005656e+01,false,0,3.386880194e+02,/mnt/pd/tema1/new/results/ml_samples/N3_sw0.30_x-1_i0009.h5
3,50,3.000000000e-01,1.000000000e+00,-1,8.032377505e-01,3.544652421e-01,349589463,gen_N,fall,2.791000000e+00,1.157480511e-01,3.075634220e-02,1.178144412e-01,5.833768433e+01,false,0,3.444450604e+02,/mnt/pd/tema1/new/results/ml_samples/N3_sw0.30_x-1_i0037.h5
3,50,3.000000000e-01,1.000000000e+00,-1,8.032377505e-01,3.544652421e-01,1273324305,gen_N,fall,3.261000000e+00,1.341394892e-01,5.237699254e-02,1.210372123e-01,6.775620897e+01,false,0,3.630794842e+02,/mnt/pd/tema1/new/results/ml_samples/N3_sw0.30_x-1_i0017.h5
3,50,3.000000000e-01,1.000000000e+00,-1,8.032377505e-01,3.544652421e-01,84168729,gen_N,fall,2.741000000e+00,1.482672044e-01,5.479156128e-02,1.139379811e-01,5.367553213e+00,false,0,3.748835595e+02,/mnt/pd/tema1/new/results/ml_samples/N3_sw0.30_x-1_i0015.h5
3,50,3.000000000e-01,1.000000000e+00,-1,8.032377505e-01,3.544652421e-01,1944268050,gen_N,fall,2.951000000e+00,1.459022292e-01,7.701753605e-02,1.095967541e-01,5.116665375e+01,false,0,3.787715700e+02,/mnt/pd/tema1/new/results/ml_samples/N3_sw0.30_x-1_i0023.h5
3,50,3.000000000e-01,1.000000000e+00,-1,8.032377505e-01,3.544652421e-01,756613884,gen_N,fall,3.281000000e+00,1.282832280e-01,2.766539570e-02,1.085312123e-01,7.872005656e+01,false,0,4.064703249e+02,/mnt/pd/tema1/new/results/ml_samples/N3_sw0.30_x-1_i0005.h5
3,50,3.000000000e-01,1.000000000e+00,-1,8.032377505e-01,3.544652421e-01,1566338660,gen_N,fall,4.271000000e+00,1.349302925e-01,3.092058275e-02,1.002492276e-01,7.872005656e+01,false,0,4.706044345e+02,/mnt/pd/tema1/new/results/ml_samples/N3_sw0.30_x-1_i0043.h5
3,50,3.000000000e-01,1.000000000e+00,0,1.000000000e+00,4.412955466e-01,93814454,gen_N,rise,4.611000000e+00,1.436579023e-01,4.268435818e-02,1.190478474e-01,1.451245703e+02,false,0,4.849856194e+02,/mnt/pd/tema1/new/results/ml_samples/N3_sw0.30_x+0_i0007.h5
3,50,3.000000000e-01,1.000000000e+00,0,1.000000000e+00,4.412955466e-01,84096103,gen_N,fall,4.401000000e+00,1.314565721e-01,2.143989378e-02,1.022607160e-01,1.451245703e+02,false,0,5.144007385e+02,/mnt/pd/tema1/new/results/ml_samples/N3_sw0.30_x+0_i0001.h5
3,50,3.000000000e-01,1.000000000e+00,-1,8.032377505e-01,3.544652421e-01,56580853,gen_N,fall,4.871000000e+00,1.261009956e-01,2.773734791e-02,1.245288736e-01,4.528149142e+01,false,0,5.254180758e+02,/mnt/pd/tema1/new/results/ml_samples/N3_sw0.30_x-1_i0035.h5
3,50,3.000000000e-01,1.000000000e+00,0,1.000000000e+00,4.412955466e-01,590455264,gen_N,fall,3.491000000e+00,1.402445747e-01,3.356056549e-02,1.140330985e-01,1.451245703e+02,false,0,3.829100098e+02,/mnt/pd/tema1/new/results/ml_samples/N3_sw0.30_x+0_i0015.h5
3,50,3.000000000e-01,1.000000000e+00,0,1.000000000e+00,4.412955466e-01,1288390180,gen_N,fall,3.981000000e+00,1.290295725e-01,3.485619758e-02,1.187094565e-01,1.451245703e+02,false,0,4.602842213e+02,/mnt/pd/tema1/new/results/ml_samples/N3_sw0.30_x+0_i0025.h5
3,50,3.000000000e-01,1.000000000e+00,-1,8.032377505e-01,3.544652421e-01,1217836041,gen_N,fall,5.841000000e+00,1.560162065e-01,5.002710819e-02,1.086097983e-01,7.872005656e+01,false,0,7.025100676e+02,/mnt/pd/tema1/new/results/ml_samples/N3_sw0.30_x-1_i0001.h5
3,50,3.000000000e-01,1.000000000e+00,-1,8.032377505e-01,3.544652421e-01,1256046506,gen_N,fall,6.561000000e+00,1.379472369e-01,3.826024700e-02,1.096727783e-01,6.225220938e+01,false,0,7.150068358e+02,/mnt/pd/tema1/new/results/ml_samples/N3_sw0.30_x-1_i0003.h5
3,50,3.000000000e-01,1.000000000e+00,0,1.000000000e+00,4.412955466e-01,1390837957,gen_N,fall,5.671000000e+00,1.414948271e-01,3.533819372e-02,1.104676669e-01,1.451245703e+02,false,0,6.090604044e+02,/mnt/pd/tema1/new/results/ml_samples/N3_sw0.30_x+0_i0011.h5
3,50,3.000000000e-01,1.000000000e+00,-1,8.032377505e-01,3.544652421e-01,893773779,gen_N,fall,7.251000000e+00,1.238855169e-01,3.029403318e-02,1.121176751e-01,7.872005656e+01,false,0,7.655080905e+02,/mnt/pd/tema1/new/results/ml_samples/N3_sw0.30_x-1_i0027.h5
3,50,3.000000000e-01,1.000000000e+00,-1,8.032377505e-01,3.544652421e-01,1819502864,gen_N,fall,8.101000000e+00,1.375382938e-01,4.146377740e-02,1.135319890e-01,7.872005656e+01,false,0,9.098164596e+02,/mnt/pd/tema1/new/results/ml_samples/N3_sw0.30_x-1_i0021.h5
3,50,3.000000000e-01,1.000000000e+00,-1,8.032377505e-01,3.544652421e-01,1286528549,gen_N,rise,8.101000000e+00,1.333686859e-01,2.881072017e-02,1.067803680e-01,7.533775968e+01,false,0,9.101192019e+02,/mnt/pd/tema1/new/results/ml_samples/N3_sw0.30_x-1_i0047.h5
3,50,3.000000000e-01,1.000000000e+00,0,1.000000000e+00,4.412955466e-01,937662114,gen_N,fall,8.921000000e+00,1.359723122e-01,2.091126885e-02,1.021169577e-01,1.451245703e+02,false,0,9.262452058e+02,/mnt/pd/tema1/new/results/ml_samples/N3_sw0.30_x+0_i0003.h5
3,50,3.000000000e-01,1.000000000e+00,0,1.000000000e+00,4.412955466e-01,628082277,gen_N,rise,5.551000000e+00,1.516353900e-01,3.911596305e-02,9.975109469e-02,1.451245703e+02,false,0,5.913978699e+02,/mnt/pd/tema1/new/results/ml_samples/N3_sw0.30_x+0_i0037.h5
3,50,3.000000000e-01,1.000000000e+00,0,1.000000000e+00,4.412955466e-01,2008520262,gen_N,fall,5.481000000e+00,1.300074115e-01,2.783227978e-02,1.103962648e-01,1.451245703e+02,false,0,5.925436317e+02,/mnt/pd/tema1/new/results/ml_samples/N3_sw0.30_x+0_i0041.h5
3,50,3.000000000e-01,1.000000000e+00,0,1.000000000e+00,4.412955466e-01,1703436168,gen_N,rise,5.651000000e+00,1.604240111e-01,3.183082509e-02,1.120064721e-01,1.451245703e+02,false,0,6.593415092e+02,/mnt/pd/tema1/new/results/ml_samples/N3_sw0.30_x+0_i0039.h5
3,50,3.000000000e-01,1.000000000e+00,1,1.196762249e+00,5.281258510e-01,1938074620,gen_N,rise,3.751000000e+00,1.429475490e-01,2.102365032e-02,1.034995422e-01,2.515749806e+02,false,0,4.092110017e+02,/mnt/pd/tema1/new/results/ml_samples/N3_sw0.30_x+1_i0009.h5
3,50,3.000000000e-01,1.000000000e+00,1,1.196762249e+00,5.281258510e-01,651761509,gen_N,rise,5.671000000e+00,1.519622045e-01,3.090939669e-02,9.657579080e-02,2.515749806e+02,false,0,6.443180789e+02,/mnt/pd/tema1/new/results/ml_samples/N3_sw0.30_x+1_i0003.h5
3,50,3.000000000e-01,1.000000000e+00,0,1.000000000e+00,4.412955466e-01,1963404010,gen_N,fall,8.211000000e+00,1.263680139e-01,2.116353932e-02,1.081341710e-01,1.201742590e+02,false,0,8.700870972e+02,/mnt/pd/tema1/new/results/ml_samples/N3_sw0.30_x+0_i0033.h5
3,50,3.000000000e-01,1.000000000e+00,1,1.196762249e+00,5.281258510e-01,1437718716,gen_N,rise,2.201000000e+00,1.700207537e-01,3.785608095e-02,1.194309935e-01,2.515749806e+02,false,0,2.772843459e+02,/mnt/pd/tema1/new/results/ml_samples/N3_sw0.30_x+1_i0023.h5
3,50,3.000000000e-01,1.000000000e+00,0,1.000000000e+00,4.412955466e-01,1636098926,gen_N,fall,6.921000000e+00,1.406777200e-01,3.498195693e-02,1.084386965e-01,1.283945082e+02,false,0,7.473290212e+02,/mnt/pd/tema1/new/results/ml_samples/N3_sw0.30_x+0_i0049.h5
3,50,3.000000000e-01,1.000000000e+00,-1,8.032377505e-01,3.544652421e-01,1470518245,gen_N,fall,1.212100000e+01,1.267916776e-01,2.474830683e-02,1.085449375e-01,7.872005656e+01,false,0,1.270136267e+03,/mnt/pd/tema1/new/results/ml_samples/N3_sw0.30_x-1_i0011.h5
3,50,3.000000000e-01,1.000000000e+00,1,1.196762249e+00,5.281258510e-01,434673170,gen_N,rise,3.041000000e+00,1.639440233e-01,4.259082201e-02,1.100050605e-01,2.515749806e+02,false,0,3.461894010e+02,/mnt/pd/tema1/new/results/ml_samples/N3_sw0.30_x+1_i0019.h5
3,50,3.000000000e-01,1.000000000e+00,1,1.196762249e+00,5.281258510e-01,1930159315,gen_N,rise,5.761000000e+00,1.347349157e-01,2.037771879e-02,1.069522727e-01,2.515749806e+02,false,0,6.274841071e+02,/mnt/pd/tema1/new/results/ml_samples/N3_sw0.30_x+1_i0005.h5
3,50,3.000000000e-01,1.000000000e+00,0,1.000000000e+00,4.412955466e-01,593661726,gen_N,fall,9.331000000e+00,1.489740731e-01,3.674260297e-02,1.028986382e-01,1.451245703e+02,false,0,9.614652545e+02,/mnt/pd/tema1/new/results/ml_samples/N3_sw0.30_x+0_i0035.h5
3,50,3.000000000e-01,1.000000000e+00,1,1.196762249e+00,5.281258510e-01,1370052965,gen_N,rise,5.851000000e+00,1.492222989e-01,2.924558720e-02,1.079033327e-01,2.515749806e+02,false,0,6.297756449e+02,/mnt/pd/tema1/new/results/ml_samples/N3_sw0.30_x+1_i0007.h5
3,50,3.000000000e-01,1.000000000e+00,0,1.000000000e+00,4.412955466e-01,709521139,gen_N,fall,1.045100000e+01,1.366270831e-01,2.696824242e-02,1.008625684e-01,1.451245703e+02,false,0,1.085414750e+03,/mnt/pd/tema1/new/results/ml_samples/N3_sw0.30_x+0_i0027.h5
3,50,3.000000000e-01,1.000000000e+00,1,1.196762249e+00,5.281258510e-01,983327801,gen_N,rise,5.271000000e+00,1.518531087e-01,2.697868041e-02,9.675387541e-02,2.515749806e+02,false,0,5.731251653e+02,/mnt/pd/tema1/new/results/ml_samples/N3_sw0.30_x+1_i0013.h5
3,50,3.000000000e-01,1.000000000e+00,0,1.000000000e+00,4.412955466e-01,1280204429,gen_N,rise,1.098100000e+01,1.343236874e-01,2.678780714e-02,1.064911895e-01,1.451245703e+02,false,0,1.189176964e+03,/mnt/pd/tema1/new/results/ml_samples/N3_sw0.30_x+0_i0013.h5
3,50,3.000000000e-01,1.000000000e+00,0,1.000000000e+00,4.412955466e-01,1138684561,gen_N,fall,8.041000000e+00,1.371289445e-01,2.074779859e-02,9.542699760e-02,1.451245703e+02,false,0,8.773617094e+02,/mnt/pd/tema1/new/results/ml_samples/N3_sw0.30_x+0_i0047.h5
3,50,3.000000000e-01,1.000000000e+00,0,1.000000000e+00,4.412955466e-01,850519991,gen_N,rise,9.421000000e+00,1.435737560e-01,2.572217612e-02,1.060110968e-01,1.451245703e+02,false,0,9.813762077e+02,/mnt/pd/tema1/new/results/ml_samples/N3_sw0.30_x+0_i0043.h5
3,50,3.000000000e-01,1.000000000e+00,0,1.000000000e+00,4.412955466e-01,281730337,gen_N,rise,1.466100000e+01,1.494596406e-01,3.301390540e-02,1.056116377e-01,1.160805770e+02,false,0,1.497347504e+03,/mnt/pd/tema1/new/results/ml_samples/N3_sw0.30_x+0_i0005.h5
3,50,3.000000000e-01,1.000000000e+00,0,1.000000000e+00,4.412955466e-01,2025391031,gen_N,fall,1.289100000e+01,1.396736309e-01,3.356771364e-02,1.086715762e-01,1.451245703e+02,false,0,1.331655355e+03,/mnt/pd/tema1/new/results/ml_samples/N3_sw0.30_x+0_i0017.h5
3,50,3.000000000e-01,1.000000000e+00,1,1.196762249e+00,5.281258510e-01,1509615488,gen_N,rise,6.171000000e+00,1.591841925e-01,2.752455209e-02,1.064630674e-01,2.515749806e+02,false,0,6.427946782e+02,/mnt/pd/tema1/new/results/ml_samples/N3_sw0.30_x+1_i0015.h5
3,50,3.000000000e-01,1.000000000e+00,0,1.000000000e+00,4.412955466e-01,796676878,gen_N,fall,1.426100000e+01,1.406983671e-01,3.023635044e-02,1.032306891e-01,1.451245703e+02,false,0,1.462398268e+03,/mnt/pd/tema1/new/results/ml_samples/N3_sw0.30_x+0_i0019.h5
3,50,3.000000000e-01,1.000000000e+00,1,1.196762249e+00,5.281258510e-01,972090431,gen_N,rise,4.101000000e+00,1.611503293e-01,3.072132000e-02,1.032770417e-01,2.515749806e+02,false,0,4.559875480e+02,/mnt/pd/tema1/new/results/ml_samples/N3_sw0.30_x+1_i0031.h5
3,50,3.000000000e-01,1.000000000e+00,1,1.196762249e+00,5.281258510e-01,238022863,gen_N,rise,3.571000000e+00,1.416311614e-01,1.521509224e-02,1.076263414e-01,2.515749806e+02,false,0,3.854449504e+02,/mnt/pd/tema1/new/results/ml_samples/N3_sw0.30_x+1_i0045.h5
3,50,3.000000000e-01,1.000000000e+00,1,1.196762249e+00,5.281258510e-01,655800473,gen_N,rise,7.141000000e+00,1.540024622e-01,3.559568554e-02,1.096712865e-01,1.528906320e+02,false,0,8.089926674e+02,/mnt/pd/tema1/new/results/ml_samples/N3_sw0.30_x+1_i0017.h5
3,50,3.000000000e-01,1.000000000e+00,1,1.196762249e+00,5.281258510e-01,918761613,gen_N,rise,9.281000000e+00,1.581895100e-01,2.277440681e-02,8.835198236e-02,2.515749806e+02,false,0,9.787263053e+02,/mnt/pd/tema1/new/results/ml_samples/N3_sw0.30_x+1_i0011.h5
3,50,3.000000000e-01,1.000000000e+00,1,1.196762249e+00,5.281258510e-01,1702723160,gen_N,rise,4.471000000e+00,1.594789458e-01,2.646692891e-02,1.004211074e-01,2.515749806e+02,false,0,4.845517767e+02,/mnt/pd/tema1/new/results/ml_samples/N3_sw0.30_x+1_i0039.h5
3,50,3.000000000e-01,1.000000000e+00,1,1.196762249e+00,5.281258510e-01,2022568292,gen_N,rise,6.081000000e+00,1.590396841e-01,4.051314864e-02,9.678132712e-02,2.515749806e+02,false,0,6.474373828e+02,/mnt/pd/tema1/new/results/ml_samples/N3_sw0.30_x+1_i0027.h5
3,50,3.000000000e-01,1.000000000e+00,1,1.196762249e+00,5.281258510e-01,23423690,gen_N,rise,6.251000000e+00,1.566516504e-01,2.748068031e-02,1.031826071e-01,2.515749806e+02,false,0,7.528299504e+02,/mnt/pd/tema1/new/results/ml_samples/N3_sw0.30_x+1_i0025.h5
6,50,3.000000000e-01,1.000000000e+00,-1,6.117700934e-01,1.349857089e-01,1635038335,gen_N,fall,7.510000000e-01,1.589452178e-01,4.880696255e-02,2.040565859e-01,5.724370313e+00,false,0,2.884772299e+02,/mnt/pd/tema1/new/results/ml_samples/N6_sw0.30_x-1_i0007.h5
3,50,3.000000000e-01,1.000000000e+00,1,1.196762249e+00,5.281258510e-01,2100848245,gen_N,rise,4.551000000e+00,1.406408267e-01,2.579228680e-02,1.123143364e-01,2.515749806e+02,false,0,4.844937025e+02,/mnt/pd/tema1/new/results/ml_samples/N3_sw0.30_x+1_i0049.h5
3,50,3.000000000e-01,1.000000000e+00,1,1.196762249e+00,5.281258510e-01,1010229943,gen_N,rise,4.891000000e+00,1.525764733e-01,2.807515067e-02,9.846854824e-02,2.515749806e+02,false,0,5.180688886e+02,/mnt/pd/tema1/new/results/ml_samples/N3_sw0.30_x+1_i0043.h5
3,50,3.000000000e-01,1.000000000e+00,0,1.000000000e+00,4.412955466e-01,207352497,gen_N,fall,1.584100000e+01,1.390730301e-01,3.169793312e-02,1.042701568e-01,1.451245703e+02,false,0,1.628343990e+03,/mnt/pd/tema1/new/results/ml_samples/N3_sw0.30_x+0_i0023.h5
3,50,3.000000000e-01,1.000000000e+00,1,1.196762249e+00,5.281258510e-01,1528906913,gen_N,rise,5.321000000e+00,1.471972423e-01,3.725639757e-02,1.093658533e-01,2.515749806e+02,false,0,5.601214047e+02,/mnt/pd/tema1/new/results/ml_samples/N3_sw0.30_x+1_i0041.h5
3,50,3.000000000e-01,1.000000000e+00,1,1.196762249e+00,5.281258510e-01,1480422093,gen_N,fall,1.288100000e+01,1.374076074e-01,2.094503925e-02,1.045057975e-01,2.515749806e+02,false,0,1.412616306e+03,/mnt/pd/tema1/new/results/ml_samples/N3_sw0.30_x+1_i0001.h5
6,50,3.000000000e-01,1.000000000e+00,-1,6.117700934e-01,1.349857089e-01,6634011,gen_N,fall,1.561000000e+00,2.549611327e-01,7.335717004e-02,1.967199865e-01,2.011818931e+01,false,0,4.501567515e+02,/mnt/pd/tema1/new/results/ml_samples/N6_sw0.30_x-1_i0009.h5
3,50,3.000000000e-01,1.000000000e+00,1,1.196762249e+00,5.281258510e-01,1901503299,gen_N,rise,6.601000000e+00,1.322986392e-01,1.780372050e-02,1.054976968e-01,2.039363808e+02,false,0,6.845215363e+02,/mnt/pd/tema1/new/results/ml_samples/N3_sw0.30_x+1_i0047.h5
6,50,3.000000000e-01,1.000000000e+00,-1,6.117700934e-01,1.349857089e-01,670493411,gen_N,fall,1.401000000e+00,1.075841551e-01,1.692026264e-02,1.725841160e-01,4.383576923e+00,false,0,4.065569729e+02,/mnt/pd/tema1/new/results/ml_samples/N6_sw0.30_x-1_i0015.h5
3,50,3.000000000e-01,1.000000000e+00,0,1.000000000e+00,4.412955466e-01,969496245,gen_N,rise,1.464100000e+01,1.553255397e-01,3.734751488e-02,1.078303407e-01,1.451245703e+02,false,0,1.636961442e+03,/mnt/pd/tema1/new/results/ml_samples/N3_sw0.30_x+0_i0045.h5
3,50,3.000000000e-01,1.000000000e+00,1,1.196762249e+00,5.281258510e-01,761047784,gen_N,rise,8.291000000e+00,1.354337194e-01,1.821722136e-02,1.039774605e-01,2.515749806e+02,false,0,8.667926728e+02,/mnt/pd/tema1/new/results/ml_samples/N3_sw0.30_x+1_i0033.h5
6,50,3.000000000e-01,1.000000000e+00,-1,6.117700934e-01,1.349857089e-01,728621014,gen_N,fall,1.171000000e+00,1.535668382e-01,6.238194578e-02,1.714747414e-01,2.586286432e+01,false,0,4.055362638e+02,/mnt/pd/tema1/new/results/ml_samples/N6_sw0.30_x-1_i0021.h5
3,50,3.000000000e-01,1.000000000e+00,1,1.196762249e+00,5.281258510e-01,1791700046,gen_N,fall,1.076100000e+01,1.414802032e-01,2.146580685e-02,1.022139679e-01,2.515749806e+02,false,0,1.185598554e+03,/mnt/pd/tema1/new/results/ml_samples/N3_sw0.30_x+1_i0021.h5
6,50,3.000000000e-01,1.000000000e+00,-1,6.117700934e-01,1.349857089e-01,843045295,gen_N,fall,1.041000000e+00,1.536004689e-01,3.765290054e-02,2.177574937e-01,6.402048737e+00,false,0,3.430864721e+02,/mnt/pd/tema1/new/results/ml_samples/N6_sw0.30_x-1_i0029.h5
6,50,3.000000000e-01,1.000000000e+00,-1,6.117700934e-01,1.349857089e-01,508833952,gen_N,fall,1.401000000e+00,1.717658112e-01,6.772256621e-02,2.002292867e-01,1.173225597e+00,false,0,4.435924665e+02,/mnt/pd/tema1/new/results/ml_samples/N6_sw0.30_x-1_i0017.h5
3,50,3.000000000e-01,1.000000000e+00,0,1.000000000e+00,4.412955466e-01,1016221842,gen_N,fall,1.843100000e+01,1.532637410e-01,4.934169483e-02,1.037923396e-01,1.451245703e+02,false,0,1.944097392e+03,/mnt/pd/tema1/new/results/ml_samples/N3_sw0.30_x+0_i0029.h5
3,50,3.000000000e-01,1.000000000e+00,1,1.196762249e+00,5.281258510e-01,1498937193,gen_N,rise,8.791000000e+00,1.649794802e-01,3.779469610e-02,1.010957252e-01,2.515749806e+02,false,0,9.715332145e+02,/mnt/pd/tema1/new/results/ml_samples/N3_sw0.30_x+1_i0035.h5
6,50,3.000000000e-01,1.000000000e+00,-1,6.117700934e-01,1.349857089e-01,1812053595,gen_N,fall,1.411000000e+00,1.306055015e-01,5.375017690e-02,1.971575273e-01,5.787223165e+00,false,0,4.001795659e+02,/mnt/pd/tema1/new/results/ml_samples/N6_sw0.30_x-1_i0037.h5
6,50,3.000000000e-01,1.000000000e+00,-1,6.117700934e-01,1.349857089e-01,1266939884,gen_N,fall,8.910000000e-01,1.980569357e-01,8.226883455e-02,2.063832626e-01,2.064331843e+01,false,0,3.223672499e+02,/mnt/pd/tema1/new/results/ml_samples/N6_sw0.30_x-1_i0041.h5
3,50,3.000000000e-01,1.000000000e+00,1,1.196762249e+00,5.281258510e-01,1186375242,gen_N,rise,1.089100000e+01,1.459867752e-01,1.993726592e-02,1.002082114e-01,2.515749806e+02,false,0,1.118159811e+03,/mnt/pd/tema1/new/results/ml_samples/N3_sw0.30_x+1_i0029.h5
6,50,3.000000000e-01,1.000000000e+00,-1,6.117700934e-01,1.349857089e-01,982574833,gen_N,fall,1.931000000e+00,2.089486938e-01,5.886129667e-02,1.934939852e-01,2.943745690e+01,false,0,5.342536216e+02,/mnt/pd/tema1/new/results/ml_samples/N6_sw0.30_x-1_i0025.h5
6,50,3.000000000e-01,1.000000000e+00,-1,6.117700934e-01,1.349857089e-01,310677251,gen_N,fall,1.671000000e+00,1.704842109e-01,3.444593132e-02,1.941037651e-01,1.584873738e+00,false,0,4.898442651e+02,/mnt/pd/tema1/new/results/ml_samples/N6_sw0.30_x-1_i0035.h5
6,50,3.000000000e-01,1.000000000e+00,-1,6.117700934e-01,1.349857089e-01,405654691,gen_N,fall,1.811000000e+00,1.847315241e-01,7.126342899e-02,1.814676936e-01,4.217085586e+00,false,0,5.735356369e+02,/mnt/pd/tema1/new/results/ml_samples/N6_sw0.30_x-1_i0023.h5
6,50,3.000000000e-01,1.000000000e+00,-1,6.117700934e-01,1.349857089e-01,1504998335,gen_N,fall,1.051000000e+00,1.327416140e-01,4.475367626e-02,1.946854214e-01,1.748810810e+01,false,0,3.693405215e+02,/mnt/pd/tema1/new/results/ml_samples/N6_sw0.30_x-1_i0043.h5
6,50,3.000000000e-01,1.000000000e+00,-1,6.117700934e-01,1.349857089e-01,1842886307,gen_N,fall,4.091000000e+00,1.971835483e-01,7.135129654e-02,1.627757794e-01,1.298740446e+01,false,0,1.043738006e+03,/mnt/pd/tema1/new/results/ml_samples/N6_sw0.30_x-1_i0001.h5
6,50,3.000000000e-01,1.000000000e+00,-1,6.117700934e-01,1.349857089e-01,1480464866,gen_N,fall,1.961000000e+00,1.772221168e-01,5.127321179e-02,1.718471838e-01,1.667268673e+01,false,0,6.541367177e+02,/mnt/pd/tema1/new/results/ml_samples/N6_sw0.30_x-1_i0031.h5
6,50,3.000000000e-01,1.000000000e+00,0,1.000000000e+00,2.206477733e-01,965923010,gen_N,fall,9.110000000e-01,2.077267436e-01,5.234126795e-02,1.770321356e-01,1.909281842e+01,false,0,3.255188939e+02,/mnt/pd/tema1/new/results/ml_samples/N6_sw0.30_x+0_i0009.h5
6,50,3.000000000e-01,1.000000000e+00,-1,6.117700934e-01,1.349857089e-01,1196467517,gen_N,fall,1.392000000e+00,1.537724451e-01,4.238635368e-02,1.700711047e-01,4.539644789e+00,false,1,4.292354575e+02,/mnt/pd/tema1/new/results/ml_samples/N6_sw0.30_x-1_i0047.h5
6,50,3.000000000e-01,1.000000000e+00,-1,6.117700934e-01,1.349857089e-01,985740632,gen_N,fall,1.421000000e+00,1.712812598e-01,5.765018858e-02,1.726142312e-01,8.148782297e+00,false,0,4.610202734e+02,/mnt/pd/tema1/new/results/ml_samples/N6_sw0.30_x-1_i0045.h5
6,50,3.000000000e-01,1.000000000e+00,0,1.000000000e+00,2.206477733e-01,407896004,gen_N,fall,1.281000000e+00,1.378161778e-01,3.049763591e-02,1.610541538e-01,1.111288540e+01,false,0,3.803093459e+02,/mnt/pd/tema1/new/results/ml_samples/N6_sw0.30_x+0_i0007.h5
6,50,3.000000000e-01,1.000000000e+00,0,1.000000000e+00,2.206477733e-01,13719226,gen_N,fall,1.801000000e+00,1.382419092e-01,1.612595132e-02,1.474710649e-01,2.739377320e+00,false,0,5.051155842e+02,/mnt/pd/tema1/new/results/ml_samples/N6_sw0.30_x+0_i0001.h5
6,50,3.000000000e-01,1.000000000e+00,-1,6.117700934e-01,1.349857089e-01,1831563471,gen_N,fall,1.961000000e+00,1.708144848e-01,6.178152392e-02,1.765055388e-01,1.156576233e+00,false,0,5.363953095e+02,/mnt/pd/tema1/new/results/ml_samples/N6_sw0.30_x-1_i0049.h5
6,50,3.000000000e-01,1.000000000e+00,0,1.000000000e+00,2.206477733e-01,295435895,gen_N,fall,1.081000000e+00,2.705171974e-01,4.478706380e-02,1.785144214e-01,2.714265628e+01,false,0,3.708201923e+02,/mnt/pd/tema1/new/results/ml_samples/N6_sw0.30_x+0_i0019.h5
3,50,3.000000000e-01,1.000000000e+00,0,1.000000000e+00,4.412955466e-01,1228064170,gen_N,fall,2.394100000e+01,1.453244556e-01,2.548653056e-02,9.340204273e-02,6.586255788e+01,false,0,2.469290828e+03,/mnt/pd/tema1/new/results/ml_samples/N3_sw0.30_x+0_i0031.h5
3,50,3.000000000e-01,1.000000000e+00,1,1.196762249e+00,5.281258510e-01,499305357,gen_N,rise,1.434100000e+01,1.525497836e-01,3.425410459e-02,9.879078151e-02,2.515749806e+02,false,0,1.521117878e+03,/mnt/pd/tema1/new/results/ml_samples/N3_sw0.30_x+1_i0037.h5
3,50,3.000000000e-01,1.000000000e+00,0,1.000000000e+00,4.412955466e-01,1004817016,gen_N,fall,2.544100000e+01,1.445702123e-01,2.898634760e-02,1.006551361e-01,1.451245703e+02,false,0,2.640426146e+03,/mnt/pd/tema1/new/results/ml_samples/N3_sw0.30_x+0_i0021.h5
6,50,3.000000000e-01,1.000000000e+00,-1,6.117700934e-01,1.349857089e-01,1202785053,gen_N,fall,3.761000000e+00,2.829933500e-01,6.502787246e-02,1.672861568e-01,1.110404740e+01,false,0,1.051603333e+03,/mnt/pd/tema1/new/results/ml_samples/N6_sw0.30_x-1_i0033.h5
6,50,3.000000000e-01,1.000000000e+00,0,1.000000000e+00,2.206477733e-01,495684152,gen_N,fall,1.701000000e+00,2.561264911e-01,5.577438124e-02,1.715535195e-01,1.806825593e+01,false,0,4.787102193e+02,/mnt/pd/tema1/new/results/ml_samples/N6_sw0.30_x+0_i0037.h5
6,50,3.000000000e-01,1.000000000e+00,0,1.000000000e+00,2.206477733e-01,1344386142,gen_N,fall,1.941000000e+00,3.001767214e-01,8.024159517e-02,1.199026578e-01,5.511084097e+00,false,0,5.456413296e+02,/mnt/pd/tema1/new/results/ml_samples/N6_sw0.30_x+0_i0043.h5
6,50,3.000000000e-01,1.000000000e+00,0,1.000000000e+00,2.206477733e-01,20595752,gen_N,fall,2.361000000e+00,1.917877378e-01,3.079690091e-02,1.440202838e-01,8.480075416e+00,false,0,6.803305614e+02,/mnt/pd/tema1/new/results/ml_samples/N6_sw0.30_x+0_i0041.h5
6,50,3.000000000e-01,1.000000000e+00,-1,6.117700934e-01,1.349857089e-01,1471369473,gen_N,fall,6.301000000e+00,1.897550389e-01,4.720238207e-02,1.444779270e-01,4.744276724e+00,false,0,1.641156109e+03,/mnt/pd/tema1/new/results/ml_samples/N6_sw0.30_x-1_i0027.h5
6,50,3.000000000e-01,1.000000000e+00,0,1.000000000e+00,2.206477733e-01,1379049574,gen_N,fall,4.231000000e+00,1.898576480e-01,5.457975313e-02,1.383488528e-01,1.460512323e+01,false,0,1.120182232e+03,/mnt/pd/tema1/new/results/ml_samples/N6_sw0.30_x+0_i0023.h5
6,50,3.000000000e-01,1.000000000e+00,0,1.000000000e+00,2.206477733e-01,1954443421,gen_N,fall,5.861000000e+00,1.748686735e-01,3.585931346e-02,1.362277015e-01,5.342706538e+00,false,0,1.532389324e+03,/mnt/pd/tema1/new/results/ml_samples/N6_sw0.30_x+0_i0005.h5
6,50,3.000000000e-01,1.000000000e+00,0,1.000000000e+00,2.206477733e-01,1500505866,gen_N,fall,4.671000000e+00,2.232195325e-01,4.804947717e-02,1.348293248e-01,2.714265628e+01,false,0,1.252147927e+03,/mnt/pd/tema1/new/results/ml_samples/N6_sw0.30_x+0_i0029.h5
6,50,3.000000000e-01,1.000000000e+00,-1,6.117700934e-01,1.349857089e-01,1259854905,gen_N,fall,9.581000000e+00,2.199332082e-01,8.286274916e-02,1.244705997e-01,9.910473805e+00,false,0,2.286629790e+03,/mnt/pd/tema1/new/results/ml_samples/N6_sw0.30_x-1_i0011.h5
6,50,3.000000000e-01,1.000000000e+00,0,1.000000000e+00,2.206477733e-01,920369078,gen_N,fall,6.401000000e+00,2.045474811e-01,4.821287498e-02,1.179709563e-01,3.406003058e+00,false,0,1.619277384e+03,/mnt/pd/tema1/new/results/ml_samples/N6_sw0.30_x+0_i0013.h5
6,50,3.000000000e-01,1.000000000e+00,0,1.000000000e+00,2.206477733e-01,1597110310,gen_N,rise,5.161000000e+00,1.825844855e-01,4.768929960e-02,1.376083173e-01,2.165478575e+01,false,0,1.306274239e+03,/mnt/pd/tema1/new/results/ml_samples/N6_sw0.30_x+0_i0039.h5
6,50,3.000000000e-01,1.000000000e+00,1,1.388229907e+00,3.063098377e-01,1486452847,gen_N,rise,4.811000000e+00,1.904192909e-01,2.907256014e-02,1.133318294e-01,6.608273629e+00,false,0,1.236271969e+03,/mnt/pd/tema1/new/results/ml_samples/N6_sw0.30_x+1_i0001.h5
6,50,3.000000000e-01,1.000000000e+00,1,1.388229907e+00,3.063098377e-01,549429096,gen_N,fall,1.691000000e+00,1.655113913e-01,1.898407311e-02,1.232312148e-01,2.385290992e+01,false,0,5.182272156e+02,/mnt/pd/tema1/new/results/ml_samples/N6_sw0.30_x+1_i0015.h5
6,50,3.000000000e-01,1.000000000e+00,1,1.388229907e+00,3.063098377e-01,918928209,gen_N,rise,4.021000000e+00,1.951161949e-01,4.454243415e-02,1.183359475e-01,4.314363039e+01,false,0,1.035038886e+03,/mnt/pd/tema1/new/results/ml_samples/N6_sw0.30_x+1_i0007.h5
6,50,3.000000000e-01,1.000000000e+00,0,1.000000000e+00,2.206477733e-01,1983076366,gen_N,fall,6.481000000e+00,1.929024305e-01,2.855905717e-02,1.220675264e-01,2.641922320e+01,false,0,1.675210449e+03,/mnt/pd/tema1/new/results/ml_samples/N6_sw0.30_x+0_i0047.h5
6,50,3.000000000e-01,1.000000000e+00,0,1.000000000e+00,2.206477733e-01,1931581343,gen_N,fall,7.981000000e+00,2.450242137e-01,6.471058522e-02,1.288512681e-01,1.023857777e+01,false,0,2.016220359e+03,/mnt/pd/tema1/new/results/ml_samples/N6_sw0.30_x+0_i0033.h5
3,50,3.000000000e-01,1.000000000e+00,-1,8.032377505e-01,3.544652421e-01,704401130,gen_N,fall,4.605100000e+01,1.437566063e-01,3.899924503e-02,1.057813503e-01,3.537869409e+01,false,0,4.967106888e+03,/mnt/pd/tema1/new/results/ml_samples/N3_sw0.30_x-1_i0045.h5
6,50,3.000000000e-01,1.000000000e+00,0,1.000000000e+00,2.206477733e-01,1518138868,gen_N,rise,1.100100000e+01,2.132015119e-01,5.555062073e-02,1.123737953e-01,2.714265628e+01,false,0,2.552434756e+03,/mnt/pd/tema1/new/results/ml_samples/N6_sw0.30_x+0_i0017.h5
6,50,3.000000000e-01,1.000000000e+00,-1,6.117700934e-01,1.349857089e-01,1824642400,gen_N,fall,1.265100000e+01,2.471571268e-01,1.173358156e-01,1.340847929e-01,4.393213504e+00,false,0,3.374319925e+03,/mnt/pd/tema1/new/results/ml_samples/N6_sw0.30_x-1_i0013.h5
6,50,3.000000000e-01,1.000000000e+00,1,1.388229907e+00,3.063098377e-01,1051500934,gen_N,rise,6.841000000e+00,2.036160711e-01,3.516588248e-02,1.046404523e-01,1.529460993e+01,false,0,1.829249051e+03,/mnt/pd/tema1/new/results/ml_samples/N6_sw0.30_x+1_i0005.h5
6,50,3.000000000e-01,1.000000000e+00,0,1.000000000e+00,2.206477733e-01,1577101966,gen_N,fall,1.074100000e+01,2.096199108e-01,7.062621636e-02,1.082763842e-01,2.668287768e+01,false,0,2.656845340e+03,/mnt/pd/tema1/new/results/ml_samples/N6_sw0.30_x+0_i0035.h5
6,50,3.000000000e-01,1.000000000e+00,1,1.388229907e+00,3.063098377e-01,91832156,gen_N,rise,6.721000000e+00,1.967746112e-01,3.689353758e-02,1.249126758e-01,3.457917145e+01,false,0,1.822199295e+03,/mnt/pd/tema1/new/results/ml_samples/N6_sw0.30_x+1_i0011.h5
6,50,3.000000000e-01,1.000000000e+00,1,1.388229907e+00,3.063098377e-01,688895011,gen_N,rise,4.161000000e+00,2.212617665e-01,4.353165420e-02,1.018327019e-01,3.689867456e+01,false,0,1.172963885e+03,/mnt/pd/tema1/new/results/ml_samples/N6_sw0.30_x+1_i0025.h5
6,50,3.000000000e-01,1.000000000e+00,-1,6.117700934e-01,1.349857089e-01,1545359533,gen_N,rise,1.534100000e+01,2.116882452e-01,8.294941947e-02,1.191962617e-01,1.175925157e+01,false,0,4.070869047e+03,/mnt/pd/tema1/new/results/ml_samples/N6_sw0.30_x-1_i0005.h5
6,50,3.000000000e-01,1.000000000e+00,1,1.388229907e+00,3.063098377e-01,750202037,gen_N,rise,4.511000000e+00,2.027336496e-01,3.182188229e-02,1.160624932e-01,4.314363039e+01,false,0,1.094457357e+03,/mnt/pd/tema1/new/results/ml_samples/N6_sw0.30_x+1_i0029.h5
6,50,3.000000000e-01,1.000000000e+00,0,1.000000000e+00,2.206477733e-01,1315819867,gen_N,rise,1.420100000e+01,2.005208902e-01,7.239916981e-02,1.374363827e-01,7.296616433e+00,false,0,3.407691711e+03,/mnt/pd/tema1/new/results/ml_samples/N6_sw0.30_x+0_i0003.h5
6,50,3.000000000e-01,1.000000000e+00,1,1.388229907e+00,3.063098377e-01,1928558975,gen_N,rise,3.001000000e+00,2.660172494e-01,6.196922559e-02,1.142968998e-01,4.314363039e+01,false,0,8.283341748e+02,/mnt/pd/tema1/new/results/ml_samples/N6_sw0.30_x+1_i0033.h5
6,50,3.000000000e-01,1.000000000e+00,0,1.000000000e+00,2.206477733e-01,989658877,gen_N,rise,1.181100000e+01,2.049397260e-01,6.898891494e-02,1.289047134e-01,1.138754208e+01,false,0,2.949988880e+03,/mnt/pd/tema1/new/results/ml_samples/N6_sw0.30_x+0_i0045.h5
2,50,2.200000000e-01,1.000000000e+00,-1,9.025108888e-01,5.974110539e-01,279806943,gen_sigma,fall,2.451000000e+00,1.058037628e-01,2.835343008e-02,9.601777720e-02,3.117911728e+02,false,0,1.815155027e+02,/mnt/pd/tema1/new/results/ml_samples/N2_sw0.22_x-1_i0001.h5
6,50,3.000000000e-01,1.000000000e+00,1,1.388229907e+00,3.063098377e-01,1892969632,gen_N,rise,7.281000000e+00,2.082939235e-01,4.528327734e-02,1.271696925e-01,4.314363039e+01,false,0,1.826216225e+03,/mnt/pd/tema1/new/results/ml_samples/N6_sw0.30_x+1_i0021.h5
2,50,2.200000000e-01,1.000000000e+00,-1,9.025108888e-01,5.974110539e-01,1650036269,gen_sigma,fall,2.561000000e+00,1.151088114e-01,4.687783673e-02,9.303260331e-02,3.117911728e+02,false,0,1.653762614e+02,/mnt/pd/tema1/new/results/ml_samples/N2_sw0.22_x-1_i0003.h5
6,50,3.000000000e-01,1.000000000e+00,0,1.000000000e+00,2.206477733e-01,1689572864,gen_N,fall,1.433100000e+01,2.268656955e-01,6.188538856e-02,1.153029368e-01,2.714265628e+01,false,0,3.585047502e+03,/mnt/pd/tema1/new/results/ml_samples/N6_sw0.30_x+0_i0015.h5
6,50,3.000000000e-01,1.000000000e+00,1,1.388229907e+00,3.063098377e-01,655387006,gen_N,rise,3.911000000e+00,2.015815188e-01,4.467755720e-02,1.081105026e-01,2.382002321e+01,false,0,1.044433807e+03,/mnt/pd/tema1/new/results/ml_samples/N6_sw0.30_x+1_i0035.h5
2,50,2.200000000e-01,1.000000000e+00,-1,9.025108888e-01,5.974110539e-01,1978876838,gen_sigma,fall,4.391000000e+00,1.058228525e-01,3.776236835e-02,8.959648101e-02,3.117911728e+02,false,0,2.681702590e+02,/mnt/pd/tema1/new/results/ml_samples/N2_sw0.22_x-1_i0005.h5
2,50,2.200000000e-01,1.000000000e+00,-1,9.025108888e-01,5.974110539e-01,317272089,gen_sigma,fall,3.341000000e+00,1.098901276e-01,4.080896581e-02,8.621848782e-02,3.117911728e+02,false,0,2.430059824e+02,/mnt/pd/tema1/new/results/ml_samples/N2_sw0.22_x-1_i0007.h5
6,50,3.000000000e-01,1.000000000e+00,-1,6.117700934e-01,1.349857089e-01,475753815,gen_N,fall,1.898100000e+01,1.916864064e-01,7.568851932e-02,1.363909070e-01,1.569607508e+01,false,0,4.554370684e+03,/mnt/pd/tema1/new/results/ml_samples/N6_sw0.30_x-1_i0003.h5
6,50,3.000000000e-01,1.000000000e+00,0,1.000000000e+00,2.206477733e-01,2093797505,gen_N,fall,1.492100000e+01,1.950131419e-01,5.946786923e-02,1.145847326e-01,2.640511880e+01,false,0,3.538072986e+03,/mnt/pd/tema1/new/results/ml_samples/N6_sw0.30_x+0_i0027.h5
6,50,3.000000000e-01,1.000000000e+00,1,1.388229907e+00,3.063098377e-01,412277578,gen_N,fall,3.811000000e+00,2.043215562e-01,3.569982343e-02,1.343335475e-01,1.917146063e+01,false,0,1.008026482e+03,/mnt/pd/tema1/new/results/ml_samples/N6_sw0.30_x+1_i0039.h5
2,50,2.200000000e-01,1.000000000e+00,-1,9.025108888e-01,5.974110539e-01,48283984,gen_sigma,fall,2.991000000e+00,1.092243366e-01,3.504466118e-02,9.256308653e-02,3.117911728e+02,false,0,2.030279212e+02,/mnt/pd/tema1/new/results/ml_samples/N2_sw0.22_x-1_i0021.h5
6,50,3.000000000e-01,1.000000000e+00,-1,6.117700934e-01,1.349857089e-01,1079612643,gen_N,rise,1.682100000e+01,2.439179771e-01,8.028876177e-02,1.317384875e-01,3.375167896e+00,false,0,4.521469398e+03,/mnt/pd/tema1/new/results/ml_samples/N6_sw0.30_x-1_i0019.h5
6,50,3.000000000e-01,1.000000000e+00,1,1.388229907e+00,3.063098377e-01,247771692,gen_N,rise,9.971000000e+00,2.321327161e-01,3.440052420e-02,1.055566736e-01,4.314363039e+01,false,0,2.506277186e+03,/mnt/pd/tema1/new/results/ml_samples/N6_sw0.30_x+1_i0019.h5
6,50,3.000000000e-01,1.000000000e+00,1,1.388229907e+00,3.063098377e-01,1869779021,gen_N,rise,1.155100000e+01,2.126368933e-01,4.871521885e-02,1.097847876e-01,4.314363039e+01,false,0,2.987973827e+03,/mnt/pd/tema1/new/results/ml_samples/N6_sw0.30_x+1_i0009.h5
2,50,2.200000000e-01,1.000000000e+00,-1,9.025108888e-01,5.974110539e-01,1061898195,gen_sigma,fall,7.311000000e+00,1.132644458e-01,2.511672239e-02,9.187999326e-02,3.117911728e+02,false,0,4.373947608e+02,/mnt/pd/tema1/new/results/ml_samples/N2_sw0.22_x-1_i0025.h5
6,50,3.000000000e-01,1.000000000e+00,1,1.388229907e+00,3.063098377e-01,822964828,gen_N,rise,5.821000000e+00,1.877437710e-01,3.490690777e-02,1.310827281e-01,3.989993217e+01,false,0,1.443232133e+03,/mnt/pd/tema1/new/results/ml_samples/N6_sw0.30_x+1_i0037.h5
6,50,3.000000000e-01,1.000000000e+00,0,1.000000000e+00,2.206477733e-01,25208051,gen_N,rise,1.651100000e+01,1.731282399e-01,5.178666398e-02,1.281286582e-01,8.973001564e+00,false,0,4.141952865e+03,/mnt/pd/tema1/new/results/ml_samples/N6_sw0.30_x+0_i0021.h5
6,50,3.000000000e-01,1.000000000e+00,1,1.388229907e+00,3.063098377e-01,1125600898,gen_N,fall,4.261000000e+00,1.642574809e-01,2.483613842e-02,1.381915354e-01,1.308609893e+01,false,0,1.242439560e+03,/mnt/pd/tema1/new/results/ml_samples/N6_sw0.30_x+1_i0043.h5
2,50,2.200000000e-01,1.000000000e+00,-1,9.025108888e-01,5.974110539e-01,295289494,gen_sigma,fall,6.021000000e+00,9.623931446e-02,1.210189770e-02,1.013007058e-01,3.117911728e+02,false,0,3.701230277e+02,/mnt/pd/tema1/new/results/ml_samples/N2_sw0.22_x-1_i0027.h5
2,50,2.200000000e-01,1.000000000e+00,-1,9.025108888e-01,5.974110539e-01,180674197,gen_sigma,fall,1.491000000e+00,1.048055911e-01,2.527663593e-02,9.392142305e-02,3.117911728e+02,false,0,1.084860602e+02,/mnt/pd/tema1/new/results/ml_samples/N2_sw0.22_x-1_i0035.h5
2,50,2.200000000e-01,1.000000000e+00,-1,9.025108888e-01,5.974110539e-01,979364602,gen_sigma,fall,2.301000000e+00,1.078655251e-01,2.987793421e-02,9.563391348e-02,3.117911728e+02,false,0,1.676365240e+02,/mnt/pd/tema1/new/results/ml_samples/N2_sw0.22_x-1_i0033.h5
2,50,2.200000000e-01,1.000000000e+00,-1,9.025108888e-01,5.974110539e-01,209456841,gen_sigma,fall,1.031000000e+00,1.219400734e-01,4.033997255e-02,1.069360383e-01,2.740094207e+02,false,0,9.116391376e+01,/mnt/pd/tema1/new/results/ml_samples/N2_sw0.22_x-1_i0041.h5
6,50,3.000000000e-01,1.000000000e+00,0,1.000000000e+00,2.206477733e-01,565265391,gen_N,fall,1.511100000e+01,2.076830003e-01,5.894380836e-02,1.194773541e-01,1.123143382e+01,false,0,3.796676550e+03,/mnt/pd/tema1/new/results/ml_samples/N6_sw0.30_x+0_i0049.h5
2,50,2.200000000e-01,1.000000000e+00,-1,9.025108888e-01,5.974110539e-01,236523,gen_sigma,fall,1.861000000e+00,1.019445194e-01,2.945298303e-02,9.555088955e-02,3.117911728e+02,false,0,1.446444461e+02,/mnt/pd/tema1/new/results/ml_samples/N2_sw0.22_x-1_i0043.h5
2,50,2.200000000e-01,1.000000000e+00,-1,9.025108888e-01,5.974110539e-01,590940946,gen_sigma,fall,1.851000000e+00,1.138311279e-01,2.744545164e-02,9.733273365e-02,3.117911728e+02,false,0,1.431084345e+02,/mnt/pd/tema1/new/results/ml_samples/N2_sw0.22_x-1_i0049.h5
6,50,3.000000000e-01,1.000000000e+00,1,1.388229907e+00,3.063098377e-01,49558173,gen_N,rise,1.154100000e+01,2.128844017e-01,5.171637368e-02,1.051345749e-01,1.779930427e+01,false,0,2.856922214e+03,/mnt/pd/tema1/new/results/ml_samples/N6_sw0.30_x+1_i0017.h5
6,50,3.000000000e-01,1.000000000e+00,0,1.000000000e+00,2.206477733e-01,469516034,gen_N,fall,1.812100000e+01,2.362632665e-01,5.081172509e-02,9.261286073e-02,1.464994788e+01,false,0,4.506509948e+03,/mnt/pd/tema1/new/results/ml_samples/N6_sw0.30_x+0_i0011.h5
2,50,2.200000000e-01,1.000000000e+00,-1,9.025108888e-01,5.974110539e-01,732475823,gen_sigma,fall,3.411000000e+00,9.837726035e-02,1.954861139e-02,9.184152418e-02,3.117911728e+02,false,0,2.116038609e+02,/mnt/pd/tema1/new/results/ml_samples/N2_sw0.22_x-1_i0047.h5
2,50,2.200000000e-01,1.000000000e+00,-1,9.025108888e-01,5.974110539e-01,1483205083,gen_sigma,fall,1.728100000e+01,1.013407601e-01,1.870223937e-02,9.005499263e-02,3.117911728e+02,false,0,1.141713616e+03,/mnt/pd/tema1/new/results/ml_samples/N2_sw0.22_x-1_i0009.h5
2,50,2.200000000e-01,1.000000000e+00,-1,9.025108888e-01,5.974110539e-01,5249295,gen_sigma,fall,1.609100000e+01,9.794215372e-02,1.218223873e-02,8.927924079e-02,3.117911728e+02,false,0,1.013672265e+03,/mnt/pd/tema1/new/results/ml_samples/N2_sw0.22_x-1_i0019.h5
2,50,2.200000000e-01,1.000000000e+00,0,1.000000000e+00,6.619433198e-01,1906103345,gen_sigma,fall,3.131000000e+00,1.086544262e-01,2.684764534e-02,9.126393835e-02,4.168027829e+02,false,0,2.076889777e+02,/mnt/pd/tema1/new/results/ml_samples/N2_sw0.22_x+0_i0007.h5
2,50,2.200000000e-01,1.000000000e+00,-1,9.025108888e-01,5.974110539e-01,1411841496,gen_sigma,rise,1.858100000e+01,1.048097356e-01,2.279773969e-02,8.936198159e-02,3.117911728e+02,false,0,1.169331492e+03,/mnt/pd/tema1/new/results/ml_samples/N2_sw0.22_x-1_i0011.h5
2,50,2.200000000e-01,1.000000000e+00,-1,9.025108888e-01,5.974110539e-01,47950129,gen_sigma,fall,8.871000000e+00,1.017111882e-01,1.935827349e-02,9.148697746e-02,3.117911728e+02,false,0,5.819166355e+02,/mnt/pd/tema1/new/results/ml_samples/N2_sw0.22_x-1_i0039.h5
2,50,2.200000000e-01,1.000000000e+00,0,1.000000000e+00,6.619433198e-01,1943307046,gen_sigma,fall,7.231000000e+00,1.048227676e-01,1.513055440e-02,8.919942259e-02,4.168027829e+02,false,0,4.506048071e+02,/mnt/pd/tema1/new/results/ml_samples/N2_sw0.22_x+0_i0001.h5
2,50,2.200000000e-01,1.000000000e+00,-1,9.025108888e-01,5.974110539e-01,1034396754,gen_sigma,fall,1.741100000e+01,9.956558575e-02,1.470180419e-02,9.203265277e-02,3.117911728e+02,false,0,1.143415867e+03,/mnt/pd/tema1/new/results/ml_samples/N2_sw0.22_x-1_i0017.h5
2,50,2.200000000e-01,1.000000000e+00,0,1.000000000e+00,6.619433198e-01,1730693733,gen_sigma,fall,1.781000000e+00,1.194014240e-01,4.003185062e-02,1.046607200e-01,4.168027829e+02,false,0,1.436253710e+02,/mnt/pd/tema1/new/results/ml_samples/N2_sw0.22_x+0_i0017.h5
2,50,2.200000000e-01,1.000000000e+00,0,1.000000000e+00,6.619433198e-01,1602321093,gen_sigma,fall,1.951000000e+00,1.131545887e-01,2.612011979e-02,9.924685649e-02,4.168027829e+02,false,0,1.382601945e+02,/mnt/pd/tema1/new/results/ml_samples/N2_sw0.22_x+0_i0019.h5
2,50,2.200000000e-01,1.000000000e+00,0,1.000000000e+00,6.619433198e-01,1680367674,gen_sigma,fall,2.531000000e+00,1.273006553e-01,3.209032668e-02,8.498064187e-02,4.168027829e+02,false,0,1.685641162e+02,/mnt/pd/tema1/new/results/ml_samples/N2_sw0.22_x+0_i0015.h5
6,50,3.000000000e-01,1.000000000e+00,1,1.388229907e+00,3.063098377e-01,628497964,gen_N,fall,6.261000000e+00,2.657061035e-01,5.529923480e-02,1.143681985e-01,1.397765949e+01,false,0,1.587571207e+03,/mnt/pd/tema1/new/results/ml_samples/N6_sw0.30_x+1_i0049.h5
2,50,2.200000000e-01,1.000000000e+00,-1,9.025108888e-01,5.974110539e-01,1197691574,gen_sigma,rise,2.013100000e+01,1.020837585e-01,1.615187027e-02,8.934158699e-02,3.117911728e+02,false,0,1.222690178e+03,/mnt/pd/tema1/new/results/ml_samples/N2_sw0.22_x-1_i0023.h5
6,50,3.000000000e-01,1.000000000e+00,1,1.388229907e+00,3.063098377e-01,1081278325,gen_N,rise,1.143100000e+01,1.966522935e-01,4.299296773e-02,1.220208260e-01,2.834812191e+01,false,0,2.608526229e+03,/mnt/pd/tema1/new/results/ml_samples/N6_sw0.30_x+1_i0031.h5
2,50,2.200000000e-01,1.000000000e+00,0,1.000000000e+00,6.619433198e-01,718716056,gen_sigma,fall,2.431000000e+00,1.028235850e-01,1.763747283e-02,9.785747343e-02,4.168027829e+02,false,0,1.656251185e+02,/mnt/pd/tema1/new/results/ml_samples/N2_sw0.22_x+0_i0023.h5
2,50,2.200000000e-01,1.000000000e+00,0,1.000000000e+00,6.619433198e-01,1709913242,gen_sigma,fall,5.941000000e+00,1.059515278e-01,2.236074197e-02,9.039026181e-02,4.168027829e+02,false,0,4.142910893e+02,/mnt/pd/tema1/new/results/ml_samples/N2_sw0.22_x+0_i0013.h5
2,50,2.200000000e-01,1.000000000e+00,-1,9.025108888e-01,5.974110539e-01,635318289,gen_sigma,fall,1.230100000e+01,1.044092862e-01,1.962459464e-02,8.769312097e-02,3.117911728e+02,false,0,8.178411000e+02,/mnt/pd/tema1/new/results/ml_samples/N2_sw0.22_x-1_i0037.h5
2,50,2.200000000e-01,1.000000000e+00,-1,9.025108888e-01,5.974110539e-01,1320672177,gen_sigma,fall,1.993100000e+01,9.996784299e-02,1.438559045e-02,9.121905851e-02,3.117911728e+02,false,0,1.179238314e+03,/mnt/pd/tema1/new/results/ml_samples/N2_sw0.22_x-1_i0029.h5
2,50,2.200000000e-01,1.000000000e+00,-1,9.025108888e-01,5.974110539e-01,351607515,gen_sigma,fall,1.632100000e+01,9.863068778e-02,1.291398886e-02,8.901930262e-02,3.117911728e+02,false,0,1.014514163e+03,/mnt/pd/tema1/new/results/ml_samples/N2_sw0.22_x-1_i0031.h5
2,50,2.200000000e-01,1.000000000e+00,0,1.000000000e+00,6.619433198e-01,827811675,gen_sigma,fall,5.281000000e+00,1.058908976e-01,3.853429557e-02,9.424666009e-02,4.168027829e+02,false,0,3.668072704e+02,/mnt/pd/tema1/new/results/ml_samples/N2_sw0.22_x+0_i0021.h5
2,50,2.200000000e-01,1.000000000e+00,0,1.000000000e+00,6.619433198e-01,1458299802,gen_sigma,fall,4.931000000e+00,1.165773747e-01,3.020389739e-02,9.106874452e-02,4.168027829e+02,false,0,3.176073706e+02,/mnt/pd/tema1/new/results/ml_samples/N2_sw0.22_x+0_i0031.h5
2,50,2.200000000e-01,1.000000000e+00,0,1.000000000e+00,6.619433198e-01,571388847,gen_sigma,fall,1.102100000e+01,1.114549320e-01,2.373106313e-02,8.900565451e-02,4.168027829e+02,false,0,7.024957101e+02,/mnt/pd/tema1/new/results/ml_samples/N2_sw0.22_x+0_i0011.h5
2,50,2.200000000e-01,1.000000000e+00,0,1.000000000e+00,6.619433198e-01,1455726419,gen_sigma,rise,3.811000000e+00,1.162289341e-01,4.509495386e-02,9.582771359e-02,4.168027829e+02,false,0,2.735368450e+02,/mnt/pd/tema1/new/results/ml_samples/N2_sw0.22_x+0_i0039.h5
2,50,2.200000000e-01,1.000000000e+00,0,1.000000000e+00,6.619433198e-01,1991366207,gen_sigma,rise,1.424100000e+01,1.083049351e-01,1.296288777e-02,8.998247444e-02,4.168027829e+02,false,0,8.724648997e+02,/mnt/pd/tema1/new/results/ml_samples/N2_sw0.22_x+0_i0003.h5
2,50,2.200000000e-01,1.000000000e+00,-1,9.025108888e-01,5.974110539e-01,1250619714,gen_sigma,fall,3.036100000e+01,9.944399787e-02,1.605907076e-02,9.081078567e-02,3.117911728e+02,false,0,1.713621401e+03,/mnt/pd/tema1/new/results/ml_samples/N2_sw0.22_x-1_i0015.h5
2,50,2.200000000e-01,1.000000000e+00,0,1.000000000e+00,6.619433198e-01,1256713335,gen_sigma,fall,2.771000000e+00,1.056913932e-01,2.087162003e-02,9.169192917e-02,4.168027829e+02,false,0,1.848966846e+02,/mnt/pd/tema1/new/results/ml_samples/N2_sw0.22_x+0_i0049.h5
2,50,2.200000000e-01,1.000000000e+00,0,1.000000000e+00,6.619433198e-01,1181579838,gen_sigma,rise,7.971000000e+00,1.061396341e-01,1.163121685e-02,8.628788914e-02,4.168027829e+02,false,0,5.284358550e+02,/mnt/pd/tema1/new/results/ml_samples/N2_sw0.22_x+0_i0033.h5
6,50,3.000000000e-01,1.000000000e+00,-1,6.117700934e-01,1.349857089e-01,848837296,gen_N,fall,2.289100000e+01,2.079935038e-01,8.098991037e-02,1.205919375e-01,2.208363325e+01,false,0,5.674443308e+03,/mnt/pd/tema1/new/results/ml_samples/N6_sw0.30_x-1_i0039.h5
6,50,3.000000000e-01,1.000000000e+00,1,1.388229907e+00,3.063098377e-01,101134808,gen_N,rise,1.996100000e+01,2.085382083e-01,4.147880244e-02,1.085526711e-01,1.141015484e+01,false,0,4.670656139e+03,/mnt/pd/tema1/new/results/ml_samples/N6_sw0.30_x+1_i0003.h5
2,50,2.200000000e-01,1.000000000e+00,0,1.000000000e+00,6.619433198e-01,1199252122,gen_sigma,fall,1.159100000e+01,9.967780026e-02,9.846002006e-03,9.253405903e-02,4.168027829e+02,false,0,6.709621314e+02,/mnt/pd/tema1/new/results/ml_samples/N2_sw0.22_x+0_i0035.h5
2,50,2.200000000e-01,1.000000000e+00,-1,9.025108888e-01,5.974110539e-01,1940921129,gen_sigma,fall,3.041100000e+01,9.854585170e-02,1.669438119e-02,9.362341271e-02,3.117911728e+02,false,0,1.998176089e+03,/mnt/pd/tema1/new/results/ml_samples/N2_sw0.22_x-1_i0013.h5
2,50,2.200000000e-01,1.000000000e+00,1,1.097489111e+00,7.264755858e-01,2084503680,gen_sigma,rise,5.361000000e+00,1.138173928e-01,1.762242347e-02,9.000159139e-02,5.367960745e+02,false,0,3.383843326e+02,/mnt/pd/tema1/new/results/ml_samples/N2_sw0.22_x+1_i0007.h5
2,50,2.200000000e-01,1.000000000e+00,0,1.000000000e+00,6.619433198e-01,2050220999,gen_sigma,fall,1.474100000e+01,1.052810865e-01,1.855521628e-02,9.041273705e-02,4.168027829e+02,false,0,8.273692731e+02,/mnt/pd/tema1/new/results/ml_samples/N2_sw0.22_x+0_i0025.h5
2,50,2.200000000e-01,1.000000000e+00,0,1.000000000e+00,6.619433198e-01,1947174906,gen_sigma,fall,1.050100000e+01,1.026806597e-01,1.255929643e-02,9.085297043e-02,4.168027829e+02,false,0,6.375988641e+02,/mnt/pd/tema1/new/results/ml_samples/N2_sw0.22_x+0_i0043.h5
2,50,2.200000000e-01,1.000000000e+00,1,1.097489111e+00,7.264755858e-01,987084971,gen_sigma,fall,3.921000000e+00,1.133210026e-01,1.651839814e-02,9.207554712e-02,5.367960745e+02,false,0,2.581737339e+02,/mnt/pd/tema1/new/results/ml_samples/N2_sw0.22_x+1_i0015.h5
2,50,2.200000000e-01,1.000000000e+00,1,1.097489111e+00,7.264755858e-01,1572829745,gen_sigma,rise,6.111000000e+00,1.185419533e-01,1.971740811e-02,8.956090658e-02,5.367960745e+02,false,0,3.878274688e+02,/mnt/pd/tema1/new/results/ml_samples/N2_sw0.22_x+1_i0009.h5
2,50,2.200000000e-01,1.000000000e+00,1,1.097489111e+00,7.264755858e-01,557313000,gen_sigma,rise,8.491000000e+00,1.251904330e-01,2.275575487e-02,8.714287506e-02,5.367960745e+02,false,0,5.342108936e+02,/mnt/pd/tema1/new/results/ml_samples/N2_sw0.22_x+1_i0005.h5
2,50,2.200000000e-01,1.000000000e+00,0,1.000000000e+00,6.619433198e-01,1844787700,gen_sigma,fall,1.554100000e+01,1.040305625e-01,1.357218017e-02,8.749463395e-02,4.168027829e+02,false,0,9.523825903e+02,/mnt/pd/tema1/new/results/ml_samples/N2_sw0.22_x+0_i0029.h5
2,50,2.200000000e-01,1.000000000e+00,1,1.097489111e+00,7.264755858e-01,952782523,gen_sigma,fall,3.821000000e+00,1.049616004e-01,1.713074798e-02,9.570476416e-02,5.367960745e+02,false,0,2.428435364e+02,/mnt/pd/tema1/new/results/ml_samples/N2_sw0.22_x+1_i0019.h5
2,50,2.200000000e-01,1.000000000e+00,1,1.097489111e+00,7.264755858e-01,1284941400,gen_sigma,rise,7.931000000e+00,1.141381760e-01,1.807109962e-02,8.997287199e-02,5.367960745e+02,false,0,5.113395825e+02,/mnt/pd/tema1/new/results/ml_samples/N2_sw0.22_x+1_i0013.h5
2,50,2.200000000e-01,1.000000000e+00,1,1.097489111e+00,7.264755858e-01,894770660,gen_sigma,rise,1.015100000e+01,1.176906107e-01,1.716907461e-02,8.440946814e-02,5.367960745e+02,false,0,5.964268164e+02,/mnt/pd/tema1/new/results/ml_samples/N2_sw0.22_x+1_i0011.h5
6,50,3.000000000e-01,1.000000000e+00,1,1.388229907e+00,3.063098377e-01,51289640,gen_N,rise,1.959100000e+01,2.098012860e-01,4.307137293e-02,1.002391508e-01,4.314363039e+01,false,0,4.432707735e+03,/mnt/pd/tema1/new/results/ml_samples/N6_sw0.30_x+1_i0013.h5
2,50,2.200000000e-01,1.000000000e+00,1,1.097489111e+00,7.264755858e-01,1383234040,gen_sigma,rise,1.128100000e+01,1.179133681e-01,1.953717424e-02,8.855328471e-02,5.367960745e+02,false,0,7.494480271e+02,/mnt/pd/tema1/new/results/ml_samples/N2_sw0.22_x+1_i0003.h5
2,50,2.200000000e-01,1.000000000e+00,0,1.000000000e+00,6.619433198e-01,179142963,gen_sigma,fall,1.572100000e+01,1.043718218e-01,1.138564568e-02,8.602491921e-02,4.168027829e+02,false,0,8.652108403e+02,/mnt/pd/tema1/new/results/ml_samples/N2_sw0.22_x+0_i0045.h5
2,50,2.200000000e-01,1.000000000e+00,1,1.097489111e+00,7.264755858e-01,525759694,gen_sigma,rise,6.481000000e+00,1.184359950e-01,1.966807886e-02,8.594851564e-02,5.367960745e+02,false,0,4.468612942e+02,/mnt/pd/tema1/new/results/ml_samples/N2_sw0.22_x+1_i0021.h5
6,50,3.000000000e-01,1.000000000e+00,1,1.388229907e+00,3.063098377e-01,1481761250,gen_N,rise,1.552100000e+01,2.364850507e-01,6.525059958e-02,1.075887303e-01,4.314363039e+01,false,0,3.852785031e+03,/mnt/pd/tema1/new/results/ml_samples/N6_sw0.30_x+1_i0027.h5
2,50,2.200000000e-01,1.000000000e+00,-1,9.025108888e-01,5.974110539e-01,1509404001,gen_sigma,fall,2.718100000e+01,9.926476665e-02,1.440006861e-02,9.391891463e-02,3.117911728e+02,false,0,1.752681826e+03,/mnt/pd/tema1/new/results/ml_samples/N2_sw0.22_x-1_i0045.h5
2,50,2.200000000e-01,1.000000000e+00,1,1.097489111e+00,7.264755858e-01,2075608205,gen_sigma,fall,7.331000000e+00,1.108859524e-01,1.342169911e-02,8.614132212e-02,5.367960745e+02,false,0,4.455397705e+02,/mnt/pd/tema1/new/results/ml_samples/N2_sw0.22_x+1_i0029.h5
2,50,2.200000000e-01,1.000000000e+00,0,1.000000000e+00,6.619433198e-01,185342823,gen_sigma,rise,2.294100000e+01,1.041332472e-01,1.397187150e-02,8.804288136e-02,4.168027829e+02,false,0,1.301034125e+03,/mnt/pd/tema1/new/results/ml_samples/N2_sw0.22_x+0_i0027.h5
6,50,3.000000000e-01,1.000000000e+00,0,1.000000000e+00,2.206477733e-01,946930313,gen_N,fall,2.378100000e+01,2.141082629e-01,5.957841378e-02,1.186680213e-01,5.304440040e+00,false,0,5.791774350e+03,/mnt/pd/tema1/new/results/ml_samples/N6_sw0.30_x+0_i0031.h5
2,50,2.200000000e-01,1.000000000e+00,0,1.000000000e+00,6.619433198e-01,469025674,gen_sigma,fall,2.148100000e+01,1.079348663e-01,1.189006084e-02,8.874846636e-02,4.168027829e+02,false,0,1.252641632e+03,/mnt/pd/tema1/new/results/ml_samples/N2_sw0.22_x+0_i0037.h5
2,50,2.200000000e-01,1.000000000e+00,0,1.000000000e+00,6.619433198e-01,1280342594,gen_sigma,fall,2.064100000e+01,1.000184825e-01,1.087681420e-02,9.042499060e-02,4.168027829e+02,false,0,1.246853984e+03,/mnt/pd/tema1/new/results/ml_samples/N2_sw0.22_x+0_i0041.h5
2,50,2.200000000e-01,1.000000000e+00,1,1.097489111e+00,7.264755858e-01,424833303,gen_sigma,rise,8.471000000e+00,1.112241936e-01,2.059386730e-02,8.933069885e-02,5.367960745e+02,false,0,5.542350701e+02,/mnt/pd/tema1/new/results/ml_samples/N2_sw0.22_x+1_i0031.h5
2,50,2.200000000e-01,1.000000000e+00,0,1.000000000e+00,6.619433198e-01,879311416,gen_sigma,fall,1.939100000e+01,1.054141288e-01,1.891435133e-02,8.842343837e-02,4.168027829e+02,false,0,1.146590572e+03,/mnt/pd/tema1/new/results/ml_samples/N2_sw0.22_x+0_i0047.h5
4,50,2.200000000e-01,1.000000000e+00,-1,8.089044787e-01,2.677244580e-01,834610600,gen_sigma,fall,1.511000000e+00,1.361093932e-01,2.059571330e-02,1.465522588e-01,2.454816928e+01,false,0,2.458638850e+02,/mnt/pd/tema1/new/results/ml_samples/N4_sw0.22_x-1_i0003.h5
2,50,2.200000000e-01,1.000000000e+00,1,1.097489111e+00,7.264755858e-01,596520924,gen_sigma,rise,1.267100000e+01,1.133583616e-01,1.828342388e-02,8.799991205e-02,5.367960745e+02,false,0,7.982616217e+02,/mnt/pd/tema1/new/results/ml_samples/N2_sw0.22_x+1_i0017.h5
2,50,2.200000000e-01,1.000000000e+00,0,1.000000000e+00,6.619433198e-01,1152487933,gen_sigma,rise,3.057100000e+01,1.041474931e-01,1.786263413e-02,9.265016691e-02,4.168027829e+02,false,0,1.868279058e+03,/mnt/pd/tema1/new/results/ml_samples/N2_sw0.22_x+0_i0005.h5
6,50,3.000000000e-01,1.000000000e+00,1,1.388229907e+00,3.063098377e-01,1537047799,gen_N,rise,1.257100000e+01,2.209569655e-01,5.365715199e-02,1.112586615e-01,3.868070635e+01,false,0,3.071352087e+03,/mnt/pd/tema1/new/results/ml_samples/N6_sw0.30_x+1_i0047.h5
2,50,2.200000000e-01,1.000000000e+00,1,1.097489111e+00,7.264755858e-01,253722439,gen_sigma,rise,1.349100000e+01,1.116410379e-01,1.709871777e-02,8.741913312e-02,5.367960745e+02,false,0,7.911101727e+02,/mnt/pd/tema1/new/results/ml_samples/N2_sw0.22_x+1_i0025.h5
4,50,2.200000000e-01,1.000000000e+00,-1,8.089044787e-01,2.677244580e-01,605235279,gen_sigma,fall,1.331000000e+00,1.274390451e-01,5.083544161e-02,1.589441586e-01,4.219747125e+01,false,0,2.568000223e+02,/mnt/pd/tema1/new/results/ml_samples/N4_sw0.22_x-1_i0009.h5
4,50,2.200000000e-01,1.000000000e+00,-1,8.089044787e-01,2.677244580e-01,1210367898,gen_sigma,fall,1.841000000e+00,1.319314960e-01,3.299190418e-02,1.331470893e-01,3.381239982e+01,false,0,3.004967068e+02,/mnt/pd/tema1/new/results/ml_samples/N4_sw0.22_x-1_i0005.h5
6,50,3.000000000e-01,1.000000000e+00,0,1.000000000e+00,2.206477733e-01,308749818,gen_N,fall,2.636100000e+01,2.170183568e-01,7.069167287e-02,1.175790400e-01,1.638410868e+01,false,0,6.262110407e+03,/mnt/pd/tema1/new/results/ml_samples/N6_sw0.30_x+0_i0025.h5
2,50,2.200000000e-01,1.000000000e+00,1,1.097489111e+00,7.264755858e-01,391649806,gen_sigma,rise,1.194100000e+01,1.084532607e-01,1.284181453e-02,9.013848756e-02,5.367960745e+02,false,0,7.324456553e+02,/mnt/pd/tema1/new/results/ml_samples/N2_sw0.22_x+1_i0037.h5
2,50,2.200000000e-01,1.000000000e+00,1,1.097489111e+00,7.264755858e-01,26614289,gen_sigma,rise,9.311000000e+00,1.084983235e-01,1.327641926e-02,8.856532476e-02,5.367960745e+02,false,0,5.738425033e+02,/mnt/pd/tema1/new/results/ml_samples/N2_sw0.22_x+1_i0045.h5
2,50,2.200000000e-01,1.000000000e+00,1,1.097489111e+00,7.264755858e-01,1045451527,gen_sigma,rise,1.102100000e+01,1.066128769e-01,1.076282921e-02,8.797134003e-02,5.367960745e+02,false,0,6.142303908e+02,/mnt/pd/tema1/new/results/ml_samples/N2_sw0.22_x+1_i0043.h5
2,50,2.200000000e-01,1.000000000e+00,1,1.097489111e+00,7.264755858e-01,672719760,gen_sigma,rise,1.454100000e+01,1.155814126e-01,1.827122995e-02,8.754503981e-02,5.367960745e+02,false,0,8.771578250e+02,/mnt/pd/tema1/new/results/ml_samples/N2_sw0.22_x+1_i0035.h5
4,50,2.200000000e-01,1.000000000e+00,-1,8.089044787e-01,2.677244580e-01,1821735787,gen_sigma,fall,1.671000000e+00,1.416972111e-01,3.748234547e-02,1.234027466e-01,3.310717906e+01,false,0,2.760710106e+02,/mnt/pd/tema1/new/results/ml_samples/N4_sw0.22_x-1_i0025.h5
2,50,2.200000000e-01,1.000000000e+00,1,1.097489111e+00,7.264755858e-01,1760908198,gen_sigma,rise,1.152100000e+01,1.138181288e-01,1.450806805e-02,8.528534561e-02,5.367960745e+02,false,0,6.792610143e+02,/mnt/pd/tema1/new/results/ml_samples/N2_sw0.22_x+1_i0049.h5
2,50,2.200000000e-01,1.000000000e+00,1,1.097489111e+00,7.264755858e-01,1397056638,gen_sigma,fall,1.364100000e+01,1.113338625e-01,2.113425078e-02,8.978018000e-02,5.367960745e+02,false,0,8.444307842e+02,/mnt/pd/tema1/new/results/ml_samples/N2_sw0.22_x+1_i0041.h5
4,50,2.200000000e-01,1.000000000e+00,-1,8.089044787e-01,2.677244580e-01,2038548135,gen_sigma,fall,2.371000000e+00,1.462794552e-01,3.144970468e-02,1.226070322e-01,7.725363240e+00,false,0,3.576353186e+02,/mnt/pd/tema1/new/results/ml_samples/N4_sw0.22_x-1_i0027.h5
4,50,2.200000000e-01,1.000000000e+00,-1,8.089044787e-01,2.677244580e-01,281509851,gen_sigma,fall,2.631000000e+00,1.245897157e-01,3.056787400e-02,1.251671370e-01,2.496575736e+01,false,0,4.424614530e+02,/mnt/pd/tema1/new/results/ml_samples/N4_sw0.22_x-1_i0023.h5
4,50,2.200000000e-01,1.000000000e+00,-1,8.089044787e-01,2.677244580e-01,1874466303,gen_sigma,fall,2.131000000e+00,1.371306360e-01,3.092101194e-02,1.454413114e-01,4.219747125e+01,false,0,3.622232055e+02,/mnt/pd/tema1/new/results/ml_samples/N4_sw0.22_x-1_i0029.h5
6,50,3.000000000e-01,1.000000000e+00,1,1.388229907e+00,3.063098377e-01,982350806,gen_N,rise,1.433100000e+01,2.045209941e-01,3.923308223e-02,1.210084175e-01,4.314363039e+01,false,0,3.554431311e+03,/mnt/pd/tema1/new/results/ml_samples/N6_sw0.30_x+1_i0045.h5
4,50,2.200000000e-01,1.000000000e+00,-1,8.089044787e-01,2.677244580e-01,591363371,gen_sigma,fall,4.361000000e+00,1.464661618e-01,5.235489736e-02,1.260678762e-01,3.232194208e+01,false,0,6.237352933e+02,/mnt/pd/tema1/new/results/ml_samples/N4_sw0.22_x-1_i0013.h5
2,50,2.200000000e-01,1.000000000e+00,1,1.097489111e+00,7.264755858e-01,917385565,gen_sigma,rise,1.679100000e+01,1.067602660e-01,1.054958078e-02,8.910530944e-02,5.367960745e+02,false,0,9.250735753e+02,/mnt/pd/tema1/new/results/ml_samples/N2_sw0.22_x+1_i0047.h5
2,50,2.200000000e-01,1.000000000e+00,1,1.097489111e+00,7.264755858e-01,2096143493,gen_sigma,rise,2.240100000e+01,1.143555613e-01,1.604174861e-02,8.659261581e-02,5.367960745e+02,false,0,1.283930073e+03,/mnt/pd/tema1/new/results/ml_samples/N2_sw0.22_x+1_i0027.h5
2,50,2.200000000e-01,1.000000000e+00,1,1.097489111e+00,7.264755858e-01,613588129,gen_sigma,rise,2.254100000e+01,1.121829118e-01,1.885329338e-02,8.836688609e-02,5.367960745e+02,false,0,1.352212428e+03,/mnt/pd/tema1/new/results/ml_samples/N2_sw0.22_x+1_i0023.h5
4,50,2.200000000e-01,1.000000000e+00,-1,8.089044787e-01,2.677244580e-01,1413672388,gen_sigma,fall,2.491000000e+00,1.457949588e-01,2.931599807e-02,1.229807578e-01,1.759928878e+01,false,0,3.785166029e+02,/mnt/pd/tema1/new/results/ml_samples/N4_sw0.22_x-1_i0039.h5
4,50,2.200000000e-01,1.000000000e+00,-1,8.089044787e-01,2.677244580e-01,396799038,gen_sigma,fall,1.671000000e+00,1.366055141e-01,4.965390537e-02,1.472496049e-01,3.179323064e+01,false,0,3.140610051e+02,/mnt/pd/tema1/new/results/ml_samples/N4_sw0.22_x-1_i0043.h5
4,50,2.200000000e-01,1.000000000e+00,-1,8.089044787e-01,2.677244580e-01,2022662622,gen_sigma,fall,2.721000000e+00,1.289749681e-01,3.139655757e-02,1.361669875e-01,2.925344657e+01,false,0,4.737280567e+02,/mnt/pd/tema1/new/results/ml_samples/N4_sw0.22_x-1_i0033.h5
4,50,2.200000000e-01,1.000000000e+00,-1,8.089044787e-01,2.677244580e-01,586749951,gen_sigma,fall,5.731000000e+00,1.333477083e-01,2.707687132e-02,1.270431604e-01,4.219747125e+01,false,0,8.008332330e+02,/mnt/pd/tema1/new/results/ml_samples/N4_sw0.22_x-1_i0011.h5
4,50,2.200000000e-01,1.000000000e+00,-1,8.089044787e-01,2.677244580e-01,540843986,gen_sigma,fall,1.411000000e+00,1.091011942e-01,1.563207411e-02,1.460884378e-01,3.505146782e+01,false,0,2.366253432e+02,/mnt/pd/tema1/new/results/ml_samples/N4_sw0.22_x-1_i0049.h5
2,50,2.200000000e-01,1.000000000e+00,1,1.097489111e+00,7.264755858e-01,1361037890,gen_sigma,fall,2.866100000e+01,1.099640866e-01,1.761746049e-02,8.866845770e-02,5.367960745e+02,false,0,1.893735149e+03,/mnt/pd/tema1/new/results/ml_samples/N2_sw0.22_x+1_i0001.h5
4,50,2.200000000e-01,1.000000000e+00,-1,8.089044787e-01,2.677244580e-01,729364888,gen_sigma,fall,1.751000000e+00,1.263759643e-01,2.132503362e-02,1.328900414e-01,3.928154028e+01,false,0,2.781880859e+02,/mnt/pd/tema1/new/results/ml_samples/N4_sw0.22_x-1_i0047.h5
4,50,2.200000000e-01,1.000000000e+00,-1,8.089044787e-01,2.677244580e-01,1244204975,gen_sigma,fall,3.741000000e+00,1.422734480e-01,5.888044878e-02,1.355174999e-01,4.219747125e+01,false,0,5.567408010e+02,/mnt/pd/tema1/new/results/ml_samples/N4_sw0.22_x-1_i0035.h5
4,50,2.200000000e-01,1.000000000e+00,0,1.000000000e+00,3.309716599e-01,1102908145,gen_sigma,fall,1.111000000e+00,1.436871467e-01,3.492813265e-02,1.377253930e-01,6.176760971e+01,false,0,2.155955733e+02,/mnt/pd/tema1/new/results/ml_samples/N4_sw0.22_x+0_i0007.h5
4,50,2.200000000e-01,1.000000000e+00,0,1.000000000e+00,3.309716599e-01,446376616,gen_sigma,fall,1.701000000e+00,1.393795415e-01,2.591714238e-02,1.360696241e-01,6.176760971e+01,false,0,3.037613268e+02,/mnt/pd/tema1/new/results/ml_samples/N4_sw0.22_x+0_i0005.h5
4,50,2.200000000e-01,1.000000000e+00,0,1.000000000e+00,3.309716599e-01,372257817,gen_sigma,fall,1.311000000e+00,1.422380963e-01,2.339321697e-02,1.300457813e-01,5.906235826e+01,false,0,2.207814599e+02,/mnt/pd/tema1/new/results/ml_samples/N4_sw0.22_x+0_i0009.h5
4,50,2.200000000e-01,1.000000000e+00,-1,8.089044787e-01,2.677244580e-01,1295096178,gen_sigma,fall,5.231000000e+00,1.538977372e-01,4.296006283e-02,1.243943378e-01,4.219747125e+01,false,0,7.921516239e+02,/mnt/pd/tema1/new/results/ml_samples/N4_sw0.22_x-1_i0031.h5
4,50,2.200000000e-01,1.000000000e+00,0,1.000000000e+00,3.309716599e-01,1958415111,gen_sigma,fall,1.651000000e+00,1.562757497e-01,4.380087728e-02,1.274083818e-01,6.176760971e+01,false,0,2.847496604e+02,/mnt/pd/tema1/new/results/ml_samples/N4_sw0.22_x+0_i0033.h5
2,50,2.200000000e-01,1.000000000e+00,1,1.097489111e+00,7.264755858e-01,1126399758,gen_sigma,rise,2.800100000e+01,1.104137843e-01,1.604738975e-02,9.174692539e-02,5.367960745e+02,false,0,1.724209816e+03,/mnt/pd/tema1/new/results/ml_samples/N2_sw0.22_x+1_i0033.h5
4,50,2.200000000e-01,1.000000000e+00,0,1.000000000e+00,3.309716599e-01,953718980,gen_sigma,fall,2.391000000e+00,1.559438002e-01,3.241708107e-02,1.324250759e-01,3.880136348e+01,false,0,3.632134614e+02,/mnt/pd/tema1/new/results/ml_samples/N4_sw0.22_x+0_i0029.h5
4,50,2.200000000e-01,1.000000000e+00,0,1.000000000e+00,3.309716599e-01,1563155190,gen_sigma,fall,4.611000000e+00,1.345018699e-01,2.618112280e-02,1.228821940e-01,5.109418299e+01,false,0,6.565820557e+02,/mnt/pd/tema1/new/results/ml_samples/N4_sw0.22_x+0_i0021.h5
4,50,2.200000000e-01,1.000000000e+00,-1,8.089044787e-01,2.677244580e-01,797776781,gen_sigma,fall,9.621000000e+00,1.471563177e-01,4.348540134e-02,1.215066378e-01,4.219747125e+01,false,0,1.403322714e+03,/mnt/pd/tema1/new/results/ml_samples/N4_sw0.22_x-1_i0017.h5
4,50,2.200000000e-01,1.000000000e+00,0,1.000000000e+00,3.309716599e-01,1159407272,gen_sigma,fall,1.561000000e+00,1.606084468e-01,3.209041819e-02,1.246300318e-01,3.692403334e+01,false,0,2.573121927e+02,/mnt/pd/tema1/new/results/ml_samples/N4_sw0.22_x+0_i0041.h5
4,50,2.200000000e-01,1.000000000e+00,-1,8.089044787e-01,2.677244580e-01,1134494131,gen_sigma,fall,1.169100000e+01,1.350938679e-01,3.181333163e-02,1.268153787e-01,1.856258822e+01,false,0,1.569200293e+03,/mnt/pd/tema1/new/results/ml_samples/N4_sw0.22_x-1_i0007.h5
4,50,2.200000000e-01,1.000000000e+00,0,1.000000000e+00,3.309716599e-01,1997388289,gen_sigma,fall,4.851000000e+00,1.387285933e-01,2.211917842e-02,1.290743116e-01,2.010474159e+01,false,0,7.143652335e+02,/mnt/pd/tema1/new/results/ml_samples/N4_sw0.22_x+0_i0035.h5
4,50,2.200000000e-01,1.000000000e+00,0,1.000000000e+00,3.309716599e-01,1953021247,gen_sigma,fall,4.971000000e+00,1.407706477e-01,1.984990292e-02,1.075952780e-01,2.071653983e+01,false,0,7.054588989e+02,/mnt/pd/tema1/new/results/ml_samples/N4_sw0.22_x+0_i0037.h5
4,50,2.200000000e-01,1.000000000e+00,-1,8.089044787e-01,2.677244580e-01,1119470873,gen_sigma,rise,1.241100000e+01,1.339887649e-01,2.648385647e-02,1.112911870e-01,5.987051842e+00,false,0,1.894079576e+03,/mnt/pd/tema1/new/results/ml_samples/N4_sw0.22_x-1_i0001.h5
2,50,2.200000000e-01,1.000000000e+00,1,1.097489111e+00,7.264755858e-01,1601006307,gen_sigma,rise,3.448100000e+01,1.069840790e-01,9.907602123e-03,8.623296394e-02,5.367960745e+02,false,0,2.066260354e+03,/mnt/pd/tema1/new/results/ml_samples/N2_sw0.22_x+1_i0039.h5
4,50,2.200000000e-01,1.000000000e+00,0,1.000000000e+00,3.309716599e-01,40354042,gen_sigma,fall,7.331000000e+00,1.431931494e-01,1.786920255e-02,1.127824444e-01,3.207564957e+01,false,0,1.029019776e+03,/mnt/pd/tema1/new/results/ml_samples/N4_sw0.22_x+0_i0015.h5
4,50,2.200000000e-01,1.000000000e+00,0,1.000000000e+00,3.309716599e-01,865511452,gen_sigma,rise,6.481000000e+00,1.518098732e-01,4.046974255e-02,1.111148747e-01,6.176760971e+01,false,0,9.013244023e+02,/mnt/pd/tema1/new/results/ml_samples/N4_sw0.22_x+0_i0031.h5
4,50,2.200000000e-01,1.000000000e+00,0,1.000000000e+00,3.309716599e-01,2009805407,gen_sigma,rise,9.291000000e+00,1.383609733e-01,1.607517895e-02,1.089681908e-01,6.176760971e+01,false,0,1.273766149e+03,/mnt/pd/tema1/new/results/ml_samples/N4_sw0.22_x+0_i0003.h5
2,50,2.200000000e-01,1.000000000e+00,0,1.000000000e+00,6.619433198e-01,422416997,gen_sigma,timeout,6.000100000e+01,1.042125341e-01,1.244015674e-02,8.666844640e-02,4.168027829e+02,false,0,3.635829825e+03,/mnt/pd/tema1/new/results/ml_samples/N2_sw0.22_x+0_i0009.h5
4,50,2.200000000e-01,1.000000000e+00,0,1.000000000e+00,3.309716599e-01,725860926,gen_sigma,fall,8.511000000e+00,1.352703938e-01,1.899908085e-02,1.168976681e-01,5.723188712e+01,false,0,1.213914134e+03,/mnt/pd/tema1/new/results/ml_samples/N4_sw0.22_x+0_i0013.h5
6,50,3.000000000e-01,1.000000000e+00,1,1.388229907e+00,3.063098377e-01,733416735,gen_N,rise,2.095100000e+01,1.867027558e-01,3.484145697e-02,1.178102434e-01,2.590660102e+01,false,0,5.056514054e+03,/mnt/pd/tema1/new/results/ml_samples/N6_sw0.30_x+1_i0041.h5
4,50,2.200000000e-01,1.000000000e+00,0,1.000000000e+00,3.309716599e-01,1767554505,gen_sigma,fall,3.591000000e+00,1.638961304e-01,3.642194272e-02,1.230138973e-01,3.389019163e+01,false,0,5.433070607e+02,/mnt/pd/tema1/new/results/ml_samples/N4_sw0.22_x+0_i0045.h5
4,50,2.200000000e-01,1.000000000e+00,0,1.000000000e+00,3.309716599e-01,1018209389,gen_sigma,fall,9.021000000e+00,1.352659404e-01,2.114200357e-02,1.148841162e-01,6.176760971e+01,false,0,1.256963872e+03,/mnt/pd/tema1/new/results/ml_samples/N4_sw0.22_x+0_i0025.h5
4,50,2.200000000e-01,1.000000000e+00,0,1.000000000e+00,3.309716599e-01,272784518,gen_sigma,fall,4.731000000e+00,1.409006820e-01,1.810755291e-02,1.168594306e-01,6.176760971e+01,false,0,6.640603386e+02,/mnt/pd/tema1/new/results/ml_samples/N4_sw0.22_x+0_i0047.h5
4,50,2.200000000e-01,1.000000000e+00,-1,8.089044787e-01,2.677244580e-01,534025238,gen_sigma,fall,1.343100000e+01,1.517942037e-01,4.158195532e-02,1.168165518e-01,2.606510799e+01,false,0,1.831915153e+03,/mnt/pd/tema1/new/results/ml_samples/N4_sw0.22_x-1_i0037.h5
4,50,2.200000000e-01,1.000000000e+00,1,1.191095521e+00,3.942188618e-01,744644835,gen_sigma,fall,1.381000000e+00,1.461471021e-01,2.865190940e-02,1.338866712e-01,5.595879406e+01,false,0,2.589999413e+02,/mnt/pd/tema1/new/results/ml_samples/N4_sw0.22_x+1_i0021.h5
4,50,2.200000000e-01,1.000000000e+00,0,1.000000000e+00,3.309716599e-01,1033667900,gen_sigma,fall,1.023100000e+01,1.295917723e-01,2.302805128e-02,1.193021530e-01,1.067613591e+01,false,0,1.442566468e+03,/mnt/pd/tema1/new/results/ml_samples/N4_sw0.22_x+0_i0023.h5
4,50,2.200000000e-01,1.000000000e+00,1,1.191095521e+00,3.942188618e-01,590102207,gen_sigma,fall,3.251000000e+00,1.443728321e-01,2.318244588e-02,1.265584576e-01,9.975327422e+01,false,0,4.783708312e+02,/mnt/pd/tema1/new/results/ml_samples/N4_sw0.22_x+1_i0013.h5
4,50,2.200000000e-01,1.000000000e+00,-1,8.089044787e-01,2.677244580e-01,1672487553,gen_sigma,fall,1.345100000e+01,1.416175207e-01,2.212279336e-02,1.126959644e-01,4.219747125e+01,false,0,2.005540595e+03,/mnt/pd/tema1/new/results/ml_samples/N4_sw0.22_x-1_i0045.h5
4,50,2.200000000e-01,1.000000000e+00,1,1.191095521e+00,3.942188618e-01,1435603902,gen_sigma,rise,6.301000000e+00,1.457232065e-01,2.387408145e-02,1.122682920e-01,9.975327422e+01,false,0,8.669110493e+02,/mnt/pd/tema1/new/results/ml_samples/N4_sw0.22_x+1_i0003.h5
4,50,2.200000000e-01,1.000000000e+00,0,1.000000000e+00,3.309716599e-01,916538084,gen_sigma,fall,1.341100000e+01,1.679330499e-01,3.546368101e-02,1.074417069e-01,4.421112392e+01,false,0,1.808303840e+03,/mnt/pd/tema1/new/results/ml_samples/N4_sw0.22_x+0_i0011.h5
4,50,2.200000000e-01,1.000000000e+00,1,1.191095521e+00,3.942188618e-01,616291242,gen_sigma,rise,5.861000000e+00,1.517219973e-01,2.220774549e-02,1.097595341e-01,8.417963311e+01,false,0,8.112860309e+02,/mnt/pd/tema1/new/results/ml_samples/N4_sw0.22_x+1_i0011.h5
4,50,2.200000000e-01,1.000000000e+00,1,1.191095521e+00,3.942188618e-01,1846324990,gen_sigma,rise,7.941000000e+00,1.423381108e-01,1.758284313e-02,1.205563839e-01,9.975327422e+01,false,0,1.094103409e+03,/mnt/pd/tema1/new/results/ml_samples/N4_sw0.22_x+1_i0001.h5
4,50,2.200000000e-01,1.000000000e+00,1,1.191095521e+00,3.942188618e-01,1416030182,gen_sigma,rise,5.391000000e+00,1.654370047e-01,3.380689544e-02,1.149104479e-01,9.251289894e+01,false,0,8.045752502e+02,/mnt/pd/tema1/new/results/ml_samples/N4_sw0.22_x+1_i0015.h5
4,50,2.200000000e-01,1.000000000e+00,1,1.191095521e+00,3.942188618e-01,2054386996,gen_sigma,fall,3.511000000e+00,1.483897203e-01,1.918338229e-02,1.094622532e-01,9.975327422e+01,false,0,5.075677403e+02,/mnt/pd/tema1/new/results/ml_samples/N4_sw0.22_x+1_i0031.h5
4,50,2.200000000e-01,1.000000000e+00,1,1.191095521e+00,3.942188618e-01,1743471033,gen_sigma,fall,7.091000000e+00,1.561463896e-01,2.309131965e-02,1.162314991e-01,9.975327422e+01,false,0,9.890917866e+02,/mnt/pd/tema1/new/results/ml_samples/N4_sw0.22_x+1_i0007.h5
1,50,1.500000000e-01,1.000000000e+00,-4,8.617657105e-01,1.140880111e+00,2034921540,main,fall,1.361000000e+00,6.420371291e-02,6.648574622e-02,2.150071752e-03,,false,0,4.221450616e+01,/mnt/pd/tema1/new/results/ml_samples/N1_sw0.15_x-4_i0001.h5
4,50,2.200000000e-01,1.000000000e+00,1,1.191095521e+00,3.942188618e-01,1307241356,gen_sigma,fall,1.381000000e+00,1.426746755e-01,2.490289554e-02,1.271519748e-01,9.975327422e+01,false,0,2.374246761e+02,/mnt/pd/tema1/new/results/ml_samples/N4_sw0.22_x+1_i0041.h5
4,50,2.200000000e-01,1.000000000e+00,0,1.000000000e+00,3.309716599e-01,901725002,gen_sigma,fall,1.293100000e+01,1.294019984e-01,1.415060167e-02,1.172169840e-01,6.176760971e+01,false,0,2.022951837e+03,/mnt/pd/tema1/new/results/ml_samples/N4_sw0.22_x+0_i0019.h5
1,50,1.500000000e-01,1.000000000e+00,-4,8.617657105e-01,1.140880111e+00,1594141646,main,fall,1.291000000e+00,6.606833883e-02,6.657313480e-02,1.734045291e-03,,false,0,4.166478043e+01,/mnt/pd/tema1/new/results/ml_samples/N1_sw0.15_x-4_i0003.h5
1,50,1.500000000e-01,1.000000000e+00,-4,8.617657105e-01,1.140880111e+00,1154254387,main,fall,1.681000000e+00,3.693205925e-02,4.007678600e-02,1.943469531e-03,,false,0,5.119242087e+01,/mnt/pd/tema1/new/results/ml_samples/N1_sw0.15_x-4_i0005.h5
1,50,1.500000000e-01,1.000000000e+00,-4,8.617657105e-01,1.140880111e+00,9532321,main,fall,1.451000000e+00,4.335808516e-02,3.805322154e-02,1.495792996e-03,,false,0,4.442289127e+01,/mnt/pd/tema1/new/results/ml_samples/N1_sw0.15_x-4_i0009.h5
1,50,1.500000000e-01,1.000000000e+00,-4,8.617657105e-01,1.140880111e+00,1474387837,main,fall,1.941000000e+00,3.559940767e-02,4.590905909e-02,1.436436514e-03,,false,0,5.744000273e+01,/mnt/pd/tema1/new/results/ml_samples/N1_sw0.15_x-4_i0007.h5
1,50,1.500000000e-01,1.000000000e+00,-4,8.617657105e-01,1.140880111e+00,709076346,main,fall,1.711000000e+00,5.197868394e-02,5.531772036e-02,1.769041505e-03,,false,0,5.270175727e+01,/mnt/pd/tema1/new/results/ml_samples/N1_sw0.15_x-4_i0011.h5
1,50,1.500000000e-01,1.000000000e+00,-4,8.617657105e-01,1.140880111e+00,1511018258,main,fall,2.221000000e+00,3.394201597e-02,3.645366273e-02,1.340843713e-03,,false,0,6.531611260e+01,/mnt/pd/tema1/new/results/ml_samples/N1_sw0.15_x-4_i0013.h5
1,50,1.500000000e-01,1.000000000e+00,-4,8.617657105e-01,1.140880111e+00,246263492,main,fall,2.001000000e+00,4.115608339e-02,4.869157263e-02,1.970789169e-03,,false,0,5.951951550e+01,/mnt/pd/tema1/new/results/ml_samples/N1_sw0.15_x-4_i0015.h5
1,50,1.500000000e-01,1.000000000e+00,-4,8.617657105e-01,1.140880111e+00,1667200166,main,fall,2.301000000e+00,2.929460745e-02,4.212013884e-02,1.155724742e-03,,false,0,6.845594753e+01,/mnt/pd/tema1/new/results/ml_samples/N1_sw0.15_x-4_i0017.h5
1,50,1.500000000e-01,1.000000000e+00,-4,8.617657105e-01,1.140880111e+00,1164344296,main,fall,1.551000000e+00,4.102397841e-02,3.738877692e-02,1.502908156e-03,,false,0,4.773786941e+01,/mnt/pd/tema1/new/results/ml_samples/N1_sw0.15_x-4_i0019.h5
4,50,2.200000000e-01,1.000000000e+00,-1,8.089044787e-01,2.677244580e-01,1194684848,gen_sigma,rise,2.014100000e+01,1.452874008e-01,3.815674149e-02,1.221927063e-01,2.131841249e+01,false,0,2.905742109e+03,/mnt/pd/tema1/new/results/ml_samples/N4_sw0.22_x-1_i0015.h5
1,50,1.500000000e-01,1.000000000e+00,-4,8.617657105e-01,1.140880111e+00,1771029601,main,fall,1.531000000e+00,4.534544204e-02,4.883506486e-02,1.847613842e-03,,false,0,4.804875030e+01,/mnt/pd/tema1/new/results/ml_samples/N1_sw0.15_x-4_i0023.h5
1,50,1.500000000e-01,1.000000000e+00,-4,8.617657105e-01,1.140880111e+00,1022095741,main,fall,3.151000000e+00,3.805020927e-02,4.899004747e-02,1.272110150e-03,,false,0,9.213474080e+01,/mnt/pd/tema1/new/results/ml_samples/N1_sw0.15_x-4_i0021.h5
4,50,2.200000000e-01,1.000000000e+00,0,1.000000000e+00,3.309716599e-01,427708063,gen_sigma,rise,1.548100000e+01,1.374715404e-01,2.057244866e-02,1.193926587e-01,6.176760971e+01,false,0,2.248717301e+03,/mnt/pd/tema1/new/results/ml_samples/N4_sw0.22_x+0_i0017.h5
1,50,1.500000000e-01,1.000000000e+00,-4,8.617657105e-01,1.140880111e+00,2031953977,main,fall,2.621000000e+00,4.252658862e-02,5.532422245e-02,1.938931692e-03,,false,0,7.719521677e+01,/mnt/pd/tema1/new/results/ml_samples/N1_sw0.15_x-4_i0025.h5
1,50,1.500000000e-01,1.000000000e+00,-4,8.617657105e-01,1.140880111e+00,1591708623,main,fall,1.501000000e+00,6.275705202e-02,7.425821020e-02,1.885589022e-03,,false,0,4.777013162e+01,/mnt/pd/tema1/new/results/ml_samples/N1_sw0.15_x-4_i0029.h5
1,50,1.500000000e-01,1.000000000e+00,-4,8.617657105e-01,1.140880111e+00,778856936,main,fall,1.811000000e+00,4.561156520e-02,5.604946032e-02,1.687878145e-03,,false,0,5.470568414e+01,/mnt/pd/tema1/new/results/ml_samples/N1_sw0.15_x-4_i0027.h5
4,50,2.200000000e-01,1.000000000e+00,1,1.191095521e+00,3.942188618e-01,244616302,gen_sigma,rise,6.461000000e+00,1.533276159e-01,1.390870722e-02,1.011605940e-01,8.286325645e+01,false,0,8.933205059e+02,/mnt/pd/tema1/new/results/ml_samples/N4_sw0.22_x+1_i0027.h5
1,50,1.500000000e-01,1.000000000e+00,-4,8.617657105e-01,1.140880111e+00,915426157,main,fall,1.471000000e+00,4.992245027e-02,5.605964121e-02,1.515757400e-03,,false,0,4.556542021e+01,/mnt/pd/tema1/new/results/ml_samples/N1_sw0.15_x-4_i0031.h5
4,50,2.200000000e-01,1.000000000e+00,0,1.000000000e+00,3.309716599e-01,203035191,gen_sigma,fall,1.077100000e+01,1.663701048e-01,6.562298365e-02,1.036162079e-01,4.855121085e+01,false,0,1.544166947e+03,/mnt/pd/tema1/new/results/ml_samples/N4_sw0.22_x+0_i0049.h5
1,50,1.500000000e-01,1.000000000e+00,-4,8.617657105e-01,1.140880111e+00,2109880156,main,fall,1.401000000e+00,5.953891381e-02,6.347107339e-02,1.602431882e-03,,false,0,4.483619233e+01,/mnt/pd/tema1/new/results/ml_samples/N1_sw0.15_x-4_i0035.h5
1,50,1.500000000e-01,1.000000000e+00,-4,8.617657105e-01,1.140880111e+00,98007760,main,fall,1.541000000e+00,4.045089116e-02,4.903365243e-02,1.462421589e-03,,false,0,4.861878383e+01,/mnt/pd/tema1/new/results/ml_samples/N1_sw0.15_x-4_i0033.h5
1,50,1.500000000e-01,1.000000000e+00,-4,8.617657105e-01,1.140880111e+00,1515851720,main,fall,1.441000000e+00,4.983473238e-02,5.152815703e-02,2.229407937e-03,,false,0,4.504598583e+01,/mnt/pd/tema1/new/results/ml_samples/N1_sw0.15_x-4_i0037.h5
1,50,1.500000000e-01,1.000000000e+00,-4,8.617657105e-01,1.140880111e+00,2027654586,main,fall,1.301000000e+00,6.859156444e-02,6.554015482e-02,1.955855804e-03,,false,0,4.200521885e+01,/mnt/pd/tema1/new/results/ml_samples/N1_sw0.15_x-4_i0041.h5
4,50,2.200000000e-01,1.000000000e+00,1,1.191095521e+00,3.942188618e-01,1948737379,gen_sigma,rise,7.921000000e+00,1.592642821e-01,3.231185271e-02,1.108465545e-01,9.975327422e+01,false,0,1.078640911e+03,/mnt/pd/tema1/new/results/ml_samples/N4_sw0.22_x+1_i0023.h5
1,50,1.500000000e-01,1.000000000e+00,-4,8.617657105e-01,1.140880111e+00,1207954381,main,fall,1.571000000e+00,4.556142809e-02,4.590576307e-02,1.323243204e-03,,false,0,4.831274556e+01,/mnt/pd/tema1/new/results/ml_samples/N1_sw0.15_x-4_i0043.h5
1,50,1.500000000e-01,1.000000000e+00,-4,8.617657105e-01,1.140880111e+00,55616064,main,fall,1.461000000e+00,5.358000240e-02,5.975248842e-02,1.876818443e-03,,false,0,4.514353112e+01,/mnt/pd/tema1/new/results/ml_samples/N1_sw0.15_x-4_i0045.h5
1,50,1.500000000e-01,1.000000000e+00,-4,8.617657105e-01,1.140880111e+00,1511765571,main,fall,2.351000000e+00,3.787903352e-02,4.826301890e-02,1.603707375e-03,,false,0,6.950567039e+01,/mnt/pd/tema1/new/results/ml_samples/N1_sw0.15_x-4_i0039.h5
1,50,1.500000000e-01,1.000000000e+00,-4,8.617657105e-01,1.140880111e+00,619129367,main,fall,1.411000000e+00,6.350041441e-02,6.514923441e-02,1.748403170e-03,,false,0,4.430652178e+01,/mnt/pd/tema1/new/results/ml_samples/N1_sw0.15_x-4_i0049.h5
1,50,1.500000000e-01,1.000000000e+00,-4,8.617657105e-01,1.140880111e+00,84838216,main,fall,1.721000000e+00,4.327516908e-02,5.809879847e-02,1.990458820e-03,,false,0,5.182515298e+01,/mnt/pd/tema1/new/results/ml_samples/N1_sw0.15_x-4_i0047.h5
1,50,1.500000000e-01,1.000000000e+00,-4,8.617657105e-01,1.140880111e+00,1552781677,main,fall,1.651000000e+00,5.524705687e-02,5.961464004e-02,1.716114331e-03,,false,0,5.074949406e+01,/mnt/pd/tema1/new/results/ml_samples/N1_sw0.15_x-4_i0051.h5
1,50,1.500000000e-01,1.000000000e+00,-4,8.617657105e-01,1.140880111e+00,866001073,main,fall,1.521000000e+00,4.445673704e-02,5.605898979e-02,1.334328434e-03,,false,0,4.680461765e+01,/mnt/pd/tema1/new/results/ml_samples/N1_sw0.15_x-4_i0053.h5
1,50,1.500000000e-01,1.000000000e+00,-4,8.617657105e-01,1.140880111e+00,2031316176,main,fall,1.431000000e+00,5.110364256e-02,5.524630129e-02,1.955904994e-03,,false,0,4.460899303e+01,/mnt/pd/tema1/new/results/ml_samples/N1_sw0.15_x-4_i0061.h5
1,50,1.500000000e-01,1.000000000e+00,-4,8.617657105e-01,1.140880111e+00,747357036,main,fall,1.961000000e+00,4.273840038e-02,5.859032123e-02,1.560264168e-03,,false,0,5.878014749e+01,/mnt/pd/tema1/new/results/ml_samples/N1_sw0.15_x-4_i0057.h5
1,50,1.500000000e-01,1.000000000e+00,-4,8.617657105e-01,1.140880111e+00,143160708,main,fall,1.161000000e+00,5.686837715e-02,5.628127195e-02,1.192363003e-03,,false,0,3.669308894e+01,/mnt/pd/tema1/new/results/ml_samples/N1_sw0.15_x-4_i0067.h5
1,50,1.500000000e-01,1.000000000e+00,-4,8.617657105e-01,1.140880111e+00,1775733787,main,fall,1.291000000e+00,5.143920341e-02,6.375775273e-02,1.968334102e-03,,false,0,4.034373374e+01,/mnt/pd/tema1/new/results/ml_samples/N1_sw0.15_x-4_i0065.h5
1,50,1.500000000e-01,1.000000000e+00,-4,8.617657105e-01,1.140880111e+00,673142035,main,fall,1.701000000e+00,5.098858642e-02,6.084917303e-02,1.506159664e-03,,false,0,5.246513090e+01,/mnt/pd/tema1/new/results/ml_samples/N1_sw0.15_x-4_i0069.h5
4,50,2.200000000e-01,1.000000000e+00,1,1.191095521e+00,3.942188618e-01,400711688,gen_sigma,rise,4.871000000e+00,1.582378058e-01,2.888950326e-02,1.134213286e-01,9.975327422e+01,false,0,6.859075855e+02,/mnt/pd/tema1/new/results/ml_samples/N4_sw0.22_x+1_i0037.h5
1,50,1.500000000e-01,1.000000000e+00,-4,8.617657105e-01,1.140880111e+00,1437152166,main,fall,2.991000000e+00,3.529452888e-02,4.685180041e-02,1.730807610e-03,,false,0,8.776632433e+01,/mnt/pd/tema1/new/results/ml_samples/N1_sw0.15_x-4_i0059.h5
1,50,1.500000000e-01,1.000000000e+00,-4,8.617657105e-01,1.140880111e+00,209229952,main,fall,1.241000000e+00,5.806113096e-02,7.094537668e-02,1.630837877e-03,,false,0,3.956491229e+01,/mnt/pd/tema1/new/results/ml_samples/N1_sw0.15_x-4_i0071.h5
1,50,1.500000000e-01,1.000000000e+00,-4,8.617657105e-01,1.140880111e+00,1782226421,main,fall,2.451000000e+00,4.179609493e-02,4.437442157e-02,2.025727268e-03,,false,0,7.171303816e+01,/mnt/pd/tema1/new/results/ml_samples/N1_sw0.15_x-4_i0063.h5
1,50,1.500000000e-01,1.000000000e+00,-4,8.617657105e-01,1.140880111e+00,281585592,main,fall,1.281000000e+00,6.394817555e-02,6.484528064e-02,2.221895756e-03,,false,0,4.013802764e+01,/mnt/pd/tema1/new/results/ml_samples/N1_sw0.15_x-4_i0075.h5
1,50,1.500000000e-01,1.000000000e+00,-4,8.617657105e-01,1.140880111e+00,1983183713,main,fall,2.151000000e+00,3.929645108e-02,4.950293826e-02,1.824037227e-03,,false,0,6.389098405e+01,/mnt/pd/tema1/new/results/ml_samples/N1_sw0.15_x-4_i0073.h5
1,50,1.500000000e-01,1.000000000e+00,-4,8.617657105e-01,1.140880111e+00,2127107758,main,fall,1.531000000e+00,4.577186708e-02,6.409622803e-02,1.239741024e-03,,false,0,4.703975649e+01,/mnt/pd/tema1/new/results/ml_samples/N1_sw0.15_x-4_i0079.h5
1,50,1.500000000e-01,1.000000000e+00,-4,8.617657105e-01,1.140880111e+00,448634761,main,fall,1.791000000e+00,4.004881626e-02,3.897238399e-02,1.376305689e-03,,false,0,5.350275479e+01,/mnt/pd/tema1/new/results/ml_samples/N1_sw0.15_x-4_i0085.h5
1,50,1.500000000e-01,1.000000000e+00,-4,8.617657105e-01,1.140880111e+00,411613207,main,fall,1.821000000e+00,3.191357714e-02,4.280899575e-02,1.388589695e-03,,false,0,5.517022629e+01,/mnt/pd/tema1/new/results/ml_samples/N1_sw0.15_x-4_i0081.h5
1,50,1.500000000e-01,1.000000000e+00,-4,8.617657105e-01,1.140880111e+00,384973461,main,fall,1.741000000e+00,5.720023855e-02,6.124096000e-02,2.451876220e-03,,false,0,5.296303895e+01,/mnt/pd/tema1/new/results/ml_samples/N1_sw0.15_x-4_i0087.h5
4,50,2.200000000e-01,1.000000000e+00,-1,8.089044787e-01,2.677244580e-01,1216503613,gen_sigma,fall,2.176100000e+01,1.430250802e-01,4.272784061e-02,1.108000572e-01,4.219747125e+01,false,0,3.127053917e+03,/mnt/pd/tema1/new/results/ml_samples/N4_sw0.22_x-1_i0021.h5
1,50,1.500000000e-01,1.000000000e+00,-4,8.617657105e-01,1.140880111e+00,1071839774,main,fall,2.101000000e+00,3.090066429e-02,3.581957191e-02,1.172941188e-03,,false,0,6.243335069e+01,/mnt/pd/tema1/new/results/ml_samples/N1_sw0.15_x-4_i0091.h5
1,50,1.500000000e-01,1.000000000e+00,-4,8.617657105e-01,1.140880111e+00,1260761580,main,fall,3.561000000e+00,2.816149507e-02,3.808324760e-02,1.286208100e-03,,false,0,1.015296090e+02,/mnt/pd/tema1/new/results/ml_samples/N1_sw0.15_x-4_i0083.h5
1,50,1.500000000e-01,1.000000000e+00,-4,8.617657105e-01,1.140880111e+00,792371726,main,fall,4.491000000e+00,3.078349107e-02,3.626076921e-02,1.944757062e-03,,false,0,1.261904948e+02,/mnt/pd/tema1/new/results/ml_samples/N1_sw0.15_x-4_i0077.h5
1,50,1.500000000e-01,1.000000000e+00,-4,8.617657105e-01,1.140880111e+00,1753203718,main,fall,2.001000000e+00,4.391482680e-02,5.936233782e-02,1.603662708e-03,,false,0,6.010243665e+01,/mnt/pd/tema1/new/results/ml_samples/N1_sw0.15_x-4_i0093.h5
1,50,1.500000000e-01,1.000000000e+00,-4,8.617657105e-01,1.140880111e+00,772056134,main,fall,1.871000000e+00,4.876488044e-02,5.941491406e-02,1.030403874e-03,,false,0,5.659799779e+01,/mnt/pd/tema1/new/results/ml_samples/N1_sw0.15_x-4_i0099.h5
1,50,1.500000000e-01,1.000000000e+00,-4,8.617657105e-01,1.140880111e+00,1904093077,main,fall,2.081000000e+00,4.260749827e-02,4.417926058e-02,1.458460502e-03,,false,0,6.103336985e+01,/mnt/pd/tema1/new/results/ml_samples/N1_sw0.15_x-4_i0095.h5
1,50,1.500000000e-01,1.000000000e+00,-4,8.617657105e-01,1.140880111e+00,1026780615,main,fall,2.051000000e+00,4.848340033e-02,6.262620562e-02,1.789991275e-03,,false,0,6.069893259e+01,/mnt/pd/tema1/new/results/ml_samples/N1_sw0.15_x-4_i0097.h5
1,50,1.500000000e-01,1.000000000e+00,-4,8.617657105e-01,1.140880111e+00,502928412,main,fall,7.951000000e+00,2.898918229e-02,2.686775650e-02,1.793898606e-03,,false,0,2.161479701e+02,/mnt/pd/tema1/new/results/ml_samples/N1_sw0.15_x-4_i0055.h5
1,50,1.500000000e-01,1.000000000e+00,-2,9.308828552e-01,1.232383375e+00,747872396,main,fall,2.001000000e+00,3.259158743e-02,3.849416139e-02,1.365064919e-03,,false,0,5.942772826e+01,/mnt/pd/tema1/new/results/ml_samples/N1_sw0.15_x-2_i0001.h5
1,50,1.500000000e-01,1.000000000e+00,-4,8.617657105e-01,1.140880111e+00,369100233,main,fall,4.071000000e+00,3.276044998e-02,3.805130405e-02,1.571870556e-03,,false,0,1.155461261e+02,/mnt/pd/tema1/new/results/ml_samples/N1_sw0.15_x-4_i0089.h5
4,50,2.200000000e-01,1.000000000e+00,1,1.191095521e+00,3.942188618e-01,2122695651,gen_sigma,rise,5.721000000e+00,1.504833999e-01,1.778788479e-02,1.089173566e-01,9.975327422e+01,false,0,7.930897849e+02,/mnt/pd/tema1/new/results/ml_samples/N4_sw0.22_x+1_i0039.h5
1,50,1.500000000e-01,1.000000000e+00,-2,9.308828552e-01,1.232383375e+00,12091829,main,fall,1.801000000e+00,4.733061163e-02,5.097730171e-02,1.521164434e-03,,false,0,5.499249727e+01,/mnt/pd/tema1/new/results/ml_samples/N1_sw0.15_x-2_i0003.h5
4,50,2.200000000e-01,1.000000000e+00,1,1.191095521e+00,3.942188618e-01,416172649,gen_sigma,rise,3.941000000e+00,1.511331890e-01,2.222975613e-02,1.253552004e-01,9.637538998e+01,false,0,6.062352256e+02,/mnt/pd/tema1/new/results/ml_samples/N4_sw0.22_x+1_i0049.h5
1,50,1.500000000e-01,1.000000000e+00,-2,9.308828552e-01,1.232383375e+00,1620267453,main,fall,1.321000000e+00,5.135560352e-02,4.928863384e-02,1.577157241e-03,,false,0,4.110976030e+01,/mnt/pd/tema1/new/results/ml_samples/N1_sw0.15_x-2_i0013.h5
1,50,1.500000000e-01,1.000000000e+00,-2,9.308828552e-01,1.232383375e+00,1754345792,main,fall,1.191000000e+00,5.880409736e-02,4.509972931e-02,2.026890185e-03,,false,0,3.798010088e+01,/mnt/pd/tema1/new/results/ml_samples/N1_sw0.15_x-2_i0019.h5
1,50,1.500000000e-01,1.000000000e+00,-2,9.308828552e-01,1.232383375e+00,368818342,main,fall,2.601000000e+00,3.151309760e-02,4.708716404e-02,1.248155926e-03,,false,0,7.554766394e+01,/mnt/pd/tema1/new/results/ml_samples/N1_sw0.15_x-2_i0007.h5
1,50,1.500000000e-01,1.000000000e+00,-2,9.308828552e-01,1.232383375e+00,424536990,main,fall,3.201000000e+00,2.681513590e-02,2.809051556e-02,1.329984639e-03,,false,0,9.265431722e+01,/mnt/pd/tema1/new/results/ml_samples/N1_sw0.15_x-2_i0009.h5
1,50,1.500000000e-01,1.000000000e+00,-2,9.308828552e-01,1.232383375e+00,1766510176,main,fall,1.761000000e+00,3.868057500e-02,3.578094145e-02,1.798115411e-03,,false,0,5.303210026e+01,/mnt/pd/tema1/new/results/ml_samples/N1_sw0.15_x-2_i0025.h5
1,50,1.500000000e-01,1.000000000e+00,-2,9.308828552e-01,1.232383375e+00,1067263217,main,fall,2.661000000e+00,3.689301129e-02,4.838942138e-02,1.585414324e-03,,false,0,7.678047022e+01,/mnt/pd/tema1/new/results/ml_samples/N1_sw0.15_x-2_i0027.h5
4,50,2.200000000e-01,1.000000000e+00,-1,8.089044787e-01,2.677244580e-01,1709217921,gen_sigma,fall,2.131100000e+01,1.554514755e-01,4.196450435e-02,1.170170979e-01,2.275178439e+01,false,0,2.948658201e+03,/mnt/pd/tema1/new/results/ml_samples/N4_sw0.22_x-1_i0041.h5
1,50,1.500000000e-01,1.000000000e+00,-2,9.308828552e-01,1.232383375e+00,155043110,main,fall,4.251000000e+00,3.527047025e-02,3.614683207e-02,1.497795985e-03,,false,0,1.206565252e+02,/mnt/pd/tema1/new/results/ml_samples/N1_sw0.15_x-2_i0021.h5
1,50,1.500000000e-01,1.000000000e+00,-2,9.308828552e-01,1.232383375e+00,2033678784,main,fall,2.271000000e+00,4.220244856e-02,5.508407784e-02,1.905000645e-03,,false,0,6.727843805e+01,/mnt/pd/tema1/new/results/ml_samples/N1_sw0.15_x-2_i0035.h5
1,50,1.500000000e-01,1.000000000e+00,-2,9.308828552e-01,1.232383375e+00,1964335496,main,fall,4.771000000e+00,2.331001168e-02,3.442198844e-02,1.335942508e-03,,false,0,1.342139930e+02,/mnt/pd/tema1/new/results/ml_samples/N1_sw0.15_x-2_i0023.h5
4,50,2.200000000e-01,1.000000000e+00,1,1.191095521e+00,3.942188618e-01,992534760,gen_sigma,rise,5.951000000e+00,1.562721154e-01,2.541231551e-02,1.105091237e-01,9.975327422e+01,false,0,8.216748451e+02,/mnt/pd/tema1/new/results/ml_samples/N4_sw0.22_x+1_i0045.h5
1,50,1.500000000e-01,1.000000000e+00,-2,9.308828552e-01,1.232383375e+00,282064048,main,fall,6.171000000e+00,2.696538300e-02,3.435783637e-02,1.401224792e-03,,false,0,1.732335832e+02,/mnt/pd/tema1/new/results/ml_samples/N1_sw0.15_x-2_i0017.h5
1,50,1.500000000e-01,1.000000000e+00,-2,9.308828552e-01,1.232383375e+00,442851698,main,fall,4.141000000e+00,3.181785517e-02,3.921486037e-02,1.086684173e-03,,false,0,1.162623981e+02,/mnt/pd/tema1/new/results/ml_samples/N1_sw0.15_x-2_i0033.h5
1,50,1.500000000e-01,1.000000000e+00,-2,9.308828552e-01,1.232383375e+00,263193319,main,fall,1.551000000e+00,5.345359687e-02,6.095613085e-02,1.276493158e-03,,false,0,4.845255930e+01,/mnt/pd/tema1/new/results/ml_samples/N1_sw0.15_x-2_i0041.h5
1,50,1.500000000e-01,1.000000000e+00,-2,9.308828552e-01,1.232383375e+00,806273640,main,fall,6.761000000e+00,2.385966268e-02,2.361887149e-02,1.224949099e-03,,false,0,1.874463008e+02,/mnt/pd/tema1/new/results/ml_samples/N1_sw0.15_x-2_i0015.h5
1,50,1.500000000e-01,1.000000000e+00,-2,9.308828552e-01,1.232383375e+00,391443077,main,fall,3.781000000e+00,2.846528800e-02,3.504911184e-02,1.204222213e-03,,false,0,1.078960359e+02,/mnt/pd/tema1/new/results/ml_samples/N1_sw0.15_x-2_i0037.h5
1,50,1.500000000e-01,1.000000000e+00,-2,9.308828552e-01,1.232383375e+00,1671150068,main,fall,2.301000000e+00,3.758248663e-02,5.704519078e-02,1.298166616e-03,,false,0,6.927481909e+01,/mnt/pd/tema1/new/results/ml_samples/N1_sw0.15_x-2_i0043.h5
1,50,1.500000000e-01,1.000000000e+00,-2,9.308828552e-01,1.232383375e+00,1246627163,main,fall,3.451000000e+00,3.327523115e-02,2.767909302e-02,1.683440305e-03,,false,0,9.809828822e+01,/mnt/pd/tema1/new/results/ml_samples/N1_sw0.15_x-2_i0039.h5
1,50,1.500000000e-01,1.000000000e+00,-2,9.308828552e-01,1.232383375e+00,396594533,main,fall,2.271000000e+00,3.713941667e-02,4.567110659e-02,1.472045552e-03,,false,0,6.690439601e+01,/mnt/pd/tema1/new/results/ml_samples/N1_sw0.15_x-2_i0045.h5
1,50,1.500000000e-01,1.000000000e+00,-2,9.308828552e-01,1.232383375e+00,1602183958,main,fall,8.041000000e+00,2.240155476e-02,2.929479755e-02,1.287812283e-03,,false,0,2.226519522e+02,/mnt/pd/tema1/new/results/ml_samples/N1_sw0.15_x-2_i0011.h5
1,50,1.500000000e-01,1.000000000e+00,-2,9.308828552e-01,1.232383375e+00,1467938155,main,fall,1.941000000e+00,5.135885469e-02,5.769526633e-02,1.985042251e-03,,false,0,5.846752597e+01,/mnt/pd/tema1/new/results/ml_samples/N1_sw0.15_x-2_i0053.h5
1,50,1.500000000e-01,1.000000000e+00,-2,9.308828552e-01,1.232383375e+00,1612646940,main,fall,1.981000000e+00,4.612589721e-02,5.773727186e-02,1.349446256e-03,,false,0,6.006933873e+01,/mnt/pd/tema1/new/results/ml_samples/N1_sw0.15_x-2_i0055.h5
1,50,1.500000000e-01,1.000000000e+00,-2,9.308828552e-01,1.232383375e+00,696554397,main,fall,1.981000000e+00,5.202244632e-02,6.052728920e-02,1.973852274e-03,,false,0,5.983403461e+01,/mnt/pd/tema1/new/results/ml_samples/N1_sw0.15_x-2_i0057.h5
4,50,2.200000000e-01,1.000000000e+00,1,1.191095521e+00,3.942188618e-01,1134963669,gen_sigma,rise,9.141000000e+00,1.624121874e-01,2.643519703e-02,1.050945148e-01,9.975327422e+01,false,0,1.269665304e+03,/mnt/pd/tema1/new/results/ml_samples/N4_sw0.22_x+1_i0033.h5
1,50,1.500000000e-01,1.000000000e+00,-2,9.308828552e-01,1.232383375e+00,1446847027,main,fall,1.931000000e+00,3.625751415e-02,4.517555715e-02,1.167528599e-03,,false,0,5.841883275e+01,/mnt/pd/tema1/new/results/ml_samples/N1_sw0.15_x-2_i0059.h5
1,50,1.500000000e-01,1.000000000e+00,-2,9.308828552e-01,1.232383375e+00,337218681,main,fall,3.791000000e+00,3.237998711e-02,4.428088798e-02,1.593356757e-03,,false,0,1.094262656e+02,/mnt/pd/tema1/new/results/ml_samples/N1_sw0.15_x-2_i0047.h5
1,50,1.500000000e-01,1.000000000e+00,-2,9.308828552e-01,1.232383375e+00,751663270,main,fall,3.971000000e+00,2.916457860e-02,4.503765613e-02,1.419055363e-03,,false,0,1.138228024e+02,/mnt/pd/tema1/new/results/ml_samples/N1_sw0.15_x-2_i0049.h5
4,50,2.200000000e-01,1.000000000e+00,1,1.191095521e+00,3.942188618e-01,113988933,gen_sigma,rise,1.150100000e+01,1.455453715e-01,2.152102629e-02,1.100156514e-01,9.975327422e+01,false,0,1.602831422e+03,/mnt/pd/tema1/new/results/ml_samples/N4_sw0.22_x+1_i0019.h5
1,50,1.500000000e-01,1.000000000e+00,-2,9.308828552e-01,1.232383375e+00,623300810,main,fall,2.501000000e+00,4.285129843e-02,4.365068988e-02,1.761631722e-03,,false,0,7.321335361e+01,/mnt/pd/tema1/new/results/ml_samples/N1_sw0.15_x-2_i0063.h5
1,50,1.500000000e-01,1.000000000e+00,-2,9.308828552e-01,1.232383375e+00,1614953485,main,fall,2.661000000e+00,3.438099704e-02,5.217777843e-02,1.164649352e-03,,false,0,7.763153367e+01,/mnt/pd/tema1/new/results/ml_samples/N1_sw0.15_x-2_i0061.h5
1,50,1.500000000e-01,1.000000000e+00,-2,9.308828552e-01,1.232383375e+00,1222864144,main,fall,2.661000000e+00,3.225702019e-02,3.660540034e-02,1.479844728e-03,,false,0,7.741204391e+01,/mnt/pd/tema1/new/results/ml_samples/N1_sw0.15_x-2_i0065.h5
1,50,1.500000000e-01,1.000000000e+00,-2,9.308828552e-01,1.232383375e+00,2131157792,main,fall,2.031000000e+00,4.472860773e-02,6.133278473e-02,1.550315300e-03,,false,0,6.076565013e+01,/mnt/pd/tema1/new/results/ml_samples/N1_sw0.15_x-2_i0071.h5
1,50,1.500000000e-01,1.000000000e+00,-2,9.308828552e-01,1.232383375e+00,1765175643,main,fall,4.541000000e+00,2.903364474e-02,3.716229202e-02,1.210261176e-03,,false,0,1.298665663e+02,/mnt/pd/tema1/new/results/ml_samples/N1_sw0.15_x-2_i0051.h5
1,50,1.500000000e-01,1.000000000e+00,-2,9.308828552e-01,1.232383375e+00,991776498,main,fall,3.421000000e+00,3.040418830e-02,3.431062921e-02,1.262318864e-03,,false,0,9.815768139e+01,/mnt/pd/tema1/new/results/ml_samples/N1_sw0.15_x-2_i0067.h5
4,50,2.200000000e-01,1.000000000e+00,0,1.000000000e+00,3.309716599e-01,1406531312,gen_sigma,fall,1.663100000e+01,1.421551022e-01,2.759505471e-02,1.124694036e-01,5.624636711e+01,false,0,2.340468637e+03,/mnt/pd/tema1/new/results/ml_samples/N4_sw0.22_x+0_i0043.h5
1,50,1.500000000e-01,1.000000000e+00,-2,9.308828552e-01,1.232383375e+00,82098097,main,fall,2.261000000e+00,3.718367014e-02,4.728211650e-02,1.483911616e-03,,false,0,6.678639312e+01,/mnt/pd/tema1/new/results/ml_samples/N1_sw0.15_x-2_i0081.h5
1,50,1.500000000e-01,1.000000000e+00,-2,9.308828552e-01,1.232383375e+00,1463957332,main,fall,2.841000000e+00,3.699467728e-02,5.268961563e-02,1.491536960e-03,,false,0,8.223782214e+01,/mnt/pd/tema1/new/results/ml_samples/N1_sw0.15_x-2_i0077.h5
1,50,1.500000000e-01,1.000000000e+00,-2,9.308828552e-01,1.232383375e+00,1771745086,main,fall,1.021100000e+01,2.522417880e-02,2.818114045e-02,1.302197784e-03,,false,0,2.844756753e+02,/mnt/pd/tema1/new/results/ml_samples/N1_sw0.15_x-2_i0031.h5
4,50,2.200000000e-01,1.000000000e+00,1,1.191095521e+00,3.942188618e-01,186683235,gen_sigma,rise,9.601000000e+00,1.546530907e-01,2.202775105e-02,1.072765975e-01,9.975327422e+01,false,0,1.328734761e+03,/mnt/pd/tema1/new/results/ml_samples/N4_sw0.22_x+1_i0035.h5
1,50,1.500000000e-01,1.000000000e+00,-2,9.308828552e-01,1.232383375e+00,585250121,main,fall,3.641000000e+00,3.242375465e-02,4.412422823e-02,1.204564262e-03,,false,0,1.038804260e+02,/mnt/pd/tema1/new/results/ml_samples/N1_sw0.15_x-2_i0073.h5
1,50,1.500000000e-01,1.000000000e+00,-2,9.308828552e-01,1.232383375e+00,1780847213,main,fall,4.131000000e+00,3.148698069e-02,3.660936303e-02,1.321057846e-03,,false,0,1.187949628e+02,/mnt/pd/tema1/new/results/ml_samples/N1_sw0.15_x-2_i0075.h5
1,50,1.500000000e-01,1.000000000e+00,-2,9.308828552e-01,1.232383375e+00,388003537,main,fall,1.601000000e+00,5.457125005e-02,6.642134245e-02,1.779585047e-03,,false,0,5.032592819e+01,/mnt/pd/tema1/new/results/ml_samples/N1_sw0.15_x-2_i0095.h5
1,50,1.500000000e-01,1.000000000e+00,-2,9.308828552e-01,1.232383375e+00,266529494,main,fall,2.931000000e+00,3.358355560e-02,2.982724083e-02,1.428289545e-03,,false,0,8.463560621e+01,/mnt/pd/tema1/new/results/ml_samples/N1_sw0.15_x-2_i0085.h5
1,50,1.500000000e-01,1.000000000e+00,-2,9.308828552e-01,1.232383375e+00,427421823,main,fall,2.521000000e+00,4.562239391e-02,4.780861943e-02,1.206482532e-03,,false,0,7.547126666e+01,/mnt/pd/tema1/new/results/ml_samples/N1_sw0.15_x-2_i0089.h5
1,50,1.500000000e-01,1.000000000e+00,-2,9.308828552e-01,1.232383375e+00,1830037010,main,fall,1.521000000e+00,4.221144051e-02,5.197990113e-02,1.436346867e-03,,false,0,4.753851239e+01,/mnt/pd/tema1/new/results/ml_samples/N1_sw0.15_x-2_i0099.h5
1,50,1.500000000e-01,1.000000000e+00,-2,9.308828552e-01,1.232383375e+00,893642082,main,fall,2.601000000e+00,3.043615469e-02,3.976975037e-02,1.384144853e-03,,false,0,7.662835740e+01,/mnt/pd/tema1/new/results/ml_samples/N1_sw0.15_x-2_i0093.h5
1,50,1.500000000e-01,1.000000000e+00,-2,9.308828552e-01,1.232383375e+00,2127935322,main,fall,3.511000000e+00,2.702501205e-02,3.952247340e-02,1.050097030e-03,,false,0,1.012721830e+02,/mnt/pd/tema1/new/results/ml_samples/N1_sw0.15_x-2_i0087.h5
1,50,1.500000000e-01,1.000000000e+00,-2,9.308828552e-01,1.232383375e+00,2098435293,main,fall,5.371000000e+00,2.788911567e-02,2.764317181e-02,1.806614339e-03,,false,0,1.517036954e+02,/mnt/pd/tema1/new/results/ml_samples/N1_sw0.15_x-2_i0069.h5
1,50,1.500000000e-01,1.000000000e+00,-1,9.654414276e-01,1.278135007e+00,752357750,main,fall,2.481000000e+00,3.056534192e-02,4.637186557e-02,1.372516462e-03,,false,0,7.360671619e+01,/mnt/pd/tema1/new/results/ml_samples/N1_sw0.15_x-1_i0007.h5
4,50,2.200000000e-01,1.000000000e+00,1,1.191095521e+00,3.942188618e-01,877438944,gen_sigma,rise,1.355100000e+01,1.500653690e-01,1.855865802e-02,1.063854592e-01,9.975327422e+01,false,0,1.955108621e+03,/mnt/pd/tema1/new/results/ml_samples/N4_sw0.22_x+1_i0009.h5
1,50,1.500000000e-01,1.000000000e+00,-1,9.654414276e-01,1.278135007e+00,1199096998,main,fall,3.941000000e+00,2.210251831e-02,3.254294024e-02,1.092025999e-03,,false,0,1.126666094e+02,/mnt/pd/tema1/new/results/ml_samples/N1_sw0.15_x-1_i0003.h5
4,50,2.200000000e-01,1.000000000e+00,1,1.191095521e+00,3.942188618e-01,1640504176,gen_sigma,rise,7.131000000e+00,1.528138683e-01,1.682101802e-02,1.023360250e-01,9.975327422e+01,false,0,1.057528310e+03,/mnt/pd/tema1/new/results/ml_samples/N4_sw0.22_x+1_i0047.h5
1,50,1.500000000e-01,1.000000000e+00,-1,9.654414276e-01,1.278135007e+00,106528094,main,fall,2.611000000e+00,2.917631853e-02,3.453628048e-02,1.176096394e-03,,false,0,7.675285346e+01,/mnt/pd/tema1/new/results/ml_samples/N1_sw0.15_x-1_i0021.h5
1,50,1.500000000e-01,1.000000000e+00,-2,9.308828552e-01,1.232383375e+00,2086552505,main,fall,5.961000000e+00,2.450351994e-02,3.454940547e-02,1.186306203e-03,,false,0,1.667455873e+02,/mnt/pd/tema1/new/results/ml_samples/N1_sw0.15_x-2_i0091.h5
1,50,1.500000000e-01,1.000000000e+00,-2,9.308828552e-01,1.232383375e+00,1705127090,main,fall,8.541000000e+00,2.993413816e-02,3.246669624e-02,1.413710109e-03,,false,0,2.365252051e+02,/mnt/pd/tema1/new/results/ml_samples/N1_sw0.15_x-2_i0079.h5
1,50,1.500000000e-01,1.000000000e+00,-1,9.654414276e-01,1.278135007e+00,781177167,main,fall,4.151000000e+00,2.922341486e-02,2.929585572e-02,1.300340138e-03,,false,0,1.162073244e+02,/mnt/pd/tema1/new/results/ml_samples/N1_sw0.15_x-1_i0019.h5
1,50,1.500000000e-01,1.000000000e+00,-2,9.308828552e-01,1.232383375e+00,1608630532,main,fall,1.779100000e+01,2.552336091e-02,2.131603691e-02,1.329434159e-03,,false,0,4.840606677e+02,/mnt/pd/tema1/new/results/ml_samples/N1_sw0.15_x-2_i0029.h5
1,50,1.500000000e-01,1.000000000e+00,-1,9.654414276e-01,1.278135007e+00,1360679050,main,fall,5.601000000e+00,1.920124645e-02,2.379896086e-02,1.087498618e-03,,false,0,1.569662674e+02,/mnt/pd/tema1/new/results/ml_samples/N1_sw0.15_x-1_i0023.h5
4,50,2.200000000e-01,1.000000000e+00,1,1.191095521e+00,3.942188618e-01,1673381186,gen_sigma,rise,1.275100000e+01,1.458368642e-01,1.683634458e-02,1.146534616e-01,9.975327422e+01,false,0,1.711750719e+03,/mnt/pd/tema1/new/results/ml_samples/N4_sw0.22_x+1_i0025.h5
1,50,1.500000000e-01,1.000000000e+00,-1,9.654414276e-01,1.278135007e+00,2055410707,main,fall,7.031000000e+00,2.224638070e-02,2.378762866e-02,1.082357749e-03,,false,0,1.946187442e+02,/mnt/pd/tema1/new/results/ml_samples/N1_sw0.15_x-1_i0013.h5
1,50,1.500000000e-01,1.000000000e+00,-1,9.654414276e-01,1.278135007e+00,1602784862,main,fall,3.431000000e+00,2.654740210e-02,3.906369119e-02,1.081483794e-03,,false,0,9.807623402e+01,/mnt/pd/tema1/new/results/ml_samples/N1_sw0.15_x-1_i0035.h5
1,50,1.500000000e-01,1.000000000e+00,-1,9.654414276e-01,1.278135007e+00,957080413,main,fall,8.551000000e+00,2.606088173e-02,2.927603847e-02,1.275356952e-03,,false,0,2.361138694e+02,/mnt/pd/tema1/new/results/ml_samples/N1_sw0.15_x-1_i0009.h5
1,50,1.500000000e-01,1.000000000e+00,-1,9.654414276e-01,1.278135007e+00,933320799,main,fall,9.481000000e+00,2.000852430e-02,2.345195085e-02,1.026527200e-03,,false,0,2.600410244e+02,/mnt/pd/tema1/new/results/ml_samples/N1_sw0.15_x-1_i0005.h5
1,50,1.500000000e-01,1.000000000e+00,-2,9.308828552e-01,1.232383375e+00,236233304,main,fall,1.227100000e+01,1.962343050e-02,2.478242056e-02,1.174388502e-03,,false,0,3.379052516e+02,/mnt/pd/tema1/new/results/ml_samples/N1_sw0.15_x-2_i0083.h5
1,50,1.500000000e-01,1.000000000e+00,-1,9.654414276e-01,1.278135007e+00,1787962586,main,fall,9.081000000e+00,2.012667078e-02,2.604223030e-02,1.061677054e-03,,false,0,2.508637676e+02,/mnt/pd/tema1/new/results/ml_samples/N1_sw0.15_x-1_i0015.h5
1,50,1.500000000e-01,1.000000000e+00,-1,9.654414276e-01,1.278135007e+00,1836081360,main,fall,6.621000000e+00,2.428846440e-02,2.472698099e-02,1.423397186e-03,,false,0,1.834636162e+02,/mnt/pd/tema1/new/results/ml_samples/N1_sw0.15_x-1_i0031.h5
1,50,1.500000000e-01,1.000000000e+00,-1,9.654414276e-01,1.278135007e+00,751068265,main,fall,3.061000000e+00,3.317525700e-02,5.375096480e-02,1.140581168e-03,,false,0,8.935552819e+01,/mnt/pd/tema1/new/results/ml_samples/N1_sw0.15_x-1_i0043.h5
1,50,1.500000000e-01,1.000000000e+00,-1,9.654414276e-01,1.278135007e+00,1000839751,main,fall,3.671000000e+00,2.485276023e-02,2.884195821e-02,1.037513416e-03,,false,0,1.049238652e+02,/mnt/pd/tema1/new/results/ml_samples/N1_sw0.15_x-1_i0045.h5
1,50,1.500000000e-01,1.000000000e+00,-1,9.654414276e-01,1.278135007e+00,1021253614,main,fall,3.301000000e+00,3.348905308e-02,3.336080421e-02,1.721492974e-03,,false,0,9.507142905e+01,/mnt/pd/tema1/new/results/ml_samples/N1_sw0.15_x-1_i0047.h5
1,50,1.500000000e-01,1.000000000e+00,-1,9.654414276e-01,1.278135007e+00,780590710,main,fall,2.451000000e+00,3.351201641e-02,4.193564577e-02,1.296656649e-03,,false,0,7.175684120e+01,/mnt/pd/tema1/new/results/ml_samples/N1_sw0.15_x-1_i0057.h5
1,50,1.500000000e-01,1.000000000e+00,-1,9.654414276e-01,1.278135007e+00,34775939,main,fall,1.841000000e+00,4.586753941e-02,5.704599653e-02,1.144185826e-03,,false,0,5.679116022e+01,/mnt/pd/tema1/new/results/ml_samples/N1_sw0.15_x-1_i0061.h5
1,50,1.500000000e-01,1.000000000e+00,-1,9.654414276e-01,1.278135007e+00,893938612,main,fall,1.201100000e+01,2.401345283e-02,2.552442036e-02,1.186761349e-03,,false,0,3.294135417e+02,/mnt/pd/tema1/new/results/ml_samples/N1_sw0.15_x-1_i0017.h5
1,50,1.500000000e-01,1.000000000e+00,-2,9.308828552e-01,1.232383375e+00,1398142823,main,fall,1.416100000e+01,1.755420966e-02,2.469239750e-02,1.062289979e-03,,false,0,3.862312846e+02,/mnt/pd/tema1/new/results/ml_samples/N1_sw0.15_x-2_i0097.h5
1,50,1.500000000e-01,1.000000000e+00,-1,9.654414276e-01,1.278135007e+00,1382113995,main,fall,7.851000000e+00,2.735048908e-02,3.016948553e-02,1.026034754e-03,,false,0,2.176183747e+02,/mnt/pd/tema1/new/results/ml_samples/N1_sw0.15_x-1_i0039.h5
1,50,1.500000000e-01,1.000000000e+00,-1,9.654414276e-01,1.278135007e+00,698022980,main,fall,1.941000000e+00,3.552918086e-02,4.949327609e-02,9.785946508e-04,,false,0,5.818421925e+01,/mnt/pd/tema1/new/results/ml_samples/N1_sw0.15_x-1_i0065.h5
1,50,1.500000000e-01,1.000000000e+00,-1,9.654414276e-01,1.278135007e+00,1667670599,main,fall,5.851000000e+00,2.339376516e-02,2.484668118e-02,1.402331409e-03,,false,0,1.629085012e+02,/mnt/pd/tema1/new/results/ml_samples/N1_sw0.15_x-1_i0049.h5
1,50,1.500000000e-01,1.000000000e+00,-1,9.654414276e-01,1.278135007e+00,1697165041,main,rise,1.007100000e+01,2.816007848e-02,2.382979524e-02,1.165710698e-03,,false,0,2.776559285e+02,/mnt/pd/tema1/new/results/ml_samples/N1_sw0.15_x-1_i0033.h5
1,50,1.500000000e-01,1.000000000e+00,-1,9.654414276e-01,1.278135007e+00,1584824499,main,fall,3.441000000e+00,3.232529480e-02,3.160504301e-02,1.288916220e-03,,false,0,9.912419105e+01,/mnt/pd/tema1/new/results/ml_samples/N1_sw0.15_x-1_i0063.h5
1,50,1.500000000e-01,1.000000000e+00,-1,9.654414276e-01,1.278135007e+00,1410629291,main,fall,6.021000000e+00,2.841406017e-02,3.869277131e-02,1.113388730e-03,,false,0,1.678376943e+02,/mnt/pd/tema1/new/results/ml_samples/N1_sw0.15_x-1_i0053.h5
1,50,1.500000000e-01,1.000000000e+00,-1,9.654414276e-01,1.278135007e+00,683206242,main,fall,3.051000000e+00,2.758228767e-02,4.297840266e-02,1.038265883e-03,,false,0,8.885906078e+01,/mnt/pd/tema1/new/results/ml_samples/N1_sw0.15_x-1_i0069.h5
1,50,1.500000000e-01,1.000000000e+00,-1,9.654414276e-01,1.278135007e+00,31334316,main,fall,9.971000000e+00,2.276953322e-02,2.086453018e-02,1.279344398e-03,,false,0,2.751121714e+02,/mnt/pd/tema1/new/results/ml_samples/N1_sw0.15_x-1_i0041.h5
1,50,1.500000000e-01,1.000000000e+00,-1,9.654414276e-01,1.278135007e+00,1223710856,main,fall,1.277100000e+01,2.320218705e-02,2.466609153e-02,1.264061470e-03,,false,0,3.494452359e+02,/mnt/pd/tema1/new/results/ml_samples/N1_sw0.15_x-1_i0029.h5
1,50,1.500000000e-01,1.000000000e+00,-1,9.654414276e-01,1.278135007e+00,1189613934,main,fall,2.941000000e+00,2.953439206e-02,4.728830466e-02,1.387845928e-03,,false,0,8.517347594e+01,/mnt/pd/tema1/new/results/ml_samples/N1_sw0.15_x-1_i0079.h5
1,50,1.500000000e-01,1.000000000e+00,-1,9.654414276e-01,1.278135007e+00,1359987220,main,fall,1.331000000e+00,5.679134461e-02,6.009974618e-02,1.274001773e-03,,false,0,4.157449862e+01,/mnt/pd/tema1/new/results/ml_samples/N1_sw0.15_x-1_i0091.h5
1,50,1.500000000e-01,1.000000000e+00,-1,9.654414276e-01,1.278135007e+00,619307653,main,fall,1.489100000e+01,1.975946677e-02,2.204909838e-02,1.038197546e-03,,false,0,4.074366653e+02,/mnt/pd/tema1/new/results/ml_samples/N1_sw0.15_x-1_i0027.h5
1,50,1.500000000e-01,1.000000000e+00,-1,9.654414276e-01,1.278135007e+00,556058902,main,fall,1.884100000e+01,1.920881660e-02,1.610772167e-02,9.996394854e-04,,false,0,5.110208530e+02,/mnt/pd/tema1/new/results/ml_samples/N1_sw0.15_x-1_i0001.h5
1,50,1.500000000e-01,1.000000000e+00,-2,9.308828552e-01,1.232383375e+00,64804269,main,fall,3.246100000e+01,1.867547754e-02,1.684372263e-02,1.102644034e-03,,false,0,8.789529150e+02,/mnt/pd/tema1/new/results/ml_samples/N1_sw0.15_x-2_i0005.h5
1,50,1.500000000e-01,1.000000000e+00,-1,9.654414276e-01,1.278135007e+00,757172657,main,fall,5.621000000e+00,2.418553341e-02,2.621360657e-02,9.885107741e-04,,false,0,1.567393393e+02,/mnt/pd/tema1/new/results/ml_samples/N1_sw0.15_x-1_i0073.h5
1,50,1.500000000e-01,1.000000000e+00,-1,9.654414276e-01,1.278135007e+00,1615586890,main,fall,3.051000000e+00,3.136869788e-02,3.073759867e-02,1.582615410e-03,,false,0,8.834986548e+01,/mnt/pd/tema1/new/results/ml_samples/N1_sw0.15_x-1_i0087.h5
1,50,1.500000000e-01,1.000000000e+00,-1,9.654414276e-01,1.278135007e+00,1225199507,main,fall,1.921000000e+00,4.163763896e-02,5.543805826e-02,1.392992221e-03,,false,0,5.705459160e+01,/mnt/pd/tema1/new/results/ml_samples/N1_sw0.15_x-1_i0099.h5
1,50,1.500000000e-01,1.000000000e+00,-1,9.654414276e-01,1.278135007e+00,1346166921,main,fall,2.061000000e+00,3.977679788e-02,5.324005571e-02,1.426431717e-03,,false,0,6.117749784e+01,/mnt/pd/tema1/new/results/ml_samples/N1_sw0.15_x-1_i0095.h5
1,50,1.500000000e-01,1.000000000e+00,-1,9.654414276e-01,1.278135007e+00,1400150994,main,fall,8.091000000e+00,2.618036201e-02,2.146521878e-02,1.103406005e-03,,false,0,2.234488336e+02,/mnt/pd/tema1/new/results/ml_samples/N1_sw0.15_x-1_i0071.h5
1,50,1.500000000e-01,1.000000000e+00,-1,9.654414276e-01,1.278135007e+00,1620502148,main,fall,1.127100000e+01,1.788122115e-02,2.263220079e-02,9.523692850e-04,,false,0,3.085643138e+02,/mnt/pd/tema1/new/results/ml_samples/N1_sw0.15_x-1_i0059.h5
1,50,1.500000000e-01,1.000000000e+00,-1,9.654414276e-01,1.278135007e+00,1845096560,main,fall,2.801000000e+00,2.719369644e-02,3.183321646e-02,1.632726821e-03,,false,0,8.171173336e+01,/mnt/pd/tema1/new/results/ml_samples/N1_sw0.15_x-1_i0105.h5
1,50,1.500000000e-01,1.000000000e+00,-1,9.654414276e-01,1.278135007e+00,557797554,main,fall,7.041000000e+00,1.988768533e-02,3.225648312e-02,8.709608178e-04,,false,0,1.947806333e+02,/mnt/pd/tema1/new/results/ml_samples/N1_sw0.15_x-1_i0085.h5
1,50,1.500000000e-01,1.000000000e+00,-1,9.654414276e-01,1.278135007e+00,546540360,main,fall,2.471000000e+00,3.393732814e-02,4.999661205e-02,1.143866148e-03,,false,0,7.281777819e+01,/mnt/pd/tema1/new/results/ml_samples/N1_sw0.15_x-1_i0107.h5
1,50,1.500000000e-01,1.000000000e+00,-1,9.654414276e-01,1.278135007e+00,176055871,main,fall,9.801000000e+00,2.190885518e-02,1.985793929e-02,1.068846506e-03,,false,0,2.721037983e+02,/mnt/pd/tema1/new/results/ml_samples/N1_sw0.15_x-1_i0083.h5
1,50,1.500000000e-01,1.000000000e+00,-1,9.654414276e-01,1.278135007e+00,80161779,main,fall,1.969100000e+01,1.887376500e-02,2.180127931e-02,1.073356075e-03,,false,0,5.369347328e+02,/mnt/pd/tema1/new/results/ml_samples/N1_sw0.15_x-1_i0037.h5
1,50,1.500000000e-01,1.000000000e+00,-1,9.654414276e-01,1.278135007e+00,927042757,main,fall,2.468100000e+01,2.105873117e-02,1.828397097e-02,1.095595447e-03,,false,0,6.682533248e+02,/mnt/pd/tema1/new/results/ml_samples/N1_sw0.15_x-1_i0011.h5
1,50,1.500000000e-01,1.000000000e+00,-1,9.654414276e-01,1.278135007e+00,1314421402,main,fall,7.971000000e+00,2.089156263e-02,3.105997297e-02,1.156233931e-03,,false,0,2.211862003e+02,/mnt/pd/tema1/new/results/ml_samples/N1_sw0.15_x-1_i0097.h5
1,50,1.500000000e-01,1.000000000e+00,-1,9.654414276e-01,1.278135007e+00,567612183,main,fall,3.491000000e+00,2.970907191e-02,2.879917700e-02,1.941932445e-03,,false,0,9.935994354e+01,/mnt/pd/tema1/new/results/ml_samples/N1_sw0.15_x-1_i0117.h5
1,50,1.500000000e-01,1.000000000e+00,-1,9.654414276e-01,1.278135007e+00,852678323,main,fall,4.501000000e+00,2.326470340e-02,3.980388953e-02,1.121082006e-03,,false,0,1.272486548e+02,/mnt/pd/tema1/new/results/ml_samples/N1_sw0.15_x-1_i0113.h5
1,50,1.500000000e-01,1.000000000e+00,-1,9.654414276e-01,1.278135007e+00,864863981,main,fall,7.671000000e+00,2.394259031e-02,2.795738216e-02,1.324326508e-03,,false,0,2.121973321e+02,/mnt/pd/tema1/new/results/ml_samples/N1_sw0.15_x-1_i0101.h5
1,50,1.500000000e-01,1.000000000e+00,-1,9.654414276e-01,1.278135007e+00,283852106,main,fall,6.291000000e+00,1.703595931e-02,3.387143131e-02,1.024422305e-03,,false,0,1.759929417e+02,/mnt/pd/tema1/new/results/ml_samples/N1_sw0.15_x-1_i0109.h5
1,50,1.500000000e-01,1.000000000e+00,-1,9.654414276e-01,1.278135007e+00,1949762061,main,fall,2.447100000e+01,1.926840374e-02,1.992855108e-02,1.100616995e-03,,false,0,6.697483904e+02,/mnt/pd/tema1/new/results/ml_samples/N1_sw0.15_x-1_i0025.h5
1,50,1.500000000e-01,1.000000000e+00,-1,9.654414276e-01,1.278135007e+00,31221175,main,fall,6.041000000e+00,1.898781132e-02,2.580946500e-02,9.922531047e-04,,false,0,1.687534078e+02,/mnt/pd/tema1/new/results/ml_samples/N1_sw0.15_x-1_i0111.h5
1,50,1.500000000e-01,1.000000000e+00,-1,9.654414276e-01,1.278135007e+00,356365210,main,fall,3.281000000e+00,3.071834955e-02,4.487993830e-02,1.198891676e-03,,false,0,9.489384268e+01,/mnt/pd/tema1/new/results/ml_samples/N1_sw0.15_x-1_i0121.h5
1,50,1.500000000e-01,1.000000000e+00,-1,9.654414276e-01,1.278135007e+00,2052240674,main,fall,5.531000000e+00,1.890410352e-02,3.125867521e-02,9.330555225e-04,,false,0,1.554715130e+02,/mnt/pd/tema1/new/results/ml_samples/N1_sw0.15_x-1_i0119.h5
1,50,1.500000000e-01,1.000000000e+00,-1,9.654414276e-01,1.278135007e+00,1393454405,main,fall,3.031000000e+00,3.073611422e-02,4.217777468e-02,1.341875060e-03,,false,0,8.744260701e+01,/mnt/pd/tema1/new/results/ml_samples/N1_sw0.15_x-1_i0131.h5
1,50,1.500000000e-01,1.000000000e+00,-1,9.654414276e-01,1.278135007e+00,893703506,main,fall,4.061000000e+00,3.160438392e-02,3.730243461e-02,1.242434603e-03,,false,0,1.155549563e+02,/mnt/pd/tema1/new/results/ml_samples/N1_sw0.15_x-1_i0127.h5
1,50,1.500000000e-01,1.000000000e+00,-1,9.654414276e-01,1.278135007e+00,1184836988,main,fall,1.345100000e+01,2.500963507e-02,2.291996439e-02,1.202448171e-03,,false,0,3.688897223e+02,/mnt/pd/tema1/new/results/ml_samples/N1_sw0.15_x-1_i0093.h5
1,50,1.500000000e-01,1.000000000e+00,-1,9.654414276e-01,1.278135007e+00,22102419,main,fall,1.951000000e+00,4.466712497e-02,5.694209708e-02,1.613115567e-03,,false,0,5.942013278e+01,/mnt/pd/tema1/new/results/ml_samples/N1_sw0.15_x-1_i0143.h5
1,50,1.500000000e-01,1.000000000e+00,-1,9.654414276e-01,1.278135007e+00,981884880,main,fall,4.841000000e+00,2.966333382e-02,3.360911527e-02,1.409564838e-03,,false,0,1.366243661e+02,/mnt/pd/tema1/new/results/ml_samples/N1_sw0.15_x-1_i0137.h5
1,50,1.500000000e-01,1.000000000e+00,-1,9.654414276e-01,1.278135007e+00,856904979,main,rise,1.325100000e+01,2.200131497e-02,1.882698744e-02,9.372162224e-04,,false,0,3.621231466e+02,/mnt/pd/tema1/new/results/ml_samples/N1_sw0.15_x-1_i0103.h5
1,50,1.500000000e-01,1.000000000e+00,-1,9.654414276e-01,1.278135007e+00,1486087721,main,fall,1.606100000e+01,2.381232860e-02,1.884348290e-02,1.152986709e-03,,false,0,4.393258724e+02,/mnt/pd/tema1/new/results/ml_samples/N1_sw0.15_x-1_i0089.h5
1,50,1.500000000e-01,1.000000000e+00,-1,9.654414276e-01,1.278135007e+00,1716461101,main,fall,5.931000000e+00,2.026735126e-02,2.132359515e-02,1.362869077e-03,,false,0,1.654586249e+02,/mnt/pd/tema1/new/results/ml_samples/N1_sw0.15_x-1_i0135.h5
1,50,1.500000000e-01,1.000000000e+00,-1,9.654414276e-01,1.278135007e+00,26649571,main,fall,1.931100000e+01,1.601309709e-02,1.601522493e-02,1.184062924e-03,,false,0,5.295564132e+02,/mnt/pd/tema1/new/results/ml_samples/N1_sw0.15_x-1_i0075.h5
1,50,1.500000000e-01,1.000000000e+00,-1,9.654414276e-01,1.278135007e+00,721554111,main,fall,5.401000000e+00,2.328786875e-02,3.375680310e-02,1.412355865e-03,,false,0,1.523280623e+02,/mnt/pd/tema1/new/results/ml_samples/N1_sw0.15_x-1_i0141.h5
1,50,1.500000000e-01,1.000000000e+00,-1,9.654414276e-01,1.278135007e+00,821795965,main,fall,1.421000000e+00,4.410129289e-02,4.477300397e-02,1.230173232e-03,,false,0,4.338310801e+01,/mnt/pd/tema1/new/results/ml_samples/N1_sw0.15_x-1_i0155.h5
1,50,1.500000000e-01,1.000000000e+00,-1,9.654414276e-01,1.278135007e+00,628391038,main,fall,8.121000000e+00,2.415919626e-02,2.184294323e-02,1.381366700e-03,,false,0,2.228050607e+02,/mnt/pd/tema1/new/results/ml_samples/N1_sw0.15_x-1_i0133.h5
1,50,1.500000000e-01,1.000000000e+00,-1,9.654414276e-01,1.278135007e+00,1554679432,main,fall,2.471000000e+00,3.381712224e-02,4.859869711e-02,1.495967332e-03,,false,0,7.231795143e+01,/mnt/pd/tema1/new/results/ml_samples/N1_sw0.15_x-1_i0157.h5
4,50,2.200000000e-01,1.000000000e+00,0,1.000000000e+00,3.309716599e-01,493272829,gen_sigma,rise,2.704100000e+01,1.476162324e-01,4.089653352e-02,1.166387569e-01,6.176760971e+01,false,0,3.690866324e+03,/mnt/pd/tema1/new/results/ml_samples/N4_sw0.22_x+0_i0027.h5
1,50,1.500000000e-01,1.000000000e+00,-1,9.654414276e-01,1.278135007e+00,41590707,main,fall,2.364100000e+01,1.643180767e-02,1.803853932e-02,1.065852824e-03,,false,0,6.427559922e+02,/mnt/pd/tema1/new/results/ml_samples/N1_sw0.15_x-1_i0077.h5
1,50,1.500000000e-01,1.000000000e+00,-1,9.654414276e-01,1.278135007e+00,1893865486,main,fall,1.201100000e+01,2.130988359e-02,2.625220655e-02,1.183326473e-03,,false,0,3.322788071e+02,/mnt/pd/tema1/new/results/ml_samples/N1_sw0.15_x-1_i0123.h5
1,50,1.500000000e-01,1.000000000e+00,-1,9.654414276e-01,1.278135007e+00,577395358,main,fall,1.013100000e+01,2.242727142e-02,2.818390448e-02,1.164818724e-03,,false,0,2.793631284e+02,/mnt/pd/tema1/new/results/ml_samples/N1_sw0.15_x-1_i0139.h5
1,50,1.500000000e-01,1.000000000e+00,-1,9.654414276e-01,1.278135007e+00,861033405,main,fall,3.811000000e+00,3.344094991e-02,2.831765090e-02,1.953129875e-03,,false,0,1.091208929e+02,/mnt/pd/tema1/new/results/ml_samples/N1_sw0.15_x-1_i0163.h5
1,50,1.500000000e-01,1.000000000e+00,-1,9.654414276e-01,1.278135007e+00,975478216,main,fall,5.231000000e+00,2.638373180e-02,3.428460936e-02,1.187761350e-03,,false,0,1.462905113e+02,/mnt/pd/tema1/new/results/ml_samples/N1_sw0.15_x-1_i0159.h5
1,50,1.500000000e-01,1.000000000e+00,-1,9.654414276e-01,1.278135007e+00,553897077,main,fall,1.423100000e+01,1.862505720e-02,2.141294137e-02,1.169969751e-03,,false,0,3.914746845e+02,/mnt/pd/tema1/new/results/ml_samples/N1_sw0.15_x-1_i0125.h5
1,50,1.500000000e-01,1.000000000e+00,-1,9.654414276e-01,1.278135007e+00,2084271279,main,fall,2.231000000e+00,4.285293604e-02,5.072788612e-02,1.676311073e-03,,false,0,6.646264790e+01,/mnt/pd/tema1/new/results/ml_samples/N1_sw0.15_x-1_i0175.h5
1,50,1.500000000e-01,1.000000000e+00,-1,9.654414276e-01,1.278135007e+00,478055608,main,fall,8.871000000e+00,2.543558545e-02,2.409703537e-02,9.087339694e-04,,false,0,2.456086467e+02,/mnt/pd/tema1/new/results/ml_samples/N1_sw0.15_x-1_i0151.h5
1,50,1.500000000e-01,1.000000000e+00,-1,9.654414276e-01,1.278135007e+00,851783284,main,fall,6.951000000e+00,2.804787230e-02,3.939996574e-02,1.337516114e-03,,false,0,1.930469850e+02,/mnt/pd/tema1/new/results/ml_samples/N1_sw0.15_x-1_i0165.h5
1,50,1.500000000e-01,1.000000000e+00,-1,9.654414276e-01,1.278135007e+00,1149120288,main,fall,3.061000000e+00,2.578040207e-02,4.628717420e-02,1.200109240e-03,,false,0,8.843684836e+01,/mnt/pd/tema1/new/results/ml_samples/N1_sw0.15_x-1_i0177.h5
1,50,1.500000000e-01,1.000000000e+00,-1,9.654414276e-01,1.278135007e+00,1431447192,main,fall,3.191000000e+00,2.484332642e-02,3.175939834e-02,1.179950259e-03,,false,0,9.177550827e+01,/mnt/pd/tema1/new/results/ml_samples/N1_sw0.15_x-1_i0179.h5
1,50,1.500000000e-01,1.000000000e+00,-1,9.654414276e-01,1.278135007e+00,1751925031,main,fall,4.191000000e+00,2.243392487e-02,3.667450112e-02,1.271434486e-03,,false,0,1.194123591e+02,/mnt/pd/tema1/new/results/ml_samples/N1_sw0.15_x-1_i0173.h5
1,50,1.500000000e-01,1.000000000e+00,-1,9.654414276e-01,1.278135007e+00,403083886,main,fall,1.611000000e+00,5.860365424e-02,7.799535082e-02,2.289877845e-03,,false,0,5.086809837e+01,/mnt/pd/tema1/new/results/ml_samples/N1_sw0.15_x-1_i0187.h5
1,50,1.500000000e-01,1.000000000e+00,-1,9.654414276e-01,1.278135007e+00,597354451,main,fall,3.471000000e+00,2.829947111e-02,4.182123048e-02,1.518498621e-03,,false,0,9.969962656e+01,/mnt/pd/tema1/new/results/ml_samples/N1_sw0.15_x-1_i0181.h5
1,50,1.500000000e-01,1.000000000e+00,-1,9.654414276e-01,1.278135007e+00,627241481,main,rise,2.040100000e+01,2.282697544e-02,2.005391416e-02,1.119409008e-03,,false,0,5.541529247e+02,/mnt/pd/tema1/new/results/ml_samples/N1_sw0.15_x-1_i0115.h5
1,50,1.500000000e-01,1.000000000e+00,-1,9.654414276e-01,1.278135007e+00,1714731253,main,fall,1.751000000e+00,3.668595483e-02,4.552445176e-02,1.440168032e-03,,false,0,5.267676872e+01,/mnt/pd/tema1/new/results/ml_samples/N1_sw0.15_x-1_i0199.h5
1,50,1.500000000e-01,1.000000000e+00,-1,9.654414276e-01,1.278135007e+00,216900800,main,fall,8.941000000e+00,2.313442277e-02,2.166344098e-02,1.129449593e-03,,false,0,2.477465200e+02,/mnt/pd/tema1/new/results/ml_samples/N1_sw0.15_x-1_i0169.h5
1,50,1.500000000e-01,1.000000000e+00,-1,9.654414276e-01,1.278135007e+00,1761764060,main,fall,1.012100000e+01,2.163284783e-02,2.078305099e-02,1.073788618e-03,,false,0,2.765033174e+02,/mnt/pd/tema1/new/results/ml_samples/N1_sw0.15_x-1_i0167.h5
1,50,1.500000000e-01,1.000000000e+00,-1,9.654414276e-01,1.278135007e+00,562769981,main,fall,3.591000000e+00,3.511960234e-02,3.402257971e-02,1.530702195e-03,,false,0,1.034315877e+02,/mnt/pd/tema1/new/results/ml_samples/N1_sw0.15_x-1_i0193.h5
1,50,1.500000000e-01,1.000000000e+00,-1,9.654414276e-01,1.278135007e+00,162580826,main,fall,3.991000000e+00,3.281804407e-02,3.735056973e-02,1.317788391e-03,,false,0,1.141722775e+02,/mnt/pd/tema1/new/results/ml_samples/N1_sw0.15_x-1_i0191.h5
1,50,1.500000000e-01,1.000000000e+00,-1,9.654414276e-01,1.278135007e+00,1842980214,main,fall,5.521000000e+00,3.290443018e-02,3.081173542e-02,1.352363876e-03,,false,0,1.546782584e+02,/mnt/pd/tema1/new/results/ml_samples/N1_sw0.15_x-1_i0185.h5
1,50,1.500000000e-01,1.000000000e+00,-1,9.654414276e-01,1.278135007e+00,1539931586,main,fall,1.567100000e+01,2.119693333e-02,1.861004001e-02,1.224180854e-03,,false,0,4.269803129e+02,/mnt/pd/tema1/new/results/ml_samples/N1_sw0.15_x-1_i0147.h5
1,50,1.500000000e-01,1.000000000e+00,-1,9.654414276e-01,1.278135007e+00,872552279,main,fall,5.301000000e+00,2.676211915e-02,3.050792156e-02,1.280473850e-03,,false,0,1.501258408e+02,/mnt/pd/tema1/new/results/ml_samples/N1_sw0.15_x-1_i0189.h5
1,50,1.500000000e-01,1.000000000e+00,-1,9.654414276e-01,1.278135007e+00,1762073308,main,fall,3.442100000e+01,1.838066368e-02,1.366993917e-02,9.876273509e-04,,false,0,9.373456985e+02,/mnt/pd/tema1/new/results/ml_samples/N1_sw0.15_x-1_i0067.h5
1,50,1.500000000e-01,1.000000000e+00,-1,9.654414276e-01,1.278135007e+00,1566195470,main,fall,3.254100000e+01,1.982063230e-02,1.598267529e-02,1.159124689e-03,,false,0,8.891041642e+02,/mnt/pd/tema1/new/results/ml_samples/N1_sw0.15_x-1_i0081.h5
1,50,1.500000000e-01,1.000000000e+00,-1,9.654414276e-01,1.278135007e+00,108240157,main,fall,3.907100000e+01,1.992440210e-02,1.505860528e-02,1.123746600e-03,,false,0,1.064844795e+03,/mnt/pd/tema1/new/results/ml_samples/N1_sw0.15_x-1_i0055.h5
4,50,2.200000000e-01,1.000000000e+00,1,1.191095521e+00,3.942188618e-01,2025753237,gen_sigma,rise,2.376100000e+01,1.476927267e-01,1.806781353e-02,1.084343648e-01,9.975327422e+01,false,0,3.170564457e+03,/mnt/pd/tema1/new/results/ml_samples/N4_sw0.22_x+1_i0005.h5
1,50,1.500000000e-01,1.000000000e+00,-1,9.654414276e-01,1.278135007e+00,1562963952,main,fall,8.451000000e+00,1.789875807e-02,2.800665488e-02,1.063081871e-03,,false,0,2.341524795e+02,/mnt/pd/tema1/new/results/ml_samples/N1_sw0.15_x-1_i0195.h5
1,50,1.500000000e-01,1.000000000e+00,-1,9.654414276e-01,1.278135007e+00,916632354,main,fall,4.142100000e+01,1.785955262e-02,1.520573618e-02,1.019460268e-03,,false,0,1.124940040e+03,/mnt/pd/tema1/new/results/ml_samples/N1_sw0.15_x-1_i0051.h5
1,50,1.500000000e-01,1.000000000e+00,-1,9.654414276e-01,1.278135007e+00,1650986574,main,fall,2.134100000e+01,1.731410762e-02,1.908772126e-02,1.149706085e-03,,false,0,5.808453195e+02,/mnt/pd/tema1/new/results/ml_samples/N1_sw0.15_x-1_i0145.h5
1,50,1.500000000e-01,1.000000000e+00,-1,9.654414276e-01,1.278135007e+00,749278986,main,fall,2.159100000e+01,1.974303054e-02,1.532121806e-02,1.151736295e-03,,false,0,5.889075151e+02,/mnt/pd/tema1/new/results/ml_samples/N1_sw0.15_x-1_i0149.h5
1,50,1.500000000e-01,1.000000000e+00,0,1.000000000e+00,1.323886640e+00,959424744,main,fall,1.096100000e+01,1.855073666e-02,1.870987619e-02,1.001346429e-03,,false,0,3.020061635e+02,/mnt/pd/tema1/new/results/ml_samples/N1_sw0.15_x+0_i0001.h5
6,50,3.000000000e-01,1.000000000e+00,1,1.388229907e+00,3.063098377e-01,1349515742,gen_N,rise,3.784100000e+01,2.194249905e-01,5.811140010e-02,9.495641937e-02,3.881509402e+01,false,0,9.136424515e+03,/mnt/pd/tema1/new/results/ml_samples/N6_sw0.30_x+1_i0023.h5
1,50,1.500000000e-01,1.000000000e+00,0,1.000000000e+00,1.323886640e+00,1819490970,main,fall,1.073100000e+01,1.922463841e-02,2.573608255e-02,9.089910531e-04,,false,0,2.954722012e+02,/mnt/pd/tema1/new/results/ml_samples/N1_sw0.15_x+0_i0009.h5
1,50,1.500000000e-01,1.000000000e+00,0,1.000000000e+00,1.323886640e+00,205937669,main,fall,1.241100000e+01,2.160321458e-02,2.343635908e-02,1.024748633e-03,,false,0,3.413213210e+02,/mnt/pd/tema1/new/results/ml_samples/N1_sw0.15_x+0_i0003.h5
1,50,1.500000000e-01,1.000000000e+00,-1,9.654414276e-01,1.278135007e+00,1795697012,main,fall,1.747100000e+01,1.868773576e-02,1.816893134e-02,1.295870010e-03,,false,0,4.773418375e+02,/mnt/pd/tema1/new/results/ml_samples/N1_sw0.15_x-1_i0183.h5
1,50,1.500000000e-01,1.000000000e+00,0,1.000000000e+00,1.323886640e+00,1223870833,main,rise,1.191100000e+01,2.063865134e-02,2.206432144e-02,9.989565378e-04,,false,0,3.284765659e+02,/mnt/pd/tema1/new/results/ml_samples/N1_sw0.15_x+0_i0021.h5
1,50,1.500000000e-01,1.000000000e+00,0,1.000000000e+00,1.323886640e+00,1970725523,main,rise,1.437100000e+01,2.234047684e-02,1.869870996e-02,1.173697804e-03,,false,0,3.932770692e+02,/mnt/pd/tema1/new/results/ml_samples/N1_sw0.15_x+0_i0007.h5
1,50,1.500000000e-01,1.000000000e+00,0,1.000000000e+00,1.323886640e+00,429868289,main,rise,1.325100000e+01,2.439156310e-02,2.109961454e-02,1.332669627e-03,,false,0,3.633956758e+02,/mnt/pd/tema1/new/results/ml_samples/N1_sw0.15_x+0_i0015.h5
1,50,1.500000000e-01,1.000000000e+00,0,1.000000000e+00,1.323886640e+00,270698227,main,fall,1.581000000e+00,5.173952230e-02,5.626452263e-02,1.391857457e-03,,false,0,4.823983771e+01,/mnt/pd/tema1/new/results/ml_samples/N1_sw0.15_x+0_i0045.h5
1,50,1.500000000e-01,1.000000000e+00,0,1.000000000e+00,1.323886640e+00,107473712,main,rise,1.240100000e+01,2.411946263e-02,2.282678740e-02,1.109076379e-03,,false,0,3.404430034e+02,/mnt/pd/tema1/new/results/ml_samples/N1_sw0.15_x+0_i0023.h5
1,50,1.500000000e-01,1.000000000e+00,0,1.000000000e+00,1.323886640e+00,1696636964,main,fall,4.461000000e+00,1.980916564e-02,3.293130440e-02,1.016334011e-03,,false,0,1.258998953e+02,/mnt/pd/tema1/new/results/ml_samples/N1_sw0.15_x+0_i0043.h5
1,50,1.500000000e-01,1.000000000e+00,0,1.000000000e+00,1.323886640e+00,1848727736,main,fall,2.951000000e+00,3.246878434e-02,3.744112795e-02,1.413880973e-03,,false,0,8.595006464e+01,/mnt/pd/tema1/new/results/ml_samples/N1_sw0.15_x+0_i0049.h5
1,50,1.500000000e-01,1.000000000e+00,0,1.000000000e+00,1.323886640e+00,1278528968,main,fall,1.301100000e+01,1.881436826e-02,2.008200453e-02,1.314219875e-03,,false,0,3.560421837e+02,/mnt/pd/tema1/new/results/ml_samples/N1_sw0.15_x+0_i0027.h5
1,50,1.500000000e-01,1.000000000e+00,-1,9.654414276e-01,1.278135007e+00,1784582731,main,fall,3.719100000e+01,1.538047344e-02,1.201503847e-02,1.058124825e-03,,false,0,1.008862411e+03,/mnt/pd/tema1/new/results/ml_samples/N1_sw0.15_x-1_i0129.h5
1,50,1.500000000e-01,1.000000000e+00,0,1.000000000e+00,1.323886640e+00,1928841340,main,rise,7.941000000e+00,2.663636730e-02,2.069101752e-02,9.247395148e-04,,false,0,2.200597039e+02,/mnt/pd/tema1/new/results/ml_samples/N1_sw0.15_x+0_i0039.h5
1,50,1.500000000e-01,1.000000000e+00,0,1.000000000e+00,1.323886640e+00,1431591095,main,fall,1.290100000e+01,2.169164845e-02,2.897692729e-02,1.040371798e-03,,false,0,3.555805660e+02,/mnt/pd/tema1/new/results/ml_samples/N1_sw0.15_x+0_i0033.h5
1,50,1.500000000e-01,1.000000000e+00,0,1.000000000e+00,1.323886640e+00,212383306,main,fall,1.538100000e+01,1.871543327e-02,2.340422460e-02,8.371470583e-04,,false,0,4.240681474e+02,/mnt/pd/tema1/new/results/ml_samples/N1_sw0.15_x+0_i0025.h5
1,50,1.500000000e-01,1.000000000e+00,0,1.000000000e+00,1.323886640e+00,92249575,main,fall,3.521000000e+00,3.599469513e-02,3.799230497e-02,1.402677327e-03,,false,0,1.015524571e+02,/mnt/pd/tema1/new/results/ml_samples/N1_sw0.15_x+0_i0061.h5
1,50,1.500000000e-01,1.000000000e+00,0,1.000000000e+00,1.323886640e+00,216366243,main,fall,1.421100000e+01,2.325467993e-02,2.263135521e-02,1.289423074e-03,,false,0,3.916813120e+02,/mnt/pd/tema1/new/results/ml_samples/N1_sw0.15_x+0_i0035.h5
1,50,1.500000000e-01,1.000000000e+00,0,1.000000000e+00,1.323886640e+00,498977130,main,fall,2.210100000e+01,2.292075081e-02,1.920804618e-02,1.216324869e-03,,false,0,6.024619862e+02,/mnt/pd/tema1/new/results/ml_samples/N1_sw0.15_x+0_i0017.h5
1,50,1.500000000e-01,1.000000000e+00,-1,9.654414276e-01,1.278135007e+00,16972263,main,fall,3.740100000e+01,2.248201036e-02,1.628255785e-02,1.115296003e-03,,false,0,1.015672988e+03,/mnt/pd/tema1/new/results/ml_samples/N1_sw0.15_x-1_i0153.h5
4,50,2.200000000e-01,1.000000000e+00,1,1.191095521e+00,3.942188618e-01,1267019728,gen_sigma,rise,2.453100000e+01,1.496575316e-01,1.691573408e-02,1.048857327e-01,9.975327422e+01,false,0,3.268794836e+03,/mnt/pd/tema1/new/results/ml_samples/N4_sw0.22_x+1_i0029.h5
1,50,1.500000000e-01,1.000000000e+00,0,1.000000000e+00,1.323886640e+00,209911006,main,fall,5.491000000e+00,2.482232182e-02,2.391747209e-02,1.138487457e-03,,false,0,1.554390629e+02,/mnt/pd/tema1/new/results/ml_samples/N1_sw0.15_x+0_i0067.h5
4,50,2.200000000e-01,1.000000000e+00,1,1.191095521e+00,3.942188618e-01,1537824024,gen_sigma,rise,2.711100000e+01,1.522309014e-01,1.726557408e-02,1.086202322e-01,9.975327422e+01,false,0,3.589999510e+03,/mnt/pd/tema1/new/results/ml_samples/N4_sw0.22_x+1_i0017.h5
1,50,1.500000000e-01,1.000000000e+00,0,1.000000000e+00,1.323886640e+00,1786224507,main,rise,1.115100000e+01,2.484796906e-02,2.337557714e-02,1.206237123e-03,,false,0,3.085569909e+02,/mnt/pd/tema1/new/results/ml_samples/N1_sw0.15_x+0_i0051.h5
1,50,1.500000000e-01,1.000000000e+00,0,1.000000000e+00,1.323886640e+00,1322279765,main,fall,6.861000000e+00,2.355881879e-02,2.518835448e-02,9.743358061e-04,,false,0,1.919121584e+02,/mnt/pd/tema1/new/results/ml_samples/N1_sw0.15_x+0_i0065.h5
1,50,1.500000000e-01,1.000000000e+00,0,1.000000000e+00,1.323886640e+00,437896206,main,fall,3.411000000e+00,3.488030201e-02,4.387554520e-02,2.060453069e-03,,false,0,9.819808906e+01,/mnt/pd/tema1/new/results/ml_samples/N1_sw0.15_x+0_i0075.h5
1,50,1.500000000e-01,1.000000000e+00,0,1.000000000e+00,1.323886640e+00,2118736605,main,rise,1.149100000e+01,2.472381055e-02,2.518645637e-02,9.946916200e-04,,false,0,3.174006015e+02,/mnt/pd/tema1/new/results/ml_samples/N1_sw0.15_x+0_i0055.h5
1,50,1.500000000e-01,1.000000000e+00,0,1.000000000e+00,1.323886640e+00,1978545770,main,fall,2.669100000e+01,1.622485200e-02,1.619870435e-02,1.038397939e-03,,false,0,7.205987181e+02,/mnt/pd/tema1/new/results/ml_samples/N1_sw0.15_x+0_i0019.h5
1,50,1.500000000e-01,1.000000000e+00,0,1.000000000e+00,1.323886640e+00,194539032,main,rise,2.328100000e+01,2.397028474e-02,1.674601889e-02,1.228923796e-03,,false,0,6.334304684e+02,/mnt/pd/tema1/new/results/ml_samples/N1_sw0.15_x+0_i0031.h5
1,50,1.500000000e-01,1.000000000e+00,0,1.000000000e+00,1.323886640e+00,611360158,main,fall,2.955100000e+01,1.943687746e-02,1.684007945e-02,9.399728258e-04,,false,0,7.997103747e+02,/mnt/pd/tema1/new/results/ml_samples/N1_sw0.15_x+0_i0011.h5
1,50,1.500000000e-01,1.000000000e+00,0,1.000000000e+00,1.323886640e+00,545613584,main,fall,2.021100000e+01,1.702479189e-02,1.792412444e-02,8.092145552e-04,,false,0,5.501145702e+02,/mnt/pd/tema1/new/results/ml_samples/N1_sw0.15_x+0_i0037.h5
1,50,1.500000000e-01,1.000000000e+00,0,1.000000000e+00,1.323886640e+00,771519166,main,fall,3.221000000e+00,2.493767318e-02,2.846154354e-02,1.043042129e-03,,false,0,9.324042513e+01,/mnt/pd/tema1/new/results/ml_samples/N1_sw0.15_x+0_i0085.h5
1,50,1.500000000e-01,1.000000000e+00,0,1.000000000e+00,1.323886640e+00,138833436,main,fall,5.131000000e+00,3.019211836e-02,3.570309895e-02,1.004042072e-03,,false,0,1.447673918e+02,/mnt/pd/tema1/new/results/ml_samples/N1_sw0.15_x+0_i0081.h5
1,50,1.500000000e-01,1.000000000e+00,0,1.000000000e+00,1.323886640e+00,46782447,main,fall,1.971000000e+00,3.634851796e-02,5.189792646e-02,9.046903649e-04,,false,0,6.015334202e+01,/mnt/pd/tema1/new/results/ml_samples/N1_sw0.15_x+0_i0099.h5
1,50,1.500000000e-01,1.000000000e+00,0,1.000000000e+00,1.323886640e+00,1052381403,main,rise,1.477100000e+01,2.672251419e-02,1.896361337e-02,1.380705112e-03,,false,0,4.055556326e+02,/mnt/pd/tema1/new/results/ml_samples/N1_sw0.15_x+0_i0059.h5
1,50,1.500000000e-01,1.000000000e+00,0,1.000000000e+00,1.323886640e+00,926452838,main,fall,3.071000000e+00,3.527652752e-02,3.641177214e-02,1.096766595e-03,,false,0,8.873389533e+01,/mnt/pd/tema1/new/results/ml_samples/N1_sw0.15_x+0_i0097.h5
1,50,1.500000000e-01,1.000000000e+00,0,1.000000000e+00,1.323886640e+00,1339856913,main,rise,3.324100000e+01,1.881892775e-02,1.698298528e-02,1.065688919e-03,,false,0,9.027044034e+02,/mnt/pd/tema1/new/results/ml_samples/N1_sw0.15_x+0_i0013.h5
4,50,2.200000000e-01,1.000000000e+00,1,1.191095521e+00,3.942188618e-01,1071983984,gen_sigma,rise,2.293100000e+01,1.511092926e-01,1.836120416e-02,1.033584498e-01,9.975327422e+01,false,0,3.054504160e+03,/mnt/pd/tema1/new/results/ml_samples/N4_sw0.22_x+1_i0043.h5
1,50,1.500000000e-01,1.000000000e+00,0,1.000000000e+00,1.323886640e+00,1638782577,main,fall,1.529100000e+01,2.158466234e-02,2.049494751e-02,1.082154870e-03,,false,0,4.205075011e+02,/mnt/pd/tema1/new/results/ml_samples/N1_sw0.15_x+0_i0063.h5
1,50,1.500000000e-01,1.000000000e+00,0,1.000000000e+00,1.323886640e+00,822713093,main,fall,5.181000000e+00,1.908995300e-02,2.928632307e-02,1.151417861e-03,,false,0,1.456575732e+02,/mnt/pd/tema1/new/results/ml_samples/N1_sw0.15_x+0_i0093.h5
1,50,1.500000000e-01,1.000000000e+00,0,1.000000000e+00,1.323886640e+00,97188423,main,fall,6.061000000e+00,2.287397541e-02,3.410834862e-02,1.127159434e-03,,false,0,1.698922808e+02,/mnt/pd/tema1/new/results/ml_samples/N1_sw0.15_x+0_i0091.h5
1,50,1.500000000e-01,1.000000000e+00,-1,9.654414276e-01,1.278135007e+00,1485590090,main,fall,4.850100000e+01,1.651127667e-02,1.416153739e-02,1.048213412e-03,,false,0,1.308353626e+03,/mnt/pd/tema1/new/results/ml_samples/N1_sw0.15_x-1_i0161.h5
1,50,1.500000000e-01,1.000000000e+00,0,1.000000000e+00,1.323886640e+00,1756242842,main,fall,2.959100000e+01,2.086001901e-02,1.604857406e-02,1.191021008e-03,,false,0,8.098267932e+02,/mnt/pd/tema1/new/results/ml_samples/N1_sw0.15_x+0_i0041.h5
1,50,1.500000000e-01,1.000000000e+00,0,1.000000000e+00,1.323886640e+00,348243601,main,fall,8.181000000e+00,2.026073526e-02,2.458846933e-02,9.954916691e-04,,false,0,2.268467623e+02,/mnt/pd/tema1/new/results/ml_samples/N1_sw0.15_x+0_i0107.h5
1,50,1.500000000e-01,1.000000000e+00,0,1.000000000e+00,1.323886640e+00,1356348276,main,rise,2.534100000e+01,1.779840839e-02,1.844505035e-02,8.546432288e-04,,false,0,6.946979087e+02,/mnt/pd/tema1/new/results/ml_samples/N1_sw0.15_x+0_i0053.h5
1,50,1.500000000e-01,1.000000000e+00,0,1.000000000e+00,1.323886640e+00,654950877,main,fall,1.966100000e+01,2.335987269e-02,2.140624558e-02,1.184902857e-03,,false,0,5.394595495e+02,/mnt/pd/tema1/new/results/ml_samples/N1_sw0.15_x+0_i0069.h5
1,50,1.500000000e-01,1.000000000e+00,0,1.000000000e+00,1.323886640e+00,1543239153,main,fall,9.751000000e+00,2.102154225e-02,2.769191834e-02,1.181827328e-03,,false,0,2.710753473e+02,/mnt/pd/tema1/new/results/ml_samples/N1_sw0.15_x+0_i0109.h5
1,50,1.500000000e-01,1.000000000e+00,0,1.000000000e+00,1.323886640e+00,1180283739,main,fall,1.715100000e+01,2.051744634e-02,2.124618687e-02,1.184397026e-03,,false,0,4.710481723e+02,/mnt/pd/tema1/new/results/ml_samples/N1_sw0.15_x+0_i0083.h5
1,50,1.500000000e-01,1.000000000e+00,0,1.000000000e+00,1.323886640e+00,1896719055,main,fall,3.201000000e+00,3.050564854e-02,3.646039134e-02,1.040031355e-03,,false,0,9.219756670e+01,/mnt/pd/tema1/new/results/ml_samples/N1_sw0.15_x+0_i0123.h5
1,50,1.500000000e-01,1.000000000e+00,0,1.000000000e+00,1.323886640e+00,1391139170,main,fall,9.641000000e+00,2.024438880e-02,3.229918346e-02,1.151757561e-03,,false,0,2.672484777e+02,/mnt/pd/tema1/new/results/ml_samples/N1_sw0.15_x+0_i0119.h5
1,50,1.500000000e-01,1.000000000e+00,0,1.000000000e+00,1.323886640e+00,319714340,main,fall,2.821000000e+00,3.378159819e-02,4.788210505e-02,1.149494111e-03,,false,0,8.377304468e+01,/mnt/pd/tema1/new/results/ml_samples/N1_sw0.15_x+0_i0129.h5
1,50,1.500000000e-01,1.000000000e+00,0,1.000000000e+00,1.323886640e+00,32373750,main,fall,4.135100000e+01,2.046698302e-02,1.375160105e-02,1.169629514e-03,,false,0,1.127244557e+03,/mnt/pd/tema1/new/results/ml_samples/N1_sw0.15_x+0_i0029.h5
1,50,1.500000000e-01,1.000000000e+00,0,1.000000000e+00,1.323886640e+00,2076601034,main,fall,2.348100000e+01,2.028523199e-02,2.217726742e-02,1.117466670e-03,,false,0,6.430419635e+02,/mnt/pd/tema1/new/results/ml_samples/N1_sw0.15_x+0_i0073.h5
1,50,1.500000000e-01,1.000000000e+00,0,1.000000000e+00,1.323886640e+00,916579238,main,rise,2.971100000e+01,2.204855415e-02,1.752074897e-02,1.082940951e-03,,false,0,8.100688363e+02,/mnt/pd/tema1/new/results/ml_samples/N1_sw0.15_x+0_i0057.h5
1,50,1.500000000e-01,1.000000000e+00,-1,9.654414276e-01,1.278135007e+00,1305696641,main,fall,5.729100000e+01,1.585678424e-02,1.070919081e-02,9.951302040e-04,,false,0,1.552148968e+03,/mnt/pd/tema1/new/results/ml_samples/N1_sw0.15_x-1_i0171.h5
1,50,1.500000000e-01,1.000000000e+00,0,1.000000000e+00,1.323886640e+00,2002519799,main,fall,4.924100000e+01,1.643698697e-02,1.296435574e-02,1.126558199e-03,,false,0,1.334063006e+03,/mnt/pd/tema1/new/results/ml_samples/N1_sw0.15_x+0_i0005.h5
1,50,1.500000000e-01,1.000000000e+00,0,1.000000000e+00,1.323886640e+00,479667969,main,rise,1.636100000e+01,2.038682808e-02,1.714823469e-02,8.988011270e-04,,false,0,4.494506254e+02,/mnt/pd/tema1/new/results/ml_samples/N1_sw0.15_x+0_i0103.h5
1,50,1.500000000e-01,1.000000000e+00,-1,9.654414276e-01,1.278135007e+00,1115272469,main,fall,5.320100000e+01,1.625521805e-02,1.233895567e-02,9.348248565e-04,,false,0,1.442329204e+03,/mnt/pd/tema1/new/results/ml_samples/N1_sw0.15_x-1_i0197.h5
1,50,1.500000000e-01,1.000000000e+00,0,1.000000000e+00,1.323886640e+00,1798167148,main,fall,3.721000000e+00,2.442398655e-02,4.020009493e-02,8.254061510e-04,,false,0,1.057765087e+02,/mnt/pd/tema1/new/results/ml_samples/N1_sw0.15_x+0_i0139.h5
1,50,1.500000000e-01,1.000000000e+00,0,1.000000000e+00,1.323886640e+00,1620985765,main,rise,1.726100000e+01,2.247013848e-02,1.656490628e-02,1.147465170e-03,,false,0,4.728035978e+02,/mnt/pd/tema1/new/results/ml_samples/N1_sw0.15_x+0_i0111.h5
1,50,1.500000000e-01,1.000000000e+00,0,1.000000000e+00,1.323886640e+00,789131428,main,fall,2.267100000e+01,1.975066556e-02,1.765677391e-02,1.103685463e-03,,false,0,6.165973793e+02,/mnt/pd/tema1/new/results/ml_samples/N1_sw0.15_x+0_i0095.h5
1,50,1.500000000e-01,1.000000000e+00,0,1.000000000e+00,1.323886640e+00,101179311,main,fall,2.941000000e+00,4.302898510e-02,5.286066339e-02,2.339977688e-03,,false,0,8.511793179e+01,/mnt/pd/tema1/new/results/ml_samples/N1_sw0.15_x+0_i0149.h5
1,50,1.500000000e-01,1.000000000e+00,0,1.000000000e+00,1.323886640e+00,1219267702,main,fall,1.243100000e+01,1.887591964e-02,2.326858440e-02,1.036955875e-03,,false,0,3.431143246e+02,/mnt/pd/tema1/new/results/ml_samples/N1_sw0.15_x+0_i0121.h5
1,50,1.500000000e-01,1.000000000e+00,0,1.000000000e+00,1.323886640e+00,1150475569,main,fall,6.341000000e+00,3.184753090e-02,2.776057409e-02,1.228078316e-03,,false,0,1.766812840e+02,/mnt/pd/tema1/new/results/ml_samples/N1_sw0.15_x+0_i0143.h5
1,50,1.500000000e-01,1.000000000e+00,0,1.000000000e+00,1.323886640e+00,454471971,main,fall,4.991000000e+00,2.715761532e-02,3.609693630e-02,1.229398522e-03,,false,0,1.404844249e+02,/mnt/pd/tema1/new/results/ml_samples/N1_sw0.15_x+0_i0151.h5
1,50,1.500000000e-01,1.000000000e+00,0,1.000000000e+00,1.323886640e+00,20853891,main,fall,2.739100000e+01,2.132748892e-02,2.072056134e-02,1.242449657e-03,,false,0,7.452192906e+02,/mnt/pd/tema1/new/results/ml_samples/N1_sw0.15_x+0_i0087.h5
1,50,1.500000000e-01,1.000000000e+00,0,1.000000000e+00,1.323886640e+00,1695883684,main,rise,7.511000000e+00,3.059537340e-02,2.631622997e-02,1.153263058e-03,,false,0,2.060732364e+02,/mnt/pd/tema1/new/results/ml_samples/N1_sw0.15_x+0_i0145.h5
1,50,1.500000000e-01,1.000000000e+00,0,1.000000000e+00,1.323886640e+00,481577924,main,fall,4.224100000e+01,1.867802546e-02,1.440885893e-02,1.071456839e-03,,false,0,1.148332540e+03,/mnt/pd/tema1/new/results/ml_samples/N1_sw0.15_x+0_i0047.h5
1,50,1.500000000e-01,1.000000000e+00,0,1.000000000e+00,1.323886640e+00,2066474151,main,fall,1.066100000e+01,2.355216684e-02,2.691635540e-02,1.270169854e-03,,false,0,2.941336465e+02,/mnt/pd/tema1/new/results/ml_samples/N1_sw0.15_x+0_i0147.h5
1,50,1.500000000e-01,1.000000000e+00,0,1.000000000e+00,1.323886640e+00,1253526262,main,fall,8.431000000e+00,2.551975646e-02,2.202046027e-02,1.307410671e-03,,false,0,2.332523886e+02,/mnt/pd/tema1/new/results/ml_samples/N1_sw0.15_x+0_i0155.h5
1,50,1.500000000e-01,1.000000000e+00,0,1.000000000e+00,1.323886640e+00,230208589,main,rise,2.545100000e+01,2.298805628e-02,1.896171436e-02,1.145315712e-03,,false,0,6.941329562e+02,/mnt/pd/tema1/new/results/ml_samples/N1_sw0.15_x+0_i0113.h5
1,50,1.500000000e-01,1.000000000e+00,0,1.000000000e+00,1.323886640e+00,1546166180,main,fall,9.801000000e+00,2.102245439e-02,2.319908205e-02,1.131971207e-03,,false,0,2.692497588e+02,/mnt/pd/tema1/new/results/ml_samples/N1_sw0.15_x+0_i0153.h5
1,50,1.500000000e-01,1.000000000e+00,0,1.000000000e+00,1.323886640e+00,158552162,main,rise,9.281000000e+00,2.509839335e-02,2.241063442e-02,9.816535689e-04,,false,0,2.558668187e+02,/mnt/pd/tema1/new/results/ml_samples/N1_sw0.15_x+0_i0157.h5
1,50,1.500000000e-01,1.000000000e+00,0,1.000000000e+00,1.323886640e+00,941156273,main,fall,3.041000000e+00,2.618954785e-02,3.707544523e-02,1.185108493e-03,,false,0,8.791875156e+01,/mnt/pd/tema1/new/results/ml_samples/N1_sw0.15_x+0_i0173.h5
1,50,1.500000000e-01,1.000000000e+00,0,1.000000000e+00,1.323886640e+00,126377451,main,fall,1.669100000e+01,1.914394554e-02,2.287678497e-02,1.047522210e-03,,false,0,4.564087025e+02,/mnt/pd/tema1/new/results/ml_samples/N1_sw0.15_x+0_i0135.h5
1,50,1.500000000e-01,1.000000000e+00,0,1.000000000e+00,1.323886640e+00,1323939954,main,fall,5.991000000e+00,2.377778740e-02,3.107968413e-02,1.227020633e-03,,false,0,1.680698530e+02,/mnt/pd/tema1/new/results/ml_samples/N1_sw0.15_x+0_i0171.h5
1,50,1.500000000e-01,1.000000000e+00,0,1.000000000e+00,1.323886640e+00,450866490,main,fall,9.091000000e+00,2.120721747e-02,2.242529429e-02,1.198367227e-03,,false,0,2.511031929e+02,/mnt/pd/tema1/new/results/ml_samples/N1_sw0.15_x+0_i0161.h5
4,50,2.200000000e-01,1.000000000e+00,-1,8.089044787e-01,2.677244580e-01,884572693,gen_sigma,fall,4.217100000e+01,1.398033927e-01,3.184340755e-02,1.192350801e-01,4.219747125e+01,false,0,6.330641769e+03,/mnt/pd/tema1/new/results/ml_samples/N4_sw0.22_x-1_i0019.h5
1,50,1.500000000e-01,1.000000000e+00,0,1.000000000e+00,1.323886640e+00,834921647,main,fall,4.821000000e+00,2.757227202e-02,2.780841045e-02,1.268892788e-03,,false,0,1.360221374e+02,/mnt/pd/tema1/new/results/ml_samples/N1_sw0.15_x+0_i0175.h5
4,50,2.200000000e-01,1.000000000e+00,0,1.000000000e+00,3.309716599e-01,1061925406,gen_sigma,rise,3.616100000e+01,1.492485034e-01,2.858778540e-02,1.114267530e-01,6.176760971e+01,false,0,5.307029402e+03,/mnt/pd/tema1/new/results/ml_samples/N4_sw0.22_x+0_i0039.h5
1,50,1.500000000e-01,1.000000000e+00,0,1.000000000e+00,1.323886640e+00,822629844,main,fall,3.218100000e+01,1.918267583e-02,1.698130682e-02,1.144511519e-03,,false,0,8.729350567e+02,/mnt/pd/tema1/new/results/ml_samples/N1_sw0.15_x+0_i0117.h5
1,50,1.500000000e-01,1.000000000e+00,0,1.000000000e+00,1.323886640e+00,214684559,main,rise,1.262100000e+01,2.465029363e-02,2.148586209e-02,1.033842171e-03,,false,0,3.459588646e+02,/mnt/pd/tema1/new/results/ml_samples/N1_sw0.15_x+0_i0165.h5
1,50,1.500000000e-01,1.000000000e+00,0,1.000000000e+00,1.323886640e+00,1313511916,main,fall,2.070100000e+01,2.232916052e-02,1.772788433e-02,1.146717144e-03,,false,0,5.653265125e+02,/mnt/pd/tema1/new/results/ml_samples/N1_sw0.15_x+0_i0141.h5
1,50,1.500000000e-01,1.000000000e+00,0,1.000000000e+00,1.323886640e+00,1267691016,main,fall,1.261100000e+01,1.887332174e-02,1.823587206e-02,8.118189071e-04,,false,0,3.399149458e+02,/mnt/pd/tema1/new/results/ml_samples/N1_sw0.15_x+0_i0169.h5
1,50,1.500000000e-01,1.000000000e+00,0,1.000000000e+00,1.323886640e+00,383264037,main,fall,4.574100000e+01,1.817728085e-02,1.361486925e-02,1.097952577e-03,,false,0,1.236588516e+03,/mnt/pd/tema1/new/results/ml_samples/N1_sw0.15_x+0_i0071.h5
1,50,1.500000000e-01,1.000000000e+00,0,1.000000000e+00,1.323886640e+00,331551463,main,fall,3.471000000e+00,3.694312318e-02,5.224281081e-02,1.186578901e-03,,false,0,1.004069287e+02,/mnt/pd/tema1/new/results/ml_samples/N1_sw0.15_x+0_i0193.h5
4,50,2.200000000e-01,1.000000000e+00,0,1.000000000e+00,3.309716599e-01,1076527669,gen_sigma,rise,4.459100000e+01,1.382884038e-01,2.438655823e-02,1.152276839e-01,5.927390916e+01,false,0,6.029777462e+03,/mnt/pd/tema1/new/results/ml_samples/N4_sw0.22_x+0_i0001.h5
1,50,1.500000000e-01,1.000000000e+00,0,1.000000000e+00,1.323886640e+00,1515001664,main,rise,3.979100000e+01,2.012418834e-02,1.511007150e-02,1.142615494e-03,,false,0,1.076084687e+03,/mnt/pd/tema1/new/results/ml_samples/N1_sw0.15_x+0_i0101.h5
1,50,1.500000000e-01,1.000000000e+00,0,1.000000000e+00,1.323886640e+00,56905557,main,fall,3.913100000e+01,1.864468211e-02,1.481728301e-02,1.102628649e-03,,false,0,1.065314308e+03,/mnt/pd/tema1/new/results/ml_samples/N1_sw0.15_x+0_i0105.h5
1,50,1.500000000e-01,1.000000000e+00,1,1.034558572e+00,1.369638272e+00,177559013,main,fall,5.411000000e+00,2.780818098e-02,3.774157915e-02,1.148317084e-03,,false,0,1.514231432e+02,/mnt/pd/tema1/new/results/ml_samples/N1_sw0.15_x+1_i0003.h5
1,50,1.500000000e-01,1.000000000e+00,0,1.000000000e+00,1.323886640e+00,1660196705,main,fall,1.415100000e+01,2.732088372e-02,2.469761632e-02,1.322526743e-03,,false,0,3.884927894e+02,/mnt/pd/tema1/new/results/ml_samples/N1_sw0.15_x+0_i0177.h5
1,50,1.500000000e-01,1.000000000e+00,0,1.000000000e+00,1.323886640e+00,1985032162,main,rise,1.091100000e+01,2.043009520e-02,2.189446157e-02,8.191443770e-04,,false,0,3.002128371e+02,/mnt/pd/tema1/new/results/ml_samples/N1_sw0.15_x+0_i0191.h5
1,50,1.500000000e-01,1.000000000e+00,0,1.000000000e+00,1.323886640e+00,1796132095,main,rise,4.028100000e+01,1.955476475e-02,1.477490042e-02,1.164091135e-03,,false,0,1.096018780e+03,/mnt/pd/tema1/new/results/ml_samples/N1_sw0.15_x+0_i0115.h5
1,50,1.500000000e-01,1.000000000e+00,0,1.000000000e+00,1.323886640e+00,2095419291,main,rise,4.949100000e+01,1.637249869e-02,1.141238394e-02,9.514222463e-04,,false,0,1.336492034e+03,/mnt/pd/tema1/new/results/ml_samples/N1_sw0.15_x+0_i0079.h5
1,50,1.500000000e-01,1.000000000e+00,0,1.000000000e+00,1.323886640e+00,1195689432,main,fall,1.321100000e+01,2.160601370e-02,1.959824561e-02,1.287659022e-03,,false,0,3.638431605e+02,/mnt/pd/tema1/new/results/ml_samples/N1_sw0.15_x+0_i0183.h5
1,50,1.500000000e-01,1.000000000e+00,0,1.000000000e+00,1.323886640e+00,1901926719,main,rise,2.073100000e+01,1.814344951e-02,1.840669981e-02,1.142446759e-03,,false,0,5.657152540e+02,/mnt/pd/tema1/new/results/ml_samples/N1_sw0.15_x+0_i0167.h5
1,50,1.500000000e-01,1.000000000e+00,0,1.000000000e+00,1.323886640e+00,1426216939,main,fall,1.379100000e+01,2.086512050e-02,2.102184419e-02,1.093028283e-03,,false,0,3.782206265e+02,/mnt/pd/tema1/new/results/ml_samples/N1_sw0.15_x+0_i0189.h5
1,50,1.500000000e-01,1.000000000e+00,0,1.000000000e+00,1.323886640e+00,433316535,main,rise,1.501100000e+01,2.083027975e-02,1.936866714e-02,1.082247320e-03,,false,0,4.091807374e+02,/mnt/pd/tema1/new/results/ml_samples/N1_sw0.15_x+0_i0185.h5
1,50,1.500000000e-01,1.000000000e+00,1,1.034558572e+00,1.369638272e+00,1089431428,main,fall,2.891000000e+00,3.793934690e-02,3.647904831e-02,1.377868981e-03,,false,0,8.429428995e+01,/mnt/pd/tema1/new/results/ml_samples/N1_sw0.15_x+1_i0025.h5
1,50,1.500000000e-01,1.000000000e+00,1,1.034558572e+00,1.369638272e+00,247795893,main,fall,2.271000000e+00,3.488186131e-02,4.367061597e-02,1.398987886e-03,,false,0,6.693610315e+01,/mnt/pd/tema1/new/results/ml_samples/N1_sw0.15_x+1_i0031.h5
1,50,1.500000000e-01,1.000000000e+00,0,1.000000000e+00,1.323886640e+00,292924290,main,rise,1.418100000e+01,2.502002230e-02,2.515615434e-02,1.099949400e-03,,false,0,3.874286032e+02,/mnt/pd/tema1/new/results/ml_samples/N1_sw0.15_x+0_i0195.h5
1,50,1.500000000e-01,1.000000000e+00,1,1.034558572e+00,1.369638272e+00,1969246626,main,rise,6.181000000e+00,3.190171674e-02,2.242902963e-02,1.296392352e-03,,false,0,1.734027741e+02,/mnt/pd/tema1/new/results/ml_samples/N1_sw0.15_x+1_i0017.h5
1,50,1.500000000e-01,1.000000000e+00,0,1.000000000e+00,1.323886640e+00,673972835,main,rise,1.502100000e+01,2.250526350e-02,2.394525970e-02,1.251984048e-03,,false,0,4.106455734e+02,/mnt/pd/tema1/new/results/ml_samples/N1_sw0.15_x+0_i0197.h5
1,50,1.500000000e-01,1.000000000e+00,0,1.000000000e+00,1.323886640e+00,676697908,main,rise,4.007100000e+01,1.904296200e-02,1.482121220e-02,1.080773573e-03,,false,0,1.089178414e+03,/mnt/pd/tema1/new/results/ml_samples/N1_sw0.15_x+0_i0125.h5
1,50,1.500000000e-01,1.000000000e+00,1,1.034558572e+00,1.369638272e+00,229058608,main,rise,1.092100000e+01,2.756055932e-02,2.325433174e-02,1.253114358e-03,,false,0,3.002589481e+02,/mnt/pd/tema1/new/results/ml_samples/N1_sw0.15_x+1_i0009.h5
1,50,1.500000000e-01,1.000000000e+00,1,1.034558572e+00,1.369638272e+00,203688405,main,rise,1.407100000e+01,2.475130185e-02,2.361031504e-02,1.262066062e-03,,false,0,3.876416231e+02,/mnt/pd/tema1/new/results/ml_samples/N1_sw0.15_x+1_i0001.h5
1,50,1.500000000e-01,1.000000000e+00,0,1.000000000e+00,1.323886640e+00,1966592643,main,fall,5.668100000e+01,1.772751433e-02,1.197416594e-02,1.051394497e-03,,false,0,1.532182294e+03,/mnt/pd/tema1/new/results/ml_samples/N1_sw0.15_x+0_i0077.h5
1,50,1.500000000e-01,1.000000000e+00,0,1.000000000e+00,1.323886640e+00,23740043,main,fall,1.995100000e+01,1.899052104e-02,1.946103576e-02,1.047843923e-03,,false,0,5.467708648e+02,/mnt/pd/tema1/new/results/ml_samples/N1_sw0.15_x+0_i0187.h5
1,50,1.500000000e-01,1.000000000e+00,1,1.034558572e+00,1.369638272e+00,590300956,main,fall,1.227100000e+01,1.775429694e-02,1.806275033e-02,9.586163120e-04,,false,0,3.361322064e+02,/mnt/pd/tema1/new/results/ml_samples/N1_sw0.15_x+1_i0011.h5
1,50,1.500000000e-01,1.000000000e+00,1,1.034558572e+00,1.369638272e+00,445050082,main,rise,1.230100000e+01,2.159411854e-02,1.609264637e-02,9.207281576e-04,,false,0,3.397505949e+02,/mnt/pd/tema1/new/results/ml_samples/N1_sw0.15_x+1_i0013.h5
1,50,1.500000000e-01,1.000000000e+00,0,1.000000000e+00,1.323886640e+00,1013542431,main,rise,3.827100000e+01,2.225748584e-02,1.563780442e-02,1.138948721e-03,,false,0,1.044203245e+03,/mnt/pd/tema1/new/results/ml_samples/N1_sw0.15_x+0_i0137.h5
1,50,1.500000000e-01,1.000000000e+00,0,1.000000000e+00,1.323886640e+00,1826808292,main,fall,2.436100000e+01,1.876867993e-02,1.442549258e-02,1.134949553e-03,,false,0,6.631916296e+02,/mnt/pd/tema1/new/results/ml_samples/N1_sw0.15_x+0_i0179.h5
1,50,1.500000000e-01,1.000000000e+00,0,1.000000000e+00,1.323886640e+00,1289038114,main,fall,3.350100000e+01,1.812132141e-02,1.516300555e-02,1.003287199e-03,,false,0,9.079774478e+02,/mnt/pd/tema1/new/results/ml_samples/N1_sw0.15_x+0_i0159.h5
1,50,1.500000000e-01,1.000000000e+00,1,1.034558572e+00,1.369638272e+00,1633719342,main,rise,9.311000000e+00,2.868685209e-02,2.754078288e-02,1.203945715e-03,,false,0,2.568038075e+02,/mnt/pd/tema1/new/results/ml_samples/N1_sw0.15_x+1_i0029.h5
1,50,1.500000000e-01,1.000000000e+00,1,1.034558572e+00,1.369638272e+00,1867545529,main,fall,4.391000000e+00,2.784965929e-02,3.521600539e-02,1.328112110e-03,,false,0,1.238231292e+02,/mnt/pd/tema1/new/results/ml_samples/N1_sw0.15_x+1_i0045.h5
1,50,1.500000000e-01,1.000000000e+00,0,1.000000000e+00,1.323886640e+00,1437384320,main,rise,4.626100000e+01,1.911987444e-02,1.359799718e-02,1.150564912e-03,,false,0,1.255210775e+03,/mnt/pd/tema1/new/results/ml_samples/N1_sw0.15_x+0_i0127.h5
1,50,1.500000000e-01,1.000000000e+00,0,1.000000000e+00,1.323886640e+00,1991874209,main,timeout,6.000100000e+01,1.795562496e-02,1.264574054e-02,9.588139103e-04,,false,0,1.629338908e+03,/mnt/pd/tema1/new/results/ml_samples/N1_sw0.15_x+0_i0089.h5
1,50,1.500000000e-01,1.000000000e+00,1,1.034558572e+00,1.369638272e+00,2007598671,main,fall,6.591000000e+00,2.126224560e-02,1.945337478e-02,1.010459920e-03,,false,0,1.849259818e+02,/mnt/pd/tema1/new/results/ml_samples/N1_sw0.15_x+1_i0047.h5
1,50,1.500000000e-01,1.000000000e+00,1,1.034558572e+00,1.369638272e+00,695517126,main,rise,9.631000000e+00,3.339557645e-02,2.596976674e-02,1.255168957e-03,,false,0,2.650171639e+02,/mnt/pd/tema1/new/results/ml_samples/N1_sw0.15_x+1_i0035.h5
1,50,1.500000000e-01,1.000000000e+00,1,1.034558572e+00,1.369638272e+00,2024610593,main,rise,7.781000000e+00,2.619784664e-02,3.000762498e-02,9.947709413e-04,,false,0,2.169559687e+02,/mnt/pd/tema1/new/results/ml_samples/N1_sw0.15_x+1_i0041.h5
1,50,1.500000000e-01,1.000000000e+00,1,1.034558572e+00,1.369638272e+00,472117719,main,rise,1.118100000e+01,2.295407832e-02,2.470313846e-02,1.138496647e-03,,false,0,3.091643821e+02,/mnt/pd/tema1/new/results/ml_samples/N1_sw0.15_x+1_i0033.h5
1,50,1.500000000e-01,1.000000000e+00,1,1.034558572e+00,1.369638272e+00,1251084601,main,rise,2.232100000e+01,2.187569891e-02,1.641069011e-02,1.150896819e-03,,false,0,6.103534252e+02,/mnt/pd/tema1/new/results/ml_samples/N1_sw0.15_x+1_i0007.h5
1,50,1.500000000e-01,1.000000000e+00,1,1.034558572e+00,1.369638272e+00,40549848,main,fall,3.231000000e+00,2.640730070e-02,3.304917530e-02,1.276844919e-03,,false,0,9.327881635e+01,/mnt/pd/tema1/new/results/ml_samples/N1_sw0.15_x+1_i0069.h5
1,50,1.500000000e-01,1.000000000e+00,1,1.034558572e+00,1.369638272e+00,258740934,main,rise,9.761000000e+00,2.371528562e-02,2.009076853e-02,1.004882632e-03,,false,0,2.692847871e+02,/mnt/pd/tema1/new/results/ml_samples/N1_sw0.15_x+1_i0049.h5
1,50,1.500000000e-01,1.000000000e+00,1,1.034558572e+00,1.369638272e+00,902171098,main,fall,2.481000000e+00,3.452027761e-02,4.288998856e-02,1.593865034e-03,,false,0,7.218809348e+01,/mnt/pd/tema1/new/results/ml_samples/N1_sw0.15_x+1_i0081.h5
1,50,1.500000000e-01,1.000000000e+00,1,1.034558572e+00,1.369638272e+00,1421287706,main,rise,6.331000000e+00,3.067817839e-02,2.399077097e-02,1.304729622e-03,,false,0,1.785909376e+02,/mnt/pd/tema1/new/results/ml_samples/N1_sw0.15_x+1_i0067.h5
1,50,1.500000000e-01,1.000000000e+00,1,1.034558572e+00,1.369638272e+00,1484348476,main,fall,9.851000000e+00,1.951383266e-02,2.653861288e-02,9.367931534e-04,,false,0,2.737315645e+02,/mnt/pd/tema1/new/results/ml_samples/N1_sw0.15_x+1_i0055.h5
1,50,1.500000000e-01,1.000000000e+00,0,1.000000000e+00,1.323886640e+00,1884008969,main,rise,3.352100000e+01,2.562691754e-02,1.526593827e-02,1.346205811e-03,,false,0,9.070248722e+02,/mnt/pd/tema1/new/results/ml_samples/N1_sw0.15_x+0_i0181.h5
1,50,1.500000000e-01,1.000000000e+00,1,1.034558572e+00,1.369638272e+00,308157203,main,fall,2.047100000e+01,1.941990879e-02,1.989723836e-02,1.091387041e-03,,false,0,5.595421144e+02,/mnt/pd/tema1/new/results/ml_samples/N1_sw0.15_x+1_i0019.h5
1,50,1.500000000e-01,1.000000000e+00,1,1.034558572e+00,1.369638272e+00,295403379,main,rise,1.137100000e+01,2.281642313e-02,2.108185346e-02,9.650957446e-04,,false,0,3.116615622e+02,/mnt/pd/tema1/new/results/ml_samples/N1_sw0.15_x+1_i0053.h5
1,50,1.500000000e-01,1.000000000e+00,1,1.034558572e+00,1.369638272e+00,59011724,main,rise,9.601000000e+00,2.207103087e-02,2.431855386e-02,1.065100120e-03,,false,0,2.664090290e+02,/mnt/pd/tema1/new/results/ml_samples/N1_sw0.15_x+1_i0063.h5
1,50,1.500000000e-01,1.000000000e+00,1,1.034558572e+00,1.369638272e+00,1415074917,main,rise,2.240100000e+01,1.895130796e-02,1.832081823e-02,9.114552816e-04,,false,0,6.107218251e+02,/mnt/pd/tema1/new/results/ml_samples/N1_sw0.15_x+1_i0015.h5
1,50,1.500000000e-01,1.000000000e+00,1,1.034558572e+00,1.369638272e+00,1735625343,main,fall,1.029100000e+01,1.609984030e-02,2.449878329e-02,8.551104678e-04,,false,0,2.835261467e+02,/mnt/pd/tema1/new/results/ml_samples/N1_sw0.15_x+1_i0065.h5
1,50,1.500000000e-01,1.000000000e+00,1,1.034558572e+00,1.369638272e+00,701707679,main,rise,1.827100000e+01,2.000133657e-02,1.792401952e-02,1.067508542e-03,,false,0,5.005988279e+02,/mnt/pd/tema1/new/results/ml_samples/N1_sw0.15_x+1_i0039.h5
1,50,1.500000000e-01,1.000000000e+00,1,1.034558572e+00,1.369638272e+00,2092478444,main,fall,3.611000000e+00,2.574687284e-02,3.069751667e-02,1.076728716e-03,,false,0,1.040688118e+02,/mnt/pd/tema1/new/results/ml_samples/N1_sw0.15_x+1_i0093.h5
1,50,1.500000000e-01,1.000000000e+00,1,1.034558572e+00,1.369638272e+00,1750134345,main,rise,1.908100000e+01,2.032292400e-02,2.312716241e-02,1.132021212e-03,,false,0,5.224480405e+02,/mnt/pd/tema1/new/results/ml_samples/N1_sw0.15_x+1_i0037.h5
1,50,1.500000000e-01,1.000000000e+00,1,1.034558572e+00,1.369638272e+00,2038749170,main,rise,8.741000000e+00,3.142808345e-02,2.465435817e-02,1.208915286e-03,,false,0,2.426424086e+02,/mnt/pd/tema1/new/results/ml_samples/N1_sw0.15_x+1_i0079.h5
1,50,1.500000000e-01,1.000000000e+00,1,1.034558572e+00,1.369638272e+00,257726913,main,fall,1.605100000e+01,2.038325657e-02,1.831920087e-02,1.005460084e-03,,false,0,4.390319471e+02,/mnt/pd/tema1/new/results/ml_samples/N1_sw0.15_x+1_i0057.h5
1,50,1.500000000e-01,1.000000000e+00,1,1.034558572e+00,1.369638272e+00,354701352,main,rise,6.251000000e+00,2.907141158e-02,3.090567235e-02,1.438241071e-03,,false,0,1.748860008e+02,/mnt/pd/tema1/new/results/ml_samples/N1_sw0.15_x+1_i0097.h5
1,50,1.500000000e-01,1.000000000e+00,1,1.034558572e+00,1.369638272e+00,1073259548,main,rise,1.304100000e+01,2.773336585e-02,2.333000989e-02,1.253363334e-03,,false,0,3.602823020e+02,/mnt/pd/tema1/new/results/ml_samples/N1_sw0.15_x+1_i0075.h5
1,50,1.500000000e-01,1.000000000e+00,1,1.034558572e+00,1.369638272e+00,756148554,main,fall,1.411100000e+01,1.807937977e-02,2.169487749e-02,1.090344468e-03,,false,0,3.872622914e+02,/mnt/pd/tema1/new/results/ml_samples/N1_sw0.15_x+1_i0071.h5
1,50,1.500000000e-01,1.000000000e+00,1,1.034558572e+00,1.369638272e+00,170396300,main,rise,2.141100000e+01,2.164541379e-02,1.818199741e-02,1.088951079e-03,,false,0,5.838163040e+02,/mnt/pd/tema1/new/results/ml_samples/N1_sw0.15_x+1_i0043.h5
1,50,1.500000000e-01,1.000000000e+00,1,1.034558572e+00,1.369638272e+00,1014758662,main,rise,1.779100000e+01,2.130969605e-02,2.350492331e-02,9.652002851e-04,,false,0,4.856074002e+02,/mnt/pd/tema1/new/results/ml_samples/N1_sw0.15_x+1_i0061.h5
1,50,1.500000000e-01,1.000000000e+00,0,1.000000000e+00,1.323886640e+00,1331177761,main,timeout,6.000100000e+01,2.030518293e-02,1.404511872e-02,1.287211078e-03,,false,0,1.624983433e+03,/mnt/pd/tema1/new/results/ml_samples/N1_sw0.15_x+0_i0131.h5
1,50,1.500000000e-01,1.000000000e+00,1,1.034558572e+00,1.369638272e+00,547880137,main,fall,8.971000000e+00,2.359690812e-02,2.864097139e-02,1.092621395e-03,,false,0,2.487413501e+02,/mnt/pd/tema1/new/results/ml_samples/N1_sw0.15_x+1_i0091.h5
1,50,1.500000000e-01,1.000000000e+00,0,1.000000000e+00,1.323886640e+00,414258450,main,timeout,6.000100000e+01,2.037662895e-02,1.304406029e-02,1.094951403e-03,,false,0,1.623767595e+03,/mnt/pd/tema1/new/results/ml_samples/N1_sw0.15_x+0_i0133.h5
1,50,1.500000000e-01,1.000000000e+00,1,1.034558572e+00,1.369638272e+00,552589262,main,rise,7.211000000e+00,2.327925366e-02,3.208015199e-02,1.011759588e-03,,false,0,2.002145686e+02,/mnt/pd/tema1/new/results/ml_samples/N1_sw0.15_x+1_i0101.h5
1,50,1.500000000e-01,1.000000000e+00,1,1.034558572e+00,1.369638272e+00,1428749490,main,rise,1.003100000e+01,3.300512681e-02,3.059652261e-02,1.295310327e-03,,false,0,2.760712945e+02,/mnt/pd/tema1/new/results/ml_samples/N1_sw0.15_x+1_i0089.h5
1,50,1.500000000e-01,1.000000000e+00,1,1.034558572e+00,1.369638272e+00,607490967,main,fall,1.179100000e+01,1.891780164e-02,2.375988655e-02,9.409314616e-04,,false,0,3.238260513e+02,/mnt/pd/tema1/new/results/ml_samples/N1_sw0.15_x+1_i0085.h5
1,50,1.500000000e-01,1.000000000e+00,1,1.034558572e+00,1.369638272e+00,1354251479,main,fall,2.941000000e+00,3.941910785e-02,4.727557174e-02,1.274620898e-03,,false,0,8.575043746e+01,/mnt/pd/tema1/new/results/ml_samples/N1_sw0.15_x+1_i0117.h5
1,50,1.500000000e-01,1.000000000e+00,1,1.034558572e+00,1.369638272e+00,502513535,main,rise,2.256100000e+01,1.818307418e-02,1.480612337e-02,9.081065423e-04,,false,0,6.191158140e+02,/mnt/pd/tema1/new/results/ml_samples/N1_sw0.15_x+1_i0059.h5
1,50,1.500000000e-01,1.000000000e+00,1,1.034558572e+00,1.369638272e+00,1897310403,main,rise,4.005100000e+01,1.999481841e-02,1.410257268e-02,1.023630673e-03,,false,0,1.092091651e+03,/mnt/pd/tema1/new/results/ml_samples/N1_sw0.15_x+1_i0005.h5
1,50,1.500000000e-01,1.000000000e+00,1,1.034558572e+00,1.369638272e+00,1222987129,main,rise,9.731000000e+00,2.393156584e-02,2.539089607e-02,1.076784260e-03,,false,0,2.696398811e+02,/mnt/pd/tema1/new/results/ml_samples/N1_sw0.15_x+1_i0103.h5
1,50,1.500000000e-01,1.000000000e+00,1,1.034558572e+00,1.369638272e+00,1441791550,main,fall,1.578100000e+01,2.042065144e-02,2.452691962e-02,9.622595042e-04,,false,0,4.345699537e+02,/mnt/pd/tema1/new/results/ml_samples/N1_sw0.15_x+1_i0087.h5
1,50,1.500000000e-01,1.000000000e+00,1,1.034558572e+00,1.369638272e+00,630207624,main,fall,1.551100000e+01,2.196783417e-02,2.410135628e-02,1.119514753e-03,,false,0,4.241077609e+02,/mnt/pd/tema1/new/results/ml_samples/N1_sw0.15_x+1_i0095.h5
1,50,1.500000000e-01,1.000000000e+00,1,1.034558572e+00,1.369638272e+00,181526378,main,fall,8.451000000e+00,2.538840697e-02,2.573781949e-02,1.190495548e-03,,false,0,2.335943804e+02,/mnt/pd/tema1/new/results/ml_samples/N1_sw0.15_x+1_i0121.h5
1,50,1.500000000e-01,1.000000000e+00,1,1.034558572e+00,1.369638272e+00,1173094038,main,rise,1.327100000e+01,2.377311947e-02,2.113415761e-02,1.242377644e-03,,false,0,3.640017578e+02,/mnt/pd/tema1/new/results/ml_samples/N1_sw0.15_x+1_i0109.h5
1,50,1.500000000e-01,1.000000000e+00,0,1.000000000e+00,1.323886640e+00,162239564,main,timeout,6.000100000e+01,1.849573709e-02,1.427019485e-02,9.900948045e-04,,false,0,1.626363713e+03,/mnt/pd/tema1/new/results/ml_samples/N1_sw0.15_x+0_i0163.h5
1,50,1.500000000e-01,1.000000000e+00,1,1.034558572e+00,1.369638272e+00,427306751,main,rise,1.130100000e+01,2.323511335e-02,2.182459408e-02,8.712845274e-04,,false,0,3.116904399e+02,/mnt/pd/tema1/new/results/ml_samples/N1_sw0.15_x+1_i0115.h5
1,50,1.500000000e-01,1.000000000e+00,1,1.034558572e+00,1.369638272e+00,1849463575,main,rise,2.238100000e+01,1.939844261e-02,2.012074505e-02,9.873383958e-04,,false,0,6.099095702e+02,/mnt/pd/tema1/new/results/ml_samples/N1_sw0.15_x+1_i0083.h5
1,50,1.500000000e-01,1.000000000e+00,1,1.034558572e+00,1.369638272e+00,2007127651,main,fall,3.194100000e+01,1.635927418e-02,1.568030267e-02,1.140790822e-03,,false,0,8.694782952e+02,/mnt/pd/tema1/new/results/ml_samples/N1_sw0.15_x+1_i0051.h5
1,50,1.500000000e-01,1.000000000e+00,1,1.034558572e+00,1.369638272e+00,1620555363,main,rise,1.097100000e+01,2.965456518e-02,2.372025457e-02,1.554852536e-03,,false,0,3.030101990e+02,/mnt/pd/tema1/new/results/ml_samples/N1_sw0.15_x+1_i0125.h5
1,50,1.500000000e-01,1.000000000e+00,1,1.034558572e+00,1.369638272e+00,740809022,main,fall,1.939100000e+01,2.065477129e-02,1.843876702e-02,1.293456194e-03,,false,0,5.285966077e+02,/mnt/pd/tema1/new/results/ml_samples/N1_sw0.15_x+1_i0099.h5
1,50,1.500000000e-01,1.000000000e+00,1,1.034558572e+00,1.369638272e+00,1350592909,main,rise,7.471000000e+00,2.515580364e-02,2.615760472e-02,9.266711746e-04,,false,0,2.084471766e+02,/mnt/pd/tema1/new/results/ml_samples/N1_sw0.15_x+1_i0139.h5
1,50,1.500000000e-01,1.000000000e+00,0,1.000000000e+00,1.323886640e+00,660194780,main,rise,4.990100000e+01,2.445884441e-02,1.292876785e-02,1.349662618e-03,,false,0,1.356188898e+03,/mnt/pd/tema1/new/results/ml_samples/N1_sw0.15_x+0_i0199.h5
1,50,1.500000000e-01,1.000000000e+00,1,1.034558572e+00,1.369638272e+00,817283998,main,rise,1.833100000e+01,2.420790415e-02,2.260736945e-02,1.137578988e-03,,false,0,5.053450016e+02,/mnt/pd/tema1/new/results/ml_samples/N1_sw0.15_x+1_i0105.h5
1,50,1.500000000e-01,1.000000000e+00,1,1.034558572e+00,1.369638272e+00,725872065,main,rise,1.368100000e+01,2.181681476e-02,2.083425988e-02,1.260733621e-03,,false,0,3.761760223e+02,/mnt/pd/tema1/new/results/ml_samples/N1_sw0.15_x+1_i0129.h5
1,50,1.500000000e-01,1.000000000e+00,1,1.034558572e+00,1.369638272e+00,347432741,main,rise,5.101000000e+00,3.117548254e-02,3.046912500e-02,1.240146447e-03,,false,0,1.441122045e+02,/mnt/pd/tema1/new/results/ml_samples/N1_sw0.15_x+1_i0149.h5
1,50,1.500000000e-01,1.000000000e+00,1,1.034558572e+00,1.369638272e+00,1560193610,main,rise,9.541000000e+00,2.372087070e-02,2.581541886e-02,1.046781664e-03,,false,0,2.663886381e+02,/mnt/pd/tema1/new/results/ml_samples/N1_sw0.15_x+1_i0141.h5
1,50,1.500000000e-01,1.000000000e+00,1,1.034558572e+00,1.369638272e+00,801511779,main,rise,1.957100000e+01,1.988900361e-02,1.720546823e-02,1.065061245e-03,,false,0,5.370860570e+02,/mnt/pd/tema1/new/results/ml_samples/N1_sw0.15_x+1_i0107.h5
1,50,1.500000000e-01,1.000000000e+00,1,1.034558572e+00,1.369638272e+00,1367426746,main,fall,7.121000000e+00,3.137501602e-02,2.723704391e-02,1.292850206e-03,,false,0,1.981714708e+02,/mnt/pd/tema1/new/results/ml_samples/N1_sw0.15_x+1_i0147.h5
1,50,1.500000000e-01,1.000000000e+00,1,1.034558572e+00,1.369638272e+00,465254798,main,rise,3.009100000e+01,1.803649021e-02,1.414818207e-02,9.048323929e-04,,false,0,8.172199686e+02,/mnt/pd/tema1/new/results/ml_samples/N1_sw0.15_x+1_i0077.h5
1,50,1.500000000e-01,1.000000000e+00,1,1.034558572e+00,1.369638272e+00,842496248,main,rise,4.430100000e+01,1.872249554e-02,1.416981359e-02,9.017173243e-04,,false,0,1.203453289e+03,/mnt/pd/tema1/new/results/ml_samples/N1_sw0.15_x+1_i0027.h5
1,50,1.500000000e-01,1.000000000e+00,1,1.034558572e+00,1.369638272e+00,756184277,main,rise,1.647100000e+01,2.325047574e-02,2.243089350e-02,1.119471499e-03,,false,0,4.524487329e+02,/mnt/pd/tema1/new/results/ml_samples/N1_sw0.15_x+1_i0127.h5
1,50,1.500000000e-01,1.000000000e+00,1,1.034558572e+00,1.369638272e+00,826127073,main,fall,4.361000000e+00,2.891436919e-02,3.469285002e-02,1.370604486e-03,,false,0,1.244549087e+02,/mnt/pd/tema1/new/results/ml_samples/N1_sw0.15_x+1_i0167.h5
1,50,1.500000000e-01,1.000000000e+00,1,1.034558572e+00,1.369638272e+00,479974689,main,fall,2.781000000e+00,2.868075127e-02,4.716624238e-02,9.545029715e-04,,false,0,8.078198939e+01,/mnt/pd/tema1/new/results/ml_samples/N1_sw0.15_x+1_i0177.h5
1,50,1.500000000e-01,1.000000000e+00,1,1.034558572e+00,1.369638272e+00,1410111846,main,rise,2.122100000e+01,2.212446485e-02,1.969881878e-02,1.171088478e-03,,false,0,5.796310898e+02,/mnt/pd/tema1/new/results/ml_samples/N1_sw0.15_x+1_i0113.h5
1,50,1.500000000e-01,1.000000000e+00,1,1.034558572e+00,1.369638272e+00,2121068905,main,rise,1.301100000e+01,2.575959675e-02,1.965310659e-02,1.066868741e-03,,false,0,3.558844310e+02,/mnt/pd/tema1/new/results/ml_samples/N1_sw0.15_x+1_i0145.h5
1,50,1.500000000e-01,1.000000000e+00,1,1.034558572e+00,1.369638272e+00,1035928751,main,fall,4.421000000e+00,2.096493477e-02,3.084250746e-02,1.031122553e-03,,false,0,1.256349019e+02,/mnt/pd/tema1/new/results/ml_samples/N1_sw0.15_x+1_i0179.h5
1,50,1.500000000e-01,1.000000000e+00,1,1.034558572e+00,1.369638272e+00,1576262593,main,rise,2.184100000e+01,1.691830427e-02,1.922052128e-02,1.058880130e-03,,false,0,5.983549042e+02,/mnt/pd/tema1/new/results/ml_samples/N1_sw0.15_x+1_i0119.h5
1,50,1.500000000e-01,1.000000000e+00,1,1.034558572e+00,1.369638272e+00,398503937,main,rise,6.691000000e+00,2.248413788e-02,2.465961195e-02,9.498416689e-04,,false,0,1.884000432e+02,/mnt/pd/tema1/new/results/ml_samples/N1_sw0.15_x+1_i0169.h5
1,50,1.500000000e-01,1.000000000e+00,1,1.034558572e+00,1.369638272e+00,657391384,main,rise,5.009100000e+01,2.072703994e-02,1.461753129e-02,1.178719064e-03,,false,0,1.364394907e+03,/mnt/pd/tema1/new/results/ml_samples/N1_sw0.15_x+1_i0023.h5
1,50,1.500000000e-01,1.000000000e+00,1,1.034558572e+00,1.369638272e+00,1422439735,main,rise,2.015100000e+01,2.293117581e-02,1.638279442e-02,1.244838808e-03,,false,0,5.525799215e+02,/mnt/pd/tema1/new/results/ml_samples/N1_sw0.15_x+1_i0137.h5
1,50,1.500000000e-01,1.000000000e+00,1,1.034558572e+00,1.369638272e+00,1444751410,main,rise,1.283100000e+01,2.118998525e-02,1.998426785e-02,1.027843547e-03,,false,0,3.521292191e+02,/mnt/pd/tema1/new/results/ml_samples/N1_sw0.15_x+1_i0161.h5
1,50,1.500000000e-01,1.000000000e+00,1,1.034558572e+00,1.369638272e+00,1129807212,main,rise,9.611000000e+00,2.223465849e-02,2.734270095e-02,9.850961144e-04,,false,0,2.677910791e+02,/mnt/pd/tema1/new/results/ml_samples/N1_sw0.15_x+1_i0175.h5
1,50,1.500000000e-01,1.000000000e+00,1,1.034558572e+00,1.369638272e+00,458734479,main,fall,2.447100000e+01,1.867403619e-02,1.495812396e-02,9.923068716e-04,,false,0,6.648687299e+02,/mnt/pd/tema1/new/results/ml_samples/N1_sw0.15_x+1_i0131.h5
1,50,1.500000000e-01,1.000000000e+00,1,1.034558572e+00,1.369638272e+00,588949070,main,rise,3.101100000e+01,2.087931900e-02,1.524481224e-02,1.035629150e-03,,false,0,8.419889891e+02,/mnt/pd/tema1/new/results/ml_samples/N1_sw0.15_x+1_i0111.h5
1,50,1.500000000e-01,1.000000000e+00,1,1.034558572e+00,1.369638272e+00,667544195,main,rise,1.841100000e+01,2.265851585e-02,1.628700075e-02,1.018626612e-03,,false,0,5.028733044e+02,/mnt/pd/tema1/new/results/ml_samples/N1_sw0.15_x+1_i0151.h5
1,50,1.500000000e-01,1.000000000e+00,1,1.034558572e+00,1.369638272e+00,365740662,main,fall,1.009100000e+01,1.802916139e-02,2.304705564e-02,1.035096814e-03,,false,0,2.789608040e+02,/mnt/pd/tema1/new/results/ml_samples/N1_sw0.15_x+1_i0187.h5
1,50,1.500000000e-01,1.000000000e+00,1,1.034558572e+00,1.369638272e+00,1321228713,main,rise,1.571100000e+01,2.336210181e-02,2.378574158e-02,1.287411935e-03,,false,0,4.319300518e+02,/mnt/pd/tema1/new/results/ml_samples/N1_sw0.15_x+1_i0165.h5
1,50,1.500000000e-01,1.000000000e+00,1,1.034558572e+00,1.369638272e+00,146431710,main,rise,5.965100000e+01,2.183586492e-02,1.304780145e-02,1.201345316e-03,,false,0,1.623630020e+03,/mnt/pd/tema1/new/results/ml_samples/N1_sw0.15_x+1_i0021.h5
1,50,1.500000000e-01,1.000000000e+00,1,1.034558572e+00,1.369638272e+00,964594002,main,rise,1.301100000e+01,2.741012644e-02,1.662463040e-02,1.146394101e-03,,false,0,3.579314641e+02,/mnt/pd/tema1/new/results/ml_samples/N1_sw0.15_x+1_i0185.h5
1,50,1.500000000e-01,1.000000000e+00,2,1.069117145e+00,1.415389904e+00,129947548,main,rise,6.171000000e+00,4.072437964e-02,2.854376708e-02,1.376186729e-03,,false,0,1.727637519e+02,/mnt/pd/tema1/new/results/ml_samples/N1_sw0.15_x+2_i0005.h5
1,50,1.500000000e-01,1.000000000e+00,1,1.034558572e+00,1.369638272e+00,149177026,main,rise,1.169100000e+01,2.293312240e-02,2.299466469e-02,8.382135988e-04,,false,0,3.221957117e+02,/mnt/pd/tema1/new/results/ml_samples/N1_sw0.15_x+1_i0191.h5
1,50,1.500000000e-01,1.000000000e+00,1,1.034558572e+00,1.369638272e+00,1849343658,main,rise,2.243100000e+01,1.986906322e-02,1.822069416e-02,1.344853252e-03,,false,0,6.115789222e+02,/mnt/pd/tema1/new/results/ml_samples/N1_sw0.15_x+1_i0153.h5
1,50,1.500000000e-01,1.000000000e+00,1,1.034558572e+00,1.369638272e+00,466353040,main,rise,1.240100000e+01,2.144454295e-02,2.174090193e-02,1.000550995e-03,,false,0,3.404507029e+02,/mnt/pd/tema1/new/results/ml_samples/N1_sw0.15_x+1_i0199.h5
1,50,1.500000000e-01,1.000000000e+00,1,1.034558572e+00,1.369638272e+00,1981957756,main,rise,1.978100000e+01,1.898318443e-02,1.803819521e-02,1.106176923e-03,,false,0,5.382306109e+02,/mnt/pd/tema1/new/results/ml_samples/N1_sw0.15_x+1_i0171.h5
1,50,1.500000000e-01,1.000000000e+00,1,1.034558572e+00,1.369638272e+00,1104987139,main,rise,1.354100000e+01,2.036454620e-02,1.998913647e-02,1.002051469e-03,,false,0,3.730851005e+02,/mnt/pd/tema1/new/results/ml_samples/N1_sw0.15_x+1_i0193.h5
1,50,1.500000000e-01,1.000000000e+00,2,1.069117145e+00,1.415389904e+00,534217184,main,rise,1.029100000e+01,2.001670737e-02,1.943064863e-02,9.960075163e-04,,false,0,2.845407348e+02,/mnt/pd/tema1/new/results/ml_samples/N1_sw0.15_x+2_i0001.h5
1,50,1.500000000e-01,1.000000000e+00,1,1.034558572e+00,1.369638272e+00,1824196460,main,rise,2.390100000e+01,2.420747106e-02,1.884718845e-02,1.038614309e-03,,false,0,6.506869628e+02,/mnt/pd/tema1/new/results/ml_samples/N1_sw0.15_x+1_i0155.h5
1,50,1.500000000e-01,1.000000000e+00,1,1.034558572e+00,1.369638272e+00,1423675085,main,rise,1.843100000e+01,2.682579919e-02,2.289185481e-02,1.188830109e-03,,false,0,5.056878492e+02,/mnt/pd/tema1/new/results/ml_samples/N1_sw0.15_x+1_i0183.h5
1,50,1.500000000e-01,1.000000000e+00,1,1.034558572e+00,1.369638272e+00,2030286806,main,fall,3.632100000e+01,1.881375472e-02,1.528139831e-02,9.807751787e-04,,false,0,9.852310902e+02,/mnt/pd/tema1/new/results/ml_samples/N1_sw0.15_x+1_i0123.h5
1,50,1.500000000e-01,1.000000000e+00,2,1.069117145e+00,1.415389904e+00,1622183690,main,rise,1.181100000e+01,2.575873913e-02,2.279464387e-02,1.407437154e-03,,false,0,3.251662844e+02,/mnt/pd/tema1/new/results/ml_samples/N1_sw0.15_x+2_i0003.h5
1,50,1.500000000e-01,1.000000000e+00,2,1.069117145e+00,1.415389904e+00,1673711535,main,rise,4.991000000e+00,3.499712458e-02,2.490974856e-02,1.297427482e-03,,false,0,1.401272314e+02,/mnt/pd/tema1/new/results/ml_samples/N1_sw0.15_x+2_i0021.h5
1,50,1.500000000e-01,1.000000000e+00,1,1.034558572e+00,1.369638272e+00,1623632773,main,rise,1.521100000e+01,2.235087897e-02,2.151281967e-02,1.029576867e-03,,false,0,4.177608357e+02,/mnt/pd/tema1/new/results/ml_samples/N1_sw0.15_x+1_i0195.h5
1,50,1.500000000e-01,1.000000000e+00,1,1.034558572e+00,1.369638272e+00,1822059836,main,rise,3.622100000e+01,1.912210826e-02,1.429706017e-02,1.053629086e-03,,false,0,9.851528777e+02,/mnt/pd/tema1/new/results/ml_samples/N1_sw0.15_x+1_i0133.h5
1,50,1.500000000e-01,1.000000000e+00,2,1.069117145e+00,1.415389904e+00,219933538,main,rise,1.010100000e+01,1.876322872e-02,2.226357082e-02,9.385298161e-04,,false,0,2.794061963e+02,/mnt/pd/tema1/new/results/ml_samples/N1_sw0.15_x+2_i0011.h5
1,50,1.500000000e-01,1.000000000e+00,2,1.069117145e+00,1.415389904e+00,1161767672,main,rise,9.861000000e+00,2.089364596e-02,2.218671862e-02,9.103488661e-04,,false,0,2.716603656e+02,/mnt/pd/tema1/new/results/ml_samples/N1_sw0.15_x+2_i0015.h5
1,50,1.500000000e-01,1.000000000e+00,2,1.069117145e+00,1.415389904e+00,886260854,main,rise,1.388100000e+01,2.365365161e-02,2.162890477e-02,1.071825970e-03,,false,0,3.802892510e+02,/mnt/pd/tema1/new/results/ml_samples/N1_sw0.15_x+2_i0007.h5
1,50,1.500000000e-01,1.000000000e+00,2,1.069117145e+00,1.415389904e+00,2118338758,main,rise,4.581000000e+00,3.109712478e-02,3.572434527e-02,1.032139926e-03,,false,0,1.290122010e+02,/mnt/pd/tema1/new/results/ml_samples/N1_sw0.15_x+2_i0035.h5
1,50,1.500000000e-01,1.000000000e+00,1,1.034558572e+00,1.369638272e+00,177471949,main,rise,2.915100000e+01,1.914517605e-02,1.925807187e-02,1.051887719e-03,,false,0,7.892517305e+02,/mnt/pd/tema1/new/results/ml_samples/N1_sw0.15_x+1_i0157.h5
1,50,1.500000000e-01,1.000000000e+00,2,1.069117145e+00,1.415389904e+00,1781010751,main,rise,5.251000000e+00,2.912680892e-02,2.972485021e-02,1.049027351e-03,,false,0,1.476513687e+02,/mnt/pd/tema1/new/results/ml_samples/N1_sw0.15_x+2_i0031.h5
1,50,1.500000000e-01,1.000000000e+00,2,1.069117145e+00,1.415389904e+00,1968003900,main,rise,7.171000000e+00,2.652983207e-02,2.035615373e-02,9.859599658e-04,,false,0,1.994608702e+02,/mnt/pd/tema1/new/results/ml_samples/N1_sw0.15_x+2_i0025.h5
1,50,1.500000000e-01,1.000000000e+00,1,1.034558572e+00,1.369638272e+00,536341272,main,rise,2.556100000e+01,2.367122550e-02,1.640657294e-02,1.179538449e-03,,false,0,6.982078853e+02,/mnt/pd/tema1/new/results/ml_samples/N1_sw0.15_x+1_i0173.h5
1,50,1.500000000e-01,1.000000000e+00,1,1.034558572e+00,1.369638272e+00,100569208,main,fall,2.934100000e+01,2.336529836e-02,1.802384561e-02,1.254399099e-03,,false,0,7.969939662e+02,/mnt/pd/tema1/new/results/ml_samples/N1_sw0.15_x+1_i0159.h5
1,50,1.500000000e-01,1.000000000e+00,1,1.034558572e+00,1.369638272e+00,1385558370,main,rise,3.446100000e+01,2.395094108e-02,1.892902627e-02,1.169125062e-03,,false,0,9.401660826e+02,/mnt/pd/tema1/new/results/ml_samples/N1_sw0.15_x+1_i0143.h5
1,50,1.500000000e-01,1.000000000e+00,2,1.069117145e+00,1.415389904e+00,510936612,main,rise,1.048100000e+01,2.406489125e-02,2.562381647e-02,1.071446382e-03,,false,0,2.893733371e+02,/mnt/pd/tema1/new/results/ml_samples/N1_sw0.15_x+2_i0017.h5
1,50,1.500000000e-01,1.000000000e+00,1,1.034558572e+00,1.369638272e+00,116303033,main,rise,2.178100000e+01,2.015663222e-02,1.886440253e-02,1.016297556e-03,,false,0,5.935433329e+02,/mnt/pd/tema1/new/results/ml_samples/N1_sw0.15_x+1_i0189.h5
1,50,1.500000000e-01,1.000000000e+00,1,1.034558572e+00,1.369638272e+00,816141589,main,fall,3.934100000e+01,1.898229791e-02,1.327660324e-02,1.120634803e-03,,false,0,1.071790885e+03,/mnt/pd/tema1/new/results/ml_samples/N1_sw0.15_x+1_i0135.h5
1,50,1.500000000e-01,1.000000000e+00,2,1.069117145e+00,1.415389904e+00,1456949830,main,rise,7.081000000e+00,2.305849338e-02,2.432594305e-02,1.004033065e-03,,false,0,1.963048119e+02,/mnt/pd/tema1/new/results/ml_samples/N1_sw0.15_x+2_i0039.h5
1,50,1.500000000e-01,1.000000000e+00,2,1.069117145e+00,1.415389904e+00,1350878037,main,rise,9.151000000e+00,2.402661323e-02,2.512517209e-02,1.115715460e-03,,false,0,2.522117276e+02,/mnt/pd/tema1/new/results/ml_samples/N1_sw0.15_x+2_i0033.h5
1,50,1.500000000e-01,1.000000000e+00,2,1.069117145e+00,1.415389904e+00,1360006571,main,rise,7.521000000e+00,3.565671327e-02,2.427640183e-02,1.430013623e-03,,false,0,2.097468954e+02,/mnt/pd/tema1/new/results/ml_samples/N1_sw0.15_x+2_i0041.h5
1,50,1.500000000e-01,1.000000000e+00,2,1.069117145e+00,1.415389904e+00,633073418,main,rise,1.003100000e+01,2.765023027e-02,2.711291418e-02,1.042086355e-03,,false,0,2.769115512e+02,/mnt/pd/tema1/new/results/ml_samples/N1_sw0.15_x+2_i0027.h5
1,50,1.500000000e-01,1.000000000e+00,2,1.069117145e+00,1.415389904e+00,188615295,main,rise,7.381000000e+00,2.922699425e-02,1.877580770e-02,1.280915369e-03,,false,0,2.057820272e+02,/mnt/pd/tema1/new/results/ml_samples/N1_sw0.15_x+2_i0045.h5
1,50,1.500000000e-01,1.000000000e+00,2,1.069117145e+00,1.415389904e+00,1233709947,main,rise,5.771000000e+00,2.949907547e-02,3.601188640e-02,1.027030323e-03,,false,0,1.623922153e+02,/mnt/pd/tema1/new/results/ml_samples/N1_sw0.15_x+2_i0049.h5
1,50,1.500000000e-01,1.000000000e+00,2,1.069117145e+00,1.415389904e+00,609212680,main,rise,1.272100000e+01,2.136559745e-02,2.222714943e-02,8.769218615e-04,,false,0,3.490426964e+02,/mnt/pd/tema1/new/results/ml_samples/N1_sw0.15_x+2_i0023.h5
1,50,1.500000000e-01,1.000000000e+00,2,1.069117145e+00,1.415389904e+00,1173660262,main,rise,8.251000000e+00,3.173344392e-02,2.745403431e-02,1.277281548e-03,,false,0,2.284878121e+02,/mnt/pd/tema1/new/results/ml_samples/N1_sw0.15_x+2_i0043.h5
1,50,1.500000000e-01,1.000000000e+00,1,1.034558572e+00,1.369638272e+00,398746277,main,rise,5.973100000e+01,1.605201851e-02,1.271623811e-02,9.393760270e-04,,false,0,1.621542934e+03,/mnt/pd/tema1/new/results/ml_samples/N1_sw0.15_x+1_i0073.h5
1,50,1.500000000e-01,1.000000000e+00,2,1.069117145e+00,1.415389904e+00,290604548,main,rise,4.931000000e+00,2.652756739e-02,2.634243422e-02,9.121671881e-04,,false,0,1.383423425e+02,/mnt/pd/tema1/new/results/ml_samples/N1_sw0.15_x+2_i0061.h5
1,50,1.500000000e-01,1.000000000e+00,2,1.069117145e+00,1.415389904e+00,1857039367,main,rise,5.421000000e+00,2.010730947e-02,1.973059412e-02,9.122377589e-04,,false,0,1.513322015e+02,/mnt/pd/tema1/new/results/ml_samples/N1_sw0.15_x+2_i0057.h5
1,50,1.500000000e-01,1.000000000e+00,2,1.069117145e+00,1.415389904e+00,1230540227,main,rise,7.261000000e+00,2.779583353e-02,3.150671466e-02,1.011153480e-03,,false,0,2.010926871e+02,/mnt/pd/tema1/new/results/ml_samples/N1_sw0.15_x+2_i0047.h5
1,50,1.500000000e-01,1.000000000e+00,2,1.069117145e+00,1.415389904e+00,210690250,main,rise,6.461000000e+00,3.296423046e-02,3.221869629e-02,1.292335027e-03,,false,0,1.805637436e+02,/mnt/pd/tema1/new/results/ml_samples/N1_sw0.15_x+2_i0055.h5
1,50,1.500000000e-01,1.000000000e+00,2,1.069117145e+00,1.415389904e+00,386134628,main,rise,1.026100000e+01,2.689986154e-02,2.701569222e-02,1.367752950e-03,,false,0,2.843473199e+02,/mnt/pd/tema1/new/results/ml_samples/N1_sw0.15_x+2_i0037.h5
1,50,1.500000000e-01,1.000000000e+00,2,1.069117145e+00,1.415389904e+00,329757588,main,rise,5.891000000e+00,3.198540689e-02,3.193551104e-02,1.223115066e-03,,false,0,1.651593814e+02,/mnt/pd/tema1/new/results/ml_samples/N1_sw0.15_x+2_i0059.h5
1,50,1.500000000e-01,1.000000000e+00,2,1.069117145e+00,1.415389904e+00,619931314,main,fall,7.641000000e+00,2.943553516e-02,2.382443290e-02,1.419221343e-03,,false,0,2.127387553e+02,/mnt/pd/tema1/new/results/ml_samples/N1_sw0.15_x+2_i0063.h5
1,50,1.500000000e-01,1.000000000e+00,2,1.069117145e+00,1.415389904e+00,877062640,main,rise,1.685100000e+01,2.104292823e-02,1.868833933e-02,9.796303181e-04,,false,0,4.620518212e+02,/mnt/pd/tema1/new/results/ml_samples/N1_sw0.15_x+2_i0019.h5
1,50,1.500000000e-01,1.000000000e+00,2,1.069117145e+00,1.415389904e+00,1665132476,main,rise,9.121000000e+00,2.392306753e-02,2.073531332e-02,1.055757815e-03,,false,0,2.519753350e+02,/mnt/pd/tema1/new/results/ml_samples/N1_sw0.15_x+2_i0053.h5
1,50,1.500000000e-01,1.000000000e+00,2,1.069117145e+00,1.415389904e+00,2110626845,main,rise,9.231000000e+00,2.341926256e-02,2.386197733e-02,1.052400052e-03,,false,0,2.547060405e+02,/mnt/pd/tema1/new/results/ml_samples/N1_sw0.15_x+2_i0051.h5
1,50,1.500000000e-01,1.000000000e+00,2,1.069117145e+00,1.415389904e+00,1539888369,main,rise,7.591000000e+00,2.878104314e-02,2.733999287e-02,1.306116086e-03,,false,0,2.118846967e+02,/mnt/pd/tema1/new/results/ml_samples/N1_sw0.15_x+2_i0067.h5
1,50,1.500000000e-01,1.000000000e+00,2,1.069117145e+00,1.415389904e+00,1430900865,main,rise,2.084100000e+01,2.173436781e-02,1.676549702e-02,1.009150815e-03,,false,0,5.667258127e+02,/mnt/pd/tema1/new/results/ml_samples/N1_sw0.15_x+2_i0009.h5
1,50,1.500000000e-01,1.000000000e+00,2,1.069117145e+00,1.415389904e+00,187012127,main,rise,8.161000000e+00,2.856963012e-02,2.507062961e-02,1.105837076e-03,,false,0,2.257201126e+02,/mnt/pd/tema1/new/results/ml_samples/N1_sw0.15_x+2_i0065.h5
1,50,1.500000000e-01,1.000000000e+00,2,1.069117145e+00,1.415389904e+00,358227296,main,fall,3.371000000e+00,3.523089107e-02,5.120782156e-02,1.445958720e-03,,false,0,9.744208250e+01,/mnt/pd/tema1/new/results/ml_samples/N1_sw0.15_x+2_i0099.h5
1,50,1.500000000e-01,1.000000000e+00,4,1.138234290e+00,1.506893169e+00,1033914174,main,rise,5.271000000e+00,3.289907199e-02,3.045175755e-02,1.247565974e-03,,false,0,1.483624322e+02,/mnt/pd/tema1/new/results/ml_samples/N1_sw0.15_x+4_i0001.h5
1,50,1.500000000e-01,1.000000000e+00,4,1.138234290e+00,1.506893169e+00,6724484,main,rise,3.211000000e+00,3.593160320e-02,3.566272760e-02,9.564901744e-04,,false,0,9.224876733e+01,/mnt/pd/tema1/new/results/ml_samples/N1_sw0.15_x+4_i0011.h5
1,50,1.500000000e-01,1.000000000e+00,4,1.138234290e+00,1.506893169e+00,31443127,main,rise,6.371000000e+00,2.803000735e-02,3.506887138e-02,8.292901304e-04,,false,0,1.788118883e+02,/mnt/pd/tema1/new/results/ml_samples/N1_sw0.15_x+4_i0003.h5
1,50,1.500000000e-01,1.000000000e+00,4,1.138234290e+00,1.506893169e+00,560380048,main,rise,3.671000000e+00,3.798865901e-02,2.881575992e-02,1.096220545e-03,,false,0,1.062586282e+02,/mnt/pd/tema1/new/results/ml_samples/N1_sw0.15_x+4_i0017.h5
1,50,1.500000000e-01,1.000000000e+00,2,1.069117145e+00,1.415389904e+00,80939213,main,rise,7.481000000e+00,2.541784861e-02,2.875773232e-02,9.025058333e-04,,false,0,2.081706710e+02,/mnt/pd/tema1/new/results/ml_samples/N1_sw0.15_x+2_i0091.h5
1,50,1.500000000e-01,1.000000000e+00,2,1.069117145e+00,1.415389904e+00,504381060,main,rise,1.138100000e+01,2.820584025e-02,2.044729505e-02,1.057906415e-03,,false,0,3.131275418e+02,/mnt/pd/tema1/new/results/ml_samples/N1_sw0.15_x+2_i0071.h5
1,50,1.500000000e-01,1.000000000e+00,2,1.069117145e+00,1.415389904e+00,2105215263,main,rise,7.201000000e+00,2.344992392e-02,2.739244844e-02,9.870750563e-04,,false,0,2.006097403e+02,/mnt/pd/tema1/new/results/ml_samples/N1_sw0.15_x+2_i0097.h5
1,50,1.500000000e-01,1.000000000e+00,2,1.069117145e+00,1.415389904e+00,1129836113,main,rise,7.731000000e+00,2.454839063e-02,2.894100975e-02,9.129038094e-04,,false,0,2.139312779e+02,/mnt/pd/tema1/new/results/ml_samples/N1_sw0.15_x+2_i0095.h5
1,50,1.500000000e-01,1.000000000e+00,4,1.138234290e+00,1.506893169e+00,1553543303,main,rise,4.651000000e+00,4.055595302e-02,2.717299163e-02,1.369294271e-03,,false,0,1.323176857e+02,/mnt/pd/tema1/new/results/ml_samples/N1_sw0.15_x+4_i0013.h5
1,50,1.500000000e-01,1.000000000e+00,2,1.069117145e+00,1.415389904e+00,1105180227,main,rise,9.731000000e+00,2.554612343e-02,2.095635812e-02,1.211139584e-03,,false,0,2.686681605e+02,/mnt/pd/tema1/new/results/ml_samples/N1_sw0.15_x+2_i0077.h5
1,50,1.500000000e-01,1.000000000e+00,1,1.034558572e+00,1.369638272e+00,370430801,main,rise,3.803100000e+01,2.145441079e-02,1.487448988e-02,1.216889610e-03,,false,0,1.037147455e+03,/mnt/pd/tema1/new/results/ml_samples/N1_sw0.15_x+1_i0181.h5
1,50,1.500000000e-01,1.000000000e+00,4,1.138234290e+00,1.506893169e+00,209058581,main,rise,6.281000000e+00,2.640411974e-02,3.097784301e-02,8.617552028e-04,,false,0,1.759157170e+02,/mnt/pd/tema1/new/results/ml_samples/N1_sw0.15_x+4_i0007.h5
1,50,1.500000000e-01,1.000000000e+00,2,1.069117145e+00,1.415389904e+00,722688540,main,rise,1.085100000e+01,1.887593525e-02,1.771191720e-02,8.706341506e-04,,false,0,2.994448550e+02,/mnt/pd/tema1/new/results/ml_samples/N1_sw0.15_x+2_i0081.h5
1,50,1.500000000e-01,1.000000000e+00,4,1.138234290e+00,1.506893169e+00,2031772776,main,rise,3.501000000e+00,3.599642683e-02,3.504440115e-02,1.239018490e-03,,false,0,1.013466754e+02,/mnt/pd/tema1/new/results/ml_samples/N1_sw0.15_x+4_i0021.h5
1,50,1.500000000e-01,1.000000000e+00,4,1.138234290e+00,1.506893169e+00,395740323,main,rise,6.301000000e+00,3.337609312e-02,2.347915530e-02,1.259654506e-03,,false,0,1.765741777e+02,/mnt/pd/tema1/new/results/ml_samples/N1_sw0.15_x+4_i0015.h5
1,50,1.500000000e-01,1.000000000e+00,4,1.138234290e+00,1.506893169e+00,1255637247,main,rise,7.061000000e+00,1.993239011e-02,2.082843354e-02,8.796733089e-04,,false,0,1.961937607e+02,/mnt/pd/tema1/new/results/ml_samples/N1_sw0.15_x+4_i0009.h5
1,50,1.500000000e-01,1.000000000e+00,4,1.138234290e+00,1.506893169e+00,679677313,main,rise,2.941000000e+00,3.741446061e-02,3.109395454e-02,1.085857958e-03,,false,0,8.515454779e+01,/mnt/pd/tema1/new/results/ml_samples/N1_sw0.15_x+4_i0027.h5
1,50,1.500000000e-01,1.000000000e+00,1,1.034558572e+00,1.369638272e+00,662650954,main,rise,4.396100000e+01,1.731285870e-02,1.385069079e-02,1.037327391e-03,,false,0,1.194110732e+03,/mnt/pd/tema1/new/results/ml_samples/N1_sw0.15_x+1_i0163.h5
1,50,1.500000000e-01,1.000000000e+00,2,1.069117145e+00,1.415389904e+00,2006957252,main,rise,1.420100000e+01,1.982675929e-02,2.084699805e-02,8.726471962e-04,,false,0,3.897811360e+02,/mnt/pd/tema1/new/results/ml_samples/N1_sw0.15_x+2_i0073.h5
1,50,1.500000000e-01,1.000000000e+00,4,1.138234290e+00,1.506893169e+00,873943301,main,rise,3.861000000e+00,3.041441532e-02,2.732802150e-02,9.445746898e-04,,false,0,1.103988679e+02,/mnt/pd/tema1/new/results/ml_samples/N1_sw0.15_x+4_i0029.h5
1,50,1.500000000e-01,1.000000000e+00,4,1.138234290e+00,1.506893169e+00,483541153,main,rise,7.531000000e+00,3.226607059e-02,2.767378740e-02,1.250951632e-03,,false,0,2.086306199e+02,/mnt/pd/tema1/new/results/ml_samples/N1_sw0.15_x+4_i0019.h5
1,50,1.500000000e-01,1.000000000e+00,2,1.069117145e+00,1.415389904e+00,1384122689,main,rise,1.270100000e+01,2.560890272e-02,2.246477791e-02,1.171906323e-03,,false,0,3.493486864e+02,/mnt/pd/tema1/new/results/ml_samples/N1_sw0.15_x+2_i0087.h5
1,50,1.500000000e-01,1.000000000e+00,4,1.138234290e+00,1.506893169e+00,419844004,main,rise,3.731000000e+00,3.071172983e-02,3.117937430e-02,9.849736489e-04,,false,0,1.063093195e+02,/mnt/pd/tema1/new/results/ml_samples/N1_sw0.15_x+4_i0037.h5
1,50,1.500000000e-01,1.000000000e+00,4,1.138234290e+00,1.506893169e+00,1692590201,main,rise,4.821000000e+00,3.777264768e-02,3.170531693e-02,1.285409935e-03,,false,0,1.357302013e+02,/mnt/pd/tema1/new/results/ml_samples/N1_sw0.15_x+4_i0025.h5
1,50,1.500000000e-01,1.000000000e+00,4,1.138234290e+00,1.506893169e+00,1265205729,main,rise,5.601000000e+00,3.284876009e-02,3.164702766e-02,1.180271665e-03,,false,0,1.566198374e+02,/mnt/pd/tema1/new/results/ml_samples/N1_sw0.15_x+4_i0023.h5
1,50,1.500000000e-01,1.000000000e+00,4,1.138234290e+00,1.506893169e+00,1893796470,main,rise,4.561000000e+00,2.261904550e-02,2.443265978e-02,9.220443991e-04,,false,0,1.289793384e+02,/mnt/pd/tema1/new/results/ml_samples/N1_sw0.15_x+4_i0033.h5
1,50,1.500000000e-01,1.000000000e+00,2,1.069117145e+00,1.415389904e+00,1434968070,main,rise,1.331100000e+01,1.883504022e-02,2.200568957e-02,1.069857342e-03,,false,0,3.671992881e+02,/mnt/pd/tema1/new/results/ml_samples/N1_sw0.15_x+2_i0085.h5
1,50,1.500000000e-01,1.000000000e+00,4,1.138234290e+00,1.506893169e+00,1575969229,main,rise,4.481000000e+00,2.896337888e-02,3.480381069e-02,1.037531132e-03,,false,0,1.263271528e+02,/mnt/pd/tema1/new/results/ml_samples/N1_sw0.15_x+4_i0035.h5
1,50,1.500000000e-01,1.000000000e+00,4,1.138234290e+00,1.506893169e+00,1286857197,main,rise,4.401000000e+00,3.472840165e-02,2.584116913e-02,1.193060960e-03,,false,0,1.242558391e+02,/mnt/pd/tema1/new/results/ml_samples/N1_sw0.15_x+4_i0039.h5
1,50,1.500000000e-01,1.000000000e+00,1,1.034558572e+00,1.369638272e+00,1597334352,main,fall,3.705100000e+01,2.102351317e-02,1.556360181e-02,1.080176301e-03,,false,0,1.010457493e+03,/mnt/pd/tema1/new/results/ml_samples/N1_sw0.15_x+1_i0197.h5
1,50,1.500000000e-01,1.000000000e+00,2,1.069117145e+00,1.415389904e+00,98608837,main,rise,1.342100000e+01,2.680873303e-02,2.139485029e-02,9.903716397e-04,,false,0,3.668652177e+02,/mnt/pd/tema1/new/results/ml_samples/N1_sw0.15_x+2_i0089.h5
1,50,1.500000000e-01,1.000000000e+00,4,1.138234290e+00,1.506893169e+00,379609419,main,rise,5.671000000e+00,2.520130672e-02,2.918372710e-02,8.989141467e-04,,false,0,1.585487638e+02,/mnt/pd/tema1/new/results/ml_samples/N1_sw0.15_x+4_i0031.h5
1,50,1.500000000e-01,1.000000000e+00,4,1.138234290e+00,1.506893169e+00,1243970884,main,rise,1.085100000e+01,1.901047099e-02,1.941840301e-02,9.149023660e-04,,false,0,2.984303286e+02,/mnt/pd/tema1/new/results/ml_samples/N1_sw0.15_x+4_i0005.h5
1,50,1.500000000e-01,1.000000000e+00,4,1.138234290e+00,1.506893169e+00,2038671027,main,rise,4.221000000e+00,3.503721367e-02,2.950512286e-02,1.280929013e-03,,false,0,1.199262149e+02,/mnt/pd/tema1/new/results/ml_samples/N1_sw0.15_x+4_i0043.h5
1,50,1.500000000e-01,1.000000000e+00,4,1.138234290e+00,1.506893169e+00,597552843,main,rise,3.131000000e+00,3.423712696e-02,4.459689332e-02,1.188602124e-03,,false,0,9.167548056e+01,/mnt/pd/tema1/new/results/ml_samples/N1_sw0.15_x+4_i0055.h5
1,50,1.500000000e-01,1.000000000e+00,4,1.138234290e+00,1.506893169e+00,1446653371,main,rise,4.521000000e+00,2.933280388e-02,2.611708563e-02,1.110247622e-03,,false,0,1.285019877e+02,/mnt/pd/tema1/new/results/ml_samples/N1_sw0.15_x+4_i0041.h5
1,50,1.500000000e-01,1.000000000e+00,4,1.138234290e+00,1.506893169e+00,2129836425,main,rise,4.161000000e+00,3.327726694e-02,3.074329775e-02,1.150974683e-03,,false,0,1.173287779e+02,/mnt/pd/tema1/new/results/ml_samples/N1_sw0.15_x+4_i0053.h5
1,50,1.500000000e-01,1.000000000e+00,4,1.138234290e+00,1.506893169e+00,480668291,main,rise,5.171000000e+00,3.181607057e-02,3.145284090e-02,1.216279450e-03,,false,0,1.457156130e+02,/mnt/pd/tema1/new/results/ml_samples/N1_sw0.15_x+4_i0045.h5
1,50,1.500000000e-01,1.000000000e+00,4,1.138234290e+00,1.506893169e+00,1238464428,main,rise,2.941000000e+00,3.474866368e-02,3.504825266e-02,1.009452713e-03,,false,0,8.504670359e+01,/mnt/pd/tema1/new/results/ml_samples/N1_sw0.15_x+4_i0067.h5
1,50,1.500000000e-01,1.000000000e+00,2,1.069117145e+00,1.415389904e+00,1469963837,main,rise,1.975100000e+01,2.321391018e-02,1.963895369e-02,8.921767743e-04,,false,0,5.412222929e+02,/mnt/pd/tema1/new/results/ml_samples/N1_sw0.15_x+2_i0069.h5
1,50,1.500000000e-01,1.000000000e+00,4,1.138234290e+00,1.506893169e+00,989453615,main,rise,4.651000000e+00,3.379109719e-02,3.382560736e-02,9.910598639e-04,,false,0,1.318735274e+02,/mnt/pd/tema1/new/results/ml_samples/N1_sw0.15_x+4_i0057.h5
1,50,1.500000000e-01,1.000000000e+00,4,1.138234290e+00,1.506893169e+00,1058627366,main,rise,5.731000000e+00,3.453059520e-02,3.386162046e-02,1.256269850e-03,,false,0,1.612939046e+02,/mnt/pd/tema1/new/results/ml_samples/N1_sw0.15_x+4_i0047.h5
1,50,1.500000000e-01,1.000000000e+00,4,1.138234290e+00,1.506893169e+00,1274879899,main,rise,5.531000000e+00,3.155784790e-02,3.344123312e-02,1.019356912e-03,,false,0,1.541383475e+02,/mnt/pd/tema1/new/results/ml_samples/N1_sw0.15_x+4_i0051.h5
1,50,1.500000000e-01,1.000000000e+00,2,1.069117145e+00,1.415389904e+00,1766114135,main,rise,1.598100000e+01,1.707669049e-02,1.810827490e-02,7.926737157e-04,,false,0,4.405579819e+02,/mnt/pd/tema1/new/results/ml_samples/N1_sw0.15_x+2_i0093.h5
1,50,3.000000000e-01,1.000000000e+00,-4,7.235314210e-01,9.578735816e-01,510244598,main,fall,7.310000000e-01,1.193665620e-01,7.782740089e-02,4.258835899e-03,,false,0,3.039174327e+01,/mnt/pd/tema1/new/results/ml_samples/N1_sw0.30_x-4_i0003.h5
1,50,1.500000000e-01,1.000000000e+00,4,1.138234290e+00,1.506893169e+00,792398884,main,rise,4.341000000e+00,2.733831705e-02,2.722781348e-02,9.980858133e-04,,false,0,1.231298573e+02,/mnt/pd/tema1/new/results/ml_samples/N1_sw0.15_x+4_i0073.h5
1,50,1.500000000e-01,1.000000000e+00,4,1.138234290e+00,1.506893169e+00,283234592,main,rise,5.141000000e+00,2.506930127e-02,3.103940030e-02,9.162868372e-04,,false,0,1.445410874e+02,/mnt/pd/tema1/new/results/ml_samples/N1_sw0.15_x+4_i0061.h5
1,50,1.500000000e-01,1.000000000e+00,4,1.138234290e+00,1.506893169e+00,2028224543,main,rise,4.721000000e+00,2.546443869e-02,2.668099967e-02,7.979343956e-04,,false,0,1.330013536e+02,/mnt/pd/tema1/new/results/ml_samples/N1_sw0.15_x+4_i0071.h5
1,50,3.000000000e-01,1.000000000e+00,-4,7.235314210e-01,9.578735816e-01,301838779,main,fall,1.131000000e+00,7.771103718e-02,5.912424539e-02,3.221235493e-03,,false,0,3.822424192e+01,/mnt/pd/tema1/new/results/ml_samples/N1_sw0.30_x-4_i0005.h5
1,50,3.000000000e-01,1.000000000e+00,-4,7.235314210e-01,9.578735816e-01,128695525,main,fall,1.491000000e+00,6.472160294e-02,5.137447259e-02,3.348524268e-03,,false,0,4.929176772e+01,/mnt/pd/tema1/new/results/ml_samples/N1_sw0.30_x-4_i0001.h5
1,50,1.500000000e-01,1.000000000e+00,4,1.138234290e+00,1.506893169e+00,1357402425,main,rise,5.761000000e+00,2.626608140e-02,2.663693719e-02,8.988771909e-04,,false,0,1.615546183e+02,/mnt/pd/tema1/new/results/ml_samples/N1_sw0.15_x+4_i0059.h5
1,50,3.000000000e-01,1.000000000e+00,-4,7.235314210e-01,9.578735816e-01,534086673,main,fall,1.231000000e+00,9.383579737e-02,7.828594524e-02,4.789930874e-03,,false,0,4.415730114e+01,/mnt/pd/tema1/new/results/ml_samples/N1_sw0.30_x-4_i0007.h5
1,50,1.500000000e-01,1.000000000e+00,4,1.138234290e+00,1.506893169e+00,1587438711,main,rise,7.641000000e+00,2.492762986e-02,2.484110447e-02,1.139677599e-03,,false,0,2.124519456e+02,/mnt/pd/tema1/new/results/ml_samples/N1_sw0.15_x+4_i0049.h5
1,50,1.500000000e-01,1.000000000e+00,4,1.138234290e+00,1.506893169e+00,126758216,main,rise,5.341000000e+00,2.868335124e-02,2.731461660e-02,1.067351105e-03,,false,0,1.497708591e+02,/mnt/pd/tema1/new/results/ml_samples/N1_sw0.15_x+4_i0075.h5
1,50,1.500000000e-01,1.000000000e+00,4,1.138234290e+00,1.506893169e+00,1603120773,main,rise,5.651000000e+00,3.299495003e-02,2.411235599e-02,1.257469810e-03,,false,0,1.573846390e+02,/mnt/pd/tema1/new/results/ml_samples/N1_sw0.15_x+4_i0069.h5
1,50,3.000000000e-01,1.000000000e+00,-4,7.235314210e-01,9.578735816e-01,2101881413,main,fall,8.910000000e-01,6.601340115e-02,5.221160138e-02,3.023429804e-03,,false,0,3.387010024e+01,/mnt/pd/tema1/new/results/ml_samples/N1_sw0.30_x-4_i0009.h5
1,50,1.500000000e-01,1.000000000e+00,4,1.138234290e+00,1.506893169e+00,1764613808,main,rise,5.771000000e+00,3.097099451e-02,3.087182821e-02,1.159200308e-03,,false,0,1.622798914e+02,/mnt/pd/tema1/new/results/ml_samples/N1_sw0.15_x+4_i0065.h5
1,50,1.500000000e-01,1.000000000e+00,4,1.138234290e+00,1.506893169e+00,719925859,main,rise,6.181000000e+00,2.582279655e-02,2.405713148e-02,9.064029877e-04,,false,0,1.726500016e+02,/mnt/pd/tema1/new/results/ml_samples/N1_sw0.15_x+4_i0063.h5
1,50,3.000000000e-01,1.000000000e+00,-4,7.235314210e-01,9.578735816e-01,1358534024,main,fall,5.810000000e-01,1.446186424e-01,9.076100707e-02,4.600369372e-03,,false,0,2.612592469e+01,/mnt/pd/tema1/new/results/ml_samples/N1_sw0.30_x-4_i0019.h5
1,50,3.000000000e-01,1.000000000e+00,-4,7.235314210e-01,9.578735816e-01,1375271221,main,fall,9.910000000e-01,8.902328113e-02,7.065924512e-02,3.980956222e-03,,false,0,3.892839608e+01,/mnt/pd/tema1/new/results/ml_samples/N1_sw0.30_x-4_i0011.h5
1,50,1.500000000e-01,1.000000000e+00,4,1.138234290e+00,1.506893169e+00,627683276,main,rise,4.261000000e+00,3.567735724e-02,2.127159382e-02,1.250783142e-03,,false,0,1.212078495e+02,/mnt/pd/tema1/new/results/ml_samples/N1_sw0.15_x+4_i0091.h5
1,50,1.500000000e-01,1.000000000e+00,2,1.069117145e+00,1.415389904e+00,1073934613,main,rise,1.966100000e+01,2.390489141e-02,1.890816756e-02,1.051449739e-03,,false,0,5.385326942e+02,/mnt/pd/tema1/new/results/ml_samples/N1_sw0.15_x+2_i0079.h5
1,50,3.000000000e-01,1.000000000e+00,-4,7.235314210e-01,9.578735816e-01,108591352,main,fall,8.210000000e-01,1.115193583e-01,8.495262205e-02,3.415419664e-03,,false,0,3.316377550e+01,/mnt/pd/tema1/new/results/ml_samples/N1_sw0.30_x-4_i0015.h5
1,50,1.500000000e-01,1.000000000e+00,4,1.138234290e+00,1.506893169e+00,2076502833,main,rise,4.681000000e+00,2.895958505e-02,2.495464620e-02,1.083120911e-03,,false,0,1.329650453e+02,/mnt/pd/tema1/new/results/ml_samples/N1_sw0.15_x+4_i0087.h5
1,50,3.000000000e-01,1.000000000e+00,-4,7.235314210e-01,9.578735816e-01,602768116,main,fall,1.231000000e+00,5.982367456e-02,4.252188912e-02,3.296550675e-03,,false,0,3.941890331e+01,/mnt/pd/tema1/new/results/ml_samples/N1_sw0.30_x-4_i0013.h5
1,50,1.500000000e-01,1.000000000e+00,4,1.138234290e+00,1.506893169e+00,2147230625,main,rise,5.541000000e+00,3.046860857e-02,2.616760405e-02,1.052034196e-03,,false,0,1.561170621e+02,/mnt/pd/tema1/new/results/ml_samples/N1_sw0.15_x+4_i0079.h5
1,50,1.500000000e-01,1.000000000e+00,4,1.138234290e+00,1.506893169e+00,136740344,main,rise,5.911000000e+00,3.939459850e-02,2.757874870e-02,1.540883538e-03,,false,0,1.653478151e+02,/mnt/pd/tema1/new/results/ml_samples/N1_sw0.15_x+4_i0077.h5
1,50,3.000000000e-01,1.000000000e+00,-4,7.235314210e-01,9.578735816e-01,271718756,main,fall,6.910000000e-01,1.113325556e-01,6.656581288e-02,3.594547583e-03,,false,0,2.862261725e+01,/mnt/pd/tema1/new/results/ml_samples/N1_sw0.30_x-4_i0029.h5
1,50,3.000000000e-01,1.000000000e+00,-4,7.235314210e-01,9.578735816e-01,2012140522,main,fall,7.910000000e-01,8.512830089e-02,5.536929305e-02,4.504155661e-03,,false,0,2.991590294e+01,/mnt/pd/tema1/new/results/ml_samples/N1_sw0.30_x-4_i0031.h5
1,50,1.500000000e-01,1.000000000e+00,4,1.138234290e+00,1.506893169e+00,512933122,main,rise,4.221000000e+00,3.766719932e-02,2.674942663e-02,1.376827517e-03,,false,0,1.198145342e+02,/mnt/pd/tema1/new/results/ml_samples/N1_sw0.15_x+4_i0093.h5
1,50,3.000000000e-01,1.000000000e+00,-4,7.235314210e-01,9.578735816e-01,408175601,main,fall,1.221000000e+00,8.602431173e-02,8.671380360e-02,3.443054627e-03,,false,0,4.710323353e+01,/mnt/pd/tema1/new/results/ml_samples/N1_sw0.30_x-4_i0021.h5
1,50,3.000000000e-01,1.000000000e+00,-4,7.235314210e-01,9.578735816e-01,256160473,main,fall,1.131000000e+00,9.567048035e-02,7.535379956e-02,4.272970786e-03,,false,0,4.250032265e+01,/mnt/pd/tema1/new/results/ml_samples/N1_sw0.30_x-4_i0025.h5
1,50,3.000000000e-01,1.000000000e+00,-4,7.235314210e-01,9.578735816e-01,1576827108,main,fall,8.810000000e-01,1.152965440e-01,8.973047161e-02,5.360336649e-03,,false,0,3.572310693e+01,/mnt/pd/tema1/new/results/ml_samples/N1_sw0.30_x-4_i0033.h5
1,50,3.000000000e-01,1.000000000e+00,-4,7.235314210e-01,9.578735816e-01,274097590,main,fall,1.101000000e+00,9.303487105e-02,8.543820768e-02,3.298584827e-03,,false,0,4.187399921e+01,/mnt/pd/tema1/new/results/ml_samples/N1_sw0.30_x-4_i0027.h5
1,50,3.000000000e-01,1.000000000e+00,-4,7.235314210e-01,9.578735816e-01,1477767241,main,fall,7.210000000e-01,1.181521291e-01,7.999323043e-02,2.968260001e-03,,false,0,3.055877124e+01,/mnt/pd/tema1/new/results/ml_samples/N1_sw0.30_x-4_i0039.h5
1,50,3.000000000e-01,1.000000000e+00,-4,7.235314210e-01,9.578735816e-01,932554866,main,fall,1.051000000e+00,6.855770964e-02,2.064927091e-02,1.748916700e-03,,false,0,3.457330995e+01,/mnt/pd/tema1/new/results/ml_samples/N1_sw0.30_x-4_i0035.h5
1,50,1.500000000e-01,1.000000000e+00,4,1.138234290e+00,1.506893169e+00,1093982482,main,rise,4.311000000e+00,3.146844076e-02,3.494044106e-02,9.475835084e-04,,false,0,1.229538573e+02,/mnt/pd/tema1/new/results/ml_samples/N1_sw0.15_x+4_i0095.h5
1,50,3.000000000e-01,1.000000000e+00,-4,7.235314210e-01,9.578735816e-01,1673487343,main,fall,8.410000000e-01,1.011360489e-01,8.282720618e-02,2.147699759e-03,,false,0,3.402081443e+01,/mnt/pd/tema1/new/results/ml_samples/N1_sw0.30_x-4_i0049.h5
1,50,3.000000000e-01,1.000000000e+00,-4,7.235314210e-01,9.578735816e-01,887856106,main,fall,9.610000000e-01,1.459269821e-01,1.145669296e-01,5.621627540e-03,,false,0,3.856037598e+01,/mnt/pd/tema1/new/results/ml_samples/N1_sw0.30_x-4_i0043.h5
1,50,3.000000000e-01,1.000000000e+00,-4,7.235314210e-01,9.578735816e-01,1233505328,main,fall,9.810000000e-01,1.115780536e-01,8.037515347e-02,3.400402275e-03,,false,0,3.759062759e+01,/mnt/pd/tema1/new/results/ml_samples/N1_sw0.30_x-4_i0045.h5
1,50,1.500000000e-01,1.000000000e+00,4,1.138234290e+00,1.506893169e+00,1817096766,main,rise,5.971000000e+00,3.006828026e-02,2.918591521e-02,1.308736118e-03,,false,0,1.676158607e+02,/mnt/pd/tema1/new/results/ml_samples/N1_sw0.15_x+4_i0089.h5
1,50,3.000000000e-01,1.000000000e+00,-4,7.235314210e-01,9.578735816e-01,1593885541,main,fall,1.001000000e+00,7.039225382e-02,4.000081691e-02,2.591423186e-03,,false,0,3.472487037e+01,/mnt/pd/tema1/new/results/ml_samples/N1_sw0.30_x-4_i0053.h5
1,50,1.500000000e-01,1.000000000e+00,4,1.138234290e+00,1.506893169e+00,523337372,main,rise,6.471000000e+00,2.545449465e-02,2.455351386e-02,1.064486491e-03,,false,0,1.793505505e+02,/mnt/pd/tema1/new/results/ml_samples/N1_sw0.15_x+4_i0085.h5
1,50,3.000000000e-01,1.000000000e+00,-4,7.235314210e-01,9.578735816e-01,1704049259,main,fall,7.210000000e-01,1.073599141e-01,6.445640286e-02,4.231551824e-03,,false,0,2.919060214e+01,/mnt/pd/tema1/new/results/ml_samples/N1_sw0.30_x-4_i0059.h5
1,50,3.000000000e-01,1.000000000e+00,-4,7.235314210e-01,9.578735816e-01,583936661,main,fall,1.651000000e+00,6.155011007e-02,3.419250628e-02,3.975328097e-03,,false,0,5.323818900e+01,/mnt/pd/tema1/new/results/ml_samples/N1_sw0.30_x-4_i0037.h5
1,50,3.000000000e-01,1.000000000e+00,-4,7.235314210e-01,9.578735816e-01,927559798,main,fall,1.411000000e+00,1.003889702e-01,8.419585600e-02,3.748196330e-03,,false,0,5.379053230e+01,/mnt/pd/tema1/new/results/ml_samples/N1_sw0.30_x-4_i0041.h5
1,50,3.000000000e-01,1.000000000e+00,-4,7.235314210e-01,9.578735816e-01,1762913799,main,fall,2.441000000e+00,6.299951067e-02,4.815608373e-02,3.732196066e-03,,false,0,8.615967033e+01,/mnt/pd/tema1/new/results/ml_samples/N1_sw0.30_x-4_i0017.h5
1,50,3.000000000e-01,1.000000000e+00,-4,7.235314210e-01,9.578735816e-01,1836293238,main,fall,1.081000000e+00,1.095573566e-01,1.058429960e-01,6.518262348e-03,,false,0,3.845497986e+01,/mnt/pd/tema1/new/results/ml_samples/N1_sw0.30_x-4_i0055.h5
1,50,3.000000000e-01,1.000000000e+00,-4,7.235314210e-01,9.578735816e-01,316640506,main,fall,7.110000000e-01,8.021517002e-02,5.870815666e-02,3.962174919e-03,,false,0,2.849387375e+01,/mnt/pd/tema1/new/results/ml_samples/N1_sw0.30_x-4_i0069.h5
1,50,1.500000000e-01,1.000000000e+00,4,1.138234290e+00,1.506893169e+00,460597418,main,rise,4.991000000e+00,3.067309235e-02,3.011185727e-02,1.124146278e-03,,false,0,1.403135723e+02,/mnt/pd/tema1/new/results/ml_samples/N1_sw0.15_x+4_i0099.h5
1,50,3.000000000e-01,1.000000000e+00,-4,7.235314210e-01,9.578735816e-01,1756496454,main,fall,8.310000000e-01,9.067867332e-02,7.433675006e-02,5.051596232e-03,,false,0,3.042270239e+01,/mnt/pd/tema1/new/results/ml_samples/N1_sw0.30_x-4_i0073.h5
1,50,3.000000000e-01,1.000000000e+00,-4,7.235314210e-01,9.578735816e-01,282132614,main,fall,1.111000000e+00,9.373162016e-02,8.677668237e-02,5.402143618e-03,,false,0,4.355803266e+01,/mnt/pd/tema1/new/results/ml_samples/N1_sw0.30_x-4_i0057.h5
1,50,3.000000000e-01,1.000000000e+00,-4,7.235314210e-01,9.578735816e-01,705911363,main,fall,1.031000000e+00,9.830527121e-02,8.233489273e-02,5.120459474e-03,,false,0,4.030986455e+01,/mnt/pd/tema1/new/results/ml_samples/N1_sw0.30_x-4_i0063.h5
1,50,3.000000000e-01,1.000000000e+00,-4,7.235314210e-01,9.578735816e-01,148103995,main,fall,1.291000000e+00,7.351079402e-02,5.253812301e-02,3.753078849e-03,,false,0,4.315902982e+01,/mnt/pd/tema1/new/results/ml_samples/N1_sw0.30_x-4_i0061.h5
1,50,3.000000000e-01,1.000000000e+00,-4,7.235314210e-01,9.578735816e-01,240507690,main,fall,1.761000000e+00,4.874763142e-02,4.777034306e-02,2.768423094e-03,,false,0,5.765510463e+01,/mnt/pd/tema1/new/results/ml_samples/N1_sw0.30_x-4_i0051.h5
1,50,3.000000000e-01,1.000000000e+00,-4,7.235314210e-01,9.578735816e-01,481867892,main,fall,1.251000000e+00,6.917566248e-02,6.264296055e-02,3.474397898e-03,,false,0,3.996920605e+01,/mnt/pd/tema1/new/results/ml_samples/N1_sw0.30_x-4_i0065.h5
1,50,3.000000000e-01,1.000000000e+00,-4,7.235314210e-01,9.578735816e-01,1614466295,main,fall,1.201000000e+00,7.511340727e-02,6.958702526e-02,3.286383961e-03,,false,0,4.124323626e+01,/mnt/pd/tema1/new/results/ml_samples/N1_sw0.30_x-4_i0071.h5
1,50,3.000000000e-01,1.000000000e+00,-4,7.235314210e-01,9.578735816e-01,262467158,main,fall,1.011000000e+00,5.947112327e-02,4.764046597e-02,3.333048708e-03,,false,0,3.346684485e+01,/mnt/pd/tema1/new/results/ml_samples/N1_sw0.30_x-4_i0077.h5
1,50,3.000000000e-01,1.000000000e+00,-4,7.235314210e-01,9.578735816e-01,253021152,main,fall,1.871000000e+00,6.780195937e-02,5.409405140e-02,2.789173844e-03,,false,0,6.908236427e+01,/mnt/pd/tema1/new/results/ml_samples/N1_sw0.30_x-4_i0047.h5
1,50,3.000000000e-01,1.000000000e+00,-4,7.235314210e-01,9.578735816e-01,1058401940,main,fall,9.610000000e-01,7.729709984e-02,3.642037511e-02,3.799171440e-03,,false,0,3.528096630e+01,/mnt/pd/tema1/new/results/ml_samples/N1_sw0.30_x-4_i0081.h5
1,50,3.000000000e-01,1.000000000e+00,-4,7.235314210e-01,9.578735816e-01,1994679530,main,fall,1.091000000e+00,8.844584596e-02,7.437812212e-02,3.783916034e-03,,false,0,4.155262071e+01,/mnt/pd/tema1/new/results/ml_samples/N1_sw0.30_x-4_i0079.h5
1,50,3.000000000e-01,1.000000000e+00,-4,7.235314210e-01,9.578735816e-01,1057573206,main,fall,8.310000000e-01,7.598928107e-02,5.374231275e-02,2.794927439e-03,,false,0,3.173249387e+01,/mnt/pd/tema1/new/results/ml_samples/N1_sw0.30_x-4_i0089.h5
1,50,3.000000000e-01,1.000000000e+00,-4,7.235314210e-01,9.578735816e-01,945080755,main,fall,8.110000000e-01,1.117466379e-01,8.588453532e-02,3.126025976e-03,,false,0,3.317040555e+01,/mnt/pd/tema1/new/results/ml_samples/N1_sw0.30_x-4_i0085.h5
1,50,3.000000000e-01,1.000000000e+00,-4,7.235314210e-01,9.578735816e-01,375361725,main,fall,7.810000000e-01,5.793394362e-02,3.738187373e-02,2.509132168e-03,,false,0,2.771490193e+01,/mnt/pd/tema1/new/results/ml_samples/N1_sw0.30_x-4_i0095.h5
1,50,3.000000000e-01,1.000000000e+00,-4,7.235314210e-01,9.578735816e-01,2002981355,main,fall,1.861000000e+00,6.060832366e-02,5.758856779e-02,3.439265781e-03,,false,0,5.756307173e+01,/mnt/pd/tema1/new/results/ml_samples/N1_sw0.30_x-4_i0067.h5
1,50,3.000000000e-01,1.000000000e+00,-4,7.235314210e-01,9.578735816e-01,1598850590,main,fall,1.011000000e+00,6.382349111e-02,5.235791752e-02,3.649213270e-03,,false,0,3.385531635e+01,/mnt/pd/tema1/new/results/ml_samples/N1_sw0.30_x-4_i0091.h5
1,50,3.000000000e-01,1.000000000e+00,-4,7.235314210e-01,9.578735816e-01,495086212,main,fall,1.561000000e+00,4.204561623e-02,5.491629734e-02,2.928110639e-03,,false,0,5.337646340e+01,/mnt/pd/tema1/new/results/ml_samples/N1_sw0.30_x-4_i0075.h5
1,50,1.500000000e-01,1.000000000e+00,4,1.138234290e+00,1.506893169e+00,369572057,main,rise,6.471000000e+00,2.692918669e-02,2.786698807e-02,1.120954479e-03,,false,0,1.807489020e+02,/mnt/pd/tema1/new/results/ml_samples/N1_sw0.15_x+4_i0097.h5
1,50,3.000000000e-01,1.000000000e+00,-4,7.235314210e-01,9.578735816e-01,1303967495,main,fall,3.671000000e+00,5.819554382e-02,3.500482960e-02,3.375324108e-03,,false,0,1.177069956e+02,/mnt/pd/tema1/new/results/ml_samples/N1_sw0.30_x-4_i0023.h5
1,50,1.500000000e-01,1.000000000e+00,4,1.138234290e+00,1.506893169e+00,575620782,main,rise,8.831000000e+00,2.349774452e-02,2.626951105e-02,9.947588921e-04,,false,0,2.444888153e+02,/mnt/pd/tema1/new/results/ml_samples/N1_sw0.15_x+4_i0081.h5
1,50,3.000000000e-01,1.000000000e+00,-2,8.617657105e-01,1.140880111e+00,1655689587,main,fall,8.910000000e-01,4.243165698e-02,2.592785682e-02,2.151462752e-03,,false,0,3.072315051e+01,/mnt/pd/tema1/new/results/ml_samples/N1_sw0.30_x-2_i0017.h5
1,50,3.000000000e-01,1.000000000e+00,-4,7.235314210e-01,9.578735816e-01,1223600456,main,fall,1.331000000e+00,1.011799363e-01,6.216482986e-02,3.561291134e-03,,false,0,5.030917263e+01,/mnt/pd/tema1/new/results/ml_samples/N1_sw0.30_x-4_i0093.h5
1,50,3.000000000e-01,1.000000000e+00,-2,8.617657105e-01,1.140880111e+00,773810969,main,fall,1.401000000e+00,7.392248163e-02,2.435115038e-02,3.265538867e-03,,false,0,4.342674937e+01,/mnt/pd/tema1/new/results/ml_samples/N1_sw0.30_x-2_i0005.h5
1,50,3.000000000e-01,1.000000000e+00,-4,7.235314210e-01,9.578735816e-01,741880497,main,fall,1.351000000e+00,6.239472289e-02,2.941316137e-02,3.194260709e-03,,false,0,4.635831595e+01,/mnt/pd/tema1/new/results/ml_samples/N1_sw0.30_x-4_i0099.h5
1,50,3.000000000e-01,1.000000000e+00,-2,8.617657105e-01,1.140880111e+00,2096265368,main,fall,1.211000000e+00,7.553387618e-02,7.336916039e-02,3.246786121e-03,,false,0,4.137126013e+01,/mnt/pd/tema1/new/results/ml_samples/N1_sw0.30_x-2_i0011.h5
1,50,3.000000000e-01,1.000000000e+00,-2,8.617657105e-01,1.140880111e+00,1168722839,main,fall,1.231000000e+00,8.224229624e-02,7.385929701e-02,3.447659963e-03,,false,0,4.473294500e+01,/mnt/pd/tema1/new/results/ml_samples/N1_sw0.30_x-2_i0007.h5
1,50,3.000000000e-01,1.000000000e+00,-2,8.617657105e-01,1.140880111e+00,484770635,main,fall,1.521000000e+00,6.149254633e-02,3.256354235e-02,2.097680919e-03,,false,0,4.716705392e+01,/mnt/pd/tema1/new/results/ml_samples/N1_sw0.30_x-2_i0001.h5
1,50,1.500000000e-01,1.000000000e+00,2,1.069117145e+00,1.415389904e+00,1619786393,main,rise,3.914100000e+01,1.884338073e-02,1.661545780e-02,1.004062487e-03,,false,0,1.063957945e+03,/mnt/pd/tema1/new/results/ml_samples/N1_sw0.15_x+2_i0013.h5
1,50,1.500000000e-01,1.000000000e+00,4,1.138234290e+00,1.506893169e+00,641897988,main,rise,9.021000000e+00,3.028103911e-02,2.542931481e-02,1.270208792e-03,,false,0,2.494418419e+02,/mnt/pd/tema1/new/results/ml_samples/N1_sw0.15_x+4_i0083.h5
1,50,3.000000000e-01,1.000000000e+00,-2,8.617657105e-01,1.140880111e+00,106317778,main,fall,1.261000000e+00,7.122140115e-02,8.419085276e-02,2.653721614e-03,,false,0,4.415818988e+01,/mnt/pd/tema1/new/results/ml_samples/N1_sw0.30_x-2_i0013.h5
1,50,3.000000000e-01,1.000000000e+00,-2,8.617657105e-01,1.140880111e+00,1161806938,main,fall,1.021000000e+00,8.711562661e-02,7.664066600e-02,3.414307113e-03,,false,0,3.771533583e+01,/mnt/pd/tema1/new/results/ml_samples/N1_sw0.30_x-2_i0021.h5
1,50,3.000000000e-01,1.000000000e+00,-2,8.617657105e-01,1.140880111e+00,1949539849,main,fall,1.031000000e+00,8.953401252e-02,8.419870308e-02,3.064392088e-03,,false,0,3.849095418e+01,/mnt/pd/tema1/new/results/ml_samples/N1_sw0.30_x-2_i0019.h5
1,50,3.000000000e-01,1.000000000e+00,-2,8.617657105e-01,1.140880111e+00,1504096148,main,fall,9.810000000e-01,8.321944166e-02,7.520739841e-02,2.997703594e-03,,false,0,3.654809865e+01,/mnt/pd/tema1/new/results/ml_samples/N1_sw0.30_x-2_i0027.h5
1,50,1.500000000e-01,1.000000000e+00,2,1.069117145e+00,1.415389904e+00,1396168328,main,rise,3.396100000e+01,2.092438928e-02,1.533176608e-02,9.593544230e-04,,false,0,9.251294416e+02,/mnt/pd/tema1/new/results/ml_samples/N1_sw0.15_x+2_i0029.h5
1,50,3.000000000e-01,1.000000000e+00,-2,8.617657105e-01,1.140880111e+00,1385896887,main,fall,1.031000000e+00,9.485577819e-02,8.466092172e-02,3.906438402e-03,,false,0,3.653480390e+01,/mnt/pd/tema1/new/results/ml_samples/N1_sw0.30_x-2_i0029.h5
1,50,3.000000000e-01,1.000000000e+00,-2,8.617657105e-01,1.140880111e+00,2040502360,main,fall,1.971000000e+00,5.947534487e-02,3.963364837e-02,3.142131471e-03,,false,0,5.995881775e+01,/mnt/pd/tema1/new/results/ml_samples/N1_sw0.30_x-2_i0003.h5
1,50,1.500000000e-01,1.000000000e+00,2,1.069117145e+00,1.415389904e+00,1353666940,main,rise,2.413100000e+01,2.394146136e-02,1.621594566e-02,1.150826881e-03,,false,0,6.619509318e+02,/mnt/pd/tema1/new/results/ml_samples/N1_sw0.15_x+2_i0083.h5
1,50,3.000000000e-01,1.000000000e+00,-4,7.235314210e-01,9.578735816e-01,186928773,main,fall,2.291000000e+00,6.047857571e-02,4.861818662e-02,2.796654105e-03,,false,0,8.050480148e+01,/mnt/pd/tema1/new/results/ml_samples/N1_sw0.30_x-4_i0087.h5
1,50,3.000000000e-01,1.000000000e+00,-2,8.617657105e-01,1.140880111e+00,828756473,main,fall,1.101000000e+00,1.037392450e-01,9.905281605e-02,3.091827338e-03,,false,0,4.030876524e+01,/mnt/pd/tema1/new/results/ml_samples/N1_sw0.30_x-2_i0035.h5
1,50,3.000000000e-01,1.000000000e+00,-2,8.617657105e-01,1.140880111e+00,286477199,main,fall,1.121000000e+00,8.620012674e-02,8.032445101e-02,2.641054717e-03,,false,0,3.842312066e+01,/mnt/pd/tema1/new/results/ml_samples/N1_sw0.30_x-2_i0039.h5
1,50,3.000000000e-01,1.000000000e+00,-2,8.617657105e-01,1.140880111e+00,73449019,main,fall,1.471000000e+00,6.701812276e-02,6.223191186e-02,2.533932225e-03,,false,0,4.666328443e+01,/mnt/pd/tema1/new/results/ml_samples/N1_sw0.30_x-2_i0033.h5
1,50,3.000000000e-01,1.000000000e+00,-2,8.617657105e-01,1.140880111e+00,1403189547,main,fall,1.111000000e+00,4.977351332e-02,3.445712457e-02,2.092738317e-03,,false,0,3.572485370e+01,/mnt/pd/tema1/new/results/ml_samples/N1_sw0.30_x-2_i0041.h5
1,50,3.000000000e-01,1.000000000e+00,-4,7.235314210e-01,9.578735816e-01,371724092,main,fall,2.491000000e+00,7.489747816e-02,5.144445055e-02,3.823435603e-03,,false,0,8.504039285e+01,/mnt/pd/tema1/new/results/ml_samples/N1_sw0.30_x-4_i0097.h5
1,50,3.000000000e-01,1.000000000e+00,-4,7.235314210e-01,9.578735816e-01,1580003002,main,fall,2.741000000e+00,6.357092130e-02,4.501971739e-02,3.792172511e-03,,false,0,9.608307027e+01,/mnt/pd/tema1/new/results/ml_samples/N1_sw0.30_x-4_i0083.h5
1,50,3.000000000e-01,1.000000000e+00,-2,8.617657105e-01,1.140880111e+00,1789510928,main,fall,9.210000000e-01,7.774020599e-02,6.926309552e-02,2.741063231e-03,,false,0,3.401491222e+01,/mnt/pd/tema1/new/results/ml_samples/N1_sw0.30_x-2_i0057.h5
1,50,3.000000000e-01,1.000000000e+00,-2,8.617657105e-01,1.140880111e+00,197267141,main,fall,1.241000000e+00,7.449157030e-02,7.396739157e-02,2.687342968e-03,,false,0,4.244129109e+01,/mnt/pd/tema1/new/results/ml_samples/N1_sw0.30_x-2_i0045.h5
1,50,3.000000000e-01,1.000000000e+00,-2,8.617657105e-01,1.140880111e+00,1333713851,main,fall,1.281000000e+00,5.980875298e-02,5.230230338e-02,1.952543862e-03,,false,0,4.194465246e+01,/mnt/pd/tema1/new/results/ml_samples/N1_sw0.30_x-2_i0047.h5
1,50,3.000000000e-01,1.000000000e+00,-2,8.617657105e-01,1.140880111e+00,773380889,main,fall,1.421000000e+00,3.952705493e-02,2.813910792e-02,1.267738283e-03,,false,0,4.413320531e+01,/mnt/pd/tema1/new/results/ml_samples/N1_sw0.30_x-2_i0051.h5
1,50,3.000000000e-01,1.000000000e+00,-2,8.617657105e-01,1.140880111e+00,1684485589,main,fall,1.431000000e+00,7.235131451e-02,6.430659279e-02,3.222849306e-03,,false,0,4.937504707e+01,/mnt/pd/tema1/new/results/ml_samples/N1_sw0.30_x-2_i0049.h5
1,50,3.000000000e-01,1.000000000e+00,-2,8.617657105e-01,1.140880111e+00,216386863,main,fall,2.471000000e+00,6.201443148e-02,6.939972619e-02,2.866141036e-03,,false,0,7.545372754e+01,/mnt/pd/tema1/new/results/ml_samples/N1_sw0.30_x-2_i0025.h5
1,50,3.000000000e-01,1.000000000e+00,-2,8.617657105e-01,1.140880111e+00,988517498,main,fall,1.411000000e+00,7.649856660e-02,6.222749097e-02,2.720780003e-03,,false,0,4.901523114e+01,/mnt/pd/tema1/new/results/ml_samples/N1_sw0.30_x-2_i0053.h5
1,50,3.000000000e-01,1.000000000e+00,-2,8.617657105e-01,1.140880111e+00,1976900596,main,fall,1.291000000e+00,7.368149016e-02,5.983196539e-02,3.203829226e-03,,false,0,4.327938406e+01,/mnt/pd/tema1/new/results/ml_samples/N1_sw0.30_x-2_i0069.h5
1,50,3.000000000e-01,1.000000000e+00,-2,8.617657105e-01,1.140880111e+00,945403969,main,fall,1.171000000e+00,5.910815781e-02,6.445272047e-02,2.823471159e-03,,false,0,3.997267755e+01,/mnt/pd/tema1/new/results/ml_samples/N1_sw0.30_x-2_i0073.h5
1,50,3.000000000e-01,1.000000000e+00,-2,8.617657105e-01,1.140880111e+00,1751119106,main,fall,2.031000000e+00,3.909379638e-02,3.538653321e-02,2.518555387e-03,,false,0,6.059734205e+01,/mnt/pd/tema1/new/results/ml_samples/N1_sw0.30_x-2_i0055.h5
1,50,3.000000000e-01,1.000000000e+00,-2,8.617657105e-01,1.140880111e+00,579091068,main,fall,1.461000000e+00,5.815237886e-02,4.378536198e-02,1.511057720e-03,,false,0,5.280254179e+01,/mnt/pd/tema1/new/results/ml_samples/N1_sw0.30_x-2_i0067.h5
1,50,3.000000000e-01,1.000000000e+00,-2,8.617657105e-01,1.140880111e+00,650684979,main,fall,1.951000000e+00,6.699745189e-02,4.789733734e-02,3.011936896e-03,,false,0,6.456565054e+01,/mnt/pd/tema1/new/results/ml_samples/N1_sw0.30_x-2_i0059.h5
1,50,3.000000000e-01,1.000000000e+00,-2,8.617657105e-01,1.140880111e+00,989231863,main,fall,1.291000000e+00,8.317824092e-02,7.203233914e-02,3.787203131e-03,,false,0,4.377667787e+01,/mnt/pd/tema1/new/results/ml_samples/N1_sw0.30_x-2_i0077.h5
1,50,3.000000000e-01,1.000000000e+00,-2,8.617657105e-01,1.140880111e+00,803497351,main,fall,1.801000000e+00,8.264980725e-02,5.098609274e-02,2.066122907e-03,,false,0,5.877705159e+01,/mnt/pd/tema1/new/results/ml_samples/N1_sw0.30_x-2_i0065.h5
1,50,3.000000000e-01,1.000000000e+00,-2,8.617657105e-01,1.140880111e+00,670017834,main,fall,1.351000000e+00,5.749092523e-02,4.328411305e-02,3.150004290e-03,,false,0,4.359685653e+01,/mnt/pd/tema1/new/results/ml_samples/N1_sw0.30_x-2_i0081.h5
1,50,3.000000000e-01,1.000000000e+00,-2,8.617657105e-01,1.140880111e+00,710162520,main,fall,4.011000000e+00,4.171990981e-02,4.303308840e-02,2.178246569e-03,,false,0,1.178427872e+02,/mnt/pd/tema1/new/results/ml_samples/N1_sw0.30_x-2_i0009.h5
1,50,3.000000000e-01,1.000000000e+00,-2,8.617657105e-01,1.140880111e+00,206632596,main,fall,9.010000000e-01,8.328477627e-02,5.209311733e-02,3.079094696e-03,,false,0,3.275255335e+01,/mnt/pd/tema1/new/results/ml_samples/N1_sw0.30_x-2_i0095.h5
1,50,3.000000000e-01,1.000000000e+00,-2,8.617657105e-01,1.140880111e+00,1949161770,main,fall,1.211000000e+00,7.529702619e-02,7.361416964e-02,1.976059262e-03,,false,0,4.216884364e+01,/mnt/pd/tema1/new/results/ml_samples/N1_sw0.30_x-2_i0087.h5
1,50,3.000000000e-01,1.000000000e+00,-2,8.617657105e-01,1.140880111e+00,632724391,main,fall,1.531000000e+00,4.724284624e-02,4.811526579e-02,2.847277691e-03,,false,0,5.507482686e+01,/mnt/pd/tema1/new/results/ml_samples/N1_sw0.30_x-2_i0083.h5
1,50,3.000000000e-01,1.000000000e+00,-2,8.617657105e-01,1.140880111e+00,2015899105,main,fall,1.121000000e+00,6.953576664e-02,4.641474837e-02,3.088419977e-03,,false,0,3.617445157e+01,/mnt/pd/tema1/new/results/ml_samples/N1_sw0.30_x-2_i0099.h5
1,50,3.000000000e-01,1.000000000e+00,-2,8.617657105e-01,1.140880111e+00,1638666375,main,fall,2.141000000e+00,6.814838420e-02,3.331573315e-02,2.854350418e-03,,false,0,6.435754753e+01,/mnt/pd/tema1/new/results/ml_samples/N1_sw0.30_x-2_i0075.h5
1,50,3.000000000e-01,1.000000000e+00,-1,9.308828552e-01,1.232383375e+00,1084523926,main,fall,8.410000000e-01,9.923404481e-02,7.425938320e-02,2.881650303e-03,,false,0,3.282308924e+01,/mnt/pd/tema1/new/results/ml_samples/N1_sw0.30_x-1_i0003.h5
1,50,3.000000000e-01,1.000000000e+00,-2,8.617657105e-01,1.140880111e+00,937511034,main,fall,1.421000000e+00,6.359188351e-02,6.053182737e-02,3.539610384e-03,,false,0,4.702103439e+01,/mnt/pd/tema1/new/results/ml_samples/N1_sw0.30_x-2_i0097.h5
1,50,3.000000000e-01,1.000000000e+00,-1,9.308828552e-01,1.232383375e+00,1691749280,main,fall,1.101000000e+00,5.116197243e-02,3.042290934e-02,1.938339424e-03,,false,0,3.557020696e+01,/mnt/pd/tema1/new/results/ml_samples/N1_sw0.30_x-1_i0011.h5
1,50,3.000000000e-01,1.000000000e+00,-2,8.617657105e-01,1.140880111e+00,910564867,main,fall,2.521000000e+00,5.171224252e-02,5.160803114e-02,2.297784880e-03,,false,0,7.759102463e+01,/mnt/pd/tema1/new/results/ml_samples/N1_sw0.30_x-2_i0079.h5
1,50,3.000000000e-01,1.000000000e+00,-2,8.617657105e-01,1.140880111e+00,389109870,main,fall,3.191000000e+00,5.159493000e-02,4.406832191e-02,3.378657051e-03,,false,0,9.515698554e+01,/mnt/pd/tema1/new/results/ml_samples/N1_sw0.30_x-2_i0071.h5
1,50,3.000000000e-01,1.000000000e+00,-1,9.308828552e-01,1.232383375e+00,1599406028,main,fall,1.311000000e+00,9.719110767e-02,8.503172093e-02,2.926301379e-03,,false,0,4.919863097e+01,/mnt/pd/tema1/new/results/ml_samples/N1_sw0.30_x-1_i0007.h5
1,50,3.000000000e-01,1.000000000e+00,-2,8.617657105e-01,1.140880111e+00,328377904,main,fall,4.631000000e+00,4.899833935e-02,3.382816581e-02,3.055474786e-03,,false,0,1.370371735e+02,/mnt/pd/tema1/new/results/ml_samples/N1_sw0.30_x-2_i0031.h5
1,50,3.000000000e-01,1.000000000e+00,-1,9.308828552e-01,1.232383375e+00,446925625,main,fall,1.591000000e+00,6.132808610e-02,5.307973250e-02,2.096977019e-03,,false,0,4.868875683e+01,/mnt/pd/tema1/new/results/ml_samples/N1_sw0.30_x-1_i0013.h5
1,50,3.000000000e-01,1.000000000e+00,-1,9.308828552e-01,1.232383375e+00,1902383820,main,fall,1.361000000e+00,5.677193836e-02,5.886976534e-02,2.592954238e-03,,false,0,4.713205803e+01,/mnt/pd/tema1/new/results/ml_samples/N1_sw0.30_x-1_i0017.h5
1,50,3.000000000e-01,1.000000000e+00,-2,8.617657105e-01,1.140880111e+00,348529417,main,fall,3.131000000e+00,5.451748941e-02,2.897261888e-02,2.498714299e-03,,false,0,9.107546912e+01,/mnt/pd/tema1/new/results/ml_samples/N1_sw0.30_x-2_i0085.h5
1,50,3.000000000e-01,1.000000000e+00,-2,8.617657105e-01,1.140880111e+00,1721289168,main,fall,3.001000000e+00,5.772669524e-02,4.138640431e-02,2.309551373e-03,,false,0,8.828143069e+01,/mnt/pd/tema1/new/results/ml_samples/N1_sw0.30_x-2_i0091.h5
1,50,3.000000000e-01,1.000000000e+00,-1,9.308828552e-01,1.232383375e+00,1302651147,main,fall,1.701000000e+00,8.501626957e-02,6.556577083e-02,3.217631907e-03,,false,0,5.223759912e+01,/mnt/pd/tema1/new/results/ml_samples/N1_sw0.30_x-1_i0027.h5
1,50,3.000000000e-01,1.000000000e+00,-1,9.308828552e-01,1.232383375e+00,1427071102,main,fall,2.741000000e+00,4.043903803e-02,5.037268169e-02,2.127353648e-03,,false,0,8.001369828e+01,/mnt/pd/tema1/new/results/ml_samples/N1_sw0.30_x-1_i0005.h5
1,50,3.000000000e-01,1.000000000e+00,-1,9.308828552e-01,1.232383375e+00,1639504042,main,fall,1.551000000e+00,6.212727056e-02,7.639040362e-02,2.986415669e-03,,false,0,5.026706264e+01,/mnt/pd/tema1/new/results/ml_samples/N1_sw0.30_x-1_i0033.h5
1,50,3.000000000e-01,1.000000000e+00,-1,9.308828552e-01,1.232383375e+00,494746830,main,fall,1.571000000e+00,5.474058037e-02,3.228872534e-02,2.064852324e-03,,false,0,4.891669537e+01,/mnt/pd/tema1/new/results/ml_samples/N1_sw0.30_x-1_i0041.h5
1,50,3.000000000e-01,1.000000000e+00,-1,9.308828552e-01,1.232383375e+00,2036750193,main,fall,3.141000000e+00,4.788924322e-02,4.792531360e-02,2.092161315e-03,,false,0,9.188889570e+01,/mnt/pd/tema1/new/results/ml_samples/N1_sw0.30_x-1_i0015.h5
1,50,3.000000000e-01,1.000000000e+00,-1,9.308828552e-01,1.232383375e+00,1489043503,main,fall,1.541000000e+00,7.169367219e-02,5.299378908e-02,3.016807614e-03,,false,0,4.849286804e+01,/mnt/pd/tema1/new/results/ml_samples/N1_sw0.30_x-1_i0043.h5
1,50,3.000000000e-01,1.000000000e+00,-1,9.308828552e-01,1.232383375e+00,1225319949,main,fall,2.691000000e+00,4.877046099e-02,4.714752854e-02,2.274248825e-03,,false,0,8.230088358e+01,/mnt/pd/tema1/new/results/ml_samples/N1_sw0.30_x-1_i0025.h5
1,50,3.000000000e-01,1.000000000e+00,-1,9.308828552e-01,1.232383375e+00,1396980266,main,fall,3.351000000e+00,6.693497285e-02,2.910058631e-02,2.769437502e-03,,false,0,9.758965842e+01,/mnt/pd/tema1/new/results/ml_samples/N1_sw0.30_x-1_i0021.h5
1,50,3.000000000e-01,1.000000000e+00,-1,9.308828552e-01,1.232383375e+00,1297856472,main,fall,1.701000000e+00,5.587161403e-02,5.319932534e-02,3.558888867e-03,,false,0,5.347626743e+01,/mnt/pd/tema1/new/results/ml_samples/N1_sw0.30_x-1_i0049.h5
1,50,3.000000000e-01,1.000000000e+00,-1,9.308828552e-01,1.232383375e+00,104502935,main,fall,3.431000000e+00,6.265915983e-02,4.041486978e-02,2.232130696e-03,,false,0,9.964309856e+01,/mnt/pd/tema1/new/results/ml_samples/N1_sw0.30_x-1_i0023.h5
1,50,3.000000000e-01,1.000000000e+00,-2,8.617657105e-01,1.140880111e+00,136013359,main,fall,5.111000000e+00,4.292661935e-02,3.012574177e-02,2.207795490e-03,,false,0,1.696635266e+02,/mnt/pd/tema1/new/results/ml_samples/N1_sw0.30_x-2_i0063.h5
1,50,3.000000000e-01,1.000000000e+00,-1,9.308828552e-01,1.232383375e+00,529948478,main,fall,2.841000000e+00,4.749175214e-02,6.249303649e-02,2.648587888e-03,,false,0,9.439173945e+01,/mnt/pd/tema1/new/results/ml_samples/N1_sw0.30_x-1_i0031.h5
1,50,3.000000000e-01,1.000000000e+00,-1,9.308828552e-01,1.232383375e+00,178946070,main,fall,1.341000000e+00,5.741867637e-02,6.317611487e-02,2.441237254e-03,,false,0,4.501092500e+01,/mnt/pd/tema1/new/results/ml_samples/N1_sw0.30_x-1_i0057.h5
1,50,3.000000000e-01,1.000000000e+00,-1,9.308828552e-01,1.232383375e+00,1998608621,main,fall,3.861000000e+00,4.592130951e-02,3.485321221e-02,2.407780053e-03,,false,0,1.109842448e+02,/mnt/pd/tema1/new/results/ml_samples/N1_sw0.30_x-1_i0029.h5
1,50,3.000000000e-01,1.000000000e+00,-1,9.308828552e-01,1.232383375e+00,1792235203,main,fall,1.071000000e+00,7.051885737e-02,5.889230090e-02,2.462801946e-03,,false,0,3.648778472e+01,/mnt/pd/tema1/new/results/ml_samples/N1_sw0.30_x-1_i0065.h5
1,50,3.000000000e-01,1.000000000e+00,-1,9.308828552e-01,1.232383375e+00,2040527083,main,fall,3.421000000e+00,4.493125218e-02,2.505944226e-02,1.823066491e-03,,false,0,1.001537699e+02,/mnt/pd/tema1/new/results/ml_samples/N1_sw0.30_x-1_i0039.h5
1,50,3.000000000e-01,1.000000000e+00,-1,9.308828552e-01,1.232383375e+00,1329889248,main,fall,3.251000000e+00,4.281172683e-02,3.804568577e-02,2.130589014e-03,,false,0,9.598828537e+01,/mnt/pd/tema1/new/results/ml_samples/N1_sw0.30_x-1_i0045.h5
1,50,3.000000000e-01,1.000000000e+00,-1,9.308828552e-01,1.232383375e+00,846071326,main,fall,2.021000000e+00,5.993764119e-02,2.609959429e-02,2.082821585e-03,,false,0,6.115990763e+01,/mnt/pd/tema1/new/results/ml_samples/N1_sw0.30_x-1_i0063.h5
1,50,3.000000000e-01,1.000000000e+00,-1,9.308828552e-01,1.232383375e+00,1508220257,main,fall,2.151000000e+00,6.086052795e-02,5.241233412e-02,2.469049802e-03,,false,0,6.769984572e+01,/mnt/pd/tema1/new/results/ml_samples/N1_sw0.30_x-1_i0059.h5
1,50,3.000000000e-01,1.000000000e+00,-1,9.308828552e-01,1.232383375e+00,1485757105,main,fall,1.741000000e+00,5.569907828e-02,5.522542582e-02,2.211981514e-03,,false,0,5.414871646e+01,/mnt/pd/tema1/new/results/ml_samples/N1_sw0.30_x-1_i0067.h5
1,50,3.000000000e-01,1.000000000e+00,-2,8.617657105e-01,1.140880111e+00,1938733702,main,fall,6.911000000e+00,3.561426197e-02,2.824143631e-02,2.503831096e-03,,false,0,1.931198373e+02,/mnt/pd/tema1/new/results/ml_samples/N1_sw0.30_x-2_i0093.h5
1,50,3.000000000e-01,1.000000000e+00,-2,8.617657105e-01,1.140880111e+00,1122806428,main,fall,8.641000000e+00,3.270055340e-02,2.579457012e-02,2.324628890e-03,,false,0,2.436569696e+02,/mnt/pd/tema1/new/results/ml_samples/N1_sw0.30_x-2_i0043.h5
1,50,3.000000000e-01,1.000000000e+00,-1,9.308828552e-01,1.232383375e+00,123697550,main,fall,2.211000000e+00,4.440638372e-02,2.751239545e-02,2.213635708e-03,,false,0,6.567596334e+01,/mnt/pd/tema1/new/results/ml_samples/N1_sw0.30_x-1_i0077.h5
1,50,3.000000000e-01,1.000000000e+00,-1,9.308828552e-01,1.232383375e+00,2072780067,main,fall,6.441000000e+00,4.658002713e-02,3.793191310e-02,2.223655325e-03,,false,0,1.914230215e+02,/mnt/pd/tema1/new/results/ml_samples/N1_sw0.30_x-1_i0009.h5
1,50,3.000000000e-01,1.000000000e+00,-1,9.308828552e-01,1.232383375e+00,1927305269,main,fall,5.431000000e+00,6.130012859e-02,2.599151785e-02,3.403041092e-03,,false,0,1.529276222e+02,/mnt/pd/tema1/new/results/ml_samples/N1_sw0.30_x-1_i0037.h5
1,50,3.000000000e-01,1.000000000e+00,-1,9.308828552e-01,1.232383375e+00,2068304835,main,fall,2.991000000e+00,3.914950030e-02,3.758949876e-02,2.506140932e-03,,false,0,8.765652646e+01,/mnt/pd/tema1/new/results/ml_samples/N1_sw0.30_x-1_i0071.h5
1,50,3.000000000e-01,1.000000000e+00,-1,9.308828552e-01,1.232383375e+00,1653879328,main,fall,1.481000000e+00,9.990984744e-02,6.541978500e-02,4.340101783e-03,,false,0,4.928433867e+01,/mnt/pd/tema1/new/results/ml_samples/N1_sw0.30_x-1_i0087.h5
1,50,3.000000000e-01,1.000000000e+00,-1,9.308828552e-01,1.232383375e+00,68106947,main,fall,2.101000000e+00,4.663055547e-02,2.199713057e-02,2.621516266e-03,,false,0,6.271045458e+01,/mnt/pd/tema1/new/results/ml_samples/N1_sw0.30_x-1_i0085.h5
1,50,3.000000000e-01,1.000000000e+00,-1,9.308828552e-01,1.232383375e+00,586055615,main,fall,1.681000000e+00,5.085736436e-02,4.145230554e-02,2.301990569e-03,,false,0,5.223259873e+01,/mnt/pd/tema1/new/results/ml_samples/N1_sw0.30_x-1_i0091.h5
1,50,3.000000000e-01,1.000000000e+00,-1,9.308828552e-01,1.232383375e+00,24638939,main,fall,5.741000000e+00,5.883764615e-02,4.153714214e-02,3.345680571e-03,,false,0,1.670044694e+02,/mnt/pd/tema1/new/results/ml_samples/N1_sw0.30_x-1_i0047.h5
1,50,3.000000000e-01,1.000000000e+00,-1,9.308828552e-01,1.232383375e+00,2367168,main,fall,1.911000000e+00,6.106152963e-02,5.546925077e-02,1.718267237e-03,,false,0,6.015737177e+01,/mnt/pd/tema1/new/results/ml_samples/N1_sw0.30_x-1_i0089.h5
1,50,3.000000000e-01,1.000000000e+00,-1,9.308828552e-01,1.232383375e+00,24003588,main,fall,5.671000000e+00,2.928542275e-02,1.773447288e-02,1.810858925e-03,,false,0,1.608436885e+02,/mnt/pd/tema1/new/results/ml_samples/N1_sw0.30_x-1_i0051.h5
1,50,3.000000000e-01,1.000000000e+00,-1,9.308828552e-01,1.232383375e+00,2081337224,main,fall,1.551000000e+00,6.862792537e-02,7.147669217e-02,2.718521717e-03,,false,0,5.039389680e+01,/mnt/pd/tema1/new/results/ml_samples/N1_sw0.30_x-1_i0095.h5
1,50,3.000000000e-01,1.000000000e+00,-1,9.308828552e-01,1.232383375e+00,1347067758,main,fall,9.210000000e-01,1.099121168e-01,7.493311136e-02,3.684468549e-03,,false,0,3.431382365e+01,/mnt/pd/tema1/new/results/ml_samples/N1_sw0.30_x-1_i0097.h5
1,50,3.000000000e-01,1.000000000e+00,-1,9.308828552e-01,1.232383375e+00,250543289,main,fall,5.491000000e+00,4.800762216e-02,2.252466494e-02,2.450536918e-03,,false,0,1.542600088e+02,/mnt/pd/tema1/new/results/ml_samples/N1_sw0.30_x-1_i0053.h5
1,50,3.000000000e-01,1.000000000e+00,-1,9.308828552e-01,1.232383375e+00,690696086,main,fall,2.811000000e+00,6.358157260e-02,4.721545228e-02,3.337337383e-03,,false,0,8.222591067e+01,/mnt/pd/tema1/new/results/ml_samples/N1_sw0.30_x-1_i0083.h5
1,50,3.000000000e-01,1.000000000e+00,-1,9.308828552e-01,1.232383375e+00,1254695701,main,fall,3.881000000e+00,6.555137478e-02,4.754358857e-02,2.691146818e-03,,false,0,1.131398482e+02,/mnt/pd/tema1/new/results/ml_samples/N1_sw0.30_x-1_i0075.h5
1,50,3.000000000e-01,1.000000000e+00,-1,9.308828552e-01,1.232383375e+00,1740401475,main,fall,9.510000000e-01,9.203043257e-02,6.425103775e-02,3.366116628e-03,,false,0,3.300795266e+01,/mnt/pd/tema1/new/results/ml_samples/N1_sw0.30_x-1_i0103.h5
1,50,3.000000000e-01,1.000000000e+00,-1,9.308828552e-01,1.232383375e+00,638031907,main,fall,1.401000000e+00,8.860424345e-02,7.839710961e-02,3.575399246e-03,,false,0,4.857669539e+01,/mnt/pd/tema1/new/results/ml_samples/N1_sw0.30_x-1_i0101.h5
1,50,3.000000000e-01,1.000000000e+00,-1,9.308828552e-01,1.232383375e+00,1398995388,main,fall,1.251000000e+00,5.850218187e-02,3.158126271e-02,1.799479630e-03,,false,0,4.100037915e+01,/mnt/pd/tema1/new/results/ml_samples/N1_sw0.30_x-1_i0109.h5
1,50,3.000000000e-01,1.000000000e+00,-1,9.308828552e-01,1.232383375e+00,1870217708,main,fall,6.561000000e+00,3.624281908e-02,3.038507718e-02,2.062905063e-03,,false,0,1.865311292e+02,/mnt/pd/tema1/new/results/ml_samples/N1_sw0.30_x-1_i0055.h5
1,50,3.000000000e-01,1.000000000e+00,-2,8.617657105e-01,1.140880111e+00,184771505,main,fall,1.224100000e+01,6.071511405e-02,3.672018676e-02,3.166050604e-03,,false,0,3.627781137e+02,/mnt/pd/tema1/new/results/ml_samples/N1_sw0.30_x-2_i0015.h5
1,50,3.000000000e-01,1.000000000e+00,-1,9.308828552e-01,1.232383375e+00,1844703572,main,fall,1.391000000e+00,7.061773429e-02,7.560940450e-02,2.621047554e-03,,false,0,4.618885339e+01,/mnt/pd/tema1/new/results/ml_samples/N1_sw0.30_x-1_i0117.h5
1,50,3.000000000e-01,1.000000000e+00,-1,9.308828552e-01,1.232383375e+00,1198176945,main,fall,2.041000000e+00,7.869424776e-02,2.855066346e-02,3.473375438e-03,,false,0,6.104603217e+01,/mnt/pd/tema1/new/results/ml_samples/N1_sw0.30_x-1_i0107.h5
1,50,3.000000000e-01,1.000000000e+00,-1,9.308828552e-01,1.232383375e+00,2018373860,main,fall,6.301000000e+00,4.881707132e-02,3.414478512e-02,2.750368079e-03,,false,0,1.771392689e+02,/mnt/pd/tema1/new/results/ml_samples/N1_sw0.30_x-1_i0061.h5
1,50,3.000000000e-01,1.000000000e+00,-1,9.308828552e-01,1.232383375e+00,68097271,main,fall,5.681000000e+00,4.922224450e-02,3.168245492e-02,2.644553652e-03,,false,0,1.608709298e+02,/mnt/pd/tema1/new/results/ml_samples/N1_sw0.30_x-1_i0073.h5
1,50,1.500000000e-01,1.000000000e+00,2,1.069117145e+00,1.415389904e+00,1033743631,main,rise,3.689100000e+01,2.043692610e-02,1.638450672e-02,9.957577744e-04,,false,0,1.004468333e+03,/mnt/pd/tema1/new/results/ml_samples/N1_sw0.15_x+2_i0075.h5
1,50,3.000000000e-01,1.000000000e+00,-1,9.308828552e-01,1.232383375e+00,728076562,main,fall,1.991000000e+00,5.493332009e-02,3.957503438e-02,2.552393094e-03,,false,0,6.188549438e+01,/mnt/pd/tema1/new/results/ml_samples/N1_sw0.30_x-1_i0115.h5
1,50,3.000000000e-01,1.000000000e+00,-1,9.308828552e-01,1.232383375e+00,1403341432,main,fall,9.021000000e+00,4.280779586e-02,2.639080650e-02,2.379499257e-03,,false,0,2.515298552e+02,/mnt/pd/tema1/new/results/ml_samples/N1_sw0.30_x-1_i0035.h5
1,50,3.000000000e-01,1.000000000e+00,-1,9.308828552e-01,1.232383375e+00,843235397,main,fall,4.181000000e+00,4.617610576e-02,3.000412274e-02,1.975725926e-03,,false,0,1.240043525e+02,/mnt/pd/tema1/new/results/ml_samples/N1_sw0.30_x-1_i0093.h5
1,50,3.000000000e-01,1.000000000e+00,-2,8.617657105e-01,1.140880111e+00,785668290,main,fall,1.260100000e+01,4.100721144e-02,3.063857751e-02,2.348381324e-03,,false,0,3.525425865e+02,/mnt/pd/tema1/new/results/ml_samples/N1_sw0.30_x-2_i0061.h5
1,50,3.000000000e-01,1.000000000e+00,-1,9.308828552e-01,1.232383375e+00,2000951627,main,fall,1.211000000e+00,8.764755515e-02,7.315943590e-02,4.466822614e-03,,false,0,4.013687145e+01,/mnt/pd/tema1/new/results/ml_samples/N1_sw0.30_x-1_i0135.h5
1,50,3.000000000e-01,1.000000000e+00,-1,9.308828552e-01,1.232383375e+00,584978678,main,fall,3.551000000e+00,4.075147671e-02,2.723903824e-02,1.926618542e-03,,false,0,1.055801692e+02,/mnt/pd/tema1/new/results/ml_samples/N1_sw0.30_x-1_i0105.h5
1,50,3.000000000e-01,1.000000000e+00,-1,9.308828552e-01,1.232383375e+00,1051659098,main,fall,2.041000000e+00,5.864494930e-02,2.526696396e-02,2.056389085e-03,,false,0,6.059854362e+01,/mnt/pd/tema1/new/results/ml_samples/N1_sw0.30_x-1_i0131.h5
1,50,3.000000000e-01,1.000000000e+00,-1,9.308828552e-01,1.232383375e+00,128639764,main,fall,1.921000000e+00,4.774607610e-02,5.246992117e-02,2.396741022e-03,,false,0,6.360310847e+01,/mnt/pd/tema1/new/results/ml_samples/N1_sw0.30_x-1_i0133.h5
1,50,3.000000000e-01,1.000000000e+00,-1,9.308828552e-01,1.232383375e+00,1406781320,main,fall,3.021000000e+00,4.632709291e-02,4.740104141e-02,2.043244773e-03,,false,0,9.078689000e+01,/mnt/pd/tema1/new/results/ml_samples/N1_sw0.30_x-1_i0127.h5
1,50,3.000000000e-01,1.000000000e+00,-1,9.308828552e-01,1.232383375e+00,1637206222,main,fall,1.001000000e+00,4.613098027e-02,3.415274725e-02,2.342551257e-03,,false,0,3.320246663e+01,/mnt/pd/tema1/new/results/ml_samples/N1_sw0.30_x-1_i0153.h5
1,50,3.000000000e-01,1.000000000e+00,-1,9.308828552e-01,1.232383375e+00,1623524436,main,fall,1.841000000e+00,5.912022874e-02,3.287516268e-02,1.970457733e-03,,false,0,5.678456745e+01,/mnt/pd/tema1/new/results/ml_samples/N1_sw0.30_x-1_i0143.h5
1,50,3.000000000e-01,1.000000000e+00,-1,9.308828552e-01,1.232383375e+00,2060778277,main,fall,3.721000000e+00,4.984695474e-02,5.010261434e-02,3.155837616e-03,,false,0,1.093951717e+02,/mnt/pd/tema1/new/results/ml_samples/N1_sw0.30_x-1_i0113.h5
1,50,3.000000000e-01,1.000000000e+00,-1,9.308828552e-01,1.232383375e+00,2043684548,main,fall,3.891000000e+00,4.450678041e-02,3.146586003e-02,1.926449228e-03,,false,0,1.119059031e+02,/mnt/pd/tema1/new/results/ml_samples/N1_sw0.30_x-1_i0119.h5
1,50,3.000000000e-01,1.000000000e+00,-1,9.308828552e-01,1.232383375e+00,677288983,main,fall,1.181000000e+00,7.872799663e-02,5.716242642e-02,3.055430642e-03,,false,0,3.945484952e+01,/mnt/pd/tema1/new/results/ml_samples/N1_sw0.30_x-1_i0155.h5
1,50,3.000000000e-01,1.000000000e+00,-1,9.308828552e-01,1.232383375e+00,992346251,main,fall,2.501000000e+00,4.987551470e-02,5.230574101e-02,2.161717819e-03,,false,0,7.534144331e+01,/mnt/pd/tema1/new/results/ml_samples/N1_sw0.30_x-1_i0151.h5
1,50,3.000000000e-01,1.000000000e+00,-1,9.308828552e-01,1.232383375e+00,290245297,main,fall,1.281000000e+00,5.682895813e-02,3.926401753e-02,2.538758845e-03,,false,0,4.030511216e+01,/mnt/pd/tema1/new/results/ml_samples/N1_sw0.30_x-1_i0165.h5
1,50,3.000000000e-01,1.000000000e+00,-1,9.308828552e-01,1.232383375e+00,1063614533,main,fall,1.731000000e+00,7.616151469e-02,5.292025187e-02,3.253212177e-03,,false,0,5.313745148e+01,/mnt/pd/tema1/new/results/ml_samples/N1_sw0.30_x-1_i0159.h5
1,50,3.000000000e-01,1.000000000e+00,-1,9.308828552e-01,1.232383375e+00,244676799,main,fall,2.901000000e+00,3.419755372e-02,2.233832562e-02,2.571451107e-03,,false,0,8.364490199e+01,/mnt/pd/tema1/new/results/ml_samples/N1_sw0.30_x-1_i0149.h5
1,50,3.000000000e-01,1.000000000e+00,-1,9.308828552e-01,1.232383375e+00,1143392370,main,fall,4.301000000e+00,4.232556565e-02,2.589811765e-02,2.532073031e-03,,false,0,1.214605370e+02,/mnt/pd/tema1/new/results/ml_samples/N1_sw0.30_x-1_i0145.h5
1,50,3.000000000e-01,1.000000000e+00,-1,9.308828552e-01,1.232383375e+00,1561963922,main,fall,1.851000000e+00,6.898119192e-02,6.355201919e-02,2.408027147e-03,,false,0,5.894166324e+01,/mnt/pd/tema1/new/results/ml_samples/N1_sw0.30_x-1_i0173.h5
1,50,3.000000000e-01,1.000000000e+00,-1,9.308828552e-01,1.232383375e+00,23148484,main,fall,2.131000000e+00,7.243723250e-02,5.465735477e-02,2.300805387e-03,,false,0,6.653833282e+01,/mnt/pd/tema1/new/results/ml_samples/N1_sw0.30_x-1_i0171.h5
1,50,3.000000000e-01,1.000000000e+00,-1,9.308828552e-01,1.232383375e+00,1586361422,main,fall,6.121000000e+00,3.952253566e-02,4.430142113e-02,2.065649872e-03,,false,0,1.844369217e+02,/mnt/pd/tema1/new/results/ml_samples/N1_sw0.30_x-1_i0111.h5
1,50,3.000000000e-01,1.000000000e+00,-1,9.308828552e-01,1.232383375e+00,425208645,main,fall,1.471000000e+00,4.012504719e-02,3.077214304e-02,2.385704813e-03,,false,0,4.546595587e+01,/mnt/pd/tema1/new/results/ml_samples/N1_sw0.30_x-1_i0177.h5
1,50,3.000000000e-01,1.000000000e+00,-1,9.308828552e-01,1.232383375e+00,551937843,main,fall,9.961000000e+00,4.326273971e-02,2.759946671e-02,1.954896097e-03,,false,0,2.787948380e+02,/mnt/pd/tema1/new/results/ml_samples/N1_sw0.30_x-1_i0081.h5
1,50,3.000000000e-01,1.000000000e+00,-1,9.308828552e-01,1.232383375e+00,1251727052,main,fall,1.491000000e+00,7.027543565e-02,6.682755785e-02,3.015948343e-03,,false,0,4.789089153e+01,/mnt/pd/tema1/new/results/ml_samples/N1_sw0.30_x-1_i0179.h5
1,50,3.000000000e-01,1.000000000e+00,-1,9.308828552e-01,1.232383375e+00,953667434,main,fall,5.861000000e+00,4.275424690e-02,3.074862892e-02,2.185214338e-03,,false,0,1.643139810e+02,/mnt/pd/tema1/new/results/ml_samples/N1_sw0.30_x-1_i0137.h5
1,50,3.000000000e-01,1.000000000e+00,-2,8.617657105e-01,1.140880111e+00,1657047313,main,fall,1.602100000e+01,4.764605693e-02,3.336292467e-02,2.388640024e-03,,false,0,4.684244054e+02,/mnt/pd/tema1/new/results/ml_samples/N1_sw0.30_x-2_i0089.h5
1,50,3.000000000e-01,1.000000000e+00,-1,9.308828552e-01,1.232383375e+00,809046771,main,fall,5.101000000e+00,4.988841861e-02,4.579825771e-02,1.936564378e-03,,false,0,1.614958522e+02,/mnt/pd/tema1/new/results/ml_samples/N1_sw0.30_x-1_i0147.h5
1,50,3.000000000e-01,1.000000000e+00,-1,9.308828552e-01,1.232383375e+00,1294889054,main,fall,2.681000000e+00,3.446710182e-02,3.459993404e-02,2.094380956e-03,,false,0,8.101612751e+01,/mnt/pd/tema1/new/results/ml_samples/N1_sw0.30_x-1_i0175.h5
1,50,3.000000000e-01,1.000000000e+00,-1,9.308828552e-01,1.232383375e+00,993905373,main,fall,1.698100000e+01,5.535426226e-02,3.344463836e-02,3.043334447e-03,,false,0,4.716768388e+02,/mnt/pd/tema1/new/results/ml_samples/N1_sw0.30_x-1_i0001.h5
1,50,3.000000000e-01,1.000000000e+00,-1,9.308828552e-01,1.232383375e+00,855741698,main,fall,6.391000000e+00,4.591579234e-02,2.422233570e-02,2.119859327e-03,,false,0,1.870586837e+02,/mnt/pd/tema1/new/results/ml_samples/N1_sw0.30_x-1_i0139.h5
1,50,3.000000000e-01,1.000000000e+00,-1,9.308828552e-01,1.232383375e+00,521312338,main,fall,1.561000000e+00,4.966762825e-02,3.769536087e-02,1.973780012e-03,,false,0,4.835155620e+01,/mnt/pd/tema1/new/results/ml_samples/N1_sw0.30_x-1_i0191.h5
1,50,3.000000000e-01,1.000000000e+00,-1,9.308828552e-01,1.232383375e+00,1714406812,main,fall,2.201000000e+00,6.369771617e-02,5.979585220e-02,3.024411782e-03,,false,0,6.789569040e+01,/mnt/pd/tema1/new/results/ml_samples/N1_sw0.30_x-1_i0189.h5
1,50,3.000000000e-01,1.000000000e+00,-1,9.308828552e-01,1.232383375e+00,455074823,main,fall,5.871000000e+00,5.027503969e-02,3.116120837e-02,2.264476543e-03,,false,0,1.653830630e+02,/mnt/pd/tema1/new/results/ml_samples/N1_sw0.30_x-1_i0161.h5
1,50,3.000000000e-01,1.000000000e+00,-1,9.308828552e-01,1.232383375e+00,1292186000,main,fall,2.471000000e+00,4.333654688e-02,4.251921285e-02,2.030867249e-03,,false,0,7.350671401e+01,/mnt/pd/tema1/new/results/ml_samples/N1_sw0.30_x-1_i0195.h5
1,50,3.000000000e-01,1.000000000e+00,0,1.000000000e+00,1.323886640e+00,920209087,main,fall,1.411000000e+00,5.337400352e-02,3.022101208e-02,1.959613510e-03,,false,0,4.465988855e+01,/mnt/pd/tema1/new/results/ml_samples/N1_sw0.30_x+0_i0007.h5
1,50,3.000000000e-01,1.000000000e+00,-1,9.308828552e-01,1.232383375e+00,1187432426,main,fall,9.461000000e+00,5.078458370e-02,4.015907226e-02,2.616763483e-03,,false,0,2.797528189e+02,/mnt/pd/tema1/new/results/ml_samples/N1_sw0.30_x-1_i0123.h5
1,50,3.000000000e-01,1.000000000e+00,-1,9.308828552e-01,1.232383375e+00,1598761334,main,fall,6.691000000e+00,4.509764238e-02,2.714366431e-02,2.712811577e-03,,false,0,1.890022111e+02,/mnt/pd/tema1/new/results/ml_samples/N1_sw0.30_x-1_i0163.h5
1,50,3.000000000e-01,1.000000000e+00,0,1.000000000e+00,1.323886640e+00,1278865473,main,fall,2.001000000e+00,5.423105395e-02,5.579140765e-02,3.105309011e-03,,false,0,6.087933389e+01,/mnt/pd/tema1/new/results/ml_samples/N1_sw0.30_x+0_i0005.h5
1,50,3.000000000e-01,1.000000000e+00,-1,9.308828552e-01,1.232383375e+00,322315358,main,fall,3.741000000e+00,5.689816337e-02,2.684665049e-02,2.744422547e-03,,false,0,1.076736217e+02,/mnt/pd/tema1/new/results/ml_samples/N1_sw0.30_x-1_i0193.h5
1,50,3.000000000e-01,1.000000000e+00,-1,9.308828552e-01,1.232383375e+00,1432595409,main,fall,1.083100000e+01,4.699792995e-02,3.221393549e-02,2.473979950e-03,,false,0,2.984608008e+02,/mnt/pd/tema1/new/results/ml_samples/N1_sw0.30_x-1_i0125.h5
1,50,3.000000000e-01,1.000000000e+00,0,1.000000000e+00,1.323886640e+00,1925539959,main,fall,2.201000000e+00,4.618374776e-02,3.645868957e-02,1.675970664e-03,,false,0,7.279176895e+01,/mnt/pd/tema1/new/results/ml_samples/N1_sw0.30_x+0_i0011.h5
1,50,3.000000000e-01,1.000000000e+00,-1,9.308828552e-01,1.232383375e+00,227750482,main,fall,1.531100000e+01,4.418054340e-02,2.510807146e-02,2.562482745e-03,,false,0,4.401916720e+02,/mnt/pd/tema1/new/results/ml_samples/N1_sw0.30_x-1_i0069.h5
1,50,3.000000000e-01,1.000000000e+00,-1,9.308828552e-01,1.232383375e+00,618618532,main,fall,1.545100000e+01,3.569926631e-02,1.790238547e-02,2.344210484e-03,,false,0,4.260841110e+02,/mnt/pd/tema1/new/results/ml_samples/N1_sw0.30_x-1_i0079.h5
1,50,3.000000000e-01,1.000000000e+00,0,1.000000000e+00,1.323886640e+00,592742451,main,fall,9.910000000e-01,5.715364952e-02,5.352385371e-02,2.730442148e-03,,false,0,3.324254356e+01,/mnt/pd/tema1/new/results/ml_samples/N1_sw0.30_x+0_i0027.h5
1,50,3.000000000e-01,1.000000000e+00,-1,9.308828552e-01,1.232383375e+00,1118007393,main,fall,1.400100000e+01,3.887200688e-02,2.729556369e-02,2.080934522e-03,,false,0,3.880997642e+02,/mnt/pd/tema1/new/results/ml_samples/N1_sw0.30_x-1_i0099.h5
1,50,3.000000000e-01,1.000000000e+00,0,1.000000000e+00,1.323886640e+00,1402880026,main,fall,3.021000000e+00,4.579751911e-02,4.366123137e-02,2.804688312e-03,,false,0,8.965138620e+01,/mnt/pd/tema1/new/results/ml_samples/N1_sw0.30_x+0_i0015.h5
1,50,3.000000000e-01,1.000000000e+00,0,1.000000000e+00,1.323886640e+00,819083822,main,rise,2.561000000e+00,5.626256391e-02,2.834339915e-02,2.326611312e-03,,false,0,7.623670336e+01,/mnt/pd/tema1/new/results/ml_samples/N1_sw0.30_x+0_i0021.h5
1,50,3.000000000e-01,1.000000000e+00,-1,9.308828552e-01,1.232383375e+00,1669616013,main,fall,1.177100000e+01,4.211117775e-02,2.242212051e-02,2.647423987e-03,,false,0,3.229530919e+02,/mnt/pd/tema1/new/results/ml_samples/N1_sw0.30_x-1_i0141.h5
1,50,3.000000000e-01,1.000000000e+00,0,1.000000000e+00,1.323886640e+00,280938714,main,fall,4.631000000e+00,4.596003288e-02,4.260329619e-02,2.405876386e-03,,false,0,1.499242731e+02,/mnt/pd/tema1/new/results/ml_samples/N1_sw0.30_x+0_i0003.h5
1,50,3.000000000e-01,1.000000000e+00,-2,8.617657105e-01,1.140880111e+00,1354180051,main,fall,2.362100000e+01,4.523351002e-02,3.814676588e-02,2.502403309e-03,,false,0,6.823023425e+02,/mnt/pd/tema1/new/results/ml_samples/N1_sw0.30_x-2_i0037.h5
1,50,3.000000000e-01,1.000000000e+00,-1,9.308828552e-01,1.232383375e+00,1820107813,main,fall,1.327100000e+01,3.427796349e-02,2.650036057e-02,2.411262058e-03,,false,0,3.703439109e+02,/mnt/pd/tema1/new/results/ml_samples/N1_sw0.30_x-1_i0129.h5
1,50,3.000000000e-01,1.000000000e+00,-1,9.308828552e-01,1.232383375e+00,1525060545,main,fall,7.601000000e+00,4.072099144e-02,3.780703787e-02,2.153879602e-03,,false,0,2.124655411e+02,/mnt/pd/tema1/new/results/ml_samples/N1_sw0.30_x-1_i0187.h5
1,50,3.000000000e-01,1.000000000e+00,-1,9.308828552e-01,1.232383375e+00,957362200,main,fall,8.361000000e+00,4.000000352e-02,2.463560944e-02,2.661213325e-03,,false,0,2.338829116e+02,/mnt/pd/tema1/new/results/ml_samples/N1_sw0.30_x-1_i0185.h5
1,50,3.000000000e-01,1.000000000e+00,0,1.000000000e+00,1.323886640e+00,785529124,main,fall,1.441000000e+00,4.423443455e-02,3.746084731e-02,1.796531347e-03,,false,0,4.515024161e+01,/mnt/pd/tema1/new/results/ml_samples/N1_sw0.30_x+0_i0051.h5
1,50,3.000000000e-01,1.000000000e+00,0,1.000000000e+00,1.323886640e+00,1886731840,main,fall,4.911000000e+00,4.097831919e-02,2.204651264e-02,2.882778420e-03,,false,0,1.391484454e+02,/mnt/pd/tema1/new/results/ml_samples/N1_sw0.30_x+0_i0025.h5
1,50,3.000000000e-01,1.000000000e+00,-2,8.617657105e-01,1.140880111e+00,1926997241,main,rise,2.718100000e+01,3.605961345e-02,2.074427808e-02,2.104833735e-03,,false,0,7.587427904e+02,/mnt/pd/tema1/new/results/ml_samples/N1_sw0.30_x-2_i0023.h5
1,50,3.000000000e-01,1.000000000e+00,0,1.000000000e+00,1.323886640e+00,751558334,main,fall,2.811000000e+00,4.535943298e-02,3.994618848e-02,2.343670445e-03,,false,0,8.169441149e+01,/mnt/pd/tema1/new/results/ml_samples/N1_sw0.30_x+0_i0045.h5
1,50,3.000000000e-01,1.000000000e+00,-1,9.308828552e-01,1.232383375e+00,1353888911,main,fall,1.434100000e+01,4.521594701e-02,3.102891071e-02,2.439175618e-03,,false,0,3.955673392e+02,/mnt/pd/tema1/new/results/ml_samples/N1_sw0.30_x-1_i0157.h5
1,50,3.000000000e-01,1.000000000e+00,-1,9.308828552e-01,1.232383375e+00,2028180841,main,fall,1.212100000e+01,5.296034853e-02,3.117814612e-02,2.578742319e-03,,false,0,3.353491001e+02,/mnt/pd/tema1/new/results/ml_samples/N1_sw0.30_x-1_i0181.h5
1,50,3.000000000e-01,1.000000000e+00,0,1.000000000e+00,1.323886640e+00,249023438,main,rise,5.831000000e+00,4.296259403e-02,3.266067093e-02,1.894664502e-03,,false,0,1.674994479e+02,/mnt/pd/tema1/new/results/ml_samples/N1_sw0.30_x+0_i0029.h5
1,50,3.000000000e-01,1.000000000e+00,0,1.000000000e+00,1.323886640e+00,913803454,main,fall,2.951000000e+00,4.692668058e-02,2.888550320e-02,2.066740562e-03,,false,0,8.591889371e+01,/mnt/pd/tema1/new/results/ml_samples/N1_sw0.30_x+0_i0053.h5
1,50,3.000000000e-01,1.000000000e+00,0,1.000000000e+00,1.323886640e+00,1144492804,main,fall,8.641000000e+00,3.645800261e-02,2.676912337e-02,1.693937712e-03,,false,0,2.420063064e+02,/mnt/pd/tema1/new/results/ml_samples/N1_sw0.30_x+0_i0013.h5
1,50,3.000000000e-01,1.000000000e+00,0,1.000000000e+00,1.323886640e+00,1071428301,main,fall,5.221000000e+00,4.665950723e-02,3.079016933e-02,2.397739709e-03,,false,0,1.473863392e+02,/mnt/pd/tema1/new/results/ml_samples/N1_sw0.30_x+0_i0041.h5
1,50,3.000000000e-01,1.000000000e+00,-1,9.308828552e-01,1.232383375e+00,1997556003,main,fall,1.113100000e+01,3.787026067e-02,3.385470361e-02,1.929321339e-03,,false,0,3.084578650e+02,/mnt/pd/tema1/new/results/ml_samples/N1_sw0.30_x-1_i0197.h5
1,50,3.000000000e-01,1.000000000e+00,0,1.000000000e+00,1.323886640e+00,2081480146,main,fall,2.571000000e+00,5.361028125e-02,5.799985728e-02,1.843952840e-03,,false,0,8.583460237e+01,/mnt/pd/tema1/new/results/ml_samples/N1_sw0.30_x+0_i0059.h5
1,50,3.000000000e-01,1.000000000e+00,0,1.000000000e+00,1.323886640e+00,571284197,main,fall,1.531000000e+00,5.251506560e-02,3.269581263e-02,1.936912022e-03,,false,0,4.780836693e+01,/mnt/pd/tema1/new/results/ml_samples/N1_sw0.30_x+0_i0065.h5
1,50,3.000000000e-01,1.000000000e+00,-1,9.308828552e-01,1.232383375e+00,1372933824,main,fall,1.273100000e+01,4.105278712e-02,2.487592939e-02,2.323328632e-03,,false,0,3.639445435e+02,/mnt/pd/tema1/new/results/ml_samples/N1_sw0.30_x-1_i0183.h5
1,50,3.000000000e-01,1.000000000e+00,0,1.000000000e+00,1.323886640e+00,2029828383,main,rise,8.361000000e+00,4.822270923e-02,3.600687036e-02,2.176387732e-03,,false,0,2.620574860e+02,/mnt/pd/tema1/new/results/ml_samples/N1_sw0.30_x+0_i0023.h5
1,50,3.000000000e-01,1.000000000e+00,0,1.000000000e+00,1.323886640e+00,1984604389,main,fall,7.141000000e+00,3.788362754e-02,3.384561805e-02,2.269327471e-03,,false,0,2.002444709e+02,/mnt/pd/tema1/new/results/ml_samples/N1_sw0.30_x+0_i0037.h5
1,50,3.000000000e-01,1.000000000e+00,0,1.000000000e+00,1.323886640e+00,2063302883,main,fall,1.192100000e+01,4.302059098e-02,2.647483338e-02,1.988756833e-03,,false,0,3.321442674e+02,/mnt/pd/tema1/new/results/ml_samples/N1_sw0.30_x+0_i0009.h5
1,50,3.000000000e-01,1.000000000e+00,0,1.000000000e+00,1.323886640e+00,1005884941,main,rise,6.621000000e+00,5.465968314e-02,3.702598970e-02,2.388001851e-03,,false,0,1.965180836e+02,/mnt/pd/tema1/new/results/ml_samples/N1_sw0.30_x+0_i0047.h5
1,50,3.000000000e-01,1.000000000e+00,0,1.000000000e+00,1.323886640e+00,1888742653,main,fall,1.015100000e+01,4.531313915e-02,3.337168836e-02,2.269759531e-03,,false,0,2.988582546e+02,/mnt/pd/tema1/new/results/ml_samples/N1_sw0.30_x+0_i0031.h5
1,50,3.000000000e-01,1.000000000e+00,0,1.000000000e+00,1.323886640e+00,450379957,main,fall,6.761000000e+00,3.510244685e-02,2.942637689e-02,1.687611193e-03,,false,0,1.905625223e+02,/mnt/pd/tema1/new/results/ml_samples/N1_sw0.30_x+0_i0055.h5
1,50,3.000000000e-01,1.000000000e+00,-1,9.308828552e-01,1.232383375e+00,2042226190,main,fall,1.944100000e+01,4.479589312e-02,3.092625758e-02,2.567322857e-03,,false,0,5.423742251e+02,/mnt/pd/tema1/new/results/ml_samples/N1_sw0.30_x-1_i0169.h5
1,50,3.000000000e-01,1.000000000e+00,0,1.000000000e+00,1.323886640e+00,134588291,main,fall,1.005100000e+01,4.213320285e-02,2.289890578e-02,2.141851984e-03,,false,0,2.844944556e+02,/mnt/pd/tema1/new/results/ml_samples/N1_sw0.30_x+0_i0043.h5
1,50,3.000000000e-01,1.000000000e+00,0,1.000000000e+00,1.323886640e+00,159690218,main,rise,1.603100000e+01,4.212441806e-02,2.673512159e-02,2.158421930e-03,,false,0,4.407964291e+02,/mnt/pd/tema1/new/results/ml_samples/N1_sw0.30_x+0_i0001.h5
1,50,3.000000000e-01,1.000000000e+00,0,1.000000000e+00,1.323886640e+00,52251848,main,fall,1.110100000e+01,4.466746611e-02,2.205442389e-02,2.403595921e-03,,false,0,3.073380983e+02,/mnt/pd/tema1/new/results/ml_samples/N1_sw0.30_x+0_i0039.h5
1,50,3.000000000e-01,1.000000000e+00,0,1.000000000e+00,1.323886640e+00,128630076,main,rise,1.173100000e+01,3.728696960e-02,3.476803963e-02,1.968721084e-03,,false,0,3.338871182e+02,/mnt/pd/tema1/new/results/ml_samples/N1_sw0.30_x+0_i0035.h5
1,50,3.000000000e-01,1.000000000e+00,0,1.000000000e+00,1.323886640e+00,761000188,main,rise,6.791000000e+00,3.601985861e-02,1.847422233e-02,1.709110366e-03,,false,0,1.902303532e+02,/mnt/pd/tema1/new/results/ml_samples/N1_sw0.30_x+0_i0067.h5
1,50,3.000000000e-01,1.000000000e+00,0,1.000000000e+00,1.323886640e+00,280874810,main,fall,1.418100000e+01,4.188878910e-02,2.216902492e-02,2.363277929e-03,,false,0,3.994772352e+02,/mnt/pd/tema1/new/results/ml_samples/N1_sw0.30_x+0_i0019.h5
1,50,3.000000000e-01,1.000000000e+00,0,1.000000000e+00,1.323886640e+00,1487336977,main,fall,6.241000000e+00,4.192307479e-02,2.514484407e-02,2.442725554e-03,,false,0,1.774424430e+02,/mnt/pd/tema1/new/results/ml_samples/N1_sw0.30_x+0_i0075.h5
1,50,3.000000000e-01,1.000000000e+00,0,1.000000000e+00,1.323886640e+00,2147472016,main,rise,5.231000000e+00,5.081501406e-02,3.572433619e-02,1.959994325e-03,,false,0,1.706415019e+02,/mnt/pd/tema1/new/results/ml_samples/N1_sw0.30_x+0_i0077.h5
1,50,3.000000000e-01,1.000000000e+00,-1,9.308828552e-01,1.232383375e+00,626237162,main,fall,3.332100000e+01,3.845210244e-02,2.243498154e-02,2.140717804e-03,,false,0,9.201721999e+02,/mnt/pd/tema1/new/results/ml_samples/N1_sw0.30_x-1_i0019.h5
1,50,3.000000000e-01,1.000000000e+00,0,1.000000000e+00,1.323886640e+00,568087742,main,rise,8.581000000e+00,4.288781217e-02,3.317004004e-02,1.785759291e-03,,false,0,2.521049801e+02,/mnt/pd/tema1/new/results/ml_samples/N1_sw0.30_x+0_i0061.h5
1,50,3.000000000e-01,1.000000000e+00,-1,9.308828552e-01,1.232383375e+00,1632159527,main,fall,2.620100000e+01,3.765829568e-02,2.113096645e-02,2.127522100e-03,,false,0,7.130933692e+02,/mnt/pd/tema1/new/results/ml_samples/N1_sw0.30_x-1_i0121.h5
1,50,3.000000000e-01,1.000000000e+00,0,1.000000000e+00,1.323886640e+00,1295663252,main,fall,3.601000000e+00,5.344976287e-02,4.710801733e-02,2.571897077e-03,,false,0,1.085998761e+02,/mnt/pd/tema1/new/results/ml_samples/N1_sw0.30_x+0_i0093.h5
1,50,3.000000000e-01,1.000000000e+00,0,1.000000000e+00,1.323886640e+00,2134647357,main,fall,2.581000000e+00,5.056023023e-02,5.759896985e-02,2.458047844e-03,,false,0,7.766419775e+01,/mnt/pd/tema1/new/results/ml_samples/N1_sw0.30_x+0_i0101.h5
1,50,3.000000000e-01,1.000000000e+00,0,1.000000000e+00,1.323886640e+00,111848548,main,fall,2.631000000e+00,5.299545142e-02,2.007307872e-02,2.149299333e-03,,false,0,7.668044855e+01,/mnt/pd/tema1/new/results/ml_samples/N1_sw0.30_x+0_i0103.h5
1,50,3.000000000e-01,1.000000000e+00,0,1.000000000e+00,1.323886640e+00,933279593,main,rise,7.861000000e+00,5.849066331e-02,3.899665968e-02,2.945331796e-03,,false,0,2.205551590e+02,/mnt/pd/tema1/new/results/ml_samples/N1_sw0.30_x+0_i0079.h5
1,50,3.000000000e-01,1.000000000e+00,0,1.000000000e+00,1.323886640e+00,1338870725,main,fall,1.881000000e+00,5.232384673e-02,3.968409110e-02,2.078734013e-03,,false,0,5.780174945e+01,/mnt/pd/tema1/new/results/ml_samples/N1_sw0.30_x+0_i0111.h5
1,50,3.000000000e-01,1.000000000e+00,0,1.000000000e+00,1.323886640e+00,1287604698,main,rise,1.116100000e+01,4.817672444e-02,2.896637250e-02,2.033994000e-03,,false,0,3.172651546e+02,/mnt/pd/tema1/new/results/ml_samples/N1_sw0.30_x+0_i0057.h5
1,50,3.000000000e-01,1.000000000e+00,0,1.000000000e+00,1.323886640e+00,1840858200,main,fall,1.771000000e+00,5.799084560e-02,3.162355537e-02,2.363171488e-03,,false,0,5.472421120e+01,/mnt/pd/tema1/new/results/ml_samples/N1_sw0.30_x+0_i0113.h5
1,50,3.000000000e-01,1.000000000e+00,-1,9.308828552e-01,1.232383375e+00,1383987500,main,rise,2.308100000e+01,4.580743921e-02,2.365328804e-02,2.523660176e-03,,false,0,6.550986048e+02,/mnt/pd/tema1/new/results/ml_samples/N1_sw0.30_x-1_i0167.h5
1,50,3.000000000e-01,1.000000000e+00,0,1.000000000e+00,1.323886640e+00,1188130349,main,fall,1.981000000e+00,6.104377914e-02,5.037129488e-02,1.956958366e-03,,false,0,7.001689933e+01,/mnt/pd/tema1/new/results/ml_samples/N1_sw0.30_x+0_i0109.h5
1,50,3.000000000e-01,1.000000000e+00,0,1.000000000e+00,1.323886640e+00,1284817030,main,fall,1.691000000e+00,5.180679603e-02,5.947470688e-02,2.213988625e-03,,false,0,5.431108589e+01,/mnt/pd/tema1/new/results/ml_samples/N1_sw0.30_x+0_i0117.h5
1,50,3.000000000e-01,1.000000000e+00,0,1.000000000e+00,1.323886640e+00,1117076732,main,fall,9.001000000e+00,4.553284967e-02,3.026665255e-02,2.381909978e-03,,false,0,2.671444224e+02,/mnt/pd/tema1/new/results/ml_samples/N1_sw0.30_x+0_i0073.h5
1,50,3.000000000e-01,1.000000000e+00,0,1.000000000e+00,1.323886640e+00,1214992629,main,fall,5.451000000e+00,4.839771485e-02,2.742227617e-02,1.841309428e-03,,false,0,1.541401993e+02,/mnt/pd/tema1/new/results/ml_samples/N1_sw0.30_x+0_i0091.h5
1,50,3.000000000e-01,1.000000000e+00,0,1.000000000e+00,1.323886640e+00,805548411,main,fall,9.961000000e+00,3.553850031e-02,2.274184805e-02,1.816727633e-03,,false,0,2.780500817e+02,/mnt/pd/tema1/new/results/ml_samples/N1_sw0.30_x+0_i0071.h5
1,50,3.000000000e-01,1.000000000e+00,0,1.000000000e+00,1.323886640e+00,1748854276,main,rise,2.791000000e+00,5.962453373e-02,5.176110638e-02,2.081240982e-03,,false,0,9.477350181e+01,/mnt/pd/tema1/new/results/ml_samples/N1_sw0.30_x+0_i0115.h5
1,50,3.000000000e-01,1.000000000e+00,0,1.000000000e+00,1.323886640e+00,1347859913,main,rise,1.133100000e+01,5.286576461e-02,3.350540307e-02,2.321361757e-03,,false,0,3.186974183e+02,/mnt/pd/tema1/new/results/ml_samples/N1_sw0.30_x+0_i0063.h5
1,50,3.000000000e-01,1.000000000e+00,0,1.000000000e+00,1.323886640e+00,1734671586,main,fall,1.261000000e+00,6.262092995e-02,5.619631837e-02,3.094254514e-03,,false,0,4.327786305e+01,/mnt/pd/tema1/new/results/ml_samples/N1_sw0.30_x+0_i0133.h5
1,50,3.000000000e-01,1.000000000e+00,-1,9.308828552e-01,1.232383375e+00,461614180,main,rise,2.178100000e+01,4.713340582e-02,3.132850765e-02,2.408175838e-03,,false,0,5.978666535e+02,/mnt/pd/tema1/new/results/ml_samples/N1_sw0.30_x-1_i0199.h5
1,50,3.000000000e-01,1.000000000e+00,0,1.000000000e+00,1.323886640e+00,761434498,main,fall,1.931000000e+00,6.438336672e-02,5.266158006e-02,2.394338858e-03,,false,0,6.479226599e+01,/mnt/pd/tema1/new/results/ml_samples/N1_sw0.30_x+0_i0123.h5
1,50,3.000000000e-01,1.000000000e+00,0,1.000000000e+00,1.323886640e+00,110101042,main,fall,2.061000000e+00,4.786110502e-02,4.664483557e-02,2.339744515e-03,,false,0,6.178841534e+01,/mnt/pd/tema1/new/results/ml_samples/N1_sw0.30_x+0_i0127.h5
1,50,3.000000000e-01,1.000000000e+00,0,1.000000000e+00,1.323886640e+00,1188699800,main,rise,1.573100000e+01,4.738458670e-02,3.334371795e-02,2.630414476e-03,,false,0,4.343184890e+02,/mnt/pd/tema1/new/results/ml_samples/N1_sw0.30_x+0_i0049.h5
1,50,3.000000000e-01,1.000000000e+00,0,1.000000000e+00,1.323886640e+00,569772821,main,fall,2.171000000e+00,6.741176378e-02,3.162684567e-02,2.969117511e-03,,false,0,6.511118408e+01,/mnt/pd/tema1/new/results/ml_samples/N1_sw0.30_x+0_i0143.h5
1,50,3.000000000e-01,1.000000000e+00,0,1.000000000e+00,1.323886640e+00,1663506928,main,fall,2.971000000e+00,4.109658651e-02,3.754225443e-02,2.011422719e-03,,false,0,8.658443093e+01,/mnt/pd/tema1/new/results/ml_samples/N1_sw0.30_x+0_i0137.h5
1,50,3.000000000e-01,1.000000000e+00,0,1.000000000e+00,1.323886640e+00,1160527134,main,fall,1.731000000e+00,6.490558792e-02,2.969544186e-02,2.891152068e-03,,false,0,5.359660945e+01,/mnt/pd/tema1/new/results/ml_samples/N1_sw0.30_x+0_i0147.h5
1,50,3.000000000e-01,1.000000000e+00,0,1.000000000e+00,1.323886640e+00,1851164519,main,fall,1.081000000e+00,7.338914161e-02,4.740811720e-02,2.823870656e-03,,false,0,3.678823085e+01,/mnt/pd/tema1/new/results/ml_samples/N1_sw0.30_x+0_i0157.h5
1,50,3.000000000e-01,1.000000000e+00,0,1.000000000e+00,1.323886640e+00,213344249,main,rise,6.381000000e+00,5.373897768e-02,3.045598822e-02,2.858443334e-03,,false,0,1.839121447e+02,/mnt/pd/tema1/new/results/ml_samples/N1_sw0.30_x+0_i0105.h5
1,50,3.000000000e-01,1.000000000e+00,0,1.000000000e+00,1.323886640e+00,1004834864,main,rise,1.114100000e+01,4.688819721e-02,2.356571741e-02,2.132312282e-03,,false,0,3.097255341e+02,/mnt/pd/tema1/new/results/ml_samples/N1_sw0.30_x+0_i0085.h5
1,50,3.000000000e-01,1.000000000e+00,0,1.000000000e+00,1.323886640e+00,1276856866,main,fall,3.031000000e+00,6.631316345e-02,5.080564154e-02,2.761380803e-03,,false,0,9.276158627e+01,/mnt/pd/tema1/new/results/ml_samples/N1_sw0.30_x+0_i0139.h5
1,50,3.000000000e-01,1.000000000e+00,0,1.000000000e+00,1.323886640e+00,2087225041,main,fall,2.021000000e+00,4.021989569e-02,3.472946746e-02,2.401322662e-03,,false,0,6.099872625e+01,/mnt/pd/tema1/new/results/ml_samples/N1_sw0.30_x+0_i0151.h5
1,50,3.000000000e-01,1.000000000e+00,0,1.000000000e+00,1.323886640e+00,322596001,main,fall,1.216100000e+01,5.133119885e-02,3.295196050e-02,2.359843417e-03,,false,0,3.420076477e+02,/mnt/pd/tema1/new/results/ml_samples/N1_sw0.30_x+0_i0083.h5
1,50,3.000000000e-01,1.000000000e+00,0,1.000000000e+00,1.323886640e+00,1557871039,main,fall,2.911000000e+00,5.452178153e-02,5.172270869e-02,2.385358363e-03,,false,0,8.647531207e+01,/mnt/pd/tema1/new/results/ml_samples/N1_sw0.30_x+0_i0155.h5
1,50,3.000000000e-01,1.000000000e+00,0,1.000000000e+00,1.323886640e+00,2095328763,main,fall,1.421000000e+00,4.477139314e-02,5.025344785e-02,2.695204163e-03,,false,0,4.475803494e+01,/mnt/pd/tema1/new/results/ml_samples/N1_sw0.30_x+0_i0169.h5
1,50,3.000000000e-01,1.000000000e+00,0,1.000000000e+00,1.323886640e+00,1576413495,main,fall,1.214100000e+01,5.144490547e-02,2.576635003e-02,2.562006185e-03,,false,0,3.390706156e+02,/mnt/pd/tema1/new/results/ml_samples/N1_sw0.30_x+0_i0089.h5
1,50,3.000000000e-01,1.000000000e+00,0,1.000000000e+00,1.323886640e+00,1760257519,main,fall,3.991000000e+00,3.773934088e-02,3.425932714e-02,2.346606598e-03,,false,0,1.142638335e+02,/mnt/pd/tema1/new/results/ml_samples/N1_sw0.30_x+0_i0149.h5
1,50,3.000000000e-01,1.000000000e+00,0,1.000000000e+00,1.323886640e+00,1426416088,main,rise,6.351000000e+00,6.133431936e-02,3.110127206e-02,2.304324334e-03,,false,0,1.854540374e+02,/mnt/pd/tema1/new/results/ml_samples/N1_sw0.30_x+0_i0119.h5
1,50,3.000000000e-01,1.000000000e+00,0,1.000000000e+00,1.323886640e+00,2020226401,main,fall,1.921000000e+00,5.956802938e-02,6.491059472e-02,2.744101133e-03,,false,0,5.978980016e+01,/mnt/pd/tema1/new/results/ml_samples/N1_sw0.30_x+0_i0167.h5
1,50,3.000000000e-01,1.000000000e+00,0,1.000000000e+00,1.323886640e+00,1996340862,main,fall,5.191000000e+00,4.538170254e-02,2.787652694e-02,2.364202956e-03,,false,0,1.477277686e+02,/mnt/pd/tema1/new/results/ml_samples/N1_sw0.30_x+0_i0141.h5
1,50,3.000000000e-01,1.000000000e+00,0,1.000000000e+00,1.323886640e+00,883967159,main,rise,1.324100000e+01,4.832264219e-02,2.563645043e-02,2.163800321e-03,,false,0,3.635181514e+02,/mnt/pd/tema1/new/results/ml_samples/N1_sw0.30_x+0_i0087.h5
1,50,3.000000000e-01,1.000000000e+00,0,1.000000000e+00,1.323886640e+00,585309643,main,fall,2.161000000e+00,5.683750640e-02,4.397188460e-02,2.271273642e-03,,false,0,6.578266260e+01,/mnt/pd/tema1/new/results/ml_samples/N1_sw0.30_x+0_i0171.h5
1,50,3.000000000e-01,1.000000000e+00,0,1.000000000e+00,1.323886640e+00,138424007,main,rise,2.410100000e+01,3.760646063e-02,2.291524833e-02,1.956001335e-03,,false,0,6.657133744e+02,/mnt/pd/tema1/new/results/ml_samples/N1_sw0.30_x+0_i0017.h5
1,50,3.000000000e-01,1.000000000e+00,0,1.000000000e+00,1.323886640e+00,1551972884,main,rise,3.391000000e+00,4.759883842e-02,3.205721445e-02,1.735247756e-03,,false,0,1.043856533e+02,/mnt/pd/tema1/new/results/ml_samples/N1_sw0.30_x+0_i0159.h5
1,50,3.000000000e-01,1.000000000e+00,0,1.000000000e+00,1.323886640e+00,521448450,main,fall,1.231000000e+00,8.362104771e-02,6.645516855e-02,3.484544663e-03,,false,0,4.567557852e+01,/mnt/pd/tema1/new/results/ml_samples/N1_sw0.30_x+0_i0179.h5
1,50,3.000000000e-01,1.000000000e+00,0,1.000000000e+00,1.323886640e+00,1470903354,main,fall,1.091000000e+00,6.119983900e-02,5.682884600e-02,2.313517531e-03,,false,0,4.002722136e+01,/mnt/pd/tema1/new/results/ml_samples/N1_sw0.30_x+0_i0183.h5
1,50,3.000000000e-01,1.000000000e+00,0,1.000000000e+00,1.323886640e+00,593781277,main,fall,4.271000000e+00,3.947916921e-02,1.558943532e-02,1.964751435e-03,,false,0,1.206736475e+02,/mnt/pd/tema1/new/results/ml_samples/N1_sw0.30_x+0_i0165.h5
1,50,3.000000000e-01,1.000000000e+00,0,1.000000000e+00,1.323886640e+00,1623173975,main,fall,3.671000000e+00,4.091711015e-02,2.718771966e-02,2.031072238e-03,,false,0,1.057087553e+02,/mnt/pd/tema1/new/results/ml_samples/N1_sw0.30_x+0_i0173.h5
1,50,3.000000000e-01,1.000000000e+00,0,1.000000000e+00,1.323886640e+00,1496714624,main,fall,1.921000000e+00,4.810202798e-02,2.721657330e-02,2.550236389e-03,,false,0,5.774288913e+01,/mnt/pd/tema1/new/results/ml_samples/N1_sw0.30_x+0_i0187.h5
1,50,3.000000000e-01,1.000000000e+00,0,1.000000000e+00,1.323886640e+00,1067343473,main,rise,1.212100000e+01,4.845600148e-02,2.293879805e-02,1.937827571e-03,,false,0,3.490752810e+02,/mnt/pd/tema1/new/results/ml_samples/N1_sw0.30_x+0_i0097.h5
1,50,3.000000000e-01,1.000000000e+00,0,1.000000000e+00,1.323886640e+00,1101087653,main,fall,1.961000000e+00,5.584084423e-02,4.393606036e-02,1.503613661e-03,,false,0,6.395960576e+01,/mnt/pd/tema1/new/results/ml_samples/N1_sw0.30_x+0_i0195.h5
1,50,3.000000000e-01,1.000000000e+00,0,1.000000000e+00,1.323886640e+00,1907545527,main,fall,9.871000000e+00,6.111408587e-02,3.413695073e-02,3.163521844e-03,,false,0,2.852410095e+02,/mnt/pd/tema1/new/results/ml_samples/N1_sw0.30_x+0_i0121.h5
1,50,3.000000000e-01,1.000000000e+00,0,1.000000000e+00,1.323886640e+00,755271476,main,rise,7.201000000e+00,6.257080390e-02,3.093295487e-02,3.293138616e-03,,false,0,2.041979923e+02,/mnt/pd/tema1/new/results/ml_samples/N1_sw0.30_x+0_i0163.h5
1,50,3.000000000e-01,1.000000000e+00,0,1.000000000e+00,1.323886640e+00,598101298,main,fall,2.016100000e+01,3.562910208e-02,2.153027081e-02,1.783233866e-03,,false,0,5.522659044e+02,/mnt/pd/tema1/new/results/ml_samples/N1_sw0.30_x+0_i0081.h5
1,50,3.000000000e-01,1.000000000e+00,0,1.000000000e+00,1.323886640e+00,2058852686,main,fall,5.741000000e+00,4.014011207e-02,2.502235116e-02,2.056995617e-03,,false,0,1.615725730e+02,/mnt/pd/tema1/new/results/ml_samples/N1_sw0.30_x+0_i0189.h5
1,50,3.000000000e-01,1.000000000e+00,1,1.069117145e+00,1.415389904e+00,699411347,main,rise,3.831000000e+00,5.636148071e-02,3.462356737e-02,2.199597023e-03,,false,0,1.093219893e+02,/mnt/pd/tema1/new/results/ml_samples/N1_sw0.30_x+1_i0007.h5
1,50,3.000000000e-01,1.000000000e+00,0,1.000000000e+00,1.323886640e+00,375187550,main,fall,6.001000000e+00,4.664173125e-02,4.082941058e-02,1.903067951e-03,,false,0,1.754428580e+02,/mnt/pd/tema1/new/results/ml_samples/N1_sw0.30_x+0_i0181.h5
1,50,3.000000000e-01,1.000000000e+00,1,1.069117145e+00,1.415389904e+00,1815084313,main,rise,3.961000000e+00,5.396682173e-02,2.011438434e-02,2.093851660e-03,,false,0,1.132366266e+02,/mnt/pd/tema1/new/results/ml_samples/N1_sw0.30_x+1_i0005.h5
1,50,3.000000000e-01,1.000000000e+00,0,1.000000000e+00,1.323886640e+00,2001974154,main,rise,1.620100000e+01,5.400264636e-02,3.171463393e-02,2.602749273e-03,,false,0,4.446615967e+02,/mnt/pd/tema1/new/results/ml_samples/N1_sw0.30_x+0_i0099.h5
1,50,3.000000000e-01,1.000000000e+00,0,1.000000000e+00,1.323886640e+00,1099452558,main,rise,6.201000000e+00,5.293471434e-02,3.060767184e-02,2.089667903e-03,,false,0,1.769442086e+02,/mnt/pd/tema1/new/results/ml_samples/N1_sw0.30_x+0_i0193.h5
1,50,3.000000000e-01,1.000000000e+00,0,1.000000000e+00,1.323886640e+00,618402682,main,rise,1.288100000e+01,4.495005839e-02,2.526111991e-02,1.983308105e-03,,false,0,3.624238989e+02,/mnt/pd/tema1/new/results/ml_samples/N1_sw0.30_x+0_i0125.h5
1,50,3.000000000e-01,1.000000000e+00,0,1.000000000e+00,1.323886640e+00,254626422,main,fall,2.271100000e+01,4.524312798e-02,2.435575687e-02,2.375229367e-03,,false,0,6.242234096e+02,/mnt/pd/tema1/new/results/ml_samples/N1_sw0.30_x+0_i0069.h5
1,50,3.000000000e-01,1.000000000e+00,1,1.069117145e+00,1.415389904e+00,1753827195,main,rise,3.941000000e+00,7.194987887e-02,3.039234981e-02,2.986010072e-03,,false,0,1.147027769e+02,/mnt/pd/tema1/new/results/ml_samples/N1_sw0.30_x+1_i0011.h5
1,50,3.000000000e-01,1.000000000e+00,1,1.069117145e+00,1.415389904e+00,722581148,main,rise,5.951000000e+00,5.699874619e-02,3.147757769e-02,2.132063337e-03,,false,0,1.699851647e+02,/mnt/pd/tema1/new/results/ml_samples/N1_sw0.30_x+1_i0001.h5
1,50,3.000000000e-01,1.000000000e+00,0,1.000000000e+00,1.323886640e+00,386720989,main,fall,1.329100000e+01,4.526804112e-02,3.128790731e-02,2.416022088e-03,,false,0,3.809088197e+02,/mnt/pd/tema1/new/results/ml_samples/N1_sw0.30_x+0_i0135.h5
1,50,3.000000000e-01,1.000000000e+00,0,1.000000000e+00,1.323886640e+00,2024033940,main,fall,9.081000000e+00,5.213506662e-02,2.924414265e-02,2.219916738e-03,,false,0,2.551007620e+02,/mnt/pd/tema1/new/results/ml_samples/N1_sw0.30_x+0_i0175.h5
1,50,3.000000000e-01,1.000000000e+00,1,1.069117145e+00,1.415389904e+00,1079249244,main,fall,2.001000000e+00,5.273144359e-02,4.675735696e-02,2.242595010e-03,,false,0,6.125940546e+01,/mnt/pd/tema1/new/results/ml_samples/N1_sw0.30_x+1_i0023.h5
1,50,3.000000000e-01,1.000000000e+00,1,1.069117145e+00,1.415389904e+00,1430711816,main,fall,5.531000000e+00,3.770077287e-02,4.503161605e-02,2.184900057e-03,,false,0,1.562143111e+02,/mnt/pd/tema1/new/results/ml_samples/N1_sw0.30_x+1_i0009.h5
1,50,3.000000000e-01,1.000000000e+00,1,1.069117145e+00,1.415389904e+00,276293568,main,rise,6.021000000e+00,5.389659938e-02,4.189309682e-02,2.157725215e-03,,false,0,1.896289246e+02,/mnt/pd/tema1/new/results/ml_samples/N1_sw0.30_x+1_i0003.h5
1,50,3.000000000e-01,1.000000000e+00,0,1.000000000e+00,1.323886640e+00,108506154,main,fall,1.484100000e+01,4.005472589e-02,2.357957117e-02,2.202339606e-03,,false,0,4.140281150e+02,/mnt/pd/tema1/new/results/ml_samples/N1_sw0.30_x+0_i0131.h5
1,50,3.000000000e-01,1.000000000e+00,0,1.000000000e+00,1.323886640e+00,668617744,main,fall,1.382100000e+01,3.634802781e-02,2.749207162e-02,1.754687946e-03,,false,0,3.790600501e+02,/mnt/pd/tema1/new/results/ml_samples/N1_sw0.30_x+0_i0145.h5
1,50,3.000000000e-01,1.000000000e+00,1,1.069117145e+00,1.415389904e+00,603342587,main,fall,2.111000000e+00,5.425538664e-02,5.008867738e-02,1.810512284e-03,,false,0,6.541427287e+01,/mnt/pd/tema1/new/results/ml_samples/N1_sw0.30_x+1_i0031.h5
1,50,3.000000000e-01,1.000000000e+00,1,1.069117145e+00,1.415389904e+00,1774328366,main,fall,1.051000000e+00,7.838872119e-02,6.621411487e-02,2.315919990e-03,,false,0,3.778702845e+01,/mnt/pd/tema1/new/results/ml_samples/N1_sw0.30_x+1_i0039.h5
1,50,3.000000000e-01,1.000000000e+00,0,1.000000000e+00,1.323886640e+00,709982684,main,rise,9.101000000e+00,4.102670494e-02,3.025314556e-02,1.817585120e-03,,false,0,2.540160457e+02,/mnt/pd/tema1/new/results/ml_samples/N1_sw0.30_x+0_i0191.h5
1,50,3.000000000e-01,1.000000000e+00,0,1.000000000e+00,1.323886640e+00,451471771,main,rise,1.509100000e+01,4.305492645e-02,2.529729400e-02,2.248694253e-03,,false,0,4.374888099e+02,/mnt/pd/tema1/new/results/ml_samples/N1_sw0.30_x+0_i0129.h5
1,50,3.000000000e-01,1.000000000e+00,1,1.069117145e+00,1.415389904e+00,1056733474,main,rise,5.631000000e+00,4.338292679e-02,2.656277354e-02,1.785188183e-03,,false,0,1.578478922e+02,/mnt/pd/tema1/new/results/ml_samples/N1_sw0.30_x+1_i0015.h5
1,50,3.000000000e-01,1.000000000e+00,1,1.069117145e+00,1.415389904e+00,1152505284,main,rise,3.261000000e+00,5.898564058e-02,2.898083253e-02,2.029326040e-03,,false,0,9.494730001e+01,/mnt/pd/tema1/new/results/ml_samples/N1_sw0.30_x+1_i0037.h5
1,50,3.000000000e-01,1.000000000e+00,0,1.000000000e+00,1.323886640e+00,822940555,main,rise,1.498100000e+01,4.632633445e-02,3.401444354e-02,2.537428490e-03,,false,0,4.173137572e+02,/mnt/pd/tema1/new/results/ml_samples/N1_sw0.30_x+0_i0153.h5
1,50,3.000000000e-01,1.000000000e+00,1,1.069117145e+00,1.415389904e+00,1121790334,main,rise,4.101000000e+00,5.104368648e-02,3.339068584e-02,1.622813570e-03,,false,0,1.237734414e+02,/mnt/pd/tema1/new/results/ml_samples/N1_sw0.30_x+1_i0027.h5
1,50,3.000000000e-01,1.000000000e+00,1,1.069117145e+00,1.415389904e+00,1072996832,main,rise,7.831000000e+00,5.311561791e-02,2.435239289e-02,2.102221769e-03,,false,0,2.169234499e+02,/mnt/pd/tema1/new/results/ml_samples/N1_sw0.30_x+1_i0013.h5
1,50,3.000000000e-01,1.000000000e+00,1,1.069117145e+00,1.415389904e+00,370509279,main,rise,4.211000000e+00,4.881691017e-02,3.299738261e-02,2.286244114e-03,,false,0,1.205279996e+02,/mnt/pd/tema1/new/results/ml_samples/N1_sw0.30_x+1_i0035.h5
1,50,3.000000000e-01,1.000000000e+00,1,1.069117145e+00,1.415389904e+00,1601450309,main,rise,5.031000000e+00,5.991132763e-02,4.432799828e-02,2.599256116e-03,,false,0,1.428942599e+02,/mnt/pd/tema1/new/results/ml_samples/N1_sw0.30_x+1_i0029.h5
1,50,3.000000000e-01,1.000000000e+00,1,1.069117145e+00,1.415389904e+00,1027708760,main,rise,5.871000000e+00,5.501890585e-02,3.039143675e-02,2.527470553e-03,,false,0,1.708923484e+02,/mnt/pd/tema1/new/results/ml_samples/N1_sw0.30_x+1_i0021.h5
1,50,3.000000000e-01,1.000000000e+00,1,1.069117145e+00,1.415389904e+00,2001682735,main,fall,6.581000000e+00,4.095948739e-02,2.854901574e-02,1.996345283e-03,,false,0,1.837599878e+02,/mnt/pd/tema1/new/results/ml_samples/N1_sw0.30_x+1_i0025.h5
1,50,3.000000000e-01,1.000000000e+00,0,1.000000000e+00,1.323886640e+00,1356368052,main,rise,2.227100000e+01,4.885158025e-02,2.808160694e-02,2.149360750e-03,,false,0,6.288663515e+02,/mnt/pd/tema1/new/results/ml_samples/N1_sw0.30_x+0_i0095.h5
1,50,3.000000000e-01,1.000000000e+00,1,1.069117145e+00,1.415389904e+00,1376947601,main,rise,5.891000000e+00,4.511291370e-02,3.430275369e-02,2.129232301e-03,,false,0,1.693301247e+02,/mnt/pd/tema1/new/results/ml_samples/N1_sw0.30_x+1_i0033.h5
1,50,3.000000000e-01,1.000000000e+00,1,1.069117145e+00,1.415389904e+00,226192553,main,rise,4.001000000e+00,5.029697498e-02,2.520745782e-02,1.686578772e-03,,false,0,1.141203956e+02,/mnt/pd/tema1/new/results/ml_samples/N1_sw0.30_x+1_i0051.h5
1,50,3.000000000e-01,1.000000000e+00,1,1.069117145e+00,1.415389904e+00,218221342,main,rise,3.991000000e+00,4.554135991e-02,3.259832704e-02,1.557724600e-03,,false,0,1.168574726e+02,/mnt/pd/tema1/new/results/ml_samples/N1_sw0.30_x+1_i0053.h5
1,50,3.000000000e-01,1.000000000e+00,1,1.069117145e+00,1.415389904e+00,1261450052,main,rise,2.471000000e+00,6.304059013e-02,4.323616049e-02,1.539826552e-03,,false,0,7.452027977e+01,/mnt/pd/tema1/new/results/ml_samples/N1_sw0.30_x+1_i0067.h5
1,50,3.000000000e-01,1.000000000e+00,1,1.069117145e+00,1.415389904e+00,110802636,main,fall,1.611000000e+00,6.179948796e-02,4.005824218e-02,2.428276647e-03,,false,0,4.964393812e+01,/mnt/pd/tema1/new/results/ml_samples/N1_sw0.30_x+1_i0073.h5
1,50,3.000000000e-01,1.000000000e+00,1,1.069117145e+00,1.415389904e+00,1636318378,main,fall,3.391000000e+00,5.616983023e-02,4.971540671e-02,2.552709426e-03,,false,0,1.134637528e+02,/mnt/pd/tema1/new/results/ml_samples/N1_sw0.30_x+1_i0059.h5
1,50,3.000000000e-01,1.000000000e+00,1,1.069117145e+00,1.415389904e+00,29381629,main,rise,4.231000000e+00,4.920165356e-02,1.807439150e-02,1.774960410e-03,,false,0,1.198583622e+02,/mnt/pd/tema1/new/results/ml_samples/N1_sw0.30_x+1_i0057.h5
1,50,3.000000000e-01,1.000000000e+00,1,1.069117145e+00,1.415389904e+00,1125212952,main,fall,1.661000000e+00,3.769063859e-02,1.628894853e-02,1.475904402e-03,,false,0,5.099254129e+01,/mnt/pd/tema1/new/results/ml_samples/N1_sw0.30_x+1_i0079.h5
1,50,3.000000000e-01,1.000000000e+00,1,1.069117145e+00,1.415389904e+00,1879825832,main,rise,4.321000000e+00,5.537705254e-02,2.902056440e-02,2.296651783e-03,,false,0,1.223902101e+02,/mnt/pd/tema1/new/results/ml_samples/N1_sw0.30_x+1_i0063.h5
1,50,3.000000000e-01,1.000000000e+00,1,1.069117145e+00,1.415389904e+00,236882323,main,fall,9.281000000e+00,3.946549498e-02,3.165414759e-02,1.882863725e-03,,false,0,2.717337039e+02,/mnt/pd/tema1/new/results/ml_samples/N1_sw0.30_x+1_i0017.h5
1,50,3.000000000e-01,1.000000000e+00,1,1.069117145e+00,1.415389904e+00,1208592936,main,rise,1.036100000e+01,4.711829694e-02,2.160285020e-02,2.433421192e-03,,false,0,2.875521180e+02,/mnt/pd/tema1/new/results/ml_samples/N1_sw0.30_x+1_i0019.h5
1,50,3.000000000e-01,1.000000000e+00,1,1.069117145e+00,1.415389904e+00,765732211,main,fall,3.561000000e+00,4.836891121e-02,3.606272613e-02,2.022178129e-03,,false,0,1.038345215e+02,/mnt/pd/tema1/new/results/ml_samples/N1_sw0.30_x+1_i0077.h5
1,50,3.000000000e-01,1.000000000e+00,0,1.000000000e+00,1.323886640e+00,186700396,main,fall,1.569100000e+01,4.086841913e-02,3.162478690e-02,1.955423088e-03,,false,0,4.382844313e+02,/mnt/pd/tema1/new/results/ml_samples/N1_sw0.30_x+0_i0199.h5
1,50,3.000000000e-01,1.000000000e+00,1,1.069117145e+00,1.415389904e+00,1622733035,main,rise,5.971000000e+00,5.436718363e-02,4.309940063e-02,2.221006804e-03,,false,0,1.814715706e+02,/mnt/pd/tema1/new/results/ml_samples/N1_sw0.30_x+1_i0065.h5
1,50,3.000000000e-01,1.000000000e+00,1,1.069117145e+00,1.415389904e+00,1282763064,main,rise,3.761000000e+00,6.142995337e-02,2.744774275e-02,2.364046812e-03,,false,0,1.132399119e+02,/mnt/pd/tema1/new/results/ml_samples/N1_sw0.30_x+1_i0091.h5
1,50,3.000000000e-01,1.000000000e+00,1,1.069117145e+00,1.415389904e+00,820149641,main,rise,4.061000000e+00,4.930318183e-02,2.514982802e-02,2.128124026e-03,,false,0,1.159882649e+02,/mnt/pd/tema1/new/results/ml_samples/N1_sw0.30_x+1_i0087.h5
1,50,3.000000000e-01,1.000000000e+00,1,1.069117145e+00,1.415389904e+00,418059948,main,fall,6.311000000e+00,4.157084097e-02,3.407210957e-02,2.547207321e-03,,false,0,1.808168705e+02,/mnt/pd/tema1/new/results/ml_samples/N1_sw0.30_x+1_i0071.h5
1,50,3.000000000e-01,1.000000000e+00,0,1.000000000e+00,1.323886640e+00,1127906159,main,fall,3.803100000e+01,4.276234595e-02,2.642459847e-02,2.255659749e-03,,false,0,1.100083380e+03,/mnt/pd/tema1/new/results/ml_samples/N1_sw0.30_x+0_i0033.h5
1,50,3.000000000e-01,1.000000000e+00,0,1.000000000e+00,1.323886640e+00,656447065,main,rise,1.745100000e+01,5.517343547e-02,2.828053076e-02,2.267435318e-03,,false,0,4.808726261e+02,/mnt/pd/tema1/new/results/ml_samples/N1_sw0.30_x+0_i0197.h5
1,50,3.000000000e-01,1.000000000e+00,1,1.069117145e+00,1.415389904e+00,2062495285,main,rise,4.441000000e+00,5.487540095e-02,4.455919411e-02,2.189598781e-03,,false,0,1.271716106e+02,/mnt/pd/tema1/new/results/ml_samples/N1_sw0.30_x+1_i0093.h5
1,50,3.000000000e-01,1.000000000e+00,1,1.069117145e+00,1.415389904e+00,1620702046,main,rise,3.341000000e+00,4.998108946e-02,2.790857920e-02,2.245685581e-03,,false,0,9.852390851e+01,/mnt/pd/tema1/new/results/ml_samples/N1_sw0.30_x+1_i0097.h5
1,50,3.000000000e-01,1.000000000e+00,1,1.069117145e+00,1.415389904e+00,360687918,main,fall,5.611000000e+00,4.021772816e-02,2.985300685e-02,2.169918371e-03,,false,0,1.582557530e+02,/mnt/pd/tema1/new/results/ml_samples/N1_sw0.30_x+1_i0085.h5
1,50,3.000000000e-01,1.000000000e+00,1,1.069117145e+00,1.415389904e+00,520073272,main,fall,1.058100000e+01,4.036246905e-02,2.388701565e-02,2.111187956e-03,,false,0,2.973361597e+02,/mnt/pd/tema1/new/results/ml_samples/N1_sw0.30_x+1_i0045.h5
1,50,3.000000000e-01,1.000000000e+00,1,1.069117145e+00,1.415389904e+00,1053190336,main,rise,9.981000000e+00,4.286123890e-02,2.287014586e-02,1.708876985e-03,,false,0,2.753228866e+02,/mnt/pd/tema1/new/results/ml_samples/N1_sw0.30_x+1_i0055.h5
1,50,3.000000000e-01,1.000000000e+00,1,1.069117145e+00,1.415389904e+00,889011722,main,fall,9.141000000e+00,4.005262130e-02,2.729600202e-02,1.786891335e-03,,false,0,2.522530667e+02,/mnt/pd/tema1/new/results/ml_samples/N1_sw0.30_x+1_i0061.h5
1,50,3.000000000e-01,1.000000000e+00,1,1.069117145e+00,1.415389904e+00,358760352,main,rise,8.371000000e+00,4.279224939e-02,2.739550645e-02,1.719822090e-03,,false,0,2.404091998e+02,/mnt/pd/tema1/new/results/ml_samples/N1_sw0.30_x+1_i0069.h5
1,50,3.000000000e-01,1.000000000e+00,1,1.069117145e+00,1.415389904e+00,1015842105,main,rise,1.073100000e+01,6.023500069e-02,4.106206962e-02,2.198024356e-03,,false,0,3.156533621e+02,/mnt/pd/tema1/new/results/ml_samples/N1_sw0.30_x+1_i0049.h5
1,50,3.000000000e-01,1.000000000e+00,1,1.069117145e+00,1.415389904e+00,515586880,main,rise,1.217100000e+01,3.936088988e-02,2.506478260e-02,1.992919170e-03,,false,0,3.395001303e+02,/mnt/pd/tema1/new/results/ml_samples/N1_sw0.30_x+1_i0043.h5
1,50,3.000000000e-01,1.000000000e+00,0,1.000000000e+00,1.323886640e+00,1973489777,main,fall,2.356100000e+01,4.335928953e-02,2.594468967e-02,2.393398074e-03,,false,0,6.561618013e+02,/mnt/pd/tema1/new/results/ml_samples/N1_sw0.30_x+0_i0161.h5
1,50,3.000000000e-01,1.000000000e+00,1,1.069117145e+00,1.415389904e+00,2081446131,main,rise,5.421000000e+00,5.443034208e-02,2.923720819e-02,2.373773089e-03,,false,0,1.532222059e+02,/mnt/pd/tema1/new/results/ml_samples/N1_sw0.30_x+1_i0099.h5
1,50,3.000000000e-01,1.000000000e+00,1,1.069117145e+00,1.415389904e+00,619575569,main,rise,4.941000000e+00,5.922619856e-02,2.853666560e-02,2.088005097e-03,,false,0,1.395706673e+02,/mnt/pd/tema1/new/results/ml_samples/N1_sw0.30_x+1_i0103.h5
1,50,3.000000000e-01,1.000000000e+00,1,1.069117145e+00,1.415389904e+00,2130096911,main,rise,4.521000000e+00,5.719886317e-02,3.540221074e-02,2.149179349e-03,,false,0,1.293798360e+02,/mnt/pd/tema1/new/results/ml_samples/N1_sw0.30_x+1_i0111.h5
1,50,3.000000000e-01,1.000000000e+00,1,1.069117145e+00,1.415389904e+00,1384325301,main,rise,1.065100000e+01,4.983029170e-02,3.131338793e-02,2.455988511e-03,,false,0,2.936188355e+02,/mnt/pd/tema1/new/results/ml_samples/N1_sw0.30_x+1_i0075.h5
1,50,3.000000000e-01,1.000000000e+00,1,1.069117145e+00,1.415389904e+00,891828488,main,rise,1.472100000e+01,5.392698097e-02,2.554409276e-02,2.919177663e-03,,false,0,4.039516134e+02,/mnt/pd/tema1/new/results/ml_samples/N1_sw0.30_x+1_i0041.h5
1,50,3.000000000e-01,1.000000000e+00,1,1.069117145e+00,1.415389904e+00,96065797,main,fall,3.911000000e+00,4.175613110e-02,3.704136404e-02,2.190156835e-03,,false,0,1.266645461e+02,/mnt/pd/tema1/new/results/ml_samples/N1_sw0.30_x+1_i0117.h5
1,50,3.000000000e-01,1.000000000e+00,1,1.069117145e+00,1.415389904e+00,360049536,main,rise,2.511000000e+00,6.149140282e-02,2.883968781e-02,2.396751553e-03,,false,0,7.620222789e+01,/mnt/pd/tema1/new/results/ml_samples/N1_sw0.30_x+1_i0131.h5
1,50,3.000000000e-01,1.000000000e+00,1,1.069117145e+00,1.415389904e+00,1815127927,main,rise,3.771000000e+00,3.772909069e-02,3.469618679e-02,1.544451634e-03,,false,0,1.072287952e+02,/mnt/pd/tema1/new/results/ml_samples/N1_sw0.30_x+1_i0125.h5
1,50,3.000000000e-01,1.000000000e+00,1,1.069117145e+00,1.415389904e+00,943201883,main,rise,6.141000000e+00,5.192775861e-02,3.386226994e-02,1.910614134e-03,,false,0,1.824031351e+02,/mnt/pd/tema1/new/results/ml_samples/N1_sw0.30_x+1_i0105.h5
1,50,3.000000000e-01,1.000000000e+00,1,1.069117145e+00,1.415389904e+00,2025672272,main,fall,4.961000000e+00,4.227864088e-02,2.999237556e-02,1.765509501e-03,,false,0,1.395793678e+02,/mnt/pd/tema1/new/results/ml_samples/N1_sw0.30_x+1_i0119.h5
1,50,3.000000000e-01,1.000000000e+00,1,1.069117145e+00,1.415389904e+00,1319614266,main,rise,5.401000000e+00,5.388012721e-02,3.098541145e-02,2.027640002e-03,,false,0,1.522154885e+02,/mnt/pd/tema1/new/results/ml_samples/N1_sw0.30_x+1_i0121.h5
1,50,3.000000000e-01,1.000000000e+00,1,1.069117145e+00,1.415389904e+00,816535977,main,rise,6.481000000e+00,4.015917831e-02,3.782562083e-02,1.653899582e-03,,false,0,1.820264183e+02,/mnt/pd/tema1/new/results/ml_samples/N1_sw0.30_x+1_i0113.h5
1,50,3.000000000e-01,1.000000000e+00,1,1.069117145e+00,1.415389904e+00,2006565772,main,rise,3.071000000e+00,6.605016263e-02,3.117855335e-02,2.168556756e-03,,false,0,8.942160852e+01,/mnt/pd/tema1/new/results/ml_samples/N1_sw0.30_x+1_i0141.h5
1,50,3.000000000e-01,1.000000000e+00,1,1.069117145e+00,1.415389904e+00,497602436,main,rise,7.521000000e+00,6.389080063e-02,3.696922060e-02,3.175759259e-03,,false,0,2.101213002e+02,/mnt/pd/tema1/new/results/ml_samples/N1_sw0.30_x+1_i0107.h5
1,50,3.000000000e-01,1.000000000e+00,1,1.069117145e+00,1.415389904e+00,669261988,main,rise,1.035100000e+01,4.958497994e-02,3.284180624e-02,2.076280780e-03,,false,0,3.204879139e+02,/mnt/pd/tema1/new/results/ml_samples/N1_sw0.30_x+1_i0089.h5
1,50,3.000000000e-01,1.000000000e+00,1,1.069117145e+00,1.415389904e+00,107515869,main,rise,6.081000000e+00,5.986159937e-02,2.918205741e-02,2.357577653e-03,,false,0,1.711544618e+02,/mnt/pd/tema1/new/results/ml_samples/N1_sw0.30_x+1_i0123.h5
1,50,3.000000000e-01,1.000000000e+00,1,1.069117145e+00,1.415389904e+00,1758063636,main,rise,1.170100000e+01,4.900087096e-02,3.131112193e-02,2.165841860e-03,,false,0,3.408261267e+02,/mnt/pd/tema1/new/results/ml_samples/N1_sw0.30_x+1_i0083.h5
1,50,3.000000000e-01,1.000000000e+00,1,1.069117145e+00,1.415389904e+00,1231552331,main,rise,4.631000000e+00,4.631473834e-02,4.339998809e-02,1.799984395e-03,,false,0,1.365681918e+02,/mnt/pd/tema1/new/results/ml_samples/N1_sw0.30_x+1_i0137.h5
1,50,3.000000000e-01,1.000000000e+00,1,1.069117145e+00,1.415389904e+00,318205309,main,rise,4.091000000e+00,5.153557096e-02,5.806694848e-02,1.921198921e-03,,false,0,1.366137384e+02,/mnt/pd/tema1/new/results/ml_samples/N1_sw0.30_x+1_i0139.h5
1,50,3.000000000e-01,1.000000000e+00,1,1.069117145e+00,1.415389904e+00,1252634807,main,rise,8.281000000e+00,4.161681688e-02,3.291169468e-02,1.970210935e-03,,false,0,2.406124665e+02,/mnt/pd/tema1/new/results/ml_samples/N1_sw0.30_x+1_i0115.h5
1,50,3.000000000e-01,1.000000000e+00,1,1.069117145e+00,1.415389904e+00,1160787086,main,rise,3.981000000e+00,5.771297710e-02,3.180629457e-02,2.012444595e-03,,false,0,1.148661185e+02,/mnt/pd/tema1/new/results/ml_samples/N1_sw0.30_x+1_i0149.h5
1,50,3.000000000e-01,1.000000000e+00,1,1.069117145e+00,1.415389904e+00,1104338275,main,rise,4.231000000e+00,4.924098196e-02,4.395904683e-02,1.789398177e-03,,false,0,1.286649685e+02,/mnt/pd/tema1/new/results/ml_samples/N1_sw0.30_x+1_i0145.h5
1,50,3.000000000e-01,1.000000000e+00,1,1.069117145e+00,1.415389904e+00,20778346,main,fall,2.271000000e+00,3.438642791e-02,1.809472432e-02,2.359624986e-03,,false,0,6.710084403e+01,/mnt/pd/tema1/new/results/ml_samples/N1_sw0.30_x+1_i0167.h5
1,50,3.000000000e-01,1.000000000e+00,1,1.069117145e+00,1.415389904e+00,1352972434,main,rise,9.071000000e+00,3.884289023e-02,2.397646045e-02,1.859067461e-03,,false,0,2.512528274e+02,/mnt/pd/tema1/new/results/ml_samples/N1_sw0.30_x+1_i0127.h5
1,50,3.000000000e-01,1.000000000e+00,0,1.000000000e+00,1.323886640e+00,1857212515,main,fall,2.900100000e+01,4.372134040e-02,2.299896697e-02,2.045979281e-03,,false,0,7.956662632e+02,/mnt/pd/tema1/new/results/ml_samples/N1_sw0.30_x+0_i0185.h5
1,50,3.000000000e-01,1.000000000e+00,1,1.069117145e+00,1.415389904e+00,457944913,main,fall,1.422100000e+01,3.662159551e-02,2.436332861e-02,2.215396293e-03,,false,0,3.913905493e+02,/mnt/pd/tema1/new/results/ml_samples/N1_sw0.30_x+1_i0095.h5
1,50,3.000000000e-01,1.000000000e+00,1,1.069117145e+00,1.415389904e+00,1041063984,main,rise,1.305100000e+01,4.069230783e-02,2.794418266e-02,1.973181409e-03,,false,0,3.604995282e+02,/mnt/pd/tema1/new/results/ml_samples/N1_sw0.30_x+1_i0101.h5
1,50,3.000000000e-01,1.000000000e+00,1,1.069117145e+00,1.415389904e+00,1499290661,main,rise,3.681000000e+00,6.011839055e-02,2.996929589e-02,1.970329981e-03,,false,0,1.058771423e+02,/mnt/pd/tema1/new/results/ml_samples/N1_sw0.30_x+1_i0171.h5
1,50,3.000000000e-01,1.000000000e+00,1,1.069117145e+00,1.415389904e+00,153672572,main,rise,7.391000000e+00,4.359376725e-02,2.457649664e-02,2.084000676e-03,,false,0,2.052644276e+02,/mnt/pd/tema1/new/results/ml_samples/N1_sw0.30_x+1_i0143.h5
1,50,3.000000000e-01,1.000000000e+00,1,1.069117145e+00,1.415389904e+00,1843695995,main,rise,3.091000000e+00,7.590999458e-02,3.527889035e-02,2.820854707e-03,,false,0,9.051095210e+01,/mnt/pd/tema1/new/results/ml_samples/N1_sw0.30_x+1_i0177.h5
1,50,3.000000000e-01,1.000000000e+00,1,1.069117145e+00,1.415389904e+00,2012551348,main,rise,5.221000000e+00,7.028496018e-02,4.411616975e-02,2.691485693e-03,,false,0,1.585022278e+02,/mnt/pd/tema1/new/results/ml_samples/N1_sw0.30_x+1_i0163.h5
1,50,3.000000000e-01,1.000000000e+00,1,1.069117145e+00,1.415389904e+00,974181178,main,rise,1.059100000e+01,5.553842144e-02,2.188853249e-02,2.264318032e-03,,false,0,2.972162004e+02,/mnt/pd/tema1/new/results/ml_samples/N1_sw0.30_x+1_i0129.h5
1,50,3.000000000e-01,1.000000000e+00,1,1.069117145e+00,1.415389904e+00,2050608260,main,rise,5.481000000e+00,5.156068252e-02,3.081850727e-02,2.316901947e-03,,false,0,1.744666952e+02,/mnt/pd/tema1/new/results/ml_samples/N1_sw0.30_x+1_i0159.h5
1,50,3.000000000e-01,1.000000000e+00,0,1.000000000e+00,1.323886640e+00,1670610887,main,fall,3.200100000e+01,4.053945998e-02,2.335665057e-02,2.050727605e-03,,false,0,8.785363151e+02,/mnt/pd/tema1/new/results/ml_samples/N1_sw0.30_x+0_i0177.h5
1,50,3.000000000e-01,1.000000000e+00,1,1.069117145e+00,1.415389904e+00,1070665836,main,rise,8.601000000e+00,5.318668177e-02,3.188629148e-02,2.105169311e-03,,false,0,2.400495360e+02,/mnt/pd/tema1/new/results/ml_samples/N1_sw0.30_x+1_i0147.h5
1,50,3.000000000e-01,1.000000000e+00,1,1.069117145e+00,1.415389904e+00,729759520,main,rise,3.491000000e+00,6.026889895e-02,4.552809523e-02,1.979131502e-03,,false,0,1.137664623e+02,/mnt/pd/tema1/new/results/ml_samples/N1_sw0.30_x+1_i0183.h5
1,50,3.000000000e-01,1.000000000e+00,1,1.069117145e+00,1.415389904e+00,1689047042,main,rise,1.327100000e+01,4.553344762e-02,2.927195653e-02,2.315511995e-03,,false,0,3.925928848e+02,/mnt/pd/tema1/new/results/ml_samples/N1_sw0.30_x+1_i0109.h5
1,50,3.000000000e-01,1.000000000e+00,1,1.069117145e+00,1.415389904e+00,1337396706,main,rise,5.001000000e+00,4.549485117e-02,2.744855233e-02,2.106716144e-03,,false,0,1.432153768e+02,/mnt/pd/tema1/new/results/ml_samples/N1_sw0.30_x+1_i0179.h5
1,50,3.000000000e-01,1.000000000e+00,1,1.069117145e+00,1.415389904e+00,1181405917,main,rise,8.911000000e+00,4.643167547e-02,2.484302039e-02,2.032685255e-03,,false,0,2.496818113e+02,/mnt/pd/tema1/new/results/ml_samples/N1_sw0.30_x+1_i0155.h5
1,50,3.000000000e-01,1.000000000e+00,1,1.069117145e+00,1.415389904e+00,200499915,main,rise,9.351000000e+00,5.239054173e-02,3.136962334e-02,2.103153806e-03,,false,0,2.625168228e+02,/mnt/pd/tema1/new/results/ml_samples/N1_sw0.30_x+1_i0153.h5
1,50,3.000000000e-01,1.000000000e+00,2,1.138234290e+00,1.506893169e+00,2041987070,main,rise,2.361000000e+00,5.347937797e-02,2.303315489e-02,1.719973797e-03,,false,0,6.959611933e+01,/mnt/pd/tema1/new/results/ml_samples/N1_sw0.30_x+2_i0003.h5
1,50,3.000000000e-01,1.000000000e+00,2,1.138234290e+00,1.506893169e+00,1959840066,main,rise,2.261000000e+00,7.373952582e-02,2.916972985e-02,2.290445952e-03,,false,0,7.400193565e+01,/mnt/pd/tema1/new/results/ml_samples/N1_sw0.30_x+2_i0001.h5
1,50,3.000000000e-01,1.000000000e+00,1,1.069117145e+00,1.415389904e+00,2086647091,main,rise,9.911000000e+00,4.160744603e-02,1.920069620e-02,1.986722117e-03,,false,0,2.857920845e+02,/mnt/pd/tema1/new/results/ml_samples/N1_sw0.30_x+1_i0157.h5
1,50,3.000000000e-01,1.000000000e+00,1,1.069117145e+00,1.415389904e+00,625881553,main,rise,8.801000000e+00,4.071096082e-02,3.201268526e-02,2.390251184e-03,,false,0,2.471341949e+02,/mnt/pd/tema1/new/results/ml_samples/N1_sw0.30_x+1_i0165.h5
1,50,3.000000000e-01,1.000000000e+00,1,1.069117145e+00,1.415389904e+00,1773750216,main,rise,4.171000000e+00,5.231257952e-02,4.275139060e-02,1.816091709e-03,,false,0,1.291089359e+02,/mnt/pd/tema1/new/results/ml_samples/N1_sw0.30_x+1_i0193.h5
1,50,3.000000000e-01,1.000000000e+00,1,1.069117145e+00,1.415389904e+00,2145028337,main,rise,3.401000000e+00,5.957814041e-02,4.415343743e-02,1.832821264e-03,,false,0,1.066299696e+02,/mnt/pd/tema1/new/results/ml_samples/N1_sw0.30_x+1_i0199.h5
1,50,3.000000000e-01,1.000000000e+00,1,1.069117145e+00,1.415389904e+00,1036671388,main,fall,5.331000000e+00,3.987331327e-02,2.786069692e-02,1.559739043e-03,,false,0,1.498705183e+02,/mnt/pd/tema1/new/results/ml_samples/N1_sw0.30_x+1_i0191.h5
1,50,3.000000000e-01,1.000000000e+00,1,1.069117145e+00,1.415389904e+00,556105500,main,rise,7.451000000e+00,4.558185170e-02,2.903935781e-02,2.261524221e-03,,false,0,2.078999140e+02,/mnt/pd/tema1/new/results/ml_samples/N1_sw0.30_x+1_i0181.h5
1,50,3.000000000e-01,1.000000000e+00,1,1.069117145e+00,1.415389904e+00,1422831728,main,rise,6.051000000e+00,5.614722962e-02,3.245453362e-02,1.772619726e-03,,false,0,1.697877384e+02,/mnt/pd/tema1/new/results/ml_samples/N1_sw0.30_x+1_i0189.h5
1,50,3.000000000e-01,1.000000000e+00,2,1.138234290e+00,1.506893169e+00,1972756546,main,rise,4.161000000e+00,4.362414596e-02,1.955812902e-02,1.540487077e-03,,false,0,1.190688705e+02,/mnt/pd/tema1/new/results/ml_samples/N1_sw0.30_x+2_i0005.h5
1,50,3.000000000e-01,1.000000000e+00,1,1.069117145e+00,1.415389904e+00,1170976984,main,rise,1.255100000e+01,4.590789844e-02,2.420889299e-02,1.889181960e-03,,false,0,3.458024459e+02,/mnt/pd/tema1/new/results/ml_samples/N1_sw0.30_x+1_i0151.h5
1,50,3.000000000e-01,1.000000000e+00,1,1.069117145e+00,1.415389904e+00,1115862114,main,fall,1.449100000e+01,4.241034922e-02,2.764453350e-02,2.043685940e-03,,false,0,4.201806223e+02,/mnt/pd/tema1/new/results/ml_samples/N1_sw0.30_x+1_i0133.h5
1,50,3.000000000e-01,1.000000000e+00,0,1.000000000e+00,1.323886640e+00,824359451,main,fall,4.454100000e+01,4.141202817e-02,2.350514918e-02,1.976458713e-03,,false,0,1.235760300e+03,/mnt/pd/tema1/new/results/ml_samples/N1_sw0.30_x+0_i0107.h5
1,50,3.000000000e-01,1.000000000e+00,2,1.138234290e+00,1.506893169e+00,1415509458,main,fall,4.061000000e+00,4.560757702e-02,2.585210214e-02,1.598305940e-03,,false,0,1.156670888e+02,/mnt/pd/tema1/new/results/ml_samples/N1_sw0.30_x+2_i0009.h5
1,50,3.000000000e-01,1.000000000e+00,2,1.138234290e+00,1.506893169e+00,750526527,main,rise,3.341000000e+00,6.308453245e-02,3.496272728e-02,1.922913466e-03,,false,0,1.073238223e+02,/mnt/pd/tema1/new/results/ml_samples/N1_sw0.30_x+2_i0015.h5
1,50,3.000000000e-01,1.000000000e+00,1,1.069117145e+00,1.415389904e+00,1673130558,main,rise,1.620100000e+01,4.027769112e-02,2.000152334e-02,1.717235728e-03,,false,0,4.445886467e+02,/mnt/pd/tema1/new/results/ml_samples/N1_sw0.30_x+1_i0135.h5
1,50,3.000000000e-01,1.000000000e+00,2,1.138234290e+00,1.506893169e+00,1136840498,main,rise,4.851000000e+00,4.802608521e-02,2.959357964e-02,1.554491160e-03,,false,0,1.418294543e+02,/mnt/pd/tema1/new/results/ml_samples/N1_sw0.30_x+2_i0007.h5
1,50,3.000000000e-01,1.000000000e+00,2,1.138234290e+00,1.506893169e+00,801596106,main,rise,3.041000000e+00,7.562501878e-02,3.335775365e-02,2.701189058e-03,,false,0,9.950022601e+01,/mnt/pd/tema1/new/results/ml_samples/N1_sw0.30_x+2_i0019.h5
1,50,3.000000000e-01,1.000000000e+00,1,1.069117145e+00,1.415389904e+00,819673069,main,rise,8.211000000e+00,5.649795076e-02,3.455616132e-02,2.544484952e-03,,false,0,2.317549933e+02,/mnt/pd/tema1/new/results/ml_samples/N1_sw0.30_x+1_i0187.h5
1,50,3.000000000e-01,1.000000000e+00,1,1.069117145e+00,1.415389904e+00,1851651511,main,rise,2.848100000e+01,4.201739016e-02,2.601642313e-02,2.232649095e-03,,false,0,7.846617942e+02,/mnt/pd/tema1/new/results/ml_samples/N1_sw0.30_x+1_i0047.h5
1,50,3.000000000e-01,1.000000000e+00,2,1.138234290e+00,1.506893169e+00,101150420,main,rise,3.941000000e+00,5.251312884e-02,3.072521242e-02,1.828945839e-03,,false,0,1.155414646e+02,/mnt/pd/tema1/new/results/ml_samples/N1_sw0.30_x+2_i0021.h5
1,50,3.000000000e-01,1.000000000e+00,2,1.138234290e+00,1.506893169e+00,1567812401,main,rise,5.081000000e+00,4.133273930e-02,2.640777953e-02,1.671424664e-03,,false,0,1.435247587e+02,/mnt/pd/tema1/new/results/ml_samples/N1_sw0.30_x+2_i0013.h5
1,50,3.000000000e-01,1.000000000e+00,1,1.069117145e+00,1.415389904e+00,730760937,main,rise,1.193100000e+01,3.925220749e-02,2.876569794e-02,1.493243246e-03,,false,0,3.386203700e+02,/mnt/pd/tema1/new/results/ml_samples/N1_sw0.30_x+1_i0173.h5
1,50,3.000000000e-01,1.000000000e+00,2,1.138234290e+00,1.506893169e+00,722471019,main,rise,6.321000000e+00,5.696942246e-02,3.020693528e-02,2.425286963e-03,,false,0,1.769552072e+02,/mnt/pd/tema1/new/results/ml_samples/N1_sw0.30_x+2_i0011.h5
1,50,3.000000000e-01,1.000000000e+00,2,1.138234290e+00,1.506893169e+00,1803417570,main,rise,3.771000000e+00,7.601313253e-02,2.923812986e-02,2.256803510e-03,,false,0,1.075978347e+02,/mnt/pd/tema1/new/results/ml_samples/N1_sw0.30_x+2_i0031.h5
1,50,3.000000000e-01,1.000000000e+00,2,1.138234290e+00,1.506893169e+00,2021133801,main,rise,3.061000000e+00,6.124090911e-02,3.053720328e-02,2.233582498e-03,,false,0,9.086236442e+01,/mnt/pd/tema1/new/results/ml_samples/N1_sw0.30_x+2_i0041.h5
1,50,3.000000000e-01,1.000000000e+00,1,1.069117145e+00,1.415389904e+00,1276981600,main,fall,1.006100000e+01,4.750965127e-02,4.000890810e-02,2.086277554e-03,,false,0,2.971571621e+02,/mnt/pd/tema1/new/results/ml_samples/N1_sw0.30_x+1_i0185.h5
1,50,3.000000000e-01,1.000000000e+00,1,1.069117145e+00,1.415389904e+00,585310657,main,fall,8.811000000e+00,3.968191497e-02,1.943036878e-02,2.026818322e-03,,false,0,2.589458278e+02,/mnt/pd/tema1/new/results/ml_samples/N1_sw0.30_x+1_i0195.h5
1,50,3.000000000e-01,1.000000000e+00,1,1.069117145e+00,1.415389904e+00,242928463,main,rise,9.031000000e+00,4.318548172e-02,2.578606916e-02,2.114354400e-03,,false,0,2.538681030e+02,/mnt/pd/tema1/new/results/ml_samples/N1_sw0.30_x+1_i0197.h5
1,50,3.000000000e-01,1.000000000e+00,2,1.138234290e+00,1.506893169e+00,1115855573,main,rise,4.031000000e+00,6.284373699e-02,3.093556392e-02,2.470114877e-03,,false,0,1.138996745e+02,/mnt/pd/tema1/new/results/ml_samples/N1_sw0.30_x+2_i0043.h5
1,50,3.000000000e-01,1.000000000e+00,1,1.069117145e+00,1.415389904e+00,687776091,main,fall,1.512100000e+01,3.999852697e-02,3.027445846e-02,2.177543871e-03,,false,0,4.264103549e+02,/mnt/pd/tema1/new/results/ml_samples/N1_sw0.30_x+1_i0161.h5
1,50,3.000000000e-01,1.000000000e+00,2,1.138234290e+00,1.506893169e+00,811571844,main,rise,5.801000000e+00,5.333564424e-02,2.684146923e-02,1.972403508e-03,,false,0,1.633564597e+02,/mnt/pd/tema1/new/results/ml_samples/N1_sw0.30_x+2_i0027.h5
1,50,3.000000000e-01,1.000000000e+00,2,1.138234290e+00,1.506893169e+00,1446926077,main,rise,5.071000000e+00,6.156395141e-02,2.475344088e-02,2.426218519e-03,,false,0,1.440609528e+02,/mnt/pd/tema1/new/results/ml_samples/N1_sw0.30_x+2_i0035.h5
1,50,3.000000000e-01,1.000000000e+00,2,1.138234290e+00,1.506893169e+00,1269175695,main,rise,4.031000000e+00,6.519462878e-02,3.249161782e-02,1.852200612e-03,,false,0,1.272249951e+02,/mnt/pd/tema1/new/results/ml_samples/N1_sw0.30_x+2_i0047.h5
1,50,3.000000000e-01,1.000000000e+00,2,1.138234290e+00,1.506893169e+00,76938040,main,rise,4.981000000e+00,4.627044020e-02,3.091825987e-02,1.847652734e-03,,false,0,1.539972180e+02,/mnt/pd/tema1/new/results/ml_samples/N1_sw0.30_x+2_i0039.h5
1,50,3.000000000e-01,1.000000000e+00,2,1.138234290e+00,1.506893169e+00,1691732984,main,rise,3.301000000e+00,6.622654483e-02,3.599835242e-02,1.921593509e-03,,false,0,1.029335347e+02,/mnt/pd/tema1/new/results/ml_samples/N1_sw0.30_x+2_i0061.h5
1,50,3.000000000e-01,1.000000000e+00,2,1.138234290e+00,1.506893169e+00,852411020,main,rise,6.411000000e+00,4.573465087e-02,2.510076864e-02,1.497410216e-03,,false,0,1.863879364e+02,/mnt/pd/tema1/new/results/ml_samples/N1_sw0.30_x+2_i0033.h5
1,50,3.000000000e-01,1.000000000e+00,2,1.138234290e+00,1.506893169e+00,28090290,main,rise,3.371000000e+00,5.498325768e-02,3.407012777e-02,2.044814316e-03,,false,0,9.663346828e+01,/mnt/pd/tema1/new/results/ml_samples/N1_sw0.30_x+2_i0063.h5
1,50,3.000000000e-01,1.000000000e+00,2,1.138234290e+00,1.506893169e+00,710173917,main,rise,9.041000000e+00,4.380042637e-02,2.365746684e-02,1.849078406e-03,,false,0,2.618798124e+02,/mnt/pd/tema1/new/results/ml_samples/N1_sw0.30_x+2_i0017.h5
1,50,3.000000000e-01,1.000000000e+00,2,1.138234290e+00,1.506893169e+00,2144653628,main,rise,5.201000000e+00,4.259204645e-02,2.850906923e-02,1.884733907e-03,,false,0,1.502936894e+02,/mnt/pd/tema1/new/results/ml_samples/N1_sw0.30_x+2_i0053.h5
1,50,3.000000000e-01,1.000000000e+00,2,1.138234290e+00,1.506893169e+00,1306057513,main,rise,8.181000000e+00,4.578966447e-02,3.211345282e-02,1.728225026e-03,,false,0,2.300991632e+02,/mnt/pd/tema1/new/results/ml_samples/N1_sw0.30_x+2_i0023.h5
1,50,3.000000000e-01,1.000000000e+00,2,1.138234290e+00,1.506893169e+00,1457878429,main,rise,2.881000000e+00,5.267352016e-02,2.960301660e-02,1.511581758e-03,,false,0,8.529381793e+01,/mnt/pd/tema1/new/results/ml_samples/N1_sw0.30_x+2_i0073.h5
1,50,3.000000000e-01,1.000000000e+00,2,1.138234290e+00,1.506893169e+00,2131711685,main,rise,7.451000000e+00,5.562942292e-02,3.258625663e-02,2.534057371e-03,,false,0,2.133894270e+02,/mnt/pd/tema1/new/results/ml_samples/N1_sw0.30_x+2_i0037.h5
1,50,3.000000000e-01,1.000000000e+00,2,1.138234290e+00,1.506893169e+00,1087876086,main,rise,2.691000000e+00,6.498259210e-02,3.773942934e-02,2.175540276e-03,,false,0,8.673006144e+01,/mnt/pd/tema1/new/results/ml_samples/N1_sw0.30_x+2_i0083.h5
1,50,3.000000000e-01,1.000000000e+00,2,1.138234290e+00,1.506893169e+00,669417667,main,rise,2.921000000e+00,6.502988688e-02,3.338354195e-02,1.917306828e-03,,false,0,9.325759054e+01,/mnt/pd/tema1/new/results/ml_samples/N1_sw0.30_x+2_i0077.h5
1,50,3.000000000e-01,1.000000000e+00,2,1.138234290e+00,1.506893169e+00,992537375,main,rise,6.461000000e+00,5.277930846e-02,2.365492594e-02,1.966706573e-03,,false,0,1.867310969e+02,/mnt/pd/tema1/new/results/ml_samples/N1_sw0.30_x+2_i0049.h5
1,50,3.000000000e-01,1.000000000e+00,2,1.138234290e+00,1.506893169e+00,393887331,main,rise,3.781000000e+00,4.474742919e-02,2.562188364e-02,1.922986280e-03,,false,0,1.093910842e+02,/mnt/pd/tema1/new/results/ml_samples/N1_sw0.30_x+2_i0075.h5
1,50,3.000000000e-01,1.000000000e+00,2,1.138234290e+00,1.506893169e+00,57516413,main,rise,5.171000000e+00,5.929454099e-02,3.936529556e-02,1.976290540e-03,,false,0,1.498849702e+02,/mnt/pd/tema1/new/results/ml_samples/N1_sw0.30_x+2_i0065.h5
1,50,3.000000000e-01,1.000000000e+00,2,1.138234290e+00,1.506893169e+00,1442236093,main,rise,4.421000000e+00,6.560958337e-02,4.075433021e-02,2.386058114e-03,,false,0,1.354796647e+02,/mnt/pd/tema1/new/results/ml_samples/N1_sw0.30_x+2_i0071.h5
1,50,3.000000000e-01,1.000000000e+00,2,1.138234290e+00,1.506893169e+00,1475736727,main,rise,9.471000000e+00,5.085025987e-02,3.379579722e-02,2.145271276e-03,,false,0,2.758968712e+02,/mnt/pd/tema1/new/results/ml_samples/N1_sw0.30_x+2_i0025.h5
1,50,3.000000000e-01,1.000000000e+00,2,1.138234290e+00,1.506893169e+00,1020332207,main,rise,7.471000000e+00,3.733596967e-02,1.813238112e-02,1.496553629e-03,,false,0,2.094619605e+02,/mnt/pd/tema1/new/results/ml_samples/N1_sw0.30_x+2_i0051.h5
1,50,3.000000000e-01,1.000000000e+00,2,1.138234290e+00,1.506893169e+00,263139618,main,rise,1.005100000e+01,3.791389502e-02,2.237136337e-02,1.666894003e-03,,false,0,2.756406149e+02,/mnt/pd/tema1/new/results/ml_samples/N1_sw0.30_x+2_i0029.h5
1,50,3.000000000e-01,1.000000000e+00,2,1.138234290e+00,1.506893169e+00,2132754998,main,rise,7.081000000e+00,3.657413998e-02,2.340527760e-02,1.395271810e-03,,false,0,2.028143173e+02,/mnt/pd/tema1/new/results/ml_samples/N1_sw0.30_x+2_i0055.h5
1,50,3.000000000e-01,1.000000000e+00,2,1.138234290e+00,1.506893169e+00,774014112,main,rise,5.561000000e+00,5.411534141e-02,3.505555629e-02,2.493940927e-03,,false,0,1.578110801e+02,/mnt/pd/tema1/new/results/ml_samples/N1_sw0.30_x+2_i0069.h5
1,50,3.000000000e-01,1.000000000e+00,2,1.138234290e+00,1.506893169e+00,274992298,main,rise,3.221000000e+00,4.498548484e-02,2.968851534e-02,1.293746496e-03,,false,0,9.835508469e+01,/mnt/pd/tema1/new/results/ml_samples/N1_sw0.30_x+2_i0085.h5
1,50,3.000000000e-01,1.000000000e+00,2,1.138234290e+00,1.506893169e+00,1142751163,main,rise,2.611000000e+00,6.466546982e-02,3.788892617e-02,2.253172176e-03,,false,0,8.732230682e+01,/mnt/pd/tema1/new/results/ml_samples/N1_sw0.30_x+2_i0095.h5
1,50,3.000000000e-01,1.000000000e+00,2,1.138234290e+00,1.506893169e+00,1816199915,main,rise,5.351000000e+00,3.872401515e-02,3.662945660e-02,1.667601339e-03,,false,0,1.511429049e+02,/mnt/pd/tema1/new/results/ml_samples/N1_sw0.30_x+2_i0079.h5
1,50,3.000000000e-01,1.000000000e+00,2,1.138234290e+00,1.506893169e+00,1422394839,main,rise,3.581000000e+00,7.090638686e-02,3.799926265e-02,1.918059036e-03,,false,0,1.055367535e+02,/mnt/pd/tema1/new/results/ml_samples/N1_sw0.30_x+2_i0093.h5
1,50,3.000000000e-01,1.000000000e+00,4,1.276468579e+00,1.689899698e+00,820877518,main,rise,2.741000000e+00,4.658407752e-02,2.591737394e-02,1.627730084e-03,,false,0,8.822113780e+01,/mnt/pd/tema1/new/results/ml_samples/N1_sw0.30_x+4_i0001.h5
1,50,3.000000000e-01,1.000000000e+00,2,1.138234290e+00,1.506893169e+00,1018984156,main,rise,4.421000000e+00,5.965423143e-02,3.628697334e-02,2.380946065e-03,,false,0,1.297608988e+02,/mnt/pd/tema1/new/results/ml_samples/N1_sw0.30_x+2_i0091.h5
1,50,3.000000000e-01,1.000000000e+00,4,1.276468579e+00,1.689899698e+00,133279982,main,rise,1.941000000e+00,8.761446864e-02,2.309029182e-02,2.759239935e-03,,false,0,6.287155054e+01,/mnt/pd/tema1/new/results/ml_samples/N1_sw0.30_x+4_i0015.h5
1,50,3.000000000e-01,1.000000000e+00,4,1.276468579e+00,1.689899698e+00,2093347590,main,rise,2.801000000e+00,4.355961185e-02,3.566772555e-02,1.631848477e-03,,false,0,9.259685483e+01,/mnt/pd/tema1/new/results/ml_samples/N1_sw0.30_x+4_i0003.h5
1,50,3.000000000e-01,1.000000000e+00,4,1.276468579e+00,1.689899698e+00,245647406,main,rise,2.891000000e+00,6.241316654e-02,3.052107752e-02,1.736046498e-03,,false,0,8.488407349e+01,/mnt/pd/tema1/new/results/ml_samples/N1_sw0.30_x+4_i0007.h5
1,50,3.000000000e-01,1.000000000e+00,2,1.138234290e+00,1.506893169e+00,2001520116,main,rise,8.551000000e+00,5.164224151e-02,4.505842477e-02,2.099363669e-03,,false,0,2.555282071e+02,/mnt/pd/tema1/new/results/ml_samples/N1_sw0.30_x+2_i0057.h5
1,50,3.000000000e-01,1.000000000e+00,4,1.276468579e+00,1.689899698e+00,2125454120,main,rise,3.021000000e+00,3.554521373e-02,2.610005826e-02,1.210974226e-03,,false,0,8.778792706e+01,/mnt/pd/tema1/new/results/ml_samples/N1_sw0.30_x+4_i0005.h5
1,50,3.000000000e-01,1.000000000e+00,4,1.276468579e+00,1.689899698e+00,325522840,main,rise,2.031000000e+00,7.058056464e-02,2.995264278e-02,1.848748114e-03,,false,0,6.831470468e+01,/mnt/pd/tema1/new/results/ml_samples/N1_sw0.30_x+4_i0017.h5
1,50,3.000000000e-01,1.000000000e+00,1,1.069117145e+00,1.415389904e+00,678644345,main,rise,2.049100000e+01,3.771741807e-02,2.722985360e-02,1.664948702e-03,,false,0,5.926222790e+02,/mnt/pd/tema1/new/results/ml_samples/N1_sw0.30_x+1_i0169.h5
1,50,3.000000000e-01,1.000000000e+00,4,1.276468579e+00,1.689899698e+00,2066185728,main,rise,2.081000000e+00,6.309363999e-02,4.719800398e-02,1.897397305e-03,,false,0,6.550913206e+01,/mnt/pd/tema1/new/results/ml_samples/N1_sw0.30_x+4_i0027.h5
1,50,3.000000000e-01,1.000000000e+00,4,1.276468579e+00,1.689899698e+00,529914739,main,rise,2.421000000e+00,6.469705380e-02,3.316502988e-02,1.936718563e-03,,false,0,7.175935266e+01,/mnt/pd/tema1/new/results/ml_samples/N1_sw0.30_x+4_i0023.h5
1,50,3.000000000e-01,1.000000000e+00,2,1.138234290e+00,1.506893169e+00,1586581370,main,rise,4.631000000e+00,4.897295755e-02,4.094368593e-02,1.777242144e-03,,false,0,1.320061607e+02,/mnt/pd/tema1/new/results/ml_samples/N1_sw0.30_x+2_i0099.h5
1,50,3.000000000e-01,1.000000000e+00,4,1.276468579e+00,1.689899698e+00,1863855625,main,rise,2.931000000e+00,6.519987932e-02,3.265885424e-02,2.011049395e-03,,false,0,1.003227332e+02,/mnt/pd/tema1/new/results/ml_samples/N1_sw0.30_x+4_i0009.h5
1,50,3.000000000e-01,1.000000000e+00,2,1.138234290e+00,1.506893169e+00,1117367162,main,rise,8.171000000e+00,4.934638833e-02,2.979792177e-02,1.800751706e-03,,false,0,2.298395085e+02,/mnt/pd/tema1/new/results/ml_samples/N1_sw0.30_x+2_i0067.h5
1,50,3.000000000e-01,1.000000000e+00,2,1.138234290e+00,1.506893169e+00,250593402,main,rise,5.801000000e+00,4.438506254e-02,2.856642006e-02,1.677155008e-03,,false,0,1.648555692e+02,/mnt/pd/tema1/new/results/ml_samples/N1_sw0.30_x+2_i0087.h5
1,50,3.000000000e-01,1.000000000e+00,1,1.069117145e+00,1.415389904e+00,1588627804,main,rise,2.056100000e+01,4.341656911e-02,3.128001041e-02,1.976819487e-03,,false,0,5.756195478e+02,/mnt/pd/tema1/new/results/ml_samples/N1_sw0.30_x+1_i0175.h5
1,50,3.000000000e-01,1.000000000e+00,2,1.138234290e+00,1.506893169e+00,936259093,main,rise,5.731000000e+00,5.789939776e-02,4.061103299e-02,1.865134988e-03,,false,0,1.661157703e+02,/mnt/pd/tema1/new/results/ml_samples/N1_sw0.30_x+2_i0089.h5
1,50,3.000000000e-01,1.000000000e+00,2,1.138234290e+00,1.506893169e+00,16249539,main,rise,4.601000000e+00,5.387395163e-02,4.814812728e-02,1.800255363e-03,,false,0,1.401511678e+02,/mnt/pd/tema1/new/results/ml_samples/N1_sw0.30_x+2_i0097.h5
1,50,3.000000000e-01,1.000000000e+00,4,1.276468579e+00,1.689899698e+00,889396496,main,rise,2.691000000e+00,7.020208455e-02,3.509516552e-02,1.986345120e-03,,false,0,8.594133850e+01,/mnt/pd/tema1/new/results/ml_samples/N1_sw0.30_x+4_i0019.h5
1,50,3.000000000e-01,1.000000000e+00,2,1.138234290e+00,1.506893169e+00,1641274454,main,rise,7.081000000e+00,4.730757499e-02,2.928668354e-02,1.594512592e-03,,false,0,1.978881680e+02,/mnt/pd/tema1/new/results/ml_samples/N1_sw0.30_x+2_i0081.h5
1,50,3.000000000e-01,1.000000000e+00,4,1.276468579e+00,1.689899698e+00,1495841268,main,rise,3.061000000e+00,5.743267975e-02,4.009004876e-02,1.625520657e-03,,false,0,1.063041735e+02,/mnt/pd/tema1/new/results/ml_samples/N1_sw0.30_x+4_i0011.h5
1,50,3.000000000e-01,1.000000000e+00,4,1.276468579e+00,1.689899698e+00,629174077,main,rise,3.251000000e+00,5.648732293e-02,3.428539897e-02,1.699634576e-03,,false,0,9.612935989e+01,/mnt/pd/tema1/new/results/ml_samples/N1_sw0.30_x+4_i0021.h5
1,50,3.000000000e-01,1.000000000e+00,4,1.276468579e+00,1.689899698e+00,165339690,main,rise,2.061000000e+00,5.334852214e-02,4.109106050e-02,1.283675730e-03,,false,0,6.895763049e+01,/mnt/pd/tema1/new/results/ml_samples/N1_sw0.30_x+4_i0031.h5
1,50,3.000000000e-01,1.000000000e+00,4,1.276468579e+00,1.689899698e+00,932263146,main,rise,3.441000000e+00,6.503631119e-02,3.122709520e-02,1.756544508e-03,,false,0,1.054062389e+02,/mnt/pd/tema1/new/results/ml_samples/N1_sw0.30_x+4_i0025.h5
1,50,3.000000000e-01,1.000000000e+00,4,1.276468579e+00,1.689899698e+00,1482222646,main,rise,1.861000000e+00,6.534262326e-02,2.909811057e-02,1.872964316e-03,,false,0,5.667681210e+01,/mnt/pd/tema1/new/results/ml_samples/N1_sw0.30_x+4_i0039.h5
1,50,3.000000000e-01,1.000000000e+00,4,1.276468579e+00,1.689899698e+00,1796615131,main,rise,3.961000000e+00,6.741992909e-02,4.056220635e-02,1.651814335e-03,,false,0,1.303837512e+02,/mnt/pd/tema1/new/results/ml_samples/N1_sw0.30_x+4_i0013.h5
1,50,3.000000000e-01,1.000000000e+00,4,1.276468579e+00,1.689899698e+00,2028263792,main,rise,3.111000000e+00,6.024319981e-02,3.332523904e-02,1.597247136e-03,,false,0,9.304276443e+01,/mnt/pd/tema1/new/results/ml_samples/N1_sw0.30_x+4_i0029.h5
1,50,3.000000000e-01,1.000000000e+00,4,1.276468579e+00,1.689899698e+00,526628575,main,rise,2.041000000e+00,4.435905342e-02,3.116004026e-02,1.419418625e-03,,false,0,6.061482940e+01,/mnt/pd/tema1/new/results/ml_samples/N1_sw0.30_x+4_i0059.h5
1,50,3.000000000e-01,1.000000000e+00,4,1.276468579e+00,1.689899698e+00,1794396745,main,rise,2.381000000e+00,5.594338300e-02,3.283210932e-02,1.494959770e-03,,false,0,7.880189600e+01,/mnt/pd/tema1/new/results/ml_samples/N1_sw0.30_x+4_i0047.h5
1,50,3.000000000e-01,1.000000000e+00,4,1.276468579e+00,1.689899698e+00,919661663,main,rise,2.521000000e+00,7.168816095e-02,3.233225144e-02,2.207056347e-03,,false,0,7.662839882e+01,/mnt/pd/tema1/new/results/ml_samples/N1_sw0.30_x+4_i0049.h5
1,50,3.000000000e-01,1.000000000e+00,4,1.276468579e+00,1.689899698e+00,1143925752,main,rise,2.081000000e+00,6.345345917e-02,2.965145303e-02,1.891205665e-03,,false,0,6.545453497e+01,/mnt/pd/tema1/new/results/ml_samples/N1_sw0.30_x+4_i0065.h5
1,50,3.000000000e-01,1.000000000e+00,4,1.276468579e+00,1.689899698e+00,591258935,main,rise,3.501000000e+00,4.361064024e-02,3.903497838e-02,1.545309808e-03,,false,0,1.044504029e+02,/mnt/pd/tema1/new/results/ml_samples/N1_sw0.30_x+4_i0033.h5
1,50,3.000000000e-01,1.000000000e+00,4,1.276468579e+00,1.689899698e+00,1325309176,main,rise,2.041000000e+00,5.146638133e-02,3.399119524e-02,1.831450914e-03,,false,0,6.424654588e+01,/mnt/pd/tema1/new/results/ml_samples/N1_sw0.30_x+4_i0067.h5
1,50,3.000000000e-01,1.000000000e+00,4,1.276468579e+00,1.689899698e+00,1137096137,main,rise,2.371000000e+00,4.754747418e-02,3.542250236e-02,1.395033583e-03,,false,0,7.300052824e+01,/mnt/pd/tema1/new/results/ml_samples/N1_sw0.30_x+4_i0057.h5
1,50,3.000000000e-01,1.000000000e+00,4,1.276468579e+00,1.689899698e+00,1578252386,main,rise,3.321000000e+00,4.233414754e-02,3.179162388e-02,1.226223077e-03,,false,0,1.080070036e+02,/mnt/pd/tema1/new/results/ml_samples/N1_sw0.30_x+4_i0035.h5
1,50,3.000000000e-01,1.000000000e+00,4,1.276468579e+00,1.689899698e+00,1358426151,main,rise,2.531000000e+00,7.052419197e-02,3.607295106e-02,2.088612514e-03,,false,0,7.643640275e+01,/mnt/pd/tema1/new/results/ml_samples/N1_sw0.30_x+4_i0055.h5
1,50,3.000000000e-01,1.000000000e+00,4,1.276468579e+00,1.689899698e+00,2116886352,main,rise,2.251000000e+00,4.852509236e-02,2.588509891e-02,1.411263174e-03,,false,0,7.850550187e+01,/mnt/pd/tema1/new/results/ml_samples/N1_sw0.30_x+4_i0061.h5
1,50,3.000000000e-01,1.000000000e+00,4,1.276468579e+00,1.689899698e+00,1764908724,main,rise,2.301000000e+00,6.457025937e-02,3.352736716e-02,1.613320979e-03,,false,0,7.316879633e+01,/mnt/pd/tema1/new/results/ml_samples/N1_sw0.30_x+4_i0071.h5
1,50,3.000000000e-01,1.000000000e+00,4,1.276468579e+00,1.689899698e+00,1610379498,main,rise,3.571000000e+00,6.052189471e-02,2.431807064e-02,1.932134345e-03,,false,0,1.017045299e+02,/mnt/pd/tema1/new/results/ml_samples/N1_sw0.30_x+4_i0037.h5
1,50,3.000000000e-01,1.000000000e+00,4,1.276468579e+00,1.689899698e+00,1433812892,main,rise,3.581000000e+00,3.659371321e-02,2.341829731e-02,1.378564958e-03,,false,0,1.059953281e+02,/mnt/pd/tema1/new/results/ml_samples/N1_sw0.30_x+4_i0041.h5
1,50,3.000000000e-01,1.000000000e+00,4,1.276468579e+00,1.689899698e+00,1236004622,main,rise,2.171000000e+00,4.740221174e-02,3.104683167e-02,1.663690551e-03,,false,0,6.782366673e+01,/mnt/pd/tema1/new/results/ml_samples/N1_sw0.30_x+4_i0077.h5
1,50,3.000000000e-01,1.000000000e+00,2,1.138234290e+00,1.506893169e+00,732739396,main,fall,1.311100000e+01,3.799135831e-02,2.307490268e-02,1.725760103e-03,,false,0,3.591042614e+02,/mnt/pd/tema1/new/results/ml_samples/N1_sw0.30_x+2_i0059.h5
1,50,3.000000000e-01,1.000000000e+00,2,1.138234290e+00,1.506893169e+00,1256513704,main,rise,1.391100000e+01,4.910260775e-02,2.715077830e-02,1.933140654e-03,,false,0,3.965886472e+02,/mnt/pd/tema1/new/results/ml_samples/N1_sw0.30_x+2_i0045.h5
1,50,3.000000000e-01,1.000000000e+00,4,1.276468579e+00,1.689899698e+00,420627060,main,rise,3.751000000e+00,5.204302223e-02,3.334536792e-02,1.621763279e-03,,false,0,1.201899519e+02,/mnt/pd/tema1/new/results/ml_samples/N1_sw0.30_x+4_i0045.h5
1,50,3.000000000e-01,1.000000000e+00,4,1.276468579e+00,1.689899698e+00,1858414963,main,rise,2.771000000e+00,7.763859622e-02,5.261617865e-02,2.069421236e-03,,false,0,9.646615940e+01,/mnt/pd/tema1/new/results/ml_samples/N1_sw0.30_x+4_i0073.h5
1,50,3.000000000e-01,1.000000000e+00,4,1.276468579e+00,1.689899698e+00,1069593455,main,rise,1.761000000e+00,6.533280892e-02,3.461062584e-02,1.698128288e-03,,false,0,6.100005530e+01,/mnt/pd/tema1/new/results/ml_samples/N1_sw0.30_x+4_i0085.h5
1,50,3.000000000e-01,1.000000000e+00,4,1.276468579e+00,1.689899698e+00,601890829,main,rise,2.541000000e+00,5.645295925e-02,2.894496458e-02,1.682056114e-03,,false,0,7.754912691e+01,/mnt/pd/tema1/new/results/ml_samples/N1_sw0.30_x+4_i0079.h5
1,50,3.000000000e-01,1.000000000e+00,4,1.276468579e+00,1.689899698e+00,1897085524,main,rise,3.241000000e+00,5.284765547e-02,3.380105492e-02,1.781799111e-03,,false,0,1.039123620e+02,/mnt/pd/tema1/new/results/ml_samples/N1_sw0.30_x+4_i0075.h5
1,50,3.000000000e-01,1.000000000e+00,4,1.276468579e+00,1.689899698e+00,437749556,main,rise,2.351000000e+00,6.828860486e-02,3.606403594e-02,1.568162883e-03,,false,0,8.058385933e+01,/mnt/pd/tema1/new/results/ml_samples/N1_sw0.30_x+4_i0083.h5
1,50,3.000000000e-01,1.000000000e+00,4,1.276468579e+00,1.689899698e+00,369549759,main,rise,2.451000000e+00,6.916226090e-02,2.939232695e-02,1.923204986e-03,,false,0,7.766594240e+01,/mnt/pd/tema1/new/results/ml_samples/N1_sw0.30_x+4_i0087.h5
1,50,3.000000000e-01,1.000000000e+00,4,1.276468579e+00,1.689899698e+00,880510472,main,rise,1.671000000e+00,5.654680239e-02,3.717242562e-02,1.482670094e-03,,false,0,5.652343420e+01,/mnt/pd/tema1/new/results/ml_samples/N1_sw0.30_x+4_i0097.h5
1,50,3.000000000e-01,1.000000000e+00,4,1.276468579e+00,1.689899698e+00,1345272154,main,rise,3.951000000e+00,4.322797769e-02,2.831573831e-02,1.584116442e-03,,false,0,1.195037904e+02,/mnt/pd/tema1/new/results/ml_samples/N1_sw0.30_x+4_i0069.h5
1,50,3.000000000e-01,1.000000000e+00,4,1.276468579e+00,1.689899698e+00,879222772,main,rise,1.861000000e+00,9.460180620e-02,5.109949638e-02,2.252824680e-03,,false,0,6.347277559e+01,/mnt/pd/tema1/new/results/ml_samples/N1_sw0.30_x+4_i0093.h5
1,50,3.000000000e-01,1.000000000e+00,4,1.276468579e+00,1.689899698e+00,1899658064,main,rise,4.691000000e+00,6.117827927e-02,3.399784532e-02,2.193353767e-03,,false,0,1.428268064e+02,/mnt/pd/tema1/new/results/ml_samples/N1_sw0.30_x+4_i0051.h5
1,50,3.000000000e-01,1.000000000e+00,4,1.276468579e+00,1.689899698e+00,496463625,main,rise,2.201000000e+00,6.840200472e-02,4.183132938e-02,1.736671663e-03,,false,0,7.705668525e+01,/mnt/pd/tema1/new/results/ml_samples/N1_sw0.30_x+4_i0091.h5
1,50,3.000000000e-01,1.000000000e+00,4,1.276468579e+00,1.689899698e+00,27913056,main,rise,2.111000000e+00,7.626864259e-02,4.947720253e-02,2.371018070e-03,,false,0,7.427680641e+01,/mnt/pd/tema1/new/results/ml_samples/N1_sw0.30_x+4_i0095.h5
1,50,3.000000000e-01,1.000000000e+00,4,1.276468579e+00,1.689899698e+00,134112149,main,rise,2.671000000e+00,6.593533062e-02,3.909356925e-02,1.702410949e-03,,false,0,8.347153285e+01,/mnt/pd/tema1/new/results/ml_samples/N1_sw0.30_x+4_i0099.h5
1,50,3.000000000e-01,1.000000000e+00,4,1.276468579e+00,1.689899698e+00,1135442649,main,rise,4.561000000e+00,4.688602820e-02,3.376789391e-02,1.601631783e-03,,false,0,1.533764879e+02,/mnt/pd/tema1/new/results/ml_samples/N1_sw0.30_x+4_i0063.h5
1,50,3.000000000e-01,1.000000000e+00,4,1.276468579e+00,1.689899698e+00,872034007,main,rise,3.291000000e+00,5.052789430e-02,2.635173840e-02,1.606604282e-03,,false,0,9.569233496e+01,/mnt/pd/tema1/new/results/ml_samples/N1_sw0.30_x+4_i0089.h5
1,50,3.000000000e-01,1.000000000e+00,4,1.276468579e+00,1.689899698e+00,1759687674,main,rise,3.991000000e+00,5.608590627e-02,4.068747196e-02,1.935959321e-03,,false,0,1.221655554e+02,/mnt/pd/tema1/new/results/ml_samples/N1_sw0.30_x+4_i0081.h5
1,50,3.000000000e-01,1.000000000e+00,4,1.276468579e+00,1.689899698e+00,1952458554,main,rise,6.131000000e+00,4.200150458e-02,2.738327289e-02,1.548674829e-03,,false,0,1.718187659e+02,/mnt/pd/tema1/new/results/ml_samples/N1_sw0.30_x+4_i0053.h5
2,50,1.500000000e-01,1.000000000e+00,-4,7.341206058e-01,4.859462309e-01,814313378,main,fall,1.131000000e+00,1.005407937e-01,3.759840887e-02,1.035291205e-01,1.707140469e+02,false,0,9.872161544e+01,/mnt/pd/tema1/new/results/ml_samples/N2_sw0.15_x-4_i0011.h5
2,50,1.500000000e-01,1.000000000e+00,-4,7.341206058e-01,4.859462309e-01,1371292788,main,fall,1.311000000e+00,1.194739471e-01,5.886242290e-02,1.051758080e-01,1.707140469e+02,false,0,1.108868752e+02,/mnt/pd/tema1/new/results/ml_samples/N2_sw0.15_x-4_i0013.h5
2,50,1.500000000e-01,1.000000000e+00,-4,7.341206058e-01,4.859462309e-01,940141586,main,fall,1.851000000e+00,8.922845941e-02,2.776863836e-02,1.031346574e-01,1.707140469e+02,false,0,1.285146785e+02,/mnt/pd/tema1/new/results/ml_samples/N2_sw0.15_x-4_i0003.h5
2,50,1.500000000e-01,1.000000000e+00,-4,7.341206058e-01,4.859462309e-01,1154224526,main,fall,1.201000000e+00,1.098298399e-01,5.155867183e-02,1.109797945e-01,1.707140469e+02,false,0,9.760532108e+01,/mnt/pd/tema1/new/results/ml_samples/N2_sw0.15_x-4_i0027.h5
2,50,1.500000000e-01,1.000000000e+00,-4,7.341206058e-01,4.859462309e-01,2099773143,main,fall,1.631000000e+00,1.026586163e-01,4.419116046e-02,1.132675636e-01,1.707140469e+02,false,0,1.271350673e+02,/mnt/pd/tema1/new/results/ml_samples/N2_sw0.15_x-4_i0009.h5
2,50,1.500000000e-01,1.000000000e+00,-4,7.341206058e-01,4.859462309e-01,1290623807,main,fall,1.341000000e+00,1.071196072e-01,5.615822016e-02,1.079244766e-01,1.707140469e+02,false,0,1.072097218e+02,/mnt/pd/tema1/new/results/ml_samples/N2_sw0.15_x-4_i0025.h5
2,50,1.500000000e-01,1.000000000e+00,-4,7.341206058e-01,4.859462309e-01,1142189211,main,fall,1.451000000e+00,1.036669228e-01,4.478556655e-02,1.034115544e-01,1.707140469e+02,false,0,1.077234569e+02,/mnt/pd/tema1/new/results/ml_samples/N2_sw0.15_x-4_i0029.h5
2,50,1.500000000e-01,1.000000000e+00,-4,7.341206058e-01,4.859462309e-01,55791111,main,fall,1.641000000e+00,1.078541700e-01,3.910554854e-02,9.955161378e-02,1.707140469e+02,false,0,1.240978778e+02,/mnt/pd/tema1/new/results/ml_samples/N2_sw0.15_x-4_i0019.h5
2,50,1.500000000e-01,1.000000000e+00,-4,7.341206058e-01,4.859462309e-01,1533202664,main,fall,1.691000000e+00,1.013797743e-01,3.440895305e-02,9.422440853e-02,1.707140469e+02,false,0,1.284255639e+02,/mnt/pd/tema1/new/results/ml_samples/N2_sw0.15_x-4_i0021.h5
2,50,1.500000000e-01,1.000000000e+00,-4,7.341206058e-01,4.859462309e-01,1109016247,main,fall,2.131000000e+00,9.802382878e-02,3.593373759e-02,9.770196425e-02,1.707140469e+02,false,0,1.445633687e+02,/mnt/pd/tema1/new/results/ml_samples/N2_sw0.15_x-4_i0015.h5
2,50,1.500000000e-01,1.000000000e+00,-4,7.341206058e-01,4.859462309e-01,417377460,main,fall,1.371000000e+00,1.109988563e-01,5.311370097e-02,1.014707721e-01,1.707140469e+02,false,0,1.130605567e+02,/mnt/pd/tema1/new/results/ml_samples/N2_sw0.15_x-4_i0037.h5
2,50,1.500000000e-01,1.000000000e+00,-4,7.341206058e-01,4.859462309e-01,55925626,main,fall,1.561000000e+00,1.118855695e-01,5.216955151e-02,9.931167552e-02,1.707140469e+02,false,0,1.156844362e+02,/mnt/pd/tema1/new/results/ml_samples/N2_sw0.15_x-4_i0035.h5
2,50,1.500000000e-01,1.000000000e+00,-4,7.341206058e-01,4.859462309e-01,1135571834,main,fall,1.181000000e+00,1.147627628e-01,6.626219888e-02,1.170452460e-01,1.707140469e+02,false,0,9.372409071e+01,/mnt/pd/tema1/new/results/ml_samples/N2_sw0.15_x-4_i0049.h5
2,50,1.500000000e-01,1.000000000e+00,-4,7.341206058e-01,4.859462309e-01,622620096,main,fall,1.081000000e+00,1.102177816e-01,5.049903958e-02,1.043428407e-01,1.707140469e+02,false,0,9.381128225e+01,/mnt/pd/tema1/new/results/ml_samples/N2_sw0.15_x-4_i0053.h5
2,50,1.500000000e-01,1.000000000e+00,-4,7.341206058e-01,4.859462309e-01,1688217693,main,fall,2.651000000e+00,9.412520273e-02,2.315918713e-02,9.572732202e-02,1.707140469e+02,false,0,1.839393433e+02,/mnt/pd/tema1/new/results/ml_samples/N2_sw0.15_x-4_i0001.h5
1,50,3.000000000e-01,1.000000000e+00,1,1.069117145e+00,1.415389904e+00,1079924861,main,rise,4.392100000e+01,3.589499989e-02,2.033234884e-02,1.878917979e-03,,false,0,1.202433161e+03,/mnt/pd/tema1/new/results/ml_samples/N1_sw0.30_x+1_i0081.h5
2,50,1.500000000e-01,1.000000000e+00,-4,7.341206058e-01,4.859462309e-01,1331715745,main,fall,1.561000000e+00,1.100343571e-01,5.767881493e-02,1.059375866e-01,1.707140469e+02,false,0,1.251380108e+02,/mnt/pd/tema1/new/results/ml_samples/N2_sw0.15_x-4_i0047.h5
2,50,1.500000000e-01,1.000000000e+00,-4,7.341206058e-01,4.859462309e-01,781395585,main,fall,2.071000000e+00,1.074196407e-01,5.763751149e-02,9.803175814e-02,1.707140469e+02,false,0,1.591527496e+02,/mnt/pd/tema1/new/results/ml_samples/N2_sw0.15_x-4_i0031.h5
2,50,1.500000000e-01,1.000000000e+00,-4,7.341206058e-01,4.859462309e-01,1910813857,main,fall,2.401000000e+00,1.000673583e-01,4.734523072e-02,9.978872738e-02,1.419609140e+02,false,0,1.773994949e+02,/mnt/pd/tema1/new/results/ml_samples/N2_sw0.15_x-4_i0023.h5
2,50,1.500000000e-01,1.000000000e+00,-4,7.341206058e-01,4.859462309e-01,2104317401,main,fall,1.601000000e+00,9.836188757e-02,2.460705580e-02,9.318755383e-02,1.707140469e+02,false,0,1.159368995e+02,/mnt/pd/tema1/new/results/ml_samples/N2_sw0.15_x-4_i0055.h5
2,50,1.500000000e-01,1.000000000e+00,-4,7.341206058e-01,4.859462309e-01,870158528,main,fall,1.661000000e+00,1.010161469e-01,3.281979493e-02,9.935520677e-02,1.707140469e+02,false,0,1.316520598e+02,/mnt/pd/tema1/new/results/ml_samples/N2_sw0.15_x-4_i0051.h5
2,50,1.500000000e-01,1.000000000e+00,-4,7.341206058e-01,4.859462309e-01,405905419,main,fall,2.301000000e+00,9.275039001e-02,3.117946802e-02,1.013637986e-01,1.707140469e+02,false,0,1.579559403e+02,/mnt/pd/tema1/new/results/ml_samples/N2_sw0.15_x-4_i0043.h5
2,50,1.500000000e-01,1.000000000e+00,-4,7.341206058e-01,4.859462309e-01,826451746,main,fall,1.261000000e+00,9.989215008e-02,3.694409050e-02,1.083125051e-01,1.707140469e+02,false,0,9.907681341e+01,/mnt/pd/tema1/new/results/ml_samples/N2_sw0.15_x-4_i0059.h5
2,50,1.500000000e-01,1.000000000e+00,-4,7.341206058e-01,4.859462309e-01,477628782,main,fall,3.291000000e+00,9.587251057e-02,4.119542703e-02,9.667665504e-02,1.707140469e+02,false,0,2.309410745e+02,/mnt/pd/tema1/new/results/ml_samples/N2_sw0.15_x-4_i0005.h5
2,50,1.500000000e-01,1.000000000e+00,-4,7.341206058e-01,4.859462309e-01,2000593630,main,fall,1.161000000e+00,1.049383858e-01,4.292331777e-02,1.076783847e-01,1.707140469e+02,false,0,9.562869205e+01,/mnt/pd/tema1/new/results/ml_samples/N2_sw0.15_x-4_i0067.h5
2,50,1.500000000e-01,1.000000000e+00,-4,7.341206058e-01,4.859462309e-01,1903863075,main,fall,1.771000000e+00,9.334770495e-02,3.561329107e-02,1.068262726e-01,1.707140469e+02,false,0,1.273545139e+02,/mnt/pd/tema1/new/results/ml_samples/N2_sw0.15_x-4_i0057.h5
2,50,1.500000000e-01,1.000000000e+00,-4,7.341206058e-01,4.859462309e-01,1076299621,main,fall,2.481000000e+00,9.391455621e-02,4.146140856e-02,1.067278924e-01,1.707140469e+02,false,0,1.706182499e+02,/mnt/pd/tema1/new/results/ml_samples/N2_sw0.15_x-4_i0045.h5
2,50,1.500000000e-01,1.000000000e+00,-4,7.341206058e-01,4.859462309e-01,732027613,main,fall,1.231000000e+00,1.195248057e-01,6.767465739e-02,1.172204998e-01,1.707140469e+02,false,0,1.000341539e+02,/mnt/pd/tema1/new/results/ml_samples/N2_sw0.15_x-4_i0069.h5
2,50,1.500000000e-01,1.000000000e+00,-4,7.341206058e-01,4.859462309e-01,956960284,main,fall,1.591000000e+00,1.020623573e-01,4.138667817e-02,1.063189544e-01,1.707140469e+02,false,0,1.185598249e+02,/mnt/pd/tema1/new/results/ml_samples/N2_sw0.15_x-4_i0061.h5
2,50,1.500000000e-01,1.000000000e+00,-4,7.341206058e-01,4.859462309e-01,420004902,main,fall,1.061000000e+00,1.187584086e-01,5.568390992e-02,1.040243634e-01,1.707140469e+02,false,0,9.357195827e+01,/mnt/pd/tema1/new/results/ml_samples/N2_sw0.15_x-4_i0075.h5
2,50,1.500000000e-01,1.000000000e+00,-4,7.341206058e-01,4.859462309e-01,1908040635,main,fall,3.261000000e+00,9.851924626e-02,3.460026299e-02,9.678842874e-02,1.707140469e+02,false,0,2.350449717e+02,/mnt/pd/tema1/new/results/ml_samples/N2_sw0.15_x-4_i0017.h5
2,50,1.500000000e-01,1.000000000e+00,-4,7.341206058e-01,4.859462309e-01,1966467747,main,fall,1.731000000e+00,1.055141274e-01,5.225090286e-02,1.051506356e-01,1.707140469e+02,false,0,1.226336770e+02,/mnt/pd/tema1/new/results/ml_samples/N2_sw0.15_x-4_i0065.h5
1,50,3.000000000e-01,1.000000000e+00,4,1.276468579e+00,1.689899698e+00,1481254376,main,rise,1.167100000e+01,4.607754437e-02,2.710687365e-02,1.657092444e-03,,false,0,3.528956304e+02,/mnt/pd/tema1/new/results/ml_samples/N1_sw0.30_x+4_i0043.h5
2,50,1.500000000e-01,1.000000000e+00,-4,7.341206058e-01,4.859462309e-01,2088568254,main,fall,1.271000000e+00,1.231790392e-01,6.546139370e-02,1.033003827e-01,1.707140469e+02,false,0,1.010095997e+02,/mnt/pd/tema1/new/results/ml_samples/N2_sw0.15_x-4_i0073.h5
2,50,1.500000000e-01,1.000000000e+00,-4,7.341206058e-01,4.859462309e-01,464327609,main,fall,1.261000000e+00,8.649076532e-02,1.340266170e-02,1.075108847e-01,1.707140469e+02,false,0,9.399881861e+01,/mnt/pd/tema1/new/results/ml_samples/N2_sw0.15_x-4_i0079.h5
2,50,1.500000000e-01,1.000000000e+00,-4,7.341206058e-01,4.859462309e-01,1555353545,main,fall,1.731000000e+00,9.412146209e-02,3.466722921e-02,1.050991162e-01,1.707140469e+02,false,0,1.227551650e+02,/mnt/pd/tema1/new/results/ml_samples/N2_sw0.15_x-4_i0071.h5
2,50,1.500000000e-01,1.000000000e+00,-4,7.341206058e-01,4.859462309e-01,1805504633,main,fall,1.211000000e+00,1.013372845e-01,4.089857079e-02,1.061279352e-01,1.707140469e+02,false,0,1.000323010e+02,/mnt/pd/tema1/new/results/ml_samples/N2_sw0.15_x-4_i0081.h5
2,50,1.500000000e-01,1.000000000e+00,-4,7.341206058e-01,4.859462309e-01,581118399,main,fall,2.291000000e+00,9.435708751e-02,3.236578393e-02,1.035084664e-01,1.707140469e+02,false,0,1.534603564e+02,/mnt/pd/tema1/new/results/ml_samples/N2_sw0.15_x-4_i0063.h5
2,50,1.500000000e-01,1.000000000e+00,-4,7.341206058e-01,4.859462309e-01,1950987481,main,fall,8.910000000e-01,1.514129266e-01,8.089513221e-02,1.079168873e-01,1.537741542e+02,false,0,8.306742613e+01,/mnt/pd/tema1/new/results/ml_samples/N2_sw0.15_x-4_i0093.h5
2,50,1.500000000e-01,1.000000000e+00,-4,7.341206058e-01,4.859462309e-01,1836463931,main,fall,1.281000000e+00,8.693920031e-02,2.138025429e-02,1.084157674e-01,1.707140469e+02,false,0,1.067914435e+02,/mnt/pd/tema1/new/results/ml_samples/N2_sw0.15_x-4_i0089.h5
2,50,1.500000000e-01,1.000000000e+00,-4,7.341206058e-01,4.859462309e-01,485015134,main,fall,4.041000000e+00,9.324935042e-02,1.192922736e-02,1.040486782e-01,1.707140469e+02,false,0,2.567712049e+02,/mnt/pd/tema1/new/results/ml_samples/N2_sw0.15_x-4_i0041.h5
2,50,1.500000000e-01,1.000000000e+00,-4,7.341206058e-01,4.859462309e-01,2095914734,main,fall,4.231000000e+00,8.291534988e-02,2.008675611e-02,1.056140870e-01,1.707140469e+02,false,0,2.772328431e+02,/mnt/pd/tema1/new/results/ml_samples/N2_sw0.15_x-4_i0033.h5
2,50,1.500000000e-01,1.000000000e+00,-4,7.341206058e-01,4.859462309e-01,343834421,main,fall,1.981000000e+00,9.012975029e-02,3.311554549e-02,1.077350046e-01,1.707140469e+02,false,0,1.340867673e+02,/mnt/pd/tema1/new/results/ml_samples/N2_sw0.15_x-4_i0091.h5
2,50,1.500000000e-01,1.000000000e+00,-4,7.341206058e-01,4.859462309e-01,287231229,main,fall,2.901000000e+00,8.943364936e-02,3.843671263e-02,1.072712775e-01,1.707140469e+02,false,0,1.871927778e+02,/mnt/pd/tema1/new/results/ml_samples/N2_sw0.15_x-4_i0077.h5
2,50,1.500000000e-01,1.000000000e+00,-4,7.341206058e-01,4.859462309e-01,306012665,main,fall,2.581000000e+00,9.675619150e-02,2.714531948e-02,1.050279344e-01,1.707140469e+02,false,0,1.665118421e+02,/mnt/pd/tema1/new/results/ml_samples/N2_sw0.15_x-4_i0097.h5
2,50,1.500000000e-01,1.000000000e+00,-2,8.670603029e-01,5.739447754e-01,314793245,main,fall,1.981000000e+00,1.017335405e-01,3.795902906e-02,1.078746560e-01,2.776751867e+02,false,0,1.351426022e+02,/mnt/pd/tema1/new/results/ml_samples/N2_sw0.15_x-2_i0011.h5
2,50,1.500000000e-01,1.000000000e+00,-4,7.341206058e-01,4.859462309e-01,1855915637,main,fall,3.051000000e+00,9.681093799e-02,4.419734663e-02,1.053404793e-01,1.707140469e+02,false,0,2.022717436e+02,/mnt/pd/tema1/new/results/ml_samples/N2_sw0.15_x-4_i0083.h5
2,50,1.500000000e-01,1.000000000e+00,-4,7.341206058e-01,4.859462309e-01,1779128814,main,fall,2.621000000e+00,8.940051104e-02,2.667523792e-02,1.009484453e-01,1.707140469e+02,false,0,1.944238995e+02,/mnt/pd/tema1/new/results/ml_samples/N2_sw0.15_x-4_i0087.h5
2,50,1.500000000e-01,1.000000000e+00,-2,8.670603029e-01,5.739447754e-01,854874782,main,fall,2.021000000e+00,9.723849615e-02,2.077960212e-02,9.813730003e-02,2.776751867e+02,false,0,1.367661949e+02,/mnt/pd/tema1/new/results/ml_samples/N2_sw0.15_x-2_i0013.h5
2,50,1.500000000e-01,1.000000000e+00,-2,8.670603029e-01,5.739447754e-01,2078754039,main,fall,2.271000000e+00,1.048383484e-01,4.205116927e-02,9.958428210e-02,2.776751867e+02,false,0,1.513212777e+02,/mnt/pd/tema1/new/results/ml_samples/N2_sw0.15_x-2_i0007.h5
2,50,1.500000000e-01,1.000000000e+00,-4,7.341206058e-01,4.859462309e-01,433774220,main,fall,3.051000000e+00,8.919276341e-02,3.606185643e-02,1.077467626e-01,1.707140469e+02,false,0,2.092716556e+02,/mnt/pd/tema1/new/results/ml_samples/N2_sw0.15_x-4_i0085.h5
2,50,1.500000000e-01,1.000000000e+00,-2,8.670603029e-01,5.739447754e-01,96027718,main,fall,2.631000000e+00,9.511710292e-02,2.314864749e-02,1.026200841e-01,2.776751867e+02,false,0,1.709874566e+02,/mnt/pd/tema1/new/results/ml_samples/N2_sw0.15_x-2_i0003.h5
2,50,1.500000000e-01,1.000000000e+00,-2,8.670603029e-01,5.739447754e-01,1675720536,main,fall,2.271000000e+00,1.000306505e-01,2.865992471e-02,1.051527355e-01,2.776751867e+02,false,0,1.504116909e+02,/mnt/pd/tema1/new/results/ml_samples/N2_sw0.15_x-2_i0017.h5
2,50,1.500000000e-01,1.000000000e+00,-2,8.670603029e-01,5.739447754e-01,388543567,main,fall,2.601000000e+00,1.041817339e-01,3.957005413e-02,9.532092649e-02,2.776751867e+02,false,0,1.671612370e+02,/mnt/pd/tema1/new/results/ml_samples/N2_sw0.15_x-2_i0009.h5
2,50,1.500000000e-01,1.000000000e+00,-2,8.670603029e-01,5.739447754e-01,135922273,main,fall,2.261000000e+00,1.069297030e-01,3.637709983e-02,9.763592664e-02,2.776751867e+02,false,0,1.505888478e+02,/mnt/pd/tema1/new/results/ml_samples/N2_sw0.15_x-2_i0021.h5
2,50,1.500000000e-01,1.000000000e+00,-2,8.670603029e-01,5.739447754e-01,174895781,main,fall,2.251000000e+00,1.067514768e-01,2.525532237e-02,9.340707579e-02,2.776751867e+02,false,0,1.506580536e+02,/mnt/pd/tema1/new/results/ml_samples/N2_sw0.15_x-2_i0023.h5
2,50,1.500000000e-01,1.000000000e+00,-4,7.341206058e-01,4.859462309e-01,9402949,main,fall,3.461000000e+00,8.522377986e-02,1.874981949e-02,1.038986629e-01,1.707140469e+02,false,0,2.327797159e+02,/mnt/pd/tema1/new/results/ml_samples/N2_sw0.15_x-4_i0095.h5
2,50,1.500000000e-01,1.000000000e+00,-2,8.670603029e-01,5.739447754e-01,1767142370,main,fall,2.671000000e+00,1.052901555e-01,4.090022481e-02,9.546921961e-02,2.776751867e+02,false,0,1.726075673e+02,/mnt/pd/tema1/new/results/ml_samples/N2_sw0.15_x-2_i0029.h5
2,50,1.500000000e-01,1.000000000e+00,-2,8.670603029e-01,5.739447754e-01,1463485748,main,fall,1.771000000e+00,9.888357794e-02,3.029199793e-02,9.905698408e-02,2.776751867e+02,false,0,1.373830809e+02,/mnt/pd/tema1/new/results/ml_samples/N2_sw0.15_x-2_i0039.h5
2,50,1.500000000e-01,1.000000000e+00,-2,8.670603029e-01,5.739447754e-01,99733295,main,fall,2.851000000e+00,9.961181578e-02,2.995794036e-02,9.304694907e-02,2.776751867e+02,false,0,1.813394334e+02,/mnt/pd/tema1/new/results/ml_samples/N2_sw0.15_x-2_i0031.h5
2,50,1.500000000e-01,1.000000000e+00,-2,8.670603029e-01,5.739447754e-01,800120691,main,fall,3.371000000e+00,9.604791902e-02,2.236437963e-02,9.519434616e-02,2.776751867e+02,false,0,2.282856679e+02,/mnt/pd/tema1/new/results/ml_samples/N2_sw0.15_x-2_i0019.h5
2,50,1.500000000e-01,1.000000000e+00,-2,8.670603029e-01,5.739447754e-01,543222145,main,fall,1.741000000e+00,1.079388216e-01,3.453801913e-02,9.841743989e-02,2.776751867e+02,false,0,1.247793696e+02,/mnt/pd/tema1/new/results/ml_samples/N2_sw0.15_x-2_i0049.h5
2,50,1.500000000e-01,1.000000000e+00,-4,7.341206058e-01,4.859462309e-01,1051996443,main,fall,8.961000000e+00,8.453957354e-02,1.666225385e-02,1.039886232e-01,1.707140469e+02,false,0,5.050569292e+02,/mnt/pd/tema1/new/results/ml_samples/N2_sw0.15_x-4_i0007.h5
2,50,1.500000000e-01,1.000000000e+00,-2,8.670603029e-01,5.739447754e-01,257758568,main,fall,1.891000000e+00,1.059103331e-01,4.102628213e-02,9.678545440e-02,2.776751867e+02,false,0,1.321422844e+02,/mnt/pd/tema1/new/results/ml_samples/N2_sw0.15_x-2_i0051.h5
2,50,1.500000000e-01,1.000000000e+00,-2,8.670603029e-01,5.739447754e-01,1957504115,main,fall,2.871000000e+00,1.005426874e-01,2.705839909e-02,9.645124993e-02,2.776751867e+02,false,0,1.826715381e+02,/mnt/pd/tema1/new/results/ml_samples/N2_sw0.15_x-2_i0041.h5
2,50,1.500000000e-01,1.000000000e+00,-2,8.670603029e-01,5.739447754e-01,1524904270,main,fall,2.191000000e+00,1.073341469e-01,3.641917221e-02,9.843146061e-02,2.776751867e+02,false,0,1.462594951e+02,/mnt/pd/tema1/new/results/ml_samples/N2_sw0.15_x-2_i0047.h5
2,50,1.500000000e-01,1.000000000e+00,-2,8.670603029e-01,5.739447754e-01,1689580978,main,fall,1.761000000e+00,1.132990086e-01,3.359085373e-02,9.057186058e-02,2.776751867e+02,false,0,1.245434687e+02,/mnt/pd/tema1/new/results/ml_samples/N2_sw0.15_x-2_i0059.h5
2,50,1.500000000e-01,1.000000000e+00,-2,8.670603029e-01,5.739447754e-01,496939702,main,fall,2.261000000e+00,1.130229397e-01,4.900334039e-02,9.604077123e-02,2.776751867e+02,false,0,1.505134727e+02,/mnt/pd/tema1/new/results/ml_samples/N2_sw0.15_x-2_i0045.h5
2,50,1.500000000e-01,1.000000000e+00,-2,8.670603029e-01,5.739447754e-01,723327103,main,fall,2.101000000e+00,1.051218351e-01,4.539227132e-02,1.028261978e-01,2.776751867e+02,false,0,1.421169972e+02,/mnt/pd/tema1/new/results/ml_samples/N2_sw0.15_x-2_i0055.h5
2,50,1.500000000e-01,1.000000000e+00,-2,8.670603029e-01,5.739447754e-01,1520030945,main,fall,3.251000000e+00,9.888722388e-02,3.055136834e-02,9.937319876e-02,2.776751867e+02,false,0,2.040018308e+02,/mnt/pd/tema1/new/results/ml_samples/N2_sw0.15_x-2_i0043.h5
2,50,1.500000000e-01,1.000000000e+00,-4,7.341206058e-01,4.859462309e-01,955839511,main,fall,7.571000000e+00,8.942915018e-02,2.378685240e-02,9.855165479e-02,1.707140469e+02,false,0,5.113470194e+02,/mnt/pd/tema1/new/results/ml_samples/N2_sw0.15_x-4_i0039.h5
2,50,1.500000000e-01,1.000000000e+00,-2,8.670603029e-01,5.739447754e-01,1326117201,main,fall,2.491000000e+00,9.612225490e-02,1.399681911e-02,9.331242176e-02,2.776751867e+02,false,0,1.611943626e+02,/mnt/pd/tema1/new/results/ml_samples/N2_sw0.15_x-2_i0067.h5
2,50,1.500000000e-01,1.000000000e+00,-2,8.670603029e-01,5.739447754e-01,1535665497,main,fall,4.471000000e+00,9.442127566e-02,2.412299760e-02,9.396573328e-02,2.776751867e+02,false,0,2.655052152e+02,/mnt/pd/tema1/new/results/ml_samples/N2_sw0.15_x-2_i0037.h5
2,50,1.500000000e-01,1.000000000e+00,-2,8.670603029e-01,5.739447754e-01,1511738794,main,fall,1.811000000e+00,9.232407337e-02,2.173131974e-02,1.104050573e-01,2.776751867e+02,false,0,1.270729231e+02,/mnt/pd/tema1/new/results/ml_samples/N2_sw0.15_x-2_i0073.h5
2,50,1.500000000e-01,1.000000000e+00,-2,8.670603029e-01,5.739447754e-01,1789581623,main,fall,2.421000000e+00,1.038890370e-01,2.399917461e-02,9.594315994e-02,2.776751867e+02,false,0,1.536418216e+02,/mnt/pd/tema1/new/results/ml_samples/N2_sw0.15_x-2_i0069.h5
2,50,1.500000000e-01,1.000000000e+00,-2,8.670603029e-01,5.739447754e-01,1190623715,main,fall,3.321000000e+00,9.344496175e-02,1.725437973e-02,9.951160696e-02,2.776751867e+02,false,0,2.017022498e+02,/mnt/pd/tema1/new/results/ml_samples/N2_sw0.15_x-2_i0061.h5
2,50,1.500000000e-01,1.000000000e+00,-2,8.670603029e-01,5.739447754e-01,1666052979,main,fall,2.301000000e+00,9.924479839e-02,2.310076401e-02,9.384138404e-02,2.776751867e+02,false,0,1.546206793e+02,/mnt/pd/tema1/new/results/ml_samples/N2_sw0.15_x-2_i0077.h5
2,50,1.500000000e-01,1.000000000e+00,-2,8.670603029e-01,5.739447754e-01,768034815,main,fall,2.741000000e+00,1.018895961e-01,2.227350580e-02,9.779810640e-02,2.776751867e+02,false,0,1.798932297e+02,/mnt/pd/tema1/new/results/ml_samples/N2_sw0.15_x-2_i0075.h5
2,50,1.500000000e-01,1.000000000e+00,-2,8.670603029e-01,5.739447754e-01,823062371,main,fall,3.201000000e+00,1.013872997e-01,2.658684683e-02,8.908140240e-02,2.776751867e+02,false,0,2.019904737e+02,/mnt/pd/tema1/new/results/ml_samples/N2_sw0.15_x-2_i0071.h5
2,50,1.500000000e-01,1.000000000e+00,-2,8.670603029e-01,5.739447754e-01,1210676505,main,fall,2.341000000e+00,1.022957620e-01,3.910509870e-02,1.024014586e-01,2.776751867e+02,false,0,1.583891841e+02,/mnt/pd/tema1/new/results/ml_samples/N2_sw0.15_x-2_i0079.h5
2,50,1.500000000e-01,1.000000000e+00,-2,8.670603029e-01,5.739447754e-01,816107856,main,fall,3.991000000e+00,9.865553588e-02,2.534540985e-02,9.365817958e-02,2.776751867e+02,false,0,2.555060716e+02,/mnt/pd/tema1/new/results/ml_samples/N2_sw0.15_x-2_i0065.h5
2,50,1.500000000e-01,1.000000000e+00,-2,8.670603029e-01,5.739447754e-01,1319348533,main,fall,2.331000000e+00,9.900654533e-02,2.760765811e-02,9.398006234e-02,2.776751867e+02,false,0,1.531853816e+02,/mnt/pd/tema1/new/results/ml_samples/N2_sw0.15_x-2_i0083.h5
2,50,1.500000000e-01,1.000000000e+00,-2,8.670603029e-01,5.739447754e-01,522143890,main,fall,7.351000000e+00,9.497136922e-02,1.573366559e-02,9.054275642e-02,2.776751867e+02,false,0,4.196542044e+02,/mnt/pd/tema1/new/results/ml_samples/N2_sw0.15_x-2_i0015.h5
2,50,1.500000000e-01,1.000000000e+00,-2,8.670603029e-01,5.739447754e-01,737853492,main,fall,1.861000000e+00,1.001878720e-01,3.592553219e-02,1.043893970e-01,2.776751867e+02,false,0,1.287809771e+02,/mnt/pd/tema1/new/results/ml_samples/N2_sw0.15_x-2_i0095.h5
2,50,1.500000000e-01,1.000000000e+00,-2,8.670603029e-01,5.739447754e-01,92625736,main,fall,2.581000000e+00,1.001527500e-01,3.184922315e-02,1.036164894e-01,2.776751867e+02,false,0,1.658284409e+02,/mnt/pd/tema1/new/results/ml_samples/N2_sw0.15_x-2_i0085.h5
2,50,1.500000000e-01,1.000000000e+00,-2,8.670603029e-01,5.739447754e-01,2103672421,main,fall,2.551000000e+00,9.552892930e-02,1.772991445e-02,1.019150321e-01,2.776751867e+02,false,0,1.695923750e+02,/mnt/pd/tema1/new/results/ml_samples/N2_sw0.15_x-2_i0091.h5
2,50,1.500000000e-01,1.000000000e+00,-2,8.670603029e-01,5.739447754e-01,76030279,main,fall,3.101000000e+00,9.261921450e-02,2.046235873e-02,9.907701993e-02,2.776751867e+02,false,0,1.936585701e+02,/mnt/pd/tema1/new/results/ml_samples/N2_sw0.15_x-2_i0093.h5
2,50,1.500000000e-01,1.000000000e+00,-4,7.341206058e-01,4.859462309e-01,1747179091,main,fall,8.001000000e+00,8.459075940e-02,1.811145685e-02,9.452212284e-02,1.707140469e+02,false,0,4.997956427e+02,/mnt/pd/tema1/new/results/ml_samples/N2_sw0.15_x-4_i0099.h5
2,50,1.500000000e-01,1.000000000e+00,-2,8.670603029e-01,5.739447754e-01,1767485120,main,fall,7.801000000e+00,9.048670357e-02,2.169815088e-02,9.849940528e-02,2.776751867e+02,false,0,4.426274685e+02,/mnt/pd/tema1/new/results/ml_samples/N2_sw0.15_x-2_i0033.h5
2,50,1.500000000e-01,1.000000000e+00,-2,8.670603029e-01,5.739447754e-01,1896715258,main,fall,3.361000000e+00,1.016720222e-01,2.940322000e-02,1.020714582e-01,2.776751867e+02,false,0,2.068016658e+02,/mnt/pd/tema1/new/results/ml_samples/N2_sw0.15_x-2_i0089.h5
2,50,1.500000000e-01,1.000000000e+00,-2,8.670603029e-01,5.739447754e-01,1649897125,main,fall,8.751000000e+00,9.646796955e-02,2.125624939e-02,9.544442635e-02,2.776751867e+02,false,0,5.124370474e+02,/mnt/pd/tema1/new/results/ml_samples/N2_sw0.15_x-2_i0005.h5
2,50,1.500000000e-01,1.000000000e+00,-2,8.670603029e-01,5.739447754e-01,248095325,main,fall,3.211000000e+00,9.858220310e-02,2.749304496e-02,9.330369093e-02,2.776751867e+02,false,0,2.005495509e+02,/mnt/pd/tema1/new/results/ml_samples/N2_sw0.15_x-2_i0097.h5
2,50,1.500000000e-01,1.000000000e+00,-1,9.335301514e-01,6.179440476e-01,107122529,main,fall,2.581000000e+00,9.619216073e-02,1.006913607e-02,9.249325029e-02,3.434660602e+02,false,0,1.649722066e+02,/mnt/pd/tema1/new/results/ml_samples/N2_sw0.15_x-1_i0007.h5
2,50,1.500000000e-01,1.000000000e+00,-1,9.335301514e-01,6.179440476e-01,1292214370,main,fall,3.021000000e+00,1.007864072e-01,2.488583248e-02,9.281412757e-02,3.434660602e+02,false,0,1.879344084e+02,/mnt/pd/tema1/new/results/ml_samples/N2_sw0.15_x-1_i0001.h5
2,50,1.500000000e-01,1.000000000e+00,-1,9.335301514e-01,6.179440476e-01,102965829,main,fall,3.001000000e+00,9.549693712e-02,1.608283042e-02,9.509684433e-02,3.434660602e+02,false,0,1.864760597e+02,/mnt/pd/tema1/new/results/ml_samples/N2_sw0.15_x-1_i0003.h5
2,50,1.500000000e-01,1.000000000e+00,-1,9.335301514e-01,6.179440476e-01,646614688,main,fall,2.351000000e+00,1.052819013e-01,2.803891404e-02,9.451323274e-02,3.434660602e+02,false,0,1.568190075e+02,/mnt/pd/tema1/new/results/ml_samples/N2_sw0.15_x-1_i0011.h5
2,50,1.500000000e-01,1.000000000e+00,-1,9.335301514e-01,6.179440476e-01,1107313945,main,fall,2.001000000e+00,1.153241084e-01,4.550771438e-02,9.264474331e-02,3.434660602e+02,false,0,1.467275588e+02,/mnt/pd/tema1/new/results/ml_samples/N2_sw0.15_x-1_i0019.h5
2,50,1.500000000e-01,1.000000000e+00,-2,8.670603029e-01,5.739447754e-01,1510389191,main,fall,5.141000000e+00,9.563287046e-02,2.055246478e-02,9.638924375e-02,2.776751867e+02,false,0,3.025010483e+02,/mnt/pd/tema1/new/results/ml_samples/N2_sw0.15_x-2_i0087.h5
2,50,1.500000000e-01,1.000000000e+00,-2,8.670603029e-01,5.739447754e-01,1738666085,main,fall,1.077100000e+01,9.071896871e-02,1.326412089e-02,9.517740597e-02,2.776751867e+02,false,0,6.040772250e+02,/mnt/pd/tema1/new/results/ml_samples/N2_sw0.15_x-2_i0001.h5
2,50,1.500000000e-01,1.000000000e+00,-2,8.670603029e-01,5.739447754e-01,618373325,main,fall,9.811000000e+00,9.176870739e-02,1.679614404e-02,9.502079157e-02,2.776751867e+02,false,0,5.655670524e+02,/mnt/pd/tema1/new/results/ml_samples/N2_sw0.15_x-2_i0027.h5
2,50,1.500000000e-01,1.000000000e+00,-1,9.335301514e-01,6.179440476e-01,1572218894,main,fall,2.251000000e+00,1.002297554e-01,3.315629836e-02,1.012868922e-01,3.434660602e+02,false,0,1.506076352e+02,/mnt/pd/tema1/new/results/ml_samples/N2_sw0.15_x-1_i0025.h5
2,50,1.500000000e-01,1.000000000e+00,-2,8.670603029e-01,5.739447754e-01,467744141,main,fall,7.861000000e+00,9.626235855e-02,1.609370764e-02,8.905444281e-02,2.776751867e+02,false,0,4.465819070e+02,/mnt/pd/tema1/new/results/ml_samples/N2_sw0.15_x-2_i0063.h5
2,50,1.500000000e-01,1.000000000e+00,-2,8.670603029e-01,5.739447754e-01,403825541,main,fall,8.191000000e+00,8.891078039e-02,7.276164501e-03,9.728337795e-02,2.776751867e+02,false,0,4.606659338e+02,/mnt/pd/tema1/new/results/ml_samples/N2_sw0.15_x-2_i0057.h5
2,50,1.500000000e-01,1.000000000e+00,-2,8.670603029e-01,5.739447754e-01,1695265302,main,fall,4.861000000e+00,9.751551092e-02,2.083397458e-02,9.106843945e-02,2.776751867e+02,false,0,2.992532190e+02,/mnt/pd/tema1/new/results/ml_samples/N2_sw0.15_x-2_i0099.h5
2,50,1.500000000e-01,1.000000000e+00,-1,9.335301514e-01,6.179440476e-01,75014354,main,fall,3.301000000e+00,9.962176461e-02,2.271563998e-02,9.380950348e-02,3.434660602e+02,false,0,2.029464759e+02,/mnt/pd/tema1/new/results/ml_samples/N2_sw0.15_x-1_i0023.h5
2,50,1.500000000e-01,1.000000000e+00,-1,9.335301514e-01,6.179440476e-01,997968907,main,fall,3.611000000e+00,1.001706854e-01,3.018528609e-02,9.540462786e-02,3.434660602e+02,false,0,2.249802589e+02,/mnt/pd/tema1/new/results/ml_samples/N2_sw0.15_x-1_i0017.h5
2,50,1.500000000e-01,1.000000000e+00,-1,9.335301514e-01,6.179440476e-01,113547972,main,fall,1.901000000e+00,1.041570566e-01,3.747145614e-02,1.100735257e-01,3.434660602e+02,false,0,1.302952868e+02,/mnt/pd/tema1/new/results/ml_samples/N2_sw0.15_x-1_i0041.h5
2,50,1.500000000e-01,1.000000000e+00,-1,9.335301514e-01,6.179440476e-01,1172127748,main,fall,1.981000000e+00,1.042414848e-01,3.737489681e-02,1.032953640e-01,3.434660602e+02,false,0,1.366772663e+02,/mnt/pd/tema1/new/results/ml_samples/N2_sw0.15_x-1_i0039.h5
2,50,1.500000000e-01,1.000000000e+00,-1,9.335301514e-01,6.179440476e-01,2041727329,main,fall,1.411000000e+00,1.143634051e-01,4.422994544e-02,1.010027627e-01,3.434660602e+02,false,0,1.131323682e+02,/mnt/pd/tema1/new/results/ml_samples/N2_sw0.15_x-1_i0053.h5
2,50,1.500000000e-01,1.000000000e+00,-1,9.335301514e-01,6.179440476e-01,1931492383,main,fall,3.741000000e+00,1.046357337e-01,2.301235978e-02,9.125142443e-02,3.434660602e+02,false,0,2.286658213e+02,/mnt/pd/tema1/new/results/ml_samples/N2_sw0.15_x-1_i0031.h5
2,50,1.500000000e-01,1.000000000e+00,-1,9.335301514e-01,6.179440476e-01,1039887757,main,fall,5.041000000e+00,1.014694061e-01,2.560853006e-02,8.943291841e-02,3.434660602e+02,false,0,2.971056516e+02,/mnt/pd/tema1/new/results/ml_samples/N2_sw0.15_x-1_i0021.h5
2,50,1.500000000e-01,1.000000000e+00,-1,9.335301514e-01,6.179440476e-01,2064509325,main,fall,4.161000000e+00,9.590108855e-02,2.047014976e-02,9.754264372e-02,3.434660602e+02,false,0,2.506474492e+02,/mnt/pd/tema1/new/results/ml_samples/N2_sw0.15_x-1_i0029.h5
2,50,1.500000000e-01,1.000000000e+00,-1,9.335301514e-01,6.179440476e-01,1196428537,main,fall,5.461000000e+00,9.264552037e-02,1.930030769e-02,1.020917337e-01,3.434660602e+02,false,0,3.283685978e+02,/mnt/pd/tema1/new/results/ml_samples/N2_sw0.15_x-1_i0015.h5
2,50,1.500000000e-01,1.000000000e+00,-1,9.335301514e-01,6.179440476e-01,1680157250,main,fall,5.801000000e+00,1.008583243e-01,2.697905644e-02,8.923062986e-02,3.434660602e+02,false,0,3.843582863e+02,/mnt/pd/tema1/new/results/ml_samples/N2_sw0.15_x-1_i0027.h5
2,50,1.500000000e-01,1.000000000e+00,-1,9.335301514e-01,6.179440476e-01,59050011,main,fall,3.181000000e+00,9.590224180e-02,1.282864444e-02,9.581484630e-02,3.434660602e+02,false,0,1.958877222e+02,/mnt/pd/tema1/new/results/ml_samples/N2_sw0.15_x-1_i0065.h5
2,50,1.500000000e-01,1.000000000e+00,-1,9.335301514e-01,6.179440476e-01,1827287121,main,fall,6.091000000e+00,9.624940095e-02,1.700410937e-02,9.390698749e-02,3.434660602e+02,false,0,3.524267638e+02,/mnt/pd/tema1/new/results/ml_samples/N2_sw0.15_x-1_i0035.h5
2,50,1.500000000e-01,1.000000000e+00,-1,9.335301514e-01,6.179440476e-01,409425069,main,fall,4.241000000e+00,1.074968924e-01,2.307133216e-02,9.125900021e-02,3.434660602e+02,false,0,2.542816698e+02,/mnt/pd/tema1/new/results/ml_samples/N2_sw0.15_x-1_i0055.h5
2,50,1.500000000e-01,1.000000000e+00,-1,9.335301514e-01,6.179440476e-01,1823189787,main,fall,4.831000000e+00,9.698184428e-02,1.939594873e-02,9.659080153e-02,3.434660602e+02,false,0,2.818680107e+02,/mnt/pd/tema1/new/results/ml_samples/N2_sw0.15_x-1_i0051.h5
2,50,1.500000000e-01,1.000000000e+00,-1,9.335301514e-01,6.179440476e-01,1461125108,main,fall,2.771000000e+00,1.007663257e-01,3.395121227e-02,9.925589552e-02,3.434660602e+02,false,0,1.777729410e+02,/mnt/pd/tema1/new/results/ml_samples/N2_sw0.15_x-1_i0075.h5
2,50,1.500000000e-01,1.000000000e+00,-1,9.335301514e-01,6.179440476e-01,482671319,main,fall,5.981000000e+00,9.734132040e-02,2.454321322e-02,9.372331420e-02,3.434660602e+02,false,0,3.471981691e+02,/mnt/pd/tema1/new/results/ml_samples/N2_sw0.15_x-1_i0049.h5
2,50,1.500000000e-01,1.000000000e+00,-1,9.335301514e-01,6.179440476e-01,1353810233,main,fall,8.821000000e+00,9.538751865e-02,1.806535968e-02,9.692120382e-02,3.434660602e+02,false,0,5.267119162e+02,/mnt/pd/tema1/new/results/ml_samples/N2_sw0.15_x-1_i0013.h5
2,50,1.500000000e-01,1.000000000e+00,-1,9.335301514e-01,6.179440476e-01,250101618,main,fall,8.071000000e+00,9.539889205e-02,1.042154078e-02,9.333403966e-02,3.434660602e+02,false,0,4.536564836e+02,/mnt/pd/tema1/new/results/ml_samples/N2_sw0.15_x-1_i0033.h5
2,50,1.500000000e-01,1.000000000e+00,-2,8.670603029e-01,5.739447754e-01,1032750612,main,fall,1.610100000e+01,9.202173859e-02,1.577893308e-02,9.458390985e-02,2.776751867e+02,false,0,8.834935325e+02,/mnt/pd/tema1/new/results/ml_samples/N2_sw0.15_x-2_i0035.h5
2,50,1.500000000e-01,1.000000000e+00,-1,9.335301514e-01,6.179440476e-01,182438512,main,fall,2.271000000e+00,1.004598205e-01,1.916859843e-02,9.039237109e-02,3.434660602e+02,false,0,1.510812794e+02,/mnt/pd/tema1/new/results/ml_samples/N2_sw0.15_x-1_i0083.h5
2,50,1.500000000e-01,1.000000000e+00,-1,9.335301514e-01,6.179440476e-01,1588952481,main,fall,4.951000000e+00,9.509843954e-02,1.447714332e-02,9.369444861e-02,3.434660602e+02,false,0,2.913468073e+02,/mnt/pd/tema1/new/results/ml_samples/N2_sw0.15_x-1_i0073.h5
2,50,1.500000000e-01,1.000000000e+00,-1,9.335301514e-01,6.179440476e-01,1730556919,main,fall,2.281000000e+00,1.025957120e-01,2.565781153e-02,9.448130468e-02,3.434660602e+02,false,0,1.521611223e+02,/mnt/pd/tema1/new/results/ml_samples/N2_sw0.15_x-1_i0089.h5
2,50,1.500000000e-01,1.000000000e+00,-1,9.335301514e-01,6.179440476e-01,232447949,main,fall,4.601000000e+00,9.677822467e-02,1.794373566e-02,9.580162737e-02,3.434660602e+02,false,0,2.718473022e+02,/mnt/pd/tema1/new/results/ml_samples/N2_sw0.15_x-1_i0079.h5
2,50,1.500000000e-01,1.000000000e+00,-1,9.335301514e-01,6.179440476e-01,634652665,main,fall,1.199100000e+01,9.664343827e-02,1.419998958e-02,9.233466836e-02,3.434660602e+02,false,0,6.626376604e+02,/mnt/pd/tema1/new/results/ml_samples/N2_sw0.15_x-1_i0005.h5
2,50,1.500000000e-01,1.000000000e+00,-1,9.335301514e-01,6.179440476e-01,188730181,main,fall,2.361000000e+00,9.689781911e-02,2.448835292e-02,1.014875266e-01,3.434660602e+02,false,0,1.541813270e+02,/mnt/pd/tema1/new/results/ml_samples/N2_sw0.15_x-1_i0091.h5
2,50,1.500000000e-01,1.000000000e+00,-1,9.335301514e-01,6.179440476e-01,1983936866,main,fall,2.821000000e+00,1.000654319e-01,1.941333724e-02,9.363925532e-02,3.434660602e+02,false,0,1.792891982e+02,/mnt/pd/tema1/new/results/ml_samples/N2_sw0.15_x-1_i0087.h5
2,50,1.500000000e-01,1.000000000e+00,-1,9.335301514e-01,6.179440476e-01,1246622319,main,fall,8.801000000e+00,9.368181625e-02,1.316849758e-02,9.215244010e-02,3.434660602e+02,false,0,4.937951102e+02,/mnt/pd/tema1/new/results/ml_samples/N2_sw0.15_x-1_i0045.h5
2,50,1.500000000e-01,1.000000000e+00,-1,9.335301514e-01,6.179440476e-01,1017989301,main,fall,7.081000000e+00,9.540320979e-02,2.101901012e-02,9.464720779e-02,3.434660602e+02,false,0,4.058434504e+02,/mnt/pd/tema1/new/results/ml_samples/N2_sw0.15_x-1_i0063.h5
2,50,1.500000000e-01,1.000000000e+00,-2,8.670603029e-01,5.739447754e-01,1244857495,main,fall,1.642100000e+01,9.214459646e-02,1.437321050e-02,9.166851893e-02,2.776751867e+02,false,0,8.964195567e+02,/mnt/pd/tema1/new/results/ml_samples/N2_sw0.15_x-2_i0053.h5
2,50,1.500000000e-01,1.000000000e+00,-1,9.335301514e-01,6.179440476e-01,2061769094,main,fall,7.061000000e+00,9.857989193e-02,1.687674753e-02,9.258954594e-02,3.434660602e+02,false,0,4.038148336e+02,/mnt/pd/tema1/new/results/ml_samples/N2_sw0.15_x-1_i0071.h5
2,50,1.500000000e-01,1.000000000e+00,-1,9.335301514e-01,6.179440476e-01,1584502188,main,fall,1.211100000e+01,9.267991599e-02,1.324026780e-02,9.693030583e-02,3.434660602e+02,false,0,6.775937028e+02,/mnt/pd/tema1/new/results/ml_samples/N2_sw0.15_x-1_i0009.h5
2,50,1.500000000e-01,1.000000000e+00,-1,9.335301514e-01,6.179440476e-01,737515637,main,fall,1.781000000e+00,1.067594390e-01,4.063110240e-02,1.005049821e-01,3.434660602e+02,false,0,1.347742929e+02,/mnt/pd/tema1/new/results/ml_samples/N2_sw0.15_x-1_i0099.h5
2,50,1.500000000e-01,1.000000000e+00,-1,9.335301514e-01,6.179440476e-01,148714768,main,fall,3.001000000e+00,1.201011863e-01,4.201873940e-02,8.857288390e-02,3.434660602e+02,false,0,1.897954020e+02,/mnt/pd/tema1/new/results/ml_samples/N2_sw0.15_x-1_i0101.h5
2,50,1.500000000e-01,1.000000000e+00,-1,9.335301514e-01,6.179440476e-01,539052673,main,rise,1.176100000e+01,1.006930567e-01,1.512631000e-02,9.085694234e-02,3.434660602e+02,false,0,6.521114342e+02,/mnt/pd/tema1/new/results/ml_samples/N2_sw0.15_x-1_i0037.h5
2,50,1.500000000e-01,1.000000000e+00,-1,9.335301514e-01,6.179440476e-01,625973551,main,fall,9.061000000e+00,9.408950739e-02,1.197614228e-02,9.477973375e-02,3.434660602e+02,false,0,5.119206022e+02,/mnt/pd/tema1/new/results/ml_samples/N2_sw0.15_x-1_i0069.h5
2,50,1.500000000e-01,1.000000000e+00,-1,9.335301514e-01,6.179440476e-01,1220497821,main,fall,9.901000000e+00,9.648125220e-02,9.994788542e-03,8.994197405e-02,3.434660602e+02,false,0,5.681756802e+02,/mnt/pd/tema1/new/results/ml_samples/N2_sw0.15_x-1_i0059.h5
2,50,1.500000000e-01,1.000000000e+00,-1,9.335301514e-01,6.179440476e-01,880315231,main,fall,2.911000000e+00,1.041193993e-01,2.943805381e-02,9.124045726e-02,3.434660602e+02,false,0,1.836638974e+02,/mnt/pd/tema1/new/results/ml_samples/N2_sw0.15_x-1_i0109.h5
2,50,1.500000000e-01,1.000000000e+00,-1,9.335301514e-01,6.179440476e-01,1249806391,main,fall,3.461000000e+00,9.724872909e-02,2.395744089e-02,9.956150791e-02,3.434660602e+02,false,0,2.406486869e+02,/mnt/pd/tema1/new/results/ml_samples/N2_sw0.15_x-1_i0105.h5
2,50,1.500000000e-01,1.000000000e+00,-1,9.335301514e-01,6.179440476e-01,263237776,main,fall,1.142100000e+01,9.545462319e-02,1.887392651e-02,9.210473916e-02,3.434660602e+02,false,0,6.380783830e+02,/mnt/pd/tema1/new/results/ml_samples/N2_sw0.15_x-1_i0057.h5
2,50,1.500000000e-01,1.000000000e+00,-1,9.335301514e-01,6.179440476e-01,346311759,main,fall,3.541000000e+00,9.183483982e-02,1.054726372e-02,9.859370123e-02,3.434660602e+02,false,0,2.146381000e+02,/mnt/pd/tema1/new/results/ml_samples/N2_sw0.15_x-1_i0113.h5
2,50,1.500000000e-01,1.000000000e+00,-1,9.335301514e-01,6.179440476e-01,1394952276,main,fall,1.038100000e+01,9.674767381e-02,1.672180151e-02,9.118973741e-02,3.434660602e+02,false,0,6.404684994e+02,/mnt/pd/tema1/new/results/ml_samples/N2_sw0.15_x-1_i0061.h5
2,50,1.500000000e-01,1.000000000e+00,-1,9.335301514e-01,6.179440476e-01,879783705,main,fall,4.311000000e+00,1.001117613e-01,2.558611096e-02,9.487437046e-02,3.434660602e+02,false,0,2.581002148e+02,/mnt/pd/tema1/new/results/ml_samples/N2_sw0.15_x-1_i0119.h5
2,50,1.500000000e-01,1.000000000e+00,-1,9.335301514e-01,6.179440476e-01,945193950,main,fall,2.361000000e+00,1.033576758e-01,2.890158391e-02,9.816900008e-02,3.434660602e+02,false,0,1.562889613e+02,/mnt/pd/tema1/new/results/ml_samples/N2_sw0.15_x-1_i0129.h5
2,50,1.500000000e-01,1.000000000e+00,-1,9.335301514e-01,6.179440476e-01,252079936,main,fall,4.851000000e+00,9.891234844e-02,2.451883802e-02,9.282056075e-02,3.434660602e+02,false,0,2.858243489e+02,/mnt/pd/tema1/new/results/ml_samples/N2_sw0.15_x-1_i0115.h5
2,50,1.500000000e-01,1.000000000e+00,-1,9.335301514e-01,6.179440476e-01,611957590,main,fall,1.032100000e+01,9.606599882e-02,1.557502726e-02,9.146823581e-02,3.434660602e+02,false,0,5.845950839e+02,/mnt/pd/tema1/new/results/ml_samples/N2_sw0.15_x-1_i0077.h5
2,50,1.500000000e-01,1.000000000e+00,-1,9.335301514e-01,6.179440476e-01,744380184,main,fall,4.421000000e+00,9.662512928e-02,1.775919595e-02,9.399584681e-02,3.434660602e+02,false,0,2.620199957e+02,/mnt/pd/tema1/new/results/ml_samples/N2_sw0.15_x-1_i0123.h5
2,50,1.500000000e-01,1.000000000e+00,-2,8.670603029e-01,5.739447754e-01,520975311,main,fall,2.451100000e+01,8.720272542e-02,6.766458782e-03,9.718690245e-02,2.776751867e+02,false,0,1.319622441e+03,/mnt/pd/tema1/new/results/ml_samples/N2_sw0.15_x-2_i0025.h5
2,50,1.500000000e-01,1.000000000e+00,-1,9.335301514e-01,6.179440476e-01,663566549,main,fall,6.551000000e+00,9.522069779e-02,1.434747956e-02,9.395383565e-02,3.434660602e+02,false,0,3.734826906e+02,/mnt/pd/tema1/new/results/ml_samples/N2_sw0.15_x-1_i0103.h5
2,50,1.500000000e-01,1.000000000e+00,-1,9.335301514e-01,6.179440476e-01,922134292,main,fall,5.001000000e+00,9.994506032e-02,2.311074959e-02,9.201101572e-02,3.434660602e+02,false,0,2.930997587e+02,/mnt/pd/tema1/new/results/ml_samples/N2_sw0.15_x-1_i0125.h5
2,50,1.500000000e-01,1.000000000e+00,-1,9.335301514e-01,6.179440476e-01,808217468,main,fall,1.645100000e+01,9.686901557e-02,9.752068270e-03,9.284230596e-02,3.434660602e+02,false,0,8.977172904e+02,/mnt/pd/tema1/new/results/ml_samples/N2_sw0.15_x-1_i0043.h5
2,50,1.500000000e-01,1.000000000e+00,-1,9.335301514e-01,6.179440476e-01,1716375133,main,fall,3.211000000e+00,1.055560142e-01,2.714661258e-02,8.850927360e-02,3.434660602e+02,false,0,2.012652874e+02,/mnt/pd/tema1/new/results/ml_samples/N2_sw0.15_x-1_i0143.h5
2,50,1.500000000e-01,1.000000000e+00,-1,9.335301514e-01,6.179440476e-01,11099298,main,fall,4.381000000e+00,9.569426213e-02,1.520448253e-02,9.153420365e-02,3.434660602e+02,false,0,2.588181909e+02,/mnt/pd/tema1/new/results/ml_samples/N2_sw0.15_x-1_i0137.h5
2,50,1.500000000e-01,1.000000000e+00,-1,9.335301514e-01,6.179440476e-01,728761074,main,fall,5.191000000e+00,9.113457686e-02,1.170369162e-02,1.005052011e-01,3.434660602e+02,false,0,3.033402372e+02,/mnt/pd/tema1/new/results/ml_samples/N2_sw0.15_x-1_i0133.h5
2,50,1.500000000e-01,1.000000000e+00,-1,9.335301514e-01,6.179440476e-01,769716711,main,fall,2.561000000e+00,9.808484150e-02,2.806518824e-02,1.028131727e-01,3.434660602e+02,false,0,1.639457238e+02,/mnt/pd/tema1/new/results/ml_samples/N2_sw0.15_x-1_i0155.h5
2,50,1.500000000e-01,1.000000000e+00,-1,9.335301514e-01,6.179440476e-01,685363257,main,fall,8.621000000e+00,9.707512188e-02,1.479256923e-02,9.005140779e-02,3.434660602e+02,false,0,4.848770309e+02,/mnt/pd/tema1/new/results/ml_samples/N2_sw0.15_x-1_i0117.h5
2,50,1.500000000e-01,1.000000000e+00,-1,9.335301514e-01,6.179440476e-01,540622682,main,fall,2.911000000e+00,1.021725803e-01,2.729514121e-02,9.146611703e-02,3.434660602e+02,false,0,1.839416508e+02,/mnt/pd/tema1/new/results/ml_samples/N2_sw0.15_x-1_i0157.h5
2,50,1.500000000e-01,1.000000000e+00,-1,9.335301514e-01,6.179440476e-01,1025999178,main,fall,7.291000000e+00,9.410795504e-02,1.071874083e-02,9.606550644e-02,3.434660602e+02,false,0,4.124321683e+02,/mnt/pd/tema1/new/results/ml_samples/N2_sw0.15_x-1_i0131.h5
2,50,1.500000000e-01,1.000000000e+00,-1,9.335301514e-01,6.179440476e-01,965093595,main,fall,2.281000000e+00,1.091735795e-01,3.138273608e-02,9.679074469e-02,3.434660602e+02,false,0,1.525496844e+02,/mnt/pd/tema1/new/results/ml_samples/N2_sw0.15_x-1_i0163.h5
2,50,1.500000000e-01,1.000000000e+00,-1,9.335301514e-01,6.179440476e-01,1827797829,main,fall,4.871000000e+00,9.534665645e-02,1.218485241e-02,9.424853290e-02,3.434660602e+02,false,0,2.875493453e+02,/mnt/pd/tema1/new/results/ml_samples/N2_sw0.15_x-1_i0151.h5
2,50,1.500000000e-01,1.000000000e+00,-1,9.335301514e-01,6.179440476e-01,1276882757,main,fall,1.372100000e+01,9.586948303e-02,1.289310236e-02,9.126019659e-02,3.434660602e+02,false,0,7.570053630e+02,/mnt/pd/tema1/new/results/ml_samples/N2_sw0.15_x-1_i0093.h5
2,50,1.500000000e-01,1.000000000e+00,-1,9.335301514e-01,6.179440476e-01,894300,main,fall,3.161000000e+00,1.031831038e-01,2.313254206e-02,8.982740607e-02,3.434660602e+02,false,0,1.970479853e+02,/mnt/pd/tema1/new/results/ml_samples/N2_sw0.15_x-1_i0169.h5
2,50,1.500000000e-01,1.000000000e+00,-1,9.335301514e-01,6.179440476e-01,1924476953,main,fall,3.961000000e+00,1.008934121e-01,2.723240929e-02,9.283537006e-02,3.434660602e+02,false,0,2.394291097e+02,/mnt/pd/tema1/new/results/ml_samples/N2_sw0.15_x-1_i0167.h5
2,50,1.500000000e-01,1.000000000e+00,-1,9.335301514e-01,6.179440476e-01,379783186,main,fall,4.461000000e+00,9.921929926e-02,1.750490417e-02,8.816602248e-02,3.434660602e+02,false,0,2.665164268e+02,/mnt/pd/tema1/new/results/ml_samples/N2_sw0.15_x-1_i0165.h5
2,50,1.500000000e-01,1.000000000e+00,-1,9.335301514e-01,6.179440476e-01,517973741,main,fall,2.231000000e+00,1.072731263e-01,2.927050534e-02,9.607313667e-02,3.434660602e+02,false,0,1.474744937e+02,/mnt/pd/tema1/new/results/ml_samples/N2_sw0.15_x-1_i0181.h5
2,50,1.500000000e-01,1.000000000e+00,-1,9.335301514e-01,6.179440476e-01,199048915,main,fall,8.041000000e+00,9.896906346e-02,1.474707949e-02,8.859866566e-02,3.434660602e+02,false,0,4.540946141e+02,/mnt/pd/tema1/new/results/ml_samples/N2_sw0.15_x-1_i0149.h5
2,50,1.500000000e-01,1.000000000e+00,-1,9.335301514e-01,6.179440476e-01,2080706888,main,fall,1.808100000e+01,9.666089212e-02,1.303082894e-02,9.147832004e-02,3.434660602e+02,false,0,1.004939947e+03,/mnt/pd/tema1/new/results/ml_samples/N2_sw0.15_x-1_i0081.h5
2,50,1.500000000e-01,1.000000000e+00,-1,9.335301514e-01,6.179440476e-01,1804056140,main,fall,1.881000000e+00,9.473449602e-02,1.393239132e-02,1.009466556e-01,3.434660602e+02,false,0,1.277756253e+02,/mnt/pd/tema1/new/results/ml_samples/N2_sw0.15_x-1_i0183.h5
2,50,1.500000000e-01,1.000000000e+00,-2,8.670603029e-01,5.739447754e-01,1908229861,main,fall,2.783100000e+01,9.243240562e-02,1.269619671e-02,9.455847569e-02,2.776751867e+02,false,0,1.501696600e+03,/mnt/pd/tema1/new/results/ml_samples/N2_sw0.15_x-2_i0081.h5
2,50,1.500000000e-01,1.000000000e+00,-1,9.335301514e-01,6.179440476e-01,597564775,main,fall,1.838100000e+01,9.470249169e-02,1.347311534e-02,9.391800914e-02,3.434660602e+02,false,0,9.993416610e+02,/mnt/pd/tema1/new/results/ml_samples/N2_sw0.15_x-1_i0085.h5
2,50,1.500000000e-01,1.000000000e+00,-1,9.335301514e-01,6.179440476e-01,1942184205,main,fall,1.010100000e+01,9.453675252e-02,1.634138882e-02,9.412533234e-02,3.434660602e+02,false,0,6.050592490e+02,/mnt/pd/tema1/new/results/ml_samples/N2_sw0.15_x-1_i0145.h5
2,50,1.500000000e-01,1.000000000e+00,-1,9.335301514e-01,6.179440476e-01,1054649058,main,fall,8.411000000e+00,9.584916411e-02,2.227629479e-02,9.327574350e-02,3.434660602e+02,false,0,4.887969422e+02,/mnt/pd/tema1/new/results/ml_samples/N2_sw0.15_x-1_i0161.h5
2,50,1.500000000e-01,1.000000000e+00,-1,9.335301514e-01,6.179440476e-01,1584083237,main,fall,2.340100000e+01,9.271863486e-02,7.635633579e-03,9.298279300e-02,3.434660602e+02,false,0,1.262942495e+03,/mnt/pd/tema1/new/results/ml_samples/N2_sw0.15_x-1_i0067.h5
2,50,1.500000000e-01,1.000000000e+00,-1,9.335301514e-01,6.179440476e-01,1882085300,main,fall,2.611000000e+00,1.018395389e-01,1.836393740e-02,9.830301794e-02,3.434660602e+02,false,0,1.648439236e+02,/mnt/pd/tema1/new/results/ml_samples/N2_sw0.15_x-1_i0195.h5
2,50,1.500000000e-01,1.000000000e+00,-1,9.335301514e-01,6.179440476e-01,1991767155,main,fall,2.831000000e+00,9.338520105e-02,1.138671315e-02,9.760207617e-02,3.434660602e+02,false,0,1.760338820e+02,/mnt/pd/tema1/new/results/ml_samples/N2_sw0.15_x-1_i0193.h5
2,50,1.500000000e-01,1.000000000e+00,-1,9.335301514e-01,6.179440476e-01,1854795644,main,fall,2.791000000e+00,9.739843643e-02,2.691482350e-02,1.018793855e-01,3.434660602e+02,false,0,1.788627831e+02,/mnt/pd/tema1/new/results/ml_samples/N2_sw0.15_x-1_i0199.h5
2,50,1.500000000e-01,1.000000000e+00,-1,9.335301514e-01,6.179440476e-01,540571378,main,fall,1.310100000e+01,9.552214449e-02,1.077061168e-02,9.009983259e-02,3.434660602e+02,false,0,7.328015973e+02,/mnt/pd/tema1/new/results/ml_samples/N2_sw0.15_x-1_i0139.h5
2,50,1.500000000e-01,1.000000000e+00,-1,9.335301514e-01,6.179440476e-01,369258638,main,fall,9.241000000e+00,9.694637121e-02,1.498836691e-02,9.147575583e-02,3.434660602e+02,false,0,5.191498688e+02,/mnt/pd/tema1/new/results/ml_samples/N2_sw0.15_x-1_i0171.h5
2,50,1.500000000e-01,1.000000000e+00,-1,9.335301514e-01,6.179440476e-01,1821391278,main,fall,1.453100000e+01,9.912039437e-02,1.524821271e-02,8.953341694e-02,3.434660602e+02,false,0,8.019905193e+02,/mnt/pd/tema1/new/results/ml_samples/N2_sw0.15_x-1_i0141.h5
2,50,1.500000000e-01,1.000000000e+00,-1,9.335301514e-01,6.179440476e-01,2112448621,main,rise,1.872100000e+01,9.964801655e-02,1.320805267e-02,9.113716237e-02,3.434660602e+02,false,0,1.021853726e+03,/mnt/pd/tema1/new/results/ml_samples/N2_sw0.15_x-1_i0111.h5
2,50,1.500000000e-01,1.000000000e+00,0,1.000000000e+00,6.619433198e-01,1958190463,main,fall,2.071000000e+00,1.080953170e-01,2.157971770e-02,8.821135510e-02,4.168027829e+02,false,0,1.395096260e+02,/mnt/pd/tema1/new/results/ml_samples/N2_sw0.15_x+0_i0007.h5
2,50,1.500000000e-01,1.000000000e+00,-1,9.335301514e-01,6.179440476e-01,600729408,main,fall,6.491000000e+00,1.005553202e-01,2.356669758e-02,8.866343021e-02,3.434660602e+02,false,0,3.723993027e+02,/mnt/pd/tema1/new/results/ml_samples/N2_sw0.15_x-1_i0187.h5
2,50,1.500000000e-01,1.000000000e+00,-1,9.335301514e-01,6.179440476e-01,178059857,main,fall,1.448100000e+01,9.348012703e-02,1.048377238e-02,9.479242805e-02,3.434660602e+02,false,0,7.942443803e+02,/mnt/pd/tema1/new/results/ml_samples/N2_sw0.15_x-1_i0153.h5
2,50,1.500000000e-01,1.000000000e+00,0,1.000000000e+00,6.619433198e-01,1704283325,main,fall,5.311000000e+00,1.019011634e-01,2.037212571e-02,9.427445189e-02,4.168027829e+02,false,0,3.213757641e+02,/mnt/pd/tema1/new/results/ml_samples/N2_sw0.15_x+0_i0003.h5
2,50,1.500000000e-01,1.000000000e+00,0,1.000000000e+00,6.619433198e-01,1702877206,main,fall,1.931000000e+00,1.044781683e-01,2.531823112e-02,1.016368757e-01,4.168027829e+02,false,0,1.300288842e+02,/mnt/pd/tema1/new/results/ml_samples/N2_sw0.15_x+0_i0023.h5
2,50,1.500000000e-01,1.000000000e+00,-1,9.335301514e-01,6.179440476e-01,1078319045,main,fall,1.936100000e+01,9.667172016e-02,1.374136819e-02,9.232935776e-02,3.434660602e+02,false,0,1.109122631e+03,/mnt/pd/tema1/new/results/ml_samples/N2_sw0.15_x-1_i0127.h5
2,50,1.500000000e-01,1.000000000e+00,-1,9.335301514e-01,6.179440476e-01,266042079,main,fall,2.209100000e+01,9.737317671e-02,1.137733108e-02,9.013579932e-02,3.434660602e+02,false,0,1.315564746e+03,/mnt/pd/tema1/new/results/ml_samples/N2_sw0.15_x-1_i0095.h5
2,50,1.500000000e-01,1.000000000e+00,-1,9.335301514e-01,6.179440476e-01,1986163535,main,fall,9.451000000e+00,9.601310155e-02,2.168308235e-02,9.486948930e-02,3.434660602e+02,false,0,5.320909711e+02,/mnt/pd/tema1/new/results/ml_samples/N2_sw0.15_x-1_i0189.h5
2,50,1.500000000e-01,1.000000000e+00,-1,9.335301514e-01,6.179440476e-01,140449282,main,fall,9.251000000e+00,1.002316902e-01,1.676564341e-02,9.368003067e-02,3.434660602e+02,false,0,5.197030724e+02,/mnt/pd/tema1/new/results/ml_samples/N2_sw0.15_x-1_i0191.h5
2,50,1.500000000e-01,1.000000000e+00,0,1.000000000e+00,6.619433198e-01,769808255,main,rise,4.001000000e+00,9.984862507e-02,1.548721353e-02,9.619948833e-02,4.168027829e+02,false,0,2.416790899e+02,/mnt/pd/tema1/new/results/ml_samples/N2_sw0.15_x+0_i0021.h5
2,50,1.500000000e-01,1.000000000e+00,-1,9.335301514e-01,6.179440476e-01,1630488982,main,fall,1.142100000e+01,9.429375935e-02,1.111116459e-02,9.492391728e-02,3.434660602e+02,false,0,6.424785962e+02,/mnt/pd/tema1/new/results/ml_samples/N2_sw0.15_x-1_i0185.h5
2,50,1.500000000e-01,1.000000000e+00,-1,9.335301514e-01,6.179440476e-01,892707364,main,fall,1.494100000e+01,9.822831180e-02,1.086876934e-02,8.801602600e-02,3.434660602e+02,false,0,8.278378154e+02,/mnt/pd/tema1/new/results/ml_samples/N2_sw0.15_x-1_i0173.h5
2,50,1.500000000e-01,1.000000000e+00,-1,9.335301514e-01,6.179440476e-01,1327449478,main,fall,2.000100000e+01,9.861446759e-02,1.391002456e-02,9.123993479e-02,3.434660602e+02,false,0,1.083813729e+03,/mnt/pd/tema1/new/results/ml_samples/N2_sw0.15_x-1_i0159.h5
2,50,1.500000000e-01,1.000000000e+00,0,1.000000000e+00,6.619433198e-01,1735581448,main,fall,1.071100000e+01,9.977110524e-02,1.314709163e-02,9.033915133e-02,4.168027829e+02,false,0,5.993679892e+02,/mnt/pd/tema1/new/results/ml_samples/N2_sw0.15_x+0_i0015.h5
2,50,1.500000000e-01,1.000000000e+00,0,1.000000000e+00,6.619433198e-01,548736606,main,fall,6.521000000e+00,9.798158340e-02,2.026531143e-02,9.665333306e-02,4.168027829e+02,false,0,3.721981688e+02,/mnt/pd/tema1/new/results/ml_samples/N2_sw0.15_x+0_i0037.h5
2,50,1.500000000e-01,1.000000000e+00,-1,9.335301514e-01,6.179440476e-01,1906154174,main,fall,1.908100000e+01,9.463544693e-02,1.292302407e-02,8.988071438e-02,3.434660602e+02,false,0,1.037705248e+03,/mnt/pd/tema1/new/results/ml_samples/N2_sw0.15_x-1_i0179.h5
2,50,1.500000000e-01,1.000000000e+00,0,1.000000000e+00,6.619433198e-01,1084491733,main,fall,2.891000000e+00,1.081368961e-01,2.407086080e-02,9.530181886e-02,4.168027829e+02,false,0,1.824118262e+02,/mnt/pd/tema1/new/results/ml_samples/N2_sw0.15_x+0_i0049.h5
2,50,1.500000000e-01,1.000000000e+00,0,1.000000000e+00,6.619433198e-01,1179632665,main,fall,1.151100000e+01,9.848532881e-02,1.908644616e-02,9.453485879e-02,4.168027829e+02,false,0,6.373322733e+02,/mnt/pd/tema1/new/results/ml_samples/N2_sw0.15_x+0_i0027.h5
2,50,1.500000000e-01,1.000000000e+00,0,1.000000000e+00,6.619433198e-01,2133371134,main,fall,5.241000000e+00,1.015910491e-01,1.709575218e-02,8.809879700e-02,4.168027829e+02,false,0,3.069010657e+02,/mnt/pd/tema1/new/results/ml_samples/N2_sw0.15_x+0_i0047.h5
2,50,1.500000000e-01,1.000000000e+00,0,1.000000000e+00,6.619433198e-01,497277539,main,fall,9.361000000e+00,9.614182644e-02,1.167457876e-02,9.744462275e-02,4.168027829e+02,false,0,5.254786875e+02,/mnt/pd/tema1/new/results/ml_samples/N2_sw0.15_x+0_i0035.h5
2,50,1.500000000e-01,1.000000000e+00,-1,9.335301514e-01,6.179440476e-01,447595312,main,fall,3.381100000e+01,9.668114716e-02,1.302858232e-02,8.945364856e-02,3.434660602e+02,false,0,1.839694883e+03,/mnt/pd/tema1/new/results/ml_samples/N2_sw0.15_x-1_i0097.h5
2,50,1.500000000e-01,1.000000000e+00,-1,9.335301514e-01,6.179440476e-01,335382204,main,fall,3.327100000e+01,9.417581373e-02,1.250709897e-02,9.247397687e-02,3.434660602e+02,false,0,1.793125969e+03,/mnt/pd/tema1/new/results/ml_samples/N2_sw0.15_x-1_i0107.h5
2,50,1.500000000e-01,1.000000000e+00,-1,9.335301514e-01,6.179440476e-01,1000179476,main,fall,1.847100000e+01,9.542912523e-02,1.229138189e-02,9.241763388e-02,3.434660602e+02,false,0,1.021829931e+03,/mnt/pd/tema1/new/results/ml_samples/N2_sw0.15_x-1_i0197.h5
2,50,1.500000000e-01,1.000000000e+00,-1,9.335301514e-01,6.179440476e-01,1466872283,main,fall,2.332100000e+01,9.268162617e-02,9.147710281e-03,9.301309325e-02,3.434660602e+02,false,0,1.273214253e+03,/mnt/pd/tema1/new/results/ml_samples/N2_sw0.15_x-1_i0175.h5
2,50,1.500000000e-01,1.000000000e+00,0,1.000000000e+00,6.619433198e-01,151778230,main,fall,8.201000000e+00,1.009354635e-01,1.170031991e-02,9.254132993e-02,4.168027829e+02,false,0,4.665324817e+02,/mnt/pd/tema1/new/results/ml_samples/N2_sw0.15_x+0_i0045.h5
2,50,1.500000000e-01,1.000000000e+00,-1,9.335301514e-01,6.179440476e-01,8398856,main,fall,4.296100000e+01,9.611335471e-02,9.762563722e-03,8.967516161e-02,3.434660602e+02,false,0,2.320099102e+03,/mnt/pd/tema1/new/results/ml_samples/N2_sw0.15_x-1_i0047.h5
2,50,1.500000000e-01,1.000000000e+00,0,1.000000000e+00,6.619433198e-01,589992411,main,fall,2.481000000e+00,1.038248035e-01,1.486041716e-02,8.722407485e-02,4.168027829e+02,false,0,1.622772588e+02,/mnt/pd/tema1/new/results/ml_samples/N2_sw0.15_x+0_i0061.h5
2,50,1.500000000e-01,1.000000000e+00,0,1.000000000e+00,6.619433198e-01,1400215026,main,fall,1.802100000e+01,9.714582528e-02,9.416027909e-03,9.163531289e-02,4.168027829e+02,false,0,9.882430782e+02,/mnt/pd/tema1/new/results/ml_samples/N2_sw0.15_x+0_i0013.h5
2,50,1.500000000e-01,1.000000000e+00,0,1.000000000e+00,6.619433198e-01,725626317,main,fall,1.165100000e+01,1.024555220e-01,1.972267175e-02,9.638373452e-02,4.168027829e+02,false,0,6.497598583e+02,/mnt/pd/tema1/new/results/ml_samples/N2_sw0.15_x+0_i0043.h5
2,50,1.500000000e-01,1.000000000e+00,-1,9.335301514e-01,6.179440476e-01,399243137,main,fall,2.594100000e+01,9.448236692e-02,7.938130152e-03,9.176439580e-02,3.434660602e+02,false,0,1.402533748e+03,/mnt/pd/tema1/new/results/ml_samples/N2_sw0.15_x-1_i0177.h5
2,50,1.500000000e-01,1.000000000e+00,-1,9.335301514e-01,6.179440476e-01,252216266,main,fall,3.027100000e+01,9.640207521e-02,9.188165492e-03,9.350821879e-02,3.434660602e+02,false,0,1.687157562e+03,/mnt/pd/tema1/new/results/ml_samples/N2_sw0.15_x-1_i0147.h5
2,50,1.500000000e-01,1.000000000e+00,0,1.000000000e+00,6.619433198e-01,837366838,main,rise,1.391100000e+01,9.661427887e-02,1.029396714e-02,9.440214034e-02,4.168027829e+02,false,0,7.670074303e+02,/mnt/pd/tema1/new/results/ml_samples/N2_sw0.15_x+0_i0039.h5
2,50,1.500000000e-01,1.000000000e+00,0,1.000000000e+00,6.619433198e-01,131105121,main,fall,1.603100000e+01,9.942574784e-02,1.419824817e-02,9.085696043e-02,4.168027829e+02,false,0,8.942030503e+02,/mnt/pd/tema1/new/results/ml_samples/N2_sw0.15_x+0_i0031.h5
2,50,1.500000000e-01,1.000000000e+00,0,1.000000000e+00,6.619433198e-01,992353928,main,rise,2.056100000e+01,9.886665065e-02,1.009788607e-02,9.062722175e-02,4.168027829e+02,false,0,1.111445642e+03,/mnt/pd/tema1/new/results/ml_samples/N2_sw0.15_x+0_i0017.h5
2,50,1.500000000e-01,1.000000000e+00,0,1.000000000e+00,6.619433198e-01,1368575520,main,fall,2.521000000e+00,1.016806730e-01,2.542031431e-02,9.613437394e-02,4.168027829e+02,false,0,1.623578927e+02,/mnt/pd/tema1/new/results/ml_samples/N2_sw0.15_x+0_i0079.h5
2,50,1.500000000e-01,1.000000000e+00,0,1.000000000e+00,6.619433198e-01,2018797649,main,fall,5.761000000e+00,9.884438335e-02,1.474336631e-02,9.231615332e-02,4.168027829e+02,false,0,3.340350115e+02,/mnt/pd/tema1/new/results/ml_samples/N2_sw0.15_x+0_i0073.h5
2,50,1.500000000e-01,1.000000000e+00,0,1.000000000e+00,6.619433198e-01,1872910847,main,fall,5.251000000e+00,9.764548790e-02,1.636437949e-02,9.720077497e-02,4.168027829e+02,false,0,3.431456363e+02,/mnt/pd/tema1/new/results/ml_samples/N2_sw0.15_x+0_i0083.h5
2,50,1.500000000e-01,1.000000000e+00,0,1.000000000e+00,6.619433198e-01,1738136840,main,rise,2.695100000e+01,9.758607875e-02,6.260669253e-03,8.957110934e-02,4.168027829e+02,false,0,1.510625346e+03,/mnt/pd/tema1/new/results/ml_samples/N2_sw0.15_x+0_i0001.h5
2,50,1.500000000e-01,1.000000000e+00,0,1.000000000e+00,6.619433198e-01,1040537893,main,fall,6.221000000e+00,9.871701813e-02,1.302293330e-02,9.398183076e-02,4.168027829e+02,false,0,3.569213158e+02,/mnt/pd/tema1/new/results/ml_samples/N2_sw0.15_x+0_i0085.h5
2,50,1.500000000e-01,1.000000000e+00,0,1.000000000e+00,6.619433198e-01,1175583990,main,fall,2.691000000e+00,1.027944761e-01,2.691091622e-02,9.751944915e-02,4.168027829e+02,false,0,1.732637447e+02,/mnt/pd/tema1/new/results/ml_samples/N2_sw0.15_x+0_i0093.h5
2,50,1.500000000e-01,1.000000000e+00,0,1.000000000e+00,6.619433198e-01,734761443,main,fall,2.710100000e+01,9.791567648e-02,1.025574985e-02,9.109762298e-02,4.168027829e+02,false,0,1.471515534e+03,/mnt/pd/tema1/new/results/ml_samples/N2_sw0.15_x+0_i0011.h5
2,50,1.500000000e-01,1.000000000e+00,0,1.000000000e+00,6.619433198e-01,1328084888,main,fall,1.631000000e+00,1.182758618e-01,3.822706253e-02,9.121705993e-02,4.168027829e+02,false,0,1.185872551e+02,/mnt/pd/tema1/new/results/ml_samples/N2_sw0.15_x+0_i0095.h5
2,50,1.500000000e-01,1.000000000e+00,0,1.000000000e+00,6.619433198e-01,1996539381,main,rise,2.370100000e+01,9.801178467e-02,1.232014786e-02,9.007112155e-02,4.168027829e+02,false,0,1.282396718e+03,/mnt/pd/tema1/new/results/ml_samples/N2_sw0.15_x+0_i0029.h5
2,50,1.500000000e-01,1.000000000e+00,0,1.000000000e+00,6.619433198e-01,1968818391,main,rise,1.300100000e+01,1.009497286e-01,1.298485524e-02,9.328218334e-02,4.168027829e+02,false,0,7.136676373e+02,/mnt/pd/tema1/new/results/ml_samples/N2_sw0.15_x+0_i0069.h5
2,50,1.500000000e-01,1.000000000e+00,0,1.000000000e+00,6.619433198e-01,826536459,main,rise,1.338100000e+01,1.042649924e-01,1.796036351e-02,8.952580138e-02,4.168027829e+02,false,0,7.445500568e+02,/mnt/pd/tema1/new/results/ml_samples/N2_sw0.15_x+0_i0071.h5
2,50,1.500000000e-01,1.000000000e+00,-1,9.335301514e-01,6.179440476e-01,2086532088,main,fall,4.713100000e+01,9.462125975e-02,9.507329549e-03,9.269067738e-02,3.434660602e+02,false,0,2.520030329e+03,/mnt/pd/tema1/new/results/ml_samples/N2_sw0.15_x-1_i0121.h5
2,50,1.500000000e-01,1.000000000e+00,0,1.000000000e+00,6.619433198e-01,1542601600,main,fall,1.198100000e+01,9.989271079e-02,7.364307151e-03,9.147641643e-02,4.168027829e+02,false,0,6.626964074e+02,/mnt/pd/tema1/new/results/ml_samples/N2_sw0.15_x+0_i0075.h5
2,50,1.500000000e-01,1.000000000e+00,0,1.000000000e+00,6.619433198e-01,1113133609,main,fall,2.682100000e+01,9.918557248e-02,1.430086321e-02,9.065750575e-02,4.168027829e+02,false,0,1.595698307e+03,/mnt/pd/tema1/new/results/ml_samples/N2_sw0.15_x+0_i0019.h5
2,50,1.500000000e-01,1.000000000e+00,0,1.000000000e+00,6.619433198e-01,688440760,main,rise,1.929100000e+01,9.842764087e-02,6.396645503e-03,8.944040816e-02,4.168027829e+02,false,0,1.044445420e+03,/mnt/pd/tema1/new/results/ml_samples/N2_sw0.15_x+0_i0053.h5
2,50,1.500000000e-01,1.000000000e+00,0,1.000000000e+00,6.619433198e-01,996508842,main,rise,2.482100000e+01,9.894324447e-02,1.195748636e-02,8.977486162e-02,4.168027829e+02,false,0,1.403725390e+03,/mnt/pd/tema1/new/results/ml_samples/N2_sw0.15_x+0_i0041.h5
2,50,1.500000000e-01,1.000000000e+00,0,1.000000000e+00,6.619433198e-01,436442884,main,fall,5.511000000e+00,1.014863176e-01,2.021989631e-02,9.035849370e-02,4.168027829e+02,false,0,3.207028429e+02,/mnt/pd/tema1/new/results/ml_samples/N2_sw0.15_x+0_i0099.h5
2,50,1.500000000e-01,1.000000000e+00,0,1.000000000e+00,6.619433198e-01,1438974895,main,rise,1.791100000e+01,9.527066296e-02,8.985268685e-03,9.730902050e-02,4.168027829e+02,false,0,9.721941697e+02,/mnt/pd/tema1/new/results/ml_samples/N2_sw0.15_x+0_i0057.h5
2,50,1.500000000e-01,1.000000000e+00,0,1.000000000e+00,6.619433198e-01,1988903947,main,fall,4.531000000e+00,1.029786272e-01,2.056863447e-02,9.110450341e-02,4.168027829e+02,false,0,2.699130505e+02,/mnt/pd/tema1/new/results/ml_samples/N2_sw0.15_x+0_i0107.h5
2,50,1.500000000e-01,1.000000000e+00,0,1.000000000e+00,6.619433198e-01,753958150,main,fall,1.813100000e+01,9.705117325e-02,9.212259711e-03,9.128101558e-02,4.168027829e+02,false,0,9.878159870e+02,/mnt/pd/tema1/new/results/ml_samples/N2_sw0.15_x+0_i0059.h5
2,50,1.500000000e-01,1.000000000e+00,0,1.000000000e+00,6.619433198e-01,928190404,main,fall,1.225100000e+01,1.013553843e-01,1.554068040e-02,9.181027861e-02,4.168027829e+02,false,0,6.932228983e+02,/mnt/pd/tema1/new/results/ml_samples/N2_sw0.15_x+0_i0091.h5
2,50,1.500000000e-01,1.000000000e+00,0,1.000000000e+00,6.619433198e-01,723815055,main,fall,2.521000000e+00,1.002012783e-01,2.663227855e-02,1.004564506e-01,4.168027829e+02,false,0,1.616425383e+02,/mnt/pd/tema1/new/results/ml_samples/N2_sw0.15_x+0_i0119.h5
2,50,1.500000000e-01,1.000000000e+00,0,1.000000000e+00,6.619433198e-01,1791546462,main,rise,3.071100000e+01,1.001978970e-01,1.075520740e-02,9.003937447e-02,4.168027829e+02,false,0,1.646459919e+03,/mnt/pd/tema1/new/results/ml_samples/N2_sw0.15_x+0_i0033.h5
2,50,1.500000000e-01,1.000000000e+00,0,1.000000000e+00,6.619433198e-01,557073441,main,rise,8.151000000e+00,9.952677677e-02,1.648701000e-02,9.360314303e-02,4.168027829e+02,false,0,4.611403890e+02,/mnt/pd/tema1/new/results/ml_samples/N2_sw0.15_x+0_i0103.h5
2,50,1.500000000e-01,1.000000000e+00,0,1.000000000e+00,6.619433198e-01,1618057526,main,rise,9.171000000e+00,1.007225549e-01,1.508008358e-02,9.139809221e-02,4.168027829e+02,false,0,5.174745238e+02,/mnt/pd/tema1/new/results/ml_samples/N2_sw0.15_x+0_i0101.h5
2,50,1.500000000e-01,1.000000000e+00,0,1.000000000e+00,6.619433198e-01,861287440,main,fall,6.051000000e+00,1.019929024e-01,2.076400272e-02,9.068326744e-02,4.168027829e+02,false,0,3.732796265e+02,/mnt/pd/tema1/new/results/ml_samples/N2_sw0.15_x+0_i0111.h5
2,50,1.500000000e-01,1.000000000e+00,0,1.000000000e+00,6.619433198e-01,2023035871,main,fall,6.181000000e+00,1.028805416e-01,2.537892093e-02,9.067883043e-02,4.168027829e+02,false,0,3.582232652e+02,/mnt/pd/tema1/new/results/ml_samples/N2_sw0.15_x+0_i0115.h5
2,50,1.500000000e-01,1.000000000e+00,0,1.000000000e+00,6.619433198e-01,776318256,main,rise,2.350100000e+01,9.831825149e-02,9.648768275e-03,9.095526644e-02,4.168027829e+02,false,0,1.361308210e+03,/mnt/pd/tema1/new/results/ml_samples/N2_sw0.15_x+0_i0051.h5
2,50,1.500000000e-01,1.000000000e+00,0,1.000000000e+00,6.619433198e-01,2047751336,main,fall,2.271000000e+00,1.058062738e-01,2.958088228e-02,9.303989858e-02,4.168027829e+02,false,0,1.504719180e+02,/mnt/pd/tema1/new/results/ml_samples/N2_sw0.15_x+0_i0133.h5
2,50,1.500000000e-01,1.000000000e+00,0,1.000000000e+00,6.619433198e-01,2169405,main,fall,2.301000000e+00,9.858093337e-02,9.819849568e-03,9.427200245e-02,4.168027829e+02,false,0,1.499640089e+02,/mnt/pd/tema1/new/results/ml_samples/N2_sw0.15_x+0_i0145.h5
2,50,1.500000000e-01,1.000000000e+00,0,1.000000000e+00,6.619433198e-01,1558678725,main,fall,7.751000000e+00,9.758903883e-02,1.136879704e-02,9.341148452e-02,4.168027829e+02,false,0,4.372819429e+02,/mnt/pd/tema1/new/results/ml_samples/N2_sw0.15_x+0_i0135.h5
2,50,1.500000000e-01,1.000000000e+00,0,1.000000000e+00,6.619433198e-01,1778119479,main,rise,5.121000000e+00,1.013207701e-01,1.733918693e-02,9.271295805e-02,4.168027829e+02,false,0,2.997884770e+02,/mnt/pd/tema1/new/results/ml_samples/N2_sw0.15_x+0_i0147.h5
2,50,1.500000000e-01,1.000000000e+00,0,1.000000000e+00,6.619433198e-01,1183249213,main,rise,4.522100000e+01,9.852136518e-02,7.128425288e-03,9.066565888e-02,4.168027829e+02,false,0,2.420212084e+03,/mnt/pd/tema1/new/results/ml_samples/N2_sw0.15_x+0_i0005.h5
2,50,1.500000000e-01,1.000000000e+00,0,1.000000000e+00,6.619433198e-01,2103143062,main,fall,2.901000000e+00,1.040878229e-01,2.089273163e-02,8.971927983e-02,4.168027829e+02,false,0,1.832395518e+02,/mnt/pd/tema1/new/results/ml_samples/N2_sw0.15_x+0_i0149.h5
2,50,1.500000000e-01,1.000000000e+00,0,1.000000000e+00,6.619433198e-01,356812944,main,fall,2.844100000e+01,9.704956865e-02,7.415212796e-03,9.267748222e-02,4.168027829e+02,false,0,1.527003579e+03,/mnt/pd/tema1/new/results/ml_samples/N2_sw0.15_x+0_i0063.h5
2,50,1.500000000e-01,1.000000000e+00,0,1.000000000e+00,6.619433198e-01,6607679,main,rise,2.273100000e+01,1.002701989e-01,1.337134479e-02,9.091670419e-02,4.168027829e+02,false,0,1.229350962e+03,/mnt/pd/tema1/new/results/ml_samples/N2_sw0.15_x+0_i0087.h5
2,50,1.500000000e-01,1.000000000e+00,0,1.000000000e+00,6.619433198e-01,45770097,main,fall,2.787100000e+01,9.898210377e-02,1.174314868e-02,9.043632484e-02,4.168027829e+02,false,0,1.578075535e+03,/mnt/pd/tema1/new/results/ml_samples/N2_sw0.15_x+0_i0055.h5
2,50,1.500000000e-01,1.000000000e+00,0,1.000000000e+00,6.619433198e-01,317774554,main,fall,7.461000000e+00,9.648680254e-02,2.052013519e-02,9.902196369e-02,4.168027829e+02,false,0,4.246195645e+02,/mnt/pd/tema1/new/results/ml_samples/N2_sw0.15_x+0_i0139.h5
2,50,1.500000000e-01,1.000000000e+00,0,1.000000000e+00,6.619433198e-01,1308889128,main,rise,9.161000000e+00,1.025746123e-01,2.102834585e-02,9.205340644e-02,4.168027829e+02,false,0,5.285373875e+02,/mnt/pd/tema1/new/results/ml_samples/N2_sw0.15_x+0_i0131.h5
2,50,1.500000000e-01,1.000000000e+00,0,1.000000000e+00,6.619433198e-01,788680903,main,rise,3.008100000e+01,9.896186326e-02,8.192935708e-03,9.017299175e-02,4.168027829e+02,false,0,1.624498933e+03,/mnt/pd/tema1/new/results/ml_samples/N2_sw0.15_x+0_i0067.h5
2,50,1.500000000e-01,1.000000000e+00,0,1.000000000e+00,6.619433198e-01,468428034,main,fall,2.601000000e+00,1.007913603e-01,1.931882312e-02,9.701589737e-02,4.168027829e+02,false,0,1.666254559e+02,/mnt/pd/tema1/new/results/ml_samples/N2_sw0.15_x+0_i0153.h5
2,50,1.500000000e-01,1.000000000e+00,-1,9.335301514e-01,6.179440476e-01,1684759163,main,timeout,6.000100000e+01,9.431758357e-02,9.983995009e-03,9.205981168e-02,3.434660602e+02,false,0,3.272702079e+03,/mnt/pd/tema1/new/results/ml_samples/N2_sw0.15_x-1_i0135.h5
2,50,1.500000000e-01,1.000000000e+00,0,1.000000000e+00,6.619433198e-01,1151803685,main,fall,2.751000000e+00,1.055995152e-01,3.270076098e-02,9.455380060e-02,4.168027829e+02,false,0,1.760661055e+02,/mnt/pd/tema1/new/results/ml_samples/N2_sw0.15_x+0_i0163.h5
2,50,1.500000000e-01,1.000000000e+00,0,1.000000000e+00,6.619433198e-01,1513293390,main,rise,1.449100000e+01,9.947627183e-02,1.231809630e-02,9.025164274e-02,4.168027829e+02,false,0,7.939945870e+02,/mnt/pd/tema1/new/results/ml_samples/N2_sw0.15_x+0_i0123.h5
2,50,1.500000000e-01,1.000000000e+00,0,1.000000000e+00,6.619433198e-01,1163608459,main,fall,2.601000000e+00,1.055535018e-01,2.580306477e-02,9.445395604e-02,4.168027829e+02,false,0,1.665099605e+02,/mnt/pd/tema1/new/results/ml_samples/N2_sw0.15_x+0_i0167.h5
2,50,1.500000000e-01,1.000000000e+00,0,1.000000000e+00,6.619433198e-01,1679744434,main,fall,3.045100000e+01,9.883979063e-02,9.902172954e-03,9.186927372e-02,4.168027829e+02,false,0,1.722872314e+03,/mnt/pd/tema1/new/results/ml_samples/N2_sw0.15_x+0_i0065.h5
2,50,1.500000000e-01,1.000000000e+00,0,1.000000000e+00,6.619433198e-01,1042790817,main,rise,1.983100000e+01,9.706500369e-02,1.042646783e-02,9.295743982e-02,4.168027829e+02,false,0,1.076267585e+03,/mnt/pd/tema1/new/results/ml_samples/N2_sw0.15_x+0_i0109.h5
2,50,1.500000000e-01,1.000000000e+00,0,1.000000000e+00,6.619433198e-01,1122607855,main,fall,1.824100000e+01,9.747305767e-02,1.033391170e-02,9.171233399e-02,4.168027829e+02,false,0,9.915496241e+02,/mnt/pd/tema1/new/results/ml_samples/N2_sw0.15_x+0_i0117.h5
2,50,1.500000000e-01,1.000000000e+00,0,1.000000000e+00,6.619433198e-01,2088399565,main,rise,1.950100000e+01,9.711974235e-02,9.108727699e-03,9.207096611e-02,4.168027829e+02,false,0,1.059903873e+03,/mnt/pd/tema1/new/results/ml_samples/N2_sw0.15_x+0_i0113.h5
2,50,1.500000000e-01,1.000000000e+00,0,1.000000000e+00,6.619433198e-01,1777445594,main,fall,2.641000000e+00,1.021342983e-01,2.964681329e-02,1.010967424e-01,4.168027829e+02,false,0,1.700325191e+02,/mnt/pd/tema1/new/results/ml_samples/N2_sw0.15_x+0_i0173.h5
2,50,1.500000000e-01,1.000000000e+00,0,1.000000000e+00,6.619433198e-01,1218660286,main,rise,7.051000000e+00,9.993300305e-02,2.100685272e-02,9.162615203e-02,4.168027829e+02,false,0,4.094380956e+02,/mnt/pd/tema1/new/results/ml_samples/N2_sw0.15_x+0_i0155.h5
2,50,1.500000000e-01,1.000000000e+00,0,1.000000000e+00,6.619433198e-01,2146480397,main,fall,5.161100000e+01,9.766107207e-02,7.436557888e-03,9.131862355e-02,4.168027829e+02,false,0,2.768375649e+03,/mnt/pd/tema1/new/results/ml_samples/N2_sw0.15_x+0_i0009.h5
2,50,1.500000000e-01,1.000000000e+00,0,1.000000000e+00,6.619433198e-01,1122959212,main,fall,1.875100000e+01,9.815374969e-02,1.271215357e-02,9.050606229e-02,4.168027829e+02,false,0,1.031991303e+03,/mnt/pd/tema1/new/results/ml_samples/N2_sw0.15_x+0_i0121.h5
2,50,1.500000000e-01,1.000000000e+00,0,1.000000000e+00,6.619433198e-01,2029647959,main,fall,4.431000000e+00,1.016314669e-01,1.848965619e-02,9.199834559e-02,4.168027829e+02,false,0,2.640078495e+02,/mnt/pd/tema1/new/results/ml_samples/N2_sw0.15_x+0_i0181.h5
2,50,1.500000000e-01,1.000000000e+00,0,1.000000000e+00,6.619433198e-01,1701920224,main,rise,2.004100000e+01,9.917929075e-02,1.087828710e-02,9.219042104e-02,4.168027829e+02,false,0,1.090820725e+03,/mnt/pd/tema1/new/results/ml_samples/N2_sw0.15_x+0_i0129.h5
2,50,1.500000000e-01,1.000000000e+00,0,1.000000000e+00,6.619433198e-01,804292903,main,fall,4.861000000e+00,1.023891177e-01,1.660684118e-02,8.756862759e-02,4.168027829e+02,false,0,2.865119977e+02,/mnt/pd/tema1/new/results/ml_samples/N2_sw0.15_x+0_i0189.h5
2,50,1.500000000e-01,1.000000000e+00,0,1.000000000e+00,6.619433198e-01,1130637035,main,fall,1.815100000e+01,9.738191991e-02,6.473025179e-03,9.102584288e-02,4.168027829e+02,false,0,9.857523053e+02,/mnt/pd/tema1/new/results/ml_samples/N2_sw0.15_x+0_i0143.h5
2,50,1.500000000e-01,1.000000000e+00,0,1.000000000e+00,6.619433198e-01,856891178,main,fall,1.182100000e+01,1.007446516e-01,1.848832307e-02,9.233198273e-02,4.168027829e+02,false,0,6.565462890e+02,/mnt/pd/tema1/new/results/ml_samples/N2_sw0.15_x+0_i0151.h5
2,50,1.500000000e-01,1.000000000e+00,0,1.000000000e+00,6.619433198e-01,1108814009,main,rise,1.000100000e+01,1.014338672e-01,1.949250628e-02,9.145232682e-02,4.168027829e+02,false,0,6.301582546e+02,/mnt/pd/tema1/new/results/ml_samples/N2_sw0.15_x+0_i0165.h5
2,50,1.500000000e-01,1.000000000e+00,0,1.000000000e+00,6.619433198e-01,783128122,main,fall,2.671000000e+00,1.092815068e-01,2.312014897e-02,8.674196158e-02,4.168027829e+02,false,0,1.694353826e+02,/mnt/pd/tema1/new/results/ml_samples/N2_sw0.15_x+0_i0199.h5
2,50,1.500000000e-01,1.000000000e+00,0,1.000000000e+00,6.619433198e-01,1795655090,main,fall,9.361000000e+00,9.693451256e-02,1.186822983e-02,9.256879996e-02,4.168027829e+02,false,0,5.247750158e+02,/mnt/pd/tema1/new/results/ml_samples/N2_sw0.15_x+0_i0175.h5
2,50,1.500000000e-01,1.000000000e+00,0,1.000000000e+00,6.619433198e-01,981357062,main,rise,2.653100000e+01,9.727527717e-02,8.949532095e-03,9.254823154e-02,4.168027829e+02,false,0,1.433241641e+03,/mnt/pd/tema1/new/results/ml_samples/N2_sw0.15_x+0_i0125.h5
2,50,1.500000000e-01,1.000000000e+00,0,1.000000000e+00,6.619433198e-01,78805406,main,fall,9.731000000e+00,9.691760520e-02,1.231012997e-02,9.446314973e-02,4.168027829e+02,false,0,5.457237476e+02,/mnt/pd/tema1/new/results/ml_samples/N2_sw0.15_x+0_i0191.h5
2,50,1.500000000e-01,1.000000000e+00,1,1.066469849e+00,7.059425921e-01,1221104494,main,fall,5.961000000e+00,1.059079870e-01,1.608278471e-02,8.695019341e-02,4.971066929e+02,false,0,3.436949844e+02,/mnt/pd/tema1/new/results/ml_samples/N2_sw0.15_x+1_i0003.h5
2,50,1.500000000e-01,1.000000000e+00,0,1.000000000e+00,6.619433198e-01,1219369861,main,timeout,6.000100000e+01,9.885489895e-02,8.970862793e-03,9.002389393e-02,4.168027829e+02,false,0,3.218235483e+03,/mnt/pd/tema1/new/results/ml_samples/N2_sw0.15_x+0_i0025.h5
2,50,1.500000000e-01,1.000000000e+00,0,1.000000000e+00,6.619433198e-01,492540683,main,fall,1.239100000e+01,1.042723486e-01,2.028399377e-02,8.889217123e-02,4.168027829e+02,false,0,6.837872955e+02,/mnt/pd/tema1/new/results/ml_samples/N2_sw0.15_x+0_i0185.h5
2,50,1.500000000e-01,1.000000000e+00,1,1.066469849e+00,7.059425921e-01,1041595039,main,rise,8.091000000e+00,1.052367954e-01,9.563921185e-03,8.962720420e-02,4.971066929e+02,false,0,4.580348156e+02,/mnt/pd/tema1/new/results/ml_samples/N2_sw0.15_x+1_i0005.h5
2,50,1.500000000e-01,1.000000000e+00,0,1.000000000e+00,6.619433198e-01,2079336985,main,fall,1.932100000e+01,9.806880963e-02,1.199141480e-02,9.369431836e-02,4.168027829e+02,false,0,1.123391549e+03,/mnt/pd/tema1/new/results/ml_samples/N2_sw0.15_x+0_i0161.h5
2,50,1.500000000e-01,1.000000000e+00,1,1.066469849e+00,7.059425921e-01,628955417,main,fall,7.931000000e+00,1.052307103e-01,2.169512350e-02,9.213273892e-02,4.971066929e+02,false,0,4.592077893e+02,/mnt/pd/tema1/new/results/ml_samples/N2_sw0.15_x+1_i0011.h5
2,50,1.500000000e-01,1.000000000e+00,1,1.066469849e+00,7.059425921e-01,1174533289,main,fall,3.181000000e+00,1.050266280e-01,1.848603568e-02,8.980324567e-02,4.971066929e+02,false,0,2.000915073e+02,/mnt/pd/tema1/new/results/ml_samples/N2_sw0.15_x+1_i0021.h5
2,50,1.500000000e-01,1.000000000e+00,1,1.066469849e+00,7.059425921e-01,722781776,main,fall,5.991000000e+00,1.044690722e-01,1.181128812e-02,8.950527635e-02,4.971066929e+02,false,0,3.553294618e+02,/mnt/pd/tema1/new/results/ml_samples/N2_sw0.15_x+1_i0019.h5
2,50,1.500000000e-01,1.000000000e+00,1,1.066469849e+00,7.059425921e-01,453448665,main,fall,7.271000000e+00,1.018976034e-01,1.221467533e-02,9.242206483e-02,4.971066929e+02,false,0,4.181436104e+02,/mnt/pd/tema1/new/results/ml_samples/N2_sw0.15_x+1_i0023.h5
2,50,1.500000000e-01,1.000000000e+00,1,1.066469849e+00,7.059425921e-01,615788570,main,rise,7.931000000e+00,1.091676512e-01,1.580876860e-02,8.579744860e-02,4.971066929e+02,false,0,4.572830201e+02,/mnt/pd/tema1/new/results/ml_samples/N2_sw0.15_x+1_i0015.h5
2,50,1.500000000e-01,1.000000000e+00,1,1.066469849e+00,7.059425921e-01,1965431902,main,fall,2.361000000e+00,1.025188162e-01,1.423306245e-02,9.467945648e-02,4.971066929e+02,false,0,1.533387517e+02,/mnt/pd/tema1/new/results/ml_samples/N2_sw0.15_x+1_i0033.h5
2,50,1.500000000e-01,1.000000000e+00,1,1.066469849e+00,7.059425921e-01,963099967,main,rise,1.108100000e+01,9.797974932e-02,6.137151207e-03,9.432810484e-02,4.971066929e+02,false,0,6.255463513e+02,/mnt/pd/tema1/new/results/ml_samples/N2_sw0.15_x+1_i0013.h5
2,50,1.500000000e-01,1.000000000e+00,1,1.066469849e+00,7.059425921e-01,1404235858,main,rise,1.305100000e+01,1.015752762e-01,1.010032076e-02,9.106319506e-02,4.971066929e+02,false,0,7.445731524e+02,/mnt/pd/tema1/new/results/ml_samples/N2_sw0.15_x+1_i0029.h5
2,50,1.500000000e-01,1.000000000e+00,1,1.066469849e+00,7.059425921e-01,640016981,main,rise,1.342100000e+01,1.037056871e-01,1.195731882e-02,9.034208248e-02,4.971066929e+02,false,0,7.722842232e+02,/mnt/pd/tema1/new/results/ml_samples/N2_sw0.15_x+1_i0025.h5
2,50,1.500000000e-01,1.000000000e+00,1,1.066469849e+00,7.059425921e-01,1392793511,main,rise,1.508100000e+01,9.991662385e-02,1.170688541e-02,9.257970661e-02,4.971066929e+02,false,0,8.410611011e+02,/mnt/pd/tema1/new/results/ml_samples/N2_sw0.15_x+1_i0017.h5
2,50,1.500000000e-01,1.000000000e+00,0,1.000000000e+00,6.619433198e-01,1240856202,main,fall,1.564100000e+01,9.870851714e-02,7.870463702e-03,9.091964614e-02,4.168027829e+02,false,0,8.729288106e+02,/mnt/pd/tema1/new/results/ml_samples/N2_sw0.15_x+0_i0193.h5
2,50,1.500000000e-01,1.000000000e+00,0,1.000000000e+00,6.619433198e-01,850705993,main,fall,1.646100000e+01,9.910861146e-02,1.242894026e-02,9.065907979e-02,4.168027829e+02,false,0,9.229436004e+02,/mnt/pd/tema1/new/results/ml_samples/N2_sw0.15_x+0_i0195.h5
2,50,1.500000000e-01,1.000000000e+00,1,1.066469849e+00,7.059425921e-01,493529745,main,rise,1.643100000e+01,1.046032939e-01,1.063903035e-02,8.980452666e-02,4.971066929e+02,false,0,9.305280697e+02,/mnt/pd/tema1/new/results/ml_samples/N2_sw0.15_x+1_i0009.h5
2,50,1.500000000e-01,1.000000000e+00,1,1.066469849e+00,7.059425921e-01,1744860716,main,rise,9.041000000e+00,1.068048492e-01,1.447967799e-02,8.792224773e-02,4.971066929e+02,false,0,5.109563079e+02,/mnt/pd/tema1/new/results/ml_samples/N2_sw0.15_x+1_i0035.h5
2,50,1.500000000e-01,1.000000000e+00,1,1.066469849e+00,7.059425921e-01,179847790,main,rise,1.201100000e+01,1.056337282e-01,1.310142264e-02,8.976993512e-02,4.971066929e+02,false,0,6.738115970e+02,/mnt/pd/tema1/new/results/ml_samples/N2_sw0.15_x+1_i0031.h5
2,50,1.500000000e-01,1.000000000e+00,0,1.000000000e+00,6.619433198e-01,1601234635,main,rise,1.963100000e+01,9.888133201e-02,1.264360649e-02,9.392325148e-02,4.168027829e+02,false,0,1.123716703e+03,/mnt/pd/tema1/new/results/ml_samples/N2_sw0.15_x+0_i0171.h5
2,50,1.500000000e-01,1.000000000e+00,1,1.066469849e+00,7.059425921e-01,1851292174,main,rise,2.043100000e+01,1.009325770e-01,1.168785939e-02,9.238977093e-02,4.971066929e+02,false,0,1.127360612e+03,/mnt/pd/tema1/new/results/ml_samples/N2_sw0.15_x+1_i0001.h5
2,50,1.500000000e-01,1.000000000e+00,1,1.066469849e+00,7.059425921e-01,1768202220,main,rise,6.301000000e+00,1.047443728e-01,1.177165799e-02,9.032969697e-02,4.971066929e+02,false,0,3.647089314e+02,/mnt/pd/tema1/new/results/ml_samples/N2_sw0.15_x+1_i0043.h5
2,50,1.500000000e-01,1.000000000e+00,0,1.000000000e+00,6.619433198e-01,315904683,main,fall,2.106100000e+01,1.003255207e-01,1.092865488e-02,8.895328820e-02,4.168027829e+02,false,0,1.162319935e+03,/mnt/pd/tema1/new/results/ml_samples/N2_sw0.15_x+0_i0197.h5
2,50,1.500000000e-01,1.000000000e+00,0,1.000000000e+00,6.619433198e-01,809026983,main,rise,2.143100000e+01,9.881967645e-02,1.390832435e-02,8.946769457e-02,4.168027829e+02,false,0,1.185876277e+03,/mnt/pd/tema1/new/results/ml_samples/N2_sw0.15_x+0_i0179.h5
2,50,1.500000000e-01,1.000000000e+00,1,1.066469849e+00,7.059425921e-01,315076205,main,rise,7.941000000e+00,1.015210684e-01,1.139491575e-02,9.476830675e-02,4.971066929e+02,false,0,4.449831263e+02,/mnt/pd/tema1/new/results/ml_samples/N2_sw0.15_x+1_i0041.h5
2,50,1.500000000e-01,1.000000000e+00,0,1.000000000e+00,6.619433198e-01,505177273,main,fall,2.222100000e+01,9.896798269e-02,9.533559630e-03,9.024990884e-02,4.168027829e+02,false,0,1.224567131e+03,/mnt/pd/tema1/new/results/ml_samples/N2_sw0.15_x+0_i0169.h5
2,50,1.500000000e-01,1.000000000e+00,1,1.066469849e+00,7.059425921e-01,790701159,main,fall,5.131000000e+00,1.025425247e-01,2.261778770e-02,9.530570288e-02,4.971066929e+02,false,0,3.037156373e+02,/mnt/pd/tema1/new/results/ml_samples/N2_sw0.15_x+1_i0049.h5
2,50,1.500000000e-01,1.000000000e+00,1,1.066469849e+00,7.059425921e-01,996991307,main,rise,1.127100000e+01,1.006755268e-01,8.132965725e-03,9.172613062e-02,4.971066929e+02,false,0,6.285288294e+02,/mnt/pd/tema1/new/results/ml_samples/N2_sw0.15_x+1_i0039.h5
2,50,1.500000000e-01,1.000000000e+00,1,1.066469849e+00,7.059425921e-01,1771491396,main,rise,1.226100000e+01,1.050432425e-01,1.705419024e-02,8.797985118e-02,4.971066929e+02,false,0,6.958775955e+02,/mnt/pd/tema1/new/results/ml_samples/N2_sw0.15_x+1_i0037.h5
2,50,1.500000000e-01,1.000000000e+00,1,1.066469849e+00,7.059425921e-01,1086901197,main,rise,2.467100000e+01,1.024177694e-01,1.134806416e-02,8.932726891e-02,4.971066929e+02,false,0,1.368619294e+03,/mnt/pd/tema1/new/results/ml_samples/N2_sw0.15_x+1_i0007.h5
2,50,1.500000000e-01,1.000000000e+00,0,1.000000000e+00,6.619433198e-01,1343406370,main,fall,2.528100000e+01,9.778989920e-02,9.355595163e-03,9.393810740e-02,4.168027829e+02,false,0,1.389411702e+03,/mnt/pd/tema1/new/results/ml_samples/N2_sw0.15_x+0_i0177.h5
2,50,1.500000000e-01,1.000000000e+00,1,1.066469849e+00,7.059425921e-01,1809081898,main,fall,9.321000000e+00,1.044198126e-01,2.128247239e-02,8.992359646e-02,4.971066929e+02,false,0,5.234456815e+02,/mnt/pd/tema1/new/results/ml_samples/N2_sw0.15_x+1_i0051.h5
2,50,1.500000000e-01,1.000000000e+00,1,1.066469849e+00,7.059425921e-01,1992016073,main,fall,5.171000000e+00,1.079096950e-01,1.697032982e-02,9.324886342e-02,4.971066929e+02,false,0,3.028481831e+02,/mnt/pd/tema1/new/results/ml_samples/N2_sw0.15_x+1_i0063.h5
2,50,1.500000000e-01,1.000000000e+00,1,1.066469849e+00,7.059425921e-01,156169106,main,rise,8.121000000e+00,1.023683389e-01,1.280818033e-02,8.906696349e-02,4.971066929e+02,false,0,4.617685720e+02,/mnt/pd/tema1/new/results/ml_samples/N2_sw0.15_x+1_i0055.h5
2,50,1.500000000e-01,1.000000000e+00,0,1.000000000e+00,6.619433198e-01,452431682,main,rise,2.788100000e+01,1.007226198e-01,1.320633153e-02,9.087722042e-02,4.168027829e+02,false,0,1.545883944e+03,/mnt/pd/tema1/new/results/ml_samples/N2_sw0.15_x+0_i0159.h5
2,50,1.500000000e-01,1.000000000e+00,1,1.066469849e+00,7.059425921e-01,1471614523,main,fall,3.631000000e+00,1.075737167e-01,3.031017180e-02,9.384047583e-02,4.971066929e+02,false,0,2.308503302e+02,/mnt/pd/tema1/new/results/ml_samples/N2_sw0.15_x+1_i0077.h5
2,50,1.500000000e-01,1.000000000e+00,0,1.000000000e+00,6.619433198e-01,614019474,main,rise,3.259100000e+01,9.795674997e-02,1.167014491e-02,9.146377048e-02,4.168027829e+02,false,0,1.780842311e+03,/mnt/pd/tema1/new/results/ml_samples/N2_sw0.15_x+0_i0187.h5
2,50,1.500000000e-01,1.000000000e+00,1,1.066469849e+00,7.059425921e-01,694328043,main,rise,3.307100000e+01,1.013870712e-01,8.835138101e-03,9.010297585e-02,4.971066929e+02,false,0,1.809308022e+03,/mnt/pd/tema1/new/results/ml_samples/N2_sw0.15_x+1_i0027.h5
2,50,1.500000000e-01,1.000000000e+00,1,1.066469849e+00,7.059425921e-01,116194013,main,fall,1.223100000e+01,1.030613964e-01,8.087795877e-03,9.023204233e-02,4.971066929e+02,false,0,6.750073809e+02,/mnt/pd/tema1/new/results/ml_samples/N2_sw0.15_x+1_i0061.h5
2,50,1.500000000e-01,1.000000000e+00,0,1.000000000e+00,6.619433198e-01,1252160065,main,fall,3.407100000e+01,9.779647753e-02,7.003016137e-03,8.975191060e-02,4.168027829e+02,false,0,1.856080973e+03,/mnt/pd/tema1/new/results/ml_samples/N2_sw0.15_x+0_i0141.h5
2,50,1.500000000e-01,1.000000000e+00,1,1.066469849e+00,7.059425921e-01,855298414,main,rise,1.329100000e+01,1.023218973e-01,1.187362683e-02,9.030786788e-02,4.971066929e+02,false,0,7.504165959e+02,/mnt/pd/tema1/new/results/ml_samples/N2_sw0.15_x+1_i0065.h5
2,50,1.500000000e-01,1.000000000e+00,0,1.000000000e+00,6.619433198e-01,1550451089,main,rise,3.619100000e+01,9.809759623e-02,1.001208288e-02,9.158308985e-02,4.168027829e+02,false,0,1.979266689e+03,/mnt/pd/tema1/new/results/ml_samples/N2_sw0.15_x+0_i0183.h5
2,50,1.500000000e-01,1.000000000e+00,1,1.066469849e+00,7.059425921e-01,1285373531,main,fall,2.271000000e+00,1.118362889e-01,3.508191460e-02,9.429862096e-02,4.971066929e+02,false,0,1.575079689e+02,/mnt/pd/tema1/new/results/ml_samples/N2_sw0.15_x+1_i0097.h5
2,50,1.500000000e-01,1.000000000e+00,1,1.066469849e+00,7.059425921e-01,1637321507,main,rise,1.646100000e+01,9.934954198e-02,8.392175100e-03,9.235243136e-02,4.971066929e+02,false,0,9.065651992e+02,/mnt/pd/tema1/new/results/ml_samples/N2_sw0.15_x+1_i0057.h5
2,50,1.500000000e-01,1.000000000e+00,1,1.066469849e+00,7.059425921e-01,875163108,main,rise,2.130100000e+01,1.042918279e-01,1.207918532e-02,8.764947729e-02,4.971066929e+02,false,0,1.157669445e+03,/mnt/pd/tema1/new/results/ml_samples/N2_sw0.15_x+1_i0047.h5
2,50,1.500000000e-01,1.000000000e+00,0,1.000000000e+00,6.619433198e-01,688932497,main,fall,3.776100000e+01,9.655301328e-02,5.492138513e-03,9.274036102e-02,4.168027829e+02,false,0,2.059048422e+03,/mnt/pd/tema1/new/results/ml_samples/N2_sw0.15_x+0_i0127.h5
2,50,1.500000000e-01,1.000000000e+00,1,1.066469849e+00,7.059425921e-01,1948467440,main,fall,1.461100000e+01,1.010079049e-01,9.983016851e-03,9.073879771e-02,4.971066929e+02,false,0,8.026171301e+02,/mnt/pd/tema1/new/results/ml_samples/N2_sw0.15_x+1_i0075.h5
2,50,1.500000000e-01,1.000000000e+00,1,1.066469849e+00,7.059425921e-01,514449397,main,rise,1.303100000e+01,1.031541923e-01,8.891028734e-03,8.939164774e-02,4.971066929e+02,false,0,7.287276168e+02,/mnt/pd/tema1/new/results/ml_samples/N2_sw0.15_x+1_i0079.h5
2,50,1.500000000e-01,1.000000000e+00,0,1.000000000e+00,6.619433198e-01,1136971600,main,rise,3.908100000e+01,9.872435740e-02,7.348968183e-03,9.056009133e-02,4.168027829e+02,false,0,2.122350572e+03,/mnt/pd/tema1/new/results/ml_samples/N2_sw0.15_x+0_i0137.h5
2,50,1.500000000e-01,1.000000000e+00,1,1.066469849e+00,7.059425921e-01,2051410261,main,rise,1.612100000e+01,1.031375224e-01,1.335060615e-02,8.839006387e-02,4.971066929e+02,false,0,8.831268704e+02,/mnt/pd/tema1/new/results/ml_samples/N2_sw0.15_x+1_i0073.h5
2,50,1.500000000e-01,1.000000000e+00,1,1.066469849e+00,7.059425921e-01,1088196117,main,fall,1.012100000e+01,1.058417970e-01,1.191867616e-02,8.950123466e-02,4.971066929e+02,false,0,5.713981565e+02,/mnt/pd/tema1/new/results/ml_samples/N2_sw0.15_x+1_i0089.h5
2,50,1.500000000e-01,1.000000000e+00,1,1.066469849e+00,7.059425921e-01,350725621,main,rise,1.299100000e+01,1.039813516e-01,1.367840610e-02,8.846993363e-02,4.971066929e+02,false,0,7.239086211e+02,/mnt/pd/tema1/new/results/ml_samples/N2_sw0.15_x+1_i0083.h5
2,50,1.500000000e-01,1.000000000e+00,1,1.066469849e+00,7.059425921e-01,906396662,main,rise,1.938100000e+01,1.032034160e-01,1.274802316e-02,9.084889017e-02,4.971066929e+02,false,0,1.056231434e+03,/mnt/pd/tema1/new/results/ml_samples/N2_sw0.15_x+1_i0067.h5
2,50,1.500000000e-01,1.000000000e+00,1,1.066469849e+00,7.059425921e-01,1110843153,main,rise,1.620100000e+01,1.016468146e-01,1.066395940e-02,9.128205666e-02,4.971066929e+02,false,0,8.888664691e+02,/mnt/pd/tema1/new/results/ml_samples/N2_sw0.15_x+1_i0085.h5
2,50,1.500000000e-01,1.000000000e+00,1,1.066469849e+00,7.059425921e-01,848411209,main,rise,1.716100000e+01,1.052444944e-01,9.865579897e-03,9.243392647e-02,4.971066929e+02,false,0,9.552664257e+02,/mnt/pd/tema1/new/results/ml_samples/N2_sw0.15_x+1_i0081.h5
2,50,1.500000000e-01,1.000000000e+00,1,1.066469849e+00,7.059425921e-01,576931505,main,rise,9.281000000e+00,1.034398946e-01,1.713797054e-02,8.740866446e-02,4.971066929e+02,false,0,5.301256906e+02,/mnt/pd/tema1/new/results/ml_samples/N2_sw0.15_x+1_i0099.h5
2,50,1.500000000e-01,1.000000000e+00,1,1.066469849e+00,7.059425921e-01,365873936,main,rise,2.464100000e+01,1.031599508e-01,8.308018989e-03,8.943479848e-02,4.971066929e+02,false,0,1.339150580e+03,/mnt/pd/tema1/new/results/ml_samples/N2_sw0.15_x+1_i0059.h5
2,50,1.500000000e-01,1.000000000e+00,1,1.066469849e+00,7.059425921e-01,132404508,main,rise,2.259100000e+01,1.014242506e-01,7.587417985e-03,8.951488190e-02,4.971066929e+02,false,0,1.266765486e+03,/mnt/pd/tema1/new/results/ml_samples/N2_sw0.15_x+1_i0071.h5
2,50,1.500000000e-01,1.000000000e+00,1,1.066469849e+00,7.059425921e-01,1246202387,main,rise,8.011000000e+00,1.016144938e-01,9.186284253e-03,9.079070251e-02,4.971066929e+02,false,0,4.567010237e+02,/mnt/pd/tema1/new/results/ml_samples/N2_sw0.15_x+1_i0115.h5
2,50,1.500000000e-01,1.000000000e+00,1,1.066469849e+00,7.059425921e-01,962910339,main,fall,8.931000000e+00,1.006404519e-01,1.172325280e-02,9.581739451e-02,4.971066929e+02,false,0,5.083323278e+02,/mnt/pd/tema1/new/results/ml_samples/N2_sw0.15_x+1_i0113.h5
2,50,1.500000000e-01,1.000000000e+00,1,1.066469849e+00,7.059425921e-01,2019119222,main,rise,1.750100000e+01,1.031916698e-01,9.197395183e-03,8.714020199e-02,4.971066929e+02,false,0,9.586186581e+02,/mnt/pd/tema1/new/results/ml_samples/N2_sw0.15_x+1_i0091.h5
2,50,1.500000000e-01,1.000000000e+00,1,1.066469849e+00,7.059425921e-01,235682937,main,rise,1.359100000e+01,1.009477483e-01,9.561716395e-03,9.186843708e-02,4.971066929e+02,false,0,7.624150601e+02,/mnt/pd/tema1/new/results/ml_samples/N2_sw0.15_x+1_i0107.h5
2,50,1.500000000e-01,1.000000000e+00,1,1.066469849e+00,7.059425921e-01,195417527,main,rise,1.384100000e+01,1.026520075e-01,9.432159065e-03,9.110821000e-02,4.971066929e+02,false,0,7.698178670e+02,/mnt/pd/tema1/new/results/ml_samples/N2_sw0.15_x+1_i0105.h5
2,50,1.500000000e-01,1.000000000e+00,1,1.066469849e+00,7.059425921e-01,1880504137,main,rise,5.401000000e+00,1.072254609e-01,1.273083112e-02,8.607085983e-02,4.971066929e+02,false,0,3.141074506e+02,/mnt/pd/tema1/new/results/ml_samples/N2_sw0.15_x+1_i0133.h5
2,50,1.500000000e-01,1.000000000e+00,1,1.066469849e+00,7.059425921e-01,1747961032,main,rise,2.439100000e+01,1.013322972e-01,8.507382228e-03,9.105045315e-02,4.971066929e+02,false,0,1.322821977e+03,/mnt/pd/tema1/new/results/ml_samples/N2_sw0.15_x+1_i0087.h5
2,50,1.500000000e-01,1.000000000e+00,1,1.066469849e+00,7.059425921e-01,284357041,main,rise,8.191000000e+00,1.040367584e-01,1.294858117e-02,9.341395654e-02,4.971066929e+02,false,0,4.616034737e+02,/mnt/pd/tema1/new/results/ml_samples/N2_sw0.15_x+1_i0127.h5
2,50,1.500000000e-01,1.000000000e+00,1,1.066469849e+00,7.059425921e-01,1356052117,main,rise,3.552100000e+01,1.012746374e-01,6.669031530e-03,8.972107283e-02,4.971066929e+02,false,0,1.929615456e+03,/mnt/pd/tema1/new/results/ml_samples/N2_sw0.15_x+1_i0053.h5
2,50,1.500000000e-01,1.000000000e+00,1,1.066469849e+00,7.059425921e-01,1330695216,main,rise,2.998100000e+01,1.012391172e-01,7.134960753e-03,9.191924739e-02,4.971066929e+02,false,0,1.677448431e+03,/mnt/pd/tema1/new/results/ml_samples/N2_sw0.15_x+1_i0069.h5
2,50,1.500000000e-01,1.000000000e+00,0,1.000000000e+00,6.619433198e-01,391767714,main,rise,5.257100000e+01,9.815779131e-02,8.013095327e-03,9.133969489e-02,4.168027829e+02,false,0,2.917113696e+03,/mnt/pd/tema1/new/results/ml_samples/N2_sw0.15_x+0_i0097.h5
2,50,1.500000000e-01,1.000000000e+00,1,1.066469849e+00,7.059425921e-01,1296624711,main,rise,1.681100000e+01,1.049137128e-01,1.084095052e-02,8.513231887e-02,4.971066929e+02,false,0,9.231377962e+02,/mnt/pd/tema1/new/results/ml_samples/N2_sw0.15_x+1_i0103.h5
2,50,1.500000000e-01,1.000000000e+00,1,1.066469849e+00,7.059425921e-01,1535246408,main,fall,2.171100000e+01,1.019371286e-01,8.526567907e-03,8.815741424e-02,4.971066929e+02,false,0,1.187604108e+03,/mnt/pd/tema1/new/results/ml_samples/N2_sw0.15_x+1_i0093.h5
2,50,1.500000000e-01,1.000000000e+00,1,1.066469849e+00,7.059425921e-01,849734753,main,rise,7.041000000e+00,1.029020480e-01,1.050689631e-02,9.034135690e-02,4.971066929e+02,false,0,4.015144404e+02,/mnt/pd/tema1/new/results/ml_samples/N2_sw0.15_x+1_i0137.h5
2,50,1.500000000e-01,1.000000000e+00,1,1.066469849e+00,7.059425921e-01,100059588,main,rise,1.774100000e+01,1.034980107e-01,1.229815319e-02,9.271984270e-02,4.971066929e+02,false,0,9.671506431e+02,/mnt/pd/tema1/new/results/ml_samples/N2_sw0.15_x+1_i0111.h5
2,50,1.500000000e-01,1.000000000e+00,1,1.066469849e+00,7.059425921e-01,1424703523,main,rise,1.018100000e+01,1.024226209e-01,9.765325238e-03,9.021640589e-02,4.971066929e+02,false,0,5.736966671e+02,/mnt/pd/tema1/new/results/ml_samples/N2_sw0.15_x+1_i0131.h5
2,50,1.500000000e-01,1.000000000e+00,1,1.066469849e+00,7.059425921e-01,873243067,main,fall,4.071100000e+01,1.004851515e-01,6.132820121e-03,8.987289155e-02,4.971066929e+02,false,0,2.198704816e+03,/mnt/pd/tema1/new/results/ml_samples/N2_sw0.15_x+1_i0045.h5
2,50,1.500000000e-01,1.000000000e+00,1,1.066469849e+00,7.059425921e-01,449727982,main,rise,3.941000000e+00,1.034105274e-01,1.633749923e-02,9.400678486e-02,4.971066929e+02,false,0,2.461139212e+02,/mnt/pd/tema1/new/results/ml_samples/N2_sw0.15_x+1_i0145.h5
2,50,1.500000000e-01,1.000000000e+00,1,1.066469849e+00,7.059425921e-01,2014498495,main,rise,1.228100000e+01,1.027109865e-01,1.095614785e-02,9.175937918e-02,4.971066929e+02,false,0,6.849182559e+02,/mnt/pd/tema1/new/results/ml_samples/N2_sw0.15_x+1_i0125.h5
2,50,1.500000000e-01,1.000000000e+00,1,1.066469849e+00,7.059425921e-01,1101364336,main,rise,8.861000000e+00,1.030721612e-01,1.683360749e-02,9.026399037e-02,4.971066929e+02,false,0,4.997448225e+02,/mnt/pd/tema1/new/results/ml_samples/N2_sw0.15_x+1_i0135.h5
2,50,1.500000000e-01,1.000000000e+00,0,1.000000000e+00,6.619433198e-01,569381895,main,fall,5.770100000e+01,9.818195884e-02,7.218786421e-03,9.064241039e-02,4.168027829e+02,false,0,3.136280518e+03,/mnt/pd/tema1/new/results/ml_samples/N2_sw0.15_x+0_i0081.h5
2,50,1.500000000e-01,1.000000000e+00,1,1.066469849e+00,7.059425921e-01,1371435957,main,rise,1.657100000e+01,9.984366274e-02,8.172623133e-03,9.111581345e-02,4.971066929e+02,false,0,9.055367462e+02,/mnt/pd/tema1/new/results/ml_samples/N2_sw0.15_x+1_i0123.h5
2,50,1.500000000e-01,1.000000000e+00,1,1.066469849e+00,7.059425921e-01,52409564,main,rise,1.867100000e+01,1.031085722e-01,9.061198074e-03,8.768326462e-02,4.971066929e+02,false,0,1.017134255e+03,/mnt/pd/tema1/new/results/ml_samples/N2_sw0.15_x+1_i0119.h5
2,50,1.500000000e-01,1.000000000e+00,1,1.066469849e+00,7.059425921e-01,1543126648,main,fall,7.261000000e+00,1.036097988e-01,2.157125939e-02,9.291528694e-02,4.971066929e+02,false,0,4.137762120e+02,/mnt/pd/tema1/new/results/ml_samples/N2_sw0.15_x+1_i0143.h5
2,50,1.500000000e-01,1.000000000e+00,0,1.000000000e+00,6.619433198e-01,892034152,main,timeout,6.000100000e+01,9.928033920e-02,9.736105537e-03,9.080347887e-02,4.168027829e+02,false,0,3.250618257e+03,/mnt/pd/tema1/new/results/ml_samples/N2_sw0.15_x+0_i0105.h5
2,50,1.500000000e-01,1.000000000e+00,1,1.066469849e+00,7.059425921e-01,26731139,main,fall,3.951000000e+00,1.033502458e-01,1.968570109e-02,9.327567529e-02,4.971066929e+02,false,0,2.394596656e+02,/mnt/pd/tema1/new/results/ml_samples/N2_sw0.15_x+1_i0161.h5
2,50,1.500000000e-01,1.000000000e+00,0,1.000000000e+00,6.619433198e-01,1152868054,main,fall,5.907100000e+01,9.794403060e-02,9.509837534e-03,9.222501692e-02,4.168027829e+02,false,0,3.275466679e+03,/mnt/pd/tema1/new/results/ml_samples/N2_sw0.15_x+0_i0077.h5
2,50,1.500000000e-01,1.000000000e+00,1,1.066469849e+00,7.059425921e-01,821324280,main,rise,2.229100000e+01,1.051105986e-01,1.137320266e-02,9.085938029e-02,4.971066929e+02,false,0,1.213292780e+03,/mnt/pd/tema1/new/results/ml_samples/N2_sw0.15_x+1_i0117.h5
2,50,1.500000000e-01,1.000000000e+00,0,1.000000000e+00,6.619433198e-01,2056108202,main,timeout,6.000100000e+01,1.006766275e-01,1.113919445e-02,9.041497946e-02,4.168027829e+02,false,0,3.359096077e+03,/mnt/pd/tema1/new/results/ml_samples/N2_sw0.15_x+0_i0157.h5
2,50,1.500000000e-01,1.000000000e+00,0,1.000000000e+00,6.619433198e-01,1146645997,main,timeout,6.000100000e+01,9.972910885e-02,9.963609993e-03,9.007273568e-02,4.168027829e+02,false,0,3.368253693e+03,/mnt/pd/tema1/new/results/ml_samples/N2_sw0.15_x+0_i0089.h5
2,50,1.500000000e-01,1.000000000e+00,1,1.066469849e+00,7.059425921e-01,752432661,main,fall,5.581000000e+00,1.008387630e-01,1.135906171e-02,9.484167970e-02,4.971066929e+02,false,0,3.222197621e+02,/mnt/pd/tema1/new/results/ml_samples/N2_sw0.15_x+1_i0171.h5
2,50,1.500000000e-01,1.000000000e+00,1,1.066469849e+00,7.059425921e-01,1240640055,main,rise,1.198100000e+01,9.993735427e-02,7.602213669e-03,9.319525123e-02,4.971066929e+02,false,0,6.622560002e+02,/mnt/pd/tema1/new/results/ml_samples/N2_sw0.15_x+1_i0139.h5
2,50,1.500000000e-01,1.000000000e+00,1,1.066469849e+00,7.059425921e-01,1927093824,main,rise,7.561000000e+00,1.030049889e-01,1.385775046e-02,8.965051834e-02,4.971066929e+02,false,0,4.275026887e+02,/mnt/pd/tema1/new/results/ml_samples/N2_sw0.15_x+1_i0159.h5
2,50,1.500000000e-01,1.000000000e+00,1,1.066469849e+00,7.059425921e-01,606191086,main,fall,2.071000000e+00,1.047496877e-01,2.546540626e-02,9.863156897e-02,4.971066929e+02,false,0,1.392032498e+02,/mnt/pd/tema1/new/results/ml_samples/N2_sw0.15_x+1_i0189.h5
2,50,1.500000000e-01,1.000000000e+00,1,1.066469849e+00,7.059425921e-01,934207646,main,rise,2.864100000e+01,1.012451111e-01,9.292595388e-03,9.034787841e-02,4.971066929e+02,false,0,1.574203741e+03,/mnt/pd/tema1/new/results/ml_samples/N2_sw0.15_x+1_i0101.h5
2,50,1.500000000e-01,1.000000000e+00,1,1.066469849e+00,7.059425921e-01,1321769375,main,rise,1.205100000e+01,1.007173472e-01,6.158464861e-03,8.942163423e-02,4.971066929e+02,false,0,6.689250747e+02,/mnt/pd/tema1/new/results/ml_samples/N2_sw0.15_x+1_i0155.h5
2,50,1.500000000e-01,1.000000000e+00,1,1.066469849e+00,7.059425921e-01,784986202,main,fall,2.653100000e+01,1.018332198e-01,1.015419106e-02,9.252788369e-02,4.971066929e+02,false,0,1.433409247e+03,/mnt/pd/tema1/new/results/ml_samples/N2_sw0.15_x+1_i0121.h5
2,50,1.500000000e-01,1.000000000e+00,1,1.066469849e+00,7.059425921e-01,2014973571,main,rise,1.335100000e+01,1.019441106e-01,1.200725645e-02,9.069719865e-02,4.971066929e+02,false,0,7.333093253e+02,/mnt/pd/tema1/new/results/ml_samples/N2_sw0.15_x+1_i0153.h5
2,50,1.500000000e-01,1.000000000e+00,1,1.066469849e+00,7.059425921e-01,772026469,main,rise,2.922100000e+01,1.035325734e-01,8.432609756e-03,8.637265389e-02,4.971066929e+02,false,0,1.576379083e+03,/mnt/pd/tema1/new/results/ml_samples/N2_sw0.15_x+1_i0109.h5
2,50,1.500000000e-01,1.000000000e+00,1,1.066469849e+00,7.059425921e-01,1308333273,main,rise,2.000100000e+01,1.033335286e-01,1.124526399e-02,8.898014009e-02,4.971066929e+02,false,0,1.179655009e+03,/mnt/pd/tema1/new/results/ml_samples/N2_sw0.15_x+1_i0129.h5
2,50,1.500000000e-01,1.000000000e+00,1,1.066469849e+00,7.059425921e-01,1076086654,main,rise,1.182100000e+01,1.012806990e-01,9.775533542e-03,9.214733504e-02,4.971066929e+02,false,0,6.534387440e+02,/mnt/pd/tema1/new/results/ml_samples/N2_sw0.15_x+1_i0165.h5
2,50,1.500000000e-01,1.000000000e+00,1,1.066469849e+00,7.059425921e-01,2035759375,main,rise,1.041100000e+01,1.006243061e-01,1.050278254e-02,9.354370064e-02,4.971066929e+02,false,0,5.821423628e+02,/mnt/pd/tema1/new/results/ml_samples/N2_sw0.15_x+1_i0177.h5
2,50,1.500000000e-01,1.000000000e+00,1,1.066469849e+00,7.059425921e-01,1820797852,main,rise,1.542100000e+01,1.041154260e-01,1.151389604e-02,8.842203509e-02,4.971066929e+02,false,0,8.487633007e+02,/mnt/pd/tema1/new/results/ml_samples/N2_sw0.15_x+1_i0151.h5
2,50,1.500000000e-01,1.000000000e+00,2,1.132939697e+00,7.499418643e-01,1738480108,main,rise,4.421000000e+00,1.060629017e-01,1.152445284e-02,9.261087687e-02,5.837719052e+02,false,0,2.779358410e+02,/mnt/pd/tema1/new/results/ml_samples/N2_sw0.15_x+2_i0001.h5
2,50,1.500000000e-01,1.000000000e+00,1,1.066469849e+00,7.059425921e-01,1060505256,main,rise,9.781000000e+00,1.003771028e-01,8.622764728e-03,9.197858559e-02,4.971066929e+02,false,0,5.470664799e+02,/mnt/pd/tema1/new/results/ml_samples/N2_sw0.15_x+1_i0185.h5
2,50,1.500000000e-01,1.000000000e+00,1,1.066469849e+00,7.059425921e-01,242378061,main,rise,1.478100000e+01,1.024576387e-01,1.188956727e-02,9.190598225e-02,4.971066929e+02,false,0,8.090196863e+02,/mnt/pd/tema1/new/results/ml_samples/N2_sw0.15_x+1_i0169.h5
2,50,1.500000000e-01,1.000000000e+00,1,1.066469849e+00,7.059425921e-01,1399722111,main,rise,8.151000000e+00,1.049556337e-01,1.233303833e-02,8.761755565e-02,4.971066929e+02,false,0,4.621057212e+02,/mnt/pd/tema1/new/results/ml_samples/N2_sw0.15_x+1_i0197.h5
2,50,1.500000000e-01,1.000000000e+00,1,1.066469849e+00,7.059425921e-01,1979607163,main,rise,1.202100000e+01,1.014112764e-01,9.970510562e-03,9.256023402e-02,4.971066929e+02,false,0,6.661418587e+02,/mnt/pd/tema1/new/results/ml_samples/N2_sw0.15_x+1_i0181.h5
2,50,1.500000000e-01,1.000000000e+00,1,1.066469849e+00,7.059425921e-01,1069818599,main,rise,9.401000000e+00,1.021115016e-01,9.663977176e-03,9.122931463e-02,4.971066929e+02,false,0,5.228994520e+02,/mnt/pd/tema1/new/results/ml_samples/N2_sw0.15_x+1_i0193.h5
2,50,1.500000000e-01,1.000000000e+00,1,1.066469849e+00,7.059425921e-01,1823347983,main,rise,9.881000000e+00,1.023179796e-01,1.077128429e-02,8.921544416e-02,4.971066929e+02,false,0,5.539870354e+02,/mnt/pd/tema1/new/results/ml_samples/N2_sw0.15_x+1_i0191.h5
2,50,1.500000000e-01,1.000000000e+00,1,1.066469849e+00,7.059425921e-01,503023934,main,rise,1.595100000e+01,1.024089019e-01,1.150282729e-02,9.130084564e-02,4.971066929e+02,false,0,8.748487055e+02,/mnt/pd/tema1/new/results/ml_samples/N2_sw0.15_x+1_i0167.h5
2,50,1.500000000e-01,1.000000000e+00,2,1.132939697e+00,7.499418643e-01,1515253389,main,fall,2.861000000e+00,1.208887851e-01,2.931239138e-02,8.556062068e-02,5.837719052e+02,false,0,1.830029377e+02,/mnt/pd/tema1/new/results/ml_samples/N2_sw0.15_x+2_i0017.h5
2,50,1.500000000e-01,1.000000000e+00,1,1.066469849e+00,7.059425921e-01,576033993,main,rise,2.104100000e+01,1.006424570e-01,7.506191360e-03,9.062293571e-02,4.971066929e+02,false,0,1.141926879e+03,/mnt/pd/tema1/new/results/ml_samples/N2_sw0.15_x+1_i0149.h5
2,50,1.500000000e-01,1.000000000e+00,2,1.132939697e+00,7.499418643e-01,2042841040,main,rise,7.401000000e+00,1.108849485e-01,1.439262992e-02,8.293403784e-02,5.837719052e+02,false,0,4.272001605e+02,/mnt/pd/tema1/new/results/ml_samples/N2_sw0.15_x+2_i0009.h5
2,50,1.500000000e-01,1.000000000e+00,1,1.066469849e+00,7.059425921e-01,1484315256,main,fall,1.876100000e+01,1.012627954e-01,9.292852165e-03,8.980165687e-02,4.971066929e+02,false,0,1.046361943e+03,/mnt/pd/tema1/new/results/ml_samples/N2_sw0.15_x+1_i0163.h5
2,50,1.500000000e-01,1.000000000e+00,2,1.132939697e+00,7.499418643e-01,1518246012,main,rise,7.771000000e+00,1.071044940e-01,1.285568724e-02,9.010716762e-02,5.837719052e+02,false,0,4.406025635e+02,/mnt/pd/tema1/new/results/ml_samples/N2_sw0.15_x+2_i0013.h5
2,50,1.500000000e-01,1.000000000e+00,2,1.132939697e+00,7.499418643e-01,1305754604,main,rise,8.411000000e+00,1.052572694e-01,1.250755409e-02,9.082809389e-02,5.837719052e+02,false,0,4.761160693e+02,/mnt/pd/tema1/new/results/ml_samples/N2_sw0.15_x+2_i0011.h5
2,50,1.500000000e-01,1.000000000e+00,2,1.132939697e+00,7.499418643e-01,977360542,main,fall,7.211000000e+00,1.074998081e-01,7.651948849e-03,8.785961818e-02,5.837719052e+02,false,0,4.117748035e+02,/mnt/pd/tema1/new/results/ml_samples/N2_sw0.15_x+2_i0019.h5
2,50,1.500000000e-01,1.000000000e+00,2,1.132939697e+00,7.499418643e-01,363305682,main,rise,4.751000000e+00,1.061273350e-01,1.812451418e-02,9.265839612e-02,5.837719052e+02,false,0,2.836919735e+02,/mnt/pd/tema1/new/results/ml_samples/N2_sw0.15_x+2_i0031.h5
2,50,1.500000000e-01,1.000000000e+00,2,1.132939697e+00,7.499418643e-01,1537484798,main,rise,4.591000000e+00,1.096255023e-01,1.244478705e-02,8.990249447e-02,5.837719052e+02,false,0,2.740474671e+02,/mnt/pd/tema1/new/results/ml_samples/N2_sw0.15_x+2_i0033.h5
2,50,1.500000000e-01,1.000000000e+00,1,1.066469849e+00,7.059425921e-01,87788941,main,rise,2.320100000e+01,1.014686998e-01,9.248880863e-03,8.999871816e-02,4.971066929e+02,false,0,1.257664397e+03,/mnt/pd/tema1/new/results/ml_samples/N2_sw0.15_x+1_i0157.h5
2,50,1.500000000e-01,1.000000000e+00,2,1.132939697e+00,7.499418643e-01,1633015021,main,rise,6.951000000e+00,1.062593145e-01,1.565851837e-02,8.833761697e-02,5.837719052e+02,false,0,3.965464735e+02,/mnt/pd/tema1/new/results/ml_samples/N2_sw0.15_x+2_i0023.h5
2,50,1.500000000e-01,1.000000000e+00,2,1.132939697e+00,7.499418643e-01,495404701,main,rise,6.671000000e+00,1.059938666e-01,1.743458282e-02,9.766005433e-02,5.837719052e+02,false,0,3.832702188e+02,/mnt/pd/tema1/new/results/ml_samples/N2_sw0.15_x+2_i0027.h5
2,50,1.500000000e-01,1.000000000e+00,2,1.132939697e+00,7.499418643e-01,857633251,main,rise,4.051000000e+00,1.043452805e-01,1.157160949e-02,9.368266839e-02,5.837719052e+02,false,0,2.440315126e+02,/mnt/pd/tema1/new/results/ml_samples/N2_sw0.15_x+2_i0039.h5
2,50,1.500000000e-01,1.000000000e+00,1,1.066469849e+00,7.059425921e-01,1331400679,main,rise,4.621100000e+01,1.011938020e-01,8.990274824e-03,9.020639854e-02,4.971066929e+02,false,0,2.485099080e+03,/mnt/pd/tema1/new/results/ml_samples/N2_sw0.15_x+1_i0095.h5
2,50,1.500000000e-01,1.000000000e+00,1,1.066469849e+00,7.059425921e-01,1178314440,main,rise,2.775100000e+01,1.018477369e-01,8.101220378e-03,9.140813462e-02,4.971066929e+02,false,0,1.513896142e+03,/mnt/pd/tema1/new/results/ml_samples/N2_sw0.15_x+1_i0141.h5
2,50,1.500000000e-01,1.000000000e+00,1,1.066469849e+00,7.059425921e-01,765765213,main,rise,2.681100000e+01,1.007991667e-01,7.296970710e-03,9.224769088e-02,4.971066929e+02,false,0,1.452835089e+03,/mnt/pd/tema1/new/results/ml_samples/N2_sw0.15_x+1_i0147.h5
2,50,1.500000000e-01,1.000000000e+00,2,1.132939697e+00,7.499418643e-01,603287985,main,rise,1.345100000e+01,1.047511393e-01,9.189290970e-03,8.993245767e-02,5.837719052e+02,false,0,7.395234397e+02,/mnt/pd/tema1/new/results/ml_samples/N2_sw0.15_x+2_i0007.h5
2,50,1.500000000e-01,1.000000000e+00,2,1.132939697e+00,7.499418643e-01,1959977896,main,rise,1.564100000e+01,1.052945427e-01,1.433088115e-02,8.859308561e-02,5.837719052e+02,false,0,8.565605274e+02,/mnt/pd/tema1/new/results/ml_samples/N2_sw0.15_x+2_i0003.h5
2,50,1.500000000e-01,1.000000000e+00,2,1.132939697e+00,7.499418643e-01,1545288514,main,rise,8.461000000e+00,1.058652988e-01,1.273723610e-02,9.047794478e-02,5.837719052e+02,false,0,5.040362291e+02,/mnt/pd/tema1/new/results/ml_samples/N2_sw0.15_x+2_i0035.h5
2,50,1.500000000e-01,1.000000000e+00,2,1.132939697e+00,7.499418643e-01,2033526637,main,rise,9.821000000e+00,1.061425550e-01,1.165908854e-02,9.027763649e-02,5.837719052e+02,false,0,5.530473211e+02,/mnt/pd/tema1/new/results/ml_samples/N2_sw0.15_x+2_i0029.h5
2,50,1.500000000e-01,1.000000000e+00,2,1.132939697e+00,7.499418643e-01,735234955,main,rise,9.481000000e+00,1.065811032e-01,9.215567298e-03,9.021572982e-02,5.837719052e+02,false,0,5.330646994e+02,/mnt/pd/tema1/new/results/ml_samples/N2_sw0.15_x+2_i0037.h5
2,50,1.500000000e-01,1.000000000e+00,2,1.132939697e+00,7.499418643e-01,883149143,main,rise,1.271100000e+01,1.073574632e-01,9.305470864e-03,8.943762063e-02,5.837719052e+02,false,0,7.074535372e+02,/mnt/pd/tema1/new/results/ml_samples/N2_sw0.15_x+2_i0021.h5
2,50,1.500000000e-01,1.000000000e+00,2,1.132939697e+00,7.499418643e-01,230129107,main,rise,4.821000000e+00,1.091003630e-01,1.369101039e-02,8.973973021e-02,5.837719052e+02,false,0,3.065508650e+02,/mnt/pd/tema1/new/results/ml_samples/N2_sw0.15_x+2_i0051.h5
2,50,1.500000000e-01,1.000000000e+00,1,1.066469849e+00,7.059425921e-01,646507729,main,rise,1.937100000e+01,1.012768352e-01,6.745317684e-03,9.221595115e-02,4.971066929e+02,false,0,1.054296584e+03,/mnt/pd/tema1/new/results/ml_samples/N2_sw0.15_x+1_i0199.h5
2,50,1.500000000e-01,1.000000000e+00,2,1.132939697e+00,7.499418643e-01,1348377259,main,rise,6.891000000e+00,1.086596011e-01,1.142719588e-02,8.556365719e-02,5.837719052e+02,false,0,3.980646921e+02,/mnt/pd/tema1/new/results/ml_samples/N2_sw0.15_x+2_i0047.h5
2,50,1.500000000e-01,1.000000000e+00,2,1.132939697e+00,7.499418643e-01,882024494,main,rise,5.751000000e+00,1.097363600e-01,9.730164606e-03,8.638368778e-02,5.837719052e+02,false,0,3.348411137e+02,/mnt/pd/tema1/new/results/ml_samples/N2_sw0.15_x+2_i0053.h5
2,50,1.500000000e-01,1.000000000e+00,2,1.132939697e+00,7.499418643e-01,2072390070,main,rise,5.901000000e+00,1.086171215e-01,7.509441682e-03,8.429592299e-02,5.837719052e+02,false,0,3.371313199e+02,/mnt/pd/tema1/new/results/ml_samples/N2_sw0.15_x+2_i0055.h5
2,50,1.500000000e-01,1.000000000e+00,1,1.066469849e+00,7.059425921e-01,1119268465,main,rise,2.138100000e+01,9.968683662e-02,9.565788573e-03,9.262313482e-02,4.971066929e+02,false,0,1.163460670e+03,/mnt/pd/tema1/new/results/ml_samples/N2_sw0.15_x+1_i0195.h5
2,50,1.500000000e-01,1.000000000e+00,1,1.066469849e+00,7.059425921e-01,1219784943,main,rise,2.348100000e+01,1.042876893e-01,1.110383728e-02,9.022572676e-02,4.971066929e+02,false,0,1.300681718e+03,/mnt/pd/tema1/new/results/ml_samples/N2_sw0.15_x+1_i0183.h5
2,50,1.500000000e-01,1.000000000e+00,2,1.132939697e+00,7.499418643e-01,119023977,main,rise,8.621000000e+00,1.057639781e-01,1.468092999e-02,9.217854315e-02,5.837719052e+02,false,0,4.863525936e+02,/mnt/pd/tema1/new/results/ml_samples/N2_sw0.15_x+2_i0045.h5
2,50,1.500000000e-01,1.000000000e+00,1,1.066469849e+00,7.059425921e-01,30669613,main,rise,2.372100000e+01,1.023766844e-01,1.064532812e-02,8.753563657e-02,4.971066929e+02,false,0,1.299071908e+03,/mnt/pd/tema1/new/results/ml_samples/N2_sw0.15_x+1_i0187.h5
2,50,1.500000000e-01,1.000000000e+00,2,1.132939697e+00,7.499418643e-01,135752609,main,rise,9.231000000e+00,1.083635937e-01,1.624365827e-02,8.800626360e-02,5.837719052e+02,false,0,5.171200204e+02,/mnt/pd/tema1/new/results/ml_samples/N2_sw0.15_x+2_i0041.h5
2,50,1.500000000e-01,1.000000000e+00,2,1.132939697e+00,7.499418643e-01,208003744,main,rise,1.377100000e+01,1.084455374e-01,9.122197049e-03,8.393996738e-02,5.837719052e+02,false,0,7.810280212e+02,/mnt/pd/tema1/new/results/ml_samples/N2_sw0.15_x+2_i0025.h5
2,50,1.500000000e-01,1.000000000e+00,2,1.132939697e+00,7.499418643e-01,1836965972,main,rise,7.631000000e+00,1.105453551e-01,2.104821507e-02,8.863336467e-02,5.837719052e+02,false,0,4.327129699e+02,/mnt/pd/tema1/new/results/ml_samples/N2_sw0.15_x+2_i0057.h5
2,50,1.500000000e-01,1.000000000e+00,2,1.132939697e+00,7.499418643e-01,1865918529,main,rise,6.841000000e+00,1.060350910e-01,1.216638147e-02,9.169385270e-02,5.837719052e+02,false,0,3.911386222e+02,/mnt/pd/tema1/new/results/ml_samples/N2_sw0.15_x+2_i0065.h5
2,50,1.500000000e-01,1.000000000e+00,2,1.132939697e+00,7.499418643e-01,1982920724,main,rise,6.091000000e+00,1.071804042e-01,1.293466150e-02,8.943413969e-02,5.837719052e+02,false,0,3.502264162e+02,/mnt/pd/tema1/new/results/ml_samples/N2_sw0.15_x+2_i0069.h5
2,50,1.500000000e-01,1.000000000e+00,2,1.132939697e+00,7.499418643e-01,2093084048,main,rise,1.020100000e+01,1.106735605e-01,1.170888192e-02,8.455411567e-02,5.837719052e+02,false,0,5.706037720e+02,/mnt/pd/tema1/new/results/ml_samples/N2_sw0.15_x+2_i0049.h5
2,50,1.500000000e-01,1.000000000e+00,2,1.132939697e+00,7.499418643e-01,1235716906,main,rise,9.021000000e+00,1.053869999e-01,8.179224006e-03,8.859529406e-02,5.837719052e+02,false,0,5.001068453e+02,/mnt/pd/tema1/new/results/ml_samples/N2_sw0.15_x+2_i0059.h5
2,50,1.500000000e-01,1.000000000e+00,2,1.132939697e+00,7.499418643e-01,1548114812,main,rise,8.381000000e+00,1.042317823e-01,1.529562215e-02,9.561331266e-02,5.837719052e+02,false,0,4.746943420e+02,/mnt/pd/tema1/new/results/ml_samples/N2_sw0.15_x+2_i0063.h5
2,50,1.500000000e-01,1.000000000e+00,2,1.132939697e+00,7.499418643e-01,1089622942,main,rise,5.791000000e+00,1.062912581e-01,2.140366550e-02,9.613260534e-02,5.837719052e+02,false,0,3.421472285e+02,/mnt/pd/tema1/new/results/ml_samples/N2_sw0.15_x+2_i0077.h5
2,50,1.500000000e-01,1.000000000e+00,2,1.132939697e+00,7.499418643e-01,2082342711,main,rise,4.381000000e+00,1.078706748e-01,1.091607941e-02,8.990354956e-02,5.837719052e+02,false,0,2.608728523e+02,/mnt/pd/tema1/new/results/ml_samples/N2_sw0.15_x+2_i0089.h5
2,50,1.500000000e-01,1.000000000e+00,2,1.132939697e+00,7.499418643e-01,1291576951,main,rise,3.781000000e+00,1.110847662e-01,1.399984622e-02,9.215144012e-02,5.837719052e+02,false,0,2.281710111e+02,/mnt/pd/tema1/new/results/ml_samples/N2_sw0.15_x+2_i0097.h5
2,50,1.500000000e-01,1.000000000e+00,2,1.132939697e+00,7.499418643e-01,529601830,main,rise,5.811000000e+00,1.086254106e-01,2.175163858e-02,9.173281379e-02,5.837719052e+02,false,0,3.405671938e+02,/mnt/pd/tema1/new/results/ml_samples/N2_sw0.15_x+2_i0085.h5
2,50,1.500000000e-01,1.000000000e+00,2,1.132939697e+00,7.499418643e-01,1211710273,main,rise,6.441000000e+00,1.121546026e-01,2.205557133e-02,9.116165628e-02,5.837719052e+02,false,0,3.719223341e+02,/mnt/pd/tema1/new/results/ml_samples/N2_sw0.15_x+2_i0083.h5
2,50,1.500000000e-01,1.000000000e+00,1,1.066469849e+00,7.059425921e-01,1333792340,main,rise,3.324100000e+01,1.030622996e-01,9.379878032e-03,8.691015207e-02,4.971066929e+02,false,0,1.790625460e+03,/mnt/pd/tema1/new/results/ml_samples/N2_sw0.15_x+1_i0173.h5
2,50,1.500000000e-01,1.000000000e+00,4,1.265879394e+00,8.379404087e-01,1195412975,main,rise,3.911000000e+00,1.104883194e-01,7.593903611e-03,9.397036922e-02,7.737561978e+02,false,0,2.470284820e+02,/mnt/pd/tema1/new/results/ml_samples/N2_sw0.15_x+4_i0001.h5
2,50,1.500000000e-01,1.000000000e+00,2,1.132939697e+00,7.499418643e-01,466417443,main,rise,2.415100000e+01,1.043864559e-01,8.214745000e-03,8.898978619e-02,5.837719052e+02,false,0,1.305296162e+03,/mnt/pd/tema1/new/results/ml_samples/N2_sw0.15_x+2_i0005.h5
2,50,1.500000000e-01,1.000000000e+00,2,1.132939697e+00,7.499418643e-01,920385465,main,rise,6.591000000e+00,1.076732680e-01,1.200435299e-02,8.977882210e-02,5.837719052e+02,false,0,3.873375609e+02,/mnt/pd/tema1/new/results/ml_samples/N2_sw0.15_x+2_i0087.h5
2,50,1.500000000e-01,1.000000000e+00,4,1.265879394e+00,8.379404087e-01,988408046,main,rise,4.661000000e+00,1.313354643e-01,2.199004711e-02,8.351646753e-02,7.737561978e+02,false,0,2.828123085e+02,/mnt/pd/tema1/new/results/ml_samples/N2_sw0.15_x+4_i0003.h5
2,50,1.500000000e-01,1.000000000e+00,2,1.132939697e+00,7.499418643e-01,1147981669,main,rise,9.461000000e+00,1.084860584e-01,1.445992539e-02,8.766508748e-02,5.837719052e+02,false,0,5.284790170e+02,/mnt/pd/tema1/new/results/ml_samples/N2_sw0.15_x+2_i0073.h5
2,50,1.500000000e-01,1.000000000e+00,1,1.066469849e+00,7.059425921e-01,476129413,main,fall,3.294100000e+01,1.003809493e-01,7.314375543e-03,8.985871917e-02,4.971066929e+02,false,0,1.771768162e+03,/mnt/pd/tema1/new/results/ml_samples/N2_sw0.15_x+1_i0179.h5
2,50,1.500000000e-01,1.000000000e+00,2,1.132939697e+00,7.499418643e-01,493381006,main,rise,1.167100000e+01,1.062563073e-01,8.754280663e-03,8.786121230e-02,5.837719052e+02,false,0,6.434089937e+02,/mnt/pd/tema1/new/results/ml_samples/N2_sw0.15_x+2_i0067.h5
2,50,1.500000000e-01,1.000000000e+00,4,1.265879394e+00,8.379404087e-01,1777881406,main,rise,4.441000000e+00,1.134335349e-01,1.559598546e-02,9.002548056e-02,7.737561978e+02,false,0,2.639746056e+02,/mnt/pd/tema1/new/results/ml_samples/N2_sw0.15_x+4_i0007.h5
2,50,1.500000000e-01,1.000000000e+00,2,1.132939697e+00,7.499418643e-01,1564594772,main,rise,7.411000000e+00,1.124138534e-01,1.908525674e-02,8.710042167e-02,5.837719052e+02,false,0,4.263373056e+02,/mnt/pd/tema1/new/results/ml_samples/N2_sw0.15_x+2_i0093.h5
2,50,1.500000000e-01,1.000000000e+00,4,1.265879394e+00,8.379404087e-01,1665279114,main,rise,3.051000000e+00,1.132169843e-01,1.325460068e-02,9.187834340e-02,7.737561978e+02,false,0,2.046397731e+02,/mnt/pd/tema1/new/results/ml_samples/N2_sw0.15_x+4_i0015.h5
2,50,1.500000000e-01,1.000000000e+00,4,1.265879394e+00,8.379404087e-01,538392533,main,rise,4.181000000e+00,1.096327196e-01,7.617142071e-03,9.028582530e-02,7.737561978e+02,false,0,2.511635062e+02,/mnt/pd/tema1/new/results/ml_samples/N2_sw0.15_x+4_i0011.h5
2,50,1.500000000e-01,1.000000000e+00,4,1.265879394e+00,8.379404087e-01,183500363,main,rise,3.881000000e+00,1.179552678e-01,1.241886998e-02,9.313473370e-02,7.737561978e+02,false,0,2.397124544e+02,/mnt/pd/tema1/new/results/ml_samples/N2_sw0.15_x+4_i0017.h5
2,50,1.500000000e-01,1.000000000e+00,4,1.265879394e+00,8.379404087e-01,26686014,main,rise,5.361000000e+00,1.150877856e-01,1.345740178e-02,8.589027524e-02,7.737561978e+02,false,0,3.102914871e+02,/mnt/pd/tema1/new/results/ml_samples/N2_sw0.15_x+4_i0009.h5
2,50,1.500000000e-01,1.000000000e+00,4,1.265879394e+00,8.379404087e-01,921767156,main,rise,4.841000000e+00,1.122136747e-01,1.543809508e-02,9.048245192e-02,7.737561978e+02,false,0,2.847420577e+02,/mnt/pd/tema1/new/results/ml_samples/N2_sw0.15_x+4_i0013.h5
2,50,1.500000000e-01,1.000000000e+00,4,1.265879394e+00,8.379404087e-01,1255524588,main,rise,3.431000000e+00,1.176233785e-01,2.057060579e-02,9.167224008e-02,7.737561978e+02,false,0,2.106235632e+02,/mnt/pd/tema1/new/results/ml_samples/N2_sw0.15_x+4_i0023.h5
2,50,1.500000000e-01,1.000000000e+00,2,1.132939697e+00,7.499418643e-01,1595873043,main,rise,2.551100000e+01,1.060968083e-01,1.105714539e-02,8.827311948e-02,5.837719052e+02,false,0,1.388378781e+03,/mnt/pd/tema1/new/results/ml_samples/N2_sw0.15_x+2_i0015.h5
2,50,1.500000000e-01,1.000000000e+00,2,1.132939697e+00,7.499418643e-01,440092701,main,rise,8.971000000e+00,1.047392911e-01,1.541426232e-02,9.138452572e-02,5.837719052e+02,false,0,5.077187311e+02,/mnt/pd/tema1/new/results/ml_samples/N2_sw0.15_x+2_i0099.h5
2,50,1.500000000e-01,1.000000000e+00,2,1.132939697e+00,7.499418643e-01,49076757,main,rise,1.019100000e+01,1.073485184e-01,1.018394130e-02,8.434101838e-02,5.837719052e+02,false,0,5.664647362e+02,/mnt/pd/tema1/new/results/ml_samples/N2_sw0.15_x+2_i0095.h5
2,50,1.500000000e-01,1.000000000e+00,2,1.132939697e+00,7.499418643e-01,1332976409,main,rise,9.961000000e+00,1.063037073e-01,1.479332039e-02,8.985437615e-02,5.837719052e+02,false,0,5.980731753e+02,/mnt/pd/tema1/new/results/ml_samples/N2_sw0.15_x+2_i0091.h5
2,50,1.500000000e-01,1.000000000e+00,4,1.265879394e+00,8.379404087e-01,1635009966,main,rise,3.971000000e+00,1.132259696e-01,1.365541003e-02,9.341557604e-02,7.737561978e+02,false,0,2.617840895e+02,/mnt/pd/tema1/new/results/ml_samples/N2_sw0.15_x+4_i0027.h5
2,50,1.500000000e-01,1.000000000e+00,4,1.265879394e+00,8.379404087e-01,833318350,main,rise,4.141000000e+00,1.117760231e-01,1.257908452e-02,9.049672868e-02,7.737561978e+02,false,0,2.480512840e+02,/mnt/pd/tema1/new/results/ml_samples/N2_sw0.15_x+4_i0031.h5
2,50,1.500000000e-01,1.000000000e+00,4,1.265879394e+00,8.379404087e-01,1072860394,main,rise,5.061000000e+00,1.129164599e-01,1.256255939e-02,8.702298328e-02,7.737561978e+02,false,0,2.960343310e+02,/mnt/pd/tema1/new/results/ml_samples/N2_sw0.15_x+4_i0025.h5
2,50,1.500000000e-01,1.000000000e+00,4,1.265879394e+00,8.379404087e-01,1406772303,main,rise,4.471000000e+00,1.129211160e-01,1.290804903e-02,9.117532152e-02,7.737561978e+02,false,0,2.781499174e+02,/mnt/pd/tema1/new/results/ml_samples/N2_sw0.15_x+4_i0029.h5
2,50,1.500000000e-01,1.000000000e+00,2,1.132939697e+00,7.499418643e-01,1583048582,main,rise,1.249100000e+01,1.072890560e-01,1.517606358e-02,9.082461535e-02,5.837719052e+02,false,0,6.962928778e+02,/mnt/pd/tema1/new/results/ml_samples/N2_sw0.15_x+2_i0081.h5
2,50,1.500000000e-01,1.000000000e+00,4,1.265879394e+00,8.379404087e-01,1321249091,main,rise,3.581000000e+00,1.101357737e-01,1.097570183e-02,9.214679712e-02,7.737561978e+02,false,0,2.221347781e+02,/mnt/pd/tema1/new/results/ml_samples/N2_sw0.15_x+4_i0037.h5
2,50,1.500000000e-01,1.000000000e+00,4,1.265879394e+00,8.379404087e-01,397594836,main,rise,5.271000000e+00,1.176642354e-01,1.984593271e-02,8.932484575e-02,7.737561978e+02,false,0,3.354525821e+02,/mnt/pd/tema1/new/results/ml_samples/N2_sw0.15_x+4_i0021.h5
2,50,1.500000000e-01,1.000000000e+00,4,1.265879394e+00,8.379404087e-01,1752493508,main,rise,4.181000000e+00,1.211668946e-01,1.561826382e-02,8.621968488e-02,7.737561978e+02,false,0,2.550921258e+02,/mnt/pd/tema1/new/results/ml_samples/N2_sw0.15_x+4_i0041.h5
2,50,1.500000000e-01,1.000000000e+00,4,1.265879394e+00,8.379404087e-01,1157826178,main,rise,5.331000000e+00,1.173561705e-01,7.862537598e-03,8.213745965e-02,7.737561978e+02,false,0,3.088342937e+02,/mnt/pd/tema1/new/results/ml_samples/N2_sw0.15_x+4_i0033.h5
2,50,1.500000000e-01,1.000000000e+00,4,1.265879394e+00,8.379404087e-01,1628007682,main,rise,9.631000000e+00,1.096903924e-01,1.165992226e-02,9.119579768e-02,7.737561978e+02,false,0,5.377300822e+02,/mnt/pd/tema1/new/results/ml_samples/N2_sw0.15_x+4_i0005.h5
2,50,1.500000000e-01,1.000000000e+00,2,1.132939697e+00,7.499418643e-01,2024471360,main,rise,1.463100000e+01,1.038050807e-01,1.080160842e-02,9.046071381e-02,5.837719052e+02,false,0,8.080399882e+02,/mnt/pd/tema1/new/results/ml_samples/N2_sw0.15_x+2_i0075.h5
2,50,1.500000000e-01,1.000000000e+00,4,1.265879394e+00,8.379404087e-01,524938477,main,rise,3.671000000e+00,1.222528573e-01,1.718875981e-02,8.665788078e-02,7.737561978e+02,false,0,2.241469482e+02,/mnt/pd/tema1/new/results/ml_samples/N2_sw0.15_x+4_i0049.h5
2,50,1.500000000e-01,1.000000000e+00,2,1.132939697e+00,7.499418643e-01,1706526653,main,rise,1.849100000e+01,1.063138505e-01,1.584424607e-02,8.927072722e-02,5.837719052e+02,false,0,1.007147403e+03,/mnt/pd/tema1/new/results/ml_samples/N2_sw0.15_x+2_i0061.h5
2,50,1.500000000e-01,1.000000000e+00,4,1.265879394e+00,8.379404087e-01,1166318539,main,rise,5.221000000e+00,1.150634658e-01,8.503737864e-03,8.552606381e-02,7.737561978e+02,false,0,3.034864826e+02,/mnt/pd/tema1/new/results/ml_samples/N2_sw0.15_x+4_i0039.h5
2,50,1.500000000e-01,1.000000000e+00,4,1.265879394e+00,8.379404087e-01,1542451200,main,rise,4.801000000e+00,1.147679923e-01,1.777095253e-02,9.126509714e-02,7.737561978e+02,false,0,2.849889910e+02,/mnt/pd/tema1/new/results/ml_samples/N2_sw0.15_x+4_i0047.h5
2,50,1.500000000e-01,1.000000000e+00,4,1.265879394e+00,8.379404087e-01,1760222434,main,rise,4.051000000e+00,1.128603634e-01,9.650817466e-03,8.765597684e-02,7.737561978e+02,false,0,2.595082714e+02,/mnt/pd/tema1/new/results/ml_samples/N2_sw0.15_x+4_i0055.h5
2,50,1.500000000e-01,1.000000000e+00,4,1.265879394e+00,8.379404087e-01,817422804,main,rise,6.321000000e+00,1.197746317e-01,1.021048406e-02,8.160904438e-02,7.737561978e+02,false,0,3.627619788e+02,/mnt/pd/tema1/new/results/ml_samples/N2_sw0.15_x+4_i0043.h5
2,50,1.500000000e-01,1.000000000e+00,4,1.265879394e+00,8.379404087e-01,1185587233,main,rise,5.011000000e+00,1.193913265e-01,1.425694171e-02,8.420699393e-02,7.737561978e+02,false,0,2.932200253e+02,/mnt/pd/tema1/new/results/ml_samples/N2_sw0.15_x+4_i0053.h5
2,50,1.500000000e-01,1.000000000e+00,4,1.265879394e+00,8.379404087e-01,1938761266,main,rise,9.231000000e+00,1.129573731e-01,9.846629033e-03,8.806430956e-02,7.737561978e+02,false,0,5.485325847e+02,/mnt/pd/tema1/new/results/ml_samples/N2_sw0.15_x+4_i0019.h5
2,50,1.500000000e-01,1.000000000e+00,4,1.265879394e+00,8.379404087e-01,1309050469,main,rise,3.721000000e+00,1.156320725e-01,1.198566480e-02,8.771691576e-02,7.737561978e+02,false,0,2.301071344e+02,/mnt/pd/tema1/new/results/ml_samples/N2_sw0.15_x+4_i0061.h5
2,50,1.500000000e-01,1.000000000e+00,4,1.265879394e+00,8.379404087e-01,644775695,main,rise,3.661000000e+00,1.161174848e-01,1.809431892e-02,9.066343451e-02,7.737561978e+02,false,0,2.619717155e+02,/mnt/pd/tema1/new/results/ml_samples/N2_sw0.15_x+4_i0065.h5
2,50,1.500000000e-01,1.000000000e+00,4,1.265879394e+00,8.379404087e-01,946823096,main,rise,3.361000000e+00,1.165286408e-01,1.699504016e-02,9.284698653e-02,7.737561978e+02,false,0,2.069839823e+02,/mnt/pd/tema1/new/results/ml_samples/N2_sw0.15_x+4_i0081.h5
2,50,1.500000000e-01,1.000000000e+00,4,1.265879394e+00,8.379404087e-01,656468224,main,rise,3.911000000e+00,1.146920919e-01,1.760995241e-02,8.822049591e-02,7.737561978e+02,false,0,2.747142828e+02,/mnt/pd/tema1/new/results/ml_samples/N2_sw0.15_x+4_i0069.h5
2,50,1.500000000e-01,1.000000000e+00,4,1.265879394e+00,8.379404087e-01,1621283694,main,rise,6.581000000e+00,1.151176966e-01,1.395505374e-02,8.650214150e-02,7.737561978e+02,false,0,4.051061362e+02,/mnt/pd/tema1/new/results/ml_samples/N2_sw0.15_x+4_i0051.h5
2,50,3.000000000e-01,1.000000000e+00,-4,4.682412115e-01,3.099491421e-01,264900072,main,fall,7.610000000e-01,2.134625664e-01,1.158382385e-01,1.152552741e-01,3.176320167e+01,false,0,8.108961488e+01,/mnt/pd/tema1/new/results/ml_samples/N2_sw0.30_x-4_i0003.h5
2,50,1.500000000e-01,1.000000000e+00,4,1.265879394e+00,8.379404087e-01,59772675,main,rise,8.081000000e+00,1.107528457e-01,1.098711597e-02,9.125379912e-02,7.737561978e+02,false,0,4.521908439e+02,/mnt/pd/tema1/new/results/ml_samples/N2_sw0.15_x+4_i0045.h5
2,50,3.000000000e-01,1.000000000e+00,-4,4.682412115e-01,3.099491421e-01,66339879,main,fall,1.051000000e+00,1.387822579e-01,8.121434168e-02,1.155994351e-01,2.298261444e+01,false,0,9.945834376e+01,/mnt/pd/tema1/new/results/ml_samples/N2_sw0.30_x-4_i0001.h5
2,50,1.500000000e-01,1.000000000e+00,4,1.265879394e+00,8.379404087e-01,821999222,main,rise,5.091000000e+00,1.180300428e-01,1.382042318e-02,8.471971192e-02,7.737561978e+02,false,0,2.984652951e+02,/mnt/pd/tema1/new/results/ml_samples/N2_sw0.15_x+4_i0073.h5
2,50,1.500000000e-01,1.000000000e+00,4,1.265879394e+00,8.379404087e-01,552040503,main,rise,4.901000000e+00,1.178580358e-01,1.635531893e-02,8.477964808e-02,7.737561978e+02,false,0,2.888468492e+02,/mnt/pd/tema1/new/results/ml_samples/N2_sw0.15_x+4_i0077.h5
2,50,3.000000000e-01,1.000000000e+00,-4,4.682412115e-01,3.099491421e-01,841605889,main,fall,6.710000000e-01,1.341921320e-01,6.760780691e-02,1.124135773e-01,6.052695488e+01,false,0,7.291240622e+01,/mnt/pd/tema1/new/results/ml_samples/N2_sw0.30_x-4_i0005.h5
2,50,1.500000000e-01,1.000000000e+00,4,1.265879394e+00,8.379404087e-01,1660513568,main,rise,3.961000000e+00,1.172391193e-01,1.251161293e-02,8.740319023e-02,7.737561978e+02,false,0,2.452756224e+02,/mnt/pd/tema1/new/results/ml_samples/N2_sw0.15_x+4_i0085.h5
2,50,1.500000000e-01,1.000000000e+00,4,1.265879394e+00,8.379404087e-01,477753598,main,rise,5.501000000e+00,1.181378226e-01,2.569539543e-02,9.006892176e-02,7.737561978e+02,false,0,3.440078807e+02,/mnt/pd/tema1/new/results/ml_samples/N2_sw0.15_x+4_i0063.h5
2,50,1.500000000e-01,1.000000000e+00,2,1.132939697e+00,7.499418643e-01,1657465342,main,rise,2.010100000e+01,1.070059094e-01,9.701579559e-03,8.948714280e-02,5.837719052e+02,false,0,1.091228052e+03,/mnt/pd/tema1/new/results/ml_samples/N2_sw0.15_x+2_i0071.h5
2,50,1.500000000e-01,1.000000000e+00,4,1.265879394e+00,8.379404087e-01,1693171277,main,rise,7.501000000e+00,1.122142011e-01,1.771957519e-02,9.037050372e-02,7.737561978e+02,false,0,4.275512304e+02,/mnt/pd/tema1/new/results/ml_samples/N2_sw0.15_x+4_i0059.h5
2,50,3.000000000e-01,1.000000000e+00,-4,4.682412115e-01,3.099491421e-01,944941270,main,fall,8.310000000e-01,7.583755670e-02,1.484294010e-02,1.226571042e-01,6.052695488e+01,false,0,7.765003304e+01,/mnt/pd/tema1/new/results/ml_samples/N2_sw0.30_x-4_i0007.h5
2,50,3.000000000e-01,1.000000000e+00,-4,4.682412115e-01,3.099491421e-01,1498274897,main,fall,7.410000000e-01,1.445810059e-01,5.533522009e-02,1.099963730e-01,6.052695488e+01,false,0,7.803096491e+01,/mnt/pd/tema1/new/results/ml_samples/N2_sw0.30_x-4_i0011.h5
2,50,1.500000000e-01,1.000000000e+00,4,1.265879394e+00,8.379404087e-01,564966192,main,rise,5.841000000e+00,1.130693567e-01,1.048421683e-02,8.759841742e-02,7.737561978e+02,false,0,3.406337777e+02,/mnt/pd/tema1/new/results/ml_samples/N2_sw0.15_x+4_i0075.h5
2,50,1.500000000e-01,1.000000000e+00,4,1.265879394e+00,8.379404087e-01,944146637,main,rise,3.971000000e+00,1.122473156e-01,1.833947326e-02,9.252700082e-02,7.737561978e+02,false,0,2.409248934e+02,/mnt/pd/tema1/new/results/ml_samples/N2_sw0.15_x+4_i0093.h5
2,50,3.000000000e-01,1.000000000e+00,-4,4.682412115e-01,3.099491421e-01,1355401855,main,fall,9.410000000e-01,1.411452009e-01,7.416157089e-02,1.088168262e-01,6.052695488e+01,false,0,8.662022412e+01,/mnt/pd/tema1/new/results/ml_samples/N2_sw0.30_x-4_i0013.h5
2,50,3.000000000e-01,1.000000000e+00,-4,4.682412115e-01,3.099491421e-01,1897828971,main,fall,9.910000000e-01,1.071087152e-01,3.066758633e-02,1.310836633e-01,6.052695488e+01,false,0,8.817648171e+01,/mnt/pd/tema1/new/results/ml_samples/N2_sw0.30_x-4_i0017.h5
2,50,3.000000000e-01,1.000000000e+00,-4,4.682412115e-01,3.099491421e-01,1239559872,main,fall,1.191000000e+00,9.383847690e-02,3.623267865e-02,1.168488418e-01,2.188438433e+01,false,0,1.035764279e+02,/mnt/pd/tema1/new/results/ml_samples/N2_sw0.30_x-4_i0009.h5
2,50,1.500000000e-01,1.000000000e+00,4,1.265879394e+00,8.379404087e-01,776666559,main,rise,4.441000000e+00,1.115377228e-01,1.386326879e-02,9.035129835e-02,7.737561978e+02,false,0,2.909129159e+02,/mnt/pd/tema1/new/results/ml_samples/N2_sw0.15_x+4_i0087.h5
2,50,3.000000000e-01,1.000000000e+00,-4,4.682412115e-01,3.099491421e-01,98673396,main,fall,9.310000000e-01,1.045378511e-01,3.968550779e-02,1.153886496e-01,6.052695488e+01,false,0,8.553360066e+01,/mnt/pd/tema1/new/results/ml_samples/N2_sw0.30_x-4_i0019.h5
2,50,3.000000000e-01,1.000000000e+00,-4,4.682412115e-01,3.099491421e-01,1133563901,main,fall,1.281000000e+00,9.565285829e-02,3.713169023e-02,1.207808375e-01,6.052695488e+01,false,0,1.133516847e+02,/mnt/pd/tema1/new/results/ml_samples/N2_sw0.30_x-4_i0015.h5
2,50,1.500000000e-01,1.000000000e+00,4,1.265879394e+00,8.379404087e-01,779090291,main,rise,5.071000000e+00,1.100861294e-01,9.475828700e-03,9.193111503e-02,7.737561978e+02,false,0,2.960498888e+02,/mnt/pd/tema1/new/results/ml_samples/N2_sw0.15_x+4_i0089.h5
2,50,3.000000000e-01,1.000000000e+00,-4,4.682412115e-01,3.099491421e-01,415810003,main,fall,5.810000000e-01,1.171073987e-01,4.103002004e-02,1.222400650e-01,1.242400565e+01,false,0,6.270547799e+01,/mnt/pd/tema1/new/results/ml_samples/N2_sw0.30_x-4_i0029.h5
2,50,3.000000000e-01,1.000000000e+00,-4,4.682412115e-01,3.099491421e-01,1871965693,main,fall,8.610000000e-01,1.814644684e-01,1.045177198e-01,1.253033080e-01,2.717312612e+01,false,0,8.958341614e+01,/mnt/pd/tema1/new/results/ml_samples/N2_sw0.30_x-4_i0025.h5
2,50,1.500000000e-01,1.000000000e+00,4,1.265879394e+00,8.379404087e-01,1566502158,main,rise,8.311000000e+00,1.144675079e-01,7.105249783e-03,8.464922266e-02,7.737561978e+02,false,0,4.981551903e+02,/mnt/pd/tema1/new/results/ml_samples/N2_sw0.15_x+4_i0057.h5
2,50,3.000000000e-01,1.000000000e+00,-4,4.682412115e-01,3.099491421e-01,1695317220,main,fall,7.510000000e-01,7.937319176e-02,2.706032416e-02,1.305092205e-01,6.052695488e+01,false,0,7.519745513e+01,/mnt/pd/tema1/new/results/ml_samples/N2_sw0.30_x-4_i0031.h5
2,50,3.000000000e-01,1.000000000e+00,-4,4.682412115e-01,3.099491421e-01,2055008685,main,fall,6.110000000e-01,1.835243498e-01,6.729067154e-02,1.100062993e-01,3.492553940e+01,false,0,7.356025770e+01,/mnt/pd/tema1/new/results/ml_samples/N2_sw0.30_x-4_i0033.h5
2,50,3.000000000e-01,1.000000000e+00,-4,4.682412115e-01,3.099491421e-01,1525632611,main,fall,1.401000000e+00,1.083034420e-01,6.523574294e-02,1.214748961e-01,6.052695488e+01,false,0,1.171298029e+02,/mnt/pd/tema1/new/results/ml_samples/N2_sw0.30_x-4_i0021.h5
2,50,3.000000000e-01,1.000000000e+00,-4,4.682412115e-01,3.099491421e-01,1622300114,main,fall,6.810000000e-01,1.035446430e-01,3.617511096e-02,1.192210776e-01,6.052695488e+01,false,0,7.669685727e+01,/mnt/pd/tema1/new/results/ml_samples/N2_sw0.30_x-4_i0039.h5
2,50,3.000000000e-01,1.000000000e+00,-4,4.682412115e-01,3.099491421e-01,1571391193,main,fall,1.221000000e+00,1.300070174e-01,8.601987871e-02,1.069564147e-01,6.052695488e+01,false,0,1.139048851e+02,/mnt/pd/tema1/new/results/ml_samples/N2_sw0.30_x-4_i0027.h5
2,50,3.000000000e-01,1.000000000e+00,-4,4.682412115e-01,3.099491421e-01,233526554,main,fall,1.311000000e+00,1.395874931e-01,9.214753302e-02,1.239872832e-01,6.052695488e+01,false,0,1.247991507e+02,/mnt/pd/tema1/new/results/ml_samples/N2_sw0.30_x-4_i0023.h5
2,50,1.500000000e-01,1.000000000e+00,4,1.265879394e+00,8.379404087e-01,2012932893,main,rise,7.051000000e+00,1.128429326e-01,1.172468864e-02,8.563806049e-02,7.737561978e+02,false,0,4.517254811e+02,/mnt/pd/tema1/new/results/ml_samples/N2_sw0.15_x+4_i0067.h5
2,50,3.000000000e-01,1.000000000e+00,-4,4.682412115e-01,3.099491421e-01,1273739249,main,fall,9.210000000e-01,1.416541352e-01,6.667558689e-02,1.172937442e-01,6.174422581e+00,false,0,8.447900322e+01,/mnt/pd/tema1/new/results/ml_samples/N2_sw0.30_x-4_i0037.h5
2,50,3.000000000e-01,1.000000000e+00,-4,4.682412115e-01,3.099491421e-01,255507946,main,fall,8.710000000e-01,1.877397007e-01,6.944023805e-02,1.217899942e-01,6.052695488e+01,false,0,8.963274287e+01,/mnt/pd/tema1/new/results/ml_samples/N2_sw0.30_x-4_i0035.h5
2,50,1.500000000e-01,1.000000000e+00,4,1.265879394e+00,8.379404087e-01,451957034,main,rise,4.391000000e+00,1.156428126e-01,1.540440275e-02,9.231924877e-02,7.737561978e+02,false,0,2.805907981e+02,/mnt/pd/tema1/new/results/ml_samples/N2_sw0.15_x+4_i0097.h5
2,50,3.000000000e-01,1.000000000e+00,-4,4.682412115e-01,3.099491421e-01,1096525310,main,fall,4.910000000e-01,2.460176924e-01,9.040846744e-02,1.247496640e-01,4.653123791e+01,false,0,6.529604550e+01,/mnt/pd/tema1/new/results/ml_samples/N2_sw0.30_x-4_i0053.h5
2,50,3.000000000e-01,1.000000000e+00,-4,4.682412115e-01,3.099491421e-01,1364823860,main,fall,8.610000000e-01,1.370555466e-01,7.759898852e-02,1.327136578e-01,6.052695488e+01,false,0,8.021657745e+01,/mnt/pd/tema1/new/results/ml_samples/N2_sw0.30_x-4_i0047.h5
2,50,1.500000000e-01,1.000000000e+00,4,1.265879394e+00,8.379404087e-01,1869593512,main,rise,6.041000000e+00,1.129454575e-01,1.449976110e-02,9.067545538e-02,7.737561978e+02,false,0,3.563729806e+02,/mnt/pd/tema1/new/results/ml_samples/N2_sw0.15_x+4_i0091.h5
2,50,1.500000000e-01,1.000000000e+00,4,1.265879394e+00,8.379404087e-01,1490124235,main,rise,6.761000000e+00,1.162531512e-01,2.004846771e-02,8.830240657e-02,7.737561978e+02,false,0,3.905249074e+02,/mnt/pd/tema1/new/results/ml_samples/N2_sw0.15_x+4_i0083.h5
2,50,3.000000000e-01,1.000000000e+00,-4,4.682412115e-01,3.099491421e-01,1756025964,main,fall,1.241000000e+00,1.285382999e-01,6.940462794e-02,1.098395097e-01,4.459297534e+01,false,0,1.058615700e+02,/mnt/pd/tema1/new/results/ml_samples/N2_sw0.30_x-4_i0041.h5
2,50,3.000000000e-01,1.000000000e+00,-4,4.682412115e-01,3.099491421e-01,2057219284,main,fall,8.710000000e-01,1.211523874e-01,3.299505644e-02,1.266747062e-01,6.052695488e+01,false,0,8.424703811e+01,/mnt/pd/tema1/new/results/ml_samples/N2_sw0.30_x-4_i0049.h5
2,50,3.000000000e-01,1.000000000e+00,-4,4.682412115e-01,3.099491421e-01,145775585,main,fall,7.410000000e-01,1.281056220e-01,4.438299791e-02,1.309351015e-01,5.868383264e+01,false,0,7.194600903e+01,/mnt/pd/tema1/new/results/ml_samples/N2_sw0.30_x-4_i0057.h5
2,50,3.000000000e-01,1.000000000e+00,-4,4.682412115e-01,3.099491421e-01,121201569,main,fall,8.910000000e-01,9.645350823e-02,4.257990495e-02,1.013400652e-01,3.926602965e+01,false,0,8.201520918e+01,/mnt/pd/tema1/new/results/ml_samples/N2_sw0.30_x-4_i0055.h5
2,50,3.000000000e-01,1.000000000e+00,-4,4.682412115e-01,3.099491421e-01,847119801,main,fall,1.181000000e+00,8.230229529e-02,3.569558545e-02,1.066051302e-01,6.052695488e+01,false,0,1.051828512e+02,/mnt/pd/tema1/new/results/ml_samples/N2_sw0.30_x-4_i0045.h5
2,50,3.000000000e-01,1.000000000e+00,-4,4.682412115e-01,3.099491421e-01,852720722,main,fall,1.311000000e+00,1.310448322e-01,8.836172560e-02,1.225427895e-01,6.052695488e+01,false,0,1.122374410e+02,/mnt/pd/tema1/new/results/ml_samples/N2_sw0.30_x-4_i0043.h5
2,50,3.000000000e-01,1.000000000e+00,-4,4.682412115e-01,3.099491421e-01,835417268,main,fall,9.410000000e-01,1.420658175e-01,5.404375616e-02,1.068794279e-01,6.052695488e+01,false,0,9.629910703e+01,/mnt/pd/tema1/new/results/ml_samples/N2_sw0.30_x-4_i0051.h5
2,50,3.000000000e-01,1.000000000e+00,-4,4.682412115e-01,3.099491421e-01,345254143,main,fall,6.810000000e-01,1.214625060e-01,5.085484705e-02,1.171926582e-01,3.932945177e+01,false,0,7.618289320e+01,/mnt/pd/tema1/new/results/ml_samples/N2_sw0.30_x-4_i0059.h5
2,50,3.000000000e-01,1.000000000e+00,-4,4.682412115e-01,3.099491421e-01,1046461169,main,fall,5.610000000e-01,1.632480816e-01,8.035990211e-02,1.243732356e-01,3.715940943e+01,false,0,6.845590254e+01,/mnt/pd/tema1/new/results/ml_samples/N2_sw0.30_x-4_i0063.h5
2,50,3.000000000e-01,1.000000000e+00,-4,4.682412115e-01,3.099491421e-01,837115358,main,fall,7.310000000e-01,1.125975361e-01,5.336498582e-02,1.199365636e-01,3.952033011e+01,false,0,7.222236318e+01,/mnt/pd/tema1/new/results/ml_samples/N2_sw0.30_x-4_i0061.h5
2,50,3.000000000e-01,1.000000000e+00,-4,4.682412115e-01,3.099491421e-01,741017595,main,fall,7.310000000e-01,1.273449497e-01,5.260677053e-02,1.321599176e-01,6.052695488e+01,false,0,7.388258120e+01,/mnt/pd/tema1/new/results/ml_samples/N2_sw0.30_x-4_i0065.h5
2,50,3.000000000e-01,1.000000000e+00,-4,4.682412115e-01,3.099491421e-01,19734528,main,fall,8.010000000e-01,1.123281375e-01,4.176661312e-02,1.276847136e-01,6.052695488e+01,false,0,7.689068745e+01,/mnt/pd/tema1/new/results/ml_samples/N2_sw0.30_x-4_i0075.h5
2,50,3.000000000e-01,1.000000000e+00,-4,4.682412115e-01,3.099491421e-01,2011766998,main,fall,7.210000000e-01,1.945369776e-01,9.700884279e-02,1.272020202e-01,1.613429097e+01,false,0,8.031371685e+01,/mnt/pd/tema1/new/results/ml_samples/N2_sw0.30_x-4_i0071.h5
2,50,3.000000000e-01,1.000000000e+00,-4,4.682412115e-01,3.099491421e-01,963284479,main,fall,5.910000000e-01,1.087648176e-01,3.031190274e-02,1.087745866e-01,3.126060052e+01,false,0,6.760409326e+01,/mnt/pd/tema1/new/results/ml_samples/N2_sw0.30_x-4_i0079.h5
2,50,1.500000000e-01,1.000000000e+00,4,1.265879394e+00,8.379404087e-01,291316356,main,rise,6.291000000e+00,1.150782975e-01,1.414768879e-02,8.701245048e-02,7.737561978e+02,false,0,3.688314897e+02,/mnt/pd/tema1/new/results/ml_samples/N2_sw0.15_x+4_i0095.h5
2,50,3.000000000e-01,1.000000000e+00,-4,4.682412115e-01,3.099491421e-01,1643166436,main,fall,6.510000000e-01,1.600277246e-01,5.936144513e-02,1.344744697e-01,6.052695488e+01,false,0,6.665197249e+01,/mnt/pd/tema1/new/results/ml_samples/N2_sw0.30_x-4_i0087.h5
2,50,3.000000000e-01,1.000000000e+00,-4,4.682412115e-01,3.099491421e-01,1538650069,main,fall,1.061000000e+00,1.399219894e-01,7.302592688e-02,1.066549695e-01,6.052695488e+01,false,0,9.611121981e+01,/mnt/pd/tema1/new/results/ml_samples/N2_sw0.30_x-4_i0067.h5
2,50,1.500000000e-01,1.000000000e+00,4,1.265879394e+00,8.379404087e-01,1736991760,main,rise,9.341000000e+00,1.147470854e-01,1.925073856e-02,8.599695506e-02,7.737561978e+02,false,0,5.262019110e+02,/mnt/pd/tema1/new/results/ml_samples/N2_sw0.15_x+4_i0071.h5
2,50,3.000000000e-01,1.000000000e+00,-4,4.682412115e-01,3.099491421e-01,319342497,main,fall,9.710000000e-01,1.530711604e-01,7.863832660e-02,1.143571947e-01,2.515880380e+01,false,0,8.944225411e+01,/mnt/pd/tema1/new/results/ml_samples/N2_sw0.30_x-4_i0077.h5
2,50,3.000000000e-01,1.000000000e+00,-4,4.682412115e-01,3.099491421e-01,246566831,main,fall,7.110000000e-01,1.414574892e-01,8.454536326e-02,1.139478834e-01,5.322145284e+01,false,0,7.764873007e+01,/mnt/pd/tema1/new/results/ml_samples/N2_sw0.30_x-4_i0081.h5
2,50,3.000000000e-01,1.000000000e+00,-4,4.682412115e-01,3.099491421e-01,787541651,main,fall,9.810000000e-01,1.588711844e-01,1.085404493e-01,1.055582022e-01,1.759525596e+01,false,0,1.000666556e+02,/mnt/pd/tema1/new/results/ml_samples/N2_sw0.30_x-4_i0073.h5
2,50,3.000000000e-01,1.000000000e+00,-4,4.682412115e-01,3.099491421e-01,2144608347,main,fall,5.810000000e-01,1.593804424e-01,5.328123165e-02,1.067007228e-01,6.052695488e+01,false,0,6.825558394e+01,/mnt/pd/tema1/new/results/ml_samples/N2_sw0.30_x-4_i0091.h5
2,50,3.000000000e-01,1.000000000e+00,-4,4.682412115e-01,3.099491421e-01,953140616,main,fall,8.110000000e-01,1.333254492e-01,5.974713150e-02,1.037852221e-01,4.390909934e+01,false,0,7.807257919e+01,/mnt/pd/tema1/new/results/ml_samples/N2_sw0.30_x-4_i0089.h5
2,50,3.000000000e-01,1.000000000e+00,-4,4.682412115e-01,3.099491421e-01,1043064508,main,fall,1.111000000e+00,7.825047688e-02,2.388137760e-02,1.223715816e-01,6.052695488e+01,false,0,9.587200843e+01,/mnt/pd/tema1/new/results/ml_samples/N2_sw0.30_x-4_i0085.h5
2,50,3.000000000e-01,1.000000000e+00,-4,4.682412115e-01,3.099491421e-01,278055229,main,fall,1.201000000e+00,1.057288396e-01,4.979037264e-02,1.106230080e-01,6.052695488e+01,false,0,1.025851973e+02,/mnt/pd/tema1/new/results/ml_samples/N2_sw0.30_x-4_i0083.h5
2,50,3.000000000e-01,1.000000000e+00,-4,4.682412115e-01,3.099491421e-01,298773466,main,fall,8.510000000e-01,8.332547994e-02,2.651267011e-02,1.099413170e-01,6.927896421e+00,false,0,8.659331580e+01,/mnt/pd/tema1/new/results/ml_samples/N2_sw0.30_x-4_i0097.h5
2,50,3.000000000e-01,1.000000000e+00,-4,4.682412115e-01,3.099491421e-01,558899502,main,fall,1.141000000e+00,1.267868108e-01,8.337836360e-02,1.162187302e-01,4.150527378e+01,false,0,9.985550951e+01,/mnt/pd/tema1/new/results/ml_samples/N2_sw0.30_x-4_i0093.h5
2,50,3.000000000e-01,1.000000000e+00,-2,7.341206058e-01,4.859462309e-01,296105765,main,fall,1.051000000e+00,1.254281614e-01,6.001614899e-02,1.009552912e-01,1.707140469e+02,false,0,9.292335876e+01,/mnt/pd/tema1/new/results/ml_samples/N2_sw0.30_x-2_i0007.h5
2,50,3.000000000e-01,1.000000000e+00,-2,7.341206058e-01,4.859462309e-01,932488248,main,fall,1.011000000e+00,1.850191706e-01,7.835868588e-02,1.057964915e-01,6.364777243e+01,false,0,1.019333520e+02,/mnt/pd/tema1/new/results/ml_samples/N2_sw0.30_x-2_i0009.h5
2,50,3.000000000e-01,1.000000000e+00,-4,4.682412115e-01,3.099491421e-01,334898925,main,fall,1.801000000e+00,1.129081937e-01,5.124261155e-02,1.171411148e-01,6.052695488e+01,false,0,1.678063746e+02,/mnt/pd/tema1/new/results/ml_samples/N2_sw0.30_x-4_i0069.h5
2,50,3.000000000e-01,1.000000000e+00,-2,7.341206058e-01,4.859462309e-01,727306771,main,fall,8.410000000e-01,1.664181005e-01,8.736333829e-02,1.013863104e-01,1.707140469e+02,false,0,7.936388615e+01,/mnt/pd/tema1/new/results/ml_samples/N2_sw0.30_x-2_i0025.h5
2,50,3.000000000e-01,1.000000000e+00,-2,7.341206058e-01,4.859462309e-01,273092135,main,fall,9.410000000e-01,1.315022632e-01,6.153932486e-02,9.913609219e-02,1.707140469e+02,false,0,8.845905760e+01,/mnt/pd/tema1/new/results/ml_samples/N2_sw0.30_x-2_i0015.h5
2,50,1.500000000e-01,1.000000000e+00,4,1.265879394e+00,8.379404087e-01,1677141165,main,rise,6.931000000e+00,1.098063243e-01,7.540130455e-03,9.004151851e-02,7.737561978e+02,false,0,4.302991901e+02,/mnt/pd/tema1/new/results/ml_samples/N2_sw0.15_x+4_i0099.h5
2,50,3.000000000e-01,1.000000000e+00,-2,7.341206058e-01,4.859462309e-01,1459402636,main,fall,8.610000000e-01,1.299575856e-01,5.516097968e-02,1.008978557e-01,1.707140469e+02,false,0,8.258344609e+01,/mnt/pd/tema1/new/results/ml_samples/N2_sw0.30_x-2_i0027.h5
2,50,3.000000000e-01,1.000000000e+00,-2,7.341206058e-01,4.859462309e-01,1117411427,main,fall,1.111000000e+00,1.489166200e-01,6.237713447e-02,1.068186432e-01,1.707140469e+02,false,0,9.707255141e+01,/mnt/pd/tema1/new/results/ml_samples/N2_sw0.30_x-2_i0021.h5
2,50,3.000000000e-01,1.000000000e+00,-2,7.341206058e-01,4.859462309e-01,977501370,main,fall,1.201000000e+00,1.103324996e-01,3.099857124e-02,9.755435183e-02,1.481186821e+02,false,0,1.021429064e+02,/mnt/pd/tema1/new/results/ml_samples/N2_sw0.30_x-2_i0029.h5
2,50,3.000000000e-01,1.000000000e+00,-4,4.682412115e-01,3.099491421e-01,1015394427,main,fall,2.051000000e+00,1.019462558e-01,5.688143527e-02,9.758949757e-02,6.052695488e+01,false,0,1.594568857e+02,/mnt/pd/tema1/new/results/ml_samples/N2_sw0.30_x-4_i0099.h5
2,50,3.000000000e-01,1.000000000e+00,-2,7.341206058e-01,4.859462309e-01,862156205,main,fall,8.010000000e-01,1.033104313e-01,4.086509563e-02,1.269210464e-01,1.707140469e+02,false,0,7.742848190e+01,/mnt/pd/tema1/new/results/ml_samples/N2_sw0.30_x-2_i0041.h5
2,50,3.000000000e-01,1.000000000e+00,-2,7.341206058e-01,4.859462309e-01,672943946,main,fall,1.251000000e+00,1.010987932e-01,2.527666465e-02,1.091089179e-01,1.707140469e+02,false,0,1.103683938e+02,/mnt/pd/tema1/new/results/ml_samples/N2_sw0.30_x-2_i0035.h5
2,50,3.000000000e-01,1.000000000e+00,-2,7.341206058e-01,4.859462309e-01,1652385169,main,fall,9.310000000e-01,1.251230398e-01,4.425225909e-02,9.510627876e-02,1.707140469e+02,false,0,8.772430776e+01,/mnt/pd/tema1/new/results/ml_samples/N2_sw0.30_x-2_i0043.h5
2,50,3.000000000e-01,1.000000000e+00,-2,7.341206058e-01,4.859462309e-01,2034964355,main,fall,1.891000000e+00,1.313508398e-01,6.303897126e-02,1.118357331e-01,1.707140469e+02,false,0,1.487321962e+02,/mnt/pd/tema1/new/results/ml_samples/N2_sw0.30_x-2_i0019.h5
2,50,3.000000000e-01,1.000000000e+00,-2,7.341206058e-01,4.859462309e-01,1913646616,main,fall,2.201000000e+00,1.464652650e-01,8.192469878e-02,9.972173091e-02,1.707140469e+02,false,0,1.930066104e+02,/mnt/pd/tema1/new/results/ml_samples/N2_sw0.30_x-2_i0005.h5
2,50,3.000000000e-01,1.000000000e+00,-4,4.682412115e-01,3.099491421e-01,1579534177,main,fall,2.471000000e+00,1.145155700e-01,2.653521266e-02,1.131590577e-01,6.052695488e+01,false,0,2.115765008e+02,/mnt/pd/tema1/new/results/ml_samples/N2_sw0.30_x-4_i0095.h5
2,50,3.000000000e-01,1.000000000e+00,-2,7.341206058e-01,4.859462309e-01,956455274,main,fall,1.931000000e+00,1.078636259e-01,3.393047247e-02,1.143577237e-01,1.707140469e+02,false,0,1.506378802e+02,/mnt/pd/tema1/new/results/ml_samples/N2_sw0.30_x-2_i0031.h5
2,50,3.000000000e-01,1.000000000e+00,-2,7.341206058e-01,4.859462309e-01,1980199693,main,fall,1.321000000e+00,1.279844367e-01,5.141920777e-02,1.041849120e-01,1.707140469e+02,false,0,1.104118690e+02,/mnt/pd/tema1/new/results/ml_samples/N2_sw0.30_x-2_i0045.h5
2,50,1.500000000e-01,1.000000000e+00,4,1.265879394e+00,8.379404087e-01,2104096707,main,rise,1.710100000e+01,1.134912286e-01,8.626825594e-03,8.563348237e-02,7.737561978e+02,false,0,9.323060202e+02,/mnt/pd/tema1/new/results/ml_samples/N2_sw0.15_x+4_i0035.h5
2,50,3.000000000e-01,1.000000000e+00,-2,7.341206058e-01,4.859462309e-01,82743436,main,fall,2.051000000e+00,1.119912719e-01,3.486566419e-02,8.432459609e-02,1.707140469e+02,false,0,1.582178251e+02,/mnt/pd/tema1/new/results/ml_samples/N2_sw0.30_x-2_i0037.h5
2,50,3.000000000e-01,1.000000000e+00,-2,7.341206058e-01,4.859462309e-01,1244659611,main,fall,2.131000000e+00,1.382761299e-01,5.129528986e-02,9.740061309e-02,1.182295467e+02,false,0,1.733757480e+02,/mnt/pd/tema1/new/results/ml_samples/N2_sw0.30_x-2_i0033.h5
2,50,3.000000000e-01,1.000000000e+00,-2,7.341206058e-01,4.859462309e-01,1635443789,main,fall,3.271000000e+00,1.100976525e-01,2.444204320e-02,9.453532808e-02,1.707140469e+02,false,0,2.387942368e+02,/mnt/pd/tema1/new/results/ml_samples/N2_sw0.30_x-2_i0003.h5
2,50,3.000000000e-01,1.000000000e+00,-2,7.341206058e-01,4.859462309e-01,1339568472,main,fall,3.101000000e+00,9.949855284e-02,3.105755147e-02,1.022600676e-01,1.707140469e+02,false,0,2.260368081e+02,/mnt/pd/tema1/new/results/ml_samples/N2_sw0.30_x-2_i0011.h5
2,50,3.000000000e-01,1.000000000e+00,-2,7.341206058e-01,4.859462309e-01,420085411,main,fall,1.051000000e+00,1.637673175e-01,9.204648175e-02,1.128650430e-01,1.707140469e+02,false,0,9.475627822e+01,/mnt/pd/tema1/new/results/ml_samples/N2_sw0.30_x-2_i0063.h5
2,50,3.000000000e-01,1.000000000e+00,-2,7.341206058e-01,4.859462309e-01,2130669443,main,fall,1.801000000e+00,9.883646572e-02,3.755180816e-02,9.942974366e-02,1.707140469e+02,false,0,1.420303486e+02,/mnt/pd/tema1/new/results/ml_samples/N2_sw0.30_x-2_i0053.h5
2,50,3.000000000e-01,1.000000000e+00,-2,7.341206058e-01,4.859462309e-01,1592215430,main,fall,7.910000000e-01,1.209997335e-01,4.749255647e-02,1.020622771e-01,6.904598348e+01,false,0,7.653016509e+01,/mnt/pd/tema1/new/results/ml_samples/N2_sw0.30_x-2_i0071.h5
2,50,3.000000000e-01,1.000000000e+00,-2,7.341206058e-01,4.859462309e-01,2136058327,main,fall,1.661000000e+00,9.234988767e-02,2.277528808e-02,1.052077927e-01,1.707140469e+02,false,0,1.326344765e+02,/mnt/pd/tema1/new/results/ml_samples/N2_sw0.30_x-2_i0059.h5
2,50,3.000000000e-01,1.000000000e+00,-2,7.341206058e-01,4.859462309e-01,510005031,main,fall,2.201000000e+00,9.820726232e-02,2.763799966e-02,1.098013499e-01,1.707140469e+02,false,0,1.697616594e+02,/mnt/pd/tema1/new/results/ml_samples/N2_sw0.30_x-2_i0051.h5
2,50,3.000000000e-01,1.000000000e+00,-2,7.341206058e-01,4.859462309e-01,34313412,main,fall,1.411000000e+00,1.014111554e-01,3.423266001e-02,9.407863495e-02,5.950442175e+01,false,0,1.161518382e+02,/mnt/pd/tema1/new/results/ml_samples/N2_sw0.30_x-2_i0069.h5
2,50,3.000000000e-01,1.000000000e+00,-2,7.341206058e-01,4.859462309e-01,156346422,main,fall,3.051000000e+00,9.461405774e-02,2.458781637e-02,9.988350680e-02,1.707140469e+02,false,0,2.245574291e+02,/mnt/pd/tema1/new/results/ml_samples/N2_sw0.30_x-2_i0039.h5
2,50,3.000000000e-01,1.000000000e+00,-2,7.341206058e-01,4.859462309e-01,159003557,main,fall,1.981000000e+00,1.212420949e-01,5.034434754e-02,9.484938831e-02,1.707140469e+02,false,0,1.544662951e+02,/mnt/pd/tema1/new/results/ml_samples/N2_sw0.30_x-2_i0061.h5
2,50,3.000000000e-01,1.000000000e+00,-2,7.341206058e-01,4.859462309e-01,1239952141,main,fall,6.810000000e-01,1.437605794e-01,7.021244947e-02,1.069432539e-01,1.248119733e+02,false,0,7.067177626e+01,/mnt/pd/tema1/new/results/ml_samples/N2_sw0.30_x-2_i0085.h5
2,50,3.000000000e-01,1.000000000e+00,-2,7.341206058e-01,4.859462309e-01,951217932,main,fall,9.010000000e-01,1.857149381e-01,8.324057972e-02,1.024341036e-01,1.707140469e+02,false,0,9.295489423e+01,/mnt/pd/tema1/new/results/ml_samples/N2_sw0.30_x-2_i0077.h5
2,50,3.000000000e-01,1.000000000e+00,-2,7.341206058e-01,4.859462309e-01,1306823640,main,fall,2.551000000e+00,9.373346031e-02,1.502291505e-02,9.807525594e-02,1.707140469e+02,false,0,1.922494350e+02,/mnt/pd/tema1/new/results/ml_samples/N2_sw0.30_x-2_i0057.h5
2,50,3.000000000e-01,1.000000000e+00,-2,7.341206058e-01,4.859462309e-01,843997459,main,fall,3.211000000e+00,9.782830611e-02,2.294678966e-02,9.265264948e-02,1.707140469e+02,false,0,2.358195877e+02,/mnt/pd/tema1/new/results/ml_samples/N2_sw0.30_x-2_i0047.h5
2,50,3.000000000e-01,1.000000000e+00,-2,7.341206058e-01,4.859462309e-01,1096758054,main,fall,1.621000000e+00,1.333072211e-01,6.077982283e-02,1.075176373e-01,1.707140469e+02,false,0,1.313025719e+02,/mnt/pd/tema1/new/results/ml_samples/N2_sw0.30_x-2_i0081.h5
2,50,3.000000000e-01,1.000000000e+00,-2,7.341206058e-01,4.859462309e-01,856297347,main,fall,1.721000000e+00,1.156020729e-01,5.546611807e-02,1.106842910e-01,1.707140469e+02,false,0,1.378286204e+02,/mnt/pd/tema1/new/results/ml_samples/N2_sw0.30_x-2_i0079.h5
2,50,3.000000000e-01,1.000000000e+00,-2,7.341206058e-01,4.859462309e-01,1219873209,main,fall,2.491000000e+00,1.337264297e-01,4.601129359e-02,1.029388546e-01,1.707140469e+02,false,0,1.951540770e+02,/mnt/pd/tema1/new/results/ml_samples/N2_sw0.30_x-2_i0073.h5
2,50,3.000000000e-01,1.000000000e+00,-2,7.341206058e-01,4.859462309e-01,1287319852,main,fall,4.051000000e+00,1.027980043e-01,2.595007241e-02,9.039910141e-02,1.438148125e+02,false,0,2.906754108e+02,/mnt/pd/tema1/new/results/ml_samples/N2_sw0.30_x-2_i0049.h5
2,50,3.000000000e-01,1.000000000e+00,-2,7.341206058e-01,4.859462309e-01,708852214,main,fall,1.611000000e+00,1.016282100e-01,3.853174076e-02,1.027966774e-01,1.707140469e+02,false,0,1.330723227e+02,/mnt/pd/tema1/new/results/ml_samples/N2_sw0.30_x-2_i0095.h5
2,50,3.000000000e-01,1.000000000e+00,-1,8.670603029e-01,5.739447754e-01,637624248,main,fall,1.341000000e+00,1.145074218e-01,2.263657427e-02,9.842003602e-02,2.776751867e+02,false,0,1.112596963e+02,/mnt/pd/tema1/new/results/ml_samples/N2_sw0.30_x-1_i0005.h5
2,50,3.000000000e-01,1.000000000e+00,-2,7.341206058e-01,4.859462309e-01,1116828105,main,fall,1.961000000e+00,1.205317880e-01,3.133731970e-02,1.014193683e-01,1.707140469e+02,false,0,1.524527159e+02,/mnt/pd/tema1/new/results/ml_samples/N2_sw0.30_x-2_i0093.h5
2,50,3.000000000e-01,1.000000000e+00,-2,7.341206058e-01,4.859462309e-01,1694036890,main,fall,1.691000000e+00,1.421865957e-01,5.958796030e-02,9.941433070e-02,1.707140469e+02,false,0,1.342542754e+02,/mnt/pd/tema1/new/results/ml_samples/N2_sw0.30_x-2_i0099.h5
2,50,3.000000000e-01,1.000000000e+00,-2,7.341206058e-01,4.859462309e-01,1128938595,main,fall,3.331000000e+00,1.092156097e-01,2.416406144e-02,9.130742390e-02,9.496063303e+01,false,0,2.393092160e+02,/mnt/pd/tema1/new/results/ml_samples/N2_sw0.30_x-2_i0075.h5
2,50,3.000000000e-01,1.000000000e+00,-2,7.341206058e-01,4.859462309e-01,1457809060,main,fall,2.081000000e+00,1.157989284e-01,3.979367207e-02,1.010375653e-01,1.707140469e+02,false,0,1.581723762e+02,/mnt/pd/tema1/new/results/ml_samples/N2_sw0.30_x-2_i0097.h5
2,50,3.000000000e-01,1.000000000e+00,-2,7.341206058e-01,4.859462309e-01,591126831,main,fall,3.791000000e+00,1.434472522e-01,2.943125848e-02,1.013072817e-01,1.707140469e+02,false,0,2.740773538e+02,/mnt/pd/tema1/new/results/ml_samples/N2_sw0.30_x-2_i0065.h5
2,50,3.000000000e-01,1.000000000e+00,-2,7.341206058e-01,4.859462309e-01,1864706772,main,fall,6.611000000e+00,1.008977686e-01,3.039728391e-02,8.733396957e-02,1.707140469e+02,false,0,4.676012981e+02,/mnt/pd/tema1/new/results/ml_samples/N2_sw0.30_x-2_i0001.h5
2,50,3.000000000e-01,1.000000000e+00,-2,7.341206058e-01,4.859462309e-01,116706202,main,fall,3.241000000e+00,1.084866938e-01,4.458331933e-02,9.847741032e-02,1.707140469e+02,false,0,2.363315447e+02,/mnt/pd/tema1/new/results/ml_samples/N2_sw0.30_x-2_i0083.h5
2,50,3.000000000e-01,1.000000000e+00,-2,7.341206058e-01,4.859462309e-01,603567876,main,fall,4.071000000e+00,9.824234931e-02,2.794704751e-02,9.626590390e-02,1.707140469e+02,false,0,2.885129361e+02,/mnt/pd/tema1/new/results/ml_samples/N2_sw0.30_x-2_i0067.h5
2,50,3.000000000e-01,1.000000000e+00,-2,7.341206058e-01,4.859462309e-01,327311800,main,fall,5.191000000e+00,1.224014703e-01,5.261007431e-02,9.491859564e-02,1.707140469e+02,false,0,3.645162263e+02,/mnt/pd/tema1/new/results/ml_samples/N2_sw0.30_x-2_i0055.h5
2,50,3.000000000e-01,1.000000000e+00,-2,7.341206058e-01,4.859462309e-01,473728282,main,fall,2.851000000e+00,1.137097323e-01,4.383544944e-02,1.124657918e-01,6.231962992e+01,false,0,2.312109858e+02,/mnt/pd/tema1/new/results/ml_samples/N2_sw0.30_x-2_i0091.h5
2,50,3.000000000e-01,1.000000000e+00,-1,8.670603029e-01,5.739447754e-01,848757030,main,fall,2.451000000e+00,1.194110565e-01,5.009339638e-02,9.573250736e-02,2.776751867e+02,false,0,1.990566968e+02,/mnt/pd/tema1/new/results/ml_samples/N2_sw0.30_x-1_i0003.h5
2,50,3.000000000e-01,1.000000000e+00,-1,8.670603029e-01,5.739447754e-01,14571109,main,fall,9.710000000e-01,1.028179821e-01,1.750336172e-02,1.094564850e-01,2.776751867e+02,false,0,8.655343644e+01,/mnt/pd/tema1/new/results/ml_samples/N2_sw0.30_x-1_i0025.h5
2,50,3.000000000e-01,1.000000000e+00,-1,8.670603029e-01,5.739447754e-01,1134115289,main,fall,1.191000000e+00,1.033447773e-01,1.776184703e-02,9.803485320e-02,2.776751867e+02,false,0,1.019667491e+02,/mnt/pd/tema1/new/results/ml_samples/N2_sw0.30_x-1_i0019.h5
2,50,3.000000000e-01,1.000000000e+00,-1,8.670603029e-01,5.739447754e-01,1350355738,main,fall,7.210000000e-01,1.318790765e-01,5.046245864e-02,9.924472535e-02,2.776751867e+02,false,0,7.116651922e+01,/mnt/pd/tema1/new/results/ml_samples/N2_sw0.30_x-1_i0029.h5
2,50,1.500000000e-01,1.000000000e+00,2,1.132939697e+00,7.499418643e-01,791425229,main,rise,3.932100000e+01,1.046663493e-01,8.077146378e-03,8.848151077e-02,5.837719052e+02,false,0,2.108628311e+03,/mnt/pd/tema1/new/results/ml_samples/N2_sw0.15_x+2_i0043.h5
2,50,3.000000000e-01,1.000000000e+00,-1,8.670603029e-01,5.739447754e-01,1299640841,main,fall,1.111000000e+00,1.415895945e-01,7.744315549e-02,1.101095077e-01,2.776751867e+02,false,0,1.019119718e+02,/mnt/pd/tema1/new/results/ml_samples/N2_sw0.30_x-1_i0033.h5
2,50,3.000000000e-01,1.000000000e+00,-1,8.670603029e-01,5.739447754e-01,373715779,main,fall,1.651000000e+00,1.326616638e-01,6.316560400e-02,9.672191636e-02,2.776751867e+02,false,0,1.336195293e+02,/mnt/pd/tema1/new/results/ml_samples/N2_sw0.30_x-1_i0023.h5
2,50,3.000000000e-01,1.000000000e+00,-1,8.670603029e-01,5.739447754e-01,1569439461,main,fall,2.821000000e+00,9.846226495e-02,1.864886246e-02,1.025906695e-01,2.776751867e+02,false,0,2.088583501e+02,/mnt/pd/tema1/new/results/ml_samples/N2_sw0.30_x-1_i0015.h5
2,50,3.000000000e-01,1.000000000e+00,-1,8.670603029e-01,5.739447754e-01,1083068713,main,fall,1.811000000e+00,1.095760339e-01,3.553029543e-02,1.009832612e-01,2.776751867e+02,false,0,1.416769509e+02,/mnt/pd/tema1/new/results/ml_samples/N2_sw0.30_x-1_i0037.h5
2,50,3.000000000e-01,1.000000000e+00,-2,7.341206058e-01,4.859462309e-01,800782062,main,fall,8.341000000e+00,1.207697924e-01,4.694957885e-02,9.757005329e-02,1.707140469e+02,false,0,5.851390796e+02,/mnt/pd/tema1/new/results/ml_samples/N2_sw0.30_x-2_i0017.h5
2,50,3.000000000e-01,1.000000000e+00,-1,8.670603029e-01,5.739447754e-01,514508571,main,fall,1.401000000e+00,1.004840098e-01,2.657940736e-02,1.030321177e-01,2.776751867e+02,false,0,1.154479337e+02,/mnt/pd/tema1/new/results/ml_samples/N2_sw0.30_x-1_i0047.h5
2,50,3.000000000e-01,1.000000000e+00,-1,8.670603029e-01,5.739447754e-01,1729403314,main,fall,4.441000000e+00,1.032612474e-01,2.252704560e-02,9.703494062e-02,2.776751867e+02,false,0,2.943496901e+02,/mnt/pd/tema1/new/results/ml_samples/N2_sw0.30_x-1_i0009.h5
2,50,3.000000000e-01,1.000000000e+00,-1,8.670603029e-01,5.739447754e-01,134519522,main,fall,2.921000000e+00,1.221922879e-01,3.333816952e-02,1.054319396e-01,2.776751867e+02,false,0,2.172835353e+02,/mnt/pd/tema1/new/results/ml_samples/N2_sw0.30_x-1_i0021.h5
2,50,3.000000000e-01,1.000000000e+00,-2,7.341206058e-01,4.859462309e-01,350086393,main,fall,5.071000000e+00,1.108813535e-01,3.763981957e-02,9.050519185e-02,1.707140469e+02,false,0,3.828709682e+02,/mnt/pd/tema1/new/results/ml_samples/N2_sw0.30_x-2_i0087.h5
2,50,1.500000000e-01,1.000000000e+00,4,1.265879394e+00,8.379404087e-01,867105656,main,rise,1.957100000e+01,1.107305573e-01,5.276883031e-03,8.708517841e-02,7.737561978e+02,false,0,1.064162090e+03,/mnt/pd/tema1/new/results/ml_samples/N2_sw0.15_x+4_i0079.h5
2,50,1.500000000e-01,1.000000000e+00,2,1.132939697e+00,7.499418643e-01,1455733724,main,rise,3.406100000e+01,1.048794353e-01,6.767986460e-03,8.813337213e-02,5.837719052e+02,false,0,1.829846542e+03,/mnt/pd/tema1/new/results/ml_samples/N2_sw0.15_x+2_i0079.h5
2,50,3.000000000e-01,1.000000000e+00,-1,8.670603029e-01,5.739447754e-01,2066906696,main,fall,3.351000000e+00,9.742339522e-02,1.605243274e-02,9.804284326e-02,2.776751867e+02,false,0,2.315932218e+02,/mnt/pd/tema1/new/results/ml_samples/N2_sw0.30_x-1_i0027.h5
2,50,3.000000000e-01,1.000000000e+00,-2,7.341206058e-01,4.859462309e-01,16863688,main,fall,9.411000000e+00,1.017663232e-01,2.738796397e-02,9.842580431e-02,1.707140469e+02,false,0,6.432467127e+02,/mnt/pd/tema1/new/results/ml_samples/N2_sw0.30_x-2_i0023.h5
2,50,3.000000000e-01,1.000000000e+00,-1,8.670603029e-01,5.739447754e-01,1872655013,main,fall,1.781000000e+00,1.045460124e-01,2.009966423e-02,9.349199955e-02,2.776751867e+02,false,0,1.397499666e+02,/mnt/pd/tema1/new/results/ml_samples/N2_sw0.30_x-1_i0055.h5
2,50,3.000000000e-01,1.000000000e+00,-1,8.670603029e-01,5.739447754e-01,745804201,main,fall,2.341000000e+00,1.045110804e-01,2.444634680e-02,1.075841875e-01,2.776751867e+02,false,0,1.769310266e+02,/mnt/pd/tema1/new/results/ml_samples/N2_sw0.30_x-1_i0051.h5
2,50,3.000000000e-01,1.000000000e+00,-1,8.670603029e-01,5.739447754e-01,764764127,main,fall,3.111000000e+00,1.204222057e-01,4.952049626e-02,1.005395453e-01,2.776751867e+02,false,0,2.390371874e+02,/mnt/pd/tema1/new/results/ml_samples/N2_sw0.30_x-1_i0039.h5
2,50,3.000000000e-01,1.000000000e+00,-1,8.670603029e-01,5.739447754e-01,52640402,main,fall,5.271000000e+00,1.134322242e-01,3.387352265e-02,9.766191944e-02,2.776751867e+02,false,0,3.717931562e+02,/mnt/pd/tema1/new/results/ml_samples/N2_sw0.30_x-1_i0013.h5
2,50,3.000000000e-01,1.000000000e+00,-1,8.670603029e-01,5.739447754e-01,707420673,main,fall,2.401000000e+00,1.139313635e-01,3.384713082e-02,8.748205200e-02,2.776751867e+02,false,0,1.812746389e+02,/mnt/pd/tema1/new/results/ml_samples/N2_sw0.30_x-1_i0057.h5
2,50,3.000000000e-01,1.000000000e+00,-1,8.670603029e-01,5.739447754e-01,351107629,main,fall,2.331000000e+00,1.045591524e-01,2.914718431e-02,9.372529761e-02,2.776751867e+02,false,0,1.773928065e+02,/mnt/pd/tema1/new/results/ml_samples/N2_sw0.30_x-1_i0059.h5
2,50,3.000000000e-01,1.000000000e+00,-1,8.670603029e-01,5.739447754e-01,1738320425,main,fall,1.401000000e+00,1.028478542e-01,2.444439825e-02,1.050675943e-01,2.776751867e+02,false,0,1.145926839e+02,/mnt/pd/tema1/new/results/ml_samples/N2_sw0.30_x-1_i0071.h5
2,50,3.000000000e-01,1.000000000e+00,-1,8.670603029e-01,5.739447754e-01,1940563074,main,fall,7.610000000e-01,1.325567089e-01,4.530260527e-02,1.059791333e-01,2.776751867e+02,false,0,7.429140274e+01,/mnt/pd/tema1/new/results/ml_samples/N2_sw0.30_x-1_i0083.h5
2,50,3.000000000e-01,1.000000000e+00,-2,7.341206058e-01,4.859462309e-01,1744480462,main,fall,7.361000000e+00,1.019441804e-01,2.442441856e-02,9.697145766e-02,1.707140469e+02,false,0,5.079674495e+02,/mnt/pd/tema1/new/results/ml_samples/N2_sw0.30_x-2_i0089.h5
2,50,3.000000000e-01,1.000000000e+00,-1,8.670603029e-01,5.739447754e-01,905655688,main,rise,3.771000000e+00,1.157668256e-01,2.647591345e-02,9.142780549e-02,2.776751867e+02,false,0,2.601463895e+02,/mnt/pd/tema1/new/results/ml_samples/N2_sw0.30_x-1_i0049.h5
2,50,3.000000000e-01,1.000000000e+00,-1,8.670603029e-01,5.739447754e-01,1701751701,main,fall,1.451000000e+00,1.169580369e-01,4.201070157e-02,1.081071170e-01,2.776751867e+02,false,0,1.186726907e+02,/mnt/pd/tema1/new/results/ml_samples/N2_sw0.30_x-1_i0077.h5
2,50,1.500000000e-01,1.000000000e+00,1,1.066469849e+00,7.059425921e-01,1862915044,main,timeout,6.000100000e+01,1.030651120e-01,7.676783086e-03,8.813951361e-02,4.971066929e+02,false,0,3.305636790e+03,/mnt/pd/tema1/new/results/ml_samples/N2_sw0.15_x+1_i0175.h5
2,50,3.000000000e-01,1.000000000e+00,-1,8.670603029e-01,5.739447754e-01,1696480044,main,fall,3.781000000e+00,1.001965437e-01,1.152496297e-02,9.019280920e-02,2.776751867e+02,false,0,2.520189810e+02,/mnt/pd/tema1/new/results/ml_samples/N2_sw0.30_x-1_i0053.h5
2,50,3.000000000e-01,1.000000000e+00,-1,8.670603029e-01,5.739447754e-01,954609586,main,fall,1.451000000e+00,1.177499440e-01,4.120262905e-02,1.008375100e-01,2.776751867e+02,false,0,1.232657399e+02,/mnt/pd/tema1/new/results/ml_samples/N2_sw0.30_x-1_i0081.h5
2,50,3.000000000e-01,1.000000000e+00,-1,8.670603029e-01,5.739447754e-01,611218434,main,fall,5.831000000e+00,1.096368336e-01,3.130887345e-02,9.344557374e-02,2.776751867e+02,false,0,4.215613944e+02,/mnt/pd/tema1/new/results/ml_samples/N2_sw0.30_x-1_i0017.h5
2,50,3.000000000e-01,1.000000000e+00,-1,8.670603029e-01,5.739447754e-01,212590411,main,fall,5.431000000e+00,1.141543505e-01,2.882499323e-02,9.171739591e-02,2.776751867e+02,false,0,3.791191113e+02,/mnt/pd/tema1/new/results/ml_samples/N2_sw0.30_x-1_i0031.h5
2,50,3.000000000e-01,1.000000000e+00,-1,8.670603029e-01,5.739447754e-01,823237539,main,fall,8.610000000e-01,1.062814095e-01,2.156696293e-02,1.028642933e-01,2.564854537e+02,false,0,8.001162039e+01,/mnt/pd/tema1/new/results/ml_samples/N2_sw0.30_x-1_i0093.h5
2,50,3.000000000e-01,1.000000000e+00,-1,8.670603029e-01,5.739447754e-01,429770588,main,fall,1.651000000e+00,1.323153192e-01,4.007978322e-02,1.017506773e-01,2.776751867e+02,false,0,1.318762728e+02,/mnt/pd/tema1/new/results/ml_samples/N2_sw0.30_x-1_i0085.h5
2,50,3.000000000e-01,1.000000000e+00,-2,7.341206058e-01,4.859462309e-01,264496011,main,rise,1.200100000e+01,1.095128080e-01,3.163995174e-02,9.651701776e-02,1.707140469e+02,false,0,8.188471047e+02,/mnt/pd/tema1/new/results/ml_samples/N2_sw0.30_x-2_i0013.h5
2,50,3.000000000e-01,1.000000000e+00,-1,8.670603029e-01,5.739447754e-01,199478383,main,fall,2.431000000e+00,1.120887752e-01,3.111324091e-02,1.017750941e-01,2.776751867e+02,false,0,1.837189385e+02,/mnt/pd/tema1/new/results/ml_samples/N2_sw0.30_x-1_i0079.h5
2,50,3.000000000e-01,1.000000000e+00,-1,8.670603029e-01,5.739447754e-01,1996185481,main,fall,5.391000000e+00,1.285915287e-01,4.632164180e-02,7.573802325e-02,2.776751867e+02,false,0,3.774750618e+02,/mnt/pd/tema1/new/results/ml_samples/N2_sw0.30_x-1_i0043.h5
2,50,3.000000000e-01,1.000000000e+00,-1,8.670603029e-01,5.739447754e-01,1050867380,main,fall,1.311000000e+00,1.367872899e-01,8.782013033e-02,1.159421284e-01,2.776751867e+02,false,0,1.111303804e+02,/mnt/pd/tema1/new/results/ml_samples/N2_sw0.30_x-1_i0095.h5
2,50,3.000000000e-01,1.000000000e+00,-1,8.670603029e-01,5.739447754e-01,1526044758,main,fall,3.721000000e+00,1.180369477e-01,3.014447110e-02,1.007236228e-01,2.717814816e+02,false,0,2.684384018e+02,/mnt/pd/tema1/new/results/ml_samples/N2_sw0.30_x-1_i0061.h5
2,50,3.000000000e-01,1.000000000e+00,-1,8.670603029e-01,5.739447754e-01,1941278972,main,fall,1.641000000e+00,1.406596642e-01,7.460613712e-02,9.623143599e-02,2.776751867e+02,false,0,1.317250660e+02,/mnt/pd/tema1/new/results/ml_samples/N2_sw0.30_x-1_i0099.h5
2,50,3.000000000e-01,1.000000000e+00,-1,8.670603029e-01,5.739447754e-01,2126233476,main,fall,8.291000000e+00,1.084581392e-01,3.112737352e-02,9.178118184e-02,2.776751867e+02,false,0,5.679973604e+02,/mnt/pd/tema1/new/results/ml_samples/N2_sw0.30_x-1_i0011.h5
2,50,3.000000000e-01,1.000000000e+00,-1,8.670603029e-01,5.739447754e-01,1100918475,main,fall,1.591000000e+00,1.386329823e-01,4.432407911e-02,1.125374253e-01,2.776751867e+02,false,0,1.369769487e+02,/mnt/pd/tema1/new/results/ml_samples/N2_sw0.30_x-1_i0101.h5
2,50,3.000000000e-01,1.000000000e+00,-1,8.670603029e-01,5.739447754e-01,1309197607,main,fall,6.831000000e+00,1.217297909e-01,2.527659579e-02,8.584327009e-02,2.776751867e+02,false,0,4.321130180e+02,/mnt/pd/tema1/new/results/ml_samples/N2_sw0.30_x-1_i0041.h5
2,50,3.000000000e-01,1.000000000e+00,-1,8.670603029e-01,5.739447754e-01,381322217,main,fall,4.571000000e+00,1.132610215e-01,2.766568712e-02,9.536347842e-02,2.776751867e+02,false,0,3.242982762e+02,/mnt/pd/tema1/new/results/ml_samples/N2_sw0.30_x-1_i0069.h5
2,50,3.000000000e-01,1.000000000e+00,-1,8.670603029e-01,5.739447754e-01,1163231357,main,fall,1.921000000e+00,1.087897836e-01,1.573928169e-02,1.076257728e-01,2.776751867e+02,false,0,1.523870489e+02,/mnt/pd/tema1/new/results/ml_samples/N2_sw0.30_x-1_i0107.h5
2,50,3.000000000e-01,1.000000000e+00,-1,8.670603029e-01,5.739447754e-01,261604804,main,fall,4.261000000e+00,1.251618307e-01,3.600316569e-02,8.415611421e-02,2.776751867e+02,false,0,3.165687300e+02,/mnt/pd/tema1/new/results/ml_samples/N2_sw0.30_x-1_i0075.h5
2,50,3.000000000e-01,1.000000000e+00,-1,8.670603029e-01,5.739447754e-01,1479329465,main,fall,1.771000000e+00,1.255412305e-01,7.099324667e-02,1.014502937e-01,2.417015606e+02,false,0,1.426237405e+02,/mnt/pd/tema1/new/results/ml_samples/N2_sw0.30_x-1_i0117.h5
2,50,3.000000000e-01,1.000000000e+00,-1,8.670603029e-01,5.739447754e-01,96897309,main,fall,1.021000000e+00,1.033724839e-01,1.800758494e-02,1.063541310e-01,2.672234788e+02,false,0,9.050252787e+01,/mnt/pd/tema1/new/results/ml_samples/N2_sw0.30_x-1_i0127.h5
2,50,3.000000000e-01,1.000000000e+00,-1,8.670603029e-01,5.739447754e-01,870457265,main,fall,1.421000000e+00,1.014608577e-01,3.496909395e-02,1.005181081e-01,2.776751867e+02,false,0,1.176668504e+02,/mnt/pd/tema1/new/results/ml_samples/N2_sw0.30_x-1_i0125.h5
2,50,3.000000000e-01,1.000000000e+00,-1,8.670603029e-01,5.739447754e-01,1213902641,main,fall,1.241000000e+00,1.237409511e-01,3.457658122e-02,9.703063650e-02,2.776751867e+02,false,0,1.048771671e+02,/mnt/pd/tema1/new/results/ml_samples/N2_sw0.30_x-1_i0129.h5
2,50,3.000000000e-01,1.000000000e+00,-1,8.670603029e-01,5.739447754e-01,366671831,main,fall,1.951000000e+00,1.281494767e-01,6.584819533e-02,9.759493656e-02,2.776751867e+02,false,0,1.616150405e+02,/mnt/pd/tema1/new/results/ml_samples/N2_sw0.30_x-1_i0123.h5
2,50,3.000000000e-01,1.000000000e+00,-1,8.670603029e-01,5.739447754e-01,50727557,main,fall,6.791000000e+00,1.084150511e-01,1.987767086e-02,8.866597043e-02,2.776751867e+02,false,0,4.729068952e+02,/mnt/pd/tema1/new/results/ml_samples/N2_sw0.30_x-1_i0063.h5
2,50,3.000000000e-01,1.000000000e+00,-1,8.670603029e-01,5.739447754e-01,841648174,main,fall,1.821000000e+00,1.099558874e-01,2.884017418e-02,9.267223854e-02,2.776751867e+02,false,0,1.421086308e+02,/mnt/pd/tema1/new/results/ml_samples/N2_sw0.30_x-1_i0135.h5
2,50,3.000000000e-01,1.000000000e+00,-1,8.670603029e-01,5.739447754e-01,447416352,main,fall,1.441000000e+00,1.116479994e-01,3.731003575e-02,9.674286836e-02,2.776751867e+02,false,0,1.178577930e+02,/mnt/pd/tema1/new/results/ml_samples/N2_sw0.30_x-1_i0145.h5
2,50,3.000000000e-01,1.000000000e+00,-1,8.670603029e-01,5.739447754e-01,47547184,main,fall,4.701000000e+00,1.077664393e-01,2.647818961e-02,1.002776973e-01,2.776751867e+02,false,0,3.350434286e+02,/mnt/pd/tema1/new/results/ml_samples/N2_sw0.30_x-1_i0103.h5
2,50,3.000000000e-01,1.000000000e+00,-1,8.670603029e-01,5.739447754e-01,818494156,main,fall,7.221000000e+00,1.061649152e-01,2.852109003e-02,9.846251850e-02,2.776751867e+02,false,0,5.148146479e+02,/mnt/pd/tema1/new/results/ml_samples/N2_sw0.30_x-1_i0067.h5
2,50,3.000000000e-01,1.000000000e+00,-1,8.670603029e-01,5.739447754e-01,483567073,main,fall,1.241000000e+00,1.131759671e-01,4.949241410e-02,1.068609168e-01,2.776751867e+02,false,0,1.055930439e+02,/mnt/pd/tema1/new/results/ml_samples/N2_sw0.30_x-1_i0149.h5
2,50,3.000000000e-01,1.000000000e+00,-1,8.670603029e-01,5.739447754e-01,330371790,main,rise,5.581000000e+00,1.131152162e-01,3.090319297e-02,8.936980009e-02,2.776751867e+02,false,0,3.908137254e+02,/mnt/pd/tema1/new/results/ml_samples/N2_sw0.30_x-1_i0097.h5
2,50,3.000000000e-01,1.000000000e+00,-1,8.670603029e-01,5.739447754e-01,800084389,main,fall,2.541000000e+00,1.359349575e-01,6.209498960e-02,8.643640918e-02,2.776751867e+02,false,0,1.922880373e+02,/mnt/pd/tema1/new/results/ml_samples/N2_sw0.30_x-1_i0139.h5
2,50,3.000000000e-01,1.000000000e+00,-1,8.670603029e-01,5.739447754e-01,593417587,main,fall,2.161000000e+00,1.148359683e-01,2.959825644e-02,9.160895553e-02,2.776751867e+02,false,0,1.648795080e+02,/mnt/pd/tema1/new/results/ml_samples/N2_sw0.30_x-1_i0147.h5
2,50,3.000000000e-01,1.000000000e+00,-1,8.670603029e-01,5.739447754e-01,511621866,main,fall,3.051000000e+00,1.150546956e-01,3.349935248e-02,1.030247792e-01,2.776751867e+02,false,0,2.228926787e+02,/mnt/pd/tema1/new/results/ml_samples/N2_sw0.30_x-1_i0137.h5
2,50,3.000000000e-01,1.000000000e+00,-1,8.670603029e-01,5.739447754e-01,686083000,main,rise,1.328100000e+01,1.087202393e-01,2.510873147e-02,9.138970081e-02,2.776751867e+02,false,0,8.965337316e+02,/mnt/pd/tema1/new/results/ml_samples/N2_sw0.30_x-1_i0001.h5
2,50,3.000000000e-01,1.000000000e+00,-1,8.670603029e-01,5.739447754e-01,1719800274,main,fall,2.891000000e+00,1.278907902e-01,4.813227977e-02,7.989213662e-02,2.776751867e+02,false,0,2.210457168e+02,/mnt/pd/tema1/new/results/ml_samples/N2_sw0.30_x-1_i0143.h5
2,50,3.000000000e-01,1.000000000e+00,-1,8.670603029e-01,5.739447754e-01,181382529,main,fall,5.541000000e+00,1.364511122e-01,3.248360686e-02,1.032379368e-01,2.776751867e+02,false,0,3.906310477e+02,/mnt/pd/tema1/new/results/ml_samples/N2_sw0.30_x-1_i0111.h5
2,50,3.000000000e-01,1.000000000e+00,-1,8.670603029e-01,5.739447754e-01,672707013,main,fall,1.077100000e+01,1.210382397e-01,2.817879878e-02,8.843369355e-02,2.776751867e+02,false,0,7.322744329e+02,/mnt/pd/tema1/new/results/ml_samples/N2_sw0.30_x-1_i0045.h5
2,50,3.000000000e-01,1.000000000e+00,-1,8.670603029e-01,5.739447754e-01,912431895,main,fall,1.901000000e+00,9.623184376e-02,1.198717882e-02,9.528239826e-02,2.776751867e+02,false,0,1.348047965e+02,/mnt/pd/tema1/new/results/ml_samples/N2_sw0.30_x-1_i0159.h5
2,50,3.000000000e-01,1.000000000e+00,-1,8.670603029e-01,5.739447754e-01,1056701742,main,fall,8.110000000e-01,1.248370952e-01,3.751986834e-02,1.042964502e-01,2.776751867e+02,false,0,7.700969694e+01,/mnt/pd/tema1/new/results/ml_samples/N2_sw0.30_x-1_i0171.h5
2,50,3.000000000e-01,1.000000000e+00,-1,8.670603029e-01,5.739447754e-01,1671361409,main,fall,9.611000000e+00,1.120037148e-01,2.663749124e-02,9.310976955e-02,2.776751867e+02,false,0,6.572518300e+02,/mnt/pd/tema1/new/results/ml_samples/N2_sw0.30_x-1_i0065.h5
2,50,3.000000000e-01,1.000000000e+00,-1,8.670603029e-01,5.739447754e-01,1338756612,main,fall,2.161000000e+00,1.183222950e-01,5.127112532e-02,8.633430812e-02,2.776751867e+02,false,0,1.655140903e+02,/mnt/pd/tema1/new/results/ml_samples/N2_sw0.30_x-1_i0163.h5
2,50,3.000000000e-01,1.000000000e+00,-1,8.670603029e-01,5.739447754e-01,836338398,main,fall,8.161000000e+00,9.970352557e-02,2.260766676e-02,9.765254048e-02,2.776751867e+02,false,0,5.436231067e+02,/mnt/pd/tema1/new/results/ml_samples/N2_sw0.30_x-1_i0105.h5
2,50,3.000000000e-01,1.000000000e+00,-1,8.670603029e-01,5.739447754e-01,1241745646,main,fall,2.151000000e+00,1.053605975e-01,2.709829690e-02,1.009763016e-01,2.776751867e+02,false,0,1.611567439e+02,/mnt/pd/tema1/new/results/ml_samples/N2_sw0.30_x-1_i0167.h5
2,50,3.000000000e-01,1.000000000e+00,-1,8.670603029e-01,5.739447754e-01,1701907479,main,fall,5.811000000e+00,1.135368667e-01,2.523168532e-02,8.472984713e-02,2.430952871e+02,false,0,4.286349913e+02,/mnt/pd/tema1/new/results/ml_samples/N2_sw0.30_x-1_i0131.h5
2,50,3.000000000e-01,1.000000000e+00,-1,8.670603029e-01,5.739447754e-01,1188826013,main,fall,1.521000000e+00,9.979355267e-02,1.999885198e-02,1.063755591e-01,2.776751867e+02,false,0,1.223678012e+02,/mnt/pd/tema1/new/results/ml_samples/N2_sw0.30_x-1_i0177.h5
2,50,3.000000000e-01,1.000000000e+00,-1,8.670603029e-01,5.739447754e-01,807862328,main,fall,7.491000000e+00,1.195816038e-01,3.065020071e-02,9.643957522e-02,2.776751867e+02,false,0,5.187092771e+02,/mnt/pd/tema1/new/results/ml_samples/N2_sw0.30_x-1_i0115.h5
2,50,3.000000000e-01,1.000000000e+00,-1,8.670603029e-01,5.739447754e-01,189102486,main,fall,1.791000000e+00,1.315656490e-01,3.538697921e-02,9.884512328e-02,2.776751867e+02,false,0,1.575032115e+02,/mnt/pd/tema1/new/results/ml_samples/N2_sw0.30_x-1_i0173.h5
2,50,3.000000000e-01,1.000000000e+00,-1,8.670603029e-01,5.739447754e-01,685619808,main,fall,1.231000000e+00,1.002273302e-01,3.630366514e-02,1.135197703e-01,1.665712918e+02,false,0,1.052863381e+02,/mnt/pd/tema1/new/results/ml_samples/N2_sw0.30_x-1_i0179.h5
2,50,3.000000000e-01,1.000000000e+00,-1,8.670603029e-01,5.739447754e-01,856285375,main,fall,8.231000000e+00,1.041382714e-01,2.408010159e-02,8.902045399e-02,2.776751867e+02,false,0,5.637417219e+02,/mnt/pd/tema1/new/results/ml_samples/N2_sw0.30_x-1_i0109.h5
2,50,3.000000000e-01,1.000000000e+00,-1,8.670603029e-01,5.739447754e-01,543897482,main,fall,1.491000000e+00,1.724961256e-01,7.184079433e-02,9.862165932e-02,1.948378355e+02,false,0,1.263179271e+02,/mnt/pd/tema1/new/results/ml_samples/N2_sw0.30_x-1_i0181.h5
2,50,3.000000000e-01,1.000000000e+00,-1,8.670603029e-01,5.739447754e-01,315365567,main,fall,2.531000000e+00,1.213689394e-01,2.624814856e-02,9.329221913e-02,2.776751867e+02,false,0,1.923583397e+02,/mnt/pd/tema1/new/results/ml_samples/N2_sw0.30_x-1_i0175.h5
2,50,3.000000000e-01,1.000000000e+00,-1,8.670603029e-01,5.739447754e-01,1692451620,main,fall,1.445100000e+01,1.067831738e-01,1.968680242e-02,9.103220701e-02,2.776751867e+02,false,0,9.859423104e+02,/mnt/pd/tema1/new/results/ml_samples/N2_sw0.30_x-1_i0035.h5
2,50,3.000000000e-01,1.000000000e+00,-1,8.670603029e-01,5.739447754e-01,1977212921,main,fall,7.810000000e-01,1.653177197e-01,6.349198718e-02,9.802619354e-02,2.776751867e+02,false,0,8.090164189e+01,/mnt/pd/tema1/new/results/ml_samples/N2_sw0.30_x-1_i0199.h5
2,50,3.000000000e-01,1.000000000e+00,-1,8.670603029e-01,5.739447754e-01,1866237746,main,fall,1.451000000e+00,9.324258060e-02,1.141616089e-02,1.033834128e-01,2.776751867e+02,false,0,1.194422622e+02,/mnt/pd/tema1/new/results/ml_samples/N2_sw0.30_x-1_i0197.h5
2,50,3.000000000e-01,1.000000000e+00,-1,8.670603029e-01,5.739447754e-01,1452669205,main,fall,5.211000000e+00,1.013537361e-01,2.161539453e-02,9.076500102e-02,2.776751867e+02,false,0,3.311850460e+02,/mnt/pd/tema1/new/results/ml_samples/N2_sw0.30_x-1_i0165.h5
2,50,3.000000000e-01,1.000000000e+00,0,1.000000000e+00,6.619433198e-01,693154318,main,fall,1.101000000e+00,1.270706350e-01,4.248268567e-02,9.907827990e-02,4.168027829e+02,false,0,9.563360269e+01,/mnt/pd/tema1/new/results/ml_samples/N2_sw0.30_x+0_i0011.h5
2,50,3.000000000e-01,1.000000000e+00,-1,8.670603029e-01,5.739447754e-01,1504690715,main,fall,1.085100000e+01,1.084532505e-01,2.035450213e-02,9.718922628e-02,2.776751867e+02,false,0,7.347604361e+02,/mnt/pd/tema1/new/results/ml_samples/N2_sw0.30_x-1_i0119.h5
2,50,3.000000000e-01,1.000000000e+00,-1,8.670603029e-01,5.739447754e-01,1374413845,main,fall,1.941100000e+01,1.122648397e-01,2.917109435e-02,9.230075525e-02,2.776751867e+02,false,0,1.319346587e+03,/mnt/pd/tema1/new/results/ml_samples/N2_sw0.30_x-1_i0007.h5
2,50,3.000000000e-01,1.000000000e+00,-1,8.670603029e-01,5.739447754e-01,407749074,main,fall,1.300100000e+01,1.197664271e-01,2.988368064e-02,9.343387945e-02,2.776751867e+02,false,0,8.990678280e+02,/mnt/pd/tema1/new/results/ml_samples/N2_sw0.30_x-1_i0087.h5
2,50,3.000000000e-01,1.000000000e+00,0,1.000000000e+00,6.619433198e-01,1412097629,main,fall,2.531000000e+00,9.928468061e-02,1.484755777e-02,1.024003757e-01,4.168027829e+02,false,0,1.901962909e+02,/mnt/pd/tema1/new/results/ml_samples/N2_sw0.30_x+0_i0009.h5
2,50,3.000000000e-01,1.000000000e+00,-1,8.670603029e-01,5.739447754e-01,1971398689,main,fall,1.312100000e+01,1.096344295e-01,1.931369340e-02,9.035503829e-02,2.776751867e+02,false,0,9.108645836e+02,/mnt/pd/tema1/new/results/ml_samples/N2_sw0.30_x-1_i0091.h5
2,50,3.000000000e-01,1.000000000e+00,0,1.000000000e+00,6.619433198e-01,199568139,main,fall,4.631000000e+00,1.000778032e-01,1.896228392e-02,9.731777135e-02,4.168027829e+02,false,0,3.278135945e+02,/mnt/pd/tema1/new/results/ml_samples/N2_sw0.30_x+0_i0001.h5
2,50,3.000000000e-01,1.000000000e+00,-1,8.670603029e-01,5.739447754e-01,1392383733,main,fall,5.481000000e+00,1.193973484e-01,4.174471467e-02,9.264257072e-02,2.776751867e+02,false,0,3.972933485e+02,/mnt/pd/tema1/new/results/ml_samples/N2_sw0.30_x-1_i0185.h5
2,50,3.000000000e-01,1.000000000e+00,-1,8.670603029e-01,5.739447754e-01,2070146355,main,fall,1.316100000e+01,1.203271967e-01,2.766805989e-02,8.573026100e-02,2.776751867e+02,false,0,8.925125169e+02,/mnt/pd/tema1/new/results/ml_samples/N2_sw0.30_x-1_i0113.h5
2,50,3.000000000e-01,1.000000000e+00,0,1.000000000e+00,6.619433198e-01,1197627955,main,fall,4.051000000e+00,1.063843772e-01,1.914373424e-02,9.521583856e-02,4.168027829e+02,false,0,2.884353696e+02,/mnt/pd/tema1/new/results/ml_samples/N2_sw0.30_x+0_i0007.h5
2,50,3.000000000e-01,1.000000000e+00,-1,8.670603029e-01,5.739447754e-01,1063681333,main,fall,1.158100000e+01,1.063752222e-01,2.949893807e-02,9.528783865e-02,2.776751867e+02,false,0,8.333290312e+02,/mnt/pd/tema1/new/results/ml_samples/N2_sw0.30_x-1_i0133.h5
2,50,3.000000000e-01,1.000000000e+00,-1,8.670603029e-01,5.739447754e-01,1167276683,main,rise,6.141000000e+00,1.228318056e-01,3.288497821e-02,8.885106084e-02,2.776751867e+02,false,0,4.254312905e+02,/mnt/pd/tema1/new/results/ml_samples/N2_sw0.30_x-1_i0191.h5
2,50,3.000000000e-01,1.000000000e+00,-1,8.670603029e-01,5.739447754e-01,1897509642,main,fall,6.491000000e+00,1.038627808e-01,2.428855060e-02,8.941011531e-02,2.776751867e+02,false,0,4.485948612e+02,/mnt/pd/tema1/new/results/ml_samples/N2_sw0.30_x-1_i0195.h5
2,50,3.000000000e-01,1.000000000e+00,-1,8.670603029e-01,5.739447754e-01,943865099,main,fall,7.601000000e+00,1.025964553e-01,2.155075353e-02,8.804483502e-02,2.776751867e+02,false,0,5.146883109e+02,/mnt/pd/tema1/new/results/ml_samples/N2_sw0.30_x-1_i0187.h5
2,50,3.000000000e-01,1.000000000e+00,0,1.000000000e+00,6.619433198e-01,913995355,main,fall,5.141000000e+00,1.204665719e-01,3.762902279e-02,8.947589041e-02,4.168027829e+02,false,0,3.595595130e+02,/mnt/pd/tema1/new/results/ml_samples/N2_sw0.30_x+0_i0013.h5
2,50,3.000000000e-01,1.000000000e+00,-1,8.670603029e-01,5.739447754e-01,2016296136,main,fall,1.135100000e+01,1.154665004e-01,3.161071703e-02,9.737088399e-02,2.776751867e+02,false,0,7.755413163e+02,/mnt/pd/tema1/new/results/ml_samples/N2_sw0.30_x-1_i0151.h5
2,50,3.000000000e-01,1.000000000e+00,-1,8.670603029e-01,5.739447754e-01,468336170,main,fall,1.314100000e+01,1.122797763e-01,2.105141870e-02,9.600517220e-02,2.776751867e+02,false,0,8.843127961e+02,/mnt/pd/tema1/new/results/ml_samples/N2_sw0.30_x-1_i0141.h5
2,50,3.000000000e-01,1.000000000e+00,0,1.000000000e+00,6.619433198e-01,2132187406,main,rise,3.731000000e+00,1.281766233e-01,3.205437633e-02,8.646518583e-02,4.168027829e+02,false,0,2.686359362e+02,/mnt/pd/tema1/new/results/ml_samples/N2_sw0.30_x+0_i0021.h5
2,50,3.000000000e-01,1.000000000e+00,0,1.000000000e+00,6.619433198e-01,423371548,main,fall,2.131000000e+00,1.245282406e-01,4.635669257e-02,1.055693340e-01,4.168027829e+02,false,0,1.648088819e+02,/mnt/pd/tema1/new/results/ml_samples/N2_sw0.30_x+0_i0033.h5
2,50,3.000000000e-01,1.000000000e+00,0,1.000000000e+00,6.619433198e-01,2038881172,main,fall,1.991000000e+00,1.175309564e-01,2.087879153e-02,9.439507274e-02,4.168027829e+02,false,0,1.484385003e+02,/mnt/pd/tema1/new/results/ml_samples/N2_sw0.30_x+0_i0035.h5
2,50,3.000000000e-01,1.000000000e+00,0,1.000000000e+00,6.619433198e-01,1265910837,main,fall,2.491000000e+00,1.194229749e-01,3.905908435e-02,9.015670661e-02,4.168027829e+02,false,0,1.883136911e+02,/mnt/pd/tema1/new/results/ml_samples/N2_sw0.30_x+0_i0031.h5
2,50,3.000000000e-01,1.000000000e+00,-1,8.670603029e-01,5.739447754e-01,1086551830,main,fall,1.221100000e+01,9.966632747e-02,1.980173842e-02,9.361394507e-02,2.776751867e+02,false,0,8.112928547e+02,/mnt/pd/tema1/new/results/ml_samples/N2_sw0.30_x-1_i0155.h5
2,50,3.000000000e-01,1.000000000e+00,-1,8.670603029e-01,5.739447754e-01,2139992017,main,fall,1.566100000e+01,1.053896430e-01,2.111564895e-02,8.835983964e-02,2.776751867e+02,false,0,1.055346855e+03,/mnt/pd/tema1/new/results/ml_samples/N2_sw0.30_x-1_i0121.h5
2,50,3.000000000e-01,1.000000000e+00,-1,8.670603029e-01,5.739447754e-01,944396903,main,fall,1.131100000e+01,1.108159978e-01,3.218780515e-02,9.036987139e-02,2.776751867e+02,false,0,7.618769569e+02,/mnt/pd/tema1/new/results/ml_samples/N2_sw0.30_x-1_i0169.h5
2,50,3.000000000e-01,1.000000000e+00,-1,8.670603029e-01,5.739447754e-01,1148802328,main,fall,1.044100000e+01,1.333169671e-01,4.041124023e-02,8.972501620e-02,2.776751867e+02,false,0,7.117409795e+02,/mnt/pd/tema1/new/results/ml_samples/N2_sw0.30_x-1_i0183.h5
2,50,3.000000000e-01,1.000000000e+00,0,1.000000000e+00,6.619433198e-01,1721460768,main,fall,2.461000000e+00,1.418740816e-01,6.739111457e-02,8.345872793e-02,4.168027829e+02,false,0,1.849495126e+02,/mnt/pd/tema1/new/results/ml_samples/N2_sw0.30_x+0_i0039.h5
2,50,3.000000000e-01,1.000000000e+00,0,1.000000000e+00,6.619433198e-01,1126373958,main,fall,6.110000000e-01,1.519968404e-01,5.448477906e-02,1.142266092e-01,4.168027829e+02,false,0,6.443356030e+01,/mnt/pd/tema1/new/results/ml_samples/N2_sw0.30_x+0_i0059.h5
2,50,3.000000000e-01,1.000000000e+00,0,1.000000000e+00,6.619433198e-01,810300860,main,rise,9.721000000e+00,1.197408491e-01,2.991309646e-02,8.790616141e-02,4.168027829e+02,false,0,6.023794308e+02,/mnt/pd/tema1/new/results/ml_samples/N2_sw0.30_x+0_i0003.h5
2,50,3.000000000e-01,1.000000000e+00,0,1.000000000e+00,6.619433198e-01,762550519,main,rise,8.831000000e+00,1.174605828e-01,2.497526033e-02,8.762214324e-02,4.168027829e+02,false,0,6.027362617e+02,/mnt/pd/tema1/new/results/ml_samples/N2_sw0.30_x+0_i0005.h5
2,50,3.000000000e-01,1.000000000e+00,0,1.000000000e+00,6.619433198e-01,543785762,main,fall,5.971000000e+00,1.234930518e-01,2.997435402e-02,9.537995219e-02,4.168027829e+02,false,0,4.321001906e+02,/mnt/pd/tema1/new/results/ml_samples/N2_sw0.30_x+0_i0017.h5
2,50,3.000000000e-01,1.000000000e+00,0,1.000000000e+00,6.619433198e-01,1058820232,main,fall,2.081000000e+00,1.180098254e-01,5.607035909e-02,1.037953780e-01,4.168027829e+02,false,0,1.602454392e+02,/mnt/pd/tema1/new/results/ml_samples/N2_sw0.30_x+0_i0047.h5
2,50,3.000000000e-01,1.000000000e+00,-1,8.670603029e-01,5.739447754e-01,509428980,main,fall,1.340100000e+01,1.071072246e-01,2.082303665e-02,9.628168848e-02,2.776751867e+02,false,0,9.072705609e+02,/mnt/pd/tema1/new/results/ml_samples/N2_sw0.30_x-1_i0161.h5
2,50,3.000000000e-01,1.000000000e+00,0,1.000000000e+00,6.619433198e-01,1188197253,main,fall,2.101000000e+00,1.186815799e-01,1.555990174e-02,8.842359767e-02,4.168027829e+02,false,0,1.618449549e+02,/mnt/pd/tema1/new/results/ml_samples/N2_sw0.30_x+0_i0057.h5
2,50,3.000000000e-01,1.000000000e+00,0,1.000000000e+00,6.619433198e-01,1230852176,main,fall,2.301000000e+00,1.125511579e-01,2.498653084e-02,8.780502000e-02,4.168027829e+02,false,0,1.818569951e+02,/mnt/pd/tema1/new/results/ml_samples/N2_sw0.30_x+0_i0053.h5
2,50,3.000000000e-01,1.000000000e+00,0,1.000000000e+00,6.619433198e-01,836266,main,fall,7.321000000e+00,1.286063556e-01,2.841693089e-02,7.787922113e-02,4.168027829e+02,false,0,4.861808587e+02,/mnt/pd/tema1/new/results/ml_samples/N2_sw0.30_x+0_i0019.h5
2,50,3.000000000e-01,1.000000000e+00,0,1.000000000e+00,6.619433198e-01,2083860853,main,fall,7.071000000e+00,1.201085898e-01,2.336420569e-02,8.348867163e-02,4.168027829e+02,false,0,4.888493416e+02,/mnt/pd/tema1/new/results/ml_samples/N2_sw0.30_x+0_i0025.h5
2,50,3.000000000e-01,1.000000000e+00,-1,8.670603029e-01,5.739447754e-01,1348674144,main,fall,1.516100000e+01,1.088822169e-01,2.474608267e-02,9.449388436e-02,2.776751867e+02,false,0,1.024965929e+03,/mnt/pd/tema1/new/results/ml_samples/N2_sw0.30_x-1_i0157.h5
2,50,3.000000000e-01,1.000000000e+00,-1,8.670603029e-01,5.739447754e-01,235305519,main,fall,2.143100000e+01,1.110113349e-01,3.289208996e-02,9.566218079e-02,2.776751867e+02,false,0,1.418820759e+03,/mnt/pd/tema1/new/results/ml_samples/N2_sw0.30_x-1_i0089.h5
2,50,3.000000000e-01,1.000000000e+00,0,1.000000000e+00,6.619433198e-01,1594448163,main,fall,1.781000000e+00,1.151288041e-01,3.780908973e-02,1.024095307e-01,4.168027829e+02,false,0,1.419558277e+02,/mnt/pd/tema1/new/results/ml_samples/N2_sw0.30_x+0_i0075.h5
2,50,3.000000000e-01,1.000000000e+00,0,1.000000000e+00,6.619433198e-01,1510085987,main,rise,4.791000000e+00,1.215775191e-01,2.438682502e-02,9.433835229e-02,4.168027829e+02,false,0,3.403083271e+02,/mnt/pd/tema1/new/results/ml_samples/N2_sw0.30_x+0_i0043.h5
2,50,3.000000000e-01,1.000000000e+00,0,1.000000000e+00,6.619433198e-01,94312026,main,rise,3.911000000e+00,1.044660368e-01,1.730788632e-02,9.623944528e-02,4.168027829e+02,false,0,2.828425387e+02,/mnt/pd/tema1/new/results/ml_samples/N2_sw0.30_x+0_i0061.h5
2,50,3.000000000e-01,1.000000000e+00,0,1.000000000e+00,6.619433198e-01,489694736,main,fall,4.271000000e+00,1.126277938e-01,1.751150599e-02,8.409384092e-02,4.168027829e+02,false,0,2.863603371e+02,/mnt/pd/tema1/new/results/ml_samples/N2_sw0.30_x+0_i0067.h5
2,50,3.000000000e-01,1.000000000e+00,0,1.000000000e+00,6.619433198e-01,1051054152,main,fall,4.331000000e+00,1.095401935e-01,2.342263707e-02,8.837324814e-02,4.168027829e+02,false,0,3.020865493e+02,/mnt/pd/tema1/new/results/ml_samples/N2_sw0.30_x+0_i0063.h5
2,50,3.000000000e-01,1.000000000e+00,0,1.000000000e+00,6.619433198e-01,254466896,main,fall,1.891000000e+00,1.284003747e-01,5.174806279e-02,8.451148120e-02,4.168027829e+02,false,0,1.497237475e+02,/mnt/pd/tema1/new/results/ml_samples/N2_sw0.30_x+0_i0089.h5
2,50,3.000000000e-01,1.000000000e+00,-1,8.670603029e-01,5.739447754e-01,1604574094,main,fall,1.937100000e+01,1.139427011e-01,2.278792827e-02,8.703658887e-02,2.776751867e+02,false,0,1.286581908e+03,/mnt/pd/tema1/new/results/ml_samples/N2_sw0.30_x-1_i0153.h5
2,50,3.000000000e-01,1.000000000e+00,0,1.000000000e+00,6.619433198e-01,196790718,main,fall,7.591000000e+00,1.066440803e-01,2.495118919e-02,9.214953108e-02,4.168027829e+02,false,0,5.229089401e+02,/mnt/pd/tema1/new/results/ml_samples/N2_sw0.30_x+0_i0055.h5
2,50,3.000000000e-01,1.000000000e+00,0,1.000000000e+00,6.619433198e-01,1820985525,main,rise,1.405100000e+01,1.092680559e-01,2.076786105e-02,8.955691186e-02,4.168027829e+02,false,0,8.546758140e+02,/mnt/pd/tema1/new/results/ml_samples/N2_sw0.30_x+0_i0015.h5
2,50,3.000000000e-01,1.000000000e+00,0,1.000000000e+00,6.619433198e-01,331943134,main,fall,3.821000000e+00,1.149358914e-01,2.199785772e-02,8.683360715e-02,4.168027829e+02,false,0,2.739978867e+02,/mnt/pd/tema1/new/results/ml_samples/N2_sw0.30_x+0_i0091.h5
2,50,3.000000000e-01,1.000000000e+00,0,1.000000000e+00,6.619433198e-01,388019588,main,fall,6.601000000e+00,1.086114468e-01,2.012445098e-02,9.305744742e-02,4.168027829e+02,false,0,4.438363615e+02,/mnt/pd/tema1/new/results/ml_samples/N2_sw0.30_x+0_i0073.h5
2,50,3.000000000e-01,1.000000000e+00,0,1.000000000e+00,6.619433198e-01,1674360792,main,rise,1.028100000e+01,1.210308838e-01,3.133172610e-02,9.128582573e-02,4.168027829e+02,false,0,7.092199730e+02,/mnt/pd/tema1/new/results/ml_samples/N2_sw0.30_x+0_i0041.h5
2,50,3.000000000e-01,1.000000000e+00,0,1.000000000e+00,6.619433198e-01,1190866355,main,rise,1.328100000e+01,1.162007155e-01,2.461409914e-02,9.128441133e-02,4.168027829e+02,false,0,9.311901668e+02,/mnt/pd/tema1/new/results/ml_samples/N2_sw0.30_x+0_i0023.h5
2,50,3.000000000e-01,1.000000000e+00,0,1.000000000e+00,6.619433198e-01,1325480505,main,fall,7.851000000e+00,1.134417030e-01,1.909814630e-02,8.932801107e-02,4.168027829e+02,false,0,5.227124217e+02,/mnt/pd/tema1/new/results/ml_samples/N2_sw0.30_x+0_i0081.h5
2,50,3.000000000e-01,1.000000000e+00,0,1.000000000e+00,6.619433198e-01,977334527,main,fall,5.541000000e+00,1.087298424e-01,2.554631655e-02,9.359533278e-02,4.168027829e+02,false,0,3.898425064e+02,/mnt/pd/tema1/new/results/ml_samples/N2_sw0.30_x+0_i0095.h5
2,50,3.000000000e-01,1.000000000e+00,0,1.000000000e+00,6.619433198e-01,438170151,main,fall,1.151100000e+01,1.103409338e-01,2.044176004e-02,9.401266672e-02,4.168027829e+02,false,0,7.814065066e+02,/mnt/pd/tema1/new/results/ml_samples/N2_sw0.30_x+0_i0051.h5
2,50,3.000000000e-01,1.000000000e+00,0,1.000000000e+00,6.619433198e-01,843025420,main,fall,1.414100000e+01,1.042093135e-01,1.564516795e-02,9.384240624e-02,4.168027829e+02,false,0,9.261713666e+02,/mnt/pd/tema1/new/results/ml_samples/N2_sw0.30_x+0_i0037.h5
2,50,3.000000000e-01,1.000000000e+00,0,1.000000000e+00,6.619433198e-01,1444877976,main,rise,1.082100000e+01,1.057213961e-01,1.467979106e-02,8.902679195e-02,4.168027829e+02,false,0,7.272860862e+02,/mnt/pd/tema1/new/results/ml_samples/N2_sw0.30_x+0_i0071.h5
2,50,3.000000000e-01,1.000000000e+00,0,1.000000000e+00,6.619433198e-01,1565239179,main,rise,1.134100000e+01,1.163558537e-01,2.240344201e-02,8.755965950e-02,4.168027829e+02,false,0,7.551218253e+02,/mnt/pd/tema1/new/results/ml_samples/N2_sw0.30_x+0_i0065.h5
2,50,3.000000000e-01,1.000000000e+00,0,1.000000000e+00,6.619433198e-01,17763912,main,rise,5.341000000e+00,1.083917688e-01,2.619444640e-02,9.888644765e-02,4.168027829e+02,false,0,3.838938929e+02,/mnt/pd/tema1/new/results/ml_samples/N2_sw0.30_x+0_i0107.h5
2,50,3.000000000e-01,1.000000000e+00,0,1.000000000e+00,6.619433198e-01,924636919,main,rise,1.149100000e+01,1.204027758e-01,3.300724647e-02,8.497741014e-02,4.168027829e+02,false,0,7.905679838e+02,/mnt/pd/tema1/new/results/ml_samples/N2_sw0.30_x+0_i0079.h5
2,50,3.000000000e-01,1.000000000e+00,0,1.000000000e+00,6.619433198e-01,213947858,main,fall,2.361000000e+00,1.237935927e-01,3.118010907e-02,8.092775440e-02,4.168027829e+02,false,0,1.790011270e+02,/mnt/pd/tema1/new/results/ml_samples/N2_sw0.30_x+0_i0123.h5
2,50,3.000000000e-01,1.000000000e+00,0,1.000000000e+00,6.619433198e-01,2048632536,main,fall,1.804100000e+01,1.104476981e-01,2.324097938e-02,9.096259019e-02,4.168027829e+02,false,0,1.175767434e+03,/mnt/pd/tema1/new/results/ml_samples/N2_sw0.30_x+0_i0027.h5
2,50,3.000000000e-01,1.000000000e+00,0,1.000000000e+00,6.619433198e-01,1689631543,main,rise,8.851000000e+00,1.201544808e-01,2.210322870e-02,8.291098748e-02,4.168027829e+02,false,0,6.193261281e+02,/mnt/pd/tema1/new/results/ml_samples/N2_sw0.30_x+0_i0097.h5
2,50,3.000000000e-01,1.000000000e+00,0,1.000000000e+00,6.619433198e-01,506207835,main,fall,6.661000000e+00,1.159761065e-01,3.975809707e-02,8.856942535e-02,4.168027829e+02,false,0,4.546729080e+02,/mnt/pd/tema1/new/results/ml_samples/N2_sw0.30_x+0_i0109.h5
2,50,3.000000000e-01,1.000000000e+00,0,1.000000000e+00,6.619433198e-01,1929731692,main,fall,1.092100000e+01,1.138090175e-01,1.821224782e-02,8.872468737e-02,4.168027829e+02,false,0,7.443230710e+02,/mnt/pd/tema1/new/results/ml_samples/N2_sw0.30_x+0_i0093.h5
2,50,3.000000000e-01,1.000000000e+00,0,1.000000000e+00,6.619433198e-01,862375135,main,fall,1.001100000e+01,1.116906783e-01,2.425670768e-02,8.850627434e-02,4.168027829e+02,false,0,6.918555815e+02,/mnt/pd/tema1/new/results/ml_samples/N2_sw0.30_x+0_i0099.h5
2,50,3.000000000e-01,1.000000000e+00,0,1.000000000e+00,6.619433198e-01,799186875,main,fall,9.361000000e+00,1.095641934e-01,2.002824574e-02,8.786572177e-02,4.168027829e+02,false,0,6.359930183e+02,/mnt/pd/tema1/new/results/ml_samples/N2_sw0.30_x+0_i0103.h5
2,50,3.000000000e-01,1.000000000e+00,0,1.000000000e+00,6.619433198e-01,155118636,main,rise,1.558100000e+01,1.118263695e-01,2.388970192e-02,8.695062902e-02,4.168027829e+02,false,0,1.006287639e+03,/mnt/pd/tema1/new/results/ml_samples/N2_sw0.30_x+0_i0077.h5
2,50,3.000000000e-01,1.000000000e+00,0,1.000000000e+00,6.619433198e-01,341821497,main,fall,2.351000000e+00,1.237488708e-01,3.163513288e-02,8.548212745e-02,4.168027829e+02,false,0,1.778711640e+02,/mnt/pd/tema1/new/results/ml_samples/N2_sw0.30_x+0_i0133.h5
2,50,3.000000000e-01,1.000000000e+00,0,1.000000000e+00,6.619433198e-01,1541492881,main,fall,2.031000000e+00,1.350665059e-01,3.884889680e-02,8.230089314e-02,4.168027829e+02,false,0,1.569183523e+02,/mnt/pd/tema1/new/results/ml_samples/N2_sw0.30_x+0_i0139.h5
2,50,3.000000000e-01,1.000000000e+00,0,1.000000000e+00,6.619433198e-01,377974967,main,fall,4.511000000e+00,1.134274407e-01,1.845921297e-02,8.235317472e-02,4.168027829e+02,false,0,3.155778058e+02,/mnt/pd/tema1/new/results/ml_samples/N2_sw0.30_x+0_i0127.h5
2,50,3.000000000e-01,1.000000000e+00,0,1.000000000e+00,6.619433198e-01,2004732507,main,fall,2.661000000e+00,1.226944430e-01,2.367171349e-02,1.086160710e-01,4.168027829e+02,false,0,1.996335833e+02,/mnt/pd/tema1/new/results/ml_samples/N2_sw0.30_x+0_i0135.h5
2,50,3.000000000e-01,1.000000000e+00,0,1.000000000e+00,6.619433198e-01,431659770,main,rise,1.733100000e+01,1.131581853e-01,2.380725187e-02,8.978146417e-02,4.168027829e+02,false,0,1.109989976e+03,/mnt/pd/tema1/new/results/ml_samples/N2_sw0.30_x+0_i0069.h5
2,50,3.000000000e-01,1.000000000e+00,0,1.000000000e+00,6.619433198e-01,1206001612,main,fall,6.891000000e+00,1.064730235e-01,1.951744916e-02,9.074169671e-02,4.168027829e+02,false,0,4.647070741e+02,/mnt/pd/tema1/new/results/ml_samples/N2_sw0.30_x+0_i0121.h5
2,50,3.000000000e-01,1.000000000e+00,-1,8.670603029e-01,5.739447754e-01,163523020,main,fall,2.744100000e+01,1.024149809e-01,2.090932342e-02,9.219725241e-02,2.776751867e+02,false,0,1.809871144e+03,/mnt/pd/tema1/new/results/ml_samples/N2_sw0.30_x-1_i0189.h5
2,50,3.000000000e-01,1.000000000e+00,0,1.000000000e+00,6.619433198e-01,561679975,main,rise,8.531000000e+00,1.096452194e-01,1.737310147e-02,8.779978847e-02,4.168027829e+02,false,0,5.835781126e+02,/mnt/pd/tema1/new/results/ml_samples/N2_sw0.30_x+0_i0115.h5
2,50,3.000000000e-01,1.000000000e+00,0,1.000000000e+00,6.619433198e-01,1184269458,main,fall,8.781000000e+00,1.241957276e-01,2.725921883e-02,8.648139969e-02,4.168027829e+02,false,0,6.040473248e+02,/mnt/pd/tema1/new/results/ml_samples/N2_sw0.30_x+0_i0119.h5
2,50,3.000000000e-01,1.000000000e+00,0,1.000000000e+00,6.619433198e-01,285649732,main,fall,3.171000000e+00,1.106128804e-01,2.103225231e-02,9.797590877e-02,4.168027829e+02,false,0,2.235515584e+02,/mnt/pd/tema1/new/results/ml_samples/N2_sw0.30_x+0_i0145.h5
2,50,3.000000000e-01,1.000000000e+00,0,1.000000000e+00,6.619433198e-01,1878430443,main,rise,7.401000000e+00,1.168566020e-01,2.561030974e-02,8.987667829e-02,4.168027829e+02,false,0,5.044083952e+02,/mnt/pd/tema1/new/results/ml_samples/N2_sw0.30_x+0_i0125.h5
2,50,3.000000000e-01,1.000000000e+00,0,1.000000000e+00,6.619433198e-01,2089164205,main,fall,1.743100000e+01,1.113508552e-01,1.865250499e-02,8.941236277e-02,4.168027829e+02,false,0,1.094104261e+03,/mnt/pd/tema1/new/results/ml_samples/N2_sw0.30_x+0_i0087.h5
2,50,3.000000000e-01,1.000000000e+00,0,1.000000000e+00,6.619433198e-01,753842437,main,fall,1.351000000e+00,1.071738810e-01,1.349341640e-02,9.443399387e-02,4.168027829e+02,false,0,1.131512601e+02,/mnt/pd/tema1/new/results/ml_samples/N2_sw0.30_x+0_i0159.h5
2,50,3.000000000e-01,1.000000000e+00,0,1.000000000e+00,6.619433198e-01,1837567798,main,fall,1.631000000e+00,1.360884996e-01,4.678908256e-02,9.844882458e-02,4.168027829e+02,false,0,1.316884908e+02,/mnt/pd/tema1/new/results/ml_samples/N2_sw0.30_x+0_i0163.h5
2,50,3.000000000e-01,1.000000000e+00,-1,8.670603029e-01,5.739447754e-01,1747297008,main,fall,3.990100000e+01,1.100281273e-01,2.383216044e-02,9.325695920e-02,2.776751867e+02,false,0,2.655106011e+03,/mnt/pd/tema1/new/results/ml_samples/N2_sw0.30_x-1_i0073.h5
2,50,3.000000000e-01,1.000000000e+00,0,1.000000000e+00,6.619433198e-01,1832348819,main,rise,7.141000000e+00,1.144376005e-01,2.407318740e-02,7.719778843e-02,2.900744681e+02,false,0,4.923227468e+02,/mnt/pd/tema1/new/results/ml_samples/N2_sw0.30_x+0_i0129.h5
2,50,3.000000000e-01,1.000000000e+00,0,1.000000000e+00,6.619433198e-01,274217484,main,fall,3.081000000e+00,1.259241893e-01,3.717247261e-02,8.831834229e-02,4.168027829e+02,false,0,2.271810504e+02,/mnt/pd/tema1/new/results/ml_samples/N2_sw0.30_x+0_i0157.h5
2,50,3.000000000e-01,1.000000000e+00,0,1.000000000e+00,6.619433198e-01,2034804284,main,fall,1.871000000e+00,1.225669046e-01,3.948795399e-02,9.638233179e-02,4.168027829e+02,false,0,1.461329320e+02,/mnt/pd/tema1/new/results/ml_samples/N2_sw0.30_x+0_i0165.h5
2,50,3.000000000e-01,1.000000000e+00,-1,8.670603029e-01,5.739447754e-01,148040942,main,fall,3.030100000e+01,1.102921127e-01,2.370327919e-02,9.169271552e-02,2.776751867e+02,false,0,2.019479003e+03,/mnt/pd/tema1/new/results/ml_samples/N2_sw0.30_x-1_i0193.h5
2,50,3.000000000e-01,1.000000000e+00,0,1.000000000e+00,6.619433198e-01,575462761,main,fall,4.261000000e+00,1.119668100e-01,1.563363529e-02,8.031724332e-02,4.168027829e+02,false,0,3.046630602e+02,/mnt/pd/tema1/new/results/ml_samples/N2_sw0.30_x+0_i0155.h5
2,50,3.000000000e-01,1.000000000e+00,0,1.000000000e+00,6.619433198e-01,348462402,main,fall,8.101000000e+00,1.136492659e-01,2.227525308e-02,8.560541003e-02,4.168027829e+02,false,0,5.030574710e+02,/mnt/pd/tema1/new/results/ml_samples/N2_sw0.30_x+0_i0137.h5
2,50,3.000000000e-01,1.000000000e+00,0,1.000000000e+00,6.619433198e-01,1747002465,main,fall,1.101000000e+00,1.401065081e-01,4.767783078e-02,9.229629336e-02,4.168027829e+02,false,0,9.614253305e+01,/mnt/pd/tema1/new/results/ml_samples/N2_sw0.30_x+0_i0179.h5
2,50,3.000000000e-01,1.000000000e+00,0,1.000000000e+00,6.619433198e-01,113001185,main,fall,2.013100000e+01,1.147643088e-01,2.177862407e-02,8.617830832e-02,4.168027829e+02,false,0,1.276251766e+03,/mnt/pd/tema1/new/results/ml_samples/N2_sw0.30_x+0_i0085.h5
2,50,3.000000000e-01,1.000000000e+00,0,1.000000000e+00,6.619433198e-01,1233004490,main,fall,1.483100000e+01,1.207875335e-01,1.988773764e-02,8.626178679e-02,4.168027829e+02,false,0,9.643509460e+02,/mnt/pd/tema1/new/results/ml_samples/N2_sw0.30_x+0_i0111.h5
2,50,3.000000000e-01,1.000000000e+00,0,1.000000000e+00,6.619433198e-01,1750576260,main,fall,1.141000000e+00,1.468466549e-01,6.696573518e-02,8.137790620e-02,4.168027829e+02,false,0,1.038645438e+02,/mnt/pd/tema1/new/results/ml_samples/N2_sw0.30_x+0_i0181.h5
2,50,3.000000000e-01,1.000000000e+00,0,1.000000000e+00,6.619433198e-01,1588727596,main,fall,5.971000000e+00,1.138934015e-01,3.575878679e-02,8.717916494e-02,4.168027829e+02,false,0,4.184738575e+02,/mnt/pd/tema1/new/results/ml_samples/N2_sw0.30_x+0_i0147.h5
2,50,3.000000000e-01,1.000000000e+00,0,1.000000000e+00,6.619433198e-01,1645420656,main,fall,3.321000000e+00,1.196146692e-01,4.006327007e-02,1.002137931e-01,4.168027829e+02,false,0,2.315673733e+02,/mnt/pd/tema1/new/results/ml_samples/N2_sw0.30_x+0_i0167.h5
2,50,3.000000000e-01,1.000000000e+00,0,1.000000000e+00,6.619433198e-01,1668779851,main,fall,9.910000000e-01,1.242529277e-01,3.962753847e-02,8.881838244e-02,3.781456709e+02,false,0,9.043458398e+01,/mnt/pd/tema1/new/results/ml_samples/N2_sw0.30_x+0_i0187.h5
2,50,3.000000000e-01,1.000000000e+00,0,1.000000000e+00,6.619433198e-01,699192823,main,fall,3.731000000e+00,1.133081399e-01,2.948830764e-02,9.577879675e-02,4.168027829e+02,false,0,2.704425085e+02,/mnt/pd/tema1/new/results/ml_samples/N2_sw0.30_x+0_i0171.h5
2,50,3.000000000e-01,1.000000000e+00,0,1.000000000e+00,6.619433198e-01,490194900,main,fall,7.361000000e+00,1.157573262e-01,2.650731835e-02,9.272448593e-02,4.168027829e+02,false,0,4.629816217e+02,/mnt/pd/tema1/new/results/ml_samples/N2_sw0.30_x+0_i0149.h5
2,50,3.000000000e-01,1.000000000e+00,0,1.000000000e+00,6.619433198e-01,1900805907,main,rise,4.061000000e+00,1.207507393e-01,2.042346639e-02,7.885782915e-02,4.168027829e+02,false,0,2.898977547e+02,/mnt/pd/tema1/new/results/ml_samples/N2_sw0.30_x+0_i0175.h5
2,50,3.000000000e-01,1.000000000e+00,0,1.000000000e+00,6.619433198e-01,985654812,main,rise,4.791000000e+00,1.068665360e-01,1.741980321e-02,9.446361039e-02,4.168027829e+02,false,0,3.474049169e+02,/mnt/pd/tema1/new/results/ml_samples/N2_sw0.30_x+0_i0173.h5
2,50,3.000000000e-01,1.000000000e+00,0,1.000000000e+00,6.619433198e-01,902369559,main,fall,3.141000000e+00,9.995666189e-02,2.251104030e-02,1.012749465e-01,4.168027829e+02,false,0,2.297869278e+02,/mnt/pd/tema1/new/results/ml_samples/N2_sw0.30_x+0_i0191.h5
2,50,3.000000000e-01,1.000000000e+00,0,1.000000000e+00,6.619433198e-01,1901246437,main,fall,9.801000000e+00,1.114067892e-01,2.504459439e-02,9.237370065e-02,4.168027829e+02,false,0,6.660409874e+02,/mnt/pd/tema1/new/results/ml_samples/N2_sw0.30_x+0_i0143.h5
2,50,3.000000000e-01,1.000000000e+00,0,1.000000000e+00,6.619433198e-01,2127612643,main,fall,2.706100000e+01,1.119113492e-01,1.680663230e-02,8.469716888e-02,4.168027829e+02,false,0,1.784935904e+03,/mnt/pd/tema1/new/results/ml_samples/N2_sw0.30_x+0_i0045.h5
2,50,3.000000000e-01,1.000000000e+00,1,1.132939697e+00,7.499418643e-01,1336193386,main,rise,3.211000000e+00,1.229664860e-01,3.640957569e-02,8.801986736e-02,5.837719052e+02,false,0,2.324731989e+02,/mnt/pd/tema1/new/results/ml_samples/N2_sw0.30_x+1_i0001.h5
2,50,3.000000000e-01,1.000000000e+00,0,1.000000000e+00,6.619433198e-01,1361958395,main,rise,3.801000000e+00,1.204151355e-01,2.040723041e-02,8.694285047e-02,4.168027829e+02,false,0,2.748957731e+02,/mnt/pd/tema1/new/results/ml_samples/N2_sw0.30_x+0_i0197.h5
2,50,3.000000000e-01,1.000000000e+00,0,1.000000000e+00,6.619433198e-01,1675430665,main,fall,3.741000000e+00,1.094117527e-01,1.832615059e-02,9.148641204e-02,4.168027829e+02,false,0,2.569567856e+02,/mnt/pd/tema1/new/results/ml_samples/N2_sw0.30_x+0_i0199.h5
2,50,3.000000000e-01,1.000000000e+00,0,1.000000000e+00,6.619433198e-01,1178215117,main,rise,2.723100000e+01,1.191455689e-01,2.645783329e-02,8.672475869e-02,4.168027829e+02,false,0,1.639534743e+03,/mnt/pd/tema1/new/results/ml_samples/N2_sw0.30_x+0_i0083.h5
2,50,3.000000000e-01,1.000000000e+00,0,1.000000000e+00,6.619433198e-01,1152383476,main,fall,1.925100000e+01,1.212172861e-01,2.977377151e-02,8.527271649e-02,4.168027829e+02,false,0,1.342113046e+03,/mnt/pd/tema1/new/results/ml_samples/N2_sw0.30_x+0_i0105.h5
2,50,3.000000000e-01,1.000000000e+00,0,1.000000000e+00,6.619433198e-01,201597532,main,fall,5.721000000e+00,1.157681950e-01,2.122599476e-02,9.002828874e-02,4.168027829e+02,false,0,3.497509256e+02,/mnt/pd/tema1/new/results/ml_samples/N2_sw0.30_x+0_i0195.h5
2,50,3.000000000e-01,1.000000000e+00,0,1.000000000e+00,6.619433198e-01,638488783,main,fall,2.190100000e+01,1.127694142e-01,2.007985711e-02,8.694781315e-02,4.168027829e+02,false,0,1.496905699e+03,/mnt/pd/tema1/new/results/ml_samples/N2_sw0.30_x+0_i0101.h5
2,50,3.000000000e-01,1.000000000e+00,0,1.000000000e+00,6.619433198e-01,1343712999,main,fall,6.311000000e+00,1.260573555e-01,4.231308600e-02,9.563961627e-02,4.168027829e+02,false,0,4.391650511e+02,/mnt/pd/tema1/new/results/ml_samples/N2_sw0.30_x+0_i0183.h5
2,50,3.000000000e-01,1.000000000e+00,1,1.132939697e+00,7.499418643e-01,1289721882,main,fall,2.451000000e+00,1.398381862e-01,2.931595912e-02,8.454901742e-02,5.837719052e+02,false,0,1.850052529e+02,/mnt/pd/tema1/new/results/ml_samples/N2_sw0.30_x+1_i0015.h5
2,50,3.000000000e-01,1.000000000e+00,1,1.132939697e+00,7.499418643e-01,1967984841,main,fall,4.641000000e+00,1.268799787e-01,1.720326597e-02,7.880438354e-02,5.837719052e+02,false,0,3.293092102e+02,/mnt/pd/tema1/new/results/ml_samples/N2_sw0.30_x+1_i0005.h5
2,50,3.000000000e-01,1.000000000e+00,0,1.000000000e+00,6.619433198e-01,397893802,main,rise,9.681000000e+00,1.176074653e-01,2.217147405e-02,8.562166736e-02,4.168027829e+02,false,0,6.298796688e+02,/mnt/pd/tema1/new/results/ml_samples/N2_sw0.30_x+0_i0169.h5
2,50,3.000000000e-01,1.000000000e+00,0,1.000000000e+00,6.619433198e-01,1181853571,main,rise,3.000100000e+01,1.095530180e-01,1.698969521e-02,8.972260556e-02,4.168027829e+02,false,0,1.981369532e+03,/mnt/pd/tema1/new/results/ml_samples/N2_sw0.30_x+0_i0049.h5
2,50,3.000000000e-01,1.000000000e+00,1,1.132939697e+00,7.499418643e-01,1363189043,main,fall,3.371000000e+00,1.198092983e-01,3.934328969e-02,8.625959065e-02,5.837719052e+02,false,0,2.466055058e+02,/mnt/pd/tema1/new/results/ml_samples/N2_sw0.30_x+1_i0013.h5
2,50,3.000000000e-01,1.000000000e+00,0,1.000000000e+00,6.619433198e-01,1594096862,main,fall,6.791000000e+00,1.090598137e-01,1.536259422e-02,8.850127186e-02,4.168027829e+02,false,0,4.630157995e+02,/mnt/pd/tema1/new/results/ml_samples/N2_sw0.30_x+0_i0193.h5
2,50,3.000000000e-01,1.000000000e+00,0,1.000000000e+00,6.619433198e-01,833780975,main,rise,9.071000000e+00,1.213223315e-01,2.910006825e-02,7.973081731e-02,4.168027829e+02,false,0,6.216594264e+02,/mnt/pd/tema1/new/results/ml_samples/N2_sw0.30_x+0_i0177.h5
2,50,3.000000000e-01,1.000000000e+00,1,1.132939697e+00,7.499418643e-01,475871733,main,rise,5.851000000e+00,1.201168719e-01,2.002200084e-02,8.374907734e-02,5.837719052e+02,false,0,4.043666882e+02,/mnt/pd/tema1/new/results/ml_samples/N2_sw0.30_x+1_i0007.h5
2,50,3.000000000e-01,1.000000000e+00,1,1.132939697e+00,7.499418643e-01,401357188,main,rise,3.331000000e+00,1.482805084e-01,4.077463392e-02,8.645237364e-02,5.837719052e+02,false,0,2.449658079e+02,/mnt/pd/tema1/new/results/ml_samples/N2_sw0.30_x+1_i0021.h5
2,50,3.000000000e-01,1.000000000e+00,0,1.000000000e+00,6.619433198e-01,1184229204,main,fall,1.206100000e+01,1.173376760e-01,3.021049073e-02,9.593818223e-02,4.168027829e+02,false,0,8.111270777e+02,/mnt/pd/tema1/new/results/ml_samples/N2_sw0.30_x+0_i0161.h5
2,50,3.000000000e-01,1.000000000e+00,1,1.132939697e+00,7.499418643e-01,7583774,main,fall,1.961000000e+00,1.251350338e-01,2.923644721e-02,8.962534711e-02,5.837719052e+02,false,0,1.528887399e+02,/mnt/pd/tema1/new/results/ml_samples/N2_sw0.30_x+1_i0037.h5
2,50,3.000000000e-01,1.000000000e+00,1,1.132939697e+00,7.499418643e-01,337621332,main,rise,4.071000000e+00,1.194095028e-01,1.567240767e-02,8.032076295e-02,5.837719052e+02,false,0,2.907230480e+02,/mnt/pd/tema1/new/results/ml_samples/N2_sw0.30_x+1_i0025.h5
2,50,3.000000000e-01,1.000000000e+00,1,1.132939697e+00,7.499418643e-01,1684023611,main,rise,5.101000000e+00,1.109935750e-01,1.724749722e-02,9.576102559e-02,5.837719052e+02,false,0,3.465769023e+02,/mnt/pd/tema1/new/results/ml_samples/N2_sw0.30_x+1_i0023.h5
2,50,3.000000000e-01,1.000000000e+00,1,1.132939697e+00,7.499418643e-01,709934029,main,fall,2.071000000e+00,1.251952932e-01,2.000644417e-02,9.431439894e-02,5.837719052e+02,false,0,1.622595352e+02,/mnt/pd/tema1/new/results/ml_samples/N2_sw0.30_x+1_i0047.h5
2,50,3.000000000e-01,1.000000000e+00,1,1.132939697e+00,7.499418643e-01,1726580697,main,rise,2.931000000e+00,1.286666037e-01,2.424085662e-02,9.268612138e-02,5.837719052e+02,false,0,2.151091379e+02,/mnt/pd/tema1/new/results/ml_samples/N2_sw0.30_x+1_i0041.h5
2,50,3.000000000e-01,1.000000000e+00,1,1.132939697e+00,7.499418643e-01,1137316104,main,fall,1.891000000e+00,1.324170061e-01,6.156802179e-02,1.008999630e-01,5.837719052e+02,false,0,1.485419988e+02,/mnt/pd/tema1/new/results/ml_samples/N2_sw0.30_x+1_i0051.h5
2,50,3.000000000e-01,1.000000000e+00,1,1.132939697e+00,7.499418643e-01,80091557,main,rise,2.801000000e+00,1.168525761e-01,1.697680189e-02,9.649603812e-02,5.837719052e+02,false,0,2.086469483e+02,/mnt/pd/tema1/new/results/ml_samples/N2_sw0.30_x+1_i0049.h5
2,50,3.000000000e-01,1.000000000e+00,1,1.132939697e+00,7.499418643e-01,2027209674,main,fall,8.381000000e+00,1.222396395e-01,2.329833408e-02,9.088913616e-02,5.837719052e+02,false,0,5.670225996e+02,/mnt/pd/tema1/new/results/ml_samples/N2_sw0.30_x+1_i0009.h5
2,50,3.000000000e-01,1.000000000e+00,1,1.132939697e+00,7.499418643e-01,942683922,main,rise,1.079100000e+01,1.174531277e-01,2.337895583e-02,9.214430729e-02,5.837719052e+02,false,0,6.740729219e+02,/mnt/pd/tema1/new/results/ml_samples/N2_sw0.30_x+1_i0003.h5
2,50,3.000000000e-01,1.000000000e+00,0,1.000000000e+00,6.619433198e-01,493851568,main,fall,1.797100000e+01,1.121293192e-01,2.317117606e-02,8.769839298e-02,4.168027829e+02,false,0,1.219361901e+03,/mnt/pd/tema1/new/results/ml_samples/N2_sw0.30_x+0_i0141.h5
2,50,3.000000000e-01,1.000000000e+00,1,1.132939697e+00,7.499418643e-01,419212155,main,fall,2.411000000e+00,1.210342761e-01,4.394518942e-02,9.144034056e-02,5.837719052e+02,false,0,1.851306150e+02,/mnt/pd/tema1/new/results/ml_samples/N2_sw0.30_x+1_i0055.h5
2,50,3.000000000e-01,1.000000000e+00,1,1.132939697e+00,7.499418643e-01,1357716903,main,rise,5.471000000e+00,1.303570555e-01,2.729928197e-02,8.145031497e-02,5.837719052e+02,false,0,3.854393235e+02,/mnt/pd/tema1/new/results/ml_samples/N2_sw0.30_x+1_i0033.h5
2,50,3.000000000e-01,1.000000000e+00,0,1.000000000e+00,6.619433198e-01,1698631710,main,fall,1.755100000e+01,1.091430990e-01,1.815582911e-02,8.813122416e-02,4.168027829e+02,false,0,1.173552681e+03,/mnt/pd/tema1/new/results/ml_samples/N2_sw0.30_x+0_i0151.h5
2,50,3.000000000e-01,1.000000000e+00,1,1.132939697e+00,7.499418643e-01,871169966,main,rise,5.031000000e+00,1.300432936e-01,2.976561117e-02,8.737900813e-02,5.837719052e+02,false,0,3.532803782e+02,/mnt/pd/tema1/new/results/ml_samples/N2_sw0.30_x+1_i0045.h5
2,50,3.000000000e-01,1.000000000e+00,1,1.132939697e+00,7.499418643e-01,681620759,main,rise,1.020100000e+01,1.191307579e-01,2.407598782e-02,8.764963546e-02,5.837719052e+02,false,0,6.716847512e+02,/mnt/pd/tema1/new/results/ml_samples/N2_sw0.30_x+1_i0011.h5
2,50,3.000000000e-01,1.000000000e+00,1,1.132939697e+00,7.499418643e-01,731737816,main,fall,2.051000000e+00,1.122349648e-01,2.390247950e-02,9.518910612e-02,5.837719052e+02,false,0,1.592542923e+02,/mnt/pd/tema1/new/results/ml_samples/N2_sw0.30_x+1_i0067.h5
2,50,3.000000000e-01,1.000000000e+00,1,1.132939697e+00,7.499418643e-01,782467942,main,rise,6.491000000e+00,1.194617969e-01,1.888233092e-02,8.998103466e-02,5.837719052e+02,false,0,4.484552198e+02,/mnt/pd/tema1/new/results/ml_samples/N2_sw0.30_x+1_i0039.h5
2,50,3.000000000e-01,1.000000000e+00,1,1.132939697e+00,7.499418643e-01,904891867,main,rise,8.081000000e+00,1.168145336e-01,3.009248572e-02,9.325107610e-02,5.837719052e+02,false,0,5.306052656e+02,/mnt/pd/tema1/new/results/ml_samples/N2_sw0.30_x+1_i0029.h5
2,50,3.000000000e-01,1.000000000e+00,0,1.000000000e+00,6.619433198e-01,1497599935,main,rise,2.265100000e+01,1.127405601e-01,1.737768257e-02,8.603134738e-02,4.168027829e+02,false,0,1.509711201e+03,/mnt/pd/tema1/new/results/ml_samples/N2_sw0.30_x+0_i0131.h5
2,50,3.000000000e-01,1.000000000e+00,0,1.000000000e+00,6.619433198e-01,1709581287,main,fall,1.483100000e+01,1.082994581e-01,2.094376002e-02,9.671063542e-02,4.168027829e+02,false,0,9.918443928e+02,/mnt/pd/tema1/new/results/ml_samples/N2_sw0.30_x+0_i0189.h5
2,50,3.000000000e-01,1.000000000e+00,1,1.132939697e+00,7.499418643e-01,689368920,main,rise,6.231000000e+00,1.159372657e-01,1.649636232e-02,8.443446889e-02,5.837719052e+02,false,0,4.360236721e+02,/mnt/pd/tema1/new/results/ml_samples/N2_sw0.30_x+1_i0053.h5
2,50,3.000000000e-01,1.000000000e+00,1,1.132939697e+00,7.499418643e-01,941020298,main,rise,1.096100000e+01,1.174705162e-01,1.836618104e-02,8.814232798e-02,5.837719052e+02,false,0,7.228374297e+02,/mnt/pd/tema1/new/results/ml_samples/N2_sw0.30_x+1_i0019.h5
2,50,3.000000000e-01,1.000000000e+00,1,1.132939697e+00,7.499418643e-01,232536479,main,fall,4.671000000e+00,1.150675666e-01,1.676958674e-02,9.067682462e-02,5.837719052e+02,false,0,3.275657002e+02,/mnt/pd/tema1/new/results/ml_samples/N2_sw0.30_x+1_i0073.h5
2,50,3.000000000e-01,1.000000000e+00,1,1.132939697e+00,7.499418643e-01,1981498954,main,fall,6.141000000e+00,1.158260410e-01,1.852764478e-02,8.289684941e-02,5.837719052e+02,false,0,3.782513384e+02,/mnt/pd/tema1/new/results/ml_samples/N2_sw0.30_x+1_i0069.h5
2,50,3.000000000e-01,1.000000000e+00,1,1.132939697e+00,7.499418643e-01,1910061562,main,rise,6.601000000e+00,1.341470358e-01,2.064276214e-02,9.004732834e-02,5.837719052e+02,false,0,4.664305666e+02,/mnt/pd/tema1/new/results/ml_samples/N2_sw0.30_x+1_i0061.h5
2,50,3.000000000e-01,1.000000000e+00,1,1.132939697e+00,7.499418643e-01,1314959657,main,fall,3.311000000e+00,1.153330840e-01,2.604525579e-02,8.550954409e-02,5.837719052e+02,false,0,2.379449644e+02,/mnt/pd/tema1/new/results/ml_samples/N2_sw0.30_x+1_i0089.h5
2,50,3.000000000e-01,1.000000000e+00,1,1.132939697e+00,7.499418643e-01,710234368,main,rise,1.204100000e+01,1.288664493e-01,2.935071021e-02,8.714075163e-02,5.837719052e+02,false,0,7.905091426e+02,/mnt/pd/tema1/new/results/ml_samples/N2_sw0.30_x+1_i0027.h5
2,50,3.000000000e-01,1.000000000e+00,0,1.000000000e+00,6.619433198e-01,1778352186,main,rise,4.296100000e+01,1.103924200e-01,1.827520581e-02,9.018691564e-02,4.168027829e+02,false,0,2.853712054e+03,/mnt/pd/tema1/new/results/ml_samples/N2_sw0.30_x+0_i0029.h5
2,50,3.000000000e-01,1.000000000e+00,1,1.132939697e+00,7.499418643e-01,1609751706,main,rise,1.130100000e+01,1.263048773e-01,2.814016035e-02,9.036549188e-02,5.837719052e+02,false,0,7.460725392e+02,/mnt/pd/tema1/new/results/ml_samples/N2_sw0.30_x+1_i0043.h5
2,50,3.000000000e-01,1.000000000e+00,1,1.132939697e+00,7.499418643e-01,753013724,main,rise,7.881000000e+00,1.212186501e-01,2.221150863e-02,9.212765719e-02,5.837719052e+02,false,0,5.349891952e+02,/mnt/pd/tema1/new/results/ml_samples/N2_sw0.30_x+1_i0065.h5
2,50,3.000000000e-01,1.000000000e+00,0,1.000000000e+00,6.619433198e-01,1904738615,main,rise,3.211100000e+01,1.114993356e-01,2.067801045e-02,8.829223658e-02,4.168027829e+02,false,0,2.057712384e+03,/mnt/pd/tema1/new/results/ml_samples/N2_sw0.30_x+0_i0117.h5
2,50,3.000000000e-01,1.000000000e+00,1,1.132939697e+00,7.499418643e-01,1130417355,main,rise,8.801000000e+00,1.195457513e-01,2.352263153e-02,8.718114427e-02,5.837719052e+02,false,0,6.035306241e+02,/mnt/pd/tema1/new/results/ml_samples/N2_sw0.30_x+1_i0059.h5
2,50,3.000000000e-01,1.000000000e+00,1,1.132939697e+00,7.499418643e-01,785849793,main,rise,5.831000000e+00,1.279291280e-01,3.179235456e-02,9.184721735e-02,5.837719052e+02,false,0,4.106972672e+02,/mnt/pd/tema1/new/results/ml_samples/N2_sw0.30_x+1_i0083.h5
2,50,3.000000000e-01,1.000000000e+00,1,1.132939697e+00,7.499418643e-01,1283994192,main,rise,4.371000000e+00,1.228160414e-01,2.683180059e-02,9.618724767e-02,5.837719052e+02,false,0,3.047371902e+02,/mnt/pd/tema1/new/results/ml_samples/N2_sw0.30_x+1_i0093.h5
2,50,3.000000000e-01,1.000000000e+00,1,1.132939697e+00,7.499418643e-01,1781397276,main,rise,9.791000000e+00,1.233155091e-01,1.950068695e-02,8.922169647e-02,5.837719052e+02,false,0,6.570364817e+02,/mnt/pd/tema1/new/results/ml_samples/N2_sw0.30_x+1_i0057.h5
2,50,3.000000000e-01,1.000000000e+00,1,1.132939697e+00,7.499418643e-01,1071118248,main,rise,7.151000000e+00,1.126466207e-01,2.176589625e-02,9.389342783e-02,5.837719052e+02,false,0,4.985967257e+02,/mnt/pd/tema1/new/results/ml_samples/N2_sw0.30_x+1_i0079.h5
2,50,3.000000000e-01,1.000000000e+00,1,1.132939697e+00,7.499418643e-01,9172217,main,rise,4.951000000e+00,1.431757436e-01,3.400073189e-02,9.020249495e-02,5.837719052e+02,false,0,3.481911659e+02,/mnt/pd/tema1/new/results/ml_samples/N2_sw0.30_x+1_i0091.h5
2,50,3.000000000e-01,1.000000000e+00,1,1.132939697e+00,7.499418643e-01,2118115890,main,fall,7.941000000e+00,1.246187284e-01,1.674162308e-02,7.761412111e-02,5.837719052e+02,false,0,5.455970775e+02,/mnt/pd/tema1/new/results/ml_samples/N2_sw0.30_x+1_i0077.h5
2,50,3.000000000e-01,1.000000000e+00,1,1.132939697e+00,7.499418643e-01,1667351825,main,rise,7.971000000e+00,1.268495817e-01,3.947132526e-02,9.225644911e-02,5.837719052e+02,false,0,5.666052310e+02,/mnt/pd/tema1/new/results/ml_samples/N2_sw0.30_x+1_i0075.h5
2,50,3.000000000e-01,1.000000000e+00,1,1.132939697e+00,7.499418643e-01,612058503,main,rise,5.111000000e+00,1.213548791e-01,1.534233766e-02,8.741527261e-02,5.837719052e+02,false,0,3.543815031e+02,/mnt/pd/tema1/new/results/ml_samples/N2_sw0.30_x+1_i0097.h5
2,50,3.000000000e-01,1.000000000e+00,1,1.132939697e+00,7.499418643e-01,1384357810,main,rise,1.476100000e+01,1.195922948e-01,1.888774374e-02,8.594177635e-02,5.837719052e+02,false,0,9.949925032e+02,/mnt/pd/tema1/new/results/ml_samples/N2_sw0.30_x+1_i0035.h5
2,50,3.000000000e-01,1.000000000e+00,1,1.132939697e+00,7.499418643e-01,747474125,main,rise,7.331000000e+00,1.311108946e-01,3.982826840e-02,9.189424421e-02,5.837719052e+02,false,0,5.163635848e+02,/mnt/pd/tema1/new/results/ml_samples/N2_sw0.30_x+1_i0087.h5
2,50,3.000000000e-01,1.000000000e+00,1,1.132939697e+00,7.499418643e-01,283549672,main,rise,1.172100000e+01,1.101720582e-01,1.828907156e-02,9.104398659e-02,5.837719052e+02,false,0,7.476079105e+02,/mnt/pd/tema1/new/results/ml_samples/N2_sw0.30_x+1_i0063.h5
2,50,3.000000000e-01,1.000000000e+00,0,1.000000000e+00,6.619433198e-01,490230636,main,rise,3.508100000e+01,1.140114245e-01,2.011178659e-02,8.991356960e-02,4.168027829e+02,false,0,2.345303471e+03,/mnt/pd/tema1/new/results/ml_samples/N2_sw0.30_x+0_i0113.h5
2,50,3.000000000e-01,1.000000000e+00,1,1.132939697e+00,7.499418643e-01,1713473093,main,rise,3.681000000e+00,1.191523871e-01,2.598999860e-02,9.221974415e-02,5.837719052e+02,false,0,2.655943635e+02,/mnt/pd/tema1/new/results/ml_samples/N2_sw0.30_x+1_i0113.h5
2,50,3.000000000e-01,1.000000000e+00,1,1.132939697e+00,7.499418643e-01,377056348,main,rise,5.021000000e+00,1.217696639e-01,2.193494948e-02,8.664897530e-02,5.837719052e+02,false,0,3.523435621e+02,/mnt/pd/tema1/new/results/ml_samples/N2_sw0.30_x+1_i0107.h5
2,50,3.000000000e-01,1.000000000e+00,1,1.132939697e+00,7.499418643e-01,1361044857,main,rise,6.381000000e+00,1.098971804e-01,1.165148629e-02,8.920302818e-02,5.837719052e+02,false,0,4.417999643e+02,/mnt/pd/tema1/new/results/ml_samples/N2_sw0.30_x+1_i0099.h5
2,50,3.000000000e-01,1.000000000e+00,1,1.132939697e+00,7.499418643e-01,953922304,main,rise,5.781000000e+00,1.425246429e-01,3.100424755e-02,8.752156014e-02,5.837719052e+02,false,0,4.067986752e+02,/mnt/pd/tema1/new/results/ml_samples/N2_sw0.30_x+1_i0101.h5
2,50,3.000000000e-01,1.000000000e+00,0,1.000000000e+00,6.619433198e-01,995690080,main,fall,2.355100000e+01,1.162393193e-01,2.011591839e-02,8.895980321e-02,4.168027829e+02,false,0,1.572015116e+03,/mnt/pd/tema1/new/results/ml_samples/N2_sw0.30_x+0_i0185.h5
2,50,3.000000000e-01,1.000000000e+00,1,1.132939697e+00,7.499418643e-01,1096697048,main,rise,1.185100000e+01,1.163070351e-01,1.850029148e-02,8.515746286e-02,5.837719052e+02,false,0,7.994763419e+02,/mnt/pd/tema1/new/results/ml_samples/N2_sw0.30_x+1_i0071.h5
2,50,3.000000000e-01,1.000000000e+00,1,1.132939697e+00,7.499418643e-01,222510300,main,rise,3.031000000e+00,1.114637581e-01,2.014822939e-02,9.759247052e-02,5.837719052e+02,false,0,2.197217786e+02,/mnt/pd/tema1/new/results/ml_samples/N2_sw0.30_x+1_i0131.h5
2,50,3.000000000e-01,1.000000000e+00,1,1.132939697e+00,7.499418643e-01,822100678,main,fall,5.841000000e+00,1.282652413e-01,3.206627721e-02,9.710434963e-02,5.837719052e+02,false,0,4.073619799e+02,/mnt/pd/tema1/new/results/ml_samples/N2_sw0.30_x+1_i0109.h5
2,50,3.000000000e-01,1.000000000e+00,1,1.132939697e+00,7.499418643e-01,1223876232,main,rise,6.401000000e+00,1.285556004e-01,2.635196932e-02,8.450212039e-02,5.837719052e+02,false,0,4.420365926e+02,/mnt/pd/tema1/new/results/ml_samples/N2_sw0.30_x+1_i0103.h5
2,50,3.000000000e-01,1.000000000e+00,1,1.132939697e+00,7.499418643e-01,151854236,main,rise,3.811000000e+00,1.138637383e-01,1.268756020e-02,9.106832808e-02,5.837719052e+02,false,0,2.742392471e+02,/mnt/pd/tema1/new/results/ml_samples/N2_sw0.30_x+1_i0125.h5
2,50,3.000000000e-01,1.000000000e+00,1,1.132939697e+00,7.499418643e-01,503953860,main,fall,9.061000000e+00,1.308532020e-01,3.729650291e-02,8.683891574e-02,5.837719052e+02,false,0,6.080338865e+02,/mnt/pd/tema1/new/results/ml_samples/N2_sw0.30_x+1_i0095.h5
2,50,3.000000000e-01,1.000000000e+00,1,1.132939697e+00,7.499418643e-01,1700405056,main,fall,1.281000000e+00,1.140083566e-01,1.296073411e-02,8.733527527e-02,5.837719052e+02,false,0,1.082575940e+02,/mnt/pd/tema1/new/results/ml_samples/N2_sw0.30_x+1_i0141.h5
2,50,3.000000000e-01,1.000000000e+00,1,1.132939697e+00,7.499418643e-01,1703388940,main,rise,1.162100000e+01,1.261722828e-01,2.728740386e-02,8.541985963e-02,5.837719052e+02,false,0,7.900883442e+02,/mnt/pd/tema1/new/results/ml_samples/N2_sw0.30_x+1_i0081.h5
2,50,3.000000000e-01,1.000000000e+00,1,1.132939697e+00,7.499418643e-01,647046202,main,rise,7.211000000e+00,1.303157515e-01,3.316946595e-02,9.025721239e-02,5.837719052e+02,false,0,4.846841013e+02,/mnt/pd/tema1/new/results/ml_samples/N2_sw0.30_x+1_i0105.h5
2,50,3.000000000e-01,1.000000000e+00,1,1.132939697e+00,7.499418643e-01,1174469146,main,fall,5.741000000e+00,1.295343462e-01,2.784399018e-02,8.794699194e-02,5.837719052e+02,false,0,3.999674202e+02,/mnt/pd/tema1/new/results/ml_samples/N2_sw0.30_x+1_i0115.h5
2,50,3.000000000e-01,1.000000000e+00,1,1.132939697e+00,7.499418643e-01,1080434185,main,fall,3.561000000e+00,1.255470952e-01,2.353941505e-02,9.349497825e-02,5.837719052e+02,false,0,2.584244700e+02,/mnt/pd/tema1/new/results/ml_samples/N2_sw0.30_x+1_i0139.h5
2,50,3.000000000e-01,1.000000000e+00,1,1.132939697e+00,7.499418643e-01,581488536,main,fall,1.271000000e+00,1.310533342e-01,3.542951544e-02,8.696135867e-02,5.837719052e+02,false,0,1.078989155e+02,/mnt/pd/tema1/new/results/ml_samples/N2_sw0.30_x+1_i0161.h5
2,50,3.000000000e-01,1.000000000e+00,1,1.132939697e+00,7.499418643e-01,301447889,main,rise,2.084100000e+01,1.166215025e-01,1.869333246e-02,9.009307432e-02,5.837719052e+02,false,0,1.369610611e+03,/mnt/pd/tema1/new/results/ml_samples/N2_sw0.30_x+1_i0031.h5
2,50,3.000000000e-01,1.000000000e+00,1,1.132939697e+00,7.499418643e-01,595393846,main,rise,6.061000000e+00,1.118812833e-01,1.093160597e-02,8.718306870e-02,5.837719052e+02,false,0,4.257131676e+02,/mnt/pd/tema1/new/results/ml_samples/N2_sw0.30_x+1_i0133.h5
2,50,3.000000000e-01,1.000000000e+00,1,1.132939697e+00,7.499418643e-01,1678477758,main,rise,7.831000000e+00,1.447574735e-01,3.909008912e-02,8.737919358e-02,5.837719052e+02,false,0,5.437037639e+02,/mnt/pd/tema1/new/results/ml_samples/N2_sw0.30_x+1_i0119.h5
2,50,3.000000000e-01,1.000000000e+00,1,1.132939697e+00,7.499418643e-01,845939583,main,rise,4.291000000e+00,1.172283576e-01,1.607497563e-02,9.420560001e-02,5.837719052e+02,false,0,3.074658058e+02,/mnt/pd/tema1/new/results/ml_samples/N2_sw0.30_x+1_i0149.h5
2,50,3.000000000e-01,1.000000000e+00,1,1.132939697e+00,7.499418643e-01,2124684799,main,fall,2.881000000e+00,1.126637696e-01,1.501728220e-02,8.481796768e-02,5.837719052e+02,false,0,2.131879909e+02,/mnt/pd/tema1/new/results/ml_samples/N2_sw0.30_x+1_i0169.h5
2,50,3.000000000e-01,1.000000000e+00,1,1.132939697e+00,7.499418643e-01,759201858,main,fall,7.581000000e+00,1.239732290e-01,2.273792262e-02,9.048658599e-02,5.837719052e+02,false,0,5.244896981e+02,/mnt/pd/tema1/new/results/ml_samples/N2_sw0.30_x+1_i0129.h5
2,50,3.000000000e-01,1.000000000e+00,1,1.132939697e+00,7.499418643e-01,575208113,main,rise,4.241000000e+00,1.266970767e-01,2.892966022e-02,7.900566259e-02,5.837719052e+02,false,0,3.037312052e+02,/mnt/pd/tema1/new/results/ml_samples/N2_sw0.30_x+1_i0155.h5
2,50,3.000000000e-01,1.000000000e+00,1,1.132939697e+00,7.499418643e-01,24161577,main,rise,8.801000000e+00,1.247861724e-01,3.065297018e-02,8.555293250e-02,5.837719052e+02,false,0,6.044848070e+02,/mnt/pd/tema1/new/results/ml_samples/N2_sw0.30_x+1_i0117.h5
2,50,3.000000000e-01,1.000000000e+00,1,1.132939697e+00,7.499418643e-01,1283042441,main,fall,1.431000000e+00,1.308314956e-01,3.504940668e-02,8.206513858e-02,5.837719052e+02,false,0,1.222620544e+02,/mnt/pd/tema1/new/results/ml_samples/N2_sw0.30_x+1_i0177.h5
2,50,3.000000000e-01,1.000000000e+00,1,1.132939697e+00,7.499418643e-01,1368020834,main,rise,3.761000000e+00,1.248020396e-01,3.411223442e-02,9.023567610e-02,5.837719052e+02,false,0,2.732086060e+02,/mnt/pd/tema1/new/results/ml_samples/N2_sw0.30_x+1_i0167.h5
2,50,3.000000000e-01,1.000000000e+00,1,1.132939697e+00,7.499418643e-01,1720818722,main,rise,9.141000000e+00,1.204832107e-01,2.229529684e-02,8.881727973e-02,5.837719052e+02,false,0,6.156101138e+02,/mnt/pd/tema1/new/results/ml_samples/N2_sw0.30_x+1_i0123.h5
2,50,3.000000000e-01,1.000000000e+00,1,1.132939697e+00,7.499418643e-01,1683344473,main,rise,7.891000000e+00,1.193933053e-01,2.151201461e-02,9.283320079e-02,5.837719052e+02,false,0,4.991398365e+02,/mnt/pd/tema1/new/results/ml_samples/N2_sw0.30_x+1_i0135.h5
2,50,3.000000000e-01,1.000000000e+00,1,1.132939697e+00,7.499418643e-01,715281517,main,rise,4.421000000e+00,1.263357086e-01,3.749978959e-02,9.636156079e-02,5.837719052e+02,false,0,3.193318424e+02,/mnt/pd/tema1/new/results/ml_samples/N2_sw0.30_x+1_i0165.h5
2,50,3.000000000e-01,1.000000000e+00,1,1.132939697e+00,7.499418643e-01,96012428,main,rise,3.751000000e+00,1.373643374e-01,4.004548096e-02,8.091613692e-02,5.837719052e+02,false,0,2.736512054e+02,/mnt/pd/tema1/new/results/ml_samples/N2_sw0.30_x+1_i0171.h5
2,50,3.000000000e-01,1.000000000e+00,1,1.132939697e+00,7.499418643e-01,203151633,main,rise,7.321000000e+00,1.161233525e-01,1.787912464e-02,8.555376721e-02,5.837719052e+02,false,0,5.091726200e+02,/mnt/pd/tema1/new/results/ml_samples/N2_sw0.30_x+1_i0137.h5
2,50,3.000000000e-01,1.000000000e+00,1,1.132939697e+00,7.499418643e-01,980104949,main,rise,1.118100000e+01,1.253949088e-01,2.496632005e-02,8.528001992e-02,5.837719052e+02,false,0,7.228211339e+02,/mnt/pd/tema1/new/results/ml_samples/N2_sw0.30_x+1_i0111.h5
2,50,3.000000000e-01,1.000000000e+00,1,1.132939697e+00,7.499418643e-01,2141411011,main,fall,4.151000000e+00,1.207439019e-01,2.861367974e-02,8.875166958e-02,5.837719052e+02,false,0,2.813130863e+02,/mnt/pd/tema1/new/results/ml_samples/N2_sw0.30_x+1_i0175.h5
2,50,3.000000000e-01,1.000000000e+00,1,1.132939697e+00,7.499418643e-01,1027816369,main,fall,2.751000000e+00,1.195812242e-01,2.582252771e-02,8.950778781e-02,5.837719052e+02,false,0,2.066976605e+02,/mnt/pd/tema1/new/results/ml_samples/N2_sw0.30_x+1_i0191.h5
2,50,3.000000000e-01,1.000000000e+00,1,1.132939697e+00,7.499418643e-01,338166340,main,rise,8.841000000e+00,1.305915540e-01,2.928818830e-02,8.804539415e-02,5.837719052e+02,false,0,6.166940986e+02,/mnt/pd/tema1/new/results/ml_samples/N2_sw0.30_x+1_i0147.h5
2,50,3.000000000e-01,1.000000000e+00,1,1.132939697e+00,7.499418643e-01,275618293,main,rise,8.671000000e+00,1.242443558e-01,3.307953773e-02,8.419961327e-02,5.837719052e+02,false,0,5.946706624e+02,/mnt/pd/tema1/new/results/ml_samples/N2_sw0.30_x+1_i0153.h5
2,50,3.000000000e-01,1.000000000e+00,2,1.265879394e+00,8.379404087e-01,1401336740,main,rise,3.341000000e+00,1.143826992e-01,1.042147336e-02,8.786980815e-02,7.737561978e+02,false,0,2.352307616e+02,/mnt/pd/tema1/new/results/ml_samples/N2_sw0.30_x+2_i0001.h5
2,50,3.000000000e-01,1.000000000e+00,2,1.265879394e+00,8.379404087e-01,499928300,main,rise,2.381000000e+00,1.220775994e-01,1.392655100e-02,8.729314184e-02,7.737561978e+02,false,0,1.802950383e+02,/mnt/pd/tema1/new/results/ml_samples/N2_sw0.30_x+2_i0009.h5
2,50,3.000000000e-01,1.000000000e+00,1,1.132939697e+00,7.499418643e-01,878241622,main,rise,5.401000000e+00,1.310740375e-01,3.059477896e-02,8.890785147e-02,5.837719052e+02,false,0,3.700463197e+02,/mnt/pd/tema1/new/results/ml_samples/N2_sw0.30_x+1_i0179.h5
2,50,3.000000000e-01,1.000000000e+00,1,1.132939697e+00,7.499418643e-01,1761482198,main,rise,4.141000000e+00,1.204389700e-01,2.151971244e-02,8.512342978e-02,5.837719052e+02,false,0,2.979552146e+02,/mnt/pd/tema1/new/results/ml_samples/N2_sw0.30_x+1_i0193.h5
2,50,3.000000000e-01,1.000000000e+00,1,1.132939697e+00,7.499418643e-01,922154121,main,rise,3.691000000e+00,1.234912618e-01,2.706674472e-02,8.395050265e-02,5.837719052e+02,false,0,2.692093393e+02,/mnt/pd/tema1/new/results/ml_samples/N2_sw0.30_x+1_i0197.h5
2,50,3.000000000e-01,1.000000000e+00,1,1.132939697e+00,7.499418643e-01,1197113252,main,rise,9.131000000e+00,1.196599272e-01,3.063668008e-02,8.877264628e-02,5.837719052e+02,false,0,6.089253441e+02,/mnt/pd/tema1/new/results/ml_samples/N2_sw0.30_x+1_i0163.h5
2,50,3.000000000e-01,1.000000000e+00,1,1.132939697e+00,7.499418643e-01,1115267364,main,rise,9.381000000e+00,1.217707508e-01,2.279453639e-02,8.663582650e-02,5.837719052e+02,false,0,6.464930056e+02,/mnt/pd/tema1/new/results/ml_samples/N2_sw0.30_x+1_i0157.h5
2,50,3.000000000e-01,1.000000000e+00,1,1.132939697e+00,7.499418643e-01,619464921,main,fall,4.811000000e+00,1.244838822e-01,2.647503333e-02,8.046826909e-02,5.837719052e+02,false,0,3.437375031e+02,/mnt/pd/tema1/new/results/ml_samples/N2_sw0.30_x+1_i0195.h5
2,50,3.000000000e-01,1.000000000e+00,1,1.132939697e+00,7.499418643e-01,1415878749,main,rise,5.941000000e+00,1.210384761e-01,2.096923130e-02,8.553798092e-02,5.837719052e+02,false,0,4.186178482e+02,/mnt/pd/tema1/new/results/ml_samples/N2_sw0.30_x+1_i0181.h5
2,50,3.000000000e-01,1.000000000e+00,1,1.132939697e+00,7.499418643e-01,935881722,main,rise,1.144100000e+01,1.327719301e-01,3.119213019e-02,8.060090102e-02,5.837719052e+02,false,0,7.824641869e+02,/mnt/pd/tema1/new/results/ml_samples/N2_sw0.30_x+1_i0145.h5
2,50,3.000000000e-01,1.000000000e+00,1,1.132939697e+00,7.499418643e-01,1035913153,main,rise,1.595100000e+01,1.226665438e-01,3.259232708e-02,9.546998002e-02,5.837719052e+02,false,0,1.029324159e+03,/mnt/pd/tema1/new/results/ml_samples/N2_sw0.30_x+1_i0121.h5
2,50,3.000000000e-01,1.000000000e+00,1,1.132939697e+00,7.499418643e-01,104975185,main,fall,7.291000000e+00,1.249342051e-01,3.080423247e-02,9.855353640e-02,5.837719052e+02,false,0,4.678562389e+02,/mnt/pd/tema1/new/results/ml_samples/N2_sw0.30_x+1_i0187.h5
2,50,3.000000000e-01,1.000000000e+00,2,1.265879394e+00,8.379404087e-01,1131421399,main,rise,2.171000000e+00,1.556925862e-01,3.285721240e-02,7.845709398e-02,7.737561978e+02,false,0,1.681731803e+02,/mnt/pd/tema1/new/results/ml_samples/N2_sw0.30_x+2_i0019.h5
2,50,3.000000000e-01,1.000000000e+00,1,1.132939697e+00,7.499418643e-01,1609634867,main,rise,7.661000000e+00,1.235044086e-01,2.505045234e-02,8.928061347e-02,5.837719052e+02,false,0,5.229082166e+02,/mnt/pd/tema1/new/results/ml_samples/N2_sw0.30_x+1_i0183.h5
2,50,3.000000000e-01,1.000000000e+00,1,1.132939697e+00,7.499418643e-01,1718324367,main,rise,6.581000000e+00,1.243669839e-01,2.076857991e-02,7.920424975e-02,5.837719052e+02,false,0,4.559893081e+02,/mnt/pd/tema1/new/results/ml_samples/N2_sw0.30_x+1_i0199.h5
2,50,3.000000000e-01,1.000000000e+00,2,1.265879394e+00,8.379404087e-01,1944697529,main,rise,3.081000000e+00,1.411710542e-01,2.558317836e-02,8.872299852e-02,7.737561978e+02,false,0,2.276248867e+02,/mnt/pd/tema1/new/results/ml_samples/N2_sw0.30_x+2_i0021.h5
2,50,3.000000000e-01,1.000000000e+00,2,1.265879394e+00,8.379404087e-01,1739768170,main,rise,4.571000000e+00,1.285884402e-01,2.035393797e-02,8.050149791e-02,7.737561978e+02,false,0,3.271691628e+02,/mnt/pd/tema1/new/results/ml_samples/N2_sw0.30_x+2_i0011.h5
2,50,3.000000000e-01,1.000000000e+00,2,1.265879394e+00,8.379404087e-01,1836488826,main,rise,3.461000000e+00,1.309724715e-01,1.706321308e-02,8.989694731e-02,7.737561978e+02,false,0,2.524960916e+02,/mnt/pd/tema1/new/results/ml_samples/N2_sw0.30_x+2_i0017.h5
2,50,3.000000000e-01,1.000000000e+00,0,1.000000000e+00,6.619433198e-01,676474519,main,fall,4.114100000e+01,1.081293463e-01,1.851661807e-02,9.035413339e-02,4.168027829e+02,false,0,2.775237455e+03,/mnt/pd/tema1/new/results/ml_samples/N2_sw0.30_x+0_i0153.h5
2,50,3.000000000e-01,1.000000000e+00,2,1.265879394e+00,8.379404087e-01,1200748457,main,rise,2.911000000e+00,1.375526959e-01,4.573253591e-02,9.017002033e-02,7.737561978e+02,false,0,2.186332743e+02,/mnt/pd/tema1/new/results/ml_samples/N2_sw0.30_x+2_i0031.h5
2,50,3.000000000e-01,1.000000000e+00,1,1.132939697e+00,7.499418643e-01,504824179,main,rise,1.160100000e+01,1.157650218e-01,2.581445300e-02,8.684705058e-02,5.837719052e+02,false,0,7.786469832e+02,/mnt/pd/tema1/new/results/ml_samples/N2_sw0.30_x+1_i0173.h5
2,50,3.000000000e-01,1.000000000e+00,2,1.265879394e+00,8.379404087e-01,1568427372,main,rise,4.081000000e+00,1.232146210e-01,1.383673021e-02,7.835898165e-02,7.737561978e+02,false,0,2.946958279e+02,/mnt/pd/tema1/new/results/ml_samples/N2_sw0.30_x+2_i0023.h5
2,50,3.000000000e-01,1.000000000e+00,2,1.265879394e+00,8.379404087e-01,27480297,main,rise,4.101000000e+00,1.331449825e-01,2.971736976e-02,9.373961016e-02,7.737561978e+02,false,0,2.996508061e+02,/mnt/pd/tema1/new/results/ml_samples/N2_sw0.30_x+2_i0025.h5
2,50,3.000000000e-01,1.000000000e+00,2,1.265879394e+00,8.379404087e-01,30888365,main,rise,7.621000000e+00,1.344399089e-01,4.207146538e-02,8.077062671e-02,7.737561978e+02,false,0,5.578281221e+02,/mnt/pd/tema1/new/results/ml_samples/N2_sw0.30_x+2_i0005.h5
2,50,3.000000000e-01,1.000000000e+00,1,1.132939697e+00,7.499418643e-01,1979420599,main,rise,2.413100000e+01,1.195127935e-01,2.328279656e-02,9.167214586e-02,5.837719052e+02,false,0,1.619572370e+03,/mnt/pd/tema1/new/results/ml_samples/N2_sw0.30_x+1_i0085.h5
2,50,3.000000000e-01,1.000000000e+00,2,1.265879394e+00,8.379404087e-01,840004646,main,fall,2.281000000e+00,1.206572470e-01,2.794256713e-02,9.479571097e-02,7.737561978e+02,false,0,1.739017111e+02,/mnt/pd/tema1/new/results/ml_samples/N2_sw0.30_x+2_i0041.h5
2,50,3.000000000e-01,1.000000000e+00,2,1.265879394e+00,8.379404087e-01,1239287952,main,rise,3.681000000e+00,1.232863291e-01,2.176997848e-02,9.035849314e-02,7.737561978e+02,false,0,2.676182067e+02,/mnt/pd/tema1/new/results/ml_samples/N2_sw0.30_x+2_i0033.h5
2,50,3.000000000e-01,1.000000000e+00,1,1.132939697e+00,7.499418643e-01,1587616444,main,rise,1.452100000e+01,1.199659515e-01,2.137478896e-02,8.862754876e-02,5.837719052e+02,false,0,9.865269521e+02,/mnt/pd/tema1/new/results/ml_samples/N2_sw0.30_x+1_i0151.h5
2,50,3.000000000e-01,1.000000000e+00,2,1.265879394e+00,8.379404087e-01,2064799792,main,rise,8.181000000e+00,1.221610891e-01,1.853715107e-02,8.467230469e-02,7.737561978e+02,false,0,5.796247900e+02,/mnt/pd/tema1/new/results/ml_samples/N2_sw0.30_x+2_i0007.h5
2,50,3.000000000e-01,1.000000000e+00,2,1.265879394e+00,8.379404087e-01,1491339347,main,fall,4.681000000e+00,1.339900375e-01,2.769365330e-02,8.725339881e-02,7.737561978e+02,false,0,3.407687259e+02,/mnt/pd/tema1/new/results/ml_samples/N2_sw0.30_x+2_i0029.h5
2,50,3.000000000e-01,1.000000000e+00,1,1.132939697e+00,7.499418643e-01,718976278,main,rise,1.858100000e+01,1.202167050e-01,2.265453355e-02,8.396873693e-02,5.837719052e+02,false,0,1.240490798e+03,/mnt/pd/tema1/new/results/ml_samples/N2_sw0.30_x+1_i0127.h5
2,50,3.000000000e-01,1.000000000e+00,2,1.265879394e+00,8.379404087e-01,1208620413,main,rise,5.751000000e+00,1.300234905e-01,2.559988584e-02,8.777183916e-02,7.737561978e+02,false,0,4.109890507e+02,/mnt/pd/tema1/new/results/ml_samples/N2_sw0.30_x+2_i0027.h5
2,50,3.000000000e-01,1.000000000e+00,2,1.265879394e+00,8.379404087e-01,171781766,main,rise,3.091000000e+00,1.170015072e-01,1.852911991e-02,9.440661290e-02,7.737561978e+02,false,0,2.260594791e+02,/mnt/pd/tema1/new/results/ml_samples/N2_sw0.30_x+2_i0047.h5
2,50,3.000000000e-01,1.000000000e+00,1,1.132939697e+00,7.499418643e-01,2005048421,main,rise,1.165100000e+01,1.148233070e-01,1.645674813e-02,8.901002335e-02,5.837719052e+02,false,0,7.808888307e+02,/mnt/pd/tema1/new/results/ml_samples/N2_sw0.30_x+1_i0185.h5
2,50,3.000000000e-01,1.000000000e+00,2,1.265879394e+00,8.379404087e-01,2146902624,main,rise,3.821000000e+00,1.233460835e-01,1.757242008e-02,8.479143151e-02,7.737561978e+02,false,0,2.610590762e+02,/mnt/pd/tema1/new/results/ml_samples/N2_sw0.30_x+2_i0045.h5
2,50,3.000000000e-01,1.000000000e+00,2,1.265879394e+00,8.379404087e-01,1454856359,main,rise,4.651000000e+00,1.255899747e-01,2.201692387e-02,8.469304718e-02,7.737561978e+02,false,0,3.309761469e+02,/mnt/pd/tema1/new/results/ml_samples/N2_sw0.30_x+2_i0037.h5
2,50,3.000000000e-01,1.000000000e+00,2,1.265879394e+00,8.379404087e-01,1849967599,main,rise,2.411000000e+00,1.398001284e-01,2.735972768e-02,9.310323651e-02,7.737561978e+02,false,0,1.855167449e+02,/mnt/pd/tema1/new/results/ml_samples/N2_sw0.30_x+2_i0059.h5
2,50,3.000000000e-01,1.000000000e+00,2,1.265879394e+00,8.379404087e-01,1365976936,main,rise,7.921000000e+00,1.335136391e-01,2.511998139e-02,8.335489862e-02,7.737561978e+02,false,0,5.475765533e+02,/mnt/pd/tema1/new/results/ml_samples/N2_sw0.30_x+2_i0013.h5
2,50,3.000000000e-01,1.000000000e+00,1,1.132939697e+00,7.499418643e-01,1746728098,main,fall,3.679100000e+01,1.172952586e-01,1.911071906e-02,8.697888911e-02,5.837719052e+02,false,0,2.438780805e+03,/mnt/pd/tema1/new/results/ml_samples/N2_sw0.30_x+1_i0017.h5
2,50,3.000000000e-01,1.000000000e+00,2,1.265879394e+00,8.379404087e-01,130775086,main,rise,2.021000000e+00,1.337359704e-01,2.291749393e-02,8.574605750e-02,7.737561978e+02,false,0,1.570262804e+02,/mnt/pd/tema1/new/results/ml_samples/N2_sw0.30_x+2_i0073.h5
2,50,3.000000000e-01,1.000000000e+00,2,1.265879394e+00,8.379404087e-01,610193258,main,rise,5.691000000e+00,1.211744313e-01,2.460874069e-02,8.654909926e-02,7.737561978e+02,false,0,3.964491615e+02,/mnt/pd/tema1/new/results/ml_samples/N2_sw0.30_x+2_i0035.h5
2,50,3.000000000e-01,1.000000000e+00,2,1.265879394e+00,8.379404087e-01,643298947,main,rise,5.191000000e+00,1.208662311e-01,1.828450349e-02,8.767542940e-02,7.737561978e+02,false,0,3.636485742e+02,/mnt/pd/tema1/new/results/ml_samples/N2_sw0.30_x+2_i0039.h5
2,50,3.000000000e-01,1.000000000e+00,2,1.265879394e+00,8.379404087e-01,672210417,main,rise,4.161000000e+00,1.404005018e-01,3.518811997e-02,9.080617939e-02,7.737561978e+02,false,0,3.105210169e+02,/mnt/pd/tema1/new/results/ml_samples/N2_sw0.30_x+2_i0051.h5
2,50,3.000000000e-01,1.000000000e+00,2,1.265879394e+00,8.379404087e-01,2051202042,main,rise,3.301000000e+00,1.370445239e-01,3.162106291e-02,8.977921842e-02,7.737561978e+02,false,0,2.444176071e+02,/mnt/pd/tema1/new/results/ml_samples/N2_sw0.30_x+2_i0063.h5
2,50,3.000000000e-01,1.000000000e+00,2,1.265879394e+00,8.379404087e-01,728013669,main,rise,1.232100000e+01,1.195241620e-01,1.346941190e-02,8.423461141e-02,7.737561978e+02,false,0,8.411469398e+02,/mnt/pd/tema1/new/results/ml_samples/N2_sw0.30_x+2_i0003.h5
2,50,3.000000000e-01,1.000000000e+00,2,1.265879394e+00,8.379404087e-01,4492514,main,rise,3.781000000e+00,1.281483366e-01,2.581703196e-02,9.216182369e-02,7.737561978e+02,false,0,2.714624177e+02,/mnt/pd/tema1/new/results/ml_samples/N2_sw0.30_x+2_i0067.h5
2,50,3.000000000e-01,1.000000000e+00,2,1.265879394e+00,8.379404087e-01,1615243318,main,rise,3.681000000e+00,1.287053590e-01,2.059361304e-02,9.287700119e-02,7.737561978e+02,false,0,2.675743456e+02,/mnt/pd/tema1/new/results/ml_samples/N2_sw0.30_x+2_i0069.h5
2,50,3.000000000e-01,1.000000000e+00,2,1.265879394e+00,8.379404087e-01,903671008,main,rise,4.551000000e+00,1.349920791e-01,2.905075672e-02,8.978318035e-02,7.737561978e+02,false,0,3.237314966e+02,/mnt/pd/tema1/new/results/ml_samples/N2_sw0.30_x+2_i0057.h5
2,50,3.000000000e-01,1.000000000e+00,2,1.265879394e+00,8.379404087e-01,1668248351,main,rise,3.571000000e+00,1.221231764e-01,1.781713220e-02,9.208327419e-02,7.737561978e+02,false,0,2.579157308e+02,/mnt/pd/tema1/new/results/ml_samples/N2_sw0.30_x+2_i0075.h5
2,50,3.000000000e-01,1.000000000e+00,2,1.265879394e+00,8.379404087e-01,522388201,main,rise,5.341000000e+00,1.284194821e-01,1.391979265e-02,7.307124933e-02,7.737561978e+02,false,0,3.756887959e+02,/mnt/pd/tema1/new/results/ml_samples/N2_sw0.30_x+2_i0055.h5
2,50,3.000000000e-01,1.000000000e+00,2,1.265879394e+00,8.379404087e-01,1074333637,main,rise,5.431000000e+00,1.295864731e-01,2.970866832e-02,9.064850672e-02,7.737561978e+02,false,0,3.849529693e+02,/mnt/pd/tema1/new/results/ml_samples/N2_sw0.30_x+2_i0061.h5
2,50,3.000000000e-01,1.000000000e+00,2,1.265879394e+00,8.379404087e-01,498809439,main,rise,1.067100000e+01,1.295841231e-01,2.583902372e-02,8.806065347e-02,7.737561978e+02,false,0,7.288700020e+02,/mnt/pd/tema1/new/results/ml_samples/N2_sw0.30_x+2_i0015.h5
2,50,3.000000000e-01,1.000000000e+00,2,1.265879394e+00,8.379404087e-01,499548762,main,rise,3.381000000e+00,1.224687108e-01,1.868144695e-02,9.071273790e-02,7.737561978e+02,false,0,2.464840912e+02,/mnt/pd/tema1/new/results/ml_samples/N2_sw0.30_x+2_i0083.h5
2,50,3.000000000e-01,1.000000000e+00,2,1.265879394e+00,8.379404087e-01,1650249908,main,rise,3.291000000e+00,1.358583615e-01,2.832971969e-02,9.159699144e-02,7.737561978e+02,false,0,2.443674065e+02,/mnt/pd/tema1/new/results/ml_samples/N2_sw0.30_x+2_i0085.h5
2,50,3.000000000e-01,1.000000000e+00,2,1.265879394e+00,8.379404087e-01,63979448,main,fall,7.221000000e+00,1.166703621e-01,1.662534529e-02,9.174781082e-02,7.737561978e+02,false,0,4.942190475e+02,/mnt/pd/tema1/new/results/ml_samples/N2_sw0.30_x+2_i0049.h5
2,50,3.000000000e-01,1.000000000e+00,4,1.531758788e+00,1.013937498e+00,1196844049,main,rise,1.521000000e+00,1.423528979e-01,2.513323676e-02,8.902387424e-02,1.204489297e+03,false,0,1.256717479e+02,/mnt/pd/tema1/new/results/ml_samples/N2_sw0.30_x+4_i0011.h5
2,50,3.000000000e-01,1.000000000e+00,4,1.531758788e+00,1.013937498e+00,1945186141,main,rise,2.431000000e+00,1.462869815e-01,2.334738379e-02,8.342166904e-02,1.204489297e+03,false,0,1.869140815e+02,/mnt/pd/tema1/new/results/ml_samples/N2_sw0.30_x+4_i0003.h5
2,50,3.000000000e-01,1.000000000e+00,2,1.265879394e+00,8.379404087e-01,582254027,main,rise,5.681000000e+00,1.298607201e-01,2.617951122e-02,8.297116268e-02,7.737561978e+02,false,0,4.006714650e+02,/mnt/pd/tema1/new/results/ml_samples/N2_sw0.30_x+2_i0071.h5
2,50,3.000000000e-01,1.000000000e+00,2,1.265879394e+00,8.379404087e-01,647958228,main,rise,4.641000000e+00,1.331432269e-01,2.813797025e-02,8.666433721e-02,7.737561978e+02,false,0,3.293539944e+02,/mnt/pd/tema1/new/results/ml_samples/N2_sw0.30_x+2_i0081.h5
2,50,3.000000000e-01,1.000000000e+00,2,1.265879394e+00,8.379404087e-01,1992439776,main,rise,3.731000000e+00,1.332985922e-01,1.965887658e-02,8.654818997e-02,7.737561978e+02,false,0,2.725652034e+02,/mnt/pd/tema1/new/results/ml_samples/N2_sw0.30_x+2_i0099.h5
2,50,3.000000000e-01,1.000000000e+00,4,1.531758788e+00,1.013937498e+00,1878672079,main,rise,2.641000000e+00,1.554451008e-01,3.487982932e-02,8.486477097e-02,1.204489297e+03,false,0,1.985006028e+02,/mnt/pd/tema1/new/results/ml_samples/N2_sw0.30_x+4_i0005.h5
2,50,3.000000000e-01,1.000000000e+00,2,1.265879394e+00,8.379404087e-01,1770962686,main,rise,4.021000000e+00,1.366937803e-01,3.594759230e-02,8.694077186e-02,7.737561978e+02,false,0,2.908740434e+02,/mnt/pd/tema1/new/results/ml_samples/N2_sw0.30_x+2_i0095.h5
2,50,3.000000000e-01,1.000000000e+00,4,1.531758788e+00,1.013937498e+00,210251887,main,rise,2.711000000e+00,1.333313527e-01,1.690767013e-02,9.007082443e-02,1.204489297e+03,false,0,1.987753966e+02,/mnt/pd/tema1/new/results/ml_samples/N2_sw0.30_x+4_i0009.h5
2,50,3.000000000e-01,1.000000000e+00,4,1.531758788e+00,1.013937498e+00,1664454838,main,rise,3.781000000e+00,1.359581268e-01,1.679672000e-02,8.313280430e-02,1.204489297e+03,false,0,2.701858480e+02,/mnt/pd/tema1/new/results/ml_samples/N2_sw0.30_x+4_i0001.h5
2,50,3.000000000e-01,1.000000000e+00,1,1.132939697e+00,7.499418643e-01,953636613,main,rise,2.275100000e+01,1.167032467e-01,1.706238980e-02,8.628841441e-02,5.837719052e+02,false,0,1.486625996e+03,/mnt/pd/tema1/new/results/ml_samples/N2_sw0.30_x+1_i0143.h5
2,50,3.000000000e-01,1.000000000e+00,1,1.132939697e+00,7.499418643e-01,1492547013,main,rise,2.089100000e+01,1.200297358e-01,2.046710857e-02,8.519674510e-02,5.837719052e+02,false,0,1.414132834e+03,/mnt/pd/tema1/new/results/ml_samples/N2_sw0.30_x+1_i0159.h5
2,50,3.000000000e-01,1.000000000e+00,4,1.531758788e+00,1.013937498e+00,422658638,main,rise,2.281000000e+00,1.244476891e-01,1.746938273e-02,9.564725234e-02,1.204489297e+03,false,0,1.744998433e+02,/mnt/pd/tema1/new/results/ml_samples/N2_sw0.30_x+4_i0015.h5
2,50,3.000000000e-01,1.000000000e+00,4,1.531758788e+00,1.013937498e+00,1165773140,main,rise,1.931000000e+00,1.342565412e-01,1.550514430e-02,8.295421148e-02,1.204489297e+03,false,0,1.493309088e+02,/mnt/pd/tema1/new/results/ml_samples/N2_sw0.30_x+4_i0017.h5
2,50,3.000000000e-01,1.000000000e+00,2,1.265879394e+00,8.379404087e-01,1962261175,main,rise,5.891000000e+00,1.347123620e-01,2.815415675e-02,8.571295500e-02,7.737561978e+02,false,0,4.089761385e+02,/mnt/pd/tema1/new/results/ml_samples/N2_sw0.30_x+2_i0079.h5
2,50,3.000000000e-01,1.000000000e+00,4,1.531758788e+00,1.013937498e+00,918928284,main,rise,2.871000000e+00,1.466098528e-01,3.695483718e-02,7.909039969e-02,1.204489297e+03,false,0,2.198414686e+02,/mnt/pd/tema1/new/results/ml_samples/N2_sw0.30_x+4_i0013.h5
2,50,3.000000000e-01,1.000000000e+00,2,1.265879394e+00,8.379404087e-01,1649689017,main,rise,5.201000000e+00,1.239696318e-01,1.286142983e-02,8.366612647e-02,7.737561978e+02,false,0,3.699575880e+02,/mnt/pd/tema1/new/results/ml_samples/N2_sw0.30_x+2_i0091.h5
2,50,3.000000000e-01,1.000000000e+00,2,1.265879394e+00,8.379404087e-01,1204777554,main,rise,6.911000000e+00,1.230546545e-01,2.015450351e-02,8.223639669e-02,7.737561978e+02,false,0,4.847996945e+02,/mnt/pd/tema1/new/results/ml_samples/N2_sw0.30_x+2_i0077.h5
2,50,3.000000000e-01,1.000000000e+00,2,1.265879394e+00,8.379404087e-01,2023187502,main,rise,5.271000000e+00,1.353492269e-01,2.772506478e-02,9.062312001e-02,7.737561978e+02,false,0,3.693598134e+02,/mnt/pd/tema1/new/results/ml_samples/N2_sw0.30_x+2_i0093.h5
2,50,3.000000000e-01,1.000000000e+00,4,1.531758788e+00,1.013937498e+00,2027011803,main,rise,2.631000000e+00,1.363908374e-01,2.102053615e-02,8.844461052e-02,1.204489297e+03,false,0,1.973102257e+02,/mnt/pd/tema1/new/results/ml_samples/N2_sw0.30_x+4_i0019.h5
2,50,3.000000000e-01,1.000000000e+00,1,1.132939697e+00,7.499418643e-01,337172554,main,rise,1.737100000e+01,1.233030522e-01,3.011333526e-02,8.468119123e-02,5.837719052e+02,false,0,1.202950434e+03,/mnt/pd/tema1/new/results/ml_samples/N2_sw0.30_x+1_i0189.h5
2,50,3.000000000e-01,1.000000000e+00,2,1.265879394e+00,8.379404087e-01,1147963696,main,rise,5.371000000e+00,1.429530301e-01,3.366936715e-02,8.194383577e-02,7.737561978e+02,false,0,3.822940209e+02,/mnt/pd/tema1/new/results/ml_samples/N2_sw0.30_x+2_i0097.h5
2,50,3.000000000e-01,1.000000000e+00,4,1.531758788e+00,1.013937498e+00,1288302891,main,rise,2.421000000e+00,1.565222368e-01,4.541645146e-02,7.864252681e-02,1.204489297e+03,false,0,1.836658418e+02,/mnt/pd/tema1/new/results/ml_samples/N2_sw0.30_x+4_i0025.h5
2,50,3.000000000e-01,1.000000000e+00,4,1.531758788e+00,1.013937498e+00,253950464,main,rise,4.801000000e+00,1.359636474e-01,1.534988037e-02,8.672113438e-02,1.204489297e+03,false,0,3.435853197e+02,/mnt/pd/tema1/new/results/ml_samples/N2_sw0.30_x+4_i0007.h5
2,50,3.000000000e-01,1.000000000e+00,4,1.531758788e+00,1.013937498e+00,1218432205,main,rise,2.721000000e+00,1.262395165e-01,1.381885336e-02,9.195422261e-02,1.204489297e+03,false,0,2.034128190e+02,/mnt/pd/tema1/new/results/ml_samples/N2_sw0.30_x+4_i0027.h5
2,50,3.000000000e-01,1.000000000e+00,4,1.531758788e+00,1.013937498e+00,1004767710,main,rise,2.681000000e+00,1.449755798e-01,2.032966563e-02,8.132438894e-02,1.204489297e+03,false,0,2.009703789e+02,/mnt/pd/tema1/new/results/ml_samples/N2_sw0.30_x+4_i0031.h5
2,50,3.000000000e-01,1.000000000e+00,4,1.531758788e+00,1.013937498e+00,1202461245,main,rise,1.961000000e+00,1.425210116e-01,2.131698339e-02,8.626642214e-02,1.204489297e+03,false,0,1.536614871e+02,/mnt/pd/tema1/new/results/ml_samples/N2_sw0.30_x+4_i0039.h5
2,50,3.000000000e-01,1.000000000e+00,4,1.531758788e+00,1.013937498e+00,48258882,main,rise,2.431000000e+00,1.408578523e-01,1.765803091e-02,7.567121274e-02,1.204489297e+03,false,0,1.838273007e+02,/mnt/pd/tema1/new/results/ml_samples/N2_sw0.30_x+4_i0035.h5
2,50,3.000000000e-01,1.000000000e+00,4,1.531758788e+00,1.013937498e+00,14780319,main,rise,2.081000000e+00,1.405148842e-01,1.633411229e-02,8.577661884e-02,1.204489297e+03,false,0,1.623140847e+02,/mnt/pd/tema1/new/results/ml_samples/N2_sw0.30_x+4_i0045.h5
2,50,3.000000000e-01,1.000000000e+00,4,1.531758788e+00,1.013937498e+00,1422656120,main,rise,3.871000000e+00,1.472659907e-01,2.539296873e-02,7.980591542e-02,1.204489297e+03,false,0,2.797482873e+02,/mnt/pd/tema1/new/results/ml_samples/N2_sw0.30_x+4_i0021.h5
2,50,3.000000000e-01,1.000000000e+00,4,1.531758788e+00,1.013937498e+00,421938719,main,rise,3.251000000e+00,1.383341508e-01,1.935283076e-02,8.672546081e-02,1.204489297e+03,false,0,2.375268327e+02,/mnt/pd/tema1/new/results/ml_samples/N2_sw0.30_x+4_i0029.h5
2,50,3.000000000e-01,1.000000000e+00,4,1.531758788e+00,1.013937498e+00,1106900358,main,rise,2.931000000e+00,1.424951553e-01,2.782959789e-02,8.641269910e-02,1.204489297e+03,false,0,2.176064856e+02,/mnt/pd/tema1/new/results/ml_samples/N2_sw0.30_x+4_i0033.h5
2,50,3.000000000e-01,1.000000000e+00,4,1.531758788e+00,1.013937498e+00,986770504,main,rise,1.491000000e+00,1.610996340e-01,2.971004517e-02,9.963478946e-02,1.204489297e+03,false,0,1.222913531e+02,/mnt/pd/tema1/new/results/ml_samples/N2_sw0.30_x+4_i0059.h5
2,50,3.000000000e-01,1.000000000e+00,4,1.531758788e+00,1.013937498e+00,1301736736,main,rise,2.851000000e+00,1.425722004e-01,2.510549698e-02,8.952658763e-02,1.204489297e+03,false,0,2.117757738e+02,/mnt/pd/tema1/new/results/ml_samples/N2_sw0.30_x+4_i0037.h5
2,50,3.000000000e-01,1.000000000e+00,4,1.531758788e+00,1.013937498e+00,1523861958,main,rise,2.331000000e+00,1.438813410e-01,1.727706952e-02,8.556446054e-02,1.204489297e+03,false,0,1.768654827e+02,/mnt/pd/tema1/new/results/ml_samples/N2_sw0.30_x+4_i0049.h5
2,50,3.000000000e-01,1.000000000e+00,4,1.531758788e+00,1.013937498e+00,1172321234,main,rise,3.001000000e+00,1.346883234e-01,1.719471405e-02,8.310078006e-02,1.204489297e+03,false,0,2.225257737e+02,/mnt/pd/tema1/new/results/ml_samples/N2_sw0.30_x+4_i0041.h5
2,50,3.000000000e-01,1.000000000e+00,4,1.531758788e+00,1.013937498e+00,1232603274,main,rise,1.731000000e+00,1.464832575e-01,3.265328071e-02,8.576962087e-02,1.204489297e+03,false,0,1.364571539e+02,/mnt/pd/tema1/new/results/ml_samples/N2_sw0.30_x+4_i0063.h5
2,50,3.000000000e-01,1.000000000e+00,4,1.531758788e+00,1.013937498e+00,1345913396,main,rise,2.091000000e+00,1.351365364e-01,1.855892091e-02,8.593857039e-02,1.204489297e+03,false,0,1.617588139e+02,/mnt/pd/tema1/new/results/ml_samples/N2_sw0.30_x+4_i0061.h5
2,50,3.000000000e-01,1.000000000e+00,4,1.531758788e+00,1.013937498e+00,1476823841,main,rise,2.941000000e+00,1.359069265e-01,1.399118897e-02,8.131884604e-02,1.204489297e+03,false,0,2.173223587e+02,/mnt/pd/tema1/new/results/ml_samples/N2_sw0.30_x+4_i0051.h5
2,50,3.000000000e-01,1.000000000e+00,4,1.531758788e+00,1.013937498e+00,1813170769,main,rise,2.871000000e+00,1.287542542e-01,1.892529930e-02,8.935055377e-02,1.204489297e+03,false,0,2.131241387e+02,/mnt/pd/tema1/new/results/ml_samples/N2_sw0.30_x+4_i0053.h5
2,50,3.000000000e-01,1.000000000e+00,4,1.531758788e+00,1.013937498e+00,1656455879,main,rise,2.711000000e+00,1.495914924e-01,3.267690757e-02,8.295824274e-02,1.204489297e+03,false,0,2.024794957e+02,/mnt/pd/tema1/new/results/ml_samples/N2_sw0.30_x+4_i0057.h5
2,50,3.000000000e-01,1.000000000e+00,4,1.531758788e+00,1.013937498e+00,658346387,main,rise,2.521000000e+00,1.314248745e-01,1.518485124e-02,8.634986877e-02,1.204489297e+03,false,0,1.927932849e+02,/mnt/pd/tema1/new/results/ml_samples/N2_sw0.30_x+4_i0067.h5
2,50,3.000000000e-01,1.000000000e+00,4,1.531758788e+00,1.013937498e+00,1396347030,main,rise,3.681000000e+00,1.361666654e-01,2.116672092e-02,8.616155358e-02,1.204489297e+03,false,0,2.661107115e+02,/mnt/pd/tema1/new/results/ml_samples/N2_sw0.30_x+4_i0047.h5
2,50,3.000000000e-01,1.000000000e+00,4,1.531758788e+00,1.013937498e+00,1019982034,main,rise,1.931000000e+00,1.466051684e-01,2.139388185e-02,8.438360481e-02,1.204489297e+03,false,0,1.528319787e+02,/mnt/pd/tema1/new/results/ml_samples/N2_sw0.30_x+4_i0071.h5
2,50,3.000000000e-01,1.000000000e+00,4,1.531758788e+00,1.013937498e+00,225770356,main,rise,1.511000000e+00,1.675704658e-01,3.783581514e-02,8.875308458e-02,1.204489297e+03,false,0,1.269007908e+02,/mnt/pd/tema1/new/results/ml_samples/N2_sw0.30_x+4_i0081.h5
2,50,3.000000000e-01,1.000000000e+00,2,1.265879394e+00,8.379404087e-01,1137751471,main,rise,1.264100000e+01,1.272472851e-01,2.271569440e-02,8.591650635e-02,7.737561978e+02,false,0,8.585651642e+02,/mnt/pd/tema1/new/results/ml_samples/N2_sw0.30_x+2_i0053.h5
2,50,3.000000000e-01,1.000000000e+00,4,1.531758788e+00,1.013937498e+00,1253208967,main,rise,3.671000000e+00,1.359299529e-01,1.585386286e-02,8.613363301e-02,1.204489297e+03,false,0,2.663824234e+02,/mnt/pd/tema1/new/results/ml_samples/N2_sw0.30_x+4_i0055.h5
2,50,3.000000000e-01,1.000000000e+00,4,1.531758788e+00,1.013937498e+00,2033864829,main,rise,2.501000000e+00,1.427498370e-01,2.061683003e-02,8.263808474e-02,1.204489297e+03,false,0,1.906571524e+02,/mnt/pd/tema1/new/results/ml_samples/N2_sw0.30_x+4_i0079.h5
2,50,3.000000000e-01,1.000000000e+00,4,1.531758788e+00,1.013937498e+00,1164263882,main,rise,1.731000000e+00,1.545518894e-01,2.401076103e-02,8.725553148e-02,1.204489297e+03,false,0,1.405088111e+02,/mnt/pd/tema1/new/results/ml_samples/N2_sw0.30_x+4_i0095.h5
2,50,3.000000000e-01,1.000000000e+00,4,1.531758788e+00,1.013937498e+00,2096972461,main,rise,3.521000000e+00,1.423403874e-01,2.080068625e-02,8.282272747e-02,1.204489297e+03,false,0,2.575681987e+02,/mnt/pd/tema1/new/results/ml_samples/N2_sw0.30_x+4_i0069.h5
2,50,3.000000000e-01,1.000000000e+00,2,1.265879394e+00,8.379404087e-01,774620072,main,rise,1.119100000e+01,1.145524378e-01,1.636109261e-02,9.148780387e-02,7.737561978e+02,false,0,6.984878809e+02,/mnt/pd/tema1/new/results/ml_samples/N2_sw0.30_x+2_i0089.h5
2,50,3.000000000e-01,1.000000000e+00,4,1.531758788e+00,1.013937498e+00,497471311,main,rise,2.581000000e+00,1.354936312e-01,1.893002945e-02,8.918110122e-02,1.204489297e+03,false,0,1.909246721e+02,/mnt/pd/tema1/new/results/ml_samples/N2_sw0.30_x+4_i0087.h5
2,50,3.000000000e-01,1.000000000e+00,4,1.531758788e+00,1.013937498e+00,2076427032,main,rise,2.671000000e+00,1.407764677e-01,2.146717108e-02,8.805496405e-02,1.204489297e+03,false,0,2.010494434e+02,/mnt/pd/tema1/new/results/ml_samples/N2_sw0.30_x+4_i0089.h5
2,50,3.000000000e-01,1.000000000e+00,4,1.531758788e+00,1.013937498e+00,807854067,main,rise,3.401000000e+00,1.371628046e-01,1.826159907e-02,8.073674327e-02,1.204489297e+03,false,0,2.484963541e+02,/mnt/pd/tema1/new/results/ml_samples/N2_sw0.30_x+4_i0075.h5
2,50,3.000000000e-01,1.000000000e+00,4,1.531758788e+00,1.013937498e+00,1122179400,main,rise,3.651000000e+00,1.460059228e-01,2.851888470e-02,8.497074256e-02,1.204489297e+03,false,0,2.665136610e+02,/mnt/pd/tema1/new/results/ml_samples/N2_sw0.30_x+4_i0073.h5
2,50,3.000000000e-01,1.000000000e+00,4,1.531758788e+00,1.013937498e+00,1426588056,main,rise,2.551000000e+00,1.309978330e-01,1.651453846e-02,9.185939237e-02,1.204489297e+03,false,0,1.907642986e+02,/mnt/pd/tema1/new/results/ml_samples/N2_sw0.30_x+4_i0097.h5
2,50,3.000000000e-01,1.000000000e+00,4,1.531758788e+00,1.013937498e+00,235969374,main,rise,2.441000000e+00,1.370703638e-01,1.357723256e-02,8.120451252e-02,1.204489297e+03,false,0,1.854585686e+02,/mnt/pd/tema1/new/results/ml_samples/N2_sw0.30_x+4_i0099.h5
2,50,3.000000000e-01,1.000000000e+00,4,1.531758788e+00,1.013937498e+00,441276492,main,rise,3.291000000e+00,1.253315433e-01,1.280410160e-02,8.853927580e-02,1.204489297e+03,false,0,2.405013680e+02,/mnt/pd/tema1/new/results/ml_samples/N2_sw0.30_x+4_i0085.h5
2,50,3.000000000e-01,1.000000000e+00,4,1.531758788e+00,1.013937498e+00,1692346201,main,rise,4.761000000e+00,1.536680317e-01,3.334772905e-02,7.809186858e-02,1.204489297e+03,false,0,3.418188849e+02,/mnt/pd/tema1/new/results/ml_samples/N2_sw0.30_x+4_i0065.h5
2,50,3.000000000e-01,1.000000000e+00,4,1.531758788e+00,1.013937498e+00,1359308548,main,rise,3.011000000e+00,1.398610534e-01,2.058731611e-02,7.729909543e-02,1.204489297e+03,false,0,2.234454275e+02,/mnt/pd/tema1/new/results/ml_samples/N2_sw0.30_x+4_i0093.h5
2,50,3.000000000e-01,1.000000000e+00,4,1.531758788e+00,1.013937498e+00,1507772597,main,rise,8.181000000e+00,1.355652079e-01,2.415188804e-02,7.918902688e-02,1.204489297e+03,false,0,5.663901299e+02,/mnt/pd/tema1/new/results/ml_samples/N2_sw0.30_x+4_i0023.h5
2,50,3.000000000e-01,1.000000000e+00,4,1.531758788e+00,1.013937498e+00,1450166481,main,rise,4.031000000e+00,1.373163770e-01,2.049728870e-02,8.792445508e-02,1.204489297e+03,false,0,2.861927491e+02,/mnt/pd/tema1/new/results/ml_samples/N2_sw0.30_x+4_i0091.h5
4,50,1.500000000e-01,1.000000000e+00,-4,4.788303963e-01,1.584792911e-01,1062678864,main,fall,1.071000000e+00,1.023708463e-01,5.246119660e-02,1.728721227e-01,1.423275796e+01,false,0,2.073367129e+02,/mnt/pd/tema1/new/results/ml_samples/N4_sw0.15_x-4_i0007.h5
2,50,3.000000000e-01,1.000000000e+00,4,1.531758788e+00,1.013937498e+00,1003556436,main,rise,5.071000000e+00,1.299494383e-01,1.096393212e-02,8.422498793e-02,1.204489297e+03,false,0,3.431781446e+02,/mnt/pd/tema1/new/results/ml_samples/N2_sw0.30_x+4_i0077.h5
2,50,3.000000000e-01,1.000000000e+00,2,1.265879394e+00,8.379404087e-01,109441299,main,rise,1.434100000e+01,1.202681086e-01,1.189233699e-02,8.373797117e-02,7.737561978e+02,false,0,9.720924337e+02,/mnt/pd/tema1/new/results/ml_samples/N2_sw0.30_x+2_i0065.h5
2,50,3.000000000e-01,1.000000000e+00,4,1.531758788e+00,1.013937498e+00,1167264029,main,rise,4.691000000e+00,1.319577150e-01,1.642127813e-02,8.438632542e-02,1.204489297e+03,false,0,3.346866555e+02,/mnt/pd/tema1/new/results/ml_samples/N2_sw0.30_x+4_i0083.h5
4,50,1.500000000e-01,1.000000000e+00,-4,4.788303963e-01,1.584792911e-01,240315486,main,fall,1.211000000e+00,9.416089601e-02,3.855866670e-02,1.636692647e-01,1.579542929e+01,false,0,2.088119269e+02,/mnt/pd/tema1/new/results/ml_samples/N4_sw0.15_x-4_i0013.h5
4,50,1.500000000e-01,1.000000000e+00,-4,4.788303963e-01,1.584792911e-01,906162393,main,fall,1.451000000e+00,1.483415627e-01,7.423642340e-02,1.461491013e-01,1.231969898e+01,false,0,2.582093518e+02,/mnt/pd/tema1/new/results/ml_samples/N4_sw0.15_x-4_i0001.h5
4,50,1.500000000e-01,1.000000000e+00,-4,4.788303963e-01,1.584792911e-01,1901791073,main,fall,1.481000000e+00,1.070428600e-01,4.966797555e-02,1.494738057e-01,3.247154332e+01,false,0,2.496122999e+02,/mnt/pd/tema1/new/results/ml_samples/N4_sw0.15_x-4_i0003.h5
4,50,1.500000000e-01,1.000000000e+00,-4,4.788303963e-01,1.584792911e-01,821290577,main,fall,1.601000000e+00,1.631807379e-01,2.892466679e-02,1.567018271e-01,2.371014508e+01,false,0,2.580234027e+02,/mnt/pd/tema1/new/results/ml_samples/N4_sw0.15_x-4_i0009.h5
4,50,1.500000000e-01,1.000000000e+00,-4,4.788303963e-01,1.584792911e-01,1777480772,main,fall,9.810000000e-01,1.361445988e-01,5.097108889e-02,1.680383824e-01,1.992673953e+01,false,0,1.836583397e+02,/mnt/pd/tema1/new/results/ml_samples/N4_sw0.15_x-4_i0023.h5
4,50,1.500000000e-01,1.000000000e+00,-4,4.788303963e-01,1.584792911e-01,1917485254,main,fall,1.591000000e+00,1.266248586e-01,4.971516435e-02,1.612250967e-01,2.563693187e+01,false,0,2.577189718e+02,/mnt/pd/tema1/new/results/ml_samples/N4_sw0.15_x-4_i0011.h5
4,50,1.500000000e-01,1.000000000e+00,-4,4.788303963e-01,1.584792911e-01,1318801707,main,fall,1.241000000e+00,1.095623036e-01,4.277591207e-02,1.707999600e-01,9.729942400e+00,false,0,2.189336971e+02,/mnt/pd/tema1/new/results/ml_samples/N4_sw0.15_x-4_i0021.h5
2,50,3.000000000e-01,1.000000000e+00,4,1.531758788e+00,1.013937498e+00,2117709338,main,rise,8.991000000e+00,1.371159238e-01,1.616417315e-02,8.338135236e-02,1.204489297e+03,false,0,6.038525336e+02,/mnt/pd/tema1/new/results/ml_samples/N2_sw0.30_x+4_i0043.h5
4,50,1.500000000e-01,1.000000000e+00,-4,4.788303963e-01,1.584792911e-01,347725043,main,fall,1.381000000e+00,1.118698243e-01,4.629207222e-02,1.578614150e-01,2.743204499e+01,false,0,2.325938308e+02,/mnt/pd/tema1/new/results/ml_samples/N4_sw0.15_x-4_i0025.h5
4,50,1.500000000e-01,1.000000000e+00,-4,4.788303963e-01,1.584792911e-01,1800655863,main,fall,1.111000000e+00,1.042141226e-01,4.441676662e-02,1.616664327e-01,7.648604168e+00,false,0,1.952119121e+02,/mnt/pd/tema1/new/results/ml_samples/N4_sw0.15_x-4_i0043.h5
4,50,1.500000000e-01,1.000000000e+00,-4,4.788303963e-01,1.584792911e-01,161292243,main,fall,1.231000000e+00,1.009478958e-01,4.362591121e-02,1.658625201e-01,3.936663207e+01,false,0,2.118086715e+02,/mnt/pd/tema1/new/results/ml_samples/N4_sw0.15_x-4_i0033.h5
4,50,1.500000000e-01,1.000000000e+00,-4,4.788303963e-01,1.584792911e-01,1576806132,main,fall,1.481000000e+00,9.348273673e-02,1.787217924e-02,1.637553735e-01,2.505989976e+01,false,0,2.449743303e+02,/mnt/pd/tema1/new/results/ml_samples/N4_sw0.15_x-4_i0031.h5
4,50,1.500000000e-01,1.000000000e+00,-4,4.788303963e-01,1.584792911e-01,1460767106,main,fall,1.681000000e+00,9.604918010e-02,3.286489433e-02,1.535592412e-01,2.213626981e+01,false,0,2.931265380e+02,/mnt/pd/tema1/new/results/ml_samples/N4_sw0.15_x-4_i0019.h5
4,50,1.500000000e-01,1.000000000e+00,-4,4.788303963e-01,1.584792911e-01,673608275,main,fall,2.131000000e+00,9.082944550e-02,2.482797717e-02,1.514352605e-01,3.936663207e+01,false,0,3.278295708e+02,/mnt/pd/tema1/new/results/ml_samples/N4_sw0.15_x-4_i0017.h5
4,50,1.500000000e-01,1.000000000e+00,-4,4.788303963e-01,1.584792911e-01,917179583,main,fall,1.611000000e+00,1.276124184e-01,4.837395803e-02,1.606561640e-01,3.753017716e+01,false,0,2.733955120e+02,/mnt/pd/tema1/new/results/ml_samples/N4_sw0.15_x-4_i0027.h5
4,50,1.500000000e-01,1.000000000e+00,-4,4.788303963e-01,1.584792911e-01,2069723383,main,fall,1.561000000e+00,1.583015541e-01,7.047900541e-02,1.534512344e-01,1.514358004e+01,false,0,2.538535867e+02,/mnt/pd/tema1/new/results/ml_samples/N4_sw0.15_x-4_i0035.h5
4,50,1.500000000e-01,1.000000000e+00,-4,4.788303963e-01,1.584792911e-01,2039306455,main,fall,1.711000000e+00,9.869305806e-02,3.738604668e-02,1.560856511e-01,1.492273025e+01,false,0,2.729214127e+02,/mnt/pd/tema1/new/results/ml_samples/N4_sw0.15_x-4_i0041.h5
2,50,3.000000000e-01,1.000000000e+00,2,1.265879394e+00,8.379404087e-01,1805976360,main,rise,2.119100000e+01,1.256779726e-01,1.902787049e-02,8.293152116e-02,7.737561978e+02,false,0,1.343125050e+03,/mnt/pd/tema1/new/results/ml_samples/N2_sw0.30_x+2_i0043.h5
4,50,1.500000000e-01,1.000000000e+00,-4,4.788303963e-01,1.584792911e-01,876435596,main,fall,1.341000000e+00,9.607134485e-02,2.913900965e-02,1.610270771e-01,2.364450366e+01,false,0,2.349629125e+02,/mnt/pd/tema1/new/results/ml_samples/N4_sw0.15_x-4_i0047.h5
4,50,1.500000000e-01,1.000000000e+00,-4,4.788303963e-01,1.584792911e-01,664252936,main,fall,1.461000000e+00,1.385519775e-01,4.235221066e-02,1.446663941e-01,6.559680507e+00,false,0,2.468521783e+02,/mnt/pd/tema1/new/results/ml_samples/N4_sw0.15_x-4_i0051.h5
4,50,1.500000000e-01,1.000000000e+00,-4,4.788303963e-01,1.584792911e-01,793300893,main,fall,2.081000000e+00,1.123640980e-01,4.456839886e-02,1.411911866e-01,3.442013554e+01,false,0,3.235143031e+02,/mnt/pd/tema1/new/results/ml_samples/N4_sw0.15_x-4_i0037.h5
4,50,1.500000000e-01,1.000000000e+00,-4,4.788303963e-01,1.584792911e-01,512713836,main,fall,1.531000000e+00,1.128826048e-01,4.733292071e-02,1.581388993e-01,1.157346146e+01,false,0,2.509627384e+02,/mnt/pd/tema1/new/results/ml_samples/N4_sw0.15_x-4_i0053.h5
4,50,1.500000000e-01,1.000000000e+00,-4,4.788303963e-01,1.584792911e-01,1327311319,main,fall,1.111000000e+00,1.439313537e-01,4.245636430e-02,1.701046729e-01,1.349981735e+01,false,0,2.000341221e+02,/mnt/pd/tema1/new/results/ml_samples/N4_sw0.15_x-4_i0067.h5
4,50,1.500000000e-01,1.000000000e+00,-4,4.788303963e-01,1.584792911e-01,878769065,main,fall,2.211000000e+00,9.567720168e-02,3.595799988e-02,1.572683132e-01,9.036109549e+00,false,0,3.396167583e+02,/mnt/pd/tema1/new/results/ml_samples/N4_sw0.15_x-4_i0039.h5
4,50,1.500000000e-01,1.000000000e+00,-4,4.788303963e-01,1.584792911e-01,1942351463,main,fall,1.571000000e+00,8.203410340e-02,1.575528908e-02,1.608452465e-01,2.560061707e+01,false,0,2.565623197e+02,/mnt/pd/tema1/new/results/ml_samples/N4_sw0.15_x-4_i0055.h5
4,50,1.500000000e-01,1.000000000e+00,-4,4.788303963e-01,1.584792911e-01,943187064,main,fall,2.091000000e+00,1.104545645e-01,3.061042142e-02,1.538154877e-01,2.091161589e+01,false,0,3.269706365e+02,/mnt/pd/tema1/new/results/ml_samples/N4_sw0.15_x-4_i0045.h5
4,50,1.500000000e-01,1.000000000e+00,-4,4.788303963e-01,1.584792911e-01,360891153,main,fall,3.631000000e+00,1.090467136e-01,3.197624617e-02,1.395134705e-01,6.908273433e+00,false,0,5.272019505e+02,/mnt/pd/tema1/new/results/ml_samples/N4_sw0.15_x-4_i0005.h5
4,50,1.500000000e-01,1.000000000e+00,-4,4.788303963e-01,1.584792911e-01,656044026,main,fall,1.801000000e+00,1.198230588e-01,3.756136440e-02,1.482144262e-01,3.350369634e+01,false,0,3.275849860e+02,/mnt/pd/tema1/new/results/ml_samples/N4_sw0.15_x-4_i0049.h5
4,50,1.500000000e-01,1.000000000e+00,-4,4.788303963e-01,1.584792911e-01,2087407503,main,fall,1.691000000e+00,9.223206565e-02,2.558494529e-02,1.600789533e-01,1.645741797e+01,false,0,2.703597801e+02,/mnt/pd/tema1/new/results/ml_samples/N4_sw0.15_x-4_i0065.h5
4,50,1.500000000e-01,1.000000000e+00,-4,4.788303963e-01,1.584792911e-01,1467139612,main,fall,1.901000000e+00,9.255139445e-02,3.362159645e-02,1.546051018e-01,2.953901315e+01,false,0,3.095316680e+02,/mnt/pd/tema1/new/results/ml_samples/N4_sw0.15_x-4_i0057.h5
4,50,1.500000000e-01,1.000000000e+00,-4,4.788303963e-01,1.584792911e-01,1255859754,main,fall,1.961000000e+00,1.021105583e-01,3.164977222e-02,1.479517288e-01,5.244032888e+00,false,0,3.045570431e+02,/mnt/pd/tema1/new/results/ml_samples/N4_sw0.15_x-4_i0061.h5
4,50,1.500000000e-01,1.000000000e+00,-4,4.788303963e-01,1.584792911e-01,1307460332,main,fall,1.501000000e+00,1.712234725e-01,3.333320540e-02,1.520482469e-01,8.805941409e+00,false,0,2.517206302e+02,/mnt/pd/tema1/new/results/ml_samples/N4_sw0.15_x-4_i0069.h5
4,50,1.500000000e-01,1.000000000e+00,-4,4.788303963e-01,1.584792911e-01,2035362024,main,fall,1.871000000e+00,9.122700264e-02,2.011138759e-02,1.497211069e-01,4.080233928e+00,false,0,2.994073328e+02,/mnt/pd/tema1/new/results/ml_samples/N4_sw0.15_x-4_i0063.h5
4,50,1.500000000e-01,1.000000000e+00,-4,4.788303963e-01,1.584792911e-01,1220170000,main,fall,1.531000000e+00,9.235412085e-02,3.291194360e-02,1.518255961e-01,2.697532435e+01,false,0,2.475122514e+02,/mnt/pd/tema1/new/results/ml_samples/N4_sw0.15_x-4_i0071.h5
4,50,1.500000000e-01,1.000000000e+00,-4,4.788303963e-01,1.584792911e-01,941044808,main,fall,2.261000000e+00,1.080934796e-01,3.690089843e-02,1.510617070e-01,3.158274484e+01,false,0,3.440672810e+02,/mnt/pd/tema1/new/results/ml_samples/N4_sw0.15_x-4_i0059.h5
4,50,1.500000000e-01,1.000000000e+00,-4,4.788303963e-01,1.584792911e-01,1553350710,main,fall,1.261000000e+00,1.580052183e-01,4.546156849e-02,1.572384825e-01,3.936663207e+01,false,0,2.338096902e+02,/mnt/pd/tema1/new/results/ml_samples/N4_sw0.15_x-4_i0081.h5
4,50,1.500000000e-01,1.000000000e+00,-4,4.788303963e-01,1.584792911e-01,345927706,main,fall,1.481000000e+00,9.946270386e-02,3.171385591e-02,1.608248210e-01,1.181323867e+01,false,0,2.425846445e+02,/mnt/pd/tema1/new/results/ml_samples/N4_sw0.15_x-4_i0083.h5
4,50,1.500000000e-01,1.000000000e+00,-4,4.788303963e-01,1.584792911e-01,667357220,main,fall,1.471000000e+00,9.453877228e-02,3.731613674e-02,1.594814979e-01,1.309987786e+01,false,0,2.468397153e+02,/mnt/pd/tema1/new/results/ml_samples/N4_sw0.15_x-4_i0085.h5
4,50,1.500000000e-01,1.000000000e+00,-4,4.788303963e-01,1.584792911e-01,1292146334,main,fall,1.801000000e+00,8.488748322e-02,2.478124640e-02,1.547326811e-01,1.217850062e+01,false,0,2.866795807e+02,/mnt/pd/tema1/new/results/ml_samples/N4_sw0.15_x-4_i0077.h5
4,50,1.500000000e-01,1.000000000e+00,-4,4.788303963e-01,1.584792911e-01,1170669727,main,fall,1.941000000e+00,9.430343034e-02,2.336152882e-02,1.354736031e-01,1.582706728e+01,false,0,3.038870672e+02,/mnt/pd/tema1/new/results/ml_samples/N4_sw0.15_x-4_i0073.h5
4,50,1.500000000e-01,1.000000000e+00,-4,4.788303963e-01,1.584792911e-01,433155942,main,fall,1.361000000e+00,1.135250812e-01,5.898141604e-02,1.587890341e-01,2.340147023e+01,false,0,2.302042589e+02,/mnt/pd/tema1/new/results/ml_samples/N4_sw0.15_x-4_i0089.h5
4,50,1.500000000e-01,1.000000000e+00,-4,4.788303963e-01,1.584792911e-01,722316163,main,fall,1.401000000e+00,1.182295939e-01,6.025823239e-02,1.562946486e-01,4.381848884e+00,false,0,2.337870288e+02,/mnt/pd/tema1/new/results/ml_samples/N4_sw0.15_x-4_i0097.h5
4,50,1.500000000e-01,1.000000000e+00,-4,4.788303963e-01,1.584792911e-01,924627182,main,fall,2.411000000e+00,1.151521602e-01,4.607187819e-02,1.501590156e-01,3.027117431e+01,false,0,3.643094949e+02,/mnt/pd/tema1/new/results/ml_samples/N4_sw0.15_x-4_i0075.h5
4,50,1.500000000e-01,1.000000000e+00,-4,4.788303963e-01,1.584792911e-01,195331077,main,fall,2.331000000e+00,9.402686102e-02,2.651114345e-02,1.528891683e-01,2.909850431e+01,false,0,3.529656923e+02,/mnt/pd/tema1/new/results/ml_samples/N4_sw0.15_x-4_i0079.h5
4,50,1.500000000e-01,1.000000000e+00,-2,7.394151982e-01,2.447254755e-01,1268295348,main,fall,1.131000000e+00,1.625060320e-01,6.080157575e-02,1.609115729e-01,2.851779518e+01,false,0,2.008334862e+02,/mnt/pd/tema1/new/results/ml_samples/N4_sw0.15_x-2_i0013.h5
4,50,1.500000000e-01,1.000000000e+00,-4,4.788303963e-01,1.584792911e-01,1999115988,main,fall,1.961000000e+00,1.786958665e-01,5.352753523e-02,1.477053615e-01,2.745233803e+01,false,0,3.125097465e+02,/mnt/pd/tema1/new/results/ml_samples/N4_sw0.15_x-4_i0091.h5
4,50,1.500000000e-01,1.000000000e+00,-4,4.788303963e-01,1.584792911e-01,669828826,main,fall,1.811000000e+00,2.002734042e-01,4.412591057e-02,1.573223257e-01,1.521083432e+01,false,0,2.876220306e+02,/mnt/pd/tema1/new/results/ml_samples/N4_sw0.15_x-4_i0099.h5
4,50,1.500000000e-01,1.000000000e+00,-2,7.394151982e-01,2.447254755e-01,1480701704,main,fall,1.701000000e+00,1.138767518e-01,2.906584438e-02,1.497234644e-01,2.180138355e+01,false,0,2.726094315e+02,/mnt/pd/tema1/new/results/ml_samples/N4_sw0.15_x-2_i0005.h5
2,50,3.000000000e-01,1.000000000e+00,2,1.265879394e+00,8.379404087e-01,1050108669,main,rise,2.115100000e+01,1.269579352e-01,1.961319476e-02,8.070654150e-02,7.737561978e+02,false,0,1.401492378e+03,/mnt/pd/tema1/new/results/ml_samples/N2_sw0.30_x+2_i0087.h5
4,50,1.500000000e-01,1.000000000e+00,-4,4.788303963e-01,1.584792911e-01,500195717,main,fall,4.631000000e+00,1.259386275e-01,3.572563599e-02,1.459699491e-01,3.936663207e+01,false,0,6.636415381e+02,/mnt/pd/tema1/new/results/ml_samples/N4_sw0.15_x-4_i0029.h5
4,50,1.500000000e-01,1.000000000e+00,-2,7.394151982e-01,2.447254755e-01,920541378,main,fall,1.961000000e+00,1.245027558e-01,4.946116796e-02,1.460525410e-01,3.889185058e+01,false,0,3.087905983e+02,/mnt/pd/tema1/new/results/ml_samples/N4_sw0.15_x-2_i0001.h5
4,50,1.500000000e-01,1.000000000e+00,-4,4.788303963e-01,1.584792911e-01,469651771,main,fall,1.911000000e+00,1.188914421e-01,4.532667196e-02,1.511210550e-01,1.637259143e+01,false,0,3.350142592e+02,/mnt/pd/tema1/new/results/ml_samples/N4_sw0.15_x-4_i0095.h5
4,50,1.500000000e-01,1.000000000e+00,-4,4.788303963e-01,1.584792911e-01,371111263,main,fall,2.721000000e+00,1.629935635e-01,2.626748692e-02,1.552220219e-01,2.434915809e+01,false,0,4.096727474e+02,/mnt/pd/tema1/new/results/ml_samples/N4_sw0.15_x-4_i0087.h5
4,50,1.500000000e-01,1.000000000e+00,-4,4.788303963e-01,1.584792911e-01,1808537972,main,fall,2.491000000e+00,9.375708230e-02,3.527953353e-02,1.534032115e-01,1.948399879e+01,false,0,4.113390634e+02,/mnt/pd/tema1/new/results/ml_samples/N4_sw0.15_x-4_i0093.h5
4,50,1.500000000e-01,1.000000000e+00,-2,7.394151982e-01,2.447254755e-01,1735963785,main,fall,1.951000000e+00,1.202212592e-01,2.241933590e-02,1.464978505e-01,1.170201154e+01,false,0,3.204390048e+02,/mnt/pd/tema1/new/results/ml_samples/N4_sw0.15_x-2_i0019.h5
4,50,1.500000000e-01,1.000000000e+00,-2,7.394151982e-01,2.447254755e-01,292967922,main,fall,1.901000000e+00,1.272137079e-01,2.568231191e-02,1.477135488e-01,8.760302938e+00,false,0,2.986043705e+02,/mnt/pd/tema1/new/results/ml_samples/N4_sw0.15_x-2_i0025.h5
4,50,1.500000000e-01,1.000000000e+00,-2,7.394151982e-01,2.447254755e-01,1106559807,main,fall,2.121000000e+00,1.188063888e-01,3.698364723e-02,1.383141665e-01,2.784404012e+01,false,0,3.271354056e+02,/mnt/pd/tema1/new/results/ml_samples/N4_sw0.15_x-2_i0021.h5
4,50,1.500000000e-01,1.000000000e+00,-2,7.394151982e-01,2.447254755e-01,54334950,main,fall,2.521000000e+00,1.207952226e-01,2.735280692e-02,1.393258638e-01,1.981388310e+01,false,0,3.822975040e+02,/mnt/pd/tema1/new/results/ml_samples/N4_sw0.15_x-2_i0011.h5
4,50,1.500000000e-01,1.000000000e+00,-2,7.394151982e-01,2.447254755e-01,2111401638,main,fall,1.711000000e+00,1.178323923e-01,3.159566496e-02,1.345432781e-01,3.047856169e+01,false,0,2.751973572e+02,/mnt/pd/tema1/new/results/ml_samples/N4_sw0.15_x-2_i0039.h5
4,50,1.500000000e-01,1.000000000e+00,-2,7.394151982e-01,2.447254755e-01,476640011,main,fall,3.031000000e+00,1.100396806e-01,2.244898631e-02,1.315772198e-01,3.475673629e+01,false,0,4.465257308e+02,/mnt/pd/tema1/new/results/ml_samples/N4_sw0.15_x-2_i0009.h5
4,50,1.500000000e-01,1.000000000e+00,-2,7.394151982e-01,2.447254755e-01,1808570099,main,fall,1.671000000e+00,1.131113529e-01,1.810664946e-02,1.419985375e-01,3.889185058e+01,false,0,2.727458382e+02,/mnt/pd/tema1/new/results/ml_samples/N4_sw0.15_x-2_i0041.h5
4,50,1.500000000e-01,1.000000000e+00,-4,4.788303963e-01,1.584792911e-01,339423529,main,fall,6.881000000e+00,1.045605725e-01,2.291275792e-02,1.366446749e-01,2.044138078e+01,false,0,9.490784476e+02,/mnt/pd/tema1/new/results/ml_samples/N4_sw0.15_x-4_i0015.h5
4,50,1.500000000e-01,1.000000000e+00,-2,7.394151982e-01,2.447254755e-01,450097,main,fall,3.231000000e+00,1.178490218e-01,2.435259572e-02,1.164872768e-01,8.810739573e+00,false,0,4.703934831e+02,/mnt/pd/tema1/new/results/ml_samples/N4_sw0.15_x-2_i0017.h5
4,50,1.500000000e-01,1.000000000e+00,-2,7.394151982e-01,2.447254755e-01,994497678,main,fall,2.591000000e+00,1.136202282e-01,1.393912627e-02,1.425132231e-01,3.642231387e+01,false,0,3.897900404e+02,/mnt/pd/tema1/new/results/ml_samples/N4_sw0.15_x-2_i0037.h5
4,50,1.500000000e-01,1.000000000e+00,-2,7.394151982e-01,2.447254755e-01,758216881,main,fall,3.311000000e+00,1.344019286e-01,2.556260314e-02,1.291402060e-01,2.664923279e+01,false,0,4.882070807e+02,/mnt/pd/tema1/new/results/ml_samples/N4_sw0.15_x-2_i0027.h5
4,50,1.500000000e-01,1.000000000e+00,-2,7.394151982e-01,2.447254755e-01,725919023,main,fall,2.351000000e+00,1.254620787e-01,3.522377897e-02,1.327055522e-01,3.889185058e+01,false,0,3.576185035e+02,/mnt/pd/tema1/new/results/ml_samples/N4_sw0.15_x-2_i0055.h5
4,50,1.500000000e-01,1.000000000e+00,-2,7.394151982e-01,2.447254755e-01,1820387681,main,fall,4.741000000e+00,1.314677130e-01,3.739899313e-02,1.291643824e-01,2.723533046e+01,false,0,6.714795369e+02,/mnt/pd/tema1/new/results/ml_samples/N4_sw0.15_x-2_i0007.h5
4,50,1.500000000e-01,1.000000000e+00,-2,7.394151982e-01,2.447254755e-01,1340720818,main,fall,3.001000000e+00,9.897820343e-02,1.553831259e-02,1.433299345e-01,3.889185058e+01,false,0,4.409849179e+02,/mnt/pd/tema1/new/results/ml_samples/N4_sw0.15_x-2_i0051.h5
4,50,1.500000000e-01,1.000000000e+00,-2,7.394151982e-01,2.447254755e-01,1444011514,main,fall,4.081000000e+00,1.055979404e-01,2.107110149e-02,1.317122930e-01,3.842514099e+01,false,0,5.806979115e+02,/mnt/pd/tema1/new/results/ml_samples/N4_sw0.15_x-2_i0033.h5
4,50,1.500000000e-01,1.000000000e+00,-2,7.394151982e-01,2.447254755e-01,2043353352,main,fall,1.871000000e+00,1.260289150e-01,4.785969328e-02,1.405432854e-01,9.822635258e+00,false,0,3.024877369e+02,/mnt/pd/tema1/new/results/ml_samples/N4_sw0.15_x-2_i0071.h5
4,50,1.500000000e-01,1.000000000e+00,-2,7.394151982e-01,2.447254755e-01,1855890606,main,fall,5.351000000e+00,1.095504621e-01,1.586793038e-02,1.270021186e-01,2.967536028e+01,false,0,7.494421270e+02,/mnt/pd/tema1/new/results/ml_samples/N4_sw0.15_x-2_i0003.h5
4,50,1.500000000e-01,1.000000000e+00,-2,7.394151982e-01,2.447254755e-01,318843717,main,fall,4.661000000e+00,1.178042837e-01,1.260936701e-02,1.284254422e-01,3.162691971e+01,false,0,6.611153956e+02,/mnt/pd/tema1/new/results/ml_samples/N4_sw0.15_x-2_i0023.h5
4,50,1.500000000e-01,1.000000000e+00,-2,7.394151982e-01,2.447254755e-01,1317362660,main,fall,1.751000000e+00,1.087997825e-01,2.696903572e-02,1.549142530e-01,2.487294732e+01,false,0,2.786310492e+02,/mnt/pd/tema1/new/results/ml_samples/N4_sw0.15_x-2_i0075.h5
4,50,1.500000000e-01,1.000000000e+00,-2,7.394151982e-01,2.447254755e-01,2016567792,main,fall,1.981000000e+00,1.202231629e-01,2.408451983e-02,1.293963638e-01,2.064252300e+01,false,0,3.076963293e+02,/mnt/pd/tema1/new/results/ml_samples/N4_sw0.15_x-2_i0073.h5
4,50,1.500000000e-01,1.000000000e+00,-2,7.394151982e-01,2.447254755e-01,235612186,main,fall,4.711000000e+00,1.135712749e-01,1.548008504e-02,1.314557661e-01,3.889185058e+01,false,0,6.694509979e+02,/mnt/pd/tema1/new/results/ml_samples/N4_sw0.15_x-2_i0029.h5
4,50,1.500000000e-01,1.000000000e+00,-2,7.394151982e-01,2.447254755e-01,1565377666,main,fall,4.221000000e+00,1.223055289e-01,1.609306983e-02,1.275381260e-01,3.124794888e+01,false,0,6.042097741e+02,/mnt/pd/tema1/new/results/ml_samples/N4_sw0.15_x-2_i0045.h5
4,50,1.500000000e-01,1.000000000e+00,-2,7.394151982e-01,2.447254755e-01,580101469,main,fall,3.241000000e+00,1.164239966e-01,2.657001253e-02,1.322028829e-01,2.917602757e+01,false,0,4.871272571e+02,/mnt/pd/tema1/new/results/ml_samples/N4_sw0.15_x-2_i0065.h5
4,50,1.500000000e-01,1.000000000e+00,-2,7.394151982e-01,2.447254755e-01,1654107542,main,fall,1.861000000e+00,1.183108974e-01,2.619439367e-02,1.351809830e-01,9.229647245e+00,false,0,3.033464811e+02,/mnt/pd/tema1/new/results/ml_samples/N4_sw0.15_x-2_i0085.h5
4,50,1.500000000e-01,1.000000000e+00,-2,7.394151982e-01,2.447254755e-01,1985041755,main,fall,4.271000000e+00,1.160103112e-01,2.156885262e-02,1.277652812e-01,1.210409657e+01,false,0,6.044509733e+02,/mnt/pd/tema1/new/results/ml_samples/N4_sw0.15_x-2_i0059.h5
4,50,1.500000000e-01,1.000000000e+00,-2,7.394151982e-01,2.447254755e-01,1600705742,main,fall,4.621000000e+00,1.269955428e-01,3.783348896e-02,1.341526701e-01,3.424181429e+01,false,0,6.518765704e+02,/mnt/pd/tema1/new/results/ml_samples/N4_sw0.15_x-2_i0061.h5
4,50,1.500000000e-01,1.000000000e+00,-2,7.394151982e-01,2.447254755e-01,2139791064,main,fall,3.221000000e+00,1.195301586e-01,3.611030755e-02,1.381950932e-01,2.207698444e+01,false,0,4.762321489e+02,/mnt/pd/tema1/new/results/ml_samples/N4_sw0.15_x-2_i0077.h5
4,50,1.500000000e-01,1.000000000e+00,-2,7.394151982e-01,2.447254755e-01,349185954,main,fall,1.661000000e+00,1.184469212e-01,2.431589741e-02,1.454968900e-01,3.769268908e+01,false,0,2.689103134e+02,/mnt/pd/tema1/new/results/ml_samples/N4_sw0.15_x-2_i0095.h5
4,50,1.500000000e-01,1.000000000e+00,-2,7.394151982e-01,2.447254755e-01,63137002,main,fall,5.321000000e+00,1.164831406e-01,2.191173904e-02,1.263175305e-01,3.166966108e+01,false,0,7.483705069e+02,/mnt/pd/tema1/new/results/ml_samples/N4_sw0.15_x-2_i0047.h5
4,50,1.500000000e-01,1.000000000e+00,-2,7.394151982e-01,2.447254755e-01,627543757,main,fall,7.221000000e+00,1.147696985e-01,2.347458722e-02,1.175376171e-01,2.305837710e+01,false,0,9.947830017e+02,/mnt/pd/tema1/new/results/ml_samples/N4_sw0.15_x-2_i0015.h5
4,50,1.500000000e-01,1.000000000e+00,-2,7.394151982e-01,2.447254755e-01,1474720280,main,fall,5.931000000e+00,1.138824673e-01,1.417315401e-02,1.279755363e-01,2.602938601e+01,false,0,8.240933232e+02,/mnt/pd/tema1/new/results/ml_samples/N4_sw0.15_x-2_i0053.h5
4,50,1.500000000e-01,1.000000000e+00,-1,8.697075991e-01,2.878485677e-01,1104980753,main,fall,2.271000000e+00,1.255721223e-01,2.990447522e-02,1.291229852e-01,3.539322084e+01,false,0,3.481781253e+02,/mnt/pd/tema1/new/results/ml_samples/N4_sw0.15_x-1_i0005.h5
4,50,1.500000000e-01,1.000000000e+00,-1,8.697075991e-01,2.878485677e-01,1379397449,main,fall,2.551000000e+00,1.291064849e-01,2.647043979e-02,1.238909145e-01,4.664341935e+01,false,0,3.839689691e+02,/mnt/pd/tema1/new/results/ml_samples/N4_sw0.15_x-1_i0003.h5
4,50,1.500000000e-01,1.000000000e+00,-2,7.394151982e-01,2.447254755e-01,1660235803,main,fall,7.561000000e+00,1.096896354e-01,1.762559993e-02,1.298840283e-01,1.918572176e+01,false,0,1.047251523e+03,/mnt/pd/tema1/new/results/ml_samples/N4_sw0.15_x-2_i0031.h5
4,50,1.500000000e-01,1.000000000e+00,-1,8.697075991e-01,2.878485677e-01,514073684,main,fall,2.361000000e+00,1.325873302e-01,2.764621241e-02,1.223727674e-01,2.568682379e+01,false,0,3.566916143e+02,/mnt/pd/tema1/new/results/ml_samples/N4_sw0.15_x-1_i0009.h5
4,50,1.500000000e-01,1.000000000e+00,-2,7.394151982e-01,2.447254755e-01,1135004068,main,fall,6.291000000e+00,1.137987714e-01,1.724498112e-02,1.194888641e-01,3.145426770e+01,false,0,8.680641694e+02,/mnt/pd/tema1/new/results/ml_samples/N4_sw0.15_x-2_i0063.h5
4,50,1.500000000e-01,1.000000000e+00,-2,7.394151982e-01,2.447254755e-01,360785076,main,fall,4.341000000e+00,1.333555791e-01,2.541615546e-02,1.304064323e-01,2.893086792e+01,false,0,6.165165573e+02,/mnt/pd/tema1/new/results/ml_samples/N4_sw0.15_x-2_i0091.h5
4,50,1.500000000e-01,1.000000000e+00,-1,8.697075991e-01,2.878485677e-01,99416150,main,fall,4.121000000e+00,1.498062142e-01,2.744550170e-02,1.164225064e-01,4.149586792e+01,false,0,5.899836650e+02,/mnt/pd/tema1/new/results/ml_samples/N4_sw0.15_x-1_i0001.h5
4,50,1.500000000e-01,1.000000000e+00,-1,8.697075991e-01,2.878485677e-01,1221577942,main,fall,2.711000000e+00,1.238478172e-01,2.012977067e-02,1.241721465e-01,4.664341935e+01,false,0,4.041864791e+02,/mnt/pd/tema1/new/results/ml_samples/N4_sw0.15_x-1_i0015.h5
4,50,1.500000000e-01,1.000000000e+00,-2,7.394151982e-01,2.447254755e-01,920236762,main,fall,5.371000000e+00,1.113994689e-01,1.693789255e-02,1.283919174e-01,2.794765594e+01,false,0,7.462341377e+02,/mnt/pd/tema1/new/results/ml_samples/N4_sw0.15_x-2_i0087.h5
4,50,1.500000000e-01,1.000000000e+00,-1,8.697075991e-01,2.878485677e-01,953928297,main,fall,2.641000000e+00,1.331827546e-01,3.249606342e-02,1.160708426e-01,4.664341935e+01,false,0,3.931298255e+02,/mnt/pd/tema1/new/results/ml_samples/N4_sw0.15_x-1_i0023.h5
4,50,1.500000000e-01,1.000000000e+00,-2,7.394151982e-01,2.447254755e-01,765033507,main,fall,9.121000000e+00,1.287132745e-01,2.498737656e-02,1.165234052e-01,1.967573814e+01,false,0,1.241284198e+03,/mnt/pd/tema1/new/results/ml_samples/N4_sw0.15_x-2_i0049.h5
4,50,1.500000000e-01,1.000000000e+00,-1,8.697075991e-01,2.878485677e-01,2073418159,main,fall,4.821000000e+00,1.225361868e-01,1.969926801e-02,1.256889341e-01,2.875305144e+01,false,0,6.795105546e+02,/mnt/pd/tema1/new/results/ml_samples/N4_sw0.15_x-1_i0007.h5
4,50,1.500000000e-01,1.000000000e+00,-2,7.394151982e-01,2.447254755e-01,894746393,main,fall,7.431000000e+00,1.106883141e-01,2.236478996e-02,1.303803849e-01,3.903640194e+00,false,0,1.024892555e+03,/mnt/pd/tema1/new/results/ml_samples/N4_sw0.15_x-2_i0081.h5
4,50,1.500000000e-01,1.000000000e+00,-2,7.394151982e-01,2.447254755e-01,1253378867,main,fall,9.851000000e+00,1.200903468e-01,2.066422111e-02,1.239635406e-01,1.946158971e+01,false,0,1.335458423e+03,/mnt/pd/tema1/new/results/ml_samples/N4_sw0.15_x-2_i0043.h5
4,50,1.500000000e-01,1.000000000e+00,-1,8.697075991e-01,2.878485677e-01,707310671,main,fall,5.321000000e+00,1.209245776e-01,1.913816982e-02,1.226873692e-01,4.664341935e+01,false,0,7.450863495e+02,/mnt/pd/tema1/new/results/ml_samples/N4_sw0.15_x-1_i0011.h5
4,50,1.500000000e-01,1.000000000e+00,-2,7.394151982e-01,2.447254755e-01,1356462499,main,fall,8.711000000e+00,1.230444453e-01,2.970001574e-02,1.293099737e-01,1.179208429e+01,false,0,1.169445038e+03,/mnt/pd/tema1/new/results/ml_samples/N4_sw0.15_x-2_i0079.h5
4,50,1.500000000e-01,1.000000000e+00,-1,8.697075991e-01,2.878485677e-01,2119525144,main,fall,2.061000000e+00,1.196206574e-01,2.439319082e-02,1.363072159e-01,3.283774718e+01,false,0,3.200365073e+02,/mnt/pd/tema1/new/results/ml_samples/N4_sw0.15_x-1_i0039.h5
4,50,1.500000000e-01,1.000000000e+00,-1,8.697075991e-01,2.878485677e-01,2122403463,main,fall,4.801000000e+00,1.393663090e-01,4.091100585e-02,1.299271045e-01,6.202307727e+00,false,0,6.781739879e+02,/mnt/pd/tema1/new/results/ml_samples/N4_sw0.15_x-1_i0019.h5
4,50,1.500000000e-01,1.000000000e+00,-2,7.394151982e-01,2.447254755e-01,843261279,main,fall,9.401000000e+00,1.030266798e-01,1.772440936e-02,1.295434175e-01,2.431438963e+01,false,0,1.272752830e+03,/mnt/pd/tema1/new/results/ml_samples/N4_sw0.15_x-2_i0069.h5
4,50,1.500000000e-01,1.000000000e+00,-1,8.697075991e-01,2.878485677e-01,476446135,main,fall,2.331000000e+00,1.244478835e-01,2.019280945e-02,1.296589430e-01,4.664341935e+01,false,0,3.531594596e+02,/mnt/pd/tema1/new/results/ml_samples/N4_sw0.15_x-1_i0037.h5
4,50,1.500000000e-01,1.000000000e+00,-1,8.697075991e-01,2.878485677e-01,499816859,main,fall,3.501000000e+00,1.139320664e-01,1.435997622e-02,1.202836866e-01,4.068709529e+01,false,0,5.082641239e+02,/mnt/pd/tema1/new/results/ml_samples/N4_sw0.15_x-1_i0031.h5
4,50,1.500000000e-01,1.000000000e+00,-2,7.394151982e-01,2.447254755e-01,1529616949,main,fall,1.143100000e+01,1.096321833e-01,1.872651016e-02,1.213030806e-01,2.614162538e+01,false,0,1.544609666e+03,/mnt/pd/tema1/new/results/ml_samples/N4_sw0.15_x-2_i0035.h5
4,50,1.500000000e-01,1.000000000e+00,-1,8.697075991e-01,2.878485677e-01,734307831,main,fall,3.411000000e+00,1.158775261e-01,1.693486163e-02,1.275999333e-01,1.427589930e+01,false,0,4.951891971e+02,/mnt/pd/tema1/new/results/ml_samples/N4_sw0.15_x-1_i0035.h5
4,50,1.500000000e-01,1.000000000e+00,-1,8.697075991e-01,2.878485677e-01,872656677,main,fall,4.351000000e+00,1.237298928e-01,2.993559586e-02,1.285647363e-01,1.940028190e+01,false,0,6.180567189e+02,/mnt/pd/tema1/new/results/ml_samples/N4_sw0.15_x-1_i0025.h5
4,50,1.500000000e-01,1.000000000e+00,-2,7.394151982e-01,2.447254755e-01,1066228909,main,fall,8.681000000e+00,1.096695169e-01,2.381926573e-02,1.242893676e-01,2.686929358e+01,false,0,1.194947819e+03,/mnt/pd/tema1/new/results/ml_samples/N4_sw0.15_x-2_i0083.h5
4,50,1.500000000e-01,1.000000000e+00,-1,8.697075991e-01,2.878485677e-01,847947533,main,fall,2.801000000e+00,1.171887682e-01,2.029835944e-02,1.257809000e-01,4.931248416e+00,false,0,4.182548743e+02,/mnt/pd/tema1/new/results/ml_samples/N4_sw0.15_x-1_i0041.h5
4,50,1.500000000e-01,1.000000000e+00,-1,8.697075991e-01,2.878485677e-01,406715189,main,fall,6.161000000e+00,1.213616051e-01,1.451729075e-02,1.261005922e-01,4.664341935e+01,false,0,8.376257385e+02,/mnt/pd/tema1/new/results/ml_samples/N4_sw0.15_x-1_i0017.h5
4,50,1.500000000e-01,1.000000000e+00,-1,8.697075991e-01,2.878485677e-01,1391135481,main,fall,4.761000000e+00,1.258208192e-01,1.359480002e-02,1.299231347e-01,3.247134293e+01,false,0,6.627202695e+02,/mnt/pd/tema1/new/results/ml_samples/N4_sw0.15_x-1_i0029.h5
4,50,1.500000000e-01,1.000000000e+00,-2,7.394151982e-01,2.447254755e-01,1912722041,main,fall,8.121000000e+00,1.150045901e-01,2.078533380e-02,1.267334470e-01,2.952127976e+01,false,0,1.147953059e+03,/mnt/pd/tema1/new/results/ml_samples/N4_sw0.15_x-2_i0089.h5
4,50,1.500000000e-01,1.000000000e+00,-1,8.697075991e-01,2.878485677e-01,158165882,main,fall,6.451000000e+00,1.096016833e-01,1.294735656e-02,1.256509730e-01,3.628357284e+01,false,0,8.946440764e+02,/mnt/pd/tema1/new/results/ml_samples/N4_sw0.15_x-1_i0021.h5
4,50,1.500000000e-01,1.000000000e+00,-2,7.394151982e-01,2.447254755e-01,860927845,main,fall,1.136100000e+01,1.125533260e-01,1.800885761e-02,1.235660880e-01,2.399283004e+01,false,0,1.528177828e+03,/mnt/pd/tema1/new/results/ml_samples/N4_sw0.15_x-2_i0067.h5
4,50,1.500000000e-01,1.000000000e+00,-1,8.697075991e-01,2.878485677e-01,970603415,main,fall,1.751000000e+00,1.268030050e-01,3.529758738e-02,1.324495225e-01,4.094220527e+01,false,0,2.803371899e+02,/mnt/pd/tema1/new/results/ml_samples/N4_sw0.15_x-1_i0063.h5
4,50,1.500000000e-01,1.000000000e+00,-2,7.394151982e-01,2.447254755e-01,249378984,main,fall,1.250100000e+01,1.152918059e-01,2.268978772e-02,1.267126310e-01,3.395644703e+01,false,0,1.697702386e+03,/mnt/pd/tema1/new/results/ml_samples/N4_sw0.15_x-2_i0057.h5
4,50,1.500000000e-01,1.000000000e+00,-1,8.697075991e-01,2.878485677e-01,1055948269,main,fall,2.011000000e+00,1.219401143e-01,1.165623894e-02,1.272674677e-01,4.629505244e+01,false,0,3.118434511e+02,/mnt/pd/tema1/new/results/ml_samples/N4_sw0.15_x-1_i0067.h5
4,50,1.500000000e-01,1.000000000e+00,-1,8.697075991e-01,2.878485677e-01,571498920,main,fall,2.241000000e+00,1.253533148e-01,2.472102092e-02,1.310771036e-01,4.664341935e+01,false,0,3.432177565e+02,/mnt/pd/tema1/new/results/ml_samples/N4_sw0.15_x-1_i0059.h5
4,50,1.500000000e-01,1.000000000e+00,-1,8.697075991e-01,2.878485677e-01,792769354,main,fall,1.951000000e+00,1.230746554e-01,2.568888131e-02,1.419322067e-01,4.664341935e+01,false,0,3.056706883e+02,/mnt/pd/tema1/new/results/ml_samples/N4_sw0.15_x-1_i0075.h5
4,50,1.500000000e-01,1.000000000e+00,-1,8.697075991e-01,2.878485677e-01,1449143677,main,fall,2.181000000e+00,1.338217813e-01,1.568284958e-02,1.395246836e-01,3.507592486e+01,false,0,3.341774353e+02,/mnt/pd/tema1/new/results/ml_samples/N4_sw0.15_x-1_i0083.h5
4,50,1.500000000e-01,1.000000000e+00,-1,8.697075991e-01,2.878485677e-01,1019674141,main,fall,3.971000000e+00,1.267605937e-01,2.865551124e-02,1.180686465e-01,9.026612163e+00,false,0,5.701449030e+02,/mnt/pd/tema1/new/results/ml_samples/N4_sw0.15_x-1_i0057.h5
4,50,1.500000000e-01,1.000000000e+00,-1,8.697075991e-01,2.878485677e-01,966760839,main,fall,1.461000000e+00,1.263793726e-01,2.725292148e-02,1.433663994e-01,3.534117693e+01,false,0,2.433866456e+02,/mnt/pd/tema1/new/results/ml_samples/N4_sw0.15_x-1_i0093.h5
4,50,1.500000000e-01,1.000000000e+00,-1,8.697075991e-01,2.878485677e-01,688791104,main,fall,5.501000000e+00,1.248622307e-01,2.519167552e-02,1.256731142e-01,4.664341935e+01,false,0,7.667640111e+02,/mnt/pd/tema1/new/results/ml_samples/N4_sw0.15_x-1_i0049.h5
4,50,1.500000000e-01,1.000000000e+00,-1,8.697075991e-01,2.878485677e-01,1701866239,main,fall,2.011000000e+00,1.241027770e-01,2.711060915e-02,1.294421334e-01,6.113636453e+00,false,0,3.153245732e+02,/mnt/pd/tema1/new/results/ml_samples/N4_sw0.15_x-1_i0095.h5
4,50,1.500000000e-01,1.000000000e+00,-1,8.697075991e-01,2.878485677e-01,362007285,main,fall,2.971000000e+00,1.209634508e-01,2.835949444e-02,1.296533970e-01,3.433699974e+01,false,0,4.378418072e+02,/mnt/pd/tema1/new/results/ml_samples/N4_sw0.15_x-1_i0085.h5
4,50,1.500000000e-01,1.000000000e+00,-1,8.697075991e-01,2.878485677e-01,1186175304,main,fall,4.331000000e+00,1.251480340e-01,2.737990770e-02,1.291220852e-01,4.664341935e+01,false,0,6.183748002e+02,/mnt/pd/tema1/new/results/ml_samples/N4_sw0.15_x-1_i0077.h5
4,50,1.500000000e-01,1.000000000e+00,-1,8.697075991e-01,2.878485677e-01,246116741,main,fall,1.100100000e+01,1.145803163e-01,1.145238885e-02,1.192802300e-01,3.785296675e+01,false,0,1.490209882e+03,/mnt/pd/tema1/new/results/ml_samples/N4_sw0.15_x-1_i0013.h5
4,50,1.500000000e-01,1.000000000e+00,-1,8.697075991e-01,2.878485677e-01,12871021,main,fall,6.871000000e+00,1.203442538e-01,1.873561416e-02,1.265240532e-01,3.383992153e+01,false,0,9.494984191e+02,/mnt/pd/tema1/new/results/ml_samples/N4_sw0.15_x-1_i0047.h5
4,50,1.500000000e-01,1.000000000e+00,-1,8.697075991e-01,2.878485677e-01,1508801616,main,fall,2.611000000e+00,1.231342819e-01,1.501875248e-02,1.261298345e-01,4.664341935e+01,false,0,3.914121655e+02,/mnt/pd/tema1/new/results/ml_samples/N4_sw0.15_x-1_i0103.h5
4,50,1.500000000e-01,1.000000000e+00,-1,8.697075991e-01,2.878485677e-01,422524987,main,fall,9.111000000e+00,1.303639798e-01,1.528965448e-02,1.157165222e-01,4.664341935e+01,false,0,1.241017526e+03,/mnt/pd/tema1/new/results/ml_samples/N4_sw0.15_x-1_i0043.h5
4,50,1.500000000e-01,1.000000000e+00,-1,8.697075991e-01,2.878485677e-01,178232510,main,fall,1.451000000e+00,1.247331404e-01,2.780052661e-02,1.404139848e-01,4.589502547e+01,false,0,2.411673658e+02,/mnt/pd/tema1/new/results/ml_samples/N4_sw0.15_x-1_i0113.h5
4,50,1.500000000e-01,1.000000000e+00,-2,7.394151982e-01,2.447254755e-01,1321716204,main,fall,1.415100000e+01,1.144034431e-01,2.276530705e-02,1.189970026e-01,3.104738765e+01,false,0,1.903993365e+03,/mnt/pd/tema1/new/results/ml_samples/N4_sw0.15_x-2_i0097.h5
4,50,1.500000000e-01,1.000000000e+00,-1,8.697075991e-01,2.878485677e-01,70922875,main,fall,6.451000000e+00,1.236355069e-01,1.582130028e-02,1.163633072e-01,4.664341935e+01,false,0,8.948334860e+02,/mnt/pd/tema1/new/results/ml_samples/N4_sw0.15_x-1_i0079.h5
4,50,1.500000000e-01,1.000000000e+00,-1,8.697075991e-01,2.878485677e-01,1709829962,main,fall,3.021000000e+00,1.196483002e-01,1.673761788e-02,1.317096249e-01,4.441769747e+01,false,0,4.444411771e+02,/mnt/pd/tema1/new/results/ml_samples/N4_sw0.15_x-1_i0105.h5
4,50,1.500000000e-01,1.000000000e+00,-1,8.697075991e-01,2.878485677e-01,1812597105,main,fall,1.182100000e+01,1.189460794e-01,1.556925688e-02,1.220478234e-01,4.664341935e+01,false,0,1.603041856e+03,/mnt/pd/tema1/new/results/ml_samples/N4_sw0.15_x-1_i0027.h5
4,50,1.500000000e-01,1.000000000e+00,-2,7.394151982e-01,2.447254755e-01,914090237,main,fall,1.537100000e+01,1.447019361e-01,4.485425542e-02,1.250692037e-01,3.889185058e+01,false,0,2.054477681e+03,/mnt/pd/tema1/new/results/ml_samples/N4_sw0.15_x-2_i0099.h5
4,50,1.500000000e-01,1.000000000e+00,-1,8.697075991e-01,2.878485677e-01,1786897146,main,fall,8.321000000e+00,1.208567223e-01,1.551241809e-02,1.119094932e-01,4.559708791e+01,false,0,1.133569365e+03,/mnt/pd/tema1/new/results/ml_samples/N4_sw0.15_x-1_i0071.h5
4,50,1.500000000e-01,1.000000000e+00,-1,8.697075991e-01,2.878485677e-01,1799255813,main,fall,1.251000000e+00,1.292805800e-01,2.666145561e-02,1.509314636e-01,2.338505349e+01,false,0,2.160022128e+02,/mnt/pd/tema1/new/results/ml_samples/N4_sw0.15_x-1_i0123.h5
4,50,1.500000000e-01,1.000000000e+00,-1,8.697075991e-01,2.878485677e-01,831122658,main,fall,3.951000000e+00,1.239580763e-01,2.447385518e-02,1.347119133e-01,4.410525843e+01,false,0,5.706405524e+02,/mnt/pd/tema1/new/results/ml_samples/N4_sw0.15_x-1_i0109.h5
4,50,1.500000000e-01,1.000000000e+00,-1,8.697075991e-01,2.878485677e-01,957345728,main,fall,4.071000000e+00,1.196193633e-01,1.937248553e-02,1.157262735e-01,4.645894544e+01,false,0,5.858790526e+02,/mnt/pd/tema1/new/results/ml_samples/N4_sw0.15_x-1_i0111.h5
4,50,1.500000000e-01,1.000000000e+00,-1,8.697075991e-01,2.878485677e-01,1425616450,main,fall,9.891000000e+00,1.194321240e-01,1.160999862e-02,1.183859443e-01,4.664341935e+01,false,0,1.350546207e+03,/mnt/pd/tema1/new/results/ml_samples/N4_sw0.15_x-1_i0069.h5
4,50,1.500000000e-01,1.000000000e+00,-1,8.697075991e-01,2.878485677e-01,607307251,main,fall,1.118100000e+01,1.213864047e-01,1.765300011e-02,1.166596106e-01,4.664341935e+01,false,0,1.480308416e+03,/mnt/pd/tema1/new/results/ml_samples/N4_sw0.15_x-1_i0053.h5
4,50,1.500000000e-01,1.000000000e+00,-1,8.697075991e-01,2.878485677e-01,635639189,main,fall,1.057100000e+01,1.177473396e-01,1.463055149e-02,1.197408996e-01,1.212475098e+01,false,0,1.428761481e+03,/mnt/pd/tema1/new/results/ml_samples/N4_sw0.15_x-1_i0061.h5
4,50,1.500000000e-01,1.000000000e+00,-2,7.394151982e-01,2.447254755e-01,624335112,main,fall,1.784100000e+01,1.042029164e-01,1.007283058e-02,1.277319546e-01,2.596149871e+01,false,0,2.414178605e+03,/mnt/pd/tema1/new/results/ml_samples/N4_sw0.15_x-2_i0093.h5
4,50,1.500000000e-01,1.000000000e+00,-1,8.697075991e-01,2.878485677e-01,1784771536,main,fall,6.081000000e+00,1.172693530e-01,2.690486852e-02,1.346431750e-01,1.107381097e+01,false,0,8.455414379e+02,/mnt/pd/tema1/new/results/ml_samples/N4_sw0.15_x-1_i0107.h5
4,50,1.500000000e-01,1.000000000e+00,-1,8.697075991e-01,2.878485677e-01,1597770018,main,fall,3.761000000e+00,1.272589915e-01,2.806900490e-02,1.194814420e-01,3.232587307e+01,false,0,5.360831068e+02,/mnt/pd/tema1/new/results/ml_samples/N4_sw0.15_x-1_i0119.h5
4,50,1.500000000e-01,1.000000000e+00,-1,8.697075991e-01,2.878485677e-01,280399417,main,fall,4.471000000e+00,1.164695441e-01,1.565687708e-02,1.237623898e-01,4.664341935e+01,false,0,6.328578922e+02,/mnt/pd/tema1/new/results/ml_samples/N4_sw0.15_x-1_i0121.h5
4,50,1.500000000e-01,1.000000000e+00,-1,8.697075991e-01,2.878485677e-01,492518519,main,fall,2.591000000e+00,1.165568476e-01,1.809844108e-02,1.329956641e-01,4.664341935e+01,false,0,3.850410119e+02,/mnt/pd/tema1/new/results/ml_samples/N4_sw0.15_x-1_i0139.h5
4,50,1.500000000e-01,1.000000000e+00,-1,8.697075991e-01,2.878485677e-01,1418710496,main,fall,2.341000000e+00,1.101033770e-01,1.448948041e-02,1.315264748e-01,4.664341935e+01,false,0,3.564462096e+02,/mnt/pd/tema1/new/results/ml_samples/N4_sw0.15_x-1_i0145.h5
4,50,1.500000000e-01,1.000000000e+00,-1,8.697075991e-01,2.878485677e-01,1882013836,main,fall,4.181000000e+00,1.199465809e-01,2.940589094e-02,1.350934002e-01,1.736059211e+01,false,0,5.924599526e+02,/mnt/pd/tema1/new/results/ml_samples/N4_sw0.15_x-1_i0135.h5
4,50,1.500000000e-01,1.000000000e+00,-1,8.697075991e-01,2.878485677e-01,591031788,main,fall,2.211000000e+00,1.149031412e-01,2.182484945e-02,1.376930485e-01,4.340155335e+01,false,0,3.377997393e+02,/mnt/pd/tema1/new/results/ml_samples/N4_sw0.15_x-1_i0147.h5
4,50,1.500000000e-01,1.000000000e+00,-1,8.697075991e-01,2.878485677e-01,1332762653,main,fall,3.451000000e+00,1.191333095e-01,1.518876956e-02,1.176343053e-01,4.579629990e+01,false,0,4.504866877e+02,/mnt/pd/tema1/new/results/ml_samples/N4_sw0.15_x-1_i0143.h5
4,50,1.500000000e-01,1.000000000e+00,-1,8.697075991e-01,2.878485677e-01,2005249118,main,fall,1.921000000e+00,1.210375020e-01,1.828508493e-02,1.332907641e-01,9.196317098e+00,false,0,3.025885130e+02,/mnt/pd/tema1/new/results/ml_samples/N4_sw0.15_x-1_i0153.h5
4,50,1.500000000e-01,1.000000000e+00,-1,8.697075991e-01,2.878485677e-01,243119035,main,fall,4.691000000e+00,1.278608351e-01,2.024487969e-02,1.173439874e-01,4.450193134e+01,false,0,6.612630765e+02,/mnt/pd/tema1/new/results/ml_samples/N4_sw0.15_x-1_i0141.h5
4,50,1.500000000e-01,1.000000000e+00,-1,8.697075991e-01,2.878485677e-01,886098376,main,fall,2.301000000e+00,1.140021200e-01,1.487763872e-02,1.449882192e-01,4.664341935e+01,false,0,3.517180174e+02,/mnt/pd/tema1/new/results/ml_samples/N4_sw0.15_x-1_i0161.h5
4,50,1.500000000e-01,1.000000000e+00,-1,8.697075991e-01,2.878485677e-01,1641745199,main,fall,2.301000000e+00,1.181419858e-01,2.631192578e-02,1.492420351e-01,2.681190392e+01,false,0,3.482132053e+02,/mnt/pd/tema1/new/results/ml_samples/N4_sw0.15_x-1_i0163.h5
4,50,1.500000000e-01,1.000000000e+00,-1,8.697075991e-01,2.878485677e-01,952583335,main,fall,2.981000000e+00,1.240250567e-01,2.544498622e-02,1.219840532e-01,4.274651174e+01,false,0,4.391880435e+02,/mnt/pd/tema1/new/results/ml_samples/N4_sw0.15_x-1_i0159.h5
4,50,1.500000000e-01,1.000000000e+00,-1,8.697075991e-01,2.878485677e-01,1318469517,main,fall,1.486100000e+01,1.227025449e-01,2.316910958e-02,1.167987714e-01,4.664341935e+01,false,0,1.985458691e+03,/mnt/pd/tema1/new/results/ml_samples/N4_sw0.15_x-1_i0091.h5
4,50,1.500000000e-01,1.000000000e+00,-1,8.697075991e-01,2.878485677e-01,715133139,main,fall,6.771000000e+00,1.216276074e-01,1.743872467e-02,1.192815638e-01,2.346149369e+01,false,0,9.333534750e+02,/mnt/pd/tema1/new/results/ml_samples/N4_sw0.15_x-1_i0151.h5
4,50,1.500000000e-01,1.000000000e+00,-1,8.697075991e-01,2.878485677e-01,593811411,main,fall,1.630100000e+01,1.233415044e-01,1.823156270e-02,1.205476988e-01,4.664341935e+01,false,0,2.292503342e+03,/mnt/pd/tema1/new/results/ml_samples/N4_sw0.15_x-1_i0087.h5
4,50,1.500000000e-01,1.000000000e+00,-1,8.697075991e-01,2.878485677e-01,1707166940,main,fall,2.091000000e+00,1.266621958e-01,4.332060528e-02,1.369356108e-01,2.251006648e+01,false,0,3.211318365e+02,/mnt/pd/tema1/new/results/ml_samples/N4_sw0.15_x-1_i0173.h5
4,50,1.500000000e-01,1.000000000e+00,-1,8.697075991e-01,2.878485677e-01,1073119908,main,fall,6.611000000e+00,1.118437557e-01,1.527069329e-02,1.278984353e-01,1.272682635e+01,false,0,9.090019487e+02,/mnt/pd/tema1/new/results/ml_samples/N4_sw0.15_x-1_i0155.h5
4,50,1.500000000e-01,1.000000000e+00,-1,8.697075991e-01,2.878485677e-01,1059963115,main,fall,1.279100000e+01,1.291101086e-01,1.587029704e-02,1.088071196e-01,2.937337925e+01,false,0,1.713812006e+03,/mnt/pd/tema1/new/results/ml_samples/N4_sw0.15_x-1_i0117.h5
4,50,1.500000000e-01,1.000000000e+00,-1,8.697075991e-01,2.878485677e-01,1576553539,main,fall,1.986100000e+01,1.219793922e-01,1.771685530e-02,1.203916385e-01,4.220320065e+01,false,0,2.632427762e+03,/mnt/pd/tema1/new/results/ml_samples/N4_sw0.15_x-1_i0073.h5
4,50,1.500000000e-01,1.000000000e+00,-1,8.697075991e-01,2.878485677e-01,226726477,main,fall,4.971000000e+00,1.537798332e-01,3.136607178e-02,9.781040924e-02,1.586560249e+01,false,0,6.934868214e+02,/mnt/pd/tema1/new/results/ml_samples/N4_sw0.15_x-1_i0171.h5
4,50,1.500000000e-01,1.000000000e+00,-1,8.697075991e-01,2.878485677e-01,1900688218,main,fall,8.041000000e+00,1.228185392e-01,1.594146985e-02,1.112292960e-01,4.628906028e+01,false,0,1.099704766e+03,/mnt/pd/tema1/new/results/ml_samples/N4_sw0.15_x-1_i0157.h5
4,50,1.500000000e-01,1.000000000e+00,-1,8.697075991e-01,2.878485677e-01,1245656458,main,fall,3.131000000e+00,1.348630550e-01,2.264580331e-02,1.195588035e-01,4.664341935e+01,false,0,4.569857095e+02,/mnt/pd/tema1/new/results/ml_samples/N4_sw0.15_x-1_i0177.h5
4,50,1.500000000e-01,1.000000000e+00,-1,8.697075991e-01,2.878485677e-01,1668126556,main,fall,1.381100000e+01,1.223716665e-01,1.385903097e-02,1.169636364e-01,4.543293594e+01,false,0,1.852280204e+03,/mnt/pd/tema1/new/results/ml_samples/N4_sw0.15_x-1_i0129.h5
4,50,1.500000000e-01,1.000000000e+00,-1,8.697075991e-01,2.878485677e-01,1831094042,main,fall,2.881000000e+00,1.277068787e-01,2.708255518e-02,1.310856118e-01,4.664341935e+01,false,0,4.264993187e+02,/mnt/pd/tema1/new/results/ml_samples/N4_sw0.15_x-1_i0179.h5
4,50,1.500000000e-01,1.000000000e+00,-1,8.697075991e-01,2.878485677e-01,675076354,main,fall,4.891000000e+00,1.140205309e-01,1.414978725e-02,1.333630021e-01,2.860904733e+01,false,0,6.987184736e+02,/mnt/pd/tema1/new/results/ml_samples/N4_sw0.15_x-1_i0175.h5
4,50,1.500000000e-01,1.000000000e+00,-1,8.697075991e-01,2.878485677e-01,724324693,main,fall,2.053100000e+01,1.180393401e-01,1.763533817e-02,1.220304143e-01,4.664341935e+01,false,0,2.740064614e+03,/mnt/pd/tema1/new/results/ml_samples/N4_sw0.15_x-1_i0089.h5
4,50,1.500000000e-01,1.000000000e+00,-1,8.697075991e-01,2.878485677e-01,954544530,main,fall,7.351000000e+00,1.175859241e-01,1.062120823e-02,1.133993001e-01,2.144856909e+01,false,0,1.008226689e+03,/mnt/pd/tema1/new/results/ml_samples/N4_sw0.15_x-1_i0167.h5
4,50,1.500000000e-01,1.000000000e+00,-1,8.697075991e-01,2.878485677e-01,2039630242,main,fall,3.451000000e+00,1.151655625e-01,2.066868933e-02,1.270935565e-01,4.664341935e+01,false,0,5.025306583e+02,/mnt/pd/tema1/new/results/ml_samples/N4_sw0.15_x-1_i0187.h5
4,50,1.500000000e-01,1.000000000e+00,-1,8.697075991e-01,2.878485677e-01,2052992829,main,fall,2.208100000e+01,1.202615736e-01,1.432932944e-02,1.196218750e-01,4.664341935e+01,false,0,2.923428354e+03,/mnt/pd/tema1/new/results/ml_samples/N4_sw0.15_x-1_i0099.h5
4,50,1.500000000e-01,1.000000000e+00,-1,8.697075991e-01,2.878485677e-01,2022730349,main,fall,3.721000000e+00,1.244112783e-01,2.195784682e-02,1.198314330e-01,4.260128595e+01,false,0,5.356008413e+02,/mnt/pd/tema1/new/results/ml_samples/N4_sw0.15_x-1_i0195.h5
4,50,1.500000000e-01,1.000000000e+00,-1,8.697075991e-01,2.878485677e-01,553712875,main,rise,7.691000000e+00,1.262051680e-01,1.980996935e-02,1.160351708e-01,3.258641936e+01,false,0,1.051790460e+03,/mnt/pd/tema1/new/results/ml_samples/N4_sw0.15_x-1_i0181.h5
4,50,1.500000000e-01,1.000000000e+00,-1,8.697075991e-01,2.878485677e-01,198328225,main,fall,4.291000000e+00,1.244530539e-01,2.695608338e-02,1.229189407e-01,2.603686125e+01,false,0,6.043333141e+02,/mnt/pd/tema1/new/results/ml_samples/N4_sw0.15_x-1_i0199.h5
4,50,1.500000000e-01,1.000000000e+00,-1,8.697075991e-01,2.878485677e-01,1266349732,main,fall,2.753100000e+01,1.208097651e-01,1.456650282e-02,1.167312708e-01,4.664341935e+01,false,0,3.634229881e+03,/mnt/pd/tema1/new/results/ml_samples/N4_sw0.15_x-1_i0065.h5
4,50,1.500000000e-01,1.000000000e+00,-1,8.697075991e-01,2.878485677e-01,34996925,main,fall,5.471000000e+00,1.267789301e-01,1.904523933e-02,1.206680806e-01,1.170602140e+01,false,0,7.631555566e+02,/mnt/pd/tema1/new/results/ml_samples/N4_sw0.15_x-1_i0191.h5
4,50,1.500000000e-01,1.000000000e+00,-1,8.697075991e-01,2.878485677e-01,295860654,main,fall,2.326100000e+01,1.217548387e-01,1.458418069e-02,1.133036529e-01,3.022553809e+01,false,0,3.081155836e+03,/mnt/pd/tema1/new/results/ml_samples/N4_sw0.15_x-1_i0115.h5
4,50,1.500000000e-01,1.000000000e+00,-1,8.697075991e-01,2.878485677e-01,1305966490,main,fall,3.042100000e+01,1.251097065e-01,1.771801545e-02,1.224169361e-01,4.663721379e+01,false,0,4.011174477e+03,/mnt/pd/tema1/new/results/ml_samples/N4_sw0.15_x-1_i0051.h5
4,50,1.500000000e-01,1.000000000e+00,-1,8.697075991e-01,2.878485677e-01,1464065590,main,rise,2.960100000e+01,1.145274214e-01,1.117565988e-02,1.223169031e-01,2.907348054e+01,false,0,3.569126157e+03,/mnt/pd/tema1/new/results/ml_samples/N4_sw0.15_x-1_i0097.h5
4,50,1.500000000e-01,1.000000000e+00,0,1.000000000e+00,3.309716599e-01,743752621,main,fall,6.961000000e+00,1.243761469e-01,1.502884831e-02,1.249037608e-01,6.176760971e+01,false,0,9.564038613e+02,/mnt/pd/tema1/new/results/ml_samples/N4_sw0.15_x+0_i0001.h5
4,50,1.500000000e-01,1.000000000e+00,-1,8.697075991e-01,2.878485677e-01,1794954135,main,fall,8.301000000e+00,1.140720923e-01,1.117932413e-02,1.265854149e-01,4.128901335e+01,false,0,1.130793063e+03,/mnt/pd/tema1/new/results/ml_samples/N4_sw0.15_x-1_i0189.h5
4,50,1.500000000e-01,1.000000000e+00,-1,8.697075991e-01,2.878485677e-01,1858253699,main,rise,2.251100000e+01,1.217695860e-01,1.489482200e-02,1.199487958e-01,4.664341935e+01,false,0,2.984574933e+03,/mnt/pd/tema1/new/results/ml_samples/N4_sw0.15_x-1_i0127.h5
4,50,1.500000000e-01,1.000000000e+00,-1,8.697075991e-01,2.878485677e-01,1523932136,main,fall,3.153100000e+01,1.219175702e-01,1.580293622e-02,1.160567656e-01,3.051332933e+01,false,0,4.169575571e+03,/mnt/pd/tema1/new/results/ml_samples/N4_sw0.15_x-1_i0055.h5
4,50,1.500000000e-01,1.000000000e+00,0,1.000000000e+00,3.309716599e-01,1415841715,main,fall,5.201000000e+00,1.372118713e-01,2.101605791e-02,1.193884125e-01,6.176760971e+01,false,0,7.202245673e+02,/mnt/pd/tema1/new/results/ml_samples/N4_sw0.15_x+0_i0007.h5
4,50,1.500000000e-01,1.000000000e+00,0,1.000000000e+00,3.309716599e-01,505257974,main,fall,1.361000000e+00,1.265521776e-01,2.366494070e-02,1.371384490e-01,6.176760971e+01,false,0,2.297316178e+02,/mnt/pd/tema1/new/results/ml_samples/N4_sw0.15_x+0_i0023.h5
4,50,1.500000000e-01,1.000000000e+00,0,1.000000000e+00,3.309716599e-01,1288186626,main,fall,5.221000000e+00,1.386464425e-01,1.859448046e-02,1.208297122e-01,6.176760971e+01,false,0,7.279900321e+02,/mnt/pd/tema1/new/results/ml_samples/N4_sw0.15_x+0_i0015.h5
4,50,1.500000000e-01,1.000000000e+00,0,1.000000000e+00,3.309716599e-01,1195260553,main,rise,1.194100000e+01,1.306816157e-01,1.352873340e-02,1.093032134e-01,6.176760971e+01,false,0,1.411359237e+03,/mnt/pd/tema1/new/results/ml_samples/N4_sw0.15_x+0_i0003.h5
4,50,1.500000000e-01,1.000000000e+00,-1,8.697075991e-01,2.878485677e-01,1864497042,main,fall,3.679100000e+01,1.286985275e-01,1.952686397e-02,1.179591256e-01,4.664341935e+01,false,0,4.847729940e+03,/mnt/pd/tema1/new/results/ml_samples/N4_sw0.15_x-1_i0045.h5
4,50,1.500000000e-01,1.000000000e+00,0,1.000000000e+00,3.309716599e-01,1311755332,main,fall,5.671000000e+00,1.261808692e-01,1.741217000e-02,1.165568138e-01,6.176760971e+01,false,0,7.911495477e+02,/mnt/pd/tema1/new/results/ml_samples/N4_sw0.15_x+0_i0019.h5
4,50,1.500000000e-01,1.000000000e+00,0,1.000000000e+00,3.309716599e-01,1291438081,main,rise,8.021000000e+00,1.282410302e-01,2.282397971e-02,1.213897460e-01,6.176760971e+01,false,0,1.090387349e+03,/mnt/pd/tema1/new/results/ml_samples/N4_sw0.15_x+0_i0017.h5
4,50,1.500000000e-01,1.000000000e+00,-1,8.697075991e-01,2.878485677e-01,1574334987,main,fall,1.643100000e+01,1.219216137e-01,1.749831092e-02,1.203416922e-01,4.632887977e+01,false,0,2.189970040e+03,/mnt/pd/tema1/new/results/ml_samples/N4_sw0.15_x-1_i0183.h5
4,50,1.500000000e-01,1.000000000e+00,-1,8.697075991e-01,2.878485677e-01,1715879360,main,fall,2.760100000e+01,1.191678905e-01,1.156552125e-02,1.168386760e-01,4.664341935e+01,false,0,3.711429933e+03,/mnt/pd/tema1/new/results/ml_samples/N4_sw0.15_x-1_i0131.h5
4,50,1.500000000e-01,1.000000000e+00,0,1.000000000e+00,3.309716599e-01,2041851858,main,fall,6.361000000e+00,1.210764919e-01,1.353453924e-02,1.207232565e-01,6.176760971e+01,false,0,8.715663006e+02,/mnt/pd/tema1/new/results/ml_samples/N4_sw0.15_x+0_i0025.h5
4,50,1.500000000e-01,1.000000000e+00,0,1.000000000e+00,3.309716599e-01,619535009,main,rise,1.073100000e+01,1.333844541e-01,1.905240510e-02,1.177482592e-01,3.998626505e+01,false,0,1.453480371e+03,/mnt/pd/tema1/new/results/ml_samples/N4_sw0.15_x+0_i0009.h5
4,50,1.500000000e-01,1.000000000e+00,-1,8.697075991e-01,2.878485677e-01,305535823,main,fall,1.731100000e+01,1.207210495e-01,1.600981484e-02,1.184172985e-01,4.664341935e+01,false,0,2.310978567e+03,/mnt/pd/tema1/new/results/ml_samples/N4_sw0.15_x-1_i0185.h5
4,50,1.500000000e-01,1.000000000e+00,-1,8.697075991e-01,2.878485677e-01,1047663485,main,fall,3.745100000e+01,1.264548002e-01,1.972954852e-02,1.167526032e-01,1.700521802e+01,false,0,4.906945713e+03,/mnt/pd/tema1/new/results/ml_samples/N4_sw0.15_x-1_i0081.h5
4,50,1.500000000e-01,1.000000000e+00,0,1.000000000e+00,3.309716599e-01,1316430931,main,fall,8.041000000e+00,1.284072514e-01,1.161859910e-02,1.172114789e-01,6.176760971e+01,false,0,1.057039589e+03,/mnt/pd/tema1/new/results/ml_samples/N4_sw0.15_x+0_i0033.h5
4,50,1.500000000e-01,1.000000000e+00,-1,8.697075991e-01,2.878485677e-01,665516657,main,rise,2.342100000e+01,1.220631800e-01,1.792857659e-02,1.239863788e-01,1.750439971e+01,false,0,3.101426904e+03,/mnt/pd/tema1/new/results/ml_samples/N4_sw0.15_x-1_i0169.h5
4,50,1.500000000e-01,1.000000000e+00,0,1.000000000e+00,3.309716599e-01,1873771089,main,rise,1.237100000e+01,1.330363153e-01,1.955161968e-02,1.161190275e-01,6.176760971e+01,false,0,1.665499136e+03,/mnt/pd/tema1/new/results/ml_samples/N4_sw0.15_x+0_i0011.h5
4,50,1.500000000e-01,1.000000000e+00,0,1.000000000e+00,3.309716599e-01,1592928282,main,fall,3.771000000e+00,1.309060371e-01,1.693039029e-02,1.097838355e-01,6.176760971e+01,false,0,5.561967837e+02,/mnt/pd/tema1/new/results/ml_samples/N4_sw0.15_x+0_i0045.h5
4,50,1.500000000e-01,1.000000000e+00,-1,8.697075991e-01,2.878485677e-01,1290734737,main,fall,1.825100000e+01,1.203853183e-01,1.360089704e-02,1.194064797e-01,4.664341935e+01,false,0,2.426230718e+03,/mnt/pd/tema1/new/results/ml_samples/N4_sw0.15_x-1_i0197.h5
4,50,1.500000000e-01,1.000000000e+00,-1,8.697075991e-01,2.878485677e-01,2037270667,main,fall,2.686100000e+01,1.199248569e-01,1.315281462e-02,1.166115438e-01,4.664341935e+01,false,0,3.551428918e+03,/mnt/pd/tema1/new/results/ml_samples/N4_sw0.15_x-1_i0165.h5
4,50,1.500000000e-01,1.000000000e+00,0,1.000000000e+00,3.309716599e-01,548803824,main,fall,4.561000000e+00,1.273094249e-01,1.501190371e-02,1.254902077e-01,4.570608563e+01,false,0,6.482921103e+02,/mnt/pd/tema1/new/results/ml_samples/N4_sw0.15_x+0_i0051.h5
4,50,1.500000000e-01,1.000000000e+00,0,1.000000000e+00,3.309716599e-01,153951345,main,fall,3.841000000e+00,1.207757183e-01,1.835171073e-02,1.328860645e-01,6.176760971e+01,false,0,5.512207093e+02,/mnt/pd/tema1/new/results/ml_samples/N4_sw0.15_x+0_i0055.h5
4,50,1.500000000e-01,1.000000000e+00,0,1.000000000e+00,3.309716599e-01,1422922482,main,rise,6.151000000e+00,1.276561695e-01,1.368583843e-02,1.156919947e-01,6.166228141e+01,false,0,8.568506484e+02,/mnt/pd/tema1/new/results/ml_samples/N4_sw0.15_x+0_i0047.h5
4,50,1.500000000e-01,1.000000000e+00,0,1.000000000e+00,3.309716599e-01,575981138,main,rise,1.212100000e+01,1.279573995e-01,1.501859830e-02,1.175877796e-01,6.176760971e+01,false,0,1.574039310e+03,/mnt/pd/tema1/new/results/ml_samples/N4_sw0.15_x+0_i0035.h5
4,50,1.500000000e-01,1.000000000e+00,-1,8.697075991e-01,2.878485677e-01,135849442,main,fall,4.708100000e+01,1.270290730e-01,2.049603950e-02,1.187546551e-01,3.880194668e+01,false,0,6.241681750e+03,/mnt/pd/tema1/new/results/ml_samples/N4_sw0.15_x-1_i0033.h5
4,50,1.500000000e-01,1.000000000e+00,0,1.000000000e+00,3.309716599e-01,1622398990,main,rise,1.740100000e+01,1.262208541e-01,1.792138570e-02,1.189536567e-01,6.176760971e+01,false,0,2.327722440e+03,/mnt/pd/tema1/new/results/ml_samples/N4_sw0.15_x+0_i0013.h5
4,50,1.500000000e-01,1.000000000e+00,0,1.000000000e+00,3.309716599e-01,2127939484,main,fall,7.381000000e+00,1.207024867e-01,7.895507338e-03,1.221145230e-01,6.176760971e+01,false,0,1.005242958e+03,/mnt/pd/tema1/new/results/ml_samples/N4_sw0.15_x+0_i0057.h5
4,50,1.500000000e-01,1.000000000e+00,0,1.000000000e+00,3.309716599e-01,325157869,main,rise,1.238100000e+01,1.299599428e-01,1.291142606e-02,1.114548984e-01,5.762561186e+01,false,0,1.661366778e+03,/mnt/pd/tema1/new/results/ml_samples/N4_sw0.15_x+0_i0039.h5
4,50,1.500000000e-01,1.000000000e+00,0,1.000000000e+00,3.309716599e-01,1777168406,main,rise,1.727100000e+01,1.286153796e-01,9.793600164e-03,1.122523179e-01,6.176760971e+01,false,0,2.291943960e+03,/mnt/pd/tema1/new/results/ml_samples/N4_sw0.15_x+0_i0021.h5
4,50,1.500000000e-01,1.000000000e+00,0,1.000000000e+00,3.309716599e-01,1457624713,main,fall,4.011000000e+00,1.228079365e-01,9.193509779e-03,1.217992309e-01,6.176760971e+01,false,0,5.731241350e+02,/mnt/pd/tema1/new/results/ml_samples/N4_sw0.15_x+0_i0077.h5
4,50,1.500000000e-01,1.000000000e+00,0,1.000000000e+00,3.309716599e-01,639167174,main,fall,6.531000000e+00,1.314684176e-01,1.687413291e-02,1.164721726e-01,6.176760971e+01,false,0,8.989730209e+02,/mnt/pd/tema1/new/results/ml_samples/N4_sw0.15_x+0_i0069.h5
4,50,1.500000000e-01,1.000000000e+00,0,1.000000000e+00,3.309716599e-01,879264533,main,rise,1.679100000e+01,1.278035366e-01,1.686333436e-02,1.124380561e-01,2.472065854e+01,false,0,2.243303090e+03,/mnt/pd/tema1/new/results/ml_samples/N4_sw0.15_x+0_i0031.h5
4,50,1.500000000e-01,1.000000000e+00,0,1.000000000e+00,3.309716599e-01,611507975,main,rise,1.083100000e+01,1.354635065e-01,1.630649807e-02,1.082715577e-01,5.951930719e+01,false,0,1.472893811e+03,/mnt/pd/tema1/new/results/ml_samples/N4_sw0.15_x+0_i0053.h5
4,50,1.500000000e-01,1.000000000e+00,0,1.000000000e+00,3.309716599e-01,209867393,main,rise,1.826100000e+01,1.346820364e-01,2.037266373e-02,1.142487740e-01,4.852920810e+01,false,0,2.416420859e+03,/mnt/pd/tema1/new/results/ml_samples/N4_sw0.15_x+0_i0027.h5
4,50,1.500000000e-01,1.000000000e+00,-1,8.697075991e-01,2.878485677e-01,985501275,main,fall,2.751100000e+01,1.186090252e-01,1.261247069e-02,1.193201387e-01,4.664341935e+01,false,0,3.549811295e+03,/mnt/pd/tema1/new/results/ml_samples/N4_sw0.15_x-1_i0193.h5
4,50,1.500000000e-01,1.000000000e+00,0,1.000000000e+00,3.309716599e-01,2074913406,main,fall,1.462100000e+01,1.274219843e-01,1.372981674e-02,1.170238868e-01,5.812097503e+01,false,0,1.816129037e+03,/mnt/pd/tema1/new/results/ml_samples/N4_sw0.15_x+0_i0043.h5
4,50,1.500000000e-01,1.000000000e+00,0,1.000000000e+00,3.309716599e-01,1484435981,main,rise,1.645100000e+01,1.302766694e-01,2.029569502e-02,1.180198796e-01,6.176760971e+01,false,0,2.199042349e+03,/mnt/pd/tema1/new/results/ml_samples/N4_sw0.15_x+0_i0037.h5
4,50,1.500000000e-01,1.000000000e+00,0,1.000000000e+00,3.309716599e-01,285144675,main,fall,6.381000000e+00,1.261081843e-01,1.859378757e-02,1.160888649e-01,6.176760971e+01,false,0,8.809090828e+02,/mnt/pd/tema1/new/results/ml_samples/N4_sw0.15_x+0_i0079.h5
4,50,1.500000000e-01,1.000000000e+00,0,1.000000000e+00,3.309716599e-01,1248861302,main,fall,2.771000000e+00,1.366264515e-01,3.825855330e-02,1.214581817e-01,1.832931398e+01,false,0,4.137781045e+02,/mnt/pd/tema1/new/results/ml_samples/N4_sw0.15_x+0_i0097.h5
4,50,1.500000000e-01,1.000000000e+00,-1,8.697075991e-01,2.878485677e-01,1479313162,main,fall,4.298100000e+01,1.243349543e-01,1.764328338e-02,1.187886886e-01,4.543751809e+01,false,0,5.659908961e+03,/mnt/pd/tema1/new/results/ml_samples/N4_sw0.15_x-1_i0133.h5
4,50,1.500000000e-01,1.000000000e+00,0,1.000000000e+00,3.309716599e-01,1049562208,main,fall,1.217100000e+01,1.300513342e-01,1.561876992e-02,1.169032303e-01,6.176760971e+01,false,0,1.600259411e+03,/mnt/pd/tema1/new/results/ml_samples/N4_sw0.15_x+0_i0061.h5
4,50,1.500000000e-01,1.000000000e+00,0,1.000000000e+00,3.309716599e-01,1340782244,main,fall,2.214100000e+01,1.247640700e-01,1.141405114e-02,1.188039277e-01,6.176760971e+01,false,0,2.956221805e+03,/mnt/pd/tema1/new/results/ml_samples/N4_sw0.15_x+0_i0029.h5
4,50,1.500000000e-01,1.000000000e+00,0,1.000000000e+00,3.309716599e-01,2060205078,main,fall,1.196100000e+01,1.301262227e-01,1.337192409e-02,1.136916634e-01,3.836850927e+01,false,0,1.608463970e+03,/mnt/pd/tema1/new/results/ml_samples/N4_sw0.15_x+0_i0073.h5
4,50,1.500000000e-01,1.000000000e+00,-1,8.697075991e-01,2.878485677e-01,1089399997,main,fall,4.721100000e+01,1.201252695e-01,1.635100835e-02,1.192638982e-01,4.664341935e+01,false,0,6.227951050e+03,/mnt/pd/tema1/new/results/ml_samples/N4_sw0.15_x-1_i0137.h5
4,50,1.500000000e-01,1.000000000e+00,0,1.000000000e+00,3.309716599e-01,1761860575,main,fall,6.001000000e+00,1.196699289e-01,1.675319935e-02,1.291090253e-01,6.176760971e+01,false,0,8.336355662e+02,/mnt/pd/tema1/new/results/ml_samples/N4_sw0.15_x+0_i0105.h5
4,50,1.500000000e-01,1.000000000e+00,0,1.000000000e+00,3.309716599e-01,1690377805,main,fall,5.041000000e+00,1.359922893e-01,2.403603977e-02,1.139469877e-01,1.953825454e+01,false,0,7.022197230e+02,/mnt/pd/tema1/new/results/ml_samples/N4_sw0.15_x+0_i0107.h5
4,50,1.500000000e-01,1.000000000e+00,0,1.000000000e+00,3.309716599e-01,1291706699,main,fall,9.581000000e+00,1.203205006e-01,1.403158064e-02,1.240574268e-01,4.192571809e+01,false,0,1.224324616e+03,/mnt/pd/tema1/new/results/ml_samples/N4_sw0.15_x+0_i0095.h5
4,50,1.500000000e-01,1.000000000e+00,0,1.000000000e+00,3.309716599e-01,1588360775,main,fall,8.681000000e+00,1.265870901e-01,1.117178231e-02,1.139740744e-01,5.613507655e+01,false,0,1.185085982e+03,/mnt/pd/tema1/new/results/ml_samples/N4_sw0.15_x+0_i0101.h5
4,50,1.500000000e-01,1.000000000e+00,0,1.000000000e+00,3.309716599e-01,1943044313,main,rise,1.991100000e+01,1.255149567e-01,1.130287049e-02,1.155233331e-01,6.176760971e+01,false,0,2.461638996e+03,/mnt/pd/tema1/new/results/ml_samples/N4_sw0.15_x+0_i0059.h5
4,50,1.500000000e-01,1.000000000e+00,-1,8.697075991e-01,2.878485677e-01,2107688795,main,fall,4.729100000e+01,1.194841771e-01,1.326402440e-02,1.183962706e-01,4.664341935e+01,false,0,6.208274898e+03,/mnt/pd/tema1/new/results/ml_samples/N4_sw0.15_x-1_i0149.h5
4,50,1.500000000e-01,1.000000000e+00,0,1.000000000e+00,3.309716599e-01,435287964,main,fall,1.432100000e+01,1.251055664e-01,1.376534193e-02,1.170798854e-01,6.176760971e+01,false,0,1.901644272e+03,/mnt/pd/tema1/new/results/ml_samples/N4_sw0.15_x+0_i0083.h5
4,50,1.500000000e-01,1.000000000e+00,0,1.000000000e+00,3.309716599e-01,1447242536,main,rise,8.701000000e+00,1.227366594e-01,1.159107440e-02,1.154453977e-01,3.910510714e+01,false,0,1.185835091e+03,/mnt/pd/tema1/new/results/ml_samples/N4_sw0.15_x+0_i0109.h5
4,50,1.500000000e-01,1.000000000e+00,0,1.000000000e+00,3.309716599e-01,786586967,main,fall,2.401000000e+00,1.240682418e-01,2.516419565e-02,1.327101513e-01,2.053585008e+01,false,0,3.653888823e+02,/mnt/pd/tema1/new/results/ml_samples/N4_sw0.15_x+0_i0127.h5
4,50,1.500000000e-01,1.000000000e+00,0,1.000000000e+00,3.309716599e-01,1251036112,main,fall,3.736100000e+01,1.254532505e-01,1.070090063e-02,1.129931588e-01,6.176760971e+01,false,0,4.924826191e+03,/mnt/pd/tema1/new/results/ml_samples/N4_sw0.15_x+0_i0005.h5
4,50,1.500000000e-01,1.000000000e+00,0,1.000000000e+00,3.309716599e-01,1590444850,main,rise,2.265100000e+01,1.378434335e-01,1.713005656e-02,1.072875304e-01,6.176760971e+01,false,0,2.893280881e+03,/mnt/pd/tema1/new/results/ml_samples/N4_sw0.15_x+0_i0065.h5
4,50,1.500000000e-01,1.000000000e+00,0,1.000000000e+00,3.309716599e-01,959017811,main,rise,2.225100000e+01,1.280214210e-01,1.301445742e-02,1.144903906e-01,6.176760971e+01,false,0,2.949103287e+03,/mnt/pd/tema1/new/results/ml_samples/N4_sw0.15_x+0_i0063.h5
4,50,1.500000000e-01,1.000000000e+00,0,1.000000000e+00,3.309716599e-01,969675129,main,fall,5.141000000e+00,1.283740039e-01,1.252551276e-02,1.196679093e-01,6.176760971e+01,false,0,7.119745826e+02,/mnt/pd/tema1/new/results/ml_samples/N4_sw0.15_x+0_i0121.h5
4,50,1.500000000e-01,1.000000000e+00,0,1.000000000e+00,3.309716599e-01,963482285,main,fall,2.741100000e+01,1.300280274e-01,1.186497446e-02,1.120280843e-01,6.176760971e+01,false,0,3.634995527e+03,/mnt/pd/tema1/new/results/ml_samples/N4_sw0.15_x+0_i0049.h5
4,50,1.500000000e-01,1.000000000e+00,-1,8.697075991e-01,2.878485677e-01,1777987896,main,timeout,6.000100000e+01,1.266065277e-01,1.453682128e-02,1.134439298e-01,4.664341935e+01,false,0,7.979232233e+03,/mnt/pd/tema1/new/results/ml_samples/N4_sw0.15_x-1_i0101.h5
4,50,1.500000000e-01,1.000000000e+00,0,1.000000000e+00,3.309716599e-01,1275253099,main,fall,3.271000000e+00,1.325483019e-01,1.748579863e-02,1.208263285e-01,5.132494945e+01,false,0,4.693321603e+02,/mnt/pd/tema1/new/results/ml_samples/N4_sw0.15_x+0_i0137.h5
4,50,1.500000000e-01,1.000000000e+00,0,1.000000000e+00,3.309716599e-01,124913820,main,fall,1.766100000e+01,1.291168958e-01,1.468251749e-02,1.100394266e-01,4.735324676e+01,false,0,2.335167473e+03,/mnt/pd/tema1/new/results/ml_samples/N4_sw0.15_x+0_i0091.h5
4,50,1.500000000e-01,1.000000000e+00,0,1.000000000e+00,3.309716599e-01,1386973908,main,rise,2.720100000e+01,1.288673749e-01,1.300331617e-02,1.155840002e-01,5.112862697e+01,false,0,3.247315488e+03,/mnt/pd/tema1/new/results/ml_samples/N4_sw0.15_x+0_i0071.h5
4,50,1.500000000e-01,1.000000000e+00,0,1.000000000e+00,3.309716599e-01,1923199319,main,fall,2.213100000e+01,1.254388177e-01,8.706947360e-03,1.129864799e-01,6.176760971e+01,false,0,2.921202138e+03,/mnt/pd/tema1/new/results/ml_samples/N4_sw0.15_x+0_i0081.h5
4,50,1.500000000e-01,1.000000000e+00,-1,8.697075991e-01,2.878485677e-01,1956719726,main,timeout,6.000100000e+01,1.203815382e-01,1.552886421e-02,1.175711775e-01,4.111512273e+01,false,0,7.888888495e+03,/mnt/pd/tema1/new/results/ml_samples/N4_sw0.15_x-1_i0125.h5
4,50,1.500000000e-01,1.000000000e+00,0,1.000000000e+00,3.309716599e-01,755901430,main,fall,2.052100000e+01,1.289104605e-01,1.642012516e-02,1.174282713e-01,6.176760971e+01,false,0,2.726880795e+03,/mnt/pd/tema1/new/results/ml_samples/N4_sw0.15_x+0_i0087.h5
4,50,1.500000000e-01,1.000000000e+00,0,1.000000000e+00,3.309716599e-01,1792017229,main,fall,2.391000000e+00,1.317615474e-01,2.266687628e-02,1.185906922e-01,1.584559767e+01,false,0,3.616949202e+02,/mnt/pd/tema1/new/results/ml_samples/N4_sw0.15_x+0_i0151.h5
4,50,1.500000000e-01,1.000000000e+00,0,1.000000000e+00,3.309716599e-01,1222995196,main,fall,3.211000000e+00,1.263071442e-01,1.318318908e-02,1.247514582e-01,6.176760971e+01,false,0,4.695749061e+02,/mnt/pd/tema1/new/results/ml_samples/N4_sw0.15_x+0_i0149.h5
4,50,1.500000000e-01,1.000000000e+00,0,1.000000000e+00,3.309716599e-01,345647720,main,rise,2.038100000e+01,1.274705256e-01,1.061412194e-02,1.109555108e-01,1.626958350e+01,false,0,2.712590308e+03,/mnt/pd/tema1/new/results/ml_samples/N4_sw0.15_x+0_i0093.h5
4,50,1.500000000e-01,1.000000000e+00,0,1.000000000e+00,3.309716599e-01,1331134780,main,fall,9.301000000e+00,1.373567295e-01,1.469143909e-02,1.089147749e-01,6.176760971e+01,false,0,1.261185489e+03,/mnt/pd/tema1/new/results/ml_samples/N4_sw0.15_x+0_i0131.h5
4,50,1.500000000e-01,1.000000000e+00,0,1.000000000e+00,3.309716599e-01,2021578675,main,fall,6.251000000e+00,1.497544973e-01,3.285494341e-02,1.263232814e-01,6.176760971e+01,false,0,8.742757989e+02,/mnt/pd/tema1/new/results/ml_samples/N4_sw0.15_x+0_i0147.h5
4,50,1.500000000e-01,1.000000000e+00,0,1.000000000e+00,3.309716599e-01,512777003,main,fall,5.091000000e+00,1.190777356e-01,1.166130833e-02,1.248589694e-01,6.176760971e+01,false,0,7.105924536e+02,/mnt/pd/tema1/new/results/ml_samples/N4_sw0.15_x+0_i0153.h5
4,50,1.500000000e-01,1.000000000e+00,0,1.000000000e+00,3.309716599e-01,1799842071,main,rise,2.544100000e+01,1.241044408e-01,9.782951120e-03,1.147714131e-01,4.172297396e+01,false,0,3.372944084e+03,/mnt/pd/tema1/new/results/ml_samples/N4_sw0.15_x+0_i0085.h5
4,50,1.500000000e-01,1.000000000e+00,0,1.000000000e+00,3.309716599e-01,642393992,main,fall,4.691000000e+00,1.342581756e-01,1.404411188e-02,1.097300557e-01,5.192843729e+01,false,0,6.654015839e+02,/mnt/pd/tema1/new/results/ml_samples/N4_sw0.15_x+0_i0157.h5
4,50,1.500000000e-01,1.000000000e+00,0,1.000000000e+00,3.309716599e-01,492438809,main,rise,3.024100000e+01,1.291486696e-01,9.106338239e-03,1.129600809e-01,6.176760971e+01,false,0,3.994568057e+03,/mnt/pd/tema1/new/results/ml_samples/N4_sw0.15_x+0_i0075.h5
4,50,1.500000000e-01,1.000000000e+00,0,1.000000000e+00,3.309716599e-01,714815778,main,fall,2.455100000e+01,1.257961863e-01,1.056034225e-02,1.162361181e-01,6.176760971e+01,false,0,3.267139585e+03,/mnt/pd/tema1/new/results/ml_samples/N4_sw0.15_x+0_i0099.h5
4,50,1.500000000e-01,1.000000000e+00,0,1.000000000e+00,3.309716599e-01,1228134759,main,rise,1.630100000e+01,1.342376371e-01,1.369333244e-02,1.124800719e-01,4.741149143e+01,false,0,2.175210721e+03,/mnt/pd/tema1/new/results/ml_samples/N4_sw0.15_x+0_i0125.h5
4,50,1.500000000e-01,1.000000000e+00,0,1.000000000e+00,3.309716599e-01,1179810665,main,fall,2.541000000e+00,1.256228586e-01,1.557022154e-02,1.297846992e-01,6.176760971e+01,false,0,3.811011139e+02,/mnt/pd/tema1/new/results/ml_samples/N4_sw0.15_x+0_i0171.h5
4,50,1.500000000e-01,1.000000000e+00,0,1.000000000e+00,3.309716599e-01,528718184,main,rise,1.742100000e+01,1.286911615e-01,1.277289203e-02,1.108194088e-01,6.176760971e+01,false,0,2.265846538e+03,/mnt/pd/tema1/new/results/ml_samples/N4_sw0.15_x+0_i0123.h5
4,50,1.500000000e-01,1.000000000e+00,0,1.000000000e+00,3.309716599e-01,103236699,main,rise,1.328100000e+01,1.245554434e-01,7.431923981e-03,1.150283902e-01,6.176760971e+01,false,0,1.785517780e+03,/mnt/pd/tema1/new/results/ml_samples/N4_sw0.15_x+0_i0141.h5
4,50,1.500000000e-01,1.000000000e+00,0,1.000000000e+00,3.309716599e-01,232471769,main,fall,1.522100000e+01,1.379751588e-01,1.316092857e-02,1.117828181e-01,6.176760971e+01,false,0,2.042760354e+03,/mnt/pd/tema1/new/results/ml_samples/N4_sw0.15_x+0_i0135.h5
4,50,1.500000000e-01,1.000000000e+00,0,1.000000000e+00,3.309716599e-01,1596693179,main,fall,2.871000000e+00,1.144330470e-01,9.758130265e-03,1.330684411e-01,4.760739506e+01,false,0,4.072609907e+02,/mnt/pd/tema1/new/results/ml_samples/N4_sw0.15_x+0_i0179.h5
4,50,1.500000000e-01,1.000000000e+00,0,1.000000000e+00,3.309716599e-01,1263254476,main,fall,1.534100000e+01,1.206956265e-01,1.412262376e-02,1.211478461e-01,6.176760971e+01,false,0,2.054655135e+03,/mnt/pd/tema1/new/results/ml_samples/N4_sw0.15_x+0_i0139.h5
4,50,1.500000000e-01,1.000000000e+00,0,1.000000000e+00,3.309716599e-01,870020362,main,fall,1.349100000e+01,1.437682663e-01,2.004946588e-02,1.109119108e-01,6.176760971e+01,false,0,1.802148069e+03,/mnt/pd/tema1/new/results/ml_samples/N4_sw0.15_x+0_i0145.h5
4,50,1.500000000e-01,1.000000000e+00,0,1.000000000e+00,3.309716599e-01,375711571,main,fall,8.881000000e+00,1.308303622e-01,1.853404049e-02,1.181109227e-01,5.221184810e+01,false,0,1.066656844e+03,/mnt/pd/tema1/new/results/ml_samples/N4_sw0.15_x+0_i0167.h5
4,50,1.500000000e-01,1.000000000e+00,0,1.000000000e+00,3.309716599e-01,117483005,main,rise,2.707100000e+01,1.298356763e-01,1.912038636e-02,1.180432670e-01,6.176760971e+01,false,0,3.584690975e+03,/mnt/pd/tema1/new/results/ml_samples/N4_sw0.15_x+0_i0111.h5
4,50,1.500000000e-01,1.000000000e+00,0,1.000000000e+00,3.309716599e-01,1639449276,main,fall,2.346100000e+01,1.394465520e-01,1.995443473e-02,1.156710361e-01,6.176760971e+01,false,0,3.119298016e+03,/mnt/pd/tema1/new/results/ml_samples/N4_sw0.15_x+0_i0119.h5
4,50,1.500000000e-01,1.000000000e+00,0,1.000000000e+00,3.309716599e-01,1551364063,main,rise,2.833100000e+01,1.268011690e-01,1.407483951e-02,1.142944285e-01,6.176760971e+01,false,0,3.757024187e+03,/mnt/pd/tema1/new/results/ml_samples/N4_sw0.15_x+0_i0113.h5
4,50,1.500000000e-01,1.000000000e+00,0,1.000000000e+00,3.309716599e-01,1680124934,main,rise,7.581000000e+00,1.294031614e-01,1.248680086e-02,1.096521189e-01,6.176760971e+01,false,0,1.033648485e+03,/mnt/pd/tema1/new/results/ml_samples/N4_sw0.15_x+0_i0181.h5
4,50,1.500000000e-01,1.000000000e+00,0,1.000000000e+00,3.309716599e-01,962094803,main,fall,4.101000000e+00,1.281737050e-01,2.217569180e-02,1.196190213e-01,6.176760971e+01,false,0,5.900144349e+02,/mnt/pd/tema1/new/results/ml_samples/N4_sw0.15_x+0_i0197.h5
4,50,1.500000000e-01,1.000000000e+00,0,1.000000000e+00,3.309716599e-01,1219537175,main,fall,1.150100000e+01,1.222837023e-01,1.168956754e-02,1.226221873e-01,6.176760971e+01,false,0,1.545578793e+03,/mnt/pd/tema1/new/results/ml_samples/N4_sw0.15_x+0_i0169.h5
4,50,1.500000000e-01,1.000000000e+00,0,1.000000000e+00,3.309716599e-01,1127765732,main,rise,2.092100000e+01,1.278106288e-01,1.282267887e-02,1.191893612e-01,6.176760971e+01,false,0,2.773777473e+03,/mnt/pd/tema1/new/results/ml_samples/N4_sw0.15_x+0_i0143.h5
4,50,1.500000000e-01,1.000000000e+00,0,1.000000000e+00,3.309716599e-01,494788158,main,fall,1.080100000e+01,1.372017694e-01,2.057580588e-02,1.195918921e-01,6.176760971e+01,false,0,1.468462618e+03,/mnt/pd/tema1/new/results/ml_samples/N4_sw0.15_x+0_i0175.h5
4,50,1.500000000e-01,1.000000000e+00,0,1.000000000e+00,3.309716599e-01,373179314,main,rise,3.428100000e+01,1.327774403e-01,1.668194050e-02,1.094861465e-01,6.176760971e+01,false,0,4.524631405e+03,/mnt/pd/tema1/new/results/ml_samples/N4_sw0.15_x+0_i0103.h5
4,50,1.500000000e-01,1.000000000e+00,0,1.000000000e+00,3.309716599e-01,1844241218,main,fall,7.051000000e+00,1.307982130e-01,2.099021896e-02,1.199692159e-01,4.023327636e+01,false,0,9.684369162e+02,/mnt/pd/tema1/new/results/ml_samples/N4_sw0.15_x+0_i0195.h5
4,50,1.500000000e-01,1.000000000e+00,0,1.000000000e+00,3.309716599e-01,225493919,main,rise,3.152100000e+01,1.283220559e-01,1.131536591e-02,1.113127714e-01,6.176760971e+01,false,0,4.151661531e+03,/mnt/pd/tema1/new/results/ml_samples/N4_sw0.15_x+0_i0115.h5
4,50,1.500000000e-01,1.000000000e+00,1,1.130292401e+00,3.740947521e-01,2040693558,main,fall,2.431000000e+00,1.389521934e-01,3.440385961e-02,1.246186842e-01,8.549390606e+01,false,0,3.701673394e+02,/mnt/pd/tema1/new/results/ml_samples/N4_sw0.15_x+1_i0011.h5
4,50,1.500000000e-01,1.000000000e+00,0,1.000000000e+00,3.309716599e-01,527540177,main,fall,1.439100000e+01,1.285025046e-01,1.099448076e-02,1.129823186e-01,6.176760971e+01,false,0,1.922135530e+03,/mnt/pd/tema1/new/results/ml_samples/N4_sw0.15_x+0_i0185.h5
4,50,1.500000000e-01,1.000000000e+00,1,1.130292401e+00,3.740947521e-01,1525168422,main,rise,7.491000000e+00,1.300891331e-01,1.134167201e-02,1.172759973e-01,8.549390606e+01,false,0,1.022151972e+03,/mnt/pd/tema1/new/results/ml_samples/N4_sw0.15_x+1_i0005.h5
4,50,1.500000000e-01,1.000000000e+00,0,1.000000000e+00,3.309716599e-01,316799537,main,rise,3.658100000e+01,1.256448520e-01,1.086667837e-02,1.162266375e-01,6.176760971e+01,false,0,4.815975240e+03,/mnt/pd/tema1/new/results/ml_samples/N4_sw0.15_x+0_i0117.h5
4,50,1.500000000e-01,1.000000000e+00,1,1.130292401e+00,3.740947521e-01,915809139,main,rise,1.346100000e+01,1.346099113e-01,1.126436279e-02,1.127623958e-01,8.549390606e+01,false,0,1.809013288e+03,/mnt/pd/tema1/new/results/ml_samples/N4_sw0.15_x+1_i0001.h5
4,50,1.500000000e-01,1.000000000e+00,1,1.130292401e+00,3.740947521e-01,1982913376,main,fall,1.094100000e+01,1.292870708e-01,1.231328072e-02,1.155314058e-01,8.549390606e+01,false,0,1.485697087e+03,/mnt/pd/tema1/new/results/ml_samples/N4_sw0.15_x+1_i0009.h5
4,50,1.500000000e-01,1.000000000e+00,1,1.130292401e+00,3.740947521e-01,1496677077,main,rise,4.581000000e+00,1.387333870e-01,1.713933293e-02,1.166664779e-01,8.549390606e+01,false,0,6.487754139e+02,/mnt/pd/tema1/new/results/ml_samples/N4_sw0.15_x+1_i0023.h5
4,50,1.500000000e-01,1.000000000e+00,0,1.000000000e+00,3.309716599e-01,1347299726,main,timeout,6.000100000e+01,1.233325252e-01,1.270996813e-02,1.148408466e-01,6.176760971e+01,false,0,7.866215704e+03,/mnt/pd/tema1/new/results/ml_samples/N4_sw0.15_x+0_i0041.h5
4,50,1.500000000e-01,1.000000000e+00,1,1.130292401e+00,3.740947521e-01,423324240,main,rise,9.841000000e+00,1.352601898e-01,1.069696610e-02,1.112408886e-01,8.549390606e+01,false,0,1.335363518e+03,/mnt/pd/tema1/new/results/ml_samples/N4_sw0.15_x+1_i0019.h5
4,50,1.500000000e-01,1.000000000e+00,1,1.130292401e+00,3.740947521e-01,1259499156,main,fall,1.567100000e+01,1.302993152e-01,1.016525114e-02,1.140236057e-01,7.934438014e+01,false,0,1.845236707e+03,/mnt/pd/tema1/new/results/ml_samples/N4_sw0.15_x+1_i0003.h5
4,50,1.500000000e-01,1.000000000e+00,0,1.000000000e+00,3.309716599e-01,45165085,main,fall,2.863100000e+01,1.266093549e-01,1.459239914e-02,1.137431368e-01,6.176760971e+01,false,0,3.784799388e+03,/mnt/pd/tema1/new/results/ml_samples/N4_sw0.15_x+0_i0159.h5
4,50,1.500000000e-01,1.000000000e+00,1,1.130292401e+00,3.740947521e-01,1631417363,main,fall,1.243100000e+01,1.300372888e-01,8.312121361e-03,1.184884013e-01,8.549390606e+01,false,0,1.680682251e+03,/mnt/pd/tema1/new/results/ml_samples/N4_sw0.15_x+1_i0013.h5
4,50,1.500000000e-01,1.000000000e+00,0,1.000000000e+00,3.309716599e-01,946348705,main,rise,3.127100000e+01,1.313854678e-01,1.527425826e-02,1.146252765e-01,6.176760971e+01,false,0,4.126179452e+03,/mnt/pd/tema1/new/results/ml_samples/N4_sw0.15_x+0_i0155.h5
4,50,1.500000000e-01,1.000000000e+00,1,1.130292401e+00,3.740947521e-01,1924481530,main,fall,5.071000000e+00,1.356873069e-01,2.190893104e-02,1.206498962e-01,8.549390606e+01,false,0,7.142136307e+02,/mnt/pd/tema1/new/results/ml_samples/N4_sw0.15_x+1_i0029.h5
4,50,1.500000000e-01,1.000000000e+00,0,1.000000000e+00,3.309716599e-01,1534110076,main,rise,5.190100000e+01,1.276901726e-01,1.115079764e-02,1.138908669e-01,6.176760971e+01,false,0,6.806547830e+03,/mnt/pd/tema1/new/results/ml_samples/N4_sw0.15_x+0_i0089.h5
4,50,1.500000000e-01,1.000000000e+00,0,1.000000000e+00,3.309716599e-01,2061008799,main,timeout,6.000100000e+01,1.300326327e-01,1.366569228e-02,1.112509986e-01,3.651729778e+01,false,0,7.873378842e+03,/mnt/pd/tema1/new/results/ml_samples/N4_sw0.15_x+0_i0067.h5
4,50,1.500000000e-01,1.000000000e+00,1,1.130292401e+00,3.740947521e-01,2125555652,main,rise,1.087100000e+01,1.360818509e-01,1.085097954e-02,1.137900887e-01,8.549390606e+01,false,0,1.404822339e+03,/mnt/pd/tema1/new/results/ml_samples/N4_sw0.15_x+1_i0025.h5
4,50,1.500000000e-01,1.000000000e+00,1,1.130292401e+00,3.740947521e-01,984861878,main,rise,5.801000000e+00,1.320869802e-01,7.897773809e-03,1.137532494e-01,8.549390606e+01,false,0,8.051803332e+02,/mnt/pd/tema1/new/results/ml_samples/N4_sw0.15_x+1_i0037.h5
4,50,1.500000000e-01,1.000000000e+00,1,1.130292401e+00,3.740947521e-01,1302343508,main,rise,6.781000000e+00,1.371854032e-01,1.747059219e-02,1.145519253e-01,8.549390606e+01,false,0,9.312320183e+02,/mnt/pd/tema1/new/results/ml_samples/N4_sw0.15_x+1_i0039.h5
4,50,1.500000000e-01,1.000000000e+00,1,1.130292401e+00,3.740947521e-01,852016197,main,rise,1.771100000e+01,1.365735109e-01,1.334670982e-02,1.136248283e-01,8.549390606e+01,false,0,2.364161493e+03,/mnt/pd/tema1/new/results/ml_samples/N4_sw0.15_x+1_i0017.h5
4,50,1.500000000e-01,1.000000000e+00,1,1.130292401e+00,3.740947521e-01,1857402998,main,rise,2.453100000e+01,1.370502776e-01,8.881386787e-03,1.103192079e-01,8.549390606e+01,false,0,2.749307533e+03,/mnt/pd/tema1/new/results/ml_samples/N4_sw0.15_x+1_i0007.h5
4,50,1.500000000e-01,1.000000000e+00,0,1.000000000e+00,3.309716599e-01,1118102164,main,rise,2.835100000e+01,1.280531614e-01,1.320529332e-02,1.153908051e-01,6.176760971e+01,false,0,3.734498346e+03,/mnt/pd/tema1/new/results/ml_samples/N4_sw0.15_x+0_i0187.h5
4,50,1.500000000e-01,1.000000000e+00,0,1.000000000e+00,3.309716599e-01,1215845273,main,fall,4.108100000e+01,1.316639546e-01,1.643977493e-02,1.126204294e-01,5.329444407e+01,false,0,4.839515486e+03,/mnt/pd/tema1/new/results/ml_samples/N4_sw0.15_x+0_i0165.h5
4,50,1.500000000e-01,1.000000000e+00,1,1.130292401e+00,3.740947521e-01,58513855,main,rise,1.162100000e+01,1.365161977e-01,9.575681168e-03,1.075955915e-01,8.549390606e+01,false,0,1.560875309e+03,/mnt/pd/tema1/new/results/ml_samples/N4_sw0.15_x+1_i0033.h5
4,50,1.500000000e-01,1.000000000e+00,0,1.000000000e+00,3.309716599e-01,1591940222,main,rise,3.833100000e+01,1.278868881e-01,1.343727003e-02,1.145763690e-01,5.171735349e+01,false,0,5.037218758e+03,/mnt/pd/tema1/new/results/ml_samples/N4_sw0.15_x+0_i0163.h5
4,50,1.500000000e-01,1.000000000e+00,1,1.130292401e+00,3.740947521e-01,1625670074,main,rise,1.264100000e+01,1.311562710e-01,8.403215187e-03,1.127136243e-01,8.549390606e+01,false,0,1.680681068e+03,/mnt/pd/tema1/new/results/ml_samples/N4_sw0.15_x+1_i0035.h5
4,50,1.500000000e-01,1.000000000e+00,1,1.130292401e+00,3.740947521e-01,1653293665,main,fall,3.411000000e+00,1.386342587e-01,1.478115558e-02,1.126873826e-01,8.549390606e+01,false,0,4.993750364e+02,/mnt/pd/tema1/new/results/ml_samples/N4_sw0.15_x+1_i0063.h5
4,50,1.500000000e-01,1.000000000e+00,1,1.130292401e+00,3.740947521e-01,1942198241,main,rise,6.291000000e+00,1.331570081e-01,9.546224724e-03,1.131287394e-01,8.549390606e+01,false,0,8.735194020e+02,/mnt/pd/tema1/new/results/ml_samples/N4_sw0.15_x+1_i0055.h5
4,50,1.500000000e-01,1.000000000e+00,1,1.130292401e+00,3.740947521e-01,2121725664,main,rise,1.627100000e+01,1.331071971e-01,1.014044774e-02,1.110374333e-01,8.549390606e+01,false,0,2.161346056e+03,/mnt/pd/tema1/new/results/ml_samples/N4_sw0.15_x+1_i0027.h5
4,50,1.500000000e-01,1.000000000e+00,1,1.130292401e+00,3.740947521e-01,602857844,main,rise,1.008100000e+01,1.399468180e-01,1.221378485e-02,1.058736328e-01,8.549390606e+01,false,0,1.297128008e+03,/mnt/pd/tema1/new/results/ml_samples/N4_sw0.15_x+1_i0047.h5
4,50,1.500000000e-01,1.000000000e+00,0,1.000000000e+00,3.309716599e-01,1897311822,main,fall,3.077100000e+01,1.262770617e-01,1.224526708e-02,1.156947781e-01,6.176760971e+01,false,0,4.064524099e+03,/mnt/pd/tema1/new/results/ml_samples/N4_sw0.15_x+0_i0199.h5
4,50,1.500000000e-01,1.000000000e+00,1,1.130292401e+00,3.740947521e-01,2054275127,main,rise,6.511000000e+00,1.409701643e-01,1.348667236e-02,1.076634219e-01,8.549390606e+01,false,0,9.003039445e+02,/mnt/pd/tema1/new/results/ml_samples/N4_sw0.15_x+1_i0061.h5
4,50,1.500000000e-01,1.000000000e+00,1,1.130292401e+00,3.740947521e-01,2127906083,main,fall,2.751000000e+00,1.372419143e-01,2.508986117e-02,1.208682538e-01,8.549390606e+01,false,0,4.089169842e+02,/mnt/pd/tema1/new/results/ml_samples/N4_sw0.15_x+1_i0071.h5
4,50,1.500000000e-01,1.000000000e+00,1,1.130292401e+00,3.740947521e-01,768086191,main,rise,4.921000000e+00,1.442248997e-01,1.718377583e-02,1.135235259e-01,8.052939142e+01,false,0,6.918192985e+02,/mnt/pd/tema1/new/results/ml_samples/N4_sw0.15_x+1_i0065.h5
4,50,1.500000000e-01,1.000000000e+00,0,1.000000000e+00,3.309716599e-01,1384853601,main,rise,3.932100000e+01,1.270816367e-01,1.113499845e-02,1.159955282e-01,6.176760971e+01,false,0,5.177580378e+03,/mnt/pd/tema1/new/results/ml_samples/N4_sw0.15_x+0_i0173.h5
4,50,1.500000000e-01,1.000000000e+00,1,1.130292401e+00,3.740947521e-01,752404343,main,fall,4.661000000e+00,1.304677561e-01,1.163628640e-02,1.246561403e-01,8.549390606e+01,false,0,6.590856556e+02,/mnt/pd/tema1/new/results/ml_samples/N4_sw0.15_x+1_i0069.h5
4,50,1.500000000e-01,1.000000000e+00,1,1.130292401e+00,3.740947521e-01,301593386,main,rise,1.566100000e+01,1.320860963e-01,9.198698757e-03,1.123800768e-01,8.549390606e+01,false,0,2.051627124e+03,/mnt/pd/tema1/new/results/ml_samples/N4_sw0.15_x+1_i0043.h5
4,50,1.500000000e-01,1.000000000e+00,1,1.130292401e+00,3.740947521e-01,1611647110,main,rise,8.741000000e+00,1.399379319e-01,1.285520944e-02,1.065382377e-01,8.549390606e+01,false,0,1.189091581e+03,/mnt/pd/tema1/new/results/ml_samples/N4_sw0.15_x+1_i0059.h5
4,50,1.500000000e-01,1.000000000e+00,1,1.130292401e+00,3.740947521e-01,110417429,main,rise,6.921000000e+00,1.328124449e-01,1.652001716e-02,1.165800064e-01,7.221821652e+01,false,0,9.461137252e+02,/mnt/pd/tema1/new/results/ml_samples/N4_sw0.15_x+1_i0067.h5
4,50,1.500000000e-01,1.000000000e+00,1,1.130292401e+00,3.740947521e-01,1862792618,main,rise,2.753100000e+01,1.352336924e-01,1.254901585e-02,1.092564517e-01,8.497193520e+01,false,0,3.629557066e+03,/mnt/pd/tema1/new/results/ml_samples/N4_sw0.15_x+1_i0021.h5
4,50,1.500000000e-01,1.000000000e+00,1,1.130292401e+00,3.740947521e-01,182138186,main,rise,1.862100000e+01,1.419594781e-01,1.757523841e-02,1.057714485e-01,8.549390606e+01,false,0,2.478322144e+03,/mnt/pd/tema1/new/results/ml_samples/N4_sw0.15_x+1_i0041.h5
4,50,1.500000000e-01,1.000000000e+00,1,1.130292401e+00,3.740947521e-01,275928277,main,rise,7.181000000e+00,1.447938584e-01,1.575752282e-02,1.136950540e-01,8.549390606e+01,false,0,9.881856005e+02,/mnt/pd/tema1/new/results/ml_samples/N4_sw0.15_x+1_i0073.h5
4,50,1.500000000e-01,1.000000000e+00,1,1.130292401e+00,3.740947521e-01,781964468,main,rise,3.102100000e+01,1.367292163e-01,1.458075684e-02,1.125697962e-01,8.549390606e+01,false,0,4.132335094e+03,/mnt/pd/tema1/new/results/ml_samples/N4_sw0.15_x+1_i0015.h5
4,50,1.500000000e-01,1.000000000e+00,0,1.000000000e+00,3.309716599e-01,1054872107,main,fall,3.925100000e+01,1.264117993e-01,1.338799415e-02,1.165046460e-01,6.176760971e+01,false,0,5.175232166e+03,/mnt/pd/tema1/new/results/ml_samples/N4_sw0.15_x+0_i0189.h5
4,50,1.500000000e-01,1.000000000e+00,1,1.130292401e+00,3.740947521e-01,1106884382,main,rise,2.205100000e+01,1.339984455e-01,1.278362043e-02,1.120679193e-01,8.549390606e+01,false,0,2.907465357e+03,/mnt/pd/tema1/new/results/ml_samples/N4_sw0.15_x+1_i0031.h5
4,50,1.500000000e-01,1.000000000e+00,1,1.130292401e+00,3.740947521e-01,1033396026,main,rise,4.641000000e+00,1.421471546e-01,2.199432684e-02,1.131763555e-01,8.549390606e+01,false,0,6.532625509e+02,/mnt/pd/tema1/new/results/ml_samples/N4_sw0.15_x+1_i0093.h5
4,50,1.500000000e-01,1.000000000e+00,1,1.130292401e+00,3.740947521e-01,1439992841,main,rise,1.715100000e+01,1.392434104e-01,1.333613651e-02,1.048420157e-01,8.553548561e+00,false,0,2.270776937e+03,/mnt/pd/tema1/new/results/ml_samples/N4_sw0.15_x+1_i0051.h5
4,50,1.500000000e-01,1.000000000e+00,0,1.000000000e+00,3.309716599e-01,17670251,main,timeout,6.000100000e+01,1.267270499e-01,1.221987050e-02,1.152446272e-01,6.176760971e+01,false,0,7.856433670e+03,/mnt/pd/tema1/new/results/ml_samples/N4_sw0.15_x+0_i0129.h5
4,50,1.500000000e-01,1.000000000e+00,0,1.000000000e+00,3.309716599e-01,796465305,main,timeout,6.000100000e+01,1.295265752e-01,1.573803532e-02,1.135075792e-01,5.747216397e+01,false,0,7.766293786e+03,/mnt/pd/tema1/new/results/ml_samples/N4_sw0.15_x+0_i0133.h5
4,50,1.500000000e-01,1.000000000e+00,1,1.130292401e+00,3.740947521e-01,1853850109,main,fall,3.381000000e+00,1.320478956e-01,1.220072578e-02,1.266276501e-01,7.964632675e+01,false,0,4.586061150e+02,/mnt/pd/tema1/new/results/ml_samples/N4_sw0.15_x+1_i0109.h5
4,50,1.500000000e-01,1.000000000e+00,1,1.130292401e+00,3.740947521e-01,325547577,main,rise,2.083100000e+01,1.368272161e-01,1.604461322e-02,1.140534923e-01,8.549390606e+01,false,0,2.779152504e+03,/mnt/pd/tema1/new/results/ml_samples/N4_sw0.15_x+1_i0049.h5
4,50,1.500000000e-01,1.000000000e+00,0,1.000000000e+00,3.309716599e-01,807840109,main,fall,5.338100000e+01,1.293333222e-01,1.198654164e-02,1.119931749e-01,6.176760971e+01,false,0,7.003402890e+03,/mnt/pd/tema1/new/results/ml_samples/N4_sw0.15_x+0_i0161.h5
4,50,1.500000000e-01,1.000000000e+00,1,1.130292401e+00,3.740947521e-01,1563642234,main,fall,1.202100000e+01,1.289982519e-01,1.202906170e-02,1.195956391e-01,8.549390606e+01,false,0,1.599395774e+03,/mnt/pd/tema1/new/results/ml_samples/N4_sw0.15_x+1_i0079.h5
4,50,1.500000000e-01,1.000000000e+00,1,1.130292401e+00,3.740947521e-01,1691956942,main,rise,6.011000000e+00,1.260094541e-01,1.432884734e-02,1.260252030e-01,8.549390606e+01,false,0,8.334104392e+02,/mnt/pd/tema1/new/results/ml_samples/N4_sw0.15_x+1_i0115.h5
4,50,1.500000000e-01,1.000000000e+00,0,1.000000000e+00,3.309716599e-01,1844130995,main,rise,4.743100000e+01,1.257252423e-01,1.025171806e-02,1.151705286e-01,5.766288813e+01,false,0,6.223478406e+03,/mnt/pd/tema1/new/results/ml_samples/N4_sw0.15_x+0_i0193.h5
4,50,1.500000000e-01,1.000000000e+00,1,1.130292401e+00,3.740947521e-01,1966854480,main,rise,1.387100000e+01,1.426327964e-01,1.305788008e-02,1.056501024e-01,6.549090698e+01,false,0,1.768136962e+03,/mnt/pd/tema1/new/results/ml_samples/N4_sw0.15_x+1_i0095.h5
4,50,1.500000000e-01,1.000000000e+00,1,1.130292401e+00,3.740947521e-01,1399584990,main,rise,8.861000000e+00,1.370106058e-01,1.536075524e-02,1.163733467e-01,8.549390606e+01,false,0,1.179515584e+03,/mnt/pd/tema1/new/results/ml_samples/N4_sw0.15_x+1_i0111.h5
4,50,1.500000000e-01,1.000000000e+00,1,1.130292401e+00,3.740947521e-01,303207706,main,rise,1.758100000e+01,1.357735085e-01,1.299267300e-02,1.151699217e-01,8.549390606e+01,false,0,2.333200199e+03,/mnt/pd/tema1/new/results/ml_samples/N4_sw0.15_x+1_i0075.h5
4,50,1.500000000e-01,1.000000000e+00,1,1.130292401e+00,3.740947521e-01,1408316844,main,fall,1.619100000e+01,1.326291787e-01,1.042940095e-02,1.126622272e-01,8.549390606e+01,false,0,2.004805726e+03,/mnt/pd/tema1/new/results/ml_samples/N4_sw0.15_x+1_i0089.h5
4,50,1.500000000e-01,1.000000000e+00,1,1.130292401e+00,3.740947521e-01,1945535935,main,rise,6.551000000e+00,1.399620163e-01,1.886949266e-02,1.119437044e-01,8.549390606e+01,false,0,9.037682382e+02,/mnt/pd/tema1/new/results/ml_samples/N4_sw0.15_x+1_i0119.h5
4,50,1.500000000e-01,1.000000000e+00,1,1.130292401e+00,3.740947521e-01,32100930,main,rise,1.728100000e+01,1.383251830e-01,1.396560981e-02,1.074367231e-01,8.549390606e+01,false,0,2.297055280e+03,/mnt/pd/tema1/new/results/ml_samples/N4_sw0.15_x+1_i0077.h5
4,50,1.500000000e-01,1.000000000e+00,1,1.130292401e+00,3.740947521e-01,118589993,main,fall,5.001000000e+00,1.337589796e-01,2.043455921e-02,1.179043910e-01,8.118695585e+01,false,0,7.033758059e+02,/mnt/pd/tema1/new/results/ml_samples/N4_sw0.15_x+1_i0125.h5
4,50,1.500000000e-01,1.000000000e+00,1,1.130292401e+00,3.740947521e-01,146508358,main,fall,1.696100000e+01,1.399068025e-01,1.073392418e-02,1.122825622e-01,8.549390606e+01,false,0,2.185741470e+03,/mnt/pd/tema1/new/results/ml_samples/N4_sw0.15_x+1_i0083.h5
4,50,1.500000000e-01,1.000000000e+00,1,1.130292401e+00,3.740947521e-01,328521171,main,rise,1.648100000e+01,1.334860412e-01,1.292823265e-02,1.157548498e-01,8.549390606e+01,false,0,2.225407145e+03,/mnt/pd/tema1/new/results/ml_samples/N4_sw0.15_x+1_i0087.h5
4,50,1.500000000e-01,1.000000000e+00,1,1.130292401e+00,3.740947521e-01,471947005,main,rise,1.062100000e+01,1.370130635e-01,1.421153671e-02,1.093055233e-01,8.073066249e+01,false,0,1.436552747e+03,/mnt/pd/tema1/new/results/ml_samples/N4_sw0.15_x+1_i0113.h5
4,50,1.500000000e-01,1.000000000e+00,1,1.130292401e+00,3.740947521e-01,1333753188,main,rise,1.351100000e+01,1.376119658e-01,1.473098726e-02,1.145215227e-01,8.549390606e+01,false,0,1.806562009e+03,/mnt/pd/tema1/new/results/ml_samples/N4_sw0.15_x+1_i0101.h5
4,50,1.500000000e-01,1.000000000e+00,1,1.130292401e+00,3.740947521e-01,1092526112,main,rise,9.041000000e+00,1.321621007e-01,1.298549845e-02,1.189957964e-01,8.549390606e+01,false,0,1.228929462e+03,/mnt/pd/tema1/new/results/ml_samples/N4_sw0.15_x+1_i0117.h5
4,50,1.500000000e-01,1.000000000e+00,1,1.130292401e+00,3.740947521e-01,2011014254,main,fall,1.897100000e+01,1.372043544e-01,1.016089001e-02,1.117755162e-01,8.549390606e+01,false,0,2.515336418e+03,/mnt/pd/tema1/new/results/ml_samples/N4_sw0.15_x+1_i0085.h5
4,50,1.500000000e-01,1.000000000e+00,1,1.130292401e+00,3.740947521e-01,608207541,main,fall,3.181000000e+00,1.266255657e-01,1.554673508e-02,1.291081103e-01,8.549390606e+01,false,0,4.606318182e+02,/mnt/pd/tema1/new/results/ml_samples/N4_sw0.15_x+1_i0143.h5
4,50,1.500000000e-01,1.000000000e+00,1,1.130292401e+00,3.740947521e-01,927440610,main,rise,2.806100000e+01,1.335731445e-01,8.308561773e-03,1.109439754e-01,8.549390606e+01,false,0,3.703724251e+03,/mnt/pd/tema1/new/results/ml_samples/N4_sw0.15_x+1_i0057.h5
4,50,1.500000000e-01,1.000000000e+00,0,1.000000000e+00,3.309716599e-01,366566086,main,fall,5.501100000e+01,1.311214964e-01,1.484801389e-02,1.130326368e-01,2.380520061e+01,false,0,7.178463564e+03,/mnt/pd/tema1/new/results/ml_samples/N4_sw0.15_x+0_i0191.h5
4,50,1.500000000e-01,1.000000000e+00,1,1.130292401e+00,3.740947521e-01,267040361,main,rise,1.693100000e+01,1.363801094e-01,1.391485993e-02,1.160267216e-01,8.549390606e+01,false,0,2.258105949e+03,/mnt/pd/tema1/new/results/ml_samples/N4_sw0.15_x+1_i0105.h5
4,50,1.500000000e-01,1.000000000e+00,1,1.130292401e+00,3.740947521e-01,665251424,main,rise,1.097100000e+01,1.353647336e-01,1.363333665e-02,1.150329290e-01,8.549390606e+01,false,0,1.479324886e+03,/mnt/pd/tema1/new/results/ml_samples/N4_sw0.15_x+1_i0123.h5
4,50,1.500000000e-01,1.000000000e+00,0,1.000000000e+00,3.309716599e-01,419361019,main,timeout,6.000100000e+01,1.301873333e-01,1.288882981e-02,1.102190328e-01,5.631474827e+01,false,0,7.887840181e+03,/mnt/pd/tema1/new/results/ml_samples/N4_sw0.15_x+0_i0177.h5
4,50,1.500000000e-01,1.000000000e+00,1,1.130292401e+00,3.740947521e-01,421836013,main,rise,8.801000000e+00,1.400715743e-01,1.696952587e-02,1.113002094e-01,8.549390606e+01,false,0,1.191317420e+03,/mnt/pd/tema1/new/results/ml_samples/N4_sw0.15_x+1_i0127.h5
4,50,1.500000000e-01,1.000000000e+00,0,1.000000000e+00,3.309716599e-01,481721316,main,timeout,6.000100000e+01,1.262627378e-01,9.642009246e-03,1.133390894e-01,6.176760971e+01,false,0,7.866498136e+03,/mnt/pd/tema1/new/results/ml_samples/N4_sw0.15_x+0_i0183.h5
4,50,1.500000000e-01,1.000000000e+00,1,1.130292401e+00,3.740947521e-01,295459293,main,rise,1.914100000e+01,1.390297463e-01,1.404738181e-02,1.104304870e-01,6.563036001e+01,false,0,2.535870494e+03,/mnt/pd/tema1/new/results/ml_samples/N4_sw0.15_x+1_i0107.h5
4,50,1.500000000e-01,1.000000000e+00,1,1.130292401e+00,3.740947521e-01,918101087,main,fall,3.311000000e+00,1.377895743e-01,2.711466131e-02,1.241613374e-01,8.549390606e+01,false,0,4.842080675e+02,/mnt/pd/tema1/new/results/ml_samples/N4_sw0.15_x+1_i0165.h5
4,50,1.500000000e-01,1.000000000e+00,1,1.130292401e+00,3.740947521e-01,955047923,main,rise,1.202100000e+01,1.329961008e-01,8.926047076e-03,1.155963233e-01,8.549390606e+01,false,0,1.573512629e+03,/mnt/pd/tema1/new/results/ml_samples/N4_sw0.15_x+1_i0129.h5
4,50,1.500000000e-01,1.000000000e+00,1,1.130292401e+00,3.740947521e-01,1366517992,main,rise,7.781000000e+00,1.336714714e-01,1.032467571e-02,1.115473435e-01,8.549390606e+01,false,0,1.063431484e+03,/mnt/pd/tema1/new/results/ml_samples/N4_sw0.15_x+1_i0151.h5
4,50,1.500000000e-01,1.000000000e+00,1,1.130292401e+00,3.740947521e-01,1332907380,main,rise,2.502100000e+01,1.332590137e-01,1.001865152e-02,1.147021356e-01,7.661990888e+01,false,0,3.302874298e+03,/mnt/pd/tema1/new/results/ml_samples/N4_sw0.15_x+1_i0091.h5
4,50,1.500000000e-01,1.000000000e+00,1,1.130292401e+00,3.740947521e-01,1384390786,main,rise,1.146100000e+01,1.326312564e-01,8.926578725e-03,1.156332896e-01,8.549390606e+01,false,0,1.533489125e+03,/mnt/pd/tema1/new/results/ml_samples/N4_sw0.15_x+1_i0131.h5
4,50,1.500000000e-01,1.000000000e+00,1,1.130292401e+00,3.740947521e-01,178880175,main,fall,9.331000000e+00,1.367973010e-01,1.788995790e-02,1.105785758e-01,8.549390606e+01,false,0,1.258488481e+03,/mnt/pd/tema1/new/results/ml_samples/N4_sw0.15_x+1_i0147.h5
4,50,1.500000000e-01,1.000000000e+00,1,1.130292401e+00,3.740947521e-01,2038952635,main,rise,1.747100000e+01,1.429686966e-01,1.846401271e-02,1.132443962e-01,7.241848981e+01,false,0,2.320002044e+03,/mnt/pd/tema1/new/results/ml_samples/N4_sw0.15_x+1_i0121.h5
4,50,1.500000000e-01,1.000000000e+00,1,1.130292401e+00,3.740947521e-01,1450848989,main,rise,1.451100000e+01,1.348869131e-01,1.132044598e-02,1.094131159e-01,8.549390606e+01,false,0,1.862788753e+03,/mnt/pd/tema1/new/results/ml_samples/N4_sw0.15_x+1_i0145.h5
4,50,1.500000000e-01,1.000000000e+00,1,1.130292401e+00,3.740947521e-01,610444126,main,rise,8.651000000e+00,1.349217181e-01,1.366071114e-02,1.150521583e-01,8.549390606e+01,false,0,1.168978739e+03,/mnt/pd/tema1/new/results/ml_samples/N4_sw0.15_x+1_i0167.h5
4,50,1.500000000e-01,1.000000000e+00,1,1.130292401e+00,3.740947521e-01,131843259,main,rise,1.599100000e+01,1.325832695e-01,1.337270721e-02,1.164853386e-01,8.549390606e+01,false,0,2.134676566e+03,/mnt/pd/tema1/new/results/ml_samples/N4_sw0.15_x+1_i0133.h5
4,50,1.500000000e-01,1.000000000e+00,1,1.130292401e+00,3.740947521e-01,1283670202,main,rise,8.701000000e+00,1.414163190e-01,1.929650768e-02,1.124764295e-01,8.549390606e+01,false,0,1.179902434e+03,/mnt/pd/tema1/new/results/ml_samples/N4_sw0.15_x+1_i0169.h5
4,50,1.500000000e-01,1.000000000e+00,1,1.130292401e+00,3.740947521e-01,239023719,main,fall,4.390100000e+01,1.383841937e-01,1.247258327e-02,1.131373636e-01,8.549390606e+01,false,0,5.586441019e+03,/mnt/pd/tema1/new/results/ml_samples/N4_sw0.15_x+1_i0053.h5
4,50,1.500000000e-01,1.000000000e+00,1,1.130292401e+00,3.740947521e-01,1676574909,main,rise,3.400100000e+01,1.334253789e-01,5.814616523e-03,1.089760708e-01,8.549390606e+01,false,0,3.988782056e+03,/mnt/pd/tema1/new/results/ml_samples/N4_sw0.15_x+1_i0097.h5
4,50,1.500000000e-01,1.000000000e+00,1,1.130292401e+00,3.740947521e-01,1207265413,main,rise,1.381100000e+01,1.342220533e-01,1.263391802e-02,1.119460095e-01,8.274620237e+01,false,0,1.848351267e+03,/mnt/pd/tema1/new/results/ml_samples/N4_sw0.15_x+1_i0157.h5
4,50,1.500000000e-01,1.000000000e+00,1,1.130292401e+00,3.740947521e-01,741311148,main,fall,1.564100000e+01,1.339888239e-01,1.108449822e-02,1.115529840e-01,8.549390606e+01,false,0,2.085977442e+03,/mnt/pd/tema1/new/results/ml_samples/N4_sw0.15_x+1_i0149.h5
4,50,1.500000000e-01,1.000000000e+00,1,1.130292401e+00,3.740947521e-01,1970359002,main,rise,1.298100000e+01,1.339586269e-01,1.149647847e-02,1.138191883e-01,8.549390606e+01,false,0,1.743349899e+03,/mnt/pd/tema1/new/results/ml_samples/N4_sw0.15_x+1_i0163.h5
4,50,1.500000000e-01,1.000000000e+00,1,1.130292401e+00,3.740947521e-01,2072284962,main,rise,9.141000000e+00,1.422861470e-01,1.854097605e-02,1.136940747e-01,8.549390606e+01,false,0,1.244989478e+03,/mnt/pd/tema1/new/results/ml_samples/N4_sw0.15_x+1_i0175.h5
4,50,1.500000000e-01,1.000000000e+00,1,1.130292401e+00,3.740947521e-01,1767993252,main,rise,1.903100000e+01,1.394487248e-01,1.331370982e-02,1.061322676e-01,8.549390606e+01,false,0,2.528769466e+03,/mnt/pd/tema1/new/results/ml_samples/N4_sw0.15_x+1_i0141.h5
4,50,1.500000000e-01,1.000000000e+00,1,1.130292401e+00,3.740947521e-01,211387090,main,rise,1.479100000e+01,1.340068743e-01,1.083964391e-02,1.120106016e-01,8.549390606e+01,false,0,1.974360137e+03,/mnt/pd/tema1/new/results/ml_samples/N4_sw0.15_x+1_i0161.h5
4,50,1.500000000e-01,1.000000000e+00,1,1.130292401e+00,3.740947521e-01,26473296,main,rise,8.971000000e+00,1.370649794e-01,1.491625838e-02,1.140026721e-01,8.549390606e+01,false,0,1.218220392e+03,/mnt/pd/tema1/new/results/ml_samples/N4_sw0.15_x+1_i0183.h5
4,50,1.500000000e-01,1.000000000e+00,1,1.130292401e+00,3.740947521e-01,1405352235,main,rise,1.204100000e+01,1.360667617e-01,1.293425264e-02,1.099047027e-01,8.549390606e+01,false,0,1.558107951e+03,/mnt/pd/tema1/new/results/ml_samples/N4_sw0.15_x+1_i0173.h5
4,50,1.500000000e-01,1.000000000e+00,1,1.130292401e+00,3.740947521e-01,1104259279,main,rise,3.195100000e+01,1.318541249e-01,1.027186608e-02,1.142525683e-01,8.549390606e+01,false,0,4.214259976e+03,/mnt/pd/tema1/new/results/ml_samples/N4_sw0.15_x+1_i0103.h5
4,50,1.500000000e-01,1.000000000e+00,1,1.130292401e+00,3.740947521e-01,2081793346,main,rise,4.919100000e+01,1.436054774e-01,1.890332288e-02,1.108237662e-01,8.549390606e+01,false,0,6.450917853e+03,/mnt/pd/tema1/new/results/ml_samples/N4_sw0.15_x+1_i0045.h5
4,50,1.500000000e-01,1.000000000e+00,1,1.130292401e+00,3.740947521e-01,438411600,main,rise,1.866100000e+01,1.363282435e-01,9.421766795e-03,1.095110305e-01,8.549390606e+01,false,0,2.475206002e+03,/mnt/pd/tema1/new/results/ml_samples/N4_sw0.15_x+1_i0153.h5
4,50,1.500000000e-01,1.000000000e+00,1,1.130292401e+00,3.740947521e-01,385592506,main,rise,6.191000000e+00,1.305733923e-01,1.113670778e-02,1.222748143e-01,8.549390606e+01,false,0,8.561899686e+02,/mnt/pd/tema1/new/results/ml_samples/N4_sw0.15_x+1_i0195.h5
4,50,1.500000000e-01,1.000000000e+00,1,1.130292401e+00,3.740947521e-01,405429932,main,fall,1.186100000e+01,1.339499847e-01,1.571533557e-02,1.189004683e-01,8.549390606e+01,false,0,1.595935336e+03,/mnt/pd/tema1/new/results/ml_samples/N4_sw0.15_x+1_i0179.h5
4,50,1.500000000e-01,1.000000000e+00,1,1.130292401e+00,3.740947521e-01,1349065284,main,rise,1.040100000e+01,1.397570097e-01,1.456499543e-02,1.085600963e-01,8.549390606e+01,false,0,1.399050487e+03,/mnt/pd/tema1/new/results/ml_samples/N4_sw0.15_x+1_i0187.h5
4,50,1.500000000e-01,1.000000000e+00,2,1.260584802e+00,4.172178443e-01,1715634032,main,fall,2.231000000e+00,1.416440122e-01,1.458929073e-02,1.216082671e-01,1.186297283e+02,false,0,3.382340094e+02,/mnt/pd/tema1/new/results/ml_samples/N4_sw0.15_x+2_i0013.h5
4,50,1.500000000e-01,1.000000000e+00,1,1.130292401e+00,3.740947521e-01,925646033,main,rise,3.599100000e+01,1.369989588e-01,9.104359299e-03,1.089961778e-01,8.549390606e+01,false,0,4.711279487e+03,/mnt/pd/tema1/new/results/ml_samples/N4_sw0.15_x+1_i0099.h5
4,50,1.500000000e-01,1.000000000e+00,2,1.260584802e+00,4.172178443e-01,727872330,main,rise,6.441000000e+00,1.454153704e-01,9.350687582e-03,1.082195692e-01,1.186297283e+02,false,0,8.829747278e+02,/mnt/pd/tema1/new/results/ml_samples/N4_sw0.15_x+2_i0003.h5
4,50,1.500000000e-01,1.000000000e+00,1,1.130292401e+00,3.740947521e-01,1997273111,main,rise,1.023100000e+01,1.306504532e-01,1.775462597e-02,1.188966884e-01,8.291615643e+01,false,0,1.384031289e+03,/mnt/pd/tema1/new/results/ml_samples/N4_sw0.15_x+1_i0189.h5
4,50,1.500000000e-01,1.000000000e+00,1,1.130292401e+00,3.740947521e-01,1000300220,main,rise,2.564100000e+01,1.408254734e-01,1.387530327e-02,1.099738790e-01,8.549390606e+01,false,0,3.389613964e+03,/mnt/pd/tema1/new/results/ml_samples/N4_sw0.15_x+1_i0135.h5
4,50,1.500000000e-01,1.000000000e+00,2,1.260584802e+00,4.172178443e-01,1002643189,main,rise,6.881000000e+00,1.490578078e-01,2.207521196e-02,1.105559247e-01,1.186297283e+02,false,0,9.123880227e+02,/mnt/pd/tema1/new/results/ml_samples/N4_sw0.15_x+2_i0007.h5
4,50,1.500000000e-01,1.000000000e+00,2,1.260584802e+00,4.172178443e-01,127300388,main,rise,7.991000000e+00,1.586487214e-01,1.998429575e-02,1.086596274e-01,1.186297283e+02,false,0,1.068607213e+03,/mnt/pd/tema1/new/results/ml_samples/N4_sw0.15_x+2_i0005.h5
4,50,1.500000000e-01,1.000000000e+00,2,1.260584802e+00,4.172178443e-01,716734716,main,rise,7.771000000e+00,1.540972089e-01,2.725133602e-02,1.075866509e-01,1.136224886e+02,false,0,1.060153278e+03,/mnt/pd/tema1/new/results/ml_samples/N4_sw0.15_x+2_i0011.h5
4,50,1.500000000e-01,1.000000000e+00,1,1.130292401e+00,3.740947521e-01,421625412,main,rise,1.067100000e+01,1.362198648e-01,1.450683634e-02,1.098895318e-01,7.496733278e+01,false,0,1.438217669e+03,/mnt/pd/tema1/new/results/ml_samples/N4_sw0.15_x+1_i0197.h5
4,50,1.500000000e-01,1.000000000e+00,2,1.260584802e+00,4.172178443e-01,1931840594,main,rise,9.541000000e+00,1.483582086e-01,1.042235677e-02,1.044448665e-01,1.186297283e+02,false,0,1.291389994e+03,/mnt/pd/tema1/new/results/ml_samples/N4_sw0.15_x+2_i0001.h5
4,50,1.500000000e-01,1.000000000e+00,1,1.130292401e+00,3.740947521e-01,1326400576,main,fall,2.830100000e+01,1.362867478e-01,1.289371627e-02,1.124286402e-01,1.866077176e+01,false,0,3.736045997e+03,/mnt/pd/tema1/new/results/ml_samples/N4_sw0.15_x+1_i0137.h5
4,50,1.500000000e-01,1.000000000e+00,2,1.260584802e+00,4.172178443e-01,1674701532,main,rise,6.411000000e+00,1.500816556e-01,1.379650382e-02,1.058555954e-01,1.186297283e+02,false,0,8.794600972e+02,/mnt/pd/tema1/new/results/ml_samples/N4_sw0.15_x+2_i0031.h5
4,50,1.500000000e-01,1.000000000e+00,1,1.130292401e+00,3.740947521e-01,2061630771,main,rise,1.948100000e+01,1.325164585e-01,1.021706196e-02,1.127000827e-01,8.549390606e+01,false,0,2.582840926e+03,/mnt/pd/tema1/new/results/ml_samples/N4_sw0.15_x+1_i0177.h5
4,50,1.500000000e-01,1.000000000e+00,1,1.130292401e+00,3.740947521e-01,1427854064,main,rise,1.959100000e+01,1.322137940e-01,1.107866920e-02,1.132567048e-01,8.480444350e+01,false,0,2.596854947e+03,/mnt/pd/tema1/new/results/ml_samples/N4_sw0.15_x+1_i0181.h5
4,50,1.500000000e-01,1.000000000e+00,1,1.130292401e+00,3.740947521e-01,194786998,main,rise,2.723100000e+01,1.387969855e-01,1.482940866e-02,1.073969354e-01,8.549390606e+01,false,0,3.593201860e+03,/mnt/pd/tema1/new/results/ml_samples/N4_sw0.15_x+1_i0155.h5
4,50,1.500000000e-01,1.000000000e+00,2,1.260584802e+00,4.172178443e-01,593525810,main,rise,9.421000000e+00,1.464857185e-01,1.236661882e-02,1.075831059e-01,1.186297283e+02,false,0,1.271699259e+03,/mnt/pd/tema1/new/results/ml_samples/N4_sw0.15_x+2_i0019.h5
4,50,1.500000000e-01,1.000000000e+00,1,1.130292401e+00,3.740947521e-01,1950317734,main,rise,1.314100000e+01,1.485478134e-01,1.727004652e-02,1.091765719e-01,8.549390606e+01,false,0,1.766469905e+03,/mnt/pd/tema1/new/results/ml_samples/N4_sw0.15_x+1_i0199.h5
4,50,1.500000000e-01,1.000000000e+00,2,1.260584802e+00,4.172178443e-01,318811378,main,rise,8.121000000e+00,1.441718230e-01,1.344791016e-02,1.111017944e-01,1.186297283e+02,false,0,1.105960279e+03,/mnt/pd/tema1/new/results/ml_samples/N4_sw0.15_x+2_i0029.h5
4,50,1.500000000e-01,1.000000000e+00,2,1.260584802e+00,4.172178443e-01,239823629,main,rise,1.003100000e+01,1.388746924e-01,7.520742931e-03,1.116814630e-01,1.186297283e+02,false,0,1.352578990e+03,/mnt/pd/tema1/new/results/ml_samples/N4_sw0.15_x+2_i0017.h5
4,50,1.500000000e-01,1.000000000e+00,1,1.130292401e+00,3.740947521e-01,1298181548,main,fall,1.700100000e+01,1.335138137e-01,8.310192296e-03,1.122434120e-01,8.549390606e+01,false,0,2.177609754e+03,/mnt/pd/tema1/new/results/ml_samples/N4_sw0.15_x+1_i0191.h5
4,50,1.500000000e-01,1.000000000e+00,2,1.260584802e+00,4.172178443e-01,144361405,main,rise,9.971000000e+00,1.462441185e-01,1.754838122e-02,1.117618363e-01,1.186297283e+02,false,0,1.345347787e+03,/mnt/pd/tema1/new/results/ml_samples/N4_sw0.15_x+2_i0027.h5
4,50,1.500000000e-01,1.000000000e+00,1,1.130292401e+00,3.740947521e-01,803765867,main,rise,1.673100000e+01,1.333055332e-01,8.521993137e-03,1.123170231e-01,8.549390606e+01,false,0,2.258609960e+03,/mnt/pd/tema1/new/results/ml_samples/N4_sw0.15_x+1_i0193.h5
4,50,1.500000000e-01,1.000000000e+00,2,1.260584802e+00,4.172178443e-01,1170667885,main,rise,1.107100000e+01,1.451115616e-01,1.052240928e-02,1.090357534e-01,1.186297283e+02,false,0,1.493651614e+03,/mnt/pd/tema1/new/results/ml_samples/N4_sw0.15_x+2_i0021.h5
4,50,1.500000000e-01,1.000000000e+00,1,1.130292401e+00,3.740947521e-01,735971618,main,rise,2.863100000e+01,1.398314761e-01,1.547033033e-02,1.099316623e-01,8.549390606e+01,false,0,3.779210925e+03,/mnt/pd/tema1/new/results/ml_samples/N4_sw0.15_x+1_i0159.h5
4,50,1.500000000e-01,1.000000000e+00,1,1.130292401e+00,3.740947521e-01,420461475,main,rise,2.231100000e+01,1.361731580e-01,1.465781788e-02,1.100641085e-01,8.549390606e+01,false,0,2.956483030e+03,/mnt/pd/tema1/new/results/ml_samples/N4_sw0.15_x+1_i0185.h5
4,50,1.500000000e-01,1.000000000e+00,2,1.260584802e+00,4.172178443e-01,1760000644,main,rise,6.251000000e+00,1.411290554e-01,1.046582091e-02,1.093801393e-01,1.186297283e+02,false,0,8.650913125e+02,/mnt/pd/tema1/new/results/ml_samples/N4_sw0.15_x+2_i0047.h5
4,50,1.500000000e-01,1.000000000e+00,1,1.130292401e+00,3.740947521e-01,611515919,main,rise,3.448100000e+01,1.348181215e-01,1.164745942e-02,1.110183076e-01,8.549390606e+01,false,0,4.528381172e+03,/mnt/pd/tema1/new/results/ml_samples/N4_sw0.15_x+1_i0139.h5
4,50,1.500000000e-01,1.000000000e+00,2,1.260584802e+00,4.172178443e-01,820882365,main,rise,8.171000000e+00,1.448722924e-01,1.750957170e-02,1.118024174e-01,1.186297283e+02,false,0,1.079368183e+03,/mnt/pd/tema1/new/results/ml_samples/N4_sw0.15_x+2_i0041.h5
4,50,1.500000000e-01,1.000000000e+00,2,1.260584802e+00,4.172178443e-01,495130204,main,rise,5.001000000e+00,1.447039569e-01,2.366374194e-02,1.193698525e-01,1.186297283e+02,false,0,7.095391841e+02,/mnt/pd/tema1/new/results/ml_samples/N4_sw0.15_x+2_i0059.h5
4,50,1.500000000e-01,1.000000000e+00,2,1.260584802e+00,4.172178443e-01,432672746,main,rise,7.971000000e+00,1.426247469e-01,9.048141920e-03,1.106802727e-01,1.186297283e+02,false,0,1.087676982e+03,/mnt/pd/tema1/new/results/ml_samples/N4_sw0.15_x+2_i0043.h5
4,50,1.500000000e-01,1.000000000e+00,2,1.260584802e+00,4.172178443e-01,978337015,main,rise,6.091000000e+00,1.442978893e-01,9.872232143e-03,1.114238358e-01,1.186297283e+02,false,0,8.407296241e+02,/mnt/pd/tema1/new/results/ml_samples/N4_sw0.15_x+2_i0051.h5
4,50,1.500000000e-01,1.000000000e+00,2,1.260584802e+00,4.172178443e-01,431555487,main,rise,1.341100000e+01,1.460944718e-01,8.922823932e-03,1.054015908e-01,1.186297283e+02,false,0,1.628558213e+03,/mnt/pd/tema1/new/results/ml_samples/N4_sw0.15_x+2_i0037.h5
4,50,1.500000000e-01,1.000000000e+00,2,1.260584802e+00,4.172178443e-01,676296707,main,rise,1.549100000e+01,1.457046218e-01,1.011101125e-02,1.066244796e-01,1.186297283e+02,false,0,2.068713696e+03,/mnt/pd/tema1/new/results/ml_samples/N4_sw0.15_x+2_i0025.h5
4,50,1.500000000e-01,1.000000000e+00,2,1.260584802e+00,4.172178443e-01,2018399731,main,rise,7.291000000e+00,1.503712421e-01,2.017117335e-02,1.140617373e-01,1.114891726e+02,false,0,1.005236130e+03,/mnt/pd/tema1/new/results/ml_samples/N4_sw0.15_x+2_i0061.h5
4,50,1.500000000e-01,1.000000000e+00,2,1.260584802e+00,4.172178443e-01,935694947,main,rise,7.141000000e+00,1.416625214e-01,9.311239935e-03,1.121096378e-01,1.186297283e+02,false,0,9.725971298e+02,/mnt/pd/tema1/new/results/ml_samples/N4_sw0.15_x+2_i0065.h5
4,50,1.500000000e-01,1.000000000e+00,2,1.260584802e+00,4.172178443e-01,968553037,main,rise,1.002100000e+01,1.484107069e-01,1.334644972e-02,1.057024769e-01,1.186297283e+02,false,0,1.339720337e+03,/mnt/pd/tema1/new/results/ml_samples/N4_sw0.15_x+2_i0049.h5
4,50,1.500000000e-01,1.000000000e+00,2,1.260584802e+00,4.172178443e-01,1521894318,main,rise,1.642100000e+01,1.373181473e-01,8.134434723e-03,1.109665763e-01,1.186297283e+02,false,0,2.196713581e+03,/mnt/pd/tema1/new/results/ml_samples/N4_sw0.15_x+2_i0023.h5
4,50,1.500000000e-01,1.000000000e+00,2,1.260584802e+00,4.172178443e-01,2142429755,main,rise,8.331000000e+00,1.404798532e-01,1.095161272e-02,1.157797452e-01,1.186297283e+02,false,0,1.136138687e+03,/mnt/pd/tema1/new/results/ml_samples/N4_sw0.15_x+2_i0057.h5
4,50,1.500000000e-01,1.000000000e+00,1,1.130292401e+00,3.740947521e-01,1128283879,main,rise,3.239100000e+01,1.392772956e-01,1.393732801e-02,1.092840217e-01,8.549390606e+01,false,0,4.241596582e+03,/mnt/pd/tema1/new/results/ml_samples/N4_sw0.15_x+1_i0171.h5
4,50,1.500000000e-01,1.000000000e+00,2,1.260584802e+00,4.172178443e-01,447489671,main,rise,7.971000000e+00,1.435902882e-01,1.114324695e-02,1.089468609e-01,1.186297283e+02,false,0,1.092679674e+03,/mnt/pd/tema1/new/results/ml_samples/N4_sw0.15_x+2_i0067.h5
4,50,1.500000000e-01,1.000000000e+00,2,1.260584802e+00,4.172178443e-01,1237886415,main,rise,6.961000000e+00,1.389317620e-01,9.249965930e-03,1.156938571e-01,1.186297283e+02,false,0,9.555036919e+02,/mnt/pd/tema1/new/results/ml_samples/N4_sw0.15_x+2_i0075.h5
4,50,1.500000000e-01,1.000000000e+00,2,1.260584802e+00,4.172178443e-01,1938603859,main,rise,2.169100000e+01,1.402553175e-01,7.401392350e-03,1.106976060e-01,1.186297283e+02,false,0,2.835658302e+03,/mnt/pd/tema1/new/results/ml_samples/N4_sw0.15_x+2_i0009.h5
4,50,1.500000000e-01,1.000000000e+00,2,1.260584802e+00,4.172178443e-01,887236190,main,rise,1.600100000e+01,1.444029855e-01,1.034054528e-02,1.049498447e-01,9.948965280e+01,false,0,2.100715902e+03,/mnt/pd/tema1/new/results/ml_samples/N4_sw0.15_x+2_i0035.h5
4,50,1.500000000e-01,1.000000000e+00,2,1.260584802e+00,4.172178443e-01,443448734,main,rise,1.341100000e+01,1.406856922e-01,1.001754371e-02,1.098522099e-01,1.186297283e+02,false,0,1.806620037e+03,/mnt/pd/tema1/new/results/ml_samples/N4_sw0.15_x+2_i0045.h5
4,50,1.500000000e-01,1.000000000e+00,2,1.260584802e+00,4.172178443e-01,1618300619,main,rise,1.171100000e+01,1.443808844e-01,9.887358579e-03,1.073119115e-01,1.186297283e+02,false,0,1.572970293e+03,/mnt/pd/tema1/new/results/ml_samples/N4_sw0.15_x+2_i0053.h5
4,50,1.500000000e-01,1.000000000e+00,2,1.260584802e+00,4.172178443e-01,354808145,main,rise,9.001000000e+00,1.435362785e-01,8.877765852e-03,1.054293367e-01,1.186297283e+02,false,0,1.221421851e+03,/mnt/pd/tema1/new/results/ml_samples/N4_sw0.15_x+2_i0069.h5
4,50,1.500000000e-01,1.000000000e+00,2,1.260584802e+00,4.172178443e-01,708606537,main,rise,1.193100000e+01,1.436975093e-01,1.529382750e-02,1.121683648e-01,1.072590696e+02,false,0,1.591189882e+03,/mnt/pd/tema1/new/results/ml_samples/N4_sw0.15_x+2_i0055.h5
4,50,1.500000000e-01,1.000000000e+00,2,1.260584802e+00,4.172178443e-01,721831595,main,rise,7.881000000e+00,1.460212571e-01,9.331741549e-03,1.052944108e-01,1.186297283e+02,false,0,1.050797218e+03,/mnt/pd/tema1/new/results/ml_samples/N4_sw0.15_x+2_i0079.h5
4,50,1.500000000e-01,1.000000000e+00,2,1.260584802e+00,4.172178443e-01,1463737328,main,rise,2.192100000e+01,1.436235872e-01,1.400031926e-02,1.115633812e-01,1.186297283e+02,false,0,2.911015584e+03,/mnt/pd/tema1/new/results/ml_samples/N4_sw0.15_x+2_i0015.h5
4,50,1.500000000e-01,1.000000000e+00,2,1.260584802e+00,4.172178443e-01,11226171,main,rise,1.156100000e+01,1.421148956e-01,9.636514776e-03,1.073023927e-01,1.186297283e+02,false,0,1.559400703e+03,/mnt/pd/tema1/new/results/ml_samples/N4_sw0.15_x+2_i0063.h5
4,50,1.500000000e-01,1.000000000e+00,1,1.130292401e+00,3.740947521e-01,2062380576,main,timeout,6.000100000e+01,1.382453468e-01,1.264900952e-02,1.077914479e-01,5.357525575e+01,false,0,7.854829809e+03,/mnt/pd/tema1/new/results/ml_samples/N4_sw0.15_x+1_i0081.h5
4,50,1.500000000e-01,1.000000000e+00,2,1.260584802e+00,4.172178443e-01,1351997836,main,rise,1.664100000e+01,1.421476942e-01,8.470171636e-03,1.107005034e-01,1.186297283e+02,false,0,2.221419096e+03,/mnt/pd/tema1/new/results/ml_samples/N4_sw0.15_x+2_i0039.h5
4,50,1.500000000e-01,1.000000000e+00,2,1.260584802e+00,4.172178443e-01,1207413764,main,rise,1.861100000e+01,1.498594979e-01,1.835719005e-02,1.072969198e-01,1.186297283e+02,false,0,2.472449194e+03,/mnt/pd/tema1/new/results/ml_samples/N4_sw0.15_x+2_i0033.h5
4,50,1.500000000e-01,1.000000000e+00,4,1.521169604e+00,5.034640287e-01,1652836719,main,rise,4.181000000e+00,1.556660003e-01,9.724250601e-03,1.085449061e-01,2.156331656e+02,false,0,6.103141265e+02,/mnt/pd/tema1/new/results/ml_samples/N4_sw0.15_x+4_i0001.h5
4,50,1.500000000e-01,1.000000000e+00,4,1.521169604e+00,5.034640287e-01,1832308,main,rise,3.131000000e+00,1.565158775e-01,1.040408932e-02,1.088703713e-01,2.156331656e+02,false,0,4.709961890e+02,/mnt/pd/tema1/new/results/ml_samples/N4_sw0.15_x+4_i0005.h5
4,50,1.500000000e-01,1.000000000e+00,2,1.260584802e+00,4.172178443e-01,1276429150,main,rise,5.331000000e+00,1.442037507e-01,1.148626990e-02,1.075388671e-01,1.186297283e+02,false,0,7.484178669e+02,/mnt/pd/tema1/new/results/ml_samples/N4_sw0.15_x+2_i0095.h5
4,50,1.500000000e-01,1.000000000e+00,2,1.260584802e+00,4.172178443e-01,1454065087,main,rise,1.140100000e+01,1.455528355e-01,1.372170777e-02,1.119225377e-01,1.186297283e+02,false,0,1.463068961e+03,/mnt/pd/tema1/new/results/ml_samples/N4_sw0.15_x+2_i0077.h5
4,50,1.500000000e-01,1.000000000e+00,2,1.260584802e+00,4.172178443e-01,1303579840,main,rise,5.931000000e+00,1.448610136e-01,1.843607757e-02,1.125008673e-01,1.186297283e+02,false,0,8.297501029e+02,/mnt/pd/tema1/new/results/ml_samples/N4_sw0.15_x+2_i0097.h5
4,50,1.500000000e-01,1.000000000e+00,4,1.521169604e+00,5.034640287e-01,1929291579,main,rise,4.531000000e+00,1.588188571e-01,1.228317822e-02,1.099263936e-01,2.156331656e+02,false,0,6.532301787e+02,/mnt/pd/tema1/new/results/ml_samples/N4_sw0.15_x+4_i0007.h5
4,50,1.500000000e-01,1.000000000e+00,2,1.260584802e+00,4.172178443e-01,305261208,main,rise,6.371000000e+00,1.458702604e-01,2.140626654e-02,1.114441166e-01,1.186297283e+02,false,0,8.793941429e+02,/mnt/pd/tema1/new/results/ml_samples/N4_sw0.15_x+2_i0099.h5
4,50,1.500000000e-01,1.000000000e+00,4,1.521169604e+00,5.034640287e-01,1843059833,main,rise,5.381000000e+00,1.558726056e-01,1.065188911e-02,1.081950360e-01,2.156331656e+02,false,0,7.607149150e+02,/mnt/pd/tema1/new/results/ml_samples/N4_sw0.15_x+4_i0009.h5
4,50,1.500000000e-01,1.000000000e+00,4,1.521169604e+00,5.034640287e-01,780704139,main,rise,4.461000000e+00,1.629007689e-01,1.948216391e-02,1.068848086e-01,2.156331656e+02,false,0,6.427433180e+02,/mnt/pd/tema1/new/results/ml_samples/N4_sw0.15_x+4_i0013.h5
4,50,1.500000000e-01,1.000000000e+00,2,1.260584802e+00,4.172178443e-01,1755887558,main,rise,8.311000000e+00,1.467930709e-01,1.157189265e-02,1.078535905e-01,1.186297283e+02,false,0,1.124302317e+03,/mnt/pd/tema1/new/results/ml_samples/N4_sw0.15_x+2_i0091.h5
4,50,1.500000000e-01,1.000000000e+00,4,1.521169604e+00,5.034640287e-01,2035162712,main,rise,4.901000000e+00,1.629257019e-01,1.674983175e-02,1.040735375e-01,2.156331656e+02,false,0,7.041246346e+02,/mnt/pd/tema1/new/results/ml_samples/N4_sw0.15_x+4_i0011.h5
4,50,1.500000000e-01,1.000000000e+00,4,1.521169604e+00,5.034640287e-01,865578366,main,rise,4.141000000e+00,1.483020350e-01,1.298395772e-02,1.204320700e-01,2.156331656e+02,false,0,6.055833645e+02,/mnt/pd/tema1/new/results/ml_samples/N4_sw0.15_x+4_i0021.h5
4,50,1.500000000e-01,1.000000000e+00,4,1.521169604e+00,5.034640287e-01,290146092,main,rise,3.901000000e+00,1.632238081e-01,2.033444877e-02,1.084835358e-01,2.156331656e+02,false,0,5.822979705e+02,/mnt/pd/tema1/new/results/ml_samples/N4_sw0.15_x+4_i0025.h5
4,50,1.500000000e-01,1.000000000e+00,4,1.521169604e+00,5.034640287e-01,1328244302,main,rise,4.481000000e+00,1.567328927e-01,9.888327872e-03,1.109091905e-01,2.156331656e+02,false,0,6.509094598e+02,/mnt/pd/tema1/new/results/ml_samples/N4_sw0.15_x+4_i0019.h5
4,50,1.500000000e-01,1.000000000e+00,4,1.521169604e+00,5.034640287e-01,1239570594,main,rise,4.261000000e+00,1.494770912e-01,8.183517066e-03,1.149109699e-01,2.156331656e+02,false,0,6.180686913e+02,/mnt/pd/tema1/new/results/ml_samples/N4_sw0.15_x+4_i0023.h5
4,50,1.500000000e-01,1.000000000e+00,4,1.521169604e+00,5.034640287e-01,652766365,main,rise,5.231000000e+00,1.537719180e-01,1.216598299e-02,1.106058214e-01,2.156331656e+02,false,0,7.403218002e+02,/mnt/pd/tema1/new/results/ml_samples/N4_sw0.15_x+4_i0015.h5
4,50,1.500000000e-01,1.000000000e+00,4,1.521169604e+00,5.034640287e-01,1915599927,main,rise,3.481000000e+00,1.555309508e-01,9.622169018e-03,1.093906742e-01,2.156331656e+02,false,0,5.161066006e+02,/mnt/pd/tema1/new/results/ml_samples/N4_sw0.15_x+4_i0031.h5
4,50,1.500000000e-01,1.000000000e+00,2,1.260584802e+00,4.172178443e-01,721409213,main,rise,8.761000000e+00,1.473281646e-01,1.555114422e-02,1.084218313e-01,1.186297283e+02,false,0,1.198766059e+03,/mnt/pd/tema1/new/results/ml_samples/N4_sw0.15_x+2_i0093.h5
4,50,1.500000000e-01,1.000000000e+00,4,1.521169604e+00,5.034640287e-01,544098171,main,rise,3.541000000e+00,1.536346102e-01,1.238060701e-02,1.168335664e-01,2.156331656e+02,false,0,5.246678246e+02,/mnt/pd/tema1/new/results/ml_samples/N4_sw0.15_x+4_i0037.h5
4,50,1.500000000e-01,1.000000000e+00,2,1.260584802e+00,4.172178443e-01,2062137557,main,rise,1.166100000e+01,1.404414005e-01,1.055223339e-02,1.156400836e-01,1.125131828e+02,false,0,1.580915492e+03,/mnt/pd/tema1/new/results/ml_samples/N4_sw0.15_x+2_i0085.h5
4,50,1.500000000e-01,1.000000000e+00,4,1.521169604e+00,5.034640287e-01,974331801,main,rise,8.611000000e+00,1.495375481e-01,8.134808137e-03,1.115454307e-01,2.156331656e+02,false,0,1.189390995e+03,/mnt/pd/tema1/new/results/ml_samples/N4_sw0.15_x+4_i0003.h5
4,50,1.500000000e-01,1.000000000e+00,4,1.521169604e+00,5.034640287e-01,80876075,main,rise,4.221000000e+00,1.536050667e-01,8.443066545e-03,1.129513211e-01,2.156331656e+02,false,0,6.089935503e+02,/mnt/pd/tema1/new/results/ml_samples/N4_sw0.15_x+4_i0033.h5
4,50,1.500000000e-01,1.000000000e+00,4,1.521169604e+00,5.034640287e-01,246062016,main,rise,2.961000000e+00,1.560834619e-01,1.342363815e-02,1.120927239e-01,2.156331656e+02,false,0,4.502226214e+02,/mnt/pd/tema1/new/results/ml_samples/N4_sw0.15_x+4_i0043.h5
4,50,1.500000000e-01,1.000000000e+00,2,1.260584802e+00,4.172178443e-01,301099220,main,rise,1.207100000e+01,1.416059903e-01,7.979515224e-03,1.089607387e-01,1.186297283e+02,false,0,1.623321468e+03,/mnt/pd/tema1/new/results/ml_samples/N4_sw0.15_x+2_i0087.h5
4,50,1.500000000e-01,1.000000000e+00,2,1.260584802e+00,4.172178443e-01,1896518661,main,rise,1.608100000e+01,1.430974970e-01,7.689371997e-03,1.057041896e-01,1.186297283e+02,false,0,2.145997218e+03,/mnt/pd/tema1/new/results/ml_samples/N4_sw0.15_x+2_i0071.h5
4,50,1.500000000e-01,1.000000000e+00,4,1.521169604e+00,5.034640287e-01,1529829825,main,rise,4.601000000e+00,1.525058978e-01,1.153371042e-02,1.108026760e-01,2.156331656e+02,false,0,6.643329522e+02,/mnt/pd/tema1/new/results/ml_samples/N4_sw0.15_x+4_i0039.h5
4,50,1.500000000e-01,1.000000000e+00,4,1.521169604e+00,5.034640287e-01,1146620235,main,rise,6.431000000e+00,1.530323319e-01,9.262951835e-03,1.117251204e-01,2.156331656e+02,false,0,9.048229295e+02,/mnt/pd/tema1/new/results/ml_samples/N4_sw0.15_x+4_i0029.h5
4,50,1.500000000e-01,1.000000000e+00,4,1.521169604e+00,5.034640287e-01,1382175967,main,rise,3.351000000e+00,1.648535041e-01,1.668085780e-02,1.062139145e-01,2.156331656e+02,false,0,4.988841005e+02,/mnt/pd/tema1/new/results/ml_samples/N4_sw0.15_x+4_i0055.h5
4,50,1.500000000e-01,1.000000000e+00,4,1.521169604e+00,5.034640287e-01,859799936,main,rise,4.821000000e+00,1.491789068e-01,1.029834492e-02,1.161363636e-01,2.156331656e+02,false,0,6.891515018e+02,/mnt/pd/tema1/new/results/ml_samples/N4_sw0.15_x+4_i0045.h5
4,50,1.500000000e-01,1.000000000e+00,4,1.521169604e+00,5.034640287e-01,1261171729,main,rise,3.841000000e+00,1.575415408e-01,1.103751211e-02,1.138356341e-01,2.156331656e+02,false,0,5.643031853e+02,/mnt/pd/tema1/new/results/ml_samples/N4_sw0.15_x+4_i0053.h5
4,50,1.500000000e-01,1.000000000e+00,4,1.521169604e+00,5.034640287e-01,448611096,main,rise,4.361000000e+00,1.559947599e-01,1.969808365e-02,1.115678409e-01,2.156331656e+02,false,0,6.336600337e+02,/mnt/pd/tema1/new/results/ml_samples/N4_sw0.15_x+4_i0049.h5
4,50,1.500000000e-01,1.000000000e+00,4,1.521169604e+00,5.034640287e-01,1501404080,main,rise,3.591000000e+00,1.576730016e-01,1.103256426e-02,1.085369645e-01,2.156331656e+02,false,0,5.312329890e+02,/mnt/pd/tema1/new/results/ml_samples/N4_sw0.15_x+4_i0063.h5
4,50,1.500000000e-01,1.000000000e+00,4,1.521169604e+00,5.034640287e-01,568869574,main,rise,2.621000000e+00,1.597120953e-01,1.783301651e-02,1.124536566e-01,2.156331656e+02,false,0,4.036739403e+02,/mnt/pd/tema1/new/results/ml_samples/N4_sw0.15_x+4_i0077.h5
4,50,1.500000000e-01,1.000000000e+00,4,1.521169604e+00,5.034640287e-01,839386450,main,rise,7.961000000e+00,1.611507778e-01,1.663367271e-02,1.101246232e-01,2.156331656e+02,false,0,1.105507679e+03,/mnt/pd/tema1/new/results/ml_samples/N4_sw0.15_x+4_i0027.h5
4,50,1.500000000e-01,1.000000000e+00,4,1.521169604e+00,5.034640287e-01,1451306070,main,rise,6.121000000e+00,1.571661779e-01,1.079345270e-02,1.082634011e-01,2.156331656e+02,false,0,8.660291156e+02,/mnt/pd/tema1/new/results/ml_samples/N4_sw0.15_x+4_i0041.h5
4,50,1.500000000e-01,1.000000000e+00,4,1.521169604e+00,5.034640287e-01,828558594,main,rise,7.561000000e+00,1.635745659e-01,1.180425609e-02,9.999365968e-02,2.156331656e+02,false,0,1.050049918e+03,/mnt/pd/tema1/new/results/ml_samples/N4_sw0.15_x+4_i0035.h5
4,50,1.500000000e-01,1.000000000e+00,4,1.521169604e+00,5.034640287e-01,1426348471,main,rise,4.421000000e+00,1.566241579e-01,9.004527745e-03,1.061654211e-01,2.156331656e+02,false,0,6.408639800e+02,/mnt/pd/tema1/new/results/ml_samples/N4_sw0.15_x+4_i0057.h5
4,50,1.500000000e-01,1.000000000e+00,4,1.521169604e+00,5.034640287e-01,1098438534,main,rise,3.911000000e+00,1.566917737e-01,1.381082322e-02,1.100392732e-01,2.156331656e+02,false,0,5.775555582e+02,/mnt/pd/tema1/new/results/ml_samples/N4_sw0.15_x+4_i0071.h5
4,50,1.500000000e-01,1.000000000e+00,4,1.521169604e+00,5.034640287e-01,2004724119,main,rise,4.781000000e+00,1.555404035e-01,1.128905779e-02,1.118187797e-01,2.156331656e+02,false,0,6.869809385e+02,/mnt/pd/tema1/new/results/ml_samples/N4_sw0.15_x+4_i0061.h5
4,50,1.500000000e-01,1.000000000e+00,4,1.521169604e+00,5.034640287e-01,1355376356,main,rise,1.009100000e+01,1.530364310e-01,9.849807003e-03,1.096272843e-01,2.156331656e+02,false,0,1.376788775e+03,/mnt/pd/tema1/new/results/ml_samples/N4_sw0.15_x+4_i0017.h5
4,50,1.500000000e-01,1.000000000e+00,4,1.521169604e+00,5.034640287e-01,1259320855,main,rise,4.951000000e+00,1.517005836e-01,1.473527546e-02,1.158002912e-01,2.156331656e+02,false,0,7.061112547e+02,/mnt/pd/tema1/new/results/ml_samples/N4_sw0.15_x+4_i0067.h5
4,50,1.500000000e-01,1.000000000e+00,4,1.521169604e+00,5.034640287e-01,975768530,main,rise,4.901000000e+00,1.634349870e-01,1.235402411e-02,1.061053366e-01,2.156331656e+02,false,0,7.023245139e+02,/mnt/pd/tema1/new/results/ml_samples/N4_sw0.15_x+4_i0069.h5
4,50,1.500000000e-01,1.000000000e+00,4,1.521169604e+00,5.034640287e-01,388022362,main,rise,4.651000000e+00,1.595599704e-01,1.483396175e-02,1.096529086e-01,2.156331656e+02,false,0,6.696710605e+02,/mnt/pd/tema1/new/results/ml_samples/N4_sw0.15_x+4_i0073.h5
4,50,1.500000000e-01,1.000000000e+00,2,1.260584802e+00,4.172178443e-01,1710874191,main,rise,2.046100000e+01,1.381458977e-01,8.223165386e-03,1.112111748e-01,1.186297283e+02,false,0,2.718993096e+03,/mnt/pd/tema1/new/results/ml_samples/N4_sw0.15_x+2_i0073.h5
4,50,1.500000000e-01,1.000000000e+00,4,1.521169604e+00,5.034640287e-01,1264557384,main,rise,7.921000000e+00,1.543866139e-01,1.206221326e-02,1.041648255e-01,2.156331656e+02,false,0,1.097305594e+03,/mnt/pd/tema1/new/results/ml_samples/N4_sw0.15_x+4_i0047.h5
4,50,3.000000000e-01,1.000000000e+00,-4,-4.233920735e-02,-1.401307774e-02,1507910580,main,fall,8.210000000e-01,8.500025251e-02,4.632315011e-02,2.712005968e-01,2.158613731e-01,false,0,2.856196133e+02,/mnt/pd/tema1/new/results/ml_samples/N4_sw0.30_x-4_i0005.h5
4,50,1.500000000e-01,1.000000000e+00,4,1.521169604e+00,5.034640287e-01,162805154,main,rise,4.321000000e+00,1.528305679e-01,9.045115549e-03,1.153961585e-01,2.156331656e+02,false,0,6.234823074e+02,/mnt/pd/tema1/new/results/ml_samples/N4_sw0.15_x+4_i0083.h5
4,50,1.500000000e-01,1.000000000e+00,4,1.521169604e+00,5.034640287e-01,429043290,main,rise,6.511000000e+00,1.542318562e-01,7.997838068e-03,1.086966584e-01,2.156331656e+02,false,0,9.100358919e+02,/mnt/pd/tema1/new/results/ml_samples/N4_sw0.15_x+4_i0065.h5
4,50,1.500000000e-01,1.000000000e+00,4,1.521169604e+00,5.034640287e-01,2105848522,main,rise,7.371000000e+00,1.556854790e-01,9.787519924e-03,1.065127401e-01,2.156331656e+02,false,0,1.025610152e+03,/mnt/pd/tema1/new/results/ml_samples/N4_sw0.15_x+4_i0051.h5
4,50,1.500000000e-01,1.000000000e+00,4,1.521169604e+00,5.034640287e-01,367544669,main,rise,6.941000000e+00,1.552158158e-01,9.570414915e-03,1.075217218e-01,2.156331656e+02,false,0,9.657375319e+02,/mnt/pd/tema1/new/results/ml_samples/N4_sw0.15_x+4_i0059.h5
4,50,3.000000000e-01,1.000000000e+00,-4,-4.233920735e-02,-1.401307774e-02,37546333,main,fall,9.910000000e-01,1.506571129e-01,5.352262485e-02,3.297666117e-01,8.078204544e-01,false,0,2.956308849e+02,/mnt/pd/tema1/new/results/ml_samples/N4_sw0.30_x-4_i0013.h5
4,50,3.000000000e-01,1.000000000e+00,-4,-4.233920735e-02,-1.401307774e-02,1222764924,main,fall,1.131000000e+00,2.375186630e-01,8.509307313e-02,3.815676295e-01,9.779638079e-01,false,0,3.388400178e+02,/mnt/pd/tema1/new/results/ml_samples/N4_sw0.30_x-4_i0009.h5
4,50,1.500000000e-01,1.000000000e+00,4,1.521169604e+00,5.034640287e-01,1333100059,main,rise,3.181000000e+00,1.553326474e-01,1.100828839e-02,1.134373177e-01,2.156331656e+02,false,0,4.772332981e+02,/mnt/pd/tema1/new/results/ml_samples/N4_sw0.15_x+4_i0095.h5
4,50,3.000000000e-01,1.000000000e+00,-4,-4.233920735e-02,-1.401307774e-02,293465770,main,fall,8.610000000e-01,2.074847768e-01,6.357269091e-02,4.113761502e-01,5.231263685e+00,false,0,2.635601655e+02,/mnt/pd/tema1/new/results/ml_samples/N4_sw0.30_x-4_i0017.h5
4,50,1.500000000e-01,1.000000000e+00,2,1.260584802e+00,4.172178443e-01,586185142,main,rise,1.846100000e+01,1.437370473e-01,1.350294185e-02,1.060932111e-01,1.186297283e+02,false,0,2.449609984e+03,/mnt/pd/tema1/new/results/ml_samples/N4_sw0.15_x+2_i0089.h5
4,50,1.500000000e-01,1.000000000e+00,4,1.521169604e+00,5.034640287e-01,152615586,main,rise,4.061000000e+00,1.692935326e-01,1.813993743e-02,1.013133414e-01,2.156331656e+02,false,0,5.922990423e+02,/mnt/pd/tema1/new/results/ml_samples/N4_sw0.15_x+4_i0093.h5
4,50,1.500000000e-01,1.000000000e+00,4,1.521169604e+00,5.034640287e-01,1553260679,main,rise,4.501000000e+00,1.622305267e-01,1.069476565e-02,1.027906308e-01,2.156331656e+02,false,0,6.500254473e+02,/mnt/pd/tema1/new/results/ml_samples/N4_sw0.15_x+4_i0089.h5
4,50,1.500000000e-01,1.000000000e+00,4,1.521169604e+00,5.034640287e-01,1607583704,main,rise,4.941000000e+00,1.601619455e-01,1.580338612e-02,1.083912703e-01,2.156331656e+02,false,0,7.147813867e+02,/mnt/pd/tema1/new/results/ml_samples/N4_sw0.15_x+4_i0087.h5
