N,N_t,sigma_w,ell,x,Fbar_l,q_nC,seed,split,outcome,exit_time,R_over_L_mean,R_over_L_std,theta_L_mean,dmin_min_um,entangled,newton_failures,wall_time_s,hdf5_path
3,50,3.000000000e-01,1.000000000e+00,-1,8.032377505e-01,3.544652421e-01,164483880,gen_N,fall,1.501000000e+00,1.134824059e-01,2.324197006e-02,1.363659566e-01,4.510783588e+01,false,0,1.856057670e+02,/mnt/pd/tema1/new/results/ml_samples/N3_sw0.30_x-1_i0044.h5
3,50,3.000000000e-01,1.000000000e+00,-1,8.032377505e-01,3.544652421e-01,2110481286,gen_N,fall,1.541000000e+00,1.516792233e-01,4.628738119e-02,1.198587601e-01,7.872005656e+01,false,0,2.042212607e+02,/mnt/pd/tema1/new/results/ml_samples/N3_sw0.30_x-1_i0000.h5
3,50,3.000000000e-01,1.000000000e+00,-1,8.032377505e-01,3.544652421e-01,1167723674,gen_N,fall,1.981000000e+00,1.526797962e-01,5.429907592e-02,1.139900429e-01,7.872005656e+01,false,0,2.360328554e+02,/mnt/pd/tema1/new/results/ml_samples/N3_sw0.30_x-1_i0026.h5
3,50,3.000000000e-01,1.000000000e+00,-1,8.032377505e-01,3.544652421e-01,814349909,gen_N,fall,2.271000000e+00,1.254909162e-01,2.300843005e-02,1.172885640e-01,7.339435951e+00,false,0,2.711558915e+02,/mnt/pd/tema1/new/results/ml_samples/N3_sw0.30_x-1_i0046.h5
3,50,3.000000000e-01,1.000000000e+00,-1,8.032377505e-01,3.544652421e-01,903938128,gen_N,fall,2.291000000e+00,1.129641049e-01,1.360562961e-02,1.180416313e-01,7.872005656e+01,false,0,2.735181964e+02,/mnt/pd/tema1/new/results/ml_samples/N3_sw0.30_x-1_i0010.h5
3,50,3.000000000e-01,1.000000000e+00,-1,8.032377505e-01,3.544652421e-01,1602722980,gen_N,fall,2.541000000e+00,1.069671344e-01,1.408639604e-02,1.310422372e-01,7.872005656e+01,false,0,3.039850658e+02,/mnt/pd/tema1/new/results/ml_samples/N3_sw0.30_x-1_i0018.h5
3,50,3.000000000e-01,1.000000000e+00,-1,8.032377505e-01,3.544652421e-01,1913712844,gen_N,fall,2.391000000e+00,1.339796657e-01,5.331101099e-02,1.233961306e-01,6.370020824e+01,false,0,3.139345973e+02,/mnt/pd/tema1/new/results/ml_samples/N3_sw0.30_x-1_i0030.h5
3,50,3.000000000e-01,1.000000000e+00,-1,8.032377505e-01,3.544652421e-01,1595349745,gen_N,fall,3.291000000e+00,1.167155006e-01,2.540356195e-02,1.249566302e-01,1.628637713e+01,false,0,3.710940318e+02,/mnt/pd/tema1/new/results/ml_samples/N3_sw0.30_x-1_i0024.h5
3,50,3.000000000e-01,1.000000000e+00,-1,8.032377505e-01,3.544652421e-01,1547580883,gen_N,fall,3.521000000e+00,1.174172441e-01,1.866914040e-02,1.194292071e-01,5.094889344e+01,false,0,3.882112947e+02,/mnt/pd/tema1/new/results/ml_samples/N3_sw0.30_x-1_i0022.h5
3,50,3.000000000e-01,1.000000000e+00,0,1.000000000e+00,4.412955466e-01,521600082,gen_N,fall,3.291000000e+00,1.387666029e-01,4.008948648e-02,1.075368932e-01,1.451245703e+02,false,0,3.957745681e+02,/mnt/pd/tema1/new/results/ml_samples/N3_sw0.30_x+0_i0000.h5
3,50,3.000000000e-01,1.000000000e+00,-1,8.032377505e-01,3.544652421e-01,786029481,gen_N,fall,4.241000000e+00,1.453102468e-01,2.892125233e-02,1.065500614e-01,7.872005656e+01,false,0,4.680565661e+02,/mnt/pd/tema1/new/results/ml_samples/N3_sw0.30_x-1_i0048.h5
3,50,3.000000000e-01,1.000000000e+00,-1,8.032377505e-01,3.544652421e-01,1122729902,gen_N,fall,4.051000000e+00,1.319749813e-01,3.039682474e-02,1.127058179e-01,7.872005656e+01,false,0,4.815197451e+02,/mnt/pd/tema1/new/results/ml_samples/N3_sw0.30_x-1_i0020.h5
3,50,3.000000000e-01,1.000000000e+00,-1,8.032377505e-01,3.544652421e-01,1570432731,gen_N,fall,3.961000000e+00,1.355340753e-01,2.422216821e-02,1.147446096e-01,4.743699979e+01,false,0,4.903152485e+02,/mnt/pd/tema1/new/results/ml_samples/N3_sw0.30_x-1_i0004.h5
3,50,3.000000000e-01,1.000000000e+00,-1,8.032377505e-01,3.544652421e-01,683585128,gen_N,fall,4.531000000e+00,1.331216063e-01,5.454431903e-02,1.255418193e-01,7.872005656e+01,false,0,4.898022081e+02,/mnt/pd/tema1/new/results/ml_samples/N3_sw0.30_x-1_i0012.h5
3,50,3.000000000e-01,1.000000000e+00,-1,8.032377505e-01,3.544652421e-01,146511112,gen_N,fall,4.481000000e+00,1.936278989e-01,4.541642678e-02,1.099878508e-01,4.519180676e+01,false,0,4.909722622e+02,/mnt/pd/tema1/new/results/ml_samples/N3_sw0.30_x-1_i0008.h5
3,50,3.000000000e-01,1.000000000e+00,-1,8.032377505e-01,3.544652421e-01,372834261,gen_N,fall,4.321000000e+00,1.364898205e-01,3.318199964e-02,1.110685763e-01,5.041476590e+01,false,0,4.916583229e+02,/mnt/pd/tema1/new/results/ml_samples/N3_sw0.30_x-1_i0034.h5
3,50,3.000000000e-01,1.000000000e+00,-1,8.032377505e-01,3.544652421e-01,1118145479,gen_N,fall,4.551000000e+00,1.450590856e-01,4.062155189e-02,1.058854693e-01,7.872005656e+01,false,0,5.024620428e+02,/mnt/pd/tema1/new/results/ml_samples/N3_sw0.30_x-1_i0006.h5
3,50,3.000000000e-01,1.000000000e+00,0,1.000000000e+00,4.412955466e-01,891661602,gen_N,rise,4.841000000e+00,1.360389460e-01,2.019830956e-02,1.077626341e-01,1.451245703e+02,false,0,5.636105772e+02,/mnt/pd/tema1/new/results/ml_samples/N3_sw0.30_x+0_i0004.h5
3,50,3.000000000e-01,1.000000000e+00,0,1.000000000e+00,4.412955466e-01,1025869623,gen_N,fall,5.321000000e+00,1.453896652e-01,4.552426838e-02,1.075504640e-01,1.451245703e+02,false,0,5.912686707e+02,/mnt/pd/tema1/new/results/ml_samples/N3_sw0.30_x+0_i0006.h5
3,50,3.000000000e-01,1.000000000e+00,-1,8.032377505e-01,3.544652421e-01,1723889951,gen_N,fall,4.791000000e+00,1.603090544e-01,4.664035572e-02,1.177161890e-01,7.872005656e+01,false,0,6.047451999e+02,/mnt/pd/tema1/new/results/ml_samples/N3_sw0.30_x-1_i0040.h5
3,50,3.000000000e-01,1.000000000e+00,-1,8.032377505e-01,3.544652421e-01,1505115727,gen_N,fall,5.471000000e+00,1.537275093e-01,4.392781807e-02,1.169238813e-01,4.497678604e+01,false,0,6.101294167e+02,/mnt/pd/tema1/new/results/ml_samples/N3_sw0.30_x-1_i0016.h5
3,50,3.000000000e-01,1.000000000e+00,0,1.000000000e+00,4.412955466e-01,1105754027,gen_N,fall,2.281000000e+00,1.274295499e-01,3.115581519e-02,1.158259116e-01,1.122921852e+02,false,0,2.618192203e+02,/mnt/pd/tema1/new/results/ml_samples/N3_sw0.30_x+0_i0024.h5
3,50,3.000000000e-01,1.000000000e+00,0,1.000000000e+00,4.412955466e-01,2085649685,gen_N,fall,2.701000000e+00,1.491896752e-01,4.707881864e-02,1.182144558e-01,1.425964171e+02,false,0,3.311582532e+02,/mnt/pd/tema1/new/results/ml_samples/N3_sw0.30_x+0_i0020.h5
3,50,3.000000000e-01,1.000000000e+00,0,1.000000000e+00,4.412955466e-01,1283839426,gen_N,fall,1.151000000e+00,1.219201168e-01,2.509134868e-02,1.278329806e-01,1.240341853e+02,false,0,1.544750669e+02,/mnt/pd/tema1/new/results/ml_samples/N3_sw0.30_x+0_i0032.h5
3,50,3.000000000e-01,1.000000000e+00,0,1.000000000e+00,4.412955466e-01,176558114,gen_N,fall,1.711000000e+00,1.481959766e-01,5.721233809e-02,1.257010951e-01,1.451245703e+02,false,0,2.058632404e+02,/mnt/pd/tema1/new/results/ml_samples/N3_sw0.30_x+0_i0038.h5
3,50,3.000000000e-01,1.000000000e+00,-1,8.032377505e-01,3.544652421e-01,179854173,gen_N,fall,5.961000000e+00,1.626750581e-01,5.759197023e-02,1.197553287e-01,7.872005656e+01,false,0,6.994712917e+02,/mnt/pd/tema1/new/results/ml_samples/N3_sw0.30_x-1_i0042.h5
3,50,3.000000000e-01,1.000000000e+00,0,1.000000000e+00,4.412955466e-01,1670498874,gen_N,fall,3.861000000e+00,1.814833766e-01,5.071921656e-02,1.075555866e-01,1.333606673e+02,false,0,4.399056194e+02,/mnt/pd/tema1/new/results/ml_samples/N3_sw0.30_x+0_i0018.h5
3,50,3.000000000e-01,1.000000000e+00,0,1.000000000e+00,4.412955466e-01,1379886270,gen_N,fall,1.791000000e+00,1.186486418e-01,1.626707891e-02,1.241949328e-01,2.318680757e+01,false,0,2.146906183e+02,/mnt/pd/tema1/new/results/ml_samples/N3_sw0.30_x+0_i0042.h5
3,50,3.000000000e-01,1.000000000e+00,-1,8.032377505e-01,3.544652421e-01,945209818,gen_N,fall,6.961000000e+00,1.367570403e-01,2.701046922e-02,1.125536790e-01,7.872005656e+01,false,0,7.314471178e+02,/mnt/pd/tema1/new/results/ml_samples/N3_sw0.30_x-1_i0028.h5
3,50,3.000000000e-01,1.000000000e+00,-1,8.032377505e-01,3.544652421e-01,222549576,gen_N,fall,7.131000000e+00,1.430388394e-01,4.616243603e-02,1.035169416e-01,7.872005656e+01,false,0,7.549726982e+02,/mnt/pd/tema1/new/results/ml_samples/N3_sw0.30_x-1_i0038.h5
3,50,3.000000000e-01,1.000000000e+00,0,1.000000000e+00,4.412955466e-01,1679867808,gen_N,fall,1.231000000e+00,1.604021830e-01,3.964590145e-02,1.311482859e-01,1.451245703e+02,false,0,1.634576281e+02,/mnt/pd/tema1/new/results/ml_samples/N3_sw0.30_x+0_i0048.h5
3,50,3.000000000e-01,1.000000000e+00,-1,8.032377505e-01,3.544652421e-01,814305078,gen_N,fall,7.061000000e+00,1.660489079e-01,4.260023508e-02,1.197655476e-01,7.872005656e+01,false,0,7.772806540e+02,/mnt/pd/tema1/new/results/ml_samples/N3_sw0.30_x-1_i0032.h5
3,50,3.000000000e-01,1.000000000e+00,0,1.000000000e+00,4.412955466e-01,1752986599,gen_N,fall,5.901000000e+00,1.268169111e-01,1.792236559e-02,1.095001126e-01,1.451245703e+02,false,0,6.314696780e+02,/mnt/pd/tema1/new/results/ml_samples/N3_sw0.30_x+0_i0012.h5
3,50,3.000000000e-01,1.000000000e+00,-1,8.032377505e-01,3.544652421e-01,1905187975,gen_N,fall,8.031000000e+00,1.394170020e-01,3.455670757e-02,1.172492456e-01,7.872005656e+01,false,0,9.316444361e+02,/mnt/pd/tema1/new/results/ml_samples/N3_sw0.30_x-1_i0002.h5
3,50,3.000000000e-01,1.000000000e+00,0,1.000000000e+00,4.412955466e-01,1195612326,gen_N,fall,3.911000000e+00,1.380673097e-01,2.198169344e-02,1.031108259e-01,1.451245703e+02,false,0,4.201851555e+02,/mnt/pd/tema1/new/results/ml_samples/N3_sw0.30_x+0_i0044.h5
3,50,3.000000000e-01,1.000000000e+00,1,1.196762249e+00,5.281258510e-01,2034703873,gen_N,rise,3.161000000e+00,1.529619329e-01,3.579866279e-02,1.133134061e-01,2.515749806e+02,false,0,3.725050826e+02,/mnt/pd/tema1/new/results/ml_samples/N3_sw0.30_x+1_i0002.h5
3,50,3.000000000e-01,1.000000000e+00,0,1.000000000e+00,4.412955466e-01,1108668001,gen_N,fall,4.171000000e+00,1.200002754e-01,1.957039860e-02,1.101958271e-01,1.451245703e+02,false,0,5.209376247e+02,/mnt/pd/tema1/new/results/ml_samples/N3_sw0.30_x+0_i0040.h5
3,50,3.000000000e-01,1.000000000e+00,0,1.000000000e+00,4.412955466e-01,839035836,gen_N,fall,5.001000000e+00,1.553248401e-01,5.613358917e-02,1.141253155e-01,1.451245703e+02,false,0,5.306595960e+02,/mnt/pd/tema1/new/results/ml_samples/N3_sw0.30_x+0_i0034.h5
3,50,3.000000000e-01,1.000000000e+00,0,1.000000000e+00,4.412955466e-01,1360304296,gen_N,rise,6.341000000e+00,1.605368955e-01,5.145907603e-02,1.116392676e-01,1.451245703e+02,false,0,7.120319562e+02,/mnt/pd/tema1/new/results/ml_samples/N3_sw0.30_x+0_i0022.h5
3,50,3.000000000e-01,1.000000000e+00,0,1.000000000e+00,4.412955466e-01,171444621,gen_N,fall,3.651000000e+00,1.368160867e-01,2.879955579e-02,1.173038617e-01,1.451245703e+02,false,0,4.453005551e+02,/mnt/pd/tema1/new/results/ml_samples/N3_sw0.30_x+0_i0046.h5
3,50,3.000000000e-01,1.000000000e+00,1,1.196762249e+00,5.281258510e-01,710499220,gen_N,fall,2.721000000e+00,1.370689040e-01,1.834760234e-02,1.068008949e-01,2.515749806e+02,false,0,3.371261163e+02,/mnt/pd/tema1/new/results/ml_samples/N3_sw0.30_x+1_i0018.h5
3,50,3.000000000e-01,1.000000000e+00,1,1.196762249e+00,5.281258510e-01,227384203,gen_N,fall,4.051000000e+00,1.345490700e-01,1.380001194e-02,1.017172206e-01,2.515749806e+02,false,0,4.392256468e+02,/mnt/pd/tema1/new/results/ml_samples/N3_sw0.30_x+1_i0012.h5
3,50,3.000000000e-01,1.000000000e+00,1,1.196762249e+00,5.281258510e-01,9035789,gen_N,rise,4.671000000e+00,1.455677391e-01,3.294760947e-02,1.061983006e-01,2.515749806e+02,false,0,5.283158056e+02,/mnt/pd/tema1/new/results/ml_samples/N3_sw0.30_x+1_i0004.h5
3,50,3.000000000e-01,1.000000000e+00,-1,8.032377505e-01,3.544652421e-01,2012140357,gen_N,fall,1.098100000e+01,1.479959566e-01,5.168673961e-02,1.145580467e-01,7.872005656e+01,false,0,1.168487649e+03,/mnt/pd/tema1/new/results/ml_samples/N3_sw0.30_x-1_i0036.h5
3,50,3.000000000e-01,1.000000000e+00,1,1.196762249e+00,5.281258510e-01,2082216160,gen_N,fall,2.221000000e+00,1.344466183e-01,1.956348297e-02,1.159781823e-01,2.515749806e+02,false,0,2.558167816e+02,/mnt/pd/tema1/new/results/ml_samples/N3_sw0.30_x+1_i0034.h5
3,50,3.000000000e-01,1.000000000e+00,-1,8.032377505e-01,3.544652421e-01,1381695379,gen_N,fall,1.235100000e+01,1.242693290e-01,2.840433651e-02,1.139297706e-01,7.872005656e+01,false,0,1.301562189e+03,/mnt/pd/tema1/new/results/ml_samples/N3_sw0.30_x-1_i0014.h5
3,50,3.000000000e-01,1.000000000e+00,0,1.000000000e+00,4.412955466e-01,975921623,gen_N,rise,7.201000000e+00,1.540247273e-01,4.543385867e-02,1.114716819e-01,1.451245703e+02,false,0,8.310428880e+02,/mnt/pd/tema1/new/results/ml_samples/N3_sw0.30_x+0_i0036.h5
3,50,3.000000000e-01,1.000000000e+00,1,1.196762249e+00,5.281258510e-01,1584863878,gen_N,fall,6.741000000e+00,1.376993857e-01,1.595795388e-02,1.018467983e-01,2.515749806e+02,false,0,7.087536592e+02,/mnt/pd/tema1/new/results/ml_samples/N3_sw0.30_x+1_i0006.h5
3,50,3.000000000e-01,1.000000000e+00,0,1.000000000e+00,4.412955466e-01,470111154,gen_N,rise,9.291000000e+00,1.441122609e-01,3.763411850e-02,1.027498409e-01,1.451245703e+02,false,0,9.843109864e+02,/mnt/pd/tema1/new/results/ml_samples/N3_sw0.30_x+0_i0026.h5
3,50,3.000000000e-01,1.000000000e+00,1,1.196762249e+00,5.281258510e-01,1936110207,gen_N,fall,3.391000000e+00,1.566821951e-01,2.382403140e-02,1.039555294e-01,2.515749806e+02,false,0,3.868249708e+02,/mnt/pd/tema1/new/results/ml_samples/N3_sw0.30_x+1_i0038.h5
3,50,3.000000000e-01,1.000000000e+00,0,1.000000000e+00,4.412955466e-01,1487543180,gen_N,rise,1.182100000e+01,1.541622356e-01,3.625030767e-02,1.070312623e-01,1.451245703e+02,false,0,1.271395187e+03,/mnt/pd/tema1/new/results/ml_samples/N3_sw0.30_x+0_i0010.h5
3,50,3.000000000e-01,1.000000000e+00,1,1.196762249e+00,5.281258510e-01,1972094333,gen_N,fall,4.271000000e+00,1.432548757e-01,1.243644177e-02,1.055261173e-01,2.515749806e+02,false,0,4.770827135e+02,/mnt/pd/tema1/new/results/ml_samples/N3_sw0.30_x+1_i0032.h5
3,50,3.000000000e-01,1.000000000e+00,0,1.000000000e+00,4.412955466e-01,1708683942,gen_N,rise,1.154100000e+01,1.549580938e-01,4.049888255e-02,1.016942313e-01,1.451245703e+02,false,0,1.250497881e+03,/mnt/pd/tema1/new/results/ml_samples/N3_sw0.30_x+0_i0014.h5
3,50,3.000000000e-01,1.000000000e+00,0,1.000000000e+00,4.412955466e-01,713944627,gen_N,fall,1.393100000e+01,1.421797215e-01,3.240007677e-02,1.031799622e-01,1.451245703e+02,false,0,1.498513365e+03,/mnt/pd/tema1/new/results/ml_samples/N3_sw0.30_x+0_i0002.h5
3,50,3.000000000e-01,1.000000000e+00,1,1.196762249e+00,5.281258510e-01,1522421837,gen_N,rise,8.031000000e+00,1.484022818e-01,4.132866115e-02,1.069294104e-01,2.515749806e+02,false,0,9.194591684e+02,/mnt/pd/tema1/new/results/ml_samples/N3_sw0.30_x+1_i0010.h5
3,50,3.000000000e-01,1.000000000e+00,0,1.000000000e+00,4.412955466e-01,864951014,gen_N,rise,1.526100000e+01,1.413557006e-01,2.872598411e-02,1.103216657e-01,1.451245703e+02,false,0,1.613986806e+03,/mnt/pd/tema1/new/results/ml_samples/N3_sw0.30_x+0_i0008.h5
3,50,3.000000000e-01,1.000000000e+00,1,1.196762249e+00,5.281258510e-01,1125382480,gen_N,rise,3.311000000e+00,1.492565688e-01,2.832023343e-02,1.036646853e-01,2.515749806e+02,false,0,3.754976442e+02,/mnt/pd/tema1/new/results/ml_samples/N3_sw0.30_x+1_i0048.h5
6,50,3.000000000e-01,1.000000000e+00,-1,6.117700934e-01,1.349857089e-01,1487707334,gen_N,fall,1.261000000e+00,1.191094244e-01,2.646078973e-02,1.783311699e-01,2.240419256e+00,false,0,3.758932199e+02,/mnt/pd/tema1/new/results/ml_samples/N6_sw0.30_x-1_i0000.h5
3,50,3.000000000e-01,1.000000000e+00,1,1.196762249e+00,5.281258510e-01,765047654,gen_N,rise,5.681000000e+00,1.582865900e-01,3.339580766e-02,9.043532237e-02,2.515749806e+02,false,0,6.047644751e+02,/mnt/pd/tema1/new/results/ml_samples/N3_sw0.30_x+1_i0040.h5
3,50,3.000000000e-01,1.000000000e+00,1,1.196762249e+00,5.281258510e-01,1575103668,gen_N,rise,7.521000000e+00,1.434562413e-01,2.450940008e-02,1.007960906e-01,2.515749806e+02,false,0,9.143542115e+02,/mnt/pd/tema1/new/results/ml_samples/N3_sw0.30_x+1_i0024.h5
3,50,3.000000000e-01,1.000000000e+00,1,1.196762249e+00,5.281258510e-01,92743530,gen_N,rise,9.941000000e+00,1.446907279e-01,2.693463541e-02,1.085333724e-01,2.515749806e+02,false,0,1.049382743e+03,/mnt/pd/tema1/new/results/ml_samples/N3_sw0.30_x+1_i0008.h5
6,50,3.000000000e-01,1.000000000e+00,-1,6.117700934e-01,1.349857089e-01,1110112793,gen_N,fall,1.001000000e+00,1.215310033e-01,2.878940978e-02,1.969211030e-01,2.154157977e+01,false,0,3.776182760e+02,/mnt/pd/tema1/new/results/ml_samples/N6_sw0.30_x-1_i0008.h5
3,50,3.000000000e-01,1.000000000e+00,1,1.196762249e+00,5.281258510e-01,593272788,gen_N,rise,7.021000000e+00,1.462755898e-01,2.918104806e-02,1.015249441e-01,2.515749806e+02,false,0,8.307541410e+02,/mnt/pd/tema1/new/results/ml_samples/N3_sw0.30_x+1_i0030.h5
3,50,3.000000000e-01,1.000000000e+00,0,1.000000000e+00,4.412955466e-01,1450352175,gen_N,fall,1.367100000e+01,1.757966197e-01,4.549116913e-02,1.018583644e-01,1.451245703e+02,false,0,1.455287177e+03,/mnt/pd/tema1/new/results/ml_samples/N3_sw0.30_x+0_i0030.h5
3,50,3.000000000e-01,1.000000000e+00,1,1.196762249e+00,5.281258510e-01,1326431852,gen_N,rise,7.571000000e+00,1.346092858e-01,1.353777410e-02,1.049505745e-01,2.515749806e+02,false,0,7.908869916e+02,/mnt/pd/tema1/new/results/ml_samples/N3_sw0.30_x+1_i0044.h5
6,50,3.000000000e-01,1.000000000e+00,-1,6.117700934e-01,1.349857089e-01,714333742,gen_N,fall,2.291000000e+00,1.920425257e-01,8.749813465e-02,1.550074924e-01,8.666845793e+00,false,0,6.386241552e+02,/mnt/pd/tema1/new/results/ml_samples/N6_sw0.30_x-1_i0006.h5
3,50,3.000000000e-01,1.000000000e+00,1,1.196762249e+00,5.281258510e-01,1304434783,gen_N,rise,1.294100000e+01,1.540700549e-01,1.941662229e-02,9.581748816e-02,2.271764191e+02,false,0,1.322200122e+03,/mnt/pd/tema1/new/results/ml_samples/N3_sw0.30_x+1_i0014.h5
3,50,3.000000000e-01,1.000000000e+00,1,1.196762249e+00,5.281258510e-01,799890100,gen_N,rise,1.248100000e+01,1.586685424e-01,4.007456031e-02,9.940184982e-02,2.515749806e+02,false,0,1.289110980e+03,/mnt/pd/tema1/new/results/ml_samples/N3_sw0.30_x+1_i0020.h5
6,50,3.000000000e-01,1.000000000e+00,-1,6.117700934e-01,1.349857089e-01,2001855714,gen_N,fall,8.510000000e-01,2.545328420e-01,7.698336353e-02,2.120329721e-01,5.289460935e+00,false,0,3.132923144e+02,/mnt/pd/tema1/new/results/ml_samples/N6_sw0.30_x-1_i0030.h5
3,50,3.000000000e-01,1.000000000e+00,1,1.196762249e+00,5.281258510e-01,201698417,gen_N,rise,8.931000000e+00,1.421078646e-01,2.454691283e-02,1.008146516e-01,2.515749806e+02,false,0,9.337313946e+02,/mnt/pd/tema1/new/results/ml_samples/N3_sw0.30_x+1_i0042.h5
3,50,3.000000000e-01,1.000000000e+00,1,1.196762249e+00,5.281258510e-01,216865597,gen_N,rise,1.125100000e+01,1.384441116e-01,2.084959098e-02,1.028224398e-01,2.515749806e+02,false,0,1.157576420e+03,/mnt/pd/tema1/new/results/ml_samples/N3_sw0.30_x+1_i0036.h5
6,50,3.000000000e-01,1.000000000e+00,-1,6.117700934e-01,1.349857089e-01,1624693386,gen_N,fall,2.011000000e+00,1.799121477e-01,6.032826325e-02,1.966545648e-01,1.383730475e+01,false,0,5.924320224e+02,/mnt/pd/tema1/new/results/ml_samples/N6_sw0.30_x-1_i0018.h5
3,50,3.000000000e-01,1.000000000e+00,0,1.000000000e+00,4.412955466e-01,1928983117,gen_N,rise,1.974100000e+01,1.378600834e-01,2.896969531e-02,1.088066519e-01,1.451245703e+02,false,0,2.011921575e+03,/mnt/pd/tema1/new/results/ml_samples/N3_sw0.30_x+0_i0016.h5
6,50,3.000000000e-01,1.000000000e+00,-1,6.117700934e-01,1.349857089e-01,1321127251,gen_N,fall,1.221000000e+00,2.666419517e-01,6.397487715e-02,1.762406803e-01,1.620536378e+00,false,0,4.079460337e+02,/mnt/pd/tema1/new/results/ml_samples/N6_sw0.30_x-1_i0036.h5
6,50,3.000000000e-01,1.000000000e+00,-1,6.117700934e-01,1.349857089e-01,365204065,gen_N,fall,3.251000000e+00,2.523099344e-01,7.045734973e-02,1.651858228e-01,6.286733356e+00,false,0,9.796775872e+02,/mnt/pd/tema1/new/results/ml_samples/N6_sw0.30_x-1_i0004.h5
3,50,3.000000000e-01,1.000000000e+00,1,1.196762249e+00,5.281258510e-01,1111856276,gen_N,rise,1.416100000e+01,1.480146314e-01,2.305252772e-02,1.033684856e-01,2.148839536e+02,false,0,1.493345462e+03,/mnt/pd/tema1/new/results/ml_samples/N3_sw0.30_x+1_i0028.h5
3,50,3.000000000e-01,1.000000000e+00,1,1.196762249e+00,5.281258510e-01,496966210,gen_N,rise,1.538100000e+01,1.423383505e-01,1.475060269e-02,1.019395872e-01,2.515749806e+02,false,0,1.562864604e+03,/mnt/pd/tema1/new/results/ml_samples/N3_sw0.30_x+1_i0026.h5
6,50,3.000000000e-01,1.000000000e+00,-1,6.117700934e-01,1.349857089e-01,477882699,gen_N,fall,3.751000000e+00,1.648162708e-01,6.049251761e-02,1.454823611e-01,2.256803280e+00,false,0,1.005160376e+03,/mnt/pd/tema1/new/results/ml_samples/N6_sw0.30_x-1_i0016.h5
3,50,3.000000000e-01,1.000000000e+00,1,1.196762249e+00,5.281258510e-01,392852425,gen_N,rise,1.705100000e+01,1.520629058e-01,2.323848111e-02,9.186655762e-02,2.515749806e+02,false,0,1.817345639e+03,/mnt/pd/tema1/new/results/ml_samples/N3_sw0.30_x+1_i0016.h5
6,50,3.000000000e-01,1.000000000e+00,-1,6.117700934e-01,1.349857089e-01,612143264,gen_N,fall,1.961000000e+00,3.268799522e-01,1.162158028e-01,1.213383111e-01,1.310202794e+01,false,0,5.973594544e+02,/mnt/pd/tema1/new/results/ml_samples/N6_sw0.30_x-1_i0038.h5
6,50,3.000000000e-01,1.000000000e+00,-1,6.117700934e-01,1.349857089e-01,1999775876,gen_N,fall,3.701000000e+00,1.897406756e-01,5.900968362e-02,1.668174768e-01,2.943745690e+01,false,0,9.414670986e+02,/mnt/pd/tema1/new/results/ml_samples/N6_sw0.30_x-1_i0020.h5
3,50,3.000000000e-01,1.000000000e+00,1,1.196762249e+00,5.281258510e-01,1701585581,gen_N,rise,1.958100000e+01,1.529417836e-01,2.740283388e-02,9.429148826e-02,2.515749806e+02,false,0,2.027117526e+03,/mnt/pd/tema1/new/results/ml_samples/N3_sw0.30_x+1_i0000.h5
6,50,3.000000000e-01,1.000000000e+00,-1,6.117700934e-01,1.349857089e-01,819373396,gen_N,fall,1.961000000e+00,1.679923003e-01,9.309199729e-02,1.454148058e-01,1.420075975e+01,false,0,5.838462402e+02,/mnt/pd/tema1/new/results/ml_samples/N6_sw0.30_x-1_i0044.h5
6,50,3.000000000e-01,1.000000000e+00,-1,6.117700934e-01,1.349857089e-01,160903503,gen_N,fall,2.671000000e+00,2.208002637e-01,5.671534050e-02,1.710544862e-01,3.988376924e+00,false,0,6.057184514e+02,/mnt/pd/tema1/new/results/ml_samples/N6_sw0.30_x-1_i0042.h5
6,50,3.000000000e-01,1.000000000e+00,-1,6.117700934e-01,1.349857089e-01,1494108383,gen_N,fall,3.121000000e+00,1.475420945e-01,5.218010639e-02,1.569514600e-01,2.168818761e+01,false,0,9.189084102e+02,/mnt/pd/tema1/new/results/ml_samples/N6_sw0.30_x-1_i0032.h5
6,50,3.000000000e-01,1.000000000e+00,0,1.000000000e+00,2.206477733e-01,348237061,gen_N,fall,1.901000000e+00,2.663092039e-01,5.693775173e-02,1.558631009e-01,2.346017091e+01,false,0,5.504428349e+02,/mnt/pd/tema1/new/results/ml_samples/N6_sw0.30_x+0_i0002.h5
3,50,3.000000000e-01,1.000000000e+00,1,1.196762249e+00,5.281258510e-01,1411782917,gen_N,fall,1.972100000e+01,1.546188374e-01,3.021461246e-02,9.722163063e-02,2.515749806e+02,false,0,2.012991177e+03,/mnt/pd/tema1/new/results/ml_samples/N3_sw0.30_x+1_i0022.h5
6,50,3.000000000e-01,1.000000000e+00,-1,6.117700934e-01,1.349857089e-01,476222310,gen_N,fall,2.421000000e+00,1.640839903e-01,4.596568126e-02,1.555756790e-01,4.504708439e+00,false,0,7.626056431e+02,/mnt/pd/tema1/new/results/ml_samples/N6_sw0.30_x-1_i0048.h5
6,50,3.000000000e-01,1.000000000e+00,0,1.000000000e+00,2.206477733e-01,1159126504,gen_N,fall,1.451000000e+00,2.110370550e-01,6.652258034e-02,1.753083340e-01,2.714265628e+01,false,0,4.158945146e+02,/mnt/pd/tema1/new/results/ml_samples/N6_sw0.30_x+0_i0012.h5
3,50,3.000000000e-01,1.000000000e+00,1,1.196762249e+00,5.281258510e-01,774604712,gen_N,rise,1.769100000e+01,1.495429277e-01,2.475521846e-02,9.649219571e-02,2.515749806e+02,false,0,1.798250794e+03,/mnt/pd/tema1/new/results/ml_samples/N3_sw0.30_x+1_i0046.h5
6,50,3.000000000e-01,1.000000000e+00,-1,6.117700934e-01,1.349857089e-01,2120415021,gen_N,fall,3.511000000e+00,2.435466839e-01,1.119697760e-01,1.518298299e-01,9.434367314e+00,false,0,9.520478032e+02,/mnt/pd/tema1/new/results/ml_samples/N6_sw0.30_x-1_i0046.h5
3,50,3.000000000e-01,1.000000000e+00,0,1.000000000e+00,4.412955466e-01,781504386,gen_N,fall,2.622100000e+01,1.415795645e-01,3.054844074e-02,1.035290024e-01,1.451245703e+02,false,0,2.730513124e+03,/mnt/pd/tema1/new/results/ml_samples/N3_sw0.30_x+0_i0028.h5
6,50,3.000000000e-01,1.000000000e+00,-1,6.117700934e-01,1.349857089e-01,1383073273,gen_N,fall,3.741000000e+00,2.245642584e-01,7.764852907e-02,1.488939592e-01,1.884044337e+01,false,0,1.090682737e+03,/mnt/pd/tema1/new/results/ml_samples/N6_sw0.30_x-1_i0040.h5
6,50,3.000000000e-01,1.000000000e+00,0,1.000000000e+00,2.206477733e-01,1645779915,gen_N,fall,1.321000000e+00,1.288073245e-01,2.014619540e-02,1.747980933e-01,1.038953957e+01,false,0,4.041235026e+02,/mnt/pd/tema1/new/results/ml_samples/N6_sw0.30_x+0_i0034.h5
6,50,3.000000000e-01,1.000000000e+00,0,1.000000000e+00,2.206477733e-01,1957602624,gen_N,fall,2.021000000e+00,2.412316039e-01,5.783814378e-02,1.459503874e-01,4.405210838e+00,false,0,5.646436518e+02,/mnt/pd/tema1/new/results/ml_samples/N6_sw0.30_x+0_i0028.h5
6,50,3.000000000e-01,1.000000000e+00,0,1.000000000e+00,2.206477733e-01,1481489867,gen_N,fall,4.221000000e+00,2.087034843e-01,4.114648366e-02,1.224226316e-01,1.423898542e+01,false,0,1.201840831e+03,/mnt/pd/tema1/new/results/ml_samples/N6_sw0.30_x+0_i0000.h5
6,50,3.000000000e-01,1.000000000e+00,0,1.000000000e+00,2.206477733e-01,1501630428,gen_N,fall,3.711000000e+00,2.724020618e-01,1.055805025e-01,1.422224231e-01,1.829507457e+01,false,0,8.271569130e+02,/mnt/pd/tema1/new/results/ml_samples/N6_sw0.30_x+0_i0022.h5
6,50,3.000000000e-01,1.000000000e+00,-1,6.117700934e-01,1.349857089e-01,1284278349,gen_N,fall,7.631000000e+00,1.664373313e-01,5.484494755e-02,1.447473929e-01,1.233483138e+01,false,0,2.125163214e+03,/mnt/pd/tema1/new/results/ml_samples/N6_sw0.30_x-1_i0002.h5
6,50,3.000000000e-01,1.000000000e+00,0,1.000000000e+00,2.206477733e-01,583246831,gen_N,fall,3.291000000e+00,1.345124933e-01,2.168623940e-02,1.441510040e-01,1.358686006e+01,false,0,8.978733596e+02,/mnt/pd/tema1/new/results/ml_samples/N6_sw0.30_x+0_i0026.h5
6,50,3.000000000e-01,1.000000000e+00,0,1.000000000e+00,2.206477733e-01,653105122,gen_N,fall,3.331000000e+00,1.612559675e-01,2.670601875e-02,1.245132140e-01,1.146348690e+01,false,0,8.289341540e+02,/mnt/pd/tema1/new/results/ml_samples/N6_sw0.30_x+0_i0030.h5
6,50,3.000000000e-01,1.000000000e+00,0,1.000000000e+00,2.206477733e-01,1538115671,gen_N,rise,3.931000000e+00,2.104494511e-01,5.790762553e-02,1.454373888e-01,1.064411213e+01,false,0,9.429113115e+02,/mnt/pd/tema1/new/results/ml_samples/N6_sw0.30_x+0_i0032.h5
6,50,3.000000000e-01,1.000000000e+00,0,1.000000000e+00,2.206477733e-01,821963676,gen_N,fall,1.871000000e+00,1.683211420e-01,3.329437700e-02,1.450681446e-01,9.653891558e+00,false,0,5.551977897e+02,/mnt/pd/tema1/new/results/ml_samples/N6_sw0.30_x+0_i0046.h5
6,50,3.000000000e-01,1.000000000e+00,0,1.000000000e+00,2.206477733e-01,1687851087,gen_N,fall,3.661000000e+00,2.833184137e-01,1.068098253e-01,1.141247849e-01,5.352558757e+00,false,0,9.653215749e+02,/mnt/pd/tema1/new/results/ml_samples/N6_sw0.30_x+0_i0036.h5
6,50,3.000000000e-01,1.000000000e+00,-1,6.117700934e-01,1.349857089e-01,2042720041,gen_N,fall,9.031000000e+00,1.977646142e-01,7.250968092e-02,1.463997556e-01,6.218240129e+00,false,0,2.433663443e+03,/mnt/pd/tema1/new/results/ml_samples/N6_sw0.30_x-1_i0010.h5
6,50,3.000000000e-01,1.000000000e+00,0,1.000000000e+00,2.206477733e-01,1045482875,gen_N,fall,5.681000000e+00,2.366718656e-01,5.964302102e-02,1.316246852e-01,2.714265628e+01,false,0,1.436175975e+03,/mnt/pd/tema1/new/results/ml_samples/N6_sw0.30_x+0_i0020.h5
6,50,3.000000000e-01,1.000000000e+00,0,1.000000000e+00,2.206477733e-01,560615071,gen_N,fall,3.921000000e+00,1.813897881e-01,4.111798006e-02,1.488978254e-01,1.676824212e+01,false,0,1.034763348e+03,/mnt/pd/tema1/new/results/ml_samples/N6_sw0.30_x+0_i0040.h5
6,50,3.000000000e-01,1.000000000e+00,1,1.388229907e+00,3.063098377e-01,603198722,gen_N,fall,2.461000000e+00,2.011888645e-01,2.911392767e-02,1.315443929e-01,1.045130928e+01,false,0,6.514720758e+02,/mnt/pd/tema1/new/results/ml_samples/N6_sw0.30_x+1_i0002.h5
6,50,3.000000000e-01,1.000000000e+00,1,1.388229907e+00,3.063098377e-01,1466257892,gen_N,fall,2.281000000e+00,1.773115666e-01,2.406601021e-02,1.406069708e-01,3.300248306e+01,false,0,6.221062755e+02,/mnt/pd/tema1/new/results/ml_samples/N6_sw0.30_x+1_i0006.h5
6,50,3.000000000e-01,1.000000000e+00,-1,6.117700934e-01,1.349857089e-01,2019030874,gen_N,fall,9.571000000e+00,2.100005446e-01,7.065184854e-02,1.344029118e-01,1.332768186e+00,false,0,2.563558963e+03,/mnt/pd/tema1/new/results/ml_samples/N6_sw0.30_x-1_i0026.h5
6,50,3.000000000e-01,1.000000000e+00,0,1.000000000e+00,2.206477733e-01,521045277,gen_N,fall,7.851000000e+00,1.840378390e-01,4.359761764e-02,1.032499599e-01,5.024493122e+00,false,0,2.040206962e+03,/mnt/pd/tema1/new/results/ml_samples/N6_sw0.30_x+0_i0008.h5
6,50,3.000000000e-01,1.000000000e+00,-1,6.117700934e-01,1.349857089e-01,974178800,gen_N,fall,9.531000000e+00,2.366425927e-01,7.792071664e-02,1.243360763e-01,4.055843307e+00,false,0,2.644381133e+03,/mnt/pd/tema1/new/results/ml_samples/N6_sw0.30_x-1_i0028.h5
6,50,3.000000000e-01,1.000000000e+00,1,1.388229907e+00,3.063098377e-01,465347278,gen_N,fall,4.101000000e+00,2.329791717e-01,7.046728349e-02,1.221942959e-01,4.314363039e+01,false,0,1.062813699e+03,/mnt/pd/tema1/new/results/ml_samples/N6_sw0.30_x+1_i0000.h5
6,50,3.000000000e-01,1.000000000e+00,0,1.000000000e+00,2.206477733e-01,1873512745,gen_N,fall,9.041000000e+00,2.652951712e-01,1.052893770e-01,9.628772208e-02,1.046978733e+01,false,0,2.271931171e+03,/mnt/pd/tema1/new/results/ml_samples/N6_sw0.30_x+0_i0004.h5
6,50,3.000000000e-01,1.000000000e+00,0,1.000000000e+00,2.206477733e-01,241334552,gen_N,rise,8.381000000e+00,1.903738643e-01,4.328954154e-02,1.269183162e-01,1.595667931e+01,false,0,2.209293556e+03,/mnt/pd/tema1/new/results/ml_samples/N6_sw0.30_x+0_i0016.h5
6,50,3.000000000e-01,1.000000000e+00,-1,6.117700934e-01,1.349857089e-01,913010584,gen_N,fall,1.253100000e+01,2.423615895e-01,5.897941409e-02,1.444170565e-01,4.565853082e+00,false,0,3.294676795e+03,/mnt/pd/tema1/new/results/ml_samples/N6_sw0.30_x-1_i0014.h5
6,50,3.000000000e-01,1.000000000e+00,0,1.000000000e+00,2.206477733e-01,378632984,gen_N,fall,9.911000000e+00,1.977806825e-01,4.864691044e-02,1.189604789e-01,1.978627798e+01,false,0,2.555389014e+03,/mnt/pd/tema1/new/results/ml_samples/N6_sw0.30_x+0_i0014.h5
6,50,3.000000000e-01,1.000000000e+00,-1,6.117700934e-01,1.349857089e-01,1870082099,gen_N,rise,1.292100000e+01,2.674850996e-01,1.120953356e-01,1.279656601e-01,7.441650304e+00,false,0,3.549954419e+03,/mnt/pd/tema1/new/results/ml_samples/N6_sw0.30_x-1_i0022.h5
6,50,3.000000000e-01,1.000000000e+00,0,1.000000000e+00,2.206477733e-01,381368283,gen_N,rise,9.421000000e+00,2.015921356e-01,4.598979327e-02,1.030216037e-01,1.987541958e+01,false,0,2.365528037e+03,/mnt/pd/tema1/new/results/ml_samples/N6_sw0.30_x+0_i0038.h5
6,50,3.000000000e-01,1.000000000e+00,1,1.388229907e+00,3.063098377e-01,775027072,gen_N,fall,5.021000000e+00,2.553114642e-01,6.671329438e-02,1.181437784e-01,1.529571326e+01,false,0,1.220752044e+03,/mnt/pd/tema1/new/results/ml_samples/N6_sw0.30_x+1_i0022.h5
6,50,3.000000000e-01,1.000000000e+00,0,1.000000000e+00,2.206477733e-01,1336463355,gen_N,fall,8.521000000e+00,1.786538927e-01,4.925947774e-02,1.300152429e-01,1.110550067e+01,false,0,2.154361583e+03,/mnt/pd/tema1/new/results/ml_samples/N6_sw0.30_x+0_i0048.h5
6,50,3.000000000e-01,1.000000000e+00,0,1.000000000e+00,2.206477733e-01,1895535251,gen_N,fall,1.166100000e+01,1.788463591e-01,4.698248869e-02,1.328087976e-01,1.190336406e+01,false,0,3.016284628e+03,/mnt/pd/tema1/new/results/ml_samples/N6_sw0.30_x+0_i0010.h5
6,50,3.000000000e-01,1.000000000e+00,1,1.388229907e+00,3.063098377e-01,1012855695,gen_N,rise,6.391000000e+00,2.061948967e-01,5.468758191e-02,1.316797881e-01,3.314281635e+01,false,0,1.455238658e+03,/mnt/pd/tema1/new/results/ml_samples/N6_sw0.30_x+1_i0018.h5
6,50,3.000000000e-01,1.000000000e+00,1,1.388229907e+00,3.063098377e-01,1629391128,gen_N,rise,5.831000000e+00,2.069501416e-01,3.117234731e-02,9.398574308e-02,1.224805740e+01,false,0,1.463337715e+03,/mnt/pd/tema1/new/results/ml_samples/N6_sw0.30_x+1_i0020.h5
6,50,3.000000000e-01,1.000000000e+00,1,1.388229907e+00,3.063098377e-01,1529875282,gen_N,rise,5.971000000e+00,2.084673181e-01,4.834384731e-02,1.234107393e-01,2.446179793e+01,false,0,1.629896775e+03,/mnt/pd/tema1/new/results/ml_samples/N6_sw0.30_x+1_i0016.h5
2,50,2.200000000e-01,1.000000000e+00,-1,9.025108888e-01,5.974110539e-01,285065695,gen_sigma,fall,1.741000000e+00,1.004852182e-01,2.428523797e-02,9.730434883e-02,3.117911728e+02,false,0,1.354433523e+02,/mnt/pd/tema1/new/results/ml_samples/N2_sw0.22_x-1_i0000.h5
2,50,2.200000000e-01,1.000000000e+00,-1,9.025108888e-01,5.974110539e-01,918311225,gen_sigma,fall,2.221000000e+00,1.149436713e-01,4.701240136e-02,9.188517124e-02,3.117911728e+02,false,0,1.664564602e+02,/mnt/pd/tema1/new/results/ml_samples/N2_sw0.22_x-1_i0002.h5
6,50,3.000000000e-01,1.000000000e+00,0,1.000000000e+00,2.206477733e-01,1133215816,gen_N,rise,1.278100000e+01,2.473790407e-01,7.535838246e-02,1.139013770e-01,2.714265628e+01,false,0,3.210609073e+03,/mnt/pd/tema1/new/results/ml_samples/N6_sw0.30_x+0_i0018.h5
6,50,3.000000000e-01,1.000000000e+00,1,1.388229907e+00,3.063098377e-01,526910943,gen_N,rise,2.651000000e+00,1.999414344e-01,5.253487329e-02,1.334705453e-01,4.314363039e+01,false,0,7.074324558e+02,/mnt/pd/tema1/new/results/ml_samples/N6_sw0.30_x+1_i0040.h5
2,50,2.200000000e-01,1.000000000e+00,-1,9.025108888e-01,5.974110539e-01,278215724,gen_sigma,fall,4.361000000e+00,1.011834851e-01,1.619291385e-02,9.684416375e-02,3.117911728e+02,false,0,3.031527950e+02,/mnt/pd/tema1/new/results/ml_samples/N2_sw0.22_x-1_i0004.h5
2,50,2.200000000e-01,1.000000000e+00,-1,9.025108888e-01,5.974110539e-01,223722999,gen_sigma,fall,3.501000000e+00,1.094347248e-01,1.792228758e-02,9.671598668e-02,3.117911728e+02,false,0,2.257635545e+02,/mnt/pd/tema1/new/results/ml_samples/N2_sw0.22_x-1_i0010.h5
2,50,2.200000000e-01,1.000000000e+00,-1,9.025108888e-01,5.974110539e-01,1189222974,gen_sigma,fall,1.411000000e+00,1.272920020e-01,6.016246740e-02,9.975933057e-02,3.117911728e+02,false,0,1.160460482e+02,/mnt/pd/tema1/new/results/ml_samples/N2_sw0.22_x-1_i0014.h5
6,50,3.000000000e-01,1.000000000e+00,1,1.388229907e+00,3.063098377e-01,562608998,gen_N,rise,7.871000000e+00,2.064809490e-01,3.085538624e-02,1.157568432e-01,3.343338956e+01,false,0,2.071169012e+03,/mnt/pd/tema1/new/results/ml_samples/N6_sw0.30_x+1_i0014.h5
2,50,2.200000000e-01,1.000000000e+00,-1,9.025108888e-01,5.974110539e-01,618677057,gen_sigma,fall,1.901000000e+00,1.181018806e-01,3.566701788e-02,8.790245558e-02,3.117911728e+02,false,0,1.431534533e+02,/mnt/pd/tema1/new/results/ml_samples/N2_sw0.22_x-1_i0016.h5
6,50,3.000000000e-01,1.000000000e+00,0,1.000000000e+00,2.206477733e-01,1674856801,gen_N,rise,1.130100000e+01,2.175024126e-01,5.427299292e-02,1.083090563e-01,1.391100298e+01,false,0,2.830488077e+03,/mnt/pd/tema1/new/results/ml_samples/N6_sw0.30_x+0_i0044.h5
6,50,3.000000000e-01,1.000000000e+00,0,1.000000000e+00,2.206477733e-01,1007966931,gen_N,fall,1.164100000e+01,1.879941753e-01,3.615083246e-02,1.157266605e-01,1.938505723e+01,false,0,2.966287746e+03,/mnt/pd/tema1/new/results/ml_samples/N6_sw0.30_x+0_i0042.h5
6,50,3.000000000e-01,1.000000000e+00,1,1.388229907e+00,3.063098377e-01,2094043146,gen_N,rise,5.311000000e+00,2.154743493e-01,3.668514714e-02,1.083266642e-01,1.169242756e+01,false,0,1.326218621e+03,/mnt/pd/tema1/new/results/ml_samples/N6_sw0.30_x+1_i0036.h5
2,50,2.200000000e-01,1.000000000e+00,-1,9.025108888e-01,5.974110539e-01,543958738,gen_sigma,fall,1.881000000e+00,1.258723542e-01,5.554840254e-02,1.055077893e-01,3.117911728e+02,false,0,1.352003096e+02,/mnt/pd/tema1/new/results/ml_samples/N2_sw0.22_x-1_i0026.h5
2,50,2.200000000e-01,1.000000000e+00,-1,9.025108888e-01,5.974110539e-01,1482764006,gen_sigma,fall,2.511000000e+00,1.041268066e-01,4.040118274e-02,9.736672239e-02,3.117911728e+02,false,0,1.711137238e+02,/mnt/pd/tema1/new/results/ml_samples/N2_sw0.22_x-1_i0022.h5
2,50,2.200000000e-01,1.000000000e+00,-1,9.025108888e-01,5.974110539e-01,1787969023,gen_sigma,fall,2.351000000e+00,1.001986271e-01,3.039668687e-02,9.922729200e-02,3.117911728e+02,false,0,1.748476327e+02,/mnt/pd/tema1/new/results/ml_samples/N2_sw0.22_x-1_i0024.h5
2,50,2.200000000e-01,1.000000000e+00,-1,9.025108888e-01,5.974110539e-01,170911779,gen_sigma,fall,1.211000000e+00,1.068055631e-01,3.471206824e-02,1.076680038e-01,3.117911728e+02,false,0,1.013772074e+02,/mnt/pd/tema1/new/results/ml_samples/N2_sw0.22_x-1_i0030.h5
6,50,3.000000000e-01,1.000000000e+00,1,1.388229907e+00,3.063098377e-01,1655002164,gen_N,rise,7.011000000e+00,2.310593003e-01,4.836904646e-02,1.169000645e-01,4.314363039e+01,false,0,1.607574685e+03,/mnt/pd/tema1/new/results/ml_samples/N6_sw0.30_x+1_i0034.h5
2,50,2.200000000e-01,1.000000000e+00,-1,9.025108888e-01,5.974110539e-01,878329197,gen_sigma,fall,1.651000000e+00,1.020193671e-01,3.249175369e-02,1.086949049e-01,3.117911728e+02,false,0,1.190664285e+02,/mnt/pd/tema1/new/results/ml_samples/N2_sw0.22_x-1_i0032.h5
2,50,2.200000000e-01,1.000000000e+00,-1,9.025108888e-01,5.974110539e-01,2116016799,gen_sigma,fall,4.561000000e+00,1.070162444e-01,3.813710773e-02,9.150099090e-02,3.117911728e+02,false,0,3.169910980e+02,/mnt/pd/tema1/new/results/ml_samples/N2_sw0.22_x-1_i0020.h5
2,50,2.200000000e-01,1.000000000e+00,-1,9.025108888e-01,5.974110539e-01,1710471122,gen_sigma,fall,7.491000000e+00,1.029644799e-01,2.112917560e-02,9.064272248e-02,3.117911728e+02,false,0,4.969631236e+02,/mnt/pd/tema1/new/results/ml_samples/N2_sw0.22_x-1_i0012.h5
2,50,2.200000000e-01,1.000000000e+00,-1,9.025108888e-01,5.974110539e-01,1013635398,gen_sigma,fall,2.561000000e+00,1.020264209e-01,2.230845831e-02,9.227579888e-02,3.117911728e+02,false,0,1.894166524e+02,/mnt/pd/tema1/new/results/ml_samples/N2_sw0.22_x-1_i0028.h5
6,50,3.000000000e-01,1.000000000e+00,1,1.388229907e+00,3.063098377e-01,718022407,gen_N,rise,6.141000000e+00,1.891986304e-01,3.471810799e-02,1.255702902e-01,9.242277197e+00,false,0,1.448319453e+03,/mnt/pd/tema1/new/results/ml_samples/N6_sw0.30_x+1_i0038.h5
2,50,2.200000000e-01,1.000000000e+00,-1,9.025108888e-01,5.974110539e-01,1792559034,gen_sigma,fall,1.384100000e+01,1.037815095e-01,2.154003075e-02,8.924894361e-02,3.117911728e+02,false,0,8.370209202e+02,/mnt/pd/tema1/new/results/ml_samples/N2_sw0.22_x-1_i0006.h5
2,50,2.200000000e-01,1.000000000e+00,-1,9.025108888e-01,5.974110539e-01,788411403,gen_sigma,fall,2.371000000e+00,9.524064040e-02,1.514467022e-02,1.048695495e-01,3.117911728e+02,false,0,1.687452213e+02,/mnt/pd/tema1/new/results/ml_samples/N2_sw0.22_x-1_i0040.h5
6,50,3.000000000e-01,1.000000000e+00,1,1.388229907e+00,3.063098377e-01,1625341305,gen_N,rise,9.011000000e+00,1.928127794e-01,4.746194270e-02,1.189939265e-01,2.202015974e+01,false,0,2.216644303e+03,/mnt/pd/tema1/new/results/ml_samples/N6_sw0.30_x+1_i0024.h5
2,50,2.200000000e-01,1.000000000e+00,-1,9.025108888e-01,5.974110539e-01,1481314645,gen_sigma,fall,3.921000000e+00,1.150407925e-01,3.598832878e-02,9.147222916e-02,3.117911728e+02,false,0,2.556179982e+02,/mnt/pd/tema1/new/results/ml_samples/N2_sw0.22_x-1_i0044.h5
2,50,2.200000000e-01,1.000000000e+00,-1,9.025108888e-01,5.974110539e-01,1955765226,gen_sigma,fall,3.361000000e+00,1.068944140e-01,3.280496155e-02,8.940171205e-02,3.117911728e+02,false,0,2.411619763e+02,/mnt/pd/tema1/new/results/ml_samples/N2_sw0.22_x-1_i0046.h5
2,50,2.200000000e-01,1.000000000e+00,-1,9.025108888e-01,5.974110539e-01,1573584103,gen_sigma,fall,5.991000000e+00,9.520374363e-02,1.306035013e-02,1.008612374e-01,3.117911728e+02,false,0,3.487430065e+02,/mnt/pd/tema1/new/results/ml_samples/N2_sw0.22_x-1_i0038.h5
2,50,2.200000000e-01,1.000000000e+00,0,1.000000000e+00,6.619433198e-01,1801624932,gen_sigma,fall,4.591000000e+00,1.091592657e-01,2.189274992e-02,8.744327275e-02,4.168027829e+02,false,0,2.725324883e+02,/mnt/pd/tema1/new/results/ml_samples/N2_sw0.22_x+0_i0000.h5
6,50,3.000000000e-01,1.000000000e+00,-1,6.117700934e-01,1.349857089e-01,1951552657,gen_N,fall,2.048100000e+01,2.086665804e-01,8.061191644e-02,1.397850594e-01,3.485821480e+00,false,0,5.019983526e+03,/mnt/pd/tema1/new/results/ml_samples/N6_sw0.30_x-1_i0012.h5
2,50,2.200000000e-01,1.000000000e+00,-1,9.025108888e-01,5.974110539e-01,1414820536,gen_sigma,fall,1.681100000e+01,1.058554751e-01,1.908038422e-02,9.215814777e-02,3.117911728e+02,false,0,1.042660842e+03,/mnt/pd/tema1/new/results/ml_samples/N2_sw0.22_x-1_i0008.h5
6,50,3.000000000e-01,1.000000000e+00,0,1.000000000e+00,2.206477733e-01,974864873,gen_N,rise,1.704100000e+01,2.034623632e-01,6.051077497e-02,1.193742145e-01,4.450179182e+00,false,0,4.267046370e+03,/mnt/pd/tema1/new/results/ml_samples/N6_sw0.30_x+0_i0006.h5
2,50,2.200000000e-01,1.000000000e+00,-1,9.025108888e-01,5.974110539e-01,338237150,gen_sigma,fall,7.881000000e+00,9.626092831e-02,1.440109733e-02,9.412085162e-02,3.117911728e+02,false,0,5.360990604e+02,/mnt/pd/tema1/new/results/ml_samples/N2_sw0.22_x-1_i0036.h5
2,50,2.200000000e-01,1.000000000e+00,0,1.000000000e+00,6.619433198e-01,310135722,gen_sigma,fall,4.151000000e+00,1.013642683e-01,8.474081619e-03,9.210495768e-02,4.168027829e+02,false,0,2.680661029e+02,/mnt/pd/tema1/new/results/ml_samples/N2_sw0.22_x+0_i0006.h5
2,50,2.200000000e-01,1.000000000e+00,0,1.000000000e+00,6.619433198e-01,1414387846,gen_sigma,fall,2.421000000e+00,1.126962897e-01,3.691729618e-02,9.611700373e-02,4.168027829e+02,false,0,1.811197352e+02,/mnt/pd/tema1/new/results/ml_samples/N2_sw0.22_x+0_i0018.h5
6,50,3.000000000e-01,1.000000000e+00,1,1.388229907e+00,3.063098377e-01,238562385,gen_N,rise,9.741000000e+00,1.884506235e-01,4.846004173e-02,1.151567599e-01,4.314363039e+01,false,0,2.381086776e+03,/mnt/pd/tema1/new/results/ml_samples/N6_sw0.30_x+1_i0028.h5
2,50,2.200000000e-01,1.000000000e+00,0,1.000000000e+00,6.619433198e-01,98952765,gen_sigma,fall,2.781000000e+00,1.196625060e-01,3.599626389e-02,8.859646692e-02,4.168027829e+02,false,0,1.838303144e+02,/mnt/pd/tema1/new/results/ml_samples/N2_sw0.22_x+0_i0022.h5
2,50,2.200000000e-01,1.000000000e+00,0,1.000000000e+00,6.619433198e-01,1136544096,gen_sigma,fall,2.331000000e+00,1.037272977e-01,1.493382234e-02,9.110586886e-02,4.168027829e+02,false,0,1.678470151e+02,/mnt/pd/tema1/new/results/ml_samples/N2_sw0.22_x+0_i0024.h5
6,50,3.000000000e-01,1.000000000e+00,1,1.388229907e+00,3.063098377e-01,1501103991,gen_N,rise,5.471000000e+00,2.168240418e-01,3.958847270e-02,1.065958726e-01,4.314363039e+01,false,0,1.505542788e+03,/mnt/pd/tema1/new/results/ml_samples/N6_sw0.30_x+1_i0044.h5
6,50,3.000000000e-01,1.000000000e+00,1,1.388229907e+00,3.063098377e-01,946002790,gen_N,fall,6.681000000e+00,2.313076253e-01,6.869737762e-02,1.150489265e-01,4.314363039e+01,false,0,1.650774095e+03,/mnt/pd/tema1/new/results/ml_samples/N6_sw0.30_x+1_i0042.h5
2,50,2.200000000e-01,1.000000000e+00,0,1.000000000e+00,6.619433198e-01,1437772574,gen_sigma,rise,5.501000000e+00,1.145589840e-01,1.954458314e-02,8.400043308e-02,4.168027829e+02,false,0,3.825512301e+02,/mnt/pd/tema1/new/results/ml_samples/N2_sw0.22_x+0_i0012.h5
2,50,2.200000000e-01,1.000000000e+00,-1,9.025108888e-01,5.974110539e-01,303928790,gen_sigma,fall,1.178100000e+01,9.387288580e-02,9.913772073e-03,9.052496609e-02,3.117911728e+02,false,0,6.898797072e+02,/mnt/pd/tema1/new/results/ml_samples/N2_sw0.22_x-1_i0048.h5
2,50,2.200000000e-01,1.000000000e+00,0,1.000000000e+00,6.619433198e-01,210287722,gen_sigma,fall,2.111000000e+00,9.857475417e-02,2.005318141e-02,1.070890343e-01,4.168027829e+02,false,0,1.598974253e+02,/mnt/pd/tema1/new/results/ml_samples/N2_sw0.22_x+0_i0030.h5
2,50,2.200000000e-01,1.000000000e+00,-1,9.025108888e-01,5.974110539e-01,1992681351,gen_sigma,fall,1.749100000e+01,1.020954868e-01,1.789422700e-02,9.274221361e-02,3.117911728e+02,false,0,1.171338709e+03,/mnt/pd/tema1/new/results/ml_samples/N2_sw0.22_x-1_i0018.h5
2,50,2.200000000e-01,1.000000000e+00,-1,9.025108888e-01,5.974110539e-01,1406940744,gen_sigma,fall,1.340100000e+01,1.044993745e-01,2.229872761e-02,9.465098592e-02,3.117911728e+02,false,0,8.372500915e+02,/mnt/pd/tema1/new/results/ml_samples/N2_sw0.22_x-1_i0042.h5
2,50,2.200000000e-01,1.000000000e+00,0,1.000000000e+00,6.619433198e-01,1224541429,gen_sigma,fall,3.671000000e+00,1.133633727e-01,3.696858676e-02,9.486972604e-02,4.168027829e+02,false,0,2.321521972e+02,/mnt/pd/tema1/new/results/ml_samples/N2_sw0.22_x+0_i0026.h5
2,50,2.200000000e-01,1.000000000e+00,0,1.000000000e+00,6.619433198e-01,570433112,gen_sigma,fall,3.061000000e+00,1.009289416e-01,1.833161502e-02,9.633954740e-02,4.168027829e+02,false,0,2.234868515e+02,/mnt/pd/tema1/new/results/ml_samples/N2_sw0.22_x+0_i0036.h5
6,50,3.000000000e-01,1.000000000e+00,-1,6.117700934e-01,1.349857089e-01,1035967852,gen_N,fall,1.994100000e+01,2.249791229e-01,9.506583855e-02,1.282738676e-01,1.927199661e+01,false,0,5.259200369e+03,/mnt/pd/tema1/new/results/ml_samples/N6_sw0.30_x-1_i0034.h5
2,50,2.200000000e-01,1.000000000e+00,0,1.000000000e+00,6.619433198e-01,652545413,gen_sigma,fall,1.471000000e+00,1.295918575e-01,5.166428844e-02,9.290899957e-02,4.168027829e+02,false,0,1.204056335e+02,/mnt/pd/tema1/new/results/ml_samples/N2_sw0.22_x+0_i0048.h5
2,50,2.200000000e-01,1.000000000e+00,0,1.000000000e+00,6.619433198e-01,1266242677,gen_sigma,rise,8.801000000e+00,1.054218814e-01,1.853056208e-02,8.970254010e-02,4.168027829e+02,false,0,5.346705491e+02,/mnt/pd/tema1/new/results/ml_samples/N2_sw0.22_x+0_i0020.h5
2,50,2.200000000e-01,1.000000000e+00,0,1.000000000e+00,6.619433198e-01,267511592,gen_sigma,rise,1.218100000e+01,1.081018868e-01,1.356675043e-02,8.586467049e-02,4.168027829e+02,false,0,7.074708657e+02,/mnt/pd/tema1/new/results/ml_samples/N2_sw0.22_x+0_i0010.h5
2,50,2.200000000e-01,1.000000000e+00,0,1.000000000e+00,6.619433198e-01,362005869,gen_sigma,fall,4.101000000e+00,1.146878393e-01,3.372386768e-02,8.942094439e-02,4.168027829e+02,false,0,2.640584788e+02,/mnt/pd/tema1/new/results/ml_samples/N2_sw0.22_x+0_i0040.h5
2,50,2.200000000e-01,1.000000000e+00,0,1.000000000e+00,6.619433198e-01,158737889,gen_sigma,rise,9.991000000e+00,1.055886144e-01,1.264718910e-02,9.022842448e-02,4.168027829e+02,false,0,6.688247084e+02,/mnt/pd/tema1/new/results/ml_samples/N2_sw0.22_x+0_i0016.h5
2,50,2.200000000e-01,1.000000000e+00,0,1.000000000e+00,6.619433198e-01,450159720,gen_sigma,rise,6.781000000e+00,1.089706544e-01,2.267081695e-02,9.442592104e-02,4.168027829e+02,false,0,4.675558400e+02,/mnt/pd/tema1/new/results/ml_samples/N2_sw0.22_x+0_i0028.h5
6,50,3.000000000e-01,1.000000000e+00,1,1.388229907e+00,3.063098377e-01,1798759821,gen_N,rise,7.971000000e+00,1.978928966e-01,2.616759335e-02,1.193710987e-01,7.631721278e+00,false,0,1.871326788e+03,/mnt/pd/tema1/new/results/ml_samples/N6_sw0.30_x+1_i0046.h5
6,50,3.000000000e-01,1.000000000e+00,1,1.388229907e+00,3.063098377e-01,1168334118,gen_N,rise,1.554100000e+01,2.368167666e-01,6.773454964e-02,9.660024643e-02,4.314363039e+01,false,0,3.787319265e+03,/mnt/pd/tema1/new/results/ml_samples/N6_sw0.30_x+1_i0004.h5
2,50,2.200000000e-01,1.000000000e+00,1,1.097489111e+00,7.264755858e-01,1954878216,gen_sigma,fall,3.221000000e+00,1.092932159e-01,2.223028580e-02,9.491438845e-02,5.367960745e+02,false,0,2.165240020e+02,/mnt/pd/tema1/new/results/ml_samples/N2_sw0.22_x+1_i0002.h5
2,50,2.200000000e-01,1.000000000e+00,0,1.000000000e+00,6.619433198e-01,442905447,gen_sigma,fall,8.101000000e+00,1.086549467e-01,3.196551518e-02,9.102382431e-02,4.168027829e+02,false,0,4.621674109e+02,/mnt/pd/tema1/new/results/ml_samples/N2_sw0.22_x+0_i0042.h5
2,50,2.200000000e-01,1.000000000e+00,1,1.097489111e+00,7.264755858e-01,1032827379,gen_sigma,rise,5.271000000e+00,1.141738553e-01,2.971499860e-02,8.877154695e-02,5.367960745e+02,false,0,3.424768559e+02,/mnt/pd/tema1/new/results/ml_samples/N2_sw0.22_x+1_i0000.h5
2,50,2.200000000e-01,1.000000000e+00,1,1.097489111e+00,7.264755858e-01,554765193,gen_sigma,rise,4.611000000e+00,1.231551715e-01,1.875601568e-02,8.752087559e-02,5.367960745e+02,false,0,3.244825876e+02,/mnt/pd/tema1/new/results/ml_samples/N2_sw0.22_x+1_i0008.h5
6,50,3.000000000e-01,1.000000000e+00,1,1.388229907e+00,3.063098377e-01,2012362497,gen_N,rise,1.302100000e+01,1.963245989e-01,3.310813891e-02,1.153020078e-01,3.112633543e+01,false,0,3.060401844e+03,/mnt/pd/tema1/new/results/ml_samples/N6_sw0.30_x+1_i0032.h5
2,50,2.200000000e-01,1.000000000e+00,0,1.000000000e+00,6.619433198e-01,1321247263,gen_sigma,fall,2.069100000e+01,1.019707016e-01,1.189232725e-02,9.010683609e-02,4.168027829e+02,false,0,1.321774430e+03,/mnt/pd/tema1/new/results/ml_samples/N2_sw0.22_x+0_i0004.h5
2,50,2.200000000e-01,1.000000000e+00,1,1.097489111e+00,7.264755858e-01,967144242,gen_sigma,rise,5.491000000e+00,1.133769665e-01,2.523899663e-02,9.133792019e-02,5.367960745e+02,false,0,3.509874553e+02,/mnt/pd/tema1/new/results/ml_samples/N2_sw0.22_x+1_i0018.h5
2,50,2.200000000e-01,1.000000000e+00,0,1.000000000e+00,6.619433198e-01,1132179397,gen_sigma,rise,1.251100000e+01,1.031496961e-01,2.226625664e-02,9.416388969e-02,4.168027829e+02,false,0,7.979620682e+02,/mnt/pd/tema1/new/results/ml_samples/N2_sw0.22_x+0_i0038.h5
2,50,2.200000000e-01,1.000000000e+00,1,1.097489111e+00,7.264755858e-01,1364199267,gen_sigma,rise,9.061000000e+00,1.098820913e-01,1.152214340e-02,8.897568187e-02,5.367960745e+02,false,0,5.107408858e+02,/mnt/pd/tema1/new/results/ml_samples/N2_sw0.22_x+1_i0010.h5
2,50,2.200000000e-01,1.000000000e+00,-1,9.025108888e-01,5.974110539e-01,1820037155,gen_sigma,fall,2.841100000e+01,1.046182000e-01,1.528260086e-02,8.918095437e-02,3.117911728e+02,false,0,1.647799385e+03,/mnt/pd/tema1/new/results/ml_samples/N2_sw0.22_x-1_i0034.h5
2,50,2.200000000e-01,1.000000000e+00,0,1.000000000e+00,6.619433198e-01,38748087,gen_sigma,fall,1.352100000e+01,1.093193295e-01,2.189071016e-02,8.791480426e-02,4.168027829e+02,false,0,9.023489175e+02,/mnt/pd/tema1/new/results/ml_samples/N2_sw0.22_x+0_i0032.h5
6,50,3.000000000e-01,1.000000000e+00,1,1.388229907e+00,3.063098377e-01,1992478362,gen_N,rise,1.361100000e+01,1.935360578e-01,3.998714505e-02,1.116344679e-01,2.132619229e+01,false,0,3.279832454e+03,/mnt/pd/tema1/new/results/ml_samples/N6_sw0.30_x+1_i0030.h5
6,50,3.000000000e-01,1.000000000e+00,1,1.388229907e+00,3.063098377e-01,1486013864,gen_N,fall,1.297100000e+01,2.121912153e-01,3.905855885e-02,1.085185287e-01,1.212296584e+01,false,0,3.439626864e+03,/mnt/pd/tema1/new/results/ml_samples/N6_sw0.30_x+1_i0026.h5
2,50,2.200000000e-01,1.000000000e+00,0,1.000000000e+00,6.619433198e-01,1786331532,gen_sigma,fall,1.401100000e+01,1.007228366e-01,1.047844391e-02,9.038196724e-02,4.168027829e+02,false,0,8.075486416e+02,/mnt/pd/tema1/new/results/ml_samples/N2_sw0.22_x+0_i0044.h5
2,50,2.200000000e-01,1.000000000e+00,1,1.097489111e+00,7.264755858e-01,708750461,gen_sigma,rise,7.551000000e+00,1.086554573e-01,2.131580601e-02,8.725507064e-02,5.367960745e+02,false,0,4.701830461e+02,/mnt/pd/tema1/new/results/ml_samples/N2_sw0.22_x+1_i0020.h5
2,50,2.200000000e-01,1.000000000e+00,1,1.097489111e+00,7.264755858e-01,1340781555,gen_sigma,rise,5.651000000e+00,1.037553751e-01,1.732709402e-02,9.374205789e-02,5.367960745e+02,false,0,3.916282258e+02,/mnt/pd/tema1/new/results/ml_samples/N2_sw0.22_x+1_i0024.h5
2,50,2.200000000e-01,1.000000000e+00,0,1.000000000e+00,6.619433198e-01,1214854419,gen_sigma,rise,2.395100000e+01,1.037452021e-01,1.527886872e-02,8.984906966e-02,4.168027829e+02,false,0,1.539059067e+03,/mnt/pd/tema1/new/results/ml_samples/N2_sw0.22_x+0_i0002.h5
2,50,2.200000000e-01,1.000000000e+00,1,1.097489111e+00,7.264755858e-01,1929738014,gen_sigma,rise,4.821000000e+00,1.156952240e-01,1.420429327e-02,8.774803691e-02,5.367960745e+02,false,0,2.921309665e+02,/mnt/pd/tema1/new/results/ml_samples/N2_sw0.22_x+1_i0030.h5
6,50,3.000000000e-01,1.000000000e+00,0,1.000000000e+00,2.206477733e-01,77447512,gen_N,fall,2.191100000e+01,2.232125902e-01,7.736644368e-02,1.249091382e-01,8.041508655e+00,false,0,5.227997076e+03,/mnt/pd/tema1/new/results/ml_samples/N6_sw0.30_x+0_i0024.h5
2,50,2.200000000e-01,1.000000000e+00,1,1.097489111e+00,7.264755858e-01,41499037,gen_sigma,rise,1.130100000e+01,1.079789654e-01,1.520463894e-02,9.060693678e-02,5.367960745e+02,false,0,7.357660119e+02,/mnt/pd/tema1/new/results/ml_samples/N2_sw0.22_x+1_i0014.h5
2,50,2.200000000e-01,1.000000000e+00,1,1.097489111e+00,7.264755858e-01,722316180,gen_sigma,rise,5.871000000e+00,1.039006943e-01,7.956630232e-03,9.181547160e-02,5.367960745e+02,false,0,3.417366584e+02,/mnt/pd/tema1/new/results/ml_samples/N2_sw0.22_x+1_i0040.h5
2,50,2.200000000e-01,1.000000000e+00,1,1.097489111e+00,7.264755858e-01,1015551273,gen_sigma,rise,1.490100000e+01,1.065575580e-01,1.112405444e-02,9.254244172e-02,5.367960745e+02,false,0,9.210727761e+02,/mnt/pd/tema1/new/results/ml_samples/N2_sw0.22_x+1_i0006.h5
2,50,2.200000000e-01,1.000000000e+00,1,1.097489111e+00,7.264755858e-01,1800096866,gen_sigma,rise,1.422100000e+01,1.093703664e-01,1.514922705e-02,8.891628897e-02,5.367960745e+02,false,0,9.212229747e+02,/mnt/pd/tema1/new/results/ml_samples/N2_sw0.22_x+1_i0012.h5
4,50,2.200000000e-01,1.000000000e+00,-1,8.089044787e-01,2.677244580e-01,1338394834,gen_sigma,fall,1.221000000e+00,1.315562064e-01,2.258640700e-02,1.427364320e-01,3.312631665e+01,false,0,2.112026029e+02,/mnt/pd/tema1/new/results/ml_samples/N4_sw0.22_x-1_i0004.h5
2,50,2.200000000e-01,1.000000000e+00,0,1.000000000e+00,6.619433198e-01,51300468,gen_sigma,rise,2.824100000e+01,1.024530881e-01,1.097326042e-02,8.992966123e-02,4.168027829e+02,false,0,1.652327995e+03,/mnt/pd/tema1/new/results/ml_samples/N2_sw0.22_x+0_i0014.h5
2,50,2.200000000e-01,1.000000000e+00,1,1.097489111e+00,7.264755858e-01,1963578188,gen_sigma,rise,1.024100000e+01,1.007657380e-01,8.210525700e-03,9.376968729e-02,5.367960745e+02,false,0,6.882730368e+02,/mnt/pd/tema1/new/results/ml_samples/N2_sw0.22_x+1_i0026.h5
2,50,2.200000000e-01,1.000000000e+00,0,1.000000000e+00,6.619433198e-01,1976833586,gen_sigma,rise,1.819100000e+01,1.063263249e-01,1.486581914e-02,8.742434384e-02,4.168027829e+02,false,0,1.187389503e+03,/mnt/pd/tema1/new/results/ml_samples/N2_sw0.22_x+0_i0046.h5
2,50,2.200000000e-01,1.000000000e+00,1,1.097489111e+00,7.264755858e-01,818207443,gen_sigma,rise,6.201000000e+00,1.167668666e-01,2.249664877e-02,8.922745364e-02,5.367960745e+02,false,0,4.194723042e+02,/mnt/pd/tema1/new/results/ml_samples/N2_sw0.22_x+1_i0046.h5
4,50,2.200000000e-01,1.000000000e+00,-1,8.089044787e-01,2.677244580e-01,779321897,gen_sigma,fall,2.461000000e+00,1.739968226e-01,4.017830683e-02,1.181629784e-01,4.219747125e+01,false,0,4.275424911e+02,/mnt/pd/tema1/new/results/ml_samples/N4_sw0.22_x-1_i0000.h5
2,50,2.200000000e-01,1.000000000e+00,1,1.097489111e+00,7.264755858e-01,1523834396,gen_sigma,rise,1.314100000e+01,1.130040077e-01,1.619844507e-02,8.731831124e-02,5.367960745e+02,false,0,7.704190160e+02,/mnt/pd/tema1/new/results/ml_samples/N2_sw0.22_x+1_i0028.h5
4,50,2.200000000e-01,1.000000000e+00,-1,8.089044787e-01,2.677244580e-01,1986748161,gen_sigma,fall,1.551000000e+00,1.553657064e-01,3.394267386e-02,1.463934670e-01,9.330256858e+00,false,0,2.739577650e+02,/mnt/pd/tema1/new/results/ml_samples/N4_sw0.22_x-1_i0012.h5
2,50,2.200000000e-01,1.000000000e+00,1,1.097489111e+00,7.264755858e-01,1696770694,gen_sigma,rise,1.663100000e+01,1.125197242e-01,1.212967629e-02,8.371531931e-02,5.367960745e+02,false,0,1.104940098e+03,/mnt/pd/tema1/new/results/ml_samples/N2_sw0.22_x+1_i0016.h5
4,50,2.200000000e-01,1.000000000e+00,-1,8.089044787e-01,2.677244580e-01,816413809,gen_sigma,fall,3.471000000e+00,1.319610361e-01,2.468871492e-02,1.138858177e-01,3.684103841e+01,false,0,5.038534584e+02,/mnt/pd/tema1/new/results/ml_samples/N4_sw0.22_x-1_i0002.h5
2,50,2.200000000e-01,1.000000000e+00,0,1.000000000e+00,6.619433198e-01,1376611822,gen_sigma,rise,2.936100000e+01,1.027806151e-01,1.277721518e-02,9.065284144e-02,4.168027829e+02,false,0,1.644284474e+03,/mnt/pd/tema1/new/results/ml_samples/N2_sw0.22_x+0_i0034.h5
4,50,2.200000000e-01,1.000000000e+00,-1,8.089044787e-01,2.677244580e-01,792371369,gen_sigma,fall,2.071000000e+00,1.136232425e-01,2.599365754e-02,1.406242838e-01,3.556899898e+01,false,0,3.466603212e+02,/mnt/pd/tema1/new/results/ml_samples/N4_sw0.22_x-1_i0014.h5
4,50,2.200000000e-01,1.000000000e+00,-1,8.089044787e-01,2.677244580e-01,660707923,gen_sigma,fall,2.791000000e+00,1.199819034e-01,1.605466316e-02,1.339810852e-01,2.973833902e+01,false,0,4.192558958e+02,/mnt/pd/tema1/new/results/ml_samples/N4_sw0.22_x-1_i0010.h5
4,50,2.200000000e-01,1.000000000e+00,-1,8.089044787e-01,2.677244580e-01,222051497,gen_sigma,fall,2.201000000e+00,1.119344070e-01,2.008360444e-02,1.413443164e-01,3.582321546e+01,false,0,3.410242871e+02,/mnt/pd/tema1/new/results/ml_samples/N4_sw0.22_x-1_i0016.h5
4,50,2.200000000e-01,1.000000000e+00,-1,8.089044787e-01,2.677244580e-01,1136617883,gen_sigma,fall,1.801000000e+00,1.328506637e-01,4.107808780e-02,1.377414075e-01,4.219747125e+01,false,0,3.150595830e+02,/mnt/pd/tema1/new/results/ml_samples/N4_sw0.22_x-1_i0024.h5
2,50,2.200000000e-01,1.000000000e+00,0,1.000000000e+00,6.619433198e-01,1672747225,gen_sigma,rise,3.787100000e+01,1.018708443e-01,1.197944459e-02,9.292826497e-02,4.168027829e+02,false,0,2.111699178e+03,/mnt/pd/tema1/new/results/ml_samples/N2_sw0.22_x+0_i0008.h5
2,50,2.200000000e-01,1.000000000e+00,1,1.097489111e+00,7.264755858e-01,1380800740,gen_sigma,rise,1.829100000e+01,1.117444728e-01,1.487006438e-02,8.624725621e-02,5.367960745e+02,false,0,1.129698330e+03,/mnt/pd/tema1/new/results/ml_samples/N2_sw0.22_x+1_i0022.h5
2,50,2.200000000e-01,1.000000000e+00,1,1.097489111e+00,7.264755858e-01,1677822744,gen_sigma,rise,1.270100000e+01,1.109177233e-01,1.685293293e-02,9.264108967e-02,5.367960745e+02,false,0,8.015477881e+02,/mnt/pd/tema1/new/results/ml_samples/N2_sw0.22_x+1_i0048.h5
4,50,2.200000000e-01,1.000000000e+00,-1,8.089044787e-01,2.677244580e-01,1566789180,gen_sigma,fall,1.551000000e+00,1.130532007e-01,2.159272122e-02,1.398890501e-01,3.184654655e+01,false,0,2.554325208e+02,/mnt/pd/tema1/new/results/ml_samples/N4_sw0.22_x-1_i0034.h5
4,50,2.200000000e-01,1.000000000e+00,-1,8.089044787e-01,2.677244580e-01,1182775528,gen_sigma,fall,2.131000000e+00,1.349038058e-01,2.896798532e-02,1.344930094e-01,3.574076497e+01,false,0,3.496461329e+02,/mnt/pd/tema1/new/results/ml_samples/N4_sw0.22_x-1_i0030.h5
2,50,2.200000000e-01,1.000000000e+00,1,1.097489111e+00,7.264755858e-01,1863458521,gen_sigma,rise,1.793100000e+01,1.087618964e-01,1.493607765e-02,8.908008835e-02,5.367960745e+02,false,0,9.732873866e+02,/mnt/pd/tema1/new/results/ml_samples/N2_sw0.22_x+1_i0044.h5
4,50,2.200000000e-01,1.000000000e+00,-1,8.089044787e-01,2.677244580e-01,743252671,gen_sigma,fall,3.721000000e+00,1.314680007e-01,2.855753625e-02,1.320814619e-01,2.447022474e+01,false,0,5.745024377e+02,/mnt/pd/tema1/new/results/ml_samples/N4_sw0.22_x-1_i0018.h5
4,50,2.200000000e-01,1.000000000e+00,-1,8.089044787e-01,2.677244580e-01,1708755492,gen_sigma,fall,1.981000000e+00,1.246610861e-01,2.988623133e-02,1.351058565e-01,1.952356371e+01,false,0,3.153345860e+02,/mnt/pd/tema1/new/results/ml_samples/N4_sw0.22_x-1_i0036.h5
2,50,2.200000000e-01,1.000000000e+00,1,1.097489111e+00,7.264755858e-01,1854487792,gen_sigma,rise,1.796100000e+01,1.096271459e-01,1.459373085e-02,8.751458368e-02,5.367960745e+02,false,0,1.142069459e+03,/mnt/pd/tema1/new/results/ml_samples/N2_sw0.22_x+1_i0034.h5
4,50,2.200000000e-01,1.000000000e+00,-1,8.089044787e-01,2.677244580e-01,466434790,gen_sigma,fall,2.101000000e+00,1.368183924e-01,2.476403420e-02,1.258431093e-01,1.916263830e+01,false,0,3.516342434e+02,/mnt/pd/tema1/new/results/ml_samples/N4_sw0.22_x-1_i0042.h5
4,50,2.200000000e-01,1.000000000e+00,-1,8.089044787e-01,2.677244580e-01,1201231641,gen_sigma,fall,3.621000000e+00,1.963895352e-01,5.014973594e-02,1.287030867e-01,3.108063126e+01,false,0,5.241688444e+02,/mnt/pd/tema1/new/results/ml_samples/N4_sw0.22_x-1_i0028.h5
4,50,2.200000000e-01,1.000000000e+00,-1,8.089044787e-01,2.677244580e-01,1003204569,gen_sigma,fall,4.301000000e+00,1.385197950e-01,2.015096238e-02,1.197545896e-01,4.219747125e+01,false,0,6.241298152e+02,/mnt/pd/tema1/new/results/ml_samples/N4_sw0.22_x-1_i0026.h5
4,50,2.200000000e-01,1.000000000e+00,-1,8.089044787e-01,2.677244580e-01,1395762648,gen_sigma,fall,2.921000000e+00,1.606940135e-01,5.497729037e-02,1.370560936e-01,2.529269224e+01,false,0,4.937893368e+02,/mnt/pd/tema1/new/results/ml_samples/N4_sw0.22_x-1_i0038.h5
4,50,2.200000000e-01,1.000000000e+00,-1,8.089044787e-01,2.677244580e-01,225535087,gen_sigma,fall,5.441000000e+00,1.234488431e-01,1.852381059e-02,1.302408241e-01,2.446018658e+01,false,0,8.029511373e+02,/mnt/pd/tema1/new/results/ml_samples/N4_sw0.22_x-1_i0022.h5
2,50,2.200000000e-01,1.000000000e+00,1,1.097489111e+00,7.264755858e-01,749509246,gen_sigma,fall,2.297100000e+01,1.086702779e-01,1.314199849e-02,8.779446577e-02,5.367960745e+02,false,0,1.414029106e+03,/mnt/pd/tema1/new/results/ml_samples/N2_sw0.22_x+1_i0036.h5
4,50,2.200000000e-01,1.000000000e+00,-1,8.089044787e-01,2.677244580e-01,288423772,gen_sigma,fall,3.731000000e+00,1.354912681e-01,2.784273572e-02,1.194965779e-01,2.896508531e+01,false,0,5.375004029e+02,/mnt/pd/tema1/new/results/ml_samples/N4_sw0.22_x-1_i0046.h5
4,50,2.200000000e-01,1.000000000e+00,-1,8.089044787e-01,2.677244580e-01,1903910550,gen_sigma,fall,6.301000000e+00,1.425302389e-01,3.445071870e-02,1.216771186e-01,4.219747125e+01,false,0,9.682998742e+02,/mnt/pd/tema1/new/results/ml_samples/N4_sw0.22_x-1_i0020.h5
4,50,2.200000000e-01,1.000000000e+00,0,1.000000000e+00,3.309716599e-01,1061499661,gen_sigma,fall,2.851000000e+00,1.347572745e-01,1.939691932e-02,1.148729826e-01,5.873757315e+01,false,0,4.253997474e+02,/mnt/pd/tema1/new/results/ml_samples/N4_sw0.22_x+0_i0006.h5
6,50,3.000000000e-01,1.000000000e+00,1,1.388229907e+00,3.063098377e-01,1180599390,gen_N,rise,2.206100000e+01,2.143634607e-01,4.002536877e-02,1.049417070e-01,2.789085733e+01,false,0,5.251440539e+03,/mnt/pd/tema1/new/results/ml_samples/N6_sw0.30_x+1_i0012.h5
4,50,2.200000000e-01,1.000000000e+00,-1,8.089044787e-01,2.677244580e-01,62287347,gen_sigma,fall,5.871000000e+00,1.534944907e-01,3.422713497e-02,1.232581409e-01,3.923178678e+01,false,0,8.333296635e+02,/mnt/pd/tema1/new/results/ml_samples/N4_sw0.22_x-1_i0032.h5
4,50,2.200000000e-01,1.000000000e+00,0,1.000000000e+00,3.309716599e-01,2041016114,gen_sigma,fall,3.431000000e+00,1.534853261e-01,3.234488527e-02,1.081543017e-01,6.176760971e+01,false,0,5.349004363e+02,/mnt/pd/tema1/new/results/ml_samples/N4_sw0.22_x+0_i0008.h5
4,50,2.200000000e-01,1.000000000e+00,0,1.000000000e+00,3.309716599e-01,1623958611,gen_sigma,fall,2.591000000e+00,1.494812258e-01,5.274399340e-02,1.287898997e-01,6.022976488e+01,false,0,4.300148825e+02,/mnt/pd/tema1/new/results/ml_samples/N4_sw0.22_x+0_i0016.h5
4,50,2.200000000e-01,1.000000000e+00,-1,8.089044787e-01,2.677244580e-01,854778332,gen_sigma,fall,5.461000000e+00,1.353920934e-01,2.903110514e-02,1.159736873e-01,3.427358817e+01,false,0,8.691007790e+02,/mnt/pd/tema1/new/results/ml_samples/N4_sw0.22_x-1_i0044.h5
2,50,2.200000000e-01,1.000000000e+00,1,1.097489111e+00,7.264755858e-01,1653765364,gen_sigma,rise,3.592100000e+01,1.060515030e-01,9.773539553e-03,8.673934961e-02,5.367960745e+02,false,0,2.347946898e+03,/mnt/pd/tema1/new/results/ml_samples/N2_sw0.22_x+1_i0004.h5
2,50,2.200000000e-01,1.000000000e+00,1,1.097489111e+00,7.264755858e-01,1986305060,gen_sigma,fall,3.051100000e+01,1.067355278e-01,9.453172645e-03,8.566924726e-02,5.367960745e+02,false,0,1.836237029e+03,/mnt/pd/tema1/new/results/ml_samples/N2_sw0.22_x+1_i0032.h5
4,50,2.200000000e-01,1.000000000e+00,0,1.000000000e+00,3.309716599e-01,436037890,gen_sigma,fall,1.611000000e+00,1.421633394e-01,2.433265357e-02,1.392406297e-01,6.176760971e+01,false,0,2.973527524e+02,/mnt/pd/tema1/new/results/ml_samples/N4_sw0.22_x+0_i0032.h5
2,50,2.200000000e-01,1.000000000e+00,1,1.097489111e+00,7.264755858e-01,936232018,gen_sigma,rise,3.014100000e+01,1.099368398e-01,1.378614301e-02,8.565137027e-02,5.367960745e+02,false,0,1.793716250e+03,/mnt/pd/tema1/new/results/ml_samples/N2_sw0.22_x+1_i0042.h5
4,50,2.200000000e-01,1.000000000e+00,0,1.000000000e+00,3.309716599e-01,1077278903,gen_sigma,rise,4.331000000e+00,1.636327897e-01,3.898671851e-02,1.094112675e-01,6.176760971e+01,false,0,6.450654585e+02,/mnt/pd/tema1/new/results/ml_samples/N4_sw0.22_x+0_i0020.h5
6,50,3.000000000e-01,1.000000000e+00,1,1.388229907e+00,3.063098377e-01,1758884487,gen_N,rise,2.322100000e+01,2.231663893e-01,5.921646345e-02,1.176634553e-01,4.314363039e+01,false,0,5.917992122e+03,/mnt/pd/tema1/new/results/ml_samples/N6_sw0.30_x+1_i0008.h5
4,50,2.200000000e-01,1.000000000e+00,0,1.000000000e+00,3.309716599e-01,1206431676,gen_sigma,fall,1.221000000e+00,1.281825955e-01,2.067609729e-02,1.293165797e-01,4.103779934e+01,false,0,2.111536745e+02,/mnt/pd/tema1/new/results/ml_samples/N4_sw0.22_x+0_i0042.h5
6,50,3.000000000e-01,1.000000000e+00,-1,6.117700934e-01,1.349857089e-01,1952562431,gen_N,fall,2.960100000e+01,2.328453776e-01,9.319572270e-02,1.179890643e-01,1.135763473e+01,false,0,7.904574466e+03,/mnt/pd/tema1/new/results/ml_samples/N6_sw0.30_x-1_i0024.h5
4,50,2.200000000e-01,1.000000000e+00,0,1.000000000e+00,3.309716599e-01,1697243424,gen_sigma,fall,4.341000000e+00,1.259725639e-01,1.695739732e-02,1.269561796e-01,1.003517856e+01,false,0,6.980669519e+02,/mnt/pd/tema1/new/results/ml_samples/N4_sw0.22_x+0_i0026.h5
4,50,2.200000000e-01,1.000000000e+00,0,1.000000000e+00,3.309716599e-01,411812158,gen_sigma,fall,7.051000000e+00,1.621354966e-01,3.443843376e-02,1.102686142e-01,6.176760971e+01,false,0,1.013795314e+03,/mnt/pd/tema1/new/results/ml_samples/N4_sw0.22_x+0_i0010.h5
4,50,2.200000000e-01,1.000000000e+00,0,1.000000000e+00,3.309716599e-01,1215600344,gen_sigma,fall,7.141000000e+00,1.527834917e-01,3.137752704e-02,1.200849593e-01,6.176760971e+01,false,0,9.859131724e+02,/mnt/pd/tema1/new/results/ml_samples/N4_sw0.22_x+0_i0014.h5
4,50,2.200000000e-01,1.000000000e+00,0,1.000000000e+00,3.309716599e-01,1621831062,gen_sigma,fall,9.501000000e+00,1.523825293e-01,2.145154342e-02,1.113737261e-01,6.176760971e+01,false,0,1.312366198e+03,/mnt/pd/tema1/new/results/ml_samples/N4_sw0.22_x+0_i0000.h5
4,50,2.200000000e-01,1.000000000e+00,0,1.000000000e+00,3.309716599e-01,1665007911,gen_sigma,fall,7.211000000e+00,1.576286416e-01,2.275677470e-02,1.088804307e-01,6.176760971e+01,false,0,9.889780970e+02,/mnt/pd/tema1/new/results/ml_samples/N4_sw0.22_x+0_i0024.h5
4,50,2.200000000e-01,1.000000000e+00,-1,8.089044787e-01,2.677244580e-01,723213841,gen_sigma,fall,1.524100000e+01,1.443808661e-01,4.382176501e-02,1.210114021e-01,1.933069477e+01,false,0,2.213086181e+03,/mnt/pd/tema1/new/results/ml_samples/N4_sw0.22_x-1_i0006.h5
6,50,3.000000000e-01,1.000000000e+00,1,1.388229907e+00,3.063098377e-01,664240716,gen_N,fall,2.668100000e+01,2.066284490e-01,4.424481553e-02,1.010550167e-01,4.314363039e+01,false,0,6.321996238e+03,/mnt/pd/tema1/new/results/ml_samples/N6_sw0.30_x+1_i0010.h5
4,50,2.200000000e-01,1.000000000e+00,0,1.000000000e+00,3.309716599e-01,1610922529,gen_sigma,fall,7.641000000e+00,1.594679297e-01,4.190095728e-02,1.179645886e-01,5.417519013e+01,false,0,1.051094063e+03,/mnt/pd/tema1/new/results/ml_samples/N4_sw0.22_x+0_i0030.h5
4,50,2.200000000e-01,1.000000000e+00,0,1.000000000e+00,3.309716599e-01,1182236226,gen_sigma,rise,1.109100000e+01,1.567567258e-01,2.235754878e-02,1.035307926e-01,6.176760971e+01,false,0,1.650188961e+03,/mnt/pd/tema1/new/results/ml_samples/N4_sw0.22_x+0_i0002.h5
4,50,2.200000000e-01,1.000000000e+00,0,1.000000000e+00,3.309716599e-01,1899654027,gen_sigma,fall,9.981000000e+00,1.516985506e-01,2.923730952e-02,1.065252762e-01,5.977924738e+01,false,0,1.475745962e+03,/mnt/pd/tema1/new/results/ml_samples/N4_sw0.22_x+0_i0012.h5
4,50,2.200000000e-01,1.000000000e+00,1,1.191095521e+00,3.942188618e-01,963815639,gen_sigma,fall,4.771000000e+00,1.588629893e-01,3.326219378e-02,1.157623276e-01,9.975327422e+01,false,0,6.792745754e+02,/mnt/pd/tema1/new/results/ml_samples/N4_sw0.22_x+1_i0000.h5
4,50,2.200000000e-01,1.000000000e+00,1,1.191095521e+00,3.942188618e-01,411140854,gen_sigma,rise,3.451000000e+00,1.464773428e-01,2.156519081e-02,1.176260855e-01,9.975327422e+01,false,0,5.136936558e+02,/mnt/pd/tema1/new/results/ml_samples/N4_sw0.22_x+1_i0010.h5
4,50,2.200000000e-01,1.000000000e+00,0,1.000000000e+00,3.309716599e-01,1174432165,gen_sigma,rise,9.911000000e+00,1.556913300e-01,2.568586881e-02,1.190310958e-01,6.176760971e+01,false,0,1.332474070e+03,/mnt/pd/tema1/new/results/ml_samples/N4_sw0.22_x+0_i0022.h5
4,50,2.200000000e-01,1.000000000e+00,1,1.191095521e+00,3.942188618e-01,1482932716,gen_sigma,fall,1.771000000e+00,1.547958595e-01,2.459708415e-02,1.215153362e-01,9.708576400e+01,false,0,2.949667080e+02,/mnt/pd/tema1/new/results/ml_samples/N4_sw0.22_x+1_i0016.h5
4,50,2.200000000e-01,1.000000000e+00,0,1.000000000e+00,3.309716599e-01,1715546460,gen_sigma,fall,7.091000000e+00,1.387013453e-01,1.607320363e-02,1.107296981e-01,6.176760971e+01,false,0,9.755570716e+02,/mnt/pd/tema1/new/results/ml_samples/N4_sw0.22_x+0_i0044.h5
4,50,2.200000000e-01,1.000000000e+00,0,1.000000000e+00,3.309716599e-01,1041534412,gen_sigma,rise,1.352100000e+01,1.492912009e-01,2.910647151e-02,1.099837964e-01,6.176760971e+01,false,0,1.821663062e+03,/mnt/pd/tema1/new/results/ml_samples/N4_sw0.22_x+0_i0004.h5
4,50,2.200000000e-01,1.000000000e+00,1,1.191095521e+00,3.942188618e-01,2085617642,gen_sigma,fall,1.681000000e+00,1.477247131e-01,2.131445267e-02,1.316780911e-01,9.975327422e+01,false,0,2.709426348e+02,/mnt/pd/tema1/new/results/ml_samples/N4_sw0.22_x+1_i0032.h5
4,50,2.200000000e-01,1.000000000e+00,0,1.000000000e+00,3.309716599e-01,305506572,gen_sigma,rise,8.971000000e+00,1.432493133e-01,2.083149021e-02,1.154639732e-01,6.176760971e+01,false,0,1.226870496e+03,/mnt/pd/tema1/new/results/ml_samples/N4_sw0.22_x+0_i0040.h5
4,50,2.200000000e-01,1.000000000e+00,0,1.000000000e+00,3.309716599e-01,1485504125,gen_sigma,rise,9.651000000e+00,1.408682040e-01,1.961007446e-02,1.140308700e-01,6.176760971e+01,false,0,1.381764832e+03,/mnt/pd/tema1/new/results/ml_samples/N4_sw0.22_x+0_i0036.h5
4,50,2.200000000e-01,1.000000000e+00,0,1.000000000e+00,3.309716599e-01,2068190365,gen_sigma,rise,1.112100000e+01,1.550435988e-01,4.322826274e-02,1.102370451e-01,5.415382729e+01,false,0,1.522834812e+03,/mnt/pd/tema1/new/results/ml_samples/N4_sw0.22_x+0_i0034.h5
4,50,2.200000000e-01,1.000000000e+00,0,1.000000000e+00,3.309716599e-01,458189978,gen_sigma,rise,1.003100000e+01,1.400793064e-01,2.669191585e-02,1.181560850e-01,4.274804059e+01,false,0,1.490231019e+03,/mnt/pd/tema1/new/results/ml_samples/N4_sw0.22_x+0_i0038.h5
4,50,2.200000000e-01,1.000000000e+00,1,1.191095521e+00,3.942188618e-01,1475816777,gen_sigma,rise,8.331000000e+00,1.462498990e-01,1.737263536e-02,1.155785983e-01,9.871048909e+00,false,0,1.147617645e+03,/mnt/pd/tema1/new/results/ml_samples/N4_sw0.22_x+1_i0006.h5
4,50,2.200000000e-01,1.000000000e+00,1,1.191095521e+00,3.942188618e-01,1763638033,gen_sigma,rise,4.741000000e+00,1.641439869e-01,2.956481199e-02,1.153540359e-01,9.975327422e+01,false,0,6.966001453e+02,/mnt/pd/tema1/new/results/ml_samples/N4_sw0.22_x+1_i0018.h5
1,50,1.500000000e-01,1.000000000e+00,-4,8.617657105e-01,1.140880111e+00,936349268,main,fall,2.161000000e+00,3.772486231e-02,4.876011930e-02,2.025290159e-03,,false,0,6.410403719e+01,/mnt/pd/tema1/new/results/ml_samples/N1_sw0.15_x-4_i0000.h5
1,50,1.500000000e-01,1.000000000e+00,-4,8.617657105e-01,1.140880111e+00,456770180,main,fall,1.511000000e+00,5.944797154e-02,6.720868998e-02,2.414158672e-03,,false,0,4.713509677e+01,/mnt/pd/tema1/new/results/ml_samples/N1_sw0.15_x-4_i0002.h5
4,50,2.200000000e-01,1.000000000e+00,1,1.191095521e+00,3.942188618e-01,250671154,gen_sigma,rise,3.811000000e+00,1.422574582e-01,1.259737649e-02,1.140378328e-01,9.975327422e+01,false,0,5.471945464e+02,/mnt/pd/tema1/new/results/ml_samples/N4_sw0.22_x+1_i0036.h5
1,50,1.500000000e-01,1.000000000e+00,-4,8.617657105e-01,1.140880111e+00,453955495,main,fall,2.331000000e+00,4.131732281e-02,5.214392089e-02,1.271152305e-03,,false,0,6.944796731e+01,/mnt/pd/tema1/new/results/ml_samples/N1_sw0.15_x-4_i0004.h5
1,50,1.500000000e-01,1.000000000e+00,-4,8.617657105e-01,1.140880111e+00,1960854644,main,fall,2.251000000e+00,3.670987510e-02,4.861058599e-02,1.190713447e-03,,false,0,6.664156467e+01,/mnt/pd/tema1/new/results/ml_samples/N1_sw0.15_x-4_i0006.h5
1,50,1.500000000e-01,1.000000000e+00,-4,8.617657105e-01,1.140880111e+00,243884646,main,fall,1.161000000e+00,6.152407417e-02,5.837964611e-02,1.995084870e-03,,false,0,3.712537713e+01,/mnt/pd/tema1/new/results/ml_samples/N1_sw0.15_x-4_i0010.h5
2,50,2.200000000e-01,1.000000000e+00,1,1.097489111e+00,7.264755858e-01,19149287,gen_sigma,rise,5.707100000e+01,1.074670727e-01,1.075389797e-02,8.693603782e-02,5.367960745e+02,false,0,3.388043346e+03,/mnt/pd/tema1/new/results/ml_samples/N2_sw0.22_x+1_i0038.h5
1,50,1.500000000e-01,1.000000000e+00,-4,8.617657105e-01,1.140880111e+00,346304198,main,fall,1.741000000e+00,5.009046175e-02,5.886763425e-02,1.727507674e-03,,false,0,5.211355288e+01,/mnt/pd/tema1/new/results/ml_samples/N1_sw0.15_x-4_i0008.h5
4,50,2.200000000e-01,1.000000000e+00,1,1.191095521e+00,3.942188618e-01,1530121518,gen_sigma,rise,8.111000000e+00,1.403277188e-01,1.190697110e-02,1.142109418e-01,9.975327422e+01,false,0,1.127294984e+03,/mnt/pd/tema1/new/results/ml_samples/N4_sw0.22_x+1_i0014.h5
1,50,1.500000000e-01,1.000000000e+00,-4,8.617657105e-01,1.140880111e+00,1344589456,main,fall,1.171000000e+00,6.342866692e-02,6.459154682e-02,2.117641775e-03,,false,0,3.729303244e+01,/mnt/pd/tema1/new/results/ml_samples/N1_sw0.15_x-4_i0014.h5
1,50,1.500000000e-01,1.000000000e+00,-4,8.617657105e-01,1.140880111e+00,371964805,main,fall,1.921000000e+00,4.877689344e-02,5.603962469e-02,1.933221652e-03,,false,0,5.710737013e+01,/mnt/pd/tema1/new/results/ml_samples/N1_sw0.15_x-4_i0018.h5
1,50,1.500000000e-01,1.000000000e+00,-4,8.617657105e-01,1.140880111e+00,458277658,main,fall,1.151000000e+00,6.120043285e-02,5.408405102e-02,1.704461449e-03,,false,0,3.683598571e+01,/mnt/pd/tema1/new/results/ml_samples/N1_sw0.15_x-4_i0020.h5
1,50,1.500000000e-01,1.000000000e+00,-4,8.617657105e-01,1.140880111e+00,2019150226,main,fall,3.861000000e+00,3.349631138e-02,4.025774815e-02,1.384484681e-03,,false,0,1.099388861e+02,/mnt/pd/tema1/new/results/ml_samples/N1_sw0.15_x-4_i0012.h5
1,50,1.500000000e-01,1.000000000e+00,-4,8.617657105e-01,1.140880111e+00,544476258,main,fall,1.541000000e+00,5.349106930e-02,6.969525814e-02,2.021981424e-03,,false,0,4.744963194e+01,/mnt/pd/tema1/new/results/ml_samples/N1_sw0.15_x-4_i0022.h5
1,50,1.500000000e-01,1.000000000e+00,-4,8.617657105e-01,1.140880111e+00,522657090,main,fall,2.891000000e+00,3.802034633e-02,4.795040441e-02,1.708581409e-03,,false,0,8.380143686e+01,/mnt/pd/tema1/new/results/ml_samples/N1_sw0.15_x-4_i0016.h5
1,50,1.500000000e-01,1.000000000e+00,-4,8.617657105e-01,1.140880111e+00,2076278118,main,fall,1.501000000e+00,5.034982724e-02,4.200362666e-02,1.758057472e-03,,false,0,4.632154504e+01,/mnt/pd/tema1/new/results/ml_samples/N1_sw0.15_x-4_i0026.h5
4,50,2.200000000e-01,1.000000000e+00,1,1.191095521e+00,3.942188618e-01,604460405,gen_sigma,rise,5.901000000e+00,1.600453688e-01,3.105610004e-02,1.090286790e-01,9.476974347e+01,false,0,8.581451466e+02,/mnt/pd/tema1/new/results/ml_samples/N4_sw0.22_x+1_i0024.h5
1,50,1.500000000e-01,1.000000000e+00,-4,8.617657105e-01,1.140880111e+00,110287079,main,fall,1.781000000e+00,5.957750363e-02,6.728313291e-02,2.472857829e-03,,false,0,5.382745819e+01,/mnt/pd/tema1/new/results/ml_samples/N1_sw0.15_x-4_i0030.h5
1,50,1.500000000e-01,1.000000000e+00,-4,8.617657105e-01,1.140880111e+00,2004897753,main,fall,1.101000000e+00,6.644596484e-02,6.855856475e-02,1.771104150e-03,,false,0,3.550982255e+01,/mnt/pd/tema1/new/results/ml_samples/N1_sw0.15_x-4_i0034.h5
1,50,1.500000000e-01,1.000000000e+00,-4,8.617657105e-01,1.140880111e+00,732726018,main,fall,2.851000000e+00,2.667619597e-02,3.726671552e-02,1.569436688e-03,,false,0,8.308063824e+01,/mnt/pd/tema1/new/results/ml_samples/N1_sw0.15_x-4_i0024.h5
1,50,1.500000000e-01,1.000000000e+00,-4,8.617657105e-01,1.140880111e+00,51653589,main,fall,2.081000000e+00,4.021972932e-02,6.300431288e-02,1.597981538e-03,,false,0,6.182934998e+01,/mnt/pd/tema1/new/results/ml_samples/N1_sw0.15_x-4_i0032.h5
6,50,3.000000000e-01,1.000000000e+00,1,1.388229907e+00,3.063098377e-01,1730822479,gen_N,rise,2.098100000e+01,2.174048964e-01,6.152813618e-02,1.112217942e-01,4.314363039e+01,false,0,5.583927915e+03,/mnt/pd/tema1/new/results/ml_samples/N6_sw0.30_x+1_i0048.h5
1,50,1.500000000e-01,1.000000000e+00,-4,8.617657105e-01,1.140880111e+00,602634862,main,fall,2.441000000e+00,4.602863505e-02,5.931606695e-02,2.060361502e-03,,false,0,7.190923402e+01,/mnt/pd/tema1/new/results/ml_samples/N1_sw0.15_x-4_i0028.h5
4,50,2.200000000e-01,1.000000000e+00,1,1.191095521e+00,3.942188618e-01,1535115409,gen_sigma,rise,6.231000000e+00,1.661163651e-01,3.116751197e-02,1.151275347e-01,9.975327422e+01,false,0,8.756057339e+02,/mnt/pd/tema1/new/results/ml_samples/N4_sw0.22_x+1_i0030.h5
1,50,1.500000000e-01,1.000000000e+00,-4,8.617657105e-01,1.140880111e+00,1704786874,main,fall,1.301000000e+00,5.606976457e-02,6.535523623e-02,2.084436542e-03,,false,0,4.161552267e+01,/mnt/pd/tema1/new/results/ml_samples/N1_sw0.15_x-4_i0038.h5
4,50,2.200000000e-01,1.000000000e+00,1,1.191095521e+00,3.942188618e-01,837599393,gen_sigma,rise,6.221000000e+00,1.497564173e-01,1.739075269e-02,1.103439528e-01,9.975327422e+01,false,0,8.967155866e+02,/mnt/pd/tema1/new/results/ml_samples/N4_sw0.22_x+1_i0028.h5
4,50,2.200000000e-01,1.000000000e+00,1,1.191095521e+00,3.942188618e-01,237004655,gen_sigma,rise,5.961000000e+00,1.650814810e-01,2.219719167e-02,9.822816291e-02,9.975327422e+01,false,0,8.260568607e+02,/mnt/pd/tema1/new/results/ml_samples/N4_sw0.22_x+1_i0034.h5
1,50,1.500000000e-01,1.000000000e+00,-4,8.617657105e-01,1.140880111e+00,1545197801,main,fall,1.071000000e+00,6.448734680e-02,6.613855417e-02,1.423740419e-03,,false,0,3.550180088e+01,/mnt/pd/tema1/new/results/ml_samples/N1_sw0.15_x-4_i0042.h5
1,50,1.500000000e-01,1.000000000e+00,-4,8.617657105e-01,1.140880111e+00,567054270,main,fall,1.171000000e+00,6.620145194e-02,6.662438548e-02,1.879635620e-03,,false,0,3.738872838e+01,/mnt/pd/tema1/new/results/ml_samples/N1_sw0.15_x-4_i0046.h5
1,50,1.500000000e-01,1.000000000e+00,-4,8.617657105e-01,1.140880111e+00,642745692,main,fall,1.441000000e+00,5.364402970e-02,4.703590067e-02,1.529327378e-03,,false,0,4.464814676e+01,/mnt/pd/tema1/new/results/ml_samples/N1_sw0.15_x-4_i0044.h5
1,50,1.500000000e-01,1.000000000e+00,-4,8.617657105e-01,1.140880111e+00,1337500407,main,fall,1.281000000e+00,5.569160830e-02,6.146894971e-02,1.442197498e-03,,false,0,4.019096477e+01,/mnt/pd/tema1/new/results/ml_samples/N1_sw0.15_x-4_i0056.h5
1,50,1.500000000e-01,1.000000000e+00,-4,8.617657105e-01,1.140880111e+00,771547251,main,fall,2.791000000e+00,3.057070649e-02,3.764645565e-02,1.112249538e-03,,false,0,8.097382044e+01,/mnt/pd/tema1/new/results/ml_samples/N1_sw0.15_x-4_i0040.h5
1,50,1.500000000e-01,1.000000000e+00,-4,8.617657105e-01,1.140880111e+00,680258639,main,fall,2.561000000e+00,4.576168126e-02,5.293251769e-02,1.832114263e-03,,false,0,7.558184945e+01,/mnt/pd/tema1/new/results/ml_samples/N1_sw0.15_x-4_i0048.h5
1,50,1.500000000e-01,1.000000000e+00,-4,8.617657105e-01,1.140880111e+00,815387893,main,fall,1.481000000e+00,5.187069258e-02,6.436904480e-02,1.943254905e-03,,false,0,4.550917059e+01,/mnt/pd/tema1/new/results/ml_samples/N1_sw0.15_x-4_i0058.h5
1,50,1.500000000e-01,1.000000000e+00,-4,8.617657105e-01,1.140880111e+00,620633931,main,fall,1.271000000e+00,6.927019939e-02,6.477318743e-02,2.346455924e-03,,false,0,3.993510097e+01,/mnt/pd/tema1/new/results/ml_samples/N1_sw0.15_x-4_i0062.h5
1,50,1.500000000e-01,1.000000000e+00,-4,8.617657105e-01,1.140880111e+00,1499339047,main,fall,2.261000000e+00,3.864642856e-02,4.043035647e-02,1.753003629e-03,,false,0,6.673462411e+01,/mnt/pd/tema1/new/results/ml_samples/N1_sw0.15_x-4_i0060.h5
1,50,1.500000000e-01,1.000000000e+00,-4,8.617657105e-01,1.140880111e+00,2016493189,main,fall,3.041000000e+00,3.419259322e-02,4.840458288e-02,1.424273635e-03,,false,0,8.852181731e+01,/mnt/pd/tema1/new/results/ml_samples/N1_sw0.15_x-4_i0054.h5
1,50,1.500000000e-01,1.000000000e+00,-4,8.617657105e-01,1.140880111e+00,660925527,main,fall,1.281000000e+00,5.398829858e-02,6.269085253e-02,1.362124333e-03,,false,0,4.047190501e+01,/mnt/pd/tema1/new/results/ml_samples/N1_sw0.15_x-4_i0070.h5
1,50,1.500000000e-01,1.000000000e+00,-4,8.617657105e-01,1.140880111e+00,617790487,main,fall,1.421000000e+00,4.966000693e-02,6.369705497e-02,1.333324737e-03,,false,0,4.416825678e+01,/mnt/pd/tema1/new/results/ml_samples/N1_sw0.15_x-4_i0066.h5
1,50,1.500000000e-01,1.000000000e+00,-4,8.617657105e-01,1.140880111e+00,1930400265,main,fall,5.891000000e+00,2.331454921e-02,3.798582645e-02,1.394753437e-03,,false,0,1.638939862e+02,/mnt/pd/tema1/new/results/ml_samples/N1_sw0.15_x-4_i0036.h5
1,50,1.500000000e-01,1.000000000e+00,-4,8.617657105e-01,1.140880111e+00,1055161465,main,fall,2.021000000e+00,4.519239855e-02,5.725870672e-02,1.761216663e-03,,false,0,6.008156889e+01,/mnt/pd/tema1/new/results/ml_samples/N1_sw0.15_x-4_i0064.h5
1,50,1.500000000e-01,1.000000000e+00,-4,8.617657105e-01,1.140880111e+00,1946501796,main,fall,2.121000000e+00,4.520083241e-02,6.233707992e-02,1.799570413e-03,,false,0,6.329300223e+01,/mnt/pd/tema1/new/results/ml_samples/N1_sw0.15_x-4_i0068.h5
1,50,1.500000000e-01,1.000000000e+00,-4,8.617657105e-01,1.140880111e+00,1920233872,main,fall,4.261000000e+00,2.583274217e-02,3.690151992e-02,1.109303388e-03,,false,0,1.201153923e+02,/mnt/pd/tema1/new/results/ml_samples/N1_sw0.15_x-4_i0050.h5
4,50,2.200000000e-01,1.000000000e+00,1,1.191095521e+00,3.942188618e-01,972698603,gen_sigma,rise,7.451000000e+00,1.483110190e-01,2.348213746e-02,1.114662244e-01,9.975327422e+01,false,0,1.026000927e+03,/mnt/pd/tema1/new/results/ml_samples/N4_sw0.22_x+1_i0026.h5
1,50,1.500000000e-01,1.000000000e+00,-4,8.617657105e-01,1.140880111e+00,591980051,main,fall,2.211000000e+00,3.655249380e-02,5.012001904e-02,1.332258698e-03,,false,0,6.518702730e+01,/mnt/pd/tema1/new/results/ml_samples/N1_sw0.15_x-4_i0072.h5
1,50,1.500000000e-01,1.000000000e+00,-4,8.617657105e-01,1.140880111e+00,1295853663,main,fall,1.711000000e+00,4.792824197e-02,5.042416005e-02,2.112819135e-03,,false,0,5.212532091e+01,/mnt/pd/tema1/new/results/ml_samples/N1_sw0.15_x-4_i0076.h5
1,50,1.500000000e-01,1.000000000e+00,-4,8.617657105e-01,1.140880111e+00,1042833526,main,fall,1.721000000e+00,4.333256985e-02,5.406627571e-02,1.501077371e-03,,false,0,5.261819239e+01,/mnt/pd/tema1/new/results/ml_samples/N1_sw0.15_x-4_i0080.h5
1,50,1.500000000e-01,1.000000000e+00,-4,8.617657105e-01,1.140880111e+00,1035544452,main,fall,1.401000000e+00,6.077378195e-02,7.242305906e-02,1.486523166e-03,,false,0,4.498309937e+01,/mnt/pd/tema1/new/results/ml_samples/N1_sw0.15_x-4_i0082.h5
1,50,1.500000000e-01,1.000000000e+00,-4,8.617657105e-01,1.140880111e+00,380525167,main,fall,5.171000000e+00,3.506699582e-02,4.097953001e-02,1.544074428e-03,,false,0,1.459212384e+02,/mnt/pd/tema1/new/results/ml_samples/N1_sw0.15_x-4_i0052.h5
1,50,1.500000000e-01,1.000000000e+00,-4,8.617657105e-01,1.140880111e+00,1996763232,main,fall,1.631000000e+00,4.890578500e-02,6.733715515e-02,1.819589533e-03,,false,0,4.957572333e+01,/mnt/pd/tema1/new/results/ml_samples/N1_sw0.15_x-4_i0084.h5
1,50,1.500000000e-01,1.000000000e+00,-4,8.617657105e-01,1.140880111e+00,1896930411,main,fall,1.501000000e+00,5.564159934e-02,5.917884461e-02,2.007911654e-03,,false,0,4.634205592e+01,/mnt/pd/tema1/new/results/ml_samples/N1_sw0.15_x-4_i0086.h5
1,50,1.500000000e-01,1.000000000e+00,-4,8.617657105e-01,1.140880111e+00,1423368747,main,fall,1.501000000e+00,4.616503139e-02,4.606167783e-02,1.382160239e-03,,false,0,4.561670983e+01,/mnt/pd/tema1/new/results/ml_samples/N1_sw0.15_x-4_i0088.h5
4,50,2.200000000e-01,1.000000000e+00,1,1.191095521e+00,3.942188618e-01,1072482664,gen_sigma,rise,4.441000000e+00,1.578861052e-01,2.148861017e-02,1.027020536e-01,9.975327422e+01,false,0,6.324978078e+02,/mnt/pd/tema1/new/results/ml_samples/N4_sw0.22_x+1_i0046.h5
1,50,1.500000000e-01,1.000000000e+00,-4,8.617657105e-01,1.140880111e+00,1553736108,main,fall,3.341000000e+00,3.655645066e-02,4.495266914e-02,1.680320651e-03,,false,0,9.627914917e+01,/mnt/pd/tema1/new/results/ml_samples/N1_sw0.15_x-4_i0074.h5
1,50,1.500000000e-01,1.000000000e+00,-4,8.617657105e-01,1.140880111e+00,126425654,main,fall,2.801000000e+00,3.278264751e-02,4.686293186e-02,1.430587395e-03,,false,0,8.199231290e+01,/mnt/pd/tema1/new/results/ml_samples/N1_sw0.15_x-4_i0078.h5
1,50,1.500000000e-01,1.000000000e+00,-4,8.617657105e-01,1.140880111e+00,1812898685,main,fall,2.281000000e+00,5.077369061e-02,4.349611121e-02,2.116251327e-03,,false,0,6.721595445e+01,/mnt/pd/tema1/new/results/ml_samples/N1_sw0.15_x-4_i0092.h5
1,50,1.500000000e-01,1.000000000e+00,-4,8.617657105e-01,1.140880111e+00,1110664806,main,fall,1.491000000e+00,5.842704620e-02,6.127972814e-02,2.534460964e-03,,false,0,4.638624160e+01,/mnt/pd/tema1/new/results/ml_samples/N1_sw0.15_x-4_i0096.h5
1,50,1.500000000e-01,1.000000000e+00,-4,8.617657105e-01,1.140880111e+00,2025985571,main,fall,1.941000000e+00,3.628746410e-02,5.165019142e-02,1.297848753e-03,,false,0,5.830902530e+01,/mnt/pd/tema1/new/results/ml_samples/N1_sw0.15_x-4_i0094.h5
4,50,2.200000000e-01,1.000000000e+00,0,1.000000000e+00,3.309716599e-01,820601495,gen_sigma,rise,1.374100000e+01,1.523470717e-01,3.136239809e-02,1.117851451e-01,6.176760971e+01,false,0,1.879740389e+03,/mnt/pd/tema1/new/results/ml_samples/N4_sw0.22_x+0_i0048.h5
1,50,1.500000000e-01,1.000000000e+00,-2,9.308828552e-01,1.232383375e+00,927688115,main,fall,1.891000000e+00,3.934583244e-02,5.007646044e-02,1.620522110e-03,,false,0,5.660808108e+01,/mnt/pd/tema1/new/results/ml_samples/N1_sw0.15_x-2_i0004.h5
1,50,1.500000000e-01,1.000000000e+00,-2,9.308828552e-01,1.232383375e+00,1888325782,main,fall,2.671000000e+00,4.030089325e-02,4.468302718e-02,1.577634305e-03,,false,0,7.752137593e+01,/mnt/pd/tema1/new/results/ml_samples/N1_sw0.15_x-2_i0002.h5
1,50,1.500000000e-01,1.000000000e+00,-2,9.308828552e-01,1.232383375e+00,572885997,main,fall,2.171000000e+00,3.869280581e-02,5.056072634e-02,1.367206902e-03,,false,0,6.456555438e+01,/mnt/pd/tema1/new/results/ml_samples/N1_sw0.15_x-2_i0012.h5
1,50,1.500000000e-01,1.000000000e+00,-4,8.617657105e-01,1.140880111e+00,253415762,main,fall,3.191000000e+00,3.139857900e-02,5.005916567e-02,1.618309352e-03,,false,0,9.224883661e+01,/mnt/pd/tema1/new/results/ml_samples/N1_sw0.15_x-4_i0098.h5
1,50,1.500000000e-01,1.000000000e+00,-2,9.308828552e-01,1.232383375e+00,2062383312,main,fall,2.621000000e+00,4.139900101e-02,4.403359456e-02,1.982642082e-03,,false,0,7.647659223e+01,/mnt/pd/tema1/new/results/ml_samples/N1_sw0.15_x-2_i0008.h5
1,50,1.500000000e-01,1.000000000e+00,-2,9.308828552e-01,1.232383375e+00,1142157157,main,fall,3.151000000e+00,3.215209739e-02,2.597536616e-02,1.344720128e-03,,false,0,8.965117178e+01,/mnt/pd/tema1/new/results/ml_samples/N1_sw0.15_x-2_i0006.h5
1,50,1.500000000e-01,1.000000000e+00,-2,9.308828552e-01,1.232383375e+00,264595424,main,fall,2.941000000e+00,2.834061617e-02,4.120888656e-02,1.049516907e-03,,false,0,8.488846552e+01,/mnt/pd/tema1/new/results/ml_samples/N1_sw0.15_x-2_i0010.h5
1,50,1.500000000e-01,1.000000000e+00,-4,8.617657105e-01,1.140880111e+00,235366955,main,fall,5.861000000e+00,2.698106567e-02,3.239176526e-02,1.272843953e-03,,false,0,1.645895598e+02,/mnt/pd/tema1/new/results/ml_samples/N1_sw0.15_x-4_i0090.h5
1,50,1.500000000e-01,1.000000000e+00,-2,9.308828552e-01,1.232383375e+00,1455142825,main,fall,3.311000000e+00,2.811830730e-02,4.796344477e-02,1.341079053e-03,,false,0,9.520636388e+01,/mnt/pd/tema1/new/results/ml_samples/N1_sw0.15_x-2_i0016.h5
1,50,1.500000000e-01,1.000000000e+00,-2,9.308828552e-01,1.232383375e+00,1371125014,main,fall,3.361000000e+00,3.007331523e-02,4.615780112e-02,1.187710405e-03,,false,0,9.661033596e+01,/mnt/pd/tema1/new/results/ml_samples/N1_sw0.15_x-2_i0020.h5
1,50,1.500000000e-01,1.000000000e+00,-2,9.308828552e-01,1.232383375e+00,585859748,main,fall,2.631000000e+00,3.463623972e-02,4.918998157e-02,1.102699816e-03,,false,0,7.785907025e+01,/mnt/pd/tema1/new/results/ml_samples/N1_sw0.15_x-2_i0026.h5
1,50,1.500000000e-01,1.000000000e+00,-2,9.308828552e-01,1.232383375e+00,1856667432,main,fall,2.741000000e+00,3.530268561e-02,4.294022714e-02,1.278729470e-03,,false,0,7.962763307e+01,/mnt/pd/tema1/new/results/ml_samples/N1_sw0.15_x-2_i0030.h5
1,50,1.500000000e-01,1.000000000e+00,-2,9.308828552e-01,1.232383375e+00,147299807,main,fall,4.781000000e+00,2.692898146e-02,3.213173689e-02,1.181133933e-03,,false,0,1.341088789e+02,/mnt/pd/tema1/new/results/ml_samples/N1_sw0.15_x-2_i0014.h5
1,50,1.500000000e-01,1.000000000e+00,-2,9.308828552e-01,1.232383375e+00,1920604482,main,fall,3.211000000e+00,3.151846641e-02,4.550659589e-02,1.082482237e-03,,false,0,9.314635445e+01,/mnt/pd/tema1/new/results/ml_samples/N1_sw0.15_x-2_i0028.h5
4,50,2.200000000e-01,1.000000000e+00,1,1.191095521e+00,3.942188618e-01,1726166719,gen_sigma,fall,1.377100000e+01,1.453248623e-01,1.446524388e-02,1.121959527e-01,5.699993566e+01,false,0,1.855616035e+03,/mnt/pd/tema1/new/results/ml_samples/N4_sw0.22_x+1_i0004.h5
1,50,1.500000000e-01,1.000000000e+00,-2,9.308828552e-01,1.232383375e+00,801210847,main,fall,4.061000000e+00,2.914802040e-02,3.232460529e-02,1.255483382e-03,,false,0,1.147316444e+02,/mnt/pd/tema1/new/results/ml_samples/N1_sw0.15_x-2_i0024.h5
1,50,1.500000000e-01,1.000000000e+00,-2,9.308828552e-01,1.232383375e+00,444460753,main,fall,3.341000000e+00,3.200904338e-02,4.152852358e-02,1.365882770e-03,,false,0,9.618887142e+01,/mnt/pd/tema1/new/results/ml_samples/N1_sw0.15_x-2_i0032.h5
1,50,1.500000000e-01,1.000000000e+00,-2,9.308828552e-01,1.232383375e+00,5013821,main,fall,1.881000000e+00,3.718427343e-02,4.808430420e-02,1.429040388e-03,,false,0,5.674808762e+01,/mnt/pd/tema1/new/results/ml_samples/N1_sw0.15_x-2_i0040.h5
1,50,1.500000000e-01,1.000000000e+00,-2,9.308828552e-01,1.232383375e+00,1989245028,main,fall,5.151000000e+00,3.648139753e-02,3.734033400e-02,2.094303272e-03,,false,0,1.442767831e+02,/mnt/pd/tema1/new/results/ml_samples/N1_sw0.15_x-2_i0022.h5
1,50,1.500000000e-01,1.000000000e+00,-2,9.308828552e-01,1.232383375e+00,835008162,main,fall,1.821000000e+00,4.780821260e-02,6.127616254e-02,1.469941308e-03,,false,0,5.539478749e+01,/mnt/pd/tema1/new/results/ml_samples/N1_sw0.15_x-2_i0046.h5
4,50,2.200000000e-01,1.000000000e+00,1,1.191095521e+00,3.942188618e-01,1238404453,gen_sigma,rise,1.259100000e+01,1.502523756e-01,2.379290715e-02,1.069055801e-01,9.975327422e+01,false,0,1.704971621e+03,/mnt/pd/tema1/new/results/ml_samples/N4_sw0.22_x+1_i0012.h5
1,50,1.500000000e-01,1.000000000e+00,-2,9.308828552e-01,1.232383375e+00,1883502886,main,fall,1.351000000e+00,5.282037922e-02,5.528530369e-02,1.714727861e-03,,false,0,4.215482488e+01,/mnt/pd/tema1/new/results/ml_samples/N1_sw0.15_x-2_i0056.h5
1,50,1.500000000e-01,1.000000000e+00,-2,9.308828552e-01,1.232383375e+00,384912956,main,fall,9.321000000e+00,2.702058655e-02,2.616895523e-02,1.441474733e-03,,false,0,2.583166159e+02,/mnt/pd/tema1/new/results/ml_samples/N1_sw0.15_x-2_i0000.h5
1,50,1.500000000e-01,1.000000000e+00,-2,9.308828552e-01,1.232383375e+00,530426677,main,fall,2.961000000e+00,2.788308064e-02,3.628021103e-02,9.955514008e-04,,false,0,8.588685654e+01,/mnt/pd/tema1/new/results/ml_samples/N1_sw0.15_x-2_i0048.h5
1,50,1.500000000e-01,1.000000000e+00,-2,9.308828552e-01,1.232383375e+00,910803113,main,fall,2.541000000e+00,3.954515711e-02,3.952787091e-02,1.271763695e-03,,false,0,7.421137232e+01,/mnt/pd/tema1/new/results/ml_samples/N1_sw0.15_x-2_i0050.h5
1,50,1.500000000e-01,1.000000000e+00,-2,9.308828552e-01,1.232383375e+00,1972639726,main,fall,4.771000000e+00,2.879496050e-02,3.428689376e-02,1.301851596e-03,,false,0,1.352078836e+02,/mnt/pd/tema1/new/results/ml_samples/N1_sw0.15_x-2_i0036.h5
1,50,1.500000000e-01,1.000000000e+00,-2,9.308828552e-01,1.232383375e+00,417792846,main,fall,2.391000000e+00,2.956103006e-02,4.179757385e-02,1.215418591e-03,,false,0,6.988496771e+01,/mnt/pd/tema1/new/results/ml_samples/N1_sw0.15_x-2_i0058.h5
4,50,2.200000000e-01,1.000000000e+00,1,1.191095521e+00,3.942188618e-01,687455616,gen_sigma,rise,1.463100000e+01,1.610310265e-01,3.155551540e-02,1.114886630e-01,9.975327422e+01,false,0,1.962326795e+03,/mnt/pd/tema1/new/results/ml_samples/N4_sw0.22_x+1_i0002.h5
1,50,1.500000000e-01,1.000000000e+00,-2,9.308828552e-01,1.232383375e+00,1229764855,main,fall,2.371000000e+00,3.563771541e-02,4.833077624e-02,1.738767471e-03,,false,0,6.993095327e+01,/mnt/pd/tema1/new/results/ml_samples/N1_sw0.15_x-2_i0060.h5
1,50,1.500000000e-01,1.000000000e+00,-2,9.308828552e-01,1.232383375e+00,1044061614,main,fall,1.861000000e+00,5.378875865e-02,6.030617288e-02,1.711891065e-03,,false,0,5.605636878e+01,/mnt/pd/tema1/new/results/ml_samples/N1_sw0.15_x-2_i0064.h5
4,50,2.200000000e-01,1.000000000e+00,1,1.191095521e+00,3.942188618e-01,636493243,gen_sigma,rise,6.511000000e+00,1.523924652e-01,2.653696817e-02,1.162150233e-01,9.975327422e+01,false,0,1.001159582e+03,/mnt/pd/tema1/new/results/ml_samples/N4_sw0.22_x+1_i0042.h5
1,50,1.500000000e-01,1.000000000e+00,-2,9.308828552e-01,1.232383375e+00,635600374,main,fall,4.431000000e+00,2.441511985e-02,4.249732881e-02,1.360047418e-03,,false,0,1.249949660e+02,/mnt/pd/tema1/new/results/ml_samples/N1_sw0.15_x-2_i0054.h5
1,50,1.500000000e-01,1.000000000e+00,-2,9.308828552e-01,1.232383375e+00,2064239413,main,fall,5.541000000e+00,3.167839583e-02,2.458358358e-02,1.892676837e-03,,false,0,1.545054226e+02,/mnt/pd/tema1/new/results/ml_samples/N1_sw0.15_x-2_i0052.h5
1,50,1.500000000e-01,1.000000000e+00,-2,9.308828552e-01,1.232383375e+00,1738975054,main,fall,2.691000000e+00,4.148588610e-02,4.163433929e-02,1.425307933e-03,,false,0,7.813232623e+01,/mnt/pd/tema1/new/results/ml_samples/N1_sw0.15_x-2_i0076.h5
1,50,1.500000000e-01,1.000000000e+00,-2,9.308828552e-01,1.232383375e+00,710492600,main,fall,1.461000000e+00,4.521056657e-02,5.571966728e-02,1.710980353e-03,,false,0,4.507837435e+01,/mnt/pd/tema1/new/results/ml_samples/N1_sw0.15_x-2_i0084.h5
1,50,1.500000000e-01,1.000000000e+00,-2,9.308828552e-01,1.232383375e+00,449447466,main,fall,2.111000000e+00,3.788519764e-02,4.936397996e-02,1.355829090e-03,,false,0,6.296836131e+01,/mnt/pd/tema1/new/results/ml_samples/N1_sw0.15_x-2_i0082.h5
1,50,1.500000000e-01,1.000000000e+00,-2,9.308828552e-01,1.232383375e+00,864815207,main,fall,3.321000000e+00,3.171946075e-02,4.095950368e-02,1.294520623e-03,,false,0,9.437669946e+01,/mnt/pd/tema1/new/results/ml_samples/N1_sw0.15_x-2_i0074.h5
1,50,1.500000000e-01,1.000000000e+00,-2,9.308828552e-01,1.232383375e+00,102213623,main,fall,2.431000000e+00,4.119738922e-02,3.533788435e-02,1.575185118e-03,,false,0,7.088023335e+01,/mnt/pd/tema1/new/results/ml_samples/N1_sw0.15_x-2_i0080.h5
1,50,1.500000000e-01,1.000000000e+00,-2,9.308828552e-01,1.232383375e+00,2044837050,main,fall,1.611000000e+00,4.875391482e-02,5.671742521e-02,1.403182067e-03,,false,0,4.978133645e+01,/mnt/pd/tema1/new/results/ml_samples/N1_sw0.15_x-2_i0086.h5
1,50,1.500000000e-01,1.000000000e+00,-2,9.308828552e-01,1.232383375e+00,990164532,main,fall,8.831000000e+00,2.474566258e-02,2.864553051e-02,1.558298466e-03,,false,0,2.446096166e+02,/mnt/pd/tema1/new/results/ml_samples/N1_sw0.15_x-2_i0042.h5
1,50,1.500000000e-01,1.000000000e+00,-2,9.308828552e-01,1.232383375e+00,1659242554,main,fall,1.531000000e+00,6.031060605e-02,8.036801814e-02,1.580683910e-03,,false,0,4.918179314e+01,/mnt/pd/tema1/new/results/ml_samples/N1_sw0.15_x-2_i0088.h5
1,50,1.500000000e-01,1.000000000e+00,-2,9.308828552e-01,1.232383375e+00,1543663053,main,fall,1.011100000e+01,2.490481347e-02,2.056678006e-02,1.524616756e-03,,false,0,2.787861386e+02,/mnt/pd/tema1/new/results/ml_samples/N1_sw0.15_x-2_i0038.h5
1,50,1.500000000e-01,1.000000000e+00,-2,9.308828552e-01,1.232383375e+00,387407390,main,fall,5.721000000e+00,2.362475463e-02,2.480573747e-02,1.114695666e-03,,false,0,1.596452285e+02,/mnt/pd/tema1/new/results/ml_samples/N1_sw0.15_x-2_i0068.h5
1,50,1.500000000e-01,1.000000000e+00,-2,9.308828552e-01,1.232383375e+00,922436284,main,fall,5.111000000e+00,2.053776385e-02,2.795774805e-02,1.070894709e-03,,false,0,1.438161974e+02,/mnt/pd/tema1/new/results/ml_samples/N1_sw0.15_x-2_i0078.h5
1,50,1.500000000e-01,1.000000000e+00,-2,9.308828552e-01,1.232383375e+00,852940800,main,fall,2.721000000e+00,3.535820550e-02,4.654712434e-02,1.076346540e-03,,false,0,7.744975176e+01,/mnt/pd/tema1/new/results/ml_samples/N1_sw0.15_x-2_i0094.h5
1,50,1.500000000e-01,1.000000000e+00,-2,9.308828552e-01,1.232383375e+00,657277067,main,fall,3.181000000e+00,2.887316891e-02,3.761013889e-02,1.088958424e-03,,false,0,9.164270448e+01,/mnt/pd/tema1/new/results/ml_samples/N1_sw0.15_x-2_i0092.h5
1,50,1.500000000e-01,1.000000000e+00,-2,9.308828552e-01,1.232383375e+00,1009792546,main,fall,1.092100000e+01,2.249519609e-02,2.524321676e-02,1.261622190e-03,,false,0,3.008530544e+02,/mnt/pd/tema1/new/results/ml_samples/N1_sw0.15_x-2_i0044.h5
1,50,1.500000000e-01,1.000000000e+00,-2,9.308828552e-01,1.232383375e+00,1322194254,main,fall,3.321000000e+00,2.660725785e-02,3.217008459e-02,1.291598704e-03,,false,0,9.487341876e+01,/mnt/pd/tema1/new/results/ml_samples/N1_sw0.15_x-2_i0098.h5
4,50,2.200000000e-01,1.000000000e+00,0,1.000000000e+00,3.309716599e-01,1375326720,gen_sigma,fall,1.977100000e+01,1.543481779e-01,3.354036688e-02,1.096532159e-01,6.159880205e+01,false,0,2.639840579e+03,/mnt/pd/tema1/new/results/ml_samples/N4_sw0.22_x+0_i0028.h5
1,50,1.500000000e-01,1.000000000e+00,-1,9.654414276e-01,1.278135007e+00,1247059273,main,fall,3.211000000e+00,3.597978841e-02,3.892478839e-02,1.540396722e-03,,false,0,9.186562805e+01,/mnt/pd/tema1/new/results/ml_samples/N1_sw0.15_x-1_i0002.h5
1,50,1.500000000e-01,1.000000000e+00,-1,9.654414276e-01,1.278135007e+00,1725471598,main,fall,2.271000000e+00,3.309560824e-02,4.012605507e-02,1.301811785e-03,,false,0,6.720243923e+01,/mnt/pd/tema1/new/results/ml_samples/N1_sw0.15_x-1_i0008.h5
1,50,1.500000000e-01,1.000000000e+00,-2,9.308828552e-01,1.232383375e+00,1838739348,main,fall,1.520100000e+01,2.062896128e-02,2.027252953e-02,1.259960739e-03,,false,0,4.148532671e+02,/mnt/pd/tema1/new/results/ml_samples/N1_sw0.15_x-2_i0034.h5
1,50,1.500000000e-01,1.000000000e+00,-2,9.308828552e-01,1.232383375e+00,1080122218,main,rise,1.805100000e+01,1.939716269e-02,2.053005333e-02,1.021358939e-03,,false,0,4.914702477e+02,/mnt/pd/tema1/new/results/ml_samples/N1_sw0.15_x-2_i0018.h5
1,50,1.500000000e-01,1.000000000e+00,-2,9.308828552e-01,1.232383375e+00,1659104988,main,fall,6.561000000e+00,2.341869547e-02,2.261726311e-02,1.321462729e-03,,false,0,1.792233150e+02,/mnt/pd/tema1/new/results/ml_samples/N1_sw0.15_x-2_i0096.h5
1,50,1.500000000e-01,1.000000000e+00,-1,9.654414276e-01,1.278135007e+00,491624778,main,fall,3.001000000e+00,2.851482595e-02,3.962113819e-02,1.250243937e-03,,false,0,8.662684863e+01,/mnt/pd/tema1/new/results/ml_samples/N1_sw0.15_x-1_i0014.h5
1,50,1.500000000e-01,1.000000000e+00,-1,9.654414276e-01,1.278135007e+00,1853872674,main,fall,3.931000000e+00,2.833465810e-02,4.161998795e-02,1.273706094e-03,,false,0,1.111292429e+02,/mnt/pd/tema1/new/results/ml_samples/N1_sw0.15_x-1_i0010.h5
4,50,2.200000000e-01,1.000000000e+00,-1,8.089044787e-01,2.677244580e-01,169970336,gen_sigma,fall,2.583100000e+01,1.485555585e-01,3.803576742e-02,1.182791175e-01,3.354503795e+01,false,0,3.890737391e+03,/mnt/pd/tema1/new/results/ml_samples/N4_sw0.22_x-1_i0008.h5
4,50,2.200000000e-01,1.000000000e+00,1,1.191095521e+00,3.942188618e-01,1176347054,gen_sigma,rise,1.210100000e+01,1.544170679e-01,2.672680503e-02,1.023534121e-01,9.975327422e+01,false,0,1.700030842e+03,/mnt/pd/tema1/new/results/ml_samples/N4_sw0.22_x+1_i0020.h5
1,50,1.500000000e-01,1.000000000e+00,-1,9.654414276e-01,1.278135007e+00,41542500,main,fall,2.791000000e+00,2.985879937e-02,3.921938939e-02,1.315083116e-03,,false,0,8.097130405e+01,/mnt/pd/tema1/new/results/ml_samples/N1_sw0.15_x-1_i0028.h5
1,50,1.500000000e-01,1.000000000e+00,-2,9.308828552e-01,1.232383375e+00,459380839,main,fall,1.369100000e+01,2.055209059e-02,1.962429233e-02,1.148292832e-03,,false,0,3.725396460e+02,/mnt/pd/tema1/new/results/ml_samples/N1_sw0.15_x-2_i0072.h5
1,50,1.500000000e-01,1.000000000e+00,-1,9.654414276e-01,1.278135007e+00,68005388,main,fall,5.881000000e+00,2.710158641e-02,2.158621019e-02,1.156500492e-03,,false,0,1.636725077e+02,/mnt/pd/tema1/new/results/ml_samples/N1_sw0.15_x-1_i0020.h5
1,50,1.500000000e-01,1.000000000e+00,-1,9.654414276e-01,1.278135007e+00,1888149603,main,fall,4.901000000e+00,3.171717163e-02,4.179748376e-02,1.428868108e-03,,false,0,1.381951374e+02,/mnt/pd/tema1/new/results/ml_samples/N1_sw0.15_x-1_i0026.h5
4,50,2.200000000e-01,1.000000000e+00,1,1.191095521e+00,3.942188618e-01,178753521,gen_sigma,rise,1.013100000e+01,1.504139541e-01,2.271737186e-02,1.141259166e-01,9.975327422e+01,false,0,1.373492206e+03,/mnt/pd/tema1/new/results/ml_samples/N4_sw0.22_x+1_i0040.h5
1,50,1.500000000e-01,1.000000000e+00,-2,9.308828552e-01,1.232383375e+00,1059244600,main,fall,1.251100000e+01,2.417563066e-02,2.324301797e-02,1.173962705e-03,,false,0,3.418559200e+02,/mnt/pd/tema1/new/results/ml_samples/N1_sw0.15_x-2_i0090.h5
1,50,1.500000000e-01,1.000000000e+00,-1,9.654414276e-01,1.278135007e+00,216755295,main,fall,2.431000000e+00,4.047963013e-02,5.841508027e-02,1.244487892e-03,,false,0,7.177871877e+01,/mnt/pd/tema1/new/results/ml_samples/N1_sw0.15_x-1_i0038.h5
1,50,1.500000000e-01,1.000000000e+00,-1,9.654414276e-01,1.278135007e+00,964993556,main,fall,1.052100000e+01,1.575172740e-02,2.608774194e-02,1.080085560e-03,,false,0,2.911594821e+02,/mnt/pd/tema1/new/results/ml_samples/N1_sw0.15_x-1_i0006.h5
1,50,1.500000000e-01,1.000000000e+00,-2,9.308828552e-01,1.232383375e+00,589866589,main,fall,1.809100000e+01,2.122011847e-02,2.423824789e-02,1.234077186e-03,,false,0,4.931885169e+02,/mnt/pd/tema1/new/results/ml_samples/N1_sw0.15_x-2_i0070.h5
4,50,2.200000000e-01,1.000000000e+00,1,1.191095521e+00,3.942188618e-01,444397255,gen_sigma,rise,1.118100000e+01,1.658290087e-01,2.002179428e-02,1.015373576e-01,9.975327422e+01,false,0,1.530515448e+03,/mnt/pd/tema1/new/results/ml_samples/N4_sw0.22_x+1_i0038.h5
1,50,1.500000000e-01,1.000000000e+00,-1,9.654414276e-01,1.278135007e+00,904848475,main,fall,4.521000000e+00,2.293931965e-02,3.273615531e-02,1.180200405e-03,,false,0,1.266938989e+02,/mnt/pd/tema1/new/results/ml_samples/N1_sw0.15_x-1_i0040.h5
1,50,1.500000000e-01,1.000000000e+00,-1,9.654414276e-01,1.278135007e+00,442148896,main,fall,1.319100000e+01,2.181962458e-02,2.492321917e-02,1.202588338e-03,,false,0,3.621587719e+02,/mnt/pd/tema1/new/results/ml_samples/N1_sw0.15_x-1_i0000.h5
1,50,1.500000000e-01,1.000000000e+00,-1,9.654414276e-01,1.278135007e+00,680906464,main,fall,7.671000000e+00,2.691728499e-02,3.353010374e-02,1.342131853e-03,,false,0,2.127420962e+02,/mnt/pd/tema1/new/results/ml_samples/N1_sw0.15_x-1_i0032.h5
1,50,1.500000000e-01,1.000000000e+00,-2,9.308828552e-01,1.232383375e+00,2111472973,main,fall,2.017100000e+01,2.378321076e-02,2.299139199e-02,1.111268267e-03,,false,0,5.476439062e+02,/mnt/pd/tema1/new/results/ml_samples/N1_sw0.15_x-2_i0062.h5
1,50,1.500000000e-01,1.000000000e+00,-1,9.654414276e-01,1.278135007e+00,1306671915,main,fall,1.256100000e+01,2.092320014e-02,2.517995566e-02,1.123388994e-03,,false,0,3.449773055e+02,/mnt/pd/tema1/new/results/ml_samples/N1_sw0.15_x-1_i0012.h5
1,50,1.500000000e-01,1.000000000e+00,-1,9.654414276e-01,1.278135007e+00,779979594,main,fall,1.561000000e+00,4.635310469e-02,4.333804349e-02,1.249894546e-03,,false,0,4.813134488e+01,/mnt/pd/tema1/new/results/ml_samples/N1_sw0.15_x-1_i0054.h5
1,50,1.500000000e-01,1.000000000e+00,-1,9.654414276e-01,1.278135007e+00,905058014,main,fall,1.164100000e+01,2.337325751e-02,2.341115995e-02,1.204878365e-03,,false,0,3.206732151e+02,/mnt/pd/tema1/new/results/ml_samples/N1_sw0.15_x-1_i0018.h5
1,50,1.500000000e-01,1.000000000e+00,-1,9.654414276e-01,1.278135007e+00,2046173772,main,fall,5.171000000e+00,2.936767228e-02,3.039205598e-02,1.260201014e-03,,false,0,1.457429029e+02,/mnt/pd/tema1/new/results/ml_samples/N1_sw0.15_x-1_i0044.h5
1,50,1.500000000e-01,1.000000000e+00,-1,9.654414276e-01,1.278135007e+00,1131732040,main,fall,4.881000000e+00,1.877409830e-02,3.212201513e-02,8.064907007e-04,,false,0,1.375940636e+02,/mnt/pd/tema1/new/results/ml_samples/N1_sw0.15_x-1_i0046.h5
1,50,1.500000000e-01,1.000000000e+00,-1,9.654414276e-01,1.278135007e+00,497666822,main,fall,9.891000000e+00,2.373634595e-02,2.664081585e-02,1.105690134e-03,,false,0,2.727722778e+02,/mnt/pd/tema1/new/results/ml_samples/N1_sw0.15_x-1_i0030.h5
1,50,1.500000000e-01,1.000000000e+00,-1,9.654414276e-01,1.278135007e+00,1229254775,main,fall,2.131000000e+00,3.627375641e-02,5.054231997e-02,1.767679586e-03,,false,0,6.359905213e+01,/mnt/pd/tema1/new/results/ml_samples/N1_sw0.15_x-1_i0062.h5
1,50,1.500000000e-01,1.000000000e+00,-1,9.654414276e-01,1.278135007e+00,493175767,main,fall,2.491000000e+00,3.127340714e-02,4.115541436e-02,9.458558752e-04,,false,0,7.373642902e+01,/mnt/pd/tema1/new/results/ml_samples/N1_sw0.15_x-1_i0060.h5
1,50,1.500000000e-01,1.000000000e+00,-1,9.654414276e-01,1.278135007e+00,1718018518,main,fall,2.111000000e+00,4.061287203e-02,5.848837666e-02,1.188624004e-03,,false,0,6.410024879e+01,/mnt/pd/tema1/new/results/ml_samples/N1_sw0.15_x-1_i0066.h5
1,50,1.500000000e-01,1.000000000e+00,-1,9.654414276e-01,1.278135007e+00,1505655075,main,fall,2.021000000e+00,3.307978858e-02,4.742875982e-02,1.033697703e-03,,false,0,5.993354475e+01,/mnt/pd/tema1/new/results/ml_samples/N1_sw0.15_x-1_i0070.h5
1,50,1.500000000e-01,1.000000000e+00,-1,9.654414276e-01,1.278135007e+00,698230028,main,fall,1.135100000e+01,1.789023867e-02,2.468759101e-02,1.148343262e-03,,false,0,3.132436398e+02,/mnt/pd/tema1/new/results/ml_samples/N1_sw0.15_x-1_i0034.h5
1,50,1.500000000e-01,1.000000000e+00,-1,9.654414276e-01,1.278135007e+00,832408458,main,fall,2.401000000e+00,2.768606437e-02,3.378321254e-02,1.295928729e-03,,false,0,7.063311652e+01,/mnt/pd/tema1/new/results/ml_samples/N1_sw0.15_x-1_i0074.h5
1,50,1.500000000e-01,1.000000000e+00,-1,9.654414276e-01,1.278135007e+00,722029736,main,fall,2.451000000e+00,3.854206113e-02,5.145071896e-02,1.399195075e-03,,false,0,7.182614489e+01,/mnt/pd/tema1/new/results/ml_samples/N1_sw0.15_x-1_i0076.h5
1,50,1.500000000e-01,1.000000000e+00,-1,9.654414276e-01,1.278135007e+00,305734449,main,fall,2.891000000e+00,3.183021089e-02,3.868124260e-02,1.228834871e-03,,false,0,8.348132512e+01,/mnt/pd/tema1/new/results/ml_samples/N1_sw0.15_x-1_i0072.h5
1,50,1.500000000e-01,1.000000000e+00,-1,9.654414276e-01,1.278135007e+00,657803142,main,fall,2.351000000e+00,3.265075964e-02,4.885560159e-02,1.156124134e-03,,false,0,6.891095699e+01,/mnt/pd/tema1/new/results/ml_samples/N1_sw0.15_x-1_i0084.h5
1,50,1.500000000e-01,1.000000000e+00,-1,9.654414276e-01,1.278135007e+00,1019170769,main,fall,3.841000000e+00,3.085116282e-02,3.309212726e-02,1.152573563e-03,,false,0,1.094186380e+02,/mnt/pd/tema1/new/results/ml_samples/N1_sw0.15_x-1_i0080.h5
4,50,2.200000000e-01,1.000000000e+00,1,1.191095521e+00,3.942188618e-01,1837859467,gen_sigma,rise,1.515100000e+01,1.582986957e-01,2.263328746e-02,1.033521182e-01,9.975327422e+01,false,0,2.027271136e+03,/mnt/pd/tema1/new/results/ml_samples/N4_sw0.22_x+1_i0022.h5
1,50,1.500000000e-01,1.000000000e+00,-2,9.308828552e-01,1.232383375e+00,1108240725,main,fall,2.584100000e+01,2.287981147e-02,1.559626681e-02,1.182109485e-03,,false,0,7.047758571e+02,/mnt/pd/tema1/new/results/ml_samples/N1_sw0.15_x-2_i0066.h5
1,50,1.500000000e-01,1.000000000e+00,-1,9.654414276e-01,1.278135007e+00,1317268066,main,fall,2.241000000e+00,3.490856031e-02,4.450432238e-02,1.194877384e-03,,false,0,6.622877382e+01,/mnt/pd/tema1/new/results/ml_samples/N1_sw0.15_x-1_i0092.h5
1,50,1.500000000e-01,1.000000000e+00,-1,9.654414276e-01,1.278135007e+00,1220535647,main,fall,5.311000000e+00,2.735113397e-02,3.696876379e-02,1.163202604e-03,,false,0,1.495124051e+02,/mnt/pd/tema1/new/results/ml_samples/N1_sw0.15_x-1_i0078.h5
1,50,1.500000000e-01,1.000000000e+00,-1,9.654414276e-01,1.278135007e+00,500318579,main,rise,8.841000000e+00,2.230643499e-02,1.783788966e-02,1.146204429e-03,,false,0,2.448573285e+02,/mnt/pd/tema1/new/results/ml_samples/N1_sw0.15_x-1_i0056.h5
1,50,1.500000000e-01,1.000000000e+00,-1,9.654414276e-01,1.278135007e+00,635033614,main,fall,4.451000000e+00,2.332290343e-02,2.845550471e-02,1.266153864e-03,,false,0,1.260636489e+02,/mnt/pd/tema1/new/results/ml_samples/N1_sw0.15_x-1_i0088.h5
1,50,1.500000000e-01,1.000000000e+00,-1,9.654414276e-01,1.278135007e+00,644309276,main,fall,3.781000000e+00,3.414912922e-02,2.817612346e-02,1.164277346e-03,,false,0,1.072743543e+02,/mnt/pd/tema1/new/results/ml_samples/N1_sw0.15_x-1_i0094.h5
1,50,1.500000000e-01,1.000000000e+00,-1,9.654414276e-01,1.278135007e+00,584997717,main,fall,2.631000000e+00,3.364147508e-02,4.540303192e-02,1.192029162e-03,,false,0,7.713130043e+01,/mnt/pd/tema1/new/results/ml_samples/N1_sw0.15_x-1_i0104.h5
1,50,1.500000000e-01,1.000000000e+00,-1,9.654414276e-01,1.278135007e+00,2010548093,main,fall,1.281100000e+01,2.284023082e-02,1.681548889e-02,1.187795701e-03,,false,0,3.524038208e+02,/mnt/pd/tema1/new/results/ml_samples/N1_sw0.15_x-1_i0052.h5
1,50,1.500000000e-01,1.000000000e+00,-1,9.654414276e-01,1.278135007e+00,1842768314,main,fall,1.363100000e+01,2.328065480e-02,1.742457736e-02,1.307748231e-03,,false,0,3.739339598e+02,/mnt/pd/tema1/new/results/ml_samples/N1_sw0.15_x-1_i0048.h5
1,50,1.500000000e-01,1.000000000e+00,-1,9.654414276e-01,1.278135007e+00,426113489,main,fall,1.786100000e+01,2.294700729e-02,2.116639168e-02,1.227933837e-03,,false,0,4.837849407e+02,/mnt/pd/tema1/new/results/ml_samples/N1_sw0.15_x-1_i0036.h5
4,50,2.200000000e-01,1.000000000e+00,1,1.191095521e+00,3.942188618e-01,358712479,gen_sigma,rise,1.944100000e+01,1.560288722e-01,2.079040382e-02,1.010954206e-01,9.975327422e+01,false,0,2.596170010e+03,/mnt/pd/tema1/new/results/ml_samples/N4_sw0.22_x+1_i0008.h5
1,50,1.500000000e-01,1.000000000e+00,-1,9.654414276e-01,1.278135007e+00,1013642118,main,fall,1.608100000e+01,2.176033789e-02,2.279266273e-02,1.302874630e-03,,false,0,4.374593040e+02,/mnt/pd/tema1/new/results/ml_samples/N1_sw0.15_x-1_i0042.h5
1,50,1.500000000e-01,1.000000000e+00,-1,9.654414276e-01,1.278135007e+00,1647962531,main,fall,5.611000000e+00,2.916730122e-02,3.819053653e-02,1.525702116e-03,,false,0,1.578628679e+02,/mnt/pd/tema1/new/results/ml_samples/N1_sw0.15_x-1_i0096.h5
1,50,1.500000000e-01,1.000000000e+00,-1,9.654414276e-01,1.278135007e+00,1406345143,main,fall,3.711000000e+00,3.065444804e-02,3.930966876e-02,1.202711057e-03,,false,0,1.064688944e+02,/mnt/pd/tema1/new/results/ml_samples/N1_sw0.15_x-1_i0106.h5
1,50,1.500000000e-01,1.000000000e+00,-1,9.654414276e-01,1.278135007e+00,981546712,main,fall,1.291000000e+00,5.490219222e-02,5.084751574e-02,1.369089326e-03,,false,0,4.055314143e+01,/mnt/pd/tema1/new/results/ml_samples/N1_sw0.15_x-1_i0116.h5
1,50,1.500000000e-01,1.000000000e+00,-1,9.654414276e-01,1.278135007e+00,1154620101,main,rise,1.275100000e+01,2.539876223e-02,2.800524835e-02,1.292656295e-03,,false,0,3.515567544e+02,/mnt/pd/tema1/new/results/ml_samples/N1_sw0.15_x-1_i0064.h5
1,50,1.500000000e-01,1.000000000e+00,-1,9.654414276e-01,1.278135007e+00,72223316,main,fall,2.531000000e+00,3.075640983e-02,3.511268043e-02,1.152679046e-03,,false,0,7.349804989e+01,/mnt/pd/tema1/new/results/ml_samples/N1_sw0.15_x-1_i0118.h5
1,50,1.500000000e-01,1.000000000e+00,-1,9.654414276e-01,1.278135007e+00,1283005717,main,fall,2.531000000e+00,3.536299455e-02,3.246396112e-02,1.487052196e-03,,false,0,7.233642778e+01,/mnt/pd/tema1/new/results/ml_samples/N1_sw0.15_x-1_i0122.h5
1,50,1.500000000e-01,1.000000000e+00,-1,9.654414276e-01,1.278135007e+00,367346529,main,fall,4.031000000e+00,2.916476879e-02,4.081776696e-02,1.007581014e-03,,false,0,1.148919557e+02,/mnt/pd/tema1/new/results/ml_samples/N1_sw0.15_x-1_i0114.h5
1,50,1.500000000e-01,1.000000000e+00,-1,9.654414276e-01,1.278135007e+00,1680205895,main,fall,1.054100000e+01,1.714138796e-02,2.518741428e-02,1.165776135e-03,,false,0,2.881977269e+02,/mnt/pd/tema1/new/results/ml_samples/N1_sw0.15_x-1_i0090.h5
4,50,2.200000000e-01,1.000000000e+00,1,1.191095521e+00,3.942188618e-01,154257956,gen_sigma,rise,1.248100000e+01,1.523276019e-01,2.394244064e-02,1.069906756e-01,9.975327422e+01,false,0,1.693324585e+03,/mnt/pd/tema1/new/results/ml_samples/N4_sw0.22_x+1_i0048.h5
1,50,1.500000000e-01,1.000000000e+00,-1,9.654414276e-01,1.278135007e+00,1843731849,main,fall,4.871000000e+00,2.779431391e-02,3.472718923e-02,1.137398026e-03,,false,0,1.378303156e+02,/mnt/pd/tema1/new/results/ml_samples/N1_sw0.15_x-1_i0112.h5
1,50,1.500000000e-01,1.000000000e+00,-1,9.654414276e-01,1.278135007e+00,546117843,main,fall,3.301000000e+00,2.939082375e-02,2.634972676e-02,1.329975206e-03,,false,0,9.476820528e+01,/mnt/pd/tema1/new/results/ml_samples/N1_sw0.15_x-1_i0130.h5
1,50,1.500000000e-01,1.000000000e+00,-1,9.654414276e-01,1.278135007e+00,1435985287,main,fall,7.351000000e+00,2.461906282e-02,2.444617803e-02,1.285321018e-03,,false,0,2.045561455e+02,/mnt/pd/tema1/new/results/ml_samples/N1_sw0.15_x-1_i0108.h5
1,50,1.500000000e-01,1.000000000e+00,-1,9.654414276e-01,1.278135007e+00,492371039,main,fall,9.791000000e+00,2.523263107e-02,2.026898989e-02,1.402299080e-03,,false,0,2.703307030e+02,/mnt/pd/tema1/new/results/ml_samples/N1_sw0.15_x-1_i0098.h5
1,50,1.500000000e-01,1.000000000e+00,-1,9.654414276e-01,1.278135007e+00,703125727,main,fall,2.621000000e+00,2.846817897e-02,3.324959964e-02,1.671532856e-03,,false,0,7.635517653e+01,/mnt/pd/tema1/new/results/ml_samples/N1_sw0.15_x-1_i0132.h5
1,50,1.500000000e-01,1.000000000e+00,-1,9.654414276e-01,1.278135007e+00,1878633095,main,fall,6.471000000e+00,2.082592800e-02,2.904269234e-02,1.251029635e-03,,false,0,1.810950153e+02,/mnt/pd/tema1/new/results/ml_samples/N1_sw0.15_x-1_i0124.h5
1,50,1.500000000e-01,1.000000000e+00,-1,9.654414276e-01,1.278135007e+00,1367767459,main,fall,2.371000000e+00,3.430845636e-02,4.884626586e-02,1.161584965e-03,,false,0,6.976812060e+01,/mnt/pd/tema1/new/results/ml_samples/N1_sw0.15_x-1_i0146.h5
1,50,1.500000000e-01,1.000000000e+00,-1,9.654414276e-01,1.278135007e+00,482445366,main,fall,6.291000000e+00,2.794074677e-02,3.346830944e-02,1.080220732e-03,,false,0,1.760057886e+02,/mnt/pd/tema1/new/results/ml_samples/N1_sw0.15_x-1_i0128.h5
1,50,1.500000000e-01,1.000000000e+00,-1,9.654414276e-01,1.278135007e+00,8034376,main,fall,2.862100000e+01,1.705456852e-02,1.685415224e-02,9.375518674e-04,,false,0,7.790612067e+02,/mnt/pd/tema1/new/results/ml_samples/N1_sw0.15_x-1_i0024.h5
1,50,1.500000000e-01,1.000000000e+00,-1,9.654414276e-01,1.278135007e+00,748755414,main,fall,5.381000000e+00,1.991945853e-02,2.851841818e-02,7.974939535e-04,,false,0,1.478259677e+02,/mnt/pd/tema1/new/results/ml_samples/N1_sw0.15_x-1_i0138.h5
1,50,1.500000000e-01,1.000000000e+00,-1,9.654414276e-01,1.278135007e+00,1951740023,main,fall,4.791000000e+00,2.286332499e-02,3.374801176e-02,1.353220450e-03,,false,0,1.352220316e+02,/mnt/pd/tema1/new/results/ml_samples/N1_sw0.15_x-1_i0148.h5
1,50,1.500000000e-01,1.000000000e+00,-1,9.654414276e-01,1.278135007e+00,1603844220,main,fall,2.301000000e+00,4.172055957e-02,5.344486715e-02,1.391998096e-03,,false,0,6.817913750e+01,/mnt/pd/tema1/new/results/ml_samples/N1_sw0.15_x-1_i0158.h5
1,50,1.500000000e-01,1.000000000e+00,-1,9.654414276e-01,1.278135007e+00,1813891497,main,fall,2.661000000e+00,3.049284096e-02,4.686225160e-02,1.163836152e-03,,false,0,7.790967244e+01,/mnt/pd/tema1/new/results/ml_samples/N1_sw0.15_x-1_i0152.h5
1,50,1.500000000e-01,1.000000000e+00,-1,9.654414276e-01,1.278135007e+00,190624835,main,fall,2.453100000e+01,1.817551841e-02,1.989027137e-02,9.524282693e-04,,false,0,6.649420265e+02,/mnt/pd/tema1/new/results/ml_samples/N1_sw0.15_x-1_i0050.h5
4,50,2.200000000e-01,1.000000000e+00,-1,8.089044787e-01,2.677244580e-01,1585896180,gen_sigma,fall,2.956100000e+01,1.387907852e-01,2.942996890e-02,1.137194128e-01,2.470301249e+01,false,0,4.088556165e+03,/mnt/pd/tema1/new/results/ml_samples/N4_sw0.22_x-1_i0048.h5
1,50,1.500000000e-01,1.000000000e+00,-1,9.654414276e-01,1.278135007e+00,113008998,main,fall,6.371000000e+00,3.238492197e-02,3.571814258e-02,1.301322582e-03,,false,0,1.782145006e+02,/mnt/pd/tema1/new/results/ml_samples/N1_sw0.15_x-1_i0144.h5
1,50,1.500000000e-01,1.000000000e+00,-1,9.654414276e-01,1.278135007e+00,2023634208,main,fall,1.649100000e+01,2.210324072e-02,2.022456449e-02,1.225785571e-03,,false,0,4.506099371e+02,/mnt/pd/tema1/new/results/ml_samples/N1_sw0.15_x-1_i0100.h5
1,50,1.500000000e-01,1.000000000e+00,-1,9.654414276e-01,1.278135007e+00,1200055163,main,fall,2.791000000e+00,4.134945627e-02,5.407408488e-02,1.583398563e-03,,false,0,8.098051161e+01,/mnt/pd/tema1/new/results/ml_samples/N1_sw0.15_x-1_i0160.h5
1,50,1.500000000e-01,1.000000000e+00,-1,9.654414276e-01,1.278135007e+00,1487497192,main,fall,4.421000000e+00,3.023231275e-02,3.399914646e-02,1.220117782e-03,,false,0,1.253371453e+02,/mnt/pd/tema1/new/results/ml_samples/N1_sw0.15_x-1_i0154.h5
1,50,1.500000000e-01,1.000000000e+00,-1,9.654414276e-01,1.278135007e+00,833975526,main,fall,8.351000000e+00,2.199095935e-02,2.095245378e-02,9.890452605e-04,,false,0,2.310235000e+02,/mnt/pd/tema1/new/results/ml_samples/N1_sw0.15_x-1_i0140.h5
1,50,1.500000000e-01,1.000000000e+00,-1,9.654414276e-01,1.278135007e+00,667178936,main,fall,2.205100000e+01,2.157986476e-02,1.486189163e-02,1.560283596e-03,,false,0,5.994305543e+02,/mnt/pd/tema1/new/results/ml_samples/N1_sw0.15_x-1_i0086.h5
1,50,1.500000000e-01,1.000000000e+00,-1,9.654414276e-01,1.278135007e+00,771353574,main,rise,1.377100000e+01,2.353066085e-02,2.175591892e-02,1.344683671e-03,,false,0,3.776895587e+02,/mnt/pd/tema1/new/results/ml_samples/N1_sw0.15_x-1_i0126.h5
1,50,1.500000000e-01,1.000000000e+00,-1,9.654414276e-01,1.278135007e+00,342811028,main,fall,4.033100000e+01,1.753699480e-02,1.492920821e-02,1.033535036e-03,,false,0,1.093924863e+03,/mnt/pd/tema1/new/results/ml_samples/N1_sw0.15_x-1_i0004.h5
1,50,1.500000000e-01,1.000000000e+00,-1,9.654414276e-01,1.278135007e+00,1897795485,main,fall,3.591000000e+00,3.068657064e-02,3.462296157e-02,9.649440913e-04,,false,0,1.019732040e+02,/mnt/pd/tema1/new/results/ml_samples/N1_sw0.15_x-1_i0174.h5
1,50,1.500000000e-01,1.000000000e+00,-1,9.654414276e-01,1.278135007e+00,1562987788,main,fall,1.061100000e+01,2.359253611e-02,2.733568440e-02,9.589028238e-04,,false,0,2.922940189e+02,/mnt/pd/tema1/new/results/ml_samples/N1_sw0.15_x-1_i0150.h5
1,50,1.500000000e-01,1.000000000e+00,-1,9.654414276e-01,1.278135007e+00,919801151,main,fall,3.551000000e+00,3.126861755e-02,3.820199920e-02,1.544604180e-03,,false,0,1.018612273e+02,/mnt/pd/tema1/new/results/ml_samples/N1_sw0.15_x-1_i0180.h5
1,50,1.500000000e-01,1.000000000e+00,-1,9.654414276e-01,1.278135007e+00,358912366,main,rise,2.891100000e+01,2.350638445e-02,1.803841080e-02,1.112843731e-03,,false,0,7.849564105e+02,/mnt/pd/tema1/new/results/ml_samples/N1_sw0.15_x-1_i0058.h5
1,50,1.500000000e-01,1.000000000e+00,-1,9.654414276e-01,1.278135007e+00,399961191,main,fall,1.348100000e+01,2.737872893e-02,2.056515215e-02,1.580342471e-03,,false,0,3.717516079e+02,/mnt/pd/tema1/new/results/ml_samples/N1_sw0.15_x-1_i0136.h5
1,50,1.500000000e-01,1.000000000e+00,-1,9.654414276e-01,1.278135007e+00,1178013235,main,fall,2.041000000e+00,4.028322347e-02,4.888025270e-02,1.177927033e-03,,false,0,6.095542794e+01,/mnt/pd/tema1/new/results/ml_samples/N1_sw0.15_x-1_i0186.h5
1,50,1.500000000e-01,1.000000000e+00,-1,9.654414276e-01,1.278135007e+00,307413457,main,fall,2.741000000e+00,3.343514343e-02,2.533719547e-02,1.640078830e-03,,false,0,7.935565362e+01,/mnt/pd/tema1/new/results/ml_samples/N1_sw0.15_x-1_i0184.h5
1,50,1.500000000e-01,1.000000000e+00,-1,9.654414276e-01,1.278135007e+00,1280714957,main,fall,2.541000000e+00,2.958467220e-02,4.258158993e-02,1.603486973e-03,,false,0,7.370848995e+01,/mnt/pd/tema1/new/results/ml_samples/N1_sw0.15_x-1_i0188.h5
1,50,1.500000000e-01,1.000000000e+00,-1,9.654414276e-01,1.278135007e+00,1647070257,main,fall,8.431000000e+00,2.127874079e-02,2.917346936e-02,1.057731904e-03,,false,0,2.334319129e+02,/mnt/pd/tema1/new/results/ml_samples/N1_sw0.15_x-1_i0162.h5
4,50,2.200000000e-01,1.000000000e+00,0,1.000000000e+00,3.309716599e-01,1402298747,gen_sigma,fall,2.503100000e+01,1.434226330e-01,3.080631893e-02,1.128620785e-01,6.176760971e+01,false,0,3.372926577e+03,/mnt/pd/tema1/new/results/ml_samples/N4_sw0.22_x+0_i0046.h5
1,50,1.500000000e-01,1.000000000e+00,-1,9.654414276e-01,1.278135007e+00,2088437352,main,fall,4.041100000e+01,2.368985730e-02,1.727115928e-02,1.259715045e-03,,false,0,1.097632578e+03,/mnt/pd/tema1/new/results/ml_samples/N1_sw0.15_x-1_i0022.h5
1,50,1.500000000e-01,1.000000000e+00,-1,9.654414276e-01,1.278135007e+00,691432596,main,fall,2.730100000e+01,2.153729168e-02,1.752366079e-02,1.183738720e-03,,false,0,7.426492154e+02,/mnt/pd/tema1/new/results/ml_samples/N1_sw0.15_x-1_i0082.h5
1,50,1.500000000e-01,1.000000000e+00,-1,9.654414276e-01,1.278135007e+00,906830807,main,fall,2.321000000e+00,3.591252202e-02,4.595433683e-02,1.312411346e-03,,false,0,6.858045656e+01,/mnt/pd/tema1/new/results/ml_samples/N1_sw0.15_x-1_i0198.h5
1,50,1.500000000e-01,1.000000000e+00,-1,9.654414276e-01,1.278135007e+00,2088077868,main,fall,1.393100000e+01,2.386617822e-02,2.449031848e-02,1.139003540e-03,,false,0,3.824797686e+02,/mnt/pd/tema1/new/results/ml_samples/N1_sw0.15_x-1_i0156.h5
1,50,1.500000000e-01,1.000000000e+00,-1,9.654414276e-01,1.278135007e+00,526253164,main,fall,5.681000000e+00,2.068284058e-02,1.802299624e-02,8.671092314e-04,,false,0,1.591222883e+02,/mnt/pd/tema1/new/results/ml_samples/N1_sw0.15_x-1_i0190.h5
1,50,1.500000000e-01,1.000000000e+00,-1,9.654414276e-01,1.278135007e+00,681015574,main,fall,8.081000000e+00,1.885071201e-02,3.084204733e-02,1.006624996e-03,,false,0,2.213121501e+02,/mnt/pd/tema1/new/results/ml_samples/N1_sw0.15_x-1_i0182.h5
1,50,1.500000000e-01,1.000000000e+00,-1,9.654414276e-01,1.278135007e+00,1263725109,main,fall,1.069100000e+01,2.231839013e-02,2.140528575e-02,1.065030975e-03,,false,0,2.942428552e+02,/mnt/pd/tema1/new/results/ml_samples/N1_sw0.15_x-1_i0178.h5
1,50,1.500000000e-01,1.000000000e+00,-1,9.654414276e-01,1.278135007e+00,747661968,main,fall,1.963100000e+01,1.982426327e-02,1.826054093e-02,1.215328439e-03,,false,0,5.364860561e+02,/mnt/pd/tema1/new/results/ml_samples/N1_sw0.15_x-1_i0142.h5
4,50,2.200000000e-01,1.000000000e+00,0,1.000000000e+00,3.309716599e-01,1225518890,gen_sigma,fall,2.991100000e+01,1.388493178e-01,2.705642260e-02,1.132716687e-01,6.176760971e+01,false,0,4.088009621e+03,/mnt/pd/tema1/new/results/ml_samples/N4_sw0.22_x+0_i0018.h5
1,50,1.500000000e-01,1.000000000e+00,-1,9.654414276e-01,1.278135007e+00,2000752325,main,fall,4.731100000e+01,1.854702014e-02,1.445635508e-02,1.097625530e-03,,false,0,1.280961916e+03,/mnt/pd/tema1/new/results/ml_samples/N1_sw0.15_x-1_i0016.h5
1,50,1.500000000e-01,1.000000000e+00,0,1.000000000e+00,1.323886640e+00,1613174382,main,fall,3.591000000e+00,2.736866805e-02,4.096202114e-02,1.049246394e-03,,false,0,1.029877706e+02,/mnt/pd/tema1/new/results/ml_samples/N1_sw0.15_x+0_i0016.h5
4,50,2.200000000e-01,1.000000000e+00,-1,8.089044787e-01,2.677244580e-01,1260582439,gen_sigma,fall,3.234100000e+01,1.307755426e-01,2.649117744e-02,1.205993207e-01,2.274479273e+01,false,0,4.554954658e+03,/mnt/pd/tema1/new/results/ml_samples/N4_sw0.22_x-1_i0040.h5
1,50,1.500000000e-01,1.000000000e+00,-1,9.654414276e-01,1.278135007e+00,1180268809,main,fall,2.627100000e+01,2.096628309e-02,2.128288815e-02,1.120632249e-03,,false,0,7.084204142e+02,/mnt/pd/tema1/new/results/ml_samples/N1_sw0.15_x-1_i0120.h5
1,50,1.500000000e-01,1.000000000e+00,-1,9.654414276e-01,1.278135007e+00,989812392,main,fall,3.079100000e+01,1.989460194e-02,1.587653222e-02,1.085833478e-03,,false,0,8.379328556e+02,/mnt/pd/tema1/new/results/ml_samples/N1_sw0.15_x-1_i0102.h5
1,50,1.500000000e-01,1.000000000e+00,0,1.000000000e+00,1.323886640e+00,460762213,main,rise,6.301000000e+00,2.143171630e-02,2.842271748e-02,8.364376309e-04,,false,0,1.761909892e+02,/mnt/pd/tema1/new/results/ml_samples/N1_sw0.15_x+0_i0012.h5
1,50,1.500000000e-01,1.000000000e+00,0,1.000000000e+00,1.323886640e+00,2034575690,main,fall,8.031000000e+00,2.447156488e-02,3.160421943e-02,1.118305083e-03,,false,0,2.234403190e+02,/mnt/pd/tema1/new/results/ml_samples/N1_sw0.15_x+0_i0004.h5
1,50,1.500000000e-01,1.000000000e+00,0,1.000000000e+00,1.323886640e+00,579214440,main,fall,8.171000000e+00,2.414349253e-02,2.352827539e-02,1.045178559e-03,,false,0,2.267627324e+02,/mnt/pd/tema1/new/results/ml_samples/N1_sw0.15_x+0_i0010.h5
1,50,1.500000000e-01,1.000000000e+00,-1,9.654414276e-01,1.278135007e+00,1541084462,main,fall,1.773100000e+01,2.130769526e-02,1.976106141e-02,1.258515961e-03,,false,0,4.852098250e+02,/mnt/pd/tema1/new/results/ml_samples/N1_sw0.15_x-1_i0168.h5
1,50,1.500000000e-01,1.000000000e+00,-1,9.654414276e-01,1.278135007e+00,1029994088,main,fall,1.168100000e+01,2.528933122e-02,2.549247721e-02,1.353079921e-03,,false,0,3.209817234e+02,/mnt/pd/tema1/new/results/ml_samples/N1_sw0.15_x-1_i0194.h5
4,50,2.200000000e-01,1.000000000e+00,1,1.191095521e+00,3.942188618e-01,314620189,gen_sigma,rise,1.804100000e+01,1.534815943e-01,2.066894420e-02,1.018271331e-01,9.486899597e+01,false,0,2.460944407e+03,/mnt/pd/tema1/new/results/ml_samples/N4_sw0.22_x+1_i0044.h5
1,50,1.500000000e-01,1.000000000e+00,0,1.000000000e+00,1.323886640e+00,1514234580,main,rise,1.055100000e+01,2.648219941e-02,2.855340205e-02,1.069130915e-03,,false,0,2.907573764e+02,/mnt/pd/tema1/new/results/ml_samples/N1_sw0.15_x+0_i0006.h5
1,50,1.500000000e-01,1.000000000e+00,0,1.000000000e+00,1.323886640e+00,2121247275,main,fall,3.431000000e+00,3.455055593e-02,4.057018159e-02,1.005202591e-03,,false,0,9.800866411e+01,/mnt/pd/tema1/new/results/ml_samples/N1_sw0.15_x+0_i0032.h5
1,50,1.500000000e-01,1.000000000e+00,0,1.000000000e+00,1.323886640e+00,1543324288,main,fall,7.671000000e+00,2.468115284e-02,2.694448009e-02,1.104660911e-03,,false,0,2.126746765e+02,/mnt/pd/tema1/new/results/ml_samples/N1_sw0.15_x+0_i0018.h5
1,50,1.500000000e-01,1.000000000e+00,0,1.000000000e+00,1.323886640e+00,1964253326,main,rise,1.244100000e+01,2.405113868e-02,2.342678380e-02,1.163686159e-03,,false,0,3.373792510e+02,/mnt/pd/tema1/new/results/ml_samples/N1_sw0.15_x+0_i0002.h5
1,50,1.500000000e-01,1.000000000e+00,-1,9.654414276e-01,1.278135007e+00,1271196819,main,fall,2.075100000e+01,1.579190039e-02,1.651718472e-02,1.024497413e-03,,false,0,5.672790596e+02,/mnt/pd/tema1/new/results/ml_samples/N1_sw0.15_x-1_i0164.h5
1,50,1.500000000e-01,1.000000000e+00,-1,9.654414276e-01,1.278135007e+00,76549314,main,fall,1.419100000e+01,2.489863900e-02,2.077977373e-02,1.564107759e-03,,false,0,3.883536783e+02,/mnt/pd/tema1/new/results/ml_samples/N1_sw0.15_x-1_i0196.h5
1,50,1.500000000e-01,1.000000000e+00,0,1.000000000e+00,1.323886640e+00,1116592353,main,fall,5.151000000e+00,2.156144268e-02,2.853664328e-02,1.069189833e-03,,false,0,1.443847884e+02,/mnt/pd/tema1/new/results/ml_samples/N1_sw0.15_x+0_i0030.h5
1,50,1.500000000e-01,1.000000000e+00,-1,9.654414276e-01,1.278135007e+00,1730360815,main,fall,4.268100000e+01,1.932591309e-02,1.267201644e-02,1.020844457e-03,,false,0,1.151713011e+03,/mnt/pd/tema1/new/results/ml_samples/N1_sw0.15_x-1_i0068.h5
1,50,1.500000000e-01,1.000000000e+00,0,1.000000000e+00,1.323886640e+00,742083609,main,rise,1.017100000e+01,2.531477566e-02,2.649895299e-02,1.141569215e-03,,false,0,2.808696875e+02,/mnt/pd/tema1/new/results/ml_samples/N1_sw0.15_x+0_i0014.h5
1,50,1.500000000e-01,1.000000000e+00,-1,9.654414276e-01,1.278135007e+00,1567156151,main,fall,1.555100000e+01,2.103149176e-02,2.314328992e-02,1.312388340e-03,,false,0,4.257968993e+02,/mnt/pd/tema1/new/results/ml_samples/N1_sw0.15_x-1_i0192.h5
1,50,1.500000000e-01,1.000000000e+00,0,1.000000000e+00,1.323886640e+00,1289340157,main,fall,2.731000000e+00,3.012583993e-02,5.389098023e-02,1.127878824e-03,,false,0,7.947533052e+01,/mnt/pd/tema1/new/results/ml_samples/N1_sw0.15_x+0_i0048.h5
1,50,1.500000000e-01,1.000000000e+00,-1,9.654414276e-01,1.278135007e+00,181371769,main,rise,2.942100000e+01,1.883888864e-02,1.467537746e-02,1.071587639e-03,,false,0,7.992128637e+02,/mnt/pd/tema1/new/results/ml_samples/N1_sw0.15_x-1_i0134.h5
1,50,1.500000000e-01,1.000000000e+00,-1,9.654414276e-01,1.278135007e+00,1301706028,main,fall,2.071100000e+01,2.135684922e-02,1.986055076e-02,1.207859764e-03,,false,0,5.636182794e+02,/mnt/pd/tema1/new/results/ml_samples/N1_sw0.15_x-1_i0176.h5
1,50,1.500000000e-01,1.000000000e+00,0,1.000000000e+00,1.323886640e+00,580104039,main,fall,3.261000000e+00,2.863940291e-02,3.819367513e-02,1.324741635e-03,,false,0,9.383949206e+01,/mnt/pd/tema1/new/results/ml_samples/N1_sw0.15_x+0_i0052.h5
1,50,1.500000000e-01,1.000000000e+00,0,1.000000000e+00,1.323886640e+00,597434581,main,fall,2.441000000e+00,4.583920624e-02,3.248654577e-02,1.686365146e-03,,false,0,7.213347688e+01,/mnt/pd/tema1/new/results/ml_samples/N1_sw0.15_x+0_i0060.h5
1,50,1.500000000e-01,1.000000000e+00,0,1.000000000e+00,1.323886640e+00,388148803,main,rise,1.732100000e+01,1.847123927e-02,2.053476427e-02,9.438665402e-04,,false,0,4.728085807e+02,/mnt/pd/tema1/new/results/ml_samples/N1_sw0.15_x+0_i0000.h5
1,50,1.500000000e-01,1.000000000e+00,0,1.000000000e+00,1.323886640e+00,1177396962,main,rise,1.158100000e+01,2.458304129e-02,2.783786481e-02,1.209670448e-03,,false,0,3.188572429e+02,/mnt/pd/tema1/new/results/ml_samples/N1_sw0.15_x+0_i0024.h5
1,50,1.500000000e-01,1.000000000e+00,0,1.000000000e+00,1.323886640e+00,520008321,main,fall,4.441000000e+00,3.187876055e-02,4.135756080e-02,1.217894435e-03,,false,0,1.259585701e+02,/mnt/pd/tema1/new/results/ml_samples/N1_sw0.15_x+0_i0058.h5
1,50,1.500000000e-01,1.000000000e+00,0,1.000000000e+00,1.323886640e+00,1622127615,main,fall,5.741000000e+00,1.773461369e-02,2.016301002e-02,8.535642560e-04,,false,0,1.607974536e+02,/mnt/pd/tema1/new/results/ml_samples/N1_sw0.15_x+0_i0050.h5
1,50,1.500000000e-01,1.000000000e+00,0,1.000000000e+00,1.323886640e+00,258874410,main,fall,8.391000000e+00,2.417606181e-02,3.337646108e-02,1.141804152e-03,,false,0,2.329692015e+02,/mnt/pd/tema1/new/results/ml_samples/N1_sw0.15_x+0_i0040.h5
1,50,1.500000000e-01,1.000000000e+00,0,1.000000000e+00,1.323886640e+00,6789333,main,fall,7.921000000e+00,2.354882114e-02,3.231743835e-02,1.202331672e-03,,false,0,2.199253124e+02,/mnt/pd/tema1/new/results/ml_samples/N1_sw0.15_x+0_i0046.h5
1,50,1.500000000e-01,1.000000000e+00,0,1.000000000e+00,1.323886640e+00,1138303114,main,fall,6.011000000e+00,2.176603656e-02,2.763515560e-02,9.936759859e-04,,false,0,1.684374075e+02,/mnt/pd/tema1/new/results/ml_samples/N1_sw0.15_x+0_i0062.h5
1,50,1.500000000e-01,1.000000000e+00,0,1.000000000e+00,1.323886640e+00,1943617733,main,fall,4.251000000e+00,3.365307631e-02,3.209230392e-02,1.246438954e-03,,false,0,1.206966939e+02,/mnt/pd/tema1/new/results/ml_samples/N1_sw0.15_x+0_i0076.h5
1,50,1.500000000e-01,1.000000000e+00,0,1.000000000e+00,1.323886640e+00,312536233,main,fall,2.751000000e+00,3.353092763e-02,4.604055695e-02,1.093844308e-03,,false,0,8.017661078e+01,/mnt/pd/tema1/new/results/ml_samples/N1_sw0.15_x+0_i0084.h5
1,50,1.500000000e-01,1.000000000e+00,0,1.000000000e+00,1.323886640e+00,1032053382,main,rise,8.061000000e+00,2.548796650e-02,2.778882340e-02,1.142567182e-03,,false,0,2.238422745e+02,/mnt/pd/tema1/new/results/ml_samples/N1_sw0.15_x+0_i0056.h5
1,50,1.500000000e-01,1.000000000e+00,0,1.000000000e+00,1.323886640e+00,1362171105,main,fall,1.317100000e+01,2.700095063e-02,2.311490626e-02,1.128783985e-03,,false,0,3.615925312e+02,/mnt/pd/tema1/new/results/ml_samples/N1_sw0.15_x+0_i0036.h5
1,50,1.500000000e-01,1.000000000e+00,0,1.000000000e+00,1.323886640e+00,1845691365,main,fall,4.371000000e+00,2.936324524e-02,3.884962751e-02,1.199623120e-03,,false,0,1.234618590e+02,/mnt/pd/tema1/new/results/ml_samples/N1_sw0.15_x+0_i0086.h5
1,50,1.500000000e-01,1.000000000e+00,0,1.000000000e+00,1.323886640e+00,1861067818,main,rise,5.851000000e+00,2.814857715e-02,2.634240191e-02,1.337128727e-03,,false,0,1.634091205e+02,/mnt/pd/tema1/new/results/ml_samples/N1_sw0.15_x+0_i0090.h5
1,50,1.500000000e-01,1.000000000e+00,0,1.000000000e+00,1.323886640e+00,1649480901,main,fall,7.071000000e+00,2.442771649e-02,2.774241714e-02,9.663338060e-04,,false,0,1.969463173e+02,/mnt/pd/tema1/new/results/ml_samples/N1_sw0.15_x+0_i0092.h5
1,50,1.500000000e-01,1.000000000e+00,0,1.000000000e+00,1.323886640e+00,1080712932,main,fall,7.281000000e+00,2.051099766e-02,2.141544709e-02,9.963863648e-04,,false,0,2.019932770e+02,/mnt/pd/tema1/new/results/ml_samples/N1_sw0.15_x+0_i0094.h5
1,50,1.500000000e-01,1.000000000e+00,-1,9.654414276e-01,1.278135007e+00,342316403,main,fall,3.589100000e+01,1.951653090e-02,1.391168342e-02,1.161426186e-03,,false,0,9.766938096e+02,/mnt/pd/tema1/new/results/ml_samples/N1_sw0.15_x-1_i0170.h5
1,50,1.500000000e-01,1.000000000e+00,0,1.000000000e+00,1.323886640e+00,2053145435,main,fall,7.211000000e+00,2.284600203e-02,2.529091594e-02,9.944507306e-04,,false,0,2.002648825e+02,/mnt/pd/tema1/new/results/ml_samples/N1_sw0.15_x+0_i0098.h5
1,50,1.500000000e-01,1.000000000e+00,-1,9.654414276e-01,1.278135007e+00,333203890,main,fall,4.981100000e+01,1.883252800e-02,1.162970832e-02,1.093811731e-03,,false,0,1.348615287e+03,/mnt/pd/tema1/new/results/ml_samples/N1_sw0.15_x-1_i0110.h5
1,50,1.500000000e-01,1.000000000e+00,0,1.000000000e+00,1.323886640e+00,1080927693,main,fall,1.649100000e+01,2.062247723e-02,1.715023823e-02,1.210706519e-03,,false,0,4.503526041e+02,/mnt/pd/tema1/new/results/ml_samples/N1_sw0.15_x+0_i0070.h5
1,50,1.500000000e-01,1.000000000e+00,0,1.000000000e+00,1.323886640e+00,1733906638,main,fall,8.421000000e+00,2.402999826e-02,1.547442103e-02,1.083134739e-03,,false,0,2.326301614e+02,/mnt/pd/tema1/new/results/ml_samples/N1_sw0.15_x+0_i0100.h5
1,50,1.500000000e-01,1.000000000e+00,0,1.000000000e+00,1.323886640e+00,117867778,main,rise,2.479100000e+01,2.243688404e-02,1.254014875e-02,1.442824178e-03,,false,0,6.756856315e+02,/mnt/pd/tema1/new/results/ml_samples/N1_sw0.15_x+0_i0028.h5
1,50,1.500000000e-01,1.000000000e+00,-1,9.654414276e-01,1.278135007e+00,440723183,main,fall,4.020100000e+01,2.208013345e-02,1.572530084e-02,1.181219531e-03,,false,0,1.090692855e+03,/mnt/pd/tema1/new/results/ml_samples/N1_sw0.15_x-1_i0172.h5
1,50,1.500000000e-01,1.000000000e+00,0,1.000000000e+00,1.323886640e+00,2003224491,main,fall,2.539100000e+01,1.947981804e-02,1.666768493e-02,1.162895939e-03,,false,0,6.925956996e+02,/mnt/pd/tema1/new/results/ml_samples/N1_sw0.15_x+0_i0034.h5
1,50,1.500000000e-01,1.000000000e+00,0,1.000000000e+00,1.323886640e+00,793352544,main,fall,1.917100000e+01,2.221581608e-02,2.024195228e-02,1.113703900e-03,,false,0,5.239704598e+02,/mnt/pd/tema1/new/results/ml_samples/N1_sw0.15_x+0_i0072.h5
1,50,1.500000000e-01,1.000000000e+00,0,1.000000000e+00,1.323886640e+00,755398008,main,rise,2.510100000e+01,1.900585682e-02,1.472547642e-02,1.098769798e-03,,false,0,6.818909070e+02,/mnt/pd/tema1/new/results/ml_samples/N1_sw0.15_x+0_i0044.h5
1,50,1.500000000e-01,1.000000000e+00,0,1.000000000e+00,1.323886640e+00,1833698821,main,rise,7.891000000e+00,2.625099418e-02,3.162905534e-02,1.179536433e-03,,false,0,2.189205551e+02,/mnt/pd/tema1/new/results/ml_samples/N1_sw0.15_x+0_i0104.h5
1,50,1.500000000e-01,1.000000000e+00,0,1.000000000e+00,1.323886640e+00,182683912,main,rise,8.251000000e+00,2.653423555e-02,2.065188248e-02,1.215587477e-03,,false,0,2.289846800e+02,/mnt/pd/tema1/new/results/ml_samples/N1_sw0.15_x+0_i0108.h5
1,50,1.500000000e-01,1.000000000e+00,0,1.000000000e+00,1.323886640e+00,1296389930,main,fall,2.441100000e+01,1.993315645e-02,1.443605746e-02,1.045673047e-03,,false,0,6.661397051e+02,/mnt/pd/tema1/new/results/ml_samples/N1_sw0.15_x+0_i0054.h5
1,50,1.500000000e-01,1.000000000e+00,0,1.000000000e+00,1.323886640e+00,1827662398,main,fall,3.381000000e+00,2.413656955e-02,3.823971485e-02,1.082651710e-03,,false,0,9.721336205e+01,/mnt/pd/tema1/new/results/ml_samples/N1_sw0.15_x+0_i0122.h5
1,50,1.500000000e-01,1.000000000e+00,0,1.000000000e+00,1.323886640e+00,1334442413,main,fall,2.514100000e+01,2.526935368e-02,1.270967419e-02,1.287288017e-03,,false,0,6.852683185e+02,/mnt/pd/tema1/new/results/ml_samples/N1_sw0.15_x+0_i0064.h5
1,50,1.500000000e-01,1.000000000e+00,0,1.000000000e+00,1.323886640e+00,1794560393,main,rise,3.828100000e+01,1.999340112e-02,1.579482446e-02,1.069527708e-03,,false,0,1.041799683e+03,/mnt/pd/tema1/new/results/ml_samples/N1_sw0.15_x+0_i0008.h5
1,50,1.500000000e-01,1.000000000e+00,0,1.000000000e+00,1.323886640e+00,2052424767,main,fall,3.581000000e+00,2.919233320e-02,3.644868386e-02,1.278581432e-03,,false,0,1.025582765e+02,/mnt/pd/tema1/new/results/ml_samples/N1_sw0.15_x+0_i0128.h5
1,50,1.500000000e-01,1.000000000e+00,0,1.000000000e+00,1.323886640e+00,2026157249,main,fall,2.188100000e+01,2.213259821e-02,1.837532529e-02,1.133634103e-03,,false,0,5.965657184e+02,/mnt/pd/tema1/new/results/ml_samples/N1_sw0.15_x+0_i0082.h5
1,50,1.500000000e-01,1.000000000e+00,0,1.000000000e+00,1.323886640e+00,1031537207,main,fall,8.721000000e+00,1.839715235e-02,1.628881591e-02,1.099905151e-03,,false,0,2.405820477e+02,/mnt/pd/tema1/new/results/ml_samples/N1_sw0.15_x+0_i0114.h5
1,50,1.500000000e-01,1.000000000e+00,0,1.000000000e+00,1.323886640e+00,1790387848,main,fall,3.181000000e+00,3.225259935e-02,4.124557572e-02,1.368870435e-03,,false,0,9.222255764e+01,/mnt/pd/tema1/new/results/ml_samples/N1_sw0.15_x+0_i0132.h5
1,50,1.500000000e-01,1.000000000e+00,0,1.000000000e+00,1.323886640e+00,206946220,main,fall,2.479100000e+01,2.269333509e-02,1.695039968e-02,9.833767333e-04,,false,0,6.739511848e+02,/mnt/pd/tema1/new/results/ml_samples/N1_sw0.15_x+0_i0074.h5
1,50,1.500000000e-01,1.000000000e+00,0,1.000000000e+00,1.323886640e+00,2078141646,main,fall,2.627100000e+01,2.091092851e-02,1.487346456e-02,1.115198958e-03,,false,0,7.168949435e+02,/mnt/pd/tema1/new/results/ml_samples/N1_sw0.15_x+0_i0068.h5
1,50,1.500000000e-01,1.000000000e+00,0,1.000000000e+00,1.323886640e+00,2075798163,main,fall,2.233100000e+01,2.132156136e-02,1.478755776e-02,1.374316697e-03,,false,0,6.078640147e+02,/mnt/pd/tema1/new/results/ml_samples/N1_sw0.15_x+0_i0088.h5
1,50,1.500000000e-01,1.000000000e+00,0,1.000000000e+00,1.323886640e+00,1369593055,main,fall,2.271000000e+00,3.338104426e-02,5.025366408e-02,8.490449380e-04,,false,0,6.699591188e+01,/mnt/pd/tema1/new/results/ml_samples/N1_sw0.15_x+0_i0144.h5
1,50,1.500000000e-01,1.000000000e+00,0,1.000000000e+00,1.323886640e+00,191959042,main,fall,2.421000000e+00,2.672731087e-02,4.434087282e-02,1.061142848e-03,,false,0,7.064843824e+01,/mnt/pd/tema1/new/results/ml_samples/N1_sw0.15_x+0_i0142.h5
1,50,1.500000000e-01,1.000000000e+00,0,1.000000000e+00,1.323886640e+00,479861628,main,fall,5.531000000e+00,3.238112647e-02,2.894244278e-02,1.602603374e-03,,false,0,1.555318651e+02,/mnt/pd/tema1/new/results/ml_samples/N1_sw0.15_x+0_i0130.h5
1,50,1.500000000e-01,1.000000000e+00,0,1.000000000e+00,1.323886640e+00,376144767,main,fall,3.491000000e+00,3.102524986e-02,4.467728308e-02,1.839915614e-03,,false,0,1.001212029e+02,/mnt/pd/tema1/new/results/ml_samples/N1_sw0.15_x+0_i0138.h5
1,50,1.500000000e-01,1.000000000e+00,0,1.000000000e+00,1.323886640e+00,2101026451,main,fall,3.820100000e+01,2.107314252e-02,1.608420928e-02,1.172937926e-03,,false,0,1.037361333e+03,/mnt/pd/tema1/new/results/ml_samples/N1_sw0.15_x+0_i0020.h5
1,50,1.500000000e-01,1.000000000e+00,0,1.000000000e+00,1.323886640e+00,281470165,main,fall,1.407100000e+01,1.759726005e-02,2.212267410e-02,9.422414795e-04,,false,0,3.853757146e+02,/mnt/pd/tema1/new/results/ml_samples/N1_sw0.15_x+0_i0110.h5
1,50,1.500000000e-01,1.000000000e+00,-1,9.654414276e-01,1.278135007e+00,1273708500,main,fall,5.193100000e+01,2.084103272e-02,1.485873105e-02,1.132092393e-03,,false,0,1.407956985e+03,/mnt/pd/tema1/new/results/ml_samples/N1_sw0.15_x-1_i0166.h5
1,50,1.500000000e-01,1.000000000e+00,0,1.000000000e+00,1.323886640e+00,1492752596,main,rise,2.450100000e+01,1.788899931e-02,1.594825846e-02,1.036429981e-03,,false,0,6.681568914e+02,/mnt/pd/tema1/new/results/ml_samples/N1_sw0.15_x+0_i0096.h5
1,50,1.500000000e-01,1.000000000e+00,0,1.000000000e+00,1.323886640e+00,433439377,main,fall,3.511000000e+00,3.110224513e-02,4.071848705e-02,1.386688794e-03,,false,0,1.002019384e+02,/mnt/pd/tema1/new/results/ml_samples/N1_sw0.15_x+0_i0156.h5
1,50,1.500000000e-01,1.000000000e+00,0,1.000000000e+00,1.323886640e+00,1151531614,main,rise,2.072100000e+01,2.393186998e-02,1.827141037e-02,1.053411234e-03,,false,0,5.662694610e+02,/mnt/pd/tema1/new/results/ml_samples/N1_sw0.15_x+0_i0102.h5
1,50,1.500000000e-01,1.000000000e+00,0,1.000000000e+00,1.323886640e+00,1570257290,main,rise,1.629100000e+01,2.828896504e-02,1.929662656e-02,1.298252073e-03,,false,0,4.457597455e+02,/mnt/pd/tema1/new/results/ml_samples/N1_sw0.15_x+0_i0116.h5
1,50,1.500000000e-01,1.000000000e+00,0,1.000000000e+00,1.323886640e+00,948491702,main,fall,5.781000000e+00,2.050956569e-02,3.208273170e-02,1.081568101e-03,,false,0,1.618169444e+02,/mnt/pd/tema1/new/results/ml_samples/N1_sw0.15_x+0_i0154.h5
1,50,1.500000000e-01,1.000000000e+00,0,1.000000000e+00,1.323886640e+00,496289519,main,fall,3.184100000e+01,1.858673843e-02,1.633152328e-02,1.063197170e-03,,false,0,8.633447799e+02,/mnt/pd/tema1/new/results/ml_samples/N1_sw0.15_x+0_i0078.h5
1,50,1.500000000e-01,1.000000000e+00,0,1.000000000e+00,1.323886640e+00,1076414355,main,fall,3.021000000e+00,3.334809551e-02,4.187272094e-02,1.399728440e-03,,false,0,8.746765763e+01,/mnt/pd/tema1/new/results/ml_samples/N1_sw0.15_x+0_i0170.h5
1,50,1.500000000e-01,1.000000000e+00,0,1.000000000e+00,1.323886640e+00,2064740351,main,fall,1.943100000e+01,1.776272429e-02,1.999960201e-02,1.047467435e-03,,false,0,5.302466793e+02,/mnt/pd/tema1/new/results/ml_samples/N1_sw0.15_x+0_i0112.h5
1,50,1.500000000e-01,1.000000000e+00,0,1.000000000e+00,1.323886640e+00,1632096537,main,fall,4.238100000e+01,1.841245653e-02,1.280712862e-02,1.110455619e-03,,false,0,1.151627212e+03,/mnt/pd/tema1/new/results/ml_samples/N1_sw0.15_x+0_i0038.h5
1,50,1.500000000e-01,1.000000000e+00,0,1.000000000e+00,1.323886640e+00,1181098581,main,fall,4.490100000e+01,1.867802334e-02,1.469862745e-02,1.012018728e-03,,false,0,1.219373072e+03,/mnt/pd/tema1/new/results/ml_samples/N1_sw0.15_x+0_i0026.h5
1,50,1.500000000e-01,1.000000000e+00,0,1.000000000e+00,1.323886640e+00,184764250,main,fall,1.195100000e+01,2.766386055e-02,2.895183782e-02,1.249831664e-03,,false,0,3.291809067e+02,/mnt/pd/tema1/new/results/ml_samples/N1_sw0.15_x+0_i0152.h5
1,50,1.500000000e-01,1.000000000e+00,0,1.000000000e+00,1.323886640e+00,1978839661,main,rise,1.124100000e+01,2.745879358e-02,2.100311678e-02,1.271517021e-03,,false,0,3.096928833e+02,/mnt/pd/tema1/new/results/ml_samples/N1_sw0.15_x+0_i0158.h5
1,50,1.500000000e-01,1.000000000e+00,0,1.000000000e+00,1.323886640e+00,259979427,main,fall,1.378100000e+01,2.108956608e-02,2.306416454e-02,1.125533498e-03,,false,0,3.781839180e+02,/mnt/pd/tema1/new/results/ml_samples/N1_sw0.15_x+0_i0160.h5
1,50,1.500000000e-01,1.000000000e+00,0,1.000000000e+00,1.323886640e+00,1483810210,main,rise,9.081000000e+00,2.130642720e-02,2.514261680e-02,9.613531712e-04,,false,0,2.515488946e+02,/mnt/pd/tema1/new/results/ml_samples/N1_sw0.15_x+0_i0174.h5
1,50,1.500000000e-01,1.000000000e+00,0,1.000000000e+00,1.323886640e+00,673672709,main,fall,7.371000000e+00,1.923209481e-02,3.035264220e-02,1.101591771e-03,,false,0,2.046596383e+02,/mnt/pd/tema1/new/results/ml_samples/N1_sw0.15_x+0_i0182.h5
1,50,1.500000000e-01,1.000000000e+00,0,1.000000000e+00,1.323886640e+00,437831665,main,rise,2.501100000e+01,2.186773559e-02,1.869195712e-02,1.182587199e-03,,false,0,6.803398811e+02,/mnt/pd/tema1/new/results/ml_samples/N1_sw0.15_x+0_i0120.h5
1,50,1.500000000e-01,1.000000000e+00,0,1.000000000e+00,1.323886640e+00,529367505,main,rise,5.319100000e+01,2.121203314e-02,1.362374818e-02,1.043717158e-03,,false,0,1.439954321e+03,/mnt/pd/tema1/new/results/ml_samples/N1_sw0.15_x+0_i0022.h5
1,50,1.500000000e-01,1.000000000e+00,0,1.000000000e+00,1.323886640e+00,1398302898,main,fall,6.711000000e+00,2.509228139e-02,2.957834329e-02,1.699901843e-03,,false,0,1.871861900e+02,/mnt/pd/tema1/new/results/ml_samples/N1_sw0.15_x+0_i0186.h5
1,50,1.500000000e-01,1.000000000e+00,0,1.000000000e+00,1.323886640e+00,318816933,main,rise,2.722100000e+01,2.076898009e-02,2.031461330e-02,1.210794017e-03,,false,0,7.426214878e+02,/mnt/pd/tema1/new/results/ml_samples/N1_sw0.15_x+0_i0118.h5
1,50,1.500000000e-01,1.000000000e+00,0,1.000000000e+00,1.323886640e+00,608087083,main,fall,6.121000000e+00,2.296452862e-02,2.343653035e-02,1.097056450e-03,,false,0,1.709729952e+02,/mnt/pd/tema1/new/results/ml_samples/N1_sw0.15_x+0_i0188.h5
1,50,1.500000000e-01,1.000000000e+00,0,1.000000000e+00,1.323886640e+00,2113843241,main,fall,9.111000000e+00,2.214087232e-02,2.304751030e-02,1.266651835e-03,,false,0,2.522078705e+02,/mnt/pd/tema1/new/results/ml_samples/N1_sw0.15_x+0_i0184.h5
1,50,1.500000000e-01,1.000000000e+00,0,1.000000000e+00,1.323886640e+00,1064726463,main,rise,1.512100000e+01,2.389096827e-02,2.208927268e-02,1.359406762e-03,,false,0,4.135339683e+02,/mnt/pd/tema1/new/results/ml_samples/N1_sw0.15_x+0_i0168.h5
1,50,1.500000000e-01,1.000000000e+00,0,1.000000000e+00,1.323886640e+00,1306782825,main,rise,2.675100000e+01,2.494016818e-02,1.831629631e-02,1.247115249e-03,,false,0,7.289605599e+02,/mnt/pd/tema1/new/results/ml_samples/N1_sw0.15_x+0_i0126.h5
1,50,1.500000000e-01,1.000000000e+00,0,1.000000000e+00,1.323886640e+00,513815564,main,rise,4.712100000e+01,1.972084677e-02,1.276474966e-02,1.149157877e-03,,false,0,1.279756806e+03,/mnt/pd/tema1/new/results/ml_samples/N1_sw0.15_x+0_i0080.h5
1,50,1.500000000e-01,1.000000000e+00,0,1.000000000e+00,1.323886640e+00,1526699858,main,fall,2.767100000e+01,2.153444745e-02,1.624094818e-02,1.336472383e-03,,false,0,7.533903193e+02,/mnt/pd/tema1/new/results/ml_samples/N1_sw0.15_x+0_i0134.h5
1,50,1.500000000e-01,1.000000000e+00,0,1.000000000e+00,1.323886640e+00,899347646,main,rise,2.621100000e+01,2.156134857e-02,1.714379155e-02,1.227418718e-03,,false,0,7.144611980e+02,/mnt/pd/tema1/new/results/ml_samples/N1_sw0.15_x+0_i0146.h5
1,50,1.500000000e-01,1.000000000e+00,0,1.000000000e+00,1.323886640e+00,1129908514,main,rise,2.343100000e+01,1.845589769e-02,1.678622808e-02,9.596553387e-04,,false,0,6.385363586e+02,/mnt/pd/tema1/new/results/ml_samples/N1_sw0.15_x+0_i0166.h5
1,50,1.500000000e-01,1.000000000e+00,0,1.000000000e+00,1.323886640e+00,1268203974,main,fall,1.047100000e+01,1.919381568e-02,2.405897308e-02,9.526954336e-04,,false,0,2.884193785e+02,/mnt/pd/tema1/new/results/ml_samples/N1_sw0.15_x+0_i0196.h5
1,50,1.500000000e-01,1.000000000e+00,0,1.000000000e+00,1.323886640e+00,348467414,main,rise,1.094100000e+01,2.539265935e-02,2.254959921e-02,1.014908014e-03,,false,0,3.015230653e+02,/mnt/pd/tema1/new/results/ml_samples/N1_sw0.15_x+0_i0194.h5
1,50,1.500000000e-01,1.000000000e+00,0,1.000000000e+00,1.323886640e+00,1777679272,main,fall,3.522100000e+01,1.972171184e-02,1.290506477e-02,1.003098763e-03,,false,0,9.578494831e+02,/mnt/pd/tema1/new/results/ml_samples/N1_sw0.15_x+0_i0124.h5
1,50,1.500000000e-01,1.000000000e+00,0,1.000000000e+00,1.323886640e+00,829275129,main,timeout,6.000100000e+01,2.035720661e-02,1.342594822e-02,1.177690536e-03,,false,0,1.627798467e+03,/mnt/pd/tema1/new/results/ml_samples/N1_sw0.15_x+0_i0042.h5
1,50,1.500000000e-01,1.000000000e+00,0,1.000000000e+00,1.323886640e+00,199124175,main,fall,2.683100000e+01,1.626800356e-02,1.621988465e-02,1.046015136e-03,,false,0,7.302186089e+02,/mnt/pd/tema1/new/results/ml_samples/N1_sw0.15_x+0_i0164.h5
1,50,1.500000000e-01,1.000000000e+00,1,1.034558572e+00,1.369638272e+00,799792708,main,rise,1.092100000e+01,2.308654827e-02,2.045542811e-02,1.166571255e-03,,false,0,3.015006697e+02,/mnt/pd/tema1/new/results/ml_samples/N1_sw0.15_x+1_i0004.h5
1,50,1.500000000e-01,1.000000000e+00,1,1.034558572e+00,1.369638272e+00,1415975766,main,rise,8.791000000e+00,2.108495656e-02,2.292461692e-02,1.095607744e-03,,false,0,2.432630632e+02,/mnt/pd/tema1/new/results/ml_samples/N1_sw0.15_x+1_i0012.h5
1,50,1.500000000e-01,1.000000000e+00,1,1.034558572e+00,1.369638272e+00,462411387,main,rise,1.154100000e+01,2.938167354e-02,2.486013004e-02,1.214033632e-03,,false,0,3.163623643e+02,/mnt/pd/tema1/new/results/ml_samples/N1_sw0.15_x+1_i0010.h5
1,50,1.500000000e-01,1.000000000e+00,0,1.000000000e+00,1.323886640e+00,419933307,main,fall,3.243100000e+01,1.971020808e-02,1.468526850e-02,1.035341633e-03,,false,0,8.825959269e+02,/mnt/pd/tema1/new/results/ml_samples/N1_sw0.15_x+0_i0150.h5
1,50,1.500000000e-01,1.000000000e+00,1,1.034558572e+00,1.369638272e+00,1116791866,main,fall,5.231000000e+00,2.083602014e-02,2.460506519e-02,9.700954118e-04,,false,0,1.467214141e+02,/mnt/pd/tema1/new/results/ml_samples/N1_sw0.15_x+1_i0024.h5
1,50,1.500000000e-01,1.000000000e+00,0,1.000000000e+00,1.323886640e+00,1459841147,main,timeout,6.000100000e+01,1.819057941e-02,1.480042147e-02,9.737850617e-04,,false,0,1.629522455e+03,/mnt/pd/tema1/new/results/ml_samples/N1_sw0.15_x+0_i0066.h5
1,50,1.500000000e-01,1.000000000e+00,0,1.000000000e+00,1.323886640e+00,1044190938,main,rise,2.176100000e+01,2.383783021e-02,2.189534415e-02,1.172585742e-03,,false,0,5.946000505e+02,/mnt/pd/tema1/new/results/ml_samples/N1_sw0.15_x+0_i0190.h5
1,50,1.500000000e-01,1.000000000e+00,1,1.034558572e+00,1.369638272e+00,1335678791,main,fall,3.401000000e+00,2.444480460e-02,3.710201753e-02,7.707809762e-04,,false,0,9.760280656e+01,/mnt/pd/tema1/new/results/ml_samples/N1_sw0.15_x+1_i0038.h5
1,50,1.500000000e-01,1.000000000e+00,0,1.000000000e+00,1.323886640e+00,940334908,main,fall,2.112100000e+01,2.591641867e-02,2.213344636e-02,9.848314370e-04,,false,0,5.769202465e+02,/mnt/pd/tema1/new/results/ml_samples/N1_sw0.15_x+0_i0192.h5
1,50,1.500000000e-01,1.000000000e+00,0,1.000000000e+00,1.323886640e+00,1610795375,main,fall,3.587100000e+01,1.923087024e-02,1.522158554e-02,1.064434130e-03,,false,0,9.737939723e+02,/mnt/pd/tema1/new/results/ml_samples/N1_sw0.15_x+0_i0162.h5
1,50,1.500000000e-01,1.000000000e+00,0,1.000000000e+00,1.323886640e+00,926870908,main,rise,3.985100000e+01,1.849647505e-02,1.348531526e-02,1.034825062e-03,,false,0,1.082126351e+03,/mnt/pd/tema1/new/results/ml_samples/N1_sw0.15_x+0_i0140.h5
1,50,1.500000000e-01,1.000000000e+00,1,1.034558572e+00,1.369638272e+00,1020232203,main,rise,1.480100000e+01,2.243877699e-02,2.331996235e-02,9.921844127e-04,,false,0,4.065515036e+02,/mnt/pd/tema1/new/results/ml_samples/N1_sw0.15_x+1_i0016.h5
1,50,1.500000000e-01,1.000000000e+00,0,1.000000000e+00,1.323886640e+00,624556903,main,fall,3.984100000e+01,1.914855441e-02,1.349842534e-02,1.202097927e-03,,false,0,1.081004917e+03,/mnt/pd/tema1/new/results/ml_samples/N1_sw0.15_x+0_i0148.h5
1,50,1.500000000e-01,1.000000000e+00,1,1.034558572e+00,1.369638272e+00,1994731299,main,fall,8.321000000e+00,2.155642376e-02,2.293112315e-02,1.220737802e-03,,false,0,2.305451268e+02,/mnt/pd/tema1/new/results/ml_samples/N1_sw0.15_x+1_i0036.h5
1,50,1.500000000e-01,1.000000000e+00,0,1.000000000e+00,1.323886640e+00,220788041,main,rise,3.298100000e+01,2.158618398e-02,1.712402961e-02,1.185716267e-03,,false,0,8.962809643e+02,/mnt/pd/tema1/new/results/ml_samples/N1_sw0.15_x+0_i0176.h5
1,50,1.500000000e-01,1.000000000e+00,1,1.034558572e+00,1.369638272e+00,1026745744,main,rise,7.921000000e+00,2.610361645e-02,3.017229119e-02,1.007971136e-03,,false,0,2.196360497e+02,/mnt/pd/tema1/new/results/ml_samples/N1_sw0.15_x+1_i0042.h5
1,50,1.500000000e-01,1.000000000e+00,1,1.034558572e+00,1.369638272e+00,2104130128,main,fall,1.154100000e+01,2.278312885e-02,2.820251332e-02,1.221170604e-03,,false,0,3.182804426e+02,/mnt/pd/tema1/new/results/ml_samples/N1_sw0.15_x+1_i0032.h5
1,50,1.500000000e-01,1.000000000e+00,1,1.034558572e+00,1.369638272e+00,197613651,main,rise,2.417100000e+01,2.348829570e-02,1.910647112e-02,1.244676973e-03,,false,0,6.581190423e+02,/mnt/pd/tema1/new/results/ml_samples/N1_sw0.15_x+1_i0000.h5
1,50,1.500000000e-01,1.000000000e+00,1,1.034558572e+00,1.369638272e+00,257100788,main,fall,1.157100000e+01,1.663129309e-02,2.259382712e-02,8.810607233e-04,,false,0,3.186708893e+02,/mnt/pd/tema1/new/results/ml_samples/N1_sw0.15_x+1_i0040.h5
1,50,1.500000000e-01,1.000000000e+00,0,1.000000000e+00,1.323886640e+00,1077976547,main,fall,3.823100000e+01,2.347851079e-02,1.657241485e-02,1.168657342e-03,,false,0,1.039193197e+03,/mnt/pd/tema1/new/results/ml_samples/N1_sw0.15_x+0_i0172.h5
1,50,1.500000000e-01,1.000000000e+00,1,1.034558572e+00,1.369638272e+00,1457574344,main,rise,1.808100000e+01,2.302432532e-02,1.681175099e-02,1.185434105e-03,,false,0,4.941667102e+02,/mnt/pd/tema1/new/results/ml_samples/N1_sw0.15_x+1_i0020.h5
1,50,1.500000000e-01,1.000000000e+00,0,1.000000000e+00,1.323886640e+00,348570521,main,rise,2.838100000e+01,1.871789021e-02,1.484755353e-02,1.013561424e-03,,false,0,7.719218179e+02,/mnt/pd/tema1/new/results/ml_samples/N1_sw0.15_x+0_i0198.h5
1,50,1.500000000e-01,1.000000000e+00,0,1.000000000e+00,1.323886640e+00,1234909361,main,timeout,6.000100000e+01,1.984445474e-02,1.239027320e-02,1.087895209e-03,,false,0,1.626673070e+03,/mnt/pd/tema1/new/results/ml_samples/N1_sw0.15_x+0_i0106.h5
1,50,1.500000000e-01,1.000000000e+00,1,1.034558572e+00,1.369638272e+00,369850179,main,rise,8.171000000e+00,2.231880784e-02,1.955695963e-02,1.139908024e-03,,false,0,2.265762404e+02,/mnt/pd/tema1/new/results/ml_samples/N1_sw0.15_x+1_i0054.h5
1,50,1.500000000e-01,1.000000000e+00,1,1.034558572e+00,1.369638272e+00,77036863,main,rise,2.853100000e+01,2.084352443e-02,1.833161133e-02,1.137897846e-03,,false,0,7.768678107e+02,/mnt/pd/tema1/new/results/ml_samples/N1_sw0.15_x+1_i0008.h5
1,50,1.500000000e-01,1.000000000e+00,1,1.034558572e+00,1.369638272e+00,23431894,main,fall,1.735100000e+01,2.053630681e-02,2.193452772e-02,9.770579799e-04,,false,0,4.751271534e+02,/mnt/pd/tema1/new/results/ml_samples/N1_sw0.15_x+1_i0034.h5
1,50,1.500000000e-01,1.000000000e+00,1,1.034558572e+00,1.369638272e+00,1770486410,main,fall,8.601000000e+00,2.255921674e-02,2.406808808e-02,1.240549824e-03,,false,0,2.384921214e+02,/mnt/pd/tema1/new/results/ml_samples/N1_sw0.15_x+1_i0056.h5
1,50,1.500000000e-01,1.000000000e+00,1,1.034558572e+00,1.369638272e+00,1962026134,main,rise,1.384100000e+01,2.147831616e-02,2.276488756e-02,1.235098286e-03,,false,0,3.798569554e+02,/mnt/pd/tema1/new/results/ml_samples/N1_sw0.15_x+1_i0044.h5
1,50,1.500000000e-01,1.000000000e+00,1,1.034558572e+00,1.369638272e+00,1539672551,main,fall,1.192100000e+01,1.834628007e-02,1.956377233e-02,8.882518703e-04,,false,0,3.281886248e+02,/mnt/pd/tema1/new/results/ml_samples/N1_sw0.15_x+1_i0048.h5
1,50,1.500000000e-01,1.000000000e+00,1,1.034558572e+00,1.369638272e+00,1590352705,main,rise,1.099100000e+01,2.316819725e-02,2.338375007e-02,9.942643186e-04,,false,0,3.033482129e+02,/mnt/pd/tema1/new/results/ml_samples/N1_sw0.15_x+1_i0052.h5
1,50,1.500000000e-01,1.000000000e+00,1,1.034558572e+00,1.369638272e+00,472356874,main,rise,2.122100000e+01,2.586907576e-02,2.107806091e-02,1.411630693e-03,,false,0,5.791815345e+02,/mnt/pd/tema1/new/results/ml_samples/N1_sw0.15_x+1_i0030.h5
1,50,1.500000000e-01,1.000000000e+00,1,1.034558572e+00,1.369638272e+00,86089126,main,fall,2.931000000e+00,3.501480790e-02,4.797140514e-02,8.901343673e-04,,false,0,8.510450312e+01,/mnt/pd/tema1/new/results/ml_samples/N1_sw0.15_x+1_i0078.h5
1,50,1.500000000e-01,1.000000000e+00,1,1.034558572e+00,1.369638272e+00,342929999,main,fall,8.881000000e+00,1.960869938e-02,2.925284004e-02,8.797739322e-04,,false,0,2.464842914e+02,/mnt/pd/tema1/new/results/ml_samples/N1_sw0.15_x+1_i0066.h5
1,50,1.500000000e-01,1.000000000e+00,1,1.034558572e+00,1.369638272e+00,1684193179,main,rise,2.623100000e+01,1.971702287e-02,1.733441938e-02,9.391766527e-04,,false,0,7.138185850e+02,/mnt/pd/tema1/new/results/ml_samples/N1_sw0.15_x+1_i0018.h5
1,50,1.500000000e-01,1.000000000e+00,0,1.000000000e+00,1.323886640e+00,418209158,main,fall,4.450100000e+01,1.975353880e-02,1.229490985e-02,1.067902625e-03,,false,0,1.202767295e+03,/mnt/pd/tema1/new/results/ml_samples/N1_sw0.15_x+0_i0178.h5
1,50,1.500000000e-01,1.000000000e+00,1,1.034558572e+00,1.369638272e+00,1565244659,main,rise,1.456100000e+01,2.672539468e-02,2.317877413e-02,1.444801829e-03,,false,0,3.991472979e+02,/mnt/pd/tema1/new/results/ml_samples/N1_sw0.15_x+1_i0058.h5
1,50,1.500000000e-01,1.000000000e+00,1,1.034558572e+00,1.369638272e+00,1653211573,main,rise,4.931000000e+00,4.109749250e-02,3.840878301e-02,1.494568401e-03,,false,0,1.393972009e+02,/mnt/pd/tema1/new/results/ml_samples/N1_sw0.15_x+1_i0094.h5
1,50,1.500000000e-01,1.000000000e+00,1,1.034558572e+00,1.369638272e+00,1871601740,main,rise,1.207100000e+01,2.233365527e-02,2.763930853e-02,1.084928621e-03,,false,0,3.320808332e+02,/mnt/pd/tema1/new/results/ml_samples/N1_sw0.15_x+1_i0068.h5
1,50,1.500000000e-01,1.000000000e+00,1,1.034558572e+00,1.369638272e+00,1594455863,main,rise,1.511100000e+01,2.506336339e-02,2.294999116e-02,1.166577352e-03,,false,0,4.149861062e+02,/mnt/pd/tema1/new/results/ml_samples/N1_sw0.15_x+1_i0064.h5
1,50,1.500000000e-01,1.000000000e+00,1,1.034558572e+00,1.369638272e+00,1399785913,main,rise,2.141100000e+01,2.062440501e-02,1.927923110e-02,9.033917172e-04,,false,0,5.836857801e+02,/mnt/pd/tema1/new/results/ml_samples/N1_sw0.15_x+1_i0046.h5
1,50,1.500000000e-01,1.000000000e+00,1,1.034558572e+00,1.369638272e+00,57629634,main,rise,6.131000000e+00,3.069461685e-02,1.884548701e-02,1.348648899e-03,,false,0,1.714911361e+02,/mnt/pd/tema1/new/results/ml_samples/N1_sw0.15_x+1_i0096.h5
1,50,1.500000000e-01,1.000000000e+00,1,1.034558572e+00,1.369638272e+00,1572345771,main,rise,1.311100000e+01,2.257279806e-02,2.214957713e-02,1.064805032e-03,,false,0,3.603674879e+02,/mnt/pd/tema1/new/results/ml_samples/N1_sw0.15_x+1_i0070.h5
1,50,1.500000000e-01,1.000000000e+00,0,1.000000000e+00,1.323886640e+00,572939757,main,rise,4.966100000e+01,1.770268292e-02,1.489296488e-02,9.746365202e-04,,false,0,1.346015860e+03,/mnt/pd/tema1/new/results/ml_samples/N1_sw0.15_x+0_i0180.h5
1,50,1.500000000e-01,1.000000000e+00,0,1.000000000e+00,1.323886640e+00,392564383,main,timeout,6.000100000e+01,1.784805122e-02,1.456751008e-02,1.056098783e-03,,false,0,1.629312286e+03,/mnt/pd/tema1/new/results/ml_samples/N1_sw0.15_x+0_i0136.h5
1,50,1.500000000e-01,1.000000000e+00,1,1.034558572e+00,1.369638272e+00,861438343,main,rise,1.039100000e+01,2.254979147e-02,1.905779716e-02,1.068814808e-03,,false,0,2.861967030e+02,/mnt/pd/tema1/new/results/ml_samples/N1_sw0.15_x+1_i0084.h5
1,50,1.500000000e-01,1.000000000e+00,1,1.034558572e+00,1.369638272e+00,917649787,main,rise,3.995100000e+01,2.205082608e-02,1.750484333e-02,1.152678442e-03,,false,0,1.083363673e+03,/mnt/pd/tema1/new/results/ml_samples/N1_sw0.15_x+1_i0006.h5
1,50,1.500000000e-01,1.000000000e+00,1,1.034558572e+00,1.369638272e+00,394144448,main,rise,1.271100000e+01,2.689760627e-02,2.308172148e-02,1.386361423e-03,,false,0,3.495319494e+02,/mnt/pd/tema1/new/results/ml_samples/N1_sw0.15_x+1_i0076.h5
1,50,1.500000000e-01,1.000000000e+00,1,1.034558572e+00,1.369638272e+00,565828991,main,rise,3.161100000e+01,2.021958148e-02,1.614217089e-02,9.563323878e-04,,false,0,8.591930662e+02,/mnt/pd/tema1/new/results/ml_samples/N1_sw0.15_x+1_i0028.h5
1,50,1.500000000e-01,1.000000000e+00,1,1.034558572e+00,1.369638272e+00,1719625600,main,rise,3.995100000e+01,2.247700204e-02,1.651570135e-02,1.064625876e-03,,false,0,1.087801751e+03,/mnt/pd/tema1/new/results/ml_samples/N1_sw0.15_x+1_i0014.h5
1,50,1.500000000e-01,1.000000000e+00,1,1.034558572e+00,1.369638272e+00,423665991,main,rise,7.901000000e+00,2.406067187e-02,2.758312051e-02,1.091841389e-03,,false,0,2.191030270e+02,/mnt/pd/tema1/new/results/ml_samples/N1_sw0.15_x+1_i0104.h5
1,50,1.500000000e-01,1.000000000e+00,1,1.034558572e+00,1.369638272e+00,1530463959,main,rise,2.609100000e+01,2.547799692e-02,1.545239705e-02,1.335371063e-03,,false,0,7.107204246e+02,/mnt/pd/tema1/new/results/ml_samples/N1_sw0.15_x+1_i0050.h5
1,50,1.500000000e-01,1.000000000e+00,1,1.034558572e+00,1.369638272e+00,2131040588,main,rise,4.648100000e+01,2.129502772e-02,1.495176609e-02,1.041751034e-03,,false,0,1.257827830e+03,/mnt/pd/tema1/new/results/ml_samples/N1_sw0.15_x+1_i0002.h5
1,50,1.500000000e-01,1.000000000e+00,1,1.034558572e+00,1.369638272e+00,126962287,main,rise,1.342100000e+01,2.270832801e-02,1.960890469e-02,8.708679624e-04,,false,0,3.678824741e+02,/mnt/pd/tema1/new/results/ml_samples/N1_sw0.15_x+1_i0092.h5
1,50,1.500000000e-01,1.000000000e+00,1,1.034558572e+00,1.369638272e+00,498350755,main,fall,5.851000000e+00,2.182882467e-02,3.213368085e-02,1.050483602e-03,,false,0,1.634398338e+02,/mnt/pd/tema1/new/results/ml_samples/N1_sw0.15_x+1_i0122.h5
1,50,1.500000000e-01,1.000000000e+00,1,1.034558572e+00,1.369638272e+00,1473442654,main,rise,1.360100000e+01,2.803364420e-02,1.826473332e-02,1.079057944e-03,,false,0,3.733376650e+02,/mnt/pd/tema1/new/results/ml_samples/N1_sw0.15_x+1_i0100.h5
1,50,1.500000000e-01,1.000000000e+00,1,1.034558572e+00,1.369638272e+00,470796746,main,rise,9.091000000e+00,2.033775789e-02,2.226572444e-02,1.132563723e-03,,false,0,2.517913704e+02,/mnt/pd/tema1/new/results/ml_samples/N1_sw0.15_x+1_i0114.h5
1,50,1.500000000e-01,1.000000000e+00,1,1.034558572e+00,1.369638272e+00,1182799944,main,rise,1.469100000e+01,2.180203859e-02,2.341457063e-02,1.068453399e-03,,false,0,4.030209802e+02,/mnt/pd/tema1/new/results/ml_samples/N1_sw0.15_x+1_i0098.h5
1,50,1.500000000e-01,1.000000000e+00,1,1.034558572e+00,1.369638272e+00,45418785,main,rise,2.207100000e+01,2.088397363e-02,1.692965168e-02,1.011352944e-03,,false,0,6.017951968e+02,/mnt/pd/tema1/new/results/ml_samples/N1_sw0.15_x+1_i0072.h5
1,50,1.500000000e-01,1.000000000e+00,1,1.034558572e+00,1.369638272e+00,1419234887,main,rise,1.744100000e+01,1.924274841e-02,1.560252393e-02,1.018203393e-03,,false,0,4.773136758e+02,/mnt/pd/tema1/new/results/ml_samples/N1_sw0.15_x+1_i0090.h5
1,50,1.500000000e-01,1.000000000e+00,1,1.034558572e+00,1.369638272e+00,914603030,main,rise,4.103100000e+01,1.822750882e-02,1.612666707e-02,9.956686271e-04,,false,0,1.114329183e+03,/mnt/pd/tema1/new/results/ml_samples/N1_sw0.15_x+1_i0022.h5
1,50,1.500000000e-01,1.000000000e+00,1,1.034558572e+00,1.369638272e+00,1371113520,main,rise,3.949100000e+01,2.061740444e-02,1.375541469e-02,1.060127471e-03,,false,0,1.073700213e+03,/mnt/pd/tema1/new/results/ml_samples/N1_sw0.15_x+1_i0026.h5
1,50,1.500000000e-01,1.000000000e+00,1,1.034558572e+00,1.369638272e+00,162389986,main,rise,1.915100000e+01,2.141681607e-02,1.890116976e-02,9.712173934e-04,,false,0,5.238991073e+02,/mnt/pd/tema1/new/results/ml_samples/N1_sw0.15_x+1_i0086.h5
1,50,1.500000000e-01,1.000000000e+00,1,1.034558572e+00,1.369638272e+00,1942535805,main,rise,1.355100000e+01,2.275124983e-02,2.044259997e-02,9.733184841e-04,,false,0,3.721258051e+02,/mnt/pd/tema1/new/results/ml_samples/N1_sw0.15_x+1_i0102.h5
1,50,1.500000000e-01,1.000000000e+00,1,1.034558572e+00,1.369638272e+00,1353943530,main,rise,8.611000000e+00,1.876139056e-02,2.054873502e-02,8.538257869e-04,,false,0,2.384024132e+02,/mnt/pd/tema1/new/results/ml_samples/N1_sw0.15_x+1_i0124.h5
1,50,1.500000000e-01,1.000000000e+00,1,1.034558572e+00,1.369638272e+00,1451988010,main,rise,1.310100000e+01,2.487015845e-02,2.130120712e-02,1.098125008e-03,,false,0,3.613045911e+02,/mnt/pd/tema1/new/results/ml_samples/N1_sw0.15_x+1_i0106.h5
1,50,1.500000000e-01,1.000000000e+00,1,1.034558572e+00,1.369638272e+00,72703095,main,rise,2.296100000e+01,1.944140214e-02,1.526440269e-02,9.964737528e-04,,false,0,6.274314880e+02,/mnt/pd/tema1/new/results/ml_samples/N1_sw0.15_x+1_i0080.h5
1,50,1.500000000e-01,1.000000000e+00,1,1.034558572e+00,1.369638272e+00,1560870315,main,rise,2.541100000e+01,2.028207792e-02,1.627223751e-02,1.260895520e-03,,false,0,6.931753573e+02,/mnt/pd/tema1/new/results/ml_samples/N1_sw0.15_x+1_i0074.h5
1,50,1.500000000e-01,1.000000000e+00,1,1.034558572e+00,1.369638272e+00,391464317,main,fall,8.901000000e+00,2.622037986e-02,2.503857601e-02,1.001125525e-03,,false,0,2.465072609e+02,/mnt/pd/tema1/new/results/ml_samples/N1_sw0.15_x+1_i0130.h5
1,50,1.500000000e-01,1.000000000e+00,1,1.034558572e+00,1.369638272e+00,1245278246,main,rise,1.512100000e+01,1.871173051e-02,2.355872575e-02,1.045983806e-03,,false,0,4.152512117e+02,/mnt/pd/tema1/new/results/ml_samples/N1_sw0.15_x+1_i0116.h5
1,50,1.500000000e-01,1.000000000e+00,1,1.034558572e+00,1.369638272e+00,654183737,main,rise,1.239100000e+01,2.485031415e-02,2.557212818e-02,1.120233877e-03,,false,0,3.404552739e+02,/mnt/pd/tema1/new/results/ml_samples/N1_sw0.15_x+1_i0126.h5
1,50,1.500000000e-01,1.000000000e+00,1,1.034558572e+00,1.369638272e+00,754991277,main,rise,9.121000000e+00,2.430539219e-02,2.325767935e-02,1.071455266e-03,,false,0,2.525485719e+02,/mnt/pd/tema1/new/results/ml_samples/N1_sw0.15_x+1_i0134.h5
1,50,1.500000000e-01,1.000000000e+00,1,1.034558572e+00,1.369638272e+00,1105276169,main,rise,9.291000000e+00,2.384591527e-02,2.589635459e-02,9.778033135e-04,,false,0,2.567431466e+02,/mnt/pd/tema1/new/results/ml_samples/N1_sw0.15_x+1_i0136.h5
1,50,1.500000000e-01,1.000000000e+00,1,1.034558572e+00,1.369638272e+00,680904593,main,rise,7.471000000e+00,2.724798523e-02,3.018530803e-02,1.084121083e-03,,false,0,2.076661286e+02,/mnt/pd/tema1/new/results/ml_samples/N1_sw0.15_x+1_i0144.h5
1,50,1.500000000e-01,1.000000000e+00,1,1.034558572e+00,1.369638272e+00,159598424,main,rise,9.091000000e+00,2.515461337e-02,2.128646238e-02,1.132300551e-03,,false,0,2.514793658e+02,/mnt/pd/tema1/new/results/ml_samples/N1_sw0.15_x+1_i0140.h5
1,50,1.500000000e-01,1.000000000e+00,1,1.034558572e+00,1.369638272e+00,1389448092,main,rise,1.782100000e+01,1.718511199e-02,1.489718106e-02,9.023666295e-04,,false,0,4.860758889e+02,/mnt/pd/tema1/new/results/ml_samples/N1_sw0.15_x+1_i0110.h5
1,50,1.500000000e-01,1.000000000e+00,1,1.034558572e+00,1.369638272e+00,2133501207,main,fall,7.291000000e+00,2.529829703e-02,2.614411034e-02,1.407759146e-03,,false,0,2.023873744e+02,/mnt/pd/tema1/new/results/ml_samples/N1_sw0.15_x+1_i0152.h5
1,50,1.500000000e-01,1.000000000e+00,1,1.034558572e+00,1.369638272e+00,1144983644,main,rise,2.772100000e+01,2.102311838e-02,1.601318603e-02,1.130849255e-03,,false,0,7.547788880e+02,/mnt/pd/tema1/new/results/ml_samples/N1_sw0.15_x+1_i0082.h5
1,50,1.500000000e-01,1.000000000e+00,1,1.034558572e+00,1.369638272e+00,143550506,main,rise,3.562100000e+01,1.914958121e-02,1.583434378e-02,1.164180992e-03,,false,0,9.693888089e+02,/mnt/pd/tema1/new/results/ml_samples/N1_sw0.15_x+1_i0060.h5
1,50,1.500000000e-01,1.000000000e+00,1,1.034558572e+00,1.369638272e+00,100484807,main,fall,1.227100000e+01,2.183613370e-02,2.327478504e-02,1.115879816e-03,,false,0,3.365379112e+02,/mnt/pd/tema1/new/results/ml_samples/N1_sw0.15_x+1_i0128.h5
1,50,1.500000000e-01,1.000000000e+00,1,1.034558572e+00,1.369638272e+00,466936738,main,rise,1.028100000e+01,2.582129324e-02,2.083194403e-02,1.141633894e-03,,false,0,2.833817292e+02,/mnt/pd/tema1/new/results/ml_samples/N1_sw0.15_x+1_i0154.h5
1,50,1.500000000e-01,1.000000000e+00,1,1.034558572e+00,1.369638272e+00,1674999329,main,fall,5.311000000e+00,2.766730422e-02,3.114884321e-02,1.204403105e-03,,false,0,1.489225189e+02,/mnt/pd/tema1/new/results/ml_samples/N1_sw0.15_x+1_i0168.h5
1,50,1.500000000e-01,1.000000000e+00,1,1.034558572e+00,1.369638272e+00,1048258998,main,fall,4.621000000e+00,2.267723287e-02,3.612602686e-02,8.528911244e-04,,false,0,1.306711404e+02,/mnt/pd/tema1/new/results/ml_samples/N1_sw0.15_x+1_i0182.h5
1,50,1.500000000e-01,1.000000000e+00,1,1.034558572e+00,1.369638272e+00,1684451731,main,rise,1.100100000e+01,2.561952681e-02,2.296695978e-02,8.284619377e-04,,false,0,3.028164869e+02,/mnt/pd/tema1/new/results/ml_samples/N1_sw0.15_x+1_i0160.h5
1,50,1.500000000e-01,1.000000000e+00,1,1.034558572e+00,1.369638272e+00,729811374,main,fall,4.711000000e+00,2.757593188e-02,3.615551036e-02,1.067304221e-03,,false,0,1.326560937e+02,/mnt/pd/tema1/new/results/ml_samples/N1_sw0.15_x+1_i0186.h5
1,50,1.500000000e-01,1.000000000e+00,1,1.034558572e+00,1.369638272e+00,1268162009,main,rise,1.668100000e+01,2.505896226e-02,2.115213220e-02,1.242463969e-03,,false,0,4.548395441e+02,/mnt/pd/tema1/new/results/ml_samples/N1_sw0.15_x+1_i0138.h5
1,50,1.500000000e-01,1.000000000e+00,1,1.034558572e+00,1.369638272e+00,680243332,main,fall,5.331000000e+00,2.817395880e-02,3.194786315e-02,9.184293828e-04,,false,0,1.493542805e+02,/mnt/pd/tema1/new/results/ml_samples/N1_sw0.15_x+1_i0188.h5
1,50,1.500000000e-01,1.000000000e+00,1,1.034558572e+00,1.369638272e+00,1171813971,main,rise,9.231000000e+00,2.370551309e-02,3.376455336e-02,1.014301047e-03,,false,0,2.556643338e+02,/mnt/pd/tema1/new/results/ml_samples/N1_sw0.15_x+1_i0166.h5
1,50,1.500000000e-01,1.000000000e+00,1,1.034558572e+00,1.369638272e+00,640993083,main,rise,1.461100000e+01,1.789247590e-02,2.122324045e-02,1.023831488e-03,,false,0,3.999346643e+02,/mnt/pd/tema1/new/results/ml_samples/N1_sw0.15_x+1_i0150.h5
1,50,1.500000000e-01,1.000000000e+00,1,1.034558572e+00,1.369638272e+00,819030797,main,rise,8.431000000e+00,2.474876694e-02,2.679417490e-02,1.210057520e-03,,false,0,2.337299453e+02,/mnt/pd/tema1/new/results/ml_samples/N1_sw0.15_x+1_i0180.h5
1,50,1.500000000e-01,1.000000000e+00,1,1.034558572e+00,1.369638272e+00,1204973504,main,fall,1.270100000e+01,2.003853255e-02,2.242606031e-02,9.739746638e-04,,false,0,3.487455759e+02,/mnt/pd/tema1/new/results/ml_samples/N1_sw0.15_x+1_i0162.h5
1,50,1.500000000e-01,1.000000000e+00,1,1.034558572e+00,1.369638272e+00,1486496157,main,rise,1.045100000e+01,3.110957840e-02,2.321110974e-02,1.382551874e-03,,false,0,2.875738518e+02,/mnt/pd/tema1/new/results/ml_samples/N1_sw0.15_x+1_i0174.h5
1,50,1.500000000e-01,1.000000000e+00,1,1.034558572e+00,1.369638272e+00,329939014,main,rise,2.731100000e+01,2.161542010e-02,1.454710113e-02,1.076973330e-03,,false,0,7.433376212e+02,/mnt/pd/tema1/new/results/ml_samples/N1_sw0.15_x+1_i0108.h5
1,50,1.500000000e-01,1.000000000e+00,1,1.034558572e+00,1.369638272e+00,1520853092,main,rise,2.714100000e+01,2.000907791e-02,1.399212452e-02,9.452404646e-04,,false,0,7.383262924e+02,/mnt/pd/tema1/new/results/ml_samples/N1_sw0.15_x+1_i0112.h5
1,50,1.500000000e-01,1.000000000e+00,1,1.034558572e+00,1.369638272e+00,497954014,main,rise,2.700100000e+01,2.049247145e-02,1.487166718e-02,1.012214132e-03,,false,0,7.345881234e+02,/mnt/pd/tema1/new/results/ml_samples/N1_sw0.15_x+1_i0120.h5
1,50,1.500000000e-01,1.000000000e+00,2,1.069117145e+00,1.415389904e+00,159493092,main,rise,5.511000000e+00,2.362142107e-02,2.595819516e-02,7.836800179e-04,,false,0,1.545848297e+02,/mnt/pd/tema1/new/results/ml_samples/N1_sw0.15_x+2_i0002.h5
1,50,1.500000000e-01,1.000000000e+00,1,1.034558572e+00,1.369638272e+00,147900361,main,rise,1.549100000e+01,2.126811285e-02,1.797065421e-02,1.053728093e-03,,false,0,4.235026179e+02,/mnt/pd/tema1/new/results/ml_samples/N1_sw0.15_x+1_i0172.h5
1,50,1.500000000e-01,1.000000000e+00,1,1.034558572e+00,1.369638272e+00,155661860,main,rise,2.216100000e+01,1.807242418e-02,1.785890964e-02,1.005183019e-03,,false,0,6.049444822e+02,/mnt/pd/tema1/new/results/ml_samples/N1_sw0.15_x+1_i0146.h5
1,50,1.500000000e-01,1.000000000e+00,1,1.034558572e+00,1.369638272e+00,589298327,main,fall,8.441000000e+00,1.983002503e-02,1.888831010e-02,8.994804144e-04,,false,0,2.342330423e+02,/mnt/pd/tema1/new/results/ml_samples/N1_sw0.15_x+1_i0196.h5
1,50,1.500000000e-01,1.000000000e+00,1,1.034558572e+00,1.369638272e+00,184126989,main,rise,2.188100000e+01,1.915056712e-02,1.667178021e-02,1.033534855e-03,,false,0,5.978065669e+02,/mnt/pd/tema1/new/results/ml_samples/N1_sw0.15_x+1_i0148.h5
1,50,1.500000000e-01,1.000000000e+00,2,1.069117145e+00,1.415389904e+00,319788834,main,rise,8.171000000e+00,2.346666263e-02,2.817658033e-02,1.059775928e-03,,false,0,2.258537872e+02,/mnt/pd/tema1/new/results/ml_samples/N1_sw0.15_x+2_i0000.h5
1,50,1.500000000e-01,1.000000000e+00,1,1.034558572e+00,1.369638272e+00,1570833280,main,rise,9.891000000e+00,2.496432325e-02,2.332207579e-02,1.086826332e-03,,false,0,2.731529175e+02,/mnt/pd/tema1/new/results/ml_samples/N1_sw0.15_x+1_i0194.h5
1,50,1.500000000e-01,1.000000000e+00,1,1.034558572e+00,1.369638272e+00,981988320,main,rise,1.762100000e+01,1.739622537e-02,1.717587577e-02,7.803995160e-04,,false,0,4.803552733e+02,/mnt/pd/tema1/new/results/ml_samples/N1_sw0.15_x+1_i0170.h5
1,50,1.500000000e-01,1.000000000e+00,2,1.069117145e+00,1.415389904e+00,2107553186,main,rise,6.551000000e+00,3.069834686e-02,2.831046053e-02,1.371005028e-03,,false,0,1.828667929e+02,/mnt/pd/tema1/new/results/ml_samples/N1_sw0.15_x+2_i0016.h5
1,50,1.500000000e-01,1.000000000e+00,1,1.034558572e+00,1.369638272e+00,1908350837,main,rise,1.637100000e+01,2.039307058e-02,2.236309025e-02,9.021510487e-04,,false,0,4.484544242e+02,/mnt/pd/tema1/new/results/ml_samples/N1_sw0.15_x+1_i0178.h5
1,50,1.500000000e-01,1.000000000e+00,1,1.034558572e+00,1.369638272e+00,1998335329,main,rise,1.402100000e+01,2.758742538e-02,1.880710287e-02,1.198930383e-03,,false,0,3.849755399e+02,/mnt/pd/tema1/new/results/ml_samples/N1_sw0.15_x+1_i0190.h5
1,50,1.500000000e-01,1.000000000e+00,1,1.034558572e+00,1.369638272e+00,2006730778,main,fall,4.407100000e+01,2.168858571e-02,1.498063125e-02,1.093313556e-03,,false,0,1.196793036e+03,/mnt/pd/tema1/new/results/ml_samples/N1_sw0.15_x+1_i0088.h5
1,50,1.500000000e-01,1.000000000e+00,2,1.069117145e+00,1.415389904e+00,681301335,main,rise,1.086100000e+01,3.007529303e-02,2.201331462e-02,1.205177941e-03,,false,0,2.988242569e+02,/mnt/pd/tema1/new/results/ml_samples/N1_sw0.15_x+2_i0006.h5
1,50,1.500000000e-01,1.000000000e+00,2,1.069117145e+00,1.415389904e+00,1740913530,main,rise,9.081000000e+00,2.798346262e-02,1.802262401e-02,1.260517834e-03,,false,0,2.515146173e+02,/mnt/pd/tema1/new/results/ml_samples/N1_sw0.15_x+2_i0012.h5
1,50,1.500000000e-01,1.000000000e+00,1,1.034558572e+00,1.369638272e+00,1292949618,main,fall,2.468100000e+01,1.922147851e-02,1.795762724e-02,9.257817082e-04,,false,0,6.726871713e+02,/mnt/pd/tema1/new/results/ml_samples/N1_sw0.15_x+1_i0158.h5
1,50,1.500000000e-01,1.000000000e+00,2,1.069117145e+00,1.415389904e+00,1153048697,main,fall,6.951000000e+00,2.118826536e-02,3.065536976e-02,1.079971931e-03,,false,0,1.937465689e+02,/mnt/pd/tema1/new/results/ml_samples/N1_sw0.15_x+2_i0020.h5
1,50,1.500000000e-01,1.000000000e+00,1,1.034558572e+00,1.369638272e+00,147320246,main,fall,5.384100000e+01,2.322949266e-02,1.433210720e-02,1.259591316e-03,,false,0,1.458627245e+03,/mnt/pd/tema1/new/results/ml_samples/N1_sw0.15_x+1_i0062.h5
1,50,1.500000000e-01,1.000000000e+00,2,1.069117145e+00,1.415389904e+00,264832581,main,rise,1.081100000e+01,2.116568281e-02,1.872599349e-02,1.026837176e-03,,false,0,2.985162441e+02,/mnt/pd/tema1/new/results/ml_samples/N1_sw0.15_x+2_i0010.h5
1,50,1.500000000e-01,1.000000000e+00,2,1.069117145e+00,1.415389904e+00,626852610,main,rise,1.297100000e+01,2.993039381e-02,2.318776278e-02,1.227433145e-03,,false,0,3.570444304e+02,/mnt/pd/tema1/new/results/ml_samples/N1_sw0.15_x+2_i0004.h5
1,50,1.500000000e-01,1.000000000e+00,1,1.034558572e+00,1.369638272e+00,625591080,main,rise,2.964100000e+01,1.687791028e-02,1.436176098e-02,9.867678412e-04,,false,0,8.071602964e+02,/mnt/pd/tema1/new/results/ml_samples/N1_sw0.15_x+1_i0142.h5
1,50,1.500000000e-01,1.000000000e+00,2,1.069117145e+00,1.415389904e+00,168158708,main,rise,5.061000000e+00,3.745191999e-02,3.397398091e-02,1.278190952e-03,,false,0,1.423413243e+02,/mnt/pd/tema1/new/results/ml_samples/N1_sw0.15_x+2_i0038.h5
1,50,1.500000000e-01,1.000000000e+00,2,1.069117145e+00,1.415389904e+00,365121989,main,rise,8.491000000e+00,2.953413448e-02,2.509646042e-02,1.372784317e-03,,false,0,2.359782803e+02,/mnt/pd/tema1/new/results/ml_samples/N1_sw0.15_x+2_i0028.h5
1,50,1.500000000e-01,1.000000000e+00,1,1.034558572e+00,1.369638272e+00,248115127,main,rise,2.974100000e+01,2.045939199e-02,1.567472115e-02,1.006628513e-03,,false,0,8.083902430e+02,/mnt/pd/tema1/new/results/ml_samples/N1_sw0.15_x+1_i0156.h5
1,50,1.500000000e-01,1.000000000e+00,2,1.069117145e+00,1.415389904e+00,1721908398,main,rise,1.387100000e+01,1.711766570e-02,2.117277275e-02,9.752127587e-04,,false,0,3.804542001e+02,/mnt/pd/tema1/new/results/ml_samples/N1_sw0.15_x+2_i0014.h5
1,50,1.500000000e-01,1.000000000e+00,2,1.069117145e+00,1.415389904e+00,1958635592,main,rise,8.151000000e+00,2.941593481e-02,3.005979364e-02,1.176882946e-03,,false,0,2.281836064e+02,/mnt/pd/tema1/new/results/ml_samples/N1_sw0.15_x+2_i0030.h5
1,50,1.500000000e-01,1.000000000e+00,2,1.069117145e+00,1.415389904e+00,1238232940,main,fall,8.601000000e+00,2.260778483e-02,2.654259239e-02,1.041370245e-03,,false,0,2.381647339e+02,/mnt/pd/tema1/new/results/ml_samples/N1_sw0.15_x+2_i0036.h5
1,50,1.500000000e-01,1.000000000e+00,2,1.069117145e+00,1.415389904e+00,216338678,main,rise,9.811000000e+00,2.228417331e-02,2.667552880e-02,8.580655841e-04,,false,0,2.711023277e+02,/mnt/pd/tema1/new/results/ml_samples/N1_sw0.15_x+2_i0032.h5
1,50,1.500000000e-01,1.000000000e+00,2,1.069117145e+00,1.415389904e+00,1655702825,main,rise,8.981000000e+00,3.272072915e-02,2.878494755e-02,1.139289718e-03,,false,0,2.484021100e+02,/mnt/pd/tema1/new/results/ml_samples/N1_sw0.15_x+2_i0034.h5
1,50,1.500000000e-01,1.000000000e+00,1,1.034558572e+00,1.369638272e+00,1375648577,main,rise,2.588100000e+01,2.107633192e-02,1.890229195e-02,1.138005451e-03,,false,0,7.046177998e+02,/mnt/pd/tema1/new/results/ml_samples/N1_sw0.15_x+1_i0176.h5
1,50,1.500000000e-01,1.000000000e+00,2,1.069117145e+00,1.415389904e+00,2139031546,main,rise,5.631000000e+00,2.483151742e-02,3.407579143e-02,9.167303988e-04,,false,0,1.580287433e+02,/mnt/pd/tema1/new/results/ml_samples/N1_sw0.15_x+2_i0052.h5
1,50,1.500000000e-01,1.000000000e+00,1,1.034558572e+00,1.369638272e+00,1436684424,main,rise,3.686100000e+01,1.628430136e-02,9.465509408e-03,9.501974720e-04,,false,0,1.001798037e+03,/mnt/pd/tema1/new/results/ml_samples/N1_sw0.15_x+1_i0132.h5
1,50,1.500000000e-01,1.000000000e+00,2,1.069117145e+00,1.415389904e+00,825131390,main,rise,5.831000000e+00,3.587195041e-02,3.327399136e-02,1.280390200e-03,,false,0,1.640723200e+02,/mnt/pd/tema1/new/results/ml_samples/N1_sw0.15_x+2_i0058.h5
1,50,1.500000000e-01,1.000000000e+00,2,1.069117145e+00,1.415389904e+00,1034946746,main,rise,8.901000000e+00,2.380439600e-02,2.469920227e-02,1.079483719e-03,,false,0,2.462965136e+02,/mnt/pd/tema1/new/results/ml_samples/N1_sw0.15_x+2_i0044.h5
1,50,1.500000000e-01,1.000000000e+00,2,1.069117145e+00,1.415389904e+00,1173402269,main,rise,1.340100000e+01,2.000450509e-02,1.989923857e-02,8.934068267e-04,,false,0,3.677927349e+02,/mnt/pd/tema1/new/results/ml_samples/N1_sw0.15_x+2_i0026.h5
1,50,1.500000000e-01,1.000000000e+00,2,1.069117145e+00,1.415389904e+00,949365188,main,rise,9.841000000e+00,2.909333478e-02,2.349088686e-02,1.367662401e-03,,false,0,2.705108801e+02,/mnt/pd/tema1/new/results/ml_samples/N1_sw0.15_x+2_i0042.h5
1,50,1.500000000e-01,1.000000000e+00,2,1.069117145e+00,1.415389904e+00,99636741,main,rise,1.927100000e+01,2.258688436e-02,1.411667756e-02,1.194045445e-03,,false,0,5.267701015e+02,/mnt/pd/tema1/new/results/ml_samples/N1_sw0.15_x+2_i0008.h5
1,50,1.500000000e-01,1.000000000e+00,2,1.069117145e+00,1.415389904e+00,162869647,main,rise,7.641000000e+00,3.009923238e-02,2.654780465e-02,1.306152669e-03,,false,0,2.126795952e+02,/mnt/pd/tema1/new/results/ml_samples/N1_sw0.15_x+2_i0056.h5
1,50,1.500000000e-01,1.000000000e+00,2,1.069117145e+00,1.415389904e+00,1592948336,main,fall,1.115100000e+01,1.594209377e-02,1.930773589e-02,1.003970316e-03,,false,0,3.064978024e+02,/mnt/pd/tema1/new/results/ml_samples/N1_sw0.15_x+2_i0046.h5
1,50,1.500000000e-01,1.000000000e+00,2,1.069117145e+00,1.415389904e+00,1174786755,main,rise,1.009100000e+01,2.214485099e-02,2.981934449e-02,1.013860880e-03,,false,0,2.787526489e+02,/mnt/pd/tema1/new/results/ml_samples/N1_sw0.15_x+2_i0054.h5
1,50,1.500000000e-01,1.000000000e+00,1,1.034558572e+00,1.369638272e+00,1850080599,main,rise,2.431100000e+01,2.270949517e-02,1.679849164e-02,9.800799890e-04,,false,0,6.621706490e+02,/mnt/pd/tema1/new/results/ml_samples/N1_sw0.15_x+1_i0198.h5
1,50,1.500000000e-01,1.000000000e+00,2,1.069117145e+00,1.415389904e+00,949512464,main,rise,7.301000000e+00,2.562054196e-02,2.495097273e-02,1.089389357e-03,,false,0,2.030767380e+02,/mnt/pd/tema1/new/results/ml_samples/N1_sw0.15_x+2_i0062.h5
1,50,1.500000000e-01,1.000000000e+00,2,1.069117145e+00,1.415389904e+00,1399932587,main,rise,7.981000000e+00,3.473899763e-02,2.314504902e-02,1.394391102e-03,,false,0,2.214583436e+02,/mnt/pd/tema1/new/results/ml_samples/N1_sw0.15_x+2_i0064.h5
1,50,1.500000000e-01,1.000000000e+00,2,1.069117145e+00,1.415389904e+00,1484779075,main,rise,1.775100000e+01,1.947997860e-02,1.674343480e-02,9.340400328e-04,,false,0,4.830778207e+02,/mnt/pd/tema1/new/results/ml_samples/N1_sw0.15_x+2_i0022.h5
1,50,1.500000000e-01,1.000000000e+00,2,1.069117145e+00,1.415389904e+00,1344206807,main,rise,8.341000000e+00,2.722157107e-02,2.574192637e-02,1.111847689e-03,,false,0,2.309839440e+02,/mnt/pd/tema1/new/results/ml_samples/N1_sw0.15_x+2_i0068.h5
1,50,1.500000000e-01,1.000000000e+00,2,1.069117145e+00,1.415389904e+00,635332522,main,rise,1.339100000e+01,2.137127207e-02,2.084595823e-02,9.318835606e-04,,false,0,3.675020408e+02,/mnt/pd/tema1/new/results/ml_samples/N1_sw0.15_x+2_i0048.h5
1,50,1.500000000e-01,1.000000000e+00,1,1.034558572e+00,1.369638272e+00,888546133,main,rise,3.143100000e+01,2.567776874e-02,1.872843975e-02,1.059888127e-03,,false,0,8.542094735e+02,/mnt/pd/tema1/new/results/ml_samples/N1_sw0.15_x+1_i0184.h5
1,50,1.500000000e-01,1.000000000e+00,2,1.069117145e+00,1.415389904e+00,811084278,main,rise,6.171000000e+00,1.947113947e-02,2.755940482e-02,9.230287000e-04,,false,0,1.722509629e+02,/mnt/pd/tema1/new/results/ml_samples/N1_sw0.15_x+2_i0080.h5
1,50,1.500000000e-01,1.000000000e+00,2,1.069117145e+00,1.415389904e+00,1512529064,main,rise,7.241000000e+00,2.883725196e-02,2.820726278e-02,1.195160570e-03,,false,0,2.013542203e+02,/mnt/pd/tema1/new/results/ml_samples/N1_sw0.15_x+2_i0074.h5
1,50,1.500000000e-01,1.000000000e+00,1,1.034558572e+00,1.369638272e+00,914343531,main,rise,2.878100000e+01,2.165200743e-02,1.699389111e-02,1.171111290e-03,,false,0,7.825360477e+02,/mnt/pd/tema1/new/results/ml_samples/N1_sw0.15_x+1_i0192.h5
1,50,1.500000000e-01,1.000000000e+00,2,1.069117145e+00,1.415389904e+00,378449439,main,rise,1.548100000e+01,2.013977320e-02,1.554571722e-02,8.723966579e-04,,false,0,4.227324388e+02,/mnt/pd/tema1/new/results/ml_samples/N1_sw0.15_x+2_i0040.h5
1,50,1.500000000e-01,1.000000000e+00,2,1.069117145e+00,1.415389904e+00,998426456,main,rise,8.141000000e+00,2.517655962e-02,2.383219443e-02,1.085798883e-03,,false,0,2.257743994e+02,/mnt/pd/tema1/new/results/ml_samples/N1_sw0.15_x+2_i0072.h5
1,50,1.500000000e-01,1.000000000e+00,2,1.069117145e+00,1.415389904e+00,1412404904,main,rise,6.051000000e+00,3.873543054e-02,2.684946858e-02,1.641184547e-03,,false,0,1.702263133e+02,/mnt/pd/tema1/new/results/ml_samples/N1_sw0.15_x+2_i0082.h5
1,50,1.500000000e-01,1.000000000e+00,2,1.069117145e+00,1.415389904e+00,457831393,main,rise,6.151000000e+00,3.083631477e-02,2.860403427e-02,1.068877839e-03,,false,0,1.723015375e+02,/mnt/pd/tema1/new/results/ml_samples/N1_sw0.15_x+2_i0084.h5
1,50,1.500000000e-01,1.000000000e+00,2,1.069117145e+00,1.415389904e+00,521074832,main,rise,6.301000000e+00,2.611180483e-02,2.535638697e-02,1.107555257e-03,,false,0,1.769413196e+02,/mnt/pd/tema1/new/results/ml_samples/N1_sw0.15_x+2_i0092.h5
1,50,1.500000000e-01,1.000000000e+00,2,1.069117145e+00,1.415389904e+00,280525736,main,fall,1.331100000e+01,2.240709018e-02,1.974549984e-02,9.839972870e-04,,false,0,3.665182689e+02,/mnt/pd/tema1/new/results/ml_samples/N1_sw0.15_x+2_i0060.h5
1,50,1.500000000e-01,1.000000000e+00,2,1.069117145e+00,1.415389904e+00,1730654905,main,rise,6.941000000e+00,2.863701574e-02,2.533420568e-02,1.173867995e-03,,false,0,1.942586429e+02,/mnt/pd/tema1/new/results/ml_samples/N1_sw0.15_x+2_i0090.h5
1,50,1.500000000e-01,1.000000000e+00,2,1.069117145e+00,1.415389904e+00,1512550919,main,rise,2.114100000e+01,1.992992294e-02,1.950766890e-02,1.087406059e-03,,false,0,5.787378490e+02,/mnt/pd/tema1/new/results/ml_samples/N1_sw0.15_x+2_i0024.h5
1,50,1.500000000e-01,1.000000000e+00,2,1.069117145e+00,1.415389904e+00,232162143,main,fall,1.216100000e+01,2.516178865e-02,2.194110219e-02,1.265981579e-03,,false,0,3.354141130e+02,/mnt/pd/tema1/new/results/ml_samples/N1_sw0.15_x+2_i0066.h5
1,50,1.500000000e-01,1.000000000e+00,4,1.138234290e+00,1.506893169e+00,184326889,main,rise,3.621000000e+00,3.694341079e-02,3.873292916e-02,1.167377155e-03,,false,0,1.047494898e+02,/mnt/pd/tema1/new/results/ml_samples/N1_sw0.15_x+4_i0014.h5
1,50,1.500000000e-01,1.000000000e+00,4,1.138234290e+00,1.506893169e+00,1888415744,main,rise,4.861000000e+00,3.423252293e-02,2.998181143e-02,1.264233275e-03,,false,0,1.375140713e+02,/mnt/pd/tema1/new/results/ml_samples/N1_sw0.15_x+4_i0002.h5
1,50,1.500000000e-01,1.000000000e+00,4,1.138234290e+00,1.506893169e+00,670222211,main,rise,5.731000000e+00,2.499614287e-02,3.109462839e-02,8.573363156e-04,,false,0,1.613175313e+02,/mnt/pd/tema1/new/results/ml_samples/N1_sw0.15_x+4_i0000.h5
1,50,1.500000000e-01,1.000000000e+00,4,1.138234290e+00,1.506893169e+00,653530417,main,rise,3.841000000e+00,3.627658658e-02,2.701161962e-02,1.314642161e-03,,false,0,1.096205240e+02,/mnt/pd/tema1/new/results/ml_samples/N1_sw0.15_x+4_i0016.h5
1,50,1.500000000e-01,1.000000000e+00,4,1.138234290e+00,1.506893169e+00,255433514,main,rise,4.531000000e+00,2.926493585e-02,3.067968662e-02,8.877068651e-04,,false,0,1.282826288e+02,/mnt/pd/tema1/new/results/ml_samples/N1_sw0.15_x+4_i0010.h5
1,50,1.500000000e-01,1.000000000e+00,2,1.069117145e+00,1.415389904e+00,524750090,main,rise,2.634100000e+01,2.087552876e-02,1.992695818e-02,9.382496787e-04,,false,0,7.187084726e+02,/mnt/pd/tema1/new/results/ml_samples/N1_sw0.15_x+2_i0018.h5
1,50,1.500000000e-01,1.000000000e+00,4,1.138234290e+00,1.506893169e+00,90992553,main,rise,3.941000000e+00,3.536911420e-02,3.661286446e-02,1.200602401e-03,,false,0,1.129064067e+02,/mnt/pd/tema1/new/results/ml_samples/N1_sw0.15_x+4_i0018.h5
1,50,1.500000000e-01,1.000000000e+00,4,1.138234290e+00,1.506893169e+00,1819808647,main,rise,3.871000000e+00,3.047559180e-02,2.756330854e-02,1.194897556e-03,,false,0,1.109619792e+02,/mnt/pd/tema1/new/results/ml_samples/N1_sw0.15_x+4_i0022.h5
1,50,1.500000000e-01,1.000000000e+00,1,1.034558572e+00,1.369638272e+00,573646798,main,rise,5.489100000e+01,1.683995051e-02,1.221478467e-02,1.077489965e-03,,false,0,1.489100617e+03,/mnt/pd/tema1/new/results/ml_samples/N1_sw0.15_x+1_i0118.h5
1,50,1.500000000e-01,1.000000000e+00,2,1.069117145e+00,1.415389904e+00,102169700,main,rise,7.651000000e+00,2.565848265e-02,3.368469357e-02,1.043733131e-03,,false,0,2.132444562e+02,/mnt/pd/tema1/new/results/ml_samples/N1_sw0.15_x+2_i0098.h5
1,50,1.500000000e-01,1.000000000e+00,2,1.069117145e+00,1.415389904e+00,1869693177,main,rise,1.040100000e+01,2.715016460e-02,1.705697142e-02,1.059629170e-03,,false,0,2.871706136e+02,/mnt/pd/tema1/new/results/ml_samples/N1_sw0.15_x+2_i0086.h5
1,50,1.500000000e-01,1.000000000e+00,2,1.069117145e+00,1.415389904e+00,1099748518,main,rise,8.691000000e+00,2.685746435e-02,2.091185997e-02,1.150062711e-03,,false,0,2.410997596e+02,/mnt/pd/tema1/new/results/ml_samples/N1_sw0.15_x+2_i0094.h5
1,50,1.500000000e-01,1.000000000e+00,4,1.138234290e+00,1.506893169e+00,1544692957,main,rise,7.111000000e+00,2.199778806e-02,2.273892483e-02,9.336785271e-04,,false,0,1.980975056e+02,/mnt/pd/tema1/new/results/ml_samples/N1_sw0.15_x+4_i0004.h5
1,50,1.500000000e-01,1.000000000e+00,4,1.138234290e+00,1.506893169e+00,170467711,main,rise,3.451000000e+00,3.496825996e-02,3.615050891e-02,1.028225939e-03,,false,0,9.899402227e+01,/mnt/pd/tema1/new/results/ml_samples/N1_sw0.15_x+4_i0032.h5
1,50,1.500000000e-01,1.000000000e+00,4,1.138234290e+00,1.506893169e+00,1177806294,main,rise,4.091000000e+00,2.830779235e-02,3.678510204e-02,9.586571628e-04,,false,0,1.164122600e+02,/mnt/pd/tema1/new/results/ml_samples/N1_sw0.15_x+4_i0026.h5
1,50,1.500000000e-01,1.000000000e+00,2,1.069117145e+00,1.415389904e+00,1636678412,main,rise,1.149100000e+01,2.187082965e-02,2.549957046e-02,1.029902459e-03,,false,0,3.153665106e+02,/mnt/pd/tema1/new/results/ml_samples/N1_sw0.15_x+2_i0088.h5
1,50,1.500000000e-01,1.000000000e+00,4,1.138234290e+00,1.506893169e+00,622958218,main,rise,5.871000000e+00,2.913286099e-02,1.675241320e-02,1.173841902e-03,,false,0,1.640190414e+02,/mnt/pd/tema1/new/results/ml_samples/N1_sw0.15_x+4_i0024.h5
1,50,1.500000000e-01,1.000000000e+00,4,1.138234290e+00,1.506893169e+00,660054296,main,rise,4.651000000e+00,3.692661424e-02,3.575405483e-02,1.170519980e-03,,false,0,1.312185185e+02,/mnt/pd/tema1/new/results/ml_samples/N1_sw0.15_x+4_i0028.h5
1,50,1.500000000e-01,1.000000000e+00,4,1.138234290e+00,1.506893169e+00,1785065965,main,rise,8.111000000e+00,2.463009767e-02,2.584264624e-02,9.793065853e-04,,false,0,2.250727651e+02,/mnt/pd/tema1/new/results/ml_samples/N1_sw0.15_x+4_i0006.h5
1,50,1.500000000e-01,1.000000000e+00,4,1.138234290e+00,1.506893169e+00,1079216111,main,rise,7.931000000e+00,2.327411889e-02,2.769820863e-02,9.603086674e-04,,false,0,2.207349492e+02,/mnt/pd/tema1/new/results/ml_samples/N1_sw0.15_x+4_i0012.h5
1,50,1.500000000e-01,1.000000000e+00,4,1.138234290e+00,1.506893169e+00,440598315,main,rise,4.571000000e+00,3.205451897e-02,2.409848792e-02,1.050959053e-03,,false,0,1.292727036e+02,/mnt/pd/tema1/new/results/ml_samples/N1_sw0.15_x+4_i0034.h5
1,50,1.500000000e-01,1.000000000e+00,4,1.138234290e+00,1.506893169e+00,1678034363,main,rise,4.941000000e+00,2.447966456e-02,3.004295865e-02,9.985654434e-04,,false,0,1.394790717e+02,/mnt/pd/tema1/new/results/ml_samples/N1_sw0.15_x+4_i0030.h5
1,50,1.500000000e-01,1.000000000e+00,4,1.138234290e+00,1.506893169e+00,1371312150,main,rise,7.281000000e+00,2.050970783e-02,2.481738469e-02,8.741032655e-04,,false,0,2.027976509e+02,/mnt/pd/tema1/new/results/ml_samples/N1_sw0.15_x+4_i0020.h5
1,50,1.500000000e-01,1.000000000e+00,2,1.069117145e+00,1.415389904e+00,100126589,main,rise,1.553100000e+01,2.395411352e-02,2.954262940e-02,1.075514254e-03,,false,0,4.256885647e+02,/mnt/pd/tema1/new/results/ml_samples/N1_sw0.15_x+2_i0078.h5
1,50,1.500000000e-01,1.000000000e+00,4,1.138234290e+00,1.506893169e+00,1400344262,main,rise,4.111000000e+00,3.380001854e-02,3.276323385e-02,1.242439954e-03,,false,0,1.166441725e+02,/mnt/pd/tema1/new/results/ml_samples/N1_sw0.15_x+4_i0044.h5
1,50,1.500000000e-01,1.000000000e+00,4,1.138234290e+00,1.506893169e+00,271556364,main,rise,5.221000000e+00,3.336148782e-02,3.019476970e-02,1.126852293e-03,,false,0,1.466587555e+02,/mnt/pd/tema1/new/results/ml_samples/N1_sw0.15_x+4_i0042.h5
1,50,1.500000000e-01,1.000000000e+00,4,1.138234290e+00,1.506893169e+00,63716003,main,rise,5.321000000e+00,2.902114840e-02,2.268630831e-02,1.168767810e-03,,false,0,1.497344927e+02,/mnt/pd/tema1/new/results/ml_samples/N1_sw0.15_x+4_i0038.h5
1,50,1.500000000e-01,1.000000000e+00,4,1.138234290e+00,1.506893169e+00,1445705480,main,rise,5.291000000e+00,3.465407048e-02,4.039557400e-02,1.233131996e-03,,false,0,1.496130889e+02,/mnt/pd/tema1/new/results/ml_samples/N1_sw0.15_x+4_i0040.h5
1,50,1.500000000e-01,1.000000000e+00,4,1.138234290e+00,1.506893169e+00,441326934,main,rise,3.341000000e+00,5.055176219e-02,3.364747156e-02,1.618119888e-03,,false,0,9.659150636e+01,/mnt/pd/tema1/new/results/ml_samples/N1_sw0.15_x+4_i0058.h5
1,50,1.500000000e-01,1.000000000e+00,4,1.138234290e+00,1.506893169e+00,258027859,main,rise,5.971000000e+00,2.565015180e-02,2.887237410e-02,9.517065608e-04,,false,0,1.671402405e+02,/mnt/pd/tema1/new/results/ml_samples/N1_sw0.15_x+4_i0036.h5
1,50,1.500000000e-01,1.000000000e+00,4,1.138234290e+00,1.506893169e+00,920856455,main,rise,4.701000000e+00,2.817758236e-02,3.186410055e-02,8.072328431e-04,,false,0,1.334357747e+02,/mnt/pd/tema1/new/results/ml_samples/N1_sw0.15_x+4_i0054.h5
1,50,1.500000000e-01,1.000000000e+00,4,1.138234290e+00,1.506893169e+00,1159229976,main,rise,1.098100000e+01,2.318935163e-02,2.054749482e-02,7.655087703e-04,,false,0,3.026697701e+02,/mnt/pd/tema1/new/results/ml_samples/N1_sw0.15_x+4_i0008.h5
1,50,1.500000000e-01,1.000000000e+00,4,1.138234290e+00,1.506893169e+00,395221789,main,rise,3.521000000e+00,3.261852975e-02,2.648534428e-02,9.298080181e-04,,false,0,1.008085615e+02,/mnt/pd/tema1/new/results/ml_samples/N1_sw0.15_x+4_i0066.h5
1,50,1.500000000e-01,1.000000000e+00,4,1.138234290e+00,1.506893169e+00,119700570,main,rise,4.761000000e+00,2.487553278e-02,2.329368723e-02,1.011282556e-03,,false,0,1.345361951e+02,/mnt/pd/tema1/new/results/ml_samples/N1_sw0.15_x+4_i0056.h5
1,50,1.500000000e-01,1.000000000e+00,4,1.138234290e+00,1.506893169e+00,1847577312,main,rise,5.541000000e+00,3.596418694e-02,2.782367272e-02,1.429000896e-03,,false,0,1.557989390e+02,/mnt/pd/tema1/new/results/ml_samples/N1_sw0.15_x+4_i0050.h5
1,50,1.500000000e-01,1.000000000e+00,4,1.138234290e+00,1.506893169e+00,484536429,main,rise,6.121000000e+00,2.522274402e-02,2.847064089e-02,9.661335572e-04,,false,0,1.708171733e+02,/mnt/pd/tema1/new/results/ml_samples/N1_sw0.15_x+4_i0046.h5
1,50,1.500000000e-01,1.000000000e+00,2,1.069117145e+00,1.415389904e+00,1927037446,main,rise,2.388100000e+01,2.268040186e-02,1.611766330e-02,1.120186339e-03,,false,0,6.509065210e+02,/mnt/pd/tema1/new/results/ml_samples/N1_sw0.15_x+2_i0050.h5
1,50,1.500000000e-01,1.000000000e+00,4,1.138234290e+00,1.506893169e+00,1815052113,main,rise,4.391000000e+00,2.792743694e-02,3.196252673e-02,9.162978213e-04,,false,0,1.244390116e+02,/mnt/pd/tema1/new/results/ml_samples/N1_sw0.15_x+4_i0062.h5
1,50,1.500000000e-01,1.000000000e+00,4,1.138234290e+00,1.506893169e+00,1681397695,main,rise,4.821000000e+00,3.397765379e-02,3.365875803e-02,1.153888554e-03,,false,0,1.360385140e+02,/mnt/pd/tema1/new/results/ml_samples/N1_sw0.15_x+4_i0060.h5
1,50,1.500000000e-01,1.000000000e+00,4,1.138234290e+00,1.506893169e+00,647619973,main,rise,6.041000000e+00,2.787088397e-02,2.510839593e-02,1.208290638e-03,,false,0,1.689546874e+02,/mnt/pd/tema1/new/results/ml_samples/N1_sw0.15_x+4_i0052.h5
1,50,1.500000000e-01,1.000000000e+00,4,1.138234290e+00,1.506893169e+00,2122917115,main,rise,4.281000000e+00,3.498957888e-02,2.726231898e-02,1.193338476e-03,,false,0,1.212642545e+02,/mnt/pd/tema1/new/results/ml_samples/N1_sw0.15_x+4_i0068.h5
1,50,3.000000000e-01,1.000000000e+00,-4,7.235314210e-01,9.578735816e-01,1063064494,main,fall,6.110000000e-01,1.501525365e-01,8.654400523e-02,4.781488047e-03,,false,0,2.691582856e+01,/mnt/pd/tema1/new/results/ml_samples/N1_sw0.30_x-4_i0000.h5
1,50,3.000000000e-01,1.000000000e+00,-4,7.235314210e-01,9.578735816e-01,779952530,main,fall,1.131000000e+00,4.078504659e-02,2.834446984e-02,3.514270149e-03,,false,0,3.628227459e+01,/mnt/pd/tema1/new/results/ml_samples/N1_sw0.30_x-4_i0004.h5
1,50,1.500000000e-01,1.000000000e+00,4,1.138234290e+00,1.506893169e+00,1550484354,main,rise,3.841000000e+00,2.852269854e-02,2.591336925e-02,1.082311645e-03,,false,0,1.095730768e+02,/mnt/pd/tema1/new/results/ml_samples/N1_sw0.15_x+4_i0080.h5
1,50,1.500000000e-01,1.000000000e+00,4,1.138234290e+00,1.506893169e+00,1413633700,main,rise,4.661000000e+00,3.086035888e-02,2.792898312e-02,1.109253227e-03,,false,0,1.314180414e+02,/mnt/pd/tema1/new/results/ml_samples/N1_sw0.15_x+4_i0072.h5
1,50,3.000000000e-01,1.000000000e+00,-4,7.235314210e-01,9.578735816e-01,1431380919,main,fall,1.401000000e+00,4.639338651e-02,4.309574012e-02,3.259243650e-03,,false,0,4.750725858e+01,/mnt/pd/tema1/new/results/ml_samples/N1_sw0.30_x-4_i0008.h5
1,50,3.000000000e-01,1.000000000e+00,-4,7.235314210e-01,9.578735816e-01,964980040,main,fall,1.271000000e+00,7.516340148e-02,8.713881353e-02,3.402976804e-03,,false,0,4.834670039e+01,/mnt/pd/tema1/new/results/ml_samples/N1_sw0.30_x-4_i0006.h5
1,50,3.000000000e-01,1.000000000e+00,-4,7.235314210e-01,9.578735816e-01,1986345503,main,fall,1.081000000e+00,3.537859190e-02,1.593902032e-02,2.118036735e-03,,false,0,3.509667326e+01,/mnt/pd/tema1/new/results/ml_samples/N1_sw0.30_x-4_i0014.h5
1,50,1.500000000e-01,1.000000000e+00,4,1.138234290e+00,1.506893169e+00,1252238420,main,rise,5.161000000e+00,2.823490686e-02,2.215794977e-02,1.094119064e-03,,false,0,1.452465264e+02,/mnt/pd/tema1/new/results/ml_samples/N1_sw0.15_x+4_i0070.h5
1,50,3.000000000e-01,1.000000000e+00,-4,7.235314210e-01,9.578735816e-01,606382759,main,fall,1.361000000e+00,7.728993340e-02,6.670007992e-02,2.785657422e-03,,false,0,4.940234604e+01,/mnt/pd/tema1/new/results/ml_samples/N1_sw0.30_x-4_i0010.h5
1,50,3.000000000e-01,1.000000000e+00,-4,7.235314210e-01,9.578735816e-01,1385899829,main,fall,1.201000000e+00,8.572935753e-02,7.418764030e-02,4.249254372e-03,,false,0,4.285531811e+01,/mnt/pd/tema1/new/results/ml_samples/N1_sw0.30_x-4_i0012.h5
1,50,1.500000000e-01,1.000000000e+00,4,1.138234290e+00,1.506893169e+00,1173071496,main,rise,8.191000000e+00,2.614806820e-02,2.598874665e-02,1.112561854e-03,,false,0,2.273439829e+02,/mnt/pd/tema1/new/results/ml_samples/N1_sw0.15_x+4_i0048.h5
1,50,3.000000000e-01,1.000000000e+00,-4,7.235314210e-01,9.578735816e-01,1067679576,main,fall,2.001000000e+00,6.171061210e-02,6.134250199e-02,2.883947103e-03,,false,0,6.987833994e+01,/mnt/pd/tema1/new/results/ml_samples/N1_sw0.30_x-4_i0002.h5
1,50,3.000000000e-01,1.000000000e+00,-4,7.235314210e-01,9.578735816e-01,860609555,main,fall,1.221000000e+00,7.259810684e-02,4.493436091e-02,3.275501055e-03,,false,0,4.601493043e+01,/mnt/pd/tema1/new/results/ml_samples/N1_sw0.30_x-4_i0018.h5
1,50,1.500000000e-01,1.000000000e+00,4,1.138234290e+00,1.506893169e+00,847817307,main,rise,3.991000000e+00,3.405182562e-02,2.307731498e-02,9.745024716e-04,,false,0,1.135661416e+02,/mnt/pd/tema1/new/results/ml_samples/N1_sw0.15_x+4_i0088.h5
1,50,3.000000000e-01,1.000000000e+00,-4,7.235314210e-01,9.578735816e-01,483205782,main,fall,1.011000000e+00,7.024580806e-02,3.799355648e-02,3.419073531e-03,,false,0,3.702544556e+01,/mnt/pd/tema1/new/results/ml_samples/N1_sw0.30_x-4_i0020.h5
1,50,1.500000000e-01,1.000000000e+00,2,1.069117145e+00,1.415389904e+00,1011404112,main,rise,1.601100000e+01,1.840185580e-02,2.004308348e-02,9.784685262e-04,,false,0,4.384056004e+02,/mnt/pd/tema1/new/results/ml_samples/N1_sw0.15_x+2_i0096.h5
1,50,3.000000000e-01,1.000000000e+00,-4,7.235314210e-01,9.578735816e-01,219714635,main,fall,1.321000000e+00,3.855199544e-02,3.588018463e-02,2.476567606e-03,,false,0,4.299011371e+01,/mnt/pd/tema1/new/results/ml_samples/N1_sw0.30_x-4_i0022.h5
1,50,3.000000000e-01,1.000000000e+00,-4,7.235314210e-01,9.578735816e-01,1477149843,main,fall,8.910000000e-01,9.954018739e-02,7.820655637e-02,3.570388102e-03,,false,0,3.539400699e+01,/mnt/pd/tema1/new/results/ml_samples/N1_sw0.30_x-4_i0028.h5
1,50,1.500000000e-01,1.000000000e+00,4,1.138234290e+00,1.506893169e+00,109368014,main,rise,5.231000000e+00,2.876614265e-02,2.101476650e-02,1.229209870e-03,,false,0,1.467586972e+02,/mnt/pd/tema1/new/results/ml_samples/N1_sw0.15_x+4_i0084.h5
1,50,1.500000000e-01,1.000000000e+00,4,1.138234290e+00,1.506893169e+00,452117864,main,rise,5.371000000e+00,3.363739848e-02,2.938512901e-02,1.316798804e-03,,false,0,1.507551652e+02,/mnt/pd/tema1/new/results/ml_samples/N1_sw0.15_x+4_i0082.h5
1,50,3.000000000e-01,1.000000000e+00,-4,7.235314210e-01,9.578735816e-01,865799223,main,fall,1.071000000e+00,9.257746513e-02,8.218648042e-02,3.550718302e-03,,false,0,4.041837197e+01,/mnt/pd/tema1/new/results/ml_samples/N1_sw0.30_x-4_i0030.h5
1,50,3.000000000e-01,1.000000000e+00,-4,7.235314210e-01,9.578735816e-01,862836728,main,fall,1.491000000e+00,7.822537043e-02,7.344870104e-02,4.033608668e-03,,false,0,5.439181773e+01,/mnt/pd/tema1/new/results/ml_samples/N1_sw0.30_x-4_i0024.h5
1,50,1.500000000e-01,1.000000000e+00,4,1.138234290e+00,1.506893169e+00,1671968187,main,rise,5.021000000e+00,3.448814711e-02,2.893061275e-02,1.170351136e-03,,false,0,1.412253040e+02,/mnt/pd/tema1/new/results/ml_samples/N1_sw0.15_x+4_i0086.h5
1,50,3.000000000e-01,1.000000000e+00,-4,7.235314210e-01,9.578735816e-01,86766862,main,fall,1.211000000e+00,5.541470199e-02,2.119585457e-02,2.622892024e-03,,false,0,3.886376688e+01,/mnt/pd/tema1/new/results/ml_samples/N1_sw0.30_x-4_i0038.h5
1,50,1.500000000e-01,1.000000000e+00,2,1.069117145e+00,1.415389904e+00,1214693514,main,rise,2.174100000e+01,2.337854086e-02,1.890082515e-02,1.221946753e-03,,false,0,5.933037103e+02,/mnt/pd/tema1/new/results/ml_samples/N1_sw0.15_x+2_i0076.h5
1,50,3.000000000e-01,1.000000000e+00,-4,7.235314210e-01,9.578735816e-01,769354078,main,fall,2.341000000e+00,5.633825125e-02,5.156155001e-02,3.126387125e-03,,false,0,8.014613158e+01,/mnt/pd/tema1/new/results/ml_samples/N1_sw0.30_x-4_i0016.h5
1,50,1.500000000e-01,1.000000000e+00,4,1.138234290e+00,1.506893169e+00,2075803977,main,rise,6.681000000e+00,2.849285254e-02,2.703870690e-02,1.051261005e-03,,false,0,1.865368937e+02,/mnt/pd/tema1/new/results/ml_samples/N1_sw0.15_x+4_i0076.h5
1,50,3.000000000e-01,1.000000000e+00,-4,7.235314210e-01,9.578735816e-01,869744884,main,fall,8.910000000e-01,1.083335875e-01,8.181508912e-02,5.009182612e-03,,false,0,3.558702788e+01,/mnt/pd/tema1/new/results/ml_samples/N1_sw0.30_x-4_i0042.h5
1,50,3.000000000e-01,1.000000000e+00,-4,7.235314210e-01,9.578735816e-01,873235124,main,fall,9.010000000e-01,8.449847174e-02,4.151479023e-02,3.977695048e-03,,false,0,3.273284533e+01,/mnt/pd/tema1/new/results/ml_samples/N1_sw0.30_x-4_i0048.h5
1,50,1.500000000e-01,1.000000000e+00,4,1.138234290e+00,1.506893169e+00,1796893178,main,rise,5.271000000e+00,3.416966673e-02,2.166804942e-02,1.158421150e-03,,false,0,1.481727123e+02,/mnt/pd/tema1/new/results/ml_samples/N1_sw0.15_x+4_i0090.h5
1,50,3.000000000e-01,1.000000000e+00,-4,7.235314210e-01,9.578735816e-01,947762543,main,fall,1.211000000e+00,7.926639538e-02,4.204791220e-02,3.009382120e-03,,false,0,4.373550455e+01,/mnt/pd/tema1/new/results/ml_samples/N1_sw0.30_x-4_i0040.h5
1,50,1.500000000e-01,1.000000000e+00,4,1.138234290e+00,1.506893169e+00,623759910,main,rise,4.371000000e+00,3.455917509e-02,3.364296097e-02,1.290099255e-03,,false,0,1.243643053e+02,/mnt/pd/tema1/new/results/ml_samples/N1_sw0.15_x+4_i0096.h5
1,50,3.000000000e-01,1.000000000e+00,-4,7.235314210e-01,9.578735816e-01,894692318,main,fall,1.221000000e+00,3.879985617e-02,2.624577865e-02,3.151313053e-03,,false,0,3.882985575e+01,/mnt/pd/tema1/new/results/ml_samples/N1_sw0.30_x-4_i0046.h5
1,50,3.000000000e-01,1.000000000e+00,-4,7.235314210e-01,9.578735816e-01,1723543206,main,fall,1.151000000e+00,7.128770407e-02,4.048928654e-02,3.507752940e-03,,false,0,4.283002710e+01,/mnt/pd/tema1/new/results/ml_samples/N1_sw0.30_x-4_i0044.h5
1,50,3.000000000e-01,1.000000000e+00,-4,7.235314210e-01,9.578735816e-01,241298150,main,fall,2.011000000e+00,6.637060373e-02,3.937109483e-02,3.271759761e-03,,false,0,6.633320719e+01,/mnt/pd/tema1/new/results/ml_samples/N1_sw0.30_x-4_i0032.h5
1,50,1.500000000e-01,1.000000000e+00,4,1.138234290e+00,1.506893169e+00,1870468012,main,rise,8.561000000e+00,2.224007631e-02,2.766883249e-02,9.971486673e-04,,false,0,2.369116123e+02,/mnt/pd/tema1/new/results/ml_samples/N1_sw0.15_x+4_i0064.h5
1,50,3.000000000e-01,1.000000000e+00,-4,7.235314210e-01,9.578735816e-01,1268394289,main,fall,1.061000000e+00,7.817262829e-02,5.079040302e-02,4.013997576e-03,,false,0,3.534563237e+01,/mnt/pd/tema1/new/results/ml_samples/N1_sw0.30_x-4_i0054.h5
1,50,1.500000000e-01,1.000000000e+00,4,1.138234290e+00,1.506893169e+00,314102723,main,rise,7.501000000e+00,3.226340986e-02,3.448987641e-02,1.237472415e-03,,false,0,2.085255064e+02,/mnt/pd/tema1/new/results/ml_samples/N1_sw0.15_x+4_i0074.h5
1,50,3.000000000e-01,1.000000000e+00,-4,7.235314210e-01,9.578735816e-01,1279931841,main,fall,1.351000000e+00,5.699395986e-02,2.982246252e-02,3.375271047e-03,,false,0,4.519930083e+01,/mnt/pd/tema1/new/results/ml_samples/N1_sw0.30_x-4_i0050.h5
1,50,3.000000000e-01,1.000000000e+00,-4,7.235314210e-01,9.578735816e-01,615517569,main,fall,9.610000000e-01,8.362424549e-02,5.394842005e-02,4.435084700e-03,,false,0,3.313021563e+01,/mnt/pd/tema1/new/results/ml_samples/N1_sw0.30_x-4_i0058.h5
1,50,3.000000000e-01,1.000000000e+00,-4,7.235314210e-01,9.578735816e-01,1156643908,main,fall,2.241000000e+00,4.887028337e-02,4.249908552e-02,3.497752971e-03,,false,0,7.770850917e+01,/mnt/pd/tema1/new/results/ml_samples/N1_sw0.30_x-4_i0026.h5
1,50,1.500000000e-01,1.000000000e+00,4,1.138234290e+00,1.506893169e+00,1262377014,main,rise,7.791000000e+00,2.651053043e-02,2.371407621e-02,1.150307090e-03,,false,0,2.163789502e+02,/mnt/pd/tema1/new/results/ml_samples/N1_sw0.15_x+4_i0078.h5
1,50,3.000000000e-01,1.000000000e+00,-4,7.235314210e-01,9.578735816e-01,1524100762,main,fall,7.710000000e-01,1.108422410e-01,8.253794156e-02,4.537756136e-03,,false,0,3.175611513e+01,/mnt/pd/tema1/new/results/ml_samples/N1_sw0.30_x-4_i0068.h5
1,50,3.000000000e-01,1.000000000e+00,-4,7.235314210e-01,9.578735816e-01,182138548,main,fall,7.910000000e-01,1.056240751e-01,8.022077097e-02,3.633167138e-03,,false,0,3.200366228e+01,/mnt/pd/tema1/new/results/ml_samples/N1_sw0.30_x-4_i0072.h5
1,50,3.000000000e-01,1.000000000e+00,-4,7.235314210e-01,9.578735816e-01,1475554153,main,fall,9.110000000e-01,1.121378367e-01,8.031952726e-02,3.890031204e-03,,false,0,3.626808866e+01,/mnt/pd/tema1/new/results/ml_samples/N1_sw0.30_x-4_i0066.h5
1,50,3.000000000e-01,1.000000000e+00,-4,7.235314210e-01,9.578735816e-01,1101167867,main,fall,7.710000000e-01,8.875413900e-02,5.452551577e-02,3.579509852e-03,,false,0,3.110243879e+01,/mnt/pd/tema1/new/results/ml_samples/N1_sw0.30_x-4_i0074.h5
1,50,3.000000000e-01,1.000000000e+00,-4,7.235314210e-01,9.578735816e-01,482613157,main,fall,7.510000000e-01,1.356081544e-01,9.147957764e-02,3.685233787e-03,,false,0,3.112425014e+01,/mnt/pd/tema1/new/results/ml_samples/N1_sw0.30_x-4_i0076.h5
1,50,3.000000000e-01,1.000000000e+00,-4,7.235314210e-01,9.578735816e-01,923126031,main,fall,1.161000000e+00,8.369089544e-02,7.591580934e-02,3.287805054e-03,,false,0,4.436657972e+01,/mnt/pd/tema1/new/results/ml_samples/N1_sw0.30_x-4_i0060.h5
1,50,3.000000000e-01,1.000000000e+00,-4,7.235314210e-01,9.578735816e-01,320779820,main,fall,2.661000000e+00,5.644487011e-02,5.838769939e-02,4.053612530e-03,,false,0,8.401660340e+01,/mnt/pd/tema1/new/results/ml_samples/N1_sw0.30_x-4_i0036.h5
1,50,3.000000000e-01,1.000000000e+00,-4,7.235314210e-01,9.578735816e-01,105687182,main,fall,1.161000000e+00,8.582439490e-02,6.409882549e-02,4.025917002e-03,,false,0,4.019548044e+01,/mnt/pd/tema1/new/results/ml_samples/N1_sw0.30_x-4_i0070.h5
1,50,3.000000000e-01,1.000000000e+00,-4,7.235314210e-01,9.578735816e-01,434332304,main,fall,1.721000000e+00,7.238605525e-02,8.670784463e-02,4.553886418e-03,,false,0,5.839040281e+01,/mnt/pd/tema1/new/results/ml_samples/N1_sw0.30_x-4_i0056.h5
1,50,3.000000000e-01,1.000000000e+00,-4,7.235314210e-01,9.578735816e-01,1161602722,main,fall,1.091000000e+00,7.071693128e-02,4.247246105e-02,3.912789757e-03,,false,0,3.611333282e+01,/mnt/pd/tema1/new/results/ml_samples/N1_sw0.30_x-4_i0080.h5
1,50,3.000000000e-01,1.000000000e+00,-4,7.235314210e-01,9.578735816e-01,1653253566,main,fall,1.381000000e+00,7.485946182e-02,6.887309716e-02,4.093574805e-03,,false,0,4.962675491e+01,/mnt/pd/tema1/new/results/ml_samples/N1_sw0.30_x-4_i0062.h5
1,50,3.000000000e-01,1.000000000e+00,-4,7.235314210e-01,9.578735816e-01,1035349745,main,fall,9.110000000e-01,8.298829484e-02,7.995473574e-02,2.623384861e-03,,false,0,3.605639128e+01,/mnt/pd/tema1/new/results/ml_samples/N1_sw0.30_x-4_i0082.h5
1,50,3.000000000e-01,1.000000000e+00,-4,7.235314210e-01,9.578735816e-01,1895280491,main,fall,1.191000000e+00,9.470174690e-02,5.424424189e-02,5.293803431e-03,,false,0,3.862403014e+01,/mnt/pd/tema1/new/results/ml_samples/N1_sw0.30_x-4_i0078.h5
1,50,3.000000000e-01,1.000000000e+00,-4,7.235314210e-01,9.578735816e-01,1513043859,main,fall,7.110000000e-01,1.176599612e-01,7.167819803e-02,2.693931030e-03,,false,0,3.020495540e+01,/mnt/pd/tema1/new/results/ml_samples/N1_sw0.30_x-4_i0090.h5
1,50,3.000000000e-01,1.000000000e+00,-4,7.235314210e-01,9.578735816e-01,1548390172,main,fall,2.831000000e+00,4.523777829e-02,3.944233405e-02,2.716638319e-03,,false,0,9.926539921e+01,/mnt/pd/tema1/new/results/ml_samples/N1_sw0.30_x-4_i0034.h5
1,50,3.000000000e-01,1.000000000e+00,-4,7.235314210e-01,9.578735816e-01,1018043246,main,fall,9.110000000e-01,7.431822137e-02,5.257702939e-02,2.981567157e-03,,false,0,3.496012681e+01,/mnt/pd/tema1/new/results/ml_samples/N1_sw0.30_x-4_i0088.h5
1,50,3.000000000e-01,1.000000000e+00,-4,7.235314210e-01,9.578735816e-01,966823368,main,fall,1.291000000e+00,5.650249594e-02,2.327985735e-02,4.526721294e-03,,false,0,4.354668704e+01,/mnt/pd/tema1/new/results/ml_samples/N1_sw0.30_x-4_i0084.h5
1,50,3.000000000e-01,1.000000000e+00,-4,7.235314210e-01,9.578735816e-01,630782816,main,fall,8.310000000e-01,6.113177762e-02,5.444201563e-02,2.975766612e-03,,false,0,3.270014575e+01,/mnt/pd/tema1/new/results/ml_samples/N1_sw0.30_x-4_i0098.h5
1,50,3.000000000e-01,1.000000000e+00,-4,7.235314210e-01,9.578735816e-01,1785457936,main,fall,1.001000000e+00,9.584444965e-02,5.642917637e-02,3.482292060e-03,,false,0,3.507331533e+01,/mnt/pd/tema1/new/results/ml_samples/N1_sw0.30_x-4_i0092.h5
1,50,3.000000000e-01,1.000000000e+00,-4,7.235314210e-01,9.578735816e-01,1074364902,main,fall,1.071000000e+00,8.007410012e-02,5.492603234e-02,4.282369845e-03,,false,0,3.608405300e+01,/mnt/pd/tema1/new/results/ml_samples/N1_sw0.30_x-4_i0096.h5
1,50,3.000000000e-01,1.000000000e+00,-4,7.235314210e-01,9.578735816e-01,1655121942,main,fall,2.601000000e+00,5.057206448e-02,4.612164154e-02,3.534191599e-03,,false,0,7.906908374e+01,/mnt/pd/tema1/new/results/ml_samples/N1_sw0.30_x-4_i0052.h5
1,50,3.000000000e-01,1.000000000e+00,-4,7.235314210e-01,9.578735816e-01,565131162,main,fall,1.201000000e+00,8.818311666e-02,7.460458446e-02,3.715888209e-03,,false,0,4.562508804e+01,/mnt/pd/tema1/new/results/ml_samples/N1_sw0.30_x-4_i0086.h5
1,50,3.000000000e-01,1.000000000e+00,-4,7.235314210e-01,9.578735816e-01,276976131,main,fall,9.810000000e-01,1.098432215e-01,7.896747594e-02,3.296853893e-03,,false,0,3.910276912e+01,/mnt/pd/tema1/new/results/ml_samples/N1_sw0.30_x-4_i0094.h5
1,50,3.000000000e-01,1.000000000e+00,-2,8.617657105e-01,1.140880111e+00,920918012,main,fall,8.510000000e-01,9.531833518e-02,7.922699825e-02,2.126022134e-03,,false,0,3.354950641e+01,/mnt/pd/tema1/new/results/ml_samples/N1_sw0.30_x-2_i0006.h5
1,50,3.000000000e-01,1.000000000e+00,-2,8.617657105e-01,1.140880111e+00,1077290119,main,fall,1.531000000e+00,5.878220634e-02,3.993694506e-02,3.525862331e-03,,false,0,4.729600234e+01,/mnt/pd/tema1/new/results/ml_samples/N1_sw0.30_x-2_i0004.h5
1,50,3.000000000e-01,1.000000000e+00,-2,8.617657105e-01,1.140880111e+00,2085458543,main,fall,1.651000000e+00,6.397046848e-02,7.085494432e-02,2.637912701e-03,,false,0,5.372803973e+01,/mnt/pd/tema1/new/results/ml_samples/N1_sw0.30_x-2_i0018.h5
1,50,3.000000000e-01,1.000000000e+00,-2,8.617657105e-01,1.140880111e+00,2124414628,main,fall,1.211000000e+00,5.458143868e-02,4.882888490e-02,2.345952721e-03,,false,0,4.122234584e+01,/mnt/pd/tema1/new/results/ml_samples/N1_sw0.30_x-2_i0034.h5
1,50,3.000000000e-01,1.000000000e+00,-2,8.617657105e-01,1.140880111e+00,1615213789,main,fall,2.051000000e+00,4.931367227e-02,6.339408692e-02,3.620961533e-03,,false,0,6.575668366e+01,/mnt/pd/tema1/new/results/ml_samples/N1_sw0.30_x-2_i0002.h5
1,50,3.000000000e-01,1.000000000e+00,-4,7.235314210e-01,9.578735816e-01,1496782281,main,fall,2.931000000e+00,4.533776412e-02,3.431136432e-02,2.237142496e-03,,false,0,1.033446515e+02,/mnt/pd/tema1/new/results/ml_samples/N1_sw0.30_x-4_i0064.h5
1,50,3.000000000e-01,1.000000000e+00,-2,8.617657105e-01,1.140880111e+00,1846232196,main,fall,1.591000000e+00,6.949369967e-02,4.646433323e-02,3.617312631e-03,,false,0,5.486941953e+01,/mnt/pd/tema1/new/results/ml_samples/N1_sw0.30_x-2_i0028.h5
1,50,3.000000000e-01,1.000000000e+00,-2,8.617657105e-01,1.140880111e+00,1705413349,main,fall,1.851000000e+00,5.740424149e-02,5.407524903e-02,2.876098465e-03,,false,0,6.021139018e+01,/mnt/pd/tema1/new/results/ml_samples/N1_sw0.30_x-2_i0024.h5
1,50,3.000000000e-01,1.000000000e+00,-2,8.617657105e-01,1.140880111e+00,70057071,main,fall,1.691000000e+00,6.181679651e-02,6.456445816e-02,3.549582763e-03,,false,0,5.477527365e+01,/mnt/pd/tema1/new/results/ml_samples/N1_sw0.30_x-2_i0040.h5
1,50,3.000000000e-01,1.000000000e+00,-2,8.617657105e-01,1.140880111e+00,11636537,main,fall,1.591000000e+00,5.898259922e-02,4.612912923e-02,2.511214429e-03,,false,0,5.049117836e+01,/mnt/pd/tema1/new/results/ml_samples/N1_sw0.30_x-2_i0048.h5
1,50,3.000000000e-01,1.000000000e+00,-2,8.617657105e-01,1.140880111e+00,1193911283,main,fall,1.731000000e+00,5.870770805e-02,4.447135387e-02,3.438193513e-03,,false,0,5.816333857e+01,/mnt/pd/tema1/new/results/ml_samples/N1_sw0.30_x-2_i0046.h5
1,50,3.000000000e-01,1.000000000e+00,-2,8.617657105e-01,1.140880111e+00,778557716,main,fall,2.231000000e+00,5.117651124e-02,4.781898750e-02,2.454716750e-03,,false,0,6.905694841e+01,/mnt/pd/tema1/new/results/ml_samples/N1_sw0.30_x-2_i0038.h5
1,50,3.000000000e-01,1.000000000e+00,-2,8.617657105e-01,1.140880111e+00,2111104404,main,fall,3.001000000e+00,3.588955209e-02,3.227760133e-02,1.727718947e-03,,false,0,8.834603563e+01,/mnt/pd/tema1/new/results/ml_samples/N1_sw0.30_x-2_i0016.h5
1,50,3.000000000e-01,1.000000000e+00,-2,8.617657105e-01,1.140880111e+00,1220585538,main,fall,9.210000000e-01,1.239064646e-01,8.230531879e-02,5.122965285e-03,,false,0,3.533314505e+01,/mnt/pd/tema1/new/results/ml_samples/N1_sw0.30_x-2_i0052.h5
1,50,3.000000000e-01,1.000000000e+00,-2,8.617657105e-01,1.140880111e+00,1913320722,main,fall,2.151000000e+00,7.043161464e-02,7.963415022e-02,3.206914353e-03,,false,0,7.225954642e+01,/mnt/pd/tema1/new/results/ml_samples/N1_sw0.30_x-2_i0042.h5
1,50,1.500000000e-01,1.000000000e+00,4,1.138234290e+00,1.506893169e+00,1733272518,main,rise,8.801000000e+00,2.457397938e-02,2.659957421e-02,1.159523701e-03,,false,0,2.430726857e+02,/mnt/pd/tema1/new/results/ml_samples/N1_sw0.15_x+4_i0098.h5
1,50,1.500000000e-01,1.000000000e+00,4,1.138234290e+00,1.506893169e+00,35788268,main,rise,1.001100000e+01,2.416917476e-02,2.610024286e-02,8.439292332e-04,,false,0,2.761362904e+02,/mnt/pd/tema1/new/results/ml_samples/N1_sw0.15_x+4_i0092.h5
1,50,3.000000000e-01,1.000000000e+00,-2,8.617657105e-01,1.140880111e+00,749583011,main,fall,3.501000000e+00,4.416638751e-02,3.565338385e-02,2.319386459e-03,,false,0,1.005101652e+02,/mnt/pd/tema1/new/results/ml_samples/N1_sw0.30_x-2_i0012.h5
1,50,3.000000000e-01,1.000000000e+00,-2,8.617657105e-01,1.140880111e+00,551326020,main,fall,1.061000000e+00,1.082804057e-01,7.551297421e-02,3.160971234e-03,,false,0,3.957811826e+01,/mnt/pd/tema1/new/results/ml_samples/N1_sw0.30_x-2_i0058.h5
1,50,3.000000000e-01,1.000000000e+00,-2,8.617657105e-01,1.140880111e+00,458128278,main,fall,3.071000000e+00,5.767869101e-02,5.085284254e-02,2.698185093e-03,,false,0,9.840747199e+01,/mnt/pd/tema1/new/results/ml_samples/N1_sw0.30_x-2_i0026.h5
1,50,3.000000000e-01,1.000000000e+00,-2,8.617657105e-01,1.140880111e+00,1231338610,main,fall,4.071000000e+00,3.779077535e-02,2.875193885e-02,2.675223149e-03,,false,0,1.175903841e+02,/mnt/pd/tema1/new/results/ml_samples/N1_sw0.30_x-2_i0000.h5
1,50,1.500000000e-01,1.000000000e+00,4,1.138234290e+00,1.506893169e+00,187976292,main,rise,1.017100000e+01,2.189990075e-02,2.540366465e-02,8.401690553e-04,,false,0,2.805745807e+02,/mnt/pd/tema1/new/results/ml_samples/N1_sw0.15_x+4_i0094.h5
1,50,3.000000000e-01,1.000000000e+00,-2,8.617657105e-01,1.140880111e+00,1162266929,main,fall,1.021000000e+00,5.719933706e-02,3.199002161e-02,2.466923688e-03,,false,0,3.348484540e+01,/mnt/pd/tema1/new/results/ml_samples/N1_sw0.30_x-2_i0066.h5
1,50,3.000000000e-01,1.000000000e+00,-2,8.617657105e-01,1.140880111e+00,1900081302,main,fall,2.891000000e+00,5.841610216e-02,4.800718761e-02,2.851404814e-03,,false,0,9.110668926e+01,/mnt/pd/tema1/new/results/ml_samples/N1_sw0.30_x-2_i0044.h5
1,50,3.000000000e-01,1.000000000e+00,-2,8.617657105e-01,1.140880111e+00,225653316,main,fall,3.021000000e+00,4.526366638e-02,5.527327407e-02,2.003564094e-03,,false,0,1.031867847e+02,/mnt/pd/tema1/new/results/ml_samples/N1_sw0.30_x-2_i0030.h5
1,50,3.000000000e-01,1.000000000e+00,-2,8.617657105e-01,1.140880111e+00,157171181,main,fall,3.781000000e+00,4.399758542e-02,3.940415030e-02,2.346231893e-03,,false,0,1.089193452e+02,/mnt/pd/tema1/new/results/ml_samples/N1_sw0.30_x-2_i0022.h5
1,50,1.500000000e-01,1.000000000e+00,1,1.034558572e+00,1.369638272e+00,1444301094,main,rise,5.682100000e+01,1.924653661e-02,1.228523497e-02,1.079691981e-03,,false,0,1.539301885e+03,/mnt/pd/tema1/new/results/ml_samples/N1_sw0.15_x+1_i0164.h5
1,50,3.000000000e-01,1.000000000e+00,-2,8.617657105e-01,1.140880111e+00,652393226,main,fall,2.021000000e+00,5.514849909e-02,5.356016480e-02,2.434959354e-03,,false,0,6.064734354e+01,/mnt/pd/tema1/new/results/ml_samples/N1_sw0.30_x-2_i0054.h5
1,50,3.000000000e-01,1.000000000e+00,-2,8.617657105e-01,1.140880111e+00,1240311848,main,fall,4.431000000e+00,5.431839959e-02,4.767164169e-02,2.638059588e-03,,false,0,1.273523582e+02,/mnt/pd/tema1/new/results/ml_samples/N1_sw0.30_x-2_i0010.h5
1,50,3.000000000e-01,1.000000000e+00,-2,8.617657105e-01,1.140880111e+00,1570791873,main,fall,1.571000000e+00,6.773393883e-02,6.783550666e-02,2.616449787e-03,,false,0,5.234220103e+01,/mnt/pd/tema1/new/results/ml_samples/N1_sw0.30_x-2_i0064.h5
1,50,3.000000000e-01,1.000000000e+00,-2,8.617657105e-01,1.140880111e+00,990437581,main,fall,3.791000000e+00,5.106099276e-02,5.627254164e-02,2.390475621e-03,,false,0,1.211288232e+02,/mnt/pd/tema1/new/results/ml_samples/N1_sw0.30_x-2_i0032.h5
1,50,3.000000000e-01,1.000000000e+00,-2,8.617657105e-01,1.140880111e+00,874333470,main,fall,1.321000000e+00,6.090847220e-02,5.683471878e-02,2.976321196e-03,,false,0,4.253429866e+01,/mnt/pd/tema1/new/results/ml_samples/N1_sw0.30_x-2_i0074.h5
1,50,3.000000000e-01,1.000000000e+00,-2,8.617657105e-01,1.140880111e+00,743120844,main,fall,2.591000000e+00,5.168242857e-02,5.230883092e-02,2.441647781e-03,,false,0,7.885048437e+01,/mnt/pd/tema1/new/results/ml_samples/N1_sw0.30_x-2_i0056.h5
1,50,3.000000000e-01,1.000000000e+00,-2,8.617657105e-01,1.140880111e+00,1898194019,main,fall,3.641000000e+00,5.212309613e-02,5.157517901e-02,3.628059656e-03,,false,0,1.200676259e+02,/mnt/pd/tema1/new/results/ml_samples/N1_sw0.30_x-2_i0036.h5
1,50,3.000000000e-01,1.000000000e+00,-2,8.617657105e-01,1.140880111e+00,1568189476,main,fall,1.211000000e+00,5.220492999e-02,4.147430939e-02,2.245437460e-03,,false,0,3.874987513e+01,/mnt/pd/tema1/new/results/ml_samples/N1_sw0.30_x-2_i0082.h5
1,50,3.000000000e-01,1.000000000e+00,-2,8.617657105e-01,1.140880111e+00,1058952287,main,fall,1.221000000e+00,5.778772365e-02,4.530851907e-02,3.224013090e-03,,false,0,4.423634543e+01,/mnt/pd/tema1/new/results/ml_samples/N1_sw0.30_x-2_i0076.h5
1,50,3.000000000e-01,1.000000000e+00,-2,8.617657105e-01,1.140880111e+00,2051442107,main,fall,4.561000000e+00,4.719495538e-02,2.963707778e-02,2.138994142e-03,,false,0,1.434300766e+02,/mnt/pd/tema1/new/results/ml_samples/N1_sw0.30_x-2_i0008.h5
1,50,3.000000000e-01,1.000000000e+00,-2,8.617657105e-01,1.140880111e+00,665706275,main,fall,1.691000000e+00,5.599241849e-02,4.937547724e-02,3.816712683e-03,,false,0,5.155047963e+01,/mnt/pd/tema1/new/results/ml_samples/N1_sw0.30_x-2_i0072.h5
1,50,3.000000000e-01,1.000000000e+00,-2,8.617657105e-01,1.140880111e+00,1460897007,main,fall,1.471000000e+00,7.458794102e-02,7.192661038e-02,3.118448120e-03,,false,0,4.905775684e+01,/mnt/pd/tema1/new/results/ml_samples/N1_sw0.30_x-2_i0078.h5
1,50,3.000000000e-01,1.000000000e+00,-2,8.617657105e-01,1.140880111e+00,350150268,main,fall,2.801000000e+00,2.876970766e-02,2.179307081e-02,2.242544502e-03,,false,0,8.138727048e+01,/mnt/pd/tema1/new/results/ml_samples/N1_sw0.30_x-2_i0060.h5
1,50,3.000000000e-01,1.000000000e+00,-2,8.617657105e-01,1.140880111e+00,316105115,main,fall,1.801000000e+00,5.999666027e-02,3.165390597e-02,2.483828430e-03,,false,0,5.515856093e+01,/mnt/pd/tema1/new/results/ml_samples/N1_sw0.30_x-2_i0080.h5
1,50,3.000000000e-01,1.000000000e+00,-2,8.617657105e-01,1.140880111e+00,70535531,main,fall,1.641000000e+00,6.411612727e-02,3.231269568e-02,2.972827222e-03,,false,0,5.261287568e+01,/mnt/pd/tema1/new/results/ml_samples/N1_sw0.30_x-2_i0084.h5
1,50,3.000000000e-01,1.000000000e+00,-2,8.617657105e-01,1.140880111e+00,2104644828,main,fall,1.241000000e+00,8.232406504e-02,7.146126503e-02,3.399500047e-03,,false,0,4.631061599e+01,/mnt/pd/tema1/new/results/ml_samples/N1_sw0.30_x-2_i0090.h5
1,50,3.000000000e-01,1.000000000e+00,-2,8.617657105e-01,1.140880111e+00,588337550,main,fall,5.011000000e+00,5.755037534e-02,3.305432623e-02,2.924407324e-03,,false,0,1.550366036e+02,/mnt/pd/tema1/new/results/ml_samples/N1_sw0.30_x-2_i0020.h5
1,50,3.000000000e-01,1.000000000e+00,-2,8.617657105e-01,1.140880111e+00,1658996924,main,fall,1.551000000e+00,6.194442714e-02,5.432521371e-02,2.474466821e-03,,false,0,5.066006528e+01,/mnt/pd/tema1/new/results/ml_samples/N1_sw0.30_x-2_i0092.h5
1,50,3.000000000e-01,1.000000000e+00,-2,8.617657105e-01,1.140880111e+00,1568136495,main,fall,2.331000000e+00,5.949524272e-02,5.525256222e-02,2.942659768e-03,,false,0,7.188268243e+01,/mnt/pd/tema1/new/results/ml_samples/N1_sw0.30_x-2_i0086.h5
1,50,3.000000000e-01,1.000000000e+00,-1,9.308828552e-01,1.232383375e+00,1545945112,main,fall,2.131000000e+00,5.026628841e-02,3.189667442e-02,2.153236546e-03,,false,0,6.386591735e+01,/mnt/pd/tema1/new/results/ml_samples/N1_sw0.30_x-1_i0004.h5
1,50,3.000000000e-01,1.000000000e+00,-1,9.308828552e-01,1.232383375e+00,867077269,main,fall,1.731000000e+00,6.182171702e-02,3.780398775e-02,2.152215888e-03,,false,0,5.313708842e+01,/mnt/pd/tema1/new/results/ml_samples/N1_sw0.30_x-1_i0014.h5
1,50,3.000000000e-01,1.000000000e+00,-1,9.308828552e-01,1.232383375e+00,2126991862,main,fall,1.161000000e+00,8.074422528e-02,5.677783883e-02,3.668645088e-03,,false,0,4.339908224e+01,/mnt/pd/tema1/new/results/ml_samples/N1_sw0.30_x-1_i0028.h5
1,50,3.000000000e-01,1.000000000e+00,-2,8.617657105e-01,1.140880111e+00,1065812306,main,fall,2.651000000e+00,6.962923126e-02,6.783746076e-02,2.141178138e-03,,false,0,8.627767465e+01,/mnt/pd/tema1/new/results/ml_samples/N1_sw0.30_x-2_i0094.h5
1,50,3.000000000e-01,1.000000000e+00,-1,9.308828552e-01,1.232383375e+00,571867942,main,fall,2.511000000e+00,6.650157059e-02,3.542726538e-02,3.219193636e-03,,false,0,7.378343161e+01,/mnt/pd/tema1/new/results/ml_samples/N1_sw0.30_x-1_i0006.h5
1,50,3.000000000e-01,1.000000000e+00,-2,8.617657105e-01,1.140880111e+00,536243498,main,fall,2.661000000e+00,4.830620017e-02,5.415797263e-02,2.342822556e-03,,false,0,8.712191778e+01,/mnt/pd/tema1/new/results/ml_samples/N1_sw0.30_x-2_i0098.h5
1,50,3.000000000e-01,1.000000000e+00,-1,9.308828552e-01,1.232383375e+00,1827594016,main,fall,1.401000000e+00,5.749451299e-02,6.510059822e-02,3.205386986e-03,,false,0,4.604105288e+01,/mnt/pd/tema1/new/results/ml_samples/N1_sw0.30_x-1_i0032.h5
1,50,3.000000000e-01,1.000000000e+00,-1,9.308828552e-01,1.232383375e+00,1115944794,main,fall,2.301000000e+00,7.905114419e-02,3.468321096e-02,2.710818710e-03,,false,0,6.790979968e+01,/mnt/pd/tema1/new/results/ml_samples/N1_sw0.30_x-1_i0012.h5
1,50,3.000000000e-01,1.000000000e+00,-1,9.308828552e-01,1.232383375e+00,1450249756,main,fall,3.221000000e+00,5.726813378e-02,3.388413144e-02,2.406229582e-03,,false,0,9.530410359e+01,/mnt/pd/tema1/new/results/ml_samples/N1_sw0.30_x-1_i0000.h5
1,50,1.500000000e-01,1.000000000e+00,2,1.069117145e+00,1.415389904e+00,779026009,main,rise,3.149100000e+01,1.766748314e-02,1.581455363e-02,9.435891365e-04,,false,0,8.569610868e+02,/mnt/pd/tema1/new/results/ml_samples/N1_sw0.15_x+2_i0070.h5
1,50,3.000000000e-01,1.000000000e+00,-1,9.308828552e-01,1.232383375e+00,1443978571,main,fall,1.541000000e+00,8.147880594e-02,8.669634531e-02,3.017429064e-03,,false,0,5.113801150e+01,/mnt/pd/tema1/new/results/ml_samples/N1_sw0.30_x-1_i0036.h5
1,50,3.000000000e-01,1.000000000e+00,-2,8.617657105e-01,1.140880111e+00,2095143498,main,fall,3.591000000e+00,5.598542254e-02,5.749346372e-02,3.355036144e-03,,false,0,1.036393972e+02,/mnt/pd/tema1/new/results/ml_samples/N1_sw0.30_x-2_i0096.h5
1,50,3.000000000e-01,1.000000000e+00,-2,8.617657105e-01,1.140880111e+00,2125801090,main,fall,3.771000000e+00,4.653891961e-02,4.235281593e-02,2.587292795e-03,,false,0,1.107464318e+02,/mnt/pd/tema1/new/results/ml_samples/N1_sw0.30_x-2_i0088.h5
1,50,3.000000000e-01,1.000000000e+00,-1,9.308828552e-01,1.232383375e+00,1837352955,main,fall,1.221000000e+00,6.270132698e-02,4.419658624e-02,2.386671364e-03,,false,0,4.010407152e+01,/mnt/pd/tema1/new/results/ml_samples/N1_sw0.30_x-1_i0040.h5
1,50,3.000000000e-01,1.000000000e+00,-1,9.308828552e-01,1.232383375e+00,974121368,main,fall,1.121000000e+00,7.999477134e-02,4.508102019e-02,3.055458381e-03,,false,0,3.656711101e+01,/mnt/pd/tema1/new/results/ml_samples/N1_sw0.30_x-1_i0054.h5
1,50,3.000000000e-01,1.000000000e+00,-2,8.617657105e-01,1.140880111e+00,1980321560,main,fall,6.141000000e+00,4.687812171e-02,4.842714267e-02,2.449579501e-03,,false,0,2.013473174e+02,/mnt/pd/tema1/new/results/ml_samples/N1_sw0.30_x-2_i0050.h5
1,50,3.000000000e-01,1.000000000e+00,-1,9.308828552e-01,1.232383375e+00,1121547155,main,fall,4.771000000e+00,3.991185898e-02,3.834078859e-02,2.563242093e-03,,false,0,1.371418120e+02,/mnt/pd/tema1/new/results/ml_samples/N1_sw0.30_x-1_i0002.h5
1,50,3.000000000e-01,1.000000000e+00,-1,9.308828552e-01,1.232383375e+00,1186520730,main,fall,1.371000000e+00,4.767079213e-02,4.716791505e-02,2.193720793e-03,,false,0,4.298542544e+01,/mnt/pd/tema1/new/results/ml_samples/N1_sw0.30_x-1_i0058.h5
1,50,3.000000000e-01,1.000000000e+00,-1,9.308828552e-01,1.232383375e+00,994524110,main,fall,1.241000000e+00,8.346976700e-02,7.627340885e-02,2.616858731e-03,,false,0,4.122369961e+01,/mnt/pd/tema1/new/results/ml_samples/N1_sw0.30_x-1_i0062.h5
1,50,3.000000000e-01,1.000000000e+00,-1,9.308828552e-01,1.232383375e+00,1921054844,main,fall,1.841000000e+00,5.397968089e-02,4.867723536e-02,3.293927023e-03,,false,0,5.619281620e+01,/mnt/pd/tema1/new/results/ml_samples/N1_sw0.30_x-1_i0052.h5
1,50,3.000000000e-01,1.000000000e+00,-1,9.308828552e-01,1.232383375e+00,861370328,main,fall,2.971000000e+00,3.313504017e-02,2.507166260e-02,2.612919933e-03,,false,0,8.658349080e+01,/mnt/pd/tema1/new/results/ml_samples/N1_sw0.30_x-1_i0042.h5
1,50,3.000000000e-01,1.000000000e+00,-2,8.617657105e-01,1.140880111e+00,859403228,main,fall,6.611000000e+00,5.336993180e-02,4.120941945e-02,3.168417480e-03,,false,0,1.913998821e+02,/mnt/pd/tema1/new/results/ml_samples/N1_sw0.30_x-2_i0070.h5
1,50,3.000000000e-01,1.000000000e+00,-1,9.308828552e-01,1.232383375e+00,1359182431,main,fall,2.181000000e+00,4.308755440e-02,2.153424029e-02,2.383641096e-03,,false,0,6.481172494e+01,/mnt/pd/tema1/new/results/ml_samples/N1_sw0.30_x-1_i0060.h5
1,50,3.000000000e-01,1.000000000e+00,-1,9.308828552e-01,1.232383375e+00,317334552,main,fall,2.681000000e+00,6.470425586e-02,4.758413861e-02,2.825564714e-03,,false,0,8.143629562e+01,/mnt/pd/tema1/new/results/ml_samples/N1_sw0.30_x-1_i0046.h5
1,50,3.000000000e-01,1.000000000e+00,-1,9.308828552e-01,1.232383375e+00,1225157904,main,fall,2.961000000e+00,5.794185928e-02,6.180077738e-02,2.443327685e-03,,false,0,9.044186731e+01,/mnt/pd/tema1/new/results/ml_samples/N1_sw0.30_x-1_i0050.h5
1,50,3.000000000e-01,1.000000000e+00,-2,8.617657105e-01,1.140880111e+00,971840816,main,fall,1.053100000e+01,4.232302924e-02,2.792519751e-02,2.259820453e-03,,false,0,2.955258855e+02,/mnt/pd/tema1/new/results/ml_samples/N1_sw0.30_x-2_i0014.h5
1,50,3.000000000e-01,1.000000000e+00,-1,9.308828552e-01,1.232383375e+00,2038782877,main,fall,1.321000000e+00,5.836953797e-02,4.388677867e-02,3.140606339e-03,,false,0,4.210660969e+01,/mnt/pd/tema1/new/results/ml_samples/N1_sw0.30_x-1_i0076.h5
1,50,3.000000000e-01,1.000000000e+00,-1,9.308828552e-01,1.232383375e+00,1865061109,main,fall,5.651000000e+00,5.838781100e-02,3.197793648e-02,2.241971791e-03,,false,0,1.624386690e+02,/mnt/pd/tema1/new/results/ml_samples/N1_sw0.30_x-1_i0030.h5
1,50,3.000000000e-01,1.000000000e+00,-1,9.308828552e-01,1.232383375e+00,1470712812,main,fall,3.391000000e+00,3.059314929e-02,2.080766151e-02,1.644855441e-03,,false,0,9.761479101e+01,/mnt/pd/tema1/new/results/ml_samples/N1_sw0.30_x-1_i0064.h5
1,50,3.000000000e-01,1.000000000e+00,-1,9.308828552e-01,1.232383375e+00,498151028,main,fall,5.771000000e+00,5.144063905e-02,4.306220829e-02,2.565113547e-03,,false,0,1.764287615e+02,/mnt/pd/tema1/new/results/ml_samples/N1_sw0.30_x-1_i0024.h5
1,50,3.000000000e-01,1.000000000e+00,-1,9.308828552e-01,1.232383375e+00,1514534267,main,fall,1.471000000e+00,6.295264323e-02,3.052162024e-02,3.041299193e-03,,false,0,4.560134131e+01,/mnt/pd/tema1/new/results/ml_samples/N1_sw0.30_x-1_i0082.h5
1,50,3.000000000e-01,1.000000000e+00,-1,9.308828552e-01,1.232383375e+00,772338427,main,fall,7.031000000e+00,5.768987533e-02,3.544137173e-02,2.727574005e-03,,false,0,2.040311265e+02,/mnt/pd/tema1/new/results/ml_samples/N1_sw0.30_x-1_i0008.h5
1,50,3.000000000e-01,1.000000000e+00,-1,9.308828552e-01,1.232383375e+00,581927673,main,fall,1.281000000e+00,5.291666993e-02,4.838722729e-02,1.877236880e-03,,false,0,4.164492940e+01,/mnt/pd/tema1/new/results/ml_samples/N1_sw0.30_x-1_i0090.h5
1,50,3.000000000e-01,1.000000000e+00,-1,9.308828552e-01,1.232383375e+00,1808898127,main,fall,9.610000000e-01,7.699835835e-02,5.533954036e-02,2.531133599e-03,,false,0,3.487488224e+01,/mnt/pd/tema1/new/results/ml_samples/N1_sw0.30_x-1_i0096.h5
1,50,3.000000000e-01,1.000000000e+00,-1,9.308828552e-01,1.232383375e+00,1159786446,main,fall,2.501000000e+00,5.516977911e-02,5.450391383e-02,2.709178063e-03,,false,0,7.589478775e+01,/mnt/pd/tema1/new/results/ml_samples/N1_sw0.30_x-1_i0080.h5
1,50,3.000000000e-01,1.000000000e+00,-1,9.308828552e-01,1.232383375e+00,601861440,main,fall,4.391000000e+00,4.315257940e-02,3.582382569e-02,3.138724437e-03,,false,0,1.249946237e+02,/mnt/pd/tema1/new/results/ml_samples/N1_sw0.30_x-1_i0066.h5
1,50,3.000000000e-01,1.000000000e+00,-1,9.308828552e-01,1.232383375e+00,1046814818,main,fall,1.511000000e+00,6.505260938e-02,7.703398548e-02,1.720178432e-03,,false,0,5.367096483e+01,/mnt/pd/tema1/new/results/ml_samples/N1_sw0.30_x-1_i0092.h5
1,50,3.000000000e-01,1.000000000e+00,-2,8.617657105e-01,1.140880111e+00,1246848595,main,fall,9.951000000e+00,5.507541502e-02,3.091816561e-02,2.783250275e-03,,false,0,2.760937106e+02,/mnt/pd/tema1/new/results/ml_samples/N1_sw0.30_x-2_i0068.h5
1,50,3.000000000e-01,1.000000000e+00,-1,9.308828552e-01,1.232383375e+00,1060922338,main,fall,8.371000000e+00,3.634545320e-02,3.221052912e-02,2.614958046e-03,,false,0,2.349354726e+02,/mnt/pd/tema1/new/results/ml_samples/N1_sw0.30_x-1_i0010.h5
1,50,3.000000000e-01,1.000000000e+00,-1,9.308828552e-01,1.232383375e+00,1239274815,main,fall,6.361000000e+00,4.629891214e-02,4.400818504e-02,2.083681926e-03,,false,0,1.818601771e+02,/mnt/pd/tema1/new/results/ml_samples/N1_sw0.30_x-1_i0044.h5
1,50,3.000000000e-01,1.000000000e+00,-1,9.308828552e-01,1.232383375e+00,2109765250,main,fall,8.481000000e+00,5.048581475e-02,2.808072972e-02,2.606355798e-03,,false,0,2.358892845e+02,/mnt/pd/tema1/new/results/ml_samples/N1_sw0.30_x-1_i0026.h5
1,50,3.000000000e-01,1.000000000e+00,-1,9.308828552e-01,1.232383375e+00,821771327,main,fall,4.291000000e+00,4.052255834e-02,4.256917396e-02,1.886063195e-03,,false,0,1.244410706e+02,/mnt/pd/tema1/new/results/ml_samples/N1_sw0.30_x-1_i0078.h5
1,50,3.000000000e-01,1.000000000e+00,-1,9.308828552e-01,1.232383375e+00,437733017,main,rise,5.081000000e+00,6.875898968e-02,4.530064771e-02,2.923406848e-03,,false,0,1.471629650e+02,/mnt/pd/tema1/new/results/ml_samples/N1_sw0.30_x-1_i0072.h5
1,50,3.000000000e-01,1.000000000e+00,-2,8.617657105e-01,1.140880111e+00,512883698,main,fall,1.157100000e+01,4.483827324e-02,2.569568598e-02,2.890236207e-03,,false,0,3.380532023e+02,/mnt/pd/tema1/new/results/ml_samples/N1_sw0.30_x-2_i0062.h5
1,50,3.000000000e-01,1.000000000e+00,-1,9.308828552e-01,1.232383375e+00,833770441,main,fall,1.731000000e+00,5.870362314e-02,3.848593436e-02,2.490678427e-03,,false,0,5.295487647e+01,/mnt/pd/tema1/new/results/ml_samples/N1_sw0.30_x-1_i0106.h5
1,50,3.000000000e-01,1.000000000e+00,-1,9.308828552e-01,1.232383375e+00,1874490724,main,fall,1.491000000e+00,6.526650924e-02,6.333061032e-02,2.300414208e-03,,false,0,4.964982709e+01,/mnt/pd/tema1/new/results/ml_samples/N1_sw0.30_x-1_i0114.h5
1,50,3.000000000e-01,1.000000000e+00,-1,9.308828552e-01,1.232383375e+00,896834517,main,fall,1.211000000e+00,7.060313035e-02,7.046641453e-02,2.987815955e-03,,false,0,4.008242288e+01,/mnt/pd/tema1/new/results/ml_samples/N1_sw0.30_x-1_i0116.h5
1,50,3.000000000e-01,1.000000000e+00,-1,9.308828552e-01,1.232383375e+00,1814442506,main,fall,7.011000000e+00,4.934033315e-02,3.601650035e-02,2.114318557e-03,,false,0,1.978192694e+02,/mnt/pd/tema1/new/results/ml_samples/N1_sw0.30_x-1_i0056.h5
1,50,3.000000000e-01,1.000000000e+00,-1,9.308828552e-01,1.232383375e+00,255719571,main,fall,9.671000000e+00,4.022719366e-02,2.178486809e-02,2.406279951e-03,,false,0,2.705882794e+02,/mnt/pd/tema1/new/results/ml_samples/N1_sw0.30_x-1_i0020.h5
1,50,3.000000000e-01,1.000000000e+00,-1,9.308828552e-01,1.232383375e+00,1645856202,main,rise,9.491000000e+00,5.558751530e-02,3.063994025e-02,2.356475690e-03,,false,0,2.736981368e+02,/mnt/pd/tema1/new/results/ml_samples/N1_sw0.30_x-1_i0018.h5
1,50,3.000000000e-01,1.000000000e+00,-1,9.308828552e-01,1.232383375e+00,405478240,main,rise,5.711000000e+00,6.328028236e-02,3.586560090e-02,2.649962659e-03,,false,0,1.737685648e+02,/mnt/pd/tema1/new/results/ml_samples/N1_sw0.30_x-1_i0068.h5
1,50,3.000000000e-01,1.000000000e+00,-1,9.308828552e-01,1.232383375e+00,875537578,main,fall,3.211000000e+00,6.013099029e-02,2.653516886e-02,2.969209430e-03,,false,0,9.426722889e+01,/mnt/pd/tema1/new/results/ml_samples/N1_sw0.30_x-1_i0104.h5
1,50,3.000000000e-01,1.000000000e+00,-1,9.308828552e-01,1.232383375e+00,745590963,main,fall,1.361000000e+00,6.819869675e-02,3.381848744e-02,3.820372934e-03,,false,0,4.308199192e+01,/mnt/pd/tema1/new/results/ml_samples/N1_sw0.30_x-1_i0124.h5
1,50,3.000000000e-01,1.000000000e+00,-1,9.308828552e-01,1.232383375e+00,1844196710,main,fall,2.111000000e+00,5.498052630e-02,5.240029238e-02,2.127410552e-03,,false,0,6.436044773e+01,/mnt/pd/tema1/new/results/ml_samples/N1_sw0.30_x-1_i0120.h5
1,50,3.000000000e-01,1.000000000e+00,-1,9.308828552e-01,1.232383375e+00,1424530842,main,fall,1.130100000e+01,4.847214105e-02,3.431659313e-02,2.422480528e-03,,false,0,3.131952590e+02,/mnt/pd/tema1/new/results/ml_samples/N1_sw0.30_x-1_i0016.h5
1,50,3.000000000e-01,1.000000000e+00,-1,9.308828552e-01,1.232383375e+00,937409486,main,fall,5.481000000e+00,4.746762235e-02,3.195451908e-02,2.423545898e-03,,false,0,1.611169684e+02,/mnt/pd/tema1/new/results/ml_samples/N1_sw0.30_x-1_i0088.h5
1,50,3.000000000e-01,1.000000000e+00,-1,9.308828552e-01,1.232383375e+00,1005728372,main,fall,9.411000000e+00,4.779855797e-02,3.168896497e-02,2.749176896e-03,,false,0,2.617437911e+02,/mnt/pd/tema1/new/results/ml_samples/N1_sw0.30_x-1_i0048.h5
1,50,3.000000000e-01,1.000000000e+00,-1,9.308828552e-01,1.232383375e+00,976422339,main,fall,1.771000000e+00,7.015529496e-02,4.640569406e-02,3.206890911e-03,,false,0,5.422799164e+01,/mnt/pd/tema1/new/results/ml_samples/N1_sw0.30_x-1_i0136.h5
1,50,3.000000000e-01,1.000000000e+00,-1,9.308828552e-01,1.232383375e+00,925485029,main,fall,7.861000000e+00,4.144597210e-02,3.496566237e-02,2.171780869e-03,,false,0,2.183571606e+02,/mnt/pd/tema1/new/results/ml_samples/N1_sw0.30_x-1_i0074.h5
1,50,3.000000000e-01,1.000000000e+00,-1,9.308828552e-01,1.232383375e+00,446953632,main,fall,3.131000000e+00,5.504369324e-02,5.190310150e-02,2.653074308e-03,,false,0,9.142536009e+01,/mnt/pd/tema1/new/results/ml_samples/N1_sw0.30_x-1_i0122.h5
1,50,3.000000000e-01,1.000000000e+00,-1,9.308828552e-01,1.232383375e+00,605936378,main,fall,5.611000000e+00,5.220007545e-02,3.262129588e-02,2.824305130e-03,,false,0,1.588154861e+02,/mnt/pd/tema1/new/results/ml_samples/N1_sw0.30_x-1_i0098.h5
1,50,3.000000000e-01,1.000000000e+00,-1,9.308828552e-01,1.232383375e+00,627926214,main,fall,2.561000000e+00,5.901254501e-02,4.995040184e-02,2.540168637e-03,,false,0,7.541758134e+01,/mnt/pd/tema1/new/results/ml_samples/N1_sw0.30_x-1_i0140.h5
1,50,3.000000000e-01,1.000000000e+00,-1,9.308828552e-01,1.232383375e+00,861336717,main,fall,1.531000000e+00,5.317493673e-02,2.488766815e-02,2.353783675e-03,,false,0,4.748977107e+01,/mnt/pd/tema1/new/results/ml_samples/N1_sw0.30_x-1_i0146.h5
1,50,3.000000000e-01,1.000000000e+00,-1,9.308828552e-01,1.232383375e+00,951938801,main,fall,4.881000000e+00,6.370139143e-02,4.597658974e-02,2.887061839e-03,,false,0,1.489961640e+02,/mnt/pd/tema1/new/results/ml_samples/N1_sw0.30_x-1_i0108.h5
1,50,3.000000000e-01,1.000000000e+00,-1,9.308828552e-01,1.232383375e+00,1875378722,main,fall,7.410000000e-01,6.105369583e-02,4.316676912e-02,2.163943162e-03,,false,0,2.660859241e+01,/mnt/pd/tema1/new/results/ml_samples/N1_sw0.30_x-1_i0156.h5
1,50,3.000000000e-01,1.000000000e+00,-1,9.308828552e-01,1.232383375e+00,121716774,main,fall,1.601000000e+00,4.934057863e-02,4.073064577e-02,2.340853268e-03,,false,0,4.907156015e+01,/mnt/pd/tema1/new/results/ml_samples/N1_sw0.30_x-1_i0150.h5
1,50,3.000000000e-01,1.000000000e+00,-1,9.308828552e-01,1.232383375e+00,1313122974,main,fall,3.421000000e+00,4.937940805e-02,4.673339688e-02,2.742104614e-03,,false,0,9.865566609e+01,/mnt/pd/tema1/new/results/ml_samples/N1_sw0.30_x-1_i0128.h5
1,50,3.000000000e-01,1.000000000e+00,-1,9.308828552e-01,1.232383375e+00,322573534,main,fall,4.581000000e+00,4.543662886e-02,3.481814649e-02,2.443179997e-03,,false,0,1.297247287e+02,/mnt/pd/tema1/new/results/ml_samples/N1_sw0.30_x-1_i0118.h5
1,50,3.000000000e-01,1.000000000e+00,-1,9.308828552e-01,1.232383375e+00,1396002689,main,rise,9.571000000e+00,3.902252565e-02,2.433951966e-02,2.646721115e-03,,false,0,2.651409562e+02,/mnt/pd/tema1/new/results/ml_samples/N1_sw0.30_x-1_i0070.h5
1,50,3.000000000e-01,1.000000000e+00,-1,9.308828552e-01,1.232383375e+00,897916475,main,fall,1.277100000e+01,3.609931627e-02,2.543325576e-02,2.213722640e-03,,false,0,3.683327082e+02,/mnt/pd/tema1/new/results/ml_samples/N1_sw0.30_x-1_i0022.h5
1,50,3.000000000e-01,1.000000000e+00,-1,9.308828552e-01,1.232383375e+00,331724236,main,fall,6.321000000e+00,4.053896127e-02,1.968357962e-02,2.164916898e-03,,false,0,1.774076548e+02,/mnt/pd/tema1/new/results/ml_samples/N1_sw0.30_x-1_i0102.h5
1,50,3.000000000e-01,1.000000000e+00,-1,9.308828552e-01,1.232383375e+00,1548934876,main,fall,1.231000000e+00,7.989132873e-02,6.954214610e-02,2.845424408e-03,,false,0,4.697683276e+01,/mnt/pd/tema1/new/results/ml_samples/N1_sw0.30_x-1_i0158.h5
1,50,3.000000000e-01,1.000000000e+00,-1,9.308828552e-01,1.232383375e+00,1424986006,main,fall,2.111000000e+00,5.180563664e-02,4.673167368e-02,1.927073241e-03,,false,0,6.930441747e+01,/mnt/pd/tema1/new/results/ml_samples/N1_sw0.30_x-1_i0152.h5
1,50,3.000000000e-01,1.000000000e+00,-1,9.308828552e-01,1.232383375e+00,804015539,main,fall,9.410000000e-01,4.959892484e-02,2.821215254e-02,3.122754005e-03,,false,0,3.130409843e+01,/mnt/pd/tema1/new/results/ml_samples/N1_sw0.30_x-1_i0176.h5
1,50,3.000000000e-01,1.000000000e+00,-1,9.308828552e-01,1.232383375e+00,770123602,main,fall,5.061000000e+00,4.272331178e-02,3.841251631e-02,2.141805452e-03,,false,0,1.431448460e+02,/mnt/pd/tema1/new/results/ml_samples/N1_sw0.30_x-1_i0126.h5
1,50,3.000000000e-01,1.000000000e+00,-1,9.308828552e-01,1.232383375e+00,1232360537,main,fall,1.061000000e+00,5.028243242e-02,3.735220097e-02,1.499372915e-03,,false,0,3.467621268e+01,/mnt/pd/tema1/new/results/ml_samples/N1_sw0.30_x-1_i0180.h5
1,50,3.000000000e-01,1.000000000e+00,-1,9.308828552e-01,1.232383375e+00,1774025158,main,fall,1.221000000e+00,9.024215179e-02,7.007650378e-02,3.177025155e-03,,false,0,4.208619852e+01,/mnt/pd/tema1/new/results/ml_samples/N1_sw0.30_x-1_i0174.h5
1,50,3.000000000e-01,1.000000000e+00,-1,9.308828552e-01,1.232383375e+00,332183729,main,fall,4.371000000e+00,4.212700814e-02,3.149694303e-02,2.651935056e-03,,false,0,1.251192185e+02,/mnt/pd/tema1/new/results/ml_samples/N1_sw0.30_x-1_i0144.h5
1,50,3.000000000e-01,1.000000000e+00,-1,9.308828552e-01,1.232383375e+00,664428513,main,fall,1.941000000e+00,7.650200711e-02,5.891897926e-02,3.386207134e-03,,false,0,6.744849267e+01,/mnt/pd/tema1/new/results/ml_samples/N1_sw0.30_x-1_i0170.h5
1,50,3.000000000e-01,1.000000000e+00,-1,9.308828552e-01,1.232383375e+00,263227082,main,fall,5.181000000e+00,4.511585033e-02,4.416255982e-02,2.399335082e-03,,false,0,1.637749181e+02,/mnt/pd/tema1/new/results/ml_samples/N1_sw0.30_x-1_i0132.h5
1,50,3.000000000e-01,1.000000000e+00,-1,9.308828552e-01,1.232383375e+00,372175401,main,fall,2.661000000e+00,5.486431056e-02,5.488836486e-02,2.250340386e-03,,false,0,8.613790360e+01,/mnt/pd/tema1/new/results/ml_samples/N1_sw0.30_x-1_i0162.h5
1,50,3.000000000e-01,1.000000000e+00,-1,9.308828552e-01,1.232383375e+00,910627551,main,fall,2.671000000e+00,3.946655618e-02,4.214783251e-02,1.702016017e-03,,false,0,7.857911192e+01,/mnt/pd/tema1/new/results/ml_samples/N1_sw0.30_x-1_i0172.h5
1,50,3.000000000e-01,1.000000000e+00,-1,9.308828552e-01,1.232383375e+00,241813207,main,fall,6.091000000e+00,4.027712376e-02,2.011172337e-02,2.091018959e-03,,false,0,1.707287993e+02,/mnt/pd/tema1/new/results/ml_samples/N1_sw0.30_x-1_i0138.h5
1,50,3.000000000e-01,1.000000000e+00,-1,9.308828552e-01,1.232383375e+00,1052300454,main,fall,3.271000000e+00,3.644268828e-02,4.233991022e-02,1.588696053e-03,,false,0,9.596206133e+01,/mnt/pd/tema1/new/results/ml_samples/N1_sw0.30_x-1_i0164.h5
1,50,3.000000000e-01,1.000000000e+00,-1,9.308828552e-01,1.232383375e+00,1456079613,main,fall,3.111000000e+00,5.951283445e-02,3.285662701e-02,3.208648921e-03,,false,0,9.143170259e+01,/mnt/pd/tema1/new/results/ml_samples/N1_sw0.30_x-1_i0168.h5
1,50,3.000000000e-01,1.000000000e+00,-1,9.308828552e-01,1.232383375e+00,27550408,main,fall,8.651000000e+00,5.176210021e-02,3.437137979e-02,3.026782495e-03,,false,0,2.401753220e+02,/mnt/pd/tema1/new/results/ml_samples/N1_sw0.30_x-1_i0112.h5
1,50,3.000000000e-01,1.000000000e+00,-1,9.308828552e-01,1.232383375e+00,1744797764,main,fall,2.041000000e+00,9.423161588e-02,8.073479009e-02,4.159775257e-03,,false,0,6.568546440e+01,/mnt/pd/tema1/new/results/ml_samples/N1_sw0.30_x-1_i0186.h5
1,50,3.000000000e-01,1.000000000e+00,-1,9.308828552e-01,1.232383375e+00,368621349,main,fall,2.241000000e+00,6.345298162e-02,5.402995718e-02,2.464838067e-03,,false,0,6.860033380e+01,/mnt/pd/tema1/new/results/ml_samples/N1_sw0.30_x-1_i0190.h5
1,50,3.000000000e-01,1.000000000e+00,-1,9.308828552e-01,1.232383375e+00,2039095069,main,fall,5.411000000e+00,5.058288709e-02,4.445220065e-02,2.141447718e-03,,false,0,1.546453704e+02,/mnt/pd/tema1/new/results/ml_samples/N1_sw0.30_x-1_i0154.h5
1,50,3.000000000e-01,1.000000000e+00,-1,9.308828552e-01,1.232383375e+00,1514437613,main,fall,3.431000000e+00,5.236902810e-02,4.121072735e-02,2.880289629e-03,,false,0,1.111843438e+02,/mnt/pd/tema1/new/results/ml_samples/N1_sw0.30_x-1_i0178.h5
1,50,3.000000000e-01,1.000000000e+00,-1,9.308828552e-01,1.232383375e+00,1081658492,main,fall,1.693100000e+01,3.894337887e-02,2.481758534e-02,2.260622280e-03,,false,0,4.631811277e+02,/mnt/pd/tema1/new/results/ml_samples/N1_sw0.30_x-1_i0034.h5
1,50,3.000000000e-01,1.000000000e+00,0,1.000000000e+00,1.323886640e+00,988497357,main,fall,1.631000000e+00,6.947943772e-02,6.979125841e-02,2.129476566e-03,,false,0,5.495593801e+01,/mnt/pd/tema1/new/results/ml_samples/N1_sw0.30_x+0_i0012.h5
1,50,3.000000000e-01,1.000000000e+00,0,1.000000000e+00,1.323886640e+00,1415162575,main,fall,2.501000000e+00,5.491591901e-02,4.724101796e-02,2.652953543e-03,,false,0,7.343698788e+01,/mnt/pd/tema1/new/results/ml_samples/N1_sw0.30_x+0_i0008.h5
1,50,3.000000000e-01,1.000000000e+00,-1,9.308828552e-01,1.232383375e+00,1634665932,main,fall,7.721000000e+00,3.875103169e-02,2.838989225e-02,1.857589809e-03,,false,0,2.204913471e+02,/mnt/pd/tema1/new/results/ml_samples/N1_sw0.30_x-1_i0148.h5
1,50,3.000000000e-01,1.000000000e+00,-1,9.308828552e-01,1.232383375e+00,2099202354,main,fall,4.901000000e+00,4.312397413e-02,4.504225206e-02,2.341704468e-03,,false,0,1.430662619e+02,/mnt/pd/tema1/new/results/ml_samples/N1_sw0.30_x-1_i0184.h5
1,50,3.000000000e-01,1.000000000e+00,0,1.000000000e+00,1.323886640e+00,1088470300,main,fall,1.631000000e+00,5.664053731e-02,5.311233165e-02,1.995999793e-03,,false,0,5.119274766e+01,/mnt/pd/tema1/new/results/ml_samples/N1_sw0.30_x+0_i0020.h5
1,50,3.000000000e-01,1.000000000e+00,-1,9.308828552e-01,1.232383375e+00,711093056,main,fall,1.272100000e+01,4.141428416e-02,2.408053803e-02,2.180749232e-03,,false,0,3.552260170e+02,/mnt/pd/tema1/new/results/ml_samples/N1_sw0.30_x-1_i0100.h5
1,50,3.000000000e-01,1.000000000e+00,-1,9.308828552e-01,1.232383375e+00,1331845832,main,fall,8.741000000e+00,3.822846812e-02,2.730164234e-02,2.238156762e-03,,false,0,2.490228926e+02,/mnt/pd/tema1/new/results/ml_samples/N1_sw0.30_x-1_i0142.h5
1,50,3.000000000e-01,1.000000000e+00,-1,9.308828552e-01,1.232383375e+00,617001163,main,fall,1.239100000e+01,3.817396774e-02,2.749630046e-02,2.264040070e-03,,false,0,3.422974336e+02,/mnt/pd/tema1/new/results/ml_samples/N1_sw0.30_x-1_i0110.h5
1,50,3.000000000e-01,1.000000000e+00,-1,9.308828552e-01,1.232383375e+00,432880384,main,fall,5.241000000e+00,3.641642817e-02,3.646829131e-02,2.099569236e-03,,false,0,1.482098119e+02,/mnt/pd/tema1/new/results/ml_samples/N1_sw0.30_x-1_i0188.h5
1,50,3.000000000e-01,1.000000000e+00,-1,9.308828552e-01,1.232383375e+00,911152167,main,fall,1.859100000e+01,4.090670017e-02,3.187419067e-02,2.353990450e-03,,false,0,5.218763788e+02,/mnt/pd/tema1/new/results/ml_samples/N1_sw0.30_x-1_i0038.h5
1,50,3.000000000e-01,1.000000000e+00,-1,9.308828552e-01,1.232383375e+00,1548720404,main,fall,4.881000000e+00,4.472116701e-02,2.557531021e-02,2.068978316e-03,,false,0,1.382856457e+02,/mnt/pd/tema1/new/results/ml_samples/N1_sw0.30_x-1_i0194.h5
1,50,3.000000000e-01,1.000000000e+00,0,1.000000000e+00,1.323886640e+00,1364651106,main,fall,1.421000000e+00,6.179569576e-02,5.343064137e-02,2.003632341e-03,,false,0,4.910772688e+01,/mnt/pd/tema1/new/results/ml_samples/N1_sw0.30_x+0_i0024.h5
1,50,3.000000000e-01,1.000000000e+00,-1,9.308828552e-01,1.232383375e+00,1099953268,main,fall,1.146100000e+01,5.162633126e-02,3.207095955e-02,2.896466043e-03,,false,0,3.181464003e+02,/mnt/pd/tema1/new/results/ml_samples/N1_sw0.30_x-1_i0134.h5
1,50,3.000000000e-01,1.000000000e+00,0,1.000000000e+00,1.323886640e+00,61343699,main,fall,3.861000000e+00,4.571144745e-02,3.513096501e-02,2.127935733e-03,,false,0,1.107514725e+02,/mnt/pd/tema1/new/results/ml_samples/N1_sw0.30_x+0_i0018.h5
1,50,3.000000000e-01,1.000000000e+00,-1,9.308828552e-01,1.232383375e+00,589255564,main,fall,5.481000000e+00,5.142664025e-02,3.858704833e-02,2.679348761e-03,,false,0,1.596330209e+02,/mnt/pd/tema1/new/results/ml_samples/N1_sw0.30_x-1_i0198.h5
1,50,3.000000000e-01,1.000000000e+00,0,1.000000000e+00,1.323886640e+00,1836642152,main,fall,1.061000000e+00,7.842499988e-02,5.955451244e-02,2.889418971e-03,,false,0,3.714737121e+01,/mnt/pd/tema1/new/results/ml_samples/N1_sw0.30_x+0_i0036.h5
1,50,3.000000000e-01,1.000000000e+00,0,1.000000000e+00,1.323886640e+00,1790401780,main,fall,1.541000000e+00,4.625072903e-02,4.648005502e-02,1.829731305e-03,,false,0,4.825043808e+01,/mnt/pd/tema1/new/results/ml_samples/N1_sw0.30_x+0_i0038.h5
1,50,3.000000000e-01,1.000000000e+00,-1,9.308828552e-01,1.232383375e+00,194759453,main,rise,6.331000000e+00,4.321026160e-02,2.759108049e-02,2.125004939e-03,,false,0,1.787288073e+02,/mnt/pd/tema1/new/results/ml_samples/N1_sw0.30_x-1_i0196.h5
1,50,3.000000000e-01,1.000000000e+00,-1,9.308828552e-01,1.232383375e+00,1832508353,main,fall,1.714100000e+01,3.910903854e-02,2.749158108e-02,2.245620327e-03,,false,0,4.810208659e+02,/mnt/pd/tema1/new/results/ml_samples/N1_sw0.30_x-1_i0084.h5
1,50,3.000000000e-01,1.000000000e+00,0,1.000000000e+00,1.323886640e+00,689644007,main,fall,6.091000000e+00,5.029683796e-02,3.085548149e-02,2.090657088e-03,,false,0,1.726235489e+02,/mnt/pd/tema1/new/results/ml_samples/N1_sw0.30_x+0_i0006.h5
1,50,3.000000000e-01,1.000000000e+00,-1,9.308828552e-01,1.232383375e+00,139608390,main,fall,8.801000000e+00,5.398187875e-02,3.622303129e-02,2.638320924e-03,,false,0,2.672887839e+02,/mnt/pd/tema1/new/results/ml_samples/N1_sw0.30_x-1_i0166.h5
1,50,3.000000000e-01,1.000000000e+00,-1,9.308828552e-01,1.232383375e+00,177496560,main,fall,8.641000000e+00,4.016663098e-02,2.903770124e-02,1.955787675e-03,,false,0,2.431117772e+02,/mnt/pd/tema1/new/results/ml_samples/N1_sw0.30_x-1_i0192.h5
1,50,3.000000000e-01,1.000000000e+00,-1,9.308828552e-01,1.232383375e+00,65638550,main,fall,1.177100000e+01,3.571311656e-02,1.982658204e-02,2.151400811e-03,,false,0,3.232052410e+02,/mnt/pd/tema1/new/results/ml_samples/N1_sw0.30_x-1_i0160.h5
1,50,3.000000000e-01,1.000000000e+00,-1,9.308828552e-01,1.232383375e+00,289820651,main,rise,1.884100000e+01,4.095755303e-02,3.120625979e-02,2.376673990e-03,,false,0,5.224629514e+02,/mnt/pd/tema1/new/results/ml_samples/N1_sw0.30_x-1_i0086.h5
1,50,3.000000000e-01,1.000000000e+00,0,1.000000000e+00,1.323886640e+00,1907385647,main,fall,2.131000000e+00,4.703456168e-02,3.722682229e-02,3.097846584e-03,,false,0,6.444213114e+01,/mnt/pd/tema1/new/results/ml_samples/N1_sw0.30_x+0_i0060.h5
1,50,3.000000000e-01,1.000000000e+00,0,1.000000000e+00,1.323886640e+00,1646864361,main,rise,8.421000000e+00,4.989293127e-02,2.844773644e-02,2.160253477e-03,,false,0,2.336330053e+02,/mnt/pd/tema1/new/results/ml_samples/N1_sw0.30_x+0_i0010.h5
1,50,3.000000000e-01,1.000000000e+00,0,1.000000000e+00,1.323886640e+00,107116510,main,fall,1.081000000e+00,7.671782133e-02,6.990605369e-02,2.255314984e-03,,false,0,3.746222658e+01,/mnt/pd/tema1/new/results/ml_samples/N1_sw0.30_x+0_i0064.h5
1,50,3.000000000e-01,1.000000000e+00,0,1.000000000e+00,1.323886640e+00,707569016,main,fall,3.221000000e+00,6.064442293e-02,4.416505562e-02,1.843670263e-03,,false,0,9.938582947e+01,/mnt/pd/tema1/new/results/ml_samples/N1_sw0.30_x+0_i0048.h5
1,50,3.000000000e-01,1.000000000e+00,0,1.000000000e+00,1.323886640e+00,909704286,main,fall,4.891000000e+00,6.249254286e-02,3.196917604e-02,3.226874414e-03,,false,0,1.405504766e+02,/mnt/pd/tema1/new/results/ml_samples/N1_sw0.30_x+0_i0040.h5
1,50,3.000000000e-01,1.000000000e+00,0,1.000000000e+00,1.323886640e+00,1373745116,main,fall,3.781000000e+00,3.834215133e-02,4.250208118e-02,1.689295478e-03,,false,0,1.093303003e+02,/mnt/pd/tema1/new/results/ml_samples/N1_sw0.30_x+0_i0050.h5
1,50,3.000000000e-01,1.000000000e+00,0,1.000000000e+00,1.323886640e+00,1785558526,main,rise,6.281000000e+00,5.344335834e-02,4.647414077e-02,2.183894899e-03,,false,0,1.829057216e+02,/mnt/pd/tema1/new/results/ml_samples/N1_sw0.30_x+0_i0022.h5
1,50,3.000000000e-01,1.000000000e+00,0,1.000000000e+00,1.323886640e+00,498333074,main,fall,1.861000000e+00,4.644197942e-02,4.871804101e-02,2.210412595e-03,,false,0,5.864161282e+01,/mnt/pd/tema1/new/results/ml_samples/N1_sw0.30_x+0_i0068.h5
1,50,3.000000000e-01,1.000000000e+00,0,1.000000000e+00,1.323886640e+00,223380487,main,fall,6.571000000e+00,4.506916930e-02,3.287881705e-02,2.262960965e-03,,false,0,1.871360411e+02,/mnt/pd/tema1/new/results/ml_samples/N1_sw0.30_x+0_i0034.h5
1,50,3.000000000e-01,1.000000000e+00,0,1.000000000e+00,1.323886640e+00,1490409472,main,fall,3.601000000e+00,6.196243962e-02,3.788279144e-02,3.659347544e-03,,false,0,1.038688047e+02,/mnt/pd/tema1/new/results/ml_samples/N1_sw0.30_x+0_i0062.h5
1,50,3.000000000e-01,1.000000000e+00,0,1.000000000e+00,1.323886640e+00,590060187,main,rise,5.871000000e+00,4.572930064e-02,4.012964411e-02,2.326986700e-03,,false,0,1.657125782e+02,/mnt/pd/tema1/new/results/ml_samples/N1_sw0.30_x+0_i0042.h5
1,50,3.000000000e-01,1.000000000e+00,-1,9.308828552e-01,1.232383375e+00,1639853958,main,fall,1.627100000e+01,4.868712997e-02,3.075521361e-02,2.553571869e-03,,false,0,4.750302675e+02,/mnt/pd/tema1/new/results/ml_samples/N1_sw0.30_x-1_i0130.h5
1,50,3.000000000e-01,1.000000000e+00,0,1.000000000e+00,1.323886640e+00,1573313606,main,fall,2.601000000e+00,4.653926473e-02,4.222768573e-02,2.501293420e-03,,false,0,7.615135888e+01,/mnt/pd/tema1/new/results/ml_samples/N1_sw0.30_x+0_i0080.h5
1,50,3.000000000e-01,1.000000000e+00,-1,9.308828552e-01,1.232383375e+00,1443614454,main,fall,2.154100000e+01,4.209508308e-02,1.986955817e-02,2.229240072e-03,,false,0,6.029998471e+02,/mnt/pd/tema1/new/results/ml_samples/N1_sw0.30_x-1_i0094.h5
1,50,3.000000000e-01,1.000000000e+00,0,1.000000000e+00,1.323886640e+00,877548967,main,fall,6.191000000e+00,5.627511697e-02,4.644940131e-02,2.637973328e-03,,false,0,1.987921278e+02,/mnt/pd/tema1/new/results/ml_samples/N1_sw0.30_x+0_i0052.h5
1,50,3.000000000e-01,1.000000000e+00,0,1.000000000e+00,1.323886640e+00,1542431494,main,rise,3.081000000e+00,5.826756968e-02,4.311710761e-02,1.915183862e-03,,false,0,8.968468231e+01,/mnt/pd/tema1/new/results/ml_samples/N1_sw0.30_x+0_i0082.h5
1,50,3.000000000e-01,1.000000000e+00,0,1.000000000e+00,1.323886640e+00,239444050,main,fall,4.441000000e+00,5.766067286e-02,4.214926511e-02,2.876289136e-03,,false,0,1.259200228e+02,/mnt/pd/tema1/new/results/ml_samples/N1_sw0.30_x+0_i0076.h5
1,50,3.000000000e-01,1.000000000e+00,0,1.000000000e+00,1.323886640e+00,730282442,main,rise,5.241000000e+00,5.429551029e-02,3.151731578e-02,1.986096702e-03,,false,0,1.564609867e+02,/mnt/pd/tema1/new/results/ml_samples/N1_sw0.30_x+0_i0066.h5
1,50,3.000000000e-01,1.000000000e+00,0,1.000000000e+00,1.323886640e+00,409188057,main,fall,1.195100000e+01,3.850921169e-02,2.925255975e-02,1.994103851e-03,,false,0,3.509965941e+02,/mnt/pd/tema1/new/results/ml_samples/N1_sw0.30_x+0_i0014.h5
1,50,3.000000000e-01,1.000000000e+00,0,1.000000000e+00,1.323886640e+00,831968894,main,rise,5.581000000e+00,5.133188211e-02,3.405400222e-02,1.944161118e-03,,false,0,1.572921621e+02,/mnt/pd/tema1/new/results/ml_samples/N1_sw0.30_x+0_i0078.h5
1,50,3.000000000e-01,1.000000000e+00,0,1.000000000e+00,1.323886640e+00,1155463151,main,fall,1.501000000e+00,5.215282526e-02,5.791032985e-02,2.037847514e-03,,false,0,4.850965804e+01,/mnt/pd/tema1/new/results/ml_samples/N1_sw0.30_x+0_i0102.h5
1,50,3.000000000e-01,1.000000000e+00,0,1.000000000e+00,1.323886640e+00,621000719,main,rise,5.111000000e+00,4.470525361e-02,2.079342012e-02,2.387968730e-03,,false,0,1.437029211e+02,/mnt/pd/tema1/new/results/ml_samples/N1_sw0.30_x+0_i0084.h5
1,50,3.000000000e-01,1.000000000e+00,0,1.000000000e+00,1.323886640e+00,1099759924,main,fall,1.195100000e+01,4.000286724e-02,3.159193247e-02,2.245239088e-03,,false,0,3.303705380e+02,/mnt/pd/tema1/new/results/ml_samples/N1_sw0.30_x+0_i0032.h5
1,50,3.000000000e-01,1.000000000e+00,0,1.000000000e+00,1.323886640e+00,1999759561,main,rise,1.188100000e+01,4.327234852e-02,2.969040588e-02,1.907254497e-03,,false,0,3.418791352e+02,/mnt/pd/tema1/new/results/ml_samples/N1_sw0.30_x+0_i0026.h5
1,50,3.000000000e-01,1.000000000e+00,0,1.000000000e+00,1.323886640e+00,972449688,main,rise,5.361000000e+00,6.626261135e-02,4.401820823e-02,2.573887317e-03,,false,0,1.532664269e+02,/mnt/pd/tema1/new/results/ml_samples/N1_sw0.30_x+0_i0090.h5
1,50,3.000000000e-01,1.000000000e+00,0,1.000000000e+00,1.323886640e+00,487685631,main,fall,1.011000000e+00,8.169136299e-02,5.206689042e-02,2.780250913e-03,,false,0,3.477083577e+01,/mnt/pd/tema1/new/results/ml_samples/N1_sw0.30_x+0_i0110.h5
1,50,3.000000000e-01,1.000000000e+00,0,1.000000000e+00,1.323886640e+00,2116826010,main,rise,1.134100000e+01,5.214439228e-02,3.191179190e-02,2.272909637e-03,,false,0,3.501822205e+02,/mnt/pd/tema1/new/results/ml_samples/N1_sw0.30_x+0_i0044.h5
1,50,3.000000000e-01,1.000000000e+00,0,1.000000000e+00,1.323886640e+00,1701059478,main,fall,1.991000000e+00,7.870051582e-02,7.497011876e-02,2.554766691e-03,,false,0,6.443301207e+01,/mnt/pd/tema1/new/results/ml_samples/N1_sw0.30_x+0_i0112.h5
1,50,3.000000000e-01,1.000000000e+00,0,1.000000000e+00,1.323886640e+00,1724359854,main,fall,7.081000000e+00,4.863901034e-02,4.332301471e-02,2.250707024e-03,,false,0,2.085807238e+02,/mnt/pd/tema1/new/results/ml_samples/N1_sw0.30_x+0_i0088.h5
1,50,3.000000000e-01,1.000000000e+00,0,1.000000000e+00,1.323886640e+00,1248289145,main,rise,5.801000000e+00,5.412615996e-02,3.187397136e-02,1.942861045e-03,,false,0,1.641554769e+02,/mnt/pd/tema1/new/results/ml_samples/N1_sw0.30_x+0_i0094.h5
1,50,3.000000000e-01,1.000000000e+00,0,1.000000000e+00,1.323886640e+00,340845921,main,fall,1.857100000e+01,3.884539771e-02,2.188262985e-02,1.943561294e-03,,false,0,5.075872846e+02,/mnt/pd/tema1/new/results/ml_samples/N1_sw0.30_x+0_i0002.h5
1,50,3.000000000e-01,1.000000000e+00,0,1.000000000e+00,1.323886640e+00,89391830,main,fall,6.131000000e+00,4.209215313e-02,2.898831304e-02,1.606260961e-03,,false,0,1.716534445e+02,/mnt/pd/tema1/new/results/ml_samples/N1_sw0.30_x+0_i0096.h5
1,50,3.000000000e-01,1.000000000e+00,0,1.000000000e+00,1.323886640e+00,1594663607,main,fall,3.611000000e+00,4.792203558e-02,4.191450308e-02,2.116652188e-03,,false,0,1.050251934e+02,/mnt/pd/tema1/new/results/ml_samples/N1_sw0.30_x+0_i0108.h5
1,50,3.000000000e-01,1.000000000e+00,0,1.000000000e+00,1.323886640e+00,1815844465,main,rise,1.583100000e+01,4.345605672e-02,2.793297195e-02,1.815123337e-03,,false,0,4.474158651e+02,/mnt/pd/tema1/new/results/ml_samples/N1_sw0.30_x+0_i0028.h5
1,50,3.000000000e-01,1.000000000e+00,0,1.000000000e+00,1.323886640e+00,1470041161,main,rise,6.831000000e+00,5.966227934e-02,4.340836209e-02,2.680862822e-03,,false,0,1.973205558e+02,/mnt/pd/tema1/new/results/ml_samples/N1_sw0.30_x+0_i0098.h5
1,50,3.000000000e-01,1.000000000e+00,0,1.000000000e+00,1.323886640e+00,971274887,main,fall,1.351100000e+01,4.116612005e-02,2.263630412e-02,2.145648740e-03,,false,0,3.714702313e+02,/mnt/pd/tema1/new/results/ml_samples/N1_sw0.30_x+0_i0058.h5
1,50,3.000000000e-01,1.000000000e+00,0,1.000000000e+00,1.323886640e+00,1741536512,main,fall,1.373100000e+01,3.990985137e-02,2.608769951e-02,2.119330075e-03,,false,0,3.855406909e+02,/mnt/pd/tema1/new/results/ml_samples/N1_sw0.30_x+0_i0056.h5
1,50,3.000000000e-01,1.000000000e+00,0,1.000000000e+00,1.323886640e+00,480596544,main,fall,1.621000000e+00,6.152268130e-02,5.748320222e-02,3.389279228e-03,,false,0,5.557293589e+01,/mnt/pd/tema1/new/results/ml_samples/N1_sw0.30_x+0_i0128.h5
1,50,3.000000000e-01,1.000000000e+00,0,1.000000000e+00,1.323886640e+00,1599774547,main,fall,1.891000000e+00,5.793959541e-02,6.203543361e-02,2.775053175e-03,,false,0,5.916496226e+01,/mnt/pd/tema1/new/results/ml_samples/N1_sw0.30_x+0_i0134.h5
1,50,3.000000000e-01,1.000000000e+00,0,1.000000000e+00,1.323886640e+00,171215944,main,fall,1.631000000e+00,6.527808348e-02,7.797528574e-02,2.789526650e-03,,false,0,5.251789718e+01,/mnt/pd/tema1/new/results/ml_samples/N1_sw0.30_x+0_i0136.h5
1,50,3.000000000e-01,1.000000000e+00,0,1.000000000e+00,1.323886640e+00,721475314,main,fall,1.591000000e+00,5.803956694e-02,3.692935609e-02,2.586001937e-03,,false,0,5.133425345e+01,/mnt/pd/tema1/new/results/ml_samples/N1_sw0.30_x+0_i0138.h5
1,50,3.000000000e-01,1.000000000e+00,0,1.000000000e+00,1.323886640e+00,1427546333,main,fall,5.281000000e+00,4.044088907e-02,3.764635665e-02,2.112669644e-03,,false,0,1.519832746e+02,/mnt/pd/tema1/new/results/ml_samples/N1_sw0.30_x+0_i0120.h5
1,50,3.000000000e-01,1.000000000e+00,0,1.000000000e+00,1.323886640e+00,873272742,main,fall,1.183100000e+01,4.416653089e-02,3.145765626e-02,2.019598799e-03,,false,0,3.265456980e+02,/mnt/pd/tema1/new/results/ml_samples/N1_sw0.30_x+0_i0086.h5
1,50,3.000000000e-01,1.000000000e+00,0,1.000000000e+00,1.323886640e+00,1999629214,main,rise,5.891000000e+00,3.778544664e-02,2.093061202e-02,2.264710467e-03,,false,0,1.650487151e+02,/mnt/pd/tema1/new/results/ml_samples/N1_sw0.30_x+0_i0124.h5
1,50,3.000000000e-01,1.000000000e+00,0,1.000000000e+00,1.323886640e+00,1661583188,main,fall,1.784100000e+01,5.182180640e-02,2.465576511e-02,2.913406173e-03,,false,0,4.943170390e+02,/mnt/pd/tema1/new/results/ml_samples/N1_sw0.30_x+0_i0054.h5
1,50,3.000000000e-01,1.000000000e+00,0,1.000000000e+00,1.323886640e+00,1720752510,main,fall,3.411000000e+00,5.644420915e-02,5.269411903e-02,2.161819200e-03,,false,0,1.058135634e+02,/mnt/pd/tema1/new/results/ml_samples/N1_sw0.30_x+0_i0142.h5
1,50,3.000000000e-01,1.000000000e+00,0,1.000000000e+00,1.323886640e+00,45415051,main,fall,1.010100000e+01,3.705934444e-02,2.886338035e-02,1.879264398e-03,,false,0,2.874339947e+02,/mnt/pd/tema1/new/results/ml_samples/N1_sw0.30_x+0_i0104.h5
1,50,3.000000000e-01,1.000000000e+00,0,1.000000000e+00,1.323886640e+00,1780950471,main,fall,6.081000000e+00,4.637568539e-02,3.522930954e-02,2.219394699e-03,,false,0,1.731544619e+02,/mnt/pd/tema1/new/results/ml_samples/N1_sw0.30_x+0_i0132.h5
1,50,3.000000000e-01,1.000000000e+00,0,1.000000000e+00,1.323886640e+00,1291957583,main,fall,8.410000000e-01,8.248336620e-02,7.301916095e-02,2.263493503e-03,,false,0,3.377686914e+01,/mnt/pd/tema1/new/results/ml_samples/N1_sw0.30_x+0_i0156.h5
1,50,3.000000000e-01,1.000000000e+00,0,1.000000000e+00,1.323886640e+00,177801669,main,fall,3.171000000e+00,4.892730789e-02,4.761534146e-02,1.963422611e-03,,false,0,9.373560286e+01,/mnt/pd/tema1/new/results/ml_samples/N1_sw0.30_x+0_i0150.h5
1,50,3.000000000e-01,1.000000000e+00,0,1.000000000e+00,1.323886640e+00,2125380752,main,fall,1.661000000e+00,4.447242352e-02,3.000056836e-02,2.001666920e-03,,false,0,5.083094376e+01,/mnt/pd/tema1/new/results/ml_samples/N1_sw0.30_x+0_i0158.h5
1,50,3.000000000e-01,1.000000000e+00,0,1.000000000e+00,1.323886640e+00,1676059953,main,rise,1.022100000e+01,3.984183643e-02,2.287078870e-02,1.928245347e-03,,false,0,2.824638240e+02,/mnt/pd/tema1/new/results/ml_samples/N1_sw0.30_x+0_i0114.h5
1,50,3.000000000e-01,1.000000000e+00,0,1.000000000e+00,1.323886640e+00,1379684094,main,fall,4.031000000e+00,3.989018714e-02,4.134372054e-02,2.312303477e-03,,false,0,1.183833506e+02,/mnt/pd/tema1/new/results/ml_samples/N1_sw0.30_x+0_i0148.h5
1,50,3.000000000e-01,1.000000000e+00,0,1.000000000e+00,1.323886640e+00,2081126460,main,fall,1.747100000e+01,4.647366554e-02,2.490253796e-02,2.448124316e-03,,false,0,4.803194705e+02,/mnt/pd/tema1/new/results/ml_samples/N1_sw0.30_x+0_i0072.h5
1,50,3.000000000e-01,1.000000000e+00,0,1.000000000e+00,1.323886640e+00,871670763,main,rise,2.588100000e+01,4.646562863e-02,3.387855808e-02,2.257433495e-03,,false,0,7.253506936e+02,/mnt/pd/tema1/new/results/ml_samples/N1_sw0.30_x+0_i0016.h5
1,50,3.000000000e-01,1.000000000e+00,0,1.000000000e+00,1.323886640e+00,570009523,main,fall,1.196100000e+01,3.581551220e-02,3.119901685e-02,2.023410265e-03,,false,0,3.330958035e+02,/mnt/pd/tema1/new/results/ml_samples/N1_sw0.30_x+0_i0118.h5
1,50,3.000000000e-01,1.000000000e+00,0,1.000000000e+00,1.323886640e+00,336511177,main,fall,1.017100000e+01,4.346233708e-02,3.324617509e-02,1.892486855e-03,,false,0,2.951349107e+02,/mnt/pd/tema1/new/results/ml_samples/N1_sw0.30_x+0_i0122.h5
1,50,3.000000000e-01,1.000000000e+00,0,1.000000000e+00,1.323886640e+00,1988857192,main,fall,3.301000000e+00,5.301377599e-02,3.617957250e-02,2.606482621e-03,,false,0,9.477633963e+01,/mnt/pd/tema1/new/results/ml_samples/N1_sw0.30_x+0_i0170.h5
1,50,3.000000000e-01,1.000000000e+00,0,1.000000000e+00,1.323886640e+00,1870161442,main,rise,1.800100000e+01,4.420953793e-02,3.092223074e-02,2.377374270e-03,,false,0,5.045450435e+02,/mnt/pd/tema1/new/results/ml_samples/N1_sw0.30_x+0_i0092.h5
1,50,3.000000000e-01,1.000000000e+00,0,1.000000000e+00,1.323886640e+00,1058684065,main,fall,1.115100000e+01,3.941651062e-02,2.740217962e-02,2.721999112e-03,,false,0,3.150251170e+02,/mnt/pd/tema1/new/results/ml_samples/N1_sw0.30_x+0_i0126.h5
1,50,3.000000000e-01,1.000000000e+00,0,1.000000000e+00,1.323886640e+00,634956338,main,fall,8.741000000e+00,4.272942839e-02,3.425282065e-02,2.107209651e-03,,false,0,2.426779892e+02,/mnt/pd/tema1/new/results/ml_samples/N1_sw0.30_x+0_i0146.h5
1,50,3.000000000e-01,1.000000000e+00,0,1.000000000e+00,1.323886640e+00,1091346855,main,fall,4.951000000e+00,4.760136965e-02,2.330612515e-02,2.804717252e-03,,false,0,1.394701734e+02,/mnt/pd/tema1/new/results/ml_samples/N1_sw0.30_x+0_i0168.h5
1,50,3.000000000e-01,1.000000000e+00,0,1.000000000e+00,1.323886640e+00,1246342347,main,fall,3.055100000e+01,3.608623867e-02,2.191481810e-02,2.201409836e-03,,false,0,8.318767991e+02,/mnt/pd/tema1/new/results/ml_samples/N1_sw0.30_x+0_i0004.h5
1,50,3.000000000e-01,1.000000000e+00,0,1.000000000e+00,1.323886640e+00,1792503869,main,fall,1.022100000e+01,3.770949812e-02,2.266980488e-02,1.687836996e-03,,false,0,2.843255683e+02,/mnt/pd/tema1/new/results/ml_samples/N1_sw0.30_x+0_i0140.h5
1,50,3.000000000e-01,1.000000000e+00,0,1.000000000e+00,1.323886640e+00,1743802672,main,fall,1.211000000e+00,8.815660209e-02,4.923666916e-02,1.941709072e-03,,false,0,4.288081339e+01,/mnt/pd/tema1/new/results/ml_samples/N1_sw0.30_x+0_i0184.h5
1,50,3.000000000e-01,1.000000000e+00,0,1.000000000e+00,1.323886640e+00,1412598348,main,fall,2.622100000e+01,4.161557896e-02,2.388828089e-02,2.077429070e-03,,false,0,7.381295697e+02,/mnt/pd/tema1/new/results/ml_samples/N1_sw0.30_x+0_i0046.h5
1,50,3.000000000e-01,1.000000000e+00,0,1.000000000e+00,1.323886640e+00,196129344,main,fall,9.841000000e+00,3.286851066e-02,2.420943585e-02,1.677645626e-03,,false,0,2.763470053e+02,/mnt/pd/tema1/new/results/ml_samples/N1_sw0.30_x+0_i0154.h5
1,50,3.000000000e-01,1.000000000e+00,0,1.000000000e+00,1.323886640e+00,234065958,main,rise,5.951000000e+00,6.944769940e-02,2.734024979e-02,2.274525846e-03,,false,0,1.683539885e+02,/mnt/pd/tema1/new/results/ml_samples/N1_sw0.30_x+0_i0176.h5
1,50,3.000000000e-01,1.000000000e+00,0,1.000000000e+00,1.323886640e+00,1442691931,main,fall,4.801000000e+00,3.778410164e-02,2.442737664e-02,2.313086385e-03,,false,0,1.357873109e+02,/mnt/pd/tema1/new/results/ml_samples/N1_sw0.30_x+0_i0178.h5
1,50,3.000000000e-01,1.000000000e+00,0,1.000000000e+00,1.323886640e+00,309580339,main,fall,7.711000000e+00,4.153190313e-02,2.396225402e-02,2.641238821e-03,,false,0,2.156665561e+02,/mnt/pd/tema1/new/results/ml_samples/N1_sw0.30_x+0_i0166.h5
1,50,3.000000000e-01,1.000000000e+00,0,1.000000000e+00,1.323886640e+00,846977220,main,fall,2.861100000e+01,4.408064087e-02,3.141693176e-02,2.248187650e-03,,false,0,8.099985428e+02,/mnt/pd/tema1/new/results/ml_samples/N1_sw0.30_x+0_i0030.h5
1,50,3.000000000e-01,1.000000000e+00,0,1.000000000e+00,1.323886640e+00,737906175,main,rise,1.214100000e+01,3.715127544e-02,2.626397737e-02,2.141615553e-03,,false,0,3.557400758e+02,/mnt/pd/tema1/new/results/ml_samples/N1_sw0.30_x+0_i0144.h5
1,50,3.000000000e-01,1.000000000e+00,0,1.000000000e+00,1.323886640e+00,1444561914,main,fall,7.881000000e+00,4.336299387e-02,2.307587522e-02,1.754041975e-03,,false,0,2.235571115e+02,/mnt/pd/tema1/new/results/ml_samples/N1_sw0.30_x+0_i0174.h5
1,50,3.000000000e-01,1.000000000e+00,1,1.069117145e+00,1.415389904e+00,1458351200,main,fall,1.421000000e+00,5.443420066e-02,4.580908847e-02,2.598192962e-03,,false,0,4.469671719e+01,/mnt/pd/tema1/new/results/ml_samples/N1_sw0.30_x+1_i0008.h5
1,50,3.000000000e-01,1.000000000e+00,0,1.000000000e+00,1.323886640e+00,605174355,main,fall,2.455100000e+01,4.403103966e-02,2.893946177e-02,2.520447097e-03,,false,0,7.070365589e+02,/mnt/pd/tema1/new/results/ml_samples/N1_sw0.30_x+0_i0074.h5
1,50,3.000000000e-01,1.000000000e+00,0,1.000000000e+00,1.323886640e+00,86364574,main,rise,4.301000000e+00,7.187690121e-02,4.120441700e-02,2.859755942e-03,,false,0,1.250659707e+02,/mnt/pd/tema1/new/results/ml_samples/N1_sw0.30_x+0_i0196.h5
1,50,3.000000000e-01,1.000000000e+00,0,1.000000000e+00,1.323886640e+00,102045021,main,rise,1.097100000e+01,4.685564172e-02,4.166266102e-02,1.845475725e-03,,false,0,3.088640909e+02,/mnt/pd/tema1/new/results/ml_samples/N1_sw0.30_x+0_i0160.h5
1,50,3.000000000e-01,1.000000000e+00,0,1.000000000e+00,1.323886640e+00,1573409374,main,fall,1.097100000e+01,4.025685372e-02,2.905475822e-02,2.079433791e-03,,false,0,3.049890655e+02,/mnt/pd/tema1/new/results/ml_samples/N1_sw0.30_x+0_i0162.h5
1,50,3.000000000e-01,1.000000000e+00,0,1.000000000e+00,1.323886640e+00,232774570,main,fall,5.411000000e+00,5.136542859e-02,3.477582974e-02,2.347678283e-03,,false,0,1.641099060e+02,/mnt/pd/tema1/new/results/ml_samples/N1_sw0.30_x+0_i0188.h5
1,50,3.000000000e-01,1.000000000e+00,1,1.069117145e+00,1.415389904e+00,1866348947,main,rise,3.271000000e+00,4.317069332e-02,3.197398573e-02,1.566490983e-03,,false,0,9.656133387e+01,/mnt/pd/tema1/new/results/ml_samples/N1_sw0.30_x+1_i0000.h5
1,50,3.000000000e-01,1.000000000e+00,0,1.000000000e+00,1.323886640e+00,2069190184,main,fall,5.451000000e+00,4.442458584e-02,2.850909406e-02,2.301061647e-03,,false,0,1.550472087e+02,/mnt/pd/tema1/new/results/ml_samples/N1_sw0.30_x+0_i0194.h5
1,50,3.000000000e-01,1.000000000e+00,0,1.000000000e+00,1.323886640e+00,927102743,main,fall,2.760100000e+01,3.433987679e-02,1.996953754e-02,2.125424271e-03,,false,0,7.776567573e+02,/mnt/pd/tema1/new/results/ml_samples/N1_sw0.30_x+0_i0070.h5
1,50,3.000000000e-01,1.000000000e+00,-1,9.308828552e-01,1.232383375e+00,1368927328,main,rise,3.839100000e+01,4.421917040e-02,2.411378099e-02,2.276915285e-03,,false,0,1.091801997e+03,/mnt/pd/tema1/new/results/ml_samples/N1_sw0.30_x-1_i0182.h5
1,50,3.000000000e-01,1.000000000e+00,0,1.000000000e+00,1.323886640e+00,1003207097,main,rise,7.901000000e+00,4.543731881e-02,3.145195754e-02,1.982456460e-03,,false,0,2.215510786e+02,/mnt/pd/tema1/new/results/ml_samples/N1_sw0.30_x+0_i0190.h5
1,50,3.000000000e-01,1.000000000e+00,0,1.000000000e+00,1.323886640e+00,619667496,main,rise,2.208100000e+01,4.170296884e-02,2.110122387e-02,1.904587546e-03,,false,0,6.155262310e+02,/mnt/pd/tema1/new/results/ml_samples/N1_sw0.30_x+0_i0116.h5
1,50,3.000000000e-01,1.000000000e+00,1,1.069117145e+00,1.415389904e+00,928803656,main,rise,2.771000000e+00,5.760353110e-02,2.630062095e-02,2.173039816e-03,,false,0,8.428372506e+01,/mnt/pd/tema1/new/results/ml_samples/N1_sw0.30_x+1_i0024.h5
1,50,3.000000000e-01,1.000000000e+00,0,1.000000000e+00,1.323886640e+00,1027225037,main,fall,2.620100000e+01,3.662784722e-02,2.036095801e-02,2.136529200e-03,,false,0,7.126745067e+02,/mnt/pd/tema1/new/results/ml_samples/N1_sw0.30_x+0_i0100.h5
1,50,3.000000000e-01,1.000000000e+00,0,1.000000000e+00,1.323886640e+00,576502347,main,fall,1.287100000e+01,4.675134110e-02,2.829846041e-02,2.690147170e-03,,false,0,3.552915698e+02,/mnt/pd/tema1/new/results/ml_samples/N1_sw0.30_x+0_i0172.h5
1,50,3.000000000e-01,1.000000000e+00,1,1.069117145e+00,1.415389904e+00,1262245913,main,rise,2.921000000e+00,5.489099200e-02,4.754472935e-02,2.183741530e-03,,false,0,9.229382238e+01,/mnt/pd/tema1/new/results/ml_samples/N1_sw0.30_x+1_i0030.h5
1,50,3.000000000e-01,1.000000000e+00,1,1.069117145e+00,1.415389904e+00,1552107153,main,fall,6.121000000e+00,4.113446851e-02,1.643912291e-02,2.307722386e-03,,false,0,1.709844047e+02,/mnt/pd/tema1/new/results/ml_samples/N1_sw0.30_x+1_i0012.h5
1,50,3.000000000e-01,1.000000000e+00,1,1.069117145e+00,1.415389904e+00,907899274,main,rise,4.061000000e+00,6.992824886e-02,4.726578647e-02,2.569519734e-03,,false,0,1.217088395e+02,/mnt/pd/tema1/new/results/ml_samples/N1_sw0.30_x+1_i0022.h5
1,50,3.000000000e-01,1.000000000e+00,1,1.069117145e+00,1.415389904e+00,548522588,main,fall,4.701000000e+00,4.785484865e-02,3.204247662e-02,2.054786982e-03,,false,0,1.328674426e+02,/mnt/pd/tema1/new/results/ml_samples/N1_sw0.30_x+1_i0020.h5
1,50,3.000000000e-01,1.000000000e+00,1,1.069117145e+00,1.415389904e+00,586332402,main,rise,7.311000000e+00,6.628459255e-02,2.803054431e-02,2.887385576e-03,,false,0,2.053342228e+02,/mnt/pd/tema1/new/results/ml_samples/N1_sw0.30_x+1_i0010.h5
1,50,3.000000000e-01,1.000000000e+00,1,1.069117145e+00,1.415389904e+00,763005388,main,rise,4.561000000e+00,6.132562029e-02,3.344414308e-02,1.925320922e-03,,false,0,1.334870308e+02,/mnt/pd/tema1/new/results/ml_samples/N1_sw0.30_x+1_i0026.h5
1,50,3.000000000e-01,1.000000000e+00,0,1.000000000e+00,1.323886640e+00,1669563422,main,fall,9.731000000e+00,3.999412795e-02,3.004859905e-02,2.098713733e-03,,false,0,2.815800380e+02,/mnt/pd/tema1/new/results/ml_samples/N1_sw0.30_x+0_i0192.h5
1,50,3.000000000e-01,1.000000000e+00,1,1.069117145e+00,1.415389904e+00,892879409,main,rise,8.481000000e+00,4.505702052e-02,3.522712232e-02,2.045892676e-03,,false,0,2.378448348e+02,/mnt/pd/tema1/new/results/ml_samples/N1_sw0.30_x+1_i0002.h5
1,50,3.000000000e-01,1.000000000e+00,1,1.069117145e+00,1.415389904e+00,1173797413,main,fall,2.171000000e+00,6.086191162e-02,4.520738089e-02,2.375497634e-03,,false,0,6.659286965e+01,/mnt/pd/tema1/new/results/ml_samples/N1_sw0.30_x+1_i0042.h5
1,50,3.000000000e-01,1.000000000e+00,1,1.069117145e+00,1.415389904e+00,2074848962,main,rise,8.811000000e+00,5.683451653e-02,2.768578125e-02,2.366921990e-03,,false,0,2.460755178e+02,/mnt/pd/tema1/new/results/ml_samples/N1_sw0.30_x+1_i0004.h5
1,50,3.000000000e-01,1.000000000e+00,1,1.069117145e+00,1.415389904e+00,460017431,main,rise,7.741000000e+00,5.540925717e-02,3.161427533e-02,2.215693933e-03,,false,0,2.164102307e+02,/mnt/pd/tema1/new/results/ml_samples/N1_sw0.30_x+1_i0016.h5
1,50,3.000000000e-01,1.000000000e+00,0,1.000000000e+00,1.323886640e+00,1208573006,main,rise,1.797100000e+01,5.051469073e-02,2.820908796e-02,2.426591706e-03,,false,0,4.973147616e+02,/mnt/pd/tema1/new/results/ml_samples/N1_sw0.30_x+0_i0164.h5
1,50,3.000000000e-01,1.000000000e+00,1,1.069117145e+00,1.415389904e+00,37785831,main,rise,4.641000000e+00,4.831981726e-02,2.828984596e-02,1.882023098e-03,,false,0,1.313895719e+02,/mnt/pd/tema1/new/results/ml_samples/N1_sw0.30_x+1_i0040.h5
1,50,3.000000000e-01,1.000000000e+00,1,1.069117145e+00,1.415389904e+00,691443457,main,rise,7.201000000e+00,4.322037081e-02,2.555417360e-02,1.616205453e-03,,false,0,2.049793954e+02,/mnt/pd/tema1/new/results/ml_samples/N1_sw0.30_x+1_i0028.h5
1,50,3.000000000e-01,1.000000000e+00,0,1.000000000e+00,1.323886640e+00,931159869,main,rise,1.406100000e+01,4.721567430e-02,3.018117950e-02,1.851864935e-03,,false,0,3.882244584e+02,/mnt/pd/tema1/new/results/ml_samples/N1_sw0.30_x+0_i0186.h5
1,50,3.000000000e-01,1.000000000e+00,0,1.000000000e+00,1.323886640e+00,1738173084,main,fall,1.414100000e+01,4.140821034e-02,2.973574978e-02,2.242090278e-03,,false,0,4.160531798e+02,/mnt/pd/tema1/new/results/ml_samples/N1_sw0.30_x+0_i0182.h5
1,50,3.000000000e-01,1.000000000e+00,1,1.069117145e+00,1.415389904e+00,47314967,main,rise,5.441000000e+00,5.720564063e-02,3.133695229e-02,2.444344597e-03,,false,0,1.592537171e+02,/mnt/pd/tema1/new/results/ml_samples/N1_sw0.30_x+1_i0038.h5
1,50,3.000000000e-01,1.000000000e+00,1,1.069117145e+00,1.415389904e+00,1548383683,main,rise,5.811000000e+00,5.444636143e-02,2.667051093e-02,1.996280501e-03,,false,0,1.629617809e+02,/mnt/pd/tema1/new/results/ml_samples/N1_sw0.30_x+1_i0036.h5
1,50,3.000000000e-01,1.000000000e+00,1,1.069117145e+00,1.415389904e+00,1694858906,main,rise,3.611000000e+00,7.160836524e-02,4.088873897e-02,2.226054065e-03,,false,0,1.072504359e+02,/mnt/pd/tema1/new/results/ml_samples/N1_sw0.30_x+1_i0058.h5
1,50,3.000000000e-01,1.000000000e+00,1,1.069117145e+00,1.415389904e+00,1353716584,main,rise,4.701000000e+00,5.690607187e-02,3.443258031e-02,2.436434876e-03,,false,0,1.331927550e+02,/mnt/pd/tema1/new/results/ml_samples/N1_sw0.30_x+1_i0050.h5
1,50,3.000000000e-01,1.000000000e+00,1,1.069117145e+00,1.415389904e+00,1114979933,main,rise,9.791000000e+00,5.043484381e-02,2.818657393e-02,1.995499258e-03,,false,0,2.712673240e+02,/mnt/pd/tema1/new/results/ml_samples/N1_sw0.30_x+1_i0018.h5
1,50,3.000000000e-01,1.000000000e+00,0,1.000000000e+00,1.323886640e+00,1654746069,main,rise,1.634100000e+01,4.599107671e-02,2.630915008e-02,2.737311141e-03,,false,0,4.481471186e+02,/mnt/pd/tema1/new/results/ml_samples/N1_sw0.30_x+0_i0180.h5
1,50,3.000000000e-01,1.000000000e+00,1,1.069117145e+00,1.415389904e+00,218467364,main,rise,7.141000000e+00,4.747985792e-02,3.035867148e-02,2.250315043e-03,,false,0,1.989890011e+02,/mnt/pd/tema1/new/results/ml_samples/N1_sw0.30_x+1_i0034.h5
1,50,3.000000000e-01,1.000000000e+00,1,1.069117145e+00,1.415389904e+00,686900536,main,rise,5.351000000e+00,5.567785252e-02,3.714902672e-02,2.349082269e-03,,false,0,1.501748953e+02,/mnt/pd/tema1/new/results/ml_samples/N1_sw0.30_x+1_i0054.h5
1,50,3.000000000e-01,1.000000000e+00,1,1.069117145e+00,1.415389904e+00,1755427417,main,fall,5.171000000e+00,4.513976857e-02,4.260323907e-02,1.691217652e-03,,false,0,1.533701024e+02,/mnt/pd/tema1/new/results/ml_samples/N1_sw0.30_x+1_i0056.h5
1,50,3.000000000e-01,1.000000000e+00,1,1.069117145e+00,1.415389904e+00,1529107042,main,rise,4.701000000e+00,5.598762633e-02,4.075687686e-02,1.915056590e-03,,false,0,1.366973250e+02,/mnt/pd/tema1/new/results/ml_samples/N1_sw0.30_x+1_i0064.h5
1,50,3.000000000e-01,1.000000000e+00,1,1.069117145e+00,1.415389904e+00,722245159,main,fall,2.041000000e+00,5.696222014e-02,6.036105656e-02,2.689917208e-03,,false,0,6.340533694e+01,/mnt/pd/tema1/new/results/ml_samples/N1_sw0.30_x+1_i0088.h5
1,50,3.000000000e-01,1.000000000e+00,1,1.069117145e+00,1.415389904e+00,1824240885,main,rise,3.371000000e+00,5.827504647e-02,3.637999326e-02,2.300241528e-03,,false,0,1.009460826e+02,/mnt/pd/tema1/new/results/ml_samples/N1_sw0.30_x+1_i0074.h5
1,50,3.000000000e-01,1.000000000e+00,1,1.069117145e+00,1.415389904e+00,634689564,main,rise,7.381000000e+00,4.749522655e-02,3.317191074e-02,1.576645300e-03,,false,0,2.091352947e+02,/mnt/pd/tema1/new/results/ml_samples/N1_sw0.30_x+1_i0052.h5
1,50,3.000000000e-01,1.000000000e+00,0,1.000000000e+00,1.323886640e+00,1369829837,main,fall,2.523100000e+01,3.633090649e-02,2.164087020e-02,1.839676689e-03,,false,0,6.926829747e+02,/mnt/pd/tema1/new/results/ml_samples/N1_sw0.30_x+0_i0152.h5
1,50,3.000000000e-01,1.000000000e+00,1,1.069117145e+00,1.415389904e+00,385923130,main,rise,3.381000000e+00,4.934024554e-02,3.734692665e-02,2.145942166e-03,,false,0,9.851745153e+01,/mnt/pd/tema1/new/results/ml_samples/N1_sw0.30_x+1_i0080.h5
1,50,3.000000000e-01,1.000000000e+00,0,1.000000000e+00,1.323886640e+00,927532959,main,rise,2.915100000e+01,4.075762667e-02,2.230196664e-02,2.063942900e-03,,false,0,8.050793505e+02,/mnt/pd/tema1/new/results/ml_samples/N1_sw0.30_x+0_i0130.h5
1,50,3.000000000e-01,1.000000000e+00,1,1.069117145e+00,1.415389904e+00,1980588132,main,rise,1.083100000e+01,4.724708224e-02,2.365851517e-02,1.943595404e-03,,false,0,3.024894194e+02,/mnt/pd/tema1/new/results/ml_samples/N1_sw0.30_x+1_i0032.h5
1,50,3.000000000e-01,1.000000000e+00,1,1.069117145e+00,1.415389904e+00,966648243,main,fall,8.901000000e+00,4.430568089e-02,2.549400180e-02,2.275686582e-03,,false,0,2.469328417e+02,/mnt/pd/tema1/new/results/ml_samples/N1_sw0.30_x+1_i0046.h5
1,50,3.000000000e-01,1.000000000e+00,1,1.069117145e+00,1.415389904e+00,505713452,main,rise,1.025100000e+01,4.216755506e-02,2.725096627e-02,2.038473340e-03,,false,0,2.865632414e+02,/mnt/pd/tema1/new/results/ml_samples/N1_sw0.30_x+1_i0044.h5
1,50,3.000000000e-01,1.000000000e+00,1,1.069117145e+00,1.415389904e+00,1516593113,main,rise,5.911000000e+00,6.375847893e-02,4.190360268e-02,2.420645115e-03,,false,0,1.701600013e+02,/mnt/pd/tema1/new/results/ml_samples/N1_sw0.30_x+1_i0072.h5
1,50,3.000000000e-01,1.000000000e+00,1,1.069117145e+00,1.415389904e+00,2137194340,main,rise,4.971000000e+00,5.513801889e-02,3.531725293e-02,2.187349118e-03,,false,0,1.427234364e+02,/mnt/pd/tema1/new/results/ml_samples/N1_sw0.30_x+1_i0082.h5
1,50,3.000000000e-01,1.000000000e+00,1,1.069117145e+00,1.415389904e+00,467953268,main,fall,6.201000000e+00,4.685894684e-02,3.972429204e-02,1.892202451e-03,,false,0,1.781996075e+02,/mnt/pd/tema1/new/results/ml_samples/N1_sw0.30_x+1_i0070.h5
1,50,3.000000000e-01,1.000000000e+00,1,1.069117145e+00,1.415389904e+00,1482911277,main,rise,9.841000000e+00,4.759315952e-02,3.822452752e-02,1.600575105e-03,,false,0,2.836589348e+02,/mnt/pd/tema1/new/results/ml_samples/N1_sw0.30_x+1_i0048.h5
1,50,3.000000000e-01,1.000000000e+00,1,1.069117145e+00,1.415389904e+00,2014754021,main,fall,4.771000000e+00,4.968617836e-02,3.140736669e-02,2.543410520e-03,,false,0,1.353570882e+02,/mnt/pd/tema1/new/results/ml_samples/N1_sw0.30_x+1_i0090.h5
1,50,3.000000000e-01,1.000000000e+00,1,1.069117145e+00,1.415389904e+00,579308302,main,rise,4.401000000e+00,7.174968822e-02,4.611296239e-02,2.189243083e-03,,false,0,1.457487931e+02,/mnt/pd/tema1/new/results/ml_samples/N1_sw0.30_x+1_i0084.h5
1,50,3.000000000e-01,1.000000000e+00,1,1.069117145e+00,1.415389904e+00,321865497,main,fall,2.581000000e+00,3.724965782e-02,5.282025441e-02,1.837575589e-03,,false,0,7.729598509e+01,/mnt/pd/tema1/new/results/ml_samples/N1_sw0.30_x+1_i0102.h5
1,50,3.000000000e-01,1.000000000e+00,1,1.069117145e+00,1.415389904e+00,331907932,main,rise,8.821000000e+00,5.310709382e-02,3.397343001e-02,2.202090197e-03,,false,0,2.570414146e+02,/mnt/pd/tema1/new/results/ml_samples/N1_sw0.30_x+1_i0060.h5
1,50,3.000000000e-01,1.000000000e+00,1,1.069117145e+00,1.415389904e+00,1932444703,main,rise,3.701000000e+00,6.494606207e-02,2.489142653e-02,2.138268871e-03,,false,0,1.131507064e+02,/mnt/pd/tema1/new/results/ml_samples/N1_sw0.30_x+1_i0096.h5
1,50,3.000000000e-01,1.000000000e+00,1,1.069117145e+00,1.415389904e+00,1434611609,main,rise,7.091000000e+00,5.224524210e-02,2.321743099e-02,2.018318980e-03,,false,0,2.003523988e+02,/mnt/pd/tema1/new/results/ml_samples/N1_sw0.30_x+1_i0076.h5
1,50,3.000000000e-01,1.000000000e+00,1,1.069117145e+00,1.415389904e+00,1460727992,main,rise,7.811000000e+00,3.994806656e-02,3.387334854e-02,1.587171783e-03,,false,0,2.204582815e+02,/mnt/pd/tema1/new/results/ml_samples/N1_sw0.30_x+1_i0068.h5
1,50,3.000000000e-01,1.000000000e+00,1,1.069117145e+00,1.415389904e+00,1526779834,main,rise,3.101000000e+00,4.837461249e-02,2.837080705e-02,1.759908901e-03,,false,0,9.153882910e+01,/mnt/pd/tema1/new/results/ml_samples/N1_sw0.30_x+1_i0108.h5
1,50,3.000000000e-01,1.000000000e+00,0,1.000000000e+00,1.323886640e+00,1185027961,main,rise,5.057100000e+01,4.296701519e-02,2.046781980e-02,2.210188897e-03,,false,0,1.413484672e+03,/mnt/pd/tema1/new/results/ml_samples/N1_sw0.30_x+0_i0000.h5
1,50,3.000000000e-01,1.000000000e+00,1,1.069117145e+00,1.415389904e+00,1746308699,main,fall,4.331000000e+00,3.596188960e-02,3.241549881e-02,2.099563274e-03,,false,0,1.226157372e+02,/mnt/pd/tema1/new/results/ml_samples/N1_sw0.30_x+1_i0098.h5
1,50,3.000000000e-01,1.000000000e+00,1,1.069117145e+00,1.415389904e+00,263243841,main,fall,1.971000000e+00,5.857227064e-02,4.826207797e-02,3.036915213e-03,,false,0,5.996786939e+01,/mnt/pd/tema1/new/results/ml_samples/N1_sw0.30_x+1_i0124.h5
1,50,3.000000000e-01,1.000000000e+00,1,1.069117145e+00,1.415389904e+00,592129029,main,rise,4.851000000e+00,5.994266449e-02,3.467681126e-02,2.322697305e-03,,false,0,1.378975646e+02,/mnt/pd/tema1/new/results/ml_samples/N1_sw0.30_x+1_i0104.h5
1,50,3.000000000e-01,1.000000000e+00,0,1.000000000e+00,1.323886640e+00,2087870618,main,rise,3.826100000e+01,5.098282122e-02,3.037796868e-02,2.652176258e-03,,false,0,1.063225913e+03,/mnt/pd/tema1/new/results/ml_samples/N1_sw0.30_x+0_i0106.h5
1,50,3.000000000e-01,1.000000000e+00,1,1.069117145e+00,1.415389904e+00,983945501,main,fall,8.741000000e+00,5.055236634e-02,3.078141329e-02,2.511999624e-03,,false,0,2.510130727e+02,/mnt/pd/tema1/new/results/ml_samples/N1_sw0.30_x+1_i0078.h5
1,50,3.000000000e-01,1.000000000e+00,0,1.000000000e+00,1.323886640e+00,314471933,main,rise,2.249100000e+01,4.729089344e-02,2.436723060e-02,2.333874688e-03,,false,0,6.145177572e+02,/mnt/pd/tema1/new/results/ml_samples/N1_sw0.30_x+0_i0198.h5
1,50,3.000000000e-01,1.000000000e+00,1,1.069117145e+00,1.415389904e+00,1937998850,main,rise,6.961000000e+00,4.993604069e-02,3.728145671e-02,2.080809366e-03,,false,0,1.956409650e+02,/mnt/pd/tema1/new/results/ml_samples/N1_sw0.30_x+1_i0094.h5
1,50,3.000000000e-01,1.000000000e+00,1,1.069117145e+00,1.415389904e+00,1970909165,main,rise,1.877100000e+01,4.286428738e-02,2.624393651e-02,1.907082626e-03,,false,0,5.645973176e+02,/mnt/pd/tema1/new/results/ml_samples/N1_sw0.30_x+1_i0006.h5
1,50,3.000000000e-01,1.000000000e+00,1,1.069117145e+00,1.415389904e+00,2144089479,main,rise,4.721000000e+00,6.247054425e-02,3.728569800e-02,2.448538357e-03,,false,0,1.424515433e+02,/mnt/pd/tema1/new/results/ml_samples/N1_sw0.30_x+1_i0110.h5
1,50,3.000000000e-01,1.000000000e+00,1,1.069117145e+00,1.415389904e+00,1036466587,main,fall,2.641000000e+00,5.662624620e-02,5.509320689e-02,2.075729105e-03,,false,0,8.076895243e+01,/mnt/pd/tema1/new/results/ml_samples/N1_sw0.30_x+1_i0138.h5
1,50,3.000000000e-01,1.000000000e+00,1,1.069117145e+00,1.415389904e+00,1590912886,main,fall,6.401000000e+00,4.431786099e-02,2.858651886e-02,1.898145732e-03,,false,0,1.799445755e+02,/mnt/pd/tema1/new/results/ml_samples/N1_sw0.30_x+1_i0112.h5
1,50,3.000000000e-01,1.000000000e+00,1,1.069117145e+00,1.415389904e+00,2090770903,main,rise,2.881000000e+00,6.675272524e-02,2.712321249e-02,2.233219421e-03,,false,0,8.549511595e+01,/mnt/pd/tema1/new/results/ml_samples/N1_sw0.30_x+1_i0146.h5
1,50,3.000000000e-01,1.000000000e+00,1,1.069117145e+00,1.415389904e+00,1222774252,main,rise,4.491000000e+00,6.234553549e-02,3.978505756e-02,1.909291675e-03,,false,0,1.300753032e+02,/mnt/pd/tema1/new/results/ml_samples/N1_sw0.30_x+1_i0136.h5
1,50,3.000000000e-01,1.000000000e+00,1,1.069117145e+00,1.415389904e+00,242806502,main,fall,1.353100000e+01,3.437110035e-02,1.809100338e-02,2.037784844e-03,,false,0,3.720678390e+02,/mnt/pd/tema1/new/results/ml_samples/N1_sw0.30_x+1_i0066.h5
1,50,3.000000000e-01,1.000000000e+00,1,1.069117145e+00,1.415389904e+00,1434974087,main,rise,2.631000000e+00,8.552778983e-02,4.829355834e-02,2.569115444e-03,,false,0,7.785065546e+01,/mnt/pd/tema1/new/results/ml_samples/N1_sw0.30_x+1_i0154.h5
1,50,3.000000000e-01,1.000000000e+00,1,1.069117145e+00,1.415389904e+00,2017383149,main,rise,9.581000000e+00,5.247683374e-02,3.373492258e-02,2.460088775e-03,,false,0,2.894371817e+02,/mnt/pd/tema1/new/results/ml_samples/N1_sw0.30_x+1_i0092.h5
1,50,3.000000000e-01,1.000000000e+00,1,1.069117145e+00,1.415389904e+00,329241378,main,rise,1.537100000e+01,4.323054451e-02,2.427825718e-02,1.909031512e-03,,false,0,4.213211624e+02,/mnt/pd/tema1/new/results/ml_samples/N1_sw0.30_x+1_i0062.h5
1,50,3.000000000e-01,1.000000000e+00,1,1.069117145e+00,1.415389904e+00,1611440222,main,rise,7.131000000e+00,4.528487566e-02,3.292081208e-02,1.933819808e-03,,false,0,1.993838734e+02,/mnt/pd/tema1/new/results/ml_samples/N1_sw0.30_x+1_i0120.h5
1,50,3.000000000e-01,1.000000000e+00,1,1.069117145e+00,1.415389904e+00,1915662290,main,fall,5.811000000e+00,5.264225720e-02,4.166658382e-02,2.822515833e-03,,false,0,1.746253013e+02,/mnt/pd/tema1/new/results/ml_samples/N1_sw0.30_x+1_i0132.h5
1,50,3.000000000e-01,1.000000000e+00,1,1.069117145e+00,1.415389904e+00,466300976,main,fall,8.341000000e+00,4.851515632e-02,2.837138305e-02,1.928792116e-03,,false,0,2.672603846e+02,/mnt/pd/tema1/new/results/ml_samples/N1_sw0.30_x+1_i0106.h5
1,50,3.000000000e-01,1.000000000e+00,1,1.069117145e+00,1.415389904e+00,1683609050,main,rise,3.631000000e+00,5.331843384e-02,2.284874077e-02,2.044949919e-03,,false,0,1.080093484e+02,/mnt/pd/tema1/new/results/ml_samples/N1_sw0.30_x+1_i0158.h5
1,50,3.000000000e-01,1.000000000e+00,1,1.069117145e+00,1.415389904e+00,1555507689,main,rise,7.971000000e+00,4.816925241e-02,2.475056389e-02,2.494338115e-03,,false,0,2.220994123e+02,/mnt/pd/tema1/new/results/ml_samples/N1_sw0.30_x+1_i0116.h5
1,50,3.000000000e-01,1.000000000e+00,1,1.069117145e+00,1.415389904e+00,215426668,main,rise,8.071000000e+00,4.209486723e-02,3.318571908e-02,2.174321120e-03,,false,0,2.246257815e+02,/mnt/pd/tema1/new/results/ml_samples/N1_sw0.30_x+1_i0130.h5
1,50,3.000000000e-01,1.000000000e+00,1,1.069117145e+00,1.415389904e+00,1179400812,main,rise,8.931000000e+00,4.921067921e-02,2.473049510e-02,2.614280587e-03,,false,0,2.469062794e+02,/mnt/pd/tema1/new/results/ml_samples/N1_sw0.30_x+1_i0122.h5
1,50,3.000000000e-01,1.000000000e+00,1,1.069117145e+00,1.415389904e+00,1399905395,main,rise,3.141000000e+00,8.408271732e-02,3.677534083e-02,2.920717401e-03,,false,0,9.704189540e+01,/mnt/pd/tema1/new/results/ml_samples/N1_sw0.30_x+1_i0164.h5
1,50,3.000000000e-01,1.000000000e+00,1,1.069117145e+00,1.415389904e+00,420962156,main,rise,2.581000000e+00,5.182362796e-02,3.562149176e-02,1.861996634e-03,,false,0,7.657015087e+01,/mnt/pd/tema1/new/results/ml_samples/N1_sw0.30_x+1_i0174.h5
1,50,3.000000000e-01,1.000000000e+00,1,1.069117145e+00,1.415389904e+00,259171850,main,fall,9.831000000e+00,4.400118349e-02,2.273554811e-02,1.832701158e-03,,false,0,2.768764435e+02,/mnt/pd/tema1/new/results/ml_samples/N1_sw0.30_x+1_i0126.h5
1,50,3.000000000e-01,1.000000000e+00,1,1.069117145e+00,1.415389904e+00,1551897338,main,rise,4.151000000e+00,7.096484467e-02,3.975401985e-02,2.710807735e-03,,false,0,1.175128715e+02,/mnt/pd/tema1/new/results/ml_samples/N1_sw0.30_x+1_i0172.h5
1,50,3.000000000e-01,1.000000000e+00,1,1.069117145e+00,1.415389904e+00,1858042803,main,fall,4.511000000e+00,4.505447396e-02,3.973557692e-02,1.580452111e-03,,false,0,1.301807644e+02,/mnt/pd/tema1/new/results/ml_samples/N1_sw0.30_x+1_i0168.h5
1,50,3.000000000e-01,1.000000000e+00,1,1.069117145e+00,1.415389904e+00,700913779,main,fall,8.810000000e-01,8.912289115e-02,6.900958029e-02,2.031840021e-03,,false,0,3.432304907e+01,/mnt/pd/tema1/new/results/ml_samples/N1_sw0.30_x+1_i0194.h5
1,50,3.000000000e-01,1.000000000e+00,1,1.069117145e+00,1.415389904e+00,627625190,main,rise,7.931000000e+00,3.844339746e-02,3.247519196e-02,2.181335426e-03,,false,0,2.227342469e+02,/mnt/pd/tema1/new/results/ml_samples/N1_sw0.30_x+1_i0150.h5
1,50,3.000000000e-01,1.000000000e+00,1,1.069117145e+00,1.415389904e+00,316938421,main,rise,3.791000000e+00,5.962708940e-02,2.712854028e-02,2.131215938e-03,,false,0,1.109678621e+02,/mnt/pd/tema1/new/results/ml_samples/N1_sw0.30_x+1_i0180.h5
1,50,3.000000000e-01,1.000000000e+00,1,1.069117145e+00,1.415389904e+00,112633649,main,rise,4.241000000e+00,6.421852033e-02,2.888518589e-02,1.977611474e-03,,false,0,1.225278473e+02,/mnt/pd/tema1/new/results/ml_samples/N1_sw0.30_x+1_i0182.h5
1,50,3.000000000e-01,1.000000000e+00,1,1.069117145e+00,1.415389904e+00,645926210,main,rise,1.477100000e+01,5.036636014e-02,2.931910178e-02,2.373273103e-03,,false,0,4.149491094e+02,/mnt/pd/tema1/new/results/ml_samples/N1_sw0.30_x+1_i0100.h5
1,50,3.000000000e-01,1.000000000e+00,1,1.069117145e+00,1.415389904e+00,1781000110,main,fall,5.261000000e+00,4.497853364e-02,2.191745841e-02,1.805099621e-03,,false,0,1.489559514e+02,/mnt/pd/tema1/new/results/ml_samples/N1_sw0.30_x+1_i0184.h5
1,50,3.000000000e-01,1.000000000e+00,1,1.069117145e+00,1.415389904e+00,1396362606,main,fall,1.871000000e+00,7.050575909e-02,7.142871694e-02,1.922833755e-03,,false,0,6.612090106e+01,/mnt/pd/tema1/new/results/ml_samples/N1_sw0.30_x+1_i0196.h5
1,50,3.000000000e-01,1.000000000e+00,1,1.069117145e+00,1.415389904e+00,5189568,main,rise,3.971000000e+00,4.106117410e-02,2.762570145e-02,1.622085678e-03,,false,0,1.133883797e+02,/mnt/pd/tema1/new/results/ml_samples/N1_sw0.30_x+1_i0190.h5
1,50,3.000000000e-01,1.000000000e+00,1,1.069117145e+00,1.415389904e+00,1103287715,main,rise,6.071000000e+00,5.039538825e-02,4.742219457e-02,2.149594466e-03,,false,0,1.977546368e+02,/mnt/pd/tema1/new/results/ml_samples/N1_sw0.30_x+1_i0170.h5
1,50,3.000000000e-01,1.000000000e+00,1,1.069117145e+00,1.415389904e+00,1680491943,main,rise,4.901000000e+00,5.807993994e-02,3.901925604e-02,2.027840290e-03,,false,0,1.440976705e+02,/mnt/pd/tema1/new/results/ml_samples/N1_sw0.30_x+1_i0186.h5
1,50,3.000000000e-01,1.000000000e+00,1,1.069117145e+00,1.415389904e+00,1692914429,main,rise,1.207100000e+01,5.614301483e-02,3.810697698e-02,2.247123280e-03,,false,0,3.596697475e+02,/mnt/pd/tema1/new/results/ml_samples/N1_sw0.30_x+1_i0134.h5
1,50,3.000000000e-01,1.000000000e+00,1,1.069117145e+00,1.415389904e+00,1794330876,main,rise,1.065100000e+01,4.288429877e-02,2.198711759e-02,1.974617978e-03,,false,0,2.923438972e+02,/mnt/pd/tema1/new/results/ml_samples/N1_sw0.30_x+1_i0156.h5
1,50,3.000000000e-01,1.000000000e+00,1,1.069117145e+00,1.415389904e+00,2073333760,main,rise,7.891000000e+00,4.269584377e-02,2.589138032e-02,1.655482216e-03,,false,0,2.276071821e+02,/mnt/pd/tema1/new/results/ml_samples/N1_sw0.30_x+1_i0166.h5
1,50,3.000000000e-01,1.000000000e+00,1,1.069117145e+00,1.415389904e+00,67679703,main,rise,1.125100000e+01,4.466285229e-02,1.856159845e-02,1.647237394e-03,,false,0,3.102462388e+02,/mnt/pd/tema1/new/results/ml_samples/N1_sw0.30_x+1_i0148.h5
1,50,3.000000000e-01,1.000000000e+00,1,1.069117145e+00,1.415389904e+00,546453414,main,rise,7.191000000e+00,5.336407375e-02,2.764452270e-02,2.002618349e-03,,false,0,2.007802526e+02,/mnt/pd/tema1/new/results/ml_samples/N1_sw0.30_x+1_i0176.h5
1,50,3.000000000e-01,1.000000000e+00,1,1.069117145e+00,1.415389904e+00,677573546,main,rise,1.363100000e+01,4.391518148e-02,2.312256810e-02,1.634358932e-03,,false,0,3.735694107e+02,/mnt/pd/tema1/new/results/ml_samples/N1_sw0.30_x+1_i0140.h5
1,50,3.000000000e-01,1.000000000e+00,2,1.138234290e+00,1.506893169e+00,1718551986,main,rise,4.011000000e+00,4.424372473e-02,2.153586587e-02,1.707863801e-03,,false,0,1.138850086e+02,/mnt/pd/tema1/new/results/ml_samples/N1_sw0.30_x+2_i0002.h5
1,50,3.000000000e-01,1.000000000e+00,1,1.069117145e+00,1.415389904e+00,763598819,main,rise,1.459100000e+01,3.833538653e-02,2.396299674e-02,1.897988642e-03,,false,0,4.174540207e+02,/mnt/pd/tema1/new/results/ml_samples/N1_sw0.30_x+1_i0128.h5
1,50,3.000000000e-01,1.000000000e+00,2,1.138234290e+00,1.506893169e+00,1353227597,main,fall,3.401000000e+00,5.964765792e-02,3.637987907e-02,2.474345140e-03,,false,0,1.101280901e+02,/mnt/pd/tema1/new/results/ml_samples/N1_sw0.30_x+2_i0006.h5
1,50,3.000000000e-01,1.000000000e+00,2,1.138234290e+00,1.506893169e+00,790692010,main,fall,1.821000000e+00,3.538632384e-02,3.316524078e-02,2.201258620e-03,,false,0,5.593160691e+01,/mnt/pd/tema1/new/results/ml_samples/N1_sw0.30_x+2_i0018.h5
1,50,3.000000000e-01,1.000000000e+00,2,1.138234290e+00,1.506893169e+00,1045227587,main,rise,3.321000000e+00,5.061611137e-02,4.531106934e-02,1.718658907e-03,,false,0,1.058450268e+02,/mnt/pd/tema1/new/results/ml_samples/N1_sw0.30_x+2_i0008.h5
1,50,3.000000000e-01,1.000000000e+00,2,1.138234290e+00,1.506893169e+00,1953004556,main,rise,3.021000000e+00,6.192836464e-02,4.356004928e-02,2.543048892e-03,,false,0,9.344218584e+01,/mnt/pd/tema1/new/results/ml_samples/N1_sw0.30_x+2_i0016.h5
1,50,3.000000000e-01,1.000000000e+00,2,1.138234290e+00,1.506893169e+00,604021385,main,rise,3.041000000e+00,7.423817740e-02,4.924412859e-02,2.171149099e-03,,false,0,1.017356084e+02,/mnt/pd/tema1/new/results/ml_samples/N1_sw0.30_x+2_i0012.h5
1,50,3.000000000e-01,1.000000000e+00,2,1.138234290e+00,1.506893169e+00,1181569863,main,fall,1.101000000e+00,6.054324433e-02,4.460097192e-02,2.407923016e-03,,false,0,3.968617285e+01,/mnt/pd/tema1/new/results/ml_samples/N1_sw0.30_x+2_i0032.h5
1,50,3.000000000e-01,1.000000000e+00,1,1.069117145e+00,1.415389904e+00,1252151550,main,rise,1.516100000e+01,4.579584507e-02,3.134781428e-02,2.484657554e-03,,false,0,4.214096518e+02,/mnt/pd/tema1/new/results/ml_samples/N1_sw0.30_x+1_i0142.h5
1,50,3.000000000e-01,1.000000000e+00,1,1.069117145e+00,1.415389904e+00,1870825992,main,rise,1.480100000e+01,4.538517798e-02,2.724162205e-02,2.033429395e-03,,false,0,4.089005457e+02,/mnt/pd/tema1/new/results/ml_samples/N1_sw0.30_x+1_i0144.h5
1,50,3.000000000e-01,1.000000000e+00,2,1.138234290e+00,1.506893169e+00,1466191482,main,rise,3.161000000e+00,6.532859790e-02,3.988815585e-02,2.283522918e-03,,false,0,1.011204604e+02,/mnt/pd/tema1/new/results/ml_samples/N1_sw0.30_x+2_i0014.h5
1,50,3.000000000e-01,1.000000000e+00,2,1.138234290e+00,1.506893169e+00,111948355,main,rise,5.301000000e+00,5.782530208e-02,3.553372254e-02,2.113456502e-03,,false,0,1.598582643e+02,/mnt/pd/tema1/new/results/ml_samples/N1_sw0.30_x+2_i0000.h5
1,50,3.000000000e-01,1.000000000e+00,2,1.138234290e+00,1.506893169e+00,547767571,main,rise,3.051000000e+00,7.246510607e-02,3.875312661e-02,2.018790532e-03,,false,0,8.990863853e+01,/mnt/pd/tema1/new/results/ml_samples/N1_sw0.30_x+2_i0020.h5
1,50,3.000000000e-01,1.000000000e+00,1,1.069117145e+00,1.415389904e+00,1239285905,main,rise,8.181000000e+00,4.734683969e-02,3.264177645e-02,1.897893564e-03,,false,0,2.342112329e+02,/mnt/pd/tema1/new/results/ml_samples/N1_sw0.30_x+1_i0188.h5
1,50,3.000000000e-01,1.000000000e+00,2,1.138234290e+00,1.506893169e+00,1957655070,main,rise,5.871000000e+00,6.064222290e-02,3.297962053e-02,2.251216199e-03,,false,0,1.670252026e+02,/mnt/pd/tema1/new/results/ml_samples/N1_sw0.30_x+2_i0004.h5
1,50,3.000000000e-01,1.000000000e+00,1,1.069117145e+00,1.415389904e+00,747087631,main,rise,1.775100000e+01,3.801126992e-02,2.892852606e-02,2.107796669e-03,,false,0,4.877647883e+02,/mnt/pd/tema1/new/results/ml_samples/N1_sw0.30_x+1_i0118.h5
1,50,3.000000000e-01,1.000000000e+00,1,1.069117145e+00,1.415389904e+00,1870260798,main,rise,1.048100000e+01,4.166178546e-02,2.523384869e-02,1.918937765e-03,,false,0,2.925472104e+02,/mnt/pd/tema1/new/results/ml_samples/N1_sw0.30_x+1_i0178.h5
1,50,3.000000000e-01,1.000000000e+00,1,1.069117145e+00,1.415389904e+00,72058198,main,rise,1.784100000e+01,3.407764121e-02,2.393529361e-02,1.803889493e-03,,false,0,5.078692887e+02,/mnt/pd/tema1/new/results/ml_samples/N1_sw0.30_x+1_i0114.h5
1,50,3.000000000e-01,1.000000000e+00,2,1.138234290e+00,1.506893169e+00,1287211404,main,rise,3.561000000e+00,4.968490293e-02,3.392629160e-02,1.848237026e-03,,false,0,1.032156495e+02,/mnt/pd/tema1/new/results/ml_samples/N1_sw0.30_x+2_i0028.h5
1,50,3.000000000e-01,1.000000000e+00,2,1.138234290e+00,1.506893169e+00,117016473,main,rise,3.961000000e+00,5.001713928e-02,3.184441687e-02,1.837780774e-03,,false,0,1.149156952e+02,/mnt/pd/tema1/new/results/ml_samples/N1_sw0.30_x+2_i0024.h5
1,50,3.000000000e-01,1.000000000e+00,1,1.069117145e+00,1.415389904e+00,1213160465,main,rise,2.440100000e+01,3.858211969e-02,2.569320077e-02,1.938573772e-03,,false,0,6.659035727e+02,/mnt/pd/tema1/new/results/ml_samples/N1_sw0.30_x+1_i0086.h5
1,50,3.000000000e-01,1.000000000e+00,2,1.138234290e+00,1.506893169e+00,2130613625,main,rise,2.971000000e+00,5.954223628e-02,3.937828491e-02,2.286513813e-03,,false,0,9.533218212e+01,/mnt/pd/tema1/new/results/ml_samples/N1_sw0.30_x+2_i0038.h5
1,50,3.000000000e-01,1.000000000e+00,1,1.069117145e+00,1.415389904e+00,1993220682,main,rise,3.548100000e+01,4.429714060e-02,2.653446898e-02,2.219673015e-03,,false,0,9.700313423e+02,/mnt/pd/tema1/new/results/ml_samples/N1_sw0.30_x+1_i0014.h5
1,50,3.000000000e-01,1.000000000e+00,2,1.138234290e+00,1.506893169e+00,1886237678,main,fall,2.701000000e+00,4.025062391e-02,1.921628309e-02,1.444328685e-03,,false,0,7.845892446e+01,/mnt/pd/tema1/new/results/ml_samples/N1_sw0.30_x+2_i0042.h5
1,50,3.000000000e-01,1.000000000e+00,2,1.138234290e+00,1.506893169e+00,1622418468,main,rise,2.681000000e+00,8.138514115e-02,4.629157490e-02,2.532078426e-03,,false,0,8.403654832e+01,/mnt/pd/tema1/new/results/ml_samples/N1_sw0.30_x+2_i0048.h5
1,50,3.000000000e-01,1.000000000e+00,2,1.138234290e+00,1.506893169e+00,1040429428,main,rise,2.581000000e+00,7.202512393e-02,3.772204887e-02,1.605713641e-03,,false,0,8.122954398e+01,/mnt/pd/tema1/new/results/ml_samples/N1_sw0.30_x+2_i0052.h5
1,50,3.000000000e-01,1.000000000e+00,2,1.138234290e+00,1.506893169e+00,1982550678,main,rise,5.171000000e+00,4.297690194e-02,2.617374319e-02,1.802512038e-03,,false,0,1.670484658e+02,/mnt/pd/tema1/new/results/ml_samples/N1_sw0.30_x+2_i0022.h5
1,50,3.000000000e-01,1.000000000e+00,2,1.138234290e+00,1.506893169e+00,1713400055,main,rise,2.641000000e+00,5.816986247e-02,3.312453531e-02,2.142998943e-03,,false,0,7.843830239e+01,/mnt/pd/tema1/new/results/ml_samples/N1_sw0.30_x+2_i0058.h5
1,50,3.000000000e-01,1.000000000e+00,2,1.138234290e+00,1.506893169e+00,680518420,main,rise,2.241000000e+00,5.893212598e-02,3.823312482e-02,1.826992464e-03,,false,0,7.407002879e+01,/mnt/pd/tema1/new/results/ml_samples/N1_sw0.30_x+2_i0066.h5
1,50,3.000000000e-01,1.000000000e+00,2,1.138234290e+00,1.506893169e+00,1292774591,main,rise,2.901000000e+00,6.994541986e-02,4.961234852e-02,1.976578606e-03,,false,0,1.000406026e+02,/mnt/pd/tema1/new/results/ml_samples/N1_sw0.30_x+2_i0046.h5
1,50,3.000000000e-01,1.000000000e+00,2,1.138234290e+00,1.506893169e+00,963512263,main,rise,2.901000000e+00,6.655847170e-02,4.455672970e-02,2.022453431e-03,,false,0,9.426078733e+01,/mnt/pd/tema1/new/results/ml_samples/N1_sw0.30_x+2_i0056.h5
1,50,3.000000000e-01,1.000000000e+00,1,1.069117145e+00,1.415389904e+00,152648496,main,rise,1.609100000e+01,4.370882522e-02,2.927493450e-02,2.006941827e-03,,false,0,4.619353751e+02,/mnt/pd/tema1/new/results/ml_samples/N1_sw0.30_x+1_i0160.h5
1,50,3.000000000e-01,1.000000000e+00,2,1.138234290e+00,1.506893169e+00,467226832,main,rise,3.081000000e+00,7.829398694e-02,3.945507090e-02,2.572538036e-03,,false,0,9.853946570e+01,/mnt/pd/tema1/new/results/ml_samples/N1_sw0.30_x+2_i0060.h5
1,50,3.000000000e-01,1.000000000e+00,2,1.138234290e+00,1.506893169e+00,1884988910,main,rise,4.271000000e+00,5.524837389e-02,3.631460511e-02,1.852041252e-03,,false,0,1.394217001e+02,/mnt/pd/tema1/new/results/ml_samples/N1_sw0.30_x+2_i0040.h5
1,50,3.000000000e-01,1.000000000e+00,2,1.138234290e+00,1.506893169e+00,1694873394,main,rise,2.901000000e+00,6.817033974e-02,2.934976215e-02,2.158020641e-03,,false,0,8.971137812e+01,/mnt/pd/tema1/new/results/ml_samples/N1_sw0.30_x+2_i0068.h5
1,50,3.000000000e-01,1.000000000e+00,2,1.138234290e+00,1.506893169e+00,120755006,main,rise,3.851000000e+00,4.108343000e-02,3.091459076e-02,1.255638479e-03,,false,0,1.138968106e+02,/mnt/pd/tema1/new/results/ml_samples/N1_sw0.30_x+2_i0062.h5
1,50,3.000000000e-01,1.000000000e+00,2,1.138234290e+00,1.506893169e+00,1311806047,main,rise,7.221000000e+00,4.472843214e-02,2.492689024e-02,1.633199226e-03,,false,0,2.116651222e+02,/mnt/pd/tema1/new/results/ml_samples/N1_sw0.30_x+2_i0026.h5
1,50,3.000000000e-01,1.000000000e+00,2,1.138234290e+00,1.506893169e+00,637572767,main,rise,4.691000000e+00,7.511346251e-02,4.534266696e-02,3.065142817e-03,,false,0,1.393559946e+02,/mnt/pd/tema1/new/results/ml_samples/N1_sw0.30_x+2_i0044.h5
1,50,3.000000000e-01,1.000000000e+00,2,1.138234290e+00,1.506893169e+00,821620799,main,rise,2.591000000e+00,7.923872304e-02,4.170776700e-02,2.014892891e-03,,false,0,8.910783368e+01,/mnt/pd/tema1/new/results/ml_samples/N1_sw0.30_x+2_i0072.h5
1,50,3.000000000e-01,1.000000000e+00,2,1.138234290e+00,1.506893169e+00,602465554,main,rise,4.371000000e+00,4.561465270e-02,2.208119232e-02,2.137400495e-03,,false,0,1.369905413e+02,/mnt/pd/tema1/new/results/ml_samples/N1_sw0.30_x+2_i0064.h5
1,50,3.000000000e-01,1.000000000e+00,2,1.138234290e+00,1.506893169e+00,1107742259,main,rise,5.611000000e+00,4.096964066e-02,3.073796857e-02,1.383775041e-03,,false,0,1.608085622e+02,/mnt/pd/tema1/new/results/ml_samples/N1_sw0.30_x+2_i0050.h5
1,50,3.000000000e-01,1.000000000e+00,1,1.069117145e+00,1.415389904e+00,2009835162,main,rise,1.281100000e+01,4.832489597e-02,2.539294144e-02,2.362810869e-03,,false,0,3.734503392e+02,/mnt/pd/tema1/new/results/ml_samples/N1_sw0.30_x+1_i0192.h5
1,50,3.000000000e-01,1.000000000e+00,2,1.138234290e+00,1.506893169e+00,607366361,main,rise,7.021000000e+00,4.765333036e-02,1.714817138e-02,2.216334291e-03,,false,0,1.956034143e+02,/mnt/pd/tema1/new/results/ml_samples/N1_sw0.30_x+2_i0036.h5
1,50,3.000000000e-01,1.000000000e+00,2,1.138234290e+00,1.506893169e+00,23104595,main,rise,9.981000000e+00,4.088433072e-02,2.227526630e-02,1.948383323e-03,,false,0,2.788503514e+02,/mnt/pd/tema1/new/results/ml_samples/N1_sw0.30_x+2_i0010.h5
1,50,3.000000000e-01,1.000000000e+00,2,1.138234290e+00,1.506893169e+00,1867505134,main,rise,7.311000000e+00,5.746495969e-02,3.494029627e-02,2.448158905e-03,,false,0,2.252037358e+02,/mnt/pd/tema1/new/results/ml_samples/N1_sw0.30_x+2_i0030.h5
1,50,3.000000000e-01,1.000000000e+00,2,1.138234290e+00,1.506893169e+00,521078768,main,fall,2.301000000e+00,5.302484817e-02,5.149795952e-02,1.814842165e-03,,false,0,6.969160991e+01,/mnt/pd/tema1/new/results/ml_samples/N1_sw0.30_x+2_i0092.h5
1,50,3.000000000e-01,1.000000000e+00,2,1.138234290e+00,1.506893169e+00,897555697,main,rise,2.761000000e+00,6.574071524e-02,3.751031360e-02,2.200383615e-03,,false,0,8.350006653e+01,/mnt/pd/tema1/new/results/ml_samples/N1_sw0.30_x+2_i0096.h5
1,50,3.000000000e-01,1.000000000e+00,2,1.138234290e+00,1.506893169e+00,430971341,main,rise,3.621000000e+00,6.412294284e-02,4.116405963e-02,2.250564344e-03,,false,0,1.066914353e+02,/mnt/pd/tema1/new/results/ml_samples/N1_sw0.30_x+2_i0086.h5
1,50,3.000000000e-01,1.000000000e+00,2,1.138234290e+00,1.506893169e+00,744549675,main,rise,8.051000000e+00,5.830296270e-02,4.019248536e-02,2.416088460e-03,,false,0,2.385646642e+02,/mnt/pd/tema1/new/results/ml_samples/N1_sw0.30_x+2_i0034.h5
1,50,3.000000000e-01,1.000000000e+00,4,1.276468579e+00,1.689899698e+00,1369598657,main,rise,2.011000000e+00,5.396408447e-02,2.693432142e-02,1.498292798e-03,,false,0,6.450782627e+01,/mnt/pd/tema1/new/results/ml_samples/N1_sw0.30_x+4_i0004.h5
1,50,3.000000000e-01,1.000000000e+00,2,1.138234290e+00,1.506893169e+00,659604782,main,rise,3.811000000e+00,4.219578739e-02,3.387951653e-02,1.478121334e-03,,false,0,1.160678289e+02,/mnt/pd/tema1/new/results/ml_samples/N1_sw0.30_x+2_i0084.h5
1,50,3.000000000e-01,1.000000000e+00,2,1.138234290e+00,1.506893169e+00,1911519761,main,rise,4.471000000e+00,3.823025354e-02,2.828323677e-02,1.942430271e-03,,false,0,1.267422709e+02,/mnt/pd/tema1/new/results/ml_samples/N1_sw0.30_x+2_i0080.h5
1,50,3.000000000e-01,1.000000000e+00,2,1.138234290e+00,1.506893169e+00,661409074,main,rise,3.481000000e+00,7.453584744e-02,4.884761668e-02,2.145829118e-03,,false,0,1.116117348e+02,/mnt/pd/tema1/new/results/ml_samples/N1_sw0.30_x+2_i0090.h5
1,50,3.000000000e-01,1.000000000e+00,4,1.276468579e+00,1.689899698e+00,327783597,main,rise,1.671000000e+00,6.248483845e-02,4.149846818e-02,1.403595735e-03,,false,0,5.859455679e+01,/mnt/pd/tema1/new/results/ml_samples/N1_sw0.30_x+4_i0010.h5
1,50,3.000000000e-01,1.000000000e+00,4,1.276468579e+00,1.689899698e+00,560768887,main,rise,3.571000000e+00,5.210423901e-02,2.769266333e-02,1.498927753e-03,,false,0,1.027439871e+02,/mnt/pd/tema1/new/results/ml_samples/N1_sw0.30_x+4_i0000.h5
1,50,3.000000000e-01,1.000000000e+00,4,1.276468579e+00,1.689899698e+00,1280489665,main,rise,3.331000000e+00,4.300998788e-02,1.973032224e-02,1.506795409e-03,,false,0,9.583867704e+01,/mnt/pd/tema1/new/results/ml_samples/N1_sw0.30_x+4_i0002.h5
1,50,3.000000000e-01,1.000000000e+00,2,1.138234290e+00,1.506893169e+00,40809191,main,rise,4.181000000e+00,4.944699543e-02,2.132738550e-02,2.009911960e-03,,false,0,1.191661090e+02,/mnt/pd/tema1/new/results/ml_samples/N1_sw0.30_x+2_i0094.h5
1,50,3.000000000e-01,1.000000000e+00,2,1.138234290e+00,1.506893169e+00,1624576340,main,rise,5.691000000e+00,5.762548174e-02,3.147621901e-02,2.033768838e-03,,false,0,1.658813700e+02,/mnt/pd/tema1/new/results/ml_samples/N1_sw0.30_x+2_i0076.h5
1,50,3.000000000e-01,1.000000000e+00,4,1.276468579e+00,1.689899698e+00,1614005094,main,rise,2.021000000e+00,7.150543851e-02,4.466099426e-02,2.110378245e-03,,false,0,6.975348746e+01,/mnt/pd/tema1/new/results/ml_samples/N1_sw0.30_x+4_i0014.h5
1,50,3.000000000e-01,1.000000000e+00,4,1.276468579e+00,1.689899698e+00,1700399288,main,rise,3.401000000e+00,5.811177938e-02,3.807245254e-02,1.855313081e-03,,false,0,1.008993468e+02,/mnt/pd/tema1/new/results/ml_samples/N1_sw0.30_x+4_i0006.h5
1,50,3.000000000e-01,1.000000000e+00,4,1.276468579e+00,1.689899698e+00,41731778,main,rise,2.341000000e+00,6.611148216e-02,3.136444911e-02,2.138975054e-03,,false,0,6.972570759e+01,/mnt/pd/tema1/new/results/ml_samples/N1_sw0.30_x+4_i0022.h5
1,50,3.000000000e-01,1.000000000e+00,1,1.069117145e+00,1.415389904e+00,1517288854,main,rise,1.505100000e+01,4.986734599e-02,2.719444599e-02,2.170444812e-03,,false,0,4.130846926e+02,/mnt/pd/tema1/new/results/ml_samples/N1_sw0.30_x+1_i0198.h5
1,50,3.000000000e-01,1.000000000e+00,2,1.138234290e+00,1.506893169e+00,1137660627,main,rise,7.571000000e+00,4.242615020e-02,2.376762841e-02,1.761737508e-03,,false,0,2.139137215e+02,/mnt/pd/tema1/new/results/ml_samples/N1_sw0.30_x+2_i0070.h5
1,50,3.000000000e-01,1.000000000e+00,4,1.276468579e+00,1.689899698e+00,1036004178,main,rise,3.151000000e+00,7.319390798e-02,3.675393757e-02,1.938986898e-03,,false,0,1.023307953e+02,/mnt/pd/tema1/new/results/ml_samples/N1_sw0.30_x+4_i0012.h5
1,50,3.000000000e-01,1.000000000e+00,4,1.276468579e+00,1.689899698e+00,1348732373,main,rise,2.321000000e+00,4.161728965e-02,2.696502259e-02,1.335186576e-03,,false,0,6.977089516e+01,/mnt/pd/tema1/new/results/ml_samples/N1_sw0.30_x+4_i0024.h5
1,50,3.000000000e-01,1.000000000e+00,4,1.276468579e+00,1.689899698e+00,1915105351,main,rise,1.791000000e+00,5.345264381e-02,3.034318392e-02,1.458055082e-03,,false,0,5.681428173e+01,/mnt/pd/tema1/new/results/ml_samples/N1_sw0.30_x+4_i0034.h5
1,50,3.000000000e-01,1.000000000e+00,4,1.276468579e+00,1.689899698e+00,346864272,main,rise,3.981000000e+00,4.713822001e-02,3.584820533e-02,1.372159040e-03,,false,0,1.219678386e+02,/mnt/pd/tema1/new/results/ml_samples/N1_sw0.30_x+4_i0008.h5
1,50,3.000000000e-01,1.000000000e+00,4,1.276468579e+00,1.689899698e+00,1051583671,main,rise,2.261000000e+00,6.222409918e-02,3.903906866e-02,1.885567342e-03,,false,0,7.054821317e+01,/mnt/pd/tema1/new/results/ml_samples/N1_sw0.30_x+4_i0026.h5
1,50,3.000000000e-01,1.000000000e+00,4,1.276468579e+00,1.689899698e+00,530257581,main,rise,1.911000000e+00,8.382755180e-02,5.565440175e-02,2.196996743e-03,,false,0,6.984139586e+01,/mnt/pd/tema1/new/results/ml_samples/N1_sw0.30_x+4_i0028.h5
1,50,3.000000000e-01,1.000000000e+00,2,1.138234290e+00,1.506893169e+00,1306604322,main,rise,7.211000000e+00,3.970353196e-02,2.604565487e-02,1.883365115e-03,,false,0,2.041979025e+02,/mnt/pd/tema1/new/results/ml_samples/N1_sw0.30_x+2_i0078.h5
1,50,3.000000000e-01,1.000000000e+00,4,1.276468579e+00,1.689899698e+00,782634377,main,rise,3.571000000e+00,4.672354485e-02,2.677905654e-02,1.607165353e-03,,false,0,1.079976799e+02,/mnt/pd/tema1/new/results/ml_samples/N1_sw0.30_x+4_i0018.h5
1,50,3.000000000e-01,1.000000000e+00,4,1.276468579e+00,1.689899698e+00,742113734,main,rise,3.461000000e+00,5.285528183e-02,3.122281943e-02,1.738254457e-03,,false,0,1.092938982e+02,/mnt/pd/tema1/new/results/ml_samples/N1_sw0.30_x+4_i0020.h5
1,50,3.000000000e-01,1.000000000e+00,4,1.276468579e+00,1.689899698e+00,1025223621,main,rise,2.511000000e+00,8.139279436e-02,6.149326052e-02,1.866496360e-03,,false,0,8.103464791e+01,/mnt/pd/tema1/new/results/ml_samples/N1_sw0.30_x+4_i0032.h5
1,50,3.000000000e-01,1.000000000e+00,4,1.276468579e+00,1.689899698e+00,1334616243,main,rise,2.681000000e+00,6.227133057e-02,4.517978183e-02,1.598535888e-03,,false,0,8.722504935e+01,/mnt/pd/tema1/new/results/ml_samples/N1_sw0.30_x+4_i0030.h5
1,50,3.000000000e-01,1.000000000e+00,2,1.138234290e+00,1.506893169e+00,873359607,main,rise,5.981000000e+00,4.754654313e-02,3.253962417e-02,1.759131390e-03,,false,0,1.707998870e+02,/mnt/pd/tema1/new/results/ml_samples/N1_sw0.30_x+2_i0098.h5
1,50,3.000000000e-01,1.000000000e+00,2,1.138234290e+00,1.506893169e+00,2031635028,main,rise,7.791000000e+00,3.561345639e-02,1.606236360e-02,1.415184904e-03,,false,0,2.234971623e+02,/mnt/pd/tema1/new/results/ml_samples/N1_sw0.30_x+2_i0074.h5
1,50,3.000000000e-01,1.000000000e+00,4,1.276468579e+00,1.689899698e+00,355540189,main,rise,2.141000000e+00,5.382448843e-02,4.442310921e-02,1.313009240e-03,,false,0,6.757809968e+01,/mnt/pd/tema1/new/results/ml_samples/N1_sw0.30_x+4_i0042.h5
1,50,3.000000000e-01,1.000000000e+00,4,1.276468579e+00,1.689899698e+00,675327323,main,rise,2.951000000e+00,5.828952452e-02,3.395614169e-02,1.580956063e-03,,false,0,9.468193042e+01,/mnt/pd/tema1/new/results/ml_samples/N1_sw0.30_x+4_i0036.h5
1,50,3.000000000e-01,1.000000000e+00,4,1.276468579e+00,1.689899698e+00,1912266900,main,rise,4.621000000e+00,4.515639907e-02,2.528732789e-02,1.720605399e-03,,false,0,1.370206999e+02,/mnt/pd/tema1/new/results/ml_samples/N1_sw0.30_x+4_i0016.h5
1,50,3.000000000e-01,1.000000000e+00,2,1.138234290e+00,1.506893169e+00,877294548,main,rise,7.211000000e+00,4.566783159e-02,3.612670610e-02,1.588697249e-03,,false,0,2.247160663e+02,/mnt/pd/tema1/new/results/ml_samples/N1_sw0.30_x+2_i0082.h5
1,50,3.000000000e-01,1.000000000e+00,4,1.276468579e+00,1.689899698e+00,1954768413,main,rise,2.501000000e+00,6.267267836e-02,3.223994326e-02,1.950834287e-03,,false,0,7.939609148e+01,/mnt/pd/tema1/new/results/ml_samples/N1_sw0.30_x+4_i0046.h5
1,50,3.000000000e-01,1.000000000e+00,4,1.276468579e+00,1.689899698e+00,2061143664,main,rise,2.741000000e+00,4.886190563e-02,3.447694655e-02,1.451657604e-03,,false,0,8.219886737e+01,/mnt/pd/tema1/new/results/ml_samples/N1_sw0.30_x+4_i0048.h5
1,50,3.000000000e-01,1.000000000e+00,4,1.276468579e+00,1.689899698e+00,1351212446,main,rise,1.651000000e+00,7.066678329e-02,3.046723609e-02,2.193186235e-03,,false,0,5.698274372e+01,/mnt/pd/tema1/new/results/ml_samples/N1_sw0.30_x+4_i0058.h5
1,50,3.000000000e-01,1.000000000e+00,4,1.276468579e+00,1.689899698e+00,2098005084,main,rise,3.471000000e+00,7.608564089e-02,3.138816494e-02,2.039073957e-03,,false,0,1.007084453e+02,/mnt/pd/tema1/new/results/ml_samples/N1_sw0.30_x+4_i0040.h5
1,50,3.000000000e-01,1.000000000e+00,4,1.276468579e+00,1.689899698e+00,1680611125,main,rise,1.721000000e+00,8.046169658e-02,4.221167828e-02,2.791638301e-03,,false,0,5.863063756e+01,/mnt/pd/tema1/new/results/ml_samples/N1_sw0.30_x+4_i0064.h5
1,50,3.000000000e-01,1.000000000e+00,4,1.276468579e+00,1.689899698e+00,988670866,main,rise,1.931000000e+00,6.325964438e-02,4.278278675e-02,1.530627653e-03,,false,0,6.416874516e+01,/mnt/pd/tema1/new/results/ml_samples/N1_sw0.30_x+4_i0060.h5
1,50,3.000000000e-01,1.000000000e+00,4,1.276468579e+00,1.689899698e+00,2069371109,main,rise,3.331000000e+00,7.427369406e-02,4.984993122e-02,2.279874137e-03,,false,0,1.032731382e+02,/mnt/pd/tema1/new/results/ml_samples/N1_sw0.30_x+4_i0044.h5
1,50,3.000000000e-01,1.000000000e+00,4,1.276468579e+00,1.689899698e+00,1286024456,main,rise,2.821000000e+00,6.525020775e-02,4.228700222e-02,1.976581276e-03,,false,0,9.787834187e+01,/mnt/pd/tema1/new/results/ml_samples/N1_sw0.30_x+4_i0052.h5
1,50,3.000000000e-01,1.000000000e+00,4,1.276468579e+00,1.689899698e+00,2108665848,main,rise,1.961000000e+00,6.161186151e-02,3.785754889e-02,1.476428305e-03,,false,0,6.310911431e+01,/mnt/pd/tema1/new/results/ml_samples/N1_sw0.30_x+4_i0076.h5
1,50,3.000000000e-01,1.000000000e+00,4,1.276468579e+00,1.689899698e+00,641481926,main,rise,3.551000000e+00,6.238614907e-02,5.396909785e-02,1.690307576e-03,,false,0,1.054214080e+02,/mnt/pd/tema1/new/results/ml_samples/N1_sw0.30_x+4_i0054.h5
1,50,3.000000000e-01,1.000000000e+00,4,1.276468579e+00,1.689899698e+00,1504637934,main,rise,2.551000000e+00,6.941170142e-02,3.871146413e-02,1.924302052e-03,,false,0,8.043476254e+01,/mnt/pd/tema1/new/results/ml_samples/N1_sw0.30_x+4_i0068.h5
1,50,3.000000000e-01,1.000000000e+00,4,1.276468579e+00,1.689899698e+00,135886382,main,rise,2.071000000e+00,5.809166341e-02,3.211288396e-02,1.511773676e-03,,false,0,7.272642309e+01,/mnt/pd/tema1/new/results/ml_samples/N1_sw0.30_x+4_i0070.h5
1,50,3.000000000e-01,1.000000000e+00,4,1.276468579e+00,1.689899698e+00,810727019,main,rise,1.901000000e+00,6.209589826e-02,1.745504684e-02,2.124327407e-03,,false,0,6.043596299e+01,/mnt/pd/tema1/new/results/ml_samples/N1_sw0.30_x+4_i0082.h5
1,50,3.000000000e-01,1.000000000e+00,2,1.138234290e+00,1.506893169e+00,292616347,main,rise,8.351000000e+00,4.769396537e-02,3.525584913e-02,1.841206266e-03,,false,0,2.551343372e+02,/mnt/pd/tema1/new/results/ml_samples/N1_sw0.30_x+2_i0088.h5
1,50,3.000000000e-01,1.000000000e+00,4,1.276468579e+00,1.689899698e+00,672904567,main,rise,4.681000000e+00,6.216963396e-02,3.211057258e-02,2.292650493e-03,,false,0,1.398466975e+02,/mnt/pd/tema1/new/results/ml_samples/N1_sw0.30_x+4_i0038.h5
1,50,3.000000000e-01,1.000000000e+00,4,1.276468579e+00,1.689899698e+00,720948453,main,rise,2.011000000e+00,6.384058143e-02,2.958641198e-02,1.872656211e-03,,false,0,6.622168899e+01,/mnt/pd/tema1/new/results/ml_samples/N1_sw0.30_x+4_i0084.h5
1,50,3.000000000e-01,1.000000000e+00,4,1.276468579e+00,1.689899698e+00,256079137,main,rise,2.871000000e+00,7.863092812e-02,3.202068703e-02,2.328999035e-03,,false,0,9.484930021e+01,/mnt/pd/tema1/new/results/ml_samples/N1_sw0.30_x+4_i0062.h5
1,50,3.000000000e-01,1.000000000e+00,4,1.276468579e+00,1.689899698e+00,2074518690,main,rise,3.371000000e+00,4.212961662e-02,2.956503868e-02,1.561682379e-03,,false,0,1.023554731e+02,/mnt/pd/tema1/new/results/ml_samples/N1_sw0.30_x+4_i0066.h5
1,50,3.000000000e-01,1.000000000e+00,4,1.276468579e+00,1.689899698e+00,1511318669,main,rise,3.081000000e+00,6.948229711e-02,3.377610436e-02,1.864373009e-03,,false,0,9.306006491e+01,/mnt/pd/tema1/new/results/ml_samples/N1_sw0.30_x+4_i0072.h5
1,50,3.000000000e-01,1.000000000e+00,4,1.276468579e+00,1.689899698e+00,1366618565,main,rise,1.981000000e+00,1.030975184e-01,5.845756257e-02,3.058562653e-03,,false,0,7.115795669e+01,/mnt/pd/tema1/new/results/ml_samples/N1_sw0.30_x+4_i0086.h5
1,50,3.000000000e-01,1.000000000e+00,4,1.276468579e+00,1.689899698e+00,1352280503,main,rise,2.861000000e+00,5.179248269e-02,3.908712569e-02,1.660736936e-03,,false,0,9.708339770e+01,/mnt/pd/tema1/new/results/ml_samples/N1_sw0.30_x+4_i0074.h5
1,50,3.000000000e-01,1.000000000e+00,4,1.276468579e+00,1.689899698e+00,1592290813,main,rise,2.961000000e+00,7.390292516e-02,2.487264074e-02,2.117639759e-03,,false,0,9.238061543e+01,/mnt/pd/tema1/new/results/ml_samples/N1_sw0.30_x+4_i0078.h5
1,50,3.000000000e-01,1.000000000e+00,2,1.138234290e+00,1.506893169e+00,680142622,main,rise,1.318100000e+01,4.369200433e-02,3.107149148e-02,1.828026619e-03,,false,0,3.796550053e+02,/mnt/pd/tema1/new/results/ml_samples/N1_sw0.30_x+2_i0054.h5
1,50,3.000000000e-01,1.000000000e+00,4,1.276468579e+00,1.689899698e+00,1693873003,main,rise,2.291000000e+00,7.318440712e-02,4.524977687e-02,2.023043795e-03,,false,0,7.641277162e+01,/mnt/pd/tema1/new/results/ml_samples/N1_sw0.30_x+4_i0090.h5
1,50,3.000000000e-01,1.000000000e+00,4,1.276468579e+00,1.689899698e+00,258826009,main,rise,5.141000000e+00,3.829284808e-02,3.653725352e-02,1.228749181e-03,,false,0,1.487226247e+02,/mnt/pd/tema1/new/results/ml_samples/N1_sw0.30_x+4_i0050.h5
1,50,3.000000000e-01,1.000000000e+00,4,1.276468579e+00,1.689899698e+00,1420558404,main,rise,2.771000000e+00,5.623614575e-02,2.828055590e-02,1.567974514e-03,,false,0,8.587716266e+01,/mnt/pd/tema1/new/results/ml_samples/N1_sw0.30_x+4_i0088.h5
1,50,3.000000000e-01,1.000000000e+00,4,1.276468579e+00,1.689899698e+00,1591294947,main,rise,2.021000000e+00,7.439666756e-02,3.640122672e-02,1.722421245e-03,,false,0,6.728371584e+01,/mnt/pd/tema1/new/results/ml_samples/N1_sw0.30_x+4_i0098.h5
1,50,3.000000000e-01,1.000000000e+00,4,1.276468579e+00,1.689899698e+00,2118645615,main,rise,2.621000000e+00,6.135630797e-02,3.175618517e-02,1.714609772e-03,,false,0,7.709552086e+01,/mnt/pd/tema1/new/results/ml_samples/N1_sw0.30_x+4_i0096.h5
1,50,3.000000000e-01,1.000000000e+00,1,1.069117145e+00,1.415389904e+00,179279269,main,rise,2.898100000e+01,3.751749278e-02,2.007391351e-02,1.857247572e-03,,false,0,7.888701080e+02,/mnt/pd/tema1/new/results/ml_samples/N1_sw0.30_x+1_i0152.h5
1,50,3.000000000e-01,1.000000000e+00,4,1.276468579e+00,1.689899698e+00,1071682949,main,rise,3.241000000e+00,5.275116619e-02,2.408692037e-02,1.943507953e-03,,false,0,9.894784574e+01,/mnt/pd/tema1/new/results/ml_samples/N1_sw0.30_x+4_i0094.h5
1,50,3.000000000e-01,1.000000000e+00,4,1.276468579e+00,1.689899698e+00,960996187,main,rise,4.471000000e+00,4.536563369e-02,3.458498914e-02,1.713995370e-03,,false,0,1.289418129e+02,/mnt/pd/tema1/new/results/ml_samples/N1_sw0.30_x+4_i0080.h5
2,50,1.500000000e-01,1.000000000e+00,-4,7.341206058e-01,4.859462309e-01,1171800176,main,fall,1.221000000e+00,1.081011627e-01,5.059556835e-02,1.104123930e-01,1.707140469e+02,false,0,9.520836727e+01,/mnt/pd/tema1/new/results/ml_samples/N2_sw0.15_x-4_i0000.h5
1,50,3.000000000e-01,1.000000000e+00,4,1.276468579e+00,1.689899698e+00,979588369,main,rise,4.311000000e+00,4.250571144e-02,3.031447370e-02,1.387162551e-03,,false,0,1.301598570e+02,/mnt/pd/tema1/new/results/ml_samples/N1_sw0.30_x+4_i0092.h5
2,50,1.500000000e-01,1.000000000e+00,-4,7.341206058e-01,4.859462309e-01,952695485,main,fall,1.091000000e+00,1.141448930e-01,5.259655762e-02,1.089111968e-01,1.707140469e+02,false,0,9.087763121e+01,/mnt/pd/tema1/new/results/ml_samples/N2_sw0.15_x-4_i0020.h5
2,50,1.500000000e-01,1.000000000e+00,-4,7.341206058e-01,4.859462309e-01,4445156,main,fall,1.481000000e+00,9.206048672e-02,3.028669844e-02,1.061587200e-01,1.707140469e+02,false,0,1.072532664e+02,/mnt/pd/tema1/new/results/ml_samples/N2_sw0.15_x-4_i0010.h5
2,50,1.500000000e-01,1.000000000e+00,-4,7.341206058e-01,4.859462309e-01,489162741,main,fall,1.521000000e+00,9.215417803e-02,3.277164683e-02,1.092212802e-01,1.707140469e+02,false,0,1.108122088e+02,/mnt/pd/tema1/new/results/ml_samples/N2_sw0.15_x-4_i0012.h5
2,50,1.500000000e-01,1.000000000e+00,-4,7.341206058e-01,4.859462309e-01,1820757967,main,fall,1.991000000e+00,9.639134220e-02,4.221954330e-02,1.030319742e-01,1.707140469e+02,false,0,1.375307207e+02,/mnt/pd/tema1/new/results/ml_samples/N2_sw0.15_x-4_i0002.h5
2,50,1.500000000e-01,1.000000000e+00,-4,7.341206058e-01,4.859462309e-01,838300656,main,fall,1.511000000e+00,9.382056714e-02,3.567393982e-02,1.120241431e-01,1.707140469e+02,false,0,1.132432683e+02,/mnt/pd/tema1/new/results/ml_samples/N2_sw0.15_x-4_i0022.h5
2,50,1.500000000e-01,1.000000000e+00,-4,7.341206058e-01,4.859462309e-01,1613321607,main,fall,1.231000000e+00,1.037789723e-01,3.874868275e-02,1.065710185e-01,1.707140469e+02,false,0,1.042048349e+02,/mnt/pd/tema1/new/results/ml_samples/N2_sw0.15_x-4_i0026.h5
2,50,1.500000000e-01,1.000000000e+00,-4,7.341206058e-01,4.859462309e-01,834197087,main,fall,2.101000000e+00,9.671012139e-02,3.833529557e-02,1.038285174e-01,1.707140469e+02,false,0,1.417750840e+02,/mnt/pd/tema1/new/results/ml_samples/N2_sw0.15_x-4_i0004.h5
2,50,1.500000000e-01,1.000000000e+00,-4,7.341206058e-01,4.859462309e-01,1040875053,main,fall,1.801000000e+00,1.074583926e-01,2.671194690e-02,1.087777603e-01,1.707140469e+02,false,0,1.358431561e+02,/mnt/pd/tema1/new/results/ml_samples/N2_sw0.15_x-4_i0008.h5
2,50,1.500000000e-01,1.000000000e+00,-4,7.341206058e-01,4.859462309e-01,853412210,main,fall,1.381000000e+00,9.997169494e-02,3.928139722e-02,1.115497842e-01,1.707140469e+02,false,0,1.097848345e+02,/mnt/pd/tema1/new/results/ml_samples/N2_sw0.15_x-4_i0030.h5
2,50,1.500000000e-01,1.000000000e+00,-4,7.341206058e-01,4.859462309e-01,1207725557,main,fall,1.471000000e+00,1.041648960e-01,4.351571303e-02,1.070647045e-01,1.707140469e+02,false,0,1.145002709e+02,/mnt/pd/tema1/new/results/ml_samples/N2_sw0.15_x-4_i0028.h5
2,50,1.500000000e-01,1.000000000e+00,-4,7.341206058e-01,4.859462309e-01,736492859,main,fall,1.201000000e+00,1.059267125e-01,4.457210323e-02,1.016818465e-01,1.707140469e+02,false,0,1.023064071e+02,/mnt/pd/tema1/new/results/ml_samples/N2_sw0.15_x-4_i0040.h5
2,50,1.500000000e-01,1.000000000e+00,-4,7.341206058e-01,4.859462309e-01,70047519,main,fall,2.431000000e+00,9.549904071e-02,3.720590553e-02,1.078934344e-01,1.707140469e+02,false,0,1.611737689e+02,/mnt/pd/tema1/new/results/ml_samples/N2_sw0.15_x-4_i0014.h5
2,50,1.500000000e-01,1.000000000e+00,-4,7.341206058e-01,4.859462309e-01,857000396,main,fall,1.711000000e+00,9.793863781e-02,3.495438371e-02,1.048355029e-01,1.707140469e+02,false,0,1.328425358e+02,/mnt/pd/tema1/new/results/ml_samples/N2_sw0.15_x-4_i0034.h5
2,50,1.500000000e-01,1.000000000e+00,-4,7.341206058e-01,4.859462309e-01,766829242,main,fall,1.511000000e+00,8.182201526e-02,1.622875683e-02,1.096896219e-01,1.707140469e+02,false,0,1.194411725e+02,/mnt/pd/tema1/new/results/ml_samples/N2_sw0.15_x-4_i0046.h5
2,50,1.500000000e-01,1.000000000e+00,-4,7.341206058e-01,4.859462309e-01,1086864584,main,fall,1.251000000e+00,1.132357353e-01,5.040963416e-02,1.111717413e-01,1.707140469e+02,false,0,1.028185116e+02,/mnt/pd/tema1/new/results/ml_samples/N2_sw0.15_x-4_i0050.h5
1,50,3.000000000e-01,1.000000000e+00,4,1.276468579e+00,1.689899698e+00,171592052,main,rise,9.761000000e+00,3.609787468e-02,2.530050015e-02,1.437438354e-03,,false,0,2.825508410e+02,/mnt/pd/tema1/new/results/ml_samples/N1_sw0.30_x+4_i0056.h5
2,50,1.500000000e-01,1.000000000e+00,-4,7.341206058e-01,4.859462309e-01,2121157885,main,fall,2.231000000e+00,8.817260646e-02,3.218324459e-02,1.111302490e-01,1.707140469e+02,false,0,1.478413674e+02,/mnt/pd/tema1/new/results/ml_samples/N2_sw0.15_x-4_i0038.h5
2,50,1.500000000e-01,1.000000000e+00,-4,7.341206058e-01,4.859462309e-01,582859233,main,fall,2.701000000e+00,8.957128738e-02,2.808930083e-02,9.945327289e-02,1.707140469e+02,false,0,1.909382637e+02,/mnt/pd/tema1/new/results/ml_samples/N2_sw0.15_x-4_i0006.h5
2,50,1.500000000e-01,1.000000000e+00,-4,7.341206058e-01,4.859462309e-01,180129250,main,fall,1.921000000e+00,9.167034971e-02,2.766336818e-02,1.000172091e-01,1.707140469e+02,false,0,1.495283325e+02,/mnt/pd/tema1/new/results/ml_samples/N2_sw0.15_x-4_i0044.h5
2,50,1.500000000e-01,1.000000000e+00,-4,7.341206058e-01,4.859462309e-01,1687454224,main,fall,2.261000000e+00,9.054667809e-02,2.177037878e-02,9.808711083e-02,1.707140469e+02,false,0,1.718897659e+02,/mnt/pd/tema1/new/results/ml_samples/N2_sw0.15_x-4_i0036.h5
2,50,1.500000000e-01,1.000000000e+00,-4,7.341206058e-01,4.859462309e-01,724385365,main,fall,2.801000000e+00,9.640325118e-02,2.574877697e-02,1.035355485e-01,1.707140469e+02,false,0,1.953991280e+02,/mnt/pd/tema1/new/results/ml_samples/N2_sw0.15_x-4_i0024.h5
2,50,1.500000000e-01,1.000000000e+00,-4,7.341206058e-01,4.859462309e-01,1636416553,main,fall,1.421000000e+00,1.157486238e-01,4.817417007e-02,9.594525672e-02,1.707140469e+02,false,0,1.102909595e+02,/mnt/pd/tema1/new/results/ml_samples/N2_sw0.15_x-4_i0058.h5
2,50,1.500000000e-01,1.000000000e+00,-4,7.341206058e-01,4.859462309e-01,1962737177,main,fall,3.201000000e+00,1.008705434e-01,3.721304503e-02,9.107376801e-02,1.707140469e+02,false,0,2.114005479e+02,/mnt/pd/tema1/new/results/ml_samples/N2_sw0.15_x-4_i0018.h5
1,50,3.000000000e-01,1.000000000e+00,1,1.069117145e+00,1.415389904e+00,1599280410,main,rise,3.082100000e+01,4.499287619e-02,2.887100536e-02,1.914281924e-03,,false,0,9.072442631e+02,/mnt/pd/tema1/new/results/ml_samples/N1_sw0.30_x+1_i0162.h5
2,50,1.500000000e-01,1.000000000e+00,-4,7.341206058e-01,4.859462309e-01,674235169,main,fall,1.121000000e+00,1.077220811e-01,4.509802843e-02,9.765226391e-02,1.707140469e+02,false,0,9.790753819e+01,/mnt/pd/tema1/new/results/ml_samples/N2_sw0.15_x-4_i0072.h5
2,50,1.500000000e-01,1.000000000e+00,-4,7.341206058e-01,4.859462309e-01,652071419,main,fall,1.511000000e+00,9.275340202e-02,1.556317365e-02,9.991617731e-02,1.707140469e+02,false,0,1.212974174e+02,/mnt/pd/tema1/new/results/ml_samples/N2_sw0.15_x-4_i0062.h5
2,50,1.500000000e-01,1.000000000e+00,-4,7.341206058e-01,4.859462309e-01,1106781008,main,fall,2.231000000e+00,8.928627415e-02,3.145463541e-02,1.077352955e-01,1.707140469e+02,false,0,1.461772823e+02,/mnt/pd/tema1/new/results/ml_samples/N2_sw0.15_x-4_i0056.h5
2,50,1.500000000e-01,1.000000000e+00,-4,7.341206058e-01,4.859462309e-01,677910202,main,fall,2.691000000e+00,9.292877916e-02,2.507286261e-02,8.982272371e-02,1.707140469e+02,false,0,1.837738369e+02,/mnt/pd/tema1/new/results/ml_samples/N2_sw0.15_x-4_i0048.h5
2,50,1.500000000e-01,1.000000000e+00,-4,7.341206058e-01,4.859462309e-01,1045535589,main,fall,2.011000000e+00,9.433502145e-02,2.935160605e-02,1.079233976e-01,1.707140469e+02,false,0,1.426615235e+02,/mnt/pd/tema1/new/results/ml_samples/N2_sw0.15_x-4_i0060.h5
2,50,1.500000000e-01,1.000000000e+00,-4,7.341206058e-01,4.859462309e-01,593808295,main,fall,1.471000000e+00,9.810142905e-02,4.651576845e-02,1.138977270e-01,1.707140469e+02,false,0,1.156129368e+02,/mnt/pd/tema1/new/results/ml_samples/N2_sw0.15_x-4_i0076.h5
2,50,1.500000000e-01,1.000000000e+00,-4,7.341206058e-01,4.859462309e-01,1002154626,main,fall,1.541000000e+00,9.543479551e-02,2.620067605e-02,1.053282231e-01,1.707140469e+02,false,0,1.238846116e+02,/mnt/pd/tema1/new/results/ml_samples/N2_sw0.15_x-4_i0074.h5
2,50,1.500000000e-01,1.000000000e+00,-4,7.341206058e-01,4.859462309e-01,920324327,main,fall,1.451000000e+00,1.037430732e-01,5.070379011e-02,1.095314472e-01,1.707140469e+02,false,0,1.079759782e+02,/mnt/pd/tema1/new/results/ml_samples/N2_sw0.15_x-4_i0082.h5
2,50,1.500000000e-01,1.000000000e+00,-4,7.341206058e-01,4.859462309e-01,2072163288,main,fall,2.011000000e+00,9.474548936e-02,4.063956861e-02,1.083619587e-01,1.707140469e+02,false,0,1.524609054e+02,/mnt/pd/tema1/new/results/ml_samples/N2_sw0.15_x-4_i0064.h5
2,50,1.500000000e-01,1.000000000e+00,-4,7.341206058e-01,4.859462309e-01,1888887054,main,fall,3.261000000e+00,9.961154828e-02,3.937850520e-02,9.868436343e-02,1.707140469e+02,false,0,2.049685322e+02,/mnt/pd/tema1/new/results/ml_samples/N2_sw0.15_x-4_i0054.h5
2,50,1.500000000e-01,1.000000000e+00,-4,7.341206058e-01,4.859462309e-01,1110211721,main,fall,1.921000000e+00,9.649814865e-02,3.460579094e-02,9.981531116e-02,1.707140469e+02,false,0,1.494707860e+02,/mnt/pd/tema1/new/results/ml_samples/N2_sw0.15_x-4_i0078.h5
2,50,1.500000000e-01,1.000000000e+00,-4,7.341206058e-01,4.859462309e-01,1406372862,main,fall,1.731000000e+00,9.952883884e-02,4.009482384e-02,1.086765730e-01,1.707140469e+02,false,0,1.307253576e+02,/mnt/pd/tema1/new/results/ml_samples/N2_sw0.15_x-4_i0080.h5
2,50,1.500000000e-01,1.000000000e+00,-4,7.341206058e-01,4.859462309e-01,904235310,main,fall,3.481000000e+00,9.080308879e-02,3.685926909e-02,9.823576823e-02,1.707140469e+02,false,0,2.303238585e+02,/mnt/pd/tema1/new/results/ml_samples/N2_sw0.15_x-4_i0052.h5
2,50,1.500000000e-01,1.000000000e+00,-4,7.341206058e-01,4.859462309e-01,367761179,main,fall,1.541000000e+00,1.025992045e-01,3.492446942e-02,9.507298171e-02,1.707140469e+02,false,0,1.158211387e+02,/mnt/pd/tema1/new/results/ml_samples/N2_sw0.15_x-4_i0090.h5
2,50,1.500000000e-01,1.000000000e+00,-4,7.341206058e-01,4.859462309e-01,300156809,main,fall,1.541000000e+00,1.074687041e-01,5.783107941e-02,1.112797026e-01,1.707140469e+02,false,0,1.230168762e+02,/mnt/pd/tema1/new/results/ml_samples/N2_sw0.15_x-4_i0094.h5
2,50,1.500000000e-01,1.000000000e+00,-4,7.341206058e-01,4.859462309e-01,1187380527,main,fall,1.901000000e+00,9.586895010e-02,2.908657388e-02,9.688349943e-02,1.707140469e+02,false,0,1.410762859e+02,/mnt/pd/tema1/new/results/ml_samples/N2_sw0.15_x-4_i0092.h5
2,50,1.500000000e-01,1.000000000e+00,-4,7.341206058e-01,4.859462309e-01,999967680,main,fall,5.501000000e+00,9.116196561e-02,2.714171791e-02,9.502318268e-02,1.707140469e+02,false,0,3.209544753e+02,/mnt/pd/tema1/new/results/ml_samples/N2_sw0.15_x-4_i0016.h5
2,50,1.500000000e-01,1.000000000e+00,-4,7.341206058e-01,4.859462309e-01,1670442376,main,fall,1.671000000e+00,9.752371469e-02,2.473645805e-02,1.006598519e-01,1.707140469e+02,false,0,1.323642225e+02,/mnt/pd/tema1/new/results/ml_samples/N2_sw0.15_x-4_i0098.h5
2,50,1.500000000e-01,1.000000000e+00,-4,7.341206058e-01,4.859462309e-01,1093427472,main,fall,1.771000000e+00,1.044921712e-01,4.902173033e-02,1.002149109e-01,1.707140469e+02,false,0,1.354423956e+02,/mnt/pd/tema1/new/results/ml_samples/N2_sw0.15_x-4_i0096.h5
2,50,1.500000000e-01,1.000000000e+00,-2,8.670603029e-01,5.739447754e-01,1431243631,main,fall,1.651000000e+00,9.918504406e-02,2.502454657e-02,9.739578612e-02,2.776751867e+02,false,0,1.158056988e+02,/mnt/pd/tema1/new/results/ml_samples/N2_sw0.15_x-2_i0004.h5
2,50,1.500000000e-01,1.000000000e+00,-4,7.341206058e-01,4.859462309e-01,526019902,main,fall,2.341000000e+00,9.836252878e-02,3.353006187e-02,1.020720108e-01,1.707140469e+02,false,0,1.660811519e+02,/mnt/pd/tema1/new/results/ml_samples/N2_sw0.15_x-4_i0088.h5
2,50,1.500000000e-01,1.000000000e+00,-2,8.670603029e-01,5.739447754e-01,1262699522,main,fall,2.091000000e+00,9.955564671e-02,2.612003075e-02,9.538389086e-02,2.776751867e+02,false,0,1.410726708e+02,/mnt/pd/tema1/new/results/ml_samples/N2_sw0.15_x-2_i0002.h5
2,50,1.500000000e-01,1.000000000e+00,-2,8.670603029e-01,5.739447754e-01,807113299,main,fall,1.781000000e+00,1.099296586e-01,4.166500235e-02,9.597177972e-02,2.776751867e+02,false,0,1.248539817e+02,/mnt/pd/tema1/new/results/ml_samples/N2_sw0.15_x-2_i0012.h5
2,50,1.500000000e-01,1.000000000e+00,-4,7.341206058e-01,4.859462309e-01,1617002148,main,fall,3.441000000e+00,9.104233771e-02,1.692512079e-02,9.290953573e-02,1.707140469e+02,false,0,2.151940151e+02,/mnt/pd/tema1/new/results/ml_samples/N2_sw0.15_x-4_i0084.h5
2,50,1.500000000e-01,1.000000000e+00,-4,7.341206058e-01,4.859462309e-01,76385972,main,fall,6.071000000e+00,8.747007297e-02,2.176643842e-02,1.013240037e-01,1.707140469e+02,false,0,3.530041188e+02,/mnt/pd/tema1/new/results/ml_samples/N2_sw0.15_x-4_i0032.h5
2,50,1.500000000e-01,1.000000000e+00,-2,8.670603029e-01,5.739447754e-01,974743965,main,fall,2.661000000e+00,9.908222965e-02,2.673159595e-02,9.175734616e-02,2.776751867e+02,false,0,1.752454657e+02,/mnt/pd/tema1/new/results/ml_samples/N2_sw0.15_x-2_i0008.h5
2,50,1.500000000e-01,1.000000000e+00,-4,7.341206058e-01,4.859462309e-01,20513747,main,fall,4.501000000e+00,8.362773348e-02,2.062974680e-02,1.054436846e-01,1.707140469e+02,false,0,2.820972530e+02,/mnt/pd/tema1/new/results/ml_samples/N2_sw0.15_x-4_i0070.h5
2,50,1.500000000e-01,1.000000000e+00,-4,7.341206058e-01,4.859462309e-01,1713602070,main,fall,3.391000000e+00,9.117604994e-02,2.366681044e-02,1.006866390e-01,1.707140469e+02,false,0,2.463881032e+02,/mnt/pd/tema1/new/results/ml_samples/N2_sw0.15_x-4_i0086.h5
2,50,1.500000000e-01,1.000000000e+00,-2,8.670603029e-01,5.739447754e-01,646996714,main,fall,2.201000000e+00,9.273138964e-02,2.235967509e-02,1.008241063e-01,2.776751867e+02,false,0,1.439231797e+02,/mnt/pd/tema1/new/results/ml_samples/N2_sw0.15_x-2_i0022.h5
2,50,1.500000000e-01,1.000000000e+00,-4,7.341206058e-01,4.859462309e-01,1362961869,main,fall,4.921000000e+00,8.923754866e-02,3.170868606e-02,1.061335943e-01,1.707140469e+02,false,0,2.912328046e+02,/mnt/pd/tema1/new/results/ml_samples/N2_sw0.15_x-4_i0068.h5
2,50,1.500000000e-01,1.000000000e+00,-2,8.670603029e-01,5.739447754e-01,1400925991,main,fall,1.811000000e+00,1.008262303e-01,3.151325968e-02,9.925280466e-02,2.776751867e+02,false,0,1.261473222e+02,/mnt/pd/tema1/new/results/ml_samples/N2_sw0.15_x-2_i0030.h5
2,50,1.500000000e-01,1.000000000e+00,-2,8.670603029e-01,5.739447754e-01,603931462,main,fall,1.721000000e+00,1.055900926e-01,4.427663915e-02,1.077034732e-01,2.776751867e+02,false,0,1.262985829e+02,/mnt/pd/tema1/new/results/ml_samples/N2_sw0.15_x-2_i0032.h5
2,50,1.500000000e-01,1.000000000e+00,-4,7.341206058e-01,4.859462309e-01,1884460336,main,fall,5.061000000e+00,9.388144992e-02,2.750307598e-02,9.643350689e-02,1.707140469e+02,false,0,3.082061048e+02,/mnt/pd/tema1/new/results/ml_samples/N2_sw0.15_x-4_i0066.h5
2,50,1.500000000e-01,1.000000000e+00,-2,8.670603029e-01,5.739447754e-01,188315486,main,fall,3.541000000e+00,1.005309853e-01,2.824702891e-02,9.315846472e-02,2.776751867e+02,false,0,2.258946863e+02,/mnt/pd/tema1/new/results/ml_samples/N2_sw0.15_x-2_i0000.h5
2,50,1.500000000e-01,1.000000000e+00,-2,8.670603029e-01,5.739447754e-01,492631255,main,fall,1.431000000e+00,1.047981396e-01,3.137539094e-02,1.018790878e-01,2.776751867e+02,false,0,1.076732751e+02,/mnt/pd/tema1/new/results/ml_samples/N2_sw0.15_x-2_i0040.h5
2,50,1.500000000e-01,1.000000000e+00,-2,8.670603029e-01,5.739447754e-01,497126480,main,fall,1.711000000e+00,1.048130127e-01,3.055212200e-02,9.285771791e-02,2.776751867e+02,false,0,1.199503941e+02,/mnt/pd/tema1/new/results/ml_samples/N2_sw0.15_x-2_i0042.h5
2,50,1.500000000e-01,1.000000000e+00,-2,8.670603029e-01,5.739447754e-01,1066857398,main,fall,1.571000000e+00,1.014112960e-01,4.221692447e-02,1.106671395e-01,2.776751867e+02,false,0,1.135586473e+02,/mnt/pd/tema1/new/results/ml_samples/N2_sw0.15_x-2_i0048.h5
2,50,1.500000000e-01,1.000000000e+00,-2,8.670603029e-01,5.739447754e-01,1710359651,main,fall,4.271000000e+00,9.693202238e-02,2.138303512e-02,9.688403441e-02,2.776751867e+02,false,0,2.581069103e+02,/mnt/pd/tema1/new/results/ml_samples/N2_sw0.15_x-2_i0014.h5
2,50,1.500000000e-01,1.000000000e+00,-2,8.670603029e-01,5.739447754e-01,1688150202,main,fall,3.631000000e+00,1.029097280e-01,2.358744406e-02,8.893138538e-02,2.776751867e+02,false,0,2.217744168e+02,/mnt/pd/tema1/new/results/ml_samples/N2_sw0.15_x-2_i0026.h5
2,50,1.500000000e-01,1.000000000e+00,-2,8.670603029e-01,5.739447754e-01,949864579,main,fall,2.971000000e+00,1.032583426e-01,4.118072519e-02,1.002310047e-01,2.776751867e+02,false,0,1.893069354e+02,/mnt/pd/tema1/new/results/ml_samples/N2_sw0.15_x-2_i0036.h5
2,50,1.500000000e-01,1.000000000e+00,-2,8.670603029e-01,5.739447754e-01,1857296009,main,fall,3.861000000e+00,9.867124958e-02,3.098995003e-02,9.737686421e-02,2.776751867e+02,false,0,2.363452226e+02,/mnt/pd/tema1/new/results/ml_samples/N2_sw0.15_x-2_i0024.h5
2,50,1.500000000e-01,1.000000000e+00,-2,8.670603029e-01,5.739447754e-01,1094413766,main,fall,1.381000000e+00,9.744388068e-02,2.550877320e-02,1.047311133e-01,2.776751867e+02,false,0,1.016526970e+02,/mnt/pd/tema1/new/results/ml_samples/N2_sw0.15_x-2_i0068.h5
2,50,1.500000000e-01,1.000000000e+00,-2,8.670603029e-01,5.739447754e-01,1826252211,main,fall,2.811000000e+00,1.042288135e-01,3.410510477e-02,9.064881818e-02,2.776751867e+02,false,0,1.815546896e+02,/mnt/pd/tema1/new/results/ml_samples/N2_sw0.15_x-2_i0046.h5
2,50,1.500000000e-01,1.000000000e+00,-2,8.670603029e-01,5.739447754e-01,1195199736,main,fall,3.101000000e+00,9.086233287e-02,2.088986680e-02,1.015631717e-01,2.776751867e+02,false,0,1.945405194e+02,/mnt/pd/tema1/new/results/ml_samples/N2_sw0.15_x-2_i0044.h5
2,50,1.500000000e-01,1.000000000e+00,-2,8.670603029e-01,5.739447754e-01,967485714,main,fall,2.781000000e+00,1.024014257e-01,4.402981165e-02,1.053376101e-01,2.776751867e+02,false,0,1.812331860e+02,/mnt/pd/tema1/new/results/ml_samples/N2_sw0.15_x-2_i0054.h5
2,50,1.500000000e-01,1.000000000e+00,-2,8.670603029e-01,5.739447754e-01,393745821,main,fall,1.701000000e+00,9.390979207e-02,2.246456729e-02,1.099335841e-01,2.776751867e+02,false,0,1.184529399e+02,/mnt/pd/tema1/new/results/ml_samples/N2_sw0.15_x-2_i0074.h5
2,50,1.500000000e-01,1.000000000e+00,-2,8.670603029e-01,5.739447754e-01,1929160565,main,fall,5.141000000e+00,9.781898583e-02,2.652070576e-02,9.404744245e-02,2.776751867e+02,false,0,3.030164852e+02,/mnt/pd/tema1/new/results/ml_samples/N2_sw0.15_x-2_i0020.h5
2,50,1.500000000e-01,1.000000000e+00,-2,8.670603029e-01,5.739447754e-01,1387108424,main,fall,3.221000000e+00,9.837491146e-02,2.977629869e-02,1.013082421e-01,2.776751867e+02,false,0,2.030084548e+02,/mnt/pd/tema1/new/results/ml_samples/N2_sw0.15_x-2_i0052.h5
2,50,1.500000000e-01,1.000000000e+00,-2,8.670603029e-01,5.739447754e-01,664281850,main,fall,5.921000000e+00,9.293314281e-02,1.667850445e-02,9.431494133e-02,2.776751867e+02,false,0,3.476436568e+02,/mnt/pd/tema1/new/results/ml_samples/N2_sw0.15_x-2_i0010.h5
2,50,1.500000000e-01,1.000000000e+00,-2,8.670603029e-01,5.739447754e-01,571559380,main,fall,2.221000000e+00,1.021635692e-01,3.384431660e-02,9.797126319e-02,2.776751867e+02,false,0,1.701231187e+02,/mnt/pd/tema1/new/results/ml_samples/N2_sw0.15_x-2_i0066.h5
2,50,1.500000000e-01,1.000000000e+00,-2,8.670603029e-01,5.739447754e-01,1828632971,main,fall,6.421000000e+00,9.695422152e-02,2.029331728e-02,9.309719757e-02,2.776751867e+02,false,0,3.711921951e+02,/mnt/pd/tema1/new/results/ml_samples/N2_sw0.15_x-2_i0006.h5
2,50,1.500000000e-01,1.000000000e+00,-2,8.670603029e-01,5.739447754e-01,2077165324,main,fall,1.221000000e+00,1.214620623e-01,6.077075447e-02,1.069898648e-01,2.776751867e+02,false,0,9.724419102e+01,/mnt/pd/tema1/new/results/ml_samples/N2_sw0.15_x-2_i0080.h5
2,50,1.500000000e-01,1.000000000e+00,-2,8.670603029e-01,5.739447754e-01,392072146,main,fall,3.191000000e+00,9.608786678e-02,2.548835563e-02,9.624159124e-02,2.776751867e+02,false,0,2.057602558e+02,/mnt/pd/tema1/new/results/ml_samples/N2_sw0.15_x-2_i0056.h5
2,50,1.500000000e-01,1.000000000e+00,-2,8.670603029e-01,5.739447754e-01,1463202824,main,fall,5.011000000e+00,9.903499255e-02,2.903995353e-02,9.596971455e-02,2.776751867e+02,false,0,2.977257278e+02,/mnt/pd/tema1/new/results/ml_samples/N2_sw0.15_x-2_i0038.h5
2,50,1.500000000e-01,1.000000000e+00,-2,8.670603029e-01,5.739447754e-01,1510869986,main,fall,5.631000000e+00,9.688971047e-02,1.834470234e-02,9.358052522e-02,2.776751867e+02,false,0,3.298273940e+02,/mnt/pd/tema1/new/results/ml_samples/N2_sw0.15_x-2_i0028.h5
2,50,1.500000000e-01,1.000000000e+00,-2,8.670603029e-01,5.739447754e-01,1044861018,main,fall,1.581000000e+00,1.131068375e-01,4.082582612e-02,1.023324917e-01,2.776751867e+02,false,0,1.158779383e+02,/mnt/pd/tema1/new/results/ml_samples/N2_sw0.15_x-2_i0082.h5
2,50,1.500000000e-01,1.000000000e+00,-2,8.670603029e-01,5.739447754e-01,1762884262,main,fall,3.621000000e+00,1.012692363e-01,3.047826525e-02,1.051950830e-01,2.776751867e+02,false,0,2.211720198e+02,/mnt/pd/tema1/new/results/ml_samples/N2_sw0.15_x-2_i0062.h5
2,50,1.500000000e-01,1.000000000e+00,-2,8.670603029e-01,5.739447754e-01,505500186,main,fall,4.441000000e+00,9.188901691e-02,1.554746323e-02,9.710865571e-02,2.776751867e+02,false,0,2.667619159e+02,/mnt/pd/tema1/new/results/ml_samples/N2_sw0.15_x-2_i0050.h5
2,50,1.500000000e-01,1.000000000e+00,-2,8.670603029e-01,5.739447754e-01,1991944065,main,fall,3.621000000e+00,1.002185687e-01,2.927740420e-02,9.411376513e-02,2.776751867e+02,false,0,2.230238494e+02,/mnt/pd/tema1/new/results/ml_samples/N2_sw0.15_x-2_i0064.h5
2,50,1.500000000e-01,1.000000000e+00,-2,8.670603029e-01,5.739447754e-01,394194881,main,fall,6.641000000e+00,9.321748961e-02,2.353027446e-02,9.656998598e-02,2.776751867e+02,false,0,3.814887475e+02,/mnt/pd/tema1/new/results/ml_samples/N2_sw0.15_x-2_i0018.h5
2,50,1.500000000e-01,1.000000000e+00,-2,8.670603029e-01,5.739447754e-01,477906268,main,fall,6.931000000e+00,9.844263401e-02,2.813413593e-02,9.296997981e-02,2.776751867e+02,false,0,3.984680236e+02,/mnt/pd/tema1/new/results/ml_samples/N2_sw0.15_x-2_i0016.h5
2,50,1.500000000e-01,1.000000000e+00,-2,8.670603029e-01,5.739447754e-01,407775050,main,fall,2.171000000e+00,9.703619802e-02,2.702203060e-02,9.710227680e-02,2.776751867e+02,false,0,1.469097062e+02,/mnt/pd/tema1/new/results/ml_samples/N2_sw0.15_x-2_i0084.h5
2,50,1.500000000e-01,1.000000000e+00,-2,8.670603029e-01,5.739447754e-01,2084885450,main,fall,4.051000000e+00,9.281435250e-02,1.713032728e-02,9.653229302e-02,2.776751867e+02,false,0,2.578893680e+02,/mnt/pd/tema1/new/results/ml_samples/N2_sw0.15_x-2_i0058.h5
2,50,1.500000000e-01,1.000000000e+00,-2,8.670603029e-01,5.739447754e-01,354924497,main,fall,2.041000000e+00,9.739834462e-02,2.982610408e-02,1.030402984e-01,2.776751867e+02,false,0,1.444166537e+02,/mnt/pd/tema1/new/results/ml_samples/N2_sw0.15_x-2_i0094.h5
2,50,1.500000000e-01,1.000000000e+00,-2,8.670603029e-01,5.739447754e-01,1482200818,main,fall,4.221000000e+00,9.124837043e-02,2.062897469e-02,9.873515138e-02,2.776751867e+02,false,0,2.797462812e+02,/mnt/pd/tema1/new/results/ml_samples/N2_sw0.15_x-2_i0070.h5
2,50,1.500000000e-01,1.000000000e+00,-2,8.670603029e-01,5.739447754e-01,852724370,main,fall,2.541000000e+00,9.141825757e-02,1.413735739e-02,1.010634482e-01,2.776751867e+02,false,0,1.638824357e+02,/mnt/pd/tema1/new/results/ml_samples/N2_sw0.15_x-2_i0096.h5
2,50,1.500000000e-01,1.000000000e+00,-2,8.670603029e-01,5.739447754e-01,1452899887,main,fall,5.261000000e+00,9.750537439e-02,2.218421208e-02,8.874828160e-02,2.776751867e+02,false,0,3.088884307e+02,/mnt/pd/tema1/new/results/ml_samples/N2_sw0.15_x-2_i0076.h5
2,50,1.500000000e-01,1.000000000e+00,-1,9.335301514e-01,6.179440476e-01,349304014,main,fall,2.791000000e+00,9.515814847e-02,2.447396777e-02,1.043008574e-01,3.434660602e+02,false,0,1.765873413e+02,/mnt/pd/tema1/new/results/ml_samples/N2_sw0.15_x-1_i0008.h5
2,50,1.500000000e-01,1.000000000e+00,-1,9.335301514e-01,6.179440476e-01,222992988,main,fall,2.811000000e+00,9.988005354e-02,2.319139511e-02,9.408698872e-02,3.434660602e+02,false,0,1.785019365e+02,/mnt/pd/tema1/new/results/ml_samples/N2_sw0.15_x-1_i0010.h5
2,50,1.500000000e-01,1.000000000e+00,-2,8.670603029e-01,5.739447754e-01,576525003,main,fall,4.371000000e+00,9.862402896e-02,3.324346851e-02,9.437373268e-02,2.776751867e+02,false,0,2.697826237e+02,/mnt/pd/tema1/new/results/ml_samples/N2_sw0.15_x-2_i0098.h5
2,50,1.500000000e-01,1.000000000e+00,-1,9.335301514e-01,6.179440476e-01,570195290,main,fall,3.391000000e+00,9.745030365e-02,2.363699920e-02,9.725808379e-02,3.434660602e+02,false,0,2.251512266e+02,/mnt/pd/tema1/new/results/ml_samples/N2_sw0.15_x-1_i0014.h5
2,50,1.500000000e-01,1.000000000e+00,-1,9.335301514e-01,6.179440476e-01,1346688353,main,fall,3.361000000e+00,9.852533898e-02,2.385503240e-02,9.665887303e-02,3.434660602e+02,false,0,2.075672359e+02,/mnt/pd/tema1/new/results/ml_samples/N2_sw0.15_x-1_i0024.h5
2,50,1.500000000e-01,1.000000000e+00,-1,9.335301514e-01,6.179440476e-01,1173944031,main,fall,3.401000000e+00,1.006175307e-01,1.858109888e-02,9.391263644e-02,3.434660602e+02,false,0,2.108403147e+02,/mnt/pd/tema1/new/results/ml_samples/N2_sw0.15_x-1_i0020.h5
2,50,1.500000000e-01,1.000000000e+00,-2,8.670603029e-01,5.739447754e-01,1567963447,main,fall,6.941000000e+00,9.222002899e-02,2.224495526e-02,9.888077715e-02,2.776751867e+02,false,0,4.239769630e+02,/mnt/pd/tema1/new/results/ml_samples/N2_sw0.15_x-2_i0072.h5
2,50,1.500000000e-01,1.000000000e+00,-1,9.335301514e-01,6.179440476e-01,905198703,main,fall,4.741000000e+00,9.338850059e-02,1.933328513e-02,1.018137328e-01,3.434660602e+02,false,0,2.784668421e+02,/mnt/pd/tema1/new/results/ml_samples/N2_sw0.15_x-1_i0002.h5
2,50,1.500000000e-01,1.000000000e+00,-1,9.335301514e-01,6.179440476e-01,2147315086,main,fall,2.561000000e+00,1.110103680e-01,4.663128967e-02,9.570864730e-02,3.434660602e+02,false,0,1.669605056e+02,/mnt/pd/tema1/new/results/ml_samples/N2_sw0.15_x-1_i0034.h5
2,50,1.500000000e-01,1.000000000e+00,-1,9.335301514e-01,6.179440476e-01,536216030,main,fall,2.451000000e+00,1.074766098e-01,2.352673697e-02,9.138528430e-02,3.434660602e+02,false,0,1.597444133e+02,/mnt/pd/tema1/new/results/ml_samples/N2_sw0.15_x-1_i0036.h5
2,50,1.500000000e-01,1.000000000e+00,-2,8.670603029e-01,5.739447754e-01,1356112057,main,fall,6.851000000e+00,9.132101121e-02,1.200708441e-02,9.488598284e-02,2.776751867e+02,false,0,3.903642411e+02,/mnt/pd/tema1/new/results/ml_samples/N2_sw0.15_x-2_i0090.h5
2,50,1.500000000e-01,1.000000000e+00,-1,9.335301514e-01,6.179440476e-01,7825092,main,fall,3.891000000e+00,9.793009236e-02,1.908319042e-02,9.383409528e-02,3.434660602e+02,false,0,2.357032045e+02,/mnt/pd/tema1/new/results/ml_samples/N2_sw0.15_x-1_i0032.h5
2,50,1.500000000e-01,1.000000000e+00,-1,9.335301514e-01,6.179440476e-01,566726110,main,fall,6.091000000e+00,9.666478429e-02,2.227035544e-02,9.543329820e-02,3.434660602e+02,false,0,3.529044729e+02,/mnt/pd/tema1/new/results/ml_samples/N2_sw0.15_x-1_i0004.h5
2,50,1.500000000e-01,1.000000000e+00,-1,9.335301514e-01,6.179440476e-01,1407433780,main,fall,1.461000000e+00,1.011582199e-01,2.957455029e-02,1.035880762e-01,3.434660602e+02,false,0,1.080772961e+02,/mnt/pd/tema1/new/results/ml_samples/N2_sw0.15_x-1_i0056.h5
2,50,1.500000000e-01,1.000000000e+00,-1,9.335301514e-01,6.179440476e-01,1687759707,main,fall,2.371000000e+00,9.862344567e-02,2.516873278e-02,9.922752678e-02,3.434660602e+02,false,0,1.551102655e+02,/mnt/pd/tema1/new/results/ml_samples/N2_sw0.15_x-1_i0052.h5
2,50,1.500000000e-01,1.000000000e+00,-2,8.670603029e-01,5.739447754e-01,1930426218,main,fall,9.831000000e+00,9.286320216e-02,1.787826810e-02,9.498840924e-02,2.776751867e+02,false,0,5.505889071e+02,/mnt/pd/tema1/new/results/ml_samples/N2_sw0.15_x-2_i0078.h5
2,50,1.500000000e-01,1.000000000e+00,-1,9.335301514e-01,6.179440476e-01,320552816,main,fall,3.671000000e+00,9.363951327e-02,9.397504634e-03,9.881658821e-02,3.434660602e+02,false,0,2.209292601e+02,/mnt/pd/tema1/new/results/ml_samples/N2_sw0.15_x-1_i0044.h5
2,50,1.500000000e-01,1.000000000e+00,-1,9.335301514e-01,6.179440476e-01,1132772249,main,fall,7.501000000e+00,9.536452089e-02,1.330762183e-02,9.411110738e-02,3.434660602e+02,false,0,4.256400608e+02,/mnt/pd/tema1/new/results/ml_samples/N2_sw0.15_x-1_i0022.h5
2,50,1.500000000e-01,1.000000000e+00,-1,9.335301514e-01,6.179440476e-01,1689833243,main,fall,8.241000000e+00,9.824070292e-02,1.651494748e-02,9.308459124e-02,3.434660602e+02,false,0,4.716817061e+02,/mnt/pd/tema1/new/results/ml_samples/N2_sw0.15_x-1_i0012.h5
2,50,1.500000000e-01,1.000000000e+00,-2,8.670603029e-01,5.739447754e-01,586438167,main,fall,1.276100000e+01,8.948106715e-02,1.586486813e-02,9.770853930e-02,2.776751867e+02,false,0,7.081610976e+02,/mnt/pd/tema1/new/results/ml_samples/N2_sw0.15_x-2_i0060.h5
2,50,1.500000000e-01,1.000000000e+00,-2,8.670603029e-01,5.739447754e-01,1244475226,main,fall,1.088100000e+01,9.338119871e-02,1.136753593e-02,9.630040799e-02,2.776751867e+02,false,0,6.040047023e+02,/mnt/pd/tema1/new/results/ml_samples/N2_sw0.15_x-2_i0088.h5
2,50,1.500000000e-01,1.000000000e+00,-2,8.670603029e-01,5.739447754e-01,1818309314,main,fall,1.138100000e+01,9.690595351e-02,1.594736518e-02,9.404470230e-02,2.776751867e+02,false,0,6.328768497e+02,/mnt/pd/tema1/new/results/ml_samples/N2_sw0.15_x-2_i0086.h5
2,50,1.500000000e-01,1.000000000e+00,-1,9.335301514e-01,6.179440476e-01,10097677,main,fall,2.161000000e+00,1.000675118e-01,2.397634138e-02,9.599359145e-02,3.434660602e+02,false,0,1.438127913e+02,/mnt/pd/tema1/new/results/ml_samples/N2_sw0.15_x-1_i0068.h5
2,50,1.500000000e-01,1.000000000e+00,-1,9.335301514e-01,6.179440476e-01,1795215072,main,fall,9.951000000e+00,1.022294001e-01,1.350588353e-02,9.588468168e-02,3.434660602e+02,false,0,5.555859402e+02,/mnt/pd/tema1/new/results/ml_samples/N2_sw0.15_x-1_i0016.h5
2,50,1.500000000e-01,1.000000000e+00,-2,8.670603029e-01,5.739447754e-01,793635858,main,fall,1.176100000e+01,9.761650230e-02,1.851870104e-02,9.180782024e-02,2.776751867e+02,false,0,6.531790596e+02,/mnt/pd/tema1/new/results/ml_samples/N2_sw0.15_x-2_i0092.h5
2,50,1.500000000e-01,1.000000000e+00,-1,9.335301514e-01,6.179440476e-01,1249149594,main,fall,7.971000000e+00,9.842933677e-02,2.106831140e-02,9.363933330e-02,3.434660602e+02,false,0,4.761431432e+02,/mnt/pd/tema1/new/results/ml_samples/N2_sw0.15_x-1_i0038.h5
2,50,1.500000000e-01,1.000000000e+00,-1,9.335301514e-01,6.179440476e-01,1084692754,main,fall,1.047100000e+01,9.771164658e-02,1.504963437e-02,9.261066808e-02,3.434660602e+02,false,0,5.865051116e+02,/mnt/pd/tema1/new/results/ml_samples/N2_sw0.15_x-1_i0028.h5
2,50,1.500000000e-01,1.000000000e+00,-1,9.335301514e-01,6.179440476e-01,1897480771,main,fall,1.067100000e+01,9.424674879e-02,1.271004850e-02,9.174169705e-02,3.434660602e+02,false,0,5.938506740e+02,/mnt/pd/tema1/new/results/ml_samples/N2_sw0.15_x-1_i0030.h5
2,50,1.500000000e-01,1.000000000e+00,-1,9.335301514e-01,6.179440476e-01,1411904186,main,fall,2.131000000e+00,9.768788571e-02,2.513665262e-02,1.045865608e-01,3.434660602e+02,false,0,1.421629182e+02,/mnt/pd/tema1/new/results/ml_samples/N2_sw0.15_x-1_i0078.h5
2,50,1.500000000e-01,1.000000000e+00,-1,9.335301514e-01,6.179440476e-01,395866022,main,fall,5.701000000e+00,9.782904045e-02,2.165348680e-02,9.338298422e-02,3.434660602e+02,false,0,3.327824896e+02,/mnt/pd/tema1/new/results/ml_samples/N2_sw0.15_x-1_i0062.h5
2,50,1.500000000e-01,1.000000000e+00,-1,9.335301514e-01,6.179440476e-01,281231749,main,fall,2.211000000e+00,1.033767376e-01,3.950553419e-02,1.030521725e-01,3.434660602e+02,false,0,1.481179150e+02,/mnt/pd/tema1/new/results/ml_samples/N2_sw0.15_x-1_i0084.h5
2,50,1.500000000e-01,1.000000000e+00,-2,8.670603029e-01,5.739447754e-01,2066203802,main,fall,1.845100000e+01,9.227349710e-02,1.428097396e-02,9.345322728e-02,2.776751867e+02,false,0,1.007143699e+03,/mnt/pd/tema1/new/results/ml_samples/N2_sw0.15_x-2_i0034.h5
2,50,1.500000000e-01,1.000000000e+00,-1,9.335301514e-01,6.179440476e-01,617072185,main,fall,3.121000000e+00,1.003824585e-01,2.420694718e-02,9.572127287e-02,3.434660602e+02,false,0,1.940746425e+02,/mnt/pd/tema1/new/results/ml_samples/N2_sw0.15_x-1_i0080.h5
2,50,1.500000000e-01,1.000000000e+00,-1,9.335301514e-01,6.179440476e-01,1835471653,main,fall,1.255100000e+01,9.635614974e-02,1.002017037e-02,9.386059234e-02,3.434660602e+02,false,0,6.941158923e+02,/mnt/pd/tema1/new/results/ml_samples/N2_sw0.15_x-1_i0018.h5
2,50,1.500000000e-01,1.000000000e+00,-1,9.335301514e-01,6.179440476e-01,1972124264,main,fall,4.671000000e+00,9.442425032e-02,2.290067661e-02,1.004726489e-01,3.434660602e+02,false,0,2.787069053e+02,/mnt/pd/tema1/new/results/ml_samples/N2_sw0.15_x-1_i0074.h5
2,50,1.500000000e-01,1.000000000e+00,-1,9.335301514e-01,6.179440476e-01,550898024,main,fall,3.241000000e+00,9.651975780e-02,1.700581422e-02,9.668606461e-02,3.434660602e+02,false,0,1.997117436e+02,/mnt/pd/tema1/new/results/ml_samples/N2_sw0.15_x-1_i0096.h5
2,50,1.500000000e-01,1.000000000e+00,-1,9.335301514e-01,6.179440476e-01,1520226815,main,fall,3.931000000e+00,9.892010841e-02,2.444416583e-02,9.577851148e-02,3.434660602e+02,false,0,2.360765465e+02,/mnt/pd/tema1/new/results/ml_samples/N2_sw0.15_x-1_i0090.h5
2,50,1.500000000e-01,1.000000000e+00,-4,7.341206058e-01,4.859462309e-01,1851211420,main,fall,2.489100000e+01,8.829234591e-02,1.270012644e-02,9.759845026e-02,1.707140469e+02,false,0,1.441501158e+03,/mnt/pd/tema1/new/results/ml_samples/N2_sw0.15_x-4_i0042.h5
2,50,1.500000000e-01,1.000000000e+00,-1,9.335301514e-01,6.179440476e-01,1677069841,main,fall,8.191000000e+00,1.010924631e-01,2.164816788e-02,8.498400354e-02,3.434660602e+02,false,0,4.673169994e+02,/mnt/pd/tema1/new/results/ml_samples/N2_sw0.15_x-1_i0070.h5
2,50,1.500000000e-01,1.000000000e+00,-1,9.335301514e-01,6.179440476e-01,202349331,main,fall,2.311000000e+00,1.020612935e-01,3.146747014e-02,1.011388582e-01,3.434660602e+02,false,0,1.518495382e+02,/mnt/pd/tema1/new/results/ml_samples/N2_sw0.15_x-1_i0108.h5
2,50,1.500000000e-01,1.000000000e+00,-1,9.335301514e-01,6.179440476e-01,347167946,main,fall,1.309100000e+01,9.190930623e-02,9.838592958e-03,9.562007755e-02,3.434660602e+02,false,0,7.219557931e+02,/mnt/pd/tema1/new/results/ml_samples/N2_sw0.15_x-1_i0040.h5
2,50,1.500000000e-01,1.000000000e+00,-1,9.335301514e-01,6.179440476e-01,85223257,main,fall,3.201000000e+00,9.463759946e-02,1.524222397e-02,9.864026371e-02,3.434660602e+02,false,0,1.978825023e+02,/mnt/pd/tema1/new/results/ml_samples/N2_sw0.15_x-1_i0106.h5
2,50,1.500000000e-01,1.000000000e+00,-1,9.335301514e-01,6.179440476e-01,50616010,main,fall,6.111000000e+00,9.432698451e-02,1.888584987e-02,9.571421781e-02,3.434660602e+02,false,0,3.646863267e+02,/mnt/pd/tema1/new/results/ml_samples/N2_sw0.15_x-1_i0086.h5
2,50,1.500000000e-01,1.000000000e+00,-1,9.335301514e-01,6.179440476e-01,851111469,main,fall,1.153100000e+01,9.432705652e-02,1.393187943e-02,9.219459782e-02,3.434660602e+02,false,0,6.474302933e+02,/mnt/pd/tema1/new/results/ml_samples/N2_sw0.15_x-1_i0060.h5
2,50,1.500000000e-01,1.000000000e+00,-1,9.335301514e-01,6.179440476e-01,1152017707,main,fall,1.059100000e+01,9.438367497e-02,1.390024579e-02,9.559604206e-02,3.434660602e+02,false,0,5.883982999e+02,/mnt/pd/tema1/new/results/ml_samples/N2_sw0.15_x-1_i0066.h5
2,50,1.500000000e-01,1.000000000e+00,-1,9.335301514e-01,6.179440476e-01,300040309,main,fall,5.981000000e+00,9.651784601e-02,1.642745878e-02,9.180019019e-02,3.434660602e+02,false,0,3.466211982e+02,/mnt/pd/tema1/new/results/ml_samples/N2_sw0.15_x-1_i0092.h5
2,50,1.500000000e-01,1.000000000e+00,-1,9.335301514e-01,6.179440476e-01,388965920,main,fall,5.421000000e+00,9.835302730e-02,2.598681053e-02,9.514464173e-02,3.434660602e+02,false,0,3.180238586e+02,/mnt/pd/tema1/new/results/ml_samples/N2_sw0.15_x-1_i0098.h5
2,50,1.500000000e-01,1.000000000e+00,-1,9.335301514e-01,6.179440476e-01,1696075767,main,fall,5.261000000e+00,9.551974686e-02,1.770224136e-02,9.589648148e-02,3.434660602e+02,false,0,3.090839660e+02,/mnt/pd/tema1/new/results/ml_samples/N2_sw0.15_x-1_i0100.h5
2,50,1.500000000e-01,1.000000000e+00,-1,9.335301514e-01,6.179440476e-01,1745293026,main,fall,2.481000000e+00,9.264291640e-02,8.772799597e-03,9.924502247e-02,3.434660602e+02,false,0,1.578109747e+02,/mnt/pd/tema1/new/results/ml_samples/N2_sw0.15_x-1_i0112.h5
2,50,1.500000000e-01,1.000000000e+00,-1,9.335301514e-01,6.179440476e-01,156716047,main,fall,1.022100000e+01,9.603543310e-02,1.322229193e-02,9.099442795e-02,3.434660602e+02,false,0,5.751487129e+02,/mnt/pd/tema1/new/results/ml_samples/N2_sw0.15_x-1_i0072.h5
2,50,1.500000000e-01,1.000000000e+00,-1,9.335301514e-01,6.179440476e-01,1932461294,main,fall,1.312100000e+01,9.504279412e-02,9.174602817e-03,9.659412135e-02,3.434660602e+02,false,0,7.210302273e+02,/mnt/pd/tema1/new/results/ml_samples/N2_sw0.15_x-1_i0064.h5
2,50,1.500000000e-01,1.000000000e+00,-1,9.335301514e-01,6.179440476e-01,1265711663,main,fall,8.691000000e+00,9.472033230e-02,1.605020228e-02,9.415350146e-02,3.434660602e+02,false,0,4.900061378e+02,/mnt/pd/tema1/new/results/ml_samples/N2_sw0.15_x-1_i0088.h5
2,50,1.500000000e-01,1.000000000e+00,-1,9.335301514e-01,6.179440476e-01,1396771102,main,fall,2.981000000e+00,1.017880555e-01,1.852543529e-02,9.277736765e-02,3.434660602e+02,false,0,1.857181100e+02,/mnt/pd/tema1/new/results/ml_samples/N2_sw0.15_x-1_i0126.h5
2,50,1.500000000e-01,1.000000000e+00,-1,9.335301514e-01,6.179440476e-01,826701000,main,fall,2.351000000e+00,1.067511880e-01,3.976504746e-02,9.911464321e-02,3.434660602e+02,false,0,1.554785180e+02,/mnt/pd/tema1/new/results/ml_samples/N2_sw0.15_x-1_i0134.h5
2,50,1.500000000e-01,1.000000000e+00,-1,9.335301514e-01,6.179440476e-01,652183533,main,fall,2.190100000e+01,9.588080618e-02,1.363940778e-02,9.109612693e-02,3.434660602e+02,false,0,1.191525366e+03,/mnt/pd/tema1/new/results/ml_samples/N2_sw0.15_x-1_i0000.h5
2,50,1.500000000e-01,1.000000000e+00,-1,9.335301514e-01,6.179440476e-01,462350355,main,fall,5.391000000e+00,1.043217394e-01,2.047702789e-02,9.445243206e-02,3.434660602e+02,false,0,3.178584727e+02,/mnt/pd/tema1/new/results/ml_samples/N2_sw0.15_x-1_i0110.h5
2,50,1.500000000e-01,1.000000000e+00,-1,9.335301514e-01,6.179440476e-01,739852327,main,fall,7.211000000e+00,9.740747208e-02,1.587959121e-02,9.464156356e-02,3.434660602e+02,false,0,4.691886090e+02,/mnt/pd/tema1/new/results/ml_samples/N2_sw0.15_x-1_i0104.h5
2,50,1.500000000e-01,1.000000000e+00,-1,9.335301514e-01,6.179440476e-01,1421092245,main,fall,5.651000000e+00,9.416287135e-02,1.164028021e-02,1.012727441e-01,3.434660602e+02,false,0,3.241576003e+02,/mnt/pd/tema1/new/results/ml_samples/N2_sw0.15_x-1_i0116.h5
2,50,1.500000000e-01,1.000000000e+00,-1,9.335301514e-01,6.179440476e-01,1697665729,main,fall,4.951000000e+00,9.546967017e-02,1.699969574e-02,9.364463636e-02,3.434660602e+02,false,0,2.915189048e+02,/mnt/pd/tema1/new/results/ml_samples/N2_sw0.15_x-1_i0122.h5
2,50,1.500000000e-01,1.000000000e+00,-1,9.335301514e-01,6.179440476e-01,706151824,main,fall,2.401000000e+00,1.041064103e-01,1.940148222e-02,8.653399006e-02,3.434660602e+02,false,0,1.553167624e+02,/mnt/pd/tema1/new/results/ml_samples/N2_sw0.15_x-1_i0142.h5
2,50,1.500000000e-01,1.000000000e+00,-1,9.335301514e-01,6.179440476e-01,499452506,main,fall,1.908100000e+01,9.407681904e-02,1.113912250e-02,9.109368456e-02,3.434660602e+02,false,0,1.047335737e+03,/mnt/pd/tema1/new/results/ml_samples/N2_sw0.15_x-1_i0050.h5
2,50,1.500000000e-01,1.000000000e+00,-1,9.335301514e-01,6.179440476e-01,444844783,main,fall,5.511000000e+00,9.607226694e-02,1.736890249e-02,9.520257770e-02,3.434660602e+02,false,0,3.311517456e+02,/mnt/pd/tema1/new/results/ml_samples/N2_sw0.15_x-1_i0128.h5
2,50,1.500000000e-01,1.000000000e+00,-1,9.335301514e-01,6.179440476e-01,1981233787,main,fall,1.476100000e+01,9.461947885e-02,1.230919761e-02,9.415418814e-02,3.434660602e+02,false,0,8.098850398e+02,/mnt/pd/tema1/new/results/ml_samples/N2_sw0.15_x-1_i0076.h5
2,50,1.500000000e-01,1.000000000e+00,-1,9.335301514e-01,6.179440476e-01,450840173,main,fall,2.241000000e+00,1.080502467e-01,3.816118702e-02,1.017037545e-01,3.434660602e+02,false,0,1.497570255e+02,/mnt/pd/tema1/new/results/ml_samples/N2_sw0.15_x-1_i0152.h5
2,50,1.500000000e-01,1.000000000e+00,-1,9.335301514e-01,6.179440476e-01,15385646,main,fall,2.451000000e+00,1.044788284e-01,3.670009809e-02,9.683925800e-02,3.434660602e+02,false,0,1.613889088e+02,/mnt/pd/tema1/new/results/ml_samples/N2_sw0.15_x-1_i0150.h5
2,50,1.500000000e-01,1.000000000e+00,-1,9.335301514e-01,6.179440476e-01,1709489559,main,fall,1.851000000e+00,9.525032895e-02,1.392677091e-02,9.685001784e-02,3.434660602e+02,false,0,1.283850919e+02,/mnt/pd/tema1/new/results/ml_samples/N2_sw0.15_x-1_i0162.h5
2,50,1.500000000e-01,1.000000000e+00,-1,9.335301514e-01,6.179440476e-01,613365402,main,fall,8.121000000e+00,9.584860637e-02,1.549826416e-02,9.128438894e-02,3.434660602e+02,false,0,4.600319416e+02,/mnt/pd/tema1/new/results/ml_samples/N2_sw0.15_x-1_i0138.h5
2,50,1.500000000e-01,1.000000000e+00,-1,9.335301514e-01,6.179440476e-01,1952100627,main,fall,2.316100000e+01,9.507443441e-02,1.192254044e-02,9.402327558e-02,3.434660602e+02,false,0,1.256545027e+03,/mnt/pd/tema1/new/results/ml_samples/N2_sw0.15_x-1_i0046.h5
2,50,1.500000000e-01,1.000000000e+00,-1,9.335301514e-01,6.179440476e-01,1384916309,main,fall,1.449100000e+01,9.765390024e-02,1.000816474e-02,9.376529428e-02,3.434660602e+02,false,0,7.945071873e+02,/mnt/pd/tema1/new/results/ml_samples/N2_sw0.15_x-1_i0102.h5
2,50,1.500000000e-01,1.000000000e+00,-1,9.335301514e-01,6.179440476e-01,1084585787,main,fall,3.551000000e+00,9.789662560e-02,2.346686664e-02,9.675425185e-02,3.434660602e+02,false,0,2.176428667e+02,/mnt/pd/tema1/new/results/ml_samples/N2_sw0.15_x-1_i0164.h5
2,50,1.500000000e-01,1.000000000e+00,-1,9.335301514e-01,6.179440476e-01,1559206349,main,fall,4.211000000e+00,9.668104402e-02,1.893588838e-02,9.498670025e-02,3.434660602e+02,false,0,2.506664518e+02,/mnt/pd/tema1/new/results/ml_samples/N2_sw0.15_x-1_i0168.h5
2,50,1.500000000e-01,1.000000000e+00,-1,9.335301514e-01,6.179440476e-01,1634861065,main,fall,1.252100000e+01,9.080428979e-02,6.614531154e-03,9.718405650e-02,3.434660602e+02,false,0,7.200353545e+02,/mnt/pd/tema1/new/results/ml_samples/N2_sw0.15_x-1_i0114.h5
2,50,1.500000000e-01,1.000000000e+00,-1,9.335301514e-01,6.179440476e-01,520897308,main,fall,1.009100000e+01,9.708414304e-02,1.475007700e-02,9.416507810e-02,3.434660602e+02,false,0,5.667842474e+02,/mnt/pd/tema1/new/results/ml_samples/N2_sw0.15_x-1_i0136.h5
2,50,1.500000000e-01,1.000000000e+00,-1,9.335301514e-01,6.179440476e-01,1085447265,main,fall,9.391000000e+00,9.643382767e-02,1.726785355e-02,9.185268165e-02,3.434660602e+02,false,0,5.378605157e+02,/mnt/pd/tema1/new/results/ml_samples/N2_sw0.15_x-1_i0140.h5
2,50,1.500000000e-01,1.000000000e+00,-1,9.335301514e-01,6.179440476e-01,1874678016,main,fall,5.241000000e+00,9.402122443e-02,2.337238565e-02,9.788743780e-02,3.434660602e+02,false,0,3.222384439e+02,/mnt/pd/tema1/new/results/ml_samples/N2_sw0.15_x-1_i0160.h5
2,50,1.500000000e-01,1.000000000e+00,-1,9.335301514e-01,6.179440476e-01,1840842421,main,fall,7.921000000e+00,9.495251568e-02,1.624576631e-02,9.573221300e-02,3.434660602e+02,false,0,4.514412202e+02,/mnt/pd/tema1/new/results/ml_samples/N2_sw0.15_x-1_i0146.h5
2,50,1.500000000e-01,1.000000000e+00,-1,9.335301514e-01,6.179440476e-01,1319856480,main,fall,6.871000000e+00,9.398150018e-02,1.291935869e-02,9.593508218e-02,3.434660602e+02,false,0,3.953060656e+02,/mnt/pd/tema1/new/results/ml_samples/N2_sw0.15_x-1_i0158.h5
2,50,1.500000000e-01,1.000000000e+00,-1,9.335301514e-01,6.179440476e-01,1308447225,main,fall,1.225100000e+01,9.469731896e-02,1.060192952e-02,9.214417483e-02,3.434660602e+02,false,0,6.793164521e+02,/mnt/pd/tema1/new/results/ml_samples/N2_sw0.15_x-1_i0132.h5
2,50,1.500000000e-01,1.000000000e+00,-1,9.335301514e-01,6.179440476e-01,459845019,main,fall,8.021000000e+00,1.008237723e-01,2.311852398e-02,9.772803569e-02,3.434660602e+02,false,0,4.809325185e+02,/mnt/pd/tema1/new/results/ml_samples/N2_sw0.15_x-1_i0156.h5
2,50,1.500000000e-01,1.000000000e+00,-1,9.335301514e-01,6.179440476e-01,585419364,main,fall,3.071000000e+00,9.430958725e-02,1.110483861e-02,9.905861673e-02,3.434660602e+02,false,0,1.918456477e+02,/mnt/pd/tema1/new/results/ml_samples/N2_sw0.15_x-1_i0178.h5
2,50,1.500000000e-01,1.000000000e+00,-1,9.335301514e-01,6.179440476e-01,2131362277,main,fall,1.811000000e+00,1.037257356e-01,3.143054797e-02,9.929054430e-02,3.434660602e+02,false,0,1.413084161e+02,/mnt/pd/tema1/new/results/ml_samples/N2_sw0.15_x-1_i0180.h5
2,50,1.500000000e-01,1.000000000e+00,-1,9.335301514e-01,6.179440476e-01,483576114,main,fall,1.941000000e+00,9.919219421e-02,2.561144800e-02,1.031941020e-01,3.434660602e+02,false,0,1.330093089e+02,/mnt/pd/tema1/new/results/ml_samples/N2_sw0.15_x-1_i0192.h5
2,50,1.500000000e-01,1.000000000e+00,-1,9.335301514e-01,6.179440476e-01,361031472,main,fall,2.885100000e+01,9.309977548e-02,7.195705604e-03,9.414133675e-02,3.434660602e+02,false,0,1.596635949e+03,/mnt/pd/tema1/new/results/ml_samples/N2_sw0.15_x-1_i0042.h5
2,50,1.500000000e-01,1.000000000e+00,-1,9.335301514e-01,6.179440476e-01,1319538753,main,fall,1.931000000e+00,1.096980742e-01,3.312303692e-02,9.092825937e-02,3.434660602e+02,false,0,1.339144169e+02,/mnt/pd/tema1/new/results/ml_samples/N2_sw0.15_x-1_i0194.h5
2,50,1.500000000e-01,1.000000000e+00,-1,9.335301514e-01,6.179440476e-01,1409896259,main,fall,1.190100000e+01,9.543845218e-02,8.220012463e-03,8.993920626e-02,3.434660602e+02,false,0,6.590932354e+02,/mnt/pd/tema1/new/results/ml_samples/N2_sw0.15_x-1_i0144.h5
2,50,1.500000000e-01,1.000000000e+00,-1,9.335301514e-01,6.179440476e-01,939642755,main,fall,3.681000000e+00,1.041357221e-01,2.984307195e-02,9.480560006e-02,3.434660602e+02,false,0,2.248145276e+02,/mnt/pd/tema1/new/results/ml_samples/N2_sw0.15_x-1_i0190.h5
2,50,1.500000000e-01,1.000000000e+00,-1,9.335301514e-01,6.179440476e-01,1703251821,main,fall,3.343100000e+01,9.464691451e-02,9.201503695e-03,9.237633615e-02,3.434660602e+02,false,0,1.802012391e+03,/mnt/pd/tema1/new/results/ml_samples/N2_sw0.15_x-1_i0026.h5
2,50,1.500000000e-01,1.000000000e+00,-1,9.335301514e-01,6.179440476e-01,1098839788,main,fall,7.161000000e+00,9.641563643e-02,1.043526785e-02,9.028270048e-02,3.434660602e+02,false,0,4.067921557e+02,/mnt/pd/tema1/new/results/ml_samples/N2_sw0.15_x-1_i0172.h5
2,50,1.500000000e-01,1.000000000e+00,-1,9.335301514e-01,6.179440476e-01,2132405228,main,fall,8.811000000e+00,9.635494366e-02,1.410841690e-02,9.023348839e-02,3.434660602e+02,false,0,4.950102931e+02,/mnt/pd/tema1/new/results/ml_samples/N2_sw0.15_x-1_i0170.h5
2,50,1.500000000e-01,1.000000000e+00,-1,9.335301514e-01,6.179440476e-01,1314664144,main,fall,5.601000000e+00,9.950459363e-02,1.998888189e-02,9.380389867e-02,3.434660602e+02,false,0,3.261922300e+02,/mnt/pd/tema1/new/results/ml_samples/N2_sw0.15_x-1_i0184.h5
2,50,1.500000000e-01,1.000000000e+00,-1,9.335301514e-01,6.179440476e-01,1747451991,main,fall,1.718100000e+01,9.553241538e-02,1.088543955e-02,9.057882490e-02,3.434660602e+02,false,0,9.403843915e+02,/mnt/pd/tema1/new/results/ml_samples/N2_sw0.15_x-1_i0130.h5
2,50,1.500000000e-01,1.000000000e+00,-1,9.335301514e-01,6.179440476e-01,417223045,main,fall,7.391000000e+00,1.046184009e-01,2.133579036e-02,8.982003885e-02,3.434660602e+02,false,0,4.335717424e+02,/mnt/pd/tema1/new/results/ml_samples/N2_sw0.15_x-1_i0174.h5
2,50,1.500000000e-01,1.000000000e+00,-1,9.335301514e-01,6.179440476e-01,1788149263,main,fall,4.001000000e+00,1.026759488e-01,2.642966497e-02,9.037158513e-02,3.434660602e+02,false,0,2.474907440e+02,/mnt/pd/tema1/new/results/ml_samples/N2_sw0.15_x-1_i0196.h5
2,50,1.500000000e-01,1.000000000e+00,-1,9.335301514e-01,6.179440476e-01,95067656,main,fall,1.250100000e+01,9.510208973e-02,1.623680033e-02,9.493498684e-02,3.434660602e+02,false,0,7.439488735e+02,/mnt/pd/tema1/new/results/ml_samples/N2_sw0.15_x-1_i0154.h5
2,50,1.500000000e-01,1.000000000e+00,-1,9.335301514e-01,6.179440476e-01,1874154247,main,rise,3.586100000e+01,9.545416872e-02,1.206346860e-02,9.409680741e-02,3.434660602e+02,false,0,1.969049028e+03,/mnt/pd/tema1/new/results/ml_samples/N2_sw0.15_x-1_i0006.h5
2,50,1.500000000e-01,1.000000000e+00,-1,9.335301514e-01,6.179440476e-01,830852049,main,rise,2.428100000e+01,9.685465896e-02,9.142311240e-03,9.092794216e-02,3.434660602e+02,false,0,1.314302617e+03,/mnt/pd/tema1/new/results/ml_samples/N2_sw0.15_x-1_i0094.h5
2,50,1.500000000e-01,1.000000000e+00,-1,9.335301514e-01,6.179440476e-01,1620027614,main,fall,4.601000000e+00,1.033664165e-01,2.642095742e-02,9.122838606e-02,3.434660602e+02,false,0,2.743755118e+02,/mnt/pd/tema1/new/results/ml_samples/N2_sw0.15_x-1_i0198.h5
2,50,1.500000000e-01,1.000000000e+00,-1,9.335301514e-01,6.179440476e-01,1854051908,main,rise,2.020100000e+01,9.335819290e-02,9.078747064e-03,9.750559438e-02,3.434660602e+02,false,0,1.095982526e+03,/mnt/pd/tema1/new/results/ml_samples/N2_sw0.15_x-1_i0120.h5
2,50,1.500000000e-01,1.000000000e+00,0,1.000000000e+00,6.619433198e-01,595221211,main,fall,3.361000000e+00,1.023334794e-01,1.623911249e-02,9.499203160e-02,4.168027829e+02,false,0,2.065048816e+02,/mnt/pd/tema1/new/results/ml_samples/N2_sw0.15_x+0_i0012.h5
2,50,1.500000000e-01,1.000000000e+00,0,1.000000000e+00,6.619433198e-01,347647362,main,fall,4.711000000e+00,1.025170100e-01,1.511988364e-02,8.865781696e-02,4.168027829e+02,false,0,2.796367824e+02,/mnt/pd/tema1/new/results/ml_samples/N2_sw0.15_x+0_i0008.h5
2,50,1.500000000e-01,1.000000000e+00,0,1.000000000e+00,6.619433198e-01,1137079515,main,fall,4.181000000e+00,1.038657089e-01,2.112435591e-02,8.939618136e-02,4.168027829e+02,false,0,2.534818401e+02,/mnt/pd/tema1/new/results/ml_samples/N2_sw0.15_x+0_i0010.h5
2,50,1.500000000e-01,1.000000000e+00,0,1.000000000e+00,6.619433198e-01,1134618477,main,fall,2.681000000e+00,1.086725553e-01,2.474528805e-02,9.349172385e-02,4.168027829e+02,false,0,1.714122784e+02,/mnt/pd/tema1/new/results/ml_samples/N2_sw0.15_x+0_i0028.h5
2,50,1.500000000e-01,1.000000000e+00,-1,9.335301514e-01,6.179440476e-01,695567324,main,fall,3.464100000e+01,9.396907625e-02,9.855341151e-03,9.363142893e-02,3.434660602e+02,false,0,1.871810412e+03,/mnt/pd/tema1/new/results/ml_samples/N2_sw0.15_x-1_i0058.h5
2,50,1.500000000e-01,1.000000000e+00,-1,9.335301514e-01,6.179440476e-01,1997632143,main,fall,2.277100000e+01,9.478646145e-02,1.280143813e-02,9.261980181e-02,3.434660602e+02,false,0,1.244394623e+03,/mnt/pd/tema1/new/results/ml_samples/N2_sw0.15_x-1_i0124.h5
2,50,1.500000000e-01,1.000000000e+00,-1,9.335301514e-01,6.179440476e-01,750679057,main,fall,1.127100000e+01,1.020350814e-01,1.748380672e-02,8.944283672e-02,3.434660602e+02,false,0,6.260310074e+02,/mnt/pd/tema1/new/results/ml_samples/N2_sw0.15_x-1_i0186.h5
2,50,1.500000000e-01,1.000000000e+00,0,1.000000000e+00,6.619433198e-01,1209842040,main,fall,2.921000000e+00,1.078745665e-01,3.775992873e-02,9.703893971e-02,4.168027829e+02,false,0,1.910698242e+02,/mnt/pd/tema1/new/results/ml_samples/N2_sw0.15_x+0_i0042.h5
2,50,1.500000000e-01,1.000000000e+00,0,1.000000000e+00,6.619433198e-01,1158606216,main,fall,2.401000000e+00,1.058076628e-01,3.177831081e-02,9.930068509e-02,4.168027829e+02,false,0,1.607802396e+02,/mnt/pd/tema1/new/results/ml_samples/N2_sw0.15_x+0_i0046.h5
2,50,1.500000000e-01,1.000000000e+00,0,1.000000000e+00,6.619433198e-01,854693251,main,rise,7.881000000e+00,9.684598182e-02,1.627838476e-02,9.776174610e-02,4.168027829e+02,false,0,4.730633805e+02,/mnt/pd/tema1/new/results/ml_samples/N2_sw0.15_x+0_i0014.h5
2,50,1.500000000e-01,1.000000000e+00,0,1.000000000e+00,6.619433198e-01,1438360842,main,fall,7.641000000e+00,9.727046481e-02,9.736929798e-03,9.171008720e-02,4.168027829e+02,false,0,4.333625379e+02,/mnt/pd/tema1/new/results/ml_samples/N2_sw0.15_x+0_i0030.h5
2,50,1.500000000e-01,1.000000000e+00,0,1.000000000e+00,6.619433198e-01,656370518,main,fall,1.321100000e+01,9.910388791e-02,1.225540666e-02,8.966217460e-02,4.168027829e+02,false,0,7.275748287e+02,/mnt/pd/tema1/new/results/ml_samples/N2_sw0.15_x+0_i0000.h5
2,50,1.500000000e-01,1.000000000e+00,0,1.000000000e+00,6.619433198e-01,1656369634,main,fall,9.631000000e+00,1.003128792e-01,1.733230233e-02,8.783083974e-02,4.168027829e+02,false,0,5.429473352e+02,/mnt/pd/tema1/new/results/ml_samples/N2_sw0.15_x+0_i0018.h5
2,50,1.500000000e-01,1.000000000e+00,0,1.000000000e+00,6.619433198e-01,1658892106,main,fall,1.551000000e+00,1.314778179e-01,4.246186078e-02,9.367471768e-02,4.168027829e+02,false,0,1.135823488e+02,/mnt/pd/tema1/new/results/ml_samples/N2_sw0.15_x+0_i0056.h5
2,50,1.500000000e-01,1.000000000e+00,0,1.000000000e+00,6.619433198e-01,1029909814,main,fall,1.056100000e+01,1.000246663e-01,1.142540765e-02,9.081801739e-02,4.168027829e+02,false,0,5.871107814e+02,/mnt/pd/tema1/new/results/ml_samples/N2_sw0.15_x+0_i0022.h5
2,50,1.500000000e-01,1.000000000e+00,-1,9.335301514e-01,6.179440476e-01,766006730,main,fall,3.714100000e+01,9.567003964e-02,1.494493909e-02,9.296291361e-02,3.434660602e+02,false,0,1.997862402e+03,/mnt/pd/tema1/new/results/ml_samples/N2_sw0.15_x-1_i0082.h5
2,50,1.500000000e-01,1.000000000e+00,0,1.000000000e+00,6.619433198e-01,1825017275,main,fall,8.501000000e+00,1.041922808e-01,1.585962992e-02,9.514909850e-02,4.168027829e+02,false,0,4.794098405e+02,/mnt/pd/tema1/new/results/ml_samples/N2_sw0.15_x+0_i0038.h5
2,50,1.500000000e-01,1.000000000e+00,0,1.000000000e+00,6.619433198e-01,67345882,main,fall,4.111000000e+00,9.678620204e-02,1.735059059e-02,9.870291221e-02,4.168027829e+02,false,0,2.465222591e+02,/mnt/pd/tema1/new/results/ml_samples/N2_sw0.15_x+0_i0050.h5
2,50,1.500000000e-01,1.000000000e+00,0,1.000000000e+00,6.619433198e-01,552420454,main,fall,3.571000000e+00,1.057545294e-01,2.802311905e-02,8.950662197e-02,4.168027829e+02,false,0,2.184673814e+02,/mnt/pd/tema1/new/results/ml_samples/N2_sw0.15_x+0_i0054.h5
2,50,1.500000000e-01,1.000000000e+00,0,1.000000000e+00,6.619433198e-01,1602359257,main,fall,6.571000000e+00,1.064723143e-01,1.475851518e-02,9.173050593e-02,4.168027829e+02,false,0,3.775873285e+02,/mnt/pd/tema1/new/results/ml_samples/N2_sw0.15_x+0_i0048.h5
2,50,1.500000000e-01,1.000000000e+00,0,1.000000000e+00,6.619433198e-01,606479900,main,fall,1.104100000e+01,1.032018350e-01,1.353047836e-02,8.727155181e-02,4.168027829e+02,false,0,6.143256458e+02,/mnt/pd/tema1/new/results/ml_samples/N2_sw0.15_x+0_i0034.h5
2,50,1.500000000e-01,1.000000000e+00,0,1.000000000e+00,6.619433198e-01,366785167,main,fall,1.176100000e+01,9.742127283e-02,8.908014847e-03,9.284167481e-02,4.168027829e+02,false,0,6.526529831e+02,/mnt/pd/tema1/new/results/ml_samples/N2_sw0.15_x+0_i0032.h5
2,50,1.500000000e-01,1.000000000e+00,-1,9.335301514e-01,6.179440476e-01,1738111064,main,rise,4.479100000e+01,9.529660108e-02,1.084030391e-02,9.204365834e-02,3.434660602e+02,false,0,2.413594957e+03,/mnt/pd/tema1/new/results/ml_samples/N2_sw0.15_x-1_i0048.h5
2,50,1.500000000e-01,1.000000000e+00,0,1.000000000e+00,6.619433198e-01,1302829210,main,fall,3.571000000e+00,1.009863042e-01,1.710496752e-02,9.305236970e-02,4.168027829e+02,false,0,2.183065047e+02,/mnt/pd/tema1/new/results/ml_samples/N2_sw0.15_x+0_i0060.h5
2,50,1.500000000e-01,1.000000000e+00,0,1.000000000e+00,6.619433198e-01,1008988136,main,rise,1.479100000e+01,9.836538447e-02,1.449964165e-02,9.186280672e-02,4.168027829e+02,false,0,9.088325489e+02,/mnt/pd/tema1/new/results/ml_samples/N2_sw0.15_x+0_i0004.h5
2,50,1.500000000e-01,1.000000000e+00,-1,9.335301514e-01,6.179440476e-01,687410816,main,fall,2.619100000e+01,9.788250433e-02,1.078117809e-02,9.168015835e-02,3.434660602e+02,false,0,1.416081234e+03,/mnt/pd/tema1/new/results/ml_samples/N2_sw0.15_x-1_i0166.h5
2,50,1.500000000e-01,1.000000000e+00,0,1.000000000e+00,6.619433198e-01,1358620367,main,fall,2.351000000e+00,1.071553649e-01,4.085795177e-02,9.957043893e-02,4.168027829e+02,false,0,1.557545681e+02,/mnt/pd/tema1/new/results/ml_samples/N2_sw0.15_x+0_i0074.h5
2,50,1.500000000e-01,1.000000000e+00,-1,9.335301514e-01,6.179440476e-01,1217181349,main,fall,4.756100000e+01,9.641942746e-02,1.187551976e-02,9.156175818e-02,3.434660602e+02,false,0,2.547381937e+03,/mnt/pd/tema1/new/results/ml_samples/N2_sw0.15_x-1_i0054.h5
2,50,1.500000000e-01,1.000000000e+00,0,1.000000000e+00,6.619433198e-01,465614138,main,rise,1.209100000e+01,9.930133232e-02,2.308631158e-02,9.239156672e-02,4.168027829e+02,false,0,6.701328678e+02,/mnt/pd/tema1/new/results/ml_samples/N2_sw0.15_x+0_i0044.h5
2,50,1.500000000e-01,1.000000000e+00,-1,9.335301514e-01,6.179440476e-01,872430755,main,fall,2.266100000e+01,9.617321142e-02,1.152385629e-02,9.143507418e-02,3.434660602e+02,false,0,1.241823255e+03,/mnt/pd/tema1/new/results/ml_samples/N2_sw0.15_x-1_i0182.h5
2,50,1.500000000e-01,1.000000000e+00,-1,9.335301514e-01,6.179440476e-01,1921142384,main,fall,3.614100000e+01,9.615271621e-02,1.168442102e-02,9.067489888e-02,3.434660602e+02,false,0,1.951009233e+03,/mnt/pd/tema1/new/results/ml_samples/N2_sw0.15_x-1_i0118.h5
2,50,1.500000000e-01,1.000000000e+00,0,1.000000000e+00,6.619433198e-01,1547555494,main,rise,1.659100000e+01,1.003987681e-01,1.090242571e-02,8.950055793e-02,4.168027829e+02,false,0,9.067411811e+02,/mnt/pd/tema1/new/results/ml_samples/N2_sw0.15_x+0_i0026.h5
2,50,1.500000000e-01,1.000000000e+00,0,1.000000000e+00,6.619433198e-01,373978556,main,rise,6.971000000e+00,1.007034255e-01,1.357524287e-02,8.933923756e-02,4.168027829e+02,false,0,4.035895871e+02,/mnt/pd/tema1/new/results/ml_samples/N2_sw0.15_x+0_i0066.h5
2,50,1.500000000e-01,1.000000000e+00,0,1.000000000e+00,6.619433198e-01,669096794,main,fall,1.927100000e+01,9.950805955e-02,1.132448605e-02,9.173778369e-02,4.168027829e+02,false,0,1.063435991e+03,/mnt/pd/tema1/new/results/ml_samples/N2_sw0.15_x+0_i0016.h5
2,50,1.500000000e-01,1.000000000e+00,0,1.000000000e+00,6.619433198e-01,969546608,main,fall,2.628100000e+01,1.008797128e-01,1.188306556e-02,9.023370646e-02,4.168027829e+02,false,0,1.427740082e+03,/mnt/pd/tema1/new/results/ml_samples/N2_sw0.15_x+0_i0002.h5
2,50,1.500000000e-01,1.000000000e+00,-1,9.335301514e-01,6.179440476e-01,1032526211,main,fall,2.991100000e+01,9.692908800e-02,1.083907459e-02,9.220521184e-02,3.434660602e+02,false,0,1.614674575e+03,/mnt/pd/tema1/new/results/ml_samples/N2_sw0.15_x-1_i0188.h5
2,50,1.500000000e-01,1.000000000e+00,0,1.000000000e+00,6.619433198e-01,302401314,main,rise,1.347100000e+01,9.840733693e-02,9.646862071e-03,9.353965688e-02,4.168027829e+02,false,0,7.398481501e+02,/mnt/pd/tema1/new/results/ml_samples/N2_sw0.15_x+0_i0064.h5
2,50,1.500000000e-01,1.000000000e+00,0,1.000000000e+00,6.619433198e-01,245480573,main,rise,8.711000000e+00,1.017293077e-01,1.862910224e-02,8.989048331e-02,4.168027829e+02,false,0,5.099191264e+02,/mnt/pd/tema1/new/results/ml_samples/N2_sw0.15_x+0_i0086.h5
2,50,1.500000000e-01,1.000000000e+00,0,1.000000000e+00,6.619433198e-01,1036625344,main,fall,1.034100000e+01,1.005478419e-01,1.194204887e-02,9.265145702e-02,4.168027829e+02,false,0,5.765199661e+02,/mnt/pd/tema1/new/results/ml_samples/N2_sw0.15_x+0_i0082.h5
2,50,1.500000000e-01,1.000000000e+00,-1,9.335301514e-01,6.179440476e-01,375210606,main,fall,3.300100000e+01,9.337294571e-02,1.201822414e-02,9.470379718e-02,3.434660602e+02,false,0,1.805104813e+03,/mnt/pd/tema1/new/results/ml_samples/N2_sw0.15_x-1_i0176.h5
2,50,1.500000000e-01,1.000000000e+00,0,1.000000000e+00,6.619433198e-01,1945688488,main,fall,1.721000000e+00,1.091884549e-01,3.216440209e-02,9.709225648e-02,4.168027829e+02,false,0,1.237350686e+02,/mnt/pd/tema1/new/results/ml_samples/N2_sw0.15_x+0_i0106.h5
2,50,1.500000000e-01,1.000000000e+00,0,1.000000000e+00,6.619433198e-01,1167335855,main,rise,1.598100000e+01,1.004467993e-01,1.009745125e-02,8.872048810e-02,4.168027829e+02,false,0,8.805413169e+02,/mnt/pd/tema1/new/results/ml_samples/N2_sw0.15_x+0_i0062.h5
2,50,1.500000000e-01,1.000000000e+00,0,1.000000000e+00,6.619433198e-01,2001186881,main,rise,1.395100000e+01,1.003236843e-01,1.374614228e-02,8.728994753e-02,4.168027829e+02,false,0,7.703427891e+02,/mnt/pd/tema1/new/results/ml_samples/N2_sw0.15_x+0_i0078.h5
2,50,1.500000000e-01,1.000000000e+00,0,1.000000000e+00,6.619433198e-01,518203146,main,fall,2.441000000e+00,1.021573852e-01,1.867402303e-02,9.254634602e-02,4.168027829e+02,false,0,1.589900423e+02,/mnt/pd/tema1/new/results/ml_samples/N2_sw0.15_x+0_i0114.h5
2,50,1.500000000e-01,1.000000000e+00,0,1.000000000e+00,6.619433198e-01,473596749,main,fall,1.239100000e+01,1.010624193e-01,1.408749137e-02,9.081310015e-02,4.168027829e+02,false,0,6.826310411e+02,/mnt/pd/tema1/new/results/ml_samples/N2_sw0.15_x+0_i0098.h5
2,50,1.500000000e-01,1.000000000e+00,0,1.000000000e+00,6.619433198e-01,1829560452,main,rise,3.321100000e+01,9.809747561e-02,1.040206075e-02,9.515813657e-02,4.168027829e+02,false,0,1.783544723e+03,/mnt/pd/tema1/new/results/ml_samples/N2_sw0.15_x+0_i0006.h5
2,50,1.500000000e-01,1.000000000e+00,0,1.000000000e+00,6.619433198e-01,460400334,main,fall,3.001000000e+00,1.024979133e-01,2.682197443e-02,9.779435818e-02,4.168027829e+02,false,0,1.884376625e+02,/mnt/pd/tema1/new/results/ml_samples/N2_sw0.15_x+0_i0118.h5
2,50,1.500000000e-01,1.000000000e+00,0,1.000000000e+00,6.619433198e-01,1954896673,main,rise,3.111100000e+01,9.642098211e-02,6.940527052e-03,9.262570057e-02,4.168027829e+02,false,0,1.715931878e+03,/mnt/pd/tema1/new/results/ml_samples/N2_sw0.15_x+0_i0020.h5
2,50,1.500000000e-01,1.000000000e+00,0,1.000000000e+00,6.619433198e-01,953651751,main,fall,1.583100000e+01,1.033842556e-01,1.344832677e-02,9.314059521e-02,4.168027829e+02,false,0,8.719764322e+02,/mnt/pd/tema1/new/results/ml_samples/N2_sw0.15_x+0_i0096.h5
2,50,1.500000000e-01,1.000000000e+00,0,1.000000000e+00,6.619433198e-01,1011186615,main,fall,1.965100000e+01,9.768907050e-02,7.496025876e-03,9.395504540e-02,4.168027829e+02,false,0,1.066298498e+03,/mnt/pd/tema1/new/results/ml_samples/N2_sw0.15_x+0_i0080.h5
2,50,1.500000000e-01,1.000000000e+00,0,1.000000000e+00,6.619433198e-01,1273020975,main,fall,1.649100000e+01,1.005327344e-01,1.079452919e-02,8.840140791e-02,4.168027829e+02,false,0,9.026939574e+02,/mnt/pd/tema1/new/results/ml_samples/N2_sw0.15_x+0_i0094.h5
2,50,1.500000000e-01,1.000000000e+00,0,1.000000000e+00,6.619433198e-01,1275208435,main,fall,4.491000000e+00,9.770616502e-02,1.699295815e-02,9.739224966e-02,4.168027829e+02,false,0,2.660246918e+02,/mnt/pd/tema1/new/results/ml_samples/N2_sw0.15_x+0_i0122.h5
2,50,1.500000000e-01,1.000000000e+00,0,1.000000000e+00,6.619433198e-01,1272222731,main,fall,2.203100000e+01,9.858936253e-02,1.361782126e-02,9.111531277e-02,4.168027829e+02,false,0,1.197646642e+03,/mnt/pd/tema1/new/results/ml_samples/N2_sw0.15_x+0_i0070.h5
2,50,1.500000000e-01,1.000000000e+00,0,1.000000000e+00,6.619433198e-01,1091612764,main,fall,2.271100000e+01,1.001656462e-01,1.199440531e-02,8.983313537e-02,4.168027829e+02,false,0,1.322498657e+03,/mnt/pd/tema1/new/results/ml_samples/N2_sw0.15_x+0_i0058.h5
2,50,1.500000000e-01,1.000000000e+00,0,1.000000000e+00,6.619433198e-01,691390256,main,fall,8.241000000e+00,1.012344433e-01,1.711745613e-02,9.092227445e-02,4.168027829e+02,false,0,4.706196507e+02,/mnt/pd/tema1/new/results/ml_samples/N2_sw0.15_x+0_i0120.h5
2,50,1.500000000e-01,1.000000000e+00,0,1.000000000e+00,6.619433198e-01,1962951614,main,rise,2.210100000e+01,9.961979439e-02,1.267556114e-02,9.146918966e-02,4.168027829e+02,false,0,1.217295007e+03,/mnt/pd/tema1/new/results/ml_samples/N2_sw0.15_x+0_i0084.h5
2,50,1.500000000e-01,1.000000000e+00,0,1.000000000e+00,6.619433198e-01,4788744,main,fall,5.051000000e+00,1.014126668e-01,1.323122564e-02,9.322413667e-02,4.168027829e+02,false,0,2.947835236e+02,/mnt/pd/tema1/new/results/ml_samples/N2_sw0.15_x+0_i0130.h5
2,50,1.500000000e-01,1.000000000e+00,0,1.000000000e+00,6.619433198e-01,2106126490,main,fall,4.061000000e+00,1.056819544e-01,2.578739120e-02,9.628931427e-02,4.168027829e+02,false,0,2.444118646e+02,/mnt/pd/tema1/new/results/ml_samples/N2_sw0.15_x+0_i0140.h5
2,50,1.500000000e-01,1.000000000e+00,0,1.000000000e+00,6.619433198e-01,667311999,main,rise,3.159100000e+01,9.969315068e-02,1.065126891e-02,8.882473106e-02,4.168027829e+02,false,0,1.698956329e+03,/mnt/pd/tema1/new/results/ml_samples/N2_sw0.15_x+0_i0052.h5
2,50,1.500000000e-01,1.000000000e+00,0,1.000000000e+00,6.619433198e-01,1586490382,main,fall,2.221000000e+00,1.054159004e-01,2.137487064e-02,9.201617898e-02,4.168027829e+02,false,0,1.476505592e+02,/mnt/pd/tema1/new/results/ml_samples/N2_sw0.15_x+0_i0146.h5
2,50,1.500000000e-01,1.000000000e+00,0,1.000000000e+00,6.619433198e-01,1369759704,main,fall,2.394100000e+01,9.751269933e-02,1.099903053e-02,9.256586457e-02,4.168027829e+02,false,0,1.300267072e+03,/mnt/pd/tema1/new/results/ml_samples/N2_sw0.15_x+0_i0088.h5
2,50,1.500000000e-01,1.000000000e+00,-1,9.335301514e-01,6.179440476e-01,812137724,main,fall,5.473100000e+01,9.510966932e-02,8.733022090e-03,9.066731295e-02,3.434660602e+02,false,0,2.928514302e+03,/mnt/pd/tema1/new/results/ml_samples/N2_sw0.15_x-1_i0148.h5
2,50,1.500000000e-01,1.000000000e+00,0,1.000000000e+00,6.619433198e-01,1517444646,main,rise,2.860100000e+01,9.702650573e-02,1.219875066e-02,9.263252113e-02,4.168027829e+02,false,0,1.548053839e+03,/mnt/pd/tema1/new/results/ml_samples/N2_sw0.15_x+0_i0068.h5
2,50,1.500000000e-01,1.000000000e+00,0,1.000000000e+00,6.619433198e-01,695699168,main,fall,1.514100000e+01,1.000514740e-01,1.358074662e-02,8.838654551e-02,4.168027829e+02,false,0,8.662819729e+02,/mnt/pd/tema1/new/results/ml_samples/N2_sw0.15_x+0_i0112.h5
2,50,1.500000000e-01,1.000000000e+00,0,1.000000000e+00,6.619433198e-01,735527524,main,fall,3.151000000e+00,9.808415666e-02,1.768230897e-02,9.586919618e-02,4.168027829e+02,false,0,1.965711148e+02,/mnt/pd/tema1/new/results/ml_samples/N2_sw0.15_x+0_i0148.h5
2,50,1.500000000e-01,1.000000000e+00,0,1.000000000e+00,6.619433198e-01,1346788764,main,fall,9.811000000e+00,1.029050995e-01,1.466669617e-02,8.891794771e-02,4.168027829e+02,false,0,5.532347174e+02,/mnt/pd/tema1/new/results/ml_samples/N2_sw0.15_x+0_i0128.h5
2,50,1.500000000e-01,1.000000000e+00,0,1.000000000e+00,6.619433198e-01,52788971,main,fall,1.771100000e+01,9.744172585e-02,1.227342786e-02,9.415831374e-02,4.168027829e+02,false,0,9.935861921e+02,/mnt/pd/tema1/new/results/ml_samples/N2_sw0.15_x+0_i0104.h5
2,50,1.500000000e-01,1.000000000e+00,0,1.000000000e+00,6.619433198e-01,1837915702,main,fall,1.089100000e+01,9.626582622e-02,1.242562423e-02,9.542534357e-02,4.168027829e+02,false,0,6.052381186e+02,/mnt/pd/tema1/new/results/ml_samples/N2_sw0.15_x+0_i0126.h5
2,50,1.500000000e-01,1.000000000e+00,0,1.000000000e+00,6.619433198e-01,1411475644,main,fall,2.131000000e+00,1.003485816e-01,2.929414128e-02,1.042520539e-01,4.168027829e+02,false,0,1.405017856e+02,/mnt/pd/tema1/new/results/ml_samples/N2_sw0.15_x+0_i0158.h5
2,50,1.500000000e-01,1.000000000e+00,0,1.000000000e+00,6.619433198e-01,1637243919,main,rise,1.085100000e+01,1.004198315e-01,1.155075768e-02,9.280418443e-02,4.168027829e+02,false,0,6.020660014e+02,/mnt/pd/tema1/new/results/ml_samples/N2_sw0.15_x+0_i0136.h5
2,50,1.500000000e-01,1.000000000e+00,0,1.000000000e+00,6.619433198e-01,1547798719,main,rise,1.143100000e+01,9.630921422e-02,4.769470373e-03,9.171078934e-02,4.168027829e+02,false,0,6.328995494e+02,/mnt/pd/tema1/new/results/ml_samples/N2_sw0.15_x+0_i0142.h5
2,50,1.500000000e-01,1.000000000e+00,0,1.000000000e+00,6.619433198e-01,353213610,main,fall,7.671000000e+00,1.016175606e-01,1.914849693e-02,9.173623134e-02,4.168027829e+02,false,0,4.340050244e+02,/mnt/pd/tema1/new/results/ml_samples/N2_sw0.15_x+0_i0152.h5
2,50,1.500000000e-01,1.000000000e+00,0,1.000000000e+00,6.619433198e-01,87245221,main,fall,7.631000000e+00,1.033936132e-01,1.985145513e-02,9.444387072e-02,4.168027829e+02,false,0,4.312746661e+02,/mnt/pd/tema1/new/results/ml_samples/N2_sw0.15_x+0_i0156.h5
2,50,1.500000000e-01,1.000000000e+00,0,1.000000000e+00,6.619433198e-01,1413067975,main,rise,2.892100000e+01,9.679390105e-02,9.718803891e-03,9.317375285e-02,4.168027829e+02,false,0,1.564364750e+03,/mnt/pd/tema1/new/results/ml_samples/N2_sw0.15_x+0_i0100.h5
2,50,1.500000000e-01,1.000000000e+00,0,1.000000000e+00,6.619433198e-01,1840164025,main,rise,6.721000000e+00,1.034745190e-01,1.221677326e-02,9.128377027e-02,4.168027829e+02,false,0,4.022644193e+02,/mnt/pd/tema1/new/results/ml_samples/N2_sw0.15_x+0_i0162.h5
2,50,1.500000000e-01,1.000000000e+00,0,1.000000000e+00,6.619433198e-01,1577713141,main,fall,1.891000000e+00,1.098936012e-01,3.010532456e-02,9.564327031e-02,4.168027829e+02,false,0,1.340459389e+02,/mnt/pd/tema1/new/results/ml_samples/N2_sw0.15_x+0_i0176.h5
2,50,1.500000000e-01,1.000000000e+00,0,1.000000000e+00,6.619433198e-01,1730632529,main,rise,8.041000000e+00,1.026847325e-01,1.430609159e-02,9.163183935e-02,4.168027829e+02,false,0,4.535328877e+02,/mnt/pd/tema1/new/results/ml_samples/N2_sw0.15_x+0_i0166.h5
2,50,1.500000000e-01,1.000000000e+00,0,1.000000000e+00,6.619433198e-01,1180027605,main,rise,4.954100000e+01,9.845187102e-02,8.707611085e-03,9.274327791e-02,4.168027829e+02,false,0,2.651218485e+03,/mnt/pd/tema1/new/results/ml_samples/N2_sw0.15_x+0_i0024.h5
2,50,1.500000000e-01,1.000000000e+00,0,1.000000000e+00,6.619433198e-01,1981105433,main,fall,4.571000000e+00,1.057619516e-01,2.477935992e-02,9.028965953e-02,4.168027829e+02,false,0,2.734242822e+02,/mnt/pd/tema1/new/results/ml_samples/N2_sw0.15_x+0_i0174.h5
2,50,1.500000000e-01,1.000000000e+00,0,1.000000000e+00,6.619433198e-01,1686495559,main,fall,1.628100000e+01,1.002413081e-01,8.517385955e-03,9.053893062e-02,4.168027829e+02,false,0,9.143708354e+02,/mnt/pd/tema1/new/results/ml_samples/N2_sw0.15_x+0_i0138.h5
2,50,1.500000000e-01,1.000000000e+00,0,1.000000000e+00,6.619433198e-01,238762957,main,fall,2.911000000e+00,1.114690918e-01,2.726296840e-02,9.253200144e-02,4.168027829e+02,false,0,1.849657545e+02,/mnt/pd/tema1/new/results/ml_samples/N2_sw0.15_x+0_i0178.h5
2,50,1.500000000e-01,1.000000000e+00,0,1.000000000e+00,6.619433198e-01,542435195,main,fall,4.882100000e+01,9.746694134e-02,8.502237459e-03,9.077232933e-02,4.168027829e+02,false,0,2.612552943e+03,/mnt/pd/tema1/new/results/ml_samples/N2_sw0.15_x+0_i0036.h5
2,50,1.500000000e-01,1.000000000e+00,0,1.000000000e+00,6.619433198e-01,1892711,main,fall,2.851000000e+00,1.066920577e-01,2.596157101e-02,8.994469297e-02,4.168027829e+02,false,0,1.818389813e+02,/mnt/pd/tema1/new/results/ml_samples/N2_sw0.15_x+0_i0186.h5
2,50,1.500000000e-01,1.000000000e+00,0,1.000000000e+00,6.619433198e-01,948506207,main,rise,1.872100000e+01,9.704999976e-02,1.255799083e-02,9.258902266e-02,4.168027829e+02,false,0,1.029642151e+03,/mnt/pd/tema1/new/results/ml_samples/N2_sw0.15_x+0_i0132.h5
2,50,1.500000000e-01,1.000000000e+00,0,1.000000000e+00,6.619433198e-01,1136876350,main,fall,3.664100000e+01,9.720338898e-02,8.836941900e-03,9.358325272e-02,4.168027829e+02,false,0,1.964964935e+03,/mnt/pd/tema1/new/results/ml_samples/N2_sw0.15_x+0_i0092.h5
2,50,1.500000000e-01,1.000000000e+00,0,1.000000000e+00,6.619433198e-01,1297255636,main,fall,1.342100000e+01,1.005971650e-01,1.435044284e-02,9.174604187e-02,4.168027829e+02,false,0,7.391394822e+02,/mnt/pd/tema1/new/results/ml_samples/N2_sw0.15_x+0_i0154.h5
2,50,1.500000000e-01,1.000000000e+00,0,1.000000000e+00,6.619433198e-01,1571430095,main,fall,3.361100000e+01,9.804440521e-02,8.449835195e-03,9.117976990e-02,4.168027829e+02,false,0,1.811982651e+03,/mnt/pd/tema1/new/results/ml_samples/N2_sw0.15_x+0_i0102.h5
2,50,1.500000000e-01,1.000000000e+00,0,1.000000000e+00,6.619433198e-01,1602967094,main,fall,2.181000000e+00,9.831041403e-02,1.288243940e-02,9.601827169e-02,4.168027829e+02,false,0,1.443854783e+02,/mnt/pd/tema1/new/results/ml_samples/N2_sw0.15_x+0_i0194.h5
2,50,1.500000000e-01,1.000000000e+00,0,1.000000000e+00,6.619433198e-01,1808509118,main,fall,1.126100000e+01,9.794182858e-02,1.008593162e-02,9.377381505e-02,4.168027829e+02,false,0,6.253263795e+02,/mnt/pd/tema1/new/results/ml_samples/N2_sw0.15_x+0_i0170.h5
2,50,1.500000000e-01,1.000000000e+00,0,1.000000000e+00,6.619433198e-01,880180925,main,fall,3.131000000e+00,1.031369956e-01,2.185370886e-02,9.310869589e-02,4.168027829e+02,false,0,1.948606401e+02,/mnt/pd/tema1/new/results/ml_samples/N2_sw0.15_x+0_i0196.h5
2,50,1.500000000e-01,1.000000000e+00,0,1.000000000e+00,6.619433198e-01,1610529418,main,rise,1.487100000e+01,1.010321105e-01,1.317540078e-02,9.199591471e-02,4.168027829e+02,false,0,8.701956445e+02,/mnt/pd/tema1/new/results/ml_samples/N2_sw0.15_x+0_i0150.h5
2,50,1.500000000e-01,1.000000000e+00,0,1.000000000e+00,6.619433198e-01,222212062,main,rise,4.299100000e+01,9.868328161e-02,9.884852557e-03,9.145130988e-02,4.168027829e+02,false,0,2.298998945e+03,/mnt/pd/tema1/new/results/ml_samples/N2_sw0.15_x+0_i0076.h5
2,50,1.500000000e-01,1.000000000e+00,0,1.000000000e+00,6.619433198e-01,1411424970,main,fall,7.341000000e+00,9.352977136e-02,8.833793035e-03,9.672590135e-02,4.168027829e+02,false,0,4.171041472e+02,/mnt/pd/tema1/new/results/ml_samples/N2_sw0.15_x+0_i0182.h5
2,50,1.500000000e-01,1.000000000e+00,0,1.000000000e+00,6.619433198e-01,1707259734,main,rise,1.409100000e+01,9.988441529e-02,1.351649581e-02,9.070210148e-02,4.168027829e+02,false,0,7.825115654e+02,/mnt/pd/tema1/new/results/ml_samples/N2_sw0.15_x+0_i0168.h5
2,50,1.500000000e-01,1.000000000e+00,0,1.000000000e+00,6.619433198e-01,1531918784,main,rise,8.261000000e+00,1.020275819e-01,2.175414108e-02,9.149651526e-02,4.168027829e+02,false,0,4.831076846e+02,/mnt/pd/tema1/new/results/ml_samples/N2_sw0.15_x+0_i0180.h5
2,50,1.500000000e-01,1.000000000e+00,0,1.000000000e+00,6.619433198e-01,1123910380,main,fall,6.371000000e+00,1.001203321e-01,1.302097031e-02,9.007244091e-02,4.168027829e+02,false,0,3.663868328e+02,/mnt/pd/tema1/new/results/ml_samples/N2_sw0.15_x+0_i0192.h5
2,50,1.500000000e-01,1.000000000e+00,0,1.000000000e+00,6.619433198e-01,1338702261,main,rise,9.521000000e+00,1.005146702e-01,1.096274327e-02,9.028909050e-02,4.168027829e+02,false,0,5.426789063e+02,/mnt/pd/tema1/new/results/ml_samples/N2_sw0.15_x+0_i0188.h5
2,50,1.500000000e-01,1.000000000e+00,1,1.066469849e+00,7.059425921e-01,742885432,main,fall,3.781000000e+00,1.029171746e-01,1.749799786e-02,9.432621263e-02,4.971066929e+02,false,0,2.274840405e+02,/mnt/pd/tema1/new/results/ml_samples/N2_sw0.15_x+1_i0020.h5
2,50,1.500000000e-01,1.000000000e+00,0,1.000000000e+00,6.619433198e-01,1827440173,main,rise,9.071000000e+00,9.681713494e-02,7.523055540e-03,9.286240852e-02,4.168027829e+02,false,0,5.078310934e+02,/mnt/pd/tema1/new/results/ml_samples/N2_sw0.15_x+0_i0198.h5
2,50,1.500000000e-01,1.000000000e+00,0,1.000000000e+00,6.619433198e-01,900940907,main,fall,1.685100000e+01,1.011410378e-01,1.432076702e-02,9.127074454e-02,4.168027829e+02,false,0,9.576873976e+02,/mnt/pd/tema1/new/results/ml_samples/N2_sw0.15_x+0_i0172.h5
2,50,1.500000000e-01,1.000000000e+00,1,1.066469849e+00,7.059425921e-01,1717431705,main,rise,8.391000000e+00,1.045329507e-01,1.971478206e-02,9.027404150e-02,4.971066929e+02,false,0,4.875595517e+02,/mnt/pd/tema1/new/results/ml_samples/N2_sw0.15_x+1_i0000.h5
2,50,1.500000000e-01,1.000000000e+00,1,1.066469849e+00,7.059425921e-01,880242649,main,rise,7.971000000e+00,1.007771677e-01,6.749051770e-03,9.154273294e-02,4.971066929e+02,false,0,4.485578442e+02,/mnt/pd/tema1/new/results/ml_samples/N2_sw0.15_x+1_i0012.h5
2,50,1.500000000e-01,1.000000000e+00,0,1.000000000e+00,6.619433198e-01,755790283,main,timeout,6.000100000e+01,1.004369399e-01,9.014526529e-03,8.815703678e-02,4.168027829e+02,false,0,3.206732298e+03,/mnt/pd/tema1/new/results/ml_samples/N2_sw0.15_x+0_i0040.h5
2,50,1.500000000e-01,1.000000000e+00,1,1.066469849e+00,7.059425921e-01,1817632834,main,fall,7.041000000e+00,1.032251470e-01,1.783053845e-02,9.068767267e-02,4.971066929e+02,false,0,4.026852834e+02,/mnt/pd/tema1/new/results/ml_samples/N2_sw0.15_x+1_i0018.h5
2,50,1.500000000e-01,1.000000000e+00,0,1.000000000e+00,6.619433198e-01,1879458882,main,rise,4.404100000e+01,9.705513401e-02,7.133786046e-03,9.181011647e-02,4.168027829e+02,false,0,2.514619186e+03,/mnt/pd/tema1/new/results/ml_samples/N2_sw0.15_x+0_i0090.h5
2,50,1.500000000e-01,1.000000000e+00,1,1.066469849e+00,7.059425921e-01,20893565,main,fall,6.251000000e+00,1.077982160e-01,2.124033330e-02,8.821323030e-02,4.971066929e+02,false,0,3.692262622e+02,/mnt/pd/tema1/new/results/ml_samples/N2_sw0.15_x+1_i0022.h5
2,50,1.500000000e-01,1.000000000e+00,0,1.000000000e+00,6.619433198e-01,1364826092,main,fall,3.845100000e+01,9.663923308e-02,1.114749161e-02,9.185351571e-02,4.168027829e+02,false,0,2.076024044e+03,/mnt/pd/tema1/new/results/ml_samples/N2_sw0.15_x+0_i0110.h5
2,50,1.500000000e-01,1.000000000e+00,1,1.066469849e+00,7.059425921e-01,1261352323,main,rise,1.070100000e+01,1.037913446e-01,1.538348937e-02,9.088393114e-02,4.971066929e+02,false,0,5.968529767e+02,/mnt/pd/tema1/new/results/ml_samples/N2_sw0.15_x+1_i0006.h5
2,50,1.500000000e-01,1.000000000e+00,0,1.000000000e+00,6.619433198e-01,1245710202,main,fall,2.491100000e+01,9.729562541e-02,8.695189729e-03,9.330847163e-02,4.168027829e+02,false,0,1.348269710e+03,/mnt/pd/tema1/new/results/ml_samples/N2_sw0.15_x+0_i0160.h5
2,50,1.500000000e-01,1.000000000e+00,1,1.066469849e+00,7.059425921e-01,1018482715,main,rise,7.021000000e+00,1.036435069e-01,1.411919272e-02,9.124287478e-02,4.971066929e+02,false,0,4.017136569e+02,/mnt/pd/tema1/new/results/ml_samples/N2_sw0.15_x+1_i0028.h5
2,50,1.500000000e-01,1.000000000e+00,1,1.066469849e+00,7.059425921e-01,1657041637,main,fall,4.051000000e+00,9.970296634e-02,8.674537972e-03,9.632994335e-02,4.971066929e+02,false,0,2.409104155e+02,/mnt/pd/tema1/new/results/ml_samples/N2_sw0.15_x+1_i0044.h5
2,50,1.500000000e-01,1.000000000e+00,1,1.066469849e+00,7.059425921e-01,472024241,main,fall,1.488100000e+01,1.022637368e-01,7.707336369e-03,9.275867088e-02,4.971066929e+02,false,0,8.423441938e+02,/mnt/pd/tema1/new/results/ml_samples/N2_sw0.15_x+1_i0010.h5
2,50,1.500000000e-01,1.000000000e+00,1,1.066469849e+00,7.059425921e-01,1546561674,main,rise,8.201000000e+00,1.015834300e-01,1.218274374e-02,9.457365820e-02,4.971066929e+02,false,0,4.675520159e+02,/mnt/pd/tema1/new/results/ml_samples/N2_sw0.15_x+1_i0032.h5
2,50,1.500000000e-01,1.000000000e+00,1,1.066469849e+00,7.059425921e-01,256945809,main,fall,5.571000000e+00,1.057524621e-01,2.005999036e-02,8.905984035e-02,4.971066929e+02,false,0,3.254059468e+02,/mnt/pd/tema1/new/results/ml_samples/N2_sw0.15_x+1_i0046.h5
2,50,1.500000000e-01,1.000000000e+00,0,1.000000000e+00,6.619433198e-01,204698775,main,rise,2.929100000e+01,9.739031751e-02,1.219670950e-02,9.379983793e-02,4.168027829e+02,false,0,1.591957070e+03,/mnt/pd/tema1/new/results/ml_samples/N2_sw0.15_x+0_i0164.h5
2,50,1.500000000e-01,1.000000000e+00,1,1.066469849e+00,7.059425921e-01,1662730003,main,fall,1.716100000e+01,1.025984593e-01,9.692000979e-03,8.956538123e-02,4.971066929e+02,false,0,9.441305883e+02,/mnt/pd/tema1/new/results/ml_samples/N2_sw0.15_x+1_i0004.h5
2,50,1.500000000e-01,1.000000000e+00,1,1.066469849e+00,7.059425921e-01,1107670702,main,rise,1.851100000e+01,1.026134971e-01,8.072240027e-03,8.972031492e-02,4.971066929e+02,false,0,1.011635202e+03,/mnt/pd/tema1/new/results/ml_samples/N2_sw0.15_x+1_i0002.h5
2,50,1.500000000e-01,1.000000000e+00,0,1.000000000e+00,6.619433198e-01,825542714,main,rise,2.270100000e+01,9.801270837e-02,1.145795190e-02,9.067402534e-02,4.168027829e+02,false,0,1.231300975e+03,/mnt/pd/tema1/new/results/ml_samples/N2_sw0.15_x+0_i0184.h5
2,50,1.500000000e-01,1.000000000e+00,1,1.066469849e+00,7.059425921e-01,922028667,main,rise,1.648100000e+01,1.025958856e-01,1.115709340e-02,8.966953949e-02,4.971066929e+02,false,0,9.038598657e+02,/mnt/pd/tema1/new/results/ml_samples/N2_sw0.15_x+1_i0014.h5
2,50,1.500000000e-01,1.000000000e+00,0,1.000000000e+00,6.619433198e-01,537975211,main,timeout,6.000100000e+01,9.820552457e-02,8.880826867e-03,9.168297618e-02,4.168027829e+02,false,0,3.200426760e+03,/mnt/pd/tema1/new/results/ml_samples/N2_sw0.15_x+0_i0072.h5
2,50,1.500000000e-01,1.000000000e+00,1,1.066469849e+00,7.059425921e-01,2061861567,main,rise,7.521000000e+00,1.043776923e-01,1.555133520e-02,9.382236987e-02,4.971066929e+02,false,0,4.380368839e+02,/mnt/pd/tema1/new/results/ml_samples/N2_sw0.15_x+1_i0050.h5
2,50,1.500000000e-01,1.000000000e+00,1,1.066469849e+00,7.059425921e-01,465516444,main,rise,1.997100000e+01,1.026209027e-01,9.276491045e-03,8.964087709e-02,4.971066929e+02,false,0,1.086859018e+03,/mnt/pd/tema1/new/results/ml_samples/N2_sw0.15_x+1_i0008.h5
2,50,1.500000000e-01,1.000000000e+00,1,1.066469849e+00,7.059425921e-01,1445866397,main,rise,1.734100000e+01,1.008670810e-01,8.783725667e-03,9.037352820e-02,4.971066929e+02,false,0,9.461023437e+02,/mnt/pd/tema1/new/results/ml_samples/N2_sw0.15_x+1_i0024.h5
2,50,1.500000000e-01,1.000000000e+00,0,1.000000000e+00,6.619433198e-01,1307818351,main,rise,4.559100000e+01,9.683543687e-02,1.052957341e-02,9.275815566e-02,4.168027829e+02,false,0,2.445918902e+03,/mnt/pd/tema1/new/results/ml_samples/N2_sw0.15_x+0_i0124.h5
2,50,1.500000000e-01,1.000000000e+00,1,1.066469849e+00,7.059425921e-01,43412106,main,rise,1.438100000e+01,1.040780747e-01,1.409505606e-02,8.964707664e-02,4.971066929e+02,false,0,7.988966469e+02,/mnt/pd/tema1/new/results/ml_samples/N2_sw0.15_x+1_i0034.h5
2,50,1.500000000e-01,1.000000000e+00,1,1.066469849e+00,7.059425921e-01,1153949255,main,rise,1.476100000e+01,1.008573015e-01,9.636542243e-03,9.334339652e-02,4.971066929e+02,false,0,8.733001178e+02,/mnt/pd/tema1/new/results/ml_samples/N2_sw0.15_x+1_i0036.h5
2,50,1.500000000e-01,1.000000000e+00,1,1.066469849e+00,7.059425921e-01,651802716,main,rise,1.453100000e+01,1.016444546e-01,1.153013666e-02,8.924991568e-02,4.971066929e+02,false,0,8.230733448e+02,/mnt/pd/tema1/new/results/ml_samples/N2_sw0.15_x+1_i0040.h5
2,50,1.500000000e-01,1.000000000e+00,1,1.066469849e+00,7.059425921e-01,996894172,main,rise,4.251000000e+00,1.099414584e-01,2.442176908e-02,9.296195553e-02,4.971066929e+02,false,0,2.678214301e+02,/mnt/pd/tema1/new/results/ml_samples/N2_sw0.15_x+1_i0084.h5
2,50,1.500000000e-01,1.000000000e+00,1,1.066469849e+00,7.059425921e-01,1684729874,main,rise,8.281000000e+00,1.023705352e-01,1.288958737e-02,9.064972646e-02,4.971066929e+02,false,0,4.771676401e+02,/mnt/pd/tema1/new/results/ml_samples/N2_sw0.15_x+1_i0070.h5
2,50,1.500000000e-01,1.000000000e+00,1,1.066469849e+00,7.059425921e-01,835391765,main,fall,1.015100000e+01,1.004879039e-01,9.701702822e-03,9.376962043e-02,4.971066929e+02,false,0,5.698113436e+02,/mnt/pd/tema1/new/results/ml_samples/N2_sw0.15_x+1_i0080.h5
2,50,1.500000000e-01,1.000000000e+00,1,1.066469849e+00,7.059425921e-01,2037322437,main,rise,1.113100000e+01,1.016270314e-01,1.147989525e-02,9.241223528e-02,4.971066929e+02,false,0,6.252323798e+02,/mnt/pd/tema1/new/results/ml_samples/N2_sw0.15_x+1_i0074.h5
2,50,1.500000000e-01,1.000000000e+00,1,1.066469849e+00,7.059425921e-01,1357031901,main,fall,1.170100000e+01,9.845603579e-02,8.055482074e-03,9.443936679e-02,4.971066929e+02,false,0,6.499455378e+02,/mnt/pd/tema1/new/results/ml_samples/N2_sw0.15_x+1_i0058.h5
2,50,1.500000000e-01,1.000000000e+00,1,1.066469849e+00,7.059425921e-01,237973816,main,fall,1.273100000e+01,1.039683110e-01,1.351444605e-02,9.756524460e-02,4.971066929e+02,false,0,7.100681527e+02,/mnt/pd/tema1/new/results/ml_samples/N2_sw0.15_x+1_i0064.h5
2,50,1.500000000e-01,1.000000000e+00,1,1.066469849e+00,7.059425921e-01,1122710306,main,rise,1.210100000e+01,1.059238856e-01,1.847447244e-02,8.844391895e-02,4.971066929e+02,false,0,7.133603328e+02,/mnt/pd/tema1/new/results/ml_samples/N2_sw0.15_x+1_i0086.h5
2,50,1.500000000e-01,1.000000000e+00,1,1.066469849e+00,7.059425921e-01,445971626,main,rise,1.520100000e+01,1.053912532e-01,8.434896258e-03,9.227061357e-02,4.971066929e+02,false,0,8.441923012e+02,/mnt/pd/tema1/new/results/ml_samples/N2_sw0.15_x+1_i0072.h5
2,50,1.500000000e-01,1.000000000e+00,1,1.066469849e+00,7.059425921e-01,1180747703,main,fall,1.574100000e+01,1.012131585e-01,6.257958488e-03,9.035428617e-02,4.971066929e+02,false,0,8.679096620e+02,/mnt/pd/tema1/new/results/ml_samples/N2_sw0.15_x+1_i0052.h5
2,50,1.500000000e-01,1.000000000e+00,1,1.066469849e+00,7.059425921e-01,757559531,main,fall,1.484100000e+01,1.003375301e-01,8.925348295e-03,9.158189684e-02,4.971066929e+02,false,0,8.746164011e+02,/mnt/pd/tema1/new/results/ml_samples/N2_sw0.15_x+1_i0088.h5
2,50,1.500000000e-01,1.000000000e+00,1,1.066469849e+00,7.059425921e-01,2034671343,main,rise,1.584100000e+01,1.026451784e-01,9.669163623e-03,8.737731408e-02,4.971066929e+02,false,0,8.740056195e+02,/mnt/pd/tema1/new/results/ml_samples/N2_sw0.15_x+1_i0038.h5
2,50,1.500000000e-01,1.000000000e+00,1,1.066469849e+00,7.059425921e-01,1477728961,main,rise,1.816100000e+01,1.027156680e-01,1.349980624e-02,8.957809993e-02,4.971066929e+02,false,0,9.983307278e+02,/mnt/pd/tema1/new/results/ml_samples/N2_sw0.15_x+1_i0054.h5
2,50,1.500000000e-01,1.000000000e+00,1,1.066469849e+00,7.059425921e-01,857396732,main,rise,1.828100000e+01,1.032408983e-01,8.217230270e-03,8.986268508e-02,4.971066929e+02,false,0,1.002672509e+03,/mnt/pd/tema1/new/results/ml_samples/N2_sw0.15_x+1_i0068.h5
2,50,1.500000000e-01,1.000000000e+00,1,1.066469849e+00,7.059425921e-01,1955656534,main,rise,2.022100000e+01,1.034976952e-01,1.201997253e-02,8.776249377e-02,4.971066929e+02,false,0,1.115489235e+03,/mnt/pd/tema1/new/results/ml_samples/N2_sw0.15_x+1_i0042.h5
2,50,1.500000000e-01,1.000000000e+00,1,1.066469849e+00,7.059425921e-01,1057700814,main,rise,7.861000000e+00,1.047568617e-01,1.061370044e-02,8.981083640e-02,4.971066929e+02,false,0,4.393113248e+02,/mnt/pd/tema1/new/results/ml_samples/N2_sw0.15_x+1_i0100.h5
2,50,1.500000000e-01,1.000000000e+00,1,1.066469849e+00,7.059425921e-01,1991404057,main,rise,2.237100000e+01,1.007962125e-01,9.944790831e-03,9.087449773e-02,4.971066929e+02,false,0,1.247700423e+03,/mnt/pd/tema1/new/results/ml_samples/N2_sw0.15_x+1_i0066.h5
2,50,1.500000000e-01,1.000000000e+00,1,1.066469849e+00,7.059425921e-01,838478972,main,rise,2.287100000e+01,1.010534367e-01,1.178511440e-02,9.094475128e-02,4.971066929e+02,false,0,1.257298618e+03,/mnt/pd/tema1/new/results/ml_samples/N2_sw0.15_x+1_i0060.h5
2,50,1.500000000e-01,1.000000000e+00,1,1.066469849e+00,7.059425921e-01,919644993,main,rise,2.329100000e+01,1.041898821e-01,1.007580474e-02,8.814612538e-02,4.971066929e+02,false,0,1.304646674e+03,/mnt/pd/tema1/new/results/ml_samples/N2_sw0.15_x+1_i0048.h5
2,50,1.500000000e-01,1.000000000e+00,1,1.066469849e+00,7.059425921e-01,744643245,main,rise,1.187100000e+01,1.027508399e-01,1.713654181e-02,8.962516324e-02,4.971066929e+02,false,0,6.675162490e+02,/mnt/pd/tema1/new/results/ml_samples/N2_sw0.15_x+1_i0102.h5
2,50,1.500000000e-01,1.000000000e+00,1,1.066469849e+00,7.059425921e-01,1921813393,main,rise,2.073100000e+01,1.018711991e-01,8.628799301e-03,9.036825350e-02,4.971066929e+02,false,0,1.205619988e+03,/mnt/pd/tema1/new/results/ml_samples/N2_sw0.15_x+1_i0090.h5
2,50,1.500000000e-01,1.000000000e+00,1,1.066469849e+00,7.059425921e-01,787868418,main,rise,2.681100000e+01,1.054840752e-01,1.131112935e-02,9.074696775e-02,4.971066929e+02,false,0,1.475059670e+03,/mnt/pd/tema1/new/results/ml_samples/N2_sw0.15_x+1_i0030.h5
2,50,1.500000000e-01,1.000000000e+00,1,1.066469849e+00,7.059425921e-01,2099131351,main,fall,2.725100000e+01,1.042132874e-01,1.048013580e-02,8.826884052e-02,4.971066929e+02,false,0,1.512792020e+03,/mnt/pd/tema1/new/results/ml_samples/N2_sw0.15_x+1_i0062.h5
2,50,1.500000000e-01,1.000000000e+00,1,1.066469849e+00,7.059425921e-01,1841412031,main,rise,2.840100000e+01,1.015165407e-01,9.791628540e-03,9.092026219e-02,4.971066929e+02,false,0,1.544629191e+03,/mnt/pd/tema1/new/results/ml_samples/N2_sw0.15_x+1_i0016.h5
2,50,1.500000000e-01,1.000000000e+00,1,1.066469849e+00,7.059425921e-01,1531227862,main,rise,1.320100000e+01,1.030611642e-01,8.008901467e-03,8.847929166e-02,4.971066929e+02,false,0,7.238687963e+02,/mnt/pd/tema1/new/results/ml_samples/N2_sw0.15_x+1_i0110.h5
2,50,1.500000000e-01,1.000000000e+00,1,1.066469849e+00,7.059425921e-01,738015988,main,rise,1.309100000e+01,1.032549556e-01,1.112817150e-02,8.937996163e-02,4.971066929e+02,false,0,7.260419320e+02,/mnt/pd/tema1/new/results/ml_samples/N2_sw0.15_x+1_i0108.h5
2,50,1.500000000e-01,1.000000000e+00,1,1.066469849e+00,7.059425921e-01,1490433271,main,rise,1.846100000e+01,1.031831778e-01,1.144101074e-02,9.179070786e-02,4.971066929e+02,false,0,1.002260751e+03,/mnt/pd/tema1/new/results/ml_samples/N2_sw0.15_x+1_i0096.h5
2,50,1.500000000e-01,1.000000000e+00,1,1.066469849e+00,7.059425921e-01,189500201,main,rise,7.461000000e+00,1.022412949e-01,9.679884708e-03,9.118136368e-02,4.971066929e+02,false,0,4.221463230e+02,/mnt/pd/tema1/new/results/ml_samples/N2_sw0.15_x+1_i0126.h5
2,50,1.500000000e-01,1.000000000e+00,1,1.066469849e+00,7.059425921e-01,261640198,main,fall,1.880100000e+01,1.025632808e-01,1.193074090e-02,8.868285839e-02,4.971066929e+02,false,0,1.023491037e+03,/mnt/pd/tema1/new/results/ml_samples/N2_sw0.15_x+1_i0104.h5
2,50,1.500000000e-01,1.000000000e+00,1,1.066469849e+00,7.059425921e-01,1019062685,main,rise,1.859100000e+01,1.025198723e-01,7.195843185e-03,8.962941312e-02,4.971066929e+02,false,0,1.008078873e+03,/mnt/pd/tema1/new/results/ml_samples/N2_sw0.15_x+1_i0106.h5
2,50,1.500000000e-01,1.000000000e+00,1,1.066469849e+00,7.059425921e-01,2012669718,main,rise,6.601000000e+00,1.044403524e-01,1.291513960e-02,9.069465632e-02,4.971066929e+02,false,0,3.817677194e+02,/mnt/pd/tema1/new/results/ml_samples/N2_sw0.15_x+1_i0134.h5
2,50,1.500000000e-01,1.000000000e+00,1,1.066469849e+00,7.059425921e-01,516925609,main,rise,8.191000000e+00,1.022041592e-01,1.384000830e-02,9.191658457e-02,4.971066929e+02,false,0,4.594875832e+02,/mnt/pd/tema1/new/results/ml_samples/N2_sw0.15_x+1_i0128.h5
2,50,1.500000000e-01,1.000000000e+00,1,1.066469849e+00,7.059425921e-01,156532238,main,rise,3.564100000e+01,1.006999116e-01,1.088620647e-02,9.150677192e-02,4.971066929e+02,false,0,1.961289600e+03,/mnt/pd/tema1/new/results/ml_samples/N2_sw0.15_x+1_i0078.h5
2,50,1.500000000e-01,1.000000000e+00,1,1.066469849e+00,7.059425921e-01,63263379,main,rise,1.447100000e+01,1.026512021e-01,1.505367900e-02,8.862851611e-02,4.971066929e+02,false,0,7.942337223e+02,/mnt/pd/tema1/new/results/ml_samples/N2_sw0.15_x+1_i0122.h5
2,50,1.500000000e-01,1.000000000e+00,1,1.066469849e+00,7.059425921e-01,370579335,main,rise,8.741000000e+00,1.008994338e-01,8.521442324e-03,9.161570100e-02,4.971066929e+02,false,0,4.873085509e+02,/mnt/pd/tema1/new/results/ml_samples/N2_sw0.15_x+1_i0138.h5
2,50,1.500000000e-01,1.000000000e+00,1,1.066469849e+00,7.059425921e-01,1315439514,main,fall,3.891100000e+01,1.021581478e-01,5.581763040e-03,8.859704264e-02,4.971066929e+02,false,0,2.104398579e+03,/mnt/pd/tema1/new/results/ml_samples/N2_sw0.15_x+1_i0076.h5
2,50,1.500000000e-01,1.000000000e+00,1,1.066469849e+00,7.059425921e-01,119255751,main,fall,1.213100000e+01,9.867972073e-02,8.304465200e-03,9.353833298e-02,4.971066929e+02,false,0,6.732283732e+02,/mnt/pd/tema1/new/results/ml_samples/N2_sw0.15_x+1_i0136.h5
2,50,1.500000000e-01,1.000000000e+00,1,1.066469849e+00,7.059425921e-01,2038404576,main,rise,6.511000000e+00,1.060993402e-01,1.601074415e-02,9.073381595e-02,4.971066929e+02,false,0,3.856613709e+02,/mnt/pd/tema1/new/results/ml_samples/N2_sw0.15_x+1_i0150.h5
2,50,1.500000000e-01,1.000000000e+00,1,1.066469849e+00,7.059425921e-01,72982755,main,rise,2.164100000e+01,1.008555593e-01,1.214718406e-02,9.158444664e-02,4.971066929e+02,false,0,1.177230973e+03,/mnt/pd/tema1/new/results/ml_samples/N2_sw0.15_x+1_i0124.h5
2,50,1.500000000e-01,1.000000000e+00,1,1.066469849e+00,7.059425921e-01,1751738510,main,fall,3.911000000e+00,1.044923720e-01,2.751737942e-02,9.553073835e-02,4.971066929e+02,false,0,2.348627962e+02,/mnt/pd/tema1/new/results/ml_samples/N2_sw0.15_x+1_i0160.h5
2,50,1.500000000e-01,1.000000000e+00,1,1.066469849e+00,7.059425921e-01,369102934,main,rise,3.645100000e+01,1.028058791e-01,8.641422478e-03,8.963010104e-02,4.971066929e+02,false,0,1.968957371e+03,/mnt/pd/tema1/new/results/ml_samples/N2_sw0.15_x+1_i0094.h5
2,50,1.500000000e-01,1.000000000e+00,1,1.066469849e+00,7.059425921e-01,954498938,main,fall,1.161100000e+01,1.064790314e-01,1.489248880e-02,8.856570036e-02,4.971066929e+02,false,0,6.415512603e+02,/mnt/pd/tema1/new/results/ml_samples/N2_sw0.15_x+1_i0148.h5
2,50,1.500000000e-01,1.000000000e+00,1,1.066469849e+00,7.059425921e-01,1017489364,main,rise,1.332100000e+01,1.062401956e-01,1.532728499e-02,8.788706408e-02,4.971066929e+02,false,0,7.300037563e+02,/mnt/pd/tema1/new/results/ml_samples/N2_sw0.15_x+1_i0144.h5
2,50,1.500000000e-01,1.000000000e+00,1,1.066469849e+00,7.059425921e-01,1137029916,main,rise,1.113100000e+01,1.062069148e-01,7.829873705e-03,8.875753746e-02,4.971066929e+02,false,0,6.165978317e+02,/mnt/pd/tema1/new/results/ml_samples/N2_sw0.15_x+1_i0154.h5
2,50,1.500000000e-01,1.000000000e+00,1,1.066469849e+00,7.059425921e-01,517727203,main,rise,2.920100000e+01,1.011419697e-01,7.591219475e-03,9.141649024e-02,4.971066929e+02,false,0,1.572366085e+03,/mnt/pd/tema1/new/results/ml_samples/N2_sw0.15_x+1_i0116.h5
2,50,1.500000000e-01,1.000000000e+00,1,1.066469849e+00,7.059425921e-01,2066286222,main,rise,2.299100000e+01,1.046283145e-01,9.639957472e-03,8.898950521e-02,4.971066929e+02,false,0,1.241720207e+03,/mnt/pd/tema1/new/results/ml_samples/N2_sw0.15_x+1_i0130.h5
2,50,1.500000000e-01,1.000000000e+00,1,1.066469849e+00,7.059425921e-01,704629291,main,rise,3.805100000e+01,1.016668853e-01,5.171216371e-03,8.792783007e-02,4.971066929e+02,false,0,2.070785381e+03,/mnt/pd/tema1/new/results/ml_samples/N2_sw0.15_x+1_i0098.h5
2,50,1.500000000e-01,1.000000000e+00,1,1.066469849e+00,7.059425921e-01,1774636548,main,rise,4.130100000e+01,1.011288269e-01,9.000579050e-03,9.038989606e-02,4.971066929e+02,false,0,2.249952545e+03,/mnt/pd/tema1/new/results/ml_samples/N2_sw0.15_x+1_i0092.h5
2,50,1.500000000e-01,1.000000000e+00,1,1.066469849e+00,7.059425921e-01,63330521,main,rise,4.950100000e+01,1.011001339e-01,6.573189824e-03,8.988031965e-02,4.971066929e+02,false,0,2.737918326e+03,/mnt/pd/tema1/new/results/ml_samples/N2_sw0.15_x+1_i0082.h5
2,50,1.500000000e-01,1.000000000e+00,1,1.066469849e+00,7.059425921e-01,920237441,main,rise,7.701000000e+00,1.045696669e-01,1.685529593e-02,8.910279470e-02,4.971066929e+02,false,0,4.348324367e+02,/mnt/pd/tema1/new/results/ml_samples/N2_sw0.15_x+1_i0162.h5
2,50,1.500000000e-01,1.000000000e+00,1,1.066469849e+00,7.059425921e-01,1368256272,main,fall,2.971000000e+00,1.058255513e-01,3.046446393e-02,9.679153394e-02,4.971066929e+02,false,0,1.851275373e+02,/mnt/pd/tema1/new/results/ml_samples/N2_sw0.15_x+1_i0170.h5
2,50,1.500000000e-01,1.000000000e+00,1,1.066469849e+00,7.059425921e-01,1170912088,main,rise,5.359100000e+01,1.015255362e-01,7.070622141e-03,8.932850631e-02,4.971066929e+02,false,0,2.901921781e+03,/mnt/pd/tema1/new/results/ml_samples/N2_sw0.15_x+1_i0056.h5
2,50,1.500000000e-01,1.000000000e+00,0,1.000000000e+00,6.619433198e-01,602479366,main,rise,5.197100000e+01,9.925423955e-02,8.918881036e-03,9.108197975e-02,4.168027829e+02,false,0,2.917256118e+03,/mnt/pd/tema1/new/results/ml_samples/N2_sw0.15_x+0_i0108.h5
2,50,1.500000000e-01,1.000000000e+00,1,1.066469849e+00,7.059425921e-01,1845994326,main,rise,2.385100000e+01,1.061869557e-01,1.300826670e-02,9.117821077e-02,4.971066929e+02,false,0,1.287675205e+03,/mnt/pd/tema1/new/results/ml_samples/N2_sw0.15_x+1_i0140.h5
2,50,1.500000000e-01,1.000000000e+00,1,1.066469849e+00,7.059425921e-01,2068870773,main,rise,6.881000000e+00,1.042723550e-01,1.876286269e-02,9.169141637e-02,4.971066929e+02,false,0,4.436909522e+02,/mnt/pd/tema1/new/results/ml_samples/N2_sw0.15_x+1_i0164.h5
2,50,1.500000000e-01,1.000000000e+00,0,1.000000000e+00,6.619433198e-01,1387298340,main,rise,5.372100000e+01,9.837693338e-02,1.099385969e-02,9.149158282e-02,4.168027829e+02,false,0,2.962470379e+03,/mnt/pd/tema1/new/results/ml_samples/N2_sw0.15_x+0_i0144.h5
2,50,1.500000000e-01,1.000000000e+00,1,1.066469849e+00,7.059425921e-01,967626534,main,rise,8.131000000e+00,1.068866386e-01,1.138657207e-02,8.527556993e-02,4.971066929e+02,false,0,4.579755762e+02,/mnt/pd/tema1/new/results/ml_samples/N2_sw0.15_x+1_i0166.h5
2,50,1.500000000e-01,1.000000000e+00,1,1.066469849e+00,7.059425921e-01,757931190,main,fall,3.606100000e+01,9.978856159e-02,7.849942921e-03,9.028253183e-02,4.971066929e+02,false,0,1.965506917e+03,/mnt/pd/tema1/new/results/ml_samples/N2_sw0.15_x+1_i0112.h5
2,50,1.500000000e-01,1.000000000e+00,1,1.066469849e+00,7.059425921e-01,30496714,main,rise,5.461000000e+00,1.099685265e-01,1.967456243e-02,8.812332416e-02,4.971066929e+02,false,0,3.173226930e+02,/mnt/pd/tema1/new/results/ml_samples/N2_sw0.15_x+1_i0176.h5
2,50,1.500000000e-01,1.000000000e+00,1,1.066469849e+00,7.059425921e-01,276828871,main,rise,1.739100000e+01,1.044032286e-01,1.226988596e-02,8.938360147e-02,4.971066929e+02,false,0,9.417913766e+02,/mnt/pd/tema1/new/results/ml_samples/N2_sw0.15_x+1_i0158.h5
2,50,1.500000000e-01,1.000000000e+00,0,1.000000000e+00,6.619433198e-01,296681750,main,rise,5.709100000e+01,9.979402355e-02,8.907588829e-03,9.126052534e-02,4.168027829e+02,false,0,3.073022489e+03,/mnt/pd/tema1/new/results/ml_samples/N2_sw0.15_x+0_i0134.h5
2,50,1.500000000e-01,1.000000000e+00,1,1.066469849e+00,7.059425921e-01,1977548944,main,rise,5.789100000e+01,1.026483422e-01,8.408171892e-03,8.843701397e-02,4.971066929e+02,false,0,3.128093446e+03,/mnt/pd/tema1/new/results/ml_samples/N2_sw0.15_x+1_i0026.h5
2,50,1.500000000e-01,1.000000000e+00,1,1.066469849e+00,7.059425921e-01,1757582797,main,rise,3.789100000e+01,1.011375978e-01,7.745857441e-03,8.917887990e-02,4.971066929e+02,false,0,2.045838899e+03,/mnt/pd/tema1/new/results/ml_samples/N2_sw0.15_x+1_i0118.h5
2,50,1.500000000e-01,1.000000000e+00,1,1.066469849e+00,7.059425921e-01,1923965956,main,fall,8.391000000e+00,1.027198987e-01,1.177945063e-02,8.932221023e-02,4.971066929e+02,false,0,4.776497187e+02,/mnt/pd/tema1/new/results/ml_samples/N2_sw0.15_x+1_i0182.h5
2,50,1.500000000e-01,1.000000000e+00,1,1.066469849e+00,7.059425921e-01,448237009,main,rise,1.261100000e+01,1.035976737e-01,1.503292350e-02,9.041449530e-02,4.971066929e+02,false,0,6.940875046e+02,/mnt/pd/tema1/new/results/ml_samples/N2_sw0.15_x+1_i0168.h5
2,50,1.500000000e-01,1.000000000e+00,0,1.000000000e+00,6.619433198e-01,1510183226,main,timeout,6.000100000e+01,9.887067424e-02,6.895172671e-03,8.959295048e-02,4.168027829e+02,false,0,3.234358293e+03,/mnt/pd/tema1/new/results/ml_samples/N2_sw0.15_x+0_i0116.h5
2,50,1.500000000e-01,1.000000000e+00,0,1.000000000e+00,6.619433198e-01,80604253,main,timeout,6.000100000e+01,9.853302164e-02,1.058120717e-02,9.176975465e-02,4.168027829e+02,false,0,3.249808357e+03,/mnt/pd/tema1/new/results/ml_samples/N2_sw0.15_x+0_i0190.h5
2,50,1.500000000e-01,1.000000000e+00,1,1.066469849e+00,7.059425921e-01,988622863,main,rise,4.075100000e+01,1.036217069e-01,8.806947112e-03,8.798854170e-02,4.971066929e+02,false,0,2.267091876e+03,/mnt/pd/tema1/new/results/ml_samples/N2_sw0.15_x+1_i0114.h5
2,50,1.500000000e-01,1.000000000e+00,2,1.132939697e+00,7.499418643e-01,907550846,main,rise,6.291000000e+00,1.084022090e-01,1.779438792e-02,8.963259335e-02,5.837719052e+02,false,0,3.610263540e+02,/mnt/pd/tema1/new/results/ml_samples/N2_sw0.15_x+2_i0002.h5
2,50,1.500000000e-01,1.000000000e+00,1,1.066469849e+00,7.059425921e-01,836246792,main,rise,2.489100000e+01,1.017340669e-01,1.421311427e-02,8.958006491e-02,4.971066929e+02,false,0,1.399177537e+03,/mnt/pd/tema1/new/results/ml_samples/N2_sw0.15_x+1_i0152.h5
2,50,1.500000000e-01,1.000000000e+00,1,1.066469849e+00,7.059425921e-01,799390174,main,rise,1.058100000e+01,1.005847660e-01,1.634003769e-02,9.521058070e-02,4.971066929e+02,false,0,6.479751002e+02,/mnt/pd/tema1/new/results/ml_samples/N2_sw0.15_x+1_i0188.h5
2,50,1.500000000e-01,1.000000000e+00,1,1.066469849e+00,7.059425921e-01,287322368,main,rise,9.661000000e+00,1.028395215e-01,1.273964838e-02,9.288865824e-02,4.971066929e+02,false,0,5.372020525e+02,/mnt/pd/tema1/new/results/ml_samples/N2_sw0.15_x+1_i0192.h5
2,50,1.500000000e-01,1.000000000e+00,2,1.132939697e+00,7.499418643e-01,2035868929,main,rise,8.401000000e+00,1.056552263e-01,6.925415889e-03,8.677058133e-02,5.837719052e+02,false,0,4.693089714e+02,/mnt/pd/tema1/new/results/ml_samples/N2_sw0.15_x+2_i0004.h5
2,50,1.500000000e-01,1.000000000e+00,2,1.132939697e+00,7.499418643e-01,1033190324,main,rise,6.431000000e+00,1.087094910e-01,1.386367459e-02,8.771554286e-02,5.837719052e+02,false,0,3.668782465e+02,/mnt/pd/tema1/new/results/ml_samples/N2_sw0.15_x+2_i0010.h5
2,50,1.500000000e-01,1.000000000e+00,2,1.132939697e+00,7.499418643e-01,1105019838,main,rise,7.391000000e+00,1.060717129e-01,1.551873394e-02,9.144001235e-02,5.837719052e+02,false,0,4.271952818e+02,/mnt/pd/tema1/new/results/ml_samples/N2_sw0.15_x+2_i0008.h5
2,50,1.500000000e-01,1.000000000e+00,1,1.066469849e+00,7.059425921e-01,941277635,main,rise,1.459100000e+01,1.037067213e-01,1.265869920e-02,9.075442936e-02,4.971066929e+02,false,0,7.968775788e+02,/mnt/pd/tema1/new/results/ml_samples/N2_sw0.15_x+1_i0180.h5
2,50,1.500000000e-01,1.000000000e+00,1,1.066469849e+00,7.059425921e-01,21315377,main,rise,1.442100000e+01,1.029989748e-01,1.436953335e-02,9.217505276e-02,4.971066929e+02,false,0,7.933421041e+02,/mnt/pd/tema1/new/results/ml_samples/N2_sw0.15_x+1_i0186.h5
2,50,1.500000000e-01,1.000000000e+00,1,1.066469849e+00,7.059425921e-01,549055403,main,rise,3.328100000e+01,1.024928858e-01,1.025937941e-02,8.947351998e-02,4.971066929e+02,false,0,1.791055673e+03,/mnt/pd/tema1/new/results/ml_samples/N2_sw0.15_x+1_i0142.h5
2,50,1.500000000e-01,1.000000000e+00,2,1.132939697e+00,7.499418643e-01,1006757349,main,rise,1.155100000e+01,1.058545097e-01,8.252971176e-03,9.028385001e-02,5.837719052e+02,false,0,6.371390108e+02,/mnt/pd/tema1/new/results/ml_samples/N2_sw0.15_x+2_i0000.h5
2,50,1.500000000e-01,1.000000000e+00,2,1.132939697e+00,7.499418643e-01,793806864,main,rise,5.511000000e+00,1.109269807e-01,1.406674810e-02,9.056554486e-02,5.837719052e+02,false,0,3.249467925e+02,/mnt/pd/tema1/new/results/ml_samples/N2_sw0.15_x+2_i0026.h5
2,50,1.500000000e-01,1.000000000e+00,1,1.066469849e+00,7.059425921e-01,469622690,main,rise,1.409100000e+01,1.017896468e-01,1.456096988e-02,9.080619667e-02,4.971066929e+02,false,0,7.762642109e+02,/mnt/pd/tema1/new/results/ml_samples/N2_sw0.15_x+1_i0196.h5
2,50,1.500000000e-01,1.000000000e+00,1,1.066469849e+00,7.059425921e-01,917438693,main,rise,3.372100000e+01,1.008871407e-01,9.978010003e-03,9.240914574e-02,4.971066929e+02,false,0,1.823348484e+03,/mnt/pd/tema1/new/results/ml_samples/N2_sw0.15_x+1_i0146.h5
2,50,1.500000000e-01,1.000000000e+00,2,1.132939697e+00,7.499418643e-01,1167380341,main,rise,8.971000000e+00,1.074120980e-01,9.896408266e-03,8.754636875e-02,5.837719052e+02,false,0,5.014407986e+02,/mnt/pd/tema1/new/results/ml_samples/N2_sw0.15_x+2_i0014.h5
2,50,1.500000000e-01,1.000000000e+00,2,1.132939697e+00,7.499418643e-01,1874770434,main,rise,7.291000000e+00,1.052155990e-01,1.258585203e-02,9.034687278e-02,5.837719052e+02,false,0,4.264386564e+02,/mnt/pd/tema1/new/results/ml_samples/N2_sw0.15_x+2_i0024.h5
2,50,1.500000000e-01,1.000000000e+00,2,1.132939697e+00,7.499418643e-01,926976336,main,rise,9.891000000e+00,1.047902043e-01,1.008055332e-02,9.129838373e-02,5.837719052e+02,false,0,5.580986317e+02,/mnt/pd/tema1/new/results/ml_samples/N2_sw0.15_x+2_i0020.h5
2,50,1.500000000e-01,1.000000000e+00,1,1.066469849e+00,7.059425921e-01,940781308,main,rise,2.055100000e+01,1.016362297e-01,8.888490908e-03,9.154613838e-02,4.971066929e+02,false,0,1.111911793e+03,/mnt/pd/tema1/new/results/ml_samples/N2_sw0.15_x+1_i0184.h5
2,50,1.500000000e-01,1.000000000e+00,2,1.132939697e+00,7.499418643e-01,1607213106,main,fall,6.161000000e+00,1.030395498e-01,1.478352778e-02,9.546604543e-02,5.837719052e+02,false,0,3.548034472e+02,/mnt/pd/tema1/new/results/ml_samples/N2_sw0.15_x+2_i0036.h5
2,50,1.500000000e-01,1.000000000e+00,2,1.132939697e+00,7.499418643e-01,659212380,main,rise,6.251000000e+00,1.123307036e-01,2.170957726e-02,8.781331775e-02,5.837719052e+02,false,0,3.622116515e+02,/mnt/pd/tema1/new/results/ml_samples/N2_sw0.15_x+2_i0034.h5
2,50,1.500000000e-01,1.000000000e+00,1,1.066469849e+00,7.059425921e-01,2115584940,main,rise,1.848100000e+01,1.030649690e-01,9.067505194e-03,8.710185586e-02,4.971066929e+02,false,0,1.003136197e+03,/mnt/pd/tema1/new/results/ml_samples/N2_sw0.15_x+1_i0190.h5
2,50,1.500000000e-01,1.000000000e+00,2,1.132939697e+00,7.499418643e-01,845712447,main,rise,1.232100000e+01,1.054566073e-01,9.212020793e-03,9.034524291e-02,5.837719052e+02,false,0,6.800858655e+02,/mnt/pd/tema1/new/results/ml_samples/N2_sw0.15_x+2_i0018.h5
2,50,1.500000000e-01,1.000000000e+00,2,1.132939697e+00,7.499418643e-01,1544652001,main,rise,8.131000000e+00,1.054677176e-01,1.446402839e-02,9.115232073e-02,5.837719052e+02,false,0,4.567696556e+02,/mnt/pd/tema1/new/results/ml_samples/N2_sw0.15_x+2_i0032.h5
2,50,1.500000000e-01,1.000000000e+00,2,1.132939697e+00,7.499418643e-01,611538890,main,rise,1.243100000e+01,1.066677855e-01,1.123976354e-02,8.721235283e-02,5.837719052e+02,false,0,6.834599876e+02,/mnt/pd/tema1/new/results/ml_samples/N2_sw0.15_x+2_i0022.h5
2,50,1.500000000e-01,1.000000000e+00,2,1.132939697e+00,7.499418643e-01,1219206020,main,rise,9.031000000e+00,1.061004833e-01,7.666230440e-03,9.036711413e-02,5.837719052e+02,false,0,5.116437057e+02,/mnt/pd/tema1/new/results/ml_samples/N2_sw0.15_x+2_i0030.h5
2,50,1.500000000e-01,1.000000000e+00,1,1.066469849e+00,7.059425921e-01,705694517,main,rise,5.172100000e+01,1.029053283e-01,1.151679892e-02,9.030414458e-02,4.971066929e+02,false,0,2.756673592e+03,/mnt/pd/tema1/new/results/ml_samples/N2_sw0.15_x+1_i0120.h5
2,50,1.500000000e-01,1.000000000e+00,2,1.132939697e+00,7.499418643e-01,728813234,main,rise,4.521000000e+00,1.056705054e-01,6.823940504e-03,8.954906316e-02,5.837719052e+02,false,0,2.651640240e+02,/mnt/pd/tema1/new/results/ml_samples/N2_sw0.15_x+2_i0054.h5
2,50,1.500000000e-01,1.000000000e+00,1,1.066469849e+00,7.059425921e-01,1504443155,main,rise,2.646100000e+01,1.003507575e-01,8.548002166e-03,8.931616952e-02,4.971066929e+02,false,0,1.425591164e+03,/mnt/pd/tema1/new/results/ml_samples/N2_sw0.15_x+1_i0172.h5
2,50,1.500000000e-01,1.000000000e+00,1,1.066469849e+00,7.059425921e-01,1574390316,main,rise,2.431100000e+01,1.038389214e-01,1.256549757e-02,8.907500696e-02,4.971066929e+02,false,0,1.309664313e+03,/mnt/pd/tema1/new/results/ml_samples/N2_sw0.15_x+1_i0178.h5
2,50,1.500000000e-01,1.000000000e+00,2,1.132939697e+00,7.499418643e-01,1411950331,main,rise,1.336100000e+01,1.063736351e-01,1.619202094e-02,9.156571454e-02,5.837719052e+02,false,0,8.238232488e+02,/mnt/pd/tema1/new/results/ml_samples/N2_sw0.15_x+2_i0016.h5
2,50,1.500000000e-01,1.000000000e+00,2,1.132939697e+00,7.499418643e-01,425317911,main,rise,9.641000000e+00,1.063993575e-01,1.115583952e-02,8.879540960e-02,5.837719052e+02,false,0,5.379172898e+02,/mnt/pd/tema1/new/results/ml_samples/N2_sw0.15_x+2_i0038.h5
2,50,1.500000000e-01,1.000000000e+00,2,1.132939697e+00,7.499418643e-01,457891115,main,rise,6.671000000e+00,1.095466644e-01,1.153527731e-02,8.572747070e-02,5.837719052e+02,false,0,3.800363603e+02,/mnt/pd/tema1/new/results/ml_samples/N2_sw0.15_x+2_i0050.h5
2,50,1.500000000e-01,1.000000000e+00,2,1.132939697e+00,7.499418643e-01,2068875722,main,rise,1.639100000e+01,1.077349241e-01,1.115140441e-02,8.781571774e-02,5.837719052e+02,false,0,8.914300493e+02,/mnt/pd/tema1/new/results/ml_samples/N2_sw0.15_x+2_i0012.h5
2,50,1.500000000e-01,1.000000000e+00,2,1.132939697e+00,7.499418643e-01,2099456272,main,rise,2.137100000e+01,1.043264219e-01,7.688802336e-03,8.948427369e-02,5.837719052e+02,false,0,1.161496371e+03,/mnt/pd/tema1/new/results/ml_samples/N2_sw0.15_x+2_i0006.h5
2,50,1.500000000e-01,1.000000000e+00,2,1.132939697e+00,7.499418643e-01,1591756455,main,rise,9.371000000e+00,1.056191805e-01,8.662433494e-03,8.806415920e-02,5.837719052e+02,false,0,5.276652927e+02,/mnt/pd/tema1/new/results/ml_samples/N2_sw0.15_x+2_i0046.h5
2,50,1.500000000e-01,1.000000000e+00,2,1.132939697e+00,7.499418643e-01,83838198,main,rise,1.499100000e+01,1.032833090e-01,1.002429398e-02,9.133534889e-02,5.837719052e+02,false,0,8.184234417e+02,/mnt/pd/tema1/new/results/ml_samples/N2_sw0.15_x+2_i0028.h5
2,50,1.500000000e-01,1.000000000e+00,1,1.066469849e+00,7.059425921e-01,1899961030,main,rise,5.069100000e+01,1.003400086e-01,5.409482732e-03,9.051268085e-02,4.971066929e+02,false,0,2.704122970e+03,/mnt/pd/tema1/new/results/ml_samples/N2_sw0.15_x+1_i0132.h5
2,50,1.500000000e-01,1.000000000e+00,2,1.132939697e+00,7.499418643e-01,391633149,main,fall,5.341000000e+00,1.052166286e-01,1.573353125e-02,9.230986178e-02,5.837719052e+02,false,0,3.106810251e+02,/mnt/pd/tema1/new/results/ml_samples/N2_sw0.15_x+2_i0066.h5
2,50,1.500000000e-01,1.000000000e+00,2,1.132939697e+00,7.499418643e-01,1083075658,main,fall,3.681000000e+00,1.011289936e-01,5.974801570e-03,9.387014048e-02,5.837719052e+02,false,0,2.195568467e+02,/mnt/pd/tema1/new/results/ml_samples/N2_sw0.15_x+2_i0078.h5
2,50,1.500000000e-01,1.000000000e+00,2,1.132939697e+00,7.499418643e-01,1854163415,main,rise,4.521000000e+00,1.066266020e-01,1.104700248e-02,8.967344811e-02,5.837719052e+02,false,0,2.666301151e+02,/mnt/pd/tema1/new/results/ml_samples/N2_sw0.15_x+2_i0074.h5
2,50,1.500000000e-01,1.000000000e+00,2,1.132939697e+00,7.499418643e-01,1621481305,main,rise,6.191000000e+00,1.067833306e-01,8.364313052e-03,8.758499505e-02,5.837719052e+02,false,0,3.540359060e+02,/mnt/pd/tema1/new/results/ml_samples/N2_sw0.15_x+2_i0068.h5
2,50,1.500000000e-01,1.000000000e+00,2,1.132939697e+00,7.499418643e-01,456729279,main,rise,5.791000000e+00,1.074985225e-01,1.463286589e-02,9.251982084e-02,5.837719052e+02,false,0,3.349230550e+02,/mnt/pd/tema1/new/results/ml_samples/N2_sw0.15_x+2_i0070.h5
2,50,1.500000000e-01,1.000000000e+00,2,1.132939697e+00,7.499418643e-01,348251873,main,rise,7.391000000e+00,1.100319569e-01,1.438384239e-02,8.890817197e-02,5.837719052e+02,false,0,4.377229269e+02,/mnt/pd/tema1/new/results/ml_samples/N2_sw0.15_x+2_i0062.h5
2,50,1.500000000e-01,1.000000000e+00,2,1.132939697e+00,7.499418643e-01,165110924,main,rise,1.129100000e+01,1.068433610e-01,9.526595100e-03,8.743760618e-02,5.837719052e+02,false,0,6.234687866e+02,/mnt/pd/tema1/new/results/ml_samples/N2_sw0.15_x+2_i0052.h5
2,50,1.500000000e-01,1.000000000e+00,2,1.132939697e+00,7.499418643e-01,521424256,main,rise,7.861000000e+00,1.090157319e-01,1.584816758e-02,8.977462162e-02,5.837719052e+02,false,0,4.473662356e+02,/mnt/pd/tema1/new/results/ml_samples/N2_sw0.15_x+2_i0064.h5
2,50,1.500000000e-01,1.000000000e+00,2,1.132939697e+00,7.499418643e-01,2142103984,main,rise,9.751000000e+00,1.057579577e-01,6.956472879e-03,8.856001083e-02,5.837719052e+02,false,0,5.469780525e+02,/mnt/pd/tema1/new/results/ml_samples/N2_sw0.15_x+2_i0056.h5
2,50,1.500000000e-01,1.000000000e+00,2,1.132939697e+00,7.499418643e-01,969770234,main,rise,5.881000000e+00,1.042886172e-01,1.154804302e-02,9.030260021e-02,5.837719052e+02,false,0,3.421525654e+02,/mnt/pd/tema1/new/results/ml_samples/N2_sw0.15_x+2_i0082.h5
2,50,1.500000000e-01,1.000000000e+00,2,1.132939697e+00,7.499418643e-01,1881866358,main,rise,1.497100000e+01,1.066381610e-01,1.325492425e-02,8.773477770e-02,5.837719052e+02,false,0,8.244992664e+02,/mnt/pd/tema1/new/results/ml_samples/N2_sw0.15_x+2_i0044.h5
2,50,1.500000000e-01,1.000000000e+00,1,1.066469849e+00,7.059425921e-01,1046606047,main,fall,4.385100000e+01,1.039971118e-01,9.488276790e-03,8.818660885e-02,4.971066929e+02,false,0,2.345062193e+03,/mnt/pd/tema1/new/results/ml_samples/N2_sw0.15_x+1_i0156.h5
2,50,1.500000000e-01,1.000000000e+00,2,1.132939697e+00,7.499418643e-01,1589124253,main,rise,1.338100000e+01,1.059963368e-01,1.126685121e-02,8.824231991e-02,5.837719052e+02,false,0,7.337381288e+02,/mnt/pd/tema1/new/results/ml_samples/N2_sw0.15_x+2_i0048.h5
2,50,1.500000000e-01,1.000000000e+00,2,1.132939697e+00,7.499418643e-01,1288410171,main,rise,1.068100000e+01,1.062610254e-01,9.806686444e-03,8.725652160e-02,5.837719052e+02,false,0,5.879535161e+02,/mnt/pd/tema1/new/results/ml_samples/N2_sw0.15_x+2_i0060.h5
2,50,1.500000000e-01,1.000000000e+00,2,1.132939697e+00,7.499418643e-01,1998685143,main,rise,1.580100000e+01,1.073000927e-01,8.555483818e-03,8.705174019e-02,5.837719052e+02,false,0,8.561427875e+02,/mnt/pd/tema1/new/results/ml_samples/N2_sw0.15_x+2_i0042.h5
2,50,1.500000000e-01,1.000000000e+00,2,1.132939697e+00,7.499418643e-01,220282847,main,rise,7.931000000e+00,1.135160796e-01,2.361237244e-02,8.664952567e-02,5.837719052e+02,false,0,4.468169155e+02,/mnt/pd/tema1/new/results/ml_samples/N2_sw0.15_x+2_i0076.h5
2,50,1.500000000e-01,1.000000000e+00,2,1.132939697e+00,7.499418643e-01,876676203,main,rise,1.932100000e+01,1.040993835e-01,8.439788385e-03,9.013348886e-02,5.837719052e+02,false,0,1.055403692e+03,/mnt/pd/tema1/new/results/ml_samples/N2_sw0.15_x+2_i0040.h5
2,50,1.500000000e-01,1.000000000e+00,2,1.132939697e+00,7.499418643e-01,1207232820,main,fall,6.871000000e+00,1.053833482e-01,1.813105473e-02,9.277532673e-02,5.837719052e+02,false,0,3.916781457e+02,/mnt/pd/tema1/new/results/ml_samples/N2_sw0.15_x+2_i0092.h5
2,50,1.500000000e-01,1.000000000e+00,4,1.265879394e+00,8.379404087e-01,1329165189,main,rise,4.911000000e+00,1.091155661e-01,8.353631899e-03,9.152638111e-02,7.737561978e+02,false,0,2.871577919e+02,/mnt/pd/tema1/new/results/ml_samples/N2_sw0.15_x+4_i0010.h5
2,50,1.500000000e-01,1.000000000e+00,4,1.265879394e+00,8.379404087e-01,1623305586,main,rise,6.231000000e+00,1.153988033e-01,1.133545971e-02,8.380226619e-02,7.737561978e+02,false,0,3.665491805e+02,/mnt/pd/tema1/new/results/ml_samples/N2_sw0.15_x+4_i0004.h5
2,50,1.500000000e-01,1.000000000e+00,4,1.265879394e+00,8.379404087e-01,1218904943,main,rise,4.381000000e+00,1.196344865e-01,1.284094949e-02,8.734412565e-02,7.737561978e+02,false,0,3.023103701e+02,/mnt/pd/tema1/new/results/ml_samples/N2_sw0.15_x+4_i0012.h5
2,50,1.500000000e-01,1.000000000e+00,2,1.132939697e+00,7.499418643e-01,1108260630,main,rise,1.040100000e+01,1.079436417e-01,1.455407436e-02,8.744959848e-02,5.837719052e+02,false,0,5.757032156e+02,/mnt/pd/tema1/new/results/ml_samples/N2_sw0.15_x+2_i0088.h5
2,50,1.500000000e-01,1.000000000e+00,4,1.265879394e+00,8.379404087e-01,2103238930,main,rise,6.131000000e+00,1.120317190e-01,5.932212410e-03,8.706620094e-02,7.737561978e+02,false,0,3.860624561e+02,/mnt/pd/tema1/new/results/ml_samples/N2_sw0.15_x+4_i0006.h5
2,50,1.500000000e-01,1.000000000e+00,4,1.265879394e+00,8.379404087e-01,1337073449,main,rise,4.701000000e+00,1.214572662e-01,1.835411992e-02,8.488334089e-02,7.737561978e+02,false,0,2.816206298e+02,/mnt/pd/tema1/new/results/ml_samples/N2_sw0.15_x+4_i0016.h5
2,50,1.500000000e-01,1.000000000e+00,4,1.265879394e+00,8.379404087e-01,1621720655,main,rise,3.931000000e+00,1.131501238e-01,1.123633587e-02,8.834590868e-02,7.737561978e+02,false,0,2.436175586e+02,/mnt/pd/tema1/new/results/ml_samples/N2_sw0.15_x+4_i0026.h5
2,50,1.500000000e-01,1.000000000e+00,4,1.265879394e+00,8.379404087e-01,1494318295,main,rise,4.571000000e+00,1.150091869e-01,1.552995221e-02,8.918880679e-02,7.737561978e+02,false,0,2.859027480e+02,/mnt/pd/tema1/new/results/ml_samples/N2_sw0.15_x+4_i0018.h5
2,50,1.500000000e-01,1.000000000e+00,4,1.265879394e+00,8.379404087e-01,2082359350,main,rise,4.621000000e+00,1.193712569e-01,1.545979603e-02,8.560132807e-02,7.737561978e+02,false,0,2.784569966e+02,/mnt/pd/tema1/new/results/ml_samples/N2_sw0.15_x+4_i0020.h5
2,50,1.500000000e-01,1.000000000e+00,4,1.265879394e+00,8.379404087e-01,2044938704,main,rise,4.241000000e+00,1.140680300e-01,1.311508322e-02,8.841462513e-02,7.737561978e+02,false,0,2.562778458e+02,/mnt/pd/tema1/new/results/ml_samples/N2_sw0.15_x+4_i0028.h5
2,50,1.500000000e-01,1.000000000e+00,4,1.265879394e+00,8.379404087e-01,171089169,main,rise,4.351000000e+00,1.184715041e-01,1.342452059e-02,8.585863834e-02,7.737561978e+02,false,0,2.807708803e+02,/mnt/pd/tema1/new/results/ml_samples/N2_sw0.15_x+4_i0024.h5
2,50,1.500000000e-01,1.000000000e+00,4,1.265879394e+00,8.379404087e-01,1465933861,main,rise,7.981000000e+00,1.135079016e-01,1.476115456e-02,8.817959036e-02,7.737561978e+02,false,0,4.934617527e+02,/mnt/pd/tema1/new/results/ml_samples/N2_sw0.15_x+4_i0000.h5
2,50,1.500000000e-01,1.000000000e+00,2,1.132939697e+00,7.499418643e-01,1042563664,main,rise,9.391000000e+00,1.088976056e-01,1.252866928e-02,8.938832482e-02,5.837719052e+02,false,0,5.314660753e+02,/mnt/pd/tema1/new/results/ml_samples/N2_sw0.15_x+2_i0096.h5
2,50,1.500000000e-01,1.000000000e+00,4,1.265879394e+00,8.379404087e-01,193929706,main,rise,5.421000000e+00,1.158951569e-01,1.884007917e-02,8.565621179e-02,7.737561978e+02,false,0,3.255684065e+02,/mnt/pd/tema1/new/results/ml_samples/N2_sw0.15_x+4_i0022.h5
2,50,1.500000000e-01,1.000000000e+00,1,1.066469849e+00,7.059425921e-01,641292619,main,rise,3.967100000e+01,1.012753229e-01,7.933260826e-03,9.203040835e-02,4.971066929e+02,false,0,2.121273043e+03,/mnt/pd/tema1/new/results/ml_samples/N2_sw0.15_x+1_i0174.h5
2,50,1.500000000e-01,1.000000000e+00,4,1.265879394e+00,8.379404087e-01,1757023791,main,rise,8.111000000e+00,1.159177270e-01,1.296511185e-02,8.453667370e-02,7.737561978e+02,false,0,4.665643213e+02,/mnt/pd/tema1/new/results/ml_samples/N2_sw0.15_x+4_i0014.h5
2,50,1.500000000e-01,1.000000000e+00,2,1.132939697e+00,7.499418643e-01,1594772769,main,rise,1.116100000e+01,1.074983777e-01,1.423528797e-02,8.877303360e-02,5.837719052e+02,false,0,6.228261654e+02,/mnt/pd/tema1/new/results/ml_samples/N2_sw0.15_x+2_i0090.h5
2,50,1.500000000e-01,1.000000000e+00,4,1.265879394e+00,8.379404087e-01,1186254990,main,rise,4.131000000e+00,1.204089811e-01,2.137598367e-02,8.406463623e-02,7.737561978e+02,false,0,2.625440402e+02,/mnt/pd/tema1/new/results/ml_samples/N2_sw0.15_x+4_i0032.h5
2,50,1.500000000e-01,1.000000000e+00,4,1.265879394e+00,8.379404087e-01,1629223825,main,rise,3.511000000e+00,1.190636306e-01,2.317426410e-02,9.037819842e-02,7.737561978e+02,false,0,2.253259238e+02,/mnt/pd/tema1/new/results/ml_samples/N2_sw0.15_x+4_i0040.h5
2,50,1.500000000e-01,1.000000000e+00,4,1.265879394e+00,8.379404087e-01,816094205,main,rise,2.731000000e+00,1.178435424e-01,1.552426811e-02,9.316261183e-02,7.737561978e+02,false,0,1.991635995e+02,/mnt/pd/tema1/new/results/ml_samples/N2_sw0.15_x+4_i0046.h5
2,50,1.500000000e-01,1.000000000e+00,2,1.132939697e+00,7.499418643e-01,1857483627,main,rise,1.736100000e+01,1.045745282e-01,1.110799624e-02,8.995299924e-02,5.837719052e+02,false,0,9.473004752e+02,/mnt/pd/tema1/new/results/ml_samples/N2_sw0.15_x+2_i0072.h5
2,50,1.500000000e-01,1.000000000e+00,4,1.265879394e+00,8.379404087e-01,827058734,main,rise,4.831000000e+00,1.140287800e-01,1.483079980e-02,8.843042314e-02,7.737561978e+02,false,0,2.819492752e+02,/mnt/pd/tema1/new/results/ml_samples/N2_sw0.15_x+4_i0038.h5
2,50,1.500000000e-01,1.000000000e+00,4,1.265879394e+00,8.379404087e-01,2017690655,main,rise,1.210100000e+01,1.118995535e-01,8.411383700e-03,8.733578627e-02,7.737561978e+02,false,0,6.642764486e+02,/mnt/pd/tema1/new/results/ml_samples/N2_sw0.15_x+4_i0008.h5
2,50,1.500000000e-01,1.000000000e+00,4,1.265879394e+00,8.379404087e-01,1939600885,main,rise,3.351000000e+00,1.115861768e-01,7.035416381e-03,9.176607222e-02,7.737561978e+02,false,0,2.002425156e+02,/mnt/pd/tema1/new/results/ml_samples/N2_sw0.15_x+4_i0060.h5
2,50,1.500000000e-01,1.000000000e+00,4,1.265879394e+00,8.379404087e-01,1325963652,main,rise,4.681000000e+00,1.153754158e-01,1.453813217e-02,8.719359798e-02,7.737561978e+02,false,0,2.909131161e+02,/mnt/pd/tema1/new/results/ml_samples/N2_sw0.15_x+4_i0042.h5
2,50,1.500000000e-01,1.000000000e+00,2,1.132939697e+00,7.499418643e-01,254351416,main,rise,2.055100000e+01,1.059861235e-01,8.896457988e-03,8.936343213e-02,5.837719052e+02,false,0,1.112834656e+03,/mnt/pd/tema1/new/results/ml_samples/N2_sw0.15_x+2_i0058.h5
2,50,1.500000000e-01,1.000000000e+00,1,1.066469849e+00,7.059425921e-01,1578243851,main,rise,3.882100000e+01,1.015833011e-01,9.166585361e-03,9.031928605e-02,4.971066929e+02,false,0,2.075927910e+03,/mnt/pd/tema1/new/results/ml_samples/N2_sw0.15_x+1_i0194.h5
2,50,1.500000000e-01,1.000000000e+00,4,1.265879394e+00,8.379404087e-01,1600110976,main,rise,4.611000000e+00,1.181038371e-01,1.722385446e-02,8.402652577e-02,7.737561978e+02,false,0,2.785235886e+02,/mnt/pd/tema1/new/results/ml_samples/N2_sw0.15_x+4_i0052.h5
2,50,1.500000000e-01,1.000000000e+00,4,1.265879394e+00,8.379404087e-01,185158579,main,rise,4.721000000e+00,1.138170285e-01,1.998599399e-02,9.006599380e-02,7.737561978e+02,false,0,2.903599046e+02,/mnt/pd/tema1/new/results/ml_samples/N2_sw0.15_x+4_i0050.h5
2,50,1.500000000e-01,1.000000000e+00,4,1.265879394e+00,8.379404087e-01,1785458637,main,rise,6.801000000e+00,1.122117457e-01,1.104707821e-02,8.885226790e-02,7.737561978e+02,false,0,3.868186595e+02,/mnt/pd/tema1/new/results/ml_samples/N2_sw0.15_x+4_i0034.h5
2,50,1.500000000e-01,1.000000000e+00,4,1.265879394e+00,8.379404087e-01,1164792465,main,rise,1.339100000e+01,1.145745809e-01,7.761509865e-03,8.570439611e-02,7.737561978e+02,false,0,7.352455227e+02,/mnt/pd/tema1/new/results/ml_samples/N2_sw0.15_x+4_i0002.h5
2,50,1.500000000e-01,1.000000000e+00,4,1.265879394e+00,8.379404087e-01,185924459,main,rise,4.091000000e+00,1.171791544e-01,2.009063185e-02,8.816441770e-02,7.737561978e+02,false,0,2.745831192e+02,/mnt/pd/tema1/new/results/ml_samples/N2_sw0.15_x+4_i0058.h5
2,50,1.500000000e-01,1.000000000e+00,4,1.265879394e+00,8.379404087e-01,1851837752,main,rise,5.671000000e+00,1.143433617e-01,1.341524588e-02,8.715494749e-02,7.737561978e+02,false,0,3.492114953e+02,/mnt/pd/tema1/new/results/ml_samples/N2_sw0.15_x+4_i0044.h5
2,50,1.500000000e-01,1.000000000e+00,4,1.265879394e+00,8.379404087e-01,967092482,main,rise,5.411000000e+00,1.142057576e-01,1.075757291e-02,8.476217582e-02,7.737561978e+02,false,0,3.216433065e+02,/mnt/pd/tema1/new/results/ml_samples/N2_sw0.15_x+4_i0048.h5
2,50,1.500000000e-01,1.000000000e+00,4,1.265879394e+00,8.379404087e-01,1705559060,main,rise,3.561000000e+00,1.198892702e-01,2.229503721e-02,9.005363023e-02,7.737561978e+02,false,0,2.384304233e+02,/mnt/pd/tema1/new/results/ml_samples/N2_sw0.15_x+4_i0064.h5
2,50,1.500000000e-01,1.000000000e+00,4,1.265879394e+00,8.379404087e-01,1428971519,main,rise,7.241000000e+00,1.114359598e-01,8.640667931e-03,8.898230126e-02,7.737561978e+02,false,0,4.099126132e+02,/mnt/pd/tema1/new/results/ml_samples/N2_sw0.15_x+4_i0036.h5
2,50,1.500000000e-01,1.000000000e+00,4,1.265879394e+00,8.379404087e-01,689605167,main,rise,8.511000000e+00,1.143870207e-01,9.337725330e-03,8.438286848e-02,7.737561978e+02,false,0,4.771508036e+02,/mnt/pd/tema1/new/results/ml_samples/N2_sw0.15_x+4_i0030.h5
2,50,1.500000000e-01,1.000000000e+00,4,1.265879394e+00,8.379404087e-01,1423146957,main,rise,4.041000000e+00,1.155637240e-01,8.010211641e-03,8.345135629e-02,7.737561978e+02,false,0,2.472556737e+02,/mnt/pd/tema1/new/results/ml_samples/N2_sw0.15_x+4_i0066.h5
2,50,1.500000000e-01,1.000000000e+00,2,1.132939697e+00,7.499418643e-01,1106796944,main,rise,1.827100000e+01,1.094779140e-01,1.161857213e-02,8.611246314e-02,5.837719052e+02,false,0,9.990894241e+02,/mnt/pd/tema1/new/results/ml_samples/N2_sw0.15_x+2_i0086.h5
2,50,3.000000000e-01,1.000000000e+00,-4,4.682412115e-01,3.099491421e-01,1875353204,main,fall,7.310000000e-01,1.286121976e-01,6.004113421e-02,1.181884805e-01,2.354069663e+01,false,0,7.170008122e+01,/mnt/pd/tema1/new/results/ml_samples/N2_sw0.30_x-4_i0000.h5
2,50,1.500000000e-01,1.000000000e+00,4,1.265879394e+00,8.379404087e-01,1493656051,main,rise,3.551000000e+00,1.141780289e-01,1.516615832e-02,8.848561185e-02,7.737561978e+02,false,0,2.329893780e+02,/mnt/pd/tema1/new/results/ml_samples/N2_sw0.15_x+4_i0072.h5
2,50,1.500000000e-01,1.000000000e+00,4,1.265879394e+00,8.379404087e-01,939334430,main,rise,4.431000000e+00,1.087675865e-01,1.086149385e-02,9.473701783e-02,7.737561978e+02,false,0,2.621388852e+02,/mnt/pd/tema1/new/results/ml_samples/N2_sw0.15_x+4_i0068.h5
2,50,1.500000000e-01,1.000000000e+00,1,1.066469849e+00,7.059425921e-01,2080324164,main,fall,4.074100000e+01,1.039301015e-01,1.009293000e-02,8.803113853e-02,4.971066929e+02,false,0,2.167746333e+03,/mnt/pd/tema1/new/results/ml_samples/N2_sw0.15_x+1_i0198.h5
2,50,3.000000000e-01,1.000000000e+00,-4,4.682412115e-01,3.099491421e-01,413092450,main,fall,8.610000000e-01,1.074755315e-01,4.950582669e-02,1.195376348e-01,5.115872634e+01,false,0,7.951006763e+01,/mnt/pd/tema1/new/results/ml_samples/N2_sw0.30_x-4_i0002.h5
2,50,3.000000000e-01,1.000000000e+00,-4,4.682412115e-01,3.099491421e-01,456169686,main,fall,1.231000000e+00,1.275584544e-01,4.468847851e-02,1.148471751e-01,6.052695488e+01,false,0,1.031025937e+02,/mnt/pd/tema1/new/results/ml_samples/N2_sw0.30_x-4_i0004.h5
2,50,3.000000000e-01,1.000000000e+00,-4,4.682412115e-01,3.099491421e-01,1112332691,main,fall,9.710000000e-01,1.680296343e-01,5.988915323e-02,1.128313851e-01,5.084811794e+01,false,0,8.806817852e+01,/mnt/pd/tema1/new/results/ml_samples/N2_sw0.30_x-4_i0006.h5
2,50,3.000000000e-01,1.000000000e+00,-4,4.682412115e-01,3.099491421e-01,2034586237,main,fall,9.610000000e-01,1.289013273e-01,6.599931203e-02,1.284785388e-01,6.052695488e+01,false,0,9.547063648e+01,/mnt/pd/tema1/new/results/ml_samples/N2_sw0.30_x-4_i0012.h5
2,50,1.500000000e-01,1.000000000e+00,2,1.132939697e+00,7.499418643e-01,1449609148,main,rise,2.120100000e+01,1.048057988e-01,9.166152508e-03,8.773303591e-02,5.837719052e+02,false,0,1.148042962e+03,/mnt/pd/tema1/new/results/ml_samples/N2_sw0.15_x+2_i0084.h5
2,50,1.500000000e-01,1.000000000e+00,4,1.265879394e+00,8.379404087e-01,667063651,main,rise,8.451000000e+00,1.114012264e-01,1.323533723e-02,9.089328147e-02,7.737561978e+02,false,0,4.874924584e+02,/mnt/pd/tema1/new/results/ml_samples/N2_sw0.15_x+4_i0054.h5
2,50,3.000000000e-01,1.000000000e+00,-4,4.682412115e-01,3.099491421e-01,1482474353,main,fall,9.410000000e-01,9.914276688e-02,4.056356573e-02,1.288509036e-01,6.052695488e+01,false,0,8.419552991e+01,/mnt/pd/tema1/new/results/ml_samples/N2_sw0.30_x-4_i0018.h5
2,50,3.000000000e-01,1.000000000e+00,-4,4.682412115e-01,3.099491421e-01,1352267740,main,fall,1.761000000e+00,8.542620828e-02,2.261387900e-02,1.247651651e-01,6.052695488e+01,false,0,1.387103565e+02,/mnt/pd/tema1/new/results/ml_samples/N2_sw0.30_x-4_i0010.h5
2,50,1.500000000e-01,1.000000000e+00,4,1.265879394e+00,8.379404087e-01,1762644424,main,rise,2.921000000e+00,1.152724896e-01,1.199102227e-02,9.103985354e-02,7.737561978e+02,false,0,1.961226230e+02,/mnt/pd/tema1/new/results/ml_samples/N2_sw0.15_x+4_i0096.h5
2,50,3.000000000e-01,1.000000000e+00,-4,4.682412115e-01,3.099491421e-01,1723756572,main,fall,1.761000000e+00,9.269782168e-02,3.883931777e-02,1.093876419e-01,6.052695488e+01,false,0,1.448317026e+02,/mnt/pd/tema1/new/results/ml_samples/N2_sw0.30_x-4_i0008.h5
2,50,1.500000000e-01,1.000000000e+00,4,1.265879394e+00,8.379404087e-01,151742967,main,rise,4.891000000e+00,1.171424135e-01,1.843302099e-02,8.844049379e-02,7.737561978e+02,false,0,3.136010464e+02,/mnt/pd/tema1/new/results/ml_samples/N2_sw0.15_x+4_i0074.h5
2,50,3.000000000e-01,1.000000000e+00,-4,4.682412115e-01,3.099491421e-01,1375489076,main,fall,1.251000000e+00,1.020314006e-01,4.997206449e-02,1.022911772e-01,6.052695488e+01,false,0,1.068966454e+02,/mnt/pd/tema1/new/results/ml_samples/N2_sw0.30_x-4_i0014.h5
2,50,3.000000000e-01,1.000000000e+00,-4,4.682412115e-01,3.099491421e-01,1382655770,main,fall,9.510000000e-01,1.672760444e-01,1.013788824e-01,1.170665114e-01,1.712501434e+01,false,0,9.793387843e+01,/mnt/pd/tema1/new/results/ml_samples/N2_sw0.30_x-4_i0020.h5
2,50,1.500000000e-01,1.000000000e+00,4,1.265879394e+00,8.379404087e-01,1257947876,main,rise,3.261000000e+00,1.131685884e-01,1.220662937e-02,8.943447325e-02,7.737561978e+02,false,0,2.284107597e+02,/mnt/pd/tema1/new/results/ml_samples/N2_sw0.15_x+4_i0094.h5
2,50,3.000000000e-01,1.000000000e+00,-4,4.682412115e-01,3.099491421e-01,1149415593,main,fall,1.421000000e+00,1.544638402e-01,4.992975733e-02,1.267527886e-01,6.052695488e+01,false,0,1.168775722e+02,/mnt/pd/tema1/new/results/ml_samples/N2_sw0.30_x-4_i0016.h5
2,50,3.000000000e-01,1.000000000e+00,-4,4.682412115e-01,3.099491421e-01,579733991,main,fall,9.110000000e-01,1.463022184e-01,6.234799806e-02,1.357200131e-01,3.436646254e+00,false,0,8.408234745e+01,/mnt/pd/tema1/new/results/ml_samples/N2_sw0.30_x-4_i0024.h5
2,50,1.500000000e-01,1.000000000e+00,2,1.132939697e+00,7.499418643e-01,1197611187,main,rise,1.941100000e+01,1.046629552e-01,7.425729622e-03,9.011961343e-02,5.837719052e+02,false,0,1.048929726e+03,/mnt/pd/tema1/new/results/ml_samples/N2_sw0.15_x+2_i0094.h5
2,50,1.500000000e-01,1.000000000e+00,4,1.265879394e+00,8.379404087e-01,432134173,main,rise,9.601000000e+00,1.157931521e-01,1.031135632e-02,8.966489847e-02,7.737561978e+02,false,0,5.363813265e+02,/mnt/pd/tema1/new/results/ml_samples/N2_sw0.15_x+4_i0056.h5
2,50,3.000000000e-01,1.000000000e+00,-4,4.682412115e-01,3.099491421e-01,810252127,main,fall,6.210000000e-01,1.581273882e-01,5.929017390e-02,1.211596696e-01,2.849328642e+01,false,0,6.955881730e+01,/mnt/pd/tema1/new/results/ml_samples/N2_sw0.30_x-4_i0032.h5
2,50,3.000000000e-01,1.000000000e+00,-4,4.682412115e-01,3.099491421e-01,1152744232,main,fall,5.510000000e-01,1.975460617e-01,6.546738564e-02,1.164328105e-01,3.447524998e+01,false,0,6.836594001e+01,/mnt/pd/tema1/new/results/ml_samples/N2_sw0.30_x-4_i0036.h5
2,50,3.000000000e-01,1.000000000e+00,-4,4.682412115e-01,3.099491421e-01,1628615606,main,fall,5.910000000e-01,1.584405606e-01,6.143309243e-02,1.081271568e-01,6.052695488e+01,false,0,7.164138168e+01,/mnt/pd/tema1/new/results/ml_samples/N2_sw0.30_x-4_i0034.h5
2,50,3.000000000e-01,1.000000000e+00,-4,4.682412115e-01,3.099491421e-01,1766774640,main,fall,6.410000000e-01,8.835148884e-02,2.563507615e-02,1.086990046e-01,5.833705310e+01,false,0,6.953110875e+01,/mnt/pd/tema1/new/results/ml_samples/N2_sw0.30_x-4_i0038.h5
2,50,1.500000000e-01,1.000000000e+00,4,1.265879394e+00,8.379404087e-01,1554083363,main,rise,4.911000000e+00,1.146001907e-01,2.128379564e-02,9.019613817e-02,7.737561978e+02,false,0,2.981051666e+02,/mnt/pd/tema1/new/results/ml_samples/N2_sw0.15_x+4_i0090.h5
2,50,3.000000000e-01,1.000000000e+00,-4,4.682412115e-01,3.099491421e-01,1427103213,main,fall,6.110000000e-01,2.203234102e-01,1.095359452e-01,1.175680776e-01,2.098410159e+01,false,0,7.131567624e+01,/mnt/pd/tema1/new/results/ml_samples/N2_sw0.30_x-4_i0042.h5
2,50,3.000000000e-01,1.000000000e+00,-4,4.682412115e-01,3.099491421e-01,1470463516,main,fall,9.110000000e-01,1.467231080e-01,8.247974814e-02,1.191451548e-01,3.117533660e+01,false,0,9.118353008e+01,/mnt/pd/tema1/new/results/ml_samples/N2_sw0.30_x-4_i0030.h5
2,50,1.500000000e-01,1.000000000e+00,4,1.265879394e+00,8.379404087e-01,1632398959,main,rise,9.151000000e+00,1.112810571e-01,7.333985513e-03,8.901499509e-02,7.737561978e+02,false,0,5.121296333e+02,/mnt/pd/tema1/new/results/ml_samples/N2_sw0.15_x+4_i0062.h5
2,50,3.000000000e-01,1.000000000e+00,-4,4.682412115e-01,3.099491421e-01,176571287,main,fall,6.810000000e-01,1.394318193e-01,7.536590109e-02,1.211341039e-01,6.052695488e+01,false,0,6.800703477e+01,/mnt/pd/tema1/new/results/ml_samples/N2_sw0.30_x-4_i0048.h5
2,50,3.000000000e-01,1.000000000e+00,-4,4.682412115e-01,3.099491421e-01,1276789087,main,fall,7.910000000e-01,1.021231521e-01,4.958141521e-02,1.151662258e-01,4.169019975e+01,false,0,7.747264856e+01,/mnt/pd/tema1/new/results/ml_samples/N2_sw0.30_x-4_i0046.h5
2,50,3.000000000e-01,1.000000000e+00,-4,4.682412115e-01,3.099491421e-01,1763191889,main,fall,1.361000000e+00,1.179942804e-01,6.389928206e-02,1.023738082e-01,6.052695488e+01,false,0,1.119918001e+02,/mnt/pd/tema1/new/results/ml_samples/N2_sw0.30_x-4_i0028.h5
2,50,1.500000000e-01,1.000000000e+00,2,1.132939697e+00,7.499418643e-01,2050634888,main,rise,2.015100000e+01,1.038451719e-01,9.349064954e-03,9.172925230e-02,5.837719052e+02,false,0,1.089868915e+03,/mnt/pd/tema1/new/results/ml_samples/N2_sw0.15_x+2_i0098.h5
2,50,1.500000000e-01,1.000000000e+00,4,1.265879394e+00,8.379404087e-01,1595023276,main,rise,5.631000000e+00,1.134662687e-01,7.935501671e-03,8.775363008e-02,7.737561978e+02,false,0,3.233212884e+02,/mnt/pd/tema1/new/results/ml_samples/N2_sw0.15_x+4_i0088.h5
2,50,1.500000000e-01,1.000000000e+00,4,1.265879394e+00,8.379404087e-01,1128210904,main,rise,5.791000000e+00,1.173687943e-01,1.537890142e-02,8.420736568e-02,7.737561978e+02,false,0,3.325975343e+02,/mnt/pd/tema1/new/results/ml_samples/N2_sw0.15_x+4_i0086.h5
2,50,3.000000000e-01,1.000000000e+00,-4,4.682412115e-01,3.099491421e-01,1774803773,main,fall,8.410000000e-01,1.351456633e-01,5.773134994e-02,1.081549939e-01,3.208568825e+01,false,0,8.267174248e+01,/mnt/pd/tema1/new/results/ml_samples/N2_sw0.30_x-4_i0050.h5
2,50,3.000000000e-01,1.000000000e+00,-4,4.682412115e-01,3.099491421e-01,1558580780,main,fall,1.171000000e+00,9.342744070e-02,4.779321902e-02,1.113239470e-01,6.052695488e+01,false,0,1.050921773e+02,/mnt/pd/tema1/new/results/ml_samples/N2_sw0.30_x-4_i0040.h5
2,50,3.000000000e-01,1.000000000e+00,-4,4.682412115e-01,3.099491421e-01,105778088,main,fall,1.081000000e+00,1.370380288e-01,4.506573920e-02,1.076825765e-01,6.052695488e+01,false,0,9.548906038e+01,/mnt/pd/tema1/new/results/ml_samples/N2_sw0.30_x-4_i0044.h5
2,50,1.500000000e-01,1.000000000e+00,4,1.265879394e+00,8.379404087e-01,582291264,main,rise,6.361000000e+00,1.147408463e-01,1.395716369e-02,8.612553298e-02,7.737561978e+02,false,0,3.676348849e+02,/mnt/pd/tema1/new/results/ml_samples/N2_sw0.15_x+4_i0082.h5
2,50,3.000000000e-01,1.000000000e+00,-4,4.682412115e-01,3.099491421e-01,683062940,main,fall,1.711000000e+00,1.046052995e-01,5.287014397e-02,9.496959568e-02,6.052695488e+01,false,0,1.352889328e+02,/mnt/pd/tema1/new/results/ml_samples/N2_sw0.30_x-4_i0026.h5
2,50,1.500000000e-01,1.000000000e+00,4,1.265879394e+00,8.379404087e-01,2137892218,main,rise,7.881000000e+00,1.129631787e-01,1.425474123e-02,8.863597095e-02,7.737561978e+02,false,0,4.436688611e+02,/mnt/pd/tema1/new/results/ml_samples/N2_sw0.15_x+4_i0070.h5
2,50,1.500000000e-01,1.000000000e+00,4,1.265879394e+00,8.379404087e-01,1752747167,main,rise,6.511000000e+00,1.136547854e-01,1.680515154e-02,8.763926411e-02,7.737561978e+02,false,0,3.798311241e+02,/mnt/pd/tema1/new/results/ml_samples/N2_sw0.15_x+4_i0078.h5
2,50,1.500000000e-01,1.000000000e+00,4,1.265879394e+00,8.379404087e-01,1749221943,main,rise,6.751000000e+00,1.104057643e-01,6.155480234e-03,8.701351769e-02,7.737561978e+02,false,0,3.845183068e+02,/mnt/pd/tema1/new/results/ml_samples/N2_sw0.15_x+4_i0084.h5
2,50,1.500000000e-01,1.000000000e+00,4,1.265879394e+00,8.379404087e-01,1640339218,main,rise,6.581000000e+00,1.113112894e-01,8.676790542e-03,9.172645051e-02,7.737561978e+02,false,0,3.936834571e+02,/mnt/pd/tema1/new/results/ml_samples/N2_sw0.15_x+4_i0080.h5
2,50,3.000000000e-01,1.000000000e+00,-4,4.682412115e-01,3.099491421e-01,388762339,main,fall,6.710000000e-01,1.547602691e-01,8.328149145e-02,1.055380169e-01,4.324409009e+01,false,0,7.369257846e+01,/mnt/pd/tema1/new/results/ml_samples/N2_sw0.30_x-4_i0058.h5
2,50,3.000000000e-01,1.000000000e+00,-4,4.682412115e-01,3.099491421e-01,1850068255,main,fall,5.910000000e-01,1.745084735e-01,7.521515194e-02,1.186531086e-01,5.278206560e+01,false,0,7.112350671e+01,/mnt/pd/tema1/new/results/ml_samples/N2_sw0.30_x-4_i0062.h5
2,50,3.000000000e-01,1.000000000e+00,-4,4.682412115e-01,3.099491421e-01,30220490,main,fall,9.810000000e-01,1.491876273e-01,9.936992396e-02,1.299717237e-01,5.499921517e+01,false,0,9.112875345e+01,/mnt/pd/tema1/new/results/ml_samples/N2_sw0.30_x-4_i0054.h5
2,50,3.000000000e-01,1.000000000e+00,-4,4.682412115e-01,3.099491421e-01,212642553,main,fall,9.510000000e-01,2.151340759e-01,1.112877577e-01,1.013279572e-01,2.707397732e+01,false,0,9.831206604e+01,/mnt/pd/tema1/new/results/ml_samples/N2_sw0.30_x-4_i0052.h5
2,50,3.000000000e-01,1.000000000e+00,-4,4.682412115e-01,3.099491421e-01,1231957050,main,fall,7.710000000e-01,1.269923802e-01,6.517681167e-02,1.091588193e-01,6.052695488e+01,false,0,7.446844568e+01,/mnt/pd/tema1/new/results/ml_samples/N2_sw0.30_x-4_i0064.h5
2,50,3.000000000e-01,1.000000000e+00,-4,4.682412115e-01,3.099491421e-01,1251633262,main,fall,2.781000000e+00,1.205099607e-01,3.372616395e-02,1.109876285e-01,6.052695488e+01,false,0,2.228787397e+02,/mnt/pd/tema1/new/results/ml_samples/N2_sw0.30_x-4_i0022.h5
2,50,3.000000000e-01,1.000000000e+00,-4,4.682412115e-01,3.099491421e-01,241781530,main,fall,6.210000000e-01,1.089834004e-01,3.819462214e-02,1.200328101e-01,2.663275189e+01,false,0,6.633697874e+01,/mnt/pd/tema1/new/results/ml_samples/N2_sw0.30_x-4_i0080.h5
2,50,3.000000000e-01,1.000000000e+00,-4,4.682412115e-01,3.099491421e-01,1099797243,main,fall,8.710000000e-01,1.163034451e-01,5.297240937e-02,1.063119786e-01,6.052695488e+01,false,0,8.546206073e+01,/mnt/pd/tema1/new/results/ml_samples/N2_sw0.30_x-4_i0068.h5
2,50,3.000000000e-01,1.000000000e+00,-4,4.682412115e-01,3.099491421e-01,930664615,main,fall,7.010000000e-01,1.174496790e-01,5.481988363e-02,1.168872043e-01,6.052695488e+01,false,0,7.537403631e+01,/mnt/pd/tema1/new/results/ml_samples/N2_sw0.30_x-4_i0074.h5
2,50,3.000000000e-01,1.000000000e+00,-4,4.682412115e-01,3.099491421e-01,999190985,main,fall,6.910000000e-01,1.658653111e-01,9.527944262e-02,1.121857279e-01,6.052695488e+01,false,0,7.556420338e+01,/mnt/pd/tema1/new/results/ml_samples/N2_sw0.30_x-4_i0076.h5
2,50,3.000000000e-01,1.000000000e+00,-4,4.682412115e-01,3.099491421e-01,729061831,main,fall,1.251000000e+00,1.563023611e-01,3.806696637e-02,1.311641637e-01,6.052695488e+01,false,0,1.064228964e+02,/mnt/pd/tema1/new/results/ml_samples/N2_sw0.30_x-4_i0060.h5
2,50,3.000000000e-01,1.000000000e+00,-4,4.682412115e-01,3.099491421e-01,693215612,main,fall,6.610000000e-01,1.082010965e-01,3.916466436e-02,1.226291109e-01,6.052695488e+01,false,0,6.887145603e+01,/mnt/pd/tema1/new/results/ml_samples/N2_sw0.30_x-4_i0088.h5
2,50,3.000000000e-01,1.000000000e+00,-4,4.682412115e-01,3.099491421e-01,2051666754,main,fall,8.810000000e-01,1.898739285e-01,9.693734313e-02,1.100060805e-01,6.052695488e+01,false,0,8.296726745e+01,/mnt/pd/tema1/new/results/ml_samples/N2_sw0.30_x-4_i0078.h5
2,50,3.000000000e-01,1.000000000e+00,-4,4.682412115e-01,3.099491421e-01,891231248,main,fall,8.610000000e-01,1.344490789e-01,7.229270591e-02,1.115674395e-01,6.052695488e+01,false,0,9.111801929e+01,/mnt/pd/tema1/new/results/ml_samples/N2_sw0.30_x-4_i0072.h5
2,50,3.000000000e-01,1.000000000e+00,-4,4.682412115e-01,3.099491421e-01,1371867673,main,fall,6.810000000e-01,2.001881438e-01,9.481050873e-02,1.353515895e-01,6.052695488e+01,false,0,7.686802351e+01,/mnt/pd/tema1/new/results/ml_samples/N2_sw0.30_x-4_i0090.h5
2,50,3.000000000e-01,1.000000000e+00,-4,4.682412115e-01,3.099491421e-01,933012066,main,fall,8.010000000e-01,1.577987607e-01,7.150862854e-02,1.181469116e-01,6.052695488e+01,false,0,8.092007031e+01,/mnt/pd/tema1/new/results/ml_samples/N2_sw0.30_x-4_i0082.h5
2,50,3.000000000e-01,1.000000000e+00,-4,4.682412115e-01,3.099491421e-01,1304929410,main,fall,7.010000000e-01,1.899323278e-01,8.182456477e-02,1.082953587e-01,1.452518631e+01,false,0,7.829825703e+01,/mnt/pd/tema1/new/results/ml_samples/N2_sw0.30_x-4_i0086.h5
2,50,3.000000000e-01,1.000000000e+00,-4,4.682412115e-01,3.099491421e-01,1517117877,main,fall,1.261000000e+00,1.699981881e-01,1.126079922e-01,1.138193354e-01,6.052695488e+01,false,0,1.238292206e+02,/mnt/pd/tema1/new/results/ml_samples/N2_sw0.30_x-4_i0056.h5
2,50,3.000000000e-01,1.000000000e+00,-4,4.682412115e-01,3.099491421e-01,1988832844,main,fall,5.010000000e-01,1.007312629e-01,2.385695616e-02,9.620379967e-02,6.052695488e+01,false,0,6.459704891e+01,/mnt/pd/tema1/new/results/ml_samples/N2_sw0.30_x-4_i0098.h5
2,50,3.000000000e-01,1.000000000e+00,-4,4.682412115e-01,3.099491421e-01,844236951,main,fall,9.410000000e-01,1.238950295e-01,6.190824932e-02,9.802607062e-02,1.814548434e+01,false,0,8.643021737e+01,/mnt/pd/tema1/new/results/ml_samples/N2_sw0.30_x-4_i0084.h5
2,50,3.000000000e-01,1.000000000e+00,-4,4.682412115e-01,3.099491421e-01,1512646300,main,fall,1.401000000e+00,1.136734697e-01,3.012125523e-02,1.142916155e-01,6.052695488e+01,false,0,1.202470418e+02,/mnt/pd/tema1/new/results/ml_samples/N2_sw0.30_x-4_i0070.h5
2,50,3.000000000e-01,1.000000000e+00,-4,4.682412115e-01,3.099491421e-01,196830908,main,fall,1.051000000e+00,1.572221776e-01,9.875947108e-02,9.911387226e-02,3.862579910e+01,false,0,1.019203108e+02,/mnt/pd/tema1/new/results/ml_samples/N2_sw0.30_x-4_i0092.h5
2,50,3.000000000e-01,1.000000000e+00,-4,4.682412115e-01,3.099491421e-01,1585735417,main,fall,1.081000000e+00,1.275340747e-01,6.993858132e-02,1.124029599e-01,6.052695488e+01,false,0,1.060743829e+02,/mnt/pd/tema1/new/results/ml_samples/N2_sw0.30_x-4_i0094.h5
2,50,3.000000000e-01,1.000000000e+00,-4,4.682412115e-01,3.099491421e-01,983936738,main,fall,1.031000000e+00,8.150059269e-02,2.772949643e-02,1.213249303e-01,6.052695488e+01,false,0,9.934219250e+01,/mnt/pd/tema1/new/results/ml_samples/N2_sw0.30_x-4_i0096.h5
2,50,3.000000000e-01,1.000000000e+00,-4,4.682412115e-01,3.099491421e-01,984207605,main,fall,1.991000000e+00,1.066486843e-01,5.462948997e-02,1.349771811e-01,6.052695488e+01,false,0,1.537056926e+02,/mnt/pd/tema1/new/results/ml_samples/N2_sw0.30_x-4_i0066.h5
2,50,3.000000000e-01,1.000000000e+00,-2,7.341206058e-01,4.859462309e-01,1884990229,main,fall,6.610000000e-01,1.626489776e-01,8.462598844e-02,1.055876039e-01,9.113109980e+01,false,0,7.222371213e+01,/mnt/pd/tema1/new/results/ml_samples/N2_sw0.30_x-2_i0012.h5
2,50,3.000000000e-01,1.000000000e+00,-2,7.341206058e-01,4.859462309e-01,1106562703,main,fall,1.321000000e+00,9.293778871e-02,1.008455159e-02,1.014059335e-01,1.707140469e+02,false,0,1.094199342e+02,/mnt/pd/tema1/new/results/ml_samples/N2_sw0.30_x-2_i0002.h5
2,50,3.000000000e-01,1.000000000e+00,-2,7.341206058e-01,4.859462309e-01,1363339106,main,fall,7.710000000e-01,1.226322604e-01,4.994583147e-02,1.122444077e-01,1.610141743e+02,false,0,7.722329757e+01,/mnt/pd/tema1/new/results/ml_samples/N2_sw0.30_x-2_i0024.h5
2,50,3.000000000e-01,1.000000000e+00,-2,7.341206058e-01,4.859462309e-01,600011638,main,fall,1.461000000e+00,1.236442241e-01,6.586049537e-02,9.400239577e-02,1.707140469e+02,false,0,1.186263152e+02,/mnt/pd/tema1/new/results/ml_samples/N2_sw0.30_x-2_i0004.h5
2,50,3.000000000e-01,1.000000000e+00,-2,7.341206058e-01,4.859462309e-01,1717602319,main,fall,8.410000000e-01,1.322445129e-01,5.820637463e-02,1.099475970e-01,1.370229208e+02,false,0,7.939733805e+01,/mnt/pd/tema1/new/results/ml_samples/N2_sw0.30_x-2_i0038.h5
2,50,3.000000000e-01,1.000000000e+00,-2,7.341206058e-01,4.859462309e-01,798179027,main,fall,1.221000000e+00,1.397515751e-01,6.474713756e-02,1.012395181e-01,1.707140469e+02,false,0,1.082559092e+02,/mnt/pd/tema1/new/results/ml_samples/N2_sw0.30_x-2_i0022.h5
2,50,3.000000000e-01,1.000000000e+00,-2,7.341206058e-01,4.859462309e-01,397974818,main,fall,1.151000000e+00,1.156251240e-01,3.051266096e-02,1.124619579e-01,1.707140469e+02,false,0,9.849883196e+01,/mnt/pd/tema1/new/results/ml_samples/N2_sw0.30_x-2_i0030.h5
2,50,3.000000000e-01,1.000000000e+00,-2,7.341206058e-01,4.859462309e-01,197438256,main,fall,2.041000000e+00,1.420202442e-01,9.468084752e-02,9.732921671e-02,1.707140469e+02,false,0,1.569117463e+02,/mnt/pd/tema1/new/results/ml_samples/N2_sw0.30_x-2_i0008.h5
2,50,1.500000000e-01,1.000000000e+00,4,1.265879394e+00,8.379404087e-01,541158166,main,rise,8.561000000e+00,1.125263863e-01,1.269536592e-02,9.084105760e-02,7.737561978e+02,false,0,4.947522046e+02,/mnt/pd/tema1/new/results/ml_samples/N2_sw0.15_x+4_i0098.h5
2,50,3.000000000e-01,1.000000000e+00,-2,7.341206058e-01,4.859462309e-01,1473286894,main,fall,1.461000000e+00,9.485034011e-02,1.935715797e-02,1.167633128e-01,1.707140469e+02,false,0,1.184252351e+02,/mnt/pd/tema1/new/results/ml_samples/N2_sw0.30_x-2_i0036.h5
2,50,3.000000000e-01,1.000000000e+00,-2,7.341206058e-01,4.859462309e-01,851336577,main,fall,1.761000000e+00,1.265628263e-01,6.648678451e-02,9.279110326e-02,1.707140469e+02,false,0,1.385191236e+02,/mnt/pd/tema1/new/results/ml_samples/N2_sw0.30_x-2_i0020.h5
2,50,3.000000000e-01,1.000000000e+00,-2,7.341206058e-01,4.859462309e-01,146743150,main,fall,1.351000000e+00,1.283543533e-01,5.819825226e-02,1.029904787e-01,1.707140469e+02,false,0,1.104094747e+02,/mnt/pd/tema1/new/results/ml_samples/N2_sw0.30_x-2_i0042.h5
2,50,3.000000000e-01,1.000000000e+00,-2,7.341206058e-01,4.859462309e-01,864947986,main,fall,1.171000000e+00,1.076928046e-01,3.400310763e-02,1.057683915e-01,1.707140469e+02,false,0,9.968419203e+01,/mnt/pd/tema1/new/results/ml_samples/N2_sw0.30_x-2_i0048.h5
2,50,3.000000000e-01,1.000000000e+00,-2,7.341206058e-01,4.859462309e-01,658710036,main,fall,1.001000000e+00,1.040536911e-01,4.108310689e-02,1.178451983e-01,1.707140469e+02,false,0,8.701486313e+01,/mnt/pd/tema1/new/results/ml_samples/N2_sw0.30_x-2_i0052.h5
2,50,3.000000000e-01,1.000000000e+00,-2,7.341206058e-01,4.859462309e-01,1012420880,main,fall,1.281000000e+00,1.158449236e-01,4.249414234e-02,1.126462704e-01,1.707140469e+02,false,0,1.120880429e+02,/mnt/pd/tema1/new/results/ml_samples/N2_sw0.30_x-2_i0046.h5
2,50,3.000000000e-01,1.000000000e+00,-2,7.341206058e-01,4.859462309e-01,1383662374,main,fall,2.101000000e+00,1.314979193e-01,3.202019688e-02,9.292968474e-02,1.707140469e+02,false,0,1.604012018e+02,/mnt/pd/tema1/new/results/ml_samples/N2_sw0.30_x-2_i0034.h5
2,50,3.000000000e-01,1.000000000e+00,-2,7.341206058e-01,4.859462309e-01,1396772390,main,fall,9.310000000e-01,1.623642198e-01,8.793405398e-02,9.957934506e-02,1.707140469e+02,false,0,9.047105934e+01,/mnt/pd/tema1/new/results/ml_samples/N2_sw0.30_x-2_i0058.h5
2,50,3.000000000e-01,1.000000000e+00,-2,7.341206058e-01,4.859462309e-01,1722029287,main,fall,2.091000000e+00,1.060449340e-01,2.814446132e-02,1.004090781e-01,1.707140469e+02,false,0,1.593196800e+02,/mnt/pd/tema1/new/results/ml_samples/N2_sw0.30_x-2_i0040.h5
2,50,3.000000000e-01,1.000000000e+00,-2,7.341206058e-01,4.859462309e-01,1575704956,main,fall,2.431000000e+00,1.258832388e-01,5.718003723e-02,9.341037062e-02,1.707140469e+02,false,0,1.835016041e+02,/mnt/pd/tema1/new/results/ml_samples/N2_sw0.30_x-2_i0026.h5
2,50,3.000000000e-01,1.000000000e+00,-2,7.341206058e-01,4.859462309e-01,2128888562,main,fall,1.881000000e+00,9.719460668e-02,3.273544747e-02,1.014520340e-01,1.707140469e+02,false,0,1.470162294e+02,/mnt/pd/tema1/new/results/ml_samples/N2_sw0.30_x-2_i0050.h5
2,50,3.000000000e-01,1.000000000e+00,-2,7.341206058e-01,4.859462309e-01,470933438,main,fall,1.091000000e+00,1.424783015e-01,8.408269348e-02,1.019725384e-01,1.707140469e+02,false,0,9.780082808e+01,/mnt/pd/tema1/new/results/ml_samples/N2_sw0.30_x-2_i0068.h5
2,50,1.500000000e-01,1.000000000e+00,4,1.265879394e+00,8.379404087e-01,1268830139,main,rise,1.194100000e+01,1.123987406e-01,9.627739323e-03,8.746927950e-02,7.737561978e+02,false,0,6.854698678e+02,/mnt/pd/tema1/new/results/ml_samples/N2_sw0.15_x+4_i0076.h5
2,50,3.000000000e-01,1.000000000e+00,-2,7.341206058e-01,4.859462309e-01,2142856548,main,fall,1.251000000e+00,1.006887563e-01,3.966350739e-02,1.138761794e-01,1.707140469e+02,false,0,1.047757896e+02,/mnt/pd/tema1/new/results/ml_samples/N2_sw0.30_x-2_i0066.h5
2,50,3.000000000e-01,1.000000000e+00,-2,7.341206058e-01,4.859462309e-01,1711884449,main,fall,1.561000000e+00,9.779946776e-02,3.239209393e-02,1.014126199e-01,1.707140469e+02,false,0,1.255865399e+02,/mnt/pd/tema1/new/results/ml_samples/N2_sw0.30_x-2_i0062.h5
2,50,3.000000000e-01,1.000000000e+00,-2,7.341206058e-01,4.859462309e-01,1688782736,main,fall,7.710000000e-01,1.590918714e-01,8.308746011e-02,1.227702120e-01,1.707140469e+02,false,0,8.013998677e+01,/mnt/pd/tema1/new/results/ml_samples/N2_sw0.30_x-2_i0080.h5
2,50,3.000000000e-01,1.000000000e+00,-2,7.341206058e-01,4.859462309e-01,26896945,main,fall,1.171000000e+00,1.169111176e-01,2.119545982e-02,1.115563812e-01,1.707140469e+02,false,0,1.006264122e+02,/mnt/pd/tema1/new/results/ml_samples/N2_sw0.30_x-2_i0074.h5
2,50,3.000000000e-01,1.000000000e+00,-2,7.341206058e-01,4.859462309e-01,502312856,main,fall,1.701000000e+00,1.312691307e-01,5.928832562e-02,1.033718879e-01,1.707140469e+02,false,0,1.540173011e+02,/mnt/pd/tema1/new/results/ml_samples/N2_sw0.30_x-2_i0060.h5
2,50,3.000000000e-01,1.000000000e+00,-2,7.341206058e-01,4.859462309e-01,1831357113,main,fall,2.891000000e+00,1.119716537e-01,6.131899968e-02,1.044463028e-01,1.707140469e+02,false,0,2.126102298e+02,/mnt/pd/tema1/new/results/ml_samples/N2_sw0.30_x-2_i0044.h5
2,50,3.000000000e-01,1.000000000e+00,-2,7.341206058e-01,4.859462309e-01,115171317,main,fall,7.510000000e-01,1.564361859e-01,6.383458558e-02,1.125292297e-01,1.664500387e+02,false,0,7.249712623e+01,/mnt/pd/tema1/new/results/ml_samples/N2_sw0.30_x-2_i0088.h5
2,50,3.000000000e-01,1.000000000e+00,-2,7.341206058e-01,4.859462309e-01,321908671,main,fall,2.051000000e+00,9.638388538e-02,3.130531348e-02,1.023312920e-01,1.707140469e+02,false,0,1.564689771e+02,/mnt/pd/tema1/new/results/ml_samples/N2_sw0.30_x-2_i0064.h5
2,50,3.000000000e-01,1.000000000e+00,-2,7.341206058e-01,4.859462309e-01,745164266,main,fall,1.761000000e+00,1.328189221e-01,4.206549667e-02,1.049405830e-01,1.707140469e+02,false,0,1.350015618e+02,/mnt/pd/tema1/new/results/ml_samples/N2_sw0.30_x-2_i0072.h5
2,50,3.000000000e-01,1.000000000e+00,-2,7.341206058e-01,4.859462309e-01,861974932,main,fall,1.591000000e+00,1.481423331e-01,6.072459713e-02,9.816228782e-02,1.707140469e+02,false,0,1.412112343e+02,/mnt/pd/tema1/new/results/ml_samples/N2_sw0.30_x-2_i0070.h5
2,50,3.000000000e-01,1.000000000e+00,-2,7.341206058e-01,4.859462309e-01,549809605,main,fall,1.791000000e+00,1.207808038e-01,4.364298430e-02,9.249971081e-02,1.707140469e+02,false,0,1.404243693e+02,/mnt/pd/tema1/new/results/ml_samples/N2_sw0.30_x-2_i0076.h5
2,50,3.000000000e-01,1.000000000e+00,-2,7.341206058e-01,4.859462309e-01,1755101883,main,fall,4.771000000e+00,1.130560927e-01,2.749086752e-02,8.658162194e-02,1.707140469e+02,false,0,3.441056246e+02,/mnt/pd/tema1/new/results/ml_samples/N2_sw0.30_x-2_i0006.h5
2,50,3.000000000e-01,1.000000000e+00,-2,7.341206058e-01,4.859462309e-01,224590641,main,fall,9.110000000e-01,1.086652097e-01,1.759505532e-02,1.077879073e-01,1.707140469e+02,false,0,8.346532225e+01,/mnt/pd/tema1/new/results/ml_samples/N2_sw0.30_x-2_i0096.h5
2,50,1.500000000e-01,1.000000000e+00,4,1.265879394e+00,8.379404087e-01,616906088,main,rise,1.288100000e+01,1.135503840e-01,1.109664066e-02,8.758088817e-02,7.737561978e+02,false,0,7.333288969e+02,/mnt/pd/tema1/new/results/ml_samples/N2_sw0.15_x+4_i0092.h5
2,50,3.000000000e-01,1.000000000e+00,-2,7.341206058e-01,4.859462309e-01,1144920027,main,fall,2.941000000e+00,1.443832106e-01,6.075099893e-02,1.063629648e-01,1.707140469e+02,false,0,2.145654886e+02,/mnt/pd/tema1/new/results/ml_samples/N2_sw0.30_x-2_i0078.h5
2,50,3.000000000e-01,1.000000000e+00,-2,7.341206058e-01,4.859462309e-01,1026242063,main,fall,5.321000000e+00,1.368216284e-01,3.017643288e-02,9.429476004e-02,1.707140469e+02,false,0,3.755929454e+02,/mnt/pd/tema1/new/results/ml_samples/N2_sw0.30_x-2_i0014.h5
2,50,3.000000000e-01,1.000000000e+00,-1,8.670603029e-01,5.739447754e-01,1052206021,main,fall,1.151000000e+00,1.293085451e-01,5.361896356e-02,1.018597144e-01,2.776751867e+02,false,0,1.030245849e+02,/mnt/pd/tema1/new/results/ml_samples/N2_sw0.30_x-1_i0012.h5
2,50,3.000000000e-01,1.000000000e+00,-2,7.341206058e-01,4.859462309e-01,257564045,main,fall,5.831000000e+00,1.219093837e-01,4.813303321e-02,1.037861691e-01,1.707140469e+02,false,0,4.178350105e+02,/mnt/pd/tema1/new/results/ml_samples/N2_sw0.30_x-2_i0000.h5
2,50,3.000000000e-01,1.000000000e+00,-1,8.670603029e-01,5.739447754e-01,200101821,main,fall,1.751000000e+00,1.110413520e-01,2.216324529e-02,9.770097043e-02,2.776751867e+02,false,0,1.353888467e+02,/mnt/pd/tema1/new/results/ml_samples/N2_sw0.30_x-1_i0004.h5
2,50,3.000000000e-01,1.000000000e+00,-1,8.670603029e-01,5.739447754e-01,786383832,main,fall,1.821000000e+00,1.063473406e-01,2.538440760e-02,9.243010842e-02,2.691326642e+02,false,0,1.425273910e+02,/mnt/pd/tema1/new/results/ml_samples/N2_sw0.30_x-1_i0006.h5
2,50,3.000000000e-01,1.000000000e+00,-2,7.341206058e-01,4.859462309e-01,301543685,main,fall,2.971000000e+00,1.139676250e-01,6.049633305e-02,1.039091822e-01,1.707140469e+02,false,0,2.181618191e+02,/mnt/pd/tema1/new/results/ml_samples/N2_sw0.30_x-2_i0084.h5
2,50,3.000000000e-01,1.000000000e+00,-2,7.341206058e-01,4.859462309e-01,346243174,main,fall,2.611000000e+00,8.682732839e-02,1.104874024e-02,1.046652856e-01,1.707140469e+02,false,0,1.927586840e+02,/mnt/pd/tema1/new/results/ml_samples/N2_sw0.30_x-2_i0090.h5
2,50,3.000000000e-01,1.000000000e+00,-2,7.341206058e-01,4.859462309e-01,1003028227,main,fall,2.491000000e+00,1.274311392e-01,3.402883154e-02,1.070246559e-01,1.707140469e+02,false,0,1.863638005e+02,/mnt/pd/tema1/new/results/ml_samples/N2_sw0.30_x-2_i0092.h5
2,50,3.000000000e-01,1.000000000e+00,-1,8.670603029e-01,5.739447754e-01,1067540686,main,fall,1.971000000e+00,1.292675169e-01,4.256093102e-02,8.944279923e-02,2.776751867e+02,false,0,1.528248780e+02,/mnt/pd/tema1/new/results/ml_samples/N2_sw0.30_x-1_i0010.h5
2,50,3.000000000e-01,1.000000000e+00,-1,8.670603029e-01,5.739447754e-01,695879325,main,fall,2.721000000e+00,1.164272883e-01,3.457590251e-02,8.891975598e-02,2.776751867e+02,false,0,2.020649399e+02,/mnt/pd/tema1/new/results/ml_samples/N2_sw0.30_x-1_i0014.h5
2,50,3.000000000e-01,1.000000000e+00,-2,7.341206058e-01,4.859462309e-01,1017918361,main,fall,6.791000000e+00,9.973318658e-02,3.061342077e-02,1.020759471e-01,1.707140469e+02,false,0,4.826366606e+02,/mnt/pd/tema1/new/results/ml_samples/N2_sw0.30_x-2_i0032.h5
2,50,3.000000000e-01,1.000000000e+00,-1,8.670603029e-01,5.739447754e-01,90537888,main,fall,2.431000000e+00,1.380873989e-01,5.995735727e-02,1.010581485e-01,2.776751867e+02,false,0,1.867757945e+02,/mnt/pd/tema1/new/results/ml_samples/N2_sw0.30_x-1_i0020.h5
2,50,3.000000000e-01,1.000000000e+00,-1,8.670603029e-01,5.739447754e-01,1758306949,main,fall,9.210000000e-01,1.247563047e-01,5.176253134e-02,1.009561848e-01,2.776751867e+02,false,0,8.646413652e+01,/mnt/pd/tema1/new/results/ml_samples/N2_sw0.30_x-1_i0042.h5
2,50,3.000000000e-01,1.000000000e+00,-2,7.341206058e-01,4.859462309e-01,664875928,main,fall,3.961000000e+00,1.053872690e-01,2.355826236e-02,9.270951389e-02,1.707140469e+02,false,0,2.800594649e+02,/mnt/pd/tema1/new/results/ml_samples/N2_sw0.30_x-2_i0098.h5
2,50,3.000000000e-01,1.000000000e+00,-1,8.670603029e-01,5.739447754e-01,70199747,main,fall,1.541000000e+00,1.108996686e-01,3.393063952e-02,8.921770546e-02,2.776751867e+02,false,0,1.240266593e+02,/mnt/pd/tema1/new/results/ml_samples/N2_sw0.30_x-1_i0034.h5
2,50,3.000000000e-01,1.000000000e+00,-1,8.670603029e-01,5.739447754e-01,2025912506,main,fall,2.101000000e+00,1.310580495e-01,2.811963267e-02,9.276062892e-02,2.776751867e+02,false,0,1.606169324e+02,/mnt/pd/tema1/new/results/ml_samples/N2_sw0.30_x-1_i0024.h5
2,50,3.000000000e-01,1.000000000e+00,-2,7.341206058e-01,4.859462309e-01,1909195199,main,fall,6.611000000e+00,1.002269808e-01,2.622625506e-02,9.838333033e-02,1.707140469e+02,false,0,4.543440837e+02,/mnt/pd/tema1/new/results/ml_samples/N2_sw0.30_x-2_i0054.h5
2,50,3.000000000e-01,1.000000000e+00,-1,8.670603029e-01,5.739447754e-01,588422433,main,fall,4.161000000e+00,1.034594021e-01,3.148381600e-02,9.228557675e-02,2.776751867e+02,false,0,2.955776170e+02,/mnt/pd/tema1/new/results/ml_samples/N2_sw0.30_x-1_i0002.h5
2,50,3.000000000e-01,1.000000000e+00,-2,7.341206058e-01,4.859462309e-01,1504005144,main,fall,6.681000000e+00,1.089088916e-01,2.209647110e-02,9.712282843e-02,1.707140469e+02,false,0,4.596106244e+02,/mnt/pd/tema1/new/results/ml_samples/N2_sw0.30_x-2_i0056.h5
2,50,3.000000000e-01,1.000000000e+00,-1,8.670603029e-01,5.739447754e-01,1521670744,main,fall,1.951000000e+00,1.243818188e-01,4.123454264e-02,9.191060197e-02,2.776751867e+02,false,0,1.517435985e+02,/mnt/pd/tema1/new/results/ml_samples/N2_sw0.30_x-1_i0036.h5
2,50,3.000000000e-01,1.000000000e+00,-1,8.670603029e-01,5.739447754e-01,1313822175,main,fall,4.421000000e+00,1.134694648e-01,5.157286250e-02,1.029246254e-01,2.776751867e+02,false,0,3.129987838e+02,/mnt/pd/tema1/new/results/ml_samples/N2_sw0.30_x-1_i0000.h5
2,50,3.000000000e-01,1.000000000e+00,-1,8.670603029e-01,5.739447754e-01,738085598,main,fall,8.410000000e-01,1.055917121e-01,1.973364598e-02,9.701914699e-02,2.776751867e+02,false,0,7.949358156e+01,/mnt/pd/tema1/new/results/ml_samples/N2_sw0.30_x-1_i0050.h5
2,50,3.000000000e-01,1.000000000e+00,-1,8.670603029e-01,5.739447754e-01,1029291582,main,fall,2.391000000e+00,1.202061384e-01,3.775237595e-02,9.453270351e-02,2.776751867e+02,false,0,1.807972567e+02,/mnt/pd/tema1/new/results/ml_samples/N2_sw0.30_x-1_i0040.h5
2,50,3.000000000e-01,1.000000000e+00,-1,8.670603029e-01,5.739447754e-01,1758747167,main,fall,8.910000000e-01,1.091278291e-01,2.629415866e-02,1.100415015e-01,2.776751867e+02,false,0,8.222172875e+01,/mnt/pd/tema1/new/results/ml_samples/N2_sw0.30_x-1_i0052.h5
2,50,3.000000000e-01,1.000000000e+00,-1,8.670603029e-01,5.739447754e-01,162717029,main,fall,1.161000000e+00,1.168497843e-01,4.028369716e-02,1.038511333e-01,2.776751867e+02,false,0,1.007939955e+02,/mnt/pd/tema1/new/results/ml_samples/N2_sw0.30_x-1_i0046.h5
2,50,3.000000000e-01,1.000000000e+00,-1,8.670603029e-01,5.739447754e-01,1300574691,main,fall,1.601000000e+00,1.226860324e-01,3.415054940e-02,1.062651112e-01,2.776751867e+02,false,0,1.286402722e+02,/mnt/pd/tema1/new/results/ml_samples/N2_sw0.30_x-1_i0044.h5
2,50,3.000000000e-01,1.000000000e+00,-2,7.341206058e-01,4.859462309e-01,1202350799,main,fall,9.661000000e+00,1.160947080e-01,3.348995138e-02,9.243681471e-02,1.707140469e+02,false,0,6.470599243e+02,/mnt/pd/tema1/new/results/ml_samples/N2_sw0.30_x-2_i0010.h5
2,50,3.000000000e-01,1.000000000e+00,-1,8.670603029e-01,5.739447754e-01,854280673,main,fall,3.581000000e+00,1.061745700e-01,2.651068561e-02,8.998825575e-02,2.776751867e+02,false,0,2.543788642e+02,/mnt/pd/tema1/new/results/ml_samples/N2_sw0.30_x-1_i0028.h5
2,50,3.000000000e-01,1.000000000e+00,-1,8.670603029e-01,5.739447754e-01,1336619537,main,fall,3.741000000e+00,1.287329796e-01,3.277768753e-02,8.979848389e-02,2.776751867e+02,false,0,2.857511190e+02,/mnt/pd/tema1/new/results/ml_samples/N2_sw0.30_x-1_i0030.h5
2,50,3.000000000e-01,1.000000000e+00,-2,7.341206058e-01,4.859462309e-01,454644006,main,fall,9.441000000e+00,1.117570701e-01,4.682373839e-02,9.948651657e-02,1.707140469e+02,false,0,6.553803689e+02,/mnt/pd/tema1/new/results/ml_samples/N2_sw0.30_x-2_i0028.h5
2,50,3.000000000e-01,1.000000000e+00,-1,8.670603029e-01,5.739447754e-01,523148030,main,fall,4.151000000e+00,1.013051138e-01,1.846677463e-02,9.481713884e-02,2.776751867e+02,false,0,2.955282204e+02,/mnt/pd/tema1/new/results/ml_samples/N2_sw0.30_x-1_i0038.h5
2,50,3.000000000e-01,1.000000000e+00,-1,8.670603029e-01,5.739447754e-01,796720779,main,fall,4.511000000e+00,1.085971531e-01,3.131926664e-02,1.035359808e-01,2.776751867e+02,false,0,3.538907743e+02,/mnt/pd/tema1/new/results/ml_samples/N2_sw0.30_x-1_i0026.h5
2,50,3.000000000e-01,1.000000000e+00,-1,8.670603029e-01,5.739447754e-01,591852150,main,fall,1.611000000e+00,1.373222849e-01,4.133339702e-02,9.203100397e-02,2.776751867e+02,false,0,1.290933456e+02,/mnt/pd/tema1/new/results/ml_samples/N2_sw0.30_x-1_i0076.h5
2,50,3.000000000e-01,1.000000000e+00,-2,7.341206058e-01,4.859462309e-01,1518187637,main,fall,1.119100000e+01,1.096894274e-01,2.731001354e-02,9.729194053e-02,1.707140469e+02,false,0,7.491799459e+02,/mnt/pd/tema1/new/results/ml_samples/N2_sw0.30_x-2_i0016.h5
2,50,3.000000000e-01,1.000000000e+00,-2,7.341206058e-01,4.859462309e-01,1587938113,main,fall,8.281000000e+00,9.705292555e-02,2.050226036e-02,1.006087089e-01,1.707140469e+02,false,0,5.781777191e+02,/mnt/pd/tema1/new/results/ml_samples/N2_sw0.30_x-2_i0082.h5
2,50,3.000000000e-01,1.000000000e+00,-2,7.341206058e-01,4.859462309e-01,1371967255,main,fall,7.611000000e+00,1.106044633e-01,3.809097378e-02,9.723497546e-02,1.707140469e+02,false,0,5.268771184e+02,/mnt/pd/tema1/new/results/ml_samples/N2_sw0.30_x-2_i0094.h5
2,50,3.000000000e-01,1.000000000e+00,-1,8.670603029e-01,5.739447754e-01,73488761,main,fall,1.171000000e+00,1.168291505e-01,3.181921031e-02,8.433182510e-02,2.776751867e+02,false,0,1.011437864e+02,/mnt/pd/tema1/new/results/ml_samples/N2_sw0.30_x-1_i0084.h5
2,50,3.000000000e-01,1.000000000e+00,-1,8.670603029e-01,5.739447754e-01,1416313792,main,fall,2.921000000e+00,1.140782141e-01,3.037056904e-02,9.855321365e-02,2.776751867e+02,false,0,2.153888304e+02,/mnt/pd/tema1/new/results/ml_samples/N2_sw0.30_x-1_i0066.h5
2,50,3.000000000e-01,1.000000000e+00,-1,8.670603029e-01,5.739447754e-01,1727873049,main,fall,5.651000000e+00,1.047888979e-01,3.425263524e-02,8.874193056e-02,2.776751867e+02,false,0,3.848412746e+02,/mnt/pd/tema1/new/results/ml_samples/N2_sw0.30_x-1_i0032.h5
2,50,3.000000000e-01,1.000000000e+00,-1,8.670603029e-01,5.739447754e-01,238460964,main,fall,2.331000000e+00,1.265432631e-01,5.720054994e-02,1.098806922e-01,1.310467162e+02,false,0,1.773491356e+02,/mnt/pd/tema1/new/results/ml_samples/N2_sw0.30_x-1_i0072.h5
2,50,3.000000000e-01,1.000000000e+00,-1,8.670603029e-01,5.739447754e-01,501515287,main,fall,3.721000000e+00,1.017241297e-01,2.503039187e-02,9.445429511e-02,2.776751867e+02,false,0,2.661527163e+02,/mnt/pd/tema1/new/results/ml_samples/N2_sw0.30_x-1_i0054.h5
2,50,3.000000000e-01,1.000000000e+00,-1,8.670603029e-01,5.739447754e-01,989905210,main,fall,1.491000000e+00,1.147001810e-01,5.067504934e-02,1.091130892e-01,2.776751867e+02,false,0,1.162551630e+02,/mnt/pd/tema1/new/results/ml_samples/N2_sw0.30_x-1_i0086.h5
2,50,3.000000000e-01,1.000000000e+00,-1,8.670603029e-01,5.739447754e-01,1191045513,main,fall,4.591000000e+00,1.118180256e-01,2.693738971e-02,1.001676981e-01,2.776751867e+02,false,0,3.169499170e+02,/mnt/pd/tema1/new/results/ml_samples/N2_sw0.30_x-1_i0048.h5
2,50,3.000000000e-01,1.000000000e+00,-1,8.670603029e-01,5.739447754e-01,247290883,main,fall,7.151000000e+00,1.060782145e-01,3.281341417e-02,9.793077882e-02,2.776751867e+02,false,0,5.040209755e+02,/mnt/pd/tema1/new/results/ml_samples/N2_sw0.30_x-1_i0022.h5
2,50,3.000000000e-01,1.000000000e+00,-1,8.670603029e-01,5.739447754e-01,69498910,main,fall,8.261000000e+00,1.129394452e-01,3.085479927e-02,9.335811226e-02,2.776751867e+02,false,0,5.670599124e+02,/mnt/pd/tema1/new/results/ml_samples/N2_sw0.30_x-1_i0016.h5
2,50,3.000000000e-01,1.000000000e+00,-1,8.670603029e-01,5.739447754e-01,2100241818,main,rise,8.001000000e+00,1.093755571e-01,2.473587121e-02,8.818627422e-02,2.776751867e+02,false,0,5.564746775e+02,/mnt/pd/tema1/new/results/ml_samples/N2_sw0.30_x-1_i0018.h5
2,50,3.000000000e-01,1.000000000e+00,-1,8.670603029e-01,5.739447754e-01,1249869488,main,fall,3.711000000e+00,1.102792592e-01,1.566543940e-02,8.012022423e-02,2.776751867e+02,false,0,2.588432410e+02,/mnt/pd/tema1/new/results/ml_samples/N2_sw0.30_x-1_i0080.h5
2,50,3.000000000e-01,1.000000000e+00,-1,8.670603029e-01,5.739447754e-01,1840957827,main,fall,9.411000000e+00,1.236181043e-01,3.243521304e-02,8.278891548e-02,2.776751867e+02,false,0,6.301391667e+02,/mnt/pd/tema1/new/results/ml_samples/N2_sw0.30_x-1_i0008.h5
2,50,3.000000000e-01,1.000000000e+00,-1,8.670603029e-01,5.739447754e-01,1018411011,main,fall,5.591000000e+00,1.189756022e-01,2.790713935e-02,8.827348515e-02,2.776751867e+02,false,0,3.793987347e+02,/mnt/pd/tema1/new/results/ml_samples/N2_sw0.30_x-1_i0060.h5
2,50,3.000000000e-01,1.000000000e+00,-1,8.670603029e-01,5.739447754e-01,1237256155,main,fall,1.671000000e+00,1.128477640e-01,5.189598196e-02,9.850114816e-02,2.776751867e+02,false,0,1.386507004e+02,/mnt/pd/tema1/new/results/ml_samples/N2_sw0.30_x-1_i0106.h5
2,50,3.000000000e-01,1.000000000e+00,-1,8.670603029e-01,5.739447754e-01,2130944378,main,fall,3.831000000e+00,1.024721336e-01,1.677288368e-02,8.924265094e-02,2.776751867e+02,false,0,2.707228632e+02,/mnt/pd/tema1/new/results/ml_samples/N2_sw0.30_x-1_i0082.h5
2,50,3.000000000e-01,1.000000000e+00,-1,8.670603029e-01,5.739447754e-01,1271695029,main,fall,5.031000000e+00,1.208247893e-01,4.588466552e-02,9.075696666e-02,2.174844390e+02,false,0,3.377933954e+02,/mnt/pd/tema1/new/results/ml_samples/N2_sw0.30_x-1_i0074.h5
2,50,1.500000000e-01,1.000000000e+00,2,1.132939697e+00,7.499418643e-01,1512074351,main,rise,4.310100000e+01,1.050097457e-01,6.765453062e-03,8.840254945e-02,5.837719052e+02,false,0,2.300792559e+03,/mnt/pd/tema1/new/results/ml_samples/N2_sw0.15_x+2_i0080.h5
2,50,3.000000000e-01,1.000000000e+00,-1,8.670603029e-01,5.739447754e-01,1458273366,main,fall,6.091000000e+00,1.026403756e-01,1.585308133e-02,9.199021441e-02,2.776751867e+02,false,0,4.146565660e+02,/mnt/pd/tema1/new/results/ml_samples/N2_sw0.30_x-1_i0058.h5
2,50,3.000000000e-01,1.000000000e+00,-1,8.670603029e-01,5.739447754e-01,1736437688,main,fall,5.561000000e+00,1.081934150e-01,2.442746612e-02,8.935061419e-02,2.776751867e+02,false,0,3.667303138e+02,/mnt/pd/tema1/new/results/ml_samples/N2_sw0.30_x-1_i0068.h5
2,50,3.000000000e-01,1.000000000e+00,-1,8.670603029e-01,5.739447754e-01,1762992565,main,fall,1.191000000e+00,1.052219353e-01,3.229744311e-02,1.046655578e-01,2.776751867e+02,false,0,1.017360444e+02,/mnt/pd/tema1/new/results/ml_samples/N2_sw0.30_x-1_i0116.h5
2,50,3.000000000e-01,1.000000000e+00,-1,8.670603029e-01,5.739447754e-01,1072391762,main,fall,1.001000000e+00,1.421482667e-01,5.270412928e-02,1.123787473e-01,1.628484255e+02,false,0,9.061695058e+01,/mnt/pd/tema1/new/results/ml_samples/N2_sw0.30_x-1_i0118.h5
2,50,3.000000000e-01,1.000000000e+00,-1,8.670603029e-01,5.739447754e-01,641817988,main,fall,1.611000000e+00,1.342178264e-01,5.252104741e-02,9.782331563e-02,2.776751867e+02,false,0,1.292094901e+02,/mnt/pd/tema1/new/results/ml_samples/N2_sw0.30_x-1_i0114.h5
2,50,3.000000000e-01,1.000000000e+00,-1,8.670603029e-01,5.739447754e-01,668750396,main,fall,3.021000000e+00,1.032592868e-01,1.218583621e-02,9.408492279e-02,2.776751867e+02,false,0,2.213971713e+02,/mnt/pd/tema1/new/results/ml_samples/N2_sw0.30_x-1_i0104.h5
2,50,3.000000000e-01,1.000000000e+00,-1,8.670603029e-01,5.739447754e-01,612770903,main,fall,8.010000000e-01,1.668648701e-01,8.572841793e-02,1.130465920e-01,8.185817144e+01,false,0,8.076053177e+01,/mnt/pd/tema1/new/results/ml_samples/N2_sw0.30_x-1_i0132.h5
2,50,3.000000000e-01,1.000000000e+00,-1,8.670603029e-01,5.739447754e-01,1624423970,main,fall,4.101000000e+00,1.084442510e-01,2.743944831e-02,9.164756007e-02,2.776751867e+02,false,0,2.862128951e+02,/mnt/pd/tema1/new/results/ml_samples/N2_sw0.30_x-1_i0092.h5
2,50,3.000000000e-01,1.000000000e+00,-1,8.670603029e-01,5.739447754e-01,1570561459,main,fall,1.251000000e+00,1.340889909e-01,6.534918610e-02,1.017312790e-01,2.776751867e+02,false,0,1.073936348e+02,/mnt/pd/tema1/new/results/ml_samples/N2_sw0.30_x-1_i0128.h5
2,50,3.000000000e-01,1.000000000e+00,-1,8.670603029e-01,5.739447754e-01,457923853,main,fall,1.081000000e+00,1.575149422e-01,7.254937776e-02,9.939716723e-02,2.776751867e+02,false,0,9.479288555e+01,/mnt/pd/tema1/new/results/ml_samples/N2_sw0.30_x-1_i0134.h5
2,50,3.000000000e-01,1.000000000e+00,-1,8.670603029e-01,5.739447754e-01,2115111799,main,fall,2.051000000e+00,1.152345866e-01,4.007770447e-02,9.780492658e-02,2.776751867e+02,false,0,1.627702397e+02,/mnt/pd/tema1/new/results/ml_samples/N2_sw0.30_x-1_i0122.h5
2,50,3.000000000e-01,1.000000000e+00,-1,8.670603029e-01,5.739447754e-01,1216100061,main,rise,8.551000000e+00,1.129772033e-01,2.903596171e-02,9.099022394e-02,2.776751867e+02,false,0,5.771850502e+02,/mnt/pd/tema1/new/results/ml_samples/N2_sw0.30_x-1_i0056.h5
2,50,3.000000000e-01,1.000000000e+00,-1,8.670603029e-01,5.739447754e-01,1668011741,main,fall,1.551000000e+00,1.348194037e-01,6.650730030e-02,1.008980258e-01,2.776751867e+02,false,0,1.274522817e+02,/mnt/pd/tema1/new/results/ml_samples/N2_sw0.30_x-1_i0140.h5
2,50,3.000000000e-01,1.000000000e+00,-1,8.670603029e-01,5.739447754e-01,2132952146,main,fall,1.841000000e+00,1.228355382e-01,3.930689957e-02,1.146168618e-01,2.776751867e+02,false,0,1.442355986e+02,/mnt/pd/tema1/new/results/ml_samples/N2_sw0.30_x-1_i0136.h5
2,50,3.000000000e-01,1.000000000e+00,-1,8.670603029e-01,5.739447754e-01,1325255959,main,fall,1.101000000e+00,1.192741039e-01,5.269620471e-02,1.017692548e-01,2.776751867e+02,false,0,9.566926309e+01,/mnt/pd/tema1/new/results/ml_samples/N2_sw0.30_x-1_i0144.h5
2,50,3.000000000e-01,1.000000000e+00,-1,8.670603029e-01,5.739447754e-01,1034691650,main,fall,1.261000000e+00,1.173156840e-01,2.205811335e-02,8.862794370e-02,2.776751867e+02,false,0,1.066090275e+02,/mnt/pd/tema1/new/results/ml_samples/N2_sw0.30_x-1_i0146.h5
2,50,3.000000000e-01,1.000000000e+00,-1,8.670603029e-01,5.739447754e-01,1848824567,main,fall,4.681000000e+00,9.796476655e-02,1.392422877e-02,1.044157400e-01,2.776751867e+02,false,0,3.245240505e+02,/mnt/pd/tema1/new/results/ml_samples/N2_sw0.30_x-1_i0108.h5
2,50,3.000000000e-01,1.000000000e+00,-2,7.341206058e-01,4.859462309e-01,34244592,main,fall,1.438100000e+01,1.215390265e-01,4.027530222e-02,9.819370111e-02,1.707140469e+02,false,0,9.569036068e+02,/mnt/pd/tema1/new/results/ml_samples/N2_sw0.30_x-2_i0086.h5
2,50,3.000000000e-01,1.000000000e+00,-1,8.670603029e-01,5.739447754e-01,1366975298,main,fall,4.131000000e+00,1.006318344e-01,2.487258701e-02,9.075986535e-02,2.776751867e+02,false,0,2.963042392e+02,/mnt/pd/tema1/new/results/ml_samples/N2_sw0.30_x-1_i0112.h5
2,50,3.000000000e-01,1.000000000e+00,-1,8.670603029e-01,5.739447754e-01,491948597,main,fall,1.441000000e+00,1.321454506e-01,5.858374729e-02,8.993809970e-02,2.776751867e+02,false,0,1.183299819e+02,/mnt/pd/tema1/new/results/ml_samples/N2_sw0.30_x-1_i0150.h5
2,50,3.000000000e-01,1.000000000e+00,-1,8.670603029e-01,5.739447754e-01,491254988,main,fall,5.971000000e+00,1.343161329e-01,2.307131899e-02,9.642547827e-02,2.776751867e+02,false,0,4.195228420e+02,/mnt/pd/tema1/new/results/ml_samples/N2_sw0.30_x-1_i0098.h5
2,50,3.000000000e-01,1.000000000e+00,-1,8.670603029e-01,5.739447754e-01,1841417192,main,fall,4.141000000e+00,1.074394837e-01,2.553829342e-02,9.013017095e-02,2.776751867e+02,false,0,2.951849171e+02,/mnt/pd/tema1/new/results/ml_samples/N2_sw0.30_x-1_i0120.h5
2,50,3.000000000e-01,1.000000000e+00,-1,8.670603029e-01,5.739447754e-01,1636733035,main,fall,1.031000000e+00,1.394368823e-01,6.188745343e-02,9.808923435e-02,2.776751867e+02,false,0,9.115614757e+01,/mnt/pd/tema1/new/results/ml_samples/N2_sw0.30_x-1_i0154.h5
2,50,3.000000000e-01,1.000000000e+00,-2,7.341206058e-01,4.859462309e-01,957455158,main,fall,1.852100000e+01,9.669184124e-02,1.704434310e-02,9.509225819e-02,1.707140469e+02,false,0,1.235718222e+03,/mnt/pd/tema1/new/results/ml_samples/N2_sw0.30_x-2_i0018.h5
2,50,3.000000000e-01,1.000000000e+00,-1,8.670603029e-01,5.739447754e-01,225509462,main,fall,1.081000000e+00,1.176581463e-01,3.163127618e-02,9.477673778e-02,2.776751867e+02,false,0,9.577323166e+01,/mnt/pd/tema1/new/results/ml_samples/N2_sw0.30_x-1_i0162.h5
2,50,3.000000000e-01,1.000000000e+00,-1,8.670603029e-01,5.739447754e-01,1292247119,main,fall,3.561000000e+00,1.044511823e-01,3.140776640e-02,1.020570914e-01,2.776751867e+02,false,0,2.562582324e+02,/mnt/pd/tema1/new/results/ml_samples/N2_sw0.30_x-1_i0138.h5
2,50,3.000000000e-01,1.000000000e+00,-1,8.670603029e-01,5.739447754e-01,1768531105,main,fall,2.531000000e+00,1.269561681e-01,5.546455645e-02,9.808407867e-02,2.776751867e+02,false,0,1.998097891e+02,/mnt/pd/tema1/new/results/ml_samples/N2_sw0.30_x-1_i0148.h5
2,50,3.000000000e-01,1.000000000e+00,-1,8.670603029e-01,5.739447754e-01,1805307705,main,fall,1.841000000e+00,1.065661373e-01,1.829098208e-02,9.181768272e-02,2.776751867e+02,false,0,1.437766066e+02,/mnt/pd/tema1/new/results/ml_samples/N2_sw0.30_x-1_i0158.h5
2,50,3.000000000e-01,1.000000000e+00,-1,8.670603029e-01,5.739447754e-01,317849351,main,fall,9.481000000e+00,1.180406868e-01,2.518592179e-02,8.709836639e-02,2.776751867e+02,false,0,6.394570688e+02,/mnt/pd/tema1/new/results/ml_samples/N2_sw0.30_x-1_i0078.h5
2,50,3.000000000e-01,1.000000000e+00,-1,8.670603029e-01,5.739447754e-01,6100929,main,fall,2.061000000e+00,1.161430804e-01,3.479767010e-02,1.053628465e-01,2.776751867e+02,false,0,1.583406573e+02,/mnt/pd/tema1/new/results/ml_samples/N2_sw0.30_x-1_i0160.h5
2,50,3.000000000e-01,1.000000000e+00,-1,8.670603029e-01,5.739447754e-01,1805153775,main,fall,1.521000000e+00,1.258872486e-01,4.301786335e-02,9.527848178e-02,2.776751867e+02,false,0,1.245435590e+02,/mnt/pd/tema1/new/results/ml_samples/N2_sw0.30_x-1_i0170.h5
2,50,3.000000000e-01,1.000000000e+00,-1,8.670603029e-01,5.739447754e-01,42254135,main,fall,3.051000000e+00,1.179008306e-01,2.857128073e-02,9.531191487e-02,2.776751867e+02,false,0,2.235700058e+02,/mnt/pd/tema1/new/results/ml_samples/N2_sw0.30_x-1_i0152.h5
2,50,3.000000000e-01,1.000000000e+00,-1,8.670603029e-01,5.739447754e-01,1418945334,main,fall,2.631000000e+00,1.037661085e-01,3.189005784e-02,1.018620170e-01,2.776751867e+02,false,0,1.965323099e+02,/mnt/pd/tema1/new/results/ml_samples/N2_sw0.30_x-1_i0156.h5
2,50,3.000000000e-01,1.000000000e+00,-1,8.670603029e-01,5.739447754e-01,558819810,main,fall,1.431000000e+00,1.314738375e-01,5.181181845e-02,9.454842571e-02,2.776751867e+02,false,0,1.186282988e+02,/mnt/pd/tema1/new/results/ml_samples/N2_sw0.30_x-1_i0176.h5
2,50,3.000000000e-01,1.000000000e+00,-1,8.670603029e-01,5.739447754e-01,1118928654,main,fall,1.201000000e+00,1.560162567e-01,8.191852617e-02,9.919013231e-02,2.776751867e+02,false,0,1.018271532e+02,/mnt/pd/tema1/new/results/ml_samples/N2_sw0.30_x-1_i0182.h5
2,50,3.000000000e-01,1.000000000e+00,-1,8.670603029e-01,5.739447754e-01,1147589315,main,fall,7.511000000e+00,9.861820419e-02,2.960638384e-02,1.000639694e-01,2.776751867e+02,false,0,5.160075457e+02,/mnt/pd/tema1/new/results/ml_samples/N2_sw0.30_x-1_i0110.h5
2,50,3.000000000e-01,1.000000000e+00,-1,8.670603029e-01,5.739447754e-01,448350529,main,fall,2.711000000e+00,1.124956135e-01,3.814897639e-02,9.080132455e-02,2.776751867e+02,false,0,2.015125063e+02,/mnt/pd/tema1/new/results/ml_samples/N2_sw0.30_x-1_i0166.h5
2,50,3.000000000e-01,1.000000000e+00,-1,8.670603029e-01,5.739447754e-01,1594073340,main,fall,1.124100000e+01,1.007133909e-01,2.582425166e-02,9.718262715e-02,2.776751867e+02,false,0,7.658850522e+02,/mnt/pd/tema1/new/results/ml_samples/N2_sw0.30_x-1_i0070.h5
2,50,3.000000000e-01,1.000000000e+00,-1,8.670603029e-01,5.739447754e-01,1435885426,main,fall,9.111000000e+00,1.153081551e-01,2.832405897e-02,8.835062740e-02,2.776751867e+02,false,0,6.218327202e+02,/mnt/pd/tema1/new/results/ml_samples/N2_sw0.30_x-1_i0100.h5
2,50,3.000000000e-01,1.000000000e+00,-1,8.670603029e-01,5.739447754e-01,1452343393,main,fall,1.871000000e+00,1.214855103e-01,3.732122850e-02,1.096417636e-01,2.776751867e+02,false,0,1.477775935e+02,/mnt/pd/tema1/new/results/ml_samples/N2_sw0.30_x-1_i0186.h5
2,50,3.000000000e-01,1.000000000e+00,-1,8.670603029e-01,5.739447754e-01,365832599,main,fall,9.661000000e+00,1.136822422e-01,2.676528088e-02,9.262117481e-02,2.776751867e+02,false,0,6.786123376e+02,/mnt/pd/tema1/new/results/ml_samples/N2_sw0.30_x-1_i0090.h5
2,50,3.000000000e-01,1.000000000e+00,-1,8.670603029e-01,5.739447754e-01,984432065,main,fall,2.441000000e+00,1.207774953e-01,3.687306118e-02,8.672205028e-02,2.776751867e+02,false,0,1.838763690e+02,/mnt/pd/tema1/new/results/ml_samples/N2_sw0.30_x-1_i0180.h5
2,50,3.000000000e-01,1.000000000e+00,-1,8.670603029e-01,5.739447754e-01,357157964,main,fall,3.471000000e+00,9.766643233e-02,2.097652360e-02,9.307030839e-02,2.776751867e+02,false,0,2.750121184e+02,/mnt/pd/tema1/new/results/ml_samples/N2_sw0.30_x-1_i0168.h5
2,50,3.000000000e-01,1.000000000e+00,-1,8.670603029e-01,5.739447754e-01,1339872479,main,fall,2.611000000e+00,9.781601402e-02,1.676976116e-02,9.218149418e-02,2.776751867e+02,false,0,1.846446479e+02,/mnt/pd/tema1/new/results/ml_samples/N2_sw0.30_x-1_i0184.h5
2,50,3.000000000e-01,1.000000000e+00,0,1.000000000e+00,6.619433198e-01,1557422090,main,fall,1.131000000e+00,1.372729162e-01,3.552540298e-02,9.702995924e-02,4.168027829e+02,false,0,9.782465997e+01,/mnt/pd/tema1/new/results/ml_samples/N2_sw0.30_x+0_i0004.h5
2,50,3.000000000e-01,1.000000000e+00,-1,8.670603029e-01,5.739447754e-01,1457662530,main,fall,1.084100000e+01,1.213708978e-01,3.683970307e-02,9.366900171e-02,2.776751867e+02,false,0,7.317545216e+02,/mnt/pd/tema1/new/results/ml_samples/N2_sw0.30_x-1_i0088.h5
2,50,3.000000000e-01,1.000000000e+00,-1,8.670603029e-01,5.739447754e-01,949250811,main,fall,3.861000000e+00,9.930939561e-02,1.980463042e-02,9.944043517e-02,2.394557859e+02,false,0,2.929256035e+02,/mnt/pd/tema1/new/results/ml_samples/N2_sw0.30_x-1_i0172.h5
2,50,3.000000000e-01,1.000000000e+00,-1,8.670603029e-01,5.739447754e-01,132421660,main,fall,7.991000000e+00,1.003477935e-01,1.511532749e-02,8.979692468e-02,2.776751867e+02,false,0,5.428110445e+02,/mnt/pd/tema1/new/results/ml_samples/N2_sw0.30_x-1_i0126.h5
2,50,3.000000000e-01,1.000000000e+00,-1,8.670603029e-01,5.739447754e-01,1624395879,main,fall,2.621000000e+00,1.064556863e-01,3.460961087e-02,1.007760302e-01,2.776751867e+02,false,0,1.945559998e+02,/mnt/pd/tema1/new/results/ml_samples/N2_sw0.30_x-1_i0196.h5
2,50,3.000000000e-01,1.000000000e+00,-1,8.670603029e-01,5.739447754e-01,1120099590,main,fall,1.155100000e+01,1.126105756e-01,3.368377320e-02,9.545280541e-02,2.776751867e+02,false,0,7.720382570e+02,/mnt/pd/tema1/new/results/ml_samples/N2_sw0.30_x-1_i0096.h5
2,50,3.000000000e-01,1.000000000e+00,-1,8.670603029e-01,5.739447754e-01,1126376944,main,rise,1.144100000e+01,1.155608798e-01,3.086513939e-02,9.011963874e-02,2.776751867e+02,false,0,7.760233007e+02,/mnt/pd/tema1/new/results/ml_samples/N2_sw0.30_x-1_i0102.h5
2,50,3.000000000e-01,1.000000000e+00,0,1.000000000e+00,6.619433198e-01,2052086936,main,fall,1.541000000e+00,1.194822554e-01,4.207999743e-02,1.084341981e-01,4.168027829e+02,false,0,1.245128550e+02,/mnt/pd/tema1/new/results/ml_samples/N2_sw0.30_x+0_i0018.h5
2,50,3.000000000e-01,1.000000000e+00,-1,8.670603029e-01,5.739447754e-01,373912468,main,fall,4.901000000e+00,1.066406610e-01,2.644119239e-02,9.959276283e-02,2.776751867e+02,false,0,3.325981578e+02,/mnt/pd/tema1/new/results/ml_samples/N2_sw0.30_x-1_i0178.h5
2,50,3.000000000e-01,1.000000000e+00,0,1.000000000e+00,6.619433198e-01,1387253629,main,fall,2.171000000e+00,1.188630885e-01,4.511007861e-02,9.014581472e-02,4.168027829e+02,false,0,1.659373084e+02,/mnt/pd/tema1/new/results/ml_samples/N2_sw0.30_x+0_i0012.h5
2,50,3.000000000e-01,1.000000000e+00,-1,8.670603029e-01,5.739447754e-01,1186472792,main,fall,9.631000000e+00,1.152850034e-01,2.772530556e-02,9.399370844e-02,2.776751867e+02,false,0,6.548340277e+02,/mnt/pd/tema1/new/results/ml_samples/N2_sw0.30_x-1_i0124.h5
2,50,3.000000000e-01,1.000000000e+00,-1,8.670603029e-01,5.739447754e-01,1366084389,main,rise,5.551000000e+00,1.229276773e-01,3.087236791e-02,9.057415893e-02,2.776751867e+02,false,0,3.903757812e+02,/mnt/pd/tema1/new/results/ml_samples/N2_sw0.30_x-1_i0194.h5
2,50,3.000000000e-01,1.000000000e+00,0,1.000000000e+00,6.619433198e-01,1167052,main,fall,2.791000000e+00,1.138234175e-01,4.224749824e-02,9.690409427e-02,4.168027829e+02,false,0,2.077494623e+02,/mnt/pd/tema1/new/results/ml_samples/N2_sw0.30_x+0_i0032.h5
2,50,3.000000000e-01,1.000000000e+00,-1,8.670603029e-01,5.739447754e-01,602531505,main,fall,1.561100000e+01,1.106025449e-01,3.242166108e-02,9.807523538e-02,2.412236612e+02,false,0,1.010232127e+03,/mnt/pd/tema1/new/results/ml_samples/N2_sw0.30_x-1_i0094.h5
2,50,3.000000000e-01,1.000000000e+00,-1,8.670603029e-01,5.739447754e-01,1219712237,main,rise,9.241000000e+00,1.355031215e-01,4.784766177e-02,8.711530410e-02,2.776751867e+02,false,0,6.294704073e+02,/mnt/pd/tema1/new/results/ml_samples/N2_sw0.30_x-1_i0164.h5
2,50,3.000000000e-01,1.000000000e+00,0,1.000000000e+00,6.619433198e-01,1885774941,main,fall,2.661000000e+00,1.193184972e-01,2.700240630e-02,8.776986019e-02,4.168027829e+02,false,0,2.039952264e+02,/mnt/pd/tema1/new/results/ml_samples/N2_sw0.30_x+0_i0038.h5
2,50,3.000000000e-01,1.000000000e+00,0,1.000000000e+00,6.619433198e-01,34853298,main,rise,4.421000000e+00,1.163609673e-01,2.602499143e-02,9.349902371e-02,4.168027829e+02,false,0,3.065631095e+02,/mnt/pd/tema1/new/results/ml_samples/N2_sw0.30_x+0_i0026.h5
2,50,3.000000000e-01,1.000000000e+00,0,1.000000000e+00,6.619433198e-01,626284021,main,rise,6.801000000e+00,1.059121690e-01,1.592271770e-02,9.123856220e-02,4.168027829e+02,false,0,4.683411035e+02,/mnt/pd/tema1/new/results/ml_samples/N2_sw0.30_x+0_i0000.h5
2,50,3.000000000e-01,1.000000000e+00,0,1.000000000e+00,6.619433198e-01,331486292,main,fall,7.081000000e+00,1.147666018e-01,2.118731307e-02,9.307448776e-02,4.168027829e+02,false,0,4.878114795e+02,/mnt/pd/tema1/new/results/ml_samples/N2_sw0.30_x+0_i0006.h5
2,50,3.000000000e-01,1.000000000e+00,0,1.000000000e+00,6.619433198e-01,549595469,main,rise,4.011000000e+00,1.405140402e-01,5.231654263e-02,9.134143463e-02,4.168027829e+02,false,0,2.916576718e+02,/mnt/pd/tema1/new/results/ml_samples/N2_sw0.30_x+0_i0040.h5
2,50,3.000000000e-01,1.000000000e+00,-1,8.670603029e-01,5.739447754e-01,1325536915,main,fall,1.023100000e+01,1.066571220e-01,2.186639721e-02,9.574738477e-02,2.776751867e+02,false,0,7.046211145e+02,/mnt/pd/tema1/new/results/ml_samples/N2_sw0.30_x-1_i0174.h5
2,50,3.000000000e-01,1.000000000e+00,0,1.000000000e+00,6.619433198e-01,904730963,main,fall,8.701000000e+00,1.129997430e-01,2.495189916e-02,8.933001639e-02,4.168027829e+02,false,0,5.673120779e+02,/mnt/pd/tema1/new/results/ml_samples/N2_sw0.30_x+0_i0008.h5
2,50,3.000000000e-01,1.000000000e+00,0,1.000000000e+00,6.619433198e-01,1538879550,main,fall,2.011000000e+00,1.167818903e-01,3.645382534e-02,1.042640730e-01,4.168027829e+02,false,0,1.554927717e+02,/mnt/pd/tema1/new/results/ml_samples/N2_sw0.30_x+0_i0054.h5
2,50,3.000000000e-01,1.000000000e+00,0,1.000000000e+00,6.619433198e-01,1631757423,main,fall,3.891000000e+00,1.160943352e-01,2.283120330e-02,9.875492964e-02,4.168027829e+02,false,0,2.786046915e+02,/mnt/pd/tema1/new/results/ml_samples/N2_sw0.30_x+0_i0042.h5
2,50,3.000000000e-01,1.000000000e+00,0,1.000000000e+00,6.619433198e-01,1033560392,main,rise,7.111000000e+00,1.174002960e-01,2.983231475e-02,9.603869111e-02,4.168027829e+02,false,0,4.892599815e+02,/mnt/pd/tema1/new/results/ml_samples/N2_sw0.30_x+0_i0028.h5
2,50,3.000000000e-01,1.000000000e+00,0,1.000000000e+00,6.619433198e-01,383096026,main,fall,3.031000000e+00,1.185674016e-01,1.879696464e-02,8.723102125e-02,4.168027829e+02,false,0,2.167710401e+02,/mnt/pd/tema1/new/results/ml_samples/N2_sw0.30_x+0_i0056.h5
2,50,3.000000000e-01,1.000000000e+00,-1,8.670603029e-01,5.739447754e-01,1586673613,main,fall,1.098100000e+01,1.075047138e-01,3.252887326e-02,9.342589669e-02,2.776751867e+02,false,0,7.960908417e+02,/mnt/pd/tema1/new/results/ml_samples/N2_sw0.30_x-1_i0192.h5
2,50,3.000000000e-01,1.000000000e+00,0,1.000000000e+00,6.619433198e-01,1145093151,main,fall,2.621000000e+00,1.274316174e-01,4.422080591e-02,9.737042079e-02,4.168027829e+02,false,0,1.854005199e+02,/mnt/pd/tema1/new/results/ml_samples/N2_sw0.30_x+0_i0064.h5
2,50,3.000000000e-01,1.000000000e+00,0,1.000000000e+00,6.619433198e-01,749507087,main,fall,2.361000000e+00,1.107769146e-01,2.719761193e-02,9.309079526e-02,4.168027829e+02,false,0,1.777467399e+02,/mnt/pd/tema1/new/results/ml_samples/N2_sw0.30_x+0_i0066.h5
2,50,3.000000000e-01,1.000000000e+00,0,1.000000000e+00,6.619433198e-01,1856773308,main,fall,4.091000000e+00,1.165573521e-01,3.626014666e-02,9.365926472e-02,4.168027829e+02,false,0,2.919906368e+02,/mnt/pd/tema1/new/results/ml_samples/N2_sw0.30_x+0_i0058.h5
2,50,3.000000000e-01,1.000000000e+00,0,1.000000000e+00,6.619433198e-01,162770836,main,fall,1.201000000e+00,1.583025056e-01,7.853367925e-02,8.355897856e-02,4.168027829e+02,false,0,1.022217117e+02,/mnt/pd/tema1/new/results/ml_samples/N2_sw0.30_x+0_i0070.h5
2,50,3.000000000e-01,1.000000000e+00,0,1.000000000e+00,6.619433198e-01,97990381,main,rise,5.851000000e+00,1.170376300e-01,3.018152073e-02,9.115448445e-02,4.168027829e+02,false,0,4.114445772e+02,/mnt/pd/tema1/new/results/ml_samples/N2_sw0.30_x+0_i0046.h5
2,50,3.000000000e-01,1.000000000e+00,0,1.000000000e+00,6.619433198e-01,2096580831,main,fall,9.151000000e+00,1.161687048e-01,2.038293930e-02,8.824949253e-02,4.168027829e+02,false,0,6.229521039e+02,/mnt/pd/tema1/new/results/ml_samples/N2_sw0.30_x+0_i0036.h5
2,50,3.000000000e-01,1.000000000e+00,0,1.000000000e+00,6.619433198e-01,2059127258,main,fall,9.861000000e+00,1.062301589e-01,1.659605623e-02,9.219001437e-02,4.168027829e+02,false,0,6.903263730e+02,/mnt/pd/tema1/new/results/ml_samples/N2_sw0.30_x+0_i0030.h5
2,50,3.000000000e-01,1.000000000e+00,0,1.000000000e+00,6.619433198e-01,477343998,main,fall,4.891000000e+00,1.042292824e-01,1.278743937e-02,9.359682704e-02,4.168027829e+02,false,0,3.315801699e+02,/mnt/pd/tema1/new/results/ml_samples/N2_sw0.30_x+0_i0060.h5
2,50,3.000000000e-01,1.000000000e+00,-1,8.670603029e-01,5.739447754e-01,540611288,main,fall,1.492100000e+01,1.156370443e-01,3.736918814e-02,9.090304258e-02,8.454385172e+01,false,0,9.690302333e+02,/mnt/pd/tema1/new/results/ml_samples/N2_sw0.30_x-1_i0188.h5
2,50,3.000000000e-01,1.000000000e+00,0,1.000000000e+00,6.619433198e-01,1097654101,main,fall,1.257100000e+01,1.098645631e-01,1.568464277e-02,9.322870288e-02,4.168027829e+02,false,0,8.504172625e+02,/mnt/pd/tema1/new/results/ml_samples/N2_sw0.30_x+0_i0014.h5
2,50,3.000000000e-01,1.000000000e+00,0,1.000000000e+00,6.619433198e-01,1416394060,main,fall,1.441000000e+00,1.357853747e-01,3.495512705e-02,9.160307744e-02,4.168027829e+02,false,0,1.183575196e+02,/mnt/pd/tema1/new/results/ml_samples/N2_sw0.30_x+0_i0080.h5
2,50,3.000000000e-01,1.000000000e+00,-1,8.670603029e-01,5.739447754e-01,131984492,main,fall,1.473100000e+01,1.042331669e-01,2.152613870e-02,9.272514370e-02,2.776751867e+02,false,0,9.873017084e+02,/mnt/pd/tema1/new/results/ml_samples/N2_sw0.30_x-1_i0198.h5
2,50,3.000000000e-01,1.000000000e+00,0,1.000000000e+00,6.619433198e-01,1569231243,main,fall,2.041000000e+00,1.222447214e-01,3.345690544e-02,9.306341550e-02,4.168027829e+02,false,0,1.567492601e+02,/mnt/pd/tema1/new/results/ml_samples/N2_sw0.30_x+0_i0074.h5
2,50,3.000000000e-01,1.000000000e+00,0,1.000000000e+00,6.619433198e-01,1527122373,main,fall,2.161000000e+00,1.244031149e-01,2.979388490e-02,9.320574708e-02,4.168027829e+02,false,0,1.567551011e+02,/mnt/pd/tema1/new/results/ml_samples/N2_sw0.30_x+0_i0076.h5
2,50,3.000000000e-01,1.000000000e+00,0,1.000000000e+00,6.619433198e-01,1591615308,main,fall,1.365100000e+01,1.138571776e-01,3.097277926e-02,8.958481571e-02,4.168027829e+02,false,0,8.942071086e+02,/mnt/pd/tema1/new/results/ml_samples/N2_sw0.30_x+0_i0016.h5
2,50,3.000000000e-01,1.000000000e+00,-1,8.670603029e-01,5.739447754e-01,1757841189,main,fall,1.526100000e+01,1.073286968e-01,2.219620072e-02,9.466685154e-02,2.776751867e+02,false,0,1.043866628e+03,/mnt/pd/tema1/new/results/ml_samples/N2_sw0.30_x-1_i0190.h5
2,50,3.000000000e-01,1.000000000e+00,0,1.000000000e+00,6.619433198e-01,471810391,main,fall,1.861000000e+00,1.321871281e-01,5.196512295e-02,9.066424955e-02,4.168027829e+02,false,0,1.526677944e+02,/mnt/pd/tema1/new/results/ml_samples/N2_sw0.30_x+0_i0084.h5
2,50,3.000000000e-01,1.000000000e+00,-1,8.670603029e-01,5.739447754e-01,284411751,main,fall,2.161100000e+01,1.181236210e-01,2.928601872e-02,8.820033354e-02,2.776751867e+02,false,0,1.464321256e+03,/mnt/pd/tema1/new/results/ml_samples/N2_sw0.30_x-1_i0130.h5
2,50,3.000000000e-01,1.000000000e+00,0,1.000000000e+00,6.619433198e-01,737759411,main,fall,1.221000000e+00,1.142019297e-01,2.204782679e-02,9.547082389e-02,4.168027829e+02,false,0,1.038727337e+02,/mnt/pd/tema1/new/results/ml_samples/N2_sw0.30_x+0_i0102.h5
2,50,3.000000000e-01,1.000000000e+00,0,1.000000000e+00,6.619433198e-01,1249732175,main,fall,1.611000000e+00,1.600769937e-01,7.348789811e-02,8.914062467e-02,4.168027829e+02,false,0,1.321225519e+02,/mnt/pd/tema1/new/results/ml_samples/N2_sw0.30_x+0_i0100.h5
2,50,3.000000000e-01,1.000000000e+00,0,1.000000000e+00,6.619433198e-01,351706257,main,fall,1.991000000e+00,1.252501425e-01,5.284585135e-02,9.346638170e-02,4.168027829e+02,false,0,1.695150256e+02,/mnt/pd/tema1/new/results/ml_samples/N2_sw0.30_x+0_i0098.h5
2,50,3.000000000e-01,1.000000000e+00,0,1.000000000e+00,6.619433198e-01,579716140,main,rise,3.631000000e+00,1.122030158e-01,1.887127941e-02,1.008127629e-01,4.168027829e+02,false,0,2.595198030e+02,/mnt/pd/tema1/new/results/ml_samples/N2_sw0.30_x+0_i0086.h5
2,50,3.000000000e-01,1.000000000e+00,0,1.000000000e+00,6.619433198e-01,1841348105,main,rise,7.841000000e+00,1.193381051e-01,3.793309012e-02,9.327191048e-02,4.168027829e+02,false,0,5.403907002e+02,/mnt/pd/tema1/new/results/ml_samples/N2_sw0.30_x+0_i0062.h5
2,50,3.000000000e-01,1.000000000e+00,0,1.000000000e+00,6.619433198e-01,2032355312,main,rise,1.433100000e+01,1.117019022e-01,2.062625014e-02,8.872348345e-02,4.168027829e+02,false,0,9.597014392e+02,/mnt/pd/tema1/new/results/ml_samples/N2_sw0.30_x+0_i0034.h5
2,50,3.000000000e-01,1.000000000e+00,0,1.000000000e+00,6.619433198e-01,1427990534,main,rise,1.131100000e+01,1.136557364e-01,3.101765600e-02,8.907030543e-02,4.168027829e+02,false,0,7.895841980e+02,/mnt/pd/tema1/new/results/ml_samples/N2_sw0.30_x+0_i0050.h5
2,50,3.000000000e-01,1.000000000e+00,0,1.000000000e+00,6.619433198e-01,1582352196,main,fall,1.001000000e+00,1.259684263e-01,5.264235040e-02,1.105094505e-01,4.168027829e+02,false,0,9.338075955e+01,/mnt/pd/tema1/new/results/ml_samples/N2_sw0.30_x+0_i0116.h5
2,50,3.000000000e-01,1.000000000e+00,0,1.000000000e+00,6.619433198e-01,282537631,main,fall,2.151000000e+00,1.288776030e-01,6.794629335e-02,9.838679280e-02,4.168027829e+02,false,0,1.601025584e+02,/mnt/pd/tema1/new/results/ml_samples/N2_sw0.30_x+0_i0110.h5
2,50,3.000000000e-01,1.000000000e+00,0,1.000000000e+00,6.619433198e-01,1305514633,main,fall,1.171100000e+01,1.174119907e-01,3.447122712e-02,9.299122127e-02,4.168027829e+02,false,0,8.295146208e+02,/mnt/pd/tema1/new/results/ml_samples/N2_sw0.30_x+0_i0044.h5
2,50,3.000000000e-01,1.000000000e+00,0,1.000000000e+00,6.619433198e-01,1566601257,main,fall,4.941000000e+00,1.431534714e-01,4.308319576e-02,7.495060928e-02,4.168027829e+02,false,0,3.537929065e+02,/mnt/pd/tema1/new/results/ml_samples/N2_sw0.30_x+0_i0090.h5
2,50,3.000000000e-01,1.000000000e+00,0,1.000000000e+00,6.619433198e-01,196152125,main,rise,9.901000000e+00,1.153466425e-01,1.973922100e-02,8.710788578e-02,4.168027829e+02,false,0,6.642953132e+02,/mnt/pd/tema1/new/results/ml_samples/N2_sw0.30_x+0_i0068.h5
2,50,3.000000000e-01,1.000000000e+00,0,1.000000000e+00,6.619433198e-01,2131410592,main,rise,1.353100000e+01,1.131354999e-01,2.624792259e-02,9.097400000e-02,4.168027829e+02,false,0,9.113280445e+02,/mnt/pd/tema1/new/results/ml_samples/N2_sw0.30_x+0_i0048.h5
2,50,3.000000000e-01,1.000000000e+00,0,1.000000000e+00,6.619433198e-01,108345198,main,fall,2.184100000e+01,1.080201582e-01,2.102962143e-02,9.246657970e-02,4.168027829e+02,false,0,1.341147069e+03,/mnt/pd/tema1/new/results/ml_samples/N2_sw0.30_x+0_i0002.h5
2,50,3.000000000e-01,1.000000000e+00,-1,8.670603029e-01,5.739447754e-01,73721900,main,fall,2.539100000e+01,1.178900185e-01,2.664857015e-02,9.179214413e-02,2.776751867e+02,false,0,1.695567596e+03,/mnt/pd/tema1/new/results/ml_samples/N2_sw0.30_x-1_i0142.h5
2,50,3.000000000e-01,1.000000000e+00,-1,8.670603029e-01,5.739447754e-01,692820097,main,fall,3.234100000e+01,1.131695400e-01,2.726680134e-02,9.289158694e-02,2.776751867e+02,false,0,2.149813536e+03,/mnt/pd/tema1/new/results/ml_samples/N2_sw0.30_x-1_i0062.h5
2,50,3.000000000e-01,1.000000000e+00,0,1.000000000e+00,6.619433198e-01,362050843,main,rise,6.791000000e+00,1.139834570e-01,2.594959258e-02,9.062291334e-02,4.168027829e+02,false,0,4.604173960e+02,/mnt/pd/tema1/new/results/ml_samples/N2_sw0.30_x+0_i0092.h5
2,50,3.000000000e-01,1.000000000e+00,0,1.000000000e+00,6.619433198e-01,2101826326,main,fall,4.421000000e+00,1.250108327e-01,2.659508296e-02,8.862245062e-02,4.168027829e+02,false,0,3.109193979e+02,/mnt/pd/tema1/new/results/ml_samples/N2_sw0.30_x+0_i0112.h5
2,50,3.000000000e-01,1.000000000e+00,0,1.000000000e+00,6.619433198e-01,1878510143,main,fall,6.361000000e+00,1.162183665e-01,2.383285016e-02,8.250065147e-02,4.168027829e+02,false,0,4.365060045e+02,/mnt/pd/tema1/new/results/ml_samples/N2_sw0.30_x+0_i0106.h5
2,50,3.000000000e-01,1.000000000e+00,0,1.000000000e+00,6.619433198e-01,1918008125,main,fall,1.541000000e+00,1.016106329e-01,1.740472755e-02,9.971654197e-02,4.168027829e+02,false,0,1.226800041e+02,/mnt/pd/tema1/new/results/ml_samples/N2_sw0.30_x+0_i0134.h5
2,50,3.000000000e-01,1.000000000e+00,0,1.000000000e+00,6.619433198e-01,1080998582,main,fall,3.301000000e+00,1.206582293e-01,2.462448191e-02,8.527746345e-02,4.168027829e+02,false,0,2.340687411e+02,/mnt/pd/tema1/new/results/ml_samples/N2_sw0.30_x+0_i0126.h5
2,50,3.000000000e-01,1.000000000e+00,0,1.000000000e+00,6.619433198e-01,635475048,main,fall,1.701000000e+00,1.345579999e-01,5.108256102e-02,1.005581616e-01,4.168027829e+02,false,0,1.340466728e+02,/mnt/pd/tema1/new/results/ml_samples/N2_sw0.30_x+0_i0136.h5
2,50,3.000000000e-01,1.000000000e+00,0,1.000000000e+00,6.619433198e-01,39695366,main,fall,5.241000000e+00,1.175023494e-01,2.711642929e-02,8.238613324e-02,4.168027829e+02,false,0,3.639195755e+02,/mnt/pd/tema1/new/results/ml_samples/N2_sw0.30_x+0_i0114.h5
2,50,3.000000000e-01,1.000000000e+00,0,1.000000000e+00,6.619433198e-01,1960754555,main,fall,2.211100000e+01,1.189399142e-01,2.577661808e-02,8.403544372e-02,4.168027829e+02,false,0,1.467206524e+03,/mnt/pd/tema1/new/results/ml_samples/N2_sw0.30_x+0_i0010.h5
2,50,3.000000000e-01,1.000000000e+00,0,1.000000000e+00,6.619433198e-01,381599666,main,fall,5.661000000e+00,1.098770400e-01,1.849852368e-02,9.235865739e-02,4.168027829e+02,false,0,3.937517663e+02,/mnt/pd/tema1/new/results/ml_samples/N2_sw0.30_x+0_i0118.h5
2,50,3.000000000e-01,1.000000000e+00,0,1.000000000e+00,6.619433198e-01,1815325651,main,fall,8.381000000e+00,1.077530055e-01,1.952564088e-02,8.977294713e-02,4.168027829e+02,false,0,5.834366044e+02,/mnt/pd/tema1/new/results/ml_samples/N2_sw0.30_x+0_i0104.h5
2,50,3.000000000e-01,1.000000000e+00,0,1.000000000e+00,6.619433198e-01,244206193,main,fall,1.041000000e+00,1.593038014e-01,7.632914665e-02,9.655968568e-02,4.168027829e+02,false,0,9.773586366e+01,/mnt/pd/tema1/new/results/ml_samples/N2_sw0.30_x+0_i0150.h5
2,50,3.000000000e-01,1.000000000e+00,0,1.000000000e+00,6.619433198e-01,1625365541,main,fall,2.160100000e+01,1.124986450e-01,2.466997613e-02,8.911861543e-02,4.168027829e+02,false,0,1.435441213e+03,/mnt/pd/tema1/new/results/ml_samples/N2_sw0.30_x+0_i0024.h5
2,50,3.000000000e-01,1.000000000e+00,0,1.000000000e+00,6.619433198e-01,559628934,main,fall,4.721000000e+00,1.094677844e-01,3.169619833e-02,9.900111267e-02,4.168027829e+02,false,0,3.260619715e+02,/mnt/pd/tema1/new/results/ml_samples/N2_sw0.30_x+0_i0130.h5
2,50,3.000000000e-01,1.000000000e+00,0,1.000000000e+00,6.619433198e-01,1270083229,main,fall,2.901000000e+00,1.272358296e-01,4.281314363e-02,9.914823554e-02,4.168027829e+02,false,0,2.162163377e+02,/mnt/pd/tema1/new/results/ml_samples/N2_sw0.30_x+0_i0144.h5
2,50,3.000000000e-01,1.000000000e+00,0,1.000000000e+00,6.619433198e-01,2088030660,main,fall,1.017100000e+01,1.065510728e-01,1.646419434e-02,9.130229218e-02,4.168027829e+02,false,0,6.999307487e+02,/mnt/pd/tema1/new/results/ml_samples/N2_sw0.30_x+0_i0094.h5
2,50,3.000000000e-01,1.000000000e+00,0,1.000000000e+00,6.619433198e-01,1146571852,main,fall,6.831000000e+00,1.113887104e-01,2.267657358e-02,9.693085762e-02,4.168027829e+02,false,0,4.535712508e+02,/mnt/pd/tema1/new/results/ml_samples/N2_sw0.30_x+0_i0122.h5
2,50,3.000000000e-01,1.000000000e+00,0,1.000000000e+00,6.619433198e-01,46590554,main,fall,1.310100000e+01,1.195072368e-01,2.775462617e-02,8.854385767e-02,4.168027829e+02,false,0,8.638101393e+02,/mnt/pd/tema1/new/results/ml_samples/N2_sw0.30_x+0_i0078.h5
2,50,3.000000000e-01,1.000000000e+00,0,1.000000000e+00,6.619433198e-01,306696640,main,rise,4.251000000e+00,1.267318896e-01,2.989070614e-02,9.126736241e-02,4.168027829e+02,false,0,3.030365074e+02,/mnt/pd/tema1/new/results/ml_samples/N2_sw0.30_x+0_i0142.h5
2,50,3.000000000e-01,1.000000000e+00,0,1.000000000e+00,6.619433198e-01,1563425294,main,fall,1.741000000e+00,1.185547349e-01,3.858302922e-02,1.100647047e-01,4.168027829e+02,false,0,1.382032856e+02,/mnt/pd/tema1/new/results/ml_samples/N2_sw0.30_x+0_i0166.h5
2,50,3.000000000e-01,1.000000000e+00,0,1.000000000e+00,6.619433198e-01,285150024,main,rise,7.901000000e+00,1.269275358e-01,2.687084160e-02,9.604979015e-02,4.168027829e+02,false,0,5.222007082e+02,/mnt/pd/tema1/new/results/ml_samples/N2_sw0.30_x+0_i0132.h5
2,50,3.000000000e-01,1.000000000e+00,0,1.000000000e+00,6.619433198e-01,1893587171,main,fall,2.061000000e+00,9.973151692e-02,1.927017919e-02,1.075062215e-01,4.168027829e+02,false,0,1.546562780e+02,/mnt/pd/tema1/new/results/ml_samples/N2_sw0.30_x+0_i0172.h5
2,50,3.000000000e-01,1.000000000e+00,0,1.000000000e+00,6.619433198e-01,692820167,main,fall,6.391000000e+00,1.111397541e-01,1.967861795e-02,9.131274347e-02,4.168027829e+02,false,0,4.407014939e+02,/mnt/pd/tema1/new/results/ml_samples/N2_sw0.30_x+0_i0152.h5
2,50,3.000000000e-01,1.000000000e+00,0,1.000000000e+00,6.619433198e-01,1388878173,main,fall,4.541000000e+00,1.091320815e-01,2.340106047e-02,1.007479727e-01,3.436618288e+02,false,0,3.219074429e+02,/mnt/pd/tema1/new/results/ml_samples/N2_sw0.30_x+0_i0170.h5
2,50,3.000000000e-01,1.000000000e+00,0,1.000000000e+00,6.619433198e-01,1363824572,main,rise,1.137100000e+01,1.149692524e-01,2.675754502e-02,8.915822693e-02,4.168027829e+02,false,0,7.488735799e+02,/mnt/pd/tema1/new/results/ml_samples/N2_sw0.30_x+0_i0124.h5
2,50,3.000000000e-01,1.000000000e+00,-1,8.670603029e-01,5.739447754e-01,2120551021,main,fall,4.250100000e+01,1.060934172e-01,2.036031786e-02,9.147124495e-02,2.776751867e+02,false,0,2.857959714e+03,/mnt/pd/tema1/new/results/ml_samples/N2_sw0.30_x-1_i0064.h5
2,50,3.000000000e-01,1.000000000e+00,0,1.000000000e+00,6.619433198e-01,1238492765,main,fall,7.861000000e+00,1.049587136e-01,1.767588110e-02,9.023584566e-02,4.168027829e+02,false,0,4.979293401e+02,/mnt/pd/tema1/new/results/ml_samples/N2_sw0.30_x+0_i0162.h5
2,50,3.000000000e-01,1.000000000e+00,0,1.000000000e+00,6.619433198e-01,1970453179,main,fall,7.491000000e+00,1.152771274e-01,2.029220500e-02,8.218277599e-02,4.168027829e+02,false,0,5.283447262e+02,/mnt/pd/tema1/new/results/ml_samples/N2_sw0.30_x+0_i0160.h5
2,50,3.000000000e-01,1.000000000e+00,0,1.000000000e+00,6.619433198e-01,1974981753,main,rise,8.381000000e+00,1.143739699e-01,2.839580059e-02,9.021167556e-02,4.168027829e+02,false,0,5.724530104e+02,/mnt/pd/tema1/new/results/ml_samples/N2_sw0.30_x+0_i0158.h5
2,50,3.000000000e-01,1.000000000e+00,0,1.000000000e+00,6.619433198e-01,903576344,main,rise,1.146100000e+01,1.220144617e-01,3.016969076e-02,9.050186781e-02,4.168027829e+02,false,0,7.776769533e+02,/mnt/pd/tema1/new/results/ml_samples/N2_sw0.30_x+0_i0140.h5
2,50,3.000000000e-01,1.000000000e+00,0,1.000000000e+00,6.619433198e-01,511581691,main,fall,2.051000000e+00,1.219684839e-01,4.089179940e-02,1.048297164e-01,4.168027829e+02,false,0,1.575095677e+02,/mnt/pd/tema1/new/results/ml_samples/N2_sw0.30_x+0_i0188.h5
2,50,3.000000000e-01,1.000000000e+00,0,1.000000000e+00,6.619433198e-01,157774913,main,fall,1.371000000e+00,1.281724643e-01,3.990271879e-02,8.999966197e-02,4.168027829e+02,false,0,1.135278984e+02,/mnt/pd/tema1/new/results/ml_samples/N2_sw0.30_x+0_i0192.h5
2,50,3.000000000e-01,1.000000000e+00,0,1.000000000e+00,6.619433198e-01,312904347,main,rise,5.091000000e+00,1.168148674e-01,2.487384282e-02,9.670633211e-02,4.168027829e+02,false,0,3.470543140e+02,/mnt/pd/tema1/new/results/ml_samples/N2_sw0.30_x+0_i0182.h5
2,50,3.000000000e-01,1.000000000e+00,0,1.000000000e+00,6.619433198e-01,549476290,main,fall,1.135100000e+01,1.086643910e-01,2.404813273e-02,8.859691910e-02,4.168027829e+02,false,0,7.494852685e+02,/mnt/pd/tema1/new/results/ml_samples/N2_sw0.30_x+0_i0148.h5
2,50,3.000000000e-01,1.000000000e+00,0,1.000000000e+00,6.619433198e-01,118263877,main,rise,3.195100000e+01,1.120929692e-01,1.743767239e-02,8.812482505e-02,4.168027829e+02,false,0,2.115759969e+03,/mnt/pd/tema1/new/results/ml_samples/N2_sw0.30_x+0_i0020.h5
2,50,3.000000000e-01,1.000000000e+00,0,1.000000000e+00,6.619433198e-01,2059203324,main,rise,2.082100000e+01,1.159879254e-01,2.131187537e-02,9.266007191e-02,4.168027829e+02,false,0,1.357611060e+03,/mnt/pd/tema1/new/results/ml_samples/N2_sw0.30_x+0_i0088.h5
2,50,3.000000000e-01,1.000000000e+00,0,1.000000000e+00,6.619433198e-01,1947881431,main,fall,1.073100000e+01,1.234569081e-01,3.742864982e-02,8.366603685e-02,4.168027829e+02,false,0,7.270660908e+02,/mnt/pd/tema1/new/results/ml_samples/N2_sw0.30_x+0_i0156.h5
2,50,3.000000000e-01,1.000000000e+00,0,1.000000000e+00,6.619433198e-01,1363096015,main,fall,1.233100000e+01,1.143644318e-01,1.847040568e-02,9.171701079e-02,4.168027829e+02,false,0,8.771197130e+02,/mnt/pd/tema1/new/results/ml_samples/N2_sw0.30_x+0_i0146.h5
2,50,3.000000000e-01,1.000000000e+00,0,1.000000000e+00,6.619433198e-01,1087674950,main,rise,6.861000000e+00,1.157212522e-01,3.648487084e-02,9.625909261e-02,4.168027829e+02,false,0,4.796947222e+02,/mnt/pd/tema1/new/results/ml_samples/N2_sw0.30_x+0_i0180.h5
2,50,3.000000000e-01,1.000000000e+00,0,1.000000000e+00,6.619433198e-01,778835243,main,fall,2.398100000e+01,1.135669538e-01,2.362951309e-02,8.575321928e-02,4.168027829e+02,false,0,1.575680736e+03,/mnt/pd/tema1/new/results/ml_samples/N2_sw0.30_x+0_i0072.h5
2,50,3.000000000e-01,1.000000000e+00,0,1.000000000e+00,6.619433198e-01,56561300,main,rise,2.821000000e+00,1.149450921e-01,1.976209890e-02,9.385034737e-02,4.168027829e+02,false,0,2.077182596e+02,/mnt/pd/tema1/new/results/ml_samples/N2_sw0.30_x+0_i0196.h5
2,50,3.000000000e-01,1.000000000e+00,0,1.000000000e+00,6.619433198e-01,870527423,main,rise,1.478100000e+01,1.163071235e-01,2.258979341e-02,8.891987252e-02,4.168027829e+02,false,0,9.880881695e+02,/mnt/pd/tema1/new/results/ml_samples/N2_sw0.30_x+0_i0138.h5
2,50,3.000000000e-01,1.000000000e+00,1,1.132939697e+00,7.499418643e-01,125461845,main,fall,3.281000000e+00,1.108479446e-01,2.482099443e-02,9.624187067e-02,5.837719052e+02,false,0,2.380464278e+02,/mnt/pd/tema1/new/results/ml_samples/N2_sw0.30_x+1_i0000.h5
2,50,3.000000000e-01,1.000000000e+00,0,1.000000000e+00,6.619433198e-01,1325361989,main,fall,2.933100000e+01,1.127506147e-01,2.017703879e-02,8.600008183e-02,4.168027829e+02,false,0,1.938321558e+03,/mnt/pd/tema1/new/results/ml_samples/N2_sw0.30_x+0_i0052.h5
2,50,3.000000000e-01,1.000000000e+00,0,1.000000000e+00,6.619433198e-01,1575305685,main,rise,3.398100000e+01,1.151936598e-01,2.680774700e-02,9.254803410e-02,4.168027829e+02,false,0,2.275844228e+03,/mnt/pd/tema1/new/results/ml_samples/N2_sw0.30_x+0_i0022.h5
2,50,3.000000000e-01,1.000000000e+00,0,1.000000000e+00,6.619433198e-01,1077018298,main,fall,1.164100000e+01,1.247273782e-01,3.437424832e-02,9.237949524e-02,4.168027829e+02,false,0,7.905248178e+02,/mnt/pd/tema1/new/results/ml_samples/N2_sw0.30_x+0_i0168.h5
2,50,3.000000000e-01,1.000000000e+00,1,1.132939697e+00,7.499418643e-01,255791888,main,fall,3.441000000e+00,1.188101178e-01,3.862968964e-02,9.158545548e-02,5.837719052e+02,false,0,2.495952831e+02,/mnt/pd/tema1/new/results/ml_samples/N2_sw0.30_x+1_i0006.h5
2,50,3.000000000e-01,1.000000000e+00,0,1.000000000e+00,6.619433198e-01,1780296028,main,fall,1.379100000e+01,1.056376943e-01,1.649580598e-02,8.783036132e-02,4.168027829e+02,false,0,8.932797974e+02,/mnt/pd/tema1/new/results/ml_samples/N2_sw0.30_x+0_i0164.h5
2,50,3.000000000e-01,1.000000000e+00,1,1.132939697e+00,7.499418643e-01,475184789,main,fall,2.001000000e+00,1.243692850e-01,3.688390147e-02,8.709301801e-02,5.837719052e+02,false,0,1.550114012e+02,/mnt/pd/tema1/new/results/ml_samples/N2_sw0.30_x+1_i0016.h5
2,50,3.000000000e-01,1.000000000e+00,0,1.000000000e+00,6.619433198e-01,1016196762,main,rise,2.478100000e+01,1.198160198e-01,2.419571586e-02,8.604375000e-02,4.168027829e+02,false,0,1.648347526e+03,/mnt/pd/tema1/new/results/ml_samples/N2_sw0.30_x+0_i0082.h5
2,50,3.000000000e-01,1.000000000e+00,1,1.132939697e+00,7.499418643e-01,1714934791,main,fall,2.301000000e+00,9.649829155e-02,6.923132790e-03,1.114977843e-01,5.837719052e+02,false,0,1.710019337e+02,/mnt/pd/tema1/new/results/ml_samples/N2_sw0.30_x+1_i0018.h5
2,50,3.000000000e-01,1.000000000e+00,0,1.000000000e+00,6.619433198e-01,841688520,main,rise,7.681000000e+00,1.273942367e-01,3.307750977e-02,8.777108734e-02,4.168027829e+02,false,0,5.270792242e+02,/mnt/pd/tema1/new/results/ml_samples/N2_sw0.30_x+0_i0186.h5
2,50,3.000000000e-01,1.000000000e+00,1,1.132939697e+00,7.499418643e-01,921462774,main,rise,4.831000000e+00,1.294992096e-01,2.898636580e-02,9.417600424e-02,5.837719052e+02,false,0,3.403413205e+02,/mnt/pd/tema1/new/results/ml_samples/N2_sw0.30_x+1_i0002.h5
2,50,3.000000000e-01,1.000000000e+00,0,1.000000000e+00,6.619433198e-01,906953307,main,fall,7.421000000e+00,1.091441402e-01,1.938557917e-02,9.645671664e-02,4.168027829e+02,false,0,4.853300709e+02,/mnt/pd/tema1/new/results/ml_samples/N2_sw0.30_x+0_i0190.h5
2,50,3.000000000e-01,1.000000000e+00,1,1.132939697e+00,7.499418643e-01,1488630203,main,fall,1.911000000e+00,1.146927565e-01,2.071961936e-02,9.315694162e-02,5.837719052e+02,false,0,1.470926911e+02,/mnt/pd/tema1/new/results/ml_samples/N2_sw0.30_x+1_i0030.h5
2,50,3.000000000e-01,1.000000000e+00,0,1.000000000e+00,6.619433198e-01,1430616308,main,rise,1.324100000e+01,1.179573382e-01,2.546220879e-02,8.495753839e-02,4.168027829e+02,false,0,8.811782551e+02,/mnt/pd/tema1/new/results/ml_samples/N2_sw0.30_x+0_i0174.h5
2,50,3.000000000e-01,1.000000000e+00,1,1.132939697e+00,7.499418643e-01,2063792566,main,rise,3.261000000e+00,1.423431514e-01,3.300692397e-02,8.600689226e-02,5.837719052e+02,false,0,2.446695367e+02,/mnt/pd/tema1/new/results/ml_samples/N2_sw0.30_x+1_i0026.h5
2,50,3.000000000e-01,1.000000000e+00,0,1.000000000e+00,6.619433198e-01,196005218,main,rise,1.741100000e+01,1.180884760e-01,2.430112184e-02,8.951147858e-02,4.168027829e+02,false,0,1.158527627e+03,/mnt/pd/tema1/new/results/ml_samples/N2_sw0.30_x+0_i0154.h5
2,50,3.000000000e-01,1.000000000e+00,0,1.000000000e+00,6.619433198e-01,1558932864,main,rise,2.408100000e+01,1.189469069e-01,2.513243805e-02,8.758403309e-02,4.168027829e+02,false,0,1.590453277e+03,/mnt/pd/tema1/new/results/ml_samples/N2_sw0.30_x+0_i0108.h5
2,50,3.000000000e-01,1.000000000e+00,0,1.000000000e+00,6.619433198e-01,308483946,main,fall,2.626100000e+01,1.131872022e-01,2.824196214e-02,8.947853476e-02,4.168027829e+02,false,0,1.699829678e+03,/mnt/pd/tema1/new/results/ml_samples/N2_sw0.30_x+0_i0096.h5
2,50,3.000000000e-01,1.000000000e+00,1,1.132939697e+00,7.499418643e-01,1680840071,main,fall,2.311000000e+00,1.250005328e-01,3.090451857e-02,9.226602094e-02,5.837719052e+02,false,0,1.738242555e+02,/mnt/pd/tema1/new/results/ml_samples/N2_sw0.30_x+1_i0042.h5
2,50,3.000000000e-01,1.000000000e+00,1,1.132939697e+00,7.499418643e-01,499577061,main,rise,6.661000000e+00,1.357539582e-01,3.201563830e-02,8.522306536e-02,5.837719052e+02,false,0,4.531340819e+02,/mnt/pd/tema1/new/results/ml_samples/N2_sw0.30_x+1_i0010.h5
2,50,3.000000000e-01,1.000000000e+00,1,1.132939697e+00,7.499418643e-01,2054553603,main,fall,3.151000000e+00,1.218157203e-01,2.229140955e-02,9.260205648e-02,5.837719052e+02,false,0,2.283267148e+02,/mnt/pd/tema1/new/results/ml_samples/N2_sw0.30_x+1_i0036.h5
2,50,3.000000000e-01,1.000000000e+00,1,1.132939697e+00,7.499418643e-01,294698783,main,rise,7.081000000e+00,1.226285245e-01,2.230961015e-02,8.972437653e-02,5.837719052e+02,false,0,4.715063770e+02,/mnt/pd/tema1/new/results/ml_samples/N2_sw0.30_x+1_i0012.h5
2,50,3.000000000e-01,1.000000000e+00,1,1.132939697e+00,7.499418643e-01,1455106016,main,fall,3.301000000e+00,1.099872306e-01,1.757732854e-02,8.656093533e-02,5.837719052e+02,false,0,2.424382357e+02,/mnt/pd/tema1/new/results/ml_samples/N2_sw0.30_x+1_i0048.h5
2,50,3.000000000e-01,1.000000000e+00,1,1.132939697e+00,7.499418643e-01,1430515708,main,rise,6.581000000e+00,1.344875122e-01,2.944237573e-02,8.847481956e-02,5.837719052e+02,false,0,4.343888113e+02,/mnt/pd/tema1/new/results/ml_samples/N2_sw0.30_x+1_i0028.h5
2,50,3.000000000e-01,1.000000000e+00,1,1.132939697e+00,7.499418643e-01,163873984,main,rise,7.341000000e+00,1.210752567e-01,2.402079615e-02,8.549121044e-02,5.837719052e+02,false,0,5.124273996e+02,/mnt/pd/tema1/new/results/ml_samples/N2_sw0.30_x+1_i0022.h5
2,50,3.000000000e-01,1.000000000e+00,0,1.000000000e+00,6.619433198e-01,344742792,main,fall,1.104100000e+01,1.047373972e-01,1.764098306e-02,9.554569205e-02,4.168027829e+02,false,0,7.609235890e+02,/mnt/pd/tema1/new/results/ml_samples/N2_sw0.30_x+0_i0194.h5
2,50,3.000000000e-01,1.000000000e+00,0,1.000000000e+00,6.619433198e-01,1682233859,main,rise,1.746100000e+01,1.279188868e-01,3.247925670e-02,9.216869514e-02,4.168027829e+02,false,0,1.152044792e+03,/mnt/pd/tema1/new/results/ml_samples/N2_sw0.30_x+0_i0178.h5
2,50,3.000000000e-01,1.000000000e+00,1,1.132939697e+00,7.499418643e-01,93060264,main,rise,5.141000000e+00,1.254751153e-01,2.384689395e-02,8.911497684e-02,5.837719052e+02,false,0,3.620543199e+02,/mnt/pd/tema1/new/results/ml_samples/N2_sw0.30_x+1_i0044.h5
2,50,3.000000000e-01,1.000000000e+00,1,1.132939697e+00,7.499418643e-01,1596325259,main,rise,8.321000000e+00,1.142428422e-01,2.103265423e-02,8.996799359e-02,5.837719052e+02,false,0,5.647943745e+02,/mnt/pd/tema1/new/results/ml_samples/N2_sw0.30_x+1_i0020.h5
2,50,3.000000000e-01,1.000000000e+00,1,1.132939697e+00,7.499418643e-01,850751375,main,rise,3.341000000e+00,1.271836378e-01,2.532566895e-02,9.124761647e-02,5.837719052e+02,false,0,2.423840753e+02,/mnt/pd/tema1/new/results/ml_samples/N2_sw0.30_x+1_i0066.h5
2,50,3.000000000e-01,1.000000000e+00,1,1.132939697e+00,7.499418643e-01,1752624486,main,fall,8.351000000e+00,1.168171014e-01,2.054256081e-02,8.812246781e-02,5.837719052e+02,false,0,5.148882272e+02,/mnt/pd/tema1/new/results/ml_samples/N2_sw0.30_x+1_i0038.h5
2,50,3.000000000e-01,1.000000000e+00,1,1.132939697e+00,7.499418643e-01,1668008824,main,rise,4.271000000e+00,1.314969667e-01,3.947352717e-02,9.519337950e-02,5.837719052e+02,false,0,3.049099158e+02,/mnt/pd/tema1/new/results/ml_samples/N2_sw0.30_x+1_i0062.h5
2,50,3.000000000e-01,1.000000000e+00,1,1.132939697e+00,7.499418643e-01,747796862,main,rise,9.541000000e+00,1.158469277e-01,1.271636391e-02,8.406772122e-02,5.837719052e+02,false,0,6.438869937e+02,/mnt/pd/tema1/new/results/ml_samples/N2_sw0.30_x+1_i0024.h5
2,50,3.000000000e-01,1.000000000e+00,1,1.132939697e+00,7.499418643e-01,668709334,main,rise,1.261100000e+01,1.283636221e-01,3.075422189e-02,8.729227853e-02,5.837719052e+02,false,0,8.498052073e+02,/mnt/pd/tema1/new/results/ml_samples/N2_sw0.30_x+1_i0004.h5
2,50,3.000000000e-01,1.000000000e+00,1,1.132939697e+00,7.499418643e-01,356689861,main,rise,1.249100000e+01,1.201823246e-01,1.916716409e-02,8.540638803e-02,5.837719052e+02,false,0,8.363009626e+02,/mnt/pd/tema1/new/results/ml_samples/N2_sw0.30_x+1_i0008.h5
2,50,3.000000000e-01,1.000000000e+00,1,1.132939697e+00,7.499418643e-01,759364902,main,fall,9.321000000e+00,1.137399449e-01,2.128032644e-02,9.182514989e-02,5.837719052e+02,false,0,6.216907382e+02,/mnt/pd/tema1/new/results/ml_samples/N2_sw0.30_x+1_i0034.h5
2,50,3.000000000e-01,1.000000000e+00,1,1.132939697e+00,7.499418643e-01,464027253,main,fall,3.291000000e+00,1.189148743e-01,2.614652944e-02,8.185777835e-02,5.837719052e+02,false,0,2.362682375e+02,/mnt/pd/tema1/new/results/ml_samples/N2_sw0.30_x+1_i0074.h5
2,50,3.000000000e-01,1.000000000e+00,1,1.132939697e+00,7.499418643e-01,439983208,main,rise,6.311000000e+00,1.172818520e-01,1.497049061e-02,8.997164835e-02,5.837719052e+02,false,0,4.357188774e+02,/mnt/pd/tema1/new/results/ml_samples/N2_sw0.30_x+1_i0056.h5
2,50,3.000000000e-01,1.000000000e+00,1,1.132939697e+00,7.499418643e-01,2088264894,main,fall,2.951000000e+00,1.142485970e-01,2.296854299e-02,9.551020852e-02,5.837719052e+02,false,0,2.165090858e+02,/mnt/pd/tema1/new/results/ml_samples/N2_sw0.30_x+1_i0080.h5
2,50,3.000000000e-01,1.000000000e+00,1,1.132939697e+00,7.499418643e-01,1266901213,main,rise,6.701000000e+00,1.176116105e-01,2.933870819e-02,9.180258869e-02,5.837719052e+02,false,0,4.652346189e+02,/mnt/pd/tema1/new/results/ml_samples/N2_sw0.30_x+1_i0060.h5
2,50,3.000000000e-01,1.000000000e+00,1,1.132939697e+00,7.499418643e-01,605911772,main,rise,4.131000000e+00,1.199767032e-01,1.528680061e-02,8.541497622e-02,5.837719052e+02,false,0,2.933919257e+02,/mnt/pd/tema1/new/results/ml_samples/N2_sw0.30_x+1_i0078.h5
2,50,3.000000000e-01,1.000000000e+00,1,1.132939697e+00,7.499418643e-01,716692767,main,rise,7.481000000e+00,1.186232345e-01,2.357427218e-02,8.819681227e-02,5.837719052e+02,false,0,5.160827382e+02,/mnt/pd/tema1/new/results/ml_samples/N2_sw0.30_x+1_i0058.h5
2,50,3.000000000e-01,1.000000000e+00,1,1.132939697e+00,7.499418643e-01,911174215,main,rise,7.181000000e+00,1.296617480e-01,3.510840194e-02,8.234620867e-02,5.837719052e+02,false,0,5.018287087e+02,/mnt/pd/tema1/new/results/ml_samples/N2_sw0.30_x+1_i0064.h5
2,50,3.000000000e-01,1.000000000e+00,1,1.132939697e+00,7.499418643e-01,1801365721,main,rise,3.051000000e+00,1.264788900e-01,1.702968275e-02,7.928754226e-02,5.837719052e+02,false,0,2.237390761e+02,/mnt/pd/tema1/new/results/ml_samples/N2_sw0.30_x+1_i0082.h5
2,50,3.000000000e-01,1.000000000e+00,0,1.000000000e+00,6.619433198e-01,1325722882,main,rise,1.593100000e+01,1.175075026e-01,2.228931615e-02,8.805916468e-02,4.168027829e+02,false,0,1.075793120e+03,/mnt/pd/tema1/new/results/ml_samples/N2_sw0.30_x+0_i0198.h5
2,50,3.000000000e-01,1.000000000e+00,1,1.132939697e+00,7.499418643e-01,1066327289,main,fall,1.691000000e+00,1.458301841e-01,5.034895930e-02,8.836243172e-02,5.837719052e+02,false,0,1.418343984e+02,/mnt/pd/tema1/new/results/ml_samples/N2_sw0.30_x+1_i0096.h5
2,50,3.000000000e-01,1.000000000e+00,1,1.132939697e+00,7.499418643e-01,1477569548,main,rise,1.352100000e+01,1.146689884e-01,1.867533816e-02,9.214618274e-02,5.837719052e+02,false,0,9.269126326e+02,/mnt/pd/tema1/new/results/ml_samples/N2_sw0.30_x+1_i0014.h5
2,50,3.000000000e-01,1.000000000e+00,1,1.132939697e+00,7.499418643e-01,1394747151,main,rise,6.581000000e+00,1.205320670e-01,2.263962672e-02,8.787947237e-02,5.837719052e+02,false,0,4.546646467e+02,/mnt/pd/tema1/new/results/ml_samples/N2_sw0.30_x+1_i0068.h5
2,50,3.000000000e-01,1.000000000e+00,1,1.132939697e+00,7.499418643e-01,1842527278,main,rise,9.451000000e+00,1.188119777e-01,2.152879545e-02,8.407946951e-02,5.837719052e+02,false,0,6.466225848e+02,/mnt/pd/tema1/new/results/ml_samples/N2_sw0.30_x+1_i0052.h5
2,50,3.000000000e-01,1.000000000e+00,1,1.132939697e+00,7.499418643e-01,1945244091,main,rise,1.125100000e+01,1.144724224e-01,1.659718600e-02,8.681785813e-02,5.837719052e+02,false,0,7.493556577e+02,/mnt/pd/tema1/new/results/ml_samples/N2_sw0.30_x+1_i0050.h5
2,50,3.000000000e-01,1.000000000e+00,1,1.132939697e+00,7.499418643e-01,910564053,main,rise,4.071000000e+00,1.164998277e-01,1.448643542e-02,8.840568207e-02,5.837719052e+02,false,0,2.900425693e+02,/mnt/pd/tema1/new/results/ml_samples/N2_sw0.30_x+1_i0092.h5
2,50,3.000000000e-01,1.000000000e+00,1,1.132939697e+00,7.499418643e-01,1729492936,main,rise,4.961000000e+00,1.325724534e-01,2.252990703e-02,7.581347537e-02,5.837719052e+02,false,0,3.442925214e+02,/mnt/pd/tema1/new/results/ml_samples/N2_sw0.30_x+1_i0086.h5
2,50,3.000000000e-01,1.000000000e+00,0,1.000000000e+00,6.619433198e-01,1883848131,main,rise,3.116100000e+01,1.130783976e-01,2.126624834e-02,9.161372931e-02,4.168027829e+02,false,0,2.109562014e+03,/mnt/pd/tema1/new/results/ml_samples/N2_sw0.30_x+0_i0128.h5
2,50,3.000000000e-01,1.000000000e+00,1,1.132939697e+00,7.499418643e-01,894892189,main,rise,3.851000000e+00,1.097361798e-01,1.513610321e-02,9.330387701e-02,5.837719052e+02,false,0,2.719384732e+02,/mnt/pd/tema1/new/results/ml_samples/N2_sw0.30_x+1_i0098.h5
2,50,3.000000000e-01,1.000000000e+00,0,1.000000000e+00,6.619433198e-01,520663624,main,fall,2.544100000e+01,1.116378382e-01,1.614307887e-02,8.652894968e-02,4.168027829e+02,false,0,1.695711999e+03,/mnt/pd/tema1/new/results/ml_samples/N2_sw0.30_x+0_i0176.h5
2,50,3.000000000e-01,1.000000000e+00,1,1.132939697e+00,7.499418643e-01,1604686205,main,rise,2.951000000e+00,1.219535399e-01,3.285129431e-02,9.818364172e-02,5.837719052e+02,false,0,2.170366337e+02,/mnt/pd/tema1/new/results/ml_samples/N2_sw0.30_x+1_i0106.h5
2,50,3.000000000e-01,1.000000000e+00,1,1.132939697e+00,7.499418643e-01,796865304,main,rise,1.415100000e+01,1.216933474e-01,2.244819575e-02,8.730533168e-02,5.837719052e+02,false,0,9.520986901e+02,/mnt/pd/tema1/new/results/ml_samples/N2_sw0.30_x+1_i0040.h5
2,50,3.000000000e-01,1.000000000e+00,1,1.132939697e+00,7.499418643e-01,2092775153,main,rise,6.421000000e+00,1.275189340e-01,2.932895060e-02,9.391141633e-02,5.837719052e+02,false,0,4.400456108e+02,/mnt/pd/tema1/new/results/ml_samples/N2_sw0.30_x+1_i0090.h5
2,50,3.000000000e-01,1.000000000e+00,1,1.132939697e+00,7.499418643e-01,1724093698,main,rise,1.309100000e+01,1.111414836e-01,1.541807858e-02,8.984552325e-02,5.837719052e+02,false,0,8.437703533e+02,/mnt/pd/tema1/new/results/ml_samples/N2_sw0.30_x+1_i0054.h5
2,50,3.000000000e-01,1.000000000e+00,1,1.132939697e+00,7.499418643e-01,191610395,main,rise,4.211000000e+00,1.254006666e-01,2.012327371e-02,8.846429425e-02,5.837719052e+02,false,0,3.002945235e+02,/mnt/pd/tema1/new/results/ml_samples/N2_sw0.30_x+1_i0108.h5
2,50,3.000000000e-01,1.000000000e+00,1,1.132939697e+00,7.499418643e-01,1860744544,main,rise,1.593100000e+01,1.198926916e-01,1.919179367e-02,8.720741254e-02,5.837719052e+02,false,0,1.055523421e+03,/mnt/pd/tema1/new/results/ml_samples/N2_sw0.30_x+1_i0032.h5
2,50,3.000000000e-01,1.000000000e+00,1,1.132939697e+00,7.499418643e-01,866644174,main,fall,1.701000000e+00,1.561391539e-01,4.585875257e-02,7.595835282e-02,5.837719052e+02,false,0,1.344070248e+02,/mnt/pd/tema1/new/results/ml_samples/N2_sw0.30_x+1_i0132.h5
2,50,3.000000000e-01,1.000000000e+00,1,1.132939697e+00,7.499418643e-01,35913739,main,rise,4.341000000e+00,1.225680478e-01,1.968559248e-02,9.856570651e-02,5.837719052e+02,false,0,3.087193587e+02,/mnt/pd/tema1/new/results/ml_samples/N2_sw0.30_x+1_i0114.h5
2,50,3.000000000e-01,1.000000000e+00,1,1.132939697e+00,7.499418643e-01,1813604820,main,rise,5.651000000e+00,1.284818333e-01,1.983525322e-02,7.654645043e-02,5.837719052e+02,false,0,3.840741334e+02,/mnt/pd/tema1/new/results/ml_samples/N2_sw0.30_x+1_i0116.h5
2,50,3.000000000e-01,1.000000000e+00,1,1.132939697e+00,7.499418643e-01,223919663,main,rise,6.131000000e+00,1.261194206e-01,2.175669844e-02,8.773246795e-02,5.837719052e+02,false,0,4.232842693e+02,/mnt/pd/tema1/new/results/ml_samples/N2_sw0.30_x+1_i0112.h5
2,50,3.000000000e-01,1.000000000e+00,1,1.132939697e+00,7.499418643e-01,114138146,main,rise,4.301000000e+00,1.384517608e-01,3.072616521e-02,8.543332019e-02,5.837719052e+02,false,0,3.056750031e+02,/mnt/pd/tema1/new/results/ml_samples/N2_sw0.30_x+1_i0130.h5
2,50,3.000000000e-01,1.000000000e+00,1,1.132939697e+00,7.499418643e-01,1711935261,main,rise,5.961000000e+00,1.201616279e-01,1.879368685e-02,8.954609040e-02,5.837719052e+02,false,0,3.781415158e+02,/mnt/pd/tema1/new/results/ml_samples/N2_sw0.30_x+1_i0122.h5
2,50,3.000000000e-01,1.000000000e+00,1,1.132939697e+00,7.499418643e-01,1083251901,main,rise,1.255100000e+01,1.254874440e-01,1.822641221e-02,8.637770258e-02,5.837719052e+02,false,0,8.407956078e+02,/mnt/pd/tema1/new/results/ml_samples/N2_sw0.30_x+1_i0076.h5
2,50,3.000000000e-01,1.000000000e+00,0,1.000000000e+00,6.619433198e-01,1069231800,main,fall,2.792100000e+01,1.153918041e-01,2.508583198e-02,9.038947314e-02,4.168027829e+02,false,0,1.801175322e+03,/mnt/pd/tema1/new/results/ml_samples/N2_sw0.30_x+0_i0184.h5
2,50,3.000000000e-01,1.000000000e+00,1,1.132939697e+00,7.499418643e-01,648747653,main,rise,8.081000000e+00,1.255293991e-01,3.060366574e-02,8.480965822e-02,5.837719052e+02,false,0,5.556593851e+02,/mnt/pd/tema1/new/results/ml_samples/N2_sw0.30_x+1_i0104.h5
2,50,3.000000000e-01,1.000000000e+00,1,1.132939697e+00,7.499418643e-01,1947594303,main,rise,2.971000000e+00,1.311258656e-01,2.068209143e-02,8.242148438e-02,5.837719052e+02,false,0,2.185720324e+02,/mnt/pd/tema1/new/results/ml_samples/N2_sw0.30_x+1_i0146.h5
2,50,3.000000000e-01,1.000000000e+00,1,1.132939697e+00,7.499418643e-01,203662870,main,rise,1.773100000e+01,1.268713311e-01,2.588220812e-02,8.769467735e-02,5.837719052e+02,false,0,1.190561283e+03,/mnt/pd/tema1/new/results/ml_samples/N2_sw0.30_x+1_i0046.h5
2,50,3.000000000e-01,1.000000000e+00,1,1.132939697e+00,7.499418643e-01,1555107288,main,fall,1.241100000e+01,1.193618316e-01,1.664415693e-02,8.377901025e-02,5.837719052e+02,false,0,7.498910891e+02,/mnt/pd/tema1/new/results/ml_samples/N2_sw0.30_x+1_i0084.h5
2,50,3.000000000e-01,1.000000000e+00,1,1.132939697e+00,7.499418643e-01,619129886,main,rise,1.405100000e+01,1.223260453e-01,2.192051662e-02,8.629353237e-02,5.837719052e+02,false,0,9.474467458e+02,/mnt/pd/tema1/new/results/ml_samples/N2_sw0.30_x+1_i0070.h5
2,50,3.000000000e-01,1.000000000e+00,1,1.132939697e+00,7.499418643e-01,1697276414,main,rise,4.241000000e+00,1.226172267e-01,2.765213406e-02,9.214329842e-02,5.837719052e+02,false,0,3.054201582e+02,/mnt/pd/tema1/new/results/ml_samples/N2_sw0.30_x+1_i0142.h5
2,50,3.000000000e-01,1.000000000e+00,1,1.132939697e+00,7.499418643e-01,59356542,main,fall,8.071000000e+00,1.208818036e-01,2.244789999e-02,8.308418193e-02,5.837719052e+02,false,0,5.536636820e+02,/mnt/pd/tema1/new/results/ml_samples/N2_sw0.30_x+1_i0118.h5
2,50,3.000000000e-01,1.000000000e+00,1,1.132939697e+00,7.499418643e-01,1168302168,main,rise,2.311000000e+00,1.326509677e-01,3.608882060e-02,9.168158198e-02,5.837719052e+02,false,0,1.755130613e+02,/mnt/pd/tema1/new/results/ml_samples/N2_sw0.30_x+1_i0156.h5
2,50,3.000000000e-01,1.000000000e+00,1,1.132939697e+00,7.499418643e-01,633757246,main,rise,1.121100000e+01,1.170491176e-01,2.019537756e-02,9.167689800e-02,5.837719052e+02,false,0,7.570663202e+02,/mnt/pd/tema1/new/results/ml_samples/N2_sw0.30_x+1_i0102.h5
2,50,3.000000000e-01,1.000000000e+00,1,1.132939697e+00,7.499418643e-01,409713582,main,rise,1.224100000e+01,1.168056836e-01,1.708940030e-02,8.501303937e-02,5.837719052e+02,false,0,8.197246975e+02,/mnt/pd/tema1/new/results/ml_samples/N2_sw0.30_x+1_i0100.h5
2,50,3.000000000e-01,1.000000000e+00,1,1.132939697e+00,7.499418643e-01,320189865,main,rise,6.631000000e+00,1.229488440e-01,2.240572628e-02,9.207703741e-02,5.837719052e+02,false,0,4.591883948e+02,/mnt/pd/tema1/new/results/ml_samples/N2_sw0.30_x+1_i0140.h5
2,50,3.000000000e-01,1.000000000e+00,1,1.132939697e+00,7.499418643e-01,525529333,main,rise,6.161000000e+00,1.159619035e-01,2.078898955e-02,8.889990381e-02,5.837719052e+02,false,0,4.233784260e+02,/mnt/pd/tema1/new/results/ml_samples/N2_sw0.30_x+1_i0148.h5
2,50,3.000000000e-01,1.000000000e+00,1,1.132939697e+00,7.499418643e-01,752902797,main,rise,3.131000000e+00,1.451612292e-01,3.419993339e-02,8.492730123e-02,5.837719052e+02,false,0,2.311442290e+02,/mnt/pd/tema1/new/results/ml_samples/N2_sw0.30_x+1_i0168.h5
2,50,3.000000000e-01,1.000000000e+00,1,1.132939697e+00,7.499418643e-01,846505359,main,rise,9.351000000e+00,1.155736981e-01,1.854764768e-02,9.154734902e-02,5.837719052e+02,false,0,6.417606998e+02,/mnt/pd/tema1/new/results/ml_samples/N2_sw0.30_x+1_i0126.h5
2,50,3.000000000e-01,1.000000000e+00,1,1.132939697e+00,7.499418643e-01,1819902790,main,fall,2.671000000e+00,1.045049915e-01,9.405330728e-03,9.282785877e-02,5.837719052e+02,false,0,1.853356187e+02,/mnt/pd/tema1/new/results/ml_samples/N2_sw0.30_x+1_i0172.h5
2,50,3.000000000e-01,1.000000000e+00,1,1.132939697e+00,7.499418643e-01,1623596521,main,rise,9.121000000e+00,1.248114174e-01,2.702123370e-02,8.742970797e-02,5.837719052e+02,false,0,6.235641639e+02,/mnt/pd/tema1/new/results/ml_samples/N2_sw0.30_x+1_i0134.h5
2,50,3.000000000e-01,1.000000000e+00,1,1.132939697e+00,7.499418643e-01,1787334576,main,fall,1.134100000e+01,1.186415267e-01,2.193962734e-02,8.355349820e-02,5.837719052e+02,false,0,7.596743374e+02,/mnt/pd/tema1/new/results/ml_samples/N2_sw0.30_x+1_i0120.h5
2,50,3.000000000e-01,1.000000000e+00,1,1.132939697e+00,7.499418643e-01,1910550888,main,rise,5.041000000e+00,1.341988716e-01,3.644914828e-02,8.669942865e-02,5.837719052e+02,false,0,3.614635797e+02,/mnt/pd/tema1/new/results/ml_samples/N2_sw0.30_x+1_i0158.h5
2,50,3.000000000e-01,1.000000000e+00,1,1.132939697e+00,7.499418643e-01,2121382500,main,rise,3.281000000e+00,1.410075613e-01,2.472748154e-02,7.196435047e-02,5.837719052e+02,false,0,2.403481897e+02,/mnt/pd/tema1/new/results/ml_samples/N2_sw0.30_x+1_i0178.h5
2,50,3.000000000e-01,1.000000000e+00,1,1.132939697e+00,7.499418643e-01,130440537,main,fall,1.914100000e+01,1.266950096e-01,2.477208832e-02,8.837638093e-02,5.837719052e+02,false,0,1.278535324e+03,/mnt/pd/tema1/new/results/ml_samples/N2_sw0.30_x+1_i0072.h5
2,50,3.000000000e-01,1.000000000e+00,1,1.132939697e+00,7.499418643e-01,2060084659,main,rise,1.147100000e+01,1.240205793e-01,2.243967306e-02,9.090194424e-02,5.837719052e+02,false,0,7.042621826e+02,/mnt/pd/tema1/new/results/ml_samples/N2_sw0.30_x+1_i0136.h5
2,50,3.000000000e-01,1.000000000e+00,1,1.132939697e+00,7.499418643e-01,2088250962,main,rise,2.981000000e+00,1.266792311e-01,2.875512025e-02,9.760554432e-02,5.837719052e+02,false,0,2.172303316e+02,/mnt/pd/tema1/new/results/ml_samples/N2_sw0.30_x+1_i0182.h5
2,50,3.000000000e-01,1.000000000e+00,1,1.132939697e+00,7.499418643e-01,627367730,main,fall,1.255100000e+01,1.104940892e-01,1.568107225e-02,9.398761840e-02,5.837719052e+02,false,0,8.358088728e+02,/mnt/pd/tema1/new/results/ml_samples/N2_sw0.30_x+1_i0128.h5
2,50,3.000000000e-01,1.000000000e+00,1,1.132939697e+00,7.499418643e-01,744103978,main,rise,1.636100000e+01,1.267218453e-01,2.584380183e-02,8.263609015e-02,5.837719052e+02,false,0,1.113935893e+03,/mnt/pd/tema1/new/results/ml_samples/N2_sw0.30_x+1_i0094.h5
2,50,3.000000000e-01,1.000000000e+00,1,1.132939697e+00,7.499418643e-01,1255860333,main,fall,2.201000000e+00,1.171871682e-01,2.217134952e-02,8.492457537e-02,5.837719052e+02,false,0,1.677764482e+02,/mnt/pd/tema1/new/results/ml_samples/N2_sw0.30_x+1_i0196.h5
2,50,3.000000000e-01,1.000000000e+00,1,1.132939697e+00,7.499418643e-01,830284339,main,rise,1.568100000e+01,1.207752105e-01,2.416731619e-02,8.948847744e-02,5.837719052e+02,false,0,1.047615172e+03,/mnt/pd/tema1/new/results/ml_samples/N2_sw0.30_x+1_i0110.h5
2,50,3.000000000e-01,1.000000000e+00,1,1.132939697e+00,7.499418643e-01,1773744550,main,rise,1.245100000e+01,1.109573229e-01,1.542337270e-02,8.814526019e-02,5.837719052e+02,false,0,7.746563747e+02,/mnt/pd/tema1/new/results/ml_samples/N2_sw0.30_x+1_i0138.h5
2,50,3.000000000e-01,1.000000000e+00,1,1.132939697e+00,7.499418643e-01,1404689283,main,rise,7.181000000e+00,1.168615792e-01,1.907049849e-02,9.346644978e-02,5.837719052e+02,false,0,4.866073683e+02,/mnt/pd/tema1/new/results/ml_samples/N2_sw0.30_x+1_i0170.h5
2,50,3.000000000e-01,1.000000000e+00,1,1.132939697e+00,7.499418643e-01,1803045400,main,rise,8.141000000e+00,1.213976580e-01,2.805821039e-02,8.895764808e-02,5.837719052e+02,false,0,5.535970899e+02,/mnt/pd/tema1/new/results/ml_samples/N2_sw0.30_x+1_i0160.h5
2,50,3.000000000e-01,1.000000000e+00,1,1.132939697e+00,7.499418643e-01,1457038216,main,fall,8.811000000e+00,1.201693187e-01,2.192433686e-02,8.957867173e-02,5.837719052e+02,false,0,6.012225657e+02,/mnt/pd/tema1/new/results/ml_samples/N2_sw0.30_x+1_i0154.h5
2,50,3.000000000e-01,1.000000000e+00,1,1.132939697e+00,7.499418643e-01,183319347,main,rise,7.041000000e+00,1.193474520e-01,2.669041145e-02,8.677996715e-02,5.837719052e+02,false,0,4.711313737e+02,/mnt/pd/tema1/new/results/ml_samples/N2_sw0.30_x+1_i0174.h5
2,50,3.000000000e-01,1.000000000e+00,1,1.132939697e+00,7.499418643e-01,253694575,main,rise,1.402100000e+01,1.138832937e-01,1.362769469e-02,8.721967371e-02,5.837719052e+02,false,0,9.457768119e+02,/mnt/pd/tema1/new/results/ml_samples/N2_sw0.30_x+1_i0124.h5
2,50,3.000000000e-01,1.000000000e+00,1,1.132939697e+00,7.499418643e-01,1803691844,main,rise,1.907100000e+01,1.207472354e-01,1.774306017e-02,8.534307216e-02,5.837719052e+02,false,0,1.280755526e+03,/mnt/pd/tema1/new/results/ml_samples/N2_sw0.30_x+1_i0088.h5
2,50,3.000000000e-01,1.000000000e+00,1,1.132939697e+00,7.499418643e-01,2054973492,main,rise,1.264100000e+01,1.252113229e-01,2.569832890e-02,9.106088682e-02,5.837719052e+02,false,0,8.293588697e+02,/mnt/pd/tema1/new/results/ml_samples/N2_sw0.30_x+1_i0144.h5
2,50,3.000000000e-01,1.000000000e+00,1,1.132939697e+00,7.499418643e-01,987978509,main,rise,5.841000000e+00,1.244414523e-01,2.314285654e-02,9.300601893e-02,5.837719052e+02,false,0,4.034855322e+02,/mnt/pd/tema1/new/results/ml_samples/N2_sw0.30_x+1_i0186.h5
2,50,3.000000000e-01,1.000000000e+00,1,1.132939697e+00,7.499418643e-01,325576594,main,rise,9.841000000e+00,1.272675789e-01,2.151540747e-02,7.946510578e-02,5.837719052e+02,false,0,6.687287817e+02,/mnt/pd/tema1/new/results/ml_samples/N2_sw0.30_x+1_i0164.h5
2,50,3.000000000e-01,1.000000000e+00,2,1.265879394e+00,8.379404087e-01,439814542,main,rise,3.761000000e+00,1.295470819e-01,1.846696640e-02,8.874621829e-02,7.737561978e+02,false,0,2.700429402e+02,/mnt/pd/tema1/new/results/ml_samples/N2_sw0.30_x+2_i0004.h5
2,50,3.000000000e-01,1.000000000e+00,2,1.265879394e+00,8.379404087e-01,755371517,main,rise,3.151000000e+00,1.225116960e-01,1.609274177e-02,8.866903515e-02,7.737561978e+02,false,0,2.264780031e+02,/mnt/pd/tema1/new/results/ml_samples/N2_sw0.30_x+2_i0012.h5
2,50,3.000000000e-01,1.000000000e+00,1,1.132939697e+00,7.499418643e-01,1664910768,main,rise,7.171000000e+00,1.262889760e-01,2.297879375e-02,8.022591527e-02,5.837719052e+02,false,0,4.969774450e+02,/mnt/pd/tema1/new/results/ml_samples/N2_sw0.30_x+1_i0190.h5
2,50,3.000000000e-01,1.000000000e+00,2,1.265879394e+00,8.379404087e-01,94744863,main,rise,3.111000000e+00,1.332598413e-01,2.698267878e-02,8.755677636e-02,7.737561978e+02,false,0,2.296057102e+02,/mnt/pd/tema1/new/results/ml_samples/N2_sw0.30_x+2_i0018.h5
2,50,3.000000000e-01,1.000000000e+00,1,1.132939697e+00,7.499418643e-01,730845199,main,rise,9.131000000e+00,1.267677217e-01,2.643209629e-02,8.712745967e-02,5.837719052e+02,false,0,6.335619443e+02,/mnt/pd/tema1/new/results/ml_samples/N2_sw0.30_x+1_i0176.h5
2,50,3.000000000e-01,1.000000000e+00,1,1.132939697e+00,7.499418643e-01,1173185922,main,rise,7.001000000e+00,1.166429004e-01,1.759508726e-02,8.794349205e-02,5.837719052e+02,false,0,4.795355995e+02,/mnt/pd/tema1/new/results/ml_samples/N2_sw0.30_x+1_i0194.h5
2,50,3.000000000e-01,1.000000000e+00,2,1.265879394e+00,8.379404087e-01,1171198937,main,rise,3.561000000e+00,1.356043364e-01,2.235629552e-02,8.854610963e-02,7.737561978e+02,false,0,2.585510828e+02,/mnt/pd/tema1/new/results/ml_samples/N2_sw0.30_x+2_i0020.h5
2,50,3.000000000e-01,1.000000000e+00,2,1.265879394e+00,8.379404087e-01,191059287,main,rise,5.851000000e+00,1.327581245e-01,4.184386185e-02,9.084165558e-02,7.737561978e+02,false,0,4.064130334e+02,/mnt/pd/tema1/new/results/ml_samples/N2_sw0.30_x+2_i0000.h5
2,50,3.000000000e-01,1.000000000e+00,2,1.265879394e+00,8.379404087e-01,1157349056,main,rise,4.981000000e+00,1.306031064e-01,2.269424373e-02,7.960084434e-02,7.737561978e+02,false,0,3.501115869e+02,/mnt/pd/tema1/new/results/ml_samples/N2_sw0.30_x+2_i0006.h5
2,50,3.000000000e-01,1.000000000e+00,2,1.265879394e+00,8.379404087e-01,1319224185,main,rise,3.891000000e+00,1.271544238e-01,1.853675884e-02,8.949197482e-02,7.737561978e+02,false,0,2.673090309e+02,/mnt/pd/tema1/new/results/ml_samples/N2_sw0.30_x+2_i0022.h5
2,50,3.000000000e-01,1.000000000e+00,2,1.265879394e+00,8.379404087e-01,1197586153,main,rise,2.741000000e+00,1.358686905e-01,3.232843234e-02,8.412321313e-02,7.737561978e+02,false,0,2.042460905e+02,/mnt/pd/tema1/new/results/ml_samples/N2_sw0.30_x+2_i0032.h5
2,50,3.000000000e-01,1.000000000e+00,2,1.265879394e+00,8.379404087e-01,244175789,main,rise,3.731000000e+00,1.291877815e-01,2.620623096e-02,9.252259831e-02,7.737561978e+02,false,0,2.632815101e+02,/mnt/pd/tema1/new/results/ml_samples/N2_sw0.30_x+2_i0030.h5
2,50,3.000000000e-01,1.000000000e+00,1,1.132939697e+00,7.499418643e-01,1622506705,main,rise,1.079100000e+01,1.241127759e-01,1.958034348e-02,9.126543598e-02,5.837719052e+02,false,0,6.939198124e+02,/mnt/pd/tema1/new/results/ml_samples/N2_sw0.30_x+1_i0184.h5
2,50,3.000000000e-01,1.000000000e+00,2,1.265879394e+00,8.379404087e-01,154326325,main,rise,5.291000000e+00,1.312726810e-01,2.328188503e-02,8.596297586e-02,7.737561978e+02,false,0,3.672513540e+02,/mnt/pd/tema1/new/results/ml_samples/N2_sw0.30_x+2_i0026.h5
2,50,3.000000000e-01,1.000000000e+00,2,1.265879394e+00,8.379404087e-01,1651040767,main,rise,5.631000000e+00,1.185921447e-01,1.538825506e-02,8.878257957e-02,7.737561978e+02,false,0,3.896748803e+02,/mnt/pd/tema1/new/results/ml_samples/N2_sw0.30_x+2_i0024.h5
2,50,3.000000000e-01,1.000000000e+00,1,1.132939697e+00,7.499418643e-01,776215316,main,rise,1.342100000e+01,1.194080913e-01,1.919728468e-02,8.559233106e-02,5.837719052e+02,false,0,9.511751054e+02,/mnt/pd/tema1/new/results/ml_samples/N2_sw0.30_x+1_i0166.h5
2,50,3.000000000e-01,1.000000000e+00,2,1.265879394e+00,8.379404087e-01,90124610,main,rise,6.971000000e+00,1.324545059e-01,2.113147542e-02,8.368148445e-02,7.737561978e+02,false,0,4.805473963e+02,/mnt/pd/tema1/new/results/ml_samples/N2_sw0.30_x+2_i0010.h5
2,50,3.000000000e-01,1.000000000e+00,2,1.265879394e+00,8.379404087e-01,1421090316,main,rise,2.261000000e+00,1.255911380e-01,2.033938422e-02,9.020188326e-02,7.737561978e+02,false,0,1.688394576e+02,/mnt/pd/tema1/new/results/ml_samples/N2_sw0.30_x+2_i0052.h5
2,50,3.000000000e-01,1.000000000e+00,1,1.132939697e+00,7.499418643e-01,1459517574,main,rise,1.107100000e+01,1.207215195e-01,3.275990506e-02,8.787368475e-02,5.837719052e+02,false,0,7.335786652e+02,/mnt/pd/tema1/new/results/ml_samples/N2_sw0.30_x+1_i0188.h5
2,50,3.000000000e-01,1.000000000e+00,2,1.265879394e+00,8.379404087e-01,954181520,main,rise,6.991000000e+00,1.182809863e-01,1.306334613e-02,9.291395080e-02,7.737561978e+02,false,0,4.805915464e+02,/mnt/pd/tema1/new/results/ml_samples/N2_sw0.30_x+2_i0014.h5
2,50,3.000000000e-01,1.000000000e+00,1,1.132939697e+00,7.499418643e-01,484953556,main,rise,9.161000000e+00,1.161604747e-01,1.539264338e-02,9.130252544e-02,5.837719052e+02,false,0,6.091507712e+02,/mnt/pd/tema1/new/results/ml_samples/N2_sw0.30_x+1_i0198.h5
2,50,3.000000000e-01,1.000000000e+00,2,1.265879394e+00,8.379404087e-01,1185291824,main,rise,3.371000000e+00,1.282447915e-01,2.249654899e-02,8.856380549e-02,7.737561978e+02,false,0,2.405233805e+02,/mnt/pd/tema1/new/results/ml_samples/N2_sw0.30_x+2_i0040.h5
2,50,3.000000000e-01,1.000000000e+00,2,1.265879394e+00,8.379404087e-01,1589751114,main,rise,3.751000000e+00,1.206643044e-01,2.102791959e-02,9.233283804e-02,7.737561978e+02,false,0,2.705698028e+02,/mnt/pd/tema1/new/results/ml_samples/N2_sw0.30_x+2_i0044.h5
2,50,3.000000000e-01,1.000000000e+00,2,1.265879394e+00,8.379404087e-01,1019217750,main,rise,4.451000000e+00,1.313131784e-01,2.288720210e-02,8.585564307e-02,7.737561978e+02,false,0,3.158237754e+02,/mnt/pd/tema1/new/results/ml_samples/N2_sw0.30_x+2_i0036.h5
2,50,3.000000000e-01,1.000000000e+00,2,1.265879394e+00,8.379404087e-01,920652131,main,rise,4.571000000e+00,1.238674640e-01,2.940351239e-02,8.523599878e-02,7.737561978e+02,false,0,3.247527090e+02,/mnt/pd/tema1/new/results/ml_samples/N2_sw0.30_x+2_i0042.h5
2,50,3.000000000e-01,1.000000000e+00,2,1.265879394e+00,8.379404087e-01,1327888794,main,rise,4.921000000e+00,1.434030731e-01,2.376215440e-02,8.673825574e-02,7.737561978e+02,false,0,3.459478537e+02,/mnt/pd/tema1/new/results/ml_samples/N2_sw0.30_x+2_i0038.h5
2,50,3.000000000e-01,1.000000000e+00,1,1.132939697e+00,7.499418643e-01,104130857,main,rise,1.732100000e+01,1.121734218e-01,1.398393644e-02,8.685359292e-02,5.837719052e+02,false,0,1.150642694e+03,/mnt/pd/tema1/new/results/ml_samples/N2_sw0.30_x+1_i0162.h5
2,50,3.000000000e-01,1.000000000e+00,2,1.265879394e+00,8.379404087e-01,1916269096,main,rise,2.941000000e+00,1.191366515e-01,1.145725337e-02,8.986053623e-02,7.737561978e+02,false,0,2.166290734e+02,/mnt/pd/tema1/new/results/ml_samples/N2_sw0.30_x+2_i0062.h5
2,50,3.000000000e-01,1.000000000e+00,2,1.265879394e+00,8.379404087e-01,684953522,main,rise,8.251000000e+00,1.166661629e-01,1.125265789e-02,8.899824825e-02,7.737561978e+02,false,0,5.511412474e+02,/mnt/pd/tema1/new/results/ml_samples/N2_sw0.30_x+2_i0028.h5
2,50,3.000000000e-01,1.000000000e+00,2,1.265879394e+00,8.379404087e-01,760686183,main,rise,6.571000000e+00,1.208363800e-01,1.991639304e-02,8.987125834e-02,7.737561978e+02,false,0,4.567680992e+02,/mnt/pd/tema1/new/results/ml_samples/N2_sw0.30_x+2_i0034.h5
2,50,3.000000000e-01,1.000000000e+00,2,1.265879394e+00,8.379404087e-01,660430411,main,rise,5.241000000e+00,1.128087327e-01,1.436084132e-02,9.351541923e-02,7.737561978e+02,false,0,3.646785722e+02,/mnt/pd/tema1/new/results/ml_samples/N2_sw0.30_x+2_i0050.h5
2,50,3.000000000e-01,1.000000000e+00,2,1.265879394e+00,8.379404087e-01,1843947696,main,rise,1.145100000e+01,1.200525748e-01,2.070319449e-02,9.217102790e-02,7.737561978e+02,false,0,7.685639777e+02,/mnt/pd/tema1/new/results/ml_samples/N2_sw0.30_x+2_i0002.h5
2,50,3.000000000e-01,1.000000000e+00,2,1.265879394e+00,8.379404087e-01,1224533750,main,rise,3.181000000e+00,1.148081663e-01,1.551662283e-02,9.460550618e-02,7.737561978e+02,false,0,2.318537203e+02,/mnt/pd/tema1/new/results/ml_samples/N2_sw0.30_x+2_i0064.h5
2,50,3.000000000e-01,1.000000000e+00,2,1.265879394e+00,8.379404087e-01,901627375,main,rise,2.881000000e+00,1.188474488e-01,1.139977393e-02,8.745876393e-02,7.737561978e+02,false,0,2.101320493e+02,/mnt/pd/tema1/new/results/ml_samples/N2_sw0.30_x+2_i0070.h5
2,50,3.000000000e-01,1.000000000e+00,2,1.265879394e+00,8.379404087e-01,1081480080,main,rise,5.811000000e+00,1.217120277e-01,1.954398059e-02,8.800332565e-02,7.737561978e+02,false,0,4.030926156e+02,/mnt/pd/tema1/new/results/ml_samples/N2_sw0.30_x+2_i0048.h5
2,50,3.000000000e-01,1.000000000e+00,2,1.265879394e+00,8.379404087e-01,433304846,main,rise,3.081000000e+00,1.140784006e-01,1.574625175e-02,9.639027596e-02,7.737561978e+02,false,0,2.256225190e+02,/mnt/pd/tema1/new/results/ml_samples/N2_sw0.30_x+2_i0066.h5
2,50,3.000000000e-01,1.000000000e+00,0,1.000000000e+00,6.619433198e-01,313947245,main,timeout,6.000100000e+01,1.114272469e-01,2.143113731e-02,8.940915045e-02,4.168027829e+02,false,0,3.789254289e+03,/mnt/pd/tema1/new/results/ml_samples/N2_sw0.30_x+0_i0120.h5
2,50,3.000000000e-01,1.000000000e+00,2,1.265879394e+00,8.379404087e-01,182300323,main,rise,5.141000000e+00,1.309507952e-01,2.917321977e-02,8.456007654e-02,7.737561978e+02,false,0,3.611455469e+02,/mnt/pd/tema1/new/results/ml_samples/N2_sw0.30_x+2_i0054.h5
2,50,3.000000000e-01,1.000000000e+00,2,1.265879394e+00,8.379404087e-01,1368085394,main,rise,3.501000000e+00,1.368150640e-01,3.241167789e-02,8.779777716e-02,7.737561978e+02,false,0,2.471356160e+02,/mnt/pd/tema1/new/results/ml_samples/N2_sw0.30_x+2_i0072.h5
2,50,3.000000000e-01,1.000000000e+00,2,1.265879394e+00,8.379404087e-01,1214532786,main,rise,6.451000000e+00,1.374683231e-01,3.042842354e-02,8.636589134e-02,7.737561978e+02,false,0,4.589324000e+02,/mnt/pd/tema1/new/results/ml_samples/N2_sw0.30_x+2_i0046.h5
2,50,3.000000000e-01,1.000000000e+00,1,1.132939697e+00,7.499418643e-01,618632840,main,rise,1.613100000e+01,1.246266909e-01,2.720825643e-02,8.906340372e-02,5.837719052e+02,false,0,1.078845813e+03,/mnt/pd/tema1/new/results/ml_samples/N2_sw0.30_x+1_i0180.h5
2,50,3.000000000e-01,1.000000000e+00,2,1.265879394e+00,8.379404087e-01,757813512,main,rise,5.291000000e+00,1.223358802e-01,1.668963002e-02,8.442152051e-02,7.737561978e+02,false,0,3.639815967e+02,/mnt/pd/tema1/new/results/ml_samples/N2_sw0.30_x+2_i0068.h5
2,50,3.000000000e-01,1.000000000e+00,2,1.265879394e+00,8.379404087e-01,1061410768,main,fall,2.601000000e+00,1.269417981e-01,2.340275461e-02,9.066120440e-02,7.737561978e+02,false,0,1.891980844e+02,/mnt/pd/tema1/new/results/ml_samples/N2_sw0.30_x+2_i0090.h5
2,50,3.000000000e-01,1.000000000e+00,2,1.265879394e+00,8.379404087e-01,218907655,main,rise,3.961000000e+00,1.387975703e-01,2.497146755e-02,8.198276902e-02,7.737561978e+02,false,0,2.839851685e+02,/mnt/pd/tema1/new/results/ml_samples/N2_sw0.30_x+2_i0082.h5
2,50,3.000000000e-01,1.000000000e+00,4,1.531758788e+00,1.013937498e+00,714195890,main,rise,2.351000000e+00,1.384708984e-01,1.865838038e-02,8.355694950e-02,1.204489297e+03,false,0,1.790076580e+02,/mnt/pd/tema1/new/results/ml_samples/N2_sw0.30_x+4_i0002.h5
2,50,3.000000000e-01,1.000000000e+00,2,1.265879394e+00,8.379404087e-01,1285329953,main,rise,6.531000000e+00,1.262818775e-01,2.714431097e-02,8.625902400e-02,7.737561978e+02,false,0,4.556021759e+02,/mnt/pd/tema1/new/results/ml_samples/N2_sw0.30_x+2_i0060.h5
2,50,3.000000000e-01,1.000000000e+00,2,1.265879394e+00,8.379404087e-01,265019431,main,rise,3.081000000e+00,1.228037752e-01,2.661642822e-02,9.396075539e-02,7.737561978e+02,false,0,2.251948098e+02,/mnt/pd/tema1/new/results/ml_samples/N2_sw0.30_x+2_i0092.h5
2,50,3.000000000e-01,1.000000000e+00,4,1.531758788e+00,1.013937498e+00,1408521972,main,rise,2.551000000e+00,1.341206929e-01,2.215425197e-02,9.366466116e-02,1.204489297e+03,false,0,1.911712701e+02,/mnt/pd/tema1/new/results/ml_samples/N2_sw0.30_x+4_i0004.h5
2,50,3.000000000e-01,1.000000000e+00,2,1.265879394e+00,8.379404087e-01,1295675648,main,rise,5.721000000e+00,1.271693744e-01,1.624191083e-02,8.295612389e-02,7.737561978e+02,false,0,4.002318439e+02,/mnt/pd/tema1/new/results/ml_samples/N2_sw0.30_x+2_i0074.h5
2,50,3.000000000e-01,1.000000000e+00,4,1.531758788e+00,1.013937498e+00,740970006,main,rise,2.761000000e+00,1.444433597e-01,3.328526632e-02,9.503154288e-02,1.204489297e+03,false,0,2.093199224e+02,/mnt/pd/tema1/new/results/ml_samples/N2_sw0.30_x+4_i0000.h5
2,50,3.000000000e-01,1.000000000e+00,2,1.265879394e+00,8.379404087e-01,1601313756,main,rise,5.841000000e+00,1.283705343e-01,2.469690160e-02,8.174599946e-02,7.737561978e+02,false,0,3.912538578e+02,/mnt/pd/tema1/new/results/ml_samples/N2_sw0.30_x+2_i0078.h5
2,50,3.000000000e-01,1.000000000e+00,4,1.531758788e+00,1.013937498e+00,1709243858,main,rise,2.951000000e+00,1.380028289e-01,1.421257618e-02,8.199206341e-02,1.204489297e+03,false,0,2.165173709e+02,/mnt/pd/tema1/new/results/ml_samples/N2_sw0.30_x+4_i0006.h5
2,50,3.000000000e-01,1.000000000e+00,2,1.265879394e+00,8.379404087e-01,966747209,main,rise,4.001000000e+00,1.273960270e-01,2.267174610e-02,9.446911259e-02,7.737561978e+02,false,0,2.812160947e+02,/mnt/pd/tema1/new/results/ml_samples/N2_sw0.30_x+2_i0094.h5
2,50,3.000000000e-01,1.000000000e+00,4,1.531758788e+00,1.013937498e+00,1189377655,main,rise,2.931000000e+00,1.263940532e-01,1.638451257e-02,9.304279263e-02,1.204489297e+03,false,0,2.165172091e+02,/mnt/pd/tema1/new/results/ml_samples/N2_sw0.30_x+4_i0012.h5
2,50,3.000000000e-01,1.000000000e+00,1,1.132939697e+00,7.499418643e-01,611549354,main,rise,1.842100000e+01,1.233498010e-01,2.719106420e-02,8.723873257e-02,5.837719052e+02,false,0,1.202180080e+03,/mnt/pd/tema1/new/results/ml_samples/N2_sw0.30_x+1_i0192.h5
2,50,3.000000000e-01,1.000000000e+00,4,1.531758788e+00,1.013937498e+00,1816169962,main,rise,2.981000000e+00,1.377430630e-01,2.476416437e-02,8.897410756e-02,1.204489297e+03,false,0,2.210124814e+02,/mnt/pd/tema1/new/results/ml_samples/N2_sw0.30_x+4_i0014.h5
2,50,3.000000000e-01,1.000000000e+00,1,1.132939697e+00,7.499418643e-01,850860122,main,fall,2.474100000e+01,1.165221341e-01,1.908161806e-02,8.837166135e-02,5.837719052e+02,false,0,1.609073700e+03,/mnt/pd/tema1/new/results/ml_samples/N2_sw0.30_x+1_i0152.h5
2,50,3.000000000e-01,1.000000000e+00,4,1.531758788e+00,1.013937498e+00,187056767,main,rise,1.531000000e+00,1.306436828e-01,1.537286450e-02,8.507458193e-02,1.204489297e+03,false,0,1.237594697e+02,/mnt/pd/tema1/new/results/ml_samples/N2_sw0.30_x+4_i0022.h5
2,50,3.000000000e-01,1.000000000e+00,4,1.531758788e+00,1.013937498e+00,1239849937,main,rise,2.271000000e+00,1.367751446e-01,2.471224014e-02,8.603237953e-02,1.204489297e+03,false,0,1.740528622e+02,/mnt/pd/tema1/new/results/ml_samples/N2_sw0.30_x+4_i0016.h5
2,50,3.000000000e-01,1.000000000e+00,4,1.531758788e+00,1.013937498e+00,1286519746,main,rise,3.891000000e+00,1.320356263e-01,1.534510717e-02,8.323559284e-02,1.204489297e+03,false,0,2.791258029e+02,/mnt/pd/tema1/new/results/ml_samples/N2_sw0.30_x+4_i0010.h5
2,50,3.000000000e-01,1.000000000e+00,4,1.531758788e+00,1.013937498e+00,876753504,main,rise,1.671000000e+00,1.494677277e-01,3.183224884e-02,8.909751230e-02,1.204489297e+03,false,0,1.329785110e+02,/mnt/pd/tema1/new/results/ml_samples/N2_sw0.30_x+4_i0028.h5
2,50,3.000000000e-01,1.000000000e+00,4,1.531758788e+00,1.013937498e+00,1780954223,main,rise,4.391000000e+00,1.415096351e-01,1.926447162e-02,8.312535058e-02,1.204489297e+03,false,0,2.987623879e+02,/mnt/pd/tema1/new/results/ml_samples/N2_sw0.30_x+4_i0008.h5
2,50,3.000000000e-01,1.000000000e+00,2,1.265879394e+00,8.379404087e-01,2101354663,main,rise,1.513100000e+01,1.191009274e-01,1.431457196e-02,8.978100515e-02,7.737561978e+02,false,0,1.011566241e+03,/mnt/pd/tema1/new/results/ml_samples/N2_sw0.30_x+2_i0016.h5
2,50,3.000000000e-01,1.000000000e+00,4,1.531758788e+00,1.013937498e+00,1885335217,main,rise,1.991000000e+00,1.420328540e-01,2.652622954e-02,8.447228105e-02,1.204489297e+03,false,0,1.544599046e+02,/mnt/pd/tema1/new/results/ml_samples/N2_sw0.30_x+4_i0026.h5
2,50,3.000000000e-01,1.000000000e+00,4,1.531758788e+00,1.013937498e+00,2034335118,main,rise,2.081000000e+00,1.417878421e-01,1.846232961e-02,9.128936622e-02,1.204489297e+03,false,0,1.616029333e+02,/mnt/pd/tema1/new/results/ml_samples/N2_sw0.30_x+4_i0024.h5
2,50,3.000000000e-01,1.000000000e+00,4,1.531758788e+00,1.013937498e+00,876836712,main,rise,1.921000000e+00,1.380903875e-01,2.311112101e-02,9.292632472e-02,1.204489297e+03,false,0,1.538092959e+02,/mnt/pd/tema1/new/results/ml_samples/N2_sw0.30_x+4_i0030.h5
2,50,3.000000000e-01,1.000000000e+00,2,1.265879394e+00,8.379404087e-01,67823894,main,rise,5.411000000e+00,1.236837955e-01,1.895327626e-02,8.888820124e-02,7.737561978e+02,false,0,3.745268662e+02,/mnt/pd/tema1/new/results/ml_samples/N2_sw0.30_x+2_i0098.h5
2,50,3.000000000e-01,1.000000000e+00,2,1.265879394e+00,8.379404087e-01,1902930137,main,rise,6.251000000e+00,1.241423362e-01,1.455540858e-02,7.932855697e-02,7.737561978e+02,false,0,4.095793584e+02,/mnt/pd/tema1/new/results/ml_samples/N2_sw0.30_x+2_i0088.h5
2,50,3.000000000e-01,1.000000000e+00,4,1.531758788e+00,1.013937498e+00,1469593941,main,rise,2.801000000e+00,1.543083748e-01,2.270457394e-02,7.267268313e-02,1.204489297e+03,false,0,2.073279312e+02,/mnt/pd/tema1/new/results/ml_samples/N2_sw0.30_x+4_i0020.h5
2,50,3.000000000e-01,1.000000000e+00,4,1.531758788e+00,1.013937498e+00,1411483058,main,rise,1.701000000e+00,1.406870420e-01,2.302907366e-02,9.376325817e-02,1.204489297e+03,false,0,1.350944962e+02,/mnt/pd/tema1/new/results/ml_samples/N2_sw0.30_x+4_i0038.h5
2,50,3.000000000e-01,1.000000000e+00,2,1.265879394e+00,8.379404087e-01,2025042225,main,rise,6.461000000e+00,1.183878251e-01,2.174408885e-02,8.829339076e-02,7.737561978e+02,false,0,4.398359662e+02,/mnt/pd/tema1/new/results/ml_samples/N2_sw0.30_x+2_i0086.h5
2,50,3.000000000e-01,1.000000000e+00,4,1.531758788e+00,1.013937498e+00,1111474277,main,rise,2.541000000e+00,1.416140674e-01,2.261937798e-02,8.697627928e-02,1.204489297e+03,false,0,1.907418391e+02,/mnt/pd/tema1/new/results/ml_samples/N2_sw0.30_x+4_i0032.h5
2,50,3.000000000e-01,1.000000000e+00,4,1.531758788e+00,1.013937498e+00,8064690,main,rise,2.341000000e+00,1.437013960e-01,2.896701756e-02,8.189593143e-02,1.204489297e+03,false,0,1.770929574e+02,/mnt/pd/tema1/new/results/ml_samples/N2_sw0.30_x+4_i0036.h5
2,50,3.000000000e-01,1.000000000e+00,4,1.531758788e+00,1.013937498e+00,207693389,main,rise,4.381000000e+00,1.356817312e-01,1.838140638e-02,8.280423392e-02,1.204489297e+03,false,0,3.108471116e+02,/mnt/pd/tema1/new/results/ml_samples/N2_sw0.30_x+4_i0018.h5
2,50,3.000000000e-01,1.000000000e+00,2,1.265879394e+00,8.379404087e-01,521408314,main,rise,1.132100000e+01,1.243129869e-01,1.868901616e-02,8.453968700e-02,7.737561978e+02,false,0,7.475372907e+02,/mnt/pd/tema1/new/results/ml_samples/N2_sw0.30_x+2_i0056.h5
2,50,3.000000000e-01,1.000000000e+00,4,1.531758788e+00,1.013937498e+00,833045294,main,rise,1.611000000e+00,1.509975682e-01,4.229137783e-02,9.247835200e-02,1.204489297e+03,false,0,1.303025795e+02,/mnt/pd/tema1/new/results/ml_samples/N2_sw0.30_x+4_i0058.h5
2,50,3.000000000e-01,1.000000000e+00,4,1.531758788e+00,1.013937498e+00,519884510,main,rise,2.411000000e+00,1.484887738e-01,2.395592675e-02,8.233448454e-02,1.204489297e+03,false,0,1.811679009e+02,/mnt/pd/tema1/new/results/ml_samples/N2_sw0.30_x+4_i0042.h5
2,50,3.000000000e-01,1.000000000e+00,2,1.265879394e+00,8.379404087e-01,164091130,main,rise,1.806100000e+01,1.265005255e-01,1.650364455e-02,8.372053845e-02,7.737561978e+02,false,0,1.200372349e+03,/mnt/pd/tema1/new/results/ml_samples/N2_sw0.30_x+2_i0008.h5
2,50,3.000000000e-01,1.000000000e+00,4,1.531758788e+00,1.013937498e+00,2064158703,main,rise,2.751000000e+00,1.446304184e-01,2.563513418e-02,8.075259699e-02,1.204489297e+03,false,0,2.041829830e+02,/mnt/pd/tema1/new/results/ml_samples/N2_sw0.30_x+4_i0040.h5
2,50,3.000000000e-01,1.000000000e+00,4,1.531758788e+00,1.013937498e+00,954148265,main,rise,2.511000000e+00,1.412152968e-01,2.007490899e-02,8.427089666e-02,1.204489297e+03,false,0,1.864304790e+02,/mnt/pd/tema1/new/results/ml_samples/N2_sw0.30_x+4_i0046.h5
2,50,3.000000000e-01,1.000000000e+00,4,1.531758788e+00,1.013937498e+00,1122073437,main,rise,2.851000000e+00,1.420173816e-01,1.444998661e-02,8.225068831e-02,1.204489297e+03,false,0,2.102396011e+02,/mnt/pd/tema1/new/results/ml_samples/N2_sw0.30_x+4_i0044.h5
2,50,3.000000000e-01,1.000000000e+00,4,1.531758788e+00,1.013937498e+00,733831313,main,rise,2.291000000e+00,1.427556393e-01,2.094124019e-02,8.731145865e-02,1.204489297e+03,false,0,1.735493970e+02,/mnt/pd/tema1/new/results/ml_samples/N2_sw0.30_x+4_i0056.h5
2,50,3.000000000e-01,1.000000000e+00,4,1.531758788e+00,1.013937498e+00,1985083460,main,rise,2.101000000e+00,1.436396540e-01,2.316331186e-02,8.980901903e-02,1.204489297e+03,false,0,1.594579820e+02,/mnt/pd/tema1/new/results/ml_samples/N2_sw0.30_x+4_i0062.h5
2,50,3.000000000e-01,1.000000000e+00,4,1.531758788e+00,1.013937498e+00,1834119963,main,rise,2.791000000e+00,1.273329049e-01,1.111755655e-02,9.002467057e-02,1.204489297e+03,false,0,2.069507045e+02,/mnt/pd/tema1/new/results/ml_samples/N2_sw0.30_x+4_i0048.h5
2,50,3.000000000e-01,1.000000000e+00,4,1.531758788e+00,1.013937498e+00,199007218,main,rise,2.621000000e+00,1.406066333e-01,2.173480953e-02,8.783558736e-02,1.204489297e+03,false,0,1.932837199e+02,/mnt/pd/tema1/new/results/ml_samples/N2_sw0.30_x+4_i0052.h5
2,50,3.000000000e-01,1.000000000e+00,4,1.531758788e+00,1.013937498e+00,596106804,main,rise,1.951000000e+00,1.480635316e-01,3.804631407e-02,8.491289186e-02,1.204489297e+03,false,0,1.510019200e+02,/mnt/pd/tema1/new/results/ml_samples/N2_sw0.30_x+4_i0068.h5
2,50,3.000000000e-01,1.000000000e+00,2,1.265879394e+00,8.379404087e-01,59768262,main,rise,8.481000000e+00,1.238007974e-01,2.305283571e-02,8.999657745e-02,7.737561978e+02,false,0,5.411136382e+02,/mnt/pd/tema1/new/results/ml_samples/N2_sw0.30_x+2_i0096.h5
2,50,3.000000000e-01,1.000000000e+00,4,1.531758788e+00,1.013937498e+00,1815522389,main,rise,2.151000000e+00,1.474267528e-01,3.153267912e-02,8.513104124e-02,1.204489297e+03,false,0,1.634521623e+02,/mnt/pd/tema1/new/results/ml_samples/N2_sw0.30_x+4_i0066.h5
2,50,3.000000000e-01,1.000000000e+00,4,1.531758788e+00,1.013937498e+00,1758708394,main,rise,1.941000000e+00,1.387881618e-01,1.983683305e-02,9.064222782e-02,1.204489297e+03,false,0,1.500808830e+02,/mnt/pd/tema1/new/results/ml_samples/N2_sw0.30_x+4_i0070.h5
2,50,3.000000000e-01,1.000000000e+00,4,1.531758788e+00,1.013937498e+00,1499033001,main,rise,2.561000000e+00,1.435207454e-01,1.470327674e-02,7.564479803e-02,1.204489297e+03,false,0,1.920573281e+02,/mnt/pd/tema1/new/results/ml_samples/N2_sw0.30_x+4_i0064.h5
2,50,3.000000000e-01,1.000000000e+00,4,1.531758788e+00,1.013937498e+00,934092235,main,rise,3.201000000e+00,1.465796588e-01,2.579459069e-02,8.017961004e-02,1.204489297e+03,false,0,2.328807978e+02,/mnt/pd/tema1/new/results/ml_samples/N2_sw0.30_x+4_i0050.h5
2,50,3.000000000e-01,1.000000000e+00,4,1.531758788e+00,1.013937498e+00,99913958,main,rise,3.201000000e+00,1.382240330e-01,2.392616118e-02,8.318901175e-02,1.204489297e+03,false,0,2.328482994e+02,/mnt/pd/tema1/new/results/ml_samples/N2_sw0.30_x+4_i0054.h5
2,50,3.000000000e-01,1.000000000e+00,4,1.531758788e+00,1.013937498e+00,1195118327,main,rise,2.821000000e+00,1.363626450e-01,3.076998687e-02,8.617535099e-02,1.204489297e+03,false,0,2.128545944e+02,/mnt/pd/tema1/new/results/ml_samples/N2_sw0.30_x+4_i0072.h5
2,50,3.000000000e-01,1.000000000e+00,4,1.531758788e+00,1.013937498e+00,1355667994,main,rise,3.521000000e+00,1.393416500e-01,2.064282163e-02,8.285790902e-02,1.204489297e+03,false,0,2.570821234e+02,/mnt/pd/tema1/new/results/ml_samples/N2_sw0.30_x+4_i0060.h5
2,50,3.000000000e-01,1.000000000e+00,4,1.531758788e+00,1.013937498e+00,1461058442,main,rise,5.291000000e+00,1.272318738e-01,1.098057256e-02,8.578884775e-02,1.204489297e+03,false,0,3.676857040e+02,/mnt/pd/tema1/new/results/ml_samples/N2_sw0.30_x+4_i0034.h5
2,50,3.000000000e-01,1.000000000e+00,2,1.265879394e+00,8.379404087e-01,2077848939,main,rise,1.202100000e+01,1.244985942e-01,1.959920481e-02,8.566700181e-02,7.737561978e+02,false,0,8.102944727e+02,/mnt/pd/tema1/new/results/ml_samples/N2_sw0.30_x+2_i0076.h5
2,50,3.000000000e-01,1.000000000e+00,4,1.531758788e+00,1.013937498e+00,2021016624,main,rise,3.331000000e+00,1.401141096e-01,1.511544290e-02,7.703391191e-02,1.204489297e+03,false,0,2.368727988e+02,/mnt/pd/tema1/new/results/ml_samples/N2_sw0.30_x+4_i0074.h5
2,50,3.000000000e-01,1.000000000e+00,2,1.265879394e+00,8.379404087e-01,899284602,main,rise,1.417100000e+01,1.236790385e-01,2.328000823e-02,8.221166030e-02,7.737561978e+02,false,0,9.058709642e+02,/mnt/pd/tema1/new/results/ml_samples/N2_sw0.30_x+2_i0058.h5
2,50,3.000000000e-01,1.000000000e+00,4,1.531758788e+00,1.013937498e+00,1462703252,main,rise,1.671000000e+00,1.401160265e-01,3.321573022e-02,9.064810078e-02,1.204489297e+03,false,0,1.332599124e+02,/mnt/pd/tema1/new/results/ml_samples/N2_sw0.30_x+4_i0096.h5
2,50,3.000000000e-01,1.000000000e+00,1,1.132939697e+00,7.499418643e-01,1256470370,main,fall,3.050100000e+01,1.136138245e-01,1.860691398e-02,8.960844147e-02,5.837719052e+02,false,0,1.964624991e+03,/mnt/pd/tema1/new/results/ml_samples/N2_sw0.30_x+1_i0150.h5
2,50,3.000000000e-01,1.000000000e+00,4,1.531758788e+00,1.013937498e+00,1046036753,main,rise,3.661000000e+00,1.319087639e-01,2.493564992e-02,8.573169152e-02,1.204489297e+03,false,0,2.630116169e+02,/mnt/pd/tema1/new/results/ml_samples/N2_sw0.30_x+4_i0076.h5
2,50,3.000000000e-01,1.000000000e+00,4,1.531758788e+00,1.013937498e+00,1328129385,main,rise,2.811000000e+00,1.501373139e-01,3.009653095e-02,8.676791052e-02,1.204489297e+03,false,0,2.080362174e+02,/mnt/pd/tema1/new/results/ml_samples/N2_sw0.30_x+4_i0080.h5
2,50,3.000000000e-01,1.000000000e+00,4,1.531758788e+00,1.013937498e+00,436449605,main,rise,2.801000000e+00,1.285639734e-01,1.898224606e-02,9.373492697e-02,1.204489297e+03,false,0,2.071873363e+02,/mnt/pd/tema1/new/results/ml_samples/N2_sw0.30_x+4_i0082.h5
2,50,3.000000000e-01,1.000000000e+00,4,1.531758788e+00,1.013937498e+00,401615516,main,rise,2.711000000e+00,1.391702294e-01,1.978453402e-02,8.767329753e-02,1.204489297e+03,false,0,2.016051844e+02,/mnt/pd/tema1/new/results/ml_samples/N2_sw0.30_x+4_i0088.h5
2,50,3.000000000e-01,1.000000000e+00,4,1.531758788e+00,1.013937498e+00,1186400830,main,rise,2.771000000e+00,1.228386085e-01,1.686079647e-02,9.679411217e-02,1.204489297e+03,false,0,2.034432496e+02,/mnt/pd/tema1/new/results/ml_samples/N2_sw0.30_x+4_i0086.h5
2,50,3.000000000e-01,1.000000000e+00,4,1.531758788e+00,1.013937498e+00,1044409405,main,rise,2.311000000e+00,1.425183755e-01,1.979506314e-02,8.605573016e-02,1.204489297e+03,false,0,1.746151412e+02,/mnt/pd/tema1/new/results/ml_samples/N2_sw0.30_x+4_i0094.h5
2,50,3.000000000e-01,1.000000000e+00,4,1.531758788e+00,1.013937498e+00,1690543987,main,rise,3.391000000e+00,1.301089462e-01,1.784653074e-02,9.016154142e-02,1.204489297e+03,false,0,2.451412313e+02,/mnt/pd/tema1/new/results/ml_samples/N2_sw0.30_x+4_i0084.h5
2,50,3.000000000e-01,1.000000000e+00,4,1.531758788e+00,1.013937498e+00,1030214842,main,rise,3.021000000e+00,1.288509973e-01,1.254018916e-02,8.872750293e-02,1.204489297e+03,false,0,2.213003305e+02,/mnt/pd/tema1/new/results/ml_samples/N2_sw0.30_x+4_i0092.h5
4,50,1.500000000e-01,1.000000000e+00,-4,4.788303963e-01,1.584792911e-01,497730878,main,fall,1.041000000e+00,1.139008401e-01,2.474845033e-02,1.707549499e-01,5.535660013e+00,false,0,1.957023116e+02,/mnt/pd/tema1/new/results/ml_samples/N4_sw0.15_x-4_i0000.h5
2,50,3.000000000e-01,1.000000000e+00,4,1.531758788e+00,1.013937498e+00,173229549,main,rise,3.541000000e+00,1.344160410e-01,1.849891426e-02,8.535414959e-02,1.204489297e+03,false,0,2.486794459e+02,/mnt/pd/tema1/new/results/ml_samples/N2_sw0.30_x+4_i0090.h5
4,50,1.500000000e-01,1.000000000e+00,-4,4.788303963e-01,1.584792911e-01,1857042187,main,fall,1.101000000e+00,1.359890460e-01,6.652487137e-02,1.671345359e-01,6.189242810e+00,false,0,1.952067406e+02,/mnt/pd/tema1/new/results/ml_samples/N4_sw0.15_x-4_i0012.h5
2,50,3.000000000e-01,1.000000000e+00,4,1.531758788e+00,1.013937498e+00,2074559550,main,rise,3.701000000e+00,1.343340364e-01,1.754425605e-02,8.662750678e-02,1.204489297e+03,false,0,2.627230673e+02,/mnt/pd/tema1/new/results/ml_samples/N2_sw0.30_x+4_i0098.h5
4,50,1.500000000e-01,1.000000000e+00,-4,4.788303963e-01,1.584792911e-01,1191857413,main,fall,1.331000000e+00,1.431659226e-01,4.407577589e-02,1.620055691e-01,2.100794802e+01,false,0,2.370743611e+02,/mnt/pd/tema1/new/results/ml_samples/N4_sw0.15_x-4_i0014.h5
4,50,1.500000000e-01,1.000000000e+00,-4,4.788303963e-01,1.584792911e-01,300375009,main,fall,1.431000000e+00,1.045176458e-01,4.394284872e-02,1.529565022e-01,1.884289708e+01,false,0,2.511390938e+02,/mnt/pd/tema1/new/results/ml_samples/N4_sw0.15_x-4_i0016.h5
4,50,1.500000000e-01,1.000000000e+00,-4,4.788303963e-01,1.584792911e-01,584403509,main,fall,1.301000000e+00,1.277956647e-01,3.658395301e-02,1.562312431e-01,1.698223075e+01,false,0,2.509503502e+02,/mnt/pd/tema1/new/results/ml_samples/N4_sw0.15_x-4_i0018.h5
4,50,1.500000000e-01,1.000000000e+00,-4,4.788303963e-01,1.584792911e-01,1433456224,main,fall,1.281000000e+00,1.209554048e-01,4.202616658e-02,1.691962306e-01,2.347227254e+01,false,0,2.214813848e+02,/mnt/pd/tema1/new/results/ml_samples/N4_sw0.15_x-4_i0032.h5
4,50,1.500000000e-01,1.000000000e+00,-4,4.788303963e-01,1.584792911e-01,2079190075,main,fall,1.081000000e+00,1.296363247e-01,4.734553347e-02,1.565947951e-01,3.917168662e+01,false,0,1.917911429e+02,/mnt/pd/tema1/new/results/ml_samples/N4_sw0.15_x-4_i0046.h5
4,50,1.500000000e-01,1.000000000e+00,-4,4.788303963e-01,1.584792911e-01,500892850,main,fall,2.381000000e+00,1.027610330e-01,3.367892615e-02,1.550670915e-01,5.126198522e+00,false,0,3.756691315e+02,/mnt/pd/tema1/new/results/ml_samples/N4_sw0.15_x-4_i0006.h5
4,50,1.500000000e-01,1.000000000e+00,-4,4.788303963e-01,1.584792911e-01,1356297936,main,fall,2.341000000e+00,9.375041447e-02,3.314397309e-02,1.471125080e-01,2.129840473e+01,false,0,3.751655864e+02,/mnt/pd/tema1/new/results/ml_samples/N4_sw0.15_x-4_i0008.h5
4,50,1.500000000e-01,1.000000000e+00,-4,4.788303963e-01,1.584792911e-01,1932798087,main,fall,1.311000000e+00,1.134269995e-01,5.748047570e-02,1.533621120e-01,5.272917740e+00,false,0,2.322896163e+02,/mnt/pd/tema1/new/results/ml_samples/N4_sw0.15_x-4_i0044.h5
4,50,1.500000000e-01,1.000000000e+00,-4,4.788303963e-01,1.584792911e-01,168722368,main,fall,2.021000000e+00,9.925826093e-02,2.962225331e-02,1.608192871e-01,1.086538031e+01,false,0,3.111229990e+02,/mnt/pd/tema1/new/results/ml_samples/N4_sw0.15_x-4_i0022.h5
4,50,1.500000000e-01,1.000000000e+00,-4,4.788303963e-01,1.584792911e-01,676026791,main,fall,2.151000000e+00,9.934862588e-02,2.907895641e-02,1.500370898e-01,2.317990501e+01,false,0,3.300349126e+02,/mnt/pd/tema1/new/results/ml_samples/N4_sw0.15_x-4_i0020.h5
2,50,3.000000000e-01,1.000000000e+00,4,1.531758788e+00,1.013937498e+00,764725603,main,rise,7.761000000e+00,1.401216862e-01,1.655628971e-02,7.852288940e-02,1.204489297e+03,false,0,5.256760011e+02,/mnt/pd/tema1/new/results/ml_samples/N2_sw0.30_x+4_i0078.h5
4,50,1.500000000e-01,1.000000000e+00,-4,4.788303963e-01,1.584792911e-01,2139802929,main,fall,1.941000000e+00,1.422040626e-01,5.118310663e-02,1.555997081e-01,1.482335184e+01,false,0,3.295905625e+02,/mnt/pd/tema1/new/results/ml_samples/N4_sw0.15_x-4_i0024.h5
4,50,1.500000000e-01,1.000000000e+00,-4,4.788303963e-01,1.584792911e-01,1376420400,main,fall,2.011000000e+00,1.000345181e-01,3.944840190e-02,1.636018033e-01,3.102304032e+00,false,0,3.092948821e+02,/mnt/pd/tema1/new/results/ml_samples/N4_sw0.15_x-4_i0034.h5
4,50,1.500000000e-01,1.000000000e+00,-4,4.788303963e-01,1.584792911e-01,380681312,main,fall,1.001000000e+00,1.058154080e-01,4.197971451e-02,1.684020876e-01,2.460061016e+01,false,0,1.815104298e+02,/mnt/pd/tema1/new/results/ml_samples/N4_sw0.15_x-4_i0058.h5
4,50,1.500000000e-01,1.000000000e+00,-4,4.788303963e-01,1.584792911e-01,1277706972,main,fall,1.141000000e+00,9.966111534e-02,4.152122449e-02,1.647117644e-01,1.467019498e+01,false,0,2.109980238e+02,/mnt/pd/tema1/new/results/ml_samples/N4_sw0.15_x-4_i0056.h5
4,50,1.500000000e-01,1.000000000e+00,-4,4.788303963e-01,1.584792911e-01,1554672542,main,fall,2.881000000e+00,9.209745888e-02,3.011432481e-02,1.548356597e-01,2.030225379e+01,false,0,4.854105282e+02,/mnt/pd/tema1/new/results/ml_samples/N4_sw0.15_x-4_i0004.h5
4,50,1.500000000e-01,1.000000000e+00,-4,4.788303963e-01,1.584792911e-01,706496862,main,fall,3.111000000e+00,1.052465618e-01,2.461593725e-02,1.574071997e-01,2.950175861e+01,false,0,4.685227332e+02,/mnt/pd/tema1/new/results/ml_samples/N4_sw0.15_x-4_i0010.h5
4,50,1.500000000e-01,1.000000000e+00,-4,4.788303963e-01,1.584792911e-01,1151028244,main,fall,2.491000000e+00,1.048167463e-01,3.704848730e-02,1.429447853e-01,3.087506332e+01,false,0,3.777838623e+02,/mnt/pd/tema1/new/results/ml_samples/N4_sw0.15_x-4_i0028.h5
4,50,1.500000000e-01,1.000000000e+00,-4,4.788303963e-01,1.584792911e-01,684259269,main,fall,1.911000000e+00,1.064464450e-01,4.840955159e-02,1.495047621e-01,2.730902443e+01,false,0,3.023684999e+02,/mnt/pd/tema1/new/results/ml_samples/N4_sw0.15_x-4_i0050.h5
4,50,1.500000000e-01,1.000000000e+00,-4,4.788303963e-01,1.584792911e-01,908602493,main,fall,2.511000000e+00,1.458202448e-01,3.812176186e-02,1.505623745e-01,5.986171488e+00,false,0,3.782978347e+02,/mnt/pd/tema1/new/results/ml_samples/N4_sw0.15_x-4_i0030.h5
4,50,1.500000000e-01,1.000000000e+00,-4,4.788303963e-01,1.584792911e-01,1207460613,main,fall,2.351000000e+00,1.121585797e-01,3.918244731e-02,1.585688165e-01,1.115049706e+01,false,0,3.532719912e+02,/mnt/pd/tema1/new/results/ml_samples/N4_sw0.15_x-4_i0040.h5
4,50,1.500000000e-01,1.000000000e+00,-4,4.788303963e-01,1.584792911e-01,2095531861,main,fall,2.401000000e+00,9.811587637e-02,3.153552560e-02,1.391599413e-01,1.848497893e+01,false,0,3.610630554e+02,/mnt/pd/tema1/new/results/ml_samples/N4_sw0.15_x-4_i0036.h5
4,50,1.500000000e-01,1.000000000e+00,-4,4.788303963e-01,1.584792911e-01,1727991473,main,fall,3.281000000e+00,1.134704727e-01,2.865804408e-02,1.393590286e-01,6.864623465e+00,false,0,5.174208375e+02,/mnt/pd/tema1/new/results/ml_samples/N4_sw0.15_x-4_i0002.h5
4,50,1.500000000e-01,1.000000000e+00,-4,4.788303963e-01,1.584792911e-01,968974467,main,fall,2.501000000e+00,1.143881059e-01,2.606750297e-02,1.531616440e-01,2.338828160e+01,false,0,3.807469588e+02,/mnt/pd/tema1/new/results/ml_samples/N4_sw0.15_x-4_i0038.h5
4,50,1.500000000e-01,1.000000000e+00,-4,4.788303963e-01,1.584792911e-01,847120757,main,fall,2.601000000e+00,1.386660818e-01,4.010221312e-02,1.516688214e-01,9.809657982e-01,false,0,4.280578643e+02,/mnt/pd/tema1/new/results/ml_samples/N4_sw0.15_x-4_i0026.h5
4,50,1.500000000e-01,1.000000000e+00,-4,4.788303963e-01,1.584792911e-01,358634113,main,fall,1.661000000e+00,1.083100546e-01,4.592107897e-02,1.599482308e-01,2.084507818e+01,false,0,2.699690979e+02,/mnt/pd/tema1/new/results/ml_samples/N4_sw0.15_x-4_i0060.h5
4,50,1.500000000e-01,1.000000000e+00,-4,4.788303963e-01,1.584792911e-01,1204634879,main,fall,1.161000000e+00,1.345542964e-01,4.303493715e-02,1.657338133e-01,7.202144037e+00,false,0,1.985770884e+02,/mnt/pd/tema1/new/results/ml_samples/N4_sw0.15_x-4_i0074.h5
4,50,1.500000000e-01,1.000000000e+00,-4,4.788303963e-01,1.584792911e-01,767061845,main,fall,2.731000000e+00,1.192956201e-01,5.036488816e-02,1.389540714e-01,6.095905601e+00,false,0,4.045131259e+02,/mnt/pd/tema1/new/results/ml_samples/N4_sw0.15_x-4_i0048.h5
4,50,1.500000000e-01,1.000000000e+00,-4,4.788303963e-01,1.584792911e-01,105262198,main,fall,1.801000000e+00,1.397282634e-01,6.454494497e-02,1.546746593e-01,4.176135785e+00,false,0,2.825291129e+02,/mnt/pd/tema1/new/results/ml_samples/N4_sw0.15_x-4_i0062.h5
4,50,1.500000000e-01,1.000000000e+00,-4,4.788303963e-01,1.584792911e-01,921231097,main,fall,1.361000000e+00,1.147507600e-01,5.414843461e-02,1.689366469e-01,7.522928061e+00,false,0,2.356056011e+02,/mnt/pd/tema1/new/results/ml_samples/N4_sw0.15_x-4_i0066.h5
4,50,1.500000000e-01,1.000000000e+00,-4,4.788303963e-01,1.584792911e-01,5788985,main,fall,1.401000000e+00,1.013468433e-01,3.731508859e-02,1.553862014e-01,2.015519244e+01,false,0,2.390716804e+02,/mnt/pd/tema1/new/results/ml_samples/N4_sw0.15_x-4_i0072.h5
4,50,1.500000000e-01,1.000000000e+00,-4,4.788303963e-01,1.584792911e-01,1578774489,main,fall,1.621000000e+00,1.123652308e-01,4.260251594e-02,1.592007933e-01,2.129506856e+01,false,0,2.587091597e+02,/mnt/pd/tema1/new/results/ml_samples/N4_sw0.15_x-4_i0070.h5
4,50,1.500000000e-01,1.000000000e+00,-4,4.788303963e-01,1.584792911e-01,2102271965,main,fall,3.071000000e+00,1.275158282e-01,4.386547725e-02,1.355340546e-01,5.299065332e+00,false,0,4.533233114e+02,/mnt/pd/tema1/new/results/ml_samples/N4_sw0.15_x-4_i0052.h5
4,50,1.500000000e-01,1.000000000e+00,-4,4.788303963e-01,1.584792911e-01,30382842,main,fall,1.881000000e+00,8.920413651e-02,1.892688816e-02,1.723181888e-01,3.623921661e+01,false,0,3.153977490e+02,/mnt/pd/tema1/new/results/ml_samples/N4_sw0.15_x-4_i0068.h5
4,50,1.500000000e-01,1.000000000e+00,-4,4.788303963e-01,1.584792911e-01,533315459,main,fall,1.301000000e+00,1.292883394e-01,5.446870368e-02,1.744735328e-01,3.936663207e+01,false,0,2.165484912e+02,/mnt/pd/tema1/new/results/ml_samples/N4_sw0.15_x-4_i0090.h5
4,50,1.500000000e-01,1.000000000e+00,-4,4.788303963e-01,1.584792911e-01,1904228542,main,fall,1.671000000e+00,1.055758032e-01,4.540990875e-02,1.524964816e-01,3.748519069e+01,false,0,2.658887404e+02,/mnt/pd/tema1/new/results/ml_samples/N4_sw0.15_x-4_i0084.h5
4,50,1.500000000e-01,1.000000000e+00,-4,4.788303963e-01,1.584792911e-01,1981853738,main,fall,2.521000000e+00,8.381182217e-02,2.381594778e-02,1.595962434e-01,1.027820659e+01,false,0,3.810036550e+02,/mnt/pd/tema1/new/results/ml_samples/N4_sw0.15_x-4_i0064.h5
4,50,1.500000000e-01,1.000000000e+00,-4,4.788303963e-01,1.584792911e-01,1452630207,main,fall,1.571000000e+00,9.023708900e-02,2.022184567e-02,1.630753021e-01,3.575579884e+01,false,0,2.530574185e+02,/mnt/pd/tema1/new/results/ml_samples/N4_sw0.15_x-4_i0096.h5
4,50,1.500000000e-01,1.000000000e+00,-4,4.788303963e-01,1.584792911e-01,250853616,main,fall,1.711000000e+00,1.306843609e-01,5.862280789e-02,1.501588956e-01,2.300701195e+01,false,0,3.150857483e+02,/mnt/pd/tema1/new/results/ml_samples/N4_sw0.15_x-4_i0082.h5
4,50,1.500000000e-01,1.000000000e+00,-4,4.788303963e-01,1.584792911e-01,1850993917,main,fall,1.761000000e+00,1.079876809e-01,2.216457367e-02,1.383918382e-01,2.253834847e+01,false,0,2.780021841e+02,/mnt/pd/tema1/new/results/ml_samples/N4_sw0.15_x-4_i0088.h5
4,50,1.500000000e-01,1.000000000e+00,-4,4.788303963e-01,1.584792911e-01,1023358666,main,fall,2.431000000e+00,1.309689818e-01,3.017607232e-02,1.552055522e-01,3.705216327e+01,false,0,3.618586411e+02,/mnt/pd/tema1/new/results/ml_samples/N4_sw0.15_x-4_i0080.h5
4,50,1.500000000e-01,1.000000000e+00,-4,4.788303963e-01,1.584792911e-01,1821994207,main,fall,1.721000000e+00,1.294928265e-01,5.552133286e-02,1.421328610e-01,9.562225883e+00,false,0,2.987093363e+02,/mnt/pd/tema1/new/results/ml_samples/N4_sw0.15_x-4_i0094.h5
4,50,1.500000000e-01,1.000000000e+00,-2,7.394151982e-01,2.447254755e-01,794705604,main,fall,1.301000000e+00,1.198707661e-01,3.423961869e-02,1.523742412e-01,9.611864071e+00,false,0,2.206208164e+02,/mnt/pd/tema1/new/results/ml_samples/N4_sw0.15_x-2_i0012.h5
4,50,1.500000000e-01,1.000000000e+00,-4,4.788303963e-01,1.584792911e-01,1259986267,main,fall,2.461000000e+00,1.091011343e-01,3.213512496e-02,1.482091235e-01,1.683748534e+01,false,0,3.733059801e+02,/mnt/pd/tema1/new/results/ml_samples/N4_sw0.15_x-4_i0086.h5
4,50,1.500000000e-01,1.000000000e+00,-2,7.394151982e-01,2.447254755e-01,1555038905,main,fall,2.181000000e+00,1.224732411e-01,2.118412688e-02,1.366190680e-01,1.830689784e+01,false,0,3.330604242e+02,/mnt/pd/tema1/new/results/ml_samples/N4_sw0.15_x-2_i0000.h5
2,50,3.000000000e-01,1.000000000e+00,2,1.265879394e+00,8.379404087e-01,1907915088,main,rise,2.292100000e+01,1.290743623e-01,2.578366331e-02,7.897097597e-02,7.737561978e+02,false,0,1.529400002e+03,/mnt/pd/tema1/new/results/ml_samples/N2_sw0.30_x+2_i0080.h5
4,50,1.500000000e-01,1.000000000e+00,-2,7.394151982e-01,2.447254755e-01,1252158494,main,fall,1.441000000e+00,1.157664766e-01,3.109843886e-02,1.383948907e-01,3.999285923e+00,false,0,2.380813870e+02,/mnt/pd/tema1/new/results/ml_samples/N4_sw0.15_x-2_i0018.h5
4,50,1.500000000e-01,1.000000000e+00,-4,4.788303963e-01,1.584792911e-01,572920024,main,fall,2.661000000e+00,1.392522829e-01,3.779432595e-02,1.464932675e-01,9.938293561e+00,false,0,3.929575506e+02,/mnt/pd/tema1/new/results/ml_samples/N4_sw0.15_x-4_i0092.h5
4,50,1.500000000e-01,1.000000000e+00,-4,4.788303963e-01,1.584792911e-01,915464370,main,fall,2.491000000e+00,9.561150742e-02,2.700394240e-02,1.510566001e-01,7.207648358e+00,false,0,3.832770786e+02,/mnt/pd/tema1/new/results/ml_samples/N4_sw0.15_x-4_i0098.h5
4,50,1.500000000e-01,1.000000000e+00,-2,7.394151982e-01,2.447254755e-01,676594277,main,fall,1.681000000e+00,1.098660890e-01,2.229308179e-02,1.412491381e-01,1.171961075e+01,false,0,2.676846890e+02,/mnt/pd/tema1/new/results/ml_samples/N4_sw0.15_x-2_i0020.h5
2,50,3.000000000e-01,1.000000000e+00,2,1.265879394e+00,8.379404087e-01,1844564562,main,rise,2.463100000e+01,1.183137993e-01,1.244794972e-02,8.516967872e-02,7.737561978e+02,false,0,1.624013827e+03,/mnt/pd/tema1/new/results/ml_samples/N2_sw0.30_x+2_i0084.h5
4,50,1.500000000e-01,1.000000000e+00,-2,7.394151982e-01,2.447254755e-01,1493912078,main,fall,2.871000000e+00,1.326775038e-01,4.081356444e-02,1.358373084e-01,8.329421724e+00,false,0,4.289548318e+02,/mnt/pd/tema1/new/results/ml_samples/N4_sw0.15_x-2_i0008.h5
4,50,1.500000000e-01,1.000000000e+00,-2,7.394151982e-01,2.447254755e-01,558917873,main,fall,1.701000000e+00,1.097627062e-01,1.940679206e-02,1.319078141e-01,2.926479582e+01,false,0,2.715510729e+02,/mnt/pd/tema1/new/results/ml_samples/N4_sw0.15_x-2_i0034.h5
4,50,1.500000000e-01,1.000000000e+00,-2,7.394151982e-01,2.447254755e-01,249218144,main,fall,1.881000000e+00,1.190264039e-01,2.946727491e-02,1.452599617e-01,1.790663308e+01,false,0,2.937150984e+02,/mnt/pd/tema1/new/results/ml_samples/N4_sw0.15_x-2_i0032.h5
4,50,1.500000000e-01,1.000000000e+00,-4,4.788303963e-01,1.584792911e-01,2106589527,main,fall,5.461000000e+00,1.278924792e-01,2.058996113e-02,1.355338578e-01,9.475738455e+00,false,0,8.256269466e+02,/mnt/pd/tema1/new/results/ml_samples/N4_sw0.15_x-4_i0054.h5
4,50,1.500000000e-01,1.000000000e+00,-2,7.394151982e-01,2.447254755e-01,554143934,main,fall,3.121000000e+00,1.094430161e-01,1.977947564e-02,1.281879326e-01,1.290941372e+01,false,0,4.557954984e+02,/mnt/pd/tema1/new/results/ml_samples/N4_sw0.15_x-2_i0010.h5
4,50,1.500000000e-01,1.000000000e+00,-2,7.394151982e-01,2.447254755e-01,1346173236,main,fall,3.681000000e+00,1.225956182e-01,3.360065152e-02,1.290753506e-01,3.810072506e+01,false,0,5.286026725e+02,/mnt/pd/tema1/new/results/ml_samples/N4_sw0.15_x-2_i0004.h5
4,50,1.500000000e-01,1.000000000e+00,-4,4.788303963e-01,1.584792911e-01,49639886,main,fall,4.061000000e+00,1.081548271e-01,4.178969039e-02,1.567515592e-01,1.321846648e+01,false,0,6.502800161e+02,/mnt/pd/tema1/new/results/ml_samples/N4_sw0.15_x-4_i0076.h5
4,50,1.500000000e-01,1.000000000e+00,-2,7.394151982e-01,2.447254755e-01,353353904,main,fall,3.841000000e+00,1.152842308e-01,2.547117548e-02,1.290757770e-01,2.155916673e+01,false,0,5.485053957e+02,/mnt/pd/tema1/new/results/ml_samples/N4_sw0.15_x-2_i0002.h5
4,50,1.500000000e-01,1.000000000e+00,-2,7.394151982e-01,2.447254755e-01,1184202288,main,fall,2.311000000e+00,1.112870018e-01,2.423983631e-02,1.384003733e-01,1.246863050e+01,false,0,3.498688690e+02,/mnt/pd/tema1/new/results/ml_samples/N4_sw0.15_x-2_i0028.h5
4,50,1.500000000e-01,1.000000000e+00,-4,4.788303963e-01,1.584792911e-01,717565919,main,fall,6.651000000e+00,9.044557282e-02,2.939131712e-02,1.395192969e-01,1.781991843e+01,false,0,9.143700788e+02,/mnt/pd/tema1/new/results/ml_samples/N4_sw0.15_x-4_i0042.h5
4,50,1.500000000e-01,1.000000000e+00,-2,7.394151982e-01,2.447254755e-01,1020684513,main,fall,1.921000000e+00,1.332027709e-01,2.543183577e-02,1.279603740e-01,3.595462509e+01,false,0,3.016886665e+02,/mnt/pd/tema1/new/results/ml_samples/N4_sw0.15_x-2_i0042.h5
4,50,1.500000000e-01,1.000000000e+00,-2,7.394151982e-01,2.447254755e-01,1007589317,main,fall,3.511000000e+00,1.027842321e-01,2.277473809e-02,1.398942552e-01,2.408798874e+01,false,0,5.057534606e+02,/mnt/pd/tema1/new/results/ml_samples/N4_sw0.15_x-2_i0016.h5
4,50,1.500000000e-01,1.000000000e+00,-2,7.394151982e-01,2.447254755e-01,2133430676,main,fall,1.861000000e+00,1.362658350e-01,3.814701000e-02,1.391100283e-01,3.889185058e+01,false,0,2.913077855e+02,/mnt/pd/tema1/new/results/ml_samples/N4_sw0.15_x-2_i0048.h5
4,50,1.500000000e-01,1.000000000e+00,-2,7.394151982e-01,2.447254755e-01,197260317,main,fall,1.871000000e+00,1.195965957e-01,3.068772674e-02,1.431332432e-01,3.675446111e+01,false,0,2.944744575e+02,/mnt/pd/tema1/new/results/ml_samples/N4_sw0.15_x-2_i0046.h5
4,50,1.500000000e-01,1.000000000e+00,-2,7.394151982e-01,2.447254755e-01,2069065554,main,fall,2.131000000e+00,1.211421141e-01,3.138395453e-02,1.340441341e-01,3.181566078e+01,false,0,3.243574572e+02,/mnt/pd/tema1/new/results/ml_samples/N4_sw0.15_x-2_i0052.h5
4,50,1.500000000e-01,1.000000000e+00,-2,7.394151982e-01,2.447254755e-01,638551211,main,fall,3.591000000e+00,1.441543864e-01,3.486641970e-02,1.210802991e-01,1.708430404e+01,false,0,5.184987510e+02,/mnt/pd/tema1/new/results/ml_samples/N4_sw0.15_x-2_i0024.h5
4,50,1.500000000e-01,1.000000000e+00,-2,7.394151982e-01,2.447254755e-01,226440761,main,fall,2.901000000e+00,1.069344110e-01,1.727194966e-02,1.418454511e-01,8.470716815e+00,false,0,4.277945382e+02,/mnt/pd/tema1/new/results/ml_samples/N4_sw0.15_x-2_i0040.h5
4,50,1.500000000e-01,1.000000000e+00,-2,7.394151982e-01,2.447254755e-01,1323908095,main,fall,1.351000000e+00,1.184658951e-01,4.335916479e-02,1.520922408e-01,3.889185058e+01,false,0,2.343434880e+02,/mnt/pd/tema1/new/results/ml_samples/N4_sw0.15_x-2_i0072.h5
4,50,1.500000000e-01,1.000000000e+00,-2,7.394151982e-01,2.447254755e-01,1748642835,main,fall,1.341000000e+00,1.184505101e-01,4.020712971e-02,1.477972086e-01,3.799392000e+01,false,0,2.361736636e+02,/mnt/pd/tema1/new/results/ml_samples/N4_sw0.15_x-2_i0078.h5
4,50,1.500000000e-01,1.000000000e+00,-2,7.394151982e-01,2.447254755e-01,650986589,main,fall,5.031000000e+00,1.122310687e-01,2.319287476e-02,1.254950030e-01,6.893223238e+00,false,0,7.010474277e+02,/mnt/pd/tema1/new/results/ml_samples/N4_sw0.15_x-2_i0014.h5
4,50,1.500000000e-01,1.000000000e+00,-2,7.394151982e-01,2.447254755e-01,362378590,main,fall,3.881000000e+00,1.189461221e-01,3.067858209e-02,1.277376498e-01,3.889185058e+01,false,0,5.585964738e+02,/mnt/pd/tema1/new/results/ml_samples/N4_sw0.15_x-2_i0036.h5
4,50,1.500000000e-01,1.000000000e+00,-2,7.394151982e-01,2.447254755e-01,459586976,main,fall,1.811000000e+00,1.589883897e-01,4.693626320e-02,1.307182797e-01,6.287763263e+00,false,0,2.978678946e+02,/mnt/pd/tema1/new/results/ml_samples/N4_sw0.15_x-2_i0068.h5
4,50,1.500000000e-01,1.000000000e+00,-4,4.788303963e-01,1.584792911e-01,1646184594,main,fall,6.721000000e+00,1.126501822e-01,2.320252087e-02,1.387004689e-01,3.936663207e+01,false,0,9.527538587e+02,/mnt/pd/tema1/new/results/ml_samples/N4_sw0.15_x-4_i0078.h5
4,50,1.500000000e-01,1.000000000e+00,-2,7.394151982e-01,2.447254755e-01,816574386,main,fall,3.811000000e+00,1.239485834e-01,2.770445210e-02,1.286760176e-01,2.552645629e+01,false,0,5.447026593e+02,/mnt/pd/tema1/new/results/ml_samples/N4_sw0.15_x-2_i0044.h5
4,50,1.500000000e-01,1.000000000e+00,-2,7.394151982e-01,2.447254755e-01,1616092481,main,fall,3.841000000e+00,1.160785085e-01,1.988664181e-02,1.231600756e-01,3.140545927e+01,false,0,5.485039623e+02,/mnt/pd/tema1/new/results/ml_samples/N4_sw0.15_x-2_i0050.h5
4,50,1.500000000e-01,1.000000000e+00,-2,7.394151982e-01,2.447254755e-01,622321936,main,fall,2.421000000e+00,1.081069412e-01,1.548439806e-02,1.420182767e-01,3.431038845e+01,false,0,3.632214812e+02,/mnt/pd/tema1/new/results/ml_samples/N4_sw0.15_x-2_i0076.h5
4,50,1.500000000e-01,1.000000000e+00,-2,7.394151982e-01,2.447254755e-01,1832306838,main,fall,1.251000000e+00,1.381935369e-01,5.350386975e-02,1.554322696e-01,2.826057206e+01,false,0,2.125683821e+02,/mnt/pd/tema1/new/results/ml_samples/N4_sw0.15_x-2_i0092.h5
4,50,1.500000000e-01,1.000000000e+00,-2,7.394151982e-01,2.447254755e-01,1961726598,main,fall,2.051000000e+00,1.007338975e-01,1.789533888e-02,1.502814484e-01,3.242410717e+01,false,0,3.155843395e+02,/mnt/pd/tema1/new/results/ml_samples/N4_sw0.15_x-2_i0080.h5
4,50,1.500000000e-01,1.000000000e+00,-2,7.394151982e-01,2.447254755e-01,645409027,main,fall,2.131000000e+00,1.111491028e-01,1.681474132e-02,1.391559285e-01,3.889185058e+01,false,0,3.259981305e+02,/mnt/pd/tema1/new/results/ml_samples/N4_sw0.15_x-2_i0082.h5
4,50,1.500000000e-01,1.000000000e+00,-2,7.394151982e-01,2.447254755e-01,1377273226,main,fall,3.411000000e+00,1.249481925e-01,2.125272438e-02,1.397081965e-01,2.854774979e+01,false,0,4.916412971e+02,/mnt/pd/tema1/new/results/ml_samples/N4_sw0.15_x-2_i0058.h5
4,50,1.500000000e-01,1.000000000e+00,-2,7.394151982e-01,2.447254755e-01,299727306,main,fall,2.411000000e+00,1.103677075e-01,2.390331283e-02,1.378500786e-01,8.775597676e+00,false,0,3.618099672e+02,/mnt/pd/tema1/new/results/ml_samples/N4_sw0.15_x-2_i0084.h5
4,50,1.500000000e-01,1.000000000e+00,-2,7.394151982e-01,2.447254755e-01,836840695,main,fall,5.641000000e+00,1.425395318e-01,3.449718199e-02,1.384154252e-01,2.617229784e+01,false,0,7.887586279e+02,/mnt/pd/tema1/new/results/ml_samples/N4_sw0.15_x-2_i0030.h5
4,50,1.500000000e-01,1.000000000e+00,-2,7.394151982e-01,2.447254755e-01,11723638,main,fall,2.621000000e+00,1.150446014e-01,2.577296805e-02,1.313528713e-01,3.889185058e+01,false,0,3.931606996e+02,/mnt/pd/tema1/new/results/ml_samples/N4_sw0.15_x-2_i0086.h5
4,50,1.500000000e-01,1.000000000e+00,-2,7.394151982e-01,2.447254755e-01,1934820664,main,fall,4.021000000e+00,1.426419714e-01,2.726556089e-02,1.353662498e-01,5.996591791e+00,false,0,5.706592797e+02,/mnt/pd/tema1/new/results/ml_samples/N4_sw0.15_x-2_i0060.h5
4,50,1.500000000e-01,1.000000000e+00,-2,7.394151982e-01,2.447254755e-01,335561901,main,fall,6.211000000e+00,1.169213119e-01,2.423870691e-02,1.247910222e-01,2.361429936e+01,false,0,8.661913360e+02,/mnt/pd/tema1/new/results/ml_samples/N4_sw0.15_x-2_i0026.h5
4,50,1.500000000e-01,1.000000000e+00,-2,7.394151982e-01,2.447254755e-01,844069047,main,fall,6.981000000e+00,1.138944450e-01,2.370025908e-02,1.283207102e-01,3.122136224e+01,false,0,9.575660481e+02,/mnt/pd/tema1/new/results/ml_samples/N4_sw0.15_x-2_i0022.h5
4,50,1.500000000e-01,1.000000000e+00,-2,7.394151982e-01,2.447254755e-01,2120168512,main,fall,5.521000000e+00,1.073528810e-01,2.029493839e-02,1.323313327e-01,1.101258924e+01,false,0,7.656473880e+02,/mnt/pd/tema1/new/results/ml_samples/N4_sw0.15_x-2_i0056.h5
4,50,1.500000000e-01,1.000000000e+00,-2,7.394151982e-01,2.447254755e-01,895625318,main,fall,4.781000000e+00,1.040087983e-01,9.549386269e-03,1.292395369e-01,3.398489814e+01,false,0,6.689328367e+02,/mnt/pd/tema1/new/results/ml_samples/N4_sw0.15_x-2_i0062.h5
4,50,1.500000000e-01,1.000000000e+00,-1,8.697075991e-01,2.878485677e-01,519077429,main,fall,2.031000000e+00,1.182654084e-01,2.895410338e-02,1.436771393e-01,3.284690304e+01,false,0,3.150753163e+02,/mnt/pd/tema1/new/results/ml_samples/N4_sw0.15_x-1_i0016.h5
4,50,1.500000000e-01,1.000000000e+00,-2,7.394151982e-01,2.447254755e-01,393407977,main,fall,3.151000000e+00,1.412984025e-01,3.911746036e-02,1.331527151e-01,1.807811168e+01,false,0,4.591897598e+02,/mnt/pd/tema1/new/results/ml_samples/N4_sw0.15_x-2_i0098.h5
4,50,1.500000000e-01,1.000000000e+00,-2,7.394151982e-01,2.447254755e-01,1868119731,main,fall,4.221000000e+00,1.129894159e-01,2.380790610e-02,1.344469692e-01,2.481919848e+01,false,0,5.941226451e+02,/mnt/pd/tema1/new/results/ml_samples/N4_sw0.15_x-2_i0088.h5
4,50,1.500000000e-01,1.000000000e+00,-1,8.697075991e-01,2.878485677e-01,1080700110,main,fall,1.951000000e+00,1.250837950e-01,1.536882508e-02,1.344600498e-01,1.749879469e+01,false,0,3.017272002e+02,/mnt/pd/tema1/new/results/ml_samples/N4_sw0.15_x-1_i0024.h5
4,50,1.500000000e-01,1.000000000e+00,-1,8.697075991e-01,2.878485677e-01,1308163149,main,fall,3.241000000e+00,1.243521818e-01,1.487161915e-02,1.267040907e-01,4.664341935e+01,false,0,4.708584305e+02,/mnt/pd/tema1/new/results/ml_samples/N4_sw0.15_x-1_i0006.h5
4,50,1.500000000e-01,1.000000000e+00,-2,7.394151982e-01,2.447254755e-01,873338735,main,fall,5.721000000e+00,1.239299006e-01,3.410363321e-02,1.255471124e-01,8.182647776e+00,false,0,8.098311256e+02,/mnt/pd/tema1/new/results/ml_samples/N4_sw0.15_x-2_i0070.h5
4,50,1.500000000e-01,1.000000000e+00,-2,7.394151982e-01,2.447254755e-01,1697017759,main,fall,5.981000000e+00,1.072268757e-01,1.459839669e-02,1.270183151e-01,3.889185058e+01,false,0,8.251293871e+02,/mnt/pd/tema1/new/results/ml_samples/N4_sw0.15_x-2_i0064.h5
4,50,1.500000000e-01,1.000000000e+00,-1,8.697075991e-01,2.878485677e-01,82411030,main,fall,2.351000000e+00,1.191455757e-01,1.896026498e-02,1.318153809e-01,4.579812718e+01,false,0,3.539606555e+02,/mnt/pd/tema1/new/results/ml_samples/N4_sw0.15_x-1_i0022.h5
4,50,1.500000000e-01,1.000000000e+00,-1,8.697075991e-01,2.878485677e-01,539007204,main,fall,2.041000000e+00,1.298188209e-01,2.540912798e-02,1.300045596e-01,4.664341935e+01,false,0,3.141869040e+02,/mnt/pd/tema1/new/results/ml_samples/N4_sw0.15_x-1_i0028.h5
4,50,1.500000000e-01,1.000000000e+00,-1,8.697075991e-01,2.878485677e-01,1821688217,main,fall,3.141000000e+00,1.227496764e-01,2.775065149e-02,1.302983387e-01,4.664341935e+01,false,0,4.619280287e+02,/mnt/pd/tema1/new/results/ml_samples/N4_sw0.15_x-1_i0012.h5
4,50,1.500000000e-01,1.000000000e+00,-1,8.697075991e-01,2.878485677e-01,54360876,main,fall,2.811000000e+00,1.175006682e-01,2.122420650e-02,1.333472915e-01,1.693730502e+01,false,0,4.118743466e+02,/mnt/pd/tema1/new/results/ml_samples/N4_sw0.15_x-1_i0026.h5
4,50,1.500000000e-01,1.000000000e+00,-1,8.697075991e-01,2.878485677e-01,1454974734,main,fall,3.861000000e+00,1.327386008e-01,4.013545049e-02,1.304446484e-01,4.398181631e+01,false,0,5.164033443e+02,/mnt/pd/tema1/new/results/ml_samples/N4_sw0.15_x-1_i0020.h5
4,50,1.500000000e-01,1.000000000e+00,-1,8.697075991e-01,2.878485677e-01,909340352,main,fall,2.861000000e+00,1.303213833e-01,3.856800348e-02,1.328231160e-01,1.448805901e+01,false,0,4.205545486e+02,/mnt/pd/tema1/new/results/ml_samples/N4_sw0.15_x-1_i0030.h5
4,50,1.500000000e-01,1.000000000e+00,-1,8.697075991e-01,2.878485677e-01,704121052,main,fall,4.661000000e+00,1.200796080e-01,1.491746225e-02,1.270685432e-01,4.664341935e+01,false,0,6.601671184e+02,/mnt/pd/tema1/new/results/ml_samples/N4_sw0.15_x-1_i0008.h5
4,50,1.500000000e-01,1.000000000e+00,-2,7.394151982e-01,2.447254755e-01,201318411,main,fall,9.711000000e+00,1.110423393e-01,1.765134963e-02,1.247649736e-01,2.762993055e+01,false,0,1.316348637e+03,/mnt/pd/tema1/new/results/ml_samples/N4_sw0.15_x-2_i0038.h5
4,50,1.500000000e-01,1.000000000e+00,-1,8.697075991e-01,2.878485677e-01,1541555973,main,fall,1.991000000e+00,1.278466484e-01,3.603439168e-02,1.344816262e-01,4.265910637e+01,false,0,3.134518964e+02,/mnt/pd/tema1/new/results/ml_samples/N4_sw0.15_x-1_i0040.h5
4,50,1.500000000e-01,1.000000000e+00,-2,7.394151982e-01,2.447254755e-01,1207616901,main,fall,1.179100000e+01,1.164433931e-01,2.542282818e-02,1.262339060e-01,3.013083487e+00,false,0,1.580509527e+03,/mnt/pd/tema1/new/results/ml_samples/N4_sw0.15_x-2_i0006.h5
4,50,1.500000000e-01,1.000000000e+00,-1,8.697075991e-01,2.878485677e-01,2075495954,main,fall,2.561000000e+00,1.176341397e-01,1.589099161e-02,1.345656594e-01,4.664341935e+01,false,0,3.810548848e+02,/mnt/pd/tema1/new/results/ml_samples/N4_sw0.15_x-1_i0038.h5
4,50,1.500000000e-01,1.000000000e+00,-1,8.697075991e-01,2.878485677e-01,553108464,main,fall,5.911000000e+00,1.154964875e-01,1.091811277e-02,1.244375197e-01,4.664341935e+01,false,0,8.183310069e+02,/mnt/pd/tema1/new/results/ml_samples/N4_sw0.15_x-1_i0002.h5
4,50,1.500000000e-01,1.000000000e+00,-2,7.394151982e-01,2.447254755e-01,1016235890,main,fall,7.051000000e+00,9.730737383e-02,9.107273241e-03,1.358656384e-01,1.753924872e+01,false,0,9.617773498e+02,/mnt/pd/tema1/new/results/ml_samples/N4_sw0.15_x-2_i0090.h5
4,50,1.500000000e-01,1.000000000e+00,-1,8.697075991e-01,2.878485677e-01,1340907769,main,fall,2.941000000e+00,1.185584455e-01,2.279389756e-02,1.288979331e-01,3.102659081e+01,false,0,4.298769815e+02,/mnt/pd/tema1/new/results/ml_samples/N4_sw0.15_x-1_i0042.h5
4,50,1.500000000e-01,1.000000000e+00,-1,8.697075991e-01,2.878485677e-01,1669496306,main,fall,1.801000000e+00,1.256095079e-01,2.175413605e-02,1.240141798e-01,4.664341935e+01,false,0,2.852919407e+02,/mnt/pd/tema1/new/results/ml_samples/N4_sw0.15_x-1_i0056.h5
4,50,1.500000000e-01,1.000000000e+00,-2,7.394151982e-01,2.447254755e-01,474066888,main,fall,7.081000000e+00,1.192300519e-01,2.062554663e-02,1.285364904e-01,3.889185058e+01,false,0,9.687709407e+02,/mnt/pd/tema1/new/results/ml_samples/N4_sw0.15_x-2_i0094.h5
4,50,1.500000000e-01,1.000000000e+00,-1,8.697075991e-01,2.878485677e-01,1317383622,main,fall,3.081000000e+00,1.475663350e-01,3.806751872e-02,1.193475932e-01,4.066263931e+01,false,0,4.497455974e+02,/mnt/pd/tema1/new/results/ml_samples/N4_sw0.15_x-1_i0044.h5
4,50,1.500000000e-01,1.000000000e+00,-1,8.697075991e-01,2.878485677e-01,2002678637,main,fall,2.931000000e+00,1.230192150e-01,2.796949695e-02,1.310618739e-01,4.664341935e+01,false,0,4.337489668e+02,/mnt/pd/tema1/new/results/ml_samples/N4_sw0.15_x-1_i0050.h5
4,50,1.500000000e-01,1.000000000e+00,-2,7.394151982e-01,2.447254755e-01,1953912610,main,fall,8.011000000e+00,1.041388296e-01,1.753649991e-02,1.341894782e-01,3.130972957e+01,false,0,1.089809859e+03,/mnt/pd/tema1/new/results/ml_samples/N4_sw0.15_x-2_i0096.h5
4,50,1.500000000e-01,1.000000000e+00,-1,8.697075991e-01,2.878485677e-01,1861170498,main,fall,7.921000000e+00,1.234698585e-01,1.641692868e-02,1.187411654e-01,4.664341935e+01,false,0,1.079515288e+03,/mnt/pd/tema1/new/results/ml_samples/N4_sw0.15_x-1_i0000.h5
4,50,1.500000000e-01,1.000000000e+00,-1,8.697075991e-01,2.878485677e-01,1915423949,main,fall,2.151000000e+00,1.178871196e-01,1.980788987e-02,1.343604266e-01,4.664341935e+01,false,0,3.289267596e+02,/mnt/pd/tema1/new/results/ml_samples/N4_sw0.15_x-1_i0064.h5
4,50,1.500000000e-01,1.000000000e+00,-1,8.697075991e-01,2.878485677e-01,809265032,main,fall,4.781000000e+00,1.341774713e-01,2.374178444e-02,1.218084758e-01,3.742483366e+01,false,0,6.698542495e+02,/mnt/pd/tema1/new/results/ml_samples/N4_sw0.15_x-1_i0052.h5
4,50,1.500000000e-01,1.000000000e+00,-2,7.394151982e-01,2.447254755e-01,36497778,main,fall,1.149100000e+01,1.241786596e-01,2.779377450e-02,1.244229473e-01,3.889185058e+01,false,0,1.554401023e+03,/mnt/pd/tema1/new/results/ml_samples/N4_sw0.15_x-2_i0066.h5
4,50,1.500000000e-01,1.000000000e+00,-1,8.697075991e-01,2.878485677e-01,484482132,main,fall,7.241000000e+00,1.227441595e-01,1.211023665e-02,1.213002166e-01,2.866890081e+01,false,0,9.892810172e+02,/mnt/pd/tema1/new/results/ml_samples/N4_sw0.15_x-1_i0034.h5
4,50,1.500000000e-01,1.000000000e+00,-1,8.697075991e-01,2.878485677e-01,435069613,main,fall,3.331000000e+00,1.227479810e-01,2.504071514e-02,1.253881499e-01,4.313580924e+01,false,0,4.830829997e+02,/mnt/pd/tema1/new/results/ml_samples/N4_sw0.15_x-1_i0078.h5
4,50,1.500000000e-01,1.000000000e+00,-1,8.697075991e-01,2.878485677e-01,1646127490,main,fall,7.871000000e+00,1.200033578e-01,1.357086881e-02,1.130389324e-01,4.664341935e+01,false,0,1.074191171e+03,/mnt/pd/tema1/new/results/ml_samples/N4_sw0.15_x-1_i0032.h5
4,50,1.500000000e-01,1.000000000e+00,-2,7.394151982e-01,2.447254755e-01,1235436942,main,fall,1.488100000e+01,1.132296447e-01,1.851223368e-02,1.217056239e-01,3.243205683e+01,false,0,1.982861793e+03,/mnt/pd/tema1/new/results/ml_samples/N4_sw0.15_x-2_i0054.h5
4,50,1.500000000e-01,1.000000000e+00,-1,8.697075991e-01,2.878485677e-01,218958173,main,fall,6.571000000e+00,1.340403698e-01,1.826208692e-02,1.105359496e-01,4.107854611e+01,false,0,8.993834340e+02,/mnt/pd/tema1/new/results/ml_samples/N4_sw0.15_x-1_i0068.h5
4,50,1.500000000e-01,1.000000000e+00,-1,8.697075991e-01,2.878485677e-01,490594108,main,fall,1.269100000e+01,1.175311936e-01,1.773143381e-02,1.281367483e-01,4.664341935e+01,false,0,1.719762085e+03,/mnt/pd/tema1/new/results/ml_samples/N4_sw0.15_x-1_i0014.h5
4,50,1.500000000e-01,1.000000000e+00,-2,7.394151982e-01,2.447254755e-01,657387276,main,fall,1.562100000e+01,1.197695286e-01,1.529924183e-02,1.208076665e-01,2.319721376e+01,false,0,2.082640113e+03,/mnt/pd/tema1/new/results/ml_samples/N4_sw0.15_x-2_i0074.h5
4,50,1.500000000e-01,1.000000000e+00,-1,8.697075991e-01,2.878485677e-01,1379317966,main,fall,3.641000000e+00,1.143339653e-01,2.064427833e-02,1.358274541e-01,3.497375878e+01,false,0,5.213376201e+02,/mnt/pd/tema1/new/results/ml_samples/N4_sw0.15_x-1_i0096.h5
4,50,1.500000000e-01,1.000000000e+00,-1,8.697075991e-01,2.878485677e-01,1867947983,main,fall,5.831000000e+00,1.249978382e-01,2.323699060e-02,1.159258835e-01,4.329913145e+01,false,0,8.110327283e+02,/mnt/pd/tema1/new/results/ml_samples/N4_sw0.15_x-1_i0088.h5
4,50,1.500000000e-01,1.000000000e+00,-1,8.697075991e-01,2.878485677e-01,370274488,main,fall,6.971000000e+00,1.148343617e-01,1.890511196e-02,1.265557608e-01,1.286007477e+01,false,0,9.491732618e+02,/mnt/pd/tema1/new/results/ml_samples/N4_sw0.15_x-1_i0084.h5
4,50,1.500000000e-01,1.000000000e+00,-1,8.697075991e-01,2.878485677e-01,1887447653,main,fall,2.151000000e+00,1.188392133e-01,2.520879594e-02,1.307251514e-01,4.658043647e+01,false,0,3.303125649e+02,/mnt/pd/tema1/new/results/ml_samples/N4_sw0.15_x-1_i0104.h5
4,50,1.500000000e-01,1.000000000e+00,-1,8.697075991e-01,2.878485677e-01,1746054548,main,rise,1.162100000e+01,1.195447298e-01,1.362457972e-02,1.198414546e-01,3.768491066e+01,false,0,1.552116815e+03,/mnt/pd/tema1/new/results/ml_samples/N4_sw0.15_x-1_i0046.h5
4,50,1.500000000e-01,1.000000000e+00,-1,8.697075991e-01,2.878485677e-01,86473587,main,rise,9.301000000e+00,1.311966675e-01,2.425620946e-02,1.193260833e-01,4.129451298e+01,false,0,1.256195805e+03,/mnt/pd/tema1/new/results/ml_samples/N4_sw0.15_x-1_i0072.h5
4,50,1.500000000e-01,1.000000000e+00,-1,8.697075991e-01,2.878485677e-01,1875284734,main,fall,1.851000000e+00,1.287100600e-01,2.285452104e-02,1.315922420e-01,4.664341935e+01,false,0,2.923208191e+02,/mnt/pd/tema1/new/results/ml_samples/N4_sw0.15_x-1_i0106.h5
4,50,1.500000000e-01,1.000000000e+00,-1,8.697075991e-01,2.878485677e-01,1123010619,main,rise,1.214100000e+01,1.334722486e-01,2.293635710e-02,1.138883327e-01,4.664341935e+01,false,0,1.627463775e+03,/mnt/pd/tema1/new/results/ml_samples/N4_sw0.15_x-1_i0048.h5
4,50,1.500000000e-01,1.000000000e+00,-1,8.697075991e-01,2.878485677e-01,175346089,main,fall,8.221000000e+00,1.205268784e-01,2.214577047e-02,1.172945968e-01,4.353852341e+01,false,0,1.115150002e+03,/mnt/pd/tema1/new/results/ml_samples/N4_sw0.15_x-1_i0090.h5
4,50,1.500000000e-01,1.000000000e+00,-1,8.697075991e-01,2.878485677e-01,474754347,main,fall,2.341000000e+00,1.266971293e-01,1.310879351e-02,1.330729105e-01,4.321885242e+01,false,0,3.532216629e+02,/mnt/pd/tema1/new/results/ml_samples/N4_sw0.15_x-1_i0110.h5
4,50,1.500000000e-01,1.000000000e+00,-1,8.697075991e-01,2.878485677e-01,1932953517,main,rise,1.244100000e+01,1.193218569e-01,1.572024417e-02,1.238073115e-01,4.492140483e+01,false,0,1.662083597e+03,/mnt/pd/tema1/new/results/ml_samples/N4_sw0.15_x-1_i0070.h5
4,50,1.500000000e-01,1.000000000e+00,-1,8.697075991e-01,2.878485677e-01,440156124,main,fall,2.981000000e+00,1.455936402e-01,3.937494494e-02,1.264277938e-01,4.021721566e+01,false,0,4.369591043e+02,/mnt/pd/tema1/new/results/ml_samples/N4_sw0.15_x-1_i0118.h5
4,50,1.500000000e-01,1.000000000e+00,-1,8.697075991e-01,2.878485677e-01,147237874,main,fall,1.437100000e+01,1.238977839e-01,1.396780457e-02,1.130359390e-01,4.508873246e+01,false,0,1.921412133e+03,/mnt/pd/tema1/new/results/ml_samples/N4_sw0.15_x-1_i0062.h5
4,50,1.500000000e-01,1.000000000e+00,-1,8.697075991e-01,2.878485677e-01,589528299,main,rise,1.008100000e+01,1.228920659e-01,1.159750760e-02,1.231027588e-01,4.664341935e+01,false,0,1.368777784e+03,/mnt/pd/tema1/new/results/ml_samples/N4_sw0.15_x-1_i0098.h5
4,50,1.500000000e-01,1.000000000e+00,-1,8.697075991e-01,2.878485677e-01,1857568064,main,fall,4.641000000e+00,1.264702948e-01,1.931737459e-02,1.198028847e-01,4.629498444e+01,false,0,6.513153146e+02,/mnt/pd/tema1/new/results/ml_samples/N4_sw0.15_x-1_i0124.h5
4,50,1.500000000e-01,1.000000000e+00,-1,8.697075991e-01,2.878485677e-01,1804729480,main,rise,1.824100000e+01,1.168158039e-01,1.143294732e-02,1.195420463e-01,4.664341935e+01,false,0,2.420806413e+03,/mnt/pd/tema1/new/results/ml_samples/N4_sw0.15_x-1_i0036.h5
4,50,1.500000000e-01,1.000000000e+00,-1,8.697075991e-01,2.878485677e-01,340172037,main,fall,2.271000000e+00,1.209870869e-01,2.792346409e-02,1.368427846e-01,3.645446281e+01,false,0,3.561712581e+02,/mnt/pd/tema1/new/results/ml_samples/N4_sw0.15_x-1_i0132.h5
4,50,1.500000000e-01,1.000000000e+00,-1,8.697075991e-01,2.878485677e-01,240831706,main,fall,4.731000000e+00,1.139043051e-01,1.761842887e-02,1.187992221e-01,4.541818167e+01,false,0,6.673005669e+02,/mnt/pd/tema1/new/results/ml_samples/N4_sw0.15_x-1_i0126.h5
4,50,1.500000000e-01,1.000000000e+00,-1,8.697075991e-01,2.878485677e-01,652213205,main,fall,5.421000000e+00,1.402128903e-01,2.663831109e-02,1.256521944e-01,4.664341935e+01,false,0,7.534979695e+02,/mnt/pd/tema1/new/results/ml_samples/N4_sw0.15_x-1_i0128.h5
4,50,1.500000000e-01,1.000000000e+00,-1,8.697075991e-01,2.878485677e-01,1116832541,main,rise,7.141000000e+00,1.204370365e-01,1.719445814e-02,1.207955876e-01,4.664341935e+01,false,0,9.778919204e+02,/mnt/pd/tema1/new/results/ml_samples/N4_sw0.15_x-1_i0116.h5
4,50,1.500000000e-01,1.000000000e+00,-1,8.697075991e-01,2.878485677e-01,419330788,main,fall,1.247100000e+01,1.275089380e-01,2.233589967e-02,1.157827160e-01,4.512865177e+00,false,0,1.575328863e+03,/mnt/pd/tema1/new/results/ml_samples/N4_sw0.15_x-1_i0100.h5
4,50,1.500000000e-01,1.000000000e+00,-1,8.697075991e-01,2.878485677e-01,1358858862,main,fall,8.911000000e+00,1.164894297e-01,1.375872829e-02,1.265968162e-01,4.664341935e+01,false,0,1.185876929e+03,/mnt/pd/tema1/new/results/ml_samples/N4_sw0.15_x-1_i0108.h5
4,50,1.500000000e-01,1.000000000e+00,-1,8.697075991e-01,2.878485677e-01,300824517,main,fall,1.561100000e+01,1.199499043e-01,1.487966944e-02,1.258947419e-01,4.664341935e+01,false,0,2.075785975e+03,/mnt/pd/tema1/new/results/ml_samples/N4_sw0.15_x-1_i0082.h5
4,50,1.500000000e-01,1.000000000e+00,-1,8.697075991e-01,2.878485677e-01,1341485079,main,fall,2.861000000e+00,1.234594464e-01,1.634919953e-02,1.219815944e-01,4.664341935e+01,false,0,4.451686236e+02,/mnt/pd/tema1/new/results/ml_samples/N4_sw0.15_x-1_i0134.h5
4,50,1.500000000e-01,1.000000000e+00,-1,8.697075991e-01,2.878485677e-01,1801204957,main,fall,1.965100000e+01,1.218877127e-01,1.647589400e-02,1.139922421e-01,4.664341935e+01,false,0,2.600132616e+03,/mnt/pd/tema1/new/results/ml_samples/N4_sw0.15_x-1_i0054.h5
4,50,1.500000000e-01,1.000000000e+00,-1,8.697075991e-01,2.878485677e-01,1555909130,main,fall,2.111000000e+00,1.238395705e-01,2.380593112e-02,1.390233174e-01,4.134255194e+01,false,0,3.165754357e+02,/mnt/pd/tema1/new/results/ml_samples/N4_sw0.15_x-1_i0140.h5
4,50,1.500000000e-01,1.000000000e+00,-1,8.697075991e-01,2.878485677e-01,1087258912,main,fall,5.331000000e+00,1.143764564e-01,1.490158306e-02,1.302760896e-01,2.370393635e+01,false,0,7.417700265e+02,/mnt/pd/tema1/new/results/ml_samples/N4_sw0.15_x-1_i0130.h5
4,50,1.500000000e-01,1.000000000e+00,-1,8.697075991e-01,2.878485677e-01,1093106519,main,fall,3.221000000e+00,1.163225202e-01,2.920126912e-02,1.306785333e-01,3.140724113e+01,false,0,4.677447094e+02,/mnt/pd/tema1/new/results/ml_samples/N4_sw0.15_x-1_i0136.h5
4,50,1.500000000e-01,1.000000000e+00,-1,8.697075991e-01,2.878485677e-01,1889113456,main,fall,2.261000000e+00,1.130800964e-01,2.426566674e-02,1.397810447e-01,4.078710049e+01,false,0,3.429837198e+02,/mnt/pd/tema1/new/results/ml_samples/N4_sw0.15_x-1_i0146.h5
4,50,1.500000000e-01,1.000000000e+00,-1,8.697075991e-01,2.878485677e-01,652087127,main,fall,2.101000000e+00,1.313561611e-01,3.701095142e-02,1.284739029e-01,3.334983380e+01,false,0,3.243843297e+02,/mnt/pd/tema1/new/results/ml_samples/N4_sw0.15_x-1_i0152.h5
4,50,1.500000000e-01,1.000000000e+00,-1,8.697075991e-01,2.878485677e-01,1543165971,main,fall,2.631000000e+00,1.223703754e-01,3.452267822e-02,1.322878556e-01,4.664341935e+01,false,0,3.924451588e+02,/mnt/pd/tema1/new/results/ml_samples/N4_sw0.15_x-1_i0148.h5
4,50,1.500000000e-01,1.000000000e+00,-1,8.697075991e-01,2.878485677e-01,1263114511,main,fall,1.875100000e+01,1.214351515e-01,1.757923238e-02,1.187015750e-01,3.553541867e+01,false,0,2.494037670e+03,/mnt/pd/tema1/new/results/ml_samples/N4_sw0.15_x-1_i0080.h5
4,50,1.500000000e-01,1.000000000e+00,-1,8.697075991e-01,2.878485677e-01,251603508,main,fall,1.005100000e+01,1.216640288e-01,2.292701952e-02,1.184654525e-01,3.437901860e+01,false,0,1.360641976e+03,/mnt/pd/tema1/new/results/ml_samples/N4_sw0.15_x-1_i0122.h5
4,50,1.500000000e-01,1.000000000e+00,-1,8.697075991e-01,2.878485677e-01,905307459,main,rise,1.826100000e+01,1.188575738e-01,1.200927387e-02,1.184932883e-01,2.914346973e+01,false,0,2.422155809e+03,/mnt/pd/tema1/new/results/ml_samples/N4_sw0.15_x-1_i0086.h5
4,50,1.500000000e-01,1.000000000e+00,-1,8.697075991e-01,2.878485677e-01,152493256,main,fall,4.861000000e+00,1.207302528e-01,1.516302951e-02,1.334101979e-01,4.404105270e+01,false,0,6.808580795e+02,/mnt/pd/tema1/new/results/ml_samples/N4_sw0.15_x-1_i0138.h5
4,50,1.500000000e-01,1.000000000e+00,-1,8.697075991e-01,2.878485677e-01,859440707,main,fall,2.593100000e+01,1.226076842e-01,1.534898857e-02,1.140363251e-01,1.982278005e+01,false,0,3.395343499e+03,/mnt/pd/tema1/new/results/ml_samples/N4_sw0.15_x-1_i0010.h5
4,50,1.500000000e-01,1.000000000e+00,-1,8.697075991e-01,2.878485677e-01,1584405519,main,fall,2.721000000e+00,1.324817127e-01,3.975791490e-02,1.248894207e-01,4.423378043e+01,false,0,4.035156866e+02,/mnt/pd/tema1/new/results/ml_samples/N4_sw0.15_x-1_i0156.h5
4,50,1.500000000e-01,1.000000000e+00,-1,8.697075991e-01,2.878485677e-01,1800618473,main,fall,1.236100000e+01,1.203453785e-01,1.314257751e-02,1.163453062e-01,3.889806598e+01,false,0,1.650753158e+03,/mnt/pd/tema1/new/results/ml_samples/N4_sw0.15_x-1_i0114.h5
4,50,1.500000000e-01,1.000000000e+00,-1,8.697075991e-01,2.878485677e-01,1610131683,main,fall,3.141000000e+00,1.166931047e-01,1.267361354e-02,1.213739414e-01,4.549066466e+01,false,0,4.585023827e+02,/mnt/pd/tema1/new/results/ml_samples/N4_sw0.15_x-1_i0158.h5
4,50,1.500000000e-01,1.000000000e+00,-1,8.697075991e-01,2.878485677e-01,588744238,main,fall,2.991000000e+00,1.147322438e-01,2.351565034e-02,1.324034336e-01,4.664341935e+01,false,0,4.366932205e+02,/mnt/pd/tema1/new/results/ml_samples/N4_sw0.15_x-1_i0168.h5
4,50,1.500000000e-01,1.000000000e+00,-1,8.697075991e-01,2.878485677e-01,105919107,main,fall,4.301000000e+00,1.110441434e-01,1.005107697e-02,1.283723383e-01,4.298360384e+01,false,0,6.083429821e+02,/mnt/pd/tema1/new/results/ml_samples/N4_sw0.15_x-1_i0160.h5
4,50,1.500000000e-01,1.000000000e+00,-1,8.697075991e-01,2.878485677e-01,331072924,main,fall,2.671000000e+00,1.164030409e-01,2.000372642e-02,1.317674136e-01,4.347122359e+01,false,0,3.992935854e+02,/mnt/pd/tema1/new/results/ml_samples/N4_sw0.15_x-1_i0170.h5
4,50,1.500000000e-01,1.000000000e+00,-1,8.697075991e-01,2.878485677e-01,147596067,main,fall,1.921100000e+01,1.250885478e-01,1.631470194e-02,1.152407820e-01,3.668353619e+01,false,0,2.544084394e+03,/mnt/pd/tema1/new/results/ml_samples/N4_sw0.15_x-1_i0094.h5
4,50,1.500000000e-01,1.000000000e+00,-1,8.697075991e-01,2.878485677e-01,899387608,main,fall,1.700100000e+01,1.283813835e-01,2.348672496e-02,1.180770804e-01,4.211507913e+01,false,0,2.371772515e+03,/mnt/pd/tema1/new/results/ml_samples/N4_sw0.15_x-1_i0102.h5
4,50,1.500000000e-01,1.000000000e+00,-1,8.697075991e-01,2.878485677e-01,587595715,main,fall,5.081000000e+00,1.212649255e-01,2.029406446e-02,1.294435506e-01,4.664341935e+01,false,0,7.106802334e+02,/mnt/pd/tema1/new/results/ml_samples/N4_sw0.15_x-1_i0162.h5
4,50,1.500000000e-01,1.000000000e+00,-1,8.697075991e-01,2.878485677e-01,1914171424,main,fall,3.861000000e+00,1.364954155e-01,2.909136868e-02,1.337996357e-01,4.664341935e+01,false,0,5.509439080e+02,/mnt/pd/tema1/new/results/ml_samples/N4_sw0.15_x-1_i0172.h5
4,50,1.500000000e-01,1.000000000e+00,-1,8.697075991e-01,2.878485677e-01,1968536629,main,fall,3.531000000e+00,1.304272120e-01,2.016712490e-02,1.243708987e-01,4.664341935e+01,false,0,5.081199964e+02,/mnt/pd/tema1/new/results/ml_samples/N4_sw0.15_x-1_i0182.h5
4,50,1.500000000e-01,1.000000000e+00,-1,8.697075991e-01,2.878485677e-01,1629739607,main,fall,1.331000000e+00,1.386371021e-01,4.485194931e-02,1.425947301e-01,4.664341935e+01,false,0,2.241172781e+02,/mnt/pd/tema1/new/results/ml_samples/N4_sw0.15_x-1_i0194.h5
4,50,1.500000000e-01,1.000000000e+00,-1,8.697075991e-01,2.878485677e-01,2026076879,main,fall,9.841000000e+00,1.257471925e-01,1.786665147e-02,1.172684878e-01,4.664341935e+01,false,0,1.327858129e+03,/mnt/pd/tema1/new/results/ml_samples/N4_sw0.15_x-1_i0144.h5
4,50,1.500000000e-01,1.000000000e+00,-1,8.697075991e-01,2.878485677e-01,1146777162,main,rise,2.558100000e+01,1.239384837e-01,1.801036882e-02,1.176784660e-01,3.781220028e+01,false,0,3.375211354e+03,/mnt/pd/tema1/new/results/ml_samples/N4_sw0.15_x-1_i0074.h5
4,50,1.500000000e-01,1.000000000e+00,-1,8.697075991e-01,2.878485677e-01,239110791,main,fall,3.341000000e+00,1.158739151e-01,1.471154984e-02,1.312996266e-01,4.664341935e+01,false,0,4.849725040e+02,/mnt/pd/tema1/new/results/ml_samples/N4_sw0.15_x-1_i0190.h5
4,50,1.500000000e-01,1.000000000e+00,-1,8.697075991e-01,2.878485677e-01,1465349254,main,fall,3.185100000e+01,1.153608254e-01,1.087727398e-02,1.222086557e-01,2.044153624e+01,false,0,4.210894121e+03,/mnt/pd/tema1/new/results/ml_samples/N4_sw0.15_x-1_i0004.h5
4,50,1.500000000e-01,1.000000000e+00,-1,8.697075991e-01,2.878485677e-01,1492437800,main,fall,2.511000000e+00,1.234499579e-01,2.289627237e-02,1.240744272e-01,4.172380305e+01,false,0,3.698121919e+02,/mnt/pd/tema1/new/results/ml_samples/N4_sw0.15_x-1_i0196.h5
4,50,1.500000000e-01,1.000000000e+00,0,1.000000000e+00,3.309716599e-01,1814009440,main,fall,1.901000000e+00,1.504365659e-01,3.196828958e-02,1.336502587e-01,6.176760971e+01,false,0,2.965155905e+02,/mnt/pd/tema1/new/results/ml_samples/N4_sw0.15_x+0_i0002.h5
4,50,1.500000000e-01,1.000000000e+00,-1,8.697075991e-01,2.878485677e-01,1695190569,main,fall,4.011000000e+00,1.151813992e-01,1.339459259e-02,1.353587072e-01,4.664341935e+01,false,0,5.712168761e+02,/mnt/pd/tema1/new/results/ml_samples/N4_sw0.15_x-1_i0192.h5
4,50,1.500000000e-01,1.000000000e+00,-1,8.697075991e-01,2.878485677e-01,1552367852,main,fall,2.358100000e+01,1.249298670e-01,2.198080593e-02,1.176350934e-01,4.664341935e+01,false,0,3.131524525e+03,/mnt/pd/tema1/new/results/ml_samples/N4_sw0.15_x-1_i0092.h5
4,50,1.500000000e-01,1.000000000e+00,-1,8.697075991e-01,2.878485677e-01,1042073270,main,fall,1.911100000e+01,1.328617309e-01,1.902241349e-02,1.094392089e-01,2.355831498e+01,false,0,2.543574845e+03,/mnt/pd/tema1/new/results/ml_samples/N4_sw0.15_x-1_i0112.h5
4,50,1.500000000e-01,1.000000000e+00,-1,8.697075991e-01,2.878485677e-01,1286953715,main,fall,2.899100000e+01,1.273060135e-01,1.778265261e-02,1.174568687e-01,4.406849485e+01,false,0,3.896191502e+03,/mnt/pd/tema1/new/results/ml_samples/N4_sw0.15_x-1_i0058.h5
4,50,1.500000000e-01,1.000000000e+00,-1,8.697075991e-01,2.878485677e-01,1264216116,main,fall,1.035100000e+01,1.297308653e-01,2.174050982e-02,1.141872802e-01,4.664341935e+01,false,0,1.391436885e+03,/mnt/pd/tema1/new/results/ml_samples/N4_sw0.15_x-1_i0164.h5
4,50,1.500000000e-01,1.000000000e+00,-1,8.697075991e-01,2.878485677e-01,240510617,main,fall,2.917100000e+01,1.238061233e-01,1.982697578e-02,1.179425060e-01,2.599003082e+01,false,0,3.751707594e+03,/mnt/pd/tema1/new/results/ml_samples/N4_sw0.15_x-1_i0076.h5
4,50,1.500000000e-01,1.000000000e+00,-1,8.697075991e-01,2.878485677e-01,1260975997,main,fall,6.741000000e+00,1.128295775e-01,1.728900748e-02,1.259181534e-01,3.005301261e+01,false,0,9.249299669e+02,/mnt/pd/tema1/new/results/ml_samples/N4_sw0.15_x-1_i0188.h5
4,50,1.500000000e-01,1.000000000e+00,0,1.000000000e+00,3.309716599e-01,1971435487,main,fall,3.521000000e+00,1.377066432e-01,3.384421381e-02,1.266012568e-01,6.176760971e+01,false,0,5.085342712e+02,/mnt/pd/tema1/new/results/ml_samples/N4_sw0.15_x+0_i0010.h5
4,50,1.500000000e-01,1.000000000e+00,-1,8.697075991e-01,2.878485677e-01,1028268683,main,fall,1.457100000e+01,1.221362242e-01,1.841501357e-02,1.249503723e-01,3.796912577e+01,false,0,1.948774024e+03,/mnt/pd/tema1/new/results/ml_samples/N4_sw0.15_x-1_i0142.h5
4,50,1.500000000e-01,1.000000000e+00,-1,8.697075991e-01,2.878485677e-01,462312591,main,fall,7.021000000e+00,1.193281605e-01,1.577979834e-02,1.192227825e-01,3.721400325e+01,false,0,9.594911377e+02,/mnt/pd/tema1/new/results/ml_samples/N4_sw0.15_x-1_i0198.h5
4,50,1.500000000e-01,1.000000000e+00,-1,8.697075991e-01,2.878485677e-01,265924862,main,rise,9.561000000e+00,1.295767496e-01,2.084395813e-02,1.183699217e-01,4.189891534e+01,false,0,1.289312693e+03,/mnt/pd/tema1/new/results/ml_samples/N4_sw0.15_x-1_i0186.h5
4,50,1.500000000e-01,1.000000000e+00,-1,8.697075991e-01,2.878485677e-01,194976306,main,fall,1.084100000e+01,1.172251472e-01,2.126082186e-02,1.191341655e-01,3.121621424e+01,false,0,1.451971769e+03,/mnt/pd/tema1/new/results/ml_samples/N4_sw0.15_x-1_i0178.h5
4,50,1.500000000e-01,1.000000000e+00,0,1.000000000e+00,3.309716599e-01,1448356341,main,fall,2.091000000e+00,1.198396845e-01,1.113813027e-02,1.317840671e-01,1.878988101e+01,false,0,3.218367475e+02,/mnt/pd/tema1/new/results/ml_samples/N4_sw0.15_x+0_i0026.h5
4,50,1.500000000e-01,1.000000000e+00,-1,8.697075991e-01,2.878485677e-01,50036629,main,fall,1.131100000e+01,1.243235132e-01,1.654126669e-02,1.080301379e-01,1.234138095e+01,false,0,1.518711943e+03,/mnt/pd/tema1/new/results/ml_samples/N4_sw0.15_x-1_i0176.h5
4,50,1.500000000e-01,1.000000000e+00,-1,8.697075991e-01,2.878485677e-01,1477640655,main,fall,3.317100000e+01,1.312781884e-01,2.504489836e-02,1.157099387e-01,4.319868849e+01,false,0,4.350833465e+03,/mnt/pd/tema1/new/results/ml_samples/N4_sw0.15_x-1_i0060.h5
4,50,1.500000000e-01,1.000000000e+00,0,1.000000000e+00,3.309716599e-01,2050834632,main,fall,6.351000000e+00,1.285678523e-01,1.333021020e-02,1.118584425e-01,1.768933748e+01,false,0,8.693734893e+02,/mnt/pd/tema1/new/results/ml_samples/N4_sw0.15_x+0_i0014.h5
4,50,1.500000000e-01,1.000000000e+00,-1,8.697075991e-01,2.878485677e-01,674166275,main,fall,1.226100000e+01,1.274838650e-01,1.997663231e-02,1.174983389e-01,4.664341935e+01,false,0,1.642339979e+03,/mnt/pd/tema1/new/results/ml_samples/N4_sw0.15_x-1_i0184.h5
4,50,1.500000000e-01,1.000000000e+00,0,1.000000000e+00,3.309716599e-01,328233704,main,fall,3.421000000e+00,1.328601992e-01,1.794411688e-02,1.226140274e-01,6.176760971e+01,false,0,4.949586249e+02,/mnt/pd/tema1/new/results/ml_samples/N4_sw0.15_x+0_i0032.h5
4,50,1.500000000e-01,1.000000000e+00,0,1.000000000e+00,3.309716599e-01,589424259,main,fall,8.961000000e+00,1.260901348e-01,1.688631774e-02,1.166096366e-01,1.480445859e+01,false,0,1.097571478e+03,/mnt/pd/tema1/new/results/ml_samples/N4_sw0.15_x+0_i0016.h5
4,50,1.500000000e-01,1.000000000e+00,0,1.000000000e+00,3.309716599e-01,942067952,main,fall,8.721000000e+00,1.312613439e-01,1.495963940e-02,1.129781741e-01,6.176760971e+01,false,0,1.174215980e+03,/mnt/pd/tema1/new/results/ml_samples/N4_sw0.15_x+0_i0018.h5
4,50,1.500000000e-01,1.000000000e+00,0,1.000000000e+00,3.309716599e-01,1597007901,main,fall,4.881000000e+00,1.295441922e-01,1.520452249e-02,1.186666041e-01,5.265967555e+01,false,0,6.852228097e+02,/mnt/pd/tema1/new/results/ml_samples/N4_sw0.15_x+0_i0042.h5
4,50,1.500000000e-01,1.000000000e+00,-1,8.697075991e-01,2.878485677e-01,292427979,main,rise,3.719100000e+01,1.265327011e-01,1.750454825e-02,1.163007830e-01,4.664341935e+01,false,0,4.889888642e+03,/mnt/pd/tema1/new/results/ml_samples/N4_sw0.15_x-1_i0066.h5
4,50,1.500000000e-01,1.000000000e+00,-1,8.697075991e-01,2.878485677e-01,1637694271,main,fall,1.694100000e+01,1.182275468e-01,1.564107462e-02,1.224640718e-01,4.630987917e+01,false,0,2.239640338e+03,/mnt/pd/tema1/new/results/ml_samples/N4_sw0.15_x-1_i0174.h5
4,50,1.500000000e-01,1.000000000e+00,0,1.000000000e+00,3.309716599e-01,1665760337,main,fall,7.691000000e+00,1.276640288e-01,8.892425122e-03,1.136061311e-01,5.816872713e+01,false,0,1.018663638e+03,/mnt/pd/tema1/new/results/ml_samples/N4_sw0.15_x+0_i0040.h5
4,50,1.500000000e-01,1.000000000e+00,0,1.000000000e+00,3.309716599e-01,1194763628,main,fall,1.298100000e+01,1.319981533e-01,1.527320734e-02,1.094314052e-01,7.319171845e+00,false,0,1.732595615e+03,/mnt/pd/tema1/new/results/ml_samples/N4_sw0.15_x+0_i0012.h5
4,50,1.500000000e-01,1.000000000e+00,-1,8.697075991e-01,2.878485677e-01,1322337702,main,fall,4.515100000e+01,1.246341132e-01,1.886944259e-02,1.187165829e-01,4.664341935e+01,false,0,5.900815527e+03,/mnt/pd/tema1/new/results/ml_samples/N4_sw0.15_x-1_i0018.h5
4,50,1.500000000e-01,1.000000000e+00,0,1.000000000e+00,3.309716599e-01,803582796,main,fall,5.461000000e+00,1.358567204e-01,2.446048401e-02,1.295012043e-01,6.176760971e+01,false,0,7.638744488e+02,/mnt/pd/tema1/new/results/ml_samples/N4_sw0.15_x+0_i0054.h5
4,50,1.500000000e-01,1.000000000e+00,-1,8.697075991e-01,2.878485677e-01,1148240391,main,fall,2.510100000e+01,1.184191473e-01,1.341418174e-02,1.192450643e-01,4.664341935e+01,false,0,3.170011615e+03,/mnt/pd/tema1/new/results/ml_samples/N4_sw0.15_x-1_i0150.h5
4,50,1.500000000e-01,1.000000000e+00,0,1.000000000e+00,3.309716599e-01,1415915731,main,fall,2.231000000e+00,1.388147387e-01,3.437893305e-02,1.199104494e-01,6.176760971e+01,false,0,3.380250703e+02,/mnt/pd/tema1/new/results/ml_samples/N4_sw0.15_x+0_i0068.h5
4,50,1.500000000e-01,1.000000000e+00,0,1.000000000e+00,3.309716599e-01,866487309,main,fall,1.392100000e+01,1.301081024e-01,1.571844670e-02,1.143912486e-01,6.176760971e+01,false,0,1.624338494e+03,/mnt/pd/tema1/new/results/ml_samples/N4_sw0.15_x+0_i0034.h5
4,50,1.500000000e-01,1.000000000e+00,0,1.000000000e+00,3.309716599e-01,1431354337,main,fall,1.734100000e+01,1.295739932e-01,1.243659247e-02,1.099543089e-01,5.826978114e+01,false,0,2.301536768e+03,/mnt/pd/tema1/new/results/ml_samples/N4_sw0.15_x+0_i0006.h5
4,50,1.500000000e-01,1.000000000e+00,0,1.000000000e+00,3.309716599e-01,2021039887,main,rise,2.032100000e+01,1.286859331e-01,1.055413442e-02,1.089970262e-01,6.176760971e+01,false,0,2.684339285e+03,/mnt/pd/tema1/new/results/ml_samples/N4_sw0.15_x+0_i0000.h5
4,50,1.500000000e-01,1.000000000e+00,0,1.000000000e+00,3.309716599e-01,1082818140,main,fall,2.831000000e+00,1.281066820e-01,1.711222218e-02,1.217353045e-01,5.067911881e+00,false,0,3.929129669e+02,/mnt/pd/tema1/new/results/ml_samples/N4_sw0.15_x+0_i0078.h5
4,50,1.500000000e-01,1.000000000e+00,0,1.000000000e+00,3.309716599e-01,1233630055,main,fall,5.721000000e+00,1.232610192e-01,1.417150946e-02,1.218642447e-01,6.176760971e+01,false,0,7.915267791e+02,/mnt/pd/tema1/new/results/ml_samples/N4_sw0.15_x+0_i0070.h5
4,50,1.500000000e-01,1.000000000e+00,0,1.000000000e+00,3.309716599e-01,60730760,main,rise,6.121000000e+00,1.283617520e-01,1.898357973e-02,1.206851116e-01,5.750996160e+01,false,0,8.427937508e+02,/mnt/pd/tema1/new/results/ml_samples/N4_sw0.15_x+0_i0072.h5
4,50,1.500000000e-01,1.000000000e+00,0,1.000000000e+00,3.309716599e-01,1256306241,main,fall,1.410100000e+01,1.302553286e-01,1.479018050e-02,1.152711854e-01,6.030404621e+01,false,0,1.882079941e+03,/mnt/pd/tema1/new/results/ml_samples/N4_sw0.15_x+0_i0048.h5
4,50,1.500000000e-01,1.000000000e+00,0,1.000000000e+00,3.309716599e-01,1608816677,main,fall,1.641100000e+01,1.272962846e-01,1.021563569e-02,1.144204793e-01,6.176760971e+01,false,0,2.150761182e+03,/mnt/pd/tema1/new/results/ml_samples/N4_sw0.15_x+0_i0038.h5
4,50,1.500000000e-01,1.000000000e+00,-1,8.697075991e-01,2.878485677e-01,1573150682,main,fall,3.855100000e+01,1.318737664e-01,1.895350124e-02,1.124800373e-01,3.423226081e+01,false,0,5.046479201e+03,/mnt/pd/tema1/new/results/ml_samples/N4_sw0.15_x-1_i0120.h5
4,50,1.500000000e-01,1.000000000e+00,-1,8.697075991e-01,2.878485677e-01,1469736966,main,fall,3.118100000e+01,1.161003527e-01,1.370405635e-02,1.178862706e-01,4.664341935e+01,false,0,4.095694721e+03,/mnt/pd/tema1/new/results/ml_samples/N4_sw0.15_x-1_i0166.h5
4,50,1.500000000e-01,1.000000000e+00,0,1.000000000e+00,3.309716599e-01,1796039535,main,fall,2.569100000e+01,1.365723037e-01,2.064067348e-02,1.145950145e-01,5.342663543e+01,false,0,3.381447710e+03,/mnt/pd/tema1/new/results/ml_samples/N4_sw0.15_x+0_i0004.h5
4,50,1.500000000e-01,1.000000000e+00,0,1.000000000e+00,3.309716599e-01,649638898,main,fall,1.319100000e+01,1.249915977e-01,8.341088446e-03,1.115716945e-01,5.725563929e+01,false,0,1.751152920e+03,/mnt/pd/tema1/new/results/ml_samples/N4_sw0.15_x+0_i0062.h5
4,50,1.500000000e-01,1.000000000e+00,0,1.000000000e+00,3.309716599e-01,1609753009,main,fall,1.148100000e+01,1.303032269e-01,1.573815862e-02,1.147097855e-01,6.176760971e+01,false,0,1.525765142e+03,/mnt/pd/tema1/new/results/ml_samples/N4_sw0.15_x+0_i0066.h5
4,50,1.500000000e-01,1.000000000e+00,0,1.000000000e+00,3.309716599e-01,1232351261,main,fall,2.523100000e+01,1.294575321e-01,1.433750495e-02,1.164847246e-01,5.730014817e+01,false,0,3.322857591e+03,/mnt/pd/tema1/new/results/ml_samples/N4_sw0.15_x+0_i0008.h5
4,50,1.500000000e-01,1.000000000e+00,0,1.000000000e+00,3.309716599e-01,516606836,main,fall,2.422100000e+01,1.252926338e-01,1.161175802e-02,1.156234698e-01,6.176760971e+01,false,0,3.166053257e+03,/mnt/pd/tema1/new/results/ml_samples/N4_sw0.15_x+0_i0022.h5
4,50,1.500000000e-01,1.000000000e+00,0,1.000000000e+00,3.309716599e-01,880877822,main,rise,8.831000000e+00,1.356307599e-01,1.554799685e-02,1.118438715e-01,6.176760971e+01,false,0,1.194402476e+03,/mnt/pd/tema1/new/results/ml_samples/N4_sw0.15_x+0_i0076.h5
4,50,1.500000000e-01,1.000000000e+00,0,1.000000000e+00,3.309716599e-01,1266652584,main,fall,8.341000000e+00,1.288269749e-01,1.492151716e-02,1.184074644e-01,6.176760971e+01,false,0,1.129683782e+03,/mnt/pd/tema1/new/results/ml_samples/N4_sw0.15_x+0_i0080.h5
4,50,1.500000000e-01,1.000000000e+00,0,1.000000000e+00,3.309716599e-01,1116812963,main,fall,2.075100000e+01,1.263218039e-01,1.225912501e-02,1.120763506e-01,6.176760971e+01,false,0,2.737041148e+03,/mnt/pd/tema1/new/results/ml_samples/N4_sw0.15_x+0_i0046.h5
4,50,1.500000000e-01,1.000000000e+00,0,1.000000000e+00,3.309716599e-01,495211417,main,rise,6.761000000e+00,1.302300615e-01,1.231219779e-02,1.154563784e-01,3.428388036e+01,false,0,9.258111753e+02,/mnt/pd/tema1/new/results/ml_samples/N4_sw0.15_x+0_i0090.h5
4,50,1.500000000e-01,1.000000000e+00,0,1.000000000e+00,3.309716599e-01,1483510890,main,rise,2.856100000e+01,1.275984268e-01,1.262812311e-02,1.125307711e-01,6.176760971e+01,false,0,3.643566778e+03,/mnt/pd/tema1/new/results/ml_samples/N4_sw0.15_x+0_i0020.h5
4,50,1.500000000e-01,1.000000000e+00,0,1.000000000e+00,3.309716599e-01,1016191972,main,fall,7.751000000e+00,1.327304820e-01,1.637752843e-02,1.201079779e-01,6.176760971e+01,false,0,1.056817905e+03,/mnt/pd/tema1/new/results/ml_samples/N4_sw0.15_x+0_i0086.h5
4,50,1.500000000e-01,1.000000000e+00,0,1.000000000e+00,3.309716599e-01,1609068176,main,fall,2.061100000e+01,1.277085477e-01,1.055613582e-02,1.150765477e-01,5.876515134e+01,false,0,2.692499601e+03,/mnt/pd/tema1/new/results/ml_samples/N4_sw0.15_x+0_i0056.h5
4,50,1.500000000e-01,1.000000000e+00,0,1.000000000e+00,3.309716599e-01,268155735,main,fall,7.161000000e+00,1.323679865e-01,1.233632860e-02,1.152208364e-01,6.176760971e+01,false,0,9.203691450e+02,/mnt/pd/tema1/new/results/ml_samples/N4_sw0.15_x+0_i0094.h5
4,50,1.500000000e-01,1.000000000e+00,0,1.000000000e+00,3.309716599e-01,1351942965,main,fall,1.877100000e+01,1.220227131e-01,1.124153558e-02,1.166087043e-01,6.176760971e+01,false,0,2.491430377e+03,/mnt/pd/tema1/new/results/ml_samples/N4_sw0.15_x+0_i0064.h5
4,50,1.500000000e-01,1.000000000e+00,0,1.000000000e+00,3.309716599e-01,141651651,main,fall,1.044100000e+01,1.233193569e-01,1.302739553e-02,1.219284368e-01,6.176760971e+01,false,0,1.473010307e+03,/mnt/pd/tema1/new/results/ml_samples/N4_sw0.15_x+0_i0088.h5
4,50,1.500000000e-01,1.000000000e+00,0,1.000000000e+00,3.309716599e-01,1235000287,main,rise,3.051100000e+01,1.357503945e-01,1.455154594e-02,1.113553257e-01,6.176760971e+01,false,0,3.943982424e+03,/mnt/pd/tema1/new/results/ml_samples/N4_sw0.15_x+0_i0024.h5
4,50,1.500000000e-01,1.000000000e+00,0,1.000000000e+00,3.309716599e-01,1247368918,main,fall,3.131000000e+00,1.244004269e-01,2.606130568e-02,1.291533713e-01,6.176760971e+01,false,0,4.586233355e+02,/mnt/pd/tema1/new/results/ml_samples/N4_sw0.15_x+0_i0116.h5
4,50,1.500000000e-01,1.000000000e+00,0,1.000000000e+00,3.309716599e-01,809798604,main,fall,2.720100000e+01,1.281081049e-01,1.604137890e-02,1.191375203e-01,5.346188258e+01,false,0,3.575466552e+03,/mnt/pd/tema1/new/results/ml_samples/N4_sw0.15_x+0_i0044.h5
4,50,1.500000000e-01,1.000000000e+00,0,1.000000000e+00,3.309716599e-01,2081701587,main,fall,2.862100000e+01,1.296305921e-01,9.870841681e-03,1.124254720e-01,6.176760971e+01,false,0,3.749529605e+03,/mnt/pd/tema1/new/results/ml_samples/N4_sw0.15_x+0_i0036.h5
4,50,1.500000000e-01,1.000000000e+00,0,1.000000000e+00,3.309716599e-01,1834158304,main,fall,8.041000000e+00,1.244055812e-01,1.646320467e-02,1.172494441e-01,2.084477476e+01,false,0,1.100675593e+03,/mnt/pd/tema1/new/results/ml_samples/N4_sw0.15_x+0_i0102.h5
4,50,1.500000000e-01,1.000000000e+00,0,1.000000000e+00,3.309716599e-01,2006083988,main,fall,2.330100000e+01,1.296914095e-01,1.144446089e-02,1.167789866e-01,3.537265205e+01,false,0,3.072834771e+03,/mnt/pd/tema1/new/results/ml_samples/N4_sw0.15_x+0_i0058.h5
4,50,1.500000000e-01,1.000000000e+00,0,1.000000000e+00,3.309716599e-01,277492756,main,fall,9.061000000e+00,1.339133771e-01,1.593967825e-02,1.164385593e-01,5.496701419e+01,false,0,1.118044250e+03,/mnt/pd/tema1/new/results/ml_samples/N4_sw0.15_x+0_i0106.h5
4,50,1.500000000e-01,1.000000000e+00,0,1.000000000e+00,3.309716599e-01,2051330470,main,fall,1.481000000e+00,1.325561291e-01,3.614219398e-02,1.390946979e-01,2.815530133e+01,false,0,2.431423670e+02,/mnt/pd/tema1/new/results/ml_samples/N4_sw0.15_x+0_i0132.h5
4,50,1.500000000e-01,1.000000000e+00,0,1.000000000e+00,3.309716599e-01,262091907,main,fall,3.221000000e+00,1.173100748e-01,9.947523180e-03,1.325428820e-01,6.176760971e+01,false,0,4.668371122e+02,/mnt/pd/tema1/new/results/ml_samples/N4_sw0.15_x+0_i0122.h5
4,50,1.500000000e-01,1.000000000e+00,0,1.000000000e+00,3.309716599e-01,45007211,main,fall,4.271000000e+00,1.341719744e-01,1.897639619e-02,1.297240696e-01,6.176760971e+01,false,0,6.037398833e+02,/mnt/pd/tema1/new/results/ml_samples/N4_sw0.15_x+0_i0120.h5
4,50,1.500000000e-01,1.000000000e+00,0,1.000000000e+00,3.309716599e-01,535222864,main,rise,2.834100000e+01,1.255524874e-01,9.911711055e-03,1.183593765e-01,6.176760971e+01,false,0,3.808114574e+03,/mnt/pd/tema1/new/results/ml_samples/N4_sw0.15_x+0_i0050.h5
4,50,1.500000000e-01,1.000000000e+00,0,1.000000000e+00,3.309716599e-01,222893067,main,fall,1.791000000e+00,1.192098118e-01,1.560310845e-02,1.416621482e-01,6.176760971e+01,false,0,2.808962955e+02,/mnt/pd/tema1/new/results/ml_samples/N4_sw0.15_x+0_i0140.h5
4,50,1.500000000e-01,1.000000000e+00,0,1.000000000e+00,3.309716599e-01,1937369246,main,fall,1.296100000e+01,1.385642818e-01,2.316085752e-02,1.076132044e-01,6.176760971e+01,false,0,1.732886342e+03,/mnt/pd/tema1/new/results/ml_samples/N4_sw0.15_x+0_i0096.h5
4,50,1.500000000e-01,1.000000000e+00,0,1.000000000e+00,3.309716599e-01,2130936315,main,fall,2.471000000e+00,1.269360618e-01,2.655751279e-02,1.308941582e-01,1.713202653e+01,false,0,3.800273059e+02,/mnt/pd/tema1/new/results/ml_samples/N4_sw0.15_x+0_i0144.h5
4,50,1.500000000e-01,1.000000000e+00,0,1.000000000e+00,3.309716599e-01,454628729,main,fall,5.731000000e+00,1.221422831e-01,1.466010061e-02,1.191697381e-01,5.281470784e+01,false,0,7.917881302e+02,/mnt/pd/tema1/new/results/ml_samples/N4_sw0.15_x+0_i0134.h5
4,50,1.500000000e-01,1.000000000e+00,0,1.000000000e+00,3.309716599e-01,1971140957,main,fall,1.161100000e+01,1.259192118e-01,1.729492877e-02,1.153613399e-01,6.176760971e+01,false,0,1.449074524e+03,/mnt/pd/tema1/new/results/ml_samples/N4_sw0.15_x+0_i0114.h5
4,50,1.500000000e-01,1.000000000e+00,0,1.000000000e+00,3.309716599e-01,236471662,main,rise,7.141000000e+00,1.421800996e-01,2.429783917e-02,1.092279069e-01,6.176760971e+01,false,0,9.597807589e+02,/mnt/pd/tema1/new/results/ml_samples/N4_sw0.15_x+0_i0130.h5
4,50,1.500000000e-01,1.000000000e+00,0,1.000000000e+00,3.309716599e-01,15729797,main,rise,1.516100000e+01,1.361711893e-01,2.207658285e-02,1.152734491e-01,6.176760971e+01,false,0,1.991341468e+03,/mnt/pd/tema1/new/results/ml_samples/N4_sw0.15_x+0_i0108.h5
4,50,1.500000000e-01,1.000000000e+00,0,1.000000000e+00,3.309716599e-01,1875613215,main,rise,1.048100000e+01,1.320482090e-01,1.609855895e-02,1.112832199e-01,5.527456699e+01,false,0,1.411496515e+03,/mnt/pd/tema1/new/results/ml_samples/N4_sw0.15_x+0_i0128.h5
4,50,1.500000000e-01,1.000000000e+00,0,1.000000000e+00,3.309716599e-01,1292613927,main,fall,3.711000000e+00,1.396057115e-01,1.551709886e-02,1.210866216e-01,6.176760971e+01,false,0,5.313498167e+02,/mnt/pd/tema1/new/results/ml_samples/N4_sw0.15_x+0_i0156.h5
4,50,1.500000000e-01,1.000000000e+00,0,1.000000000e+00,3.309716599e-01,725957845,main,rise,2.213100000e+01,1.325903804e-01,1.733008410e-02,1.168960140e-01,6.176760971e+01,false,0,2.916966365e+03,/mnt/pd/tema1/new/results/ml_samples/N4_sw0.15_x+0_i0092.h5
4,50,1.500000000e-01,1.000000000e+00,0,1.000000000e+00,3.309716599e-01,1238374253,main,fall,4.451000000e+00,1.262870454e-01,2.006769106e-02,1.251843087e-01,5.956457550e+01,false,0,6.289827779e+02,/mnt/pd/tema1/new/results/ml_samples/N4_sw0.15_x+0_i0158.h5
4,50,1.500000000e-01,1.000000000e+00,0,1.000000000e+00,3.309716599e-01,1446225525,main,fall,2.086100000e+01,1.301383124e-01,1.183779045e-02,1.103296890e-01,6.028808244e+01,false,0,2.750266506e+03,/mnt/pd/tema1/new/results/ml_samples/N4_sw0.15_x+0_i0098.h5
4,50,1.500000000e-01,1.000000000e+00,0,1.000000000e+00,3.309716599e-01,845940292,main,fall,2.058100000e+01,1.309255068e-01,1.491400530e-02,1.171248941e-01,6.176760971e+01,false,0,2.707977264e+03,/mnt/pd/tema1/new/results/ml_samples/N4_sw0.15_x+0_i0100.h5
4,50,1.500000000e-01,1.000000000e+00,0,1.000000000e+00,3.309716599e-01,272856733,main,fall,4.219100000e+01,1.297225013e-01,1.593806360e-02,1.143490658e-01,6.176760971e+01,false,0,5.540250799e+03,/mnt/pd/tema1/new/results/ml_samples/N4_sw0.15_x+0_i0028.h5
4,50,1.500000000e-01,1.000000000e+00,0,1.000000000e+00,3.309716599e-01,181130528,main,fall,1.521000000e+00,1.399024490e-01,3.074150433e-02,1.238713757e-01,5.804331825e+01,false,0,2.489832082e+02,/mnt/pd/tema1/new/results/ml_samples/N4_sw0.15_x+0_i0166.h5
4,50,1.500000000e-01,1.000000000e+00,0,1.000000000e+00,3.309716599e-01,1612273772,main,fall,9.801000000e+00,1.244138124e-01,1.801013368e-02,1.183739009e-01,6.176760971e+01,false,0,1.319473254e+03,/mnt/pd/tema1/new/results/ml_samples/N4_sw0.15_x+0_i0146.h5
4,50,1.500000000e-01,1.000000000e+00,0,1.000000000e+00,3.309716599e-01,1832188885,main,fall,9.071000000e+00,1.312736197e-01,1.764542301e-02,1.140152209e-01,6.176760971e+01,false,0,1.224902140e+03,/mnt/pd/tema1/new/results/ml_samples/N4_sw0.15_x+0_i0148.h5
4,50,1.500000000e-01,1.000000000e+00,0,1.000000000e+00,3.309716599e-01,24490626,main,fall,2.501000000e+00,1.130152462e-01,9.807172150e-03,1.373014798e-01,6.176760971e+01,false,0,3.724749227e+02,/mnt/pd/tema1/new/results/ml_samples/N4_sw0.15_x+0_i0170.h5
4,50,1.500000000e-01,1.000000000e+00,0,1.000000000e+00,3.309716599e-01,1788302405,main,fall,3.491000000e+00,1.167699853e-01,8.599384821e-03,1.335318953e-01,6.015668860e+01,false,0,5.015943541e+02,/mnt/pd/tema1/new/results/ml_samples/N4_sw0.15_x+0_i0168.h5
4,50,1.500000000e-01,1.000000000e+00,0,1.000000000e+00,3.309716599e-01,949530572,main,rise,1.857100000e+01,1.288582533e-01,1.197963920e-02,1.155909762e-01,6.176760971e+01,false,0,2.460319909e+03,/mnt/pd/tema1/new/results/ml_samples/N4_sw0.15_x+0_i0118.h5
4,50,1.500000000e-01,1.000000000e+00,0,1.000000000e+00,3.309716599e-01,677154953,main,fall,2.541000000e+00,1.246877703e-01,2.394568558e-02,1.306340826e-01,6.176760971e+01,false,0,3.795149134e+02,/mnt/pd/tema1/new/results/ml_samples/N4_sw0.15_x+0_i0176.h5
4,50,1.500000000e-01,1.000000000e+00,0,1.000000000e+00,3.309716599e-01,1586645536,main,fall,1.673100000e+01,1.241772721e-01,1.294924753e-02,1.185248391e-01,6.176760971e+01,false,0,2.225834391e+03,/mnt/pd/tema1/new/results/ml_samples/N4_sw0.15_x+0_i0126.h5
4,50,1.500000000e-01,1.000000000e+00,0,1.000000000e+00,3.309716599e-01,1181844396,main,fall,3.021000000e+00,1.331632903e-01,2.021532714e-02,1.316251342e-01,5.554345012e+01,false,0,4.423725052e+02,/mnt/pd/tema1/new/results/ml_samples/N4_sw0.15_x+0_i0178.h5
4,50,1.500000000e-01,1.000000000e+00,0,1.000000000e+00,3.309716599e-01,1058355295,main,rise,2.288100000e+01,1.270160310e-01,1.347025828e-02,1.172402926e-01,6.176760971e+01,false,0,3.016642928e+03,/mnt/pd/tema1/new/results/ml_samples/N4_sw0.15_x+0_i0110.h5
4,50,1.500000000e-01,1.000000000e+00,0,1.000000000e+00,3.309716599e-01,323041199,main,fall,1.815100000e+01,1.233446071e-01,1.024500883e-02,1.194299796e-01,6.176760971e+01,false,0,2.388570713e+03,/mnt/pd/tema1/new/results/ml_samples/N4_sw0.15_x+0_i0124.h5
4,50,1.500000000e-01,1.000000000e+00,-1,8.697075991e-01,2.878485677e-01,578435115,main,timeout,6.000100000e+01,1.245982736e-01,1.471560629e-02,1.144515617e-01,4.664341935e+01,false,0,7.837693859e+03,/mnt/pd/tema1/new/results/ml_samples/N4_sw0.15_x-1_i0154.h5
4,50,1.500000000e-01,1.000000000e+00,0,1.000000000e+00,3.309716599e-01,1757804087,main,fall,4.891000000e+00,1.203194361e-01,2.083178787e-02,1.283623120e-01,6.176760971e+01,false,0,6.859959590e+02,/mnt/pd/tema1/new/results/ml_samples/N4_sw0.15_x+0_i0172.h5
4,50,1.500000000e-01,1.000000000e+00,0,1.000000000e+00,3.309716599e-01,1950047668,main,fall,5.681000000e+00,1.182161256e-01,1.405537850e-02,1.293050234e-01,6.176760971e+01,false,0,7.860139837e+02,/mnt/pd/tema1/new/results/ml_samples/N4_sw0.15_x+0_i0174.h5
4,50,1.500000000e-01,1.000000000e+00,0,1.000000000e+00,3.309716599e-01,1486433054,main,fall,1.961000000e+00,1.308402401e-01,2.384189363e-02,1.347558737e-01,6.176760971e+01,false,0,3.041748956e+02,/mnt/pd/tema1/new/results/ml_samples/N4_sw0.15_x+0_i0192.h5
4,50,1.500000000e-01,1.000000000e+00,0,1.000000000e+00,3.309716599e-01,879469154,main,fall,3.771000000e+00,1.237763017e-01,2.088361045e-02,1.302678195e-01,2.478302918e+01,false,0,5.364982059e+02,/mnt/pd/tema1/new/results/ml_samples/N4_sw0.15_x+0_i0182.h5
4,50,1.500000000e-01,1.000000000e+00,-1,8.697075991e-01,2.878485677e-01,1977408785,main,fall,5.847100000e+01,1.264543594e-01,2.123157721e-02,1.185186714e-01,4.547931106e+01,false,0,7.618689462e+03,/mnt/pd/tema1/new/results/ml_samples/N4_sw0.15_x-1_i0180.h5
4,50,1.500000000e-01,1.000000000e+00,0,1.000000000e+00,3.309716599e-01,963887600,main,fall,3.551100000e+01,1.259010569e-01,1.256634751e-02,1.161663392e-01,6.176760971e+01,false,0,4.299955940e+03,/mnt/pd/tema1/new/results/ml_samples/N4_sw0.15_x+0_i0084.h5
4,50,1.500000000e-01,1.000000000e+00,0,1.000000000e+00,3.309716599e-01,513554641,main,fall,3.357100000e+01,1.339812425e-01,1.920987990e-02,1.080417483e-01,5.962099873e+01,false,0,4.411599870e+03,/mnt/pd/tema1/new/results/ml_samples/N4_sw0.15_x+0_i0082.h5
4,50,1.500000000e-01,1.000000000e+00,0,1.000000000e+00,3.309716599e-01,84315178,main,fall,4.921000000e+00,1.306630994e-01,2.915890559e-02,1.170639433e-01,6.176760971e+01,false,0,6.658146327e+02,/mnt/pd/tema1/new/results/ml_samples/N4_sw0.15_x+0_i0188.h5
4,50,1.500000000e-01,1.000000000e+00,0,1.000000000e+00,3.309716599e-01,864175527,main,rise,2.986100000e+01,1.285752093e-01,1.373467640e-02,1.154827168e-01,4.166902070e+01,false,0,3.931973552e+03,/mnt/pd/tema1/new/results/ml_samples/N4_sw0.15_x+0_i0104.h5
4,50,1.500000000e-01,1.000000000e+00,0,1.000000000e+00,3.309716599e-01,1667934321,main,fall,9.441000000e+00,1.465274852e-01,2.596659980e-02,1.184404036e-01,6.176760971e+01,false,0,1.278537016e+03,/mnt/pd/tema1/new/results/ml_samples/N4_sw0.15_x+0_i0186.h5
4,50,1.500000000e-01,1.000000000e+00,1,1.130292401e+00,3.740947521e-01,107097528,main,rise,6.981000000e+00,1.409328868e-01,2.043752142e-02,1.126291646e-01,2.785036669e+01,false,0,9.541469405e+02,/mnt/pd/tema1/new/results/ml_samples/N4_sw0.15_x+1_i0006.h5
4,50,1.500000000e-01,1.000000000e+00,1,1.130292401e+00,3.740947521e-01,1974576790,main,rise,5.301000000e+00,1.500464341e-01,2.192718806e-02,1.145676751e-01,8.549390606e+01,false,0,7.378734817e+02,/mnt/pd/tema1/new/results/ml_samples/N4_sw0.15_x+1_i0014.h5
4,50,1.500000000e-01,1.000000000e+00,1,1.130292401e+00,3.740947521e-01,1163229866,main,rise,9.231000000e+00,1.339841069e-01,1.192871985e-02,1.139019252e-01,8.549390606e+01,false,0,1.232924086e+03,/mnt/pd/tema1/new/results/ml_samples/N4_sw0.15_x+1_i0000.h5
4,50,1.500000000e-01,1.000000000e+00,0,1.000000000e+00,3.309716599e-01,251548028,main,fall,9.471000000e+00,1.264245694e-01,1.829899500e-02,1.161583847e-01,6.176760971e+01,false,0,1.279675856e+03,/mnt/pd/tema1/new/results/ml_samples/N4_sw0.15_x+0_i0196.h5
4,50,1.500000000e-01,1.000000000e+00,0,1.000000000e+00,3.309716599e-01,1035328846,main,fall,3.320100000e+01,1.268027680e-01,1.132491576e-02,1.105463095e-01,5.958577942e+01,false,0,4.355237074e+03,/mnt/pd/tema1/new/results/ml_samples/N4_sw0.15_x+0_i0112.h5
4,50,1.500000000e-01,1.000000000e+00,0,1.000000000e+00,3.309716599e-01,712828560,main,timeout,6.000100000e+01,1.267572518e-01,9.707393380e-03,1.126164647e-01,5.321567467e+01,false,0,7.797475324e+03,/mnt/pd/tema1/new/results/ml_samples/N4_sw0.15_x+0_i0030.h5
4,50,1.500000000e-01,1.000000000e+00,0,1.000000000e+00,3.309716599e-01,1673303612,main,rise,1.608100000e+01,1.267348693e-01,1.291563915e-02,1.145802346e-01,6.176760971e+01,false,0,2.129792385e+03,/mnt/pd/tema1/new/results/ml_samples/N4_sw0.15_x+0_i0180.h5
4,50,1.500000000e-01,1.000000000e+00,1,1.130292401e+00,3.740947521e-01,930208162,main,rise,1.112100000e+01,1.450034453e-01,1.451805239e-02,1.141712815e-01,8.549390606e+01,false,0,1.448740842e+03,/mnt/pd/tema1/new/results/ml_samples/N4_sw0.15_x+1_i0004.h5
4,50,1.500000000e-01,1.000000000e+00,0,1.000000000e+00,3.309716599e-01,1711667991,main,rise,2.443100000e+01,1.316128591e-01,1.556437284e-02,1.122676970e-01,5.588136398e+01,false,0,3.221360698e+03,/mnt/pd/tema1/new/results/ml_samples/N4_sw0.15_x+0_i0152.h5
4,50,1.500000000e-01,1.000000000e+00,0,1.000000000e+00,3.309716599e-01,644645313,main,fall,1.398100000e+01,1.339192194e-01,1.934270734e-02,1.181885273e-01,6.176760971e+01,false,0,1.882157861e+03,/mnt/pd/tema1/new/results/ml_samples/N4_sw0.15_x+0_i0190.h5
4,50,1.500000000e-01,1.000000000e+00,0,1.000000000e+00,3.309716599e-01,365787543,main,fall,1.481100000e+01,1.473851989e-01,1.756743015e-02,1.166925447e-01,6.176760971e+01,false,0,1.976237231e+03,/mnt/pd/tema1/new/results/ml_samples/N4_sw0.15_x+0_i0184.h5
4,50,1.500000000e-01,1.000000000e+00,1,1.130292401e+00,3.740947521e-01,1623339450,main,fall,4.221000000e+00,1.282497427e-01,1.466024984e-02,1.207944710e-01,8.549390606e+01,false,0,5.963157967e+02,/mnt/pd/tema1/new/results/ml_samples/N4_sw0.15_x+1_i0026.h5
4,50,1.500000000e-01,1.000000000e+00,1,1.130292401e+00,3.740947521e-01,1127487314,main,rise,1.390100000e+01,1.311920913e-01,8.191430977e-03,1.139693991e-01,8.549390606e+01,false,0,1.745152718e+03,/mnt/pd/tema1/new/results/ml_samples/N4_sw0.15_x+1_i0002.h5
4,50,1.500000000e-01,1.000000000e+00,0,1.000000000e+00,3.309716599e-01,586770402,main,rise,5.441100000e+01,1.274964839e-01,1.169813450e-02,1.136407658e-01,5.791910026e+01,false,0,7.110356685e+03,/mnt/pd/tema1/new/results/ml_samples/N4_sw0.15_x+0_i0060.h5
4,50,1.500000000e-01,1.000000000e+00,0,1.000000000e+00,3.309716599e-01,207889246,main,rise,2.168100000e+01,1.346088854e-01,1.474068594e-02,1.080017101e-01,6.176760971e+01,false,0,2.869095392e+03,/mnt/pd/tema1/new/results/ml_samples/N4_sw0.15_x+0_i0164.h5
4,50,1.500000000e-01,1.000000000e+00,1,1.130292401e+00,3.740947521e-01,1571992410,main,rise,7.801000000e+00,1.379968265e-01,1.049177555e-02,1.124558560e-01,8.549390606e+01,false,0,1.061378163e+03,/mnt/pd/tema1/new/results/ml_samples/N4_sw0.15_x+1_i0018.h5
4,50,1.500000000e-01,1.000000000e+00,1,1.130292401e+00,3.740947521e-01,676959762,main,fall,6.901000000e+00,1.295064716e-01,1.470011880e-02,1.215603720e-01,2.383115540e+01,false,0,9.480483635e+02,/mnt/pd/tema1/new/results/ml_samples/N4_sw0.15_x+1_i0024.h5
4,50,1.500000000e-01,1.000000000e+00,0,1.000000000e+00,3.309716599e-01,1043192884,main,fall,1.750100000e+01,1.329276886e-01,1.344899331e-02,1.138501300e-01,6.176760971e+01,false,0,2.325608768e+03,/mnt/pd/tema1/new/results/ml_samples/N4_sw0.15_x+0_i0194.h5
4,50,1.500000000e-01,1.000000000e+00,0,1.000000000e+00,3.309716599e-01,1108283481,main,fall,1.707100000e+01,1.256878569e-01,1.190355883e-02,1.156712717e-01,6.176760971e+01,false,0,2.267770630e+03,/mnt/pd/tema1/new/results/ml_samples/N4_sw0.15_x+0_i0198.h5
4,50,1.500000000e-01,1.000000000e+00,0,1.000000000e+00,3.309716599e-01,1712521919,main,timeout,6.000100000e+01,1.314319049e-01,1.168759408e-02,1.105622713e-01,1.331532446e+01,false,0,7.902194255e+03,/mnt/pd/tema1/new/results/ml_samples/N4_sw0.15_x+0_i0052.h5
4,50,1.500000000e-01,1.000000000e+00,0,1.000000000e+00,3.309716599e-01,1586457396,main,rise,2.465100000e+01,1.361740355e-01,1.843590446e-02,1.097368319e-01,6.176760971e+01,false,0,3.250414276e+03,/mnt/pd/tema1/new/results/ml_samples/N4_sw0.15_x+0_i0162.h5
4,50,1.500000000e-01,1.000000000e+00,1,1.130292401e+00,3.740947521e-01,1631839037,main,rise,1.478100000e+01,1.476437488e-01,2.425564228e-02,1.113991013e-01,8.549390606e+01,false,0,1.955336305e+03,/mnt/pd/tema1/new/results/ml_samples/N4_sw0.15_x+1_i0010.h5
4,50,1.500000000e-01,1.000000000e+00,0,1.000000000e+00,3.309716599e-01,946781311,main,rise,5.379100000e+01,1.239370362e-01,9.568901962e-03,1.166196079e-01,5.205171945e+01,false,0,7.027514079e+03,/mnt/pd/tema1/new/results/ml_samples/N4_sw0.15_x+0_i0074.h5
4,50,1.500000000e-01,1.000000000e+00,1,1.130292401e+00,3.740947521e-01,24304574,main,rise,7.701000000e+00,1.361166272e-01,1.426865086e-02,1.123318917e-01,8.549390606e+01,false,0,1.045741479e+03,/mnt/pd/tema1/new/results/ml_samples/N4_sw0.15_x+1_i0036.h5
4,50,1.500000000e-01,1.000000000e+00,1,1.130292401e+00,3.740947521e-01,163515391,main,rise,1.551100000e+01,1.342302179e-01,1.112698428e-02,1.122716859e-01,8.549390606e+01,false,0,2.068242372e+03,/mnt/pd/tema1/new/results/ml_samples/N4_sw0.15_x+1_i0016.h5
4,50,1.500000000e-01,1.000000000e+00,1,1.130292401e+00,3.740947521e-01,788245127,main,rise,6.271000000e+00,1.312347212e-01,1.066046391e-02,1.193111334e-01,8.549390606e+01,false,0,8.428929420e+02,/mnt/pd/tema1/new/results/ml_samples/N4_sw0.15_x+1_i0052.h5
4,50,1.500000000e-01,1.000000000e+00,1,1.130292401e+00,3.740947521e-01,1139325669,main,rise,2.332100000e+01,1.371200316e-01,1.268664581e-02,1.121694422e-01,8.549390606e+01,false,0,3.056362082e+03,/mnt/pd/tema1/new/results/ml_samples/N4_sw0.15_x+1_i0008.h5
4,50,1.500000000e-01,1.000000000e+00,1,1.130292401e+00,3.740947521e-01,352336061,main,rise,6.341000000e+00,1.387104949e-01,1.863747472e-02,1.171265039e-01,8.549390606e+01,false,0,8.058977754e+02,/mnt/pd/tema1/new/results/ml_samples/N4_sw0.15_x+1_i0064.h5
4,50,1.500000000e-01,1.000000000e+00,1,1.130292401e+00,3.740947521e-01,465739747,main,fall,1.281100000e+01,1.284091281e-01,8.339346451e-03,1.183034624e-01,8.549390606e+01,false,0,1.710017032e+03,/mnt/pd/tema1/new/results/ml_samples/N4_sw0.15_x+1_i0034.h5
4,50,1.500000000e-01,1.000000000e+00,1,1.130292401e+00,3.740947521e-01,228595993,main,rise,1.251100000e+01,1.383592267e-01,1.807452647e-02,1.139223474e-01,8.549390606e+01,false,0,1.671058520e+03,/mnt/pd/tema1/new/results/ml_samples/N4_sw0.15_x+1_i0040.h5
4,50,1.500000000e-01,1.000000000e+00,1,1.130292401e+00,3.740947521e-01,1157377492,main,rise,1.704100000e+01,1.370160869e-01,9.560398183e-03,1.069077060e-01,8.549390606e+01,false,0,2.246659635e+03,/mnt/pd/tema1/new/results/ml_samples/N4_sw0.15_x+1_i0020.h5
4,50,1.500000000e-01,1.000000000e+00,1,1.130292401e+00,3.740947521e-01,770643384,main,rise,1.258100000e+01,1.402492054e-01,1.519541364e-02,1.078835552e-01,8.549390606e+01,false,0,1.689164545e+03,/mnt/pd/tema1/new/results/ml_samples/N4_sw0.15_x+1_i0038.h5
4,50,1.500000000e-01,1.000000000e+00,1,1.130292401e+00,3.740947521e-01,1743376435,main,rise,1.193100000e+01,1.345865414e-01,1.585874504e-02,1.144173338e-01,8.549390606e+01,false,0,1.596364995e+03,/mnt/pd/tema1/new/results/ml_samples/N4_sw0.15_x+1_i0042.h5
4,50,1.500000000e-01,1.000000000e+00,0,1.000000000e+00,3.309716599e-01,358365897,main,fall,4.167100000e+01,1.290459564e-01,1.207555906e-02,1.129473436e-01,6.176760971e+01,false,0,5.455822715e+03,/mnt/pd/tema1/new/results/ml_samples/N4_sw0.15_x+0_i0150.h5
4,50,1.500000000e-01,1.000000000e+00,0,1.000000000e+00,3.309716599e-01,1550248764,main,rise,4.447100000e+01,1.300625483e-01,1.549049801e-02,1.149142928e-01,6.176760971e+01,false,0,5.773358650e+03,/mnt/pd/tema1/new/results/ml_samples/N4_sw0.15_x+0_i0142.h5
4,50,1.500000000e-01,1.000000000e+00,1,1.130292401e+00,3.740947521e-01,2145268660,main,rise,1.822100000e+01,1.374050096e-01,1.450982307e-02,1.104453497e-01,8.549390606e+01,false,0,2.391442738e+03,/mnt/pd/tema1/new/results/ml_samples/N4_sw0.15_x+1_i0032.h5
4,50,1.500000000e-01,1.000000000e+00,1,1.130292401e+00,3.740947521e-01,1222650774,main,rise,6.911000000e+00,1.342877233e-01,1.102637111e-02,1.151176323e-01,8.549390606e+01,false,0,9.511821750e+02,/mnt/pd/tema1/new/results/ml_samples/N4_sw0.15_x+1_i0074.h5
4,50,1.500000000e-01,1.000000000e+00,1,1.130292401e+00,3.740947521e-01,1971686460,main,rise,1.805100000e+01,1.366048190e-01,9.555539112e-03,1.118318764e-01,8.549390606e+01,false,0,2.337310985e+03,/mnt/pd/tema1/new/results/ml_samples/N4_sw0.15_x+1_i0048.h5
4,50,1.500000000e-01,1.000000000e+00,1,1.130292401e+00,3.740947521e-01,7192958,main,rise,1.905100000e+01,1.343175508e-01,8.813429067e-03,1.079650092e-01,8.549390606e+01,false,0,2.521584647e+03,/mnt/pd/tema1/new/results/ml_samples/N4_sw0.15_x+1_i0046.h5
4,50,1.500000000e-01,1.000000000e+00,1,1.130292401e+00,3.740947521e-01,1406283953,main,fall,1.649100000e+01,1.399329753e-01,1.033579812e-02,1.078713436e-01,8.549390606e+01,false,0,2.182488057e+03,/mnt/pd/tema1/new/results/ml_samples/N4_sw0.15_x+1_i0058.h5
4,50,1.500000000e-01,1.000000000e+00,1,1.130292401e+00,3.740947521e-01,518153698,main,rise,2.235100000e+01,1.386056971e-01,1.299641222e-02,1.117037722e-01,8.549390606e+01,false,0,2.952849530e+03,/mnt/pd/tema1/new/results/ml_samples/N4_sw0.15_x+1_i0030.h5
4,50,1.500000000e-01,1.000000000e+00,1,1.130292401e+00,3.740947521e-01,1063381307,main,rise,1.890100000e+01,1.369542173e-01,1.336762475e-02,1.094483142e-01,8.549390606e+01,false,0,2.502381971e+03,/mnt/pd/tema1/new/results/ml_samples/N4_sw0.15_x+1_i0050.h5
4,50,1.500000000e-01,1.000000000e+00,1,1.130292401e+00,3.740947521e-01,1999401710,main,rise,8.871000000e+00,1.367746520e-01,1.518801805e-02,1.114395709e-01,8.549390606e+01,false,0,1.201507288e+03,/mnt/pd/tema1/new/results/ml_samples/N4_sw0.15_x+1_i0080.h5
4,50,1.500000000e-01,1.000000000e+00,1,1.130292401e+00,3.740947521e-01,1263102251,main,rise,1.158100000e+01,1.401297570e-01,1.094725780e-02,1.194548741e-01,8.549390606e+01,false,0,1.546679257e+03,/mnt/pd/tema1/new/results/ml_samples/N4_sw0.15_x+1_i0076.h5
4,50,1.500000000e-01,1.000000000e+00,1,1.130292401e+00,3.740947521e-01,1419542834,main,fall,1.721100000e+01,1.351500769e-01,1.183015864e-02,1.136038261e-01,8.549390606e+01,false,0,2.281844163e+03,/mnt/pd/tema1/new/results/ml_samples/N4_sw0.15_x+1_i0068.h5
4,50,1.500000000e-01,1.000000000e+00,1,1.130292401e+00,3.740947521e-01,1793039902,main,rise,3.294100000e+01,1.366781118e-01,1.139684610e-02,1.080902150e-01,8.549390606e+01,false,0,3.776806422e+03,/mnt/pd/tema1/new/results/ml_samples/N4_sw0.15_x+1_i0022.h5
4,50,1.500000000e-01,1.000000000e+00,1,1.130292401e+00,3.740947521e-01,637930885,main,rise,1.190100000e+01,1.331501207e-01,7.162449290e-03,1.110956765e-01,8.549390606e+01,false,0,1.593690448e+03,/mnt/pd/tema1/new/results/ml_samples/N4_sw0.15_x+1_i0078.h5
4,50,1.500000000e-01,1.000000000e+00,1,1.130292401e+00,3.740947521e-01,919499030,main,rise,2.180100000e+01,1.384113529e-01,1.552049060e-02,1.116320174e-01,8.549390606e+01,false,0,2.880631854e+03,/mnt/pd/tema1/new/results/ml_samples/N4_sw0.15_x+1_i0054.h5
4,50,1.500000000e-01,1.000000000e+00,1,1.130292401e+00,3.740947521e-01,2025517543,main,fall,2.155100000e+01,1.410323662e-01,1.374331455e-02,1.130215267e-01,8.549390606e+01,false,0,2.824899710e+03,/mnt/pd/tema1/new/results/ml_samples/N4_sw0.15_x+1_i0062.h5
4,50,1.500000000e-01,1.000000000e+00,0,1.000000000e+00,3.309716599e-01,562204015,main,fall,5.117100000e+01,1.282061728e-01,1.623229035e-02,1.141923895e-01,2.037420655e+01,false,0,6.261776397e+03,/mnt/pd/tema1/new/results/ml_samples/N4_sw0.15_x+0_i0160.h5
4,50,1.500000000e-01,1.000000000e+00,1,1.130292401e+00,3.740947521e-01,1717067436,main,fall,6.561000000e+00,1.297024554e-01,8.916388724e-03,1.209867336e-01,5.012384046e+01,false,0,9.025590726e+02,/mnt/pd/tema1/new/results/ml_samples/N4_sw0.15_x+1_i0094.h5
4,50,1.500000000e-01,1.000000000e+00,1,1.130292401e+00,3.740947521e-01,454140281,main,rise,1.351100000e+01,1.403421978e-01,1.722304930e-02,1.121595718e-01,8.472752671e+01,false,0,1.753487622e+03,/mnt/pd/tema1/new/results/ml_samples/N4_sw0.15_x+1_i0084.h5
4,50,1.500000000e-01,1.000000000e+00,1,1.130292401e+00,3.740947521e-01,317209881,main,rise,1.948100000e+01,1.349676853e-01,1.398190024e-02,1.127705649e-01,8.549390606e+01,false,0,2.582431237e+03,/mnt/pd/tema1/new/results/ml_samples/N4_sw0.15_x+1_i0066.h5
4,50,1.500000000e-01,1.000000000e+00,1,1.130292401e+00,3.740947521e-01,220484506,main,rise,6.991000000e+00,1.335908894e-01,9.971760601e-03,1.112809936e-01,8.549390606e+01,false,0,9.227963872e+02,/mnt/pd/tema1/new/results/ml_samples/N4_sw0.15_x+1_i0100.h5
4,50,1.500000000e-01,1.000000000e+00,1,1.130292401e+00,3.740947521e-01,534897792,main,rise,1.335100000e+01,1.311662201e-01,7.532484765e-03,1.141151917e-01,8.549390606e+01,false,0,1.774936287e+03,/mnt/pd/tema1/new/results/ml_samples/N4_sw0.15_x+1_i0086.h5
4,50,1.500000000e-01,1.000000000e+00,0,1.000000000e+00,3.309716599e-01,707563789,main,fall,5.938100000e+01,1.298046638e-01,1.246877312e-02,1.126007821e-01,6.176760971e+01,false,0,7.749990468e+03,/mnt/pd/tema1/new/results/ml_samples/N4_sw0.15_x+0_i0136.h5
4,50,1.500000000e-01,1.000000000e+00,1,1.130292401e+00,3.740947521e-01,457599485,main,rise,1.933100000e+01,1.348053985e-01,1.016665210e-02,1.147157038e-01,8.549390606e+01,false,0,2.292743287e+03,/mnt/pd/tema1/new/results/ml_samples/N4_sw0.15_x+1_i0072.h5
4,50,1.500000000e-01,1.000000000e+00,0,1.000000000e+00,3.309716599e-01,989858579,main,timeout,6.000100000e+01,1.249086331e-01,9.640188176e-03,1.142240852e-01,6.176760971e+01,false,0,7.862884180e+03,/mnt/pd/tema1/new/results/ml_samples/N4_sw0.15_x+0_i0138.h5
4,50,1.500000000e-01,1.000000000e+00,1,1.130292401e+00,3.740947521e-01,780462415,main,rise,2.986100000e+01,1.357580736e-01,1.218379187e-02,1.128749300e-01,8.549390606e+01,false,0,3.907173122e+03,/mnt/pd/tema1/new/results/ml_samples/N4_sw0.15_x+1_i0044.h5
4,50,1.500000000e-01,1.000000000e+00,1,1.130292401e+00,3.740947521e-01,2097324987,main,rise,1.055100000e+01,1.337444947e-01,1.668563159e-02,1.193018774e-01,8.549390606e+01,false,0,1.415943742e+03,/mnt/pd/tema1/new/results/ml_samples/N4_sw0.15_x+1_i0096.h5
4,50,1.500000000e-01,1.000000000e+00,1,1.130292401e+00,3.740947521e-01,156597555,main,rise,9.591000000e+00,1.335247787e-01,1.286614349e-02,1.143535822e-01,8.549390606e+01,false,0,1.295930727e+03,/mnt/pd/tema1/new/results/ml_samples/N4_sw0.15_x+1_i0102.h5
4,50,1.500000000e-01,1.000000000e+00,1,1.130292401e+00,3.740947521e-01,923030256,main,rise,9.651000000e+00,1.355417263e-01,1.770757249e-02,1.178513612e-01,8.549390606e+01,false,0,1.295365855e+03,/mnt/pd/tema1/new/results/ml_samples/N4_sw0.15_x+1_i0104.h5
4,50,1.500000000e-01,1.000000000e+00,1,1.130292401e+00,3.740947521e-01,81534933,main,rise,5.181000000e+00,1.344849968e-01,9.263017160e-03,1.124900066e-01,8.549390606e+01,false,0,7.125759694e+02,/mnt/pd/tema1/new/results/ml_samples/N4_sw0.15_x+1_i0130.h5
4,50,1.500000000e-01,1.000000000e+00,1,1.130292401e+00,3.740947521e-01,357484091,main,fall,1.832100000e+01,1.340791799e-01,9.678358857e-03,1.145640927e-01,8.549390606e+01,false,0,2.351139072e+03,/mnt/pd/tema1/new/results/ml_samples/N4_sw0.15_x+1_i0090.h5
4,50,1.500000000e-01,1.000000000e+00,1,1.130292401e+00,3.740947521e-01,272989126,main,rise,1.565100000e+01,1.342355774e-01,1.835091996e-02,1.126306950e-01,8.549390606e+01,false,0,2.101848848e+03,/mnt/pd/tema1/new/results/ml_samples/N4_sw0.15_x+1_i0092.h5
4,50,1.500000000e-01,1.000000000e+00,0,1.000000000e+00,3.309716599e-01,1812243894,main,timeout,6.000100000e+01,1.294437725e-01,1.218656921e-02,1.153863688e-01,6.176760971e+01,false,0,7.824547837e+03,/mnt/pd/tema1/new/results/ml_samples/N4_sw0.15_x+0_i0154.h5
4,50,1.500000000e-01,1.000000000e+00,1,1.130292401e+00,3.740947521e-01,208249156,main,rise,8.901000000e+00,1.344628555e-01,1.007559551e-02,1.117430290e-01,8.549390606e+01,false,0,1.199846014e+03,/mnt/pd/tema1/new/results/ml_samples/N4_sw0.15_x+1_i0120.h5
4,50,1.500000000e-01,1.000000000e+00,1,1.130292401e+00,3.740947521e-01,765544295,main,rise,9.261000000e+00,1.346000746e-01,1.140535515e-02,1.126005318e-01,8.549390606e+01,false,0,1.245271375e+03,/mnt/pd/tema1/new/results/ml_samples/N4_sw0.15_x+1_i0122.h5
4,50,1.500000000e-01,1.000000000e+00,1,1.130292401e+00,3.740947521e-01,1355924500,main,rise,7.351000000e+00,1.353363452e-01,1.330780435e-02,1.128977571e-01,8.549390606e+01,false,0,1.001847828e+03,/mnt/pd/tema1/new/results/ml_samples/N4_sw0.15_x+1_i0126.h5
4,50,1.500000000e-01,1.000000000e+00,1,1.130292401e+00,3.740947521e-01,1207633550,main,rise,1.261100000e+01,1.345845507e-01,1.286431009e-02,1.107893455e-01,8.549390606e+01,false,0,1.677166484e+03,/mnt/pd/tema1/new/results/ml_samples/N4_sw0.15_x+1_i0106.h5
4,50,1.500000000e-01,1.000000000e+00,1,1.130292401e+00,3.740947521e-01,1695629796,main,rise,1.160100000e+01,1.390525304e-01,1.309291239e-02,1.058074151e-01,8.549390606e+01,false,0,1.396662008e+03,/mnt/pd/tema1/new/results/ml_samples/N4_sw0.15_x+1_i0116.h5
4,50,1.500000000e-01,1.000000000e+00,1,1.130292401e+00,3.740947521e-01,1526574331,main,rise,5.351000000e+00,1.350484439e-01,1.211275375e-02,1.184591549e-01,6.887916946e+01,false,0,7.471737184e+02,/mnt/pd/tema1/new/results/ml_samples/N4_sw0.15_x+1_i0138.h5
4,50,1.500000000e-01,1.000000000e+00,1,1.130292401e+00,3.740947521e-01,1018702190,main,rise,4.961000000e+00,1.379009937e-01,1.614761354e-02,1.114792741e-01,8.549390606e+01,false,0,6.930403126e+02,/mnt/pd/tema1/new/results/ml_samples/N4_sw0.15_x+1_i0140.h5
4,50,1.500000000e-01,1.000000000e+00,1,1.130292401e+00,3.740947521e-01,507386798,main,rise,1.218100000e+01,1.391314505e-01,1.358940660e-02,1.087307422e-01,8.549390606e+01,false,0,1.627022924e+03,/mnt/pd/tema1/new/results/ml_samples/N4_sw0.15_x+1_i0110.h5
4,50,1.500000000e-01,1.000000000e+00,1,1.130292401e+00,3.740947521e-01,260963275,main,rise,6.881000000e+00,1.346132185e-01,1.167149470e-02,1.170142560e-01,8.549390606e+01,false,0,9.411104095e+02,/mnt/pd/tema1/new/results/ml_samples/N4_sw0.15_x+1_i0134.h5
4,50,1.500000000e-01,1.000000000e+00,1,1.130292401e+00,3.740947521e-01,109153827,main,rise,1.168100000e+01,1.362055143e-01,1.243907444e-02,1.105018958e-01,8.503181365e+01,false,0,1.560864175e+03,/mnt/pd/tema1/new/results/ml_samples/N4_sw0.15_x+1_i0118.h5
4,50,1.500000000e-01,1.000000000e+00,1,1.130292401e+00,3.740947521e-01,1854634992,main,fall,4.879100000e+01,1.395200825e-01,1.507582894e-02,1.079677955e-01,8.549390606e+01,false,0,6.308046100e+03,/mnt/pd/tema1/new/results/ml_samples/N4_sw0.15_x+1_i0012.h5
4,50,1.500000000e-01,1.000000000e+00,1,1.130292401e+00,3.740947521e-01,374365074,main,fall,1.251000000e+00,1.353345039e-01,2.809144732e-02,1.440321132e-01,2.110025015e+01,false,0,2.165960147e+02,/mnt/pd/tema1/new/results/ml_samples/N4_sw0.15_x+1_i0160.h5
4,50,1.500000000e-01,1.000000000e+00,1,1.130292401e+00,3.740947521e-01,436526365,main,rise,3.586100000e+01,1.296733444e-01,7.801363492e-03,1.127811163e-01,8.549390606e+01,false,0,4.638373564e+03,/mnt/pd/tema1/new/results/ml_samples/N4_sw0.15_x+1_i0060.h5
4,50,1.500000000e-01,1.000000000e+00,1,1.130292401e+00,3.740947521e-01,816690270,main,rise,1.609100000e+01,1.397407692e-01,1.483589863e-02,1.048140722e-01,8.549390606e+01,false,0,2.067243786e+03,/mnt/pd/tema1/new/results/ml_samples/N4_sw0.15_x+1_i0112.h5
4,50,1.500000000e-01,1.000000000e+00,1,1.130292401e+00,3.740947521e-01,120815505,main,rise,3.218100000e+01,1.331472065e-01,8.678969908e-03,1.100379091e-01,8.549390606e+01,false,0,3.677998845e+03,/mnt/pd/tema1/new/results/ml_samples/N4_sw0.15_x+1_i0082.h5
4,50,1.500000000e-01,1.000000000e+00,1,1.130292401e+00,3.740947521e-01,1154729663,main,rise,1.267100000e+01,1.378612990e-01,9.792417444e-03,1.089774401e-01,8.549390606e+01,false,0,1.689795515e+03,/mnt/pd/tema1/new/results/ml_samples/N4_sw0.15_x+1_i0128.h5
4,50,1.500000000e-01,1.000000000e+00,1,1.130292401e+00,3.740947521e-01,154179113,main,rise,5.631000000e+00,1.352760382e-01,1.491393546e-02,1.176459104e-01,8.549390606e+01,false,0,7.817124101e+02,/mnt/pd/tema1/new/results/ml_samples/N4_sw0.15_x+1_i0156.h5
4,50,1.500000000e-01,1.000000000e+00,1,1.130292401e+00,3.740947521e-01,1195428984,main,rise,5.681000000e+00,1.312204680e-01,1.736467742e-02,1.211503153e-01,8.549390606e+01,false,0,7.840501650e+02,/mnt/pd/tema1/new/results/ml_samples/N4_sw0.15_x+1_i0158.h5
4,50,1.500000000e-01,1.000000000e+00,1,1.130292401e+00,3.740947521e-01,1520696343,main,fall,1.839100000e+01,1.361346323e-01,1.861101670e-02,1.150960710e-01,8.549390606e+01,false,0,2.088135129e+03,/mnt/pd/tema1/new/results/ml_samples/N4_sw0.15_x+1_i0124.h5
4,50,1.500000000e-01,1.000000000e+00,1,1.130292401e+00,3.740947521e-01,1175386227,main,rise,2.269100000e+01,1.389748880e-01,1.031440354e-02,1.081912366e-01,8.549390606e+01,false,0,2.939346485e+03,/mnt/pd/tema1/new/results/ml_samples/N4_sw0.15_x+1_i0098.h5
4,50,1.500000000e-01,1.000000000e+00,1,1.130292401e+00,3.740947521e-01,2068042248,main,rise,6.261000000e+00,1.328178291e-01,8.904493768e-03,1.144482899e-01,8.549390606e+01,false,0,8.488630810e+02,/mnt/pd/tema1/new/results/ml_samples/N4_sw0.15_x+1_i0164.h5
4,50,1.500000000e-01,1.000000000e+00,1,1.130292401e+00,3.740947521e-01,1355964041,main,fall,7.621000000e+00,1.447907959e-01,2.136076604e-02,1.092789495e-01,8.549390606e+01,false,0,1.037044146e+03,/mnt/pd/tema1/new/results/ml_samples/N4_sw0.15_x+1_i0168.h5
4,50,1.500000000e-01,1.000000000e+00,1,1.130292401e+00,3.740947521e-01,1485521141,main,fall,1.409100000e+01,1.335697906e-01,7.907259802e-03,1.093395729e-01,8.549390606e+01,false,0,1.876147755e+03,/mnt/pd/tema1/new/results/ml_samples/N4_sw0.15_x+1_i0142.h5
4,50,1.500000000e-01,1.000000000e+00,1,1.130292401e+00,3.740947521e-01,290378587,main,rise,1.187100000e+01,1.399672635e-01,1.354981610e-02,1.090896799e-01,8.549390606e+01,false,0,1.598884944e+03,/mnt/pd/tema1/new/results/ml_samples/N4_sw0.15_x+1_i0144.h5
4,50,1.500000000e-01,1.000000000e+00,1,1.130292401e+00,3.740947521e-01,1105770972,main,rise,6.431000000e+00,1.337598148e-01,1.123699326e-02,1.154506314e-01,8.549390606e+01,false,0,8.855599494e+02,/mnt/pd/tema1/new/results/ml_samples/N4_sw0.15_x+1_i0182.h5
4,50,1.500000000e-01,1.000000000e+00,1,1.130292401e+00,3.740947521e-01,723641937,main,rise,1.357100000e+01,1.373213213e-01,1.571637559e-02,1.122503793e-01,8.549390606e+01,false,0,1.828063038e+03,/mnt/pd/tema1/new/results/ml_samples/N4_sw0.15_x+1_i0146.h5
4,50,1.500000000e-01,1.000000000e+00,1,1.130292401e+00,3.740947521e-01,1300271189,main,fall,6.141000000e+00,1.329558193e-01,1.294326906e-02,1.192136744e-01,8.549390606e+01,false,0,8.258391351e+02,/mnt/pd/tema1/new/results/ml_samples/N4_sw0.15_x+1_i0190.h5
4,50,1.500000000e-01,1.000000000e+00,1,1.130292401e+00,3.740947521e-01,275837085,main,rise,6.331000000e+00,1.383217216e-01,1.626291476e-02,1.095535383e-01,8.549390606e+01,false,0,8.687441259e+02,/mnt/pd/tema1/new/results/ml_samples/N4_sw0.15_x+1_i0186.h5
4,50,1.500000000e-01,1.000000000e+00,1,1.130292401e+00,3.740947521e-01,1099700434,main,rise,1.210100000e+01,1.395139305e-01,1.671195347e-02,1.098154380e-01,8.549390606e+01,false,0,1.621583553e+03,/mnt/pd/tema1/new/results/ml_samples/N4_sw0.15_x+1_i0172.h5
4,50,1.500000000e-01,1.000000000e+00,1,1.130292401e+00,3.740947521e-01,170041045,main,rise,1.325100000e+01,1.326096956e-01,8.609447152e-03,1.165008567e-01,8.549390606e+01,false,0,1.768431807e+03,/mnt/pd/tema1/new/results/ml_samples/N4_sw0.15_x+1_i0166.h5
4,50,1.500000000e-01,1.000000000e+00,1,1.130292401e+00,3.740947521e-01,1728131612,main,fall,1.109100000e+01,1.371315994e-01,1.204351819e-02,1.098060630e-01,8.549390606e+01,false,0,1.485788979e+03,/mnt/pd/tema1/new/results/ml_samples/N4_sw0.15_x+1_i0176.h5
4,50,1.500000000e-01,1.000000000e+00,1,1.130292401e+00,3.740947521e-01,160742719,main,fall,1.549100000e+01,1.293875024e-01,6.749035618e-03,1.158624037e-01,8.549390606e+01,false,0,2.052965405e+03,/mnt/pd/tema1/new/results/ml_samples/N4_sw0.15_x+1_i0152.h5
4,50,1.500000000e-01,1.000000000e+00,1,1.130292401e+00,3.740947521e-01,252278979,main,rise,5.841000000e+00,1.410796485e-01,2.339702757e-02,1.182608196e-01,8.549390606e+01,false,0,8.061479810e+02,/mnt/pd/tema1/new/results/ml_samples/N4_sw0.15_x+1_i0194.h5
4,50,1.500000000e-01,1.000000000e+00,1,1.130292401e+00,3.740947521e-01,350394455,main,fall,1.000100000e+01,1.396480801e-01,2.054603486e-02,1.145282999e-01,8.549390606e+01,false,0,1.347691568e+03,/mnt/pd/tema1/new/results/ml_samples/N4_sw0.15_x+1_i0184.h5
4,50,1.500000000e-01,1.000000000e+00,2,1.260584802e+00,4.172178443e-01,38835513,main,rise,3.171000000e+00,1.428696067e-01,1.419794548e-02,1.189463073e-01,1.186297283e+02,false,0,4.584491343e+02,/mnt/pd/tema1/new/results/ml_samples/N4_sw0.15_x+2_i0012.h5
4,50,1.500000000e-01,1.000000000e+00,2,1.260584802e+00,4.172178443e-01,1985274310,main,fall,3.811000000e+00,1.332044786e-01,1.179053776e-02,1.257793704e-01,1.186297283e+02,false,0,5.446872297e+02,/mnt/pd/tema1/new/results/ml_samples/N4_sw0.15_x+2_i0010.h5
4,50,1.500000000e-01,1.000000000e+00,1,1.130292401e+00,3.740947521e-01,1680352521,main,rise,5.161100000e+01,1.329491720e-01,9.303952023e-03,1.114783891e-01,8.549390606e+01,false,0,6.710062861e+03,/mnt/pd/tema1/new/results/ml_samples/N4_sw0.15_x+1_i0056.h5
4,50,1.500000000e-01,1.000000000e+00,2,1.260584802e+00,4.172178443e-01,1120726127,main,rise,6.721000000e+00,1.460088505e-01,1.906781304e-02,1.126714134e-01,1.186297283e+02,false,0,9.054875943e+02,/mnt/pd/tema1/new/results/ml_samples/N4_sw0.15_x+2_i0000.h5
4,50,1.500000000e-01,1.000000000e+00,1,1.130292401e+00,3.740947521e-01,1244894115,main,fall,1.702100000e+01,1.384380472e-01,1.212368508e-02,1.103071620e-01,8.549390606e+01,false,0,2.252846375e+03,/mnt/pd/tema1/new/results/ml_samples/N4_sw0.15_x+1_i0170.h5
4,50,1.500000000e-01,1.000000000e+00,1,1.130292401e+00,3.740947521e-01,699711679,main,rise,1.221100000e+01,1.444867847e-01,1.758049836e-02,1.034556923e-01,8.549390606e+01,false,0,1.568833092e+03,/mnt/pd/tema1/new/results/ml_samples/N4_sw0.15_x+1_i0192.h5
4,50,1.500000000e-01,1.000000000e+00,1,1.130292401e+00,3.740947521e-01,1704498023,main,fall,1.709100000e+01,1.328275414e-01,8.869601416e-03,1.114716009e-01,8.549390606e+01,false,0,2.267097699e+03,/mnt/pd/tema1/new/results/ml_samples/N4_sw0.15_x+1_i0174.h5
4,50,1.500000000e-01,1.000000000e+00,2,1.260584802e+00,4.172178443e-01,1636905943,main,rise,3.161000000e+00,1.441287148e-01,1.373121619e-02,1.177930307e-01,1.186297283e+02,false,0,4.591282374e+02,/mnt/pd/tema1/new/results/ml_samples/N4_sw0.15_x+2_i0018.h5
4,50,1.500000000e-01,1.000000000e+00,1,1.130292401e+00,3.740947521e-01,404661423,main,rise,3.019100000e+01,1.329579731e-01,1.146241536e-02,1.143059010e-01,8.549390606e+01,false,0,3.969905007e+03,/mnt/pd/tema1/new/results/ml_samples/N4_sw0.15_x+1_i0114.h5
4,50,1.500000000e-01,1.000000000e+00,1,1.130292401e+00,3.740947521e-01,1165734642,main,timeout,6.000100000e+01,1.361360649e-01,1.255629139e-02,1.091693734e-01,8.549390606e+01,false,0,7.769160154e+03,/mnt/pd/tema1/new/results/ml_samples/N4_sw0.15_x+1_i0028.h5
4,50,1.500000000e-01,1.000000000e+00,1,1.130292401e+00,3.740947521e-01,1281884070,main,rise,2.060100000e+01,1.365476765e-01,1.572218994e-02,1.136083275e-01,8.549390606e+01,false,0,2.725887858e+03,/mnt/pd/tema1/new/results/ml_samples/N4_sw0.15_x+1_i0162.h5
4,50,1.500000000e-01,1.000000000e+00,1,1.130292401e+00,3.740947521e-01,1569904639,main,rise,2.749100000e+01,1.398835464e-01,1.077716967e-02,1.077107158e-01,8.549390606e+01,false,0,3.611220641e+03,/mnt/pd/tema1/new/results/ml_samples/N4_sw0.15_x+1_i0136.h5
4,50,1.500000000e-01,1.000000000e+00,1,1.130292401e+00,3.740947521e-01,314350732,main,rise,2.391100000e+01,1.390802691e-01,1.676799117e-02,1.137523331e-01,8.549390606e+01,false,0,3.157097848e+03,/mnt/pd/tema1/new/results/ml_samples/N4_sw0.15_x+1_i0154.h5
4,50,1.500000000e-01,1.000000000e+00,1,1.130292401e+00,3.740947521e-01,1133942374,main,rise,1.723100000e+01,1.328865047e-01,9.295367256e-03,1.146349921e-01,8.549390606e+01,false,0,2.287675297e+03,/mnt/pd/tema1/new/results/ml_samples/N4_sw0.15_x+1_i0188.h5
4,50,1.500000000e-01,1.000000000e+00,2,1.260584802e+00,4.172178443e-01,1698651793,main,rise,5.361000000e+00,1.438694999e-01,1.300126570e-02,1.089191186e-01,1.186297283e+02,false,0,7.396191789e+02,/mnt/pd/tema1/new/results/ml_samples/N4_sw0.15_x+2_i0028.h5
4,50,1.500000000e-01,1.000000000e+00,2,1.260584802e+00,4.172178443e-01,35531403,main,rise,1.024100000e+01,1.427693830e-01,1.221821364e-02,1.119896601e-01,1.186297283e+02,false,0,1.364507582e+03,/mnt/pd/tema1/new/results/ml_samples/N4_sw0.15_x+2_i0008.h5
4,50,1.500000000e-01,1.000000000e+00,2,1.260584802e+00,4.172178443e-01,1985365289,main,rise,9.611000000e+00,1.460740524e-01,1.824723362e-02,1.121557198e-01,1.044781584e+02,false,0,1.299841798e+03,/mnt/pd/tema1/new/results/ml_samples/N4_sw0.15_x+2_i0014.h5
4,50,1.500000000e-01,1.000000000e+00,2,1.260584802e+00,4.172178443e-01,1625945038,main,rise,5.431000000e+00,1.414169182e-01,9.673814924e-03,1.124777747e-01,1.186297283e+02,false,0,7.564237642e+02,/mnt/pd/tema1/new/results/ml_samples/N4_sw0.15_x+2_i0030.h5
4,50,1.500000000e-01,1.000000000e+00,2,1.260584802e+00,4.172178443e-01,667037081,main,rise,7.121000000e+00,1.401793792e-01,8.440759166e-03,1.094494556e-01,1.186297283e+02,false,0,9.750778334e+02,/mnt/pd/tema1/new/results/ml_samples/N4_sw0.15_x+2_i0032.h5
4,50,1.500000000e-01,1.000000000e+00,1,1.130292401e+00,3.740947521e-01,2129290587,main,rise,1.653100000e+01,1.369992918e-01,1.336932221e-02,1.134263556e-01,6.881179614e+01,false,0,2.191911196e+03,/mnt/pd/tema1/new/results/ml_samples/N4_sw0.15_x+1_i0198.h5
4,50,1.500000000e-01,1.000000000e+00,2,1.260584802e+00,4.172178443e-01,155107892,main,rise,8.371000000e+00,1.440472001e-01,9.336543718e-03,1.104603706e-01,1.186297283e+02,false,0,1.140953765e+03,/mnt/pd/tema1/new/results/ml_samples/N4_sw0.15_x+2_i0024.h5
4,50,1.500000000e-01,1.000000000e+00,2,1.260584802e+00,4.172178443e-01,1616290405,main,rise,9.661000000e+00,1.466312271e-01,1.167275867e-02,1.078356906e-01,1.186297283e+02,false,0,1.303502723e+03,/mnt/pd/tema1/new/results/ml_samples/N4_sw0.15_x+2_i0020.h5
4,50,1.500000000e-01,1.000000000e+00,1,1.130292401e+00,3.740947521e-01,1343234287,main,fall,2.362100000e+01,1.410741783e-01,1.268032586e-02,1.070224865e-01,8.549390606e+01,false,0,3.074246184e+03,/mnt/pd/tema1/new/results/ml_samples/N4_sw0.15_x+1_i0180.h5
4,50,1.500000000e-01,1.000000000e+00,2,1.260584802e+00,4.172178443e-01,993070926,main,rise,9.411000000e+00,1.525258511e-01,1.090237749e-02,1.076589428e-01,1.186297283e+02,false,0,1.270535635e+03,/mnt/pd/tema1/new/results/ml_samples/N4_sw0.15_x+2_i0026.h5
4,50,1.500000000e-01,1.000000000e+00,1,1.130292401e+00,3.740947521e-01,1960402276,main,rise,2.999100000e+01,1.369695708e-01,1.099815939e-02,1.104049529e-01,8.549390606e+01,false,0,3.936616005e+03,/mnt/pd/tema1/new/results/ml_samples/N4_sw0.15_x+1_i0148.h5
4,50,1.500000000e-01,1.000000000e+00,2,1.260584802e+00,4.172178443e-01,1534440845,main,rise,1.617100000e+01,1.450631015e-01,1.169791601e-02,1.026539661e-01,1.141409778e+02,false,0,2.149748984e+03,/mnt/pd/tema1/new/results/ml_samples/N4_sw0.15_x+2_i0002.h5
4,50,1.500000000e-01,1.000000000e+00,2,1.260584802e+00,4.172178443e-01,244626303,main,rise,5.941000000e+00,1.407132349e-01,1.062610629e-02,1.162888481e-01,1.186297283e+02,false,0,8.143035592e+02,/mnt/pd/tema1/new/results/ml_samples/N4_sw0.15_x+2_i0048.h5
4,50,1.500000000e-01,1.000000000e+00,2,1.260584802e+00,4.172178443e-01,2089315049,main,rise,7.401000000e+00,1.500949329e-01,1.367290993e-02,1.048101527e-01,1.186297283e+02,false,0,8.762147060e+02,/mnt/pd/tema1/new/results/ml_samples/N4_sw0.15_x+2_i0050.h5
4,50,1.500000000e-01,1.000000000e+00,2,1.260584802e+00,4.172178443e-01,13228693,main,rise,1.643100000e+01,1.370657307e-01,6.651016645e-03,1.110245034e-01,1.186297283e+02,false,0,2.162969911e+03,/mnt/pd/tema1/new/results/ml_samples/N4_sw0.15_x+2_i0016.h5
4,50,1.500000000e-01,1.000000000e+00,1,1.130292401e+00,3.740947521e-01,1103668147,main,rise,5.903100000e+01,1.359874717e-01,1.279273168e-02,1.114392745e-01,8.549390606e+01,false,0,7.698648700e+03,/mnt/pd/tema1/new/results/ml_samples/N4_sw0.15_x+1_i0070.h5
4,50,1.500000000e-01,1.000000000e+00,2,1.260584802e+00,4.172178443e-01,303641336,main,rise,1.027100000e+01,1.480584174e-01,1.276105326e-02,1.100700794e-01,1.186297283e+02,false,0,1.383219223e+03,/mnt/pd/tema1/new/results/ml_samples/N4_sw0.15_x+2_i0042.h5
4,50,1.500000000e-01,1.000000000e+00,2,1.260584802e+00,4.172178443e-01,1962622653,main,rise,7.621000000e+00,1.393710126e-01,1.149466607e-02,1.121262060e-01,1.186297283e+02,false,0,1.039167581e+03,/mnt/pd/tema1/new/results/ml_samples/N4_sw0.15_x+2_i0054.h5
4,50,1.500000000e-01,1.000000000e+00,2,1.260584802e+00,4.172178443e-01,1182686672,main,rise,1.322100000e+01,1.397573206e-01,1.089326917e-02,1.135396008e-01,1.186297283e+02,false,0,1.771276865e+03,/mnt/pd/tema1/new/results/ml_samples/N4_sw0.15_x+2_i0036.h5
4,50,1.500000000e-01,1.000000000e+00,2,1.260584802e+00,4.172178443e-01,83087130,main,rise,1.172100000e+01,1.394122158e-01,1.282014689e-02,1.126098503e-01,1.186297283e+02,false,0,1.571896195e+03,/mnt/pd/tema1/new/results/ml_samples/N4_sw0.15_x+2_i0040.h5
4,50,1.500000000e-01,1.000000000e+00,2,1.260584802e+00,4.172178443e-01,1424511673,main,rise,5.871000000e+00,1.500955492e-01,1.652796469e-02,1.099061374e-01,1.186297283e+02,false,0,8.076456973e+02,/mnt/pd/tema1/new/results/ml_samples/N4_sw0.15_x+2_i0062.h5
4,50,1.500000000e-01,1.000000000e+00,1,1.130292401e+00,3.740947521e-01,207288054,main,rise,4.313100000e+01,1.343835468e-01,9.911029835e-03,1.107037378e-01,8.549390606e+01,false,0,5.435465210e+03,/mnt/pd/tema1/new/results/ml_samples/N4_sw0.15_x+1_i0132.h5
4,50,1.500000000e-01,1.000000000e+00,2,1.260584802e+00,4.172178443e-01,899204565,main,rise,2.245100000e+01,1.491780464e-01,1.129170355e-02,1.053252853e-01,1.186297283e+02,false,0,2.950583196e+03,/mnt/pd/tema1/new/results/ml_samples/N4_sw0.15_x+2_i0004.h5
4,50,1.500000000e-01,1.000000000e+00,2,1.260584802e+00,4.172178443e-01,963416060,main,fall,3.211000000e+00,1.394492781e-01,1.833907379e-02,1.195306315e-01,1.186297283e+02,false,0,4.716381030e+02,/mnt/pd/tema1/new/results/ml_samples/N4_sw0.15_x+2_i0078.h5
4,50,1.500000000e-01,1.000000000e+00,2,1.260584802e+00,4.172178443e-01,2002862000,main,rise,1.848100000e+01,1.401844293e-01,8.546901970e-03,1.098457680e-01,1.186297283e+02,false,0,2.439166158e+03,/mnt/pd/tema1/new/results/ml_samples/N4_sw0.15_x+2_i0022.h5
4,50,1.500000000e-01,1.000000000e+00,2,1.260584802e+00,4.172178443e-01,42817826,main,rise,2.519100000e+01,1.417714045e-01,1.079416972e-02,1.082130668e-01,1.186297283e+02,false,0,3.318009116e+03,/mnt/pd/tema1/new/results/ml_samples/N4_sw0.15_x+2_i0006.h5
4,50,1.500000000e-01,1.000000000e+00,2,1.260584802e+00,4.172178443e-01,371784222,main,rise,8.071000000e+00,1.473408870e-01,1.368582597e-02,1.138724554e-01,1.186297283e+02,false,0,1.094784067e+03,/mnt/pd/tema1/new/results/ml_samples/N4_sw0.15_x+2_i0072.h5
4,50,1.500000000e-01,1.000000000e+00,1,1.130292401e+00,3.740947521e-01,1138265296,main,timeout,6.000100000e+01,1.368594072e-01,1.642850465e-02,1.112497401e-01,8.549390606e+01,false,0,7.824247900e+03,/mnt/pd/tema1/new/results/ml_samples/N4_sw0.15_x+1_i0088.h5
4,50,1.500000000e-01,1.000000000e+00,2,1.260584802e+00,4.172178443e-01,1231592414,main,rise,4.821000000e+00,1.420921512e-01,1.206570792e-02,1.157518421e-01,1.186297283e+02,false,0,6.759712902e+02,/mnt/pd/tema1/new/results/ml_samples/N4_sw0.15_x+2_i0090.h5
4,50,1.500000000e-01,1.000000000e+00,1,1.130292401e+00,3.740947521e-01,65400660,main,rise,4.092100000e+01,1.364747912e-01,1.075274389e-02,1.111453994e-01,8.549390606e+01,false,0,5.350105506e+03,/mnt/pd/tema1/new/results/ml_samples/N4_sw0.15_x+1_i0150.h5
4,50,1.500000000e-01,1.000000000e+00,2,1.260584802e+00,4.172178443e-01,318990681,main,rise,7.281000000e+00,1.481074094e-01,1.335156662e-02,1.043708774e-01,1.186297283e+02,false,0,9.949704815e+02,/mnt/pd/tema1/new/results/ml_samples/N4_sw0.15_x+2_i0084.h5
4,50,1.500000000e-01,1.000000000e+00,2,1.260584802e+00,4.172178443e-01,1522528277,main,rise,3.941000000e+00,1.467973762e-01,1.818266601e-02,1.151027227e-01,1.186297283e+02,false,0,5.611947672e+02,/mnt/pd/tema1/new/results/ml_samples/N4_sw0.15_x+2_i0096.h5
4,50,1.500000000e-01,1.000000000e+00,2,1.260584802e+00,4.172178443e-01,560274956,main,rise,9.021000000e+00,1.472665437e-01,1.509125852e-02,1.027747067e-01,1.186297283e+02,false,0,1.212655043e+03,/mnt/pd/tema1/new/results/ml_samples/N4_sw0.15_x+2_i0080.h5
4,50,1.500000000e-01,1.000000000e+00,2,1.260584802e+00,4.172178443e-01,1792646389,main,rise,6.011000000e+00,1.504336625e-01,2.124299795e-02,1.114796338e-01,1.186297283e+02,false,0,8.322858019e+02,/mnt/pd/tema1/new/results/ml_samples/N4_sw0.15_x+2_i0094.h5
4,50,1.500000000e-01,1.000000000e+00,2,1.260584802e+00,4.172178443e-01,403472285,main,rise,6.531000000e+00,1.429499620e-01,1.714521339e-02,1.141768261e-01,1.186297283e+02,false,0,8.953141361e+02,/mnt/pd/tema1/new/results/ml_samples/N4_sw0.15_x+2_i0092.h5
4,50,1.500000000e-01,1.000000000e+00,2,1.260584802e+00,4.172178443e-01,1253356181,main,rise,1.752100000e+01,1.371731973e-01,1.061476123e-02,1.176405989e-01,1.186297283e+02,false,0,2.321042319e+03,/mnt/pd/tema1/new/results/ml_samples/N4_sw0.15_x+2_i0052.h5
4,50,1.500000000e-01,1.000000000e+00,2,1.260584802e+00,4.172178443e-01,269686983,main,rise,8.321000000e+00,1.416768642e-01,1.090626580e-02,1.133561983e-01,1.186297283e+02,false,0,1.121432844e+03,/mnt/pd/tema1/new/results/ml_samples/N4_sw0.15_x+2_i0088.h5
4,50,1.500000000e-01,1.000000000e+00,2,1.260584802e+00,4.172178443e-01,910980654,main,rise,1.581100000e+01,1.411070001e-01,8.482727516e-03,1.101014336e-01,1.186297283e+02,false,0,2.099235323e+03,/mnt/pd/tema1/new/results/ml_samples/N4_sw0.15_x+2_i0056.h5
4,50,1.500000000e-01,1.000000000e+00,4,1.521169604e+00,5.034640287e-01,1168542240,main,rise,3.461000000e+00,1.506176995e-01,8.817714299e-03,1.132152614e-01,2.156331656e+02,false,0,5.121753417e+02,/mnt/pd/tema1/new/results/ml_samples/N4_sw0.15_x+4_i0002.h5
4,50,1.500000000e-01,1.000000000e+00,2,1.260584802e+00,4.172178443e-01,924542959,main,rise,9.461000000e+00,1.379395019e-01,8.867291952e-03,1.140677865e-01,1.186297283e+02,false,0,1.278771918e+03,/mnt/pd/tema1/new/results/ml_samples/N4_sw0.15_x+2_i0086.h5
4,50,1.500000000e-01,1.000000000e+00,2,1.260584802e+00,4.172178443e-01,1185620581,main,rise,1.040100000e+01,1.468465775e-01,1.370452186e-02,1.082689945e-01,1.186297283e+02,false,0,1.398334611e+03,/mnt/pd/tema1/new/results/ml_samples/N4_sw0.15_x+2_i0082.h5
4,50,1.500000000e-01,1.000000000e+00,2,1.260584802e+00,4.172178443e-01,453204420,main,rise,2.280100000e+01,1.400139631e-01,1.138386083e-02,1.133690344e-01,1.066057639e+02,false,0,3.008127917e+03,/mnt/pd/tema1/new/results/ml_samples/N4_sw0.15_x+2_i0038.h5
4,50,1.500000000e-01,1.000000000e+00,4,1.521169604e+00,5.034640287e-01,1538348131,main,rise,3.621000000e+00,1.536832495e-01,1.022349911e-02,1.141136193e-01,2.156331656e+02,false,0,5.308425891e+02,/mnt/pd/tema1/new/results/ml_samples/N4_sw0.15_x+4_i0006.h5
4,50,1.500000000e-01,1.000000000e+00,2,1.260584802e+00,4.172178443e-01,1454778075,main,rise,2.442100000e+01,1.424568239e-01,1.107157776e-02,1.088874832e-01,1.186297283e+02,false,0,3.213525318e+03,/mnt/pd/tema1/new/results/ml_samples/N4_sw0.15_x+2_i0034.h5
4,50,1.500000000e-01,1.000000000e+00,2,1.260584802e+00,4.172178443e-01,1403853697,main,rise,2.022100000e+01,1.457135048e-01,1.043281482e-02,1.086389261e-01,1.186297283e+02,false,0,2.667459249e+03,/mnt/pd/tema1/new/results/ml_samples/N4_sw0.15_x+2_i0044.h5
4,50,1.500000000e-01,1.000000000e+00,2,1.260584802e+00,4.172178443e-01,1147244767,main,rise,1.482100000e+01,1.399928168e-01,8.608243204e-03,1.073778710e-01,1.186297283e+02,false,0,1.977683572e+03,/mnt/pd/tema1/new/results/ml_samples/N4_sw0.15_x+2_i0068.h5
4,50,1.500000000e-01,1.000000000e+00,2,1.260584802e+00,4.172178443e-01,148581447,main,rise,1.209100000e+01,1.443433272e-01,1.170936489e-02,1.129217330e-01,1.186297283e+02,false,0,1.592700956e+03,/mnt/pd/tema1/new/results/ml_samples/N4_sw0.15_x+2_i0076.h5
4,50,1.500000000e-01,1.000000000e+00,2,1.260584802e+00,4.172178443e-01,1008843738,main,fall,2.004100000e+01,1.370194137e-01,8.627459878e-03,1.129850326e-01,1.186297283e+02,false,0,2.642926440e+03,/mnt/pd/tema1/new/results/ml_samples/N4_sw0.15_x+2_i0046.h5
4,50,1.500000000e-01,1.000000000e+00,4,1.521169604e+00,5.034640287e-01,367830245,main,rise,4.771000000e+00,1.602241617e-01,1.041199313e-02,1.060270611e-01,2.156331656e+02,false,0,6.836636629e+02,/mnt/pd/tema1/new/results/ml_samples/N4_sw0.15_x+4_i0004.h5
4,50,1.500000000e-01,1.000000000e+00,2,1.260584802e+00,4.172178443e-01,1145824034,main,rise,6.591000000e+00,1.408308459e-01,1.179254861e-02,1.143912508e-01,1.186297283e+02,false,0,8.981301794e+02,/mnt/pd/tema1/new/results/ml_samples/N4_sw0.15_x+2_i0098.h5
4,50,1.500000000e-01,1.000000000e+00,4,1.521169604e+00,5.034640287e-01,1431881227,main,rise,5.861000000e+00,1.565529456e-01,8.243355433e-03,1.083111327e-01,2.156331656e+02,false,0,8.218958090e+02,/mnt/pd/tema1/new/results/ml_samples/N4_sw0.15_x+4_i0000.h5
4,50,1.500000000e-01,1.000000000e+00,2,1.260584802e+00,4.172178443e-01,412550238,main,rise,1.757100000e+01,1.419083454e-01,1.405470382e-02,1.065513768e-01,1.186297283e+02,false,0,2.324153030e+03,/mnt/pd/tema1/new/results/ml_samples/N4_sw0.15_x+2_i0064.h5
4,50,1.500000000e-01,1.000000000e+00,2,1.260584802e+00,4.172178443e-01,1631575685,main,rise,1.459100000e+01,1.430323697e-01,1.405605660e-02,1.078851519e-01,1.186297283e+02,false,0,1.939444353e+03,/mnt/pd/tema1/new/results/ml_samples/N4_sw0.15_x+2_i0074.h5
4,50,1.500000000e-01,1.000000000e+00,4,1.521169604e+00,5.034640287e-01,163592653,main,rise,4.361000000e+00,1.592430815e-01,1.772067070e-02,1.090762484e-01,2.156331656e+02,false,0,6.467119383e+02,/mnt/pd/tema1/new/results/ml_samples/N4_sw0.15_x+4_i0010.h5
4,50,1.500000000e-01,1.000000000e+00,4,1.521169604e+00,5.034640287e-01,1543759945,main,rise,4.251000000e+00,1.519037268e-01,1.040262363e-02,1.157930568e-01,2.156331656e+02,false,0,6.156470767e+02,/mnt/pd/tema1/new/results/ml_samples/N4_sw0.15_x+4_i0022.h5
4,50,1.500000000e-01,1.000000000e+00,4,1.521169604e+00,5.034640287e-01,88444556,main,rise,4.121000000e+00,1.563110804e-01,1.309265177e-02,1.140250390e-01,2.156331656e+02,false,0,5.942209114e+02,/mnt/pd/tema1/new/results/ml_samples/N4_sw0.15_x+4_i0024.h5
4,50,1.500000000e-01,1.000000000e+00,4,1.521169604e+00,5.034640287e-01,1091980808,main,rise,5.041000000e+00,1.556607312e-01,1.203978915e-02,1.112188476e-01,2.156331656e+02,false,0,7.157461076e+02,/mnt/pd/tema1/new/results/ml_samples/N4_sw0.15_x+4_i0018.h5
4,50,1.500000000e-01,1.000000000e+00,1,1.130292401e+00,3.740947521e-01,2038835425,main,timeout,6.000100000e+01,1.349151542e-01,1.076814592e-02,1.101349301e-01,7.516871219e+01,false,0,7.817393482e+03,/mnt/pd/tema1/new/results/ml_samples/N4_sw0.15_x+1_i0108.h5
4,50,1.500000000e-01,1.000000000e+00,4,1.521169604e+00,5.034640287e-01,1015283733,main,rise,4.201000000e+00,1.563208297e-01,1.239307080e-02,1.121842365e-01,2.156331656e+02,false,0,6.090400227e+02,/mnt/pd/tema1/new/results/ml_samples/N4_sw0.15_x+4_i0032.h5
4,50,1.500000000e-01,1.000000000e+00,2,1.260584802e+00,4.172178443e-01,572124292,main,fall,1.980100000e+01,1.370749033e-01,7.027823609e-03,1.130652969e-01,9.445904826e+01,false,0,2.623403936e+03,/mnt/pd/tema1/new/results/ml_samples/N4_sw0.15_x+2_i0066.h5
4,50,1.500000000e-01,1.000000000e+00,4,1.521169604e+00,5.034640287e-01,968540526,main,rise,4.231000000e+00,1.523517536e-01,9.293092991e-03,1.125091869e-01,2.156331656e+02,false,0,6.109029375e+02,/mnt/pd/tema1/new/results/ml_samples/N4_sw0.15_x+4_i0038.h5
4,50,1.500000000e-01,1.000000000e+00,4,1.521169604e+00,5.034640287e-01,1700161128,main,rise,4.091000000e+00,1.606872541e-01,1.455335637e-02,1.069896677e-01,2.156331656e+02,false,0,5.941700155e+02,/mnt/pd/tema1/new/results/ml_samples/N4_sw0.15_x+4_i0042.h5
4,50,1.500000000e-01,1.000000000e+00,1,1.130292401e+00,3.740947521e-01,1625209503,main,rise,3.932100000e+01,1.415340684e-01,1.444049542e-02,1.089955439e-01,8.549390606e+01,false,0,5.143268045e+03,/mnt/pd/tema1/new/results/ml_samples/N4_sw0.15_x+1_i0196.h5
4,50,1.500000000e-01,1.000000000e+00,4,1.521169604e+00,5.034640287e-01,1675731155,main,rise,6.631000000e+00,1.569258609e-01,9.620922177e-03,1.082984338e-01,2.156331656e+02,false,0,9.211527358e+02,/mnt/pd/tema1/new/results/ml_samples/N4_sw0.15_x+4_i0014.h5
4,50,1.500000000e-01,1.000000000e+00,4,1.521169604e+00,5.034640287e-01,1710961181,main,rise,3.581000000e+00,1.580742552e-01,1.506797471e-02,1.101389614e-01,2.156331656e+02,false,0,5.324941481e+02,/mnt/pd/tema1/new/results/ml_samples/N4_sw0.15_x+4_i0046.h5
4,50,1.500000000e-01,1.000000000e+00,4,1.521169604e+00,5.034640287e-01,522690801,main,rise,5.941000000e+00,1.549433428e-01,1.256581952e-02,1.140567610e-01,2.156331656e+02,false,0,8.416987657e+02,/mnt/pd/tema1/new/results/ml_samples/N4_sw0.15_x+4_i0026.h5
4,50,1.500000000e-01,1.000000000e+00,4,1.521169604e+00,5.034640287e-01,2005085133,main,rise,2.871000000e+00,1.687902174e-01,2.211021853e-02,1.109366317e-01,2.156331656e+02,false,0,4.338028964e+02,/mnt/pd/tema1/new/results/ml_samples/N4_sw0.15_x+4_i0054.h5
4,50,1.500000000e-01,1.000000000e+00,4,1.521169604e+00,5.034640287e-01,574570526,main,rise,5.221000000e+00,1.539677318e-01,1.380309226e-02,1.162451655e-01,2.156331656e+02,false,0,7.394735711e+02,/mnt/pd/tema1/new/results/ml_samples/N4_sw0.15_x+4_i0036.h5
4,50,1.500000000e-01,1.000000000e+00,4,1.521169604e+00,5.034640287e-01,1399847323,main,rise,5.551000000e+00,1.549878848e-01,1.130259039e-02,1.136159304e-01,2.156331656e+02,false,0,7.833503918e+02,/mnt/pd/tema1/new/results/ml_samples/N4_sw0.15_x+4_i0040.h5
4,50,1.500000000e-01,1.000000000e+00,4,1.521169604e+00,5.034640287e-01,2094333165,main,rise,3.661000000e+00,1.556955637e-01,1.308997447e-02,1.155199805e-01,2.156331656e+02,false,0,5.349882961e+02,/mnt/pd/tema1/new/results/ml_samples/N4_sw0.15_x+4_i0052.h5
4,50,1.500000000e-01,1.000000000e+00,4,1.521169604e+00,5.034640287e-01,1566840596,main,rise,6.381000000e+00,1.508332769e-01,8.741046968e-03,1.120188930e-01,2.156331656e+02,false,0,8.922073701e+02,/mnt/pd/tema1/new/results/ml_samples/N4_sw0.15_x+4_i0028.h5
4,50,1.500000000e-01,1.000000000e+00,4,1.521169604e+00,5.034640287e-01,1689497333,main,rise,6.401000000e+00,1.563768453e-01,1.099021129e-02,1.097970994e-01,2.156331656e+02,false,0,8.885446507e+02,/mnt/pd/tema1/new/results/ml_samples/N4_sw0.15_x+4_i0030.h5
4,50,1.500000000e-01,1.000000000e+00,4,1.521169604e+00,5.034640287e-01,850727662,main,rise,9.531000000e+00,1.529162650e-01,1.228335815e-02,1.085514495e-01,2.156331656e+02,false,0,1.287934333e+03,/mnt/pd/tema1/new/results/ml_samples/N4_sw0.15_x+4_i0008.h5
4,50,1.500000000e-01,1.000000000e+00,4,1.521169604e+00,5.034640287e-01,2077735186,main,rise,8.521000000e+00,1.575065013e-01,1.288719488e-02,1.077868955e-01,2.156331656e+02,false,0,1.170667447e+03,/mnt/pd/tema1/new/results/ml_samples/N4_sw0.15_x+4_i0012.h5
4,50,1.500000000e-01,1.000000000e+00,4,1.521169604e+00,5.034640287e-01,1676298080,main,rise,3.801000000e+00,1.608439883e-01,1.124150096e-02,1.075354809e-01,2.156331656e+02,false,0,5.567461414e+02,/mnt/pd/tema1/new/results/ml_samples/N4_sw0.15_x+4_i0058.h5
4,50,1.500000000e-01,1.000000000e+00,4,1.521169604e+00,5.034640287e-01,724663533,main,rise,3.921000000e+00,1.606775282e-01,1.311633125e-02,1.105937079e-01,2.156331656e+02,false,0,5.723840663e+02,/mnt/pd/tema1/new/results/ml_samples/N4_sw0.15_x+4_i0056.h5
4,50,1.500000000e-01,1.000000000e+00,4,1.521169604e+00,5.034640287e-01,445306259,main,rise,5.681000000e+00,1.522877573e-01,1.088216351e-02,1.122774278e-01,2.156331656e+02,false,0,7.976610664e+02,/mnt/pd/tema1/new/results/ml_samples/N4_sw0.15_x+4_i0050.h5
4,50,1.500000000e-01,1.000000000e+00,4,1.521169604e+00,5.034640287e-01,100785809,main,rise,3.791000000e+00,1.588648966e-01,1.263799790e-02,1.097910713e-01,2.156331656e+02,false,0,5.554183886e+02,/mnt/pd/tema1/new/results/ml_samples/N4_sw0.15_x+4_i0060.h5
4,50,1.500000000e-01,1.000000000e+00,4,1.521169604e+00,5.034640287e-01,1584347415,main,rise,6.861000000e+00,1.548229668e-01,7.029336071e-03,1.081185102e-01,2.156331656e+02,false,0,9.524735510e+02,/mnt/pd/tema1/new/results/ml_samples/N4_sw0.15_x+4_i0048.h5
4,50,1.500000000e-01,1.000000000e+00,4,1.521169604e+00,5.034640287e-01,216473001,main,rise,8.461000000e+00,1.530971803e-01,8.021909723e-03,1.118023562e-01,2.156331656e+02,false,0,1.156869847e+03,/mnt/pd/tema1/new/results/ml_samples/N4_sw0.15_x+4_i0034.h5
4,50,1.500000000e-01,1.000000000e+00,4,1.521169604e+00,5.034640287e-01,1696248876,main,rise,3.271000000e+00,1.567909786e-01,1.309913545e-02,1.090260076e-01,2.156331656e+02,false,0,4.839183601e+02,/mnt/pd/tema1/new/results/ml_samples/N4_sw0.15_x+4_i0074.h5
4,50,1.500000000e-01,1.000000000e+00,4,1.521169604e+00,5.034640287e-01,475147625,main,rise,3.881000000e+00,1.581955459e-01,1.327101311e-02,1.111854694e-01,2.156331656e+02,false,0,5.704141375e+02,/mnt/pd/tema1/new/results/ml_samples/N4_sw0.15_x+4_i0068.h5
4,50,1.500000000e-01,1.000000000e+00,4,1.521169604e+00,5.034640287e-01,1620983532,main,rise,3.551000000e+00,1.552370443e-01,1.021451648e-02,1.107861329e-01,2.156331656e+02,false,0,5.217150182e+02,/mnt/pd/tema1/new/results/ml_samples/N4_sw0.15_x+4_i0076.h5
4,50,1.500000000e-01,1.000000000e+00,4,1.521169604e+00,5.034640287e-01,2002657731,main,rise,3.411000000e+00,1.530322952e-01,1.103626855e-02,1.132801140e-01,2.156331656e+02,false,0,5.031088849e+02,/mnt/pd/tema1/new/results/ml_samples/N4_sw0.15_x+4_i0078.h5
4,50,1.500000000e-01,1.000000000e+00,4,1.521169604e+00,5.034640287e-01,788866115,main,rise,4.171000000e+00,1.637003923e-01,1.215698304e-02,1.047442522e-01,2.156331656e+02,false,0,6.036462868e+02,/mnt/pd/tema1/new/results/ml_samples/N4_sw0.15_x+4_i0072.h5
4,50,1.500000000e-01,1.000000000e+00,2,1.260584802e+00,4.172178443e-01,340943540,main,rise,2.479100000e+01,1.401056481e-01,9.656074020e-03,1.109232255e-01,1.186297283e+02,false,0,3.261023997e+03,/mnt/pd/tema1/new/results/ml_samples/N4_sw0.15_x+2_i0070.h5
4,50,1.500000000e-01,1.000000000e+00,4,1.521169604e+00,5.034640287e-01,648795636,main,rise,1.098100000e+01,1.624678128e-01,1.259407166e-02,1.054527376e-01,2.156331656e+02,false,0,1.488832598e+03,/mnt/pd/tema1/new/results/ml_samples/N4_sw0.15_x+4_i0020.h5
4,50,3.000000000e-01,1.000000000e+00,-4,-4.233920735e-02,-1.401307774e-02,668943973,main,fall,9.710000000e-01,1.406155351e-01,4.150034531e-02,2.398118302e-01,3.685812253e-01,false,0,3.066082269e+02,/mnt/pd/tema1/new/results/ml_samples/N4_sw0.30_x-4_i0002.h5
4,50,1.500000000e-01,1.000000000e+00,4,1.521169604e+00,5.034640287e-01,421711902,main,rise,1.174100000e+01,1.528250679e-01,6.848775814e-03,1.074404141e-01,2.156331656e+02,false,0,1.589617234e+03,/mnt/pd/tema1/new/results/ml_samples/N4_sw0.15_x+4_i0016.h5
4,50,3.000000000e-01,1.000000000e+00,-4,-4.233920735e-02,-1.401307774e-02,2113974031,main,fall,1.221000000e+00,1.707651054e-01,9.297019731e-02,2.906276539e-01,9.732254675e-01,false,0,3.563551950e+02,/mnt/pd/tema1/new/results/ml_samples/N4_sw0.30_x-4_i0000.h5
4,50,3.000000000e-01,1.000000000e+00,-4,-4.233920735e-02,-1.401307774e-02,572626744,main,fall,6.790000000e-01,1.080793690e-01,4.496682398e-02,2.339497885e-01,1.492048212e+00,false,2,2.608592417e+02,/mnt/pd/tema1/new/results/ml_samples/N4_sw0.30_x-4_i0006.h5
4,50,1.500000000e-01,1.000000000e+00,4,1.521169604e+00,5.034640287e-01,1593314417,main,rise,4.261000000e+00,1.716585138e-01,1.644620724e-02,9.214971685e-02,2.156331656e+02,false,0,6.172786486e+02,/mnt/pd/tema1/new/results/ml_samples/N4_sw0.15_x+4_i0086.h5
4,50,1.500000000e-01,1.000000000e+00,4,1.521169604e+00,5.034640287e-01,92721205,main,rise,3.741000000e+00,1.534015976e-01,1.191331252e-02,1.121886142e-01,2.156331656e+02,false,0,5.488827407e+02,/mnt/pd/tema1/new/results/ml_samples/N4_sw0.15_x+4_i0094.h5
4,50,1.500000000e-01,1.000000000e+00,4,1.521169604e+00,5.034640287e-01,1994678537,main,rise,4.011000000e+00,1.521213621e-01,8.446443023e-03,1.129126138e-01,2.156331656e+02,false,0,5.847152755e+02,/mnt/pd/tema1/new/results/ml_samples/N4_sw0.15_x+4_i0090.h5
4,50,3.000000000e-01,1.000000000e+00,-4,-4.233920735e-02,-1.401307774e-02,424989655,main,fall,7.510000000e-01,1.659738261e-01,9.930040187e-02,5.830974163e-01,1.436580989e+00,false,0,2.747931580e+02,/mnt/pd/tema1/new/results/ml_samples/N4_sw0.30_x-4_i0008.h5
4,50,1.500000000e-01,1.000000000e+00,4,1.521169604e+00,5.034640287e-01,1459582972,main,rise,6.041000000e+00,1.540319176e-01,1.203144254e-02,1.096646741e-01,2.156331656e+02,false,0,8.477501666e+02,/mnt/pd/tema1/new/results/ml_samples/N4_sw0.15_x+4_i0064.h5
4,50,3.000000000e-01,1.000000000e+00,-4,-4.233920735e-02,-1.401307774e-02,937175188,main,fall,6.910000000e-01,1.075970046e-01,5.002166859e-02,3.661638983e-01,2.426606016e+00,false,1,2.455014111e+02,/mnt/pd/tema1/new/results/ml_samples/N4_sw0.30_x-4_i0012.h5
4,50,3.000000000e-01,1.000000000e+00,-4,-4.233920735e-02,-1.401307774e-02,948389975,main,fall,7.010000000e-01,1.019759666e-01,4.893481559e-02,1.789282943e-01,5.657805455e-01,false,0,2.462806001e+02,/mnt/pd/tema1/new/results/ml_samples/N4_sw0.30_x-4_i0014.h5
4,50,3.000000000e-01,1.000000000e+00,-4,-4.233920735e-02,-1.401307774e-02,472373855,main,fall,7.410000000e-01,1.538739298e-01,8.987782799e-02,2.822401118e-01,5.529521737e+00,false,2,2.846576912e+02,/mnt/pd/tema1/new/results/ml_samples/N4_sw0.30_x-4_i0010.h5
4,50,3.000000000e-01,1.000000000e+00,-4,-4.233920735e-02,-1.401307774e-02,258185541,main,fall,9.510000000e-01,2.457971018e-01,6.191352405e-02,1.473656307e-01,4.687139643e-01,false,0,2.993855940e+02,/mnt/pd/tema1/new/results/ml_samples/N4_sw0.30_x-4_i0016.h5
4,50,3.000000000e-01,1.000000000e+00,-4,-4.233920735e-02,-1.401307774e-02,687734879,main,fall,7.110000000e-01,1.780257052e-01,7.238059092e-02,2.184758958e-01,5.926312042e-01,false,1,2.587401842e+02,/mnt/pd/tema1/new/results/ml_samples/N4_sw0.30_x-4_i0020.h5
4,50,1.500000000e-01,1.000000000e+00,4,1.521169604e+00,5.034640287e-01,311947245,main,rise,6.061000000e+00,1.542963671e-01,9.694864288e-03,1.074336795e-01,2.156331656e+02,false,0,8.471707373e+02,/mnt/pd/tema1/new/results/ml_samples/N4_sw0.15_x+4_i0082.h5
4,50,1.500000000e-01,1.000000000e+00,4,1.521169604e+00,5.034640287e-01,1144656528,main,rise,7.271000000e+00,1.539450276e-01,7.773510724e-03,1.088247233e-01,2.156331656e+02,false,0,1.006432819e+03,/mnt/pd/tema1/new/results/ml_samples/N4_sw0.15_x+4_i0066.h5
4,50,3.000000000e-01,1.000000000e+00,-4,-4.233920735e-02,-1.401307774e-02,306706391,main,fall,1.841000000e+00,1.814174449e-01,7.958863113e-02,3.942280942e-01,7.810575228e-01,false,0,5.122105466e+02,/mnt/pd/tema1/new/results/ml_samples/N4_sw0.30_x-4_i0004.h5
4,50,3.000000000e-01,1.000000000e+00,-4,-4.233920735e-02,-1.401307774e-02,953452199,main,fall,5.820000000e-01,1.723235724e-01,9.270442833e-02,1.842675912e-01,6.188390565e-01,false,1,2.269451707e+02,/mnt/pd/tema1/new/results/ml_samples/N4_sw0.30_x-4_i0028.h5
4,50,3.000000000e-01,1.000000000e+00,-4,-4.233920735e-02,-1.401307774e-02,72118352,main,fall,9.510000000e-01,1.911898169e-01,4.204258887e-02,2.894631696e-01,4.492863662e+00,false,0,2.941275193e+02,/mnt/pd/tema1/new/results/ml_samples/N4_sw0.30_x-4_i0024.h5
4,50,3.000000000e-01,1.000000000e+00,-4,-4.233920735e-02,-1.401307774e-02,255692188,main,fall,6.420000000e-01,2.691644750e-01,8.187221302e-02,5.098432642e-01,1.832055088e+00,false,1,2.407149091e+02,/mnt/pd/tema1/new/results/ml_samples/N4_sw0.30_x-4_i0034.h5
4,50,3.000000000e-01,1.000000000e+00,-4,-4.233920735e-02,-1.401307774e-02,2024956685,main,fall,1.061000000e+00,1.193240504e-01,4.717203725e-02,3.542485685e-01,1.333473678e+00,false,0,3.487118526e+02,/mnt/pd/tema1/new/results/ml_samples/N4_sw0.30_x-4_i0018.h5
4,50,1.500000000e-01,1.000000000e+00,4,1.521169604e+00,5.034640287e-01,2058249785,main,rise,6.221000000e+00,1.535970677e-01,1.388658940e-02,1.107857742e-01,2.156331656e+02,false,0,8.682246834e+02,/mnt/pd/tema1/new/results/ml_samples/N4_sw0.15_x+4_i0084.h5
4,50,1.500000000e-01,1.000000000e+00,1,1.130292401e+00,3.740947521e-01,520837816,main,rise,5.244100000e+01,1.332923528e-01,9.127259883e-03,1.103443858e-01,8.549390606e+01,false,0,6.856670160e+03,/mnt/pd/tema1/new/results/ml_samples/N4_sw0.15_x+1_i0178.h5
4,50,1.500000000e-01,1.000000000e+00,4,1.521169604e+00,5.034640287e-01,1515453287,main,rise,5.801000000e+00,1.586761917e-01,8.223377622e-03,1.060956725e-01,2.156331656e+02,false,0,8.062357184e+02,/mnt/pd/tema1/new/results/ml_samples/N4_sw0.15_x+4_i0092.h5
4,50,3.000000000e-01,1.000000000e+00,-4,-4.233920735e-02,-1.401307774e-02,1183908555,main,fall,8.610000000e-01,2.417554834e-01,1.009957819e-01,4.168725429e-01,5.510544516e+00,false,0,2.895818367e+02,/mnt/pd/tema1/new/results/ml_samples/N4_sw0.30_x-4_i0026.h5
4,50,1.500000000e-01,1.000000000e+00,4,1.521169604e+00,5.034640287e-01,337673862,main,rise,6.701000000e+00,1.627328331e-01,1.783019309e-02,1.059575218e-01,2.156331656e+02,false,0,8.944513609e+02,/mnt/pd/tema1/new/results/ml_samples/N4_sw0.15_x+4_i0088.h5
4,50,3.000000000e-01,1.000000000e+00,-4,-4.233920735e-02,-1.401307774e-02,1132423346,main,fall,1.261000000e+00,1.676819037e-01,5.117143527e-02,3.446255176e-01,4.362564551e+00,false,0,3.843531572e+02,/mnt/pd/tema1/new/results/ml_samples/N4_sw0.30_x-4_i0022.h5
4,50,1.500000000e-01,1.000000000e+00,4,1.521169604e+00,5.034640287e-01,1316646181,main,rise,8.251000000e+00,1.570294953e-01,1.062986990e-02,1.074255370e-01,2.156331656e+02,false,0,1.134662502e+03,/mnt/pd/tema1/new/results/ml_samples/N4_sw0.15_x+4_i0070.h5
4,50,3.000000000e-01,1.000000000e+00,-4,-4.233920735e-02,-1.401307774e-02,931873318,main,fall,1.081000000e+00,2.077357726e-01,4.921009278e-02,3.814876383e-01,1.944604058e+00,false,0,3.434433410e+02,/mnt/pd/tema1/new/results/ml_samples/N4_sw0.30_x-4_i0040.h5
4,50,3.000000000e-01,1.000000000e+00,-4,-4.233920735e-02,-1.401307774e-02,1362784252,main,fall,1.231000000e+00,1.882320519e-01,9.383899183e-02,2.680822793e-01,1.569130809e+00,false,0,3.767471569e+02,/mnt/pd/tema1/new/results/ml_samples/N4_sw0.30_x-4_i0030.h5
4,50,3.000000000e-01,1.000000000e+00,-4,-4.233920735e-02,-1.401307774e-02,1828001279,main,fall,1.041000000e+00,1.868447759e-01,7.079526185e-02,5.315430962e-01,8.244734080e-01,false,1,3.460891164e+02,/mnt/pd/tema1/new/results/ml_samples/N4_sw0.30_x-4_i0042.h5
4,50,1.500000000e-01,1.000000000e+00,4,1.521169604e+00,5.034640287e-01,233451294,main,rise,5.461000000e+00,1.633771368e-01,1.208448575e-02,1.065546741e-01,2.156331656e+02,false,0,7.720869470e+02,/mnt/pd/tema1/new/results/ml_samples/N4_sw0.15_x+4_i0098.h5
4,50,3.000000000e-01,1.000000000e+00,-4,-4.233920735e-02,-1.401307774e-02,566502447,main,fall,7.210000000e-01,2.163237025e-01,7.339971784e-02,2.964070821e-01,1.479207277e+00,false,0,2.615368057e+02,/mnt/pd/tema1/new/results/ml_samples/N4_sw0.30_x-4_i0048.h5
4,50,3.000000000e-01,1.000000000e+00,-4,-4.233920735e-02,-1.401307774e-02,2138813872,main,fall,4.810000000e-01,1.231228565e-01,3.615040669e-02,1.842910602e-01,1.637929658e+00,false,0,1.946120561e+02,/mnt/pd/tema1/new/results/ml_samples/N4_sw0.30_x-4_i0062.h5
4,50,3.000000000e-01,1.000000000e+00,-4,-4.233920735e-02,-1.401307774e-02,1700464799,main,fall,1.491000000e+00,2.541379523e-01,9.015794714e-02,4.427827065e-01,1.553599076e+00,false,0,4.356991934e+02,/mnt/pd/tema1/new/results/ml_samples/N4_sw0.30_x-4_i0038.h5
4,50,1.500000000e-01,1.000000000e+00,4,1.521169604e+00,5.034640287e-01,172971634,main,rise,9.781000000e+00,1.523885596e-01,8.877004895e-03,1.099349189e-01,2.156331656e+02,false,0,1.331551276e+03,/mnt/pd/tema1/new/results/ml_samples/N4_sw0.15_x+4_i0062.h5
4,50,3.000000000e-01,1.000000000e+00,-4,-4.233920735e-02,-1.401307774e-02,39693498,main,fall,7.410000000e-01,1.366322121e-01,7.826511029e-02,1.898463287e-01,1.052459776e+01,false,0,2.470950313e+02,/mnt/pd/tema1/new/results/ml_samples/N4_sw0.30_x-4_i0054.h5
4,50,3.000000000e-01,1.000000000e+00,-4,-4.233920735e-02,-1.401307774e-02,258930016,main,fall,7.910000000e-01,2.438951481e-01,9.936116380e-02,4.907408282e-01,6.524465470e-01,false,0,2.556560060e+02,/mnt/pd/tema1/new/results/ml_samples/N4_sw0.30_x-4_i0056.h5
4,50,3.000000000e-01,1.000000000e+00,-4,-4.233920735e-02,-1.401307774e-02,651374449,main,fall,1.071000000e+00,1.945372306e-01,6.495864179e-02,2.686151718e-01,2.493005213e+00,false,0,3.051724758e+02,/mnt/pd/tema1/new/results/ml_samples/N4_sw0.30_x-4_i0052.h5
4,50,3.000000000e-01,1.000000000e+00,-4,-4.233920735e-02,-1.401307774e-02,1287695860,main,fall,7.110000000e-01,2.156013215e-01,9.642185759e-02,3.084992062e-01,2.488427680e+00,false,0,2.590414636e+02,/mnt/pd/tema1/new/results/ml_samples/N4_sw0.30_x-4_i0058.h5
4,50,3.000000000e-01,1.000000000e+00,-4,-4.233920735e-02,-1.401307774e-02,1076114152,main,fall,1.331000000e+00,1.355310243e-01,9.402892101e-02,3.109230866e-01,5.183818399e-01,false,0,3.697143395e+02,/mnt/pd/tema1/new/results/ml_samples/N4_sw0.30_x-4_i0046.h5
4,50,1.500000000e-01,1.000000000e+00,4,1.521169604e+00,5.034640287e-01,1889666418,main,rise,8.751000000e+00,1.561187089e-01,1.031017201e-02,1.066294934e-01,2.156331656e+02,false,0,1.197460502e+03,/mnt/pd/tema1/new/results/ml_samples/N4_sw0.15_x+4_i0080.h5
4,50,3.000000000e-01,1.000000000e+00,-4,-4.233920735e-02,-1.401307774e-02,9384354,main,fall,7.710000000e-01,1.810234449e-01,5.402976954e-02,2.435465603e-01,8.388370697e-01,false,1,2.804490030e+02,/mnt/pd/tema1/new/results/ml_samples/N4_sw0.30_x-4_i0060.h5
4,50,1.500000000e-01,1.000000000e+00,2,1.260584802e+00,4.172178443e-01,43821292,main,rise,3.158100000e+01,1.423734607e-01,7.966824815e-03,1.104347297e-01,1.186297283e+02,false,0,4.138487654e+03,/mnt/pd/tema1/new/results/ml_samples/N4_sw0.15_x+2_i0058.h5
4,50,1.500000000e-01,1.000000000e+00,4,1.521169604e+00,5.034640287e-01,1971501141,main,rise,6.871000000e+00,1.568922944e-01,8.868701421e-03,1.074636715e-01,2.156331656e+02,false,0,9.179539386e+02,/mnt/pd/tema1/new/results/ml_samples/N4_sw0.15_x+4_i0096.h5
4,50,3.000000000e-01,1.000000000e+00,-4,-4.233920735e-02,-1.401307774e-02,1555626756,main,fall,1.841000000e+00,1.047463639e-01,6.692209737e-02,4.456369696e-01,2.342390993e+00,false,0,5.127826530e+02,/mnt/pd/tema1/new/results/ml_samples/N4_sw0.30_x-4_i0044.h5
4,50,3.000000000e-01,1.000000000e+00,-4,-4.233920735e-02,-1.401307774e-02,332709523,main,fall,8.810000000e-01,1.130976139e-01,7.691433572e-02,3.635696115e-01,3.045481980e-01,false,0,2.942157570e+02,/mnt/pd/tema1/new/results/ml_samples/N4_sw0.30_x-4_i0068.h5
4,50,3.000000000e-01,1.000000000e+00,-4,-4.233920735e-02,-1.401307774e-02,160657811,main,fall,7.810000000e-01,6.947203715e-02,3.421774009e-02,2.250375406e-01,1.345204378e+00,false,0,2.586573599e+02,/mnt/pd/tema1/new/results/ml_samples/N4_sw0.30_x-4_i0074.h5
4,50,3.000000000e-01,1.000000000e+00,-4,-4.233920735e-02,-1.401307774e-02,1559915639,main,fall,1.101000000e+00,2.225686615e-01,7.727739493e-02,4.146190356e-01,5.007873168e+00,false,0,3.435023077e+02,/mnt/pd/tema1/new/results/ml_samples/N4_sw0.30_x-4_i0064.h5
4,50,3.000000000e-01,1.000000000e+00,-4,-4.233920735e-02,-1.401307774e-02,2096846495,main,fall,2.211000000e+00,1.655997624e-01,6.726612601e-02,4.135692522e-01,6.822859293e-01,false,0,5.888481005e+02,/mnt/pd/tema1/new/results/ml_samples/N4_sw0.30_x-4_i0032.h5
4,50,3.000000000e-01,1.000000000e+00,-4,-4.233920735e-02,-1.401307774e-02,1936707466,main,fall,7.310000000e-01,1.761213210e-01,6.324227081e-02,2.875223099e-01,9.127770419e+00,false,0,2.511740548e+02,/mnt/pd/tema1/new/results/ml_samples/N4_sw0.30_x-4_i0076.h5
4,50,3.000000000e-01,1.000000000e+00,-4,-4.233920735e-02,-1.401307774e-02,432587701,main,fall,1.271000000e+00,2.091863997e-01,9.739738845e-02,2.891934999e-01,1.221235268e+00,false,0,3.597506711e+02,/mnt/pd/tema1/new/results/ml_samples/N4_sw0.30_x-4_i0066.h5
4,50,3.000000000e-01,1.000000000e+00,-4,-4.233920735e-02,-1.401307774e-02,947446640,main,fall,8.210000000e-01,2.594597768e-01,7.584184161e-02,3.173017553e-01,1.008662914e+00,false,0,2.584980957e+02,/mnt/pd/tema1/new/results/ml_samples/N4_sw0.30_x-4_i0082.h5
4,50,3.000000000e-01,1.000000000e+00,-4,-4.233920735e-02,-1.401307774e-02,65261890,main,fall,1.561000000e+00,7.949036060e-02,3.639259266e-02,3.584190117e-01,5.128768437e-01,false,0,4.693992138e+02,/mnt/pd/tema1/new/results/ml_samples/N4_sw0.30_x-4_i0050.h5
4,50,3.000000000e-01,1.000000000e+00,-4,-4.233920735e-02,-1.401307774e-02,259350437,main,fall,1.181000000e+00,1.515259458e-01,5.058665346e-02,3.912786145e-01,4.511492890e-01,false,2,3.877582729e+02,/mnt/pd/tema1/new/results/ml_samples/N4_sw0.30_x-4_i0070.h5
4,50,3.000000000e-01,1.000000000e+00,-4,-4.233920735e-02,-1.401307774e-02,483370546,main,fall,1.091000000e+00,1.526369457e-01,1.130820404e-01,2.528085327e-01,9.818547839e-01,false,0,3.581176328e+02,/mnt/pd/tema1/new/results/ml_samples/N4_sw0.30_x-4_i0072.h5
4,50,3.000000000e-01,1.000000000e+00,-4,-4.233920735e-02,-1.401307774e-02,206631815,main,fall,9.210000000e-01,1.303551964e-01,5.285209292e-02,1.890032136e-01,7.803102655e-01,false,0,2.717109090e+02,/mnt/pd/tema1/new/results/ml_samples/N4_sw0.30_x-4_i0086.h5
4,50,3.000000000e-01,1.000000000e+00,-4,-4.233920735e-02,-1.401307774e-02,1878582954,main,fall,9.710000000e-01,2.318841839e-01,7.866394819e-02,2.489930511e-01,1.268476372e+00,false,0,3.207944402e+02,/mnt/pd/tema1/new/results/ml_samples/N4_sw0.30_x-4_i0080.h5
4,50,3.000000000e-01,1.000000000e+00,-4,-4.233920735e-02,-1.401307774e-02,1778906116,main,fall,7.110000000e-01,2.598716646e-01,7.635041033e-02,3.509122753e-01,4.308659994e+00,false,0,2.462850596e+02,/mnt/pd/tema1/new/results/ml_samples/N4_sw0.30_x-4_i0094.h5
4,50,3.000000000e-01,1.000000000e+00,-2,4.788303963e-01,1.584792911e-01,1388651445,main,fall,9.110000000e-01,1.367283321e-01,5.561146688e-02,1.731695376e-01,3.518072514e+01,false,0,1.923619668e+02,/mnt/pd/tema1/new/results/ml_samples/N4_sw0.30_x-2_i0002.h5
4,50,3.000000000e-01,1.000000000e+00,-4,-4.233920735e-02,-1.401307774e-02,497097068,main,fall,2.771000000e+00,2.596571210e-01,1.280055155e-01,3.904946107e-01,7.055378415e-01,false,0,6.933334644e+02,/mnt/pd/tema1/new/results/ml_samples/N4_sw0.30_x-4_i0036.h5
4,50,3.000000000e-01,1.000000000e+00,-2,4.788303963e-01,1.584792911e-01,1620358560,main,fall,7.010000000e-01,2.242014346e-01,5.922036916e-02,1.688059775e-01,1.012999522e+01,false,0,1.753118025e+02,/mnt/pd/tema1/new/results/ml_samples/N4_sw0.30_x-2_i0010.h5
4,50,3.000000000e-01,1.000000000e+00,-4,-4.233920735e-02,-1.401307774e-02,1384319327,main,fall,6.310000000e-01,1.515940314e-01,5.751003514e-02,1.833228797e-01,2.437278531e+00,false,0,2.214626859e+02,/mnt/pd/tema1/new/results/ml_samples/N4_sw0.30_x-4_i0098.h5
4,50,3.000000000e-01,1.000000000e+00,-2,4.788303963e-01,1.584792911e-01,949384184,main,fall,9.210000000e-01,1.928244183e-01,7.386474344e-02,1.711484159e-01,1.022966245e+01,false,0,2.055700434e+02,/mnt/pd/tema1/new/results/ml_samples/N4_sw0.30_x-2_i0004.h5
4,50,3.000000000e-01,1.000000000e+00,-2,4.788303963e-01,1.584792911e-01,1606438368,main,fall,1.181000000e+00,1.633104500e-01,4.261022739e-02,1.549669239e-01,3.936663207e+01,false,0,2.311778556e+02,/mnt/pd/tema1/new/results/ml_samples/N4_sw0.30_x-2_i0000.h5
4,50,1.500000000e-01,1.000000000e+00,2,1.260584802e+00,4.172178443e-01,1194285386,main,rise,3.291100000e+01,1.402492627e-01,8.783160546e-03,1.072515276e-01,1.186297283e+02,false,0,4.303729491e+03,/mnt/pd/tema1/new/results/ml_samples/N4_sw0.15_x+2_i0060.h5
4,50,3.000000000e-01,1.000000000e+00,-4,-4.233920735e-02,-1.401307774e-02,711250067,main,fall,8.410000000e-01,1.518453022e-01,5.823854030e-02,2.252457452e-01,1.060496480e+00,false,0,2.812441973e+02,/mnt/pd/tema1/new/results/ml_samples/N4_sw0.30_x-4_i0096.h5
4,50,3.000000000e-01,1.000000000e+00,-4,-4.233920735e-02,-1.401307774e-02,508386903,main,fall,1.141000000e+00,2.545994555e-01,6.055016680e-02,3.114879671e-01,1.728081113e+00,false,0,3.530999288e+02,/mnt/pd/tema1/new/results/ml_samples/N4_sw0.30_x-4_i0092.h5
4,50,3.000000000e-01,1.000000000e+00,-2,4.788303963e-01,1.584792911e-01,231499251,main,fall,7.010000000e-01,1.796682262e-01,6.019040735e-02,1.807778770e-01,5.221239664e+00,false,0,1.641418904e+02,/mnt/pd/tema1/new/results/ml_samples/N4_sw0.30_x-2_i0028.h5
4,50,1.500000000e-01,1.000000000e+00,4,1.521169604e+00,5.034640287e-01,1583825103,main,rise,1.571100000e+01,1.571080802e-01,8.103400093e-03,1.036352092e-01,2.156331656e+02,false,0,2.094245501e+03,/mnt/pd/tema1/new/results/ml_samples/N4_sw0.15_x+4_i0044.h5
4,50,3.000000000e-01,1.000000000e+00,-2,4.788303963e-01,1.584792911e-01,748143190,main,fall,1.051000000e+00,1.621287291e-01,6.762838735e-02,1.773694774e-01,2.408609744e+01,false,0,2.124550963e+02,/mnt/pd/tema1/new/results/ml_samples/N4_sw0.30_x-2_i0024.h5
4,50,3.000000000e-01,1.000000000e+00,-4,-4.233920735e-02,-1.401307774e-02,1475800858,main,fall,1.271000000e+00,9.806970500e-02,2.419860566e-02,3.755342444e-01,2.513905213e+00,false,0,3.867995950e+02,/mnt/pd/tema1/new/results/ml_samples/N4_sw0.30_x-4_i0090.h5
4,50,3.000000000e-01,1.000000000e+00,-2,4.788303963e-01,1.584792911e-01,1090548137,main,fall,1.201000000e+00,1.139008234e-01,5.376426788e-02,1.719017571e-01,4.171426611e+00,false,0,2.428767633e+02,/mnt/pd/tema1/new/results/ml_samples/N4_sw0.30_x-2_i0018.h5
4,50,3.000000000e-01,1.000000000e+00,-4,-4.233920735e-02,-1.401307774e-02,1068490189,main,fall,1.301000000e+00,1.920505213e-01,8.434490799e-02,5.834665238e-01,1.391049941e+00,false,1,4.171523318e+02,/mnt/pd/tema1/new/results/ml_samples/N4_sw0.30_x-4_i0088.h5
4,50,3.000000000e-01,1.000000000e+00,-4,-4.233920735e-02,-1.401307774e-02,1447454361,main,fall,1.871000000e+00,2.283072953e-01,8.567769068e-02,2.934538311e-01,2.240133167e+00,false,0,4.917403210e+02,/mnt/pd/tema1/new/results/ml_samples/N4_sw0.30_x-4_i0078.h5
4,50,3.000000000e-01,1.000000000e+00,-2,4.788303963e-01,1.584792911e-01,1818371645,main,fall,1.001000000e+00,1.413359873e-01,3.822576109e-02,1.832475870e-01,2.018073440e+01,false,0,2.273671779e+02,/mnt/pd/tema1/new/results/ml_samples/N4_sw0.30_x-2_i0030.h5
4,50,3.000000000e-01,1.000000000e+00,-2,4.788303963e-01,1.584792911e-01,322288728,main,fall,6.810000000e-01,1.584607094e-01,4.250297669e-02,1.932995195e-01,1.824100367e+01,false,0,1.654759617e+02,/mnt/pd/tema1/new/results/ml_samples/N4_sw0.30_x-2_i0048.h5
4,50,3.000000000e-01,1.000000000e+00,-4,-4.233920735e-02,-1.401307774e-02,1264490630,main,fall,1.811000000e+00,2.301199393e-01,7.136371314e-02,3.903072784e-01,8.425557941e-01,false,0,5.090038545e+02,/mnt/pd/tema1/new/results/ml_samples/N4_sw0.30_x-4_i0084.h5
4,50,3.000000000e-01,1.000000000e+00,-2,4.788303963e-01,1.584792911e-01,1224080966,main,fall,2.271000000e+00,1.215455543e-01,4.018893378e-02,1.603986107e-01,1.846634015e+01,false,0,3.624096936e+02,/mnt/pd/tema1/new/results/ml_samples/N4_sw0.30_x-2_i0020.h5
4,50,3.000000000e-01,1.000000000e+00,-2,4.788303963e-01,1.584792911e-01,599371611,main,fall,1.261000000e+00,1.507618360e-01,3.322358363e-02,1.596036188e-01,1.368320445e+01,false,0,2.582019529e+02,/mnt/pd/tema1/new/results/ml_samples/N4_sw0.30_x-2_i0046.h5
4,50,3.000000000e-01,1.000000000e+00,-2,4.788303963e-01,1.584792911e-01,495392245,main,fall,6.310000000e-01,1.248204841e-01,3.846389244e-02,1.628567478e-01,1.121140279e+01,false,0,1.617895491e+02,/mnt/pd/tema1/new/results/ml_samples/N4_sw0.30_x-2_i0062.h5
4,50,3.000000000e-01,1.000000000e+00,-2,4.788303963e-01,1.584792911e-01,294914899,main,fall,1.091000000e+00,1.922110537e-01,5.542503841e-02,1.541721609e-01,8.415316611e+00,false,0,2.471010264e+02,/mnt/pd/tema1/new/results/ml_samples/N4_sw0.30_x-2_i0052.h5
4,50,3.000000000e-01,1.000000000e+00,-2,4.788303963e-01,1.584792911e-01,1118539827,main,fall,7.510000000e-01,1.404028889e-01,4.830651247e-02,1.769123647e-01,3.936663207e+01,false,0,1.858285670e+02,/mnt/pd/tema1/new/results/ml_samples/N4_sw0.30_x-2_i0060.h5
4,50,3.000000000e-01,1.000000000e+00,-2,4.788303963e-01,1.584792911e-01,358198990,main,fall,1.701000000e+00,1.692737177e-01,5.007733664e-02,1.528487183e-01,1.685986874e+00,false,0,3.137527211e+02,/mnt/pd/tema1/new/results/ml_samples/N4_sw0.30_x-2_i0036.h5
4,50,3.000000000e-01,1.000000000e+00,-2,4.788303963e-01,1.584792911e-01,1169593652,main,fall,6.110000000e-01,8.912621820e-02,1.727922210e-02,1.814650899e-01,2.134075890e+01,false,0,1.572645900e+02,/mnt/pd/tema1/new/results/ml_samples/N4_sw0.30_x-2_i0070.h5
4,50,3.000000000e-01,1.000000000e+00,-2,4.788303963e-01,1.584792911e-01,850876179,main,fall,1.581000000e+00,1.249397988e-01,3.675012139e-02,1.428588068e-01,1.926637981e+01,false,0,3.099661073e+02,/mnt/pd/tema1/new/results/ml_samples/N4_sw0.30_x-2_i0044.h5
4,50,3.000000000e-01,1.000000000e+00,-2,4.788303963e-01,1.584792911e-01,1313913230,main,fall,1.161000000e+00,1.226394739e-01,2.771795467e-02,1.622534036e-01,6.236754548e+00,false,0,2.170464681e+02,/mnt/pd/tema1/new/results/ml_samples/N4_sw0.30_x-2_i0058.h5
4,50,3.000000000e-01,1.000000000e+00,-2,4.788303963e-01,1.584792911e-01,2135648506,main,fall,8.910000000e-01,1.805877263e-01,9.066572046e-02,1.767485564e-01,3.290553208e+00,false,0,1.974999768e+02,/mnt/pd/tema1/new/results/ml_samples/N4_sw0.30_x-2_i0066.h5
4,50,3.000000000e-01,1.000000000e+00,-2,4.788303963e-01,1.584792911e-01,2039145135,main,fall,1.461000000e+00,1.240610697e-01,5.685189278e-02,1.531973329e-01,1.182729508e+01,false,0,2.975638007e+02,/mnt/pd/tema1/new/results/ml_samples/N4_sw0.30_x-2_i0050.h5
4,50,3.000000000e-01,1.000000000e+00,-2,4.788303963e-01,1.584792911e-01,3523109,main,fall,2.911000000e+00,2.401162333e-01,9.736482821e-02,1.269040720e-01,2.408889607e+01,false,0,5.006876723e+02,/mnt/pd/tema1/new/results/ml_samples/N4_sw0.30_x-2_i0016.h5
4,50,3.000000000e-01,1.000000000e+00,-2,4.788303963e-01,1.584792911e-01,558152402,main,fall,1.341000000e+00,1.975113466e-01,6.513474948e-02,1.596275358e-01,1.620871047e+01,false,0,2.588123652e+02,/mnt/pd/tema1/new/results/ml_samples/N4_sw0.30_x-2_i0076.h5
4,50,3.000000000e-01,1.000000000e+00,-2,4.788303963e-01,1.584792911e-01,1138673020,main,fall,3.361000000e+00,1.348519506e-01,5.653844694e-02,1.484676295e-01,1.326468232e+01,false,0,6.018594825e+02,/mnt/pd/tema1/new/results/ml_samples/N4_sw0.30_x-2_i0012.h5
4,50,3.000000000e-01,1.000000000e+00,-2,4.788303963e-01,1.584792911e-01,59789998,main,fall,1.061000000e+00,1.385994720e-01,5.733393251e-02,1.644317170e-01,6.373966291e+00,false,0,2.178242971e+02,/mnt/pd/tema1/new/results/ml_samples/N4_sw0.30_x-2_i0080.h5
4,50,3.000000000e-01,1.000000000e+00,-2,4.788303963e-01,1.584792911e-01,1683038239,main,fall,2.641000000e+00,1.572967417e-01,6.483981195e-02,1.465940169e-01,1.305900220e+01,false,0,4.772897974e+02,/mnt/pd/tema1/new/results/ml_samples/N4_sw0.30_x-2_i0042.h5
4,50,3.000000000e-01,1.000000000e+00,-2,4.788303963e-01,1.584792911e-01,10000297,main,fall,1.151000000e+00,2.491747369e-01,5.378879629e-02,1.652810415e-01,1.228360390e+01,false,0,2.309800422e+02,/mnt/pd/tema1/new/results/ml_samples/N4_sw0.30_x-2_i0078.h5
4,50,3.000000000e-01,1.000000000e+00,-2,4.788303963e-01,1.584792911e-01,797362478,main,fall,9.710000000e-01,1.419516150e-01,5.242687376e-02,1.768510515e-01,4.085855838e+00,false,0,2.137265454e+02,/mnt/pd/tema1/new/results/ml_samples/N4_sw0.30_x-2_i0096.h5
4,50,3.000000000e-01,1.000000000e+00,-2,4.788303963e-01,1.584792911e-01,1019354314,main,fall,3.251000000e+00,1.325896200e-01,4.181247018e-02,1.368117639e-01,2.015633287e+01,false,0,5.418019473e+02,/mnt/pd/tema1/new/results/ml_samples/N4_sw0.30_x-2_i0040.h5
4,50,3.000000000e-01,1.000000000e+00,-2,4.788303963e-01,1.584792911e-01,1112836384,main,fall,1.381000000e+00,1.649268700e-01,4.985220873e-02,1.826873262e-01,2.927485376e+01,false,0,2.751868879e+02,/mnt/pd/tema1/new/results/ml_samples/N4_sw0.30_x-2_i0084.h5
4,50,3.000000000e-01,1.000000000e+00,-2,4.788303963e-01,1.584792911e-01,1212493673,main,fall,4.191000000e+00,1.156364936e-01,3.630328657e-02,1.301650663e-01,1.217438575e+01,false,0,7.305669683e+02,/mnt/pd/tema1/new/results/ml_samples/N4_sw0.30_x-2_i0008.h5
4,50,3.000000000e-01,1.000000000e+00,-1,7.394151982e-01,2.447254755e-01,616574740,main,fall,1.321000000e+00,1.254569129e-01,3.097408305e-02,1.396616313e-01,2.194558717e+01,false,0,2.537143825e+02,/mnt/pd/tema1/new/results/ml_samples/N4_sw0.30_x-1_i0000.h5
4,50,3.000000000e-01,1.000000000e+00,-2,4.788303963e-01,1.584792911e-01,2120361943,main,fall,3.311000000e+00,1.452468146e-01,4.256373455e-02,1.554004655e-01,6.099829832e+00,false,0,5.418398124e+02,/mnt/pd/tema1/new/results/ml_samples/N4_sw0.30_x-2_i0064.h5
4,50,3.000000000e-01,1.000000000e+00,-2,4.788303963e-01,1.584792911e-01,682495307,main,fall,2.291000000e+00,1.003725392e-01,2.850360861e-02,1.618746555e-01,9.065472340e+00,false,0,4.041263788e+02,/mnt/pd/tema1/new/results/ml_samples/N4_sw0.30_x-2_i0088.h5
4,50,3.000000000e-01,1.000000000e+00,-2,4.788303963e-01,1.584792911e-01,1841124285,main,fall,4.431000000e+00,1.063239468e-01,3.943163291e-02,1.433655129e-01,1.933832121e+01,false,0,7.420560884e+02,/mnt/pd/tema1/new/results/ml_samples/N4_sw0.30_x-2_i0032.h5
4,50,3.000000000e-01,1.000000000e+00,-1,7.394151982e-01,2.447254755e-01,1660649772,main,fall,1.251000000e+00,1.585357946e-01,7.235704868e-02,1.472265715e-01,2.984491841e+01,false,0,2.453012570e+02,/mnt/pd/tema1/new/results/ml_samples/N4_sw0.30_x-1_i0006.h5
4,50,3.000000000e-01,1.000000000e+00,-2,4.788303963e-01,1.584792911e-01,603089751,main,fall,4.601000000e+00,1.705668657e-01,6.782277873e-02,1.234672124e-01,5.889515588e+00,false,0,8.325390298e+02,/mnt/pd/tema1/new/results/ml_samples/N4_sw0.30_x-2_i0022.h5
4,50,3.000000000e-01,1.000000000e+00,-2,4.788303963e-01,1.584792911e-01,1540997920,main,fall,2.421000000e+00,1.327429125e-01,4.505621963e-02,1.395969123e-01,3.584196941e+01,false,0,4.668442133e+02,/mnt/pd/tema1/new/results/ml_samples/N4_sw0.30_x-2_i0082.h5
4,50,3.000000000e-01,1.000000000e+00,-2,4.788303963e-01,1.584792911e-01,1367058519,main,fall,4.681000000e+00,1.542398395e-01,6.219529224e-02,1.402360554e-01,1.638432504e+01,false,0,8.124603670e+02,/mnt/pd/tema1/new/results/ml_samples/N4_sw0.30_x-2_i0026.h5
4,50,3.000000000e-01,1.000000000e+00,-1,7.394151982e-01,2.447254755e-01,958662760,main,fall,1.151000000e+00,1.534415536e-01,4.875885076e-02,1.513345628e-01,3.889185058e+01,false,0,2.308293986e+02,/mnt/pd/tema1/new/results/ml_samples/N4_sw0.30_x-1_i0012.h5
4,50,3.000000000e-01,1.000000000e+00,-2,4.788303963e-01,1.584792911e-01,2077745497,main,fall,5.441000000e+00,1.883902482e-01,4.946145297e-02,1.504324354e-01,3.582407738e+01,false,0,9.178013806e+02,/mnt/pd/tema1/new/results/ml_samples/N4_sw0.30_x-2_i0014.h5
4,50,3.000000000e-01,1.000000000e+00,-2,4.788303963e-01,1.584792911e-01,717430926,main,fall,2.751000000e+00,9.708103267e-02,3.323685922e-02,1.552367526e-01,1.390793396e+01,false,0,4.815066519e+02,/mnt/pd/tema1/new/results/ml_samples/N4_sw0.30_x-2_i0086.h5
4,50,3.000000000e-01,1.000000000e+00,-2,4.788303963e-01,1.584792911e-01,426800754,main,fall,4.151000000e+00,1.763257463e-01,7.655908265e-02,1.594949161e-01,1.875748776e+01,false,0,7.527015766e+02,/mnt/pd/tema1/new/results/ml_samples/N4_sw0.30_x-2_i0054.h5
4,50,3.000000000e-01,1.000000000e+00,-2,4.788303963e-01,1.584792911e-01,1470662018,main,fall,3.871000000e+00,1.664854258e-01,4.282794134e-02,1.401016807e-01,1.564660773e+01,false,0,6.074403473e+02,/mnt/pd/tema1/new/results/ml_samples/N4_sw0.30_x-2_i0074.h5
4,50,3.000000000e-01,1.000000000e+00,-2,4.788303963e-01,1.584792911e-01,215750897,main,fall,2.771000000e+00,2.452964296e-01,8.658703985e-02,1.259691829e-01,1.659407241e+00,false,0,5.120229159e+02,/mnt/pd/tema1/new/results/ml_samples/N4_sw0.30_x-2_i0090.h5
4,50,3.000000000e-01,1.000000000e+00,-1,7.394151982e-01,2.447254755e-01,902274249,main,fall,6.310000000e-01,1.405111462e-01,4.346834954e-02,1.656113832e-01,3.889185058e+01,false,0,1.575615916e+02,/mnt/pd/tema1/new/results/ml_samples/N4_sw0.30_x-1_i0032.h5
4,50,3.000000000e-01,1.000000000e+00,-2,4.788303963e-01,1.584792911e-01,1021698104,main,fall,3.191000000e+00,1.573742212e-01,5.037802704e-02,1.356338441e-01,4.123875881e+00,false,0,5.727708734e+02,/mnt/pd/tema1/new/results/ml_samples/N4_sw0.30_x-2_i0098.h5
4,50,3.000000000e-01,1.000000000e+00,-1,7.394151982e-01,2.447254755e-01,2070588664,main,fall,8.210000000e-01,2.020116244e-01,5.088840611e-02,1.574229818e-01,3.889185058e+01,false,0,1.838622910e+02,/mnt/pd/tema1/new/results/ml_samples/N4_sw0.30_x-1_i0030.h5
4,50,3.000000000e-01,1.000000000e+00,-1,7.394151982e-01,2.447254755e-01,1323955831,main,fall,2.531000000e+00,1.381556439e-01,4.400920136e-02,1.395756907e-01,3.889185058e+01,false,0,4.794151112e+02,/mnt/pd/tema1/new/results/ml_samples/N4_sw0.30_x-1_i0002.h5
4,50,3.000000000e-01,1.000000000e+00,-1,7.394151982e-01,2.447254755e-01,2145007972,main,fall,1.691000000e+00,1.641726340e-01,3.268115739e-02,1.363304998e-01,3.447291647e+01,false,0,2.900869822e+02,/mnt/pd/tema1/new/results/ml_samples/N4_sw0.30_x-1_i0028.h5
4,50,3.000000000e-01,1.000000000e+00,-2,4.788303963e-01,1.584792911e-01,1606973514,main,fall,7.391000000e+00,1.237879578e-01,4.330154371e-02,1.446391624e-01,2.657117074e+01,false,0,1.057923514e+03,/mnt/pd/tema1/new/results/ml_samples/N4_sw0.30_x-2_i0038.h5
4,50,3.000000000e-01,1.000000000e+00,-1,7.394151982e-01,2.447254755e-01,489221012,main,fall,3.361000000e+00,1.416175824e-01,5.099701471e-02,1.469264943e-01,3.889185058e+01,false,0,5.418928213e+02,/mnt/pd/tema1/new/results/ml_samples/N4_sw0.30_x-1_i0016.h5
4,50,3.000000000e-01,1.000000000e+00,-1,7.394151982e-01,2.447254755e-01,744640308,main,fall,3.461000000e+00,1.634524519e-01,4.940202238e-02,1.387432678e-01,2.453035706e+01,false,0,5.673219025e+02,/mnt/pd/tema1/new/results/ml_samples/N4_sw0.30_x-1_i0014.h5
4,50,3.000000000e-01,1.000000000e+00,-2,4.788303963e-01,1.584792911e-01,1979085282,main,fall,5.441000000e+00,1.272161112e-01,3.581569728e-02,1.335621190e-01,1.878563181e+01,false,0,9.357671293e+02,/mnt/pd/tema1/new/results/ml_samples/N4_sw0.30_x-2_i0072.h5
4,50,3.000000000e-01,1.000000000e+00,-1,7.394151982e-01,2.447254755e-01,1199933048,main,fall,4.331000000e+00,1.520838781e-01,3.913978414e-02,1.289639033e-01,3.889185058e+01,false,0,7.112073870e+02,/mnt/pd/tema1/new/results/ml_samples/N4_sw0.30_x-1_i0008.h5
4,50,3.000000000e-01,1.000000000e+00,-1,7.394151982e-01,2.447254755e-01,1589183669,main,fall,1.771000000e+00,1.905396705e-01,5.595515302e-02,1.432646347e-01,2.936806660e+01,false,0,3.278561108e+02,/mnt/pd/tema1/new/results/ml_samples/N4_sw0.30_x-1_i0048.h5
4,50,3.000000000e-01,1.000000000e+00,-1,7.394151982e-01,2.447254755e-01,106579488,main,fall,4.801000000e+00,1.766116307e-01,5.545472582e-02,1.224099729e-01,2.832075228e+01,false,0,8.015903759e+02,/mnt/pd/tema1/new/results/ml_samples/N4_sw0.30_x-1_i0010.h5
4,50,3.000000000e-01,1.000000000e+00,-1,7.394151982e-01,2.447254755e-01,866219513,main,fall,3.521000000e+00,2.128116096e-01,6.685911596e-02,1.079283509e-01,2.038289619e+01,false,0,6.094793858e+02,/mnt/pd/tema1/new/results/ml_samples/N4_sw0.30_x-1_i0024.h5
4,50,3.000000000e-01,1.000000000e+00,-2,4.788303963e-01,1.584792911e-01,1669614265,main,fall,8.071000000e+00,1.818052701e-01,6.079905570e-02,1.195067664e-01,1.619483755e+01,false,0,1.363382740e+03,/mnt/pd/tema1/new/results/ml_samples/N4_sw0.30_x-2_i0034.h5
4,50,3.000000000e-01,1.000000000e+00,-1,7.394151982e-01,2.447254755e-01,1141891972,main,fall,5.191000000e+00,1.525515828e-01,2.970956660e-02,1.277337604e-01,3.790309805e+01,false,0,7.920629085e+02,/mnt/pd/tema1/new/results/ml_samples/N4_sw0.30_x-1_i0018.h5
4,50,3.000000000e-01,1.000000000e+00,-1,7.394151982e-01,2.447254755e-01,1151594675,main,fall,2.171000000e+00,1.594489982e-01,4.812620625e-02,1.453791152e-01,2.476135446e+01,false,0,3.481459318e+02,/mnt/pd/tema1/new/results/ml_samples/N4_sw0.30_x-1_i0056.h5
4,50,3.000000000e-01,1.000000000e+00,-1,7.394151982e-01,2.447254755e-01,291804050,main,fall,1.871000000e+00,1.430333514e-01,5.639534345e-02,1.400875732e-01,3.889185058e+01,false,0,3.420219435e+02,/mnt/pd/tema1/new/results/ml_samples/N4_sw0.30_x-1_i0058.h5
4,50,3.000000000e-01,1.000000000e+00,-1,7.394151982e-01,2.447254755e-01,861275997,main,fall,1.931000000e+00,1.544538981e-01,3.271635853e-02,1.240322412e-01,2.632916982e+01,false,0,3.497054128e+02,/mnt/pd/tema1/new/results/ml_samples/N4_sw0.30_x-1_i0060.h5
4,50,3.000000000e-01,1.000000000e+00,-1,7.394151982e-01,2.447254755e-01,582416006,main,fall,4.361000000e+00,1.614044070e-01,6.483242819e-02,1.336019761e-01,1.791579567e+01,false,0,7.357583814e+02,/mnt/pd/tema1/new/results/ml_samples/N4_sw0.30_x-1_i0034.h5
4,50,3.000000000e-01,1.000000000e+00,-1,7.394151982e-01,2.447254755e-01,1163159531,main,fall,2.261000000e+00,1.604185954e-01,4.479920272e-02,1.302968924e-01,6.856704191e+00,false,0,3.725067483e+02,/mnt/pd/tema1/new/results/ml_samples/N4_sw0.30_x-1_i0062.h5
4,50,3.000000000e-01,1.000000000e+00,-2,4.788303963e-01,1.584792911e-01,1422500929,main,fall,7.571000000e+00,1.943841670e-01,7.159737147e-02,1.300797955e-01,2.963702037e+01,false,0,1.196831561e+03,/mnt/pd/tema1/new/results/ml_samples/N4_sw0.30_x-2_i0092.h5
4,50,3.000000000e-01,1.000000000e+00,-1,7.394151982e-01,2.447254755e-01,282469016,main,fall,1.281000000e+00,1.240073806e-01,2.949527308e-02,1.551739694e-01,1.488276395e+01,false,0,2.336865902e+02,/mnt/pd/tema1/new/results/ml_samples/N4_sw0.30_x-1_i0072.h5
4,50,3.000000000e-01,1.000000000e+00,-2,4.788303963e-01,1.584792911e-01,271835058,main,fall,7.151000000e+00,1.234768462e-01,4.316034504e-02,1.271862237e-01,1.587116546e+01,false,0,1.251533549e+03,/mnt/pd/tema1/new/results/ml_samples/N4_sw0.30_x-2_i0094.h5
4,50,3.000000000e-01,1.000000000e+00,-2,4.788303963e-01,1.584792911e-01,1302206197,main,fall,1.097100000e+01,1.527308411e-01,6.653717170e-02,1.309104717e-01,3.936663207e+01,false,0,1.755386423e+03,/mnt/pd/tema1/new/results/ml_samples/N4_sw0.30_x-2_i0006.h5
4,50,3.000000000e-01,1.000000000e+00,-1,7.394151982e-01,2.447254755e-01,1538215357,main,fall,5.071000000e+00,2.140954330e-01,4.857929716e-02,1.117851561e-01,3.185883394e+01,false,0,8.338273223e+02,/mnt/pd/tema1/new/results/ml_samples/N4_sw0.30_x-1_i0036.h5
4,50,3.000000000e-01,1.000000000e+00,-1,7.394151982e-01,2.447254755e-01,145205347,main,fall,7.231000000e+00,1.455617320e-01,3.299464636e-02,1.288195931e-01,1.747422831e+01,false,0,1.163455184e+03,/mnt/pd/tema1/new/results/ml_samples/N4_sw0.30_x-1_i0004.h5
4,50,3.000000000e-01,1.000000000e+00,-1,7.394151982e-01,2.447254755e-01,724365750,main,fall,1.231000000e+00,1.300478841e-01,2.757056546e-02,1.557483971e-01,3.889185058e+01,false,0,2.288394620e+02,/mnt/pd/tema1/new/results/ml_samples/N4_sw0.30_x-1_i0082.h5
4,50,3.000000000e-01,1.000000000e+00,-1,7.394151982e-01,2.447254755e-01,1861502365,main,fall,5.311000000e+00,1.375179482e-01,3.573494376e-02,1.253436300e-01,2.030473536e+01,false,0,8.871864987e+02,/mnt/pd/tema1/new/results/ml_samples/N4_sw0.30_x-1_i0044.h5
4,50,3.000000000e-01,1.000000000e+00,-1,7.394151982e-01,2.447254755e-01,106733761,main,fall,2.561000000e+00,2.144658418e-01,8.441450007e-02,1.272829197e-01,3.889185058e+01,false,0,4.374129299e+02,/mnt/pd/tema1/new/results/ml_samples/N4_sw0.30_x-1_i0070.h5
4,50,3.000000000e-01,1.000000000e+00,-1,7.394151982e-01,2.447254755e-01,1349117105,main,fall,1.561000000e+00,1.765832617e-01,4.027435698e-02,1.491177718e-01,1.229718391e+01,false,0,2.622583745e+02,/mnt/pd/tema1/new/results/ml_samples/N4_sw0.30_x-1_i0084.h5
4,50,3.000000000e-01,1.000000000e+00,-1,7.394151982e-01,2.447254755e-01,1048248849,main,fall,3.431000000e+00,1.403507050e-01,3.421985033e-02,1.213657302e-01,2.721412740e+01,false,0,5.582698716e+02,/mnt/pd/tema1/new/results/ml_samples/N4_sw0.30_x-1_i0066.h5
4,50,3.000000000e-01,1.000000000e+00,-1,7.394151982e-01,2.447254755e-01,1382848742,main,fall,4.071000000e+00,1.729208946e-01,5.852917631e-02,1.243693261e-01,3.022860544e+01,false,0,6.381801574e+02,/mnt/pd/tema1/new/results/ml_samples/N4_sw0.30_x-1_i0064.h5
4,50,3.000000000e-01,1.000000000e+00,-1,7.394151982e-01,2.447254755e-01,1076056031,main,fall,6.511000000e+00,1.720247335e-01,4.847656424e-02,1.128822261e-01,3.432350037e+01,false,0,1.099764289e+03,/mnt/pd/tema1/new/results/ml_samples/N4_sw0.30_x-1_i0022.h5
4,50,3.000000000e-01,1.000000000e+00,-1,7.394151982e-01,2.447254755e-01,1083434053,main,fall,2.331000000e+00,1.857777992e-01,4.266650708e-02,1.433020098e-01,3.889185058e+01,false,0,4.199701823e+02,/mnt/pd/tema1/new/results/ml_samples/N4_sw0.30_x-1_i0076.h5
4,50,3.000000000e-01,1.000000000e+00,-2,4.788303963e-01,1.584792911e-01,2039656187,main,fall,1.086100000e+01,1.906121454e-01,6.806473936e-02,1.347837846e-01,1.937129540e+01,false,0,1.694835173e+03,/mnt/pd/tema1/new/results/ml_samples/N4_sw0.30_x-2_i0056.h5
4,50,3.000000000e-01,1.000000000e+00,-2,4.788303963e-01,1.584792911e-01,1395975779,main,fall,1.055100000e+01,1.605463140e-01,6.656242619e-02,1.255412190e-01,1.958988464e+01,false,0,1.656354848e+03,/mnt/pd/tema1/new/results/ml_samples/N4_sw0.30_x-2_i0068.h5
4,50,3.000000000e-01,1.000000000e+00,-1,7.394151982e-01,2.447254755e-01,669969828,main,fall,1.241000000e+00,1.848972759e-01,3.446872593e-02,1.321293426e-01,3.889185058e+01,false,0,2.525534440e+02,/mnt/pd/tema1/new/results/ml_samples/N4_sw0.30_x-1_i0092.h5
4,50,3.000000000e-01,1.000000000e+00,-1,7.394151982e-01,2.447254755e-01,1940961687,main,fall,7.701000000e+00,1.624088403e-01,5.599149775e-02,1.400481771e-01,3.473555126e+01,false,0,1.221352828e+03,/mnt/pd/tema1/new/results/ml_samples/N4_sw0.30_x-1_i0020.h5
4,50,3.000000000e-01,1.000000000e+00,-1,7.394151982e-01,2.447254755e-01,913272453,main,fall,3.071000000e+00,1.638952541e-01,4.892975232e-02,1.389783707e-01,1.845972149e+01,false,0,5.295803361e+02,/mnt/pd/tema1/new/results/ml_samples/N4_sw0.30_x-1_i0078.h5
4,50,3.000000000e-01,1.000000000e+00,-1,7.394151982e-01,2.447254755e-01,746288755,main,fall,2.121000000e+00,1.253459790e-01,3.707416143e-02,1.435917399e-01,3.889185058e+01,false,0,3.510185815e+02,/mnt/pd/tema1/new/results/ml_samples/N4_sw0.30_x-1_i0090.h5
4,50,3.000000000e-01,1.000000000e+00,-1,7.394151982e-01,2.447254755e-01,93917608,main,fall,3.521000000e+00,1.368867474e-01,3.783982353e-02,1.316113930e-01,1.802204239e+01,false,0,5.561306905e+02,/mnt/pd/tema1/new/results/ml_samples/N4_sw0.30_x-1_i0074.h5
4,50,3.000000000e-01,1.000000000e+00,-1,7.394151982e-01,2.447254755e-01,1873773621,main,fall,4.131000000e+00,1.397048351e-01,4.137536112e-02,1.199928026e-01,3.889185058e+01,false,0,6.943020677e+02,/mnt/pd/tema1/new/results/ml_samples/N4_sw0.30_x-1_i0068.h5
4,50,3.000000000e-01,1.000000000e+00,-1,7.394151982e-01,2.447254755e-01,126355049,main,fall,3.551000000e+00,1.763856037e-01,6.113342044e-02,1.128298951e-01,3.889185058e+01,false,0,5.135074388e+02,/mnt/pd/tema1/new/results/ml_samples/N4_sw0.30_x-1_i0080.h5
4,50,3.000000000e-01,1.000000000e+00,-1,7.394151982e-01,2.447254755e-01,1570973833,main,fall,2.791000000e+00,1.564113883e-01,3.367825093e-02,1.237581292e-01,1.365092007e+01,false,0,4.886608159e+02,/mnt/pd/tema1/new/results/ml_samples/N4_sw0.30_x-1_i0086.h5
4,50,3.000000000e-01,1.000000000e+00,-1,7.394151982e-01,2.447254755e-01,1512831729,main,fall,7.981000000e+00,1.367598613e-01,3.925731124e-02,1.183664974e-01,2.269901596e+01,false,0,1.190101716e+03,/mnt/pd/tema1/new/results/ml_samples/N4_sw0.30_x-1_i0042.h5
4,50,3.000000000e-01,1.000000000e+00,-1,7.394151982e-01,2.447254755e-01,1375364936,main,fall,1.191000000e+00,1.489387959e-01,3.278341941e-02,1.622597106e-01,2.050892136e+01,false,0,2.408969039e+02,/mnt/pd/tema1/new/results/ml_samples/N4_sw0.30_x-1_i0114.h5
4,50,3.000000000e-01,1.000000000e+00,-1,7.394151982e-01,2.447254755e-01,1441979469,main,fall,9.010000000e-01,1.935722770e-01,4.208559685e-02,1.542788509e-01,3.521031828e+01,false,0,1.986037378e+02,/mnt/pd/tema1/new/results/ml_samples/N4_sw0.30_x-1_i0122.h5
4,50,3.000000000e-01,1.000000000e+00,-1,7.394151982e-01,2.447254755e-01,2070506130,main,fall,3.411000000e+00,1.296308753e-01,5.159156558e-02,1.379010558e-01,3.482811012e+01,false,0,5.901981466e+02,/mnt/pd/tema1/new/results/ml_samples/N4_sw0.30_x-1_i0088.h5
4,50,3.000000000e-01,1.000000000e+00,-1,7.394151982e-01,2.447254755e-01,1680690247,main,fall,2.451000000e+00,1.957173497e-01,7.506592819e-02,1.288670122e-01,2.818433492e+01,false,0,4.328006331e+02,/mnt/pd/tema1/new/results/ml_samples/N4_sw0.30_x-1_i0102.h5
4,50,3.000000000e-01,1.000000000e+00,-1,7.394151982e-01,2.447254755e-01,1117917985,main,fall,1.871000000e+00,1.761848431e-01,6.233362192e-02,1.307975057e-01,3.889185058e+01,false,0,3.061240641e+02,/mnt/pd/tema1/new/results/ml_samples/N4_sw0.30_x-1_i0120.h5
4,50,3.000000000e-01,1.000000000e+00,-1,7.394151982e-01,2.447254755e-01,1159101898,main,fall,1.301000000e+00,1.051246018e-01,1.524869264e-02,1.493640997e-01,3.152798077e+01,false,0,2.210524922e+02,/mnt/pd/tema1/new/results/ml_samples/N4_sw0.30_x-1_i0130.h5
4,50,3.000000000e-01,1.000000000e+00,-1,7.394151982e-01,2.447254755e-01,554994372,main,fall,2.071000000e+00,1.420424321e-01,3.336822482e-02,1.471012623e-01,1.371287667e+01,false,0,3.717479461e+02,/mnt/pd/tema1/new/results/ml_samples/N4_sw0.30_x-1_i0112.h5
4,50,3.000000000e-01,1.000000000e+00,-1,7.394151982e-01,2.447254755e-01,2103885399,main,fall,1.261000000e+00,1.227729083e-01,3.569464808e-02,1.436707640e-01,2.672637409e+01,false,0,2.490543327e+02,/mnt/pd/tema1/new/results/ml_samples/N4_sw0.30_x-1_i0126.h5
4,50,3.000000000e-01,1.000000000e+00,-1,7.394151982e-01,2.447254755e-01,1542737157,main,fall,2.231000000e+00,1.684671288e-01,4.593496387e-02,1.314890996e-01,6.148052278e+00,false,0,3.956678756e+02,/mnt/pd/tema1/new/results/ml_samples/N4_sw0.30_x-1_i0118.h5
4,50,3.000000000e-01,1.000000000e+00,-1,7.394151982e-01,2.447254755e-01,12512842,main,rise,1.113100000e+01,1.929539383e-01,5.919521227e-02,1.243135378e-01,3.889185058e+01,false,0,1.600572246e+03,/mnt/pd/tema1/new/results/ml_samples/N4_sw0.30_x-1_i0046.h5
4,50,3.000000000e-01,1.000000000e+00,-1,7.394151982e-01,2.447254755e-01,790742116,main,fall,1.133100000e+01,1.351748116e-01,2.844889128e-02,1.100742883e-01,7.754915848e+00,false,0,1.647335730e+03,/mnt/pd/tema1/new/results/ml_samples/N4_sw0.30_x-1_i0040.h5
4,50,3.000000000e-01,1.000000000e+00,-1,7.394151982e-01,2.447254755e-01,887782192,main,fall,1.084100000e+01,1.732397265e-01,5.336172524e-02,1.207504242e-01,3.889185058e+01,false,0,1.660976019e+03,/mnt/pd/tema1/new/results/ml_samples/N4_sw0.30_x-1_i0038.h5
4,50,3.000000000e-01,1.000000000e+00,-1,7.394151982e-01,2.447254755e-01,1715579481,main,fall,1.281000000e+00,1.644240499e-01,3.610360372e-02,1.410637668e-01,1.796944452e+01,false,0,2.586554751e+02,/mnt/pd/tema1/new/results/ml_samples/N4_sw0.30_x-1_i0154.h5
4,50,3.000000000e-01,1.000000000e+00,-1,7.394151982e-01,2.447254755e-01,2066605030,main,fall,4.461000000e+00,1.419700669e-01,4.487898997e-02,1.151429026e-01,3.829924522e+01,false,0,7.252861634e+02,/mnt/pd/tema1/new/results/ml_samples/N4_sw0.30_x-1_i0106.h5
4,50,3.000000000e-01,1.000000000e+00,-1,7.394151982e-01,2.447254755e-01,1459504818,main,fall,3.181000000e+00,1.565405658e-01,4.517755397e-02,1.392150649e-01,1.363089850e+01,false,0,4.808114321e+02,/mnt/pd/tema1/new/results/ml_samples/N4_sw0.30_x-1_i0148.h5
4,50,3.000000000e-01,1.000000000e+00,-1,7.394151982e-01,2.447254755e-01,1845919942,main,fall,9.310000000e-01,1.776434885e-01,7.730970624e-02,1.435872064e-01,1.867201528e+01,false,0,2.033746889e+02,/mnt/pd/tema1/new/results/ml_samples/N4_sw0.30_x-1_i0158.h5
4,50,3.000000000e-01,1.000000000e+00,-1,7.394151982e-01,2.447254755e-01,389206733,main,fall,4.601000000e+00,1.194188045e-01,1.937444551e-02,1.377824819e-01,3.889185058e+01,false,0,7.514566303e+02,/mnt/pd/tema1/new/results/ml_samples/N4_sw0.30_x-1_i0124.h5
4,50,3.000000000e-01,1.000000000e+00,-1,7.394151982e-01,2.447254755e-01,1861125680,main,fall,4.291000000e+00,1.741708243e-01,5.206934731e-02,1.431251774e-01,3.631033273e+01,false,0,7.062769735e+02,/mnt/pd/tema1/new/results/ml_samples/N4_sw0.30_x-1_i0136.h5
4,50,3.000000000e-01,1.000000000e+00,-1,7.394151982e-01,2.447254755e-01,692689182,main,fall,3.221000000e+00,1.825524958e-01,4.068581975e-02,1.435069556e-01,9.922404000e+00,false,0,5.575842474e+02,/mnt/pd/tema1/new/results/ml_samples/N4_sw0.30_x-1_i0152.h5
4,50,3.000000000e-01,1.000000000e+00,-1,7.394151982e-01,2.447254755e-01,1024449218,main,rise,5.771000000e+00,1.766794968e-01,4.225139220e-02,1.143264545e-01,3.115181054e+01,false,0,9.034794863e+02,/mnt/pd/tema1/new/results/ml_samples/N4_sw0.30_x-1_i0116.h5
4,50,3.000000000e-01,1.000000000e+00,-1,7.394151982e-01,2.447254755e-01,754924787,main,fall,3.721000000e+00,1.558809750e-01,5.116904678e-02,1.427730950e-01,3.864596735e+01,false,0,6.280714332e+02,/mnt/pd/tema1/new/results/ml_samples/N4_sw0.30_x-1_i0142.h5
4,50,3.000000000e-01,1.000000000e+00,-1,7.394151982e-01,2.447254755e-01,1325136312,main,fall,1.621000000e+00,1.358520776e-01,2.346433488e-02,1.426086082e-01,2.112307016e+01,false,0,2.897656890e+02,/mnt/pd/tema1/new/results/ml_samples/N4_sw0.30_x-1_i0162.h5
4,50,3.000000000e-01,1.000000000e+00,-1,7.394151982e-01,2.447254755e-01,1580526017,main,fall,4.871000000e+00,1.554993915e-01,3.996200885e-02,1.049760369e-01,1.627379784e+01,false,0,8.047106510e+02,/mnt/pd/tema1/new/results/ml_samples/N4_sw0.30_x-1_i0134.h5
4,50,3.000000000e-01,1.000000000e+00,-1,7.394151982e-01,2.447254755e-01,25454657,main,fall,4.341000000e+00,2.141969096e-01,5.033489973e-02,1.094631598e-01,3.889185058e+01,false,0,7.326073956e+02,/mnt/pd/tema1/new/results/ml_samples/N4_sw0.30_x-1_i0144.h5
4,50,3.000000000e-01,1.000000000e+00,-1,7.394151982e-01,2.447254755e-01,243474012,main,fall,8.591000000e+00,1.520322240e-01,3.565507871e-02,1.214289901e-01,1.203131949e+01,false,0,1.298370637e+03,/mnt/pd/tema1/new/results/ml_samples/N4_sw0.30_x-1_i0094.h5
4,50,3.000000000e-01,1.000000000e+00,-1,7.394151982e-01,2.447254755e-01,656037171,main,fall,6.910000000e-01,1.666251017e-01,5.137419493e-02,1.498734890e-01,3.889185058e+01,false,0,1.634184053e+02,/mnt/pd/tema1/new/results/ml_samples/N4_sw0.30_x-1_i0180.h5
4,50,3.000000000e-01,1.000000000e+00,-1,7.394151982e-01,2.447254755e-01,1117303714,main,fall,1.821000000e+00,1.632166858e-01,7.238943373e-02,1.488273820e-01,2.118009478e+01,false,0,3.201195714e+02,/mnt/pd/tema1/new/results/ml_samples/N4_sw0.30_x-1_i0166.h5
4,50,3.000000000e-01,1.000000000e+00,-1,7.394151982e-01,2.447254755e-01,1160392297,main,fall,1.601000000e+00,1.145025358e-01,2.741321849e-02,1.623429972e-01,3.889185058e+01,false,0,3.078493902e+02,/mnt/pd/tema1/new/results/ml_samples/N4_sw0.30_x-1_i0168.h5
4,50,3.000000000e-01,1.000000000e+00,-1,7.394151982e-01,2.447254755e-01,2071298055,main,fall,1.311000000e+00,1.474670429e-01,4.792121752e-02,1.388220018e-01,1.655854407e+01,false,0,2.482398821e+02,/mnt/pd/tema1/new/results/ml_samples/N4_sw0.30_x-1_i0176.h5
4,50,3.000000000e-01,1.000000000e+00,-1,7.394151982e-01,2.447254755e-01,743124660,main,fall,2.001000000e+00,1.676332477e-01,5.436934458e-02,1.322449906e-01,3.528444091e+01,false,0,3.711350360e+02,/mnt/pd/tema1/new/results/ml_samples/N4_sw0.30_x-1_i0170.h5
4,50,3.000000000e-01,1.000000000e+00,-1,7.394151982e-01,2.447254755e-01,90909777,main,rise,6.121000000e+00,1.745607288e-01,6.614090496e-02,9.880927568e-02,3.889185058e+01,false,0,1.007934909e+03,/mnt/pd/tema1/new/results/ml_samples/N4_sw0.30_x-1_i0138.h5
4,50,3.000000000e-01,1.000000000e+00,-1,7.394151982e-01,2.447254755e-01,1154256166,main,fall,3.721000000e+00,1.608026901e-01,8.297343518e-02,1.371221766e-01,2.195801676e+01,false,0,5.736010091e+02,/mnt/pd/tema1/new/results/ml_samples/N4_sw0.30_x-1_i0164.h5
4,50,3.000000000e-01,1.000000000e+00,-1,7.394151982e-01,2.447254755e-01,1405631236,main,fall,1.388100000e+01,1.519579076e-01,4.466301173e-02,1.249602808e-01,3.889185058e+01,false,0,2.140608733e+03,/mnt/pd/tema1/new/results/ml_samples/N4_sw0.30_x-1_i0050.h5
4,50,3.000000000e-01,1.000000000e+00,-1,7.394151982e-01,2.447254755e-01,1963355425,main,fall,3.911000000e+00,1.108021049e-01,1.961426659e-02,1.233012045e-01,2.795200144e+01,false,0,6.327433504e+02,/mnt/pd/tema1/new/results/ml_samples/N4_sw0.30_x-1_i0160.h5
4,50,3.000000000e-01,1.000000000e+00,-1,7.394151982e-01,2.447254755e-01,346618299,main,fall,2.241000000e+00,1.589658764e-01,6.414072539e-02,1.398762466e-01,2.731268663e+01,false,0,3.985584495e+02,/mnt/pd/tema1/new/results/ml_samples/N4_sw0.30_x-1_i0172.h5
4,50,3.000000000e-01,1.000000000e+00,-1,7.394151982e-01,2.447254755e-01,1131313002,main,fall,6.291000000e+00,1.742890792e-01,5.195683470e-02,1.192140392e-01,2.673770275e+01,false,0,9.709341647e+02,/mnt/pd/tema1/new/results/ml_samples/N4_sw0.30_x-1_i0150.h5
4,50,3.000000000e-01,1.000000000e+00,-1,7.394151982e-01,2.447254755e-01,1881620478,main,fall,8.261000000e+00,1.721040166e-01,6.134880639e-02,1.190423304e-01,3.889185058e+01,false,0,1.407953094e+03,/mnt/pd/tema1/new/results/ml_samples/N4_sw0.30_x-1_i0104.h5
4,50,3.000000000e-01,1.000000000e+00,-1,7.394151982e-01,2.447254755e-01,1113908656,main,fall,1.425100000e+01,1.547203137e-01,4.694794484e-02,1.295973780e-01,2.279618531e+01,false,0,2.210427765e+03,/mnt/pd/tema1/new/results/ml_samples/N4_sw0.30_x-1_i0054.h5
4,50,3.000000000e-01,1.000000000e+00,-1,7.394151982e-01,2.447254755e-01,1715508888,main,fall,1.071000000e+00,1.976293463e-01,4.722595193e-02,1.416137664e-01,3.889185058e+01,false,0,2.161681517e+02,/mnt/pd/tema1/new/results/ml_samples/N4_sw0.30_x-1_i0190.h5
4,50,3.000000000e-01,1.000000000e+00,-1,7.394151982e-01,2.447254755e-01,649340742,main,fall,1.475100000e+01,1.671088944e-01,4.860025473e-02,1.159360067e-01,3.371949035e+01,false,0,2.269124677e+03,/mnt/pd/tema1/new/results/ml_samples/N4_sw0.30_x-1_i0052.h5
4,50,3.000000000e-01,1.000000000e+00,-1,7.394151982e-01,2.447254755e-01,2053782031,main,fall,1.681000000e+00,1.780263441e-01,6.985857493e-02,1.479802910e-01,2.610636458e+01,false,0,2.780506020e+02,/mnt/pd/tema1/new/results/ml_samples/N4_sw0.30_x-1_i0192.h5
4,50,3.000000000e-01,1.000000000e+00,-1,7.394151982e-01,2.447254755e-01,1208594461,main,rise,1.015100000e+01,1.480204577e-01,4.008076855e-02,1.163853628e-01,3.172537744e+01,false,0,1.643583947e+03,/mnt/pd/tema1/new/results/ml_samples/N4_sw0.30_x-1_i0096.h5
4,50,3.000000000e-01,1.000000000e+00,-1,7.394151982e-01,2.447254755e-01,1157033734,main,fall,1.521000000e+00,1.290306102e-01,3.592161777e-02,1.412818491e-01,3.889185058e+01,false,0,2.917783768e+02,/mnt/pd/tema1/new/results/ml_samples/N4_sw0.30_x-1_i0196.h5
4,50,3.000000000e-01,1.000000000e+00,-1,7.394151982e-01,2.447254755e-01,427389221,main,rise,9.791000000e+00,1.675336903e-01,5.400106005e-02,1.166874097e-01,2.543265962e+01,false,0,1.426089305e+03,/mnt/pd/tema1/new/results/ml_samples/N4_sw0.30_x-1_i0132.h5
4,50,3.000000000e-01,1.000000000e+00,-1,7.394151982e-01,2.447254755e-01,1609160858,main,fall,1.050100000e+01,1.567828916e-01,4.662608385e-02,1.152587909e-01,8.837416585e+00,false,0,1.597807254e+03,/mnt/pd/tema1/new/results/ml_samples/N4_sw0.30_x-1_i0110.h5
4,50,3.000000000e-01,1.000000000e+00,-1,7.394151982e-01,2.447254755e-01,1720588748,main,rise,1.104100000e+01,1.428114905e-01,4.310624826e-02,1.236558876e-01,1.764486158e+01,false,0,1.739731327e+03,/mnt/pd/tema1/new/results/ml_samples/N4_sw0.30_x-1_i0098.h5
4,50,3.000000000e-01,1.000000000e+00,-1,7.394151982e-01,2.447254755e-01,1178854466,main,fall,3.171000000e+00,1.782885987e-01,6.114683081e-02,1.286614722e-01,5.926940217e+00,false,0,5.516835608e+02,/mnt/pd/tema1/new/results/ml_samples/N4_sw0.30_x-1_i0184.h5
4,50,3.000000000e-01,1.000000000e+00,-1,7.394151982e-01,2.447254755e-01,2126662835,main,fall,4.251000000e+00,1.602381580e-01,3.698189425e-02,1.234480586e-01,2.701530576e+01,false,0,6.998430421e+02,/mnt/pd/tema1/new/results/ml_samples/N4_sw0.30_x-1_i0174.h5
4,50,3.000000000e-01,1.000000000e+00,-1,7.394151982e-01,2.447254755e-01,2050234759,main,rise,6.031000000e+00,1.847352283e-01,4.834956222e-02,1.219575478e-01,1.587802922e+01,false,0,9.925765986e+02,/mnt/pd/tema1/new/results/ml_samples/N4_sw0.30_x-1_i0156.h5
4,50,3.000000000e-01,1.000000000e+00,-1,7.394151982e-01,2.447254755e-01,1002268839,main,fall,4.181000000e+00,2.000390524e-01,8.355017170e-02,1.218750180e-01,1.872988788e+01,false,0,6.980340202e+02,/mnt/pd/tema1/new/results/ml_samples/N4_sw0.30_x-1_i0178.h5
4,50,3.000000000e-01,1.000000000e+00,-1,7.394151982e-01,2.447254755e-01,1684522914,main,fall,3.231000000e+00,1.485524653e-01,4.840047959e-02,1.397770967e-01,9.713571697e+00,false,0,5.497819202e+02,/mnt/pd/tema1/new/results/ml_samples/N4_sw0.30_x-1_i0186.h5
4,50,3.000000000e-01,1.000000000e+00,0,1.000000000e+00,3.309716599e-01,1062638104,main,fall,1.391000000e+00,2.260679200e-01,1.007215067e-01,1.411798881e-01,5.691066820e+01,false,0,2.599223862e+02,/mnt/pd/tema1/new/results/ml_samples/N4_sw0.30_x+0_i0016.h5
4,50,3.000000000e-01,1.000000000e+00,0,1.000000000e+00,3.309716599e-01,1102473467,main,fall,2.201000000e+00,1.288336393e-01,1.692538803e-02,1.269091915e-01,4.469515411e+01,false,0,3.359676928e+02,/mnt/pd/tema1/new/results/ml_samples/N4_sw0.30_x+0_i0014.h5
4,50,3.000000000e-01,1.000000000e+00,0,1.000000000e+00,3.309716599e-01,885880643,main,fall,1.491000000e+00,1.570742244e-01,2.198399420e-02,1.236556993e-01,6.176760971e+01,false,0,2.831446014e+02,/mnt/pd/tema1/new/results/ml_samples/N4_sw0.30_x+0_i0018.h5
4,50,3.000000000e-01,1.000000000e+00,-1,7.394151982e-01,2.447254755e-01,1736003793,main,fall,2.971000000e+00,1.404038426e-01,3.891101326e-02,1.410384581e-01,3.889185058e+01,false,0,4.890110459e+02,/mnt/pd/tema1/new/results/ml_samples/N4_sw0.30_x-1_i0198.h5
4,50,3.000000000e-01,1.000000000e+00,-1,7.394151982e-01,2.447254755e-01,1544657120,main,fall,1.003100000e+01,1.447721246e-01,3.297960056e-02,1.370575177e-01,2.384198517e+01,false,0,1.489589626e+03,/mnt/pd/tema1/new/results/ml_samples/N4_sw0.30_x-1_i0140.h5
4,50,3.000000000e-01,1.000000000e+00,0,1.000000000e+00,3.309716599e-01,2132528127,main,fall,3.451000000e+00,1.459106991e-01,3.865852400e-02,1.297329004e-01,4.364178303e+01,false,0,5.027966800e+02,/mnt/pd/tema1/new/results/ml_samples/N4_sw0.30_x+0_i0010.h5
4,50,3.000000000e-01,1.000000000e+00,0,1.000000000e+00,3.309716599e-01,1493162506,main,fall,1.921000000e+00,1.605538675e-01,4.984057250e-02,1.299689448e-01,5.507325298e+01,false,0,3.419945995e+02,/mnt/pd/tema1/new/results/ml_samples/N4_sw0.30_x+0_i0034.h5
4,50,3.000000000e-01,1.000000000e+00,0,1.000000000e+00,3.309716599e-01,2013705725,main,fall,1.521000000e+00,1.390481250e-01,2.542841137e-02,1.350349643e-01,6.176760971e+01,false,0,2.789954112e+02,/mnt/pd/tema1/new/results/ml_samples/N4_sw0.30_x+0_i0042.h5
4,50,3.000000000e-01,1.000000000e+00,-1,7.394151982e-01,2.447254755e-01,1278081954,main,fall,5.391000000e+00,1.392321916e-01,4.199085356e-02,1.309520560e-01,1.371275057e+01,false,0,8.693405551e+02,/mnt/pd/tema1/new/results/ml_samples/N4_sw0.30_x-1_i0188.h5
4,50,3.000000000e-01,1.000000000e+00,0,1.000000000e+00,3.309716599e-01,804087869,main,fall,2.871000000e+00,1.713582836e-01,4.804136094e-02,1.210179602e-01,6.176760971e+01,false,0,4.292595231e+02,/mnt/pd/tema1/new/results/ml_samples/N4_sw0.30_x+0_i0026.h5
4,50,3.000000000e-01,1.000000000e+00,0,1.000000000e+00,3.309716599e-01,739472534,main,fall,2.531000000e+00,1.328405458e-01,1.623564969e-02,1.119169347e-01,4.011839892e+01,false,0,4.415444128e+02,/mnt/pd/tema1/new/results/ml_samples/N4_sw0.30_x+0_i0024.h5
4,50,3.000000000e-01,1.000000000e+00,-1,7.394151982e-01,2.447254755e-01,1816012728,main,fall,1.101100000e+01,1.630142503e-01,5.137542511e-02,1.206516034e-01,2.759254663e+01,false,0,1.697280304e+03,/mnt/pd/tema1/new/results/ml_samples/N4_sw0.30_x-1_i0146.h5
4,50,3.000000000e-01,1.000000000e+00,0,1.000000000e+00,3.309716599e-01,1386420001,main,rise,2.751000000e+00,1.735854084e-01,4.599830242e-02,1.196542123e-01,4.896453590e+01,false,0,4.728738665e+02,/mnt/pd/tema1/new/results/ml_samples/N4_sw0.30_x+0_i0028.h5
4,50,3.000000000e-01,1.000000000e+00,-1,7.394151982e-01,2.447254755e-01,1599352007,main,rise,1.341100000e+01,1.484366127e-01,4.414624035e-02,1.256271111e-01,2.427835740e+01,false,0,2.086423327e+03,/mnt/pd/tema1/new/results/ml_samples/N4_sw0.30_x-1_i0128.h5
4,50,3.000000000e-01,1.000000000e+00,0,1.000000000e+00,3.309716599e-01,732017888,main,fall,5.321000000e+00,1.811982299e-01,5.142377705e-02,1.156224275e-01,6.176760971e+01,false,0,7.643446242e+02,/mnt/pd/tema1/new/results/ml_samples/N4_sw0.30_x+0_i0020.h5
4,50,3.000000000e-01,1.000000000e+00,0,1.000000000e+00,3.309716599e-01,931872834,main,rise,6.441000000e+00,1.701262775e-01,3.938585197e-02,1.138544077e-01,2.816502213e+01,false,0,9.824607207e+02,/mnt/pd/tema1/new/results/ml_samples/N4_sw0.30_x+0_i0006.h5
4,50,3.000000000e-01,1.000000000e+00,0,1.000000000e+00,3.309716599e-01,2101102451,main,rise,3.511000000e+00,1.561010730e-01,4.110820034e-02,1.190278103e-01,5.688327710e+01,false,0,5.272371713e+02,/mnt/pd/tema1/new/results/ml_samples/N4_sw0.30_x+0_i0052.h5
4,50,3.000000000e-01,1.000000000e+00,0,1.000000000e+00,3.309716599e-01,1045235098,main,rise,5.291000000e+00,1.964031591e-01,4.316218109e-02,1.041371381e-01,6.176760971e+01,false,0,8.729280428e+02,/mnt/pd/tema1/new/results/ml_samples/N4_sw0.30_x+0_i0038.h5
4,50,3.000000000e-01,1.000000000e+00,0,1.000000000e+00,3.309716599e-01,339833352,main,fall,9.011000000e+00,1.662305881e-01,3.173072217e-02,1.140099009e-01,6.176760971e+01,false,0,1.264343339e+03,/mnt/pd/tema1/new/results/ml_samples/N4_sw0.30_x+0_i0000.h5
4,50,3.000000000e-01,1.000000000e+00,0,1.000000000e+00,3.309716599e-01,1379056905,main,fall,5.681000000e+00,1.460638456e-01,2.175009896e-02,1.148598334e-01,4.442999420e+01,false,0,9.201704920e+02,/mnt/pd/tema1/new/results/ml_samples/N4_sw0.30_x+0_i0032.h5
4,50,3.000000000e-01,1.000000000e+00,-1,7.394151982e-01,2.447254755e-01,1809377180,main,rise,1.227100000e+01,1.678322228e-01,5.621407670e-02,1.156562852e-01,3.889185058e+01,false,0,1.755175079e+03,/mnt/pd/tema1/new/results/ml_samples/N4_sw0.30_x-1_i0182.h5
4,50,3.000000000e-01,1.000000000e+00,-1,7.394151982e-01,2.447254755e-01,654597052,main,fall,1.794100000e+01,1.550536395e-01,4.073960583e-02,1.238614687e-01,3.889185058e+01,false,0,2.822768028e+03,/mnt/pd/tema1/new/results/ml_samples/N4_sw0.30_x-1_i0108.h5
4,50,3.000000000e-01,1.000000000e+00,0,1.000000000e+00,3.309716599e-01,298317489,main,rise,4.931000000e+00,1.424216381e-01,2.585611512e-02,1.214703327e-01,6.176760971e+01,false,0,8.250481248e+02,/mnt/pd/tema1/new/results/ml_samples/N4_sw0.30_x+0_i0058.h5
4,50,3.000000000e-01,1.000000000e+00,0,1.000000000e+00,3.309716599e-01,285668664,main,fall,4.521000000e+00,1.462019988e-01,2.781519014e-02,1.243725321e-01,6.176760971e+01,false,0,7.136467085e+02,/mnt/pd/tema1/new/results/ml_samples/N4_sw0.30_x+0_i0068.h5
4,50,3.000000000e-01,1.000000000e+00,-1,7.394151982e-01,2.447254755e-01,1160879771,main,fall,1.933100000e+01,1.724306662e-01,4.827570473e-02,1.095922776e-01,3.889185058e+01,false,0,3.056794375e+03,/mnt/pd/tema1/new/results/ml_samples/N4_sw0.30_x-1_i0100.h5
4,50,3.000000000e-01,1.000000000e+00,-1,7.394151982e-01,2.447254755e-01,118125577,main,rise,2.541100000e+01,1.595649150e-01,4.871445197e-02,1.151924747e-01,3.889185058e+01,false,0,4.103875003e+03,/mnt/pd/tema1/new/results/ml_samples/N4_sw0.30_x-1_i0026.h5
4,50,3.000000000e-01,1.000000000e+00,0,1.000000000e+00,3.309716599e-01,1674967418,main,fall,1.212100000e+01,1.680320304e-01,3.296574226e-02,1.082154646e-01,6.176760971e+01,false,0,1.922757126e+03,/mnt/pd/tema1/new/results/ml_samples/N4_sw0.30_x+0_i0004.h5
4,50,3.000000000e-01,1.000000000e+00,0,1.000000000e+00,3.309716599e-01,1508027845,main,fall,1.009100000e+01,1.950785477e-01,6.383850582e-02,1.041024915e-01,5.926991534e+01,false,0,1.620453431e+03,/mnt/pd/tema1/new/results/ml_samples/N4_sw0.30_x+0_i0030.h5
4,50,3.000000000e-01,1.000000000e+00,0,1.000000000e+00,3.309716599e-01,311474336,main,fall,9.371000000e+00,1.729777044e-01,5.068356005e-02,1.119683745e-01,1.702826266e+01,false,0,1.461637572e+03,/mnt/pd/tema1/new/results/ml_samples/N4_sw0.30_x+0_i0050.h5
4,50,3.000000000e-01,1.000000000e+00,0,1.000000000e+00,3.309716599e-01,1047447646,main,rise,5.211000000e+00,1.819199359e-01,6.471761461e-02,1.138702466e-01,5.803851480e+01,false,0,8.062907667e+02,/mnt/pd/tema1/new/results/ml_samples/N4_sw0.30_x+0_i0078.h5
4,50,3.000000000e-01,1.000000000e+00,0,1.000000000e+00,3.309716599e-01,1159071700,main,fall,8.771000000e+00,1.648639288e-01,3.614467051e-02,1.164494856e-01,6.176760971e+01,false,0,1.406188046e+03,/mnt/pd/tema1/new/results/ml_samples/N4_sw0.30_x+0_i0056.h5
4,50,3.000000000e-01,1.000000000e+00,0,1.000000000e+00,3.309716599e-01,273908360,main,fall,1.074100000e+01,1.528742602e-01,2.502681454e-02,1.130729280e-01,3.847082077e+01,false,0,1.682540329e+03,/mnt/pd/tema1/new/results/ml_samples/N4_sw0.30_x+0_i0044.h5
4,50,3.000000000e-01,1.000000000e+00,0,1.000000000e+00,3.309716599e-01,883946860,main,fall,1.090100000e+01,1.812905659e-01,4.411747925e-02,1.188124081e-01,6.176760971e+01,false,0,1.678277382e+03,/mnt/pd/tema1/new/results/ml_samples/N4_sw0.30_x+0_i0046.h5
4,50,3.000000000e-01,1.000000000e+00,-1,7.394151982e-01,2.447254755e-01,1533399067,main,fall,1.463100000e+01,1.599516304e-01,3.858692397e-02,1.075028177e-01,3.889185058e+01,false,0,2.274808583e+03,/mnt/pd/tema1/new/results/ml_samples/N4_sw0.30_x-1_i0194.h5
4,50,3.000000000e-01,1.000000000e+00,0,1.000000000e+00,3.309716599e-01,380695386,main,fall,8.310000000e-01,1.801962991e-01,6.087571197e-02,1.436406640e-01,5.225859320e+01,false,0,1.799626135e+02,/mnt/pd/tema1/new/results/ml_samples/N4_sw0.30_x+0_i0096.h5
4,50,3.000000000e-01,1.000000000e+00,0,1.000000000e+00,3.309716599e-01,832981357,main,rise,1.332100000e+01,1.588323136e-01,3.766426199e-02,1.102782390e-01,6.176760971e+01,false,0,1.989269830e+03,/mnt/pd/tema1/new/results/ml_samples/N4_sw0.30_x+0_i0022.h5
4,50,3.000000000e-01,1.000000000e+00,0,1.000000000e+00,3.309716599e-01,515130045,main,rise,1.281100000e+01,1.474613728e-01,3.230208939e-02,1.189851301e-01,4.921123210e+01,false,0,1.884932411e+03,/mnt/pd/tema1/new/results/ml_samples/N4_sw0.30_x+0_i0036.h5
4,50,3.000000000e-01,1.000000000e+00,0,1.000000000e+00,3.309716599e-01,528749852,main,rise,6.791000000e+00,1.812333038e-01,4.747727416e-02,1.085172772e-01,6.176760971e+01,false,0,1.054548398e+03,/mnt/pd/tema1/new/results/ml_samples/N4_sw0.30_x+0_i0076.h5
4,50,3.000000000e-01,1.000000000e+00,0,1.000000000e+00,3.309716599e-01,278454093,main,rise,3.891000000e+00,1.723665213e-01,4.457884217e-02,1.310769016e-01,6.176760971e+01,false,0,6.422258413e+02,/mnt/pd/tema1/new/results/ml_samples/N4_sw0.30_x+0_i0088.h5
4,50,3.000000000e-01,1.000000000e+00,0,1.000000000e+00,3.309716599e-01,687029073,main,fall,1.004100000e+01,1.969553248e-01,5.433302330e-02,1.042381647e-01,6.176760971e+01,false,0,1.672346057e+03,/mnt/pd/tema1/new/results/ml_samples/N4_sw0.30_x+0_i0062.h5
4,50,3.000000000e-01,1.000000000e+00,0,1.000000000e+00,3.309716599e-01,1267397998,main,rise,1.003100000e+01,1.693878247e-01,3.445558813e-02,1.160790688e-01,6.176760971e+01,false,0,1.413927354e+03,/mnt/pd/tema1/new/results/ml_samples/N4_sw0.30_x+0_i0070.h5
4,50,3.000000000e-01,1.000000000e+00,0,1.000000000e+00,3.309716599e-01,78124011,main,rise,8.161000000e+00,1.523522490e-01,2.557557895e-02,1.020134311e-01,6.176760971e+01,false,0,1.209048219e+03,/mnt/pd/tema1/new/results/ml_samples/N4_sw0.30_x+0_i0074.h5
4,50,3.000000000e-01,1.000000000e+00,0,1.000000000e+00,3.309716599e-01,1273185215,main,rise,5.411000000e+00,1.962503761e-01,4.205370290e-02,9.854749182e-02,2.296859235e+01,false,0,7.992647839e+02,/mnt/pd/tema1/new/results/ml_samples/N4_sw0.30_x+0_i0086.h5
4,50,3.000000000e-01,1.000000000e+00,0,1.000000000e+00,3.309716599e-01,822846536,main,rise,1.137100000e+01,1.783642940e-01,5.304258821e-02,1.155961046e-01,6.176760971e+01,false,0,1.748127275e+03,/mnt/pd/tema1/new/results/ml_samples/N4_sw0.30_x+0_i0064.h5
4,50,3.000000000e-01,1.000000000e+00,0,1.000000000e+00,3.309716599e-01,2066014550,main,fall,2.491000000e+00,1.577284148e-01,4.669749545e-02,1.215757629e-01,2.852950726e+01,false,0,4.635552818e+02,/mnt/pd/tema1/new/results/ml_samples/N4_sw0.30_x+0_i0110.h5
4,50,3.000000000e-01,1.000000000e+00,0,1.000000000e+00,3.309716599e-01,1915798537,main,fall,1.605100000e+01,1.735276056e-01,4.598755649e-02,1.109999062e-01,4.313015448e+01,false,0,2.306242994e+03,/mnt/pd/tema1/new/results/ml_samples/N4_sw0.30_x+0_i0040.h5
4,50,3.000000000e-01,1.000000000e+00,0,1.000000000e+00,3.309716599e-01,862719301,main,rise,1.214100000e+01,1.676993842e-01,4.268241915e-02,1.033170051e-01,6.176760971e+01,false,0,1.822784241e+03,/mnt/pd/tema1/new/results/ml_samples/N4_sw0.30_x+0_i0066.h5
4,50,3.000000000e-01,1.000000000e+00,0,1.000000000e+00,3.309716599e-01,2028365447,main,fall,4.351000000e+00,1.794884184e-01,6.474674355e-02,1.296953327e-01,6.176760971e+01,false,0,7.018169442e+02,/mnt/pd/tema1/new/results/ml_samples/N4_sw0.30_x+0_i0098.h5
4,50,3.000000000e-01,1.000000000e+00,0,1.000000000e+00,3.309716599e-01,1047027641,main,rise,1.041100000e+01,1.635109403e-01,4.774666834e-02,1.225900944e-01,2.903259740e+01,false,0,1.554709370e+03,/mnt/pd/tema1/new/results/ml_samples/N4_sw0.30_x+0_i0072.h5
4,50,3.000000000e-01,1.000000000e+00,0,1.000000000e+00,3.309716599e-01,2107677553,main,fall,5.251000000e+00,1.602474491e-01,3.158777421e-02,1.235655999e-01,5.815101755e+01,false,0,7.502157686e+02,/mnt/pd/tema1/new/results/ml_samples/N4_sw0.30_x+0_i0100.h5
4,50,3.000000000e-01,1.000000000e+00,0,1.000000000e+00,3.309716599e-01,1493890308,main,rise,1.505100000e+01,1.746468931e-01,5.430334954e-02,1.145962252e-01,6.176760971e+01,false,0,2.196718581e+03,/mnt/pd/tema1/new/results/ml_samples/N4_sw0.30_x+0_i0054.h5
4,50,3.000000000e-01,1.000000000e+00,0,1.000000000e+00,3.309716599e-01,1770540551,main,rise,4.441000000e+00,1.592323837e-01,3.710589400e-02,1.229326192e-01,4.360450121e+01,false,0,7.185000129e+02,/mnt/pd/tema1/new/results/ml_samples/N4_sw0.30_x+0_i0116.h5
4,50,3.000000000e-01,1.000000000e+00,0,1.000000000e+00,3.309716599e-01,467364818,main,fall,1.791000000e+00,1.405852123e-01,3.326277398e-02,1.367936441e-01,6.176760971e+01,false,0,3.251954765e+02,/mnt/pd/tema1/new/results/ml_samples/N4_sw0.30_x+0_i0132.h5
4,50,3.000000000e-01,1.000000000e+00,0,1.000000000e+00,3.309716599e-01,1743161147,main,fall,4.281000000e+00,1.468833019e-01,2.151792962e-02,1.091432629e-01,4.937338507e+01,false,0,6.414538565e+02,/mnt/pd/tema1/new/results/ml_samples/N4_sw0.30_x+0_i0122.h5
4,50,3.000000000e-01,1.000000000e+00,0,1.000000000e+00,3.309716599e-01,492202528,main,rise,5.161000000e+00,1.430491237e-01,2.168015579e-02,1.140639416e-01,6.174661847e+01,false,0,8.517552448e+02,/mnt/pd/tema1/new/results/ml_samples/N4_sw0.30_x+0_i0112.h5
4,50,3.000000000e-01,1.000000000e+00,0,1.000000000e+00,3.309716599e-01,216728134,main,rise,8.721000000e+00,1.710051510e-01,4.110609600e-02,9.749367357e-02,3.750392399e+01,false,0,1.260798318e+03,/mnt/pd/tema1/new/results/ml_samples/N4_sw0.30_x+0_i0092.h5
4,50,3.000000000e-01,1.000000000e+00,0,1.000000000e+00,3.309716599e-01,1990717845,main,fall,1.714100000e+01,1.576243150e-01,3.595446407e-02,1.107087106e-01,6.176760971e+01,false,0,2.512301754e+03,/mnt/pd/tema1/new/results/ml_samples/N4_sw0.30_x+0_i0060.h5
4,50,3.000000000e-01,1.000000000e+00,0,1.000000000e+00,3.309716599e-01,563391209,main,fall,5.891000000e+00,1.953401313e-01,4.239862019e-02,1.080134788e-01,1.749159971e+01,false,0,8.154437521e+02,/mnt/pd/tema1/new/results/ml_samples/N4_sw0.30_x+0_i0118.h5
4,50,3.000000000e-01,1.000000000e+00,0,1.000000000e+00,3.309716599e-01,1103296645,main,rise,7.671000000e+00,1.529398612e-01,2.523886203e-02,1.061848112e-01,6.176760971e+01,false,0,1.228659823e+03,/mnt/pd/tema1/new/results/ml_samples/N4_sw0.30_x+0_i0102.h5
4,50,3.000000000e-01,1.000000000e+00,0,1.000000000e+00,3.309716599e-01,623424265,main,rise,2.891000000e+00,1.779350436e-01,3.441655536e-02,1.140411515e-01,6.176760971e+01,false,0,4.997963422e+02,/mnt/pd/tema1/new/results/ml_samples/N4_sw0.30_x+0_i0140.h5
4,50,3.000000000e-01,1.000000000e+00,0,1.000000000e+00,3.309716599e-01,1394215837,main,fall,5.781000000e+00,1.753354580e-01,4.770609037e-02,1.228671697e-01,6.176760971e+01,false,0,9.297726909e+02,/mnt/pd/tema1/new/results/ml_samples/N4_sw0.30_x+0_i0126.h5
4,50,3.000000000e-01,1.000000000e+00,0,1.000000000e+00,3.309716599e-01,1278173713,main,fall,4.911000000e+00,1.589994400e-01,2.908941714e-02,1.202041069e-01,2.536529560e+01,false,0,6.904764392e+02,/mnt/pd/tema1/new/results/ml_samples/N4_sw0.30_x+0_i0134.h5
4,50,3.000000000e-01,1.000000000e+00,0,1.000000000e+00,3.309716599e-01,1144252010,main,fall,2.491000000e+00,2.066983327e-01,5.396217122e-02,1.101321337e-01,6.176760971e+01,false,0,3.859770925e+02,/mnt/pd/tema1/new/results/ml_samples/N4_sw0.30_x+0_i0148.h5
4,50,3.000000000e-01,1.000000000e+00,0,1.000000000e+00,3.309716599e-01,69688733,main,fall,9.221000000e+00,1.608629082e-01,2.751969805e-02,1.162372634e-01,6.176760971e+01,false,0,1.310257894e+03,/mnt/pd/tema1/new/results/ml_samples/N4_sw0.30_x+0_i0114.h5
4,50,3.000000000e-01,1.000000000e+00,0,1.000000000e+00,3.309716599e-01,825368122,main,fall,7.301000000e+00,1.832527735e-01,4.351838978e-02,1.006820259e-01,5.183946050e+01,false,0,1.000793433e+03,/mnt/pd/tema1/new/results/ml_samples/N4_sw0.30_x+0_i0128.h5
4,50,3.000000000e-01,1.000000000e+00,0,1.000000000e+00,3.309716599e-01,1321694551,main,fall,1.341000000e+00,1.368455623e-01,2.121127192e-02,1.471888257e-01,5.817532955e+01,false,0,2.500838548e+02,/mnt/pd/tema1/new/results/ml_samples/N4_sw0.30_x+0_i0160.h5
4,50,3.000000000e-01,1.000000000e+00,0,1.000000000e+00,3.309716599e-01,945039324,main,fall,1.413100000e+01,1.577831699e-01,3.325752679e-02,1.070512396e-01,1.671287884e+01,false,0,2.148971122e+03,/mnt/pd/tema1/new/results/ml_samples/N4_sw0.30_x+0_i0084.h5
4,50,3.000000000e-01,1.000000000e+00,0,1.000000000e+00,3.309716599e-01,458557355,main,fall,1.227100000e+01,1.679746782e-01,3.604723579e-02,1.053057046e-01,6.176760971e+01,false,0,1.755993614e+03,/mnt/pd/tema1/new/results/ml_samples/N4_sw0.30_x+0_i0094.h5
4,50,3.000000000e-01,1.000000000e+00,0,1.000000000e+00,3.309716599e-01,396234142,main,fall,1.149100000e+01,1.704720131e-01,4.384688516e-02,1.072879780e-01,5.814994822e+01,false,0,1.553009832e+03,/mnt/pd/tema1/new/results/ml_samples/N4_sw0.30_x+0_i0106.h5
4,50,3.000000000e-01,1.000000000e+00,0,1.000000000e+00,3.309716599e-01,2064072361,main,rise,9.931000000e+00,1.661917563e-01,4.107051754e-02,1.120597488e-01,6.176760971e+01,false,0,1.516482259e+03,/mnt/pd/tema1/new/results/ml_samples/N4_sw0.30_x+0_i0108.h5
4,50,3.000000000e-01,1.000000000e+00,0,1.000000000e+00,3.309716599e-01,1051904891,main,fall,4.541000000e+00,1.928824920e-01,5.535352849e-02,9.944390263e-02,6.176760971e+01,false,0,7.349798139e+02,/mnt/pd/tema1/new/results/ml_samples/N4_sw0.30_x+0_i0142.h5
4,50,3.000000000e-01,1.000000000e+00,0,1.000000000e+00,3.309716599e-01,1000753953,main,fall,6.961000000e+00,1.521503582e-01,2.830768534e-02,1.197146239e-01,6.176760971e+01,false,0,1.148989639e+03,/mnt/pd/tema1/new/results/ml_samples/N4_sw0.30_x+0_i0130.h5
4,50,3.000000000e-01,1.000000000e+00,0,1.000000000e+00,3.309716599e-01,132665315,main,fall,2.661100000e+01,1.609395731e-01,3.410209369e-02,1.058126281e-01,6.176760971e+01,false,0,3.894849559e+03,/mnt/pd/tema1/new/results/ml_samples/N4_sw0.30_x+0_i0002.h5
4,50,3.000000000e-01,1.000000000e+00,0,1.000000000e+00,3.309716599e-01,954489347,main,fall,9.971000000e+00,1.543023816e-01,2.242516652e-02,1.152470313e-01,6.176760971e+01,false,0,1.449487108e+03,/mnt/pd/tema1/new/results/ml_samples/N4_sw0.30_x+0_i0124.h5
4,50,3.000000000e-01,1.000000000e+00,0,1.000000000e+00,3.309716599e-01,13763491,main,fall,7.151000000e+00,1.984590208e-01,5.638345004e-02,8.861627759e-02,5.217318947e+01,false,0,1.148533452e+03,/mnt/pd/tema1/new/results/ml_samples/N4_sw0.30_x+0_i0136.h5
4,50,3.000000000e-01,1.000000000e+00,0,1.000000000e+00,3.309716599e-01,277155573,main,fall,1.491000000e+00,2.175691484e-01,3.643451972e-02,1.506111840e-01,6.176760971e+01,false,0,2.461028834e+02,/mnt/pd/tema1/new/results/ml_samples/N4_sw0.30_x+0_i0176.h5
4,50,3.000000000e-01,1.000000000e+00,0,1.000000000e+00,3.309716599e-01,441034035,main,fall,1.741100000e+01,1.736090500e-01,4.722851371e-02,1.027207670e-01,4.504567124e+01,false,0,2.446589003e+03,/mnt/pd/tema1/new/results/ml_samples/N4_sw0.30_x+0_i0082.h5
4,50,3.000000000e-01,1.000000000e+00,0,1.000000000e+00,3.309716599e-01,1404679126,main,fall,3.511000000e+00,1.689229021e-01,2.802657498e-02,1.075444901e-01,2.798367642e+01,false,0,5.699746227e+02,/mnt/pd/tema1/new/results/ml_samples/N4_sw0.30_x+0_i0162.h5
4,50,3.000000000e-01,1.000000000e+00,0,1.000000000e+00,3.309716599e-01,1323129365,main,fall,2.666100000e+01,1.746950039e-01,4.325280902e-02,9.645906031e-02,6.176760971e+01,false,0,3.964722198e+03,/mnt/pd/tema1/new/results/ml_samples/N4_sw0.30_x+0_i0008.h5
4,50,3.000000000e-01,1.000000000e+00,0,1.000000000e+00,3.309716599e-01,883336581,main,rise,4.191000000e+00,1.894005495e-01,4.419973581e-02,1.085796198e-01,6.176760971e+01,false,0,6.843249645e+02,/mnt/pd/tema1/new/results/ml_samples/N4_sw0.30_x+0_i0156.h5
4,50,3.000000000e-01,1.000000000e+00,0,1.000000000e+00,3.309716599e-01,1019462636,main,fall,2.961000000e+00,1.509716108e-01,2.581298655e-02,1.240506170e-01,6.176760971e+01,false,0,4.973366998e+02,/mnt/pd/tema1/new/results/ml_samples/N4_sw0.30_x+0_i0166.h5
4,50,3.000000000e-01,1.000000000e+00,0,1.000000000e+00,3.309716599e-01,1227768622,main,fall,1.721000000e+00,1.671661702e-01,5.609042174e-02,1.393682747e-01,5.626025536e+01,false,0,2.882888596e+02,/mnt/pd/tema1/new/results/ml_samples/N4_sw0.30_x+0_i0182.h5
4,50,3.000000000e-01,1.000000000e+00,0,1.000000000e+00,3.309716599e-01,38590816,main,rise,5.881000000e+00,1.857935038e-01,5.394911006e-02,1.057344303e-01,3.052197325e+01,false,0,9.712138177e+02,/mnt/pd/tema1/new/results/ml_samples/N4_sw0.30_x+0_i0150.h5
4,50,3.000000000e-01,1.000000000e+00,0,1.000000000e+00,3.309716599e-01,144954731,main,rise,6.741000000e+00,1.546955385e-01,3.637427668e-02,1.164266724e-01,6.176760971e+01,false,0,1.098564191e+03,/mnt/pd/tema1/new/results/ml_samples/N4_sw0.30_x+0_i0144.h5
4,50,3.000000000e-01,1.000000000e+00,0,1.000000000e+00,3.309716599e-01,495760955,main,fall,2.131000000e+00,1.575207096e-01,3.086321628e-02,1.365394036e-01,3.985761557e+01,false,0,3.809598417e+02,/mnt/pd/tema1/new/results/ml_samples/N4_sw0.30_x+0_i0184.h5
4,50,3.000000000e-01,1.000000000e+00,0,1.000000000e+00,3.309716599e-01,88036263,main,rise,5.231000000e+00,1.711520363e-01,4.347624143e-02,1.088530660e-01,3.967520086e+01,false,0,8.681340813e+02,/mnt/pd/tema1/new/results/ml_samples/N4_sw0.30_x+0_i0158.h5
4,50,3.000000000e-01,1.000000000e+00,0,1.000000000e+00,3.309716599e-01,2050904257,main,fall,4.041000000e+00,1.599350568e-01,3.691993670e-02,1.191820393e-01,4.625598361e+01,false,0,6.115077418e+02,/mnt/pd/tema1/new/results/ml_samples/N4_sw0.30_x+0_i0174.h5
4,50,3.000000000e-01,1.000000000e+00,0,1.000000000e+00,3.309716599e-01,1251070749,main,fall,3.981000000e+00,1.323065711e-01,2.101112042e-02,1.345646969e-01,6.176760971e+01,false,0,6.356442147e+02,/mnt/pd/tema1/new/results/ml_samples/N4_sw0.30_x+0_i0172.h5
4,50,3.000000000e-01,1.000000000e+00,0,1.000000000e+00,3.309716599e-01,1512356819,main,fall,1.607100000e+01,1.739732245e-01,4.655055577e-02,1.077286120e-01,4.371575304e+01,false,0,2.196224513e+03,/mnt/pd/tema1/new/results/ml_samples/N4_sw0.30_x+0_i0104.h5
4,50,3.000000000e-01,1.000000000e+00,0,1.000000000e+00,3.309716599e-01,620683916,main,fall,2.858100000e+01,1.501741076e-01,3.066997584e-02,1.068682656e-01,6.176760971e+01,false,0,4.303711707e+03,/mnt/pd/tema1/new/results/ml_samples/N4_sw0.30_x+0_i0012.h5
4,50,3.000000000e-01,1.000000000e+00,0,1.000000000e+00,3.309716599e-01,2053823861,main,rise,9.001000000e+00,1.897807912e-01,5.478516031e-02,1.128200283e-01,6.176760971e+01,false,0,1.314821627e+03,/mnt/pd/tema1/new/results/ml_samples/N4_sw0.30_x+0_i0146.h5
4,50,3.000000000e-01,1.000000000e+00,0,1.000000000e+00,3.309716599e-01,1605107162,main,fall,2.561000000e+00,1.308016430e-01,1.583109996e-02,1.257230242e-01,4.644117687e+01,false,0,4.388551505e+02,/mnt/pd/tema1/new/results/ml_samples/N4_sw0.30_x+0_i0196.h5
4,50,3.000000000e-01,1.000000000e+00,0,1.000000000e+00,3.309716599e-01,626287324,main,rise,8.831000000e+00,1.591204408e-01,4.002269029e-02,1.165134118e-01,5.354777943e+01,false,0,1.274482485e+03,/mnt/pd/tema1/new/results/ml_samples/N4_sw0.30_x+0_i0154.h5
4,50,3.000000000e-01,1.000000000e+00,0,1.000000000e+00,3.309716599e-01,1943600185,main,fall,3.701000000e+00,1.791614672e-01,4.285622949e-02,1.225262771e-01,1.731798550e+01,false,0,5.932553067e+02,/mnt/pd/tema1/new/results/ml_samples/N4_sw0.30_x+0_i0192.h5
4,50,3.000000000e-01,1.000000000e+00,0,1.000000000e+00,3.309716599e-01,832850493,main,fall,3.171000000e+00,1.468755704e-01,3.146530720e-02,1.141458767e-01,6.176760971e+01,false,0,5.422505762e+02,/mnt/pd/tema1/new/results/ml_samples/N4_sw0.30_x+0_i0198.h5
4,50,3.000000000e-01,1.000000000e+00,0,1.000000000e+00,3.309716599e-01,1248234060,main,fall,1.186100000e+01,1.623712576e-01,2.651156203e-02,1.035473322e-01,4.684026999e+01,false,0,1.711289685e+03,/mnt/pd/tema1/new/results/ml_samples/N4_sw0.30_x+0_i0138.h5
4,50,3.000000000e-01,1.000000000e+00,1,1.260584802e+00,4.172178443e-01,1564149419,main,fall,1.561000000e+00,1.289009768e-01,1.262925396e-02,1.356451402e-01,1.061725803e+02,false,0,2.688091154e+02,/mnt/pd/tema1/new/results/ml_samples/N4_sw0.30_x+1_i0016.h5
4,50,3.000000000e-01,1.000000000e+00,0,1.000000000e+00,3.309716599e-01,1959058388,main,fall,4.671000000e+00,1.669410385e-01,2.800181484e-02,1.165761381e-01,6.176760971e+01,false,0,6.796647887e+02,/mnt/pd/tema1/new/results/ml_samples/N4_sw0.30_x+0_i0188.h5
4,50,3.000000000e-01,1.000000000e+00,1,1.260584802e+00,4.172178443e-01,73134924,main,rise,3.881000000e+00,1.752187472e-01,3.347861222e-02,1.080714075e-01,1.186297283e+02,false,0,6.313202252e+02,/mnt/pd/tema1/new/results/ml_samples/N4_sw0.30_x+1_i0002.h5
4,50,3.000000000e-01,1.000000000e+00,1,1.260584802e+00,4.172178443e-01,1363974757,main,rise,3.751000000e+00,1.961430146e-01,4.100044355e-02,9.189590973e-02,1.186297283e+02,false,0,6.452330202e+02,/mnt/pd/tema1/new/results/ml_samples/N4_sw0.30_x+1_i0000.h5
4,50,3.000000000e-01,1.000000000e+00,0,1.000000000e+00,3.309716599e-01,1646881417,main,fall,2.778100000e+01,1.681890274e-01,4.151726498e-02,1.113816098e-01,6.176760971e+01,false,0,4.279796200e+03,/mnt/pd/tema1/new/results/ml_samples/N4_sw0.30_x+0_i0048.h5
4,50,3.000000000e-01,1.000000000e+00,1,1.260584802e+00,4.172178443e-01,1761092546,main,rise,3.301000000e+00,1.716158325e-01,2.417152112e-02,1.009431811e-01,1.186297283e+02,false,0,5.620830319e+02,/mnt/pd/tema1/new/results/ml_samples/N4_sw0.30_x+1_i0012.h5
4,50,3.000000000e-01,1.000000000e+00,0,1.000000000e+00,3.309716599e-01,446224196,main,fall,6.081000000e+00,1.715639174e-01,3.426440400e-02,1.215621607e-01,6.313202364e+00,false,0,8.633370829e+02,/mnt/pd/tema1/new/results/ml_samples/N4_sw0.30_x+0_i0194.h5
4,50,3.000000000e-01,1.000000000e+00,1,1.260584802e+00,4.172178443e-01,369421462,main,fall,2.491000000e+00,1.529016237e-01,3.428761549e-02,1.264136189e-01,3.730255581e+01,false,0,3.869420063e+02,/mnt/pd/tema1/new/results/ml_samples/N4_sw0.30_x+1_i0030.h5
4,50,3.000000000e-01,1.000000000e+00,1,1.260584802e+00,4.172178443e-01,914441491,main,rise,3.211000000e+00,1.654503470e-01,2.767697074e-02,1.128627124e-01,5.062404421e+01,false,0,5.491766026e+02,/mnt/pd/tema1/new/results/ml_samples/N4_sw0.30_x+1_i0026.h5
4,50,3.000000000e-01,1.000000000e+00,1,1.260584802e+00,4.172178443e-01,1517596726,main,rise,2.391000000e+00,1.606026696e-01,3.292718729e-02,1.114928163e-01,1.186297283e+02,false,0,3.697642491e+02,/mnt/pd/tema1/new/results/ml_samples/N4_sw0.30_x+1_i0040.h5
4,50,3.000000000e-01,1.000000000e+00,0,1.000000000e+00,3.309716599e-01,183375154,main,rise,1.342100000e+01,1.800234138e-01,4.804648259e-02,1.108698376e-01,6.176760971e+01,false,0,1.899936567e+03,/mnt/pd/tema1/new/results/ml_samples/N4_sw0.30_x+0_i0152.h5
4,50,3.000000000e-01,1.000000000e+00,1,1.260584802e+00,4.172178443e-01,592317810,main,rise,5.431000000e+00,1.850375684e-01,3.632999891e-02,1.012574789e-01,1.186297283e+02,false,0,8.909099919e+02,/mnt/pd/tema1/new/results/ml_samples/N4_sw0.30_x+1_i0014.h5
4,50,3.000000000e-01,1.000000000e+00,0,1.000000000e+00,3.309716599e-01,932936061,main,rise,1.020100000e+01,1.919184260e-01,4.524857806e-02,1.013635238e-01,6.176760971e+01,false,0,1.504723367e+03,/mnt/pd/tema1/new/results/ml_samples/N4_sw0.30_x+0_i0178.h5
4,50,3.000000000e-01,1.000000000e+00,1,1.260584802e+00,4.172178443e-01,1849337450,main,rise,3.201000000e+00,1.667840622e-01,3.191191734e-02,1.148277351e-01,1.186297283e+02,false,0,4.828118007e+02,/mnt/pd/tema1/new/results/ml_samples/N4_sw0.30_x+1_i0036.h5
4,50,3.000000000e-01,1.000000000e+00,1,1.260584802e+00,4.172178443e-01,695346310,main,rise,8.051000000e+00,1.944667343e-01,4.174871035e-02,1.050390732e-01,1.186297283e+02,false,0,1.251066196e+03,/mnt/pd/tema1/new/results/ml_samples/N4_sw0.30_x+1_i0006.h5
4,50,3.000000000e-01,1.000000000e+00,1,1.260584802e+00,4.172178443e-01,1005659546,main,rise,3.141000000e+00,1.698561730e-01,3.840421528e-02,1.159862550e-01,1.186297283e+02,false,0,5.458095499e+02,/mnt/pd/tema1/new/results/ml_samples/N4_sw0.30_x+1_i0044.h5
4,50,3.000000000e-01,1.000000000e+00,0,1.000000000e+00,3.309716599e-01,465750959,main,fall,1.301100000e+01,1.649877490e-01,3.935293691e-02,1.194020355e-01,1.370378943e+01,false,0,1.983712187e+03,/mnt/pd/tema1/new/results/ml_samples/N4_sw0.30_x+0_i0164.h5
4,50,3.000000000e-01,1.000000000e+00,1,1.260584802e+00,4.172178443e-01,642076409,main,rise,3.821000000e+00,1.798285419e-01,4.418229132e-02,1.153044314e-01,1.186297283e+02,false,0,6.454097619e+02,/mnt/pd/tema1/new/results/ml_samples/N4_sw0.30_x+1_i0042.h5
4,50,3.000000000e-01,1.000000000e+00,1,1.260584802e+00,4.172178443e-01,1735629709,main,rise,3.731000000e+00,1.601336923e-01,3.360469405e-02,1.175546154e-01,9.692596699e+01,false,0,5.704453722e+02,/mnt/pd/tema1/new/results/ml_samples/N4_sw0.30_x+1_i0046.h5
4,50,3.000000000e-01,1.000000000e+00,1,1.260584802e+00,4.172178443e-01,1446840764,main,fall,6.481000000e+00,1.793678246e-01,4.283271191e-02,1.150237493e-01,1.186297283e+02,false,0,1.024899798e+03,/mnt/pd/tema1/new/results/ml_samples/N4_sw0.30_x+1_i0024.h5
4,50,3.000000000e-01,1.000000000e+00,1,1.260584802e+00,4.172178443e-01,1438209205,main,rise,9.091000000e+00,1.846999725e-01,3.905310324e-02,1.069297575e-01,5.710832545e+01,false,0,1.280688009e+03,/mnt/pd/tema1/new/results/ml_samples/N4_sw0.30_x+1_i0008.h5
4,50,3.000000000e-01,1.000000000e+00,0,1.000000000e+00,3.309716599e-01,969813459,main,fall,1.178100000e+01,1.585432980e-01,4.398725948e-02,1.152355049e-01,5.972093365e+01,false,0,1.872902381e+03,/mnt/pd/tema1/new/results/ml_samples/N4_sw0.30_x+0_i0168.h5
4,50,3.000000000e-01,1.000000000e+00,1,1.260584802e+00,4.172178443e-01,1689816128,main,fall,2.591000000e+00,1.477244427e-01,1.999431472e-02,1.302806906e-01,6.717765595e+01,false,0,4.106171442e+02,/mnt/pd/tema1/new/results/ml_samples/N4_sw0.30_x+1_i0054.h5
4,50,3.000000000e-01,1.000000000e+00,1,1.260584802e+00,4.172178443e-01,1134040444,main,rise,9.091000000e+00,2.033268376e-01,4.144598767e-02,1.010356944e-01,1.186297283e+02,false,0,1.482226148e+03,/mnt/pd/tema1/new/results/ml_samples/N4_sw0.30_x+1_i0004.h5
4,50,3.000000000e-01,1.000000000e+00,1,1.260584802e+00,4.172178443e-01,1355100703,main,rise,7.181000000e+00,1.728994201e-01,4.519018034e-02,1.091903879e-01,5.236842246e+01,false,0,1.011217380e+03,/mnt/pd/tema1/new/results/ml_samples/N4_sw0.30_x+1_i0038.h5
4,50,3.000000000e-01,1.000000000e+00,1,1.260584802e+00,4.172178443e-01,1828378840,main,rise,9.091000000e+00,1.593618953e-01,2.621974648e-02,1.118649942e-01,1.186297283e+02,false,0,1.404011099e+03,/mnt/pd/tema1/new/results/ml_samples/N4_sw0.30_x+1_i0018.h5
4,50,3.000000000e-01,1.000000000e+00,1,1.260584802e+00,4.172178443e-01,624860562,main,rise,7.941000000e+00,1.438392953e-01,1.850746445e-02,1.188285056e-01,1.186297283e+02,false,0,1.217897029e+03,/mnt/pd/tema1/new/results/ml_samples/N4_sw0.30_x+1_i0034.h5
4,50,3.000000000e-01,1.000000000e+00,0,1.000000000e+00,3.309716599e-01,894764476,main,rise,1.400100000e+01,1.738391374e-01,4.258917440e-02,1.153399617e-01,4.650646034e+01,false,0,2.220840311e+03,/mnt/pd/tema1/new/results/ml_samples/N4_sw0.30_x+0_i0170.h5
4,50,3.000000000e-01,1.000000000e+00,1,1.260584802e+00,4.172178443e-01,968555234,main,rise,4.981000000e+00,1.659065516e-01,3.910373634e-02,1.178174511e-01,5.564917483e+01,false,0,7.781532331e+02,/mnt/pd/tema1/new/results/ml_samples/N4_sw0.30_x+1_i0052.h5
4,50,3.000000000e-01,1.000000000e+00,1,1.260584802e+00,4.172178443e-01,423549102,main,rise,1.028100000e+01,1.868083990e-01,4.923315902e-02,9.469772524e-02,1.186297283e+02,false,0,1.492061476e+03,/mnt/pd/tema1/new/results/ml_samples/N4_sw0.30_x+1_i0022.h5
4,50,3.000000000e-01,1.000000000e+00,1,1.260584802e+00,4.172178443e-01,1949728064,main,rise,3.721000000e+00,1.611976118e-01,2.901396107e-02,1.282811082e-01,1.186297283e+02,false,0,6.086644438e+02,/mnt/pd/tema1/new/results/ml_samples/N4_sw0.30_x+1_i0070.h5
4,50,3.000000000e-01,1.000000000e+00,1,1.260584802e+00,4.172178443e-01,2084332053,main,rise,3.541000000e+00,1.689730984e-01,4.281958342e-02,1.130406011e-01,1.186297283e+02,false,0,5.515181083e+02,/mnt/pd/tema1/new/results/ml_samples/N4_sw0.30_x+1_i0076.h5
4,50,3.000000000e-01,1.000000000e+00,1,1.260584802e+00,4.172178443e-01,1963378825,main,fall,4.411000000e+00,1.790723140e-01,4.442039545e-02,1.144145988e-01,1.186297283e+02,false,0,6.600220519e+02,/mnt/pd/tema1/new/results/ml_samples/N4_sw0.30_x+1_i0074.h5
4,50,3.000000000e-01,1.000000000e+00,1,1.260584802e+00,4.172178443e-01,1061890230,main,rise,2.621000000e+00,1.829631976e-01,4.311432011e-02,1.244543884e-01,1.186297283e+02,false,0,4.592759862e+02,/mnt/pd/tema1/new/results/ml_samples/N4_sw0.30_x+1_i0084.h5
4,50,3.000000000e-01,1.000000000e+00,1,1.260584802e+00,4.172178443e-01,954645301,main,rise,6.001000000e+00,1.783513987e-01,3.446856625e-02,9.879411614e-02,1.186297283e+02,false,0,8.920700176e+02,/mnt/pd/tema1/new/results/ml_samples/N4_sw0.30_x+1_i0060.h5
4,50,3.000000000e-01,1.000000000e+00,1,1.260584802e+00,4.172178443e-01,1821565001,main,rise,3.401000000e+00,1.688084561e-01,2.368388538e-02,1.074294452e-01,1.186297283e+02,false,0,5.232397850e+02,/mnt/pd/tema1/new/results/ml_samples/N4_sw0.30_x+1_i0082.h5
4,50,3.000000000e-01,1.000000000e+00,1,1.260584802e+00,4.172178443e-01,816431087,main,rise,1.176100000e+01,1.647554905e-01,2.469863206e-02,1.059467250e-01,1.186297283e+02,false,0,1.778863807e+03,/mnt/pd/tema1/new/results/ml_samples/N4_sw0.30_x+1_i0032.h5
4,50,3.000000000e-01,1.000000000e+00,0,1.000000000e+00,3.309716599e-01,539495783,main,fall,1.666100000e+01,1.502912366e-01,3.567477895e-02,1.155100066e-01,3.648114827e+01,false,0,2.418403372e+03,/mnt/pd/tema1/new/results/ml_samples/N4_sw0.30_x+0_i0190.h5
4,50,3.000000000e-01,1.000000000e+00,1,1.260584802e+00,4.172178443e-01,3943819,main,rise,1.247100000e+01,1.684500113e-01,2.234554131e-02,1.023578930e-01,1.076586327e+02,false,0,1.856882610e+03,/mnt/pd/tema1/new/results/ml_samples/N4_sw0.30_x+1_i0028.h5
4,50,3.000000000e-01,1.000000000e+00,1,1.260584802e+00,4.172178443e-01,898966969,main,rise,9.301000000e+00,1.658233291e-01,2.713469418e-02,1.118974029e-01,1.186297283e+02,false,0,1.377776174e+03,/mnt/pd/tema1/new/results/ml_samples/N4_sw0.30_x+1_i0050.h5
4,50,3.000000000e-01,1.000000000e+00,1,1.260584802e+00,4.172178443e-01,515138859,main,fall,1.431000000e+00,1.561685909e-01,3.911725060e-02,1.302586575e-01,6.049531718e+01,false,0,2.637501944e+02,/mnt/pd/tema1/new/results/ml_samples/N4_sw0.30_x+1_i0108.h5
4,50,3.000000000e-01,1.000000000e+00,1,1.260584802e+00,4.172178443e-01,1207690303,main,rise,8.671000000e+00,1.730075134e-01,3.461075340e-02,1.053398407e-01,1.186297283e+02,false,0,1.205813383e+03,/mnt/pd/tema1/new/results/ml_samples/N4_sw0.30_x+1_i0072.h5
4,50,3.000000000e-01,1.000000000e+00,1,1.260584802e+00,4.172178443e-01,1887548095,main,rise,5.601000000e+00,1.781217189e-01,3.222952039e-02,1.066165188e-01,1.186297283e+02,false,0,8.656655997e+02,/mnt/pd/tema1/new/results/ml_samples/N4_sw0.30_x+1_i0086.h5
4,50,3.000000000e-01,1.000000000e+00,0,1.000000000e+00,3.309716599e-01,1744645909,main,rise,3.611100000e+01,1.531606464e-01,2.469206437e-02,1.018086346e-01,4.705411373e+01,false,0,5.341073868e+03,/mnt/pd/tema1/new/results/ml_samples/N4_sw0.30_x+0_i0080.h5
4,50,3.000000000e-01,1.000000000e+00,1,1.260584802e+00,4.172178443e-01,789710220,main,rise,8.091000000e+00,2.235763922e-01,6.346089373e-02,1.034936574e-01,9.182093488e+01,false,0,1.210584320e+03,/mnt/pd/tema1/new/results/ml_samples/N4_sw0.30_x+1_i0078.h5
4,50,3.000000000e-01,1.000000000e+00,1,1.260584802e+00,4.172178443e-01,210038987,main,rise,3.101000000e+00,1.707125507e-01,3.018366911e-02,1.029264416e-01,1.186297283e+02,false,0,5.126954602e+02,/mnt/pd/tema1/new/results/ml_samples/N4_sw0.30_x+1_i0104.h5
4,50,3.000000000e-01,1.000000000e+00,1,1.260584802e+00,4.172178443e-01,1907338776,main,rise,3.431000000e+00,1.642564331e-01,2.754596218e-02,1.075324890e-01,1.186297283e+02,false,0,5.815227850e+02,/mnt/pd/tema1/new/results/ml_samples/N4_sw0.30_x+1_i0102.h5
4,50,3.000000000e-01,1.000000000e+00,1,1.260584802e+00,4.172178443e-01,691027570,main,rise,8.061000000e+00,1.775108274e-01,4.090803752e-02,1.024870578e-01,1.186297283e+02,false,0,1.151301662e+03,/mnt/pd/tema1/new/results/ml_samples/N4_sw0.30_x+1_i0080.h5
4,50,3.000000000e-01,1.000000000e+00,1,1.260584802e+00,4.172178443e-01,573102784,main,rise,2.741000000e+00,2.138921754e-01,5.909050398e-02,1.157205536e-01,1.186297283e+02,false,0,4.256611425e+02,/mnt/pd/tema1/new/results/ml_samples/N4_sw0.30_x+1_i0110.h5
4,50,3.000000000e-01,1.000000000e+00,1,1.260584802e+00,4.172178443e-01,1771252530,main,rise,5.001000000e+00,1.538696193e-01,2.277497739e-02,1.200401249e-01,1.186297283e+02,false,0,7.607411490e+02,/mnt/pd/tema1/new/results/ml_samples/N4_sw0.30_x+1_i0094.h5
4,50,3.000000000e-01,1.000000000e+00,1,1.260584802e+00,4.172178443e-01,580597061,main,rise,4.221000000e+00,1.543937200e-01,3.703304729e-02,1.322165884e-01,1.143813523e+02,false,0,6.854855601e+02,/mnt/pd/tema1/new/results/ml_samples/N4_sw0.30_x+1_i0100.h5
4,50,3.000000000e-01,1.000000000e+00,1,1.260584802e+00,4.172178443e-01,939302344,main,rise,1.731100000e+01,1.659850462e-01,2.975728828e-02,1.039214782e-01,1.186297283e+02,false,0,2.605587746e+03,/mnt/pd/tema1/new/results/ml_samples/N4_sw0.30_x+1_i0020.h5
4,50,3.000000000e-01,1.000000000e+00,0,1.000000000e+00,3.309716599e-01,1386319200,main,fall,2.005100000e+01,1.679644632e-01,4.094489282e-02,1.151356536e-01,6.176760971e+01,false,0,3.130181085e+03,/mnt/pd/tema1/new/results/ml_samples/N4_sw0.30_x+0_i0186.h5
4,50,3.000000000e-01,1.000000000e+00,1,1.260584802e+00,4.172178443e-01,2045225902,main,fall,1.073100000e+01,1.648148415e-01,2.949284608e-02,1.137045933e-01,1.186297283e+02,false,0,1.676429976e+03,/mnt/pd/tema1/new/results/ml_samples/N4_sw0.30_x+1_i0066.h5
4,50,3.000000000e-01,1.000000000e+00,1,1.260584802e+00,4.172178443e-01,1026213701,main,rise,5.301000000e+00,1.926834856e-01,4.182369448e-02,1.081010609e-01,1.186297283e+02,false,0,8.068786702e+02,/mnt/pd/tema1/new/results/ml_samples/N4_sw0.30_x+1_i0106.h5
4,50,3.000000000e-01,1.000000000e+00,1,1.260584802e+00,4.172178443e-01,562585870,main,rise,9.301000000e+00,1.620936365e-01,2.718122423e-02,1.033291666e-01,1.186297283e+02,false,0,1.290891024e+03,/mnt/pd/tema1/new/results/ml_samples/N4_sw0.30_x+1_i0088.h5
4,50,3.000000000e-01,1.000000000e+00,1,1.260584802e+00,4.172178443e-01,1632602486,main,rise,2.158100000e+01,1.610943505e-01,2.117100026e-02,1.045561821e-01,1.186297283e+02,false,0,3.039095654e+03,/mnt/pd/tema1/new/results/ml_samples/N4_sw0.30_x+1_i0010.h5
4,50,3.000000000e-01,1.000000000e+00,1,1.260584802e+00,4.172178443e-01,522998611,main,rise,1.022100000e+01,1.740582005e-01,4.922651916e-02,1.119933731e-01,1.186297283e+02,false,0,1.389562855e+03,/mnt/pd/tema1/new/results/ml_samples/N4_sw0.30_x+1_i0090.h5
4,50,3.000000000e-01,1.000000000e+00,1,1.260584802e+00,4.172178443e-01,181798555,main,rise,8.591000000e+00,1.884452002e-01,3.953523044e-02,9.689082351e-02,1.186297283e+02,false,0,1.223247322e+03,/mnt/pd/tema1/new/results/ml_samples/N4_sw0.30_x+1_i0092.h5
4,50,3.000000000e-01,1.000000000e+00,1,1.260584802e+00,4.172178443e-01,846033325,main,rise,2.921000000e+00,1.531086565e-01,2.065123729e-02,1.229475701e-01,1.186297283e+02,false,0,4.873855460e+02,/mnt/pd/tema1/new/results/ml_samples/N4_sw0.30_x+1_i0130.h5
4,50,3.000000000e-01,1.000000000e+00,1,1.260584802e+00,4.172178443e-01,1305174840,main,rise,2.871000000e+00,2.035941441e-01,4.299409809e-02,1.100842055e-01,8.999479517e+01,false,0,5.001272815e+02,/mnt/pd/tema1/new/results/ml_samples/N4_sw0.30_x+1_i0132.h5
4,50,3.000000000e-01,1.000000000e+00,1,1.260584802e+00,4.172178443e-01,145394472,main,rise,1.605100000e+01,1.685668712e-01,3.617597163e-02,1.083333599e-01,1.186297283e+02,false,0,2.304141588e+03,/mnt/pd/tema1/new/results/ml_samples/N4_sw0.30_x+1_i0056.h5
4,50,3.000000000e-01,1.000000000e+00,1,1.260584802e+00,4.172178443e-01,1730831230,main,rise,1.427100000e+01,1.741464199e-01,3.439923955e-02,1.120441764e-01,1.186297283e+02,false,0,2.090018014e+03,/mnt/pd/tema1/new/results/ml_samples/N4_sw0.30_x+1_i0064.h5
4,50,3.000000000e-01,1.000000000e+00,1,1.260584802e+00,4.172178443e-01,414333910,main,rise,4.061000000e+00,1.645298601e-01,3.234306117e-02,1.117013272e-01,1.079966499e+02,false,0,6.359405916e+02,/mnt/pd/tema1/new/results/ml_samples/N4_sw0.30_x+1_i0128.h5
4,50,3.000000000e-01,1.000000000e+00,1,1.260584802e+00,4.172178443e-01,1383565491,main,rise,4.181000000e+00,1.692875531e-01,2.969208990e-02,1.179919181e-01,1.186297283e+02,false,0,6.968168765e+02,/mnt/pd/tema1/new/results/ml_samples/N4_sw0.30_x+1_i0122.h5
4,50,3.000000000e-01,1.000000000e+00,1,1.260584802e+00,4.172178443e-01,58175273,main,rise,1.648100000e+01,1.625891921e-01,2.393348620e-02,1.094445549e-01,1.186297283e+02,false,0,2.516476579e+03,/mnt/pd/tema1/new/results/ml_samples/N4_sw0.30_x+1_i0048.h5
4,50,3.000000000e-01,1.000000000e+00,1,1.260584802e+00,4.172178443e-01,710286982,main,rise,4.481000000e+00,1.979708871e-01,6.192084557e-02,9.853458892e-02,1.186297283e+02,false,0,7.343983644e+02,/mnt/pd/tema1/new/results/ml_samples/N4_sw0.30_x+1_i0124.h5
4,50,3.000000000e-01,1.000000000e+00,1,1.260584802e+00,4.172178443e-01,663183457,main,rise,5.561000000e+00,1.856443782e-01,5.366360087e-02,1.183933631e-01,1.186297283e+02,false,0,8.470764863e+02,/mnt/pd/tema1/new/results/ml_samples/N4_sw0.30_x+1_i0118.h5
4,50,3.000000000e-01,1.000000000e+00,1,1.260584802e+00,4.172178443e-01,808260195,main,rise,1.583100000e+01,1.626510221e-01,2.800200916e-02,1.145226073e-01,1.186297283e+02,false,0,2.252642894e+03,/mnt/pd/tema1/new/results/ml_samples/N4_sw0.30_x+1_i0068.h5
4,50,3.000000000e-01,1.000000000e+00,0,1.000000000e+00,3.309716599e-01,620740139,main,fall,3.537100000e+01,1.596696128e-01,3.308688226e-02,1.131740421e-01,6.176760971e+01,false,0,5.444287673e+03,/mnt/pd/tema1/new/results/ml_samples/N4_sw0.30_x+0_i0120.h5
4,50,3.000000000e-01,1.000000000e+00,1,1.260584802e+00,4.172178443e-01,1656932520,main,rise,1.159100000e+01,1.795093892e-01,3.901766358e-02,1.111956611e-01,5.982677211e+01,false,0,1.669483587e+03,/mnt/pd/tema1/new/results/ml_samples/N4_sw0.30_x+1_i0096.h5
4,50,3.000000000e-01,1.000000000e+00,1,1.260584802e+00,4.172178443e-01,898905045,main,rise,1.901100000e+01,1.856626610e-01,4.747450800e-02,1.091169379e-01,1.186297283e+02,false,0,2.647142344e+03,/mnt/pd/tema1/new/results/ml_samples/N4_sw0.30_x+1_i0058.h5
4,50,3.000000000e-01,1.000000000e+00,1,1.260584802e+00,4.172178443e-01,567740171,main,rise,2.521000000e+00,1.773913689e-01,3.370017476e-02,1.065263827e-01,1.186297283e+02,false,0,4.110870318e+02,/mnt/pd/tema1/new/results/ml_samples/N4_sw0.30_x+1_i0152.h5
4,50,3.000000000e-01,1.000000000e+00,1,1.260584802e+00,4.172178443e-01,94942002,main,rise,3.731000000e+00,1.760110018e-01,3.545048903e-02,1.143536097e-01,1.186297283e+02,false,0,5.455748897e+02,/mnt/pd/tema1/new/results/ml_samples/N4_sw0.30_x+1_i0148.h5
4,50,3.000000000e-01,1.000000000e+00,1,1.260584802e+00,4.172178443e-01,1824639101,main,rise,8.351000000e+00,1.686110237e-01,4.644103195e-02,1.114344144e-01,6.173593024e+01,false,0,1.242646877e+03,/mnt/pd/tema1/new/results/ml_samples/N4_sw0.30_x+1_i0114.h5
4,50,3.000000000e-01,1.000000000e+00,1,1.260584802e+00,4.172178443e-01,317067841,main,rise,8.031000000e+00,1.766983697e-01,3.834284408e-02,1.143440301e-01,1.676332805e+01,false,0,1.205068212e+03,/mnt/pd/tema1/new/results/ml_samples/N4_sw0.30_x+1_i0120.h5
4,50,3.000000000e-01,1.000000000e+00,1,1.260584802e+00,4.172178443e-01,845172420,main,fall,1.136100000e+01,1.763457761e-01,2.977891107e-02,1.041182785e-01,1.186297283e+02,false,0,1.785157682e+03,/mnt/pd/tema1/new/results/ml_samples/N4_sw0.30_x+1_i0098.h5
4,50,3.000000000e-01,1.000000000e+00,1,1.260584802e+00,4.172178443e-01,1942707951,main,rise,1.973100000e+01,1.530248190e-01,2.308260125e-02,1.156713332e-01,1.021997153e+02,false,0,2.640996071e+03,/mnt/pd/tema1/new/results/ml_samples/N4_sw0.30_x+1_i0062.h5
4,50,3.000000000e-01,1.000000000e+00,1,1.260584802e+00,4.172178443e-01,1749592106,main,rise,4.581000000e+00,1.636947314e-01,3.089713797e-02,1.189941155e-01,1.186297283e+02,false,0,7.182216198e+02,/mnt/pd/tema1/new/results/ml_samples/N4_sw0.30_x+1_i0160.h5
4,50,3.000000000e-01,1.000000000e+00,0,1.000000000e+00,3.309716599e-01,1494213991,main,rise,3.094100000e+01,1.670243043e-01,4.402021559e-02,1.069233207e-01,5.140620368e+01,false,0,4.613767691e+03,/mnt/pd/tema1/new/results/ml_samples/N4_sw0.30_x+0_i0180.h5
4,50,3.000000000e-01,1.000000000e+00,1,1.260584802e+00,4.172178443e-01,152471783,main,rise,9.841000000e+00,1.565919501e-01,2.213568748e-02,1.079876187e-01,1.186297283e+02,false,0,1.358958844e+03,/mnt/pd/tema1/new/results/ml_samples/N4_sw0.30_x+1_i0134.h5
4,50,3.000000000e-01,1.000000000e+00,1,1.260584802e+00,4.172178443e-01,1831769239,main,rise,1.133100000e+01,1.736420159e-01,2.581748848e-02,1.049275686e-01,1.186297283e+02,false,0,1.679609170e+03,/mnt/pd/tema1/new/results/ml_samples/N4_sw0.30_x+1_i0116.h5
4,50,3.000000000e-01,1.000000000e+00,1,1.260584802e+00,4.172178443e-01,448510850,main,rise,7.451000000e+00,2.061958002e-01,4.553819143e-02,9.968420107e-02,1.186297283e+02,false,0,1.144085012e+03,/mnt/pd/tema1/new/results/ml_samples/N4_sw0.30_x+1_i0144.h5
4,50,3.000000000e-01,1.000000000e+00,1,1.260584802e+00,4.172178443e-01,1912625254,main,fall,9.351000000e+00,1.691012894e-01,3.940489141e-02,1.021888149e-01,1.186297283e+02,false,0,1.445490244e+03,/mnt/pd/tema1/new/results/ml_samples/N4_sw0.30_x+1_i0136.h5
4,50,3.000000000e-01,1.000000000e+00,1,1.260584802e+00,4.172178443e-01,253443452,main,rise,9.921000000e+00,1.663372037e-01,2.364334698e-02,1.036907440e-01,1.186297283e+02,false,0,1.562956987e+03,/mnt/pd/tema1/new/results/ml_samples/N4_sw0.30_x+1_i0126.h5
4,50,3.000000000e-01,1.000000000e+00,1,1.260584802e+00,4.172178443e-01,584778557,main,rise,9.081000000e+00,1.758072522e-01,2.987896151e-02,1.078366139e-01,1.186297283e+02,false,0,1.308940717e+03,/mnt/pd/tema1/new/results/ml_samples/N4_sw0.30_x+1_i0138.h5
4,50,3.000000000e-01,1.000000000e+00,1,1.260584802e+00,4.172178443e-01,1046536753,main,rise,4.891000000e+00,1.752520431e-01,4.654091614e-02,1.200059413e-01,1.186297283e+02,false,0,7.318588185e+02,/mnt/pd/tema1/new/results/ml_samples/N4_sw0.30_x+1_i0168.h5
4,50,3.000000000e-01,1.000000000e+00,1,1.260584802e+00,4.172178443e-01,420123392,main,rise,4.521000000e+00,1.897767731e-01,5.029332125e-02,1.039611091e-01,1.186297283e+02,false,0,6.538444076e+02,/mnt/pd/tema1/new/results/ml_samples/N4_sw0.30_x+1_i0174.h5
4,50,3.000000000e-01,1.000000000e+00,1,1.260584802e+00,4.172178443e-01,1478327840,main,rise,6.191000000e+00,1.719158254e-01,3.286269200e-02,9.590416836e-02,1.186297283e+02,false,0,8.963057367e+02,/mnt/pd/tema1/new/results/ml_samples/N4_sw0.30_x+1_i0166.h5
4,50,3.000000000e-01,1.000000000e+00,1,1.260584802e+00,4.172178443e-01,2030907710,main,rise,6.361000000e+00,1.693612634e-01,2.816276711e-02,1.127444772e-01,1.122279656e+02,false,0,9.813939265e+02,/mnt/pd/tema1/new/results/ml_samples/N4_sw0.30_x+1_i0164.h5
4,50,3.000000000e-01,1.000000000e+00,1,1.260584802e+00,4.172178443e-01,521489803,main,fall,5.941000000e+00,1.430928456e-01,1.231884538e-02,1.275953979e-01,1.186297283e+02,false,0,8.370271025e+02,/mnt/pd/tema1/new/results/ml_samples/N4_sw0.30_x+1_i0176.h5
4,50,3.000000000e-01,1.000000000e+00,1,1.260584802e+00,4.172178443e-01,547805783,main,rise,4.631000000e+00,1.544733336e-01,2.205895300e-02,1.178706045e-01,1.159741327e+02,false,0,7.525894596e+02,/mnt/pd/tema1/new/results/ml_samples/N4_sw0.30_x+1_i0180.h5
4,50,3.000000000e-01,1.000000000e+00,1,1.260584802e+00,4.172178443e-01,1240837517,main,fall,7.941000000e+00,1.663343585e-01,2.360025298e-02,1.067697954e-01,1.186297283e+02,false,0,1.221446380e+03,/mnt/pd/tema1/new/results/ml_samples/N4_sw0.30_x+1_i0156.h5
4,50,3.000000000e-01,1.000000000e+00,1,1.260584802e+00,4.172178443e-01,1007261698,main,rise,5.791000000e+00,1.835107783e-01,2.745379734e-02,1.038816302e-01,1.186297283e+02,false,0,9.794900456e+02,/mnt/pd/tema1/new/results/ml_samples/N4_sw0.30_x+1_i0170.h5
4,50,3.000000000e-01,1.000000000e+00,1,1.260584802e+00,4.172178443e-01,614806323,main,rise,5.451000000e+00,1.789173259e-01,3.582412988e-02,1.057970112e-01,6.641218947e+01,false,0,8.593244158e+02,/mnt/pd/tema1/new/results/ml_samples/N4_sw0.30_x+1_i0182.h5
4,50,3.000000000e-01,1.000000000e+00,1,1.260584802e+00,4.172178443e-01,756743863,main,rise,9.001000000e+00,1.675820672e-01,2.197409802e-02,1.097647997e-01,1.186297283e+02,false,0,1.294285586e+03,/mnt/pd/tema1/new/results/ml_samples/N4_sw0.30_x+1_i0162.h5
4,50,3.000000000e-01,1.000000000e+00,1,1.260584802e+00,4.172178443e-01,256702265,main,rise,1.528100000e+01,1.762427303e-01,4.007665719e-02,1.009582803e-01,1.186297283e+02,false,0,2.275799375e+03,/mnt/pd/tema1/new/results/ml_samples/N4_sw0.30_x+1_i0112.h5
4,50,3.000000000e-01,1.000000000e+00,1,1.260584802e+00,4.172178443e-01,1136904875,main,rise,3.891000000e+00,1.855092491e-01,3.915386175e-02,1.113422168e-01,3.432643536e+01,false,0,5.598384474e+02,/mnt/pd/tema1/new/results/ml_samples/N4_sw0.30_x+1_i0198.h5
4,50,3.000000000e-01,1.000000000e+00,1,1.260584802e+00,4.172178443e-01,1283253534,main,rise,4.031000000e+00,1.512050489e-01,2.727200034e-02,1.324358918e-01,1.186297283e+02,false,0,6.712162231e+02,/mnt/pd/tema1/new/results/ml_samples/N4_sw0.30_x+1_i0190.h5
4,50,3.000000000e-01,1.000000000e+00,2,1.521169604e+00,5.034640287e-01,1106263767,main,rise,3.381000000e+00,2.012054584e-01,3.789846276e-02,1.111788622e-01,2.156331656e+02,false,0,5.592897491e+02,/mnt/pd/tema1/new/results/ml_samples/N4_sw0.30_x+2_i0002.h5
4,50,3.000000000e-01,1.000000000e+00,1,1.260584802e+00,4.172178443e-01,208071788,main,rise,7.731000000e+00,1.588611961e-01,2.616221651e-02,1.210755462e-01,1.186297283e+02,false,0,1.090128993e+03,/mnt/pd/tema1/new/results/ml_samples/N4_sw0.30_x+1_i0186.h5
4,50,3.000000000e-01,1.000000000e+00,1,1.260584802e+00,4.172178443e-01,1307777303,main,fall,4.681000000e+00,1.681079783e-01,3.077862160e-02,1.020987453e-01,1.186297283e+02,false,0,7.698107995e+02,/mnt/pd/tema1/new/results/ml_samples/N4_sw0.30_x+1_i0194.h5
4,50,3.000000000e-01,1.000000000e+00,2,1.521169604e+00,5.034640287e-01,1204502341,main,rise,2.781000000e+00,1.791831787e-01,4.236835482e-02,1.283898931e-01,2.156331656e+02,false,0,4.957486704e+02,/mnt/pd/tema1/new/results/ml_samples/N4_sw0.30_x+2_i0012.h5
4,50,3.000000000e-01,1.000000000e+00,2,1.521169604e+00,5.034640287e-01,376968367,main,rise,1.861000000e+00,1.578948086e-01,2.040846505e-02,1.314373180e-01,2.156331656e+02,false,0,3.322432039e+02,/mnt/pd/tema1/new/results/ml_samples/N4_sw0.30_x+2_i0022.h5
4,50,3.000000000e-01,1.000000000e+00,2,1.521169604e+00,5.034640287e-01,74804908,main,fall,1.841000000e+00,1.792558426e-01,2.585799837e-02,1.184536199e-01,2.156331656e+02,false,0,3.423709230e+02,/mnt/pd/tema1/new/results/ml_samples/N4_sw0.30_x+2_i0020.h5
4,50,3.000000000e-01,1.000000000e+00,2,1.521169604e+00,5.034640287e-01,399103035,main,rise,5.201000000e+00,1.648131467e-01,1.612105970e-02,1.075721745e-01,1.192737573e+02,false,0,7.755480982e+02,/mnt/pd/tema1/new/results/ml_samples/N4_sw0.30_x+2_i0008.h5
4,50,3.000000000e-01,1.000000000e+00,1,1.260584802e+00,4.172178443e-01,642501811,main,rise,1.302100000e+01,1.694622841e-01,2.955454020e-02,1.034166679e-01,6.114389011e+01,false,0,1.937806641e+03,/mnt/pd/tema1/new/results/ml_samples/N4_sw0.30_x+1_i0150.h5
4,50,3.000000000e-01,1.000000000e+00,1,1.260584802e+00,4.172178443e-01,789925575,main,rise,1.371100000e+01,1.848360059e-01,3.462031766e-02,1.089353510e-01,1.186297283e+02,false,0,2.160521767e+03,/mnt/pd/tema1/new/results/ml_samples/N4_sw0.30_x+1_i0142.h5
4,50,3.000000000e-01,1.000000000e+00,1,1.260584802e+00,4.172178443e-01,1466175951,main,rise,1.180100000e+01,1.770371257e-01,3.860997172e-02,1.086202439e-01,1.878253969e+01,false,0,1.876423412e+03,/mnt/pd/tema1/new/results/ml_samples/N4_sw0.30_x+1_i0154.h5
4,50,3.000000000e-01,1.000000000e+00,2,1.521169604e+00,5.034640287e-01,1574220934,main,rise,2.121000000e+00,1.713325713e-01,2.113947529e-02,1.182437281e-01,2.156331656e+02,false,0,3.789594174e+02,/mnt/pd/tema1/new/results/ml_samples/N4_sw0.30_x+2_i0026.h5
4,50,3.000000000e-01,1.000000000e+00,2,1.521169604e+00,5.034640287e-01,1404402475,main,rise,5.991000000e+00,1.784675064e-01,2.795900559e-02,1.058008510e-01,1.441727152e+02,false,0,9.247883986e+02,/mnt/pd/tema1/new/results/ml_samples/N4_sw0.30_x+2_i0004.h5
4,50,3.000000000e-01,1.000000000e+00,0,1.000000000e+00,3.309716599e-01,1392737937,main,rise,5.113100000e+01,1.619427438e-01,3.702571398e-02,1.088940681e-01,1.626327784e+01,false,0,7.722441319e+03,/mnt/pd/tema1/new/results/ml_samples/N4_sw0.30_x+0_i0090.h5
4,50,3.000000000e-01,1.000000000e+00,2,1.521169604e+00,5.034640287e-01,1958144158,main,rise,3.421000000e+00,1.735671910e-01,2.480801246e-02,1.143693519e-01,2.156331656e+02,false,0,5.852973619e+02,/mnt/pd/tema1/new/results/ml_samples/N4_sw0.30_x+2_i0024.h5
4,50,3.000000000e-01,1.000000000e+00,1,1.260584802e+00,4.172178443e-01,2009320762,main,rise,1.231100000e+01,1.811248974e-01,4.275729075e-02,9.283764597e-02,1.186297283e+02,false,0,1.669875311e+03,/mnt/pd/tema1/new/results/ml_samples/N4_sw0.30_x+1_i0178.h5
4,50,3.000000000e-01,1.000000000e+00,2,1.521169604e+00,5.034640287e-01,771952378,main,rise,6.311000000e+00,1.797748962e-01,3.194106656e-02,1.047298929e-01,2.156331656e+02,false,0,1.006552472e+03,/mnt/pd/tema1/new/results/ml_samples/N4_sw0.30_x+2_i0010.h5
4,50,3.000000000e-01,1.000000000e+00,2,1.521169604e+00,5.034640287e-01,660648932,main,rise,6.321000000e+00,1.801196143e-01,2.121585555e-02,9.761132797e-02,2.156331656e+02,false,0,8.958519353e+02,/mnt/pd/tema1/new/results/ml_samples/N4_sw0.30_x+2_i0016.h5
4,50,3.000000000e-01,1.000000000e+00,1,1.260584802e+00,4.172178443e-01,2010747319,main,rise,1.156100000e+01,1.754715350e-01,2.546594327e-02,1.012632160e-01,1.186297283e+02,false,0,1.705214807e+03,/mnt/pd/tema1/new/results/ml_samples/N4_sw0.30_x+1_i0184.h5
4,50,3.000000000e-01,1.000000000e+00,2,1.521169604e+00,5.034640287e-01,900621199,main,rise,3.881000000e+00,1.696357195e-01,1.963130717e-02,1.077781746e-01,2.156331656e+02,false,0,6.217091807e+02,/mnt/pd/tema1/new/results/ml_samples/N4_sw0.30_x+2_i0032.h5
4,50,3.000000000e-01,1.000000000e+00,2,1.521169604e+00,5.034640287e-01,92019181,main,rise,2.801000000e+00,1.807917941e-01,3.008046003e-02,1.218847276e-01,2.156331656e+02,false,0,4.648088673e+02,/mnt/pd/tema1/new/results/ml_samples/N4_sw0.30_x+2_i0050.h5
4,50,3.000000000e-01,1.000000000e+00,2,1.521169604e+00,5.034640287e-01,1893020700,main,rise,4.061000000e+00,1.741081654e-01,2.548232330e-02,1.064918050e-01,2.156331656e+02,false,0,6.458188653e+02,/mnt/pd/tema1/new/results/ml_samples/N4_sw0.30_x+2_i0036.h5
4,50,3.000000000e-01,1.000000000e+00,2,1.521169604e+00,5.034640287e-01,41709876,main,rise,4.991000000e+00,1.743763036e-01,1.999264641e-02,1.037395623e-01,2.156331656e+02,false,0,8.350733627e+02,/mnt/pd/tema1/new/results/ml_samples/N4_sw0.30_x+2_i0030.h5
4,50,3.000000000e-01,1.000000000e+00,1,1.260584802e+00,4.172178443e-01,394276368,main,rise,1.021100000e+01,1.601027511e-01,2.297361367e-02,1.102137440e-01,1.186297283e+02,false,0,1.433009205e+03,/mnt/pd/tema1/new/results/ml_samples/N4_sw0.30_x+1_i0196.h5
4,50,3.000000000e-01,1.000000000e+00,2,1.521169604e+00,5.034640287e-01,1079458221,main,rise,2.901000000e+00,1.808251412e-01,3.032343975e-02,1.137575569e-01,2.156331656e+02,false,0,4.747409792e+02,/mnt/pd/tema1/new/results/ml_samples/N4_sw0.30_x+2_i0052.h5
4,50,3.000000000e-01,1.000000000e+00,2,1.521169604e+00,5.034640287e-01,1455115997,main,rise,3.181000000e+00,1.846985345e-01,3.046379179e-02,1.024337195e-01,2.156331656e+02,false,0,5.247872681e+02,/mnt/pd/tema1/new/results/ml_samples/N4_sw0.30_x+2_i0048.h5
4,50,3.000000000e-01,1.000000000e+00,2,1.521169604e+00,5.034640287e-01,1447310202,main,rise,4.361000000e+00,1.878377360e-01,3.388285407e-02,1.114795457e-01,2.156331656e+02,false,0,7.200545576e+02,/mnt/pd/tema1/new/results/ml_samples/N4_sw0.30_x+2_i0034.h5
4,50,3.000000000e-01,1.000000000e+00,2,1.521169604e+00,5.034640287e-01,1713699261,main,rise,4.171000000e+00,1.872370394e-01,3.722677395e-02,1.096954066e-01,2.156331656e+02,false,0,6.148945295e+02,/mnt/pd/tema1/new/results/ml_samples/N4_sw0.30_x+2_i0044.h5
4,50,3.000000000e-01,1.000000000e+00,2,1.521169604e+00,5.034640287e-01,123531199,main,fall,2.511000000e+00,2.008072835e-01,5.518006697e-02,1.113471976e-01,1.707712249e+02,false,0,4.409716732e+02,/mnt/pd/tema1/new/results/ml_samples/N4_sw0.30_x+2_i0058.h5
4,50,3.000000000e-01,1.000000000e+00,2,1.521169604e+00,5.034640287e-01,1674300685,main,rise,5.291000000e+00,1.775228525e-01,3.000093629e-02,1.125619536e-01,2.156331656e+02,false,0,7.923607821e+02,/mnt/pd/tema1/new/results/ml_samples/N4_sw0.30_x+2_i0040.h5
4,50,3.000000000e-01,1.000000000e+00,2,1.521169604e+00,5.034640287e-01,1122726542,main,rise,3.551000000e+00,1.880243780e-01,2.541175312e-02,1.148245269e-01,2.156331656e+02,false,0,5.546926278e+02,/mnt/pd/tema1/new/results/ml_samples/N4_sw0.30_x+2_i0056.h5
4,50,3.000000000e-01,1.000000000e+00,2,1.521169604e+00,5.034640287e-01,305080987,main,rise,2.591000000e+00,1.718600083e-01,2.591839637e-02,1.079343295e-01,2.156331656e+02,false,0,4.251824720e+02,/mnt/pd/tema1/new/results/ml_samples/N4_sw0.30_x+2_i0062.h5
4,50,3.000000000e-01,1.000000000e+00,1,1.260584802e+00,4.172178443e-01,966600069,main,rise,1.556100000e+01,1.824355695e-01,3.671215433e-02,1.043353181e-01,1.186297283e+02,false,0,2.277128291e+03,/mnt/pd/tema1/new/results/ml_samples/N4_sw0.30_x+1_i0172.h5
4,50,3.000000000e-01,1.000000000e+00,2,1.521169604e+00,5.034640287e-01,481942230,main,rise,6.021000000e+00,1.871921690e-01,2.924737863e-02,9.669473092e-02,2.156331656e+02,false,0,9.318341147e+02,/mnt/pd/tema1/new/results/ml_samples/N4_sw0.30_x+2_i0038.h5
4,50,3.000000000e-01,1.000000000e+00,1,1.260584802e+00,4.172178443e-01,1314835597,main,rise,1.886100000e+01,1.700401743e-01,2.952664658e-02,1.131722133e-01,1.186297283e+02,false,0,2.716855643e+03,/mnt/pd/tema1/new/results/ml_samples/N4_sw0.30_x+1_i0158.h5
4,50,3.000000000e-01,1.000000000e+00,1,1.260584802e+00,4.172178443e-01,1286288562,main,rise,1.305100000e+01,1.743733614e-01,4.053586692e-02,1.016865583e-01,2.608427172e+01,false,0,2.016833491e+03,/mnt/pd/tema1/new/results/ml_samples/N4_sw0.30_x+1_i0188.h5
4,50,3.000000000e-01,1.000000000e+00,2,1.521169604e+00,5.034640287e-01,203388235,main,rise,5.711000000e+00,1.714694847e-01,1.912995049e-02,1.060021546e-01,2.156331656e+02,false,0,9.429959866e+02,/mnt/pd/tema1/new/results/ml_samples/N4_sw0.30_x+2_i0046.h5
4,50,3.000000000e-01,1.000000000e+00,2,1.521169604e+00,5.034640287e-01,1059104158,main,rise,1.016100000e+01,1.790973708e-01,2.853870933e-02,1.059942942e-01,2.063184520e+02,false,0,1.612925696e+03,/mnt/pd/tema1/new/results/ml_samples/N4_sw0.30_x+2_i0014.h5
4,50,3.000000000e-01,1.000000000e+00,2,1.521169604e+00,5.034640287e-01,122994237,main,rise,6.061000000e+00,1.910370682e-01,3.113618314e-02,1.080044268e-01,2.156331656e+02,false,0,9.535029868e+02,/mnt/pd/tema1/new/results/ml_samples/N4_sw0.30_x+2_i0054.h5
4,50,3.000000000e-01,1.000000000e+00,2,1.521169604e+00,5.034640287e-01,934004545,main,rise,3.421000000e+00,1.620895578e-01,1.998820667e-02,1.164905432e-01,2.156331656e+02,false,0,5.454488139e+02,/mnt/pd/tema1/new/results/ml_samples/N4_sw0.30_x+2_i0074.h5
4,50,3.000000000e-01,1.000000000e+00,1,1.260584802e+00,4.172178443e-01,290057807,main,rise,1.367100000e+01,1.525001146e-01,2.010942877e-02,1.123139982e-01,1.186297283e+02,false,0,2.077042508e+03,/mnt/pd/tema1/new/results/ml_samples/N4_sw0.30_x+1_i0192.h5
4,50,3.000000000e-01,1.000000000e+00,2,1.521169604e+00,5.034640287e-01,1589408076,main,fall,4.391000000e+00,1.639715069e-01,1.382827985e-02,1.100511872e-01,2.156331656e+02,false,0,6.782262372e+02,/mnt/pd/tema1/new/results/ml_samples/N4_sw0.30_x+2_i0066.h5
4,50,3.000000000e-01,1.000000000e+00,2,1.521169604e+00,5.034640287e-01,654933531,main,rise,3.681000000e+00,1.797288474e-01,3.888344188e-02,1.117687106e-01,2.156331656e+02,false,0,6.252433890e+02,/mnt/pd/tema1/new/results/ml_samples/N4_sw0.30_x+2_i0072.h5
4,50,3.000000000e-01,1.000000000e+00,2,1.521169604e+00,5.034640287e-01,992194386,main,rise,1.356100000e+01,1.878088882e-01,2.926774751e-02,9.706559399e-02,2.156331656e+02,false,0,2.018995125e+03,/mnt/pd/tema1/new/results/ml_samples/N4_sw0.30_x+2_i0006.h5
4,50,3.000000000e-01,1.000000000e+00,2,1.521169604e+00,5.034640287e-01,1584118465,main,rise,3.061000000e+00,1.868675815e-01,2.977001750e-02,9.653593411e-02,2.156331656e+02,false,0,4.906688794e+02,/mnt/pd/tema1/new/results/ml_samples/N4_sw0.30_x+2_i0090.h5
4,50,3.000000000e-01,1.000000000e+00,2,1.521169604e+00,5.034640287e-01,1394668251,main,rise,2.791000000e+00,1.887006366e-01,4.057559705e-02,1.125391381e-01,2.156331656e+02,false,0,5.041587970e+02,/mnt/pd/tema1/new/results/ml_samples/N4_sw0.30_x+2_i0092.h5
4,50,3.000000000e-01,1.000000000e+00,2,1.521169604e+00,5.034640287e-01,1502047086,main,rise,1.509100000e+01,1.838148595e-01,3.766008401e-02,1.025018090e-01,2.156331656e+02,false,0,2.225703896e+03,/mnt/pd/tema1/new/results/ml_samples/N4_sw0.30_x+2_i0000.h5
4,50,3.000000000e-01,1.000000000e+00,2,1.521169604e+00,5.034640287e-01,2093672012,main,rise,5.351000000e+00,2.174485368e-01,4.551744682e-02,1.029713394e-01,2.156331656e+02,false,0,7.867434601e+02,/mnt/pd/tema1/new/results/ml_samples/N4_sw0.30_x+2_i0076.h5
4,50,3.000000000e-01,1.000000000e+00,2,1.521169604e+00,5.034640287e-01,414328176,main,rise,4.731000000e+00,1.629741780e-01,3.075213677e-02,1.186996290e-01,2.156331656e+02,false,0,8.021515482e+02,/mnt/pd/tema1/new/results/ml_samples/N4_sw0.30_x+2_i0080.h5
4,50,3.000000000e-01,1.000000000e+00,2,1.521169604e+00,5.034640287e-01,1127394449,main,rise,1.263100000e+01,1.739152516e-01,2.184642284e-02,1.023154029e-01,2.156331656e+02,false,0,1.911112752e+03,/mnt/pd/tema1/new/results/ml_samples/N4_sw0.30_x+2_i0018.h5
4,50,3.000000000e-01,1.000000000e+00,4,2.042339207e+00,6.759563976e-01,1357790511,main,rise,2.361000000e+00,2.056368675e-01,3.426485105e-02,1.122808794e-01,5.198149966e+02,false,0,4.102636020e+02,/mnt/pd/tema1/new/results/ml_samples/N4_sw0.30_x+4_i0002.h5
4,50,3.000000000e-01,1.000000000e+00,4,2.042339207e+00,6.759563976e-01,2058905937,main,rise,1.911000000e+00,1.834955178e-01,1.920537514e-02,1.171742186e-01,5.198149966e+02,false,0,3.577385733e+02,/mnt/pd/tema1/new/results/ml_samples/N4_sw0.30_x+4_i0006.h5
4,50,3.000000000e-01,1.000000000e+00,2,1.521169604e+00,5.034640287e-01,1111558275,main,rise,3.241000000e+00,1.812376766e-01,3.716721535e-02,1.112616257e-01,2.156331656e+02,false,0,5.201994320e+02,/mnt/pd/tema1/new/results/ml_samples/N4_sw0.30_x+2_i0096.h5
4,50,3.000000000e-01,1.000000000e+00,2,1.521169604e+00,5.034640287e-01,1213375099,main,rise,1.122100000e+01,1.769417464e-01,3.092424994e-02,1.105962988e-01,2.156331656e+02,false,0,1.786470681e+03,/mnt/pd/tema1/new/results/ml_samples/N4_sw0.30_x+2_i0028.h5
4,50,3.000000000e-01,1.000000000e+00,4,2.042339207e+00,6.759563976e-01,727499749,main,rise,3.541000000e+00,1.823185952e-01,2.131305824e-02,1.039466638e-01,5.198149966e+02,false,0,5.525906042e+02,/mnt/pd/tema1/new/results/ml_samples/N4_sw0.30_x+4_i0000.h5
4,50,3.000000000e-01,1.000000000e+00,4,2.042339207e+00,6.759563976e-01,1641034849,main,rise,2.271000000e+00,2.134489549e-01,2.331438541e-02,1.050842937e-01,5.198149966e+02,false,0,4.059412066e+02,/mnt/pd/tema1/new/results/ml_samples/N4_sw0.30_x+4_i0010.h5
4,50,3.000000000e-01,1.000000000e+00,4,2.042339207e+00,6.759563976e-01,2134098890,main,rise,2.701000000e+00,2.075091786e-01,3.134242778e-02,1.049875910e-01,5.198149966e+02,false,0,4.423409772e+02,/mnt/pd/tema1/new/results/ml_samples/N4_sw0.30_x+4_i0008.h5
4,50,3.000000000e-01,1.000000000e+00,4,2.042339207e+00,6.759563976e-01,1938369372,main,rise,2.971000000e+00,1.846345113e-01,1.553989912e-02,1.154229816e-01,5.198149966e+02,false,0,4.941293789e+02,/mnt/pd/tema1/new/results/ml_samples/N4_sw0.30_x+4_i0004.h5
4,50,3.000000000e-01,1.000000000e+00,2,1.521169604e+00,5.034640287e-01,1089728669,main,rise,6.421000000e+00,1.749826020e-01,3.120418353e-02,1.177478834e-01,2.156331656e+02,false,0,9.038797784e+02,/mnt/pd/tema1/new/results/ml_samples/N4_sw0.30_x+2_i0084.h5
4,50,3.000000000e-01,1.000000000e+00,4,2.042339207e+00,6.759563976e-01,2090599264,main,rise,2.221000000e+00,2.084414383e-01,3.595196498e-02,1.020897714e-01,5.198149966e+02,false,0,3.784754878e+02,/mnt/pd/tema1/new/results/ml_samples/N4_sw0.30_x+4_i0016.h5
4,50,3.000000000e-01,1.000000000e+00,2,1.521169604e+00,5.034640287e-01,1048417071,main,rise,6.381000000e+00,1.846511144e-01,2.212900923e-02,9.501474622e-02,2.156331656e+02,false,0,9.956062005e+02,/mnt/pd/tema1/new/results/ml_samples/N4_sw0.30_x+2_i0082.h5
4,50,3.000000000e-01,1.000000000e+00,4,2.042339207e+00,6.759563976e-01,69826148,main,rise,3.221000000e+00,1.964893820e-01,2.289711309e-02,1.106756825e-01,5.198149966e+02,false,0,5.192484733e+02,/mnt/pd/tema1/new/results/ml_samples/N4_sw0.30_x+4_i0012.h5
4,50,3.000000000e-01,1.000000000e+00,2,1.521169604e+00,5.034640287e-01,1565824393,main,rise,8.021000000e+00,1.791098558e-01,2.639555880e-02,9.959734426e-02,2.156331656e+02,false,0,1.154767149e+03,/mnt/pd/tema1/new/results/ml_samples/N4_sw0.30_x+2_i0068.h5
4,50,3.000000000e-01,1.000000000e+00,2,1.521169604e+00,5.034640287e-01,1399852755,main,rise,5.041000000e+00,1.772832149e-01,2.570519553e-02,1.134383866e-01,2.156331656e+02,false,0,7.302330004e+02,/mnt/pd/tema1/new/results/ml_samples/N4_sw0.30_x+2_i0098.h5
4,50,3.000000000e-01,1.000000000e+00,4,2.042339207e+00,6.759563976e-01,1083126724,main,rise,2.941000000e+00,2.326161259e-01,4.387873891e-02,9.606573932e-02,5.198149966e+02,false,0,4.955248293e+02,/mnt/pd/tema1/new/results/ml_samples/N4_sw0.30_x+4_i0014.h5
4,50,3.000000000e-01,1.000000000e+00,4,2.042339207e+00,6.759563976e-01,470950006,main,rise,2.191000000e+00,1.959099191e-01,4.416684028e-02,1.187853889e-01,5.198149966e+02,false,0,3.832113992e+02,/mnt/pd/tema1/new/results/ml_samples/N4_sw0.30_x+4_i0024.h5
4,50,3.000000000e-01,1.000000000e+00,4,2.042339207e+00,6.759563976e-01,1922789726,main,rise,1.661000000e+00,1.993771202e-01,2.327221550e-02,1.093676281e-01,5.198149966e+02,false,0,3.416463739e+02,/mnt/pd/tema1/new/results/ml_samples/N4_sw0.30_x+4_i0030.h5
4,50,3.000000000e-01,1.000000000e+00,4,2.042339207e+00,6.759563976e-01,719143805,main,rise,1.761000000e+00,1.796840080e-01,2.112516742e-02,1.255764911e-01,5.198149966e+02,false,0,3.198962164e+02,/mnt/pd/tema1/new/results/ml_samples/N4_sw0.30_x+4_i0034.h5
4,50,3.000000000e-01,1.000000000e+00,4,2.042339207e+00,6.759563976e-01,2045288719,main,rise,2.141000000e+00,2.383203924e-01,4.927345838e-02,1.032339652e-01,5.198149966e+02,false,0,3.931504546e+02,/mnt/pd/tema1/new/results/ml_samples/N4_sw0.30_x+4_i0026.h5
4,50,3.000000000e-01,1.000000000e+00,4,2.042339207e+00,6.759563976e-01,723932152,main,rise,1.861000000e+00,1.874231995e-01,2.219910910e-02,1.091710662e-01,5.198149966e+02,false,0,3.507417371e+02,/mnt/pd/tema1/new/results/ml_samples/N4_sw0.30_x+4_i0032.h5
4,50,3.000000000e-01,1.000000000e+00,2,1.521169604e+00,5.034640287e-01,1561651356,main,rise,6.531000000e+00,1.776691105e-01,3.995786392e-02,1.074974326e-01,2.156331656e+02,false,0,9.910466610e+02,/mnt/pd/tema1/new/results/ml_samples/N4_sw0.30_x+2_i0094.h5
4,50,3.000000000e-01,1.000000000e+00,4,2.042339207e+00,6.759563976e-01,1900071004,main,rise,1.391000000e+00,1.865687837e-01,3.516362759e-02,1.194841694e-01,5.198149966e+02,false,0,2.760232439e+02,/mnt/pd/tema1/new/results/ml_samples/N4_sw0.30_x+4_i0040.h5
4,50,3.000000000e-01,1.000000000e+00,4,2.042339207e+00,6.759563976e-01,289244310,main,rise,1.861000000e+00,1.869519456e-01,2.413043552e-02,1.122916053e-01,5.198149966e+02,false,0,3.336519010e+02,/mnt/pd/tema1/new/results/ml_samples/N4_sw0.30_x+4_i0038.h5
4,50,3.000000000e-01,1.000000000e+00,2,1.521169604e+00,5.034640287e-01,143948518,main,rise,7.901000000e+00,1.781232011e-01,2.182506177e-02,1.021754775e-01,2.156331656e+02,false,0,1.165755362e+03,/mnt/pd/tema1/new/results/ml_samples/N4_sw0.30_x+2_i0086.h5
4,50,3.000000000e-01,1.000000000e+00,2,1.521169604e+00,5.034640287e-01,1651112309,main,rise,9.091000000e+00,1.797548534e-01,2.424761376e-02,1.079713592e-01,2.156331656e+02,false,0,1.276855783e+03,/mnt/pd/tema1/new/results/ml_samples/N4_sw0.30_x+2_i0078.h5
4,50,3.000000000e-01,1.000000000e+00,4,2.042339207e+00,6.759563976e-01,722630207,main,rise,2.151000000e+00,1.838944307e-01,1.714821538e-02,1.203245857e-01,5.198149966e+02,false,0,3.898845229e+02,/mnt/pd/tema1/new/results/ml_samples/N4_sw0.30_x+4_i0042.h5
4,50,3.000000000e-01,1.000000000e+00,4,2.042339207e+00,6.759563976e-01,2025514234,main,rise,2.791000000e+00,1.969336365e-01,2.775963417e-02,1.115875670e-01,5.198149966e+02,false,0,4.427912572e+02,/mnt/pd/tema1/new/results/ml_samples/N4_sw0.30_x+4_i0036.h5
4,50,3.000000000e-01,1.000000000e+00,4,2.042339207e+00,6.759563976e-01,1136288419,main,rise,3.411000000e+00,1.826529156e-01,1.493658617e-02,1.172128484e-01,5.006294358e+02,false,0,5.467562861e+02,/mnt/pd/tema1/new/results/ml_samples/N4_sw0.30_x+4_i0028.h5
4,50,3.000000000e-01,1.000000000e+00,2,1.521169604e+00,5.034640287e-01,2110335779,main,rise,1.436100000e+01,1.828948005e-01,2.799473617e-02,1.038149863e-01,2.156331656e+02,false,0,1.974035433e+03,/mnt/pd/tema1/new/results/ml_samples/N4_sw0.30_x+2_i0042.h5
4,50,3.000000000e-01,1.000000000e+00,2,1.521169604e+00,5.034640287e-01,632981513,main,rise,1.064100000e+01,1.816411244e-01,2.497952205e-02,9.964675925e-02,2.156331656e+02,false,0,1.460878819e+03,/mnt/pd/tema1/new/results/ml_samples/N4_sw0.30_x+2_i0070.h5
4,50,3.000000000e-01,1.000000000e+00,4,2.042339207e+00,6.759563976e-01,1568206549,main,rise,1.731000000e+00,1.924806432e-01,2.295573241e-02,1.127909831e-01,5.198149966e+02,false,0,2.978715975e+02,/mnt/pd/tema1/new/results/ml_samples/N4_sw0.30_x+4_i0056.h5
4,50,3.000000000e-01,1.000000000e+00,4,2.042339207e+00,6.759563976e-01,1530948509,main,rise,2.161000000e+00,1.940662762e-01,1.885187239e-02,1.073264214e-01,5.198149966e+02,false,0,3.994316496e+02,/mnt/pd/tema1/new/results/ml_samples/N4_sw0.30_x+4_i0048.h5
4,50,3.000000000e-01,1.000000000e+00,4,2.042339207e+00,6.759563976e-01,1696064509,main,rise,2.401000000e+00,2.049572343e-01,3.072796644e-02,1.077982431e-01,5.198149966e+02,false,0,4.192681406e+02,/mnt/pd/tema1/new/results/ml_samples/N4_sw0.30_x+4_i0046.h5
4,50,3.000000000e-01,1.000000000e+00,4,2.042339207e+00,6.759563976e-01,566842239,main,rise,1.941000000e+00,1.980691075e-01,2.903118332e-02,1.102957088e-01,5.198149966e+02,false,0,3.741297377e+02,/mnt/pd/tema1/new/results/ml_samples/N4_sw0.30_x+4_i0054.h5
4,50,3.000000000e-01,1.000000000e+00,4,2.042339207e+00,6.759563976e-01,1771483158,main,rise,3.011000000e+00,2.041386699e-01,2.608098061e-02,1.043374277e-01,5.198149966e+02,false,0,4.679927702e+02,/mnt/pd/tema1/new/results/ml_samples/N4_sw0.30_x+4_i0044.h5
4,50,3.000000000e-01,1.000000000e+00,4,2.042339207e+00,6.759563976e-01,806394467,main,rise,4.571000000e+00,2.062576412e-01,2.097511453e-02,9.378283956e-02,5.198149966e+02,false,0,7.494270217e+02,/mnt/pd/tema1/new/results/ml_samples/N4_sw0.30_x+4_i0022.h5
4,50,3.000000000e-01,1.000000000e+00,4,2.042339207e+00,6.759563976e-01,1648654231,main,rise,6.061000000e+00,1.872115508e-01,1.342042162e-02,1.013729359e-01,5.198149966e+02,false,0,8.668935816e+02,/mnt/pd/tema1/new/results/ml_samples/N4_sw0.30_x+4_i0018.h5
4,50,3.000000000e-01,1.000000000e+00,4,2.042339207e+00,6.759563976e-01,612557541,main,rise,2.291000000e+00,1.909207404e-01,3.097519362e-02,1.109135050e-01,5.198149966e+02,false,0,4.165575499e+02,/mnt/pd/tema1/new/results/ml_samples/N4_sw0.30_x+4_i0066.h5
4,50,3.000000000e-01,1.000000000e+00,4,2.042339207e+00,6.759563976e-01,712286115,main,rise,2.091000000e+00,1.978777065e-01,2.307934007e-02,1.071538058e-01,5.198149966e+02,false,0,3.886980787e+02,/mnt/pd/tema1/new/results/ml_samples/N4_sw0.30_x+4_i0074.h5
4,50,3.000000000e-01,1.000000000e+00,4,2.042339207e+00,6.759563976e-01,1044636710,main,rise,2.791000000e+00,1.784153956e-01,1.609008117e-02,1.175204354e-01,5.198149966e+02,false,0,4.626244928e+02,/mnt/pd/tema1/new/results/ml_samples/N4_sw0.30_x+4_i0062.h5
4,50,3.000000000e-01,1.000000000e+00,4,2.042339207e+00,6.759563976e-01,181034897,main,rise,2.791000000e+00,2.041271445e-01,2.277167149e-02,1.033667893e-01,5.198149966e+02,false,0,4.872567828e+02,/mnt/pd/tema1/new/results/ml_samples/N4_sw0.30_x+4_i0068.h5
4,50,3.000000000e-01,1.000000000e+00,4,2.042339207e+00,6.759563976e-01,1733140774,main,rise,2.131000000e+00,1.937565912e-01,2.129765937e-02,1.077491125e-01,5.198149966e+02,false,0,3.900032788e+02,/mnt/pd/tema1/new/results/ml_samples/N4_sw0.30_x+4_i0080.h5
4,50,3.000000000e-01,1.000000000e+00,4,2.042339207e+00,6.759563976e-01,823931432,main,rise,3.721000000e+00,1.862255537e-01,1.481035125e-02,1.094944824e-01,5.198149966e+02,false,0,5.554539206e+02,/mnt/pd/tema1/new/results/ml_samples/N4_sw0.30_x+4_i0064.h5
4,50,3.000000000e-01,1.000000000e+00,4,2.042339207e+00,6.759563976e-01,73440416,main,rise,2.141000000e+00,2.067412898e-01,3.413962496e-02,1.177236156e-01,5.198149966e+02,false,0,3.865696606e+02,/mnt/pd/tema1/new/results/ml_samples/N4_sw0.30_x+4_i0084.h5
4,50,3.000000000e-01,1.000000000e+00,4,2.042339207e+00,6.759563976e-01,1439361666,main,rise,2.041000000e+00,1.937136720e-01,2.022421412e-02,1.098396200e-01,5.198149966e+02,false,0,3.587721953e+02,/mnt/pd/tema1/new/results/ml_samples/N4_sw0.30_x+4_i0090.h5
4,50,3.000000000e-01,1.000000000e+00,4,2.042339207e+00,6.759563976e-01,487352270,main,rise,3.821000000e+00,1.998923634e-01,1.670270256e-02,1.041661503e-01,5.198149966e+02,false,0,6.092141532e+02,/mnt/pd/tema1/new/results/ml_samples/N4_sw0.30_x+4_i0058.h5
4,50,3.000000000e-01,1.000000000e+00,4,2.042339207e+00,6.759563976e-01,1948397451,main,rise,6.651000000e+00,2.077280005e-01,2.866687629e-02,9.902377132e-02,5.198149966e+02,false,0,1.050334524e+03,/mnt/pd/tema1/new/results/ml_samples/N4_sw0.30_x+4_i0020.h5
4,50,3.000000000e-01,1.000000000e+00,4,2.042339207e+00,6.759563976e-01,765135162,main,rise,5.021000000e+00,1.943319586e-01,2.179318400e-02,1.010050471e-01,5.198149966e+02,false,0,7.244837855e+02,/mnt/pd/tema1/new/results/ml_samples/N4_sw0.30_x+4_i0052.h5
4,50,3.000000000e-01,1.000000000e+00,4,2.042339207e+00,6.759563976e-01,1766169761,main,rise,4.131000000e+00,1.834077640e-01,1.847521278e-02,1.162212018e-01,5.198149966e+02,false,0,6.289047941e+02,/mnt/pd/tema1/new/results/ml_samples/N4_sw0.30_x+4_i0060.h5
4,50,3.000000000e-01,1.000000000e+00,4,2.042339207e+00,6.759563976e-01,307724668,main,rise,2.531000000e+00,1.834167786e-01,1.962541836e-02,1.167357499e-01,5.198149966e+02,false,0,4.139333540e+02,/mnt/pd/tema1/new/results/ml_samples/N4_sw0.30_x+4_i0088.h5
4,50,3.000000000e-01,1.000000000e+00,4,2.042339207e+00,6.759563976e-01,598526481,main,rise,2.201000000e+00,1.957985875e-01,2.685122469e-02,1.127718074e-01,5.198149966e+02,false,0,3.970560866e+02,/mnt/pd/tema1/new/results/ml_samples/N4_sw0.30_x+4_i0094.h5
4,50,3.000000000e-01,1.000000000e+00,4,2.042339207e+00,6.759563976e-01,643138061,main,rise,4.841000000e+00,1.928548420e-01,2.095537314e-02,1.093695307e-01,5.198149966e+02,false,0,7.807025673e+02,/mnt/pd/tema1/new/results/ml_samples/N4_sw0.30_x+4_i0050.h5
4,50,3.000000000e-01,1.000000000e+00,4,2.042339207e+00,6.759563976e-01,1294815856,main,rise,3.741000000e+00,1.800187536e-01,1.803176626e-02,1.149037222e-01,5.198149966e+02,false,0,6.060279918e+02,/mnt/pd/tema1/new/results/ml_samples/N4_sw0.30_x+4_i0072.h5
4,50,3.000000000e-01,1.000000000e+00,4,2.042339207e+00,6.759563976e-01,2088284177,main,rise,2.751000000e+00,2.191925893e-01,2.915089621e-02,9.077424235e-02,5.198149966e+02,false,0,4.349169882e+02,/mnt/pd/tema1/new/results/ml_samples/N4_sw0.30_x+4_i0092.h5
4,50,3.000000000e-01,1.000000000e+00,4,2.042339207e+00,6.759563976e-01,1537709362,main,rise,3.031000000e+00,1.960857856e-01,2.189236592e-02,1.084745888e-01,5.198149966e+02,false,0,5.099983359e+02,/mnt/pd/tema1/new/results/ml_samples/N4_sw0.30_x+4_i0082.h5
4,50,3.000000000e-01,1.000000000e+00,4,2.042339207e+00,6.759563976e-01,1786949471,main,rise,4.171000000e+00,2.177300436e-01,2.200936237e-02,8.748199172e-02,5.198149966e+02,false,0,6.580746753e+02,/mnt/pd/tema1/new/results/ml_samples/N4_sw0.30_x+4_i0070.h5
4,50,3.000000000e-01,1.000000000e+00,4,2.042339207e+00,6.759563976e-01,991239747,main,rise,2.851000000e+00,1.995695872e-01,2.528753611e-02,1.012058233e-01,5.198149966e+02,false,0,4.933682480e+02,/mnt/pd/tema1/new/results/ml_samples/N4_sw0.30_x+4_i0086.h5
4,50,3.000000000e-01,1.000000000e+00,2,1.521169604e+00,5.034640287e-01,5802822,main,rise,1.286100000e+01,1.839834976e-01,3.535035233e-02,9.842737469e-02,2.156331656e+02,false,0,1.808209963e+03,/mnt/pd/tema1/new/results/ml_samples/N4_sw0.30_x+2_i0088.h5
4,50,3.000000000e-01,1.000000000e+00,4,2.042339207e+00,6.759563976e-01,1021800960,main,rise,3.741000000e+00,1.998617372e-01,2.302227904e-02,1.067351888e-01,5.198149966e+02,false,0,6.234764612e+02,/mnt/pd/tema1/new/results/ml_samples/N4_sw0.30_x+4_i0078.h5
4,50,3.000000000e-01,1.000000000e+00,4,2.042339207e+00,6.759563976e-01,530071801,main,rise,3.301000000e+00,1.888935613e-01,1.545160873e-02,1.057422423e-01,5.198149966e+02,false,0,5.026840406e+02,/mnt/pd/tema1/new/results/ml_samples/N4_sw0.30_x+4_i0098.h5
4,50,3.000000000e-01,1.000000000e+00,4,2.042339207e+00,6.759563976e-01,837871618,main,rise,4.841000000e+00,1.974647421e-01,2.275754546e-02,1.017003538e-01,5.198149966e+02,false,0,7.568558951e+02,/mnt/pd/tema1/new/results/ml_samples/N4_sw0.30_x+4_i0076.h5
4,50,3.000000000e-01,1.000000000e+00,4,2.042339207e+00,6.759563976e-01,1212439508,main,rise,4.511000000e+00,1.812605145e-01,1.903761623e-02,1.081180019e-01,5.198149966e+02,false,0,6.913461427e+02,/mnt/pd/tema1/new/results/ml_samples/N4_sw0.30_x+4_i0096.h5
4,50,3.000000000e-01,1.000000000e+00,2,1.521169604e+00,5.034640287e-01,203821858,main,rise,1.919100000e+01,1.782744555e-01,2.550820517e-02,1.000516349e-01,2.156331656e+02,false,0,2.683313509e+03,/mnt/pd/tema1/new/results/ml_samples/N4_sw0.30_x+2_i0060.h5
8,50,1.500000000e-01,1.000000000e+00,-4,-3.175002257e-02,-5.254178836e-03,1550815870,main,fall,1.251000000e+00,2.807019180e-01,6.838583799e-02,4.375162005e-01,1.910033845e-01,false,0,6.915867823e+02,/mnt/pd/tema1/new/results/ml_samples/N8_sw0.15_x-4_i0006.h5
8,50,1.500000000e-01,1.000000000e+00,-4,-3.175002257e-02,-5.254178836e-03,714295654,main,fall,1.261000000e+00,1.273397488e-01,5.255298662e-02,7.123117519e-01,2.596369190e-01,false,1,7.700751346e+02,/mnt/pd/tema1/new/results/ml_samples/N8_sw0.15_x-4_i0000.h5
8,50,1.500000000e-01,1.000000000e+00,-4,-3.175002257e-02,-5.254178836e-03,875436823,main,fall,1.161000000e+00,1.880227656e-01,5.524039194e-02,4.227716519e-01,3.441770794e-01,true,0,6.549793641e+02,/mnt/pd/tema1/new/results/ml_samples/N8_sw0.15_x-4_i0010.h5
8,50,1.500000000e-01,1.000000000e+00,-4,-3.175002257e-02,-5.254178836e-03,1683423771,main,fall,1.151000000e+00,2.418357558e-01,8.207228101e-02,5.341692913e-01,1.354868285e-01,false,0,6.369492725e+02,/mnt/pd/tema1/new/results/ml_samples/N8_sw0.15_x-4_i0016.h5
8,50,1.500000000e-01,1.000000000e+00,-4,-3.175002257e-02,-5.254178836e-03,700641363,main,fall,1.281000000e+00,2.734404971e-01,7.515761615e-02,3.043816305e-01,4.697053517e-02,false,0,7.014863327e+02,/mnt/pd/tema1/new/results/ml_samples/N8_sw0.15_x-4_i0022.h5
8,50,1.500000000e-01,1.000000000e+00,-4,-3.175002257e-02,-5.254178836e-03,2141228094,main,fall,1.071000000e+00,1.216526341e-01,6.500219990e-02,7.933510469e-01,1.654987985e-01,false,0,6.537590454e+02,/mnt/pd/tema1/new/results/ml_samples/N8_sw0.15_x-4_i0032.h5
8,50,1.500000000e-01,1.000000000e+00,-4,-3.175002257e-02,-5.254178836e-03,1874280673,main,fall,1.241000000e+00,1.374171460e-01,5.418084554e-02,6.658153973e-01,2.955665258e-01,false,0,7.343210442e+02,/mnt/pd/tema1/new/results/ml_samples/N8_sw0.15_x-4_i0020.h5
8,50,1.500000000e-01,1.000000000e+00,-4,-3.175002257e-02,-5.254178836e-03,605304925,main,fall,1.601000000e+00,1.336803129e-01,4.213978557e-02,4.441933664e-01,3.057012269e-01,false,0,8.414244268e+02,/mnt/pd/tema1/new/results/ml_samples/N8_sw0.15_x-4_i0008.h5
8,50,1.500000000e-01,1.000000000e+00,-4,-3.175002257e-02,-5.254178836e-03,1104604460,main,fall,1.301000000e+00,2.482200111e-01,5.915190021e-02,9.486260449e-01,1.848285231e-01,false,0,7.164302963e+02,/mnt/pd/tema1/new/results/ml_samples/N8_sw0.15_x-4_i0040.h5
8,50,1.500000000e-01,1.000000000e+00,-4,-3.175002257e-02,-5.254178836e-03,453141859,main,fall,1.141000000e+00,1.426832634e-01,3.636163043e-02,3.437413351e-01,4.125682489e-01,false,0,6.528336156e+02,/mnt/pd/tema1/new/results/ml_samples/N8_sw0.15_x-4_i0044.h5
8,50,1.500000000e-01,1.000000000e+00,-4,-3.175002257e-02,-5.254178836e-03,990458671,main,fall,1.671000000e+00,1.869300635e-01,3.499567557e-02,6.879269005e-01,1.947202132e-01,false,0,8.702060624e+02,/mnt/pd/tema1/new/results/ml_samples/N8_sw0.15_x-4_i0012.h5
8,50,1.500000000e-01,1.000000000e+00,-4,-3.175002257e-02,-5.254178836e-03,1001630955,main,fall,1.201000000e+00,2.070643105e-01,4.341196752e-02,6.212960678e-01,5.199429457e-01,false,0,6.864983946e+02,/mnt/pd/tema1/new/results/ml_samples/N8_sw0.15_x-4_i0046.h5
8,50,1.500000000e-01,1.000000000e+00,-4,-3.175002257e-02,-5.254178836e-03,2123678097,main,fall,1.591000000e+00,1.715208736e-01,3.995777181e-02,9.133630987e-01,2.648328459e-01,false,1,9.509455601e+02,/mnt/pd/tema1/new/results/ml_samples/N8_sw0.15_x-4_i0018.h5
8,50,1.500000000e-01,1.000000000e+00,-4,-3.175002257e-02,-5.254178836e-03,907322009,main,fall,9.910000000e-01,1.020684596e-01,5.016307140e-02,6.856998122e-01,3.303725008e-01,false,0,5.734740483e+02,/mnt/pd/tema1/new/results/ml_samples/N8_sw0.15_x-4_i0050.h5
4,50,3.000000000e-01,1.000000000e+00,2,1.521169604e+00,5.034640287e-01,316913319,main,rise,1.966100000e+01,1.798139612e-01,2.731710509e-02,9.572060252e-02,2.156331656e+02,false,0,2.922844105e+03,/mnt/pd/tema1/new/results/ml_samples/N4_sw0.30_x+2_i0064.h5
8,50,1.500000000e-01,1.000000000e+00,-4,-3.175002257e-02,-5.254178836e-03,717964609,main,fall,1.651000000e+00,1.007159199e-01,5.854860813e-02,3.018101022e-01,8.859495448e-02,false,0,8.775688170e+02,/mnt/pd/tema1/new/results/ml_samples/N8_sw0.15_x-4_i0028.h5
8,50,1.500000000e-01,1.000000000e+00,-4,-3.175002257e-02,-5.254178836e-03,257626341,main,fall,1.921000000e+00,1.860334844e-01,4.111630567e-02,7.011865358e-01,4.545539586e-01,false,0,1.003862219e+03,/mnt/pd/tema1/new/results/ml_samples/N8_sw0.15_x-4_i0014.h5
8,50,1.500000000e-01,1.000000000e+00,-4,-3.175002257e-02,-5.254178836e-03,864026542,main,fall,1.451000000e+00,1.185171759e-01,2.405287283e-02,6.943868934e-01,1.737991735e-01,false,0,8.178783284e+02,/mnt/pd/tema1/new/results/ml_samples/N8_sw0.15_x-4_i0042.h5
8,50,1.500000000e-01,1.000000000e+00,-4,-3.175002257e-02,-5.254178836e-03,176662280,main,fall,1.711000000e+00,1.697392087e-01,7.015209227e-02,4.559981609e-01,2.314046964e-01,false,0,9.444925866e+02,/mnt/pd/tema1/new/results/ml_samples/N8_sw0.15_x-4_i0030.h5
4,50,3.000000000e-01,1.000000000e+00,1,1.260584802e+00,4.172178443e-01,280876032,main,rise,3.739100000e+01,1.853440884e-01,4.130481474e-02,1.007350674e-01,9.694639269e+01,false,0,5.599116249e+03,/mnt/pd/tema1/new/results/ml_samples/N4_sw0.30_x+1_i0140.h5
8,50,1.500000000e-01,1.000000000e+00,-4,-3.175002257e-02,-5.254178836e-03,360335946,main,fall,1.781000000e+00,1.610237481e-01,5.205764207e-02,6.818558682e-01,1.179650649e-01,false,0,9.667633667e+02,/mnt/pd/tema1/new/results/ml_samples/N8_sw0.15_x-4_i0038.h5
8,50,1.500000000e-01,1.000000000e+00,-4,-3.175002257e-02,-5.254178836e-03,2022757455,main,fall,2.391000000e+00,1.457088960e-01,7.616808335e-02,5.343520862e-01,1.177720498e-01,false,0,1.234177665e+03,/mnt/pd/tema1/new/results/ml_samples/N8_sw0.15_x-4_i0004.h5
8,50,1.500000000e-01,1.000000000e+00,-4,-3.175002257e-02,-5.254178836e-03,359340677,main,fall,1.851000000e+00,1.770288988e-01,6.759054767e-02,7.258841525e-01,5.296210534e-02,false,0,9.995368574e+02,/mnt/pd/tema1/new/results/ml_samples/N8_sw0.15_x-4_i0048.h5
8,50,1.500000000e-01,1.000000000e+00,-4,-3.175002257e-02,-5.254178836e-03,1791285506,main,fall,1.311000000e+00,1.866156565e-01,3.657968768e-02,3.869609659e-01,2.743498978e-01,false,0,7.163848649e+02,/mnt/pd/tema1/new/results/ml_samples/N8_sw0.15_x-4_i0054.h5
8,50,1.500000000e-01,1.000000000e+00,-4,-3.175002257e-02,-5.254178836e-03,742678618,main,fall,1.251000000e+00,1.564135560e-01,5.025492453e-02,5.771893566e-01,4.232471240e-01,false,0,6.944634729e+02,/mnt/pd/tema1/new/results/ml_samples/N8_sw0.15_x-4_i0060.h5
8,50,1.500000000e-01,1.000000000e+00,-4,-3.175002257e-02,-5.254178836e-03,146911004,main,fall,1.511000000e+00,1.836253522e-01,5.240231757e-02,3.718689209e-01,4.013289144e-02,false,0,8.388852829e+02,/mnt/pd/tema1/new/results/ml_samples/N8_sw0.15_x-4_i0058.h5
8,50,1.500000000e-01,1.000000000e+00,-4,-3.175002257e-02,-5.254178836e-03,768009242,main,fall,1.321000000e+00,2.031644534e-01,6.034695688e-02,8.384474355e-01,6.565759186e-01,false,0,7.678463546e+02,/mnt/pd/tema1/new/results/ml_samples/N8_sw0.15_x-4_i0062.h5
8,50,1.500000000e-01,1.000000000e+00,-4,-3.175002257e-02,-5.254178836e-03,990685039,main,fall,1.941000000e+00,2.106541623e-01,3.739274401e-02,4.655907411e-01,1.479364307e-01,false,0,9.649206061e+02,/mnt/pd/tema1/new/results/ml_samples/N8_sw0.15_x-4_i0056.h5
8,50,1.500000000e-01,1.000000000e+00,-4,-3.175002257e-02,-5.254178836e-03,1678427356,main,fall,8.920000000e-01,1.315330233e-01,4.193311397e-02,3.711516444e-01,1.527449393e-01,true,1,6.040584406e+02,/mnt/pd/tema1/new/results/ml_samples/N8_sw0.15_x-4_i0086.h5
