N,t,R_over_L,theta_L
2,0.000000000e+00,2.000000000e-04,0.000000000e+00
2,1.000000000e-02,5.058648607e-02,2.975620975e-01
2,2.100000000e-02,5.662961058e-02,2.415178998e-01
2,3.100000000e-02,6.042644916e-02,2.136074899e-01
2,4.100000000e-02,6.341196927e-02,1.948214443e-01
2,5.100000000e-02,6.587205817e-02,1.810910549e-01
2,6.100000000e-02,6.796598655e-02,1.704855158e-01
2,7.100000000e-02,6.979058503e-02,1.619663336e-01
2,8.100000000e-02,7.140855984e-02,1.549223745e-01
2,9.100000000e-02,7.286252876e-02,1.489688738e-01
2,1.010000000e-01,7.418258003e-02,1.438505201e-01
2,1.110000000e-01,7.539062203e-02,1.393906025e-01
2,1.210000000e-01,7.650302801e-02,1.354624713e-01
2,1.310000000e-01,7.753231899e-02,1.319726252e-01
2,1.410000000e-01,7.848827536e-02,1.288502348e-01
2,1.510000000e-01,7.937869286e-02,1.260404103e-01
2,1.610000000e-01,8.020990869e-02,1.234997406e-01
2,1.710000000e-01,8.098717389e-02,1.211932626e-01
2,1.810000000e-01,8.171492038e-02,1.190923535e-01
2,1.910000000e-01,8.239695432e-02,1.171732370e-01
2,2.010000000e-01,8.303659718e-02,1.154159064e-01
2,2.110000000e-01,8.363678933e-02,1.138033328e-01
2,2.210000000e-01,8.420016654e-02,1.123208769e-01
2,2.310000000e-01,8.472911671e-02,1.109558422e-01
2,2.410000000e-01,8.522582242e-02,1.096971335e-01
2,2.510000000e-01,8.569229292e-02,1.085349898e-01
2,2.610000000e-01,8.613038847e-02,1.074607748e-01
2,2.710000000e-01,8.654183912e-02,1.064668080e-01
2,2.810000000e-01,8.692825935e-02,1.055462292e-01
2,2.910000000e-01,8.729115972e-02,1.046928870e-01
2,3.010000000e-01,8.763195625e-02,1.039012469e-01
2,3.110000000e-01,8.795197820e-02,1.031663141e-01
2,3.210000000e-01,8.825247461e-02,1.024835687e-01
2,3.310000000e-01,8.853461993e-02,1.018489108e-01
2,3.410000000e-01,8.879951895e-02,1.012586129e-01
2,3.510000000e-01,8.904821115e-02,1.007092798e-01
2,3.610000000e-01,8.928167474e-02,1.001978130e-01
2,3.710000000e-01,8.950083020e-02,9.972137997e-02
2,3.810000000e-01,8.970654375e-02,9.927738764e-02
2,3.910000000e-01,8.989963035e-02,9.886345843e-02
2,4.010000000e-01,9.008085675e-02,9.847740956e-02
2,4.110000000e-01,9.025094414e-02,9.811723456e-02
2,4.210000000e-01,9.041057081e-02,9.778108689e-02
2,4.310000000e-01,9.056037458e-02,9.746726532e-02
2,4.410000000e-01,9.070095509e-02,9.717420091e-02
2,4.510000000e-01,9.083287603e-02,9.690044525e-02
2,4.610000000e-01,9.095666722e-02,9.664466007e-02
2,4.710000000e-01,9.107282652e-02,9.640560774e-02
2,4.810000000e-01,9.118182175e-02,9.618214278e-02
2,4.910000000e-01,9.128409242e-02,9.597320421e-02
2,5.010000000e-01,9.138005140e-02,9.577780859e-02
2,5.110000000e-01,9.147008647e-02,9.559504372e-02
2,5.210000000e-01,9.155456183e-02,9.542406294e-02
2,5.310000000e-01,9.163381951e-02,9.526407995e-02
2,5.410000000e-01,9.170818067e-02,9.511436407e-02
2,5.510000000e-01,9.177794683e-02,9.497423595e-02
2,5.610000000e-01,9.184340111e-02,9.484306361e-02
2,5.710000000e-01,9.190480928e-02,9.472025889e-02
2,5.810000000e-01,9.196242082e-02,9.460527414e-02
2,5.910000000e-01,9.201646994e-02,9.449759920e-02
2,6.010000000e-01,9.206717644e-02,9.439675864e-02
2,6.110000000e-01,9.211474665e-02,9.430230925e-02
2,6.210000000e-01,9.215937419e-02,9.421383768e-02
2,6.310000000e-01,9.220124080e-02,9.413095831e-02
2,6.410000000e-01,9.224051702e-02,9.405331124e-02
2,6.510000000e-01,9.227736289e-02,9.398056053e-02
2,6.610000000e-01,9.231192861e-02,9.391239246e-02
2,6.710000000e-01,9.234435511e-02,9.384851401e-02
2,6.810000000e-01,9.237477462e-02,9.378865143e-02
2,6.910000000e-01,9.240331124e-02,9.373254887e-02
2,7.010000000e-01,9.243008140e-02,9.367996721e-02
2,7.110000000e-01,9.245519435e-02,9.363068287e-02
2,7.210000000e-01,9.247875259e-02,9.358448679e-02
2,7.310000000e-01,9.250085230e-02,9.354118344e-02
2,7.410000000e-01,9.252158371e-02,9.350058991e-02
2,7.510000000e-01,9.254103148e-02,9.346253507e-02
2,7.610000000e-01,9.255927504e-02,9.342685878e-02
2,7.710000000e-01,9.257638892e-02,9.339341115e-02
2,7.810000000e-01,9.259244303e-02,9.336205192e-02
2,7.910000000e-01,9.260750295e-02,9.333264975e-02
2,8.010000000e-01,9.262163024e-02,9.330508169e-02
2,8.110000000e-01,9.263488262e-02,9.327923259e-02
2,8.210000000e-01,9.264731425e-02,9.325499465e-02
2,8.310000000e-01,9.265897594e-02,9.323226687e-02
2,8.410000000e-01,9.266991537e-02,9.321095468e-02
2,8.510000000e-01,9.268017724e-02,9.319096948e-02
2,8.610000000e-01,9.268980352e-02,9.317222825e-02
2,8.710000000e-01,9.269883355e-02,9.315465324e-02
2,8.810000000e-01,9.270730427e-02,9.313817158e-02
2,8.910000000e-01,9.271525030e-02,9.312271499e-02
2,9.010000000e-01,9.272270413e-02,9.310821949e-02
2,9.110000000e-01,9.272969625e-02,9.309462511e-02
2,9.210000000e-01,9.273625526e-02,9.308187567e-02
2,9.310000000e-01,9.274240797e-02,9.306991849e-02
2,9.410000000e-01,9.274817955e-02,9.305870420e-02
2,9.510000000e-01,9.275359360e-02,9.304818653e-02
2,9.610000000e-01,9.275867227e-02,9.303832210e-02
2,9.710000000e-01,9.276343632e-02,9.302907024e-02
2,9.810000000e-01,9.276790526e-02,9.302039284e-02
2,9.910000000e-01,9.277209735e-02,9.301225414e-02
2,1.001000000e+00,9.277602975e-02,9.300462065e-02
2,1.011000000e+00,9.277971854e-02,9.299746095e-02
2,1.021000000e+00,9.278317881e-02,9.299074558e-02
2,1.031000000e+00,9.278642471e-02,9.298444692e-02
2,1.041000000e+00,9.278946953e-02,9.297853908e-02
2,1.051000000e+00,9.279232572e-02,9.297299777e-02
2,1.061000000e+00,9.279500496e-02,9.296780023e-02
2,1.071000000e+00,9.279751822e-02,9.296292510e-02
2,1.081000000e+00,9.279987578e-02,9.295835236e-02
2,1.091000000e+00,9.280208729e-02,9.295406323e-02
2,1.101000000e+00,9.280416178e-02,9.295004011e-02
2,1.111000000e+00,9.280610776e-02,9.294626648e-02
2,1.121000000e+00,9.280793318e-02,9.294272686e-02
2,1.131000000e+00,9.280964550e-02,9.293940672e-02
2,1.141000000e+00,9.281125175e-02,9.293629245e-02
2,1.151000000e+00,9.281275848e-02,9.293337126e-02
2,1.161000000e+00,9.281417186e-02,9.293063119e-02
2,1.171000000e+00,9.281549768e-02,9.292806098e-02
2,1.181000000e+00,9.281674136e-02,9.292565012e-02
2,1.191000000e+00,9.281790798e-02,9.292338870e-02
2,1.201000000e+00,9.281900233e-02,9.292126747e-02
2,1.211000000e+00,9.282002888e-02,9.291927773e-02
2,1.221000000e+00,9.282099183e-02,9.291741133e-02
2,1.231000000e+00,9.282189513e-02,9.291566061e-02
2,1.241000000e+00,9.282274246e-02,9.291401840e-02
2,1.251000000e+00,9.282353729e-02,9.291247797e-02
2,1.261000000e+00,9.282428288e-02,9.291103302e-02
2,1.271000000e+00,9.282498227e-02,9.290967763e-02
2,1.281000000e+00,9.282563834e-02,9.290840623e-02
2,1.291000000e+00,9.282625376e-02,9.290721363e-02
2,1.301000000e+00,9.282683105e-02,9.290609494e-02
2,1.311000000e+00,9.282737257e-02,9.290504558e-02
2,1.321000000e+00,9.282788054e-02,9.290406125e-02
2,1.331000000e+00,9.282835704e-02,9.290313792e-02
2,1.341000000e+00,9.282880402e-02,9.290227180e-02
2,1.351000000e+00,9.282922331e-02,9.290145936e-02
2,1.361000000e+00,9.282961662e-02,9.290069727e-02
2,1.371000000e+00,9.282998556e-02,9.289998240e-02
2,1.381000000e+00,9.283033165e-02,9.289931182e-02
2,1.391000000e+00,9.283065629e-02,9.289868280e-02
2,1.401000000e+00,9.283096082e-02,9.289809276e-02
2,1.411000000e+00,9.283124648e-02,9.289753928e-02
2,1.421000000e+00,9.283151444e-02,9.289702010e-02
2,1.431000000e+00,9.283176580e-02,9.289653308e-02
2,1.441000000e+00,9.283200159e-02,9.289607624e-02
2,1.451000000e+00,9.283222277e-02,9.289564771e-02
2,1.461000000e+00,9.283243025e-02,9.289524574e-02
2,1.471000000e+00,9.283262487e-02,9.289486867e-02
2,1.481000000e+00,9.283280743e-02,9.289451496e-02
2,1.491000000e+00,9.283297869e-02,9.289418317e-02
2,1.501000000e+00,9.283313933e-02,9.289387194e-02
2,1.511000000e+00,9.283329002e-02,9.289357999e-02
2,1.521000000e+00,9.283343137e-02,9.289330613e-02
2,1.531000000e+00,9.283356397e-02,9.289304924e-02
2,1.541000000e+00,9.283368835e-02,9.289280827e-02
2,1.551000000e+00,9.283380502e-02,9.289258223e-02
2,1.561000000e+00,9.283391447e-02,9.289237019e-02
2,1.571000000e+00,9.283401714e-02,9.289217129e-02
2,1.581000000e+00,9.283411344e-02,9.289198472e-02
2,1.591000000e+00,9.283420378e-02,9.289180970e-02
2,1.601000000e+00,9.283428852e-02,9.289164553e-02
2,1.611000000e+00,9.283436801e-02,9.289149153e-02
2,1.621000000e+00,9.283444258e-02,9.289134707e-02
2,1.631000000e+00,9.283451252e-02,9.289121156e-02
2,1.641000000e+00,9.283457813e-02,9.289108445e-02
2,1.651000000e+00,9.283463968e-02,9.289096521e-02
2,1.661000000e+00,9.283469742e-02,9.289085336e-02
2,1.671000000e+00,9.283475157e-02,9.289074845e-02
2,1.681000000e+00,9.283480237e-02,9.289065003e-02
2,1.691000000e+00,9.283485003e-02,9.289055771e-02
2,1.701000000e+00,9.283489473e-02,9.289047111e-02
2,1.711000000e+00,9.283493666e-02,9.289038987e-02
2,1.721000000e+00,9.283497600e-02,9.289031367e-02
2,1.731000000e+00,9.283501289e-02,9.289024219e-02
2,1.741000000e+00,9.283504751e-02,9.289017514e-02
2,1.751000000e+00,9.283507997e-02,9.289011224e-02
2,1.761000000e+00,9.283511043e-02,9.289005324e-02
2,1.771000000e+00,9.283513900e-02,9.288999789e-02
2,1.781000000e+00,9.283516579e-02,9.288994598e-02
2,1.791000000e+00,9.283519093e-02,9.288989728e-02
2,1.801000000e+00,9.283521451e-02,9.288985159e-02
2,1.811000000e+00,9.283523663e-02,9.288980874e-02
2,1.821000000e+00,9.283525738e-02,9.288976855e-02
2,1.831000000e+00,9.283527685e-02,9.288973084e-02
2,1.841000000e+00,9.283529510e-02,9.288969547e-02
2,1.851000000e+00,9.283531223e-02,9.288966229e-02
2,1.861000000e+00,9.283532830e-02,9.288963117e-02
2,1.871000000e+00,9.283534337e-02,9.288960197e-02
2,1.881000000e+00,9.283535750e-02,9.288957459e-02
2,1.891000000e+00,9.283537076e-02,9.288954890e-02
2,1.901000000e+00,9.283538320e-02,9.288952480e-02
2,1.911000000e+00,9.283539487e-02,9.288950219e-02
2,1.921000000e+00,9.283540582e-02,9.288948099e-02
2,1.931000000e+00,9.283541608e-02,9.288946110e-02
2,1.941000000e+00,9.283542571e-02,9.288944244e-02
2,1.951000000e+00,9.283543475e-02,9.288942494e-02
2,1.961000000e+00,9.283544322e-02,9.288940852e-02
2,1.971000000e+00,9.283545117e-02,9.288939312e-02
2,1.981000000e+00,9.283545863e-02,9.288937867e-02
2,1.991000000e+00,9.283546562e-02,9.288936512e-02
2,2.001000000e+00,9.283547219e-02,9.288935241e-02
2,2.011000000e+00,9.283547834e-02,9.288934049e-02
2,2.021000000e+00,9.283548412e-02,9.288932930e-02
2,2.031000000e+00,9.283548953e-02,9.288931881e-02
2,2.041000000e+00,9.283549461e-02,9.288930897e-02
2,2.051000000e+00,9.283549938e-02,9.288929973e-02
2,2.061000000e+00,9.283550385e-02,9.288929107e-02
2,2.071000000e+00,9.283550804e-02,9.288928295e-02
2,2.081000000e+00,9.283551198e-02,9.288927533e-02
2,2.091000000e+00,9.283551567e-02,9.288926818e-02
2,2.101000000e+00,9.283551913e-02,9.288926147e-02
2,2.111000000e+00,9.283552237e-02,9.288925518e-02
2,2.121000000e+00,9.283552542e-02,9.288924928e-02
2,2.131000000e+00,9.283552828e-02,9.288924375e-02
2,2.141000000e+00,9.283553096e-02,9.288923856e-02
2,2.151000000e+00,9.283553347e-02,9.288923369e-02
2,2.161000000e+00,9.283553583e-02,9.288922912e-02
2,2.171000000e+00,9.283553804e-02,9.288922483e-02
2,2.181000000e+00,9.283554012e-02,9.288922081e-02
2,2.191000000e+00,9.283554206e-02,9.288921704e-02
2,2.201000000e+00,9.283554389e-02,9.288921351e-02
2,2.211000000e+00,9.283554560e-02,9.288921019e-02
2,2.221000000e+00,9.283554721e-02,9.288920707e-02
2,2.231000000e+00,9.283554872e-02,9.288920415e-02
2,2.241000000e+00,9.283555013e-02,9.288920142e-02
2,2.251000000e+00,9.283555146e-02,9.288919885e-02
2,2.261000000e+00,9.283555270e-02,9.288919644e-02
2,2.271000000e+00,9.283555387e-02,9.288919418e-02
2,2.281000000e+00,9.283555496e-02,9.288919206e-02
2,2.291000000e+00,9.283555599e-02,9.288919007e-02
2,2.301000000e+00,9.283555695e-02,9.288918820e-02
2,2.311000000e+00,9.283555785e-02,9.288918645e-02
2,2.321000000e+00,9.283555870e-02,9.288918481e-02
2,2.331000000e+00,9.283555950e-02,9.288918327e-02
2,2.341000000e+00,9.283556024e-02,9.288918182e-02
2,2.351000000e+00,9.283556094e-02,9.288918047e-02
2,2.361000000e+00,9.283556160e-02,9.288917920e-02
2,2.371000000e+00,9.283556221e-02,9.288917800e-02
2,2.381000000e+00,9.283556279e-02,9.288917689e-02
2,2.391000000e+00,9.283556333e-02,9.288917584e-02
2,2.401000000e+00,9.283556384e-02,9.288917485e-02
2,2.411000000e+00,9.283556432e-02,9.288917393e-02
2,2.421000000e+00,9.283556476e-02,9.288917306e-02
2,2.431000000e+00,9.283556518e-02,9.288917225e-02
2,2.441000000e+00,9.283556558e-02,9.288917149e-02
2,2.451000000e+00,9.283556595e-02,9.288917077e-02
2,2.461000000e+00,9.283556629e-02,9.288917010e-02
2,2.471000000e+00,9.283556662e-02,9.288916947e-02
2,2.481000000e+00,9.283556692e-02,9.288916888e-02
2,2.491000000e+00,9.283556721e-02,9.288916833e-02
2,2.501000000e+00,9.283556748e-02,9.288916781e-02
2,2.511000000e+00,9.283556773e-02,9.288916732e-02
2,2.521000000e+00,9.283556796e-02,9.288916687e-02
2,2.531000000e+00,9.283556818e-02,9.288916644e-02
2,2.541000000e+00,9.283556839e-02,9.288916604e-02
2,2.551000000e+00,9.283556859e-02,9.288916566e-02
2,2.561000000e+00,9.283556877e-02,9.288916531e-02
2,2.571000000e+00,9.283556894e-02,9.288916497e-02
2,2.581000000e+00,9.283556910e-02,9.288916466e-02
2,2.591000000e+00,9.283556925e-02,9.288916437e-02
2,2.601000000e+00,9.283556939e-02,9.288916410e-02
2,2.611000000e+00,9.283556953e-02,9.288916384e-02
2,2.621000000e+00,9.283556965e-02,9.288916360e-02
2,2.631000000e+00,9.283556977e-02,9.288916337e-02
2,2.641000000e+00,9.283556988e-02,9.288916316e-02
2,2.651000000e+00,9.283556998e-02,9.288916296e-02
2,2.661000000e+00,9.283557008e-02,9.288916277e-02
2,2.671000000e+00,9.283557017e-02,9.288916260e-02
2,2.681000000e+00,9.283557025e-02,9.288916244e-02
2,2.691000000e+00,9.283557033e-02,9.288916228e-02
2,2.701000000e+00,9.283557040e-02,9.288916214e-02
2,2.711000000e+00,9.283557047e-02,9.288916200e-02
2,2.721000000e+00,9.283557054e-02,9.288916187e-02
2,2.731000000e+00,9.283557060e-02,9.288916176e-02
2,2.741000000e+00,9.283557066e-02,9.288916164e-02
2,2.751000000e+00,9.283557071e-02,9.288916154e-02
2,2.761000000e+00,9.283557076e-02,9.288916144e-02
2,2.771000000e+00,9.283557081e-02,9.288916135e-02
2,2.781000000e+00,9.283557086e-02,9.288916126e-02
2,2.791000000e+00,9.283557090e-02,9.288916118e-02
2,2.801000000e+00,9.283557094e-02,9.288916110e-02
2,2.811000000e+00,9.283557097e-02,9.288916103e-02
2,2.821000000e+00,9.283557101e-02,9.288916097e-02
2,2.831000000e+00,9.283557104e-02,9.288916090e-02
2,2.841000000e+00,9.283557107e-02,9.288916084e-02
2,2.851000000e+00,9.283557110e-02,9.288916079e-02
2,2.861000000e+00,9.283557113e-02,9.288916074e-02
2,2.871000000e+00,9.283557115e-02,9.288916069e-02
2,2.881000000e+00,9.283557118e-02,9.288916064e-02
2,2.891000000e+00,9.283557120e-02,9.288916060e-02
2,2.901000000e+00,9.283557122e-02,9.288916056e-02
2,2.911000000e+00,9.283557124e-02,9.288916052e-02
2,2.921000000e+00,9.283557126e-02,9.288916049e-02
2,2.931000000e+00,9.283557127e-02,9.288916045e-02
2,2.941000000e+00,9.283557129e-02,9.288916042e-02
2,2.951000000e+00,9.283557131e-02,9.288916039e-02
2,2.961000000e+00,9.283557132e-02,9.288916036e-02
2,2.971000000e+00,9.283557133e-02,9.288916034e-02
2,2.981000000e+00,9.283557135e-02,9.288916031e-02
2,2.991000000e+00,9.283557136e-02,9.288916029e-02
2,3.001000000e+00,9.283557137e-02,9.288916027e-02
2,3.011000000e+00,9.283557138e-02,9.288916025e-02
2,3.021000000e+00,9.283557139e-02,9.288916023e-02
2,3.031000000e+00,9.283557140e-02,9.288916021e-02
2,3.041000000e+00,9.283557141e-02,9.288916020e-02
2,3.051000000e+00,9.283557141e-02,9.288916018e-02
2,3.061000000e+00,9.283557142e-02,9.288916017e-02
2,3.071000000e+00,9.283557143e-02,9.288916015e-02
2,3.081000000e+00,9.283557143e-02,9.288916014e-02
2,3.091000000e+00,9.283557144e-02,9.288916013e-02
2,3.101000000e+00,9.283557145e-02,9.288916012e-02
2,3.111000000e+00,9.283557145e-02,9.288916011e-02
2,3.121000000e+00,9.283557146e-02,9.288916010e-02
2,3.131000000e+00,9.283557146e-02,9.288916009e-02
2,3.141000000e+00,9.283557147e-02,9.288916008e-02
2,3.151000000e+00,9.283557147e-02,9.288916007e-02
2,3.161000000e+00,9.283557147e-02,9.288916007e-02
2,3.171000000e+00,9.283557148e-02,9.288916006e-02
2,3.181000000e+00,9.283557148e-02,9.288916005e-02
2,3.191000000e+00,9.283557148e-02,9.288916004e-02
2,3.201000000e+00,9.283557149e-02,9.288916004e-02
2,3.211000000e+00,9.283557149e-02,9.288916003e-02
2,3.221000000e+00,9.283557149e-02,9.288916003e-02
2,3.231000000e+00,9.283557150e-02,9.288916002e-02
2,3.241000000e+00,9.283557150e-02,9.288916002e-02
2,3.251000000e+00,9.283557150e-02,9.288916001e-02
2,3.261000000e+00,9.283557150e-02,9.288916001e-02
2,3.271000000e+00,9.283557150e-02,9.288916001e-02
2,3.281000000e+00,9.283557151e-02,9.288916000e-02
2,3.291000000e+00,9.283557151e-02,9.288916000e-02
2,3.301000000e+00,9.283557151e-02,9.288916000e-02
2,3.311000000e+00,9.283557151e-02,9.288915999e-02
2,3.321000000e+00,9.283557151e-02,9.288915999e-02
2,3.331000000e+00,9.283557151e-02,9.288915999e-02
2,3.341000000e+00,9.283557151e-02,9.288915999e-02
2,3.351000000e+00,9.283557152e-02,9.288915998e-02
2,3.361000000e+00,9.283557152e-02,9.288915998e-02
2,3.371000000e+00,9.283557152e-02,9.288915998e-02
2,3.381000000e+00,9.283557152e-02,9.288915998e-02
2,3.391000000e+00,9.283557152e-02,9.288915998e-02
2,3.401000000e+00,9.283557152e-02,9.288915997e-02
2,3.411000000e+00,9.283557152e-02,9.288915997e-02
2,3.421000000e+00,9.283557152e-02,9.288915997e-02
2,3.431000000e+00,9.283557152e-02,9.288915997e-02
2,3.441000000e+00,9.283557152e-02,9.288915997e-02
2,3.451000000e+00,9.283557152e-02,9.288915997e-02
2,3.461000000e+00,9.283557152e-02,9.288915997e-02
2,3.471000000e+00,9.283557153e-02,9.288915997e-02
2,3.481000000e+00,9.283557153e-02,9.288915996e-02
2,3.491000000e+00,9.283557153e-02,9.288915996e-02
2,3.501000000e+00,9.283557153e-02,9.288915996e-02
2,3.511000000e+00,9.283557153e-02,9.288915996e-02
2,3.521000000e+00,9.283557153e-02,9.288915996e-02
2,3.531000000e+00,9.283557153e-02,9.288915996e-02
2,3.541000000e+00,9.283557153e-02,9.288915996e-02
2,3.551000000e+00,9.283557153e-02,9.288915996e-02
2,3.561000000e+00,9.283557153e-02,9.288915996e-02
2,3.571000000e+00,9.283557153e-02,9.288915996e-02
2,3.581000000e+00,9.283557153e-02,9.288915996e-02
2,3.591000000e+00,9.283557153e-02,9.288915996e-02
2,3.601000000e+00,9.283557153e-02,9.288915996e-02
2,3.611000000e+00,9.283557153e-02,9.288915996e-02
2,3.621000000e+00,9.283557153e-02,9.288915996e-02
2,3.631000000e+00,9.283557153e-02,9.288915996e-02
2,3.641000000e+00,9.283557153e-02,9.288915996e-02
2,3.651000000e+00,9.283557153e-02,9.288915995e-02
2,3.661000000e+00,9.283557153e-02,9.288915995e-02
2,3.671000000e+00,9.283557153e-02,9.288915995e-02
2,3.681000000e+00,9.283557153e-02,9.288915995e-02
2,3.691000000e+00,9.283557153e-02,9.288915995e-02
2,3.701000000e+00,9.283557153e-02,9.288915995e-02
2,3.711000000e+00,9.283557153e-02,9.288915995e-02
2,3.721000000e+00,9.283557153e-02,9.288915995e-02
2,3.731000000e+00,9.283557153e-02,9.288915995e-02
2,3.741000000e+00,9.283557153e-02,9.288915995e-02
2,3.751000000e+00,9.283557153e-02,9.288915995e-02
2,3.761000000e+00,9.283557153e-02,9.288915995e-02
2,3.771000000e+00,9.283557153e-02,9.288915995e-02
2,3.781000000e+00,9.283557153e-02,9.288915995e-02
2,3.791000000e+00,9.283557153e-02,9.288915995e-02
2,3.801000000e+00,9.283557153e-02,9.288915995e-02
2,3.811000000e+00,9.283557153e-02,9.288915995e-02
2,3.821000000e+00,9.283557153e-02,9.288915995e-02
2,3.831000000e+00,9.283557153e-02,9.288915995e-02
2,3.841000000e+00,9.283557153e-02,9.288915995e-02
2,3.851000000e+00,9.283557153e-02,9.288915995e-02
2,3.861000000e+00,9.283557153e-02,9.288915995e-02
2,3.871000000e+00,9.283557153e-02,9.288915995e-02
2,3.881000000e+00,9.283557153e-02,9.288915995e-02
2,3.891000000e+00,9.283557153e-02,9.288915995e-02
2,3.901000000e+00,9.283557153e-02,9.288915995e-02
2,3.911000000e+00,9.283557153e-02,9.288915995e-02
2,3.921000000e+00,9.283557153e-02,9.288915995e-02
2,3.931000000e+00,9.283557153e-02,9.288915995e-02
2,3.941000000e+00,9.283557153e-02,9.288915995e-02
2,3.951000000e+00,9.283557153e-02,9.288915995e-02
2,3.961000000e+00,9.283557153e-02,9.288915995e-02
2,3.971000000e+00,9.283557153e-02,9.288915995e-02
2,3.981000000e+00,9.283557153e-02,9.288915995e-02
2,3.991000000e+00,9.283557153e-02,9.288915995e-02
2,4.001000000e+00,9.283557153e-02,9.288915995e-02
2,4.011000000e+00,9.283557153e-02,9.288915995e-02
2,4.021000000e+00,9.283557153e-02,9.288915995e-02
2,4.031000000e+00,9.283557153e-02,9.288915995e-02
2,4.041000000e+00,9.283557153e-02,9.288915995e-02
2,4.051000000e+00,9.283557153e-02,9.288915995e-02
2,4.061000000e+00,9.283557153e-02,9.288915995e-02
2,4.071000000e+00,9.283557153e-02,9.288915995e-02
2,4.081000000e+00,9.283557153e-02,9.288915995e-02
2,4.091000000e+00,9.283557153e-02,9.288915995e-02
2,4.101000000e+00,9.283557153e-02,9.288915995e-02
2,4.111000000e+00,9.283557153e-02,9.288915995e-02
2,4.121000000e+00,9.283557153e-02,9.288915995e-02
2,4.131000000e+00,9.283557153e-02,9.288915995e-02
2,4.141000000e+00,9.283557153e-02,9.288915995e-02
2,4.151000000e+00,9.283557153e-02,9.288915995e-02
2,4.161000000e+00,9.283557153e-02,9.288915995e-02
2,4.171000000e+00,9.283557153e-02,9.288915995e-02
2,4.181000000e+00,9.283557153e-02,9.288915995e-02
2,4.191000000e+00,9.283557153e-02,9.288915995e-02
2,4.201000000e+00,9.283557153e-02,9.288915995e-02
2,4.211000000e+00,9.283557153e-02,9.288915995e-02
2,4.221000000e+00,9.283557153e-02,9.288915995e-02
2,4.231000000e+00,9.283557153e-02,9.288915995e-02
2,4.241000000e+00,9.283557153e-02,9.288915995e-02
2,4.251000000e+00,9.283557153e-02,9.288915995e-02
2,4.261000000e+00,9.283557153e-02,9.288915995e-02
2,4.271000000e+00,9.283557153e-02,9.288915995e-02
2,4.281000000e+00,9.283557153e-02,9.288915995e-02
2,4.291000000e+00,9.283557153e-02,9.288915995e-02
2,4.301000000e+00,9.283557153e-02,9.288915995e-02
2,4.311000000e+00,9.283557153e-02,9.288915995e-02
2,4.321000000e+00,9.283557153e-02,9.288915995e-02
2,4.331000000e+00,9.283557153e-02,9.288915995e-02
2,4.341000000e+00,9.283557153e-02,9.288915995e-02
2,4.351000000e+00,9.283557153e-02,9.288915995e-02
2,4.361000000e+00,9.283557153e-02,9.288915995e-02
2,4.371000000e+00,9.283557153e-02,9.288915995e-02
2,4.381000000e+00,9.283557153e-02,9.288915995e-02
2,4.391000000e+00,9.283557153e-02,9.288915995e-02
2,4.401000000e+00,9.283557153e-02,9.288915995e-02
2,4.411000000e+00,9.283557153e-02,9.288915995e-02
2,4.421000000e+00,9.283557153e-02,9.288915995e-02
2,4.431000000e+00,9.283557153e-02,9.288915995e-02
2,4.441000000e+00,9.283557153e-02,9.288915995e-02
2,4.451000000e+00,9.283557153e-02,9.288915995e-02
2,4.461000000e+00,9.283557153e-02,9.288915995e-02
2,4.471000000e+00,9.283557153e-02,9.288915995e-02
2,4.481000000e+00,9.283557153e-02,9.288915995e-02
2,4.491000000e+00,9.283557153e-02,9.288915995e-02
2,4.501000000e+00,9.283557153e-02,9.288915995e-02
2,4.511000000e+00,9.283557153e-02,9.288915995e-02
2,4.521000000e+00,9.283557153e-02,9.288915995e-02
2,4.531000000e+00,9.283557153e-02,9.288915995e-02
2,4.541000000e+00,9.283557153e-02,9.288915995e-02
2,4.551000000e+00,9.283557153e-02,9.288915995e-02
2,4.561000000e+00,9.283557153e-02,9.288915995e-02
2,4.571000000e+00,9.283557153e-02,9.288915995e-02
2,4.581000000e+00,9.283557153e-02,9.288915995e-02
2,4.591000000e+00,9.283557153e-02,9.288915995e-02
2,4.601000000e+00,9.283557153e-02,9.288915995e-02
2,4.611000000e+00,9.283557153e-02,9.288915995e-02
2,4.621000000e+00,9.283557153e-02,9.288915995e-02
2,4.631000000e+00,9.283557153e-02,9.288915995e-02
2,4.641000000e+00,9.283557153e-02,9.288915995e-02
2,4.651000000e+00,9.283557153e-02,9.288915995e-02
2,4.661000000e+00,9.283557153e-02,9.288915995e-02
2,4.671000000e+00,9.283557153e-02,9.288915995e-02
2,4.681000000e+00,9.283557153e-02,9.288915995e-02
2,4.691000000e+00,9.283557153e-02,9.288915995e-02
2,4.701000000e+00,9.283557153e-02,9.288915995e-02
2,4.711000000e+00,9.283557153e-02,9.288915995e-02
2,4.721000000e+00,9.283557153e-02,9.288915995e-02
2,4.731000000e+00,9.283557153e-02,9.288915995e-02
2,4.741000000e+00,9.283557153e-02,9.288915995e-02
2,4.751000000e+00,9.283557153e-02,9.288915995e-02
2,4.761000000e+00,9.283557153e-02,9.288915995e-02
2,4.771000000e+00,9.283557153e-02,9.288915995e-02
2,4.781000000e+00,9.283557153e-02,9.288915995e-02
2,4.791000000e+00,9.283557153e-02,9.288915995e-02
2,4.801000000e+00,9.283557153e-02,9.288915995e-02
2,4.811000000e+00,9.283557153e-02,9.288915995e-02
2,4.821000000e+00,9.283557153e-02,9.288915995e-02
2,4.831000000e+00,9.283557153e-02,9.288915995e-02
2,4.841000000e+00,9.283557153e-02,9.288915995e-02
2,4.851000000e+00,9.283557153e-02,9.288915995e-02
2,4.861000000e+00,9.283557153e-02,9.288915995e-02
2,4.871000000e+00,9.283557153e-02,9.288915995e-02
2,4.881000000e+00,9.283557153e-02,9.288915995e-02
2,4.891000000e+00,9.283557153e-02,9.288915995e-02
2,4.901000000e+00,9.283557153e-02,9.288915995e-02
2,4.911000000e+00,9.283557153e-02,9.288915995e-02
2,4.921000000e+00,9.283557153e-02,9.288915995e-02
2,4.931000000e+00,9.283557153e-02,9.288915995e-02
2,4.941000000e+00,9.283557153e-02,9.288915995e-02
2,4.951000000e+00,9.283557153e-02,9.288915995e-02
2,4.961000000e+00,9.283557153e-02,9.288915995e-02
2,4.971000000e+00,9.283557153e-02,9.288915995e-02
2,4.981000000e+00,9.283557153e-02,9.288915995e-02
2,4.991000000e+00,9.283557153e-02,9.288915995e-02
2,5.001000000e+00,9.283557153e-02,9.288915995e-02
2,5.011000000e+00,9.283557153e-02,9.288915995e-02
2,5.021000000e+00,9.283557153e-02,9.288915995e-02
2,5.031000000e+00,9.283557153e-02,9.288915995e-02
2,5.041000000e+00,9.283557153e-02,9.288915995e-02
2,5.051000000e+00,9.283557153e-02,9.288915995e-02
2,5.061000000e+00,9.283557153e-02,9.288915995e-02
2,5.071000000e+00,9.283557153e-02,9.288915995e-02
2,5.081000000e+00,9.283557153e-02,9.288915995e-02
2,5.091000000e+00,9.283557153e-02,9.288915995e-02
2,5.101000000e+00,9.283557153e-02,9.288915995e-02
2,5.111000000e+00,9.283557153e-02,9.288915995e-02
2,5.121000000e+00,9.283557153e-02,9.288915995e-02
2,5.131000000e+00,9.283557153e-02,9.288915995e-02
2,5.141000000e+00,9.283557153e-02,9.288915995e-02
2,5.151000000e+00,9.283557153e-02,9.288915995e-02
2,5.161000000e+00,9.283557153e-02,9.288915995e-02
2,5.171000000e+00,9.283557153e-02,9.288915995e-02
2,5.181000000e+00,9.283557153e-02,9.288915995e-02
2,5.191000000e+00,9.283557153e-02,9.288915995e-02
2,5.201000000e+00,9.283557153e-02,9.288915995e-02
2,5.211000000e+00,9.283557153e-02,9.288915995e-02
2,5.221000000e+00,9.283557153e-02,9.288915995e-02
2,5.231000000e+00,9.283557153e-02,9.288915995e-02
2,5.241000000e+00,9.283557153e-02,9.288915995e-02
2,5.251000000e+00,9.283557153e-02,9.288915995e-02
2,5.261000000e+00,9.283557153e-02,9.288915995e-02
2,5.271000000e+00,9.283557153e-02,9.288915995e-02
2,5.281000000e+00,9.283557153e-02,9.288915995e-02
2,5.291000000e+00,9.283557153e-02,9.288915995e-02
2,5.301000000e+00,9.283557153e-02,9.288915995e-02
2,5.311000000e+00,9.283557153e-02,9.288915995e-02
2,5.321000000e+00,9.283557153e-02,9.288915995e-02
2,5.331000000e+00,9.283557153e-02,9.288915995e-02
2,5.341000000e+00,9.283557153e-02,9.288915995e-02
2,5.351000000e+00,9.283557153e-02,9.288915995e-02
2,5.361000000e+00,9.283557153e-02,9.288915995e-02
2,5.371000000e+00,9.283557153e-02,9.288915995e-02
2,5.381000000e+00,9.283557153e-02,9.288915995e-02
2,5.391000000e+00,9.283557153e-02,9.288915995e-02
2,5.401000000e+00,9.283557153e-02,9.288915995e-02
2,5.411000000e+00,9.283557153e-02,9.288915995e-02
2,5.421000000e+00,9.283557153e-02,9.288915995e-02
2,5.431000000e+00,9.283557153e-02,9.288915995e-02
2,5.441000000e+00,9.283557153e-02,9.288915995e-02
2,5.451000000e+00,9.283557153e-02,9.288915995e-02
2,5.461000000e+00,9.283557153e-02,9.288915995e-02
2,5.471000000e+00,9.283557153e-02,9.288915995e-02
2,5.481000000e+00,9.283557153e-02,9.288915995e-02
2,5.491000000e+00,9.283557153e-02,9.288915995e-02
2,5.501000000e+00,9.283557153e-02,9.288915995e-02
2,5.511000000e+00,9.283557153e-02,9.288915995e-02
2,5.521000000e+00,9.283557153e-02,9.288915995e-02
2,5.531000000e+00,9.283557153e-02,9.288915995e-02
2,5.541000000e+00,9.283557153e-02,9.288915995e-02
2,5.551000000e+00,9.283557153e-02,9.288915995e-02
2,5.561000000e+00,9.283557153e-02,9.288915995e-02
2,5.571000000e+00,9.283557153e-02,9.288915995e-02
2,5.581000000e+00,9.283557153e-02,9.288915995e-02
2,5.591000000e+00,9.283557153e-02,9.288915995e-02
2,5.601000000e+00,9.283557153e-02,9.288915995e-02
2,5.611000000e+00,9.283557153e-02,9.288915995e-02
2,5.621000000e+00,9.283557153e-02,9.288915995e-02
2,5.631000000e+00,9.283557153e-02,9.288915995e-02
2,5.641000000e+00,9.283557153e-02,9.288915995e-02
2,5.651000000e+00,9.283557153e-02,9.288915995e-02
2,5.661000000e+00,9.283557153e-02,9.288915995e-02
2,5.671000000e+00,9.283557153e-02,9.288915995e-02
2,5.681000000e+00,9.283557153e-02,9.288915995e-02
2,5.691000000e+00,9.283557153e-02,9.288915995e-02
2,5.701000000e+00,9.283557153e-02,9.288915995e-02
2,5.711000000e+00,9.283557153e-02,9.288915995e-02
2,5.721000000e+00,9.283557153e-02,9.288915995e-02
2,5.731000000e+00,9.283557153e-02,9.288915995e-02
2,5.741000000e+00,9.283557153e-02,9.288915995e-02
2,5.751000000e+00,9.283557153e-02,9.288915995e-02
2,5.761000000e+00,9.283557153e-02,9.288915995e-02
2,5.771000000e+00,9.283557153e-02,9.288915995e-02
2,5.781000000e+00,9.283557153e-02,9.288915995e-02
2,5.791000000e+00,9.283557153e-02,9.288915995e-02
2,5.801000000e+00,9.283557153e-02,9.288915995e-02
2,5.811000000e+00,9.283557153e-02,9.288915995e-02
2,5.821000000e+00,9.283557153e-02,9.288915995e-02
2,5.831000000e+00,9.283557153e-02,9.288915995e-02
2,5.841000000e+00,9.283557153e-02,9.288915995e-02
2,5.851000000e+00,9.283557153e-02,9.288915995e-02
2,5.861000000e+00,9.283557153e-02,9.288915995e-02
2,5.871000000e+00,9.283557153e-02,9.288915995e-02
2,5.881000000e+00,9.283557153e-02,9.288915995e-02
2,5.891000000e+00,9.283557153e-02,9.288915995e-02
2,5.901000000e+00,9.283557153e-02,9.288915995e-02
2,5.911000000e+00,9.283557153e-02,9.288915995e-02
2,5.921000000e+00,9.283557153e-02,9.288915995e-02
2,5.931000000e+00,9.283557153e-02,9.288915995e-02
2,5.941000000e+00,9.283557153e-02,9.288915995e-02
2,5.951000000e+00,9.283557153e-02,9.288915995e-02
2,5.961000000e+00,9.283557153e-02,9.288915995e-02
2,5.971000000e+00,9.283557153e-02,9.288915995e-02
2,5.981000000e+00,9.283557153e-02,9.288915995e-02
2,5.991000000e+00,9.283557153e-02,9.288915995e-02
2,6.001000000e+00,9.283557153e-02,9.288915995e-02
2,6.011000000e+00,9.283557153e-02,9.288915995e-02
2,6.021000000e+00,9.283557153e-02,9.288915995e-02
2,6.031000000e+00,9.283557153e-02,9.288915995e-02
2,6.041000000e+00,9.283557153e-02,9.288915995e-02
2,6.051000000e+00,9.283557153e-02,9.288915995e-02
2,6.061000000e+00,9.283557153e-02,9.288915995e-02
2,6.071000000e+00,9.283557153e-02,9.288915995e-02
2,6.081000000e+00,9.283557153e-02,9.288915995e-02
2,6.091000000e+00,9.283557153e-02,9.288915995e-02
2,6.101000000e+00,9.283557153e-02,9.288915995e-02
2,6.111000000e+00,9.283557153e-02,9.288915995e-02
2,6.121000000e+00,9.283557153e-02,9.288915995e-02
2,6.131000000e+00,9.283557153e-02,9.288915995e-02
2,6.141000000e+00,9.283557153e-02,9.288915995e-02
2,6.151000000e+00,9.283557153e-02,9.288915995e-02
2,6.161000000e+00,9.283557153e-02,9.288915995e-02
2,6.171000000e+00,9.283557153e-02,9.288915995e-02
2,6.181000000e+00,9.283557153e-02,9.288915995e-02
2,6.191000000e+00,9.283557153e-02,9.288915995e-02
2,6.201000000e+00,9.283557153e-02,9.288915995e-02
2,6.211000000e+00,9.283557153e-02,9.288915995e-02
2,6.221000000e+00,9.283557153e-02,9.288915995e-02
2,6.231000000e+00,9.283557153e-02,9.288915995e-02
2,6.241000000e+00,9.283557153e-02,9.288915995e-02
2,6.251000000e+00,9.283557153e-02,9.288915995e-02
2,6.261000000e+00,9.283557153e-02,9.288915995e-02
2,6.271000000e+00,9.283557153e-02,9.288915995e-02
2,6.281000000e+00,9.283557153e-02,9.288915995e-02
2,6.291000000e+00,9.283557153e-02,9.288915995e-02
2,6.301000000e+00,9.283557153e-02,9.288915995e-02
2,6.311000000e+00,9.283557153e-02,9.288915995e-02
2,6.321000000e+00,9.283557153e-02,9.288915995e-02
2,6.331000000e+00,9.283557153e-02,9.288915995e-02
2,6.341000000e+00,9.283557153e-02,9.288915995e-02
2,6.351000000e+00,9.283557153e-02,9.288915995e-02
2,6.361000000e+00,9.283557153e-02,9.288915995e-02
2,6.371000000e+00,9.283557153e-02,9.288915995e-02
2,6.381000000e+00,9.283557153e-02,9.288915995e-02
2,6.391000000e+00,9.283557153e-02,9.288915995e-02
2,6.401000000e+00,9.283557153e-02,9.288915995e-02
2,6.411000000e+00,9.283557153e-02,9.288915995e-02
2,6.421000000e+00,9.283557153e-02,9.288915995e-02
2,6.431000000e+00,9.283557153e-02,9.288915995e-02
2,6.441000000e+00,9.283557153e-02,9.288915995e-02
2,6.451000000e+00,9.283557153e-02,9.288915995e-02
2,6.461000000e+00,9.283557153e-02,9.288915995e-02
2,6.471000000e+00,9.283557153e-02,9.288915995e-02
2,6.481000000e+00,9.283557153e-02,9.288915995e-02
2,6.491000000e+00,9.283557153e-02,9.288915995e-02
2,6.501000000e+00,9.283557153e-02,9.288915995e-02
2,6.511000000e+00,9.283557153e-02,9.288915995e-02
2,6.521000000e+00,9.283557153e-02,9.288915995e-02
2,6.531000000e+00,9.283557153e-02,9.288915995e-02
2,6.541000000e+00,9.283557153e-02,9.288915995e-02
2,6.551000000e+00,9.283557153e-02,9.288915995e-02
2,6.561000000e+00,9.283557153e-02,9.288915995e-02
2,6.571000000e+00,9.283557153e-02,9.288915995e-02
2,6.581000000e+00,9.283557153e-02,9.288915995e-02
2,6.591000000e+00,9.283557153e-02,9.288915995e-02
2,6.601000000e+00,9.283557153e-02,9.288915995e-02
2,6.611000000e+00,9.283557153e-02,9.288915995e-02
2,6.621000000e+00,9.283557153e-02,9.288915995e-02
2,6.631000000e+00,9.283557153e-02,9.288915995e-02
2,6.641000000e+00,9.283557153e-02,9.288915995e-02
2,6.651000000e+00,9.283557153e-02,9.288915995e-02
2,6.661000000e+00,9.283557153e-02,9.288915995e-02
2,6.671000000e+00,9.283557153e-02,9.288915995e-02
2,6.681000000e+00,9.283557153e-02,9.288915995e-02
2,6.691000000e+00,9.283557153e-02,9.288915995e-02
2,6.701000000e+00,9.283557153e-02,9.288915995e-02
2,6.711000000e+00,9.283557153e-02,9.288915995e-02
2,6.721000000e+00,9.283557153e-02,9.288915995e-02
2,6.731000000e+00,9.283557153e-02,9.288915995e-02
2,6.741000000e+00,9.283557153e-02,9.288915995e-02
2,6.751000000e+00,9.283557153e-02,9.288915995e-02
2,6.761000000e+00,9.283557153e-02,9.288915995e-02
2,6.771000000e+00,9.283557153e-02,9.288915995e-02
2,6.781000000e+00,9.283557153e-02,9.288915995e-02
2,6.791000000e+00,9.283557153e-02,9.288915995e-02
2,6.801000000e+00,9.283557153e-02,9.288915995e-02
2,6.811000000e+00,9.283557153e-02,9.288915995e-02
2,6.821000000e+00,9.283557153e-02,9.288915995e-02
2,6.831000000e+00,9.283557153e-02,9.288915995e-02
2,6.841000000e+00,9.283557153e-02,9.288915995e-02
2,6.851000000e+00,9.283557153e-02,9.288915995e-02
2,6.861000000e+00,9.283557153e-02,9.288915995e-02
2,6.871000000e+00,9.283557153e-02,9.288915995e-02
2,6.881000000e+00,9.283557153e-02,9.288915995e-02
2,6.891000000e+00,9.283557153e-02,9.288915995e-02
2,6.901000000e+00,9.283557153e-02,9.288915995e-02
2,6.911000000e+00,9.283557153e-02,9.288915995e-02
2,6.921000000e+00,9.283557153e-02,9.288915995e-02
2,6.931000000e+00,9.283557153e-02,9.288915995e-02
2,6.941000000e+00,9.283557153e-02,9.288915995e-02
2,6.951000000e+00,9.283557153e-02,9.288915995e-02
2,6.961000000e+00,9.283557153e-02,9.288915995e-02
2,6.971000000e+00,9.283557153e-02,9.288915995e-02
2,6.981000000e+00,9.283557153e-02,9.288915995e-02
2,6.991000000e+00,9.283557153e-02,9.288915995e-02
2,7.001000000e+00,9.283557153e-02,9.288915995e-02
2,7.011000000e+00,9.283557153e-02,9.288915995e-02
2,7.021000000e+00,9.283557153e-02,9.288915995e-02
2,7.031000000e+00,9.283557153e-02,9.288915995e-02
2,7.041000000e+00,9.283557153e-02,9.288915995e-02
2,7.051000000e+00,9.283557153e-02,9.288915995e-02
2,7.061000000e+00,9.283557153e-02,9.288915995e-02
2,7.071000000e+00,9.283557153e-02,9.288915995e-02
2,7.081000000e+00,9.283557153e-02,9.288915995e-02
2,7.091000000e+00,9.283557153e-02,9.288915995e-02
2,7.101000000e+00,9.283557153e-02,9.288915995e-02
2,7.111000000e+00,9.283557153e-02,9.288915995e-02
2,7.121000000e+00,9.283557153e-02,9.288915995e-02
2,7.131000000e+00,9.283557153e-02,9.288915995e-02
2,7.141000000e+00,9.283557153e-02,9.288915995e-02
2,7.151000000e+00,9.283557153e-02,9.288915995e-02
2,7.161000000e+00,9.283557153e-02,9.288915995e-02
2,7.171000000e+00,9.283557153e-02,9.288915995e-02
2,7.181000000e+00,9.283557153e-02,9.288915995e-02
2,7.191000000e+00,9.283557153e-02,9.288915995e-02
2,7.201000000e+00,9.283557153e-02,9.288915995e-02
2,7.211000000e+00,9.283557153e-02,9.288915995e-02
2,7.221000000e+00,9.283557153e-02,9.288915995e-02
2,7.231000000e+00,9.283557153e-02,9.288915995e-02
2,7.241000000e+00,9.283557153e-02,9.288915995e-02
2,7.251000000e+00,9.283557153e-02,9.288915995e-02
2,7.261000000e+00,9.283557153e-02,9.288915995e-02
2,7.271000000e+00,9.283557153e-02,9.288915995e-02
2,7.281000000e+00,9.283557153e-02,9.288915995e-02
2,7.291000000e+00,9.283557153e-02,9.288915995e-02
2,7.301000000e+00,9.283557153e-02,9.288915995e-02
2,7.311000000e+00,9.283557153e-02,9.288915995e-02
2,7.321000000e+00,9.283557153e-02,9.288915995e-02
2,7.331000000e+00,9.283557153e-02,9.288915995e-02
2,7.341000000e+00,9.283557153e-02,9.288915995e-02
2,7.351000000e+00,9.283557153e-02,9.288915995e-02
2,7.361000000e+00,9.283557153e-02,9.288915995e-02
2,7.371000000e+00,9.283557153e-02,9.288915995e-02
2,7.381000000e+00,9.283557153e-02,9.288915995e-02
2,7.391000000e+00,9.283557153e-02,9.288915995e-02
2,7.401000000e+00,9.283557153e-02,9.288915995e-02
2,7.411000000e+00,9.283557153e-02,9.288915995e-02
2,7.421000000e+00,9.283557153e-02,9.288915995e-02
2,7.431000000e+00,9.283557153e-02,9.288915995e-02
2,7.441000000e+00,9.283557153e-02,9.288915995e-02
2,7.451000000e+00,9.283557153e-02,9.288915995e-02
2,7.461000000e+00,9.283557153e-02,9.288915995e-02
2,7.471000000e+00,9.283557153e-02,9.288915995e-02
2,7.481000000e+00,9.283557153e-02,9.288915995e-02
2,7.491000000e+00,9.283557153e-02,9.288915995e-02
2,7.501000000e+00,9.283557153e-02,9.288915995e-02
2,7.511000000e+00,9.283557153e-02,9.288915995e-02
2,7.521000000e+00,9.283557153e-02,9.288915995e-02
2,7.531000000e+00,9.283557153e-02,9.288915995e-02
2,7.541000000e+00,9.283557153e-02,9.288915995e-02
2,7.551000000e+00,9.283557153e-02,9.288915995e-02
2,7.561000000e+00,9.283557153e-02,9.288915995e-02
2,7.571000000e+00,9.283557153e-02,9.288915995e-02
2,7.581000000e+00,9.283557153e-02,9.288915995e-02
2,7.591000000e+00,9.283557153e-02,9.288915995e-02
2,7.601000000e+00,9.283557153e-02,9.288915995e-02
2,7.611000000e+00,9.283557153e-02,9.288915995e-02
2,7.621000000e+00,9.283557153e-02,9.288915995e-02
2,7.631000000e+00,9.283557153e-02,9.288915995e-02
2,7.641000000e+00,9.283557153e-02,9.288915995e-02
2,7.651000000e+00,9.283557153e-02,9.288915995e-02
2,7.661000000e+00,9.283557153e-02,9.288915995e-02
2,7.671000000e+00,9.283557153e-02,9.288915995e-02
2,7.681000000e+00,9.283557153e-02,9.288915995e-02
2,7.691000000e+00,9.283557153e-02,9.288915995e-02
2,7.701000000e+00,9.283557153e-02,9.288915995e-02
2,7.711000000e+00,9.283557153e-02,9.288915995e-02
2,7.721000000e+00,9.283557153e-02,9.288915995e-02
2,7.731000000e+00,9.283557153e-02,9.288915995e-02
2,7.741000000e+00,9.283557153e-02,9.288915995e-02
2,7.751000000e+00,9.283557153e-02,9.288915995e-02
2,7.761000000e+00,9.283557153e-02,9.288915995e-02
2,7.771000000e+00,9.283557153e-02,9.288915995e-02
2,7.781000000e+00,9.283557153e-02,9.288915995e-02
2,7.791000000e+00,9.283557153e-02,9.288915995e-02
2,7.801000000e+00,9.283557153e-02,9.288915995e-02
2,7.811000000e+00,9.283557153e-02,9.288915995e-02
2,7.821000000e+00,9.283557153e-02,9.288915995e-02
2,7.831000000e+00,9.283557153e-02,9.288915995e-02
2,7.841000000e+00,9.283557153e-02,9.288915995e-02
2,7.851000000e+00,9.283557153e-02,9.288915995e-02
2,7.861000000e+00,9.283557153e-02,9.288915995e-02
2,7.871000000e+00,9.283557153e-02,9.288915995e-02
2,7.881000000e+00,9.283557153e-02,9.288915995e-02
2,7.891000000e+00,9.283557153e-02,9.288915995e-02
2,7.901000000e+00,9.283557153e-02,9.288915995e-02
2,7.911000000e+00,9.283557153e-02,9.288915995e-02
2,7.921000000e+00,9.283557153e-02,9.288915995e-02
2,7.931000000e+00,9.283557153e-02,9.288915995e-02
2,7.941000000e+00,9.283557153e-02,9.288915995e-02
2,7.951000000e+00,9.283557153e-02,9.288915995e-02
2,7.961000000e+00,9.283557153e-02,9.288915995e-02
2,7.971000000e+00,9.283557153e-02,9.288915995e-02
2,7.981000000e+00,9.283557153e-02,9.288915995e-02
2,7.991000000e+00,9.283557153e-02,9.288915995e-02
2,8.001000000e+00,9.283557153e-02,9.288915995e-02
2,8.011000000e+00,9.283557153e-02,9.288915995e-02
2,8.021000000e+00,9.283557153e-02,9.288915995e-02
2,8.031000000e+00,9.283557153e-02,9.288915995e-02
2,8.041000000e+00,9.283557153e-02,9.288915995e-02
2,8.051000000e+00,9.283557153e-02,9.288915995e-02
2,8.061000000e+00,9.283557153e-02,9.288915995e-02
2,8.071000000e+00,9.283557153e-02,9.288915995e-02
2,8.081000000e+00,9.283557153e-02,9.288915995e-02
2,8.091000000e+00,9.283557153e-02,9.288915995e-02
2,8.101000000e+00,9.283557153e-02,9.288915995e-02
2,8.111000000e+00,9.283557153e-02,9.288915995e-02
2,8.121000000e+00,9.283557153e-02,9.288915995e-02
2,8.131000000e+00,9.283557153e-02,9.288915995e-02
2,8.141000000e+00,9.283557153e-02,9.288915995e-02
2,8.151000000e+00,9.283557153e-02,9.288915995e-02
2,8.161000000e+00,9.283557153e-02,9.288915995e-02
2,8.171000000e+00,9.283557153e-02,9.288915995e-02
2,8.181000000e+00,9.283557153e-02,9.288915995e-02
2,8.191000000e+00,9.283557153e-02,9.288915995e-02
2,8.201000000e+00,9.283557153e-02,9.288915995e-02
2,8.211000000e+00,9.283557153e-02,9.288915995e-02
2,8.221000000e+00,9.283557153e-02,9.288915995e-02
2,8.231000000e+00,9.283557153e-02,9.288915995e-02
2,8.241000000e+00,9.283557153e-02,9.288915995e-02
2,8.251000000e+00,9.283557153e-02,9.288915995e-02
2,8.261000000e+00,9.283557153e-02,9.288915995e-02
2,8.271000000e+00,9.283557153e-02,9.288915995e-02
2,8.281000000e+00,9.283557153e-02,9.288915995e-02
2,8.291000000e+00,9.283557153e-02,9.288915995e-02
2,8.301000000e+00,9.283557153e-02,9.288915995e-02
2,8.311000000e+00,9.283557153e-02,9.288915995e-02
2,8.321000000e+00,9.283557153e-02,9.288915995e-02
2,8.331000000e+00,9.283557153e-02,9.288915995e-02
2,8.341000000e+00,9.283557153e-02,9.288915995e-02
2,8.351000000e+00,9.283557153e-02,9.288915995e-02
2,8.361000000e+00,9.283557153e-02,9.288915995e-02
2,8.371000000e+00,9.283557153e-02,9.288915995e-02
2,8.381000000e+00,9.283557153e-02,9.288915995e-02
2,8.391000000e+00,9.283557153e-02,9.288915995e-02
2,8.401000000e+00,9.283557153e-02,9.288915995e-02
2,8.411000000e+00,9.283557153e-02,9.288915995e-02
2,8.421000000e+00,9.283557153e-02,9.288915995e-02
2,8.431000000e+00,9.283557153e-02,9.288915995e-02
2,8.441000000e+00,9.283557153e-02,9.288915995e-02
2,8.451000000e+00,9.283557153e-02,9.288915995e-02
2,8.461000000e+00,9.283557153e-02,9.288915995e-02
2,8.471000000e+00,9.283557153e-02,9.288915995e-02
2,8.481000000e+00,9.283557153e-02,9.288915995e-02
2,8.491000000e+00,9.283557153e-02,9.288915995e-02
2,8.501000000e+00,9.283557153e-02,9.288915995e-02
2,8.511000000e+00,9.283557153e-02,9.288915995e-02
2,8.521000000e+00,9.283557153e-02,9.288915995e-02
2,8.531000000e+00,9.283557153e-02,9.288915995e-02
2,8.541000000e+00,9.283557153e-02,9.288915995e-02
2,8.551000000e+00,9.283557153e-02,9.288915995e-02
2,8.561000000e+00,9.283557153e-02,9.288915995e-02
2,8.571000000e+00,9.283557153e-02,9.288915995e-02
2,8.581000000e+00,9.283557153e-02,9.288915995e-02
2,8.591000000e+00,9.283557153e-02,9.288915995e-02
2,8.601000000e+00,9.283557153e-02,9.288915995e-02
2,8.611000000e+00,9.283557153e-02,9.288915995e-02
2,8.621000000e+00,9.283557153e-02,9.288915995e-02
2,8.631000000e+00,9.283557153e-02,9.288915995e-02
2,8.641000000e+00,9.283557153e-02,9.288915995e-02
2,8.651000000e+00,9.283557153e-02,9.288915995e-02
2,8.661000000e+00,9.283557153e-02,9.288915995e-02
2,8.671000000e+00,9.283557153e-02,9.288915995e-02
2,8.681000000e+00,9.283557153e-02,9.288915995e-02
2,8.691000000e+00,9.283557153e-02,9.288915995e-02
2,8.701000000e+00,9.283557153e-02,9.288915995e-02
2,8.711000000e+00,9.283557153e-02,9.288915995e-02
2,8.721000000e+00,9.283557153e-02,9.288915995e-02
2,8.731000000e+00,9.283557153e-02,9.288915995e-02
2,8.741000000e+00,9.283557153e-02,9.288915995e-02
2,8.751000000e+00,9.283557153e-02,9.288915995e-02
2,8.761000000e+00,9.283557153e-02,9.288915995e-02
2,8.771000000e+00,9.283557153e-02,9.288915995e-02
2,8.781000000e+00,9.283557153e-02,9.288915995e-02
2,8.791000000e+00,9.283557153e-02,9.288915995e-02
2,8.801000000e+00,9.283557153e-02,9.288915995e-02
2,8.811000000e+00,9.283557153e-02,9.288915995e-02
2,8.821000000e+00,9.283557153e-02,9.288915995e-02
2,8.831000000e+00,9.283557153e-02,9.288915995e-02
2,8.841000000e+00,9.283557153e-02,9.288915995e-02
2,8.851000000e+00,9.283557153e-02,9.288915995e-02
2,8.861000000e+00,9.283557153e-02,9.288915995e-02
2,8.871000000e+00,9.283557153e-02,9.288915995e-02
2,8.881000000e+00,9.283557153e-02,9.288915995e-02
2,8.891000000e+00,9.283557153e-02,9.288915995e-02
2,8.901000000e+00,9.283557153e-02,9.288915995e-02
2,8.911000000e+00,9.283557153e-02,9.288915995e-02
2,8.921000000e+00,9.283557153e-02,9.288915995e-02
2,8.931000000e+00,9.283557153e-02,9.288915995e-02
2,8.941000000e+00,9.283557153e-02,9.288915995e-02
2,8.951000000e+00,9.283557153e-02,9.288915995e-02
2,8.961000000e+00,9.283557153e-02,9.288915995e-02
2,8.971000000e+00,9.283557153e-02,9.288915995e-02
2,8.981000000e+00,9.283557153e-02,9.288915995e-02
2,8.991000000e+00,9.283557153e-02,9.288915995e-02
2,9.001000000e+00,9.283557153e-02,9.288915995e-02
2,9.011000000e+00,9.283557153e-02,9.288915995e-02
2,9.021000000e+00,9.283557153e-02,9.288915995e-02
2,9.031000000e+00,9.283557153e-02,9.288915995e-02
2,9.041000000e+00,9.283557153e-02,9.288915995e-02
2,9.051000000e+00,9.283557153e-02,9.288915995e-02
2,9.061000000e+00,9.283557153e-02,9.288915995e-02
2,9.071000000e+00,9.283557153e-02,9.288915995e-02
2,9.081000000e+00,9.283557153e-02,9.288915995e-02
2,9.091000000e+00,9.283557153e-02,9.288915995e-02
2,9.101000000e+00,9.283557153e-02,9.288915995e-02
2,9.111000000e+00,9.283557153e-02,9.288915995e-02
2,9.121000000e+00,9.283557153e-02,9.288915995e-02
2,9.131000000e+00,9.283557153e-02,9.288915995e-02
2,9.141000000e+00,9.283557153e-02,9.288915995e-02
2,9.151000000e+00,9.283557153e-02,9.288915995e-02
2,9.161000000e+00,9.283557153e-02,9.288915995e-02
2,9.171000000e+00,9.283557153e-02,9.288915995e-02
2,9.181000000e+00,9.283557153e-02,9.288915995e-02
2,9.191000000e+00,9.283557153e-02,9.288915995e-02
2,9.201000000e+00,9.283557153e-02,9.288915995e-02
2,9.211000000e+00,9.283557153e-02,9.288915995e-02
2,9.221000000e+00,9.283557153e-02,9.288915995e-02
2,9.231000000e+00,9.283557153e-02,9.288915995e-02
2,9.241000000e+00,9.283557153e-02,9.288915995e-02
2,9.251000000e+00,9.283557153e-02,9.288915995e-02
2,9.261000000e+00,9.283557153e-02,9.288915995e-02
2,9.271000000e+00,9.283557153e-02,9.288915995e-02
2,9.281000000e+00,9.283557153e-02,9.288915995e-02
2,9.291000000e+00,9.283557153e-02,9.288915995e-02
2,9.301000000e+00,9.283557153e-02,9.288915995e-02
2,9.311000000e+00,9.283557153e-02,9.288915995e-02
2,9.321000000e+00,9.283557153e-02,9.288915995e-02
2,9.331000000e+00,9.283557153e-02,9.288915995e-02
2,9.341000000e+00,9.283557153e-02,9.288915995e-02
2,9.351000000e+00,9.283557153e-02,9.288915995e-02
2,9.361000000e+00,9.283557153e-02,9.288915995e-02
2,9.371000000e+00,9.283557153e-02,9.288915995e-02
2,9.381000000e+00,9.283557153e-02,9.288915995e-02
2,9.391000000e+00,9.283557153e-02,9.288915995e-02
2,9.401000000e+00,9.283557153e-02,9.288915995e-02
2,9.411000000e+00,9.283557153e-02,9.288915995e-02
2,9.421000000e+00,9.283557153e-02,9.288915995e-02
2,9.431000000e+00,9.283557153e-02,9.288915995e-02
2,9.441000000e+00,9.283557153e-02,9.288915995e-02
2,9.451000000e+00,9.283557153e-02,9.288915995e-02
2,9.461000000e+00,9.283557153e-02,9.288915995e-02
2,9.471000000e+00,9.283557153e-02,9.288915995e-02
2,9.481000000e+00,9.283557153e-02,9.288915995e-02
2,9.491000000e+00,9.283557153e-02,9.288915995e-02
2,9.501000000e+00,9.283557153e-02,9.288915995e-02
2,9.511000000e+00,9.283557153e-02,9.288915995e-02
2,9.521000000e+00,9.283557153e-02,9.288915995e-02
2,9.531000000e+00,9.283557153e-02,9.288915995e-02
2,9.541000000e+00,9.283557153e-02,9.288915995e-02
2,9.551000000e+00,9.283557153e-02,9.288915995e-02
2,9.561000000e+00,9.283557153e-02,9.288915995e-02
2,9.571000000e+00,9.283557153e-02,9.288915995e-02
2,9.581000000e+00,9.283557153e-02,9.288915995e-02
2,9.591000000e+00,9.283557153e-02,9.288915995e-02
2,9.601000000e+00,9.283557153e-02,9.288915995e-02
2,9.611000000e+00,9.283557153e-02,9.288915995e-02
2,9.621000000e+00,9.283557153e-02,9.288915995e-02
2,9.631000000e+00,9.283557153e-02,9.288915995e-02
2,9.641000000e+00,9.283557153e-02,9.288915995e-02
2,9.651000000e+00,9.283557153e-02,9.288915995e-02
2,9.661000000e+00,9.283557153e-02,9.288915995e-02
2,9.671000000e+00,9.283557153e-02,9.288915995e-02
2,9.681000000e+00,9.283557153e-02,9.288915995e-02
2,9.691000000e+00,9.283557153e-02,9.288915995e-02
2,9.701000000e+00,9.283557153e-02,9.288915995e-02
2,9.711000000e+00,9.283557153e-02,9.288915995e-02
2,9.721000000e+00,9.283557153e-02,9.288915995e-02
2,9.731000000e+00,9.283557153e-02,9.288915995e-02
2,9.741000000e+00,9.283557153e-02,9.288915995e-02
2,9.751000000e+00,9.283557153e-02,9.288915995e-02
2,9.761000000e+00,9.283557153e-02,9.288915995e-02
2,9.771000000e+00,9.283557153e-02,9.288915995e-02
2,9.781000000e+00,9.283557153e-02,9.288915995e-02
2,9.791000000e+00,9.283557153e-02,9.288915995e-02
2,9.801000000e+00,9.283557153e-02,9.288915995e-02
2,9.811000000e+00,9.283557153e-02,9.288915995e-02
2,9.821000000e+00,9.283557153e-02,9.288915995e-02
2,9.831000000e+00,9.283557153e-02,9.288915995e-02
2,9.841000000e+00,9.283557153e-02,9.288915995e-02
2,9.851000000e+00,9.283557153e-02,9.288915995e-02
2,9.861000000e+00,9.283557153e-02,9.288915995e-02
2,9.871000000e+00,9.283557153e-02,9.288915995e-02
2,9.881000000e+00,9.283557153e-02,9.288915995e-02
2,9.891000000e+00,9.283557153e-02,9.288915995e-02
2,9.901000000e+00,9.283557153e-02,9.288915995e-02
2,9.911000000e+00,9.283557153e-02,9.288915995e-02
2,9.921000000e+00,9.283557153e-02,9.288915995e-02
2,9.931000000e+00,9.283557153e-02,9.288915995e-02
2,9.941000000e+00,9.283557153e-02,9.288915995e-02
2,9.951000000e+00,9.283557153e-02,9.288915995e-02
2,9.961000000e+00,9.283557153e-02,9.288915995e-02
2,9.971000000e+00,9.283557153e-02,9.288915995e-02
2,9.981000000e+00,9.283557153e-02,9.288915995e-02
2,9.991000000e+00,9.283557153e-02,9.288915995e-02
2,1.000100000e+01,9.283557153e-02,9.288915995e-02
4,0.000000000e+00,2.000000000e-04,0.000000000e+00
4,1.000000000e-02,5.599070083e-02,4.433299200e-01
4,2.100000000e-02,6.272299047e-02,3.648105198e-01
4,3.100000000e-02,6.692673001e-02,3.247487800e-01
4,4.100000000e-02,7.022716745e-02,2.974290928e-01
4,5.100000000e-02,7.294643703e-02,2.772706641e-01
4,6.100000000e-02,7.526209718e-02,2.615842017e-01
4,7.100000000e-02,7.728182035e-02,2.489055461e-01
4,8.100000000e-02,7.907547273e-02,2.383638644e-01
4,9.100000000e-02,8.069080091e-02,2.294055565e-01
4,1.010000000e-01,8.216180752e-02,2.216599579e-01
4,1.110000000e-01,8.351353215e-02,2.148683809e-01
4,1.210000000e-01,8.476493085e-02,2.088440723e-01
4,1.310000000e-01,8.593068908e-02,2.034483702e-01
4,1.410000000e-01,8.702240699e-02,1.985758592e-01
4,1.510000000e-01,8.804939964e-02,1.941447712e-01
4,1.610000000e-01,8.901925307e-02,1.900905740e-01
4,1.710000000e-01,8.993822010e-02,1.863615662e-01
4,1.810000000e-01,9.081150893e-02,1.829157761e-01
4,1.910000000e-01,9.164349759e-02,1.797187291e-01
4,2.010000000e-01,9.243789645e-02,1.767418101e-01
4,2.110000000e-01,9.319787319e-02,1.739610410e-01
4,2.210000000e-01,9.392615059e-02,1.713561547e-01
4,2.310000000e-01,9.462508380e-02,1.689098827e-01
4,2.410000000e-01,9.529672234e-02,1.666074027e-01
4,2.510000000e-01,9.594286012e-02,1.644359027e-01
4,2.610000000e-01,9.656507629e-02,1.623842365e-01
4,2.710000000e-01,9.716476883e-02,1.604426470e-01
4,2.810000000e-01,9.774318219e-02,1.586025435e-01
4,2.910000000e-01,9.830143037e-02,1.568563201e-01
4,3.010000000e-01,9.884051612e-02,1.551972081e-01
4,3.110000000e-01,9.936134695e-02,1.536191536e-01
4,3.210000000e-01,9.986474869e-02,1.521167168e-01
4,3.310000000e-01,1.003514768e-01,1.506849884e-01
4,3.410000000e-01,1.008222258e-01,1.493195192e-01
4,3.510000000e-01,1.012776377e-01,1.480162611e-01
4,3.610000000e-01,1.017183083e-01,1.467715180e-01
4,3.710000000e-01,1.021447935e-01,1.455819030e-01
4,3.810000000e-01,1.025576138e-01,1.444443031e-01
4,3.910000000e-01,1.029572588e-01,1.433558485e-01
4,4.010000000e-01,1.033441902e-01,1.423138861e-01
4,4.110000000e-01,1.037188454e-01,1.413159569e-01
4,4.210000000e-01,1.040816399e-01,1.403597765e-01
4,4.310000000e-01,1.044329691e-01,1.394432182e-01
4,4.410000000e-01,1.047732107e-01,1.385642974e-01
4,4.510000000e-01,1.051027259e-01,1.377211595e-01
4,4.610000000e-01,1.054218612e-01,1.369120678e-01
4,4.710000000e-01,1.057309490e-01,1.361353935e-01
4,4.810000000e-01,1.060303092e-01,1.353896067e-01
4,4.910000000e-01,1.063202498e-01,1.346732686e-01
4,5.010000000e-01,1.066010678e-01,1.339850240e-01
4,5.110000000e-01,1.068730495e-01,1.333235952e-01
4,5.210000000e-01,1.071364718e-01,1.326877761e-01
4,5.310000000e-01,1.073916021e-01,1.320764270e-01
4,5.410000000e-01,1.076386991e-01,1.314884700e-01
4,5.510000000e-01,1.078780129e-01,1.309228847e-01
4,5.610000000e-01,1.081097859e-01,1.303787042e-01
4,5.710000000e-01,1.083342526e-01,1.298550116e-01
4,5.810000000e-01,1.085516403e-01,1.293509369e-01
4,5.910000000e-01,1.087621690e-01,1.288656540e-01
4,6.010000000e-01,1.089660522e-01,1.283983777e-01
4,6.110000000e-01,1.091634966e-01,1.279483615e-01
4,6.210000000e-01,1.093547026e-01,1.275148952e-01
4,6.310000000e-01,1.095398645e-01,1.270973026e-01
4,6.410000000e-01,1.097191707e-01,1.266949398e-01
4,6.510000000e-01,1.098928037e-01,1.263071930e-01
4,6.610000000e-01,1.100609406e-01,1.259334771e-01
4,6.710000000e-01,1.102237530e-01,1.255732339e-01
4,6.810000000e-01,1.103814075e-01,1.252259308e-01
4,6.910000000e-01,1.105340652e-01,1.248910593e-01
4,7.010000000e-01,1.106818828e-01,1.245681335e-01
4,7.110000000e-01,1.108250117e-01,1.242566893e-01
4,7.210000000e-01,1.109635991e-01,1.239562832e-01
4,7.310000000e-01,1.110977875e-01,1.236664908e-01
4,7.410000000e-01,1.112277150e-01,1.233869063e-01
4,7.510000000e-01,1.113535156e-01,1.231171414e-01
4,7.610000000e-01,1.114753190e-01,1.228568243e-01
4,7.710000000e-01,1.115932511e-01,1.226055991e-01
4,7.810000000e-01,1.117074339e-01,1.223631247e-01
4,7.910000000e-01,1.118179855e-01,1.221290744e-01
4,8.010000000e-01,1.119250205e-01,1.219031353e-01
4,8.110000000e-01,1.120286498e-01,1.216850070e-01
4,8.210000000e-01,1.121289810e-01,1.214744016e-01
4,8.310000000e-01,1.122261184e-01,1.212710431e-01
4,8.410000000e-01,1.123201628e-01,1.210746664e-01
4,8.510000000e-01,1.124112123e-01,1.208850173e-01
4,8.610000000e-01,1.124993614e-01,1.207018517e-01
4,8.710000000e-01,1.125847022e-01,1.205249351e-01
4,8.810000000e-01,1.126673235e-01,1.203540424e-01
4,8.910000000e-01,1.127473115e-01,1.201889573e-01
4,9.010000000e-01,1.128247499e-01,1.200294721e-01
4,9.110000000e-01,1.128997193e-01,1.198753871e-01
4,9.210000000e-01,1.129722983e-01,1.197265101e-01
4,9.310000000e-01,1.130425626e-01,1.195826567e-01
4,9.410000000e-01,1.131105858e-01,1.194436494e-01
4,9.510000000e-01,1.131764390e-01,1.193093173e-01
4,9.610000000e-01,1.132401913e-01,1.191794963e-01
4,9.710000000e-01,1.133019094e-01,1.190540284e-01
4,9.810000000e-01,1.133616580e-01,1.189327613e-01
4,9.910000000e-01,1.134194998e-01,1.188155488e-01
4,1.001000000e+00,1.134754954e-01,1.187022498e-01
4,1.011000000e+00,1.135297035e-01,1.185927288e-01
4,1.021000000e+00,1.135821811e-01,1.184868549e-01
4,1.031000000e+00,1.136329832e-01,1.183845024e-01
4,1.041000000e+00,1.136821632e-01,1.182855499e-01
4,1.051000000e+00,1.137297728e-01,1.181898808e-01
4,1.061000000e+00,1.137758620e-01,1.180973823e-01
4,1.071000000e+00,1.138204792e-01,1.180079462e-01
4,1.081000000e+00,1.138636714e-01,1.179214677e-01
4,1.091000000e+00,1.139054840e-01,1.178378461e-01
4,1.101000000e+00,1.139459609e-01,1.177569843e-01
4,1.111000000e+00,1.139851448e-01,1.176787885e-01
4,1.121000000e+00,1.140230768e-01,1.176031685e-01
4,1.131000000e+00,1.140597970e-01,1.175300371e-01
4,1.141000000e+00,1.140953439e-01,1.174593102e-01
4,1.151000000e+00,1.141297550e-01,1.173909069e-01
4,1.161000000e+00,1.141630665e-01,1.173247488e-01
4,1.171000000e+00,1.141953135e-01,1.172607606e-01
4,1.181000000e+00,1.142265300e-01,1.171988694e-01
4,1.191000000e+00,1.142567489e-01,1.171390050e-01
4,1.201000000e+00,1.142860020e-01,1.170810996e-01
4,1.211000000e+00,1.143143201e-01,1.170250876e-01
4,1.221000000e+00,1.143417331e-01,1.169709060e-01
4,1.231000000e+00,1.143682699e-01,1.169184937e-01
4,1.241000000e+00,1.143939585e-01,1.168677918e-01
4,1.251000000e+00,1.144188260e-01,1.168187435e-01
4,1.261000000e+00,1.144428985e-01,1.167712939e-01
4,1.271000000e+00,1.144662015e-01,1.167253899e-01
4,1.281000000e+00,1.144887595e-01,1.166809804e-01
4,1.291000000e+00,1.145105964e-01,1.166380159e-01
4,1.301000000e+00,1.145317351e-01,1.165964486e-01
4,1.311000000e+00,1.145521981e-01,1.165562324e-01
4,1.321000000e+00,1.145720068e-01,1.165173227e-01
4,1.331000000e+00,1.145911821e-01,1.164796765e-01
4,1.341000000e+00,1.146097444e-01,1.164432521e-01
4,1.351000000e+00,1.146277132e-01,1.164080094e-01
4,1.361000000e+00,1.146451074e-01,1.163739095e-01
4,1.371000000e+00,1.146619455e-01,1.163409149e-01
4,1.381000000e+00,1.146782451e-01,1.163089893e-01
4,1.391000000e+00,1.146940236e-01,1.162780977e-01
4,1.401000000e+00,1.147092975e-01,1.162482061e-01
4,1.411000000e+00,1.147240830e-01,1.162192819e-01
4,1.421000000e+00,1.147383957e-01,1.161912934e-01
4,1.431000000e+00,1.147522506e-01,1.161642100e-01
4,1.441000000e+00,1.147656626e-01,1.161380021e-01
4,1.451000000e+00,1.147786456e-01,1.161126412e-01
4,1.461000000e+00,1.147912134e-01,1.160880996e-01
4,1.471000000e+00,1.148033794e-01,1.160643506e-01
4,1.481000000e+00,1.148151562e-01,1.160413684e-01
4,1.491000000e+00,1.148265564e-01,1.160191279e-01
4,1.501000000e+00,1.148375920e-01,1.159976052e-01
4,1.511000000e+00,1.148482747e-01,1.159767767e-01
4,1.521000000e+00,1.148586158e-01,1.159566199e-01
4,1.531000000e+00,1.148686261e-01,1.159371131e-01
4,1.541000000e+00,1.148783162e-01,1.159182350e-01
4,1.551000000e+00,1.148876965e-01,1.158999653e-01
4,1.561000000e+00,1.148967767e-01,1.158822843e-01
4,1.571000000e+00,1.149055665e-01,1.158651728e-01
4,1.581000000e+00,1.149140752e-01,1.158486123e-01
4,1.591000000e+00,1.149223117e-01,1.158325851e-01
4,1.601000000e+00,1.149302848e-01,1.158170738e-01
4,1.611000000e+00,1.149380029e-01,1.158020617e-01
4,1.621000000e+00,1.149454741e-01,1.157875327e-01
4,1.631000000e+00,1.149527064e-01,1.157734711e-01
4,1.641000000e+00,1.149597073e-01,1.157598618e-01
4,1.651000000e+00,1.149664843e-01,1.157466903e-01
4,1.661000000e+00,1.149730446e-01,1.157339422e-01
4,1.671000000e+00,1.149793950e-01,1.157216041e-01
4,1.681000000e+00,1.149855423e-01,1.157096625e-01
4,1.691000000e+00,1.149914929e-01,1.156981048e-01
4,1.701000000e+00,1.149972533e-01,1.156869185e-01
4,1.711000000e+00,1.150028293e-01,1.156760916e-01
4,1.721000000e+00,1.150082270e-01,1.156656125e-01
4,1.731000000e+00,1.150134521e-01,1.156554700e-01
4,1.741000000e+00,1.150185100e-01,1.156456533e-01
4,1.751000000e+00,1.150234061e-01,1.156361519e-01
4,1.761000000e+00,1.150281457e-01,1.156269555e-01
4,1.771000000e+00,1.150327336e-01,1.156180544e-01
4,1.781000000e+00,1.150371747e-01,1.156094391e-01
4,1.791000000e+00,1.150414738e-01,1.156011003e-01
4,1.801000000e+00,1.150456354e-01,1.155930292e-01
4,1.811000000e+00,1.150496639e-01,1.155852170e-01
4,1.821000000e+00,1.150535635e-01,1.155776556e-01
4,1.831000000e+00,1.150573383e-01,1.155703367e-01
4,1.841000000e+00,1.150609924e-01,1.155632527e-01
4,1.851000000e+00,1.150645297e-01,1.155563959e-01
4,1.861000000e+00,1.150679537e-01,1.155497591e-01
4,1.871000000e+00,1.150712683e-01,1.155433352e-01
4,1.881000000e+00,1.150744768e-01,1.155371172e-01
4,1.891000000e+00,1.150775826e-01,1.155310987e-01
4,1.901000000e+00,1.150805892e-01,1.155252732e-01
4,1.911000000e+00,1.150834995e-01,1.155196345e-01
4,1.921000000e+00,1.150863168e-01,1.155141765e-01
4,1.931000000e+00,1.150890439e-01,1.155088935e-01
4,1.941000000e+00,1.150916838e-01,1.155037799e-01
4,1.951000000e+00,1.150942392e-01,1.154988302e-01
4,1.961000000e+00,1.150967129e-01,1.154940392e-01
4,1.971000000e+00,1.150991075e-01,1.154894017e-01
4,1.981000000e+00,1.151014254e-01,1.154849129e-01
4,1.991000000e+00,1.151036693e-01,1.154805679e-01
4,2.001000000e+00,1.151058413e-01,1.154763621e-01
4,2.011000000e+00,1.151079438e-01,1.154722912e-01
4,2.021000000e+00,1.151099791e-01,1.154683506e-01
4,2.031000000e+00,1.151119493e-01,1.154645363e-01
4,2.041000000e+00,1.151138565e-01,1.154608443e-01
4,2.051000000e+00,1.151157026e-01,1.154572705e-01
4,2.061000000e+00,1.151174897e-01,1.154538112e-01
4,2.071000000e+00,1.151192196e-01,1.154504627e-01
4,2.081000000e+00,1.151208942e-01,1.154472215e-01
4,2.091000000e+00,1.151225152e-01,1.154440841e-01
4,2.101000000e+00,1.151240844e-01,1.154410472e-01
4,2.111000000e+00,1.151256034e-01,1.154381075e-01
4,2.121000000e+00,1.151270737e-01,1.154352620e-01
4,2.131000000e+00,1.151284971e-01,1.154325077e-01
4,2.141000000e+00,1.151298749e-01,1.154298416e-01
4,2.151000000e+00,1.151312086e-01,1.154272608e-01
4,2.161000000e+00,1.151324996e-01,1.154247627e-01
4,2.171000000e+00,1.151337494e-01,1.154223446e-01
4,2.181000000e+00,1.151349592e-01,1.154200039e-01
4,2.191000000e+00,1.151361302e-01,1.154177381e-01
4,2.201000000e+00,1.151372638e-01,1.154155450e-01
4,2.211000000e+00,1.151383612e-01,1.154134220e-01
4,2.221000000e+00,1.151394234e-01,1.154113670e-01
4,2.231000000e+00,1.151404517e-01,1.154093778e-01
4,2.241000000e+00,1.151414471e-01,1.154074523e-01
4,2.251000000e+00,1.151424106e-01,1.154055884e-01
4,2.261000000e+00,1.151433433e-01,1.154037842e-01
4,2.271000000e+00,1.151442461e-01,1.154020378e-01
4,2.281000000e+00,1.151451201e-01,1.154003473e-01
4,2.291000000e+00,1.151459661e-01,1.153987109e-01
4,2.301000000e+00,1.151467851e-01,1.153971269e-01
4,2.311000000e+00,1.151475779e-01,1.153955935e-01
4,2.321000000e+00,1.151483453e-01,1.153941093e-01
4,2.331000000e+00,1.151490881e-01,1.153926726e-01
4,2.341000000e+00,1.151498072e-01,1.153912819e-01
4,2.351000000e+00,1.151505033e-01,1.153899356e-01
4,2.361000000e+00,1.151511771e-01,1.153886325e-01
4,2.371000000e+00,1.151518293e-01,1.153873711e-01
4,2.381000000e+00,1.151524607e-01,1.153861500e-01
4,2.391000000e+00,1.151530719e-01,1.153849681e-01
4,2.401000000e+00,1.151536635e-01,1.153838239e-01
4,2.411000000e+00,1.151542363e-01,1.153827164e-01
4,2.421000000e+00,1.151547906e-01,1.153816444e-01
4,2.431000000e+00,1.151553273e-01,1.153806066e-01
4,2.441000000e+00,1.151558468e-01,1.153796021e-01
4,2.451000000e+00,1.151563497e-01,1.153786297e-01
4,2.461000000e+00,1.151568364e-01,1.153776884e-01
4,2.471000000e+00,1.151573076e-01,1.153767772e-01
4,2.481000000e+00,1.151577638e-01,1.153758952e-01
4,2.491000000e+00,1.151582053e-01,1.153750415e-01
4,2.501000000e+00,1.151586327e-01,1.153742150e-01
4,2.511000000e+00,1.151590465e-01,1.153734150e-01
4,2.521000000e+00,1.151594470e-01,1.153726406e-01
4,2.531000000e+00,1.151598347e-01,1.153718910e-01
4,2.541000000e+00,1.151602100e-01,1.153711654e-01
4,2.551000000e+00,1.151605733e-01,1.153704630e-01
4,2.561000000e+00,1.151609249e-01,1.153697831e-01
4,2.571000000e+00,1.151612653e-01,1.153691249e-01
4,2.581000000e+00,1.151615949e-01,1.153684878e-01
4,2.591000000e+00,1.151619138e-01,1.153678711e-01
4,2.601000000e+00,1.151622226e-01,1.153672741e-01
4,2.611000000e+00,1.151625215e-01,1.153666962e-01
4,2.621000000e+00,1.151628108e-01,1.153661368e-01
4,2.631000000e+00,1.151630909e-01,1.153655953e-01
4,2.641000000e+00,1.151633620e-01,1.153650711e-01
4,2.651000000e+00,1.151636245e-01,1.153645637e-01
4,2.661000000e+00,1.151638785e-01,1.153640726e-01
4,2.671000000e+00,1.151641245e-01,1.153635971e-01
4,2.681000000e+00,1.151643625e-01,1.153631369e-01
4,2.691000000e+00,1.151645930e-01,1.153626914e-01
4,2.701000000e+00,1.151648160e-01,1.153622602e-01
4,2.711000000e+00,1.151650320e-01,1.153618427e-01
4,2.721000000e+00,1.151652410e-01,1.153614386e-01
4,2.731000000e+00,1.151654433e-01,1.153610474e-01
4,2.741000000e+00,1.151656392e-01,1.153606688e-01
4,2.751000000e+00,1.151658288e-01,1.153603023e-01
4,2.761000000e+00,1.151660123e-01,1.153599474e-01
4,2.771000000e+00,1.151661900e-01,1.153596040e-01
4,2.781000000e+00,1.151663620e-01,1.153592715e-01
4,2.791000000e+00,1.151665284e-01,1.153589497e-01
4,2.801000000e+00,1.151666896e-01,1.153586382e-01
4,2.811000000e+00,1.151668456e-01,1.153583366e-01
4,2.821000000e+00,1.151669966e-01,1.153580447e-01
4,2.831000000e+00,1.151671428e-01,1.153577621e-01
4,2.841000000e+00,1.151672843e-01,1.153574886e-01
4,2.851000000e+00,1.151674212e-01,1.153572238e-01
4,2.861000000e+00,1.151675538e-01,1.153569675e-01
4,2.871000000e+00,1.151676822e-01,1.153567194e-01
4,2.881000000e+00,1.151678064e-01,1.153564792e-01
4,2.891000000e+00,1.151679267e-01,1.153562467e-01
4,2.901000000e+00,1.151680431e-01,1.153560217e-01
4,2.911000000e+00,1.151681558e-01,1.153558038e-01
4,2.921000000e+00,1.151682649e-01,1.153555929e-01
4,2.931000000e+00,1.151683705e-01,1.153553888e-01
4,2.941000000e+00,1.151684727e-01,1.153551912e-01
4,2.951000000e+00,1.151685717e-01,1.153549999e-01
4,2.961000000e+00,1.151686674e-01,1.153548148e-01
4,2.971000000e+00,1.151687602e-01,1.153546355e-01
4,2.981000000e+00,1.151688499e-01,1.153544620e-01
4,2.991000000e+00,1.151689368e-01,1.153542941e-01
4,3.001000000e+00,1.151690209e-01,1.153541315e-01
4,3.011000000e+00,1.151691023e-01,1.153539741e-01
4,3.021000000e+00,1.151691811e-01,1.153538218e-01
4,3.031000000e+00,1.151692574e-01,1.153536743e-01
4,3.041000000e+00,1.151693313e-01,1.153535316e-01
4,3.051000000e+00,1.151694027e-01,1.153533934e-01
4,3.061000000e+00,1.151694719e-01,1.153532596e-01
4,3.071000000e+00,1.151695389e-01,1.153531301e-01
4,3.081000000e+00,1.151696038e-01,1.153530048e-01
4,3.091000000e+00,1.151696665e-01,1.153528835e-01
4,3.101000000e+00,1.151697273e-01,1.153527660e-01
4,3.111000000e+00,1.151697861e-01,1.153526523e-01
4,3.121000000e+00,1.151698430e-01,1.153525423e-01
4,3.131000000e+00,1.151698982e-01,1.153524357e-01
4,3.141000000e+00,1.151699515e-01,1.153523326e-01
4,3.151000000e+00,1.151700032e-01,1.153522328e-01
4,3.161000000e+00,1.151700531e-01,1.153521362e-01
4,3.171000000e+00,1.151701015e-01,1.153520426e-01
4,3.181000000e+00,1.151701484e-01,1.153519521e-01
4,3.191000000e+00,1.151701937e-01,1.153518644e-01
4,3.201000000e+00,1.151702376e-01,1.153517796e-01
4,3.211000000e+00,1.151702801e-01,1.153516974e-01
4,3.221000000e+00,1.151703212e-01,1.153516179e-01
4,3.231000000e+00,1.151703611e-01,1.153515410e-01
4,3.241000000e+00,1.151703996e-01,1.153514665e-01
4,3.251000000e+00,1.151704369e-01,1.153513944e-01
4,3.261000000e+00,1.151704730e-01,1.153513246e-01
4,3.271000000e+00,1.151705080e-01,1.153512570e-01
4,3.281000000e+00,1.151705418e-01,1.153511916e-01
4,3.291000000e+00,1.151705746e-01,1.153511283e-01
4,3.301000000e+00,1.151706063e-01,1.153510670e-01
4,3.311000000e+00,1.151706370e-01,1.153510076e-01
4,3.321000000e+00,1.151706667e-01,1.153509502e-01
4,3.331000000e+00,1.151706955e-01,1.153508946e-01
4,3.341000000e+00,1.151707233e-01,1.153508408e-01
4,3.351000000e+00,1.151707503e-01,1.153507887e-01
4,3.361000000e+00,1.151707763e-01,1.153507382e-01
4,3.371000000e+00,1.151708016e-01,1.153506894e-01
4,3.381000000e+00,1.151708260e-01,1.153506422e-01
4,3.391000000e+00,1.151708497e-01,1.153505964e-01
4,3.401000000e+00,1.151708726e-01,1.153505521e-01
4,3.411000000e+00,1.151708948e-01,1.153505093e-01
4,3.421000000e+00,1.151709163e-01,1.153504678e-01
4,3.431000000e+00,1.151709370e-01,1.153504276e-01
4,3.441000000e+00,1.151709572e-01,1.153503887e-01
4,3.451000000e+00,1.151709766e-01,1.153503511e-01
4,3.461000000e+00,1.151709955e-01,1.153503147e-01
4,3.471000000e+00,1.151710137e-01,1.153502794e-01
4,3.481000000e+00,1.151710314e-01,1.153502453e-01
4,3.491000000e+00,1.151710485e-01,1.153502122e-01
4,3.501000000e+00,1.151710650e-01,1.153501802e-01
4,3.511000000e+00,1.151710810e-01,1.153501493e-01
4,3.521000000e+00,1.151710965e-01,1.153501193e-01
4,3.531000000e+00,1.151711116e-01,1.153500903e-01
4,3.541000000e+00,1.151711261e-01,1.153500622e-01
4,3.551000000e+00,1.151711402e-01,1.153500350e-01
4,3.561000000e+00,1.151711538e-01,1.153500087e-01
4,3.571000000e+00,1.151711670e-01,1.153499832e-01
4,3.581000000e+00,1.151711797e-01,1.153499585e-01
4,3.591000000e+00,1.151711921e-01,1.153499347e-01
4,3.601000000e+00,1.151712040e-01,1.153499116e-01
4,3.611000000e+00,1.151712156e-01,1.153498892e-01
4,3.621000000e+00,1.151712268e-01,1.153498675e-01
4,3.631000000e+00,1.151712376e-01,1.153498466e-01
4,3.641000000e+00,1.151712481e-01,1.153498263e-01
4,3.651000000e+00,1.151712583e-01,1.153498066e-01
4,3.661000000e+00,1.151712681e-01,1.153497876e-01
4,3.671000000e+00,1.151712777e-01,1.153497692e-01
4,3.681000000e+00,1.151712869e-01,1.153497514e-01
4,3.691000000e+00,1.151712958e-01,1.153497342e-01
4,3.701000000e+00,1.151713044e-01,1.153497175e-01
4,3.711000000e+00,1.151713128e-01,1.153497013e-01
4,3.721000000e+00,1.151713209e-01,1.153496857e-01
4,3.731000000e+00,1.151713287e-01,1.153496705e-01
4,3.741000000e+00,1.151713363e-01,1.153496559e-01
4,3.751000000e+00,1.151713437e-01,1.153496417e-01
4,3.761000000e+00,1.151713508e-01,1.153496279e-01
4,3.771000000e+00,1.151713576e-01,1.153496146e-01
4,3.781000000e+00,1.151713643e-01,1.153496018e-01
4,3.791000000e+00,1.151713707e-01,1.153495893e-01
4,3.801000000e+00,1.151713770e-01,1.153495772e-01
4,3.811000000e+00,1.151713830e-01,1.153495656e-01
4,3.821000000e+00,1.151713889e-01,1.153495543e-01
4,3.831000000e+00,1.151713945e-01,1.153495433e-01
4,3.841000000e+00,1.151714000e-01,1.153495327e-01
4,3.851000000e+00,1.151714053e-01,1.153495225e-01
4,3.861000000e+00,1.151714104e-01,1.153495126e-01
4,3.871000000e+00,1.151714154e-01,1.153495030e-01
4,3.881000000e+00,1.151714202e-01,1.153494937e-01
4,3.891000000e+00,1.151714249e-01,1.153494847e-01
4,3.901000000e+00,1.151714294e-01,1.153494759e-01
4,3.911000000e+00,1.151714338e-01,1.153494675e-01
4,3.921000000e+00,1.151714380e-01,1.153494593e-01
4,3.931000000e+00,1.151714421e-01,1.153494514e-01
4,3.941000000e+00,1.151714460e-01,1.153494438e-01
4,3.951000000e+00,1.151714499e-01,1.153494364e-01
4,3.961000000e+00,1.151714536e-01,1.153494292e-01
4,3.971000000e+00,1.151714572e-01,1.153494223e-01
4,3.981000000e+00,1.151714606e-01,1.153494156e-01
4,3.991000000e+00,1.151714640e-01,1.153494091e-01
4,4.001000000e+00,1.151714672e-01,1.153494028e-01
4,4.011000000e+00,1.151714704e-01,1.153493967e-01
4,4.021000000e+00,1.151714735e-01,1.153493908e-01
4,4.031000000e+00,1.151714764e-01,1.153493851e-01
4,4.041000000e+00,1.151714793e-01,1.153493795e-01
4,4.051000000e+00,1.151714820e-01,1.153493742e-01
4,4.061000000e+00,1.151714847e-01,1.153493690e-01
4,4.071000000e+00,1.151714873e-01,1.153493640e-01
4,4.081000000e+00,1.151714898e-01,1.153493591e-01
4,4.091000000e+00,1.151714922e-01,1.153493544e-01
4,4.101000000e+00,1.151714946e-01,1.153493499e-01
4,4.111000000e+00,1.151714969e-01,1.153493455e-01
4,4.121000000e+00,1.151714991e-01,1.153493412e-01
4,4.131000000e+00,1.151715012e-01,1.153493371e-01
4,4.141000000e+00,1.151715033e-01,1.153493331e-01
4,4.151000000e+00,1.151715053e-01,1.153493293e-01
4,4.161000000e+00,1.151715072e-01,1.153493255e-01
4,4.171000000e+00,1.151715091e-01,1.153493219e-01
4,4.181000000e+00,1.151715109e-01,1.153493184e-01
4,4.191000000e+00,1.151715127e-01,1.153493150e-01
4,4.201000000e+00,1.151715144e-01,1.153493117e-01
4,4.211000000e+00,1.151715160e-01,1.153493085e-01
4,4.221000000e+00,1.151715176e-01,1.153493054e-01
4,4.231000000e+00,1.151715191e-01,1.153493025e-01
4,4.241000000e+00,1.151715206e-01,1.153492996e-01
4,4.251000000e+00,1.151715221e-01,1.153492968e-01
4,4.261000000e+00,1.151715235e-01,1.153492941e-01
4,4.271000000e+00,1.151715248e-01,1.153492915e-01
4,4.281000000e+00,1.151715261e-01,1.153492889e-01
4,4.291000000e+00,1.151715274e-01,1.153492865e-01
4,4.301000000e+00,1.151715286e-01,1.153492841e-01
4,4.311000000e+00,1.151715298e-01,1.153492818e-01
4,4.321000000e+00,1.151715310e-01,1.153492796e-01
4,4.331000000e+00,1.151715321e-01,1.153492774e-01
4,4.341000000e+00,1.151715332e-01,1.153492754e-01
4,4.351000000e+00,1.151715342e-01,1.153492733e-01
4,4.361000000e+00,1.151715352e-01,1.153492714e-01
4,4.371000000e+00,1.151715362e-01,1.153492695e-01
4,4.381000000e+00,1.151715371e-01,1.153492677e-01
4,4.391000000e+00,1.151715381e-01,1.153492659e-01
4,4.401000000e+00,1.151715389e-01,1.153492642e-01
4,4.411000000e+00,1.151715398e-01,1.153492625e-01
4,4.421000000e+00,1.151715406e-01,1.153492609e-01
4,4.431000000e+00,1.151715414e-01,1.153492594e-01
4,4.441000000e+00,1.151715422e-01,1.153492579e-01
4,4.451000000e+00,1.151715430e-01,1.153492564e-01
4,4.461000000e+00,1.151715437e-01,1.153492550e-01
4,4.471000000e+00,1.151715444e-01,1.153492536e-01
4,4.481000000e+00,1.151715451e-01,1.153492523e-01
4,4.491000000e+00,1.151715458e-01,1.153492510e-01
4,4.501000000e+00,1.151715464e-01,1.153492498e-01
4,4.511000000e+00,1.151715470e-01,1.153492486e-01
4,4.521000000e+00,1.151715476e-01,1.153492474e-01
4,4.531000000e+00,1.151715482e-01,1.153492463e-01
4,4.541000000e+00,1.151715488e-01,1.153492452e-01
4,4.551000000e+00,1.151715493e-01,1.153492442e-01
4,4.561000000e+00,1.151715498e-01,1.153492431e-01
4,4.571000000e+00,1.151715503e-01,1.153492422e-01
4,4.581000000e+00,1.151715508e-01,1.153492412e-01
4,4.591000000e+00,1.151715513e-01,1.153492403e-01
4,4.601000000e+00,1.151715518e-01,1.153492394e-01
4,4.611000000e+00,1.151715522e-01,1.153492385e-01
4,4.621000000e+00,1.151715527e-01,1.153492377e-01
4,4.631000000e+00,1.151715531e-01,1.153492369e-01
4,4.641000000e+00,1.151715535e-01,1.153492361e-01
4,4.651000000e+00,1.151715539e-01,1.153492353e-01
4,4.661000000e+00,1.151715543e-01,1.153492346e-01
4,4.671000000e+00,1.151715546e-01,1.153492339e-01
4,4.681000000e+00,1.151715550e-01,1.153492332e-01
4,4.691000000e+00,1.151715553e-01,1.153492325e-01
4,4.701000000e+00,1.151715557e-01,1.153492319e-01
4,4.711000000e+00,1.151715560e-01,1.153492312e-01
4,4.721000000e+00,1.151715563e-01,1.153492306e-01
4,4.731000000e+00,1.151715566e-01,1.153492300e-01
4,4.741000000e+00,1.151715569e-01,1.153492295e-01
4,4.751000000e+00,1.151715572e-01,1.153492289e-01
4,4.761000000e+00,1.151715575e-01,1.153492284e-01
4,4.771000000e+00,1.151715577e-01,1.153492279e-01
4,4.781000000e+00,1.151715580e-01,1.153492274e-01
4,4.791000000e+00,1.151715582e-01,1.153492269e-01
4,4.801000000e+00,1.151715585e-01,1.153492264e-01
4,4.811000000e+00,1.151715587e-01,1.153492260e-01
4,4.821000000e+00,1.151715589e-01,1.153492255e-01
4,4.831000000e+00,1.151715592e-01,1.153492251e-01
4,4.841000000e+00,1.151715594e-01,1.153492247e-01
4,4.851000000e+00,1.151715596e-01,1.153492243e-01
4,4.861000000e+00,1.151715598e-01,1.153492239e-01
4,4.871000000e+00,1.151715600e-01,1.153492236e-01
4,4.881000000e+00,1.151715601e-01,1.153492232e-01
4,4.891000000e+00,1.151715603e-01,1.153492228e-01
4,4.901000000e+00,1.151715605e-01,1.153492225e-01
4,4.911000000e+00,1.151715607e-01,1.153492222e-01
4,4.921000000e+00,1.151715608e-01,1.153492219e-01
4,4.931000000e+00,1.151715610e-01,1.153492216e-01
4,4.941000000e+00,1.151715611e-01,1.153492213e-01
4,4.951000000e+00,1.151715613e-01,1.153492210e-01
4,4.961000000e+00,1.151715614e-01,1.153492207e-01
4,4.971000000e+00,1.151715616e-01,1.153492204e-01
4,4.981000000e+00,1.151715617e-01,1.153492202e-01
4,4.991000000e+00,1.151715618e-01,1.153492199e-01
4,5.001000000e+00,1.151715620e-01,1.153492197e-01
4,5.011000000e+00,1.151715621e-01,1.153492194e-01
4,5.021000000e+00,1.151715622e-01,1.153492192e-01
4,5.031000000e+00,1.151715623e-01,1.153492190e-01
4,5.041000000e+00,1.151715624e-01,1.153492188e-01
4,5.051000000e+00,1.151715625e-01,1.153492186e-01
4,5.061000000e+00,1.151715626e-01,1.153492184e-01
4,5.071000000e+00,1.151715627e-01,1.153492182e-01
4,5.081000000e+00,1.151715628e-01,1.153492180e-01
4,5.091000000e+00,1.151715629e-01,1.153492178e-01
4,5.101000000e+00,1.151715630e-01,1.153492176e-01
4,5.111000000e+00,1.151715631e-01,1.153492175e-01
4,5.121000000e+00,1.151715632e-01,1.153492173e-01
4,5.131000000e+00,1.151715633e-01,1.153492171e-01
4,5.141000000e+00,1.151715634e-01,1.153492170e-01
4,5.151000000e+00,1.151715634e-01,1.153492168e-01
4,5.161000000e+00,1.151715635e-01,1.153492167e-01
4,5.171000000e+00,1.151715636e-01,1.153492165e-01
4,5.181000000e+00,1.151715637e-01,1.153492164e-01
4,5.191000000e+00,1.151715637e-01,1.153492163e-01
4,5.201000000e+00,1.151715638e-01,1.153492162e-01
4,5.211000000e+00,1.151715639e-01,1.153492160e-01
4,5.221000000e+00,1.151715639e-01,1.153492159e-01
4,5.231000000e+00,1.151715640e-01,1.153492158e-01
4,5.241000000e+00,1.151715640e-01,1.153492157e-01
4,5.251000000e+00,1.151715641e-01,1.153492156e-01
4,5.261000000e+00,1.151715641e-01,1.153492155e-01
4,5.271000000e+00,1.151715642e-01,1.153492154e-01
4,5.281000000e+00,1.151715642e-01,1.153492153e-01
4,5.291000000e+00,1.151715643e-01,1.153492152e-01
4,5.301000000e+00,1.151715643e-01,1.153492151e-01
4,5.311000000e+00,1.151715644e-01,1.153492150e-01
4,5.321000000e+00,1.151715644e-01,1.153492149e-01
4,5.331000000e+00,1.151715645e-01,1.153492148e-01
4,5.341000000e+00,1.151715645e-01,1.153492147e-01
4,5.351000000e+00,1.151715646e-01,1.153492147e-01
4,5.361000000e+00,1.151715646e-01,1.153492146e-01
4,5.371000000e+00,1.151715646e-01,1.153492145e-01
4,5.381000000e+00,1.151715647e-01,1.153492144e-01
4,5.391000000e+00,1.151715647e-01,1.153492144e-01
4,5.401000000e+00,1.151715647e-01,1.153492143e-01
4,5.411000000e+00,1.151715648e-01,1.153492142e-01
4,5.421000000e+00,1.151715648e-01,1.153492142e-01
4,5.431000000e+00,1.151715648e-01,1.153492141e-01
4,5.441000000e+00,1.151715649e-01,1.153492141e-01
4,5.451000000e+00,1.151715649e-01,1.153492140e-01
4,5.461000000e+00,1.151715649e-01,1.153492140e-01
4,5.471000000e+00,1.151715650e-01,1.153492139e-01
4,5.481000000e+00,1.151715650e-01,1.153492139e-01
4,5.491000000e+00,1.151715650e-01,1.153492138e-01
4,5.501000000e+00,1.151715650e-01,1.153492138e-01
4,5.511000000e+00,1.151715651e-01,1.153492137e-01
4,5.521000000e+00,1.151715651e-01,1.153492137e-01
4,5.531000000e+00,1.151715651e-01,1.153492136e-01
4,5.541000000e+00,1.151715651e-01,1.153492136e-01
4,5.551000000e+00,1.151715651e-01,1.153492135e-01
4,5.561000000e+00,1.151715652e-01,1.153492135e-01
4,5.571000000e+00,1.151715652e-01,1.153492135e-01
4,5.581000000e+00,1.151715652e-01,1.153492134e-01
4,5.591000000e+00,1.151715652e-01,1.153492134e-01
4,5.601000000e+00,1.151715652e-01,1.153492134e-01
4,5.611000000e+00,1.151715653e-01,1.153492133e-01
4,5.621000000e+00,1.151715653e-01,1.153492133e-01
4,5.631000000e+00,1.151715653e-01,1.153492133e-01
4,5.641000000e+00,1.151715653e-01,1.153492132e-01
4,5.651000000e+00,1.151715653e-01,1.153492132e-01
4,5.661000000e+00,1.151715653e-01,1.153492132e-01
4,5.671000000e+00,1.151715654e-01,1.153492131e-01
4,5.681000000e+00,1.151715654e-01,1.153492131e-01
4,5.691000000e+00,1.151715654e-01,1.153492131e-01
4,5.701000000e+00,1.151715654e-01,1.153492131e-01
4,5.711000000e+00,1.151715654e-01,1.153492130e-01
4,5.721000000e+00,1.151715654e-01,1.153492130e-01
4,5.731000000e+00,1.151715654e-01,1.153492130e-01
4,5.741000000e+00,1.151715654e-01,1.153492130e-01
4,5.751000000e+00,1.151715655e-01,1.153492129e-01
4,5.761000000e+00,1.151715655e-01,1.153492129e-01
4,5.771000000e+00,1.151715655e-01,1.153492129e-01
4,5.781000000e+00,1.151715655e-01,1.153492129e-01
4,5.791000000e+00,1.151715655e-01,1.153492129e-01
4,5.801000000e+00,1.151715655e-01,1.153492128e-01
4,5.811000000e+00,1.151715655e-01,1.153492128e-01
4,5.821000000e+00,1.151715655e-01,1.153492128e-01
4,5.831000000e+00,1.151715655e-01,1.153492128e-01
4,5.841000000e+00,1.151715655e-01,1.153492128e-01
4,5.851000000e+00,1.151715655e-01,1.153492128e-01
4,5.861000000e+00,1.151715656e-01,1.153492128e-01
4,5.871000000e+00,1.151715656e-01,1.153492127e-01
4,5.881000000e+00,1.151715656e-01,1.153492127e-01
4,5.891000000e+00,1.151715656e-01,1.153492127e-01
4,5.901000000e+00,1.151715656e-01,1.153492127e-01
4,5.911000000e+00,1.151715656e-01,1.153492127e-01
4,5.921000000e+00,1.151715656e-01,1.153492127e-01
4,5.931000000e+00,1.151715656e-01,1.153492127e-01
4,5.941000000e+00,1.151715656e-01,1.153492126e-01
4,5.951000000e+00,1.151715656e-01,1.153492126e-01
4,5.961000000e+00,1.151715656e-01,1.153492126e-01
4,5.971000000e+00,1.151715656e-01,1.153492126e-01
4,5.981000000e+00,1.151715656e-01,1.153492126e-01
4,5.991000000e+00,1.151715656e-01,1.153492126e-01
4,6.001000000e+00,1.151715656e-01,1.153492126e-01
4,6.011000000e+00,1.151715656e-01,1.153492126e-01
4,6.021000000e+00,1.151715656e-01,1.153492126e-01
4,6.031000000e+00,1.151715657e-01,1.153492126e-01
4,6.041000000e+00,1.151715657e-01,1.153492126e-01
4,6.051000000e+00,1.151715657e-01,1.153492125e-01
4,6.061000000e+00,1.151715657e-01,1.153492125e-01
4,6.071000000e+00,1.151715657e-01,1.153492125e-01
4,6.081000000e+00,1.151715657e-01,1.153492125e-01
4,6.091000000e+00,1.151715657e-01,1.153492125e-01
4,6.101000000e+00,1.151715657e-01,1.153492125e-01
4,6.111000000e+00,1.151715657e-01,1.153492125e-01
4,6.121000000e+00,1.151715657e-01,1.153492125e-01
4,6.131000000e+00,1.151715657e-01,1.153492125e-01
4,6.141000000e+00,1.151715657e-01,1.153492125e-01
4,6.151000000e+00,1.151715657e-01,1.153492125e-01
4,6.161000000e+00,1.151715657e-01,1.153492125e-01
4,6.171000000e+00,1.151715657e-01,1.153492125e-01
4,6.181000000e+00,1.151715657e-01,1.153492125e-01
4,6.191000000e+00,1.151715657e-01,1.153492125e-01
4,6.201000000e+00,1.151715657e-01,1.153492125e-01
4,6.211000000e+00,1.151715657e-01,1.153492124e-01
4,6.221000000e+00,1.151715657e-01,1.153492124e-01
4,6.231000000e+00,1.151715657e-01,1.153492124e-01
4,6.241000000e+00,1.151715657e-01,1.153492124e-01
4,6.251000000e+00,1.151715657e-01,1.153492124e-01
4,6.261000000e+00,1.151715657e-01,1.153492124e-01
4,6.271000000e+00,1.151715657e-01,1.153492124e-01
4,6.281000000e+00,1.151715657e-01,1.153492124e-01
4,6.291000000e+00,1.151715657e-01,1.153492124e-01
4,6.301000000e+00,1.151715657e-01,1.153492124e-01
4,6.311000000e+00,1.151715657e-01,1.153492124e-01
4,6.321000000e+00,1.151715657e-01,1.153492124e-01
4,6.331000000e+00,1.151715657e-01,1.153492124e-01
4,6.341000000e+00,1.151715657e-01,1.153492124e-01
4,6.351000000e+00,1.151715657e-01,1.153492124e-01
4,6.361000000e+00,1.151715657e-01,1.153492124e-01
4,6.371000000e+00,1.151715657e-01,1.153492124e-01
4,6.381000000e+00,1.151715657e-01,1.153492124e-01
4,6.391000000e+00,1.151715657e-01,1.153492124e-01
4,6.401000000e+00,1.151715657e-01,1.153492124e-01
4,6.411000000e+00,1.151715657e-01,1.153492124e-01
4,6.421000000e+00,1.151715657e-01,1.153492124e-01
4,6.431000000e+00,1.151715657e-01,1.153492124e-01
4,6.441000000e+00,1.151715657e-01,1.153492124e-01
4,6.451000000e+00,1.151715658e-01,1.153492124e-01
4,6.461000000e+00,1.151715658e-01,1.153492124e-01
4,6.471000000e+00,1.151715658e-01,1.153492124e-01
4,6.481000000e+00,1.151715658e-01,1.153492124e-01
4,6.491000000e+00,1.151715658e-01,1.153492124e-01
4,6.501000000e+00,1.151715658e-01,1.153492124e-01
4,6.511000000e+00,1.151715658e-01,1.153492124e-01
4,6.521000000e+00,1.151715658e-01,1.153492124e-01
4,6.531000000e+00,1.151715658e-01,1.153492124e-01
4,6.541000000e+00,1.151715658e-01,1.153492124e-01
4,6.551000000e+00,1.151715658e-01,1.153492124e-01
4,6.561000000e+00,1.151715658e-01,1.153492123e-01
4,6.571000000e+00,1.151715658e-01,1.153492123e-01
4,6.581000000e+00,1.151715658e-01,1.153492123e-01
4,6.591000000e+00,1.151715658e-01,1.153492123e-01
4,6.601000000e+00,1.151715658e-01,1.153492123e-01
4,6.611000000e+00,1.151715658e-01,1.153492123e-01
4,6.621000000e+00,1.151715658e-01,1.153492123e-01
4,6.631000000e+00,1.151715658e-01,1.153492123e-01
4,6.641000000e+00,1.151715658e-01,1.153492123e-01
4,6.651000000e+00,1.151715658e-01,1.153492123e-01
4,6.661000000e+00,1.151715658e-01,1.153492123e-01
4,6.671000000e+00,1.151715658e-01,1.153492123e-01
4,6.681000000e+00,1.151715658e-01,1.153492123e-01
4,6.691000000e+00,1.151715658e-01,1.153492123e-01
4,6.701000000e+00,1.151715658e-01,1.153492123e-01
4,6.711000000e+00,1.151715658e-01,1.153492123e-01
4,6.721000000e+00,1.151715658e-01,1.153492123e-01
4,6.731000000e+00,1.151715658e-01,1.153492123e-01
4,6.741000000e+00,1.151715658e-01,1.153492123e-01
4,6.751000000e+00,1.151715658e-01,1.153492123e-01
4,6.761000000e+00,1.151715658e-01,1.153492123e-01
4,6.771000000e+00,1.151715658e-01,1.153492123e-01
4,6.781000000e+00,1.151715658e-01,1.153492123e-01
4,6.791000000e+00,1.151715658e-01,1.153492123e-01
4,6.801000000e+00,1.151715658e-01,1.153492123e-01
4,6.811000000e+00,1.151715658e-01,1.153492123e-01
4,6.821000000e+00,1.151715658e-01,1.153492123e-01
4,6.831000000e+00,1.151715658e-01,1.153492123e-01
4,6.841000000e+00,1.151715658e-01,1.153492123e-01
4,6.851000000e+00,1.151715658e-01,1.153492123e-01
4,6.861000000e+00,1.151715658e-01,1.153492123e-01
4,6.871000000e+00,1.151715658e-01,1.153492123e-01
4,6.881000000e+00,1.151715658e-01,1.153492123e-01
4,6.891000000e+00,1.151715658e-01,1.153492123e-01
4,6.901000000e+00,1.151715658e-01,1.153492123e-01
4,6.911000000e+00,1.151715658e-01,1.153492123e-01
4,6.921000000e+00,1.151715658e-01,1.153492123e-01
4,6.931000000e+00,1.151715658e-01,1.153492123e-01
4,6.941000000e+00,1.151715658e-01,1.153492123e-01
4,6.951000000e+00,1.151715658e-01,1.153492123e-01
4,6.961000000e+00,1.151715658e-01,1.153492123e-01
4,6.971000000e+00,1.151715658e-01,1.153492123e-01
4,6.981000000e+00,1.151715658e-01,1.153492123e-01
4,6.991000000e+00,1.151715658e-01,1.153492123e-01
4,7.001000000e+00,1.151715658e-01,1.153492123e-01
4,7.011000000e+00,1.151715658e-01,1.153492123e-01
4,7.021000000e+00,1.151715658e-01,1.153492123e-01
4,7.031000000e+00,1.151715658e-01,1.153492123e-01
4,7.041000000e+00,1.151715658e-01,1.153492123e-01
4,7.051000000e+00,1.151715658e-01,1.153492123e-01
4,7.061000000e+00,1.151715658e-01,1.153492123e-01
4,7.071000000e+00,1.151715658e-01,1.153492123e-01
4,7.081000000e+00,1.151715658e-01,1.153492123e-01
4,7.091000000e+00,1.151715658e-01,1.153492123e-01
4,7.101000000e+00,1.151715658e-01,1.153492123e-01
4,7.111000000e+00,1.151715658e-01,1.153492123e-01
4,7.121000000e+00,1.151715658e-01,1.153492123e-01
4,7.131000000e+00,1.151715658e-01,1.153492123e-01
4,7.141000000e+00,1.151715658e-01,1.153492123e-01
4,7.151000000e+00,1.151715658e-01,1.153492123e-01
4,7.161000000e+00,1.151715658e-01,1.153492123e-01
4,7.171000000e+00,1.151715658e-01,1.153492123e-01
4,7.181000000e+00,1.151715658e-01,1.153492123e-01
4,7.191000000e+00,1.151715658e-01,1.153492123e-01
4,7.201000000e+00,1.151715658e-01,1.153492123e-01
4,7.211000000e+00,1.151715658e-01,1.153492123e-01
4,7.221000000e+00,1.151715658e-01,1.153492123e-01
4,7.231000000e+00,1.151715658e-01,1.153492123e-01
4,7.241000000e+00,1.151715658e-01,1.153492123e-01
4,7.251000000e+00,1.151715658e-01,1.153492123e-01
4,7.261000000e+00,1.151715658e-01,1.153492123e-01
4,7.271000000e+00,1.151715658e-01,1.153492123e-01
4,7.281000000e+00,1.151715658e-01,1.153492123e-01
4,7.291000000e+00,1.151715658e-01,1.153492123e-01
4,7.301000000e+00,1.151715658e-01,1.153492123e-01
4,7.311000000e+00,1.151715658e-01,1.153492123e-01
4,7.321000000e+00,1.151715658e-01,1.153492123e-01
4,7.331000000e+00,1.151715658e-01,1.153492123e-01
4,7.341000000e+00,1.151715658e-01,1.153492123e-01
4,7.351000000e+00,1.151715658e-01,1.153492123e-01
4,7.361000000e+00,1.151715658e-01,1.153492123e-01
4,7.371000000e+00,1.151715658e-01,1.153492123e-01
4,7.381000000e+00,1.151715658e-01,1.153492123e-01
4,7.391000000e+00,1.151715658e-01,1.153492123e-01
4,7.401000000e+00,1.151715658e-01,1.153492123e-01
4,7.411000000e+00,1.151715658e-01,1.153492123e-01
4,7.421000000e+00,1.151715658e-01,1.153492123e-01
4,7.431000000e+00,1.151715658e-01,1.153492123e-01
4,7.441000000e+00,1.151715658e-01,1.153492123e-01
4,7.451000000e+00,1.151715658e-01,1.153492123e-01
4,7.461000000e+00,1.151715658e-01,1.153492123e-01
4,7.471000000e+00,1.151715658e-01,1.153492123e-01
4,7.481000000e+00,1.151715658e-01,1.153492123e-01
4,7.491000000e+00,1.151715658e-01,1.153492123e-01
4,7.501000000e+00,1.151715658e-01,1.153492123e-01
4,7.511000000e+00,1.151715658e-01,1.153492123e-01
4,7.521000000e+00,1.151715658e-01,1.153492123e-01
4,7.531000000e+00,1.151715658e-01,1.153492123e-01
4,7.541000000e+00,1.151715658e-01,1.153492123e-01
4,7.551000000e+00,1.151715658e-01,1.153492123e-01
4,7.561000000e+00,1.151715658e-01,1.153492123e-01
4,7.571000000e+00,1.151715658e-01,1.153492123e-01
4,7.581000000e+00,1.151715658e-01,1.153492123e-01
4,7.591000000e+00,1.151715658e-01,1.153492123e-01
4,7.601000000e+00,1.151715658e-01,1.153492123e-01
4,7.611000000e+00,1.151715658e-01,1.153492123e-01
4,7.621000000e+00,1.151715658e-01,1.153492123e-01
4,7.631000000e+00,1.151715658e-01,1.153492123e-01
4,7.641000000e+00,1.151715658e-01,1.153492123e-01
4,7.651000000e+00,1.151715658e-01,1.153492123e-01
4,7.661000000e+00,1.151715658e-01,1.153492123e-01
4,7.671000000e+00,1.151715658e-01,1.153492123e-01
4,7.681000000e+00,1.151715658e-01,1.153492123e-01
4,7.691000000e+00,1.151715658e-01,1.153492123e-01
4,7.701000000e+00,1.151715658e-01,1.153492123e-01
4,7.711000000e+00,1.151715658e-01,1.153492123e-01
4,7.721000000e+00,1.151715658e-01,1.153492123e-01
4,7.731000000e+00,1.151715658e-01,1.153492123e-01
4,7.741000000e+00,1.151715658e-01,1.153492123e-01
4,7.751000000e+00,1.151715658e-01,1.153492123e-01
4,7.761000000e+00,1.151715658e-01,1.153492123e-01
4,7.771000000e+00,1.151715658e-01,1.153492123e-01
4,7.781000000e+00,1.151715658e-01,1.153492123e-01
4,7.791000000e+00,1.151715658e-01,1.153492123e-01
4,7.801000000e+00,1.151715658e-01,1.153492123e-01
4,7.811000000e+00,1.151715658e-01,1.153492123e-01
4,7.821000000e+00,1.151715658e-01,1.153492123e-01
4,7.831000000e+00,1.151715658e-01,1.153492123e-01
4,7.841000000e+00,1.151715658e-01,1.153492123e-01
4,7.851000000e+00,1.151715658e-01,1.153492123e-01
4,7.861000000e+00,1.151715658e-01,1.153492123e-01
4,7.871000000e+00,1.151715658e-01,1.153492123e-01
4,7.881000000e+00,1.151715658e-01,1.153492123e-01
4,7.891000000e+00,1.151715658e-01,1.153492123e-01
4,7.901000000e+00,1.151715658e-01,1.153492123e-01
4,7.911000000e+00,1.151715658e-01,1.153492123e-01
4,7.921000000e+00,1.151715658e-01,1.153492123e-01
4,7.931000000e+00,1.151715658e-01,1.153492123e-01
4,7.941000000e+00,1.151715658e-01,1.153492123e-01
4,7.951000000e+00,1.151715658e-01,1.153492123e-01
4,7.961000000e+00,1.151715658e-01,1.153492123e-01
4,7.971000000e+00,1.151715658e-01,1.153492123e-01
4,7.981000000e+00,1.151715658e-01,1.153492123e-01
4,7.991000000e+00,1.151715658e-01,1.153492123e-01
4,8.001000000e+00,1.151715658e-01,1.153492123e-01
4,8.011000000e+00,1.151715658e-01,1.153492123e-01
4,8.021000000e+00,1.151715658e-01,1.153492123e-01
4,8.031000000e+00,1.151715658e-01,1.153492123e-01
4,8.041000000e+00,1.151715658e-01,1.153492123e-01
4,8.051000000e+00,1.151715658e-01,1.153492123e-01
4,8.061000000e+00,1.151715658e-01,1.153492123e-01
4,8.071000000e+00,1.151715658e-01,1.153492123e-01
4,8.081000000e+00,1.151715658e-01,1.153492123e-01
4,8.091000000e+00,1.151715658e-01,1.153492123e-01
4,8.101000000e+00,1.151715658e-01,1.153492123e-01
4,8.111000000e+00,1.151715658e-01,1.153492123e-01
4,8.121000000e+00,1.151715658e-01,1.153492123e-01
4,8.131000000e+00,1.151715658e-01,1.153492123e-01
4,8.141000000e+00,1.151715658e-01,1.153492123e-01
4,8.151000000e+00,1.151715658e-01,1.153492123e-01
4,8.161000000e+00,1.151715658e-01,1.153492123e-01
4,8.171000000e+00,1.151715658e-01,1.153492123e-01
4,8.181000000e+00,1.151715658e-01,1.153492123e-01
4,8.191000000e+00,1.151715658e-01,1.153492123e-01
4,8.201000000e+00,1.151715658e-01,1.153492123e-01
4,8.211000000e+00,1.151715658e-01,1.153492123e-01
4,8.221000000e+00,1.151715658e-01,1.153492123e-01
4,8.231000000e+00,1.151715658e-01,1.153492123e-01
4,8.241000000e+00,1.151715658e-01,1.153492123e-01
4,8.251000000e+00,1.151715658e-01,1.153492123e-01
4,8.261000000e+00,1.151715658e-01,1.153492123e-01
4,8.271000000e+00,1.151715658e-01,1.153492123e-01
4,8.281000000e+00,1.151715658e-01,1.153492123e-01
4,8.291000000e+00,1.151715658e-01,1.153492123e-01
4,8.301000000e+00,1.151715658e-01,1.153492123e-01
4,8.311000000e+00,1.151715658e-01,1.153492123e-01
4,8.321000000e+00,1.151715658e-01,1.153492123e-01
4,8.331000000e+00,1.151715658e-01,1.153492123e-01
4,8.341000000e+00,1.151715658e-01,1.153492123e-01
4,8.351000000e+00,1.151715658e-01,1.153492123e-01
4,8.361000000e+00,1.151715658e-01,1.153492123e-01
4,8.371000000e+00,1.151715658e-01,1.153492123e-01
4,8.381000000e+00,1.151715658e-01,1.153492123e-01
4,8.391000000e+00,1.151715658e-01,1.153492123e-01
4,8.401000000e+00,1.151715658e-01,1.153492123e-01
4,8.411000000e+00,1.151715658e-01,1.153492123e-01
4,8.421000000e+00,1.151715658e-01,1.153492123e-01
4,8.431000000e+00,1.151715658e-01,1.153492123e-01
4,8.441000000e+00,1.151715658e-01,1.153492123e-01
4,8.451000000e+00,1.151715658e-01,1.153492123e-01
4,8.461000000e+00,1.151715658e-01,1.153492123e-01
4,8.471000000e+00,1.151715658e-01,1.153492123e-01
4,8.481000000e+00,1.151715658e-01,1.153492123e-01
4,8.491000000e+00,1.151715658e-01,1.153492123e-01
4,8.501000000e+00,1.151715658e-01,1.153492123e-01
4,8.511000000e+00,1.151715658e-01,1.153492123e-01
4,8.521000000e+00,1.151715658e-01,1.153492123e-01
4,8.531000000e+00,1.151715658e-01,1.153492123e-01
4,8.541000000e+00,1.151715658e-01,1.153492123e-01
4,8.551000000e+00,1.151715658e-01,1.153492123e-01
4,8.561000000e+00,1.151715658e-01,1.153492123e-01
4,8.571000000e+00,1.151715658e-01,1.153492123e-01
4,8.581000000e+00,1.151715658e-01,1.153492123e-01
4,8.591000000e+00,1.151715658e-01,1.153492123e-01
4,8.601000000e+00,1.151715658e-01,1.153492123e-01
4,8.611000000e+00,1.151715658e-01,1.153492123e-01
4,8.621000000e+00,1.151715658e-01,1.153492123e-01
4,8.631000000e+00,1.151715658e-01,1.153492123e-01
4,8.641000000e+00,1.151715658e-01,1.153492123e-01
4,8.651000000e+00,1.151715658e-01,1.153492123e-01
4,8.661000000e+00,1.151715658e-01,1.153492123e-01
4,8.671000000e+00,1.151715658e-01,1.153492123e-01
4,8.681000000e+00,1.151715658e-01,1.153492123e-01
4,8.691000000e+00,1.151715658e-01,1.153492123e-01
4,8.701000000e+00,1.151715658e-01,1.153492123e-01
4,8.711000000e+00,1.151715658e-01,1.153492123e-01
4,8.721000000e+00,1.151715658e-01,1.153492123e-01
4,8.731000000e+00,1.151715658e-01,1.153492123e-01
4,8.741000000e+00,1.151715658e-01,1.153492123e-01
4,8.751000000e+00,1.151715658e-01,1.153492123e-01
4,8.761000000e+00,1.151715658e-01,1.153492123e-01
4,8.771000000e+00,1.151715658e-01,1.153492123e-01
4,8.781000000e+00,1.151715658e-01,1.153492123e-01
4,8.791000000e+00,1.151715658e-01,1.153492123e-01
4,8.801000000e+00,1.151715658e-01,1.153492123e-01
4,8.811000000e+00,1.151715658e-01,1.153492123e-01
4,8.821000000e+00,1.151715658e-01,1.153492123e-01
4,8.831000000e+00,1.151715658e-01,1.153492123e-01
4,8.841000000e+00,1.151715658e-01,1.153492123e-01
4,8.851000000e+00,1.151715658e-01,1.153492123e-01
4,8.861000000e+00,1.151715658e-01,1.153492123e-01
4,8.871000000e+00,1.151715658e-01,1.153492123e-01
4,8.881000000e+00,1.151715658e-01,1.153492123e-01
4,8.891000000e+00,1.151715658e-01,1.153492123e-01
4,8.901000000e+00,1.151715658e-01,1.153492123e-01
4,8.911000000e+00,1.151715658e-01,1.153492123e-01
4,8.921000000e+00,1.151715658e-01,1.153492123e-01
4,8.931000000e+00,1.151715658e-01,1.153492123e-01
4,8.941000000e+00,1.151715658e-01,1.153492123e-01
4,8.951000000e+00,1.151715658e-01,1.153492123e-01
4,8.961000000e+00,1.151715658e-01,1.153492123e-01
4,8.971000000e+00,1.151715658e-01,1.153492123e-01
4,8.981000000e+00,1.151715658e-01,1.153492123e-01
4,8.991000000e+00,1.151715658e-01,1.153492123e-01
4,9.001000000e+00,1.151715658e-01,1.153492123e-01
4,9.011000000e+00,1.151715658e-01,1.153492123e-01
4,9.021000000e+00,1.151715658e-01,1.153492123e-01
4,9.031000000e+00,1.151715658e-01,1.153492123e-01
4,9.041000000e+00,1.151715658e-01,1.153492123e-01
4,9.051000000e+00,1.151715658e-01,1.153492123e-01
4,9.061000000e+00,1.151715658e-01,1.153492123e-01
4,9.071000000e+00,1.151715658e-01,1.153492123e-01
4,9.081000000e+00,1.151715658e-01,1.153492123e-01
4,9.091000000e+00,1.151715658e-01,1.153492123e-01
4,9.101000000e+00,1.151715658e-01,1.153492123e-01
4,9.111000000e+00,1.151715658e-01,1.153492123e-01
4,9.121000000e+00,1.151715658e-01,1.153492123e-01
4,9.131000000e+00,1.151715658e-01,1.153492123e-01
4,9.141000000e+00,1.151715658e-01,1.153492123e-01
4,9.151000000e+00,1.151715658e-01,1.153492123e-01
4,9.161000000e+00,1.151715658e-01,1.153492123e-01
4,9.171000000e+00,1.151715658e-01,1.153492123e-01
4,9.181000000e+00,1.151715658e-01,1.153492123e-01
4,9.191000000e+00,1.151715658e-01,1.153492123e-01
4,9.201000000e+00,1.151715658e-01,1.153492123e-01
4,9.211000000e+00,1.151715658e-01,1.153492123e-01
4,9.221000000e+00,1.151715658e-01,1.153492123e-01
4,9.231000000e+00,1.151715658e-01,1.153492123e-01
4,9.241000000e+00,1.151715658e-01,1.153492123e-01
4,9.251000000e+00,1.151715658e-01,1.153492123e-01
4,9.261000000e+00,1.151715658e-01,1.153492123e-01
4,9.271000000e+00,1.151715658e-01,1.153492123e-01
4,9.281000000e+00,1.151715658e-01,1.153492123e-01
4,9.291000000e+00,1.151715658e-01,1.153492123e-01
4,9.301000000e+00,1.151715658e-01,1.153492123e-01
4,9.311000000e+00,1.151715658e-01,1.153492123e-01
4,9.321000000e+00,1.151715658e-01,1.153492123e-01
4,9.331000000e+00,1.151715658e-01,1.153492123e-01
4,9.341000000e+00,1.151715658e-01,1.153492123e-01
4,9.351000000e+00,1.151715658e-01,1.153492123e-01
4,9.361000000e+00,1.151715658e-01,1.153492123e-01
4,9.371000000e+00,1.151715658e-01,1.153492123e-01
4,9.381000000e+00,1.151715658e-01,1.153492123e-01
4,9.391000000e+00,1.151715658e-01,1.153492123e-01
4,9.401000000e+00,1.151715658e-01,1.153492123e-01
4,9.411000000e+00,1.151715658e-01,1.153492123e-01
4,9.421000000e+00,1.151715658e-01,1.153492123e-01
4,9.431000000e+00,1.151715658e-01,1.153492123e-01
4,9.441000000e+00,1.151715658e-01,1.153492123e-01
4,9.451000000e+00,1.151715658e-01,1.153492123e-01
4,9.461000000e+00,1.151715658e-01,1.153492123e-01
4,9.471000000e+00,1.151715658e-01,1.153492123e-01
4,9.481000000e+00,1.151715658e-01,1.153492123e-01
4,9.491000000e+00,1.151715658e-01,1.153492123e-01
4,9.501000000e+00,1.151715658e-01,1.153492123e-01
4,9.511000000e+00,1.151715658e-01,1.153492123e-01
4,9.521000000e+00,1.151715658e-01,1.153492123e-01
4,9.531000000e+00,1.151715658e-01,1.153492123e-01
4,9.541000000e+00,1.151715658e-01,1.153492123e-01
4,9.551000000e+00,1.151715658e-01,1.153492123e-01
4,9.561000000e+00,1.151715658e-01,1.153492123e-01
4,9.571000000e+00,1.151715658e-01,1.153492123e-01
4,9.581000000e+00,1.151715658e-01,1.153492123e-01
4,9.591000000e+00,1.151715658e-01,1.153492123e-01
4,9.601000000e+00,1.151715658e-01,1.153492123e-01
4,9.611000000e+00,1.151715658e-01,1.153492123e-01
4,9.621000000e+00,1.151715658e-01,1.153492123e-01
4,9.631000000e+00,1.151715658e-01,1.153492123e-01
4,9.641000000e+00,1.151715658e-01,1.153492123e-01
4,9.651000000e+00,1.151715658e-01,1.153492123e-01
4,9.661000000e+00,1.151715658e-01,1.153492123e-01
4,9.671000000e+00,1.151715658e-01,1.153492123e-01
4,9.681000000e+00,1.151715658e-01,1.153492123e-01
4,9.691000000e+00,1.151715658e-01,1.153492123e-01
4,9.701000000e+00,1.151715658e-01,1.153492123e-01
4,9.711000000e+00,1.151715658e-01,1.153492123e-01
4,9.721000000e+00,1.151715658e-01,1.153492123e-01
4,9.731000000e+00,1.151715658e-01,1.153492123e-01
4,9.741000000e+00,1.151715658e-01,1.153492123e-01
4,9.751000000e+00,1.151715658e-01,1.153492123e-01
4,9.761000000e+00,1.151715658e-01,1.153492123e-01
4,9.771000000e+00,1.151715658e-01,1.153492123e-01
4,9.781000000e+00,1.151715658e-01,1.153492123e-01
4,9.791000000e+00,1.151715658e-01,1.153492123e-01
4,9.801000000e+00,1.151715658e-01,1.153492123e-01
4,9.811000000e+00,1.151715658e-01,1.153492123e-01
4,9.821000000e+00,1.151715658e-01,1.153492123e-01
4,9.831000000e+00,1.151715658e-01,1.153492123e-01
4,9.841000000e+00,1.151715658e-01,1.153492123e-01
4,9.851000000e+00,1.151715658e-01,1.153492123e-01
4,9.861000000e+00,1.151715658e-01,1.153492123e-01
4,9.871000000e+00,1.151715658e-01,1.153492123e-01
4,9.881000000e+00,1.151715658e-01,1.153492123e-01
4,9.891000000e+00,1.151715658e-01,1.153492123e-01
4,9.901000000e+00,1.151715658e-01,1.153492123e-01
4,9.911000000e+00,1.151715658e-01,1.153492123e-01
4,9.921000000e+00,1.151715658e-01,1.153492123e-01
4,9.931000000e+00,1.151715658e-01,1.153492123e-01
4,9.941000000e+00,1.151715658e-01,1.153492123e-01
4,9.951000000e+00,1.151715658e-01,1.153492123e-01
4,9.961000000e+00,1.151715658e-01,1.153492123e-01
4,9.971000000e+00,1.151715658e-01,1.153492123e-01
4,9.981000000e+00,1.151715658e-01,1.153492123e-01
4,9.991000000e+00,1.151715658e-01,1.153492123e-01
4,1.000100000e+01,1.151715658e-01,1.153492123e-01
8,0.000000000e+00,2.000000000e-04,0.000000000e+00
8,1.000000000e-02,5.653906574e-02,5.926226953e-01
8,2.100000000e-02,6.348128398e-02,4.962057517e-01
8,3.100000000e-02,6.777023189e-02,4.454896844e-01
8,4.100000000e-02,7.112460226e-02,4.103256999e-01
8,5.100000000e-02,7.388372407e-02,3.840651116e-01
8,6.100000000e-02,7.623138198e-02,3.634415252e-01
8,7.100000000e-02,7.827807854e-02,3.466511275e-01
8,8.100000000e-02,8.009521369e-02,3.326084002e-01
8,9.100000000e-02,8.173147909e-02,3.206163854e-01
8,1.010000000e-01,8.322151580e-02,3.102044635e-01
8,1.110000000e-01,8.459082539e-02,3.010417749e-01
8,1.210000000e-01,8.585871737e-02,2.928879206e-01
8,1.310000000e-01,8.704016160e-02,2.855633728e-01
8,1.410000000e-01,8.814699820e-02,2.789309195e-01
8,1.510000000e-01,8.918875427e-02,2.728835920e-01
8,1.610000000e-01,9.017321081e-02,2.673365576e-01
8,1.710000000e-01,9.110680619e-02,2.622215251e-01
8,1.810000000e-01,9.199492941e-02,2.574827910e-01
8,1.910000000e-01,9.284213743e-02,2.530743855e-01
8,2.010000000e-01,9.365231883e-02,2.489579747e-01
8,2.110000000e-01,9.442881930e-02,2.451012922e-01
8,2.210000000e-01,9.517453852e-02,2.414769479e-01
8,2.310000000e-01,9.589200649e-02,2.380615141e-01
8,2.410000000e-01,9.658344408e-02,2.348348116e-01
8,2.510000000e-01,9.725081156e-02,2.317793492e-01
8,2.610000000e-01,9.789584781e-02,2.288798772e-01
8,2.710000000e-01,9.852010246e-02,2.261230290e-01
8,2.810000000e-01,9.912496222e-02,2.234970312e-01
8,2.910000000e-01,9.971167281e-02,2.209914658e-01
8,3.010000000e-01,1.002813572e-01,2.185970761e-01
8,3.110000000e-01,1.008350311e-01,2.163056045e-01
8,3.210000000e-01,1.013736156e-01,2.141096579e-01
8,3.310000000e-01,1.018979488e-01,2.120025947e-01
8,3.410000000e-01,1.024087948e-01,2.099784294e-01
8,3.510000000e-01,1.029068522e-01,2.080317514e-01
8,3.610000000e-01,1.033927607e-01,2.061576560e-01
8,3.710000000e-01,1.038671080e-01,2.043516853e-01
8,3.810000000e-01,1.043304343e-01,2.026097770e-01
8,3.910000000e-01,1.047832376e-01,2.009282204e-01
8,4.010000000e-01,1.052259776e-01,1.993036183e-01
8,4.110000000e-01,1.056590794e-01,1.977328535e-01
8,4.210000000e-01,1.060829369e-01,1.962130594e-01
8,4.310000000e-01,1.064979153e-01,1.947415952e-01
8,4.410000000e-01,1.069043542e-01,1.933160225e-01
8,4.510000000e-01,1.073025695e-01,1.919340860e-01
8,4.610000000e-01,1.076928557e-01,1.905936958e-01
8,4.710000000e-01,1.080754877e-01,1.892929118e-01
8,4.810000000e-01,1.084507223e-01,1.880299300e-01
8,4.910000000e-01,1.088188003e-01,1.868030696e-01
8,5.010000000e-01,1.091799472e-01,1.856107628e-01
8,5.110000000e-01,1.095343747e-01,1.844515443e-01
8,5.210000000e-01,1.098822822e-01,1.833240427e-01
8,5.310000000e-01,1.102238570e-01,1.822269724e-01
8,5.410000000e-01,1.105592762e-01,1.811591267e-01
8,5.510000000e-01,1.108887068e-01,1.801193711e-01
8,5.610000000e-01,1.112123069e-01,1.791066376e-01
8,5.710000000e-01,1.115302264e-01,1.781199195e-01
8,5.810000000e-01,1.118426071e-01,1.771582665e-01
8,5.910000000e-01,1.121495843e-01,1.762207803e-01
8,6.010000000e-01,1.124512862e-01,1.753066110e-01
8,6.110000000e-01,1.127478355e-01,1.744149534e-01
8,6.210000000e-01,1.130393487e-01,1.735450435e-01
8,6.310000000e-01,1.133259377e-01,1.726961558e-01
8,6.410000000e-01,1.136077093e-01,1.718676008e-01
8,6.510000000e-01,1.138847658e-01,1.710587220e-01
8,6.610000000e-01,1.141572055e-01,1.702688941e-01
8,6.710000000e-01,1.144251229e-01,1.694975207e-01
8,6.810000000e-01,1.146886088e-01,1.687440324e-01
8,6.910000000e-01,1.149477508e-01,1.680078854e-01
8,7.010000000e-01,1.152026332e-01,1.672885594e-01
8,7.110000000e-01,1.154533375e-01,1.665855565e-01
8,7.210000000e-01,1.156999427e-01,1.658983997e-01
8,7.310000000e-01,1.159425250e-01,1.652266316e-01
8,7.410000000e-01,1.161811582e-01,1.645698134e-01
8,7.510000000e-01,1.164159142e-01,1.639275238e-01
8,7.610000000e-01,1.166468623e-01,1.632993579e-01
8,7.710000000e-01,1.168740704e-01,1.626849264e-01
8,7.810000000e-01,1.170976042e-01,1.620838547e-01
8,7.910000000e-01,1.173175276e-01,1.614957821e-01
8,8.010000000e-01,1.175339030e-01,1.609203611e-01
8,8.110000000e-01,1.177467913e-01,1.603572568e-01
8,8.210000000e-01,1.179562517e-01,1.598061462e-01
8,8.310000000e-01,1.181623422e-01,1.592667174e-01
8,8.410000000e-01,1.183651194e-01,1.587386694e-01
8,8.510000000e-01,1.185646384e-01,1.582217115e-01
8,8.610000000e-01,1.187609535e-01,1.577155627e-01
8,8.710000000e-01,1.189541174e-01,1.572199510e-01
8,8.810000000e-01,1.191441821e-01,1.567346138e-01
8,8.910000000e-01,1.193311983e-01,1.562592967e-01
8,9.010000000e-01,1.195152157e-01,1.557937532e-01
8,9.110000000e-01,1.196962830e-01,1.553377449e-01
8,9.210000000e-01,1.198744480e-01,1.548910408e-01
8,9.310000000e-01,1.200497576e-01,1.544534167e-01
8,9.410000000e-01,1.202222579e-01,1.540246556e-01
8,9.510000000e-01,1.203919940e-01,1.536045467e-01
8,9.610000000e-01,1.205590102e-01,1.531928857e-01
8,9.710000000e-01,1.207233502e-01,1.527894744e-01
8,9.810000000e-01,1.208850566e-01,1.523941201e-01
8,9.910000000e-01,1.210441715e-01,1.520066359e-01
8,1.001000000e+00,1.212007363e-01,1.516268402e-01
8,1.011000000e+00,1.213547915e-01,1.512545565e-01
8,1.021000000e+00,1.215063770e-01,1.508896135e-01
8,1.031000000e+00,1.216555322e-01,1.505318443e-01
8,1.041000000e+00,1.218022956e-01,1.501810871e-01
8,1.051000000e+00,1.219467051e-01,1.498371840e-01
8,1.061000000e+00,1.220887982e-01,1.494999820e-01
8,1.071000000e+00,1.222286115e-01,1.491693317e-01
8,1.081000000e+00,1.223661812e-01,1.488450880e-01
8,1.091000000e+00,1.225015429e-01,1.485271098e-01
8,1.101000000e+00,1.226347315e-01,1.482152593e-01
8,1.111000000e+00,1.227657814e-01,1.479094026e-01
8,1.121000000e+00,1.228947266e-01,1.476094095e-01
8,1.131000000e+00,1.230216003e-01,1.473151527e-01
8,1.141000000e+00,1.231464355e-01,1.470265085e-01
8,1.151000000e+00,1.232692644e-01,1.467433563e-01
8,1.161000000e+00,1.233901188e-01,1.464655786e-01
8,1.171000000e+00,1.235090301e-01,1.461930608e-01
8,1.181000000e+00,1.236260289e-01,1.459256912e-01
8,1.191000000e+00,1.237411457e-01,1.456633610e-01
8,1.201000000e+00,1.238544103e-01,1.454059638e-01
8,1.211000000e+00,1.239658521e-01,1.451533962e-01
8,1.221000000e+00,1.240755000e-01,1.449055571e-01
8,1.231000000e+00,1.241833825e-01,1.446623480e-01
8,1.241000000e+00,1.242895277e-01,1.444236726e-01
8,1.251000000e+00,1.243939632e-01,1.441894373e-01
8,1.261000000e+00,1.244967161e-01,1.439595503e-01
8,1.271000000e+00,1.245978132e-01,1.437339224e-01
8,1.281000000e+00,1.246972808e-01,1.435124662e-01
8,1.291000000e+00,1.247951449e-01,1.432950966e-01
8,1.301000000e+00,1.248914310e-01,1.430817303e-01
8,1.311000000e+00,1.249861642e-01,1.428722862e-01
8,1.321000000e+00,1.250793693e-01,1.426666850e-01
8,1.331000000e+00,1.251710707e-01,1.424648490e-01
8,1.341000000e+00,1.252612922e-01,1.422667027e-01
8,1.351000000e+00,1.253500576e-01,1.420721721e-01
8,1.361000000e+00,1.254373901e-01,1.418811849e-01
8,1.371000000e+00,1.255233125e-01,1.416936705e-01
8,1.381000000e+00,1.256078473e-01,1.415095600e-01
8,1.391000000e+00,1.256910168e-01,1.413287859e-01
8,1.401000000e+00,1.257728428e-01,1.411512823e-01
8,1.411000000e+00,1.258533467e-01,1.409769848e-01
8,1.421000000e+00,1.259325497e-01,1.408058303e-01
8,1.431000000e+00,1.260104726e-01,1.406377573e-01
8,1.441000000e+00,1.260871360e-01,1.404727056e-01
8,1.451000000e+00,1.261625599e-01,1.403106163e-01
8,1.461000000e+00,1.262367643e-01,1.401514317e-01
8,1.471000000e+00,1.263097687e-01,1.399950957e-01
8,1.481000000e+00,1.263815923e-01,1.398415530e-01
8,1.491000000e+00,1.264522541e-01,1.396907497e-01
8,1.501000000e+00,1.265217727e-01,1.395426332e-01
8,1.511000000e+00,1.265901665e-01,1.393971518e-01
8,1.521000000e+00,1.266574534e-01,1.392542552e-01
8,1.531000000e+00,1.267236514e-01,1.391138938e-01
8,1.541000000e+00,1.267887779e-01,1.389760193e-01
8,1.551000000e+00,1.268528500e-01,1.388405845e-01
8,1.561000000e+00,1.269158849e-01,1.387075430e-01
8,1.571000000e+00,1.269778990e-01,1.385768495e-01
8,1.581000000e+00,1.270389090e-01,1.384484596e-01
8,1.591000000e+00,1.270989308e-01,1.383223300e-01
8,1.601000000e+00,1.271579804e-01,1.381984180e-01
8,1.611000000e+00,1.272160735e-01,1.380766821e-01
8,1.621000000e+00,1.272732255e-01,1.379570815e-01
8,1.631000000e+00,1.273294515e-01,1.378395762e-01
8,1.641000000e+00,1.273847664e-01,1.377241272e-01
8,1.651000000e+00,1.274391850e-01,1.376106961e-01
8,1.661000000e+00,1.274927216e-01,1.374992455e-01
8,1.671000000e+00,1.275453905e-01,1.373897386e-01
8,1.681000000e+00,1.275972057e-01,1.372821395e-01
8,1.691000000e+00,1.276481809e-01,1.371764129e-01
8,1.701000000e+00,1.276983298e-01,1.370725242e-01
8,1.711000000e+00,1.277476655e-01,1.369704397e-01
8,1.721000000e+00,1.277962014e-01,1.368701261e-01
8,1.731000000e+00,1.278439501e-01,1.367715510e-01
8,1.741000000e+00,1.278909246e-01,1.366746826e-01
8,1.751000000e+00,1.279371373e-01,1.365794896e-01
8,1.761000000e+00,1.279826004e-01,1.364859416e-01
8,1.771000000e+00,1.280273261e-01,1.363940084e-01
8,1.781000000e+00,1.280713263e-01,1.363036609e-01
8,1.791000000e+00,1.281146127e-01,1.362148701e-01
8,1.801000000e+00,1.281571970e-01,1.361276078e-01
8,1.811000000e+00,1.281990903e-01,1.360418465e-01
8,1.821000000e+00,1.282403039e-01,1.359575590e-01
8,1.831000000e+00,1.282808488e-01,1.358747186e-01
8,1.841000000e+00,1.283207358e-01,1.357932994e-01
8,1.851000000e+00,1.283599755e-01,1.357132757e-01
8,1.861000000e+00,1.283985784e-01,1.356346226e-01
8,1.871000000e+00,1.284365548e-01,1.355573155e-01
8,1.881000000e+00,1.284739149e-01,1.354813301e-01
8,1.891000000e+00,1.285106686e-01,1.354066430e-01
8,1.901000000e+00,1.285468257e-01,1.353332310e-01
8,1.911000000e+00,1.285823959e-01,1.352610712e-01
8,1.921000000e+00,1.286173888e-01,1.351901415e-01
8,1.931000000e+00,1.286518135e-01,1.351204199e-01
8,1.941000000e+00,1.286856794e-01,1.350518850e-01
8,1.951000000e+00,1.287189955e-01,1.349845158e-01
8,1.961000000e+00,1.287517707e-01,1.349182916e-01
8,1.971000000e+00,1.287840137e-01,1.348531922e-01
8,1.981000000e+00,1.288157332e-01,1.347891977e-01
8,1.991000000e+00,1.288469377e-01,1.347262886e-01
8,2.001000000e+00,1.288776354e-01,1.346644458e-01
8,2.011000000e+00,1.289078347e-01,1.346036505e-01
8,2.021000000e+00,1.289375436e-01,1.345438843e-01
8,2.031000000e+00,1.289667701e-01,1.344851292e-01
8,2.041000000e+00,1.289955219e-01,1.344273674e-01
8,2.051000000e+00,1.290238067e-01,1.343705816e-01
8,2.061000000e+00,1.290516322e-01,1.343147546e-01
8,2.071000000e+00,1.290790057e-01,1.342598697e-01
8,2.081000000e+00,1.291059347e-01,1.342059104e-01
8,2.091000000e+00,1.291324262e-01,1.341528607e-01
8,2.101000000e+00,1.291584875e-01,1.341007047e-01
8,2.111000000e+00,1.291841254e-01,1.340494267e-01
8,2.121000000e+00,1.292093469e-01,1.339990117e-01
8,2.131000000e+00,1.292341587e-01,1.339494445e-01
8,2.141000000e+00,1.292585675e-01,1.339007104e-01
8,2.151000000e+00,1.292825797e-01,1.338527951e-01
8,2.161000000e+00,1.293062019e-01,1.338056844e-01
8,2.171000000e+00,1.293294402e-01,1.337593643e-01
8,2.181000000e+00,1.293523011e-01,1.337138212e-01
8,2.191000000e+00,1.293747906e-01,1.336690417e-01
8,2.201000000e+00,1.293969147e-01,1.336250126e-01
8,2.211000000e+00,1.294186793e-01,1.335817209e-01
8,2.221000000e+00,1.294400903e-01,1.335391540e-01
8,2.231000000e+00,1.294611535e-01,1.334972995e-01
8,2.241000000e+00,1.294818744e-01,1.334561450e-01
8,2.251000000e+00,1.295022587e-01,1.334156785e-01
8,2.261000000e+00,1.295223117e-01,1.333758883e-01
8,2.271000000e+00,1.295420389e-01,1.333367628e-01
8,2.281000000e+00,1.295614456e-01,1.332982905e-01
8,2.291000000e+00,1.295805369e-01,1.332604603e-01
8,2.301000000e+00,1.295993180e-01,1.332232612e-01
8,2.311000000e+00,1.296177939e-01,1.331866825e-01
8,2.321000000e+00,1.296359696e-01,1.331507135e-01
8,2.331000000e+00,1.296538499e-01,1.331153438e-01
8,2.341000000e+00,1.296714397e-01,1.330805632e-01
8,2.351000000e+00,1.296887436e-01,1.330463617e-01
8,2.361000000e+00,1.297057663e-01,1.330127295e-01
8,2.371000000e+00,1.297225124e-01,1.329796567e-01
8,2.381000000e+00,1.297389864e-01,1.329471340e-01
8,2.391000000e+00,1.297551926e-01,1.329151520e-01
8,2.401000000e+00,1.297711354e-01,1.328837015e-01
8,2.411000000e+00,1.297868192e-01,1.328527735e-01
8,2.421000000e+00,1.298022480e-01,1.328223592e-01
8,2.431000000e+00,1.298174261e-01,1.327924497e-01
8,2.441000000e+00,1.298323576e-01,1.327630367e-01
8,2.451000000e+00,1.298470463e-01,1.327341116e-01
8,2.461000000e+00,1.298614963e-01,1.327056663e-01
8,2.471000000e+00,1.298757115e-01,1.326776925e-01
8,2.481000000e+00,1.298896956e-01,1.326501825e-01
8,2.491000000e+00,1.299034525e-01,1.326231283e-01
8,2.501000000e+00,1.299169857e-01,1.325965222e-01
8,2.511000000e+00,1.299302990e-01,1.325703568e-01
8,2.521000000e+00,1.299433959e-01,1.325446245e-01
8,2.531000000e+00,1.299562799e-01,1.325193180e-01
8,2.541000000e+00,1.299689545e-01,1.324944303e-01
8,2.551000000e+00,1.299814231e-01,1.324699543e-01
8,2.561000000e+00,1.299936891e-01,1.324458829e-01
8,2.571000000e+00,1.300057556e-01,1.324222096e-01
8,2.581000000e+00,1.300176261e-01,1.323989275e-01
8,2.591000000e+00,1.300293035e-01,1.323760301e-01
8,2.601000000e+00,1.300407912e-01,1.323535109e-01
8,2.611000000e+00,1.300520921e-01,1.323313636e-01
8,2.621000000e+00,1.300632094e-01,1.323095820e-01
8,2.631000000e+00,1.300741459e-01,1.322881599e-01
8,2.641000000e+00,1.300849047e-01,1.322670913e-01
8,2.651000000e+00,1.300954885e-01,1.322463703e-01
8,2.661000000e+00,1.301059004e-01,1.322259911e-01
8,2.671000000e+00,1.301161430e-01,1.322059480e-01
8,2.681000000e+00,1.301262190e-01,1.321862353e-01
8,2.691000000e+00,1.301361313e-01,1.321668476e-01
8,2.701000000e+00,1.301458825e-01,1.321477794e-01
8,2.711000000e+00,1.301554751e-01,1.321290253e-01
8,2.721000000e+00,1.301649119e-01,1.321105802e-01
8,2.731000000e+00,1.301741952e-01,1.320924388e-01
8,2.741000000e+00,1.301833276e-01,1.320745961e-01
8,2.751000000e+00,1.301923115e-01,1.320570472e-01
8,2.761000000e+00,1.302011494e-01,1.320397871e-01
8,2.771000000e+00,1.302098436e-01,1.320228111e-01
8,2.781000000e+00,1.302183965e-01,1.320061143e-01
8,2.791000000e+00,1.302268104e-01,1.319896922e-01
8,2.801000000e+00,1.302350875e-01,1.319735402e-01
8,2.811000000e+00,1.302432300e-01,1.319576538e-01
8,2.821000000e+00,1.302512401e-01,1.319420286e-01
8,2.831000000e+00,1.302591201e-01,1.319266602e-01
8,2.841000000e+00,1.302668719e-01,1.319115443e-01
8,2.851000000e+00,1.302744977e-01,1.318966769e-01
8,2.861000000e+00,1.302819995e-01,1.318820537e-01
8,2.871000000e+00,1.302893794e-01,1.318676707e-01
8,2.881000000e+00,1.302966393e-01,1.318535240e-01
8,2.891000000e+00,1.303037812e-01,1.318396095e-01
8,2.901000000e+00,1.303108070e-01,1.318259235e-01
8,2.911000000e+00,1.303177185e-01,1.318124621e-01
8,2.921000000e+00,1.303245177e-01,1.317992217e-01
8,2.931000000e+00,1.303312064e-01,1.317861986e-01
8,2.941000000e+00,1.303377863e-01,1.317733892e-01
8,2.951000000e+00,1.303442592e-01,1.317607899e-01
8,2.961000000e+00,1.303506269e-01,1.317483972e-01
8,2.971000000e+00,1.303568911e-01,1.317362079e-01
8,2.981000000e+00,1.303630534e-01,1.317242184e-01
8,2.991000000e+00,1.303691156e-01,1.317124255e-01
8,3.001000000e+00,1.303750792e-01,1.317008259e-01
8,3.011000000e+00,1.303809458e-01,1.316894165e-01
8,3.021000000e+00,1.303867171e-01,1.316781941e-01
8,3.031000000e+00,1.303923945e-01,1.316671556e-01
8,3.041000000e+00,1.303979797e-01,1.316562979e-01
8,3.051000000e+00,1.304034740e-01,1.316456182e-01
8,3.061000000e+00,1.304088790e-01,1.316351134e-01
8,3.071000000e+00,1.304141961e-01,1.316247806e-01
8,3.081000000e+00,1.304194268e-01,1.316146171e-01
8,3.091000000e+00,1.304245724e-01,1.316046200e-01
8,3.101000000e+00,1.304296344e-01,1.315947866e-01
8,3.111000000e+00,1.304346141e-01,1.315851142e-01
8,3.121000000e+00,1.304395128e-01,1.315756002e-01
8,3.131000000e+00,1.304443319e-01,1.315662418e-01
8,3.141000000e+00,1.304490726e-01,1.315570367e-01
8,3.151000000e+00,1.304537363e-01,1.315479821e-01
8,3.161000000e+00,1.304583241e-01,1.315390758e-01
8,3.171000000e+00,1.304628373e-01,1.315303151e-01
8,3.181000000e+00,1.304672772e-01,1.315216978e-01
8,3.191000000e+00,1.304716448e-01,1.315132214e-01
8,3.201000000e+00,1.304759415e-01,1.315048836e-01
8,3.211000000e+00,1.304801683e-01,1.314966823e-01
8,3.221000000e+00,1.304843263e-01,1.314886150e-01
8,3.231000000e+00,1.304884168e-01,1.314806797e-01
8,3.241000000e+00,1.304924408e-01,1.314728741e-01
8,3.251000000e+00,1.304963993e-01,1.314651961e-01
8,3.261000000e+00,1.305002935e-01,1.314576436e-01
8,3.271000000e+00,1.305041243e-01,1.314502146e-01
8,3.281000000e+00,1.305078929e-01,1.314429070e-01
8,3.291000000e+00,1.305116002e-01,1.314357188e-01
8,3.301000000e+00,1.305152472e-01,1.314286480e-01
8,3.311000000e+00,1.305188349e-01,1.314216929e-01
8,3.321000000e+00,1.305223643e-01,1.314148513e-01
8,3.331000000e+00,1.305258363e-01,1.314081215e-01
8,3.341000000e+00,1.305292519e-01,1.314015017e-01
8,3.351000000e+00,1.305326119e-01,1.313949900e-01
8,3.361000000e+00,1.305359173e-01,1.313885846e-01
8,3.371000000e+00,1.305391689e-01,1.313822839e-01
8,3.381000000e+00,1.305423677e-01,1.313760861e-01
8,3.391000000e+00,1.305455144e-01,1.313699894e-01
8,3.401000000e+00,1.305486100e-01,1.313639923e-01
8,3.411000000e+00,1.305516553e-01,1.313580932e-01
8,3.421000000e+00,1.305546510e-01,1.313522903e-01
8,3.431000000e+00,1.305575980e-01,1.313465822e-01
8,3.441000000e+00,1.305604971e-01,1.313409672e-01
8,3.451000000e+00,1.305633491e-01,1.313354439e-01
8,3.461000000e+00,1.305661547e-01,1.313300108e-01
8,3.471000000e+00,1.305689147e-01,1.313246663e-01
8,3.481000000e+00,1.305716298e-01,1.313194090e-01
8,3.491000000e+00,1.305743007e-01,1.313142375e-01
8,3.501000000e+00,1.305769282e-01,1.313091504e-01
8,3.511000000e+00,1.305795130e-01,1.313041464e-01
8,3.521000000e+00,1.305820558e-01,1.312992239e-01
8,3.531000000e+00,1.305845572e-01,1.312943817e-01
8,3.541000000e+00,1.305870180e-01,1.312896186e-01
8,3.551000000e+00,1.305894387e-01,1.312849331e-01
8,3.561000000e+00,1.305918200e-01,1.312803241e-01
8,3.571000000e+00,1.305941627e-01,1.312757902e-01
8,3.581000000e+00,1.305964672e-01,1.312713303e-01
8,3.591000000e+00,1.305987343e-01,1.312669431e-01
8,3.601000000e+00,1.306009645e-01,1.312626274e-01
8,3.611000000e+00,1.306031584e-01,1.312583822e-01
8,3.621000000e+00,1.306053167e-01,1.312542061e-01
8,3.631000000e+00,1.306074399e-01,1.312500981e-01
8,3.641000000e+00,1.306095285e-01,1.312460571e-01
8,3.651000000e+00,1.306115832e-01,1.312420820e-01
8,3.661000000e+00,1.306136044e-01,1.312381717e-01
8,3.671000000e+00,1.306155928e-01,1.312343251e-01
8,3.681000000e+00,1.306175489e-01,1.312305412e-01
8,3.691000000e+00,1.306194731e-01,1.312268190e-01
8,3.701000000e+00,1.306213660e-01,1.312231574e-01
8,3.711000000e+00,1.306232282e-01,1.312195555e-01
8,3.721000000e+00,1.306250601e-01,1.312160124e-01
8,3.731000000e+00,1.306268622e-01,1.312125269e-01
8,3.741000000e+00,1.306286349e-01,1.312090982e-01
8,3.751000000e+00,1.306303789e-01,1.312057254e-01
8,3.761000000e+00,1.306320945e-01,1.312024076e-01
8,3.771000000e+00,1.306337821e-01,1.311991438e-01
8,3.781000000e+00,1.306354424e-01,1.311959332e-01
8,3.791000000e+00,1.306370756e-01,1.311927748e-01
8,3.801000000e+00,1.306386823e-01,1.311896679e-01
8,3.811000000e+00,1.306402628e-01,1.311866117e-01
8,3.821000000e+00,1.306418176e-01,1.311836052e-01
8,3.831000000e+00,1.306433471e-01,1.311806476e-01
8,3.841000000e+00,1.306448518e-01,1.311777382e-01
8,3.851000000e+00,1.306463320e-01,1.311748762e-01
8,3.861000000e+00,1.306477881e-01,1.311720608e-01
8,3.871000000e+00,1.306492205e-01,1.311692913e-01
8,3.881000000e+00,1.306506296e-01,1.311665668e-01
8,3.891000000e+00,1.306520158e-01,1.311638867e-01
8,3.901000000e+00,1.306533794e-01,1.311612502e-01
8,3.911000000e+00,1.306547209e-01,1.311586566e-01
8,3.921000000e+00,1.306560405e-01,1.311561052e-01
8,3.931000000e+00,1.306573387e-01,1.311535954e-01
8,3.941000000e+00,1.306586157e-01,1.311511264e-01
8,3.951000000e+00,1.306598720e-01,1.311486976e-01
8,3.961000000e+00,1.306611078e-01,1.311463083e-01
8,3.971000000e+00,1.306623235e-01,1.311439579e-01
8,3.981000000e+00,1.306635194e-01,1.311416457e-01
8,3.991000000e+00,1.306646959e-01,1.311393712e-01
8,4.001000000e+00,1.306658532e-01,1.311371336e-01
8,4.011000000e+00,1.306669917e-01,1.311349325e-01
8,4.021000000e+00,1.306681117e-01,1.311327671e-01
8,4.031000000e+00,1.306692135e-01,1.311306370e-01
8,4.041000000e+00,1.306702973e-01,1.311285415e-01
8,4.051000000e+00,1.306713634e-01,1.311264801e-01
8,4.061000000e+00,1.306724123e-01,1.311244522e-01
8,4.071000000e+00,1.306734440e-01,1.311224573e-01
8,4.081000000e+00,1.306744590e-01,1.311204948e-01
8,4.091000000e+00,1.306754574e-01,1.311185642e-01
8,4.101000000e+00,1.306764396e-01,1.311166650e-01
8,4.111000000e+00,1.306774058e-01,1.311147966e-01
8,4.121000000e+00,1.306783562e-01,1.311129587e-01
8,4.131000000e+00,1.306792912e-01,1.311111505e-01
8,4.141000000e+00,1.306802110e-01,1.311093718e-01
8,4.151000000e+00,1.306811158e-01,1.311076220e-01
8,4.161000000e+00,1.306820058e-01,1.311059005e-01
8,4.171000000e+00,1.306828814e-01,1.311042071e-01
8,4.181000000e+00,1.306837426e-01,1.311025411e-01
8,4.191000000e+00,1.306845899e-01,1.311009022e-01
8,4.201000000e+00,1.306854234e-01,1.310992900e-01
8,4.211000000e+00,1.306862433e-01,1.310977038e-01
8,4.221000000e+00,1.306870498e-01,1.310961435e-01
8,4.231000000e+00,1.306878432e-01,1.310946084e-01
8,4.241000000e+00,1.306886236e-01,1.310930983e-01
8,4.251000000e+00,1.306893914e-01,1.310916127e-01
8,4.261000000e+00,1.306901466e-01,1.310901511e-01
8,4.271000000e+00,1.306908895e-01,1.310887133e-01
8,4.281000000e+00,1.306916203e-01,1.310872988e-01
8,4.291000000e+00,1.306923392e-01,1.310859072e-01
8,4.301000000e+00,1.306930464e-01,1.310845382e-01
8,4.311000000e+00,1.306937420e-01,1.310831914e-01
8,4.321000000e+00,1.306944263e-01,1.310818664e-01
8,4.331000000e+00,1.306950994e-01,1.310805628e-01
8,4.341000000e+00,1.306957616e-01,1.310792804e-01
8,4.351000000e+00,1.306964129e-01,1.310780188e-01
8,4.361000000e+00,1.306970536e-01,1.310767775e-01
8,4.371000000e+00,1.306976839e-01,1.310755564e-01
8,4.381000000e+00,1.306983038e-01,1.310743550e-01
8,4.391000000e+00,1.306989137e-01,1.310731731e-01
8,4.401000000e+00,1.306995136e-01,1.310720103e-01
8,4.411000000e+00,1.307001037e-01,1.310708663e-01
8,4.421000000e+00,1.307006841e-01,1.310697407e-01
8,4.431000000e+00,1.307012551e-01,1.310686334e-01
8,4.441000000e+00,1.307018167e-01,1.310675440e-01
8,4.451000000e+00,1.307023692e-01,1.310664721e-01
8,4.461000000e+00,1.307029126e-01,1.310654176e-01
8,4.471000000e+00,1.307034471e-01,1.310643801e-01
8,4.481000000e+00,1.307039729e-01,1.310633593e-01
8,4.491000000e+00,1.307044901e-01,1.310623550e-01
8,4.501000000e+00,1.307049988e-01,1.310613668e-01
8,4.511000000e+00,1.307054992e-01,1.310603946e-01
8,4.521000000e+00,1.307059914e-01,1.310594381e-01
8,4.531000000e+00,1.307064755e-01,1.310584969e-01
8,4.541000000e+00,1.307069517e-01,1.310575709e-01
8,4.551000000e+00,1.307074201e-01,1.310566598e-01
8,4.561000000e+00,1.307078808e-01,1.310557634e-01
8,4.571000000e+00,1.307083340e-01,1.310548813e-01
8,4.581000000e+00,1.307087797e-01,1.310540134e-01
8,4.591000000e+00,1.307092181e-01,1.310531594e-01
8,4.601000000e+00,1.307096493e-01,1.310523192e-01
8,4.611000000e+00,1.307100735e-01,1.310514924e-01
8,4.621000000e+00,1.307104906e-01,1.310506788e-01
8,4.631000000e+00,1.307109009e-01,1.310498783e-01
8,4.641000000e+00,1.307113044e-01,1.310490906e-01
8,4.651000000e+00,1.307117013e-01,1.310483155e-01
8,4.661000000e+00,1.307120917e-01,1.310475527e-01
8,4.671000000e+00,1.307124756e-01,1.310468021e-01
8,4.681000000e+00,1.307128532e-01,1.310460635e-01
8,4.691000000e+00,1.307132246e-01,1.310453367e-01
8,4.701000000e+00,1.307135898e-01,1.310446214e-01
8,4.711000000e+00,1.307139490e-01,1.310439175e-01
8,4.721000000e+00,1.307143022e-01,1.310432248e-01
8,4.731000000e+00,1.307146497e-01,1.310425431e-01
8,4.741000000e+00,1.307149913e-01,1.310418722e-01
8,4.751000000e+00,1.307153273e-01,1.310412119e-01
8,4.761000000e+00,1.307156577e-01,1.310405621e-01
8,4.771000000e+00,1.307159827e-01,1.310399225e-01
8,4.781000000e+00,1.307163022e-01,1.310392930e-01
8,4.791000000e+00,1.307166165e-01,1.310386735e-01
8,4.801000000e+00,1.307169255e-01,1.310380637e-01
8,4.811000000e+00,1.307172293e-01,1.310374634e-01
8,4.821000000e+00,1.307175281e-01,1.310368726e-01
8,4.831000000e+00,1.307178219e-01,1.310362911e-01
8,4.841000000e+00,1.307181108e-01,1.310357186e-01
8,4.851000000e+00,1.307183949e-01,1.310351551e-01
8,4.861000000e+00,1.307186741e-01,1.310346003e-01
8,4.871000000e+00,1.307189488e-01,1.310340542e-01
8,4.881000000e+00,1.307192187e-01,1.310335166e-01
8,4.891000000e+00,1.307194842e-01,1.310329872e-01
8,4.901000000e+00,1.307197452e-01,1.310324661e-01
8,4.911000000e+00,1.307200018e-01,1.310319530e-01
8,4.921000000e+00,1.307202540e-01,1.310314478e-01
8,4.931000000e+00,1.307205020e-01,1.310309504e-01
8,4.941000000e+00,1.307207457e-01,1.310304606e-01
8,4.951000000e+00,1.307209853e-01,1.310299782e-01
8,4.961000000e+00,1.307212209e-01,1.310295032e-01
8,4.971000000e+00,1.307214524e-01,1.310290355e-01
8,4.981000000e+00,1.307216800e-01,1.310285748e-01
8,4.991000000e+00,1.307219037e-01,1.310281210e-01
8,5.001000000e+00,1.307221235e-01,1.310276741e-01
8,5.011000000e+00,1.307223395e-01,1.310272339e-01
8,5.021000000e+00,1.307225519e-01,1.310268002e-01
8,5.031000000e+00,1.307227605e-01,1.310263731e-01
8,5.041000000e+00,1.307229655e-01,1.310259522e-01
8,5.051000000e+00,1.307231670e-01,1.310255376e-01
8,5.061000000e+00,1.307233650e-01,1.310251290e-01
8,5.071000000e+00,1.307235595e-01,1.310247265e-01
8,5.081000000e+00,1.307237505e-01,1.310243298e-01
8,5.091000000e+00,1.307239383e-01,1.310239389e-01
8,5.101000000e+00,1.307241227e-01,1.310235536e-01
8,5.111000000e+00,1.307243038e-01,1.310231738e-01
8,5.121000000e+00,1.307244817e-01,1.310227994e-01
8,5.131000000e+00,1.307246565e-01,1.310224304e-01
8,5.141000000e+00,1.307248281e-01,1.310220666e-01
8,5.151000000e+00,1.307249966e-01,1.310217079e-01
8,5.161000000e+00,1.307251621e-01,1.310213541e-01
8,5.171000000e+00,1.307253245e-01,1.310210053e-01
8,5.181000000e+00,1.307254840e-01,1.310206612e-01
8,5.191000000e+00,1.307256406e-01,1.310203219e-01
8,5.201000000e+00,1.307257943e-01,1.310199871e-01
8,5.211000000e+00,1.307259451e-01,1.310196568e-01
8,5.221000000e+00,1.307260932e-01,1.310193310e-01
8,5.231000000e+00,1.307262384e-01,1.310190094e-01
8,5.241000000e+00,1.307263809e-01,1.310186920e-01
8,5.251000000e+00,1.307265207e-01,1.310183787e-01
8,5.261000000e+00,1.307266579e-01,1.310180694e-01
8,5.271000000e+00,1.307267924e-01,1.310177640e-01
8,5.281000000e+00,1.307269243e-01,1.310174625e-01
8,5.291000000e+00,1.307270536e-01,1.310171647e-01
8,5.301000000e+00,1.307271804e-01,1.310168705e-01
8,5.311000000e+00,1.307273046e-01,1.310165799e-01
8,5.321000000e+00,1.307274264e-01,1.310162927e-01
8,5.331000000e+00,1.307275457e-01,1.310160089e-01
8,5.341000000e+00,1.307276626e-01,1.310157284e-01
8,5.351000000e+00,1.307277771e-01,1.310154511e-01
8,5.361000000e+00,1.307278892e-01,1.310151768e-01
8,5.371000000e+00,1.307279990e-01,1.310149056e-01
8,5.381000000e+00,1.307281064e-01,1.310146373e-01
8,5.391000000e+00,1.307282115e-01,1.310143719e-01
8,5.401000000e+00,1.307283144e-01,1.310141092e-01
8,5.411000000e+00,1.307284150e-01,1.310138492e-01
8,5.421000000e+00,1.307285133e-01,1.310135918e-01
8,5.431000000e+00,1.307286094e-01,1.310133368e-01
8,5.441000000e+00,1.307287034e-01,1.310130843e-01
8,5.451000000e+00,1.307287951e-01,1.310128341e-01
8,5.461000000e+00,1.307288847e-01,1.310125862e-01
8,5.471000000e+00,1.307289722e-01,1.310123404e-01
8,5.481000000e+00,1.307290575e-01,1.310120966e-01
8,5.491000000e+00,1.307291407e-01,1.310118549e-01
8,5.501000000e+00,1.307292219e-01,1.310116151e-01
8,5.511000000e+00,1.307293009e-01,1.310113771e-01
8,5.521000000e+00,1.307293779e-01,1.310111409e-01
8,5.531000000e+00,1.307294528e-01,1.310109063e-01
8,5.541000000e+00,1.307295257e-01,1.310106732e-01
8,5.551000000e+00,1.307295966e-01,1.310104417e-01
8,5.561000000e+00,1.307296654e-01,1.310102116e-01
8,5.571000000e+00,1.307297322e-01,1.310099827e-01
8,5.581000000e+00,1.307297971e-01,1.310097551e-01
8,5.591000000e+00,1.307298599e-01,1.310095287e-01
8,5.601000000e+00,1.307299208e-01,1.310093033e-01
8,5.611000000e+00,1.307299797e-01,1.310090789e-01
8,5.621000000e+00,1.307300366e-01,1.310088554e-01
8,5.631000000e+00,1.307300915e-01,1.310086327e-01
8,5.641000000e+00,1.307301445e-01,1.310084107e-01
8,5.651000000e+00,1.307301956e-01,1.310081893e-01
8,5.661000000e+00,1.307302446e-01,1.310079684e-01
8,5.671000000e+00,1.307302918e-01,1.310077480e-01
8,5.681000000e+00,1.307303370e-01,1.310075280e-01
8,5.691000000e+00,1.307303802e-01,1.310073082e-01
8,5.701000000e+00,1.307304215e-01,1.310070886e-01
8,5.711000000e+00,1.307304609e-01,1.310068691e-01
8,5.721000000e+00,1.307304983e-01,1.310066496e-01
8,5.731000000e+00,1.307305337e-01,1.310064300e-01
8,5.741000000e+00,1.307305672e-01,1.310062102e-01
8,5.751000000e+00,1.307305987e-01,1.310059901e-01
8,5.761000000e+00,1.307306283e-01,1.310057696e-01
8,5.771000000e+00,1.307306559e-01,1.310055486e-01
8,5.781000000e+00,1.307306815e-01,1.310053270e-01
8,5.791000000e+00,1.307307051e-01,1.310051048e-01
8,5.801000000e+00,1.307307267e-01,1.310048817e-01
8,5.811000000e+00,1.307307464e-01,1.310046578e-01
8,5.821000000e+00,1.307307640e-01,1.310044329e-01
8,5.831000000e+00,1.307307795e-01,1.310042069e-01
8,5.841000000e+00,1.307307931e-01,1.310039796e-01
8,5.851000000e+00,1.307308045e-01,1.310037511e-01
8,5.861000000e+00,1.307308140e-01,1.310035211e-01
8,5.871000000e+00,1.307308213e-01,1.310032896e-01
8,5.881000000e+00,1.307308265e-01,1.310030565e-01
8,5.891000000e+00,1.307308296e-01,1.310028216e-01
8,5.901000000e+00,1.307308306e-01,1.310025848e-01
8,5.911000000e+00,1.307308294e-01,1.310023460e-01
8,5.921000000e+00,1.307308260e-01,1.310021051e-01
8,5.931000000e+00,1.307308204e-01,1.310018620e-01
8,5.941000000e+00,1.307308126e-01,1.310016164e-01
8,5.951000000e+00,1.307308025e-01,1.310013684e-01
8,5.961000000e+00,1.307307902e-01,1.310011178e-01
8,5.971000000e+00,1.307307756e-01,1.310008644e-01
8,5.981000000e+00,1.307307586e-01,1.310006081e-01
8,5.991000000e+00,1.307307393e-01,1.310003488e-01
8,6.001000000e+00,1.307307176e-01,1.310000863e-01
8,6.011000000e+00,1.307306934e-01,1.309998206e-01
8,6.021000000e+00,1.307306668e-01,1.309995513e-01
8,6.031000000e+00,1.307306377e-01,1.309992785e-01
8,6.041000000e+00,1.307306061e-01,1.309990019e-01
8,6.051000000e+00,1.307305719e-01,1.309987215e-01
8,6.061000000e+00,1.307305351e-01,1.309984369e-01
8,6.071000000e+00,1.307304957e-01,1.309981482e-01
8,6.081000000e+00,1.307304536e-01,1.309978550e-01
8,6.091000000e+00,1.307304087e-01,1.309975574e-01
8,6.101000000e+00,1.307303611e-01,1.309972550e-01
8,6.111000000e+00,1.307303107e-01,1.309969477e-01
8,6.121000000e+00,1.307302574e-01,1.309966354e-01
8,6.131000000e+00,1.307302011e-01,1.309963178e-01
8,6.141000000e+00,1.307301419e-01,1.309959947e-01
8,6.151000000e+00,1.307300797e-01,1.309956661e-01
8,6.161000000e+00,1.307300144e-01,1.309953316e-01
8,6.171000000e+00,1.307299460e-01,1.309949912e-01
8,6.181000000e+00,1.307298743e-01,1.309946445e-01
8,6.191000000e+00,1.307297994e-01,1.309942914e-01
8,6.201000000e+00,1.307297212e-01,1.309939317e-01
8,6.211000000e+00,1.307296396e-01,1.309935652e-01
8,6.221000000e+00,1.307295546e-01,1.309931916e-01
8,6.231000000e+00,1.307294660e-01,1.309928107e-01
8,6.241000000e+00,1.307293739e-01,1.309924223e-01
8,6.251000000e+00,1.307292781e-01,1.309920261e-01
8,6.261000000e+00,1.307291785e-01,1.309916219e-01
8,6.271000000e+00,1.307290751e-01,1.309912096e-01
8,6.281000000e+00,1.307289679e-01,1.309907887e-01
8,6.291000000e+00,1.307288566e-01,1.309903591e-01
8,6.301000000e+00,1.307287413e-01,1.309899204e-01
8,6.311000000e+00,1.307286219e-01,1.309894725e-01
8,6.321000000e+00,1.307284982e-01,1.309890150e-01
8,6.331000000e+00,1.307283702e-01,1.309885477e-01
8,6.341000000e+00,1.307282377e-01,1.309880703e-01
8,6.351000000e+00,1.307281007e-01,1.309875824e-01
8,6.361000000e+00,1.307279591e-01,1.309870838e-01
8,6.371000000e+00,1.307278128e-01,1.309865742e-01
8,6.381000000e+00,1.307276616e-01,1.309860532e-01
8,6.391000000e+00,1.307275055e-01,1.309855205e-01
8,6.401000000e+00,1.307273444e-01,1.309849758e-01
8,6.411000000e+00,1.307271780e-01,1.309844188e-01
8,6.421000000e+00,1.307270064e-01,1.309838490e-01
8,6.431000000e+00,1.307268294e-01,1.309832662e-01
8,6.441000000e+00,1.307266468e-01,1.309826699e-01
8,6.451000000e+00,1.307264585e-01,1.309820598e-01
8,6.461000000e+00,1.307262645e-01,1.309814355e-01
8,6.471000000e+00,1.307260645e-01,1.309807967e-01
8,6.481000000e+00,1.307258584e-01,1.309801428e-01
8,6.491000000e+00,1.307256461e-01,1.309794736e-01
8,6.501000000e+00,1.307254275e-01,1.309787885e-01
8,6.511000000e+00,1.307252023e-01,1.309780871e-01
8,6.521000000e+00,1.307249704e-01,1.309773691e-01
8,6.531000000e+00,1.307247317e-01,1.309766338e-01
8,6.541000000e+00,1.307244860e-01,1.309758810e-01
8,6.551000000e+00,1.307242332e-01,1.309751100e-01
8,6.561000000e+00,1.307239730e-01,1.309743205e-01
8,6.571000000e+00,1.307237053e-01,1.309735118e-01
8,6.581000000e+00,1.307234298e-01,1.309726836e-01
8,6.591000000e+00,1.307231465e-01,1.309718352e-01
8,6.601000000e+00,1.307228551e-01,1.309709661e-01
8,6.611000000e+00,1.307225555e-01,1.309700758e-01
8,6.621000000e+00,1.307222473e-01,1.309691637e-01
8,6.631000000e+00,1.307219305e-01,1.309682292e-01
8,6.641000000e+00,1.307216047e-01,1.309672718e-01
8,6.651000000e+00,1.307212699e-01,1.309662908e-01
8,6.661000000e+00,1.307209256e-01,1.309652856e-01
8,6.671000000e+00,1.307205719e-01,1.309642556e-01
8,6.681000000e+00,1.307202083e-01,1.309632001e-01
8,6.691000000e+00,1.307198346e-01,1.309621185e-01
8,6.701000000e+00,1.307194507e-01,1.309610100e-01
8,6.711000000e+00,1.307190561e-01,1.309598740e-01
8,6.721000000e+00,1.307186508e-01,1.309587097e-01
8,6.731000000e+00,1.307182344e-01,1.309575165e-01
8,6.741000000e+00,1.307178066e-01,1.309562935e-01
8,6.751000000e+00,1.307173672e-01,1.309550400e-01
8,6.761000000e+00,1.307169159e-01,1.309537552e-01
8,6.771000000e+00,1.307164523e-01,1.309524383e-01
8,6.781000000e+00,1.307159762e-01,1.309510884e-01
8,6.791000000e+00,1.307154872e-01,1.309497048e-01
8,6.801000000e+00,1.307149851e-01,1.309482865e-01
8,6.811000000e+00,1.307144695e-01,1.309468327e-01
8,6.821000000e+00,1.307139401e-01,1.309453424e-01
8,6.831000000e+00,1.307133965e-01,1.309438148e-01
8,6.841000000e+00,1.307128383e-01,1.309422488e-01
8,6.851000000e+00,1.307122653e-01,1.309406435e-01
8,6.861000000e+00,1.307116771e-01,1.309389979e-01
8,6.871000000e+00,1.307110732e-01,1.309373109e-01
8,6.881000000e+00,1.307104532e-01,1.309355816e-01
8,6.891000000e+00,1.307098169e-01,1.309338089e-01
8,6.901000000e+00,1.307091637e-01,1.309319916e-01
8,6.911000000e+00,1.307084933e-01,1.309301286e-01
8,6.921000000e+00,1.307078052e-01,1.309282189e-01
8,6.931000000e+00,1.307070990e-01,1.309262611e-01
8,6.941000000e+00,1.307063742e-01,1.309242542e-01
8,6.951000000e+00,1.307056304e-01,1.309221969e-01
8,6.961000000e+00,1.307048671e-01,1.309200879e-01
8,6.971000000e+00,1.307040839e-01,1.309179260e-01
8,6.981000000e+00,1.307032801e-01,1.309157098e-01
8,6.991000000e+00,1.307024554e-01,1.309134380e-01
8,7.001000000e+00,1.307016091e-01,1.309111092e-01
8,7.011000000e+00,1.307007409e-01,1.309087221e-01
8,7.021000000e+00,1.306998501e-01,1.309062751e-01
8,7.031000000e+00,1.306989361e-01,1.309037668e-01
8,7.041000000e+00,1.306979984e-01,1.309011958e-01
8,7.051000000e+00,1.306970365e-01,1.308985605e-01
8,7.061000000e+00,1.306960497e-01,1.308958592e-01
8,7.071000000e+00,1.306950374e-01,1.308930905e-01
8,7.081000000e+00,1.306939990e-01,1.308902527e-01
8,7.091000000e+00,1.306929338e-01,1.308873441e-01
8,7.101000000e+00,1.306918412e-01,1.308843629e-01
8,7.111000000e+00,1.306907206e-01,1.308813076e-01
8,7.121000000e+00,1.306895712e-01,1.308781762e-01
8,7.131000000e+00,1.306883923e-01,1.308749670e-01
8,7.141000000e+00,1.306871833e-01,1.308716781e-01
8,7.151000000e+00,1.306859433e-01,1.308683076e-01
8,7.161000000e+00,1.306846717e-01,1.308648536e-01
8,7.171000000e+00,1.306833677e-01,1.308613141e-01
8,7.181000000e+00,1.306820305e-01,1.308576871e-01
8,7.191000000e+00,1.306806593e-01,1.308539706e-01
8,7.201000000e+00,1.306792533e-01,1.308501624e-01
8,7.211000000e+00,1.306778117e-01,1.308462604e-01
8,7.221000000e+00,1.306763335e-01,1.308422624e-01
8,7.231000000e+00,1.306748180e-01,1.308381662e-01
8,7.241000000e+00,1.306732642e-01,1.308339696e-01
8,7.251000000e+00,1.306716712e-01,1.308296702e-01
8,7.261000000e+00,1.306700382e-01,1.308252657e-01
8,7.271000000e+00,1.306683641e-01,1.308207537e-01
8,7.281000000e+00,1.306666480e-01,1.308161318e-01
8,7.291000000e+00,1.306648888e-01,1.308113974e-01
8,7.301000000e+00,1.306630857e-01,1.308065480e-01
8,7.311000000e+00,1.306612375e-01,1.308015811e-01
8,7.321000000e+00,1.306593433e-01,1.307964941e-01
8,7.331000000e+00,1.306574019e-01,1.307912842e-01
8,7.341000000e+00,1.306554122e-01,1.307859487e-01
8,7.351000000e+00,1.306533732e-01,1.307804850e-01
8,7.361000000e+00,1.306512836e-01,1.307748902e-01
8,7.371000000e+00,1.306491425e-01,1.307691613e-01
8,7.381000000e+00,1.306469484e-01,1.307632957e-01
8,7.391000000e+00,1.306447003e-01,1.307572902e-01
8,7.401000000e+00,1.306423970e-01,1.307511420e-01
8,7.411000000e+00,1.306400371e-01,1.307448479e-01
8,7.421000000e+00,1.306376194e-01,1.307384049e-01
8,7.431000000e+00,1.306351427e-01,1.307318099e-01
8,7.441000000e+00,1.306326055e-01,1.307250597e-01
8,7.451000000e+00,1.306300065e-01,1.307181510e-01
8,7.461000000e+00,1.306273445e-01,1.307110807e-01
8,7.471000000e+00,1.306246179e-01,1.307038454e-01
8,7.481000000e+00,1.306218254e-01,1.306964417e-01
8,7.491000000e+00,1.306189655e-01,1.306888664e-01
8,7.501000000e+00,1.306160368e-01,1.306811159e-01
8,7.511000000e+00,1.306130378e-01,1.306731867e-01
8,7.521000000e+00,1.306099669e-01,1.306650755e-01
8,7.531000000e+00,1.306068227e-01,1.306567786e-01
8,7.541000000e+00,1.306036035e-01,1.306482924e-01
8,7.551000000e+00,1.306003078e-01,1.306396133e-01
8,7.561000000e+00,1.305969340e-01,1.306307378e-01
8,7.571000000e+00,1.305934804e-01,1.306216619e-01
8,7.581000000e+00,1.305899454e-01,1.306123822e-01
8,7.591000000e+00,1.305863273e-01,1.306028948e-01
8,7.601000000e+00,1.305826244e-01,1.305931959e-01
8,7.611000000e+00,1.305788350e-01,1.305832817e-01
8,7.621000000e+00,1.305749573e-01,1.305731485e-01
8,7.631000000e+00,1.305709895e-01,1.305627923e-01
8,7.641000000e+00,1.305669299e-01,1.305522094e-01
8,7.651000000e+00,1.305627766e-01,1.305413957e-01
8,7.661000000e+00,1.305585278e-01,1.305303475e-01
8,7.671000000e+00,1.305541817e-01,1.305190608e-01
8,7.681000000e+00,1.305497363e-01,1.305075318e-01
8,7.691000000e+00,1.305451898e-01,1.304957564e-01
8,7.701000000e+00,1.305405402e-01,1.304837308e-01
8,7.711000000e+00,1.305357857e-01,1.304714510e-01
8,7.721000000e+00,1.305309241e-01,1.304589132e-01
8,7.731000000e+00,1.305259537e-01,1.304461135e-01
8,7.741000000e+00,1.305208723e-01,1.304330479e-01
8,7.751000000e+00,1.305156781e-01,1.304197126e-01
8,7.761000000e+00,1.305103688e-01,1.304061037e-01
8,7.771000000e+00,1.305049427e-01,1.303922174e-01
8,7.781000000e+00,1.304993975e-01,1.303780499e-01
8,7.791000000e+00,1.304937312e-01,1.303635976e-01
8,7.801000000e+00,1.304879418e-01,1.303488565e-01
8,7.811000000e+00,1.304820272e-01,1.303338231e-01
8,7.821000000e+00,1.304759853e-01,1.303184938e-01
8,7.831000000e+00,1.304698140e-01,1.303028649e-01
8,7.841000000e+00,1.304635113e-01,1.302869330e-01
8,7.851000000e+00,1.304570750e-01,1.302706947e-01
8,7.861000000e+00,1.304505029e-01,1.302541465e-01
8,7.871000000e+00,1.304437932e-01,1.302372852e-01
8,7.881000000e+00,1.304369435e-01,1.302201076e-01
8,7.891000000e+00,1.304299518e-01,1.302026105e-01
8,7.901000000e+00,1.304228161e-01,1.301847911e-01
8,7.911000000e+00,1.304155343e-01,1.301666462e-01
8,7.921000000e+00,1.304081042e-01,1.301481733e-01
8,7.931000000e+00,1.304005238e-01,1.301293695e-01
8,7.941000000e+00,1.303927910e-01,1.301102323e-01
8,7.951000000e+00,1.303849039e-01,1.300907593e-01
8,7.961000000e+00,1.303768603e-01,1.300709482e-01
8,7.971000000e+00,1.303686583e-01,1.300507969e-01
8,7.981000000e+00,1.303602959e-01,1.300303034e-01
8,7.991000000e+00,1.303517712e-01,1.300094658e-01
8,8.001000000e+00,1.303430821e-01,1.299882825e-01
8,8.011000000e+00,1.303342268e-01,1.299667519e-01
8,8.021000000e+00,1.303252034e-01,1.299448729e-01
8,8.031000000e+00,1.303160102e-01,1.299226441e-01
8,8.041000000e+00,1.303066451e-01,1.299000648e-01
8,8.051000000e+00,1.302971066e-01,1.298771342e-01
8,8.061000000e+00,1.302873928e-01,1.298538517e-01
8,8.071000000e+00,1.302775021e-01,1.298302171e-01
8,8.081000000e+00,1.302674328e-01,1.298062302e-01
8,8.091000000e+00,1.302571834e-01,1.297818913e-01
8,8.101000000e+00,1.302467523e-01,1.297572006e-01
8,8.111000000e+00,1.302361380e-01,1.297321589e-01
8,8.121000000e+00,1.302253391e-01,1.297067669e-01
8,8.131000000e+00,1.302143543e-01,1.296810257e-01
8,8.141000000e+00,1.302031821e-01,1.296549368e-01
8,8.151000000e+00,1.301918215e-01,1.296285018e-01
8,8.161000000e+00,1.301802711e-01,1.296017225e-01
8,8.171000000e+00,1.301685299e-01,1.295746012e-01
8,8.181000000e+00,1.301565969e-01,1.295471402e-01
8,8.191000000e+00,1.301444711e-01,1.295193424e-01
8,8.201000000e+00,1.301321517e-01,1.294912106e-01
8,8.211000000e+00,1.301196378e-01,1.294627483e-01
8,8.221000000e+00,1.301069287e-01,1.294339589e-01
8,8.231000000e+00,1.300940238e-01,1.294048464e-01
8,8.241000000e+00,1.300809225e-01,1.293754149e-01
8,8.251000000e+00,1.300676245e-01,1.293456689e-01
8,8.261000000e+00,1.300541293e-01,1.293156131e-01
8,8.271000000e+00,1.300404367e-01,1.292852526e-01
8,8.281000000e+00,1.300265464e-01,1.292545927e-01
8,8.291000000e+00,1.300124586e-01,1.292236391e-01
8,8.301000000e+00,1.299981731e-01,1.291923976e-01
8,8.311000000e+00,1.299836901e-01,1.291608746e-01
8,8.321000000e+00,1.299690098e-01,1.291290764e-01
8,8.331000000e+00,1.299541327e-01,1.290970100e-01
8,8.341000000e+00,1.299390590e-01,1.290646823e-01
8,8.351000000e+00,1.299237894e-01,1.290321007e-01
8,8.361000000e+00,1.299083245e-01,1.289992729e-01
8,8.371000000e+00,1.298926652e-01,1.289662067e-01
8,8.381000000e+00,1.298768122e-01,1.289329103e-01
8,8.391000000e+00,1.298607666e-01,1.288993921e-01
8,8.401000000e+00,1.298445294e-01,1.288656608e-01
8,8.411000000e+00,1.298281019e-01,1.288317252e-01
8,8.421000000e+00,1.298114855e-01,1.287975945e-01
8,8.431000000e+00,1.297946814e-01,1.287632782e-01
8,8.441000000e+00,1.297776914e-01,1.287287856e-01
8,8.451000000e+00,1.297605169e-01,1.286941267e-01
8,8.461000000e+00,1.297431599e-01,1.286593114e-01
8,8.471000000e+00,1.297256221e-01,1.286243498e-01
8,8.481000000e+00,1.297079056e-01,1.285892524e-01
8,8.491000000e+00,1.296900124e-01,1.285540297e-01
8,8.501000000e+00,1.296719447e-01,1.285186922e-01
8,8.511000000e+00,1.296537049e-01,1.284832509e-01
8,8.521000000e+00,1.296352953e-01,1.284477165e-01
8,8.531000000e+00,1.296167185e-01,1.284121003e-01
8,8.541000000e+00,1.295979771e-01,1.283764134e-01
8,8.551000000e+00,1.295790736e-01,1.283406669e-01
8,8.561000000e+00,1.295600111e-01,1.283048723e-01
8,8.571000000e+00,1.295407923e-01,1.282690409e-01
8,8.581000000e+00,1.295214202e-01,1.282331842e-01
8,8.591000000e+00,1.295018980e-01,1.281973137e-01
8,8.601000000e+00,1.294822287e-01,1.281614409e-01
8,8.611000000e+00,1.294624156e-01,1.281255772e-01
8,8.621000000e+00,1.294424621e-01,1.280897343e-01
8,8.631000000e+00,1.294223715e-01,1.280539235e-01
8,8.641000000e+00,1.294021473e-01,1.280181565e-01
8,8.651000000e+00,1.293817930e-01,1.279824446e-01
8,8.661000000e+00,1.293613124e-01,1.279467993e-01
8,8.671000000e+00,1.293407089e-01,1.279112317e-01
8,8.681000000e+00,1.293199865e-01,1.278757532e-01
8,8.691000000e+00,1.292991489e-01,1.278403749e-01
8,8.701000000e+00,1.292781999e-01,1.278051078e-01
8,8.711000000e+00,1.292571434e-01,1.277699629e-01
8,8.721000000e+00,1.292359834e-01,1.277349508e-01
8,8.731000000e+00,1.292147239e-01,1.277000823e-01
8,8.741000000e+00,1.291933688e-01,1.276653679e-01
8,8.751000000e+00,1.291719224e-01,1.276308177e-01
8,8.761000000e+00,1.291503886e-01,1.275964421e-01
8,8.771000000e+00,1.291287716e-01,1.275622510e-01
8,8.781000000e+00,1.291070755e-01,1.275282542e-01
8,8.791000000e+00,1.290853045e-01,1.274944611e-01
8,8.801000000e+00,1.290634628e-01,1.274608813e-01
8,8.811000000e+00,1.290415546e-01,1.274275238e-01
8,8.821000000e+00,1.290195842e-01,1.273943975e-01
8,8.831000000e+00,1.289975556e-01,1.273615112e-01
8,8.841000000e+00,1.289754731e-01,1.273288733e-01
8,8.851000000e+00,1.289533410e-01,1.272964920e-01
8,8.861000000e+00,1.289311635e-01,1.272643752e-01
8,8.871000000e+00,1.289089447e-01,1.272325307e-01
8,8.881000000e+00,1.288866889e-01,1.272009658e-01
8,8.891000000e+00,1.288644002e-01,1.271696878e-01
8,8.901000000e+00,1.288420828e-01,1.271387035e-01
8,8.911000000e+00,1.288197408e-01,1.271080196e-01
8,8.921000000e+00,1.287973784e-01,1.270776425e-01
8,8.931000000e+00,1.287749996e-01,1.270475781e-01
8,8.941000000e+00,1.287526085e-01,1.270178324e-01
8,8.951000000e+00,1.287302091e-01,1.269884108e-01
8,8.961000000e+00,1.287078054e-01,1.269593186e-01
8,8.971000000e+00,1.286854014e-01,1.269305607e-01
8,8.981000000e+00,1.286630009e-01,1.269021418e-01
8,8.991000000e+00,1.286406079e-01,1.268740664e-01
8,9.001000000e+00,1.286182261e-01,1.268463386e-01
8,9.011000000e+00,1.285958594e-01,1.268189622e-01
8,9.021000000e+00,1.285735115e-01,1.267919408e-01
8,9.031000000e+00,1.285511861e-01,1.267652776e-01
8,9.041000000e+00,1.285288867e-01,1.267389758e-01
8,9.051000000e+00,1.285066170e-01,1.267130381e-01
8,9.061000000e+00,1.284843804e-01,1.266874670e-01
8,9.071000000e+00,1.284621805e-01,1.266622647e-01
8,9.081000000e+00,1.284400206e-01,1.266374332e-01
8,9.091000000e+00,1.284179041e-01,1.266129743e-01
8,9.101000000e+00,1.283958342e-01,1.265888894e-01
8,9.111000000e+00,1.283738142e-01,1.265651797e-01
8,9.121000000e+00,1.283518473e-01,1.265418463e-01
8,9.131000000e+00,1.283299364e-01,1.265188900e-01
8,9.141000000e+00,1.283080847e-01,1.264963111e-01
8,9.151000000e+00,1.282862951e-01,1.264741101e-01
8,9.161000000e+00,1.282645705e-01,1.264522870e-01
8,9.171000000e+00,1.282429136e-01,1.264308417e-01
8,9.181000000e+00,1.282213274e-01,1.264097739e-01
8,9.191000000e+00,1.281998144e-01,1.263890830e-01
8,9.201000000e+00,1.281783773e-01,1.263687683e-01
8,9.211000000e+00,1.281570186e-01,1.263488287e-01
8,9.221000000e+00,1.281357408e-01,1.263292633e-01
8,9.231000000e+00,1.281145464e-01,1.263100708e-01
8,9.241000000e+00,1.280934376e-01,1.262912495e-01
8,9.251000000e+00,1.280724168e-01,1.262727980e-01
8,9.261000000e+00,1.280514862e-01,1.262547143e-01
8,9.271000000e+00,1.280306479e-01,1.262369966e-01
8,9.281000000e+00,1.280099039e-01,1.262196428e-01
8,9.291000000e+00,1.279892564e-01,1.262026505e-01
8,9.301000000e+00,1.279687072e-01,1.261860174e-01
8,9.311000000e+00,1.279482582e-01,1.261697409e-01
8,9.321000000e+00,1.279279112e-01,1.261538184e-01
8,9.331000000e+00,1.279076680e-01,1.261382472e-01
8,9.341000000e+00,1.278875303e-01,1.261230244e-01
8,9.351000000e+00,1.278674995e-01,1.261081468e-01
8,9.361000000e+00,1.278475774e-01,1.260936116e-01
8,9.371000000e+00,1.278277654e-01,1.260794154e-01
8,9.381000000e+00,1.278080649e-01,1.260655549e-01
8,9.391000000e+00,1.277884772e-01,1.260520269e-01
8,9.401000000e+00,1.277690037e-01,1.260388278e-01
8,9.411000000e+00,1.277496457e-01,1.260259540e-01
8,9.421000000e+00,1.277304042e-01,1.260134021e-01
8,9.431000000e+00,1.277112805e-01,1.260011683e-01
8,9.441000000e+00,1.276922756e-01,1.259892488e-01
8,9.451000000e+00,1.276733904e-01,1.259776400e-01
8,9.461000000e+00,1.276546260e-01,1.259663378e-01
8,9.471000000e+00,1.276359833e-01,1.259553385e-01
8,9.481000000e+00,1.276174631e-01,1.259446381e-01
8,9.491000000e+00,1.275990662e-01,1.259342327e-01
8,9.501000000e+00,1.275807933e-01,1.259241181e-01
8,9.511000000e+00,1.275626452e-01,1.259142904e-01
8,9.521000000e+00,1.275446225e-01,1.259047455e-01
8,9.531000000e+00,1.275267257e-01,1.258954792e-01
8,9.541000000e+00,1.275089554e-01,1.258864876e-01
8,9.551000000e+00,1.274913122e-01,1.258777664e-01
8,9.561000000e+00,1.274737964e-01,1.258693115e-01
8,9.571000000e+00,1.274564086e-01,1.258611188e-01
8,9.581000000e+00,1.274391489e-01,1.258531840e-01
8,9.591000000e+00,1.274220179e-01,1.258455030e-01
8,9.601000000e+00,1.274050157e-01,1.258380718e-01
8,9.611000000e+00,1.273881426e-01,1.258308859e-01
8,9.621000000e+00,1.273713988e-01,1.258239415e-01
8,9.631000000e+00,1.273547845e-01,1.258172342e-01
8,9.641000000e+00,1.273382997e-01,1.258107599e-01
8,9.651000000e+00,1.273219447e-01,1.258045146e-01
8,9.661000000e+00,1.273057193e-01,1.257984941e-01
8,9.671000000e+00,1.272896237e-01,1.257926943e-01
8,9.681000000e+00,1.272736579e-01,1.257871111e-01
8,9.691000000e+00,1.272578217e-01,1.257817405e-01
8,9.701000000e+00,1.272421151e-01,1.257765784e-01
8,9.711000000e+00,1.272265380e-01,1.257716209e-01
8,9.721000000e+00,1.272110903e-01,1.257668640e-01
8,9.731000000e+00,1.271957718e-01,1.257623036e-01
8,9.741000000e+00,1.271805822e-01,1.257579360e-01
8,9.751000000e+00,1.271655214e-01,1.257537571e-01
8,9.761000000e+00,1.271505891e-01,1.257497633e-01
8,9.771000000e+00,1.271357850e-01,1.257459505e-01
8,9.781000000e+00,1.271211088e-01,1.257423151e-01
8,9.791000000e+00,1.271065602e-01,1.257388532e-01
8,9.801000000e+00,1.270921389e-01,1.257355613e-01
8,9.811000000e+00,1.270778444e-01,1.257324355e-01
8,9.821000000e+00,1.270636764e-01,1.257294723e-01
8,9.831000000e+00,1.270496344e-01,1.257266681e-01
8,9.841000000e+00,1.270357181e-01,1.257240193e-01
8,9.851000000e+00,1.270219269e-01,1.257215224e-01
8,9.861000000e+00,1.270082604e-01,1.257191739e-01
8,9.871000000e+00,1.269947181e-01,1.257169704e-01
8,9.881000000e+00,1.269812995e-01,1.257149086e-01
8,9.891000000e+00,1.269680041e-01,1.257129850e-01
8,9.901000000e+00,1.269548313e-01,1.257111964e-01
8,9.911000000e+00,1.269417805e-01,1.257095395e-01
8,9.921000000e+00,1.269288512e-01,1.257080112e-01
8,9.931000000e+00,1.269160428e-01,1.257066082e-01
8,9.941000000e+00,1.269033547e-01,1.257053275e-01
8,9.951000000e+00,1.268907863e-01,1.257041659e-01
8,9.961000000e+00,1.268783369e-01,1.257031205e-01
8,9.971000000e+00,1.268660059e-01,1.257021882e-01
8,9.981000000e+00,1.268537928e-01,1.257013662e-01
8,9.991000000e+00,1.268416967e-01,1.257006516e-01
8,1.000100000e+01,1.268297171e-01,1.257000415e-01
