hdf5_path,N,sigma_w,x,Fbar_l,split,valid,outcome,n_frames
/mnt/pd/tema1/new/results/ml_samples/N1_sw0.15_x+0_i0048.h5,1,1.500000000e-01,0,1.000000000e+00,main,true,fall,274
/mnt/pd/tema1/new/results/ml_samples/N1_sw0.15_x+0_i0032.h5,1,1.500000000e-01,0,1.000000000e+00,main,true,fall,344
/mnt/pd/tema1/new/results/ml_samples/N1_sw0.15_x+0_i0016.h5,1,1.500000000e-01,0,1.000000000e+00,main,true,fall,360
/mnt/pd/tema1/new/results/ml_samples/N1_sw0.15_x+0_i0052.h5,1,1.500000000e-01,0,1.000000000e+00,main,true,fall,327
/mnt/pd/tema1/new/results/ml_samples/N1_sw0.15_x+0_i0000.h5,1,1.500000000e-01,0,1.000000000e+00,main,true,rise,1733
/mnt/pd/tema1/new/results/ml_samples/N1_sw0.15_x+0_i0014.h5,1,1.500000000e-01,0,1.000000000e+00,main,true,rise,1018
/mnt/pd/tema1/new/results/ml_samples/N1_sw0.15_x+0_i0030.h5,1,1.500000000e-01,0,1.000000000e+00,main,true,fall,516
/mnt/pd/tema1/new/results/ml_samples/N1_sw0.15_x+0_i0004.h5,1,1.500000000e-01,0,1.000000000e+00,main,true,fall,804
/mnt/pd/tema1/new/results/ml_samples/N1_sw0.15_x+0_i0050.h5,1,1.500000000e-01,0,1.000000000e+00,main,true,fall,575
/mnt/pd/tema1/new/results/ml_samples/N1_sw0.15_x+0_i0012.h5,1,1.500000000e-01,0,1.000000000e+00,main,true,rise,631
/mnt/pd/tema1/new/results/ml_samples/N1_sw0.15_x+0_i0010.h5,1,1.500000000e-01,0,1.000000000e+00,main,true,fall,818
/mnt/pd/tema1/new/results/ml_samples/N1_sw0.15_x+0_i0018.h5,1,1.500000000e-01,0,1.000000000e+00,main,true,fall,768
/mnt/pd/tema1/new/results/ml_samples/N1_sw0.15_x+0_i0046.h5,1,1.500000000e-01,0,1.000000000e+00,main,true,fall,793
/mnt/pd/tema1/new/results/ml_samples/N1_sw0.15_x+0_i0040.h5,1,1.500000000e-01,0,1.000000000e+00,main,true,fall,840
/mnt/pd/tema1/new/results/ml_samples/N1_sw0.15_x+0_i0002.h5,1,1.500000000e-01,0,1.000000000e+00,main,true,rise,1245
/mnt/pd/tema1/new/results/ml_samples/N1_sw0.15_x+0_i0006.h5,1,1.500000000e-01,0,1.000000000e+00,main,true,rise,1056
/mnt/pd/tema1/new/results/ml_samples/N1_sw0.15_x+0_i0060.h5,1,1.500000000e-01,0,1.000000000e+00,main,true,fall,245
/mnt/pd/tema1/new/results/ml_samples/N1_sw0.15_x+0_i0024.h5,1,1.500000000e-01,0,1.000000000e+00,main,true,rise,1159
/mnt/pd/tema1/new/results/ml_samples/N1_sw0.15_x+0_i0058.h5,1,1.500000000e-01,0,1.000000000e+00,main,true,fall,445
/mnt/pd/tema1/new/results/ml_samples/N1_sw0.15_x+0_i0036.h5,1,1.500000000e-01,0,1.000000000e+00,main,true,fall,1318
/mnt/pd/tema1/new/results/ml_samples/N1_sw0.15_x+0_i0062.h5,1,1.500000000e-01,0,1.000000000e+00,main,true,fall,602
/mnt/pd/tema1/new/results/ml_samples/N1_sw0.15_x+0_i0084.h5,1,1.500000000e-01,0,1.000000000e+00,main,true,fall,276
/mnt/pd/tema1/new/results/ml_samples/N1_sw0.15_x+0_i0056.h5,1,1.500000000e-01,0,1.000000000e+00,main,true,rise,807
/mnt/pd/tema1/new/results/ml_samples/N1_sw0.15_x+0_i0076.h5,1,1.500000000e-01,0,1.000000000e+00,main,true,fall,426
/mnt/pd/tema1/new/results/ml_samples/N1_sw0.15_x+0_i0086.h5,1,1.500000000e-01,0,1.000000000e+00,main,true,fall,438
/mnt/pd/tema1/new/results/ml_samples/N1_sw0.15_x+0_i0064.h5,1,1.500000000e-01,0,1.000000000e+00,main,true,fall,2515
/mnt/pd/tema1/new/results/ml_samples/N1_sw0.15_x+0_i0090.h5,1,1.500000000e-01,0,1.000000000e+00,main,true,rise,586
/mnt/pd/tema1/new/results/ml_samples/N1_sw0.15_x+0_i0092.h5,1,1.500000000e-01,0,1.000000000e+00,main,true,fall,708
/mnt/pd/tema1/new/results/ml_samples/N1_sw0.15_x+0_i0054.h5,1,1.500000000e-01,0,1.000000000e+00,main,true,fall,2442
/mnt/pd/tema1/new/results/ml_samples/N1_sw0.15_x+0_i0034.h5,1,1.500000000e-01,0,1.000000000e+00,main,true,fall,2540
/mnt/pd/tema1/new/results/ml_samples/N1_sw0.15_x+0_i0094.h5,1,1.500000000e-01,0,1.000000000e+00,main,true,fall,729
/mnt/pd/tema1/new/results/ml_samples/N1_sw0.15_x+0_i0028.h5,1,1.500000000e-01,0,1.000000000e+00,main,true,rise,2480
/mnt/pd/tema1/new/results/ml_samples/N1_sw0.15_x+0_i0044.h5,1,1.500000000e-01,0,1.000000000e+00,main,true,rise,2511
/mnt/pd/tema1/new/results/ml_samples/N1_sw0.15_x+0_i0098.h5,1,1.500000000e-01,0,1.000000000e+00,main,true,fall,722
/mnt/pd/tema1/new/results/ml_samples/N1_sw0.15_x+0_i0070.h5,1,1.500000000e-01,0,1.000000000e+00,main,true,fall,1650
/mnt/pd/tema1/new/results/ml_samples/N1_sw0.15_x+0_i0100.h5,1,1.500000000e-01,0,1.000000000e+00,main,true,fall,843
/mnt/pd/tema1/new/results/ml_samples/N1_sw0.15_x+0_i0104.h5,1,1.500000000e-01,0,1.000000000e+00,main,true,rise,790
/mnt/pd/tema1/new/results/ml_samples/N1_sw0.15_x+0_i0072.h5,1,1.500000000e-01,0,1.000000000e+00,main,true,fall,1918
/mnt/pd/tema1/new/results/ml_samples/N1_sw0.15_x+0_i0122.h5,1,1.500000000e-01,0,1.000000000e+00,main,true,fall,339
/mnt/pd/tema1/new/results/ml_samples/N1_sw0.15_x+0_i0082.h5,1,1.500000000e-01,0,1.000000000e+00,main,true,fall,2189
/mnt/pd/tema1/new/results/ml_samples/N1_sw0.15_x+0_i0108.h5,1,1.500000000e-01,0,1.000000000e+00,main,true,rise,826
/mnt/pd/tema1/new/results/ml_samples/N1_sw0.15_x+0_i0020.h5,1,1.500000000e-01,0,1.000000000e+00,main,true,fall,3821
/mnt/pd/tema1/new/results/ml_samples/N1_sw0.15_x+0_i0008.h5,1,1.500000000e-01,0,1.000000000e+00,main,true,rise,3829
/mnt/pd/tema1/new/results/ml_samples/N1_sw0.15_x+0_i0074.h5,1,1.500000000e-01,0,1.000000000e+00,main,true,fall,2480
/mnt/pd/tema1/new/results/ml_samples/N1_sw0.15_x+0_i0068.h5,1,1.500000000e-01,0,1.000000000e+00,main,true,fall,2628
/mnt/pd/tema1/new/results/ml_samples/N1_sw0.15_x+0_i0114.h5,1,1.500000000e-01,0,1.000000000e+00,main,true,fall,873
/mnt/pd/tema1/new/results/ml_samples/N1_sw0.15_x+0_i0066.h5,1,1.500000000e-01,0,1.000000000e+00,main,true,timeout,6001
/mnt/pd/tema1/new/results/ml_samples/N1_sw0.15_x+0_i0128.h5,1,1.500000000e-01,0,1.000000000e+00,main,true,fall,359
/mnt/pd/tema1/new/results/ml_samples/N1_sw0.15_x+0_i0088.h5,1,1.500000000e-01,0,1.000000000e+00,main,true,fall,2234
/mnt/pd/tema1/new/results/ml_samples/N1_sw0.15_x+0_i0110.h5,1,1.500000000e-01,0,1.000000000e+00,main,true,fall,1408
/mnt/pd/tema1/new/results/ml_samples/N1_sw0.15_x+0_i0038.h5,1,1.500000000e-01,0,1.000000000e+00,main,true,fall,4239
/mnt/pd/tema1/new/results/ml_samples/N1_sw0.15_x+0_i0130.h5,1,1.500000000e-01,0,1.000000000e+00,main,true,fall,554
/mnt/pd/tema1/new/results/ml_samples/N1_sw0.15_x+0_i0102.h5,1,1.500000000e-01,0,1.000000000e+00,main,true,rise,2073
/mnt/pd/tema1/new/results/ml_samples/N1_sw0.15_x+0_i0132.h5,1,1.500000000e-01,0,1.000000000e+00,main,true,fall,319
/mnt/pd/tema1/new/results/ml_samples/N1_sw0.15_x+0_i0142.h5,1,1.500000000e-01,0,1.000000000e+00,main,true,fall,243
/mnt/pd/tema1/new/results/ml_samples/N1_sw0.15_x+0_i0144.h5,1,1.500000000e-01,0,1.000000000e+00,main,true,fall,228
/mnt/pd/tema1/new/results/ml_samples/N1_sw0.15_x+0_i0078.h5,1,1.500000000e-01,0,1.000000000e+00,main,true,fall,3185
/mnt/pd/tema1/new/results/ml_samples/N1_sw0.15_x+0_i0096.h5,1,1.500000000e-01,0,1.000000000e+00,main,true,rise,2451
/mnt/pd/tema1/new/results/ml_samples/N1_sw0.15_x+0_i0138.h5,1,1.500000000e-01,0,1.000000000e+00,main,true,fall,350
/mnt/pd/tema1/new/results/ml_samples/N1_sw0.15_x+0_i0026.h5,1,1.500000000e-01,0,1.000000000e+00,main,true,fall,4491
/mnt/pd/tema1/new/results/ml_samples/N1_sw0.15_x+0_i0116.h5,1,1.500000000e-01,0,1.000000000e+00,main,true,rise,1630
/mnt/pd/tema1/new/results/ml_samples/N1_sw0.15_x+0_i0112.h5,1,1.500000000e-01,0,1.000000000e+00,main,true,fall,1944
/mnt/pd/tema1/new/results/ml_samples/N1_sw0.15_x+0_i0156.h5,1,1.500000000e-01,0,1.000000000e+00,main,true,fall,352
/mnt/pd/tema1/new/results/ml_samples/N1_sw0.15_x+0_i0154.h5,1,1.500000000e-01,0,1.000000000e+00,main,true,fall,579
/mnt/pd/tema1/new/results/ml_samples/N1_sw0.15_x+0_i0022.h5,1,1.500000000e-01,0,1.000000000e+00,main,true,rise,5320
/mnt/pd/tema1/new/results/ml_samples/N1_sw0.15_x+0_i0170.h5,1,1.500000000e-01,0,1.000000000e+00,main,true,fall,303
/mnt/pd/tema1/new/results/ml_samples/N1_sw0.15_x+0_i0106.h5,1,1.500000000e-01,0,1.000000000e+00,main,true,timeout,6001
/mnt/pd/tema1/new/results/ml_samples/N1_sw0.15_x+0_i0152.h5,1,1.500000000e-01,0,1.000000000e+00,main,true,fall,1196
/mnt/pd/tema1/new/results/ml_samples/N1_sw0.15_x+0_i0120.h5,1,1.500000000e-01,0,1.000000000e+00,main,true,rise,2502
/mnt/pd/tema1/new/results/ml_samples/N1_sw0.15_x+0_i0118.h5,1,1.500000000e-01,0,1.000000000e+00,main,true,rise,2723
/mnt/pd/tema1/new/results/ml_samples/N1_sw0.15_x+0_i0188.h5,1,1.500000000e-01,0,1.000000000e+00,main,true,fall,613
/mnt/pd/tema1/new/results/ml_samples/N1_sw0.15_x+0_i0158.h5,1,1.500000000e-01,0,1.000000000e+00,main,true,rise,1125
/mnt/pd/tema1/new/results/ml_samples/N1_sw0.15_x+0_i0080.h5,1,1.500000000e-01,0,1.000000000e+00,main,true,rise,4713
/mnt/pd/tema1/new/results/ml_samples/N1_sw0.15_x+0_i0174.h5,1,1.500000000e-01,0,1.000000000e+00,main,true,rise,909
/mnt/pd/tema1/new/results/ml_samples/N1_sw0.15_x+0_i0160.h5,1,1.500000000e-01,0,1.000000000e+00,main,true,fall,1379
/mnt/pd/tema1/new/results/ml_samples/N1_sw0.15_x+0_i0042.h5,1,1.500000000e-01,0,1.000000000e+00,main,true,timeout,6001
/mnt/pd/tema1/new/results/ml_samples/N1_sw0.15_x+0_i0148.h5,1,1.500000000e-01,0,1.000000000e+00,main,true,fall,3985
/mnt/pd/tema1/new/results/ml_samples/N1_sw0.15_x+0_i0126.h5,1,1.500000000e-01,0,1.000000000e+00,main,true,rise,2676
/mnt/pd/tema1/new/results/ml_samples/N1_sw0.15_x+0_i0186.h5,1,1.500000000e-01,0,1.000000000e+00,main,true,fall,672
/mnt/pd/tema1/new/results/ml_samples/N1_sw0.15_x+0_i0182.h5,1,1.500000000e-01,0,1.000000000e+00,main,true,fall,738
/mnt/pd/tema1/new/results/ml_samples/N1_sw0.15_x+0_i0168.h5,1,1.500000000e-01,0,1.000000000e+00,main,true,rise,1513
/mnt/pd/tema1/new/results/ml_samples/N1_sw0.15_x+0_i0196.h5,1,1.500000000e-01,0,1.000000000e+00,main,true,fall,1048
/mnt/pd/tema1/new/results/ml_samples/N1_sw0.15_x+0_i0184.h5,1,1.500000000e-01,0,1.000000000e+00,main,true,fall,912
/mnt/pd/tema1/new/results/ml_samples/N1_sw0.15_x+0_i0124.h5,1,1.500000000e-01,0,1.000000000e+00,main,true,fall,3523
/mnt/pd/tema1/new/results/ml_samples/N1_sw0.15_x+0_i0134.h5,1,1.500000000e-01,0,1.000000000e+00,main,true,fall,2768
/mnt/pd/tema1/new/results/ml_samples/N1_sw0.15_x+0_i0146.h5,1,1.500000000e-01,0,1.000000000e+00,main,true,rise,2622
/mnt/pd/tema1/new/results/ml_samples/N1_sw0.15_x+0_i0194.h5,1,1.500000000e-01,0,1.000000000e+00,main,true,rise,1095
/mnt/pd/tema1/new/results/ml_samples/N1_sw0.15_x+0_i0166.h5,1,1.500000000e-01,0,1.000000000e+00,main,true,rise,2344
/mnt/pd/tema1/new/results/ml_samples/N1_sw0.15_x+0_i0164.h5,1,1.500000000e-01,0,1.000000000e+00,main,true,fall,2684
/mnt/pd/tema1/new/results/ml_samples/N1_sw0.15_x+1_i0004.h5,1,1.500000000e-01,1,1.034558572e+00,main,true,rise,1093
/mnt/pd/tema1/new/results/ml_samples/N1_sw0.15_x+0_i0150.h5,1,1.500000000e-01,0,1.000000000e+00,main,true,fall,3244
/mnt/pd/tema1/new/results/ml_samples/N1_sw0.15_x+1_i0008.h5,1,1.500000000e-01,1,1.034558572e+00,main,true,rise,2854
/mnt/pd/tema1/new/results/ml_samples/N1_sw0.15_x+1_i0012.h5,1,1.500000000e-01,1,1.034558572e+00,main,true,rise,880
/mnt/pd/tema1/new/results/ml_samples/N1_sw0.15_x+1_i0024.h5,1,1.500000000e-01,1,1.034558572e+00,main,true,fall,524
/mnt/pd/tema1/new/results/ml_samples/N1_sw0.15_x+1_i0010.h5,1,1.500000000e-01,1,1.034558572e+00,main,true,rise,1155
/mnt/pd/tema1/new/results/ml_samples/N1_sw0.15_x+1_i0018.h5,1,1.500000000e-01,1,1.034558572e+00,main,true,rise,2624
/mnt/pd/tema1/new/results/ml_samples/N1_sw0.15_x+1_i0038.h5,1,1.500000000e-01,1,1.034558572e+00,main,true,fall,341
/mnt/pd/tema1/new/results/ml_samples/N1_sw0.15_x+0_i0192.h5,1,1.500000000e-01,0,1.000000000e+00,main,true,fall,2113
/mnt/pd/tema1/new/results/ml_samples/N1_sw0.15_x+0_i0162.h5,1,1.500000000e-01,0,1.000000000e+00,main,true,fall,3588
/mnt/pd/tema1/new/results/ml_samples/N1_sw0.15_x+0_i0140.h5,1,1.500000000e-01,0,1.000000000e+00,main,true,rise,3986
/mnt/pd/tema1/new/results/ml_samples/N1_sw0.15_x+0_i0176.h5,1,1.500000000e-01,0,1.000000000e+00,main,true,rise,3299
/mnt/pd/tema1/new/results/ml_samples/N1_sw0.15_x+0_i0190.h5,1,1.500000000e-01,0,1.000000000e+00,main,true,rise,2177
/mnt/pd/tema1/new/results/ml_samples/N1_sw0.15_x+1_i0016.h5,1,1.500000000e-01,1,1.034558572e+00,main,true,rise,1481
/mnt/pd/tema1/new/results/ml_samples/N1_sw0.15_x+0_i0172.h5,1,1.500000000e-01,0,1.000000000e+00,main,true,fall,3824
/mnt/pd/tema1/new/results/ml_samples/N1_sw0.15_x+1_i0000.h5,1,1.500000000e-01,1,1.034558572e+00,main,true,rise,2418
/mnt/pd/tema1/new/results/ml_samples/N1_sw0.15_x+1_i0020.h5,1,1.500000000e-01,1,1.034558572e+00,main,true,rise,1809
/mnt/pd/tema1/new/results/ml_samples/N1_sw0.15_x+1_i0042.h5,1,1.500000000e-01,1,1.034558572e+00,main,true,rise,793
/mnt/pd/tema1/new/results/ml_samples/N1_sw0.15_x+1_i0048.h5,1,1.500000000e-01,1,1.034558572e+00,main,true,fall,1193
/mnt/pd/tema1/new/results/ml_samples/N1_sw0.15_x+1_i0036.h5,1,1.500000000e-01,1,1.034558572e+00,main,true,fall,833
/mnt/pd/tema1/new/results/ml_samples/N1_sw0.15_x+0_i0198.h5,1,1.500000000e-01,0,1.000000000e+00,main,true,rise,2839
/mnt/pd/tema1/new/results/ml_samples/N1_sw0.15_x+1_i0032.h5,1,1.500000000e-01,1,1.034558572e+00,main,true,fall,1155
/mnt/pd/tema1/new/results/ml_samples/N1_sw0.15_x+1_i0054.h5,1,1.500000000e-01,1,1.034558572e+00,main,true,rise,818
/mnt/pd/tema1/new/results/ml_samples/N1_sw0.15_x+1_i0056.h5,1,1.500000000e-01,1,1.034558572e+00,main,true,fall,861
/mnt/pd/tema1/new/results/ml_samples/N1_sw0.15_x+1_i0046.h5,1,1.500000000e-01,1,1.034558572e+00,main,true,rise,2142
/mnt/pd/tema1/new/results/ml_samples/N1_sw0.15_x+1_i0044.h5,1,1.500000000e-01,1,1.034558572e+00,main,true,rise,1385
/mnt/pd/tema1/new/results/ml_samples/N1_sw0.15_x+0_i0178.h5,1,1.500000000e-01,0,1.000000000e+00,main,true,fall,4451
/mnt/pd/tema1/new/results/ml_samples/N1_sw0.15_x+1_i0040.h5,1,1.500000000e-01,1,1.034558572e+00,main,true,fall,1158
/mnt/pd/tema1/new/results/ml_samples/N1_sw0.15_x+1_i0034.h5,1,1.500000000e-01,1,1.034558572e+00,main,true,fall,1736
/mnt/pd/tema1/new/results/ml_samples/N1_sw0.15_x+1_i0030.h5,1,1.500000000e-01,1,1.034558572e+00,main,true,rise,2123
/mnt/pd/tema1/new/results/ml_samples/N1_sw0.15_x+0_i0136.h5,1,1.500000000e-01,0,1.000000000e+00,main,true,timeout,6001
/mnt/pd/tema1/new/results/ml_samples/N1_sw0.15_x+1_i0066.h5,1,1.500000000e-01,1,1.034558572e+00,main,true,fall,889
/mnt/pd/tema1/new/results/ml_samples/N1_sw0.15_x+1_i0070.h5,1,1.500000000e-01,1,1.034558572e+00,main,true,rise,1312
/mnt/pd/tema1/new/results/ml_samples/N1_sw0.15_x+1_i0052.h5,1,1.500000000e-01,1,1.034558572e+00,main,true,rise,1100
/mnt/pd/tema1/new/results/ml_samples/N1_sw0.15_x+1_i0058.h5,1,1.500000000e-01,1,1.034558572e+00,main,true,rise,1457
/mnt/pd/tema1/new/results/ml_samples/N1_sw0.15_x+1_i0078.h5,1,1.500000000e-01,1,1.034558572e+00,main,true,fall,294
/mnt/pd/tema1/new/results/ml_samples/N1_sw0.15_x+0_i0180.h5,1,1.500000000e-01,0,1.000000000e+00,main,true,rise,4967
/mnt/pd/tema1/new/results/ml_samples/N1_sw0.15_x+1_i0006.h5,1,1.500000000e-01,1,1.034558572e+00,main,true,rise,3996
/mnt/pd/tema1/new/results/ml_samples/N1_sw0.15_x+1_i0068.h5,1,1.500000000e-01,1,1.034558572e+00,main,true,rise,1208
/mnt/pd/tema1/new/results/ml_samples/N1_sw0.15_x+1_i0064.h5,1,1.500000000e-01,1,1.034558572e+00,main,true,rise,1512
/mnt/pd/tema1/new/results/ml_samples/N1_sw0.15_x+1_i0028.h5,1,1.500000000e-01,1,1.034558572e+00,main,true,rise,3162
/mnt/pd/tema1/new/results/ml_samples/N1_sw0.15_x+1_i0076.h5,1,1.500000000e-01,1,1.034558572e+00,main,true,rise,1272
/mnt/pd/tema1/new/results/ml_samples/N1_sw0.15_x+1_i0014.h5,1,1.500000000e-01,1,1.034558572e+00,main,true,rise,3996
/mnt/pd/tema1/new/results/ml_samples/N1_sw0.15_x+1_i0094.h5,1,1.500000000e-01,1,1.034558572e+00,main,true,rise,494
/mnt/pd/tema1/new/results/ml_samples/N1_sw0.15_x+1_i0002.h5,1,1.500000000e-01,1,1.034558572e+00,main,true,rise,4649
/mnt/pd/tema1/new/results/ml_samples/N1_sw0.15_x+1_i0026.h5,1,1.500000000e-01,1,1.034558572e+00,main,true,rise,3950
/mnt/pd/tema1/new/results/ml_samples/N1_sw0.15_x+1_i0098.h5,1,1.500000000e-01,1,1.034558572e+00,main,true,rise,1470
/mnt/pd/tema1/new/results/ml_samples/N1_sw0.15_x+1_i0082.h5,1,1.500000000e-01,1,1.034558572e+00,main,true,rise,2773
/mnt/pd/tema1/new/results/ml_samples/N1_sw0.15_x+1_i0096.h5,1,1.500000000e-01,1,1.034558572e+00,main,true,rise,614
/mnt/pd/tema1/new/results/ml_samples/N1_sw0.15_x+1_i0022.h5,1,1.500000000e-01,1,1.034558572e+00,main,true,rise,4104
/mnt/pd/tema1/new/results/ml_samples/N1_sw0.15_x+1_i0050.h5,1,1.500000000e-01,1,1.034558572e+00,main,true,rise,2610
/mnt/pd/tema1/new/results/ml_samples/N1_sw0.15_x+1_i0104.h5,1,1.500000000e-01,1,1.034558572e+00,main,true,rise,791
/mnt/pd/tema1/new/results/ml_samples/N1_sw0.15_x+1_i0084.h5,1,1.500000000e-01,1,1.034558572e+00,main,true,rise,1040
/mnt/pd/tema1/new/results/ml_samples/N1_sw0.15_x+1_i0092.h5,1,1.500000000e-01,1,1.034558572e+00,main,true,rise,1343
/mnt/pd/tema1/new/results/ml_samples/N1_sw0.15_x+1_i0074.h5,1,1.500000000e-01,1,1.034558572e+00,main,true,rise,2542
/mnt/pd/tema1/new/results/ml_samples/N1_sw0.15_x+1_i0086.h5,1,1.500000000e-01,1,1.034558572e+00,main,true,rise,1916
/mnt/pd/tema1/new/results/ml_samples/N1_sw0.15_x+1_i0100.h5,1,1.500000000e-01,1,1.034558572e+00,main,true,rise,1361
/mnt/pd/tema1/new/results/ml_samples/N1_sw0.15_x+1_i0126.h5,1,1.500000000e-01,1,1.034558572e+00,main,true,rise,1240
/mnt/pd/tema1/new/results/ml_samples/N1_sw0.15_x+1_i0106.h5,1,1.500000000e-01,1,1.034558572e+00,main,true,rise,1311
/mnt/pd/tema1/new/results/ml_samples/N1_sw0.15_x+1_i0072.h5,1,1.500000000e-01,1,1.034558572e+00,main,true,rise,2208
/mnt/pd/tema1/new/results/ml_samples/N1_sw0.15_x+1_i0128.h5,1,1.500000000e-01,1,1.034558572e+00,main,true,fall,1228
/mnt/pd/tema1/new/results/ml_samples/N1_sw0.15_x+1_i0060.h5,1,1.500000000e-01,1,1.034558572e+00,main,true,rise,3563
/mnt/pd/tema1/new/results/ml_samples/N1_sw0.15_x+1_i0122.h5,1,1.500000000e-01,1,1.034558572e+00,main,true,fall,586
/mnt/pd/tema1/new/results/ml_samples/N1_sw0.15_x+1_i0114.h5,1,1.500000000e-01,1,1.034558572e+00,main,true,rise,910
/mnt/pd/tema1/new/results/ml_samples/N1_sw0.15_x+1_i0080.h5,1,1.500000000e-01,1,1.034558572e+00,main,true,rise,2297
/mnt/pd/tema1/new/results/ml_samples/N1_sw0.15_x+1_i0102.h5,1,1.500000000e-01,1,1.034558572e+00,main,true,rise,1356
/mnt/pd/tema1/new/results/ml_samples/N1_sw0.15_x+1_i0124.h5,1,1.500000000e-01,1,1.034558572e+00,main,true,rise,862
/mnt/pd/tema1/new/results/ml_samples/N1_sw0.15_x+1_i0090.h5,1,1.500000000e-01,1,1.034558572e+00,main,true,rise,1745
/mnt/pd/tema1/new/results/ml_samples/N1_sw0.15_x+1_i0130.h5,1,1.500000000e-01,1,1.034558572e+00,main,true,fall,891
/mnt/pd/tema1/new/results/ml_samples/N1_sw0.15_x+1_i0134.h5,1,1.500000000e-01,1,1.034558572e+00,main,true,rise,913
/mnt/pd/tema1/new/results/ml_samples/N1_sw0.15_x+1_i0154.h5,1,1.500000000e-01,1,1.034558572e+00,main,true,rise,1029
/mnt/pd/tema1/new/results/ml_samples/N1_sw0.15_x+1_i0136.h5,1,1.500000000e-01,1,1.034558572e+00,main,true,rise,930
/mnt/pd/tema1/new/results/ml_samples/N1_sw0.15_x+1_i0144.h5,1,1.500000000e-01,1,1.034558572e+00,main,true,rise,748
/mnt/pd/tema1/new/results/ml_samples/N1_sw0.15_x+1_i0152.h5,1,1.500000000e-01,1,1.034558572e+00,main,true,fall,730
/mnt/pd/tema1/new/results/ml_samples/N1_sw0.15_x+1_i0110.h5,1,1.500000000e-01,1,1.034558572e+00,main,true,rise,1783
/mnt/pd/tema1/new/results/ml_samples/N1_sw0.15_x+1_i0116.h5,1,1.500000000e-01,1,1.034558572e+00,main,true,rise,1513
/mnt/pd/tema1/new/results/ml_samples/N1_sw0.15_x+1_i0148.h5,1,1.500000000e-01,1,1.034558572e+00,main,true,rise,2189
/mnt/pd/tema1/new/results/ml_samples/N1_sw0.15_x+1_i0168.h5,1,1.500000000e-01,1,1.034558572e+00,main,true,fall,532
/mnt/pd/tema1/new/results/ml_samples/N1_sw0.15_x+1_i0140.h5,1,1.500000000e-01,1,1.034558572e+00,main,true,rise,910
/mnt/pd/tema1/new/results/ml_samples/N1_sw0.15_x+1_i0108.h5,1,1.500000000e-01,1,1.034558572e+00,main,true,rise,2732
/mnt/pd/tema1/new/results/ml_samples/N1_sw0.15_x+1_i0174.h5,1,1.500000000e-01,1,1.034558572e+00,main,true,rise,1046
/mnt/pd/tema1/new/results/ml_samples/N1_sw0.15_x+1_i0160.h5,1,1.500000000e-01,1,1.034558572e+00,main,true,rise,1101
/mnt/pd/tema1/new/results/ml_samples/N1_sw0.15_x+1_i0112.h5,1,1.500000000e-01,1,1.034558572e+00,main,true,rise,2715
/mnt/pd/tema1/new/results/ml_samples/N1_sw0.15_x+1_i0166.h5,1,1.500000000e-01,1,1.034558572e+00,main,true,rise,924
/mnt/pd/tema1/new/results/ml_samples/N1_sw0.15_x+1_i0138.h5,1,1.500000000e-01,1,1.034558572e+00,main,true,rise,1669
/mnt/pd/tema1/new/results/ml_samples/N1_sw0.15_x+1_i0186.h5,1,1.500000000e-01,1,1.034558572e+00,main,true,fall,472
/mnt/pd/tema1/new/results/ml_samples/N1_sw0.15_x+1_i0150.h5,1,1.500000000e-01,1,1.034558572e+00,main,true,rise,1462
/mnt/pd/tema1/new/results/ml_samples/N1_sw0.15_x+1_i0120.h5,1,1.500000000e-01,1,1.034558572e+00,main,true,rise,2701
/mnt/pd/tema1/new/results/ml_samples/N1_sw0.15_x+1_i0182.h5,1,1.500000000e-01,1,1.034558572e+00,main,true,fall,463
/mnt/pd/tema1/new/results/ml_samples/N1_sw0.15_x+1_i0194.h5,1,1.500000000e-01,1,1.034558572e+00,main,true,rise,990
/mnt/pd/tema1/new/results/ml_samples/N1_sw0.15_x+1_i0062.h5,1,1.500000000e-01,1,1.034558572e+00,main,true,fall,5385
/mnt/pd/tema1/new/results/ml_samples/N1_sw0.15_x+1_i0180.h5,1,1.500000000e-01,1,1.034558572e+00,main,true,rise,844
/mnt/pd/tema1/new/results/ml_samples/N1_sw0.15_x+1_i0188.h5,1,1.500000000e-01,1,1.034558572e+00,main,true,fall,534
/mnt/pd/tema1/new/results/ml_samples/N1_sw0.15_x+1_i0088.h5,1,1.500000000e-01,1,1.034558572e+00,main,true,fall,4408
/mnt/pd/tema1/new/results/ml_samples/N1_sw0.15_x+1_i0162.h5,1,1.500000000e-01,1,1.034558572e+00,main,true,fall,1271
/mnt/pd/tema1/new/results/ml_samples/N1_sw0.15_x+1_i0146.h5,1,1.500000000e-01,1,1.034558572e+00,main,true,rise,2217
/mnt/pd/tema1/new/results/ml_samples/N1_sw0.15_x+2_i0002.h5,1,1.500000000e-01,2,1.069117145e+00,main,true,rise,552
/mnt/pd/tema1/new/results/ml_samples/N1_sw0.15_x+2_i0004.h5,1,1.500000000e-01,2,1.069117145e+00,main,true,rise,1298
/mnt/pd/tema1/new/results/ml_samples/N1_sw0.15_x+1_i0172.h5,1,1.500000000e-01,1,1.034558572e+00,main,true,rise,1550
/mnt/pd/tema1/new/results/ml_samples/N1_sw0.15_x+1_i0178.h5,1,1.500000000e-01,1,1.034558572e+00,main,true,rise,1638
/mnt/pd/tema1/new/results/ml_samples/N1_sw0.15_x+1_i0158.h5,1,1.500000000e-01,1,1.034558572e+00,main,true,fall,2469
/mnt/pd/tema1/new/results/ml_samples/N1_sw0.15_x+1_i0170.h5,1,1.500000000e-01,1,1.034558572e+00,main,true,rise,1763
/mnt/pd/tema1/new/results/ml_samples/N1_sw0.15_x+1_i0190.h5,1,1.500000000e-01,1,1.034558572e+00,main,true,rise,1403
/mnt/pd/tema1/new/results/ml_samples/N1_sw0.15_x+2_i0012.h5,1,1.500000000e-01,2,1.069117145e+00,main,true,rise,909
/mnt/pd/tema1/new/results/ml_samples/N1_sw0.15_x+2_i0000.h5,1,1.500000000e-01,2,1.069117145e+00,main,true,rise,818
/mnt/pd/tema1/new/results/ml_samples/N1_sw0.15_x+1_i0132.h5,1,1.500000000e-01,1,1.034558572e+00,main,true,rise,3687
/mnt/pd/tema1/new/results/ml_samples/N1_sw0.15_x+1_i0196.h5,1,1.500000000e-01,1,1.034558572e+00,main,true,fall,845
/mnt/pd/tema1/new/results/ml_samples/N1_sw0.15_x+2_i0016.h5,1,1.500000000e-01,2,1.069117145e+00,main,true,rise,656
/mnt/pd/tema1/new/results/ml_samples/N1_sw0.15_x+1_i0156.h5,1,1.500000000e-01,1,1.034558572e+00,main,true,rise,2975
/mnt/pd/tema1/new/results/ml_samples/N1_sw0.15_x+2_i0006.h5,1,1.500000000e-01,2,1.069117145e+00,main,true,rise,1087
/mnt/pd/tema1/new/results/ml_samples/N1_sw0.15_x+2_i0020.h5,1,1.500000000e-01,2,1.069117145e+00,main,true,fall,696
/mnt/pd/tema1/new/results/ml_samples/N1_sw0.15_x+1_i0142.h5,1,1.500000000e-01,1,1.034558572e+00,main,true,rise,2965
/mnt/pd/tema1/new/results/ml_samples/N1_sw0.15_x+2_i0028.h5,1,1.500000000e-01,2,1.069117145e+00,main,true,rise,850
/mnt/pd/tema1/new/results/ml_samples/N1_sw0.15_x+2_i0010.h5,1,1.500000000e-01,2,1.069117145e+00,main,true,rise,1082
/mnt/pd/tema1/new/results/ml_samples/N1_sw0.15_x+2_i0038.h5,1,1.500000000e-01,2,1.069117145e+00,main,true,rise,507
/mnt/pd/tema1/new/results/ml_samples/N1_sw0.15_x+2_i0014.h5,1,1.500000000e-01,2,1.069117145e+00,main,true,rise,1388
/mnt/pd/tema1/new/results/ml_samples/N1_sw0.15_x+1_i0176.h5,1,1.500000000e-01,1,1.034558572e+00,main,true,rise,2589
/mnt/pd/tema1/new/results/ml_samples/N1_sw0.15_x+2_i0040.h5,1,1.500000000e-01,2,1.069117145e+00,main,true,rise,1549
/mnt/pd/tema1/new/results/ml_samples/N1_sw0.15_x+2_i0058.h5,1,1.500000000e-01,2,1.069117145e+00,main,true,rise,584
/mnt/pd/tema1/new/results/ml_samples/N1_sw0.15_x+2_i0036.h5,1,1.500000000e-01,2,1.069117145e+00,main,true,fall,861
/mnt/pd/tema1/new/results/ml_samples/N1_sw0.15_x+2_i0030.h5,1,1.500000000e-01,2,1.069117145e+00,main,true,rise,816
/mnt/pd/tema1/new/results/ml_samples/N1_sw0.15_x+2_i0034.h5,1,1.500000000e-01,2,1.069117145e+00,main,true,rise,899
/mnt/pd/tema1/new/results/ml_samples/N1_sw0.15_x+2_i0026.h5,1,1.500000000e-01,2,1.069117145e+00,main,true,rise,1341
/mnt/pd/tema1/new/results/ml_samples/N1_sw0.15_x+1_i0198.h5,1,1.500000000e-01,1,1.034558572e+00,main,true,rise,2432
/mnt/pd/tema1/new/results/ml_samples/N1_sw0.15_x+2_i0022.h5,1,1.500000000e-01,2,1.069117145e+00,main,true,rise,1776
/mnt/pd/tema1/new/results/ml_samples/N1_sw0.15_x+2_i0044.h5,1,1.500000000e-01,2,1.069117145e+00,main,true,rise,891
/mnt/pd/tema1/new/results/ml_samples/N1_sw0.15_x+2_i0042.h5,1,1.500000000e-01,2,1.069117145e+00,main,true,rise,985
/mnt/pd/tema1/new/results/ml_samples/N1_sw0.15_x+2_i0008.h5,1,1.500000000e-01,2,1.069117145e+00,main,true,rise,1928
/mnt/pd/tema1/new/results/ml_samples/N1_sw0.15_x+1_i0192.h5,1,1.500000000e-01,1,1.034558572e+00,main,true,rise,2879
/mnt/pd/tema1/new/results/ml_samples/N1_sw0.15_x+2_i0056.h5,1,1.500000000e-01,2,1.069117145e+00,main,true,rise,765
/mnt/pd/tema1/new/results/ml_samples/N1_sw0.15_x+2_i0046.h5,1,1.500000000e-01,2,1.069117145e+00,main,true,fall,1116
/mnt/pd/tema1/new/results/ml_samples/N1_sw0.15_x+2_i0068.h5,1,1.500000000e-01,2,1.069117145e+00,main,true,rise,835
/mnt/pd/tema1/new/results/ml_samples/N1_sw0.15_x+2_i0032.h5,1,1.500000000e-01,2,1.069117145e+00,main,true,rise,982
/mnt/pd/tema1/new/results/ml_samples/N1_sw0.15_x+1_i0118.h5,1,1.500000000e-01,1,1.034558572e+00,main,true,rise,5490
/mnt/pd/tema1/new/results/ml_samples/N1_sw0.15_x+2_i0052.h5,1,1.500000000e-01,2,1.069117145e+00,main,true,rise,564
/mnt/pd/tema1/new/results/ml_samples/N1_sw0.15_x+1_i0184.h5,1,1.500000000e-01,1,1.034558572e+00,main,true,rise,3144
/mnt/pd/tema1/new/results/ml_samples/N1_sw0.15_x+2_i0054.h5,1,1.500000000e-01,2,1.069117145e+00,main,true,rise,1010
/mnt/pd/tema1/new/results/ml_samples/N1_sw0.15_x+2_i0048.h5,1,1.500000000e-01,2,1.069117145e+00,main,true,rise,1340
/mnt/pd/tema1/new/results/ml_samples/N1_sw0.15_x+2_i0024.h5,1,1.500000000e-01,2,1.069117145e+00,main,true,rise,2115
/mnt/pd/tema1/new/results/ml_samples/N1_sw0.15_x+2_i0062.h5,1,1.500000000e-01,2,1.069117145e+00,main,true,rise,731
/mnt/pd/tema1/new/results/ml_samples/N1_sw0.15_x+2_i0018.h5,1,1.500000000e-01,2,1.069117145e+00,main,true,rise,2635
/mnt/pd/tema1/new/results/ml_samples/N1_sw0.15_x+2_i0064.h5,1,1.500000000e-01,2,1.069117145e+00,main,true,rise,799
/mnt/pd/tema1/new/results/ml_samples/N1_sw0.15_x+2_i0074.h5,1,1.500000000e-01,2,1.069117145e+00,main,true,rise,725
/mnt/pd/tema1/new/results/ml_samples/N1_sw0.15_x+2_i0060.h5,1,1.500000000e-01,2,1.069117145e+00,main,true,fall,1332
/mnt/pd/tema1/new/results/ml_samples/N1_sw0.15_x+2_i0072.h5,1,1.500000000e-01,2,1.069117145e+00,main,true,rise,815
/mnt/pd/tema1/new/results/ml_samples/N1_sw0.15_x+2_i0082.h5,1,1.500000000e-01,2,1.069117145e+00,main,true,rise,606
/mnt/pd/tema1/new/results/ml_samples/N1_sw0.15_x+2_i0066.h5,1,1.500000000e-01,2,1.069117145e+00,main,true,fall,1217
/mnt/pd/tema1/new/results/ml_samples/N1_sw0.15_x+2_i0090.h5,1,1.500000000e-01,2,1.069117145e+00,main,true,rise,695
/mnt/pd/tema1/new/results/ml_samples/N1_sw0.15_x+2_i0092.h5,1,1.500000000e-01,2,1.069117145e+00,main,true,rise,631
/mnt/pd/tema1/new/results/ml_samples/N1_sw0.15_x+4_i0000.h5,1,1.500000000e-01,4,1.138234290e+00,main,true,rise,574
/mnt/pd/tema1/new/results/ml_samples/N1_sw0.15_x+2_i0096.h5,1,1.500000000e-01,2,1.069117145e+00,main,true,rise,1602
/mnt/pd/tema1/new/results/ml_samples/N1_sw0.15_x+4_i0002.h5,1,1.500000000e-01,4,1.138234290e+00,main,true,rise,487
/mnt/pd/tema1/new/results/ml_samples/N1_sw0.15_x+2_i0098.h5,1,1.500000000e-01,2,1.069117145e+00,main,true,rise,766
/mnt/pd/tema1/new/results/ml_samples/N1_sw0.15_x+2_i0084.h5,1,1.500000000e-01,2,1.069117145e+00,main,true,rise,616
/mnt/pd/tema1/new/results/ml_samples/N1_sw0.15_x+2_i0080.h5,1,1.500000000e-01,2,1.069117145e+00,main,true,rise,618
/mnt/pd/tema1/new/results/ml_samples/N1_sw0.15_x+4_i0004.h5,1,1.500000000e-01,4,1.138234290e+00,main,true,rise,712
/mnt/pd/tema1/new/results/ml_samples/N1_sw0.15_x+2_i0070.h5,1,1.500000000e-01,2,1.069117145e+00,main,true,rise,3150
/mnt/pd/tema1/new/results/ml_samples/N1_sw0.15_x+2_i0094.h5,1,1.500000000e-01,2,1.069117145e+00,main,true,rise,870
/mnt/pd/tema1/new/results/ml_samples/N1_sw0.15_x+4_i0010.h5,1,1.500000000e-01,4,1.138234290e+00,main,true,rise,454
/mnt/pd/tema1/new/results/ml_samples/N1_sw0.15_x+4_i0014.h5,1,1.500000000e-01,4,1.138234290e+00,main,true,rise,363
/mnt/pd/tema1/new/results/ml_samples/N1_sw0.15_x+2_i0086.h5,1,1.500000000e-01,2,1.069117145e+00,main,true,rise,1041
/mnt/pd/tema1/new/results/ml_samples/N1_sw0.15_x+1_i0164.h5,1,1.500000000e-01,1,1.034558572e+00,main,true,rise,5683
/mnt/pd/tema1/new/results/ml_samples/N1_sw0.15_x+4_i0006.h5,1,1.500000000e-01,4,1.138234290e+00,main,true,rise,812
/mnt/pd/tema1/new/results/ml_samples/N1_sw0.15_x+2_i0078.h5,1,1.500000000e-01,2,1.069117145e+00,main,true,rise,1554
/mnt/pd/tema1/new/results/ml_samples/N1_sw0.15_x+4_i0018.h5,1,1.500000000e-01,4,1.138234290e+00,main,true,rise,395
/mnt/pd/tema1/new/results/ml_samples/N1_sw0.15_x+2_i0088.h5,1,1.500000000e-01,2,1.069117145e+00,main,true,rise,1150
/mnt/pd/tema1/new/results/ml_samples/N1_sw0.15_x+4_i0034.h5,1,1.500000000e-01,4,1.138234290e+00,main,true,rise,458
/mnt/pd/tema1/new/results/ml_samples/N1_sw0.15_x+4_i0022.h5,1,1.500000000e-01,4,1.138234290e+00,main,true,rise,388
/mnt/pd/tema1/new/results/ml_samples/N1_sw0.15_x+4_i0012.h5,1,1.500000000e-01,4,1.138234290e+00,main,true,rise,794
/mnt/pd/tema1/new/results/ml_samples/N1_sw0.15_x+4_i0016.h5,1,1.500000000e-01,4,1.138234290e+00,main,true,rise,385
/mnt/pd/tema1/new/results/ml_samples/N1_sw0.15_x+4_i0032.h5,1,1.500000000e-01,4,1.138234290e+00,main,true,rise,346
/mnt/pd/tema1/new/results/ml_samples/N1_sw0.15_x+4_i0008.h5,1,1.500000000e-01,4,1.138234290e+00,main,true,rise,1099
/mnt/pd/tema1/new/results/ml_samples/N1_sw0.15_x+4_i0046.h5,1,1.500000000e-01,4,1.138234290e+00,main,true,rise,613
/mnt/pd/tema1/new/results/ml_samples/N1_sw0.15_x+4_i0024.h5,1,1.500000000e-01,4,1.138234290e+00,main,true,rise,588
/mnt/pd/tema1/new/results/ml_samples/N1_sw0.15_x+4_i0026.h5,1,1.500000000e-01,4,1.138234290e+00,main,true,rise,410
/mnt/pd/tema1/new/results/ml_samples/N1_sw0.15_x+2_i0050.h5,1,1.500000000e-01,2,1.069117145e+00,main,true,rise,2389
/mnt/pd/tema1/new/results/ml_samples/N1_sw0.15_x+4_i0020.h5,1,1.500000000e-01,4,1.138234290e+00,main,true,rise,729
/mnt/pd/tema1/new/results/ml_samples/N1_sw0.15_x+4_i0030.h5,1,1.500000000e-01,4,1.138234290e+00,main,true,rise,495
/mnt/pd/tema1/new/results/ml_samples/N1_sw0.15_x+4_i0066.h5,1,1.500000000e-01,4,1.138234290e+00,main,true,rise,353
/mnt/pd/tema1/new/results/ml_samples/N1_sw0.15_x+4_i0028.h5,1,1.500000000e-01,4,1.138234290e+00,main,true,rise,466
/mnt/pd/tema1/new/results/ml_samples/N1_sw0.15_x+4_i0036.h5,1,1.500000000e-01,4,1.138234290e+00,main,true,rise,598
/mnt/pd/tema1/new/results/ml_samples/N1_sw0.15_x+4_i0044.h5,1,1.500000000e-01,4,1.138234290e+00,main,true,rise,412
/mnt/pd/tema1/new/results/ml_samples/N1_sw0.15_x+4_i0038.h5,1,1.500000000e-01,4,1.138234290e+00,main,true,rise,533
/mnt/pd/tema1/new/results/ml_samples/N1_sw0.15_x+4_i0058.h5,1,1.500000000e-01,4,1.138234290e+00,main,true,rise,335
/mnt/pd/tema1/new/results/ml_samples/N1_sw0.15_x+4_i0040.h5,1,1.500000000e-01,4,1.138234290e+00,main,true,rise,530
/mnt/pd/tema1/new/results/ml_samples/N1_sw0.15_x+4_i0042.h5,1,1.500000000e-01,4,1.138234290e+00,main,true,rise,523
/mnt/pd/tema1/new/results/ml_samples/N1_sw0.15_x+4_i0054.h5,1,1.500000000e-01,4,1.138234290e+00,main,true,rise,471
/mnt/pd/tema1/new/results/ml_samples/N1_sw0.15_x+4_i0050.h5,1,1.500000000e-01,4,1.138234290e+00,main,true,rise,555
/mnt/pd/tema1/new/results/ml_samples/N1_sw0.15_x+4_i0056.h5,1,1.500000000e-01,4,1.138234290e+00,main,true,rise,477
/mnt/pd/tema1/new/results/ml_samples/N1_sw0.15_x+4_i0062.h5,1,1.500000000e-01,4,1.138234290e+00,main,true,rise,440
/mnt/pd/tema1/new/results/ml_samples/N1_sw0.15_x+4_i0052.h5,1,1.500000000e-01,4,1.138234290e+00,main,true,rise,605
/mnt/pd/tema1/new/results/ml_samples/N1_sw0.15_x+4_i0060.h5,1,1.500000000e-01,4,1.138234290e+00,main,true,rise,483
/mnt/pd/tema1/new/results/ml_samples/N1_sw0.15_x+4_i0068.h5,1,1.500000000e-01,4,1.138234290e+00,main,true,rise,429
/mnt/pd/tema1/new/results/ml_samples/N1_sw0.15_x+2_i0076.h5,1,1.500000000e-01,2,1.069117145e+00,main,true,rise,2175
/mnt/pd/tema1/new/results/ml_samples/N1_sw0.15_x+4_i0048.h5,1,1.500000000e-01,4,1.138234290e+00,main,true,rise,820
/mnt/pd/tema1/new/results/ml_samples/N1_sw0.15_x+4_i0078.h5,1,1.500000000e-01,4,1.138234290e+00,main,true,rise,780
/mnt/pd/tema1/new/results/ml_samples/N1_sw0.15_x+4_i0072.h5,1,1.500000000e-01,4,1.138234290e+00,main,true,rise,467
/mnt/pd/tema1/new/results/ml_samples/N1_sw0.15_x+4_i0080.h5,1,1.500000000e-01,4,1.138234290e+00,main,true,rise,385
/mnt/pd/tema1/new/results/ml_samples/N1_sw0.15_x+4_i0070.h5,1,1.500000000e-01,4,1.138234290e+00,main,true,rise,517
/mnt/pd/tema1/new/results/ml_samples/N1_sw0.15_x+4_i0064.h5,1,1.500000000e-01,4,1.138234290e+00,main,true,rise,857
/mnt/pd/tema1/new/results/ml_samples/N1_sw0.15_x+4_i0088.h5,1,1.500000000e-01,4,1.138234290e+00,main,true,rise,400
/mnt/pd/tema1/new/results/ml_samples/N1_sw0.15_x+4_i0090.h5,1,1.500000000e-01,4,1.138234290e+00,main,true,rise,528
/mnt/pd/tema1/new/results/ml_samples/N1_sw0.15_x+4_i0086.h5,1,1.500000000e-01,4,1.138234290e+00,main,true,rise,503
/mnt/pd/tema1/new/results/ml_samples/N1_sw0.15_x+4_i0082.h5,1,1.500000000e-01,4,1.138234290e+00,main,true,rise,538
/mnt/pd/tema1/new/results/ml_samples/N1_sw0.15_x+4_i0084.h5,1,1.500000000e-01,4,1.138234290e+00,main,true,rise,524
/mnt/pd/tema1/new/results/ml_samples/N1_sw0.15_x+4_i0074.h5,1,1.500000000e-01,4,1.138234290e+00,main,true,rise,751
/mnt/pd/tema1/new/results/ml_samples/N1_sw0.15_x-1_i0002.h5,1,1.500000000e-01,-1,9.654414276e-01,main,true,fall,322
/mnt/pd/tema1/new/results/ml_samples/N1_sw0.15_x+4_i0096.h5,1,1.500000000e-01,4,1.138234290e+00,main,true,rise,438
/mnt/pd/tema1/new/results/ml_samples/N1_sw0.15_x-1_i0010.h5,1,1.500000000e-01,-1,9.654414276e-01,main,true,fall,394
/mnt/pd/tema1/new/results/ml_samples/N1_sw0.15_x-1_i0028.h5,1,1.500000000e-01,-1,9.654414276e-01,main,true,fall,280
/mnt/pd/tema1/new/results/ml_samples/N1_sw0.15_x-1_i0008.h5,1,1.500000000e-01,-1,9.654414276e-01,main,true,fall,228
/mnt/pd/tema1/new/results/ml_samples/N1_sw0.15_x+4_i0076.h5,1,1.500000000e-01,4,1.138234290e+00,main,true,rise,669
/mnt/pd/tema1/new/results/ml_samples/N1_sw0.15_x+4_i0098.h5,1,1.500000000e-01,4,1.138234290e+00,main,true,rise,881
/mnt/pd/tema1/new/results/ml_samples/N1_sw0.15_x-1_i0026.h5,1,1.500000000e-01,-1,9.654414276e-01,main,true,fall,491
/mnt/pd/tema1/new/results/ml_samples/N1_sw0.15_x+4_i0094.h5,1,1.500000000e-01,4,1.138234290e+00,main,true,rise,1018
/mnt/pd/tema1/new/results/ml_samples/N1_sw0.15_x-1_i0020.h5,1,1.500000000e-01,-1,9.654414276e-01,main,true,fall,589
/mnt/pd/tema1/new/results/ml_samples/N1_sw0.15_x-1_i0014.h5,1,1.500000000e-01,-1,9.654414276e-01,main,true,fall,301
/mnt/pd/tema1/new/results/ml_samples/N1_sw0.15_x-1_i0006.h5,1,1.500000000e-01,-1,9.654414276e-01,main,true,fall,1053
/mnt/pd/tema1/new/results/ml_samples/N1_sw0.15_x-1_i0040.h5,1,1.500000000e-01,-1,9.654414276e-01,main,true,fall,453
/mnt/pd/tema1/new/results/ml_samples/N1_sw0.15_x+4_i0092.h5,1,1.500000000e-01,4,1.138234290e+00,main,true,rise,1002
/mnt/pd/tema1/new/results/ml_samples/N1_sw0.15_x-1_i0044.h5,1,1.500000000e-01,-1,9.654414276e-01,main,true,fall,518
/mnt/pd/tema1/new/results/ml_samples/N1_sw0.15_x-1_i0032.h5,1,1.500000000e-01,-1,9.654414276e-01,main,true,fall,768
/mnt/pd/tema1/new/results/ml_samples/N1_sw0.15_x-1_i0036.h5,1,1.500000000e-01,-1,9.654414276e-01,main,true,fall,1787
/mnt/pd/tema1/new/results/ml_samples/N1_sw0.15_x-1_i0038.h5,1,1.500000000e-01,-1,9.654414276e-01,main,true,fall,244
/mnt/pd/tema1/new/results/ml_samples/N1_sw0.15_x-1_i0046.h5,1,1.500000000e-01,-1,9.654414276e-01,main,true,fall,489
/mnt/pd/tema1/new/results/ml_samples/N1_sw0.15_x-1_i0054.h5,1,1.500000000e-01,-1,9.654414276e-01,main,true,fall,157
/mnt/pd/tema1/new/results/ml_samples/N1_sw0.15_x-1_i0012.h5,1,1.500000000e-01,-1,9.654414276e-01,main,true,fall,1257
/mnt/pd/tema1/new/results/ml_samples/N1_sw0.15_x-1_i0018.h5,1,1.500000000e-01,-1,9.654414276e-01,main,true,fall,1165
/mnt/pd/tema1/new/results/ml_samples/N1_sw0.15_x-1_i0062.h5,1,1.500000000e-01,-1,9.654414276e-01,main,true,fall,214
/mnt/pd/tema1/new/results/ml_samples/N1_sw0.15_x-1_i0000.h5,1,1.500000000e-01,-1,9.654414276e-01,main,true,fall,1320
/mnt/pd/tema1/new/results/ml_samples/N1_sw0.15_x-1_i0060.h5,1,1.500000000e-01,-1,9.654414276e-01,main,true,fall,250
/mnt/pd/tema1/new/results/ml_samples/N1_sw0.15_x-1_i0066.h5,1,1.500000000e-01,-1,9.654414276e-01,main,true,fall,212
/mnt/pd/tema1/new/results/ml_samples/N1_sw0.15_x-1_i0024.h5,1,1.500000000e-01,-1,9.654414276e-01,main,true,fall,2863
/mnt/pd/tema1/new/results/ml_samples/N1_sw0.15_x-1_i0034.h5,1,1.500000000e-01,-1,9.654414276e-01,main,true,fall,1136
/mnt/pd/tema1/new/results/ml_samples/N1_sw0.15_x-1_i0070.h5,1,1.500000000e-01,-1,9.654414276e-01,main,true,fall,203
/mnt/pd/tema1/new/results/ml_samples/N1_sw0.15_x-1_i0078.h5,1,1.500000000e-01,-1,9.654414276e-01,main,true,fall,532
/mnt/pd/tema1/new/results/ml_samples/N1_sw0.15_x-1_i0072.h5,1,1.500000000e-01,-1,9.654414276e-01,main,true,fall,290
/mnt/pd/tema1/new/results/ml_samples/N1_sw0.15_x-1_i0030.h5,1,1.500000000e-01,-1,9.654414276e-01,main,true,fall,990
/mnt/pd/tema1/new/results/ml_samples/N1_sw0.15_x-1_i0084.h5,1,1.500000000e-01,-1,9.654414276e-01,main,true,fall,236
/mnt/pd/tema1/new/results/ml_samples/N1_sw0.15_x-1_i0076.h5,1,1.500000000e-01,-1,9.654414276e-01,main,true,fall,246
/mnt/pd/tema1/new/results/ml_samples/N1_sw0.15_x-1_i0056.h5,1,1.500000000e-01,-1,9.654414276e-01,main,true,rise,885
/mnt/pd/tema1/new/results/ml_samples/N1_sw0.15_x-1_i0042.h5,1,1.500000000e-01,-1,9.654414276e-01,main,true,fall,1609
/mnt/pd/tema1/new/results/ml_samples/N1_sw0.15_x-1_i0104.h5,1,1.500000000e-01,-1,9.654414276e-01,main,true,fall,264
/mnt/pd/tema1/new/results/ml_samples/N1_sw0.15_x-1_i0080.h5,1,1.500000000e-01,-1,9.654414276e-01,main,true,fall,385
/mnt/pd/tema1/new/results/ml_samples/N1_sw0.15_x-1_i0074.h5,1,1.500000000e-01,-1,9.654414276e-01,main,true,fall,241
/mnt/pd/tema1/new/results/ml_samples/N1_sw0.15_x-1_i0092.h5,1,1.500000000e-01,-1,9.654414276e-01,main,true,fall,225
/mnt/pd/tema1/new/results/ml_samples/N1_sw0.15_x-1_i0048.h5,1,1.500000000e-01,-1,9.654414276e-01,main,true,fall,1364
/mnt/pd/tema1/new/results/ml_samples/N1_sw0.15_x-1_i0094.h5,1,1.500000000e-01,-1,9.654414276e-01,main,true,fall,379
/mnt/pd/tema1/new/results/ml_samples/N1_sw0.15_x-1_i0064.h5,1,1.500000000e-01,-1,9.654414276e-01,main,true,rise,1276
/mnt/pd/tema1/new/results/ml_samples/N1_sw0.15_x-1_i0118.h5,1,1.500000000e-01,-1,9.654414276e-01,main,true,fall,254
/mnt/pd/tema1/new/results/ml_samples/N1_sw0.15_x-1_i0096.h5,1,1.500000000e-01,-1,9.654414276e-01,main,true,fall,562
/mnt/pd/tema1/new/results/ml_samples/N1_sw0.15_x-1_i0088.h5,1,1.500000000e-01,-1,9.654414276e-01,main,true,fall,446
/mnt/pd/tema1/new/results/ml_samples/N1_sw0.15_x-1_i0098.h5,1,1.500000000e-01,-1,9.654414276e-01,main,true,fall,980
/mnt/pd/tema1/new/results/ml_samples/N1_sw0.15_x-1_i0116.h5,1,1.500000000e-01,-1,9.654414276e-01,main,true,fall,130
/mnt/pd/tema1/new/results/ml_samples/N1_sw0.15_x-1_i0052.h5,1,1.500000000e-01,-1,9.654414276e-01,main,true,fall,1282
/mnt/pd/tema1/new/results/ml_samples/N1_sw0.15_x-1_i0106.h5,1,1.500000000e-01,-1,9.654414276e-01,main,true,fall,372
/mnt/pd/tema1/new/results/ml_samples/N1_sw0.15_x-1_i0112.h5,1,1.500000000e-01,-1,9.654414276e-01,main,true,fall,488
/mnt/pd/tema1/new/results/ml_samples/N1_sw0.15_x-1_i0122.h5,1,1.500000000e-01,-1,9.654414276e-01,main,true,fall,254
/mnt/pd/tema1/new/results/ml_samples/N1_sw0.15_x-1_i0132.h5,1,1.500000000e-01,-1,9.654414276e-01,main,true,fall,263
/mnt/pd/tema1/new/results/ml_samples/N1_sw0.15_x-1_i0114.h5,1,1.500000000e-01,-1,9.654414276e-01,main,true,fall,404
/mnt/pd/tema1/new/results/ml_samples/N1_sw0.15_x-1_i0090.h5,1,1.500000000e-01,-1,9.654414276e-01,main,true,fall,1055
/mnt/pd/tema1/new/results/ml_samples/N1_sw0.15_x-1_i0108.h5,1,1.500000000e-01,-1,9.654414276e-01,main,true,fall,736
/mnt/pd/tema1/new/results/ml_samples/N1_sw0.15_x-1_i0138.h5,1,1.500000000e-01,-1,9.654414276e-01,main,true,fall,539
/mnt/pd/tema1/new/results/ml_samples/N1_sw0.15_x-1_i0130.h5,1,1.500000000e-01,-1,9.654414276e-01,main,true,fall,331
/mnt/pd/tema1/new/results/ml_samples/N1_sw0.15_x-1_i0050.h5,1,1.500000000e-01,-1,9.654414276e-01,main,true,fall,2454
/mnt/pd/tema1/new/results/ml_samples/N1_sw0.15_x-1_i0124.h5,1,1.500000000e-01,-1,9.654414276e-01,main,true,fall,648
/mnt/pd/tema1/new/results/ml_samples/N1_sw0.15_x-1_i0158.h5,1,1.500000000e-01,-1,9.654414276e-01,main,true,fall,231
/mnt/pd/tema1/new/results/ml_samples/N1_sw0.15_x-1_i0128.h5,1,1.500000000e-01,-1,9.654414276e-01,main,true,fall,630
/mnt/pd/tema1/new/results/ml_samples/N1_sw0.15_x-1_i0150.h5,1,1.500000000e-01,-1,9.654414276e-01,main,true,fall,1062
/mnt/pd/tema1/new/results/ml_samples/N1_sw0.15_x-1_i0152.h5,1,1.500000000e-01,-1,9.654414276e-01,main,true,fall,267
/mnt/pd/tema1/new/results/ml_samples/N1_sw0.15_x-1_i0144.h5,1,1.500000000e-01,-1,9.654414276e-01,main,true,fall,638
/mnt/pd/tema1/new/results/ml_samples/N1_sw0.15_x-1_i0004.h5,1,1.500000000e-01,-1,9.654414276e-01,main,true,fall,4034
/mnt/pd/tema1/new/results/ml_samples/N1_sw0.15_x-1_i0148.h5,1,1.500000000e-01,-1,9.654414276e-01,main,true,fall,480
/mnt/pd/tema1/new/results/ml_samples/N1_sw0.15_x-1_i0146.h5,1,1.500000000e-01,-1,9.654414276e-01,main,true,fall,238
/mnt/pd/tema1/new/results/ml_samples/N1_sw0.15_x-1_i0058.h5,1,1.500000000e-01,-1,9.654414276e-01,main,true,rise,2892
/mnt/pd/tema1/new/results/ml_samples/N1_sw0.15_x-1_i0140.h5,1,1.500000000e-01,-1,9.654414276e-01,main,true,fall,836
/mnt/pd/tema1/new/results/ml_samples/N1_sw0.15_x-1_i0160.h5,1,1.500000000e-01,-1,9.654414276e-01,main,true,fall,280
/mnt/pd/tema1/new/results/ml_samples/N1_sw0.15_x-1_i0100.h5,1,1.500000000e-01,-1,9.654414276e-01,main,true,fall,1650
/mnt/pd/tema1/new/results/ml_samples/N1_sw0.15_x-1_i0086.h5,1,1.500000000e-01,-1,9.654414276e-01,main,true,fall,2206
/mnt/pd/tema1/new/results/ml_samples/N1_sw0.15_x-1_i0022.h5,1,1.500000000e-01,-1,9.654414276e-01,main,true,fall,4042
/mnt/pd/tema1/new/results/ml_samples/N1_sw0.15_x-1_i0154.h5,1,1.500000000e-01,-1,9.654414276e-01,main,true,fall,443
/mnt/pd/tema1/new/results/ml_samples/N1_sw0.15_x-1_i0136.h5,1,1.500000000e-01,-1,9.654414276e-01,main,true,fall,1349
/mnt/pd/tema1/new/results/ml_samples/N1_sw0.15_x-1_i0126.h5,1,1.500000000e-01,-1,9.654414276e-01,main,true,rise,1378
/mnt/pd/tema1/new/results/ml_samples/N1_sw0.15_x-1_i0162.h5,1,1.500000000e-01,-1,9.654414276e-01,main,true,fall,844
/mnt/pd/tema1/new/results/ml_samples/N1_sw0.15_x-1_i0082.h5,1,1.500000000e-01,-1,9.654414276e-01,main,true,fall,2731
/mnt/pd/tema1/new/results/ml_samples/N1_sw0.15_x-1_i0174.h5,1,1.500000000e-01,-1,9.654414276e-01,main,true,fall,360
/mnt/pd/tema1/new/results/ml_samples/N1_sw0.15_x-1_i0186.h5,1,1.500000000e-01,-1,9.654414276e-01,main,true,fall,205
/mnt/pd/tema1/new/results/ml_samples/N1_sw0.15_x-1_i0188.h5,1,1.500000000e-01,-1,9.654414276e-01,main,true,fall,255
/mnt/pd/tema1/new/results/ml_samples/N1_sw0.15_x-1_i0180.h5,1,1.500000000e-01,-1,9.654414276e-01,main,true,fall,356
/mnt/pd/tema1/new/results/ml_samples/N1_sw0.15_x-1_i0184.h5,1,1.500000000e-01,-1,9.654414276e-01,main,true,fall,275
/mnt/pd/tema1/new/results/ml_samples/N1_sw0.15_x-1_i0156.h5,1,1.500000000e-01,-1,9.654414276e-01,main,true,fall,1394
/mnt/pd/tema1/new/results/ml_samples/N1_sw0.15_x-1_i0016.h5,1,1.500000000e-01,-1,9.654414276e-01,main,true,fall,4732
/mnt/pd/tema1/new/results/ml_samples/N1_sw0.15_x-1_i0142.h5,1,1.500000000e-01,-1,9.654414276e-01,main,true,fall,1964
/mnt/pd/tema1/new/results/ml_samples/N1_sw0.15_x-1_i0120.h5,1,1.500000000e-01,-1,9.654414276e-01,main,true,fall,2628
/mnt/pd/tema1/new/results/ml_samples/N1_sw0.15_x-2_i0004.h5,1,1.500000000e-01,-2,9.308828552e-01,main,true,fall,190
/mnt/pd/tema1/new/results/ml_samples/N1_sw0.15_x-1_i0198.h5,1,1.500000000e-01,-1,9.654414276e-01,main,true,fall,233
/mnt/pd/tema1/new/results/ml_samples/N1_sw0.15_x-2_i0002.h5,1,1.500000000e-01,-2,9.308828552e-01,main,true,fall,268
/mnt/pd/tema1/new/results/ml_samples/N1_sw0.15_x-1_i0182.h5,1,1.500000000e-01,-1,9.654414276e-01,main,true,fall,809
/mnt/pd/tema1/new/results/ml_samples/N1_sw0.15_x-1_i0102.h5,1,1.500000000e-01,-1,9.654414276e-01,main,true,fall,3080
/mnt/pd/tema1/new/results/ml_samples/N1_sw0.15_x-2_i0008.h5,1,1.500000000e-01,-2,9.308828552e-01,main,true,fall,263
/mnt/pd/tema1/new/results/ml_samples/N1_sw0.15_x-1_i0190.h5,1,1.500000000e-01,-1,9.654414276e-01,main,true,fall,569
/mnt/pd/tema1/new/results/ml_samples/N1_sw0.15_x-1_i0178.h5,1,1.500000000e-01,-1,9.654414276e-01,main,true,fall,1070
/mnt/pd/tema1/new/results/ml_samples/N1_sw0.15_x-2_i0010.h5,1,1.500000000e-01,-2,9.308828552e-01,main,true,fall,295
/mnt/pd/tema1/new/results/ml_samples/N1_sw0.15_x-1_i0068.h5,1,1.500000000e-01,-1,9.654414276e-01,main,true,fall,4269
/mnt/pd/tema1/new/results/ml_samples/N1_sw0.15_x-2_i0006.h5,1,1.500000000e-01,-2,9.308828552e-01,main,true,fall,316
/mnt/pd/tema1/new/results/ml_samples/N1_sw0.15_x-2_i0016.h5,1,1.500000000e-01,-2,9.308828552e-01,main,true,fall,332
/mnt/pd/tema1/new/results/ml_samples/N1_sw0.15_x-2_i0020.h5,1,1.500000000e-01,-2,9.308828552e-01,main,true,fall,337
/mnt/pd/tema1/new/results/ml_samples/N1_sw0.15_x-1_i0164.h5,1,1.500000000e-01,-1,9.654414276e-01,main,true,fall,2076
/mnt/pd/tema1/new/results/ml_samples/N1_sw0.15_x-2_i0012.h5,1,1.500000000e-01,-2,9.308828552e-01,main,true,fall,218
/mnt/pd/tema1/new/results/ml_samples/N1_sw0.15_x-1_i0194.h5,1,1.500000000e-01,-1,9.654414276e-01,main,true,fall,1169
/mnt/pd/tema1/new/results/ml_samples/N1_sw0.15_x-1_i0134.h5,1,1.500000000e-01,-1,9.654414276e-01,main,true,rise,2943
/mnt/pd/tema1/new/results/ml_samples/N1_sw0.15_x-2_i0014.h5,1,1.500000000e-01,-2,9.308828552e-01,main,true,fall,479
/mnt/pd/tema1/new/results/ml_samples/N1_sw0.15_x-1_i0170.h5,1,1.500000000e-01,-1,9.654414276e-01,main,true,fall,3590
/mnt/pd/tema1/new/results/ml_samples/N1_sw0.15_x-1_i0168.h5,1,1.500000000e-01,-1,9.654414276e-01,main,true,fall,1774
/mnt/pd/tema1/new/results/ml_samples/N1_sw0.15_x-2_i0024.h5,1,1.500000000e-01,-2,9.308828552e-01,main,true,fall,407
/mnt/pd/tema1/new/results/ml_samples/N1_sw0.15_x-1_i0196.h5,1,1.500000000e-01,-1,9.654414276e-01,main,true,fall,1420
/mnt/pd/tema1/new/results/ml_samples/N1_sw0.15_x-2_i0030.h5,1,1.500000000e-01,-2,9.308828552e-01,main,true,fall,275
/mnt/pd/tema1/new/results/ml_samples/N1_sw0.15_x-1_i0192.h5,1,1.500000000e-01,-1,9.654414276e-01,main,true,fall,1556
/mnt/pd/tema1/new/results/ml_samples/N1_sw0.15_x-2_i0000.h5,1,1.500000000e-01,-2,9.308828552e-01,main,true,fall,933
/mnt/pd/tema1/new/results/ml_samples/N1_sw0.15_x-2_i0032.h5,1,1.500000000e-01,-2,9.308828552e-01,main,true,fall,335
/mnt/pd/tema1/new/results/ml_samples/N1_sw0.15_x-1_i0176.h5,1,1.500000000e-01,-1,9.654414276e-01,main,true,fall,2072
/mnt/pd/tema1/new/results/ml_samples/N1_sw0.15_x-2_i0058.h5,1,1.500000000e-01,-2,9.308828552e-01,main,true,fall,240
/mnt/pd/tema1/new/results/ml_samples/N1_sw0.15_x-2_i0028.h5,1,1.500000000e-01,-2,9.308828552e-01,main,true,fall,322
/mnt/pd/tema1/new/results/ml_samples/N1_sw0.15_x-2_i0026.h5,1,1.500000000e-01,-2,9.308828552e-01,main,true,fall,264
/mnt/pd/tema1/new/results/ml_samples/N1_sw0.15_x-2_i0036.h5,1,1.500000000e-01,-2,9.308828552e-01,main,true,fall,478
/mnt/pd/tema1/new/results/ml_samples/N1_sw0.15_x-2_i0022.h5,1,1.500000000e-01,-2,9.308828552e-01,main,true,fall,516
/mnt/pd/tema1/new/results/ml_samples/N1_sw0.15_x-2_i0046.h5,1,1.500000000e-01,-2,9.308828552e-01,main,true,fall,183
/mnt/pd/tema1/new/results/ml_samples/N1_sw0.15_x-2_i0056.h5,1,1.500000000e-01,-2,9.308828552e-01,main,true,fall,136
/mnt/pd/tema1/new/results/ml_samples/N1_sw0.15_x-1_i0166.h5,1,1.500000000e-01,-1,9.654414276e-01,main,true,fall,5194
/mnt/pd/tema1/new/results/ml_samples/N1_sw0.15_x-2_i0050.h5,1,1.500000000e-01,-2,9.308828552e-01,main,true,fall,255
/mnt/pd/tema1/new/results/ml_samples/N1_sw0.15_x-2_i0048.h5,1,1.500000000e-01,-2,9.308828552e-01,main,true,fall,297
/mnt/pd/tema1/new/results/ml_samples/N1_sw0.15_x-2_i0040.h5,1,1.500000000e-01,-2,9.308828552e-01,main,true,fall,189
/mnt/pd/tema1/new/results/ml_samples/N1_sw0.15_x-2_i0054.h5,1,1.500000000e-01,-2,9.308828552e-01,main,true,fall,444
/mnt/pd/tema1/new/results/ml_samples/N1_sw0.15_x-2_i0076.h5,1,1.500000000e-01,-2,9.308828552e-01,main,true,fall,270
/mnt/pd/tema1/new/results/ml_samples/N1_sw0.15_x-2_i0064.h5,1,1.500000000e-01,-2,9.308828552e-01,main,true,fall,187
/mnt/pd/tema1/new/results/ml_samples/N1_sw0.15_x-2_i0060.h5,1,1.500000000e-01,-2,9.308828552e-01,main,true,fall,238
/mnt/pd/tema1/new/results/ml_samples/N1_sw0.15_x-2_i0052.h5,1,1.500000000e-01,-2,9.308828552e-01,main,true,fall,555
/mnt/pd/tema1/new/results/ml_samples/N1_sw0.15_x-2_i0038.h5,1,1.500000000e-01,-2,9.308828552e-01,main,true,fall,1012
/mnt/pd/tema1/new/results/ml_samples/N1_sw0.15_x-2_i0042.h5,1,1.500000000e-01,-2,9.308828552e-01,main,true,fall,884
/mnt/pd/tema1/new/results/ml_samples/N1_sw0.15_x-1_i0110.h5,1,1.500000000e-01,-1,9.654414276e-01,main,true,fall,4982
/mnt/pd/tema1/new/results/ml_samples/N1_sw0.15_x-2_i0088.h5,1,1.500000000e-01,-2,9.308828552e-01,main,true,fall,154
/mnt/pd/tema1/new/results/ml_samples/N1_sw0.15_x-2_i0074.h5,1,1.500000000e-01,-2,9.308828552e-01,main,true,fall,333
/mnt/pd/tema1/new/results/ml_samples/N1_sw0.15_x-4_i0000.h5,1,1.500000000e-01,-4,8.617657105e-01,main,true,fall,217
/mnt/pd/tema1/new/results/ml_samples/N1_sw0.15_x-2_i0084.h5,1,1.500000000e-01,-2,9.308828552e-01,main,true,fall,147
/mnt/pd/tema1/new/results/ml_samples/N1_sw0.15_x-2_i0086.h5,1,1.500000000e-01,-2,9.308828552e-01,main,true,fall,162
/mnt/pd/tema1/new/results/ml_samples/N1_sw0.15_x-2_i0080.h5,1,1.500000000e-01,-2,9.308828552e-01,main,true,fall,244
/mnt/pd/tema1/new/results/ml_samples/N1_sw0.15_x-2_i0082.h5,1,1.500000000e-01,-2,9.308828552e-01,main,true,fall,212
/mnt/pd/tema1/new/results/ml_samples/N1_sw0.15_x-2_i0044.h5,1,1.500000000e-01,-2,9.308828552e-01,main,true,fall,1093
/mnt/pd/tema1/new/results/ml_samples/N1_sw0.15_x-2_i0018.h5,1,1.500000000e-01,-2,9.308828552e-01,main,true,rise,1806
/mnt/pd/tema1/new/results/ml_samples/N1_sw0.15_x-2_i0078.h5,1,1.500000000e-01,-2,9.308828552e-01,main,true,fall,512
/mnt/pd/tema1/new/results/ml_samples/N1_sw0.15_x-2_i0092.h5,1,1.500000000e-01,-2,9.308828552e-01,main,true,fall,319
/mnt/pd/tema1/new/results/ml_samples/N1_sw0.15_x-2_i0034.h5,1,1.500000000e-01,-2,9.308828552e-01,main,true,fall,1521
/mnt/pd/tema1/new/results/ml_samples/N1_sw0.15_x-4_i0002.h5,1,1.500000000e-01,-4,8.617657105e-01,main,true,fall,152
/mnt/pd/tema1/new/results/ml_samples/N1_sw0.15_x-4_i0018.h5,1,1.500000000e-01,-4,8.617657105e-01,main,true,fall,193
/mnt/pd/tema1/new/results/ml_samples/N1_sw0.15_x-2_i0094.h5,1,1.500000000e-01,-2,9.308828552e-01,main,true,fall,273
/mnt/pd/tema1/new/results/ml_samples/N1_sw0.15_x-2_i0090.h5,1,1.500000000e-01,-2,9.308828552e-01,main,true,fall,1252
/mnt/pd/tema1/new/results/ml_samples/N1_sw0.15_x-4_i0004.h5,1,1.500000000e-01,-4,8.617657105e-01,main,true,fall,234
/mnt/pd/tema1/new/results/ml_samples/N1_sw0.15_x-2_i0068.h5,1,1.500000000e-01,-2,9.308828552e-01,main,true,fall,573
/mnt/pd/tema1/new/results/ml_samples/N1_sw0.15_x-2_i0098.h5,1,1.500000000e-01,-2,9.308828552e-01,main,true,fall,333
/mnt/pd/tema1/new/results/ml_samples/N1_sw0.15_x-4_i0010.h5,1,1.500000000e-01,-4,8.617657105e-01,main,true,fall,117
/mnt/pd/tema1/new/results/ml_samples/N1_sw0.15_x-4_i0006.h5,1,1.500000000e-01,-4,8.617657105e-01,main,true,fall,226
/mnt/pd/tema1/new/results/ml_samples/N1_sw0.15_x-4_i0008.h5,1,1.500000000e-01,-4,8.617657105e-01,main,true,fall,175
/mnt/pd/tema1/new/results/ml_samples/N1_sw0.15_x-4_i0020.h5,1,1.500000000e-01,-4,8.617657105e-01,main,true,fall,116
/mnt/pd/tema1/new/results/ml_samples/N1_sw0.15_x-4_i0044.h5,1,1.500000000e-01,-4,8.617657105e-01,main,true,fall,145
/mnt/pd/tema1/new/results/ml_samples/N1_sw0.15_x-4_i0040.h5,1,1.500000000e-01,-4,8.617657105e-01,main,true,fall,280
/mnt/pd/tema1/new/results/ml_samples/N1_sw0.15_x-4_i0034.h5,1,1.500000000e-01,-4,8.617657105e-01,main,true,fall,111
/mnt/pd/tema1/new/results/ml_samples/N1_sw0.15_x-4_i0012.h5,1,1.500000000e-01,-4,8.617657105e-01,main,true,fall,387
/mnt/pd/tema1/new/results/ml_samples/N1_sw0.15_x-4_i0030.h5,1,1.500000000e-01,-4,8.617657105e-01,main,true,fall,179
/mnt/pd/tema1/new/results/ml_samples/N1_sw0.15_x-4_i0024.h5,1,1.500000000e-01,-4,8.617657105e-01,main,true,fall,286
/mnt/pd/tema1/new/results/ml_samples/N1_sw0.15_x-4_i0028.h5,1,1.500000000e-01,-4,8.617657105e-01,main,true,fall,245
/mnt/pd/tema1/new/results/ml_samples/N1_sw0.15_x-4_i0016.h5,1,1.500000000e-01,-4,8.617657105e-01,main,true,fall,290
/mnt/pd/tema1/new/results/ml_samples/N1_sw0.15_x-4_i0032.h5,1,1.500000000e-01,-4,8.617657105e-01,main,true,fall,209
/mnt/pd/tema1/new/results/ml_samples/N1_sw0.15_x-2_i0072.h5,1,1.500000000e-01,-2,9.308828552e-01,main,true,fall,1370
/mnt/pd/tema1/new/results/ml_samples/N1_sw0.15_x-2_i0096.h5,1,1.500000000e-01,-2,9.308828552e-01,main,true,fall,657
/mnt/pd/tema1/new/results/ml_samples/N1_sw0.15_x-4_i0038.h5,1,1.500000000e-01,-4,8.617657105e-01,main,true,fall,131
/mnt/pd/tema1/new/results/ml_samples/N1_sw0.15_x-4_i0046.h5,1,1.500000000e-01,-4,8.617657105e-01,main,true,fall,118
/mnt/pd/tema1/new/results/ml_samples/N1_sw0.15_x-1_i0172.h5,1,1.500000000e-01,-1,9.654414276e-01,main,true,fall,4021
/mnt/pd/tema1/new/results/ml_samples/N1_sw0.15_x-4_i0022.h5,1,1.500000000e-01,-4,8.617657105e-01,main,true,fall,155
/mnt/pd/tema1/new/results/ml_samples/N1_sw0.15_x-4_i0014.h5,1,1.500000000e-01,-4,8.617657105e-01,main,true,fall,118
/mnt/pd/tema1/new/results/ml_samples/N1_sw0.15_x-4_i0048.h5,1,1.500000000e-01,-4,8.617657105e-01,main,true,fall,257
/mnt/pd/tema1/new/results/ml_samples/N1_sw0.15_x-4_i0026.h5,1,1.500000000e-01,-4,8.617657105e-01,main,true,fall,151
/mnt/pd/tema1/new/results/ml_samples/N1_sw0.15_x-2_i0070.h5,1,1.500000000e-01,-2,9.308828552e-01,main,true,fall,1810
/mnt/pd/tema1/new/results/ml_samples/N1_sw0.15_x-4_i0060.h5,1,1.500000000e-01,-4,8.617657105e-01,main,true,fall,227
/mnt/pd/tema1/new/results/ml_samples/N1_sw0.15_x-4_i0056.h5,1,1.500000000e-01,-4,8.617657105e-01,main,true,fall,129
/mnt/pd/tema1/new/results/ml_samples/N1_sw0.15_x-4_i0058.h5,1,1.500000000e-01,-4,8.617657105e-01,main,true,fall,149
/mnt/pd/tema1/new/results/ml_samples/N1_sw0.15_x-4_i0036.h5,1,1.500000000e-01,-4,8.617657105e-01,main,true,fall,590
/mnt/pd/tema1/new/results/ml_samples/N1_sw0.15_x-2_i0062.h5,1,1.500000000e-01,-2,9.308828552e-01,main,true,fall,2018
/mnt/pd/tema1/new/results/ml_samples/N1_sw0.15_x-4_i0066.h5,1,1.500000000e-01,-4,8.617657105e-01,main,true,fall,143
/mnt/pd/tema1/new/results/ml_samples/N1_sw0.15_x-4_i0054.h5,1,1.500000000e-01,-4,8.617657105e-01,main,true,fall,305
/mnt/pd/tema1/new/results/ml_samples/N1_sw0.15_x-4_i0042.h5,1,1.500000000e-01,-4,8.617657105e-01,main,true,fall,108
/mnt/pd/tema1/new/results/ml_samples/N1_sw0.15_x-4_i0064.h5,1,1.500000000e-01,-4,8.617657105e-01,main,true,fall,203
/mnt/pd/tema1/new/results/ml_samples/N1_sw0.15_x-4_i0070.h5,1,1.500000000e-01,-4,8.617657105e-01,main,true,fall,129
/mnt/pd/tema1/new/results/ml_samples/N1_sw0.15_x-4_i0052.h5,1,1.500000000e-01,-4,8.617657105e-01,main,true,fall,518
/mnt/pd/tema1/new/results/ml_samples/N1_sw0.15_x-4_i0068.h5,1,1.500000000e-01,-4,8.617657105e-01,main,true,fall,213
/mnt/pd/tema1/new/results/ml_samples/N1_sw0.15_x-4_i0076.h5,1,1.500000000e-01,-4,8.617657105e-01,main,true,fall,172
/mnt/pd/tema1/new/results/ml_samples/N1_sw0.15_x-4_i0096.h5,1,1.500000000e-01,-4,8.617657105e-01,main,true,fall,150
/mnt/pd/tema1/new/results/ml_samples/N1_sw0.15_x-4_i0072.h5,1,1.500000000e-01,-4,8.617657105e-01,main,true,fall,222
/mnt/pd/tema1/new/results/ml_samples/N1_sw0.15_x-4_i0080.h5,1,1.500000000e-01,-4,8.617657105e-01,main,true,fall,173
/mnt/pd/tema1/new/results/ml_samples/N1_sw0.15_x-4_i0078.h5,1,1.500000000e-01,-4,8.617657105e-01,main,true,fall,281
/mnt/pd/tema1/new/results/ml_samples/N1_sw0.15_x-4_i0084.h5,1,1.500000000e-01,-4,8.617657105e-01,main,true,fall,164
/mnt/pd/tema1/new/results/ml_samples/N1_sw0.15_x-4_i0062.h5,1,1.500000000e-01,-4,8.617657105e-01,main,true,fall,128
/mnt/pd/tema1/new/results/ml_samples/N1_sw0.15_x-4_i0086.h5,1,1.500000000e-01,-4,8.617657105e-01,main,true,fall,151
/mnt/pd/tema1/new/results/ml_samples/N1_sw0.15_x-4_i0088.h5,1,1.500000000e-01,-4,8.617657105e-01,main,true,fall,151
/mnt/pd/tema1/new/results/ml_samples/N1_sw0.15_x-4_i0050.h5,1,1.500000000e-01,-4,8.617657105e-01,main,true,fall,427
/mnt/pd/tema1/new/results/ml_samples/N1_sw0.15_x-4_i0094.h5,1,1.500000000e-01,-4,8.617657105e-01,main,true,fall,195
/mnt/pd/tema1/new/results/ml_samples/N1_sw0.15_x-4_i0092.h5,1,1.500000000e-01,-4,8.617657105e-01,main,true,fall,229
/mnt/pd/tema1/new/results/ml_samples/N1_sw0.30_x+0_i0024.h5,1,3.000000000e-01,0,1.000000000e+00,main,true,fall,143
/mnt/pd/tema1/new/results/ml_samples/N1_sw0.15_x-2_i0066.h5,1,1.500000000e-01,-2,9.308828552e-01,main,true,fall,2585
/mnt/pd/tema1/new/results/ml_samples/N1_sw0.15_x-4_i0098.h5,1,1.500000000e-01,-4,8.617657105e-01,main,true,fall,320
/mnt/pd/tema1/new/results/ml_samples/N1_sw0.15_x-4_i0082.h5,1,1.500000000e-01,-4,8.617657105e-01,main,true,fall,141
/mnt/pd/tema1/new/results/ml_samples/N1_sw0.30_x+0_i0012.h5,1,3.000000000e-01,0,1.000000000e+00,main,true,fall,164
/mnt/pd/tema1/new/results/ml_samples/N1_sw0.15_x-4_i0074.h5,1,1.500000000e-01,-4,8.617657105e-01,main,true,fall,335
/mnt/pd/tema1/new/results/ml_samples/N1_sw0.15_x-4_i0090.h5,1,1.500000000e-01,-4,8.617657105e-01,main,true,fall,587
/mnt/pd/tema1/new/results/ml_samples/N1_sw0.30_x+0_i0020.h5,1,3.000000000e-01,0,1.000000000e+00,main,true,fall,164
/mnt/pd/tema1/new/results/ml_samples/N1_sw0.30_x+0_i0038.h5,1,3.000000000e-01,0,1.000000000e+00,main,true,fall,155
/mnt/pd/tema1/new/results/ml_samples/N1_sw0.30_x+0_i0018.h5,1,3.000000000e-01,0,1.000000000e+00,main,true,fall,387
/mnt/pd/tema1/new/results/ml_samples/N1_sw0.30_x+0_i0006.h5,1,3.000000000e-01,0,1.000000000e+00,main,true,fall,610
/mnt/pd/tema1/new/results/ml_samples/N1_sw0.30_x+0_i0050.h5,1,3.000000000e-01,0,1.000000000e+00,main,true,fall,379
/mnt/pd/tema1/new/results/ml_samples/N1_sw0.30_x+0_i0008.h5,1,3.000000000e-01,0,1.000000000e+00,main,true,fall,251
/mnt/pd/tema1/new/results/ml_samples/N1_sw0.30_x+0_i0022.h5,1,3.000000000e-01,0,1.000000000e+00,main,true,rise,629
/mnt/pd/tema1/new/results/ml_samples/N1_sw0.30_x+0_i0010.h5,1,3.000000000e-01,0,1.000000000e+00,main,true,rise,843
/mnt/pd/tema1/new/results/ml_samples/N1_sw0.30_x+0_i0036.h5,1,3.000000000e-01,0,1.000000000e+00,main,true,fall,107
/mnt/pd/tema1/new/results/ml_samples/N1_sw0.30_x+0_i0040.h5,1,3.000000000e-01,0,1.000000000e+00,main,true,fall,490
/mnt/pd/tema1/new/results/ml_samples/N1_sw0.30_x+0_i0042.h5,1,3.000000000e-01,0,1.000000000e+00,main,true,rise,588
/mnt/pd/tema1/new/results/ml_samples/N1_sw0.30_x+0_i0048.h5,1,3.000000000e-01,0,1.000000000e+00,main,true,fall,323
/mnt/pd/tema1/new/results/ml_samples/N1_sw0.30_x+0_i0034.h5,1,3.000000000e-01,0,1.000000000e+00,main,true,fall,658
/mnt/pd/tema1/new/results/ml_samples/N1_sw0.30_x+0_i0068.h5,1,3.000000000e-01,0,1.000000000e+00,main,true,fall,187
/mnt/pd/tema1/new/results/ml_samples/N1_sw0.30_x+0_i0064.h5,1,3.000000000e-01,0,1.000000000e+00,main,true,fall,109
/mnt/pd/tema1/new/results/ml_samples/N1_sw0.30_x+0_i0014.h5,1,3.000000000e-01,0,1.000000000e+00,main,true,fall,1196
/mnt/pd/tema1/new/results/ml_samples/N1_sw0.30_x+0_i0052.h5,1,3.000000000e-01,0,1.000000000e+00,main,true,fall,620
/mnt/pd/tema1/new/results/ml_samples/N1_sw0.30_x+0_i0062.h5,1,3.000000000e-01,0,1.000000000e+00,main,true,fall,361
/mnt/pd/tema1/new/results/ml_samples/N1_sw0.30_x+0_i0026.h5,1,3.000000000e-01,0,1.000000000e+00,main,true,rise,1189
/mnt/pd/tema1/new/results/ml_samples/N1_sw0.30_x+0_i0060.h5,1,3.000000000e-01,0,1.000000000e+00,main,true,fall,214
/mnt/pd/tema1/new/results/ml_samples/N1_sw0.30_x+0_i0032.h5,1,3.000000000e-01,0,1.000000000e+00,main,true,fall,1196
/mnt/pd/tema1/new/results/ml_samples/N1_sw0.30_x+0_i0046.h5,1,3.000000000e-01,0,1.000000000e+00,main,true,fall,2623
/mnt/pd/tema1/new/results/ml_samples/N1_sw0.30_x+0_i0002.h5,1,3.000000000e-01,0,1.000000000e+00,main,true,fall,1858
/mnt/pd/tema1/new/results/ml_samples/N1_sw0.30_x+0_i0044.h5,1,3.000000000e-01,0,1.000000000e+00,main,true,rise,1135
/mnt/pd/tema1/new/results/ml_samples/N1_sw0.30_x+0_i0066.h5,1,3.000000000e-01,0,1.000000000e+00,main,true,rise,525
/mnt/pd/tema1/new/results/ml_samples/N1_sw0.30_x+0_i0028.h5,1,3.000000000e-01,0,1.000000000e+00,main,true,rise,1584
/mnt/pd/tema1/new/results/ml_samples/N1_sw0.30_x+0_i0080.h5,1,3.000000000e-01,0,1.000000000e+00,main,true,fall,261
/mnt/pd/tema1/new/results/ml_samples/N1_sw0.30_x+0_i0082.h5,1,3.000000000e-01,0,1.000000000e+00,main,true,rise,309
/mnt/pd/tema1/new/results/ml_samples/N1_sw0.30_x+0_i0076.h5,1,3.000000000e-01,0,1.000000000e+00,main,true,fall,445
/mnt/pd/tema1/new/results/ml_samples/N1_sw0.30_x+0_i0086.h5,1,3.000000000e-01,0,1.000000000e+00,main,true,fall,1184
/mnt/pd/tema1/new/results/ml_samples/N1_sw0.30_x+0_i0084.h5,1,3.000000000e-01,0,1.000000000e+00,main,true,rise,512
/mnt/pd/tema1/new/results/ml_samples/N1_sw0.30_x+0_i0102.h5,1,3.000000000e-01,0,1.000000000e+00,main,true,fall,151
/mnt/pd/tema1/new/results/ml_samples/N1_sw0.30_x+0_i0078.h5,1,3.000000000e-01,0,1.000000000e+00,main,true,rise,559
/mnt/pd/tema1/new/results/ml_samples/N1_sw0.30_x+0_i0056.h5,1,3.000000000e-01,0,1.000000000e+00,main,true,fall,1374
/mnt/pd/tema1/new/results/ml_samples/N1_sw0.30_x+0_i0058.h5,1,3.000000000e-01,0,1.000000000e+00,main,true,fall,1352
/mnt/pd/tema1/new/results/ml_samples/N1_sw0.30_x+0_i0110.h5,1,3.000000000e-01,0,1.000000000e+00,main,true,fall,102
/mnt/pd/tema1/new/results/ml_samples/N1_sw0.30_x+0_i0094.h5,1,3.000000000e-01,0,1.000000000e+00,main,true,rise,581
/mnt/pd/tema1/new/results/ml_samples/N1_sw0.30_x+0_i0054.h5,1,3.000000000e-01,0,1.000000000e+00,main,true,fall,1785
/mnt/pd/tema1/new/results/ml_samples/N1_sw0.30_x+0_i0112.h5,1,3.000000000e-01,0,1.000000000e+00,main,true,fall,200
/mnt/pd/tema1/new/results/ml_samples/N1_sw0.30_x+0_i0090.h5,1,3.000000000e-01,0,1.000000000e+00,main,true,rise,537
/mnt/pd/tema1/new/results/ml_samples/N1_sw0.30_x+0_i0098.h5,1,3.000000000e-01,0,1.000000000e+00,main,true,rise,684
/mnt/pd/tema1/new/results/ml_samples/N1_sw0.30_x+0_i0128.h5,1,3.000000000e-01,0,1.000000000e+00,main,true,fall,163
/mnt/pd/tema1/new/results/ml_samples/N1_sw0.30_x+0_i0118.h5,1,3.000000000e-01,0,1.000000000e+00,main,true,fall,1197
/mnt/pd/tema1/new/results/ml_samples/N1_sw0.30_x+0_i0088.h5,1,3.000000000e-01,0,1.000000000e+00,main,true,fall,709
/mnt/pd/tema1/new/results/ml_samples/N1_sw0.30_x+0_i0016.h5,1,3.000000000e-01,0,1.000000000e+00,main,true,rise,2589
/mnt/pd/tema1/new/results/ml_samples/N1_sw0.30_x+0_i0096.h5,1,3.000000000e-01,0,1.000000000e+00,main,true,fall,614
/mnt/pd/tema1/new/results/ml_samples/N1_sw0.30_x+0_i0108.h5,1,3.000000000e-01,0,1.000000000e+00,main,true,fall,362
/mnt/pd/tema1/new/results/ml_samples/N1_sw0.30_x+0_i0134.h5,1,3.000000000e-01,0,1.000000000e+00,main,true,fall,190
/mnt/pd/tema1/new/results/ml_samples/N1_sw0.30_x+0_i0120.h5,1,3.000000000e-01,0,1.000000000e+00,main,true,fall,529
/mnt/pd/tema1/new/results/ml_samples/N1_sw0.30_x+0_i0122.h5,1,3.000000000e-01,0,1.000000000e+00,main,true,fall,1018
/mnt/pd/tema1/new/results/ml_samples/N1_sw0.30_x+0_i0072.h5,1,3.000000000e-01,0,1.000000000e+00,main,true,fall,1748
/mnt/pd/tema1/new/results/ml_samples/N1_sw0.30_x+0_i0104.h5,1,3.000000000e-01,0,1.000000000e+00,main,true,fall,1011
/mnt/pd/tema1/new/results/ml_samples/N1_sw0.30_x+0_i0124.h5,1,3.000000000e-01,0,1.000000000e+00,main,true,rise,590
/mnt/pd/tema1/new/results/ml_samples/N1_sw0.30_x+0_i0136.h5,1,3.000000000e-01,0,1.000000000e+00,main,true,fall,164
/mnt/pd/tema1/new/results/ml_samples/N1_sw0.30_x+0_i0004.h5,1,3.000000000e-01,0,1.000000000e+00,main,true,fall,3056
/mnt/pd/tema1/new/results/ml_samples/N1_sw0.30_x+0_i0138.h5,1,3.000000000e-01,0,1.000000000e+00,main,true,fall,160
/mnt/pd/tema1/new/results/ml_samples/N1_sw0.30_x+0_i0158.h5,1,3.000000000e-01,0,1.000000000e+00,main,true,fall,167
/mnt/pd/tema1/new/results/ml_samples/N1_sw0.30_x+0_i0114.h5,1,3.000000000e-01,0,1.000000000e+00,main,true,rise,1023
/mnt/pd/tema1/new/results/ml_samples/N1_sw0.30_x+0_i0132.h5,1,3.000000000e-01,0,1.000000000e+00,main,true,fall,609
/mnt/pd/tema1/new/results/ml_samples/N1_sw0.30_x+0_i0030.h5,1,3.000000000e-01,0,1.000000000e+00,main,true,fall,2862
/mnt/pd/tema1/new/results/ml_samples/N1_sw0.30_x+0_i0126.h5,1,3.000000000e-01,0,1.000000000e+00,main,true,fall,1116
/mnt/pd/tema1/new/results/ml_samples/N1_sw0.30_x+0_i0156.h5,1,3.000000000e-01,0,1.000000000e+00,main,true,fall,85
/mnt/pd/tema1/new/results/ml_samples/N1_sw0.30_x+0_i0142.h5,1,3.000000000e-01,0,1.000000000e+00,main,true,fall,342
/mnt/pd/tema1/new/results/ml_samples/N1_sw0.30_x+0_i0092.h5,1,3.000000000e-01,0,1.000000000e+00,main,true,rise,1801
/mnt/pd/tema1/new/results/ml_samples/N1_sw0.30_x+0_i0148.h5,1,3.000000000e-01,0,1.000000000e+00,main,true,fall,404
/mnt/pd/tema1/new/results/ml_samples/N1_sw0.30_x+0_i0144.h5,1,3.000000000e-01,0,1.000000000e+00,main,true,rise,1215
/mnt/pd/tema1/new/results/ml_samples/N1_sw0.30_x+0_i0150.h5,1,3.000000000e-01,0,1.000000000e+00,main,true,fall,318
/mnt/pd/tema1/new/results/ml_samples/N1_sw0.30_x+0_i0070.h5,1,3.000000000e-01,0,1.000000000e+00,main,true,fall,2761
/mnt/pd/tema1/new/results/ml_samples/N1_sw0.30_x+0_i0146.h5,1,3.000000000e-01,0,1.000000000e+00,main,true,fall,875
/mnt/pd/tema1/new/results/ml_samples/N1_sw0.30_x+0_i0170.h5,1,3.000000000e-01,0,1.000000000e+00,main,true,fall,331
/mnt/pd/tema1/new/results/ml_samples/N1_sw0.30_x+0_i0074.h5,1,3.000000000e-01,0,1.000000000e+00,main,true,fall,2456
/mnt/pd/tema1/new/results/ml_samples/N1_sw0.30_x+0_i0140.h5,1,3.000000000e-01,0,1.000000000e+00,main,true,fall,1023
/mnt/pd/tema1/new/results/ml_samples/N1_sw0.30_x+0_i0168.h5,1,3.000000000e-01,0,1.000000000e+00,main,true,fall,496
/mnt/pd/tema1/new/results/ml_samples/N1_sw0.30_x+0_i0172.h5,1,3.000000000e-01,0,1.000000000e+00,main,true,fall,1288
/mnt/pd/tema1/new/results/ml_samples/N1_sw0.30_x+0_i0184.h5,1,3.000000000e-01,0,1.000000000e+00,main,true,fall,122
/mnt/pd/tema1/new/results/ml_samples/N1_sw0.30_x+0_i0166.h5,1,3.000000000e-01,0,1.000000000e+00,main,true,fall,772
/mnt/pd/tema1/new/results/ml_samples/N1_sw0.30_x+0_i0176.h5,1,3.000000000e-01,0,1.000000000e+00,main,true,rise,596
/mnt/pd/tema1/new/results/ml_samples/N1_sw0.30_x+0_i0154.h5,1,3.000000000e-01,0,1.000000000e+00,main,true,fall,985
/mnt/pd/tema1/new/results/ml_samples/N1_sw0.30_x+0_i0116.h5,1,3.000000000e-01,0,1.000000000e+00,main,true,rise,2209
/mnt/pd/tema1/new/results/ml_samples/N1_sw0.30_x+0_i0178.h5,1,3.000000000e-01,0,1.000000000e+00,main,true,fall,481
/mnt/pd/tema1/new/results/ml_samples/N1_sw0.30_x+0_i0190.h5,1,3.000000000e-01,0,1.000000000e+00,main,true,rise,791
/mnt/pd/tema1/new/results/ml_samples/N1_sw0.30_x+0_i0194.h5,1,3.000000000e-01,0,1.000000000e+00,main,true,fall,546
/mnt/pd/tema1/new/results/ml_samples/N1_sw0.30_x+1_i0000.h5,1,3.000000000e-01,1,1.069117145e+00,main,true,rise,328
/mnt/pd/tema1/new/results/ml_samples/N1_sw0.30_x+1_i0008.h5,1,3.000000000e-01,1,1.069117145e+00,main,true,fall,143
/mnt/pd/tema1/new/results/ml_samples/N1_sw0.30_x+0_i0162.h5,1,3.000000000e-01,0,1.000000000e+00,main,true,fall,1098
/mnt/pd/tema1/new/results/ml_samples/N1_sw0.30_x+0_i0196.h5,1,3.000000000e-01,0,1.000000000e+00,main,true,rise,431
/mnt/pd/tema1/new/results/ml_samples/N1_sw0.30_x+0_i0100.h5,1,3.000000000e-01,0,1.000000000e+00,main,true,fall,2621
/mnt/pd/tema1/new/results/ml_samples/N1_sw0.30_x+0_i0160.h5,1,3.000000000e-01,0,1.000000000e+00,main,true,rise,1098
/mnt/pd/tema1/new/results/ml_samples/N1_sw0.30_x+0_i0188.h5,1,3.000000000e-01,0,1.000000000e+00,main,true,fall,542
/mnt/pd/tema1/new/results/ml_samples/N1_sw0.30_x+0_i0174.h5,1,3.000000000e-01,0,1.000000000e+00,main,true,fall,789
/mnt/pd/tema1/new/results/ml_samples/N1_sw0.30_x+0_i0000.h5,1,3.000000000e-01,0,1.000000000e+00,main,true,rise,5058
/mnt/pd/tema1/new/results/ml_samples/N1_sw0.30_x+1_i0020.h5,1,3.000000000e-01,1,1.069117145e+00,main,true,fall,471
/mnt/pd/tema1/new/results/ml_samples/N1_sw0.30_x+0_i0192.h5,1,3.000000000e-01,0,1.000000000e+00,main,true,fall,974
/mnt/pd/tema1/new/results/ml_samples/N1_sw0.30_x+0_i0164.h5,1,3.000000000e-01,0,1.000000000e+00,main,true,rise,1798
/mnt/pd/tema1/new/results/ml_samples/N1_sw0.30_x+1_i0002.h5,1,3.000000000e-01,1,1.069117145e+00,main,true,rise,849
/mnt/pd/tema1/new/results/ml_samples/N1_sw0.30_x+1_i0004.h5,1,3.000000000e-01,1,1.069117145e+00,main,true,rise,882
/mnt/pd/tema1/new/results/ml_samples/N1_sw0.30_x+0_i0182.h5,1,3.000000000e-01,0,1.000000000e+00,main,true,fall,1415
/mnt/pd/tema1/new/results/ml_samples/N1_sw0.30_x+1_i0006.h5,1,3.000000000e-01,1,1.069117145e+00,main,true,rise,1878
/mnt/pd/tema1/new/results/ml_samples/N1_sw0.30_x+0_i0186.h5,1,3.000000000e-01,0,1.000000000e+00,main,true,rise,1407
/mnt/pd/tema1/new/results/ml_samples/N1_sw0.30_x+1_i0042.h5,1,3.000000000e-01,1,1.069117145e+00,main,true,fall,218
/mnt/pd/tema1/new/results/ml_samples/N1_sw0.30_x+1_i0024.h5,1,3.000000000e-01,1,1.069117145e+00,main,true,rise,278
/mnt/pd/tema1/new/results/ml_samples/N1_sw0.30_x+0_i0106.h5,1,3.000000000e-01,0,1.000000000e+00,main,true,rise,3827
/mnt/pd/tema1/new/results/ml_samples/N1_sw0.30_x+1_i0022.h5,1,3.000000000e-01,1,1.069117145e+00,main,true,rise,407
/mnt/pd/tema1/new/results/ml_samples/N1_sw0.30_x+0_i0130.h5,1,3.000000000e-01,0,1.000000000e+00,main,true,rise,2916
/mnt/pd/tema1/new/results/ml_samples/N1_sw0.30_x+1_i0030.h5,1,3.000000000e-01,1,1.069117145e+00,main,true,rise,293
/mnt/pd/tema1/new/results/ml_samples/N1_sw0.30_x+1_i0016.h5,1,3.000000000e-01,1,1.069117145e+00,main,true,rise,775
/mnt/pd/tema1/new/results/ml_samples/N1_sw0.30_x+0_i0180.h5,1,3.000000000e-01,0,1.000000000e+00,main,true,rise,1635
/mnt/pd/tema1/new/results/ml_samples/N1_sw0.30_x+1_i0010.h5,1,3.000000000e-01,1,1.069117145e+00,main,true,rise,732
/mnt/pd/tema1/new/results/ml_samples/N1_sw0.30_x+1_i0012.h5,1,3.000000000e-01,1,1.069117145e+00,main,true,fall,613
/mnt/pd/tema1/new/results/ml_samples/N1_sw0.30_x+1_i0054.h5,1,3.000000000e-01,1,1.069117145e+00,main,true,rise,536
/mnt/pd/tema1/new/results/ml_samples/N1_sw0.30_x+0_i0152.h5,1,3.000000000e-01,0,1.000000000e+00,main,true,fall,2524
/mnt/pd/tema1/new/results/ml_samples/N1_sw0.30_x+1_i0018.h5,1,3.000000000e-01,1,1.069117145e+00,main,true,rise,980
/mnt/pd/tema1/new/results/ml_samples/N1_sw0.30_x+1_i0036.h5,1,3.000000000e-01,1,1.069117145e+00,main,true,rise,582
/mnt/pd/tema1/new/results/ml_samples/N1_sw0.30_x+1_i0058.h5,1,3.000000000e-01,1,1.069117145e+00,main,true,rise,362
/mnt/pd/tema1/new/results/ml_samples/N1_sw0.30_x+1_i0028.h5,1,3.000000000e-01,1,1.069117145e+00,main,true,rise,721
/mnt/pd/tema1/new/results/ml_samples/N1_sw0.30_x+1_i0034.h5,1,3.000000000e-01,1,1.069117145e+00,main,true,rise,715
/mnt/pd/tema1/new/results/ml_samples/N1_sw0.30_x+1_i0026.h5,1,3.000000000e-01,1,1.069117145e+00,main,true,rise,457
/mnt/pd/tema1/new/results/ml_samples/N1_sw0.30_x+1_i0038.h5,1,3.000000000e-01,1,1.069117145e+00,main,true,rise,545
/mnt/pd/tema1/new/results/ml_samples/N1_sw0.30_x+1_i0040.h5,1,3.000000000e-01,1,1.069117145e+00,main,true,rise,465
/mnt/pd/tema1/new/results/ml_samples/N1_sw0.30_x+1_i0056.h5,1,3.000000000e-01,1,1.069117145e+00,main,true,fall,518
/mnt/pd/tema1/new/results/ml_samples/N1_sw0.30_x+0_i0198.h5,1,3.000000000e-01,0,1.000000000e+00,main,true,rise,2250
/mnt/pd/tema1/new/results/ml_samples/N1_sw0.30_x+1_i0032.h5,1,3.000000000e-01,1,1.069117145e+00,main,true,rise,1084
/mnt/pd/tema1/new/results/ml_samples/N1_sw0.30_x+1_i0064.h5,1,3.000000000e-01,1,1.069117145e+00,main,true,rise,471
/mnt/pd/tema1/new/results/ml_samples/N1_sw0.30_x+1_i0046.h5,1,3.000000000e-01,1,1.069117145e+00,main,true,fall,891
/mnt/pd/tema1/new/results/ml_samples/N1_sw0.30_x+1_i0078.h5,1,3.000000000e-01,1,1.069117145e+00,main,true,fall,875
/mnt/pd/tema1/new/results/ml_samples/N1_sw0.30_x+1_i0074.h5,1,3.000000000e-01,1,1.069117145e+00,main,true,rise,338
/mnt/pd/tema1/new/results/ml_samples/N1_sw0.30_x+1_i0050.h5,1,3.000000000e-01,1,1.069117145e+00,main,true,rise,471
/mnt/pd/tema1/new/results/ml_samples/N1_sw0.30_x+1_i0044.h5,1,3.000000000e-01,1,1.069117145e+00,main,true,rise,1026
/mnt/pd/tema1/new/results/ml_samples/N1_sw0.30_x+1_i0070.h5,1,3.000000000e-01,1,1.069117145e+00,main,true,fall,621
/mnt/pd/tema1/new/results/ml_samples/N1_sw0.30_x+1_i0088.h5,1,3.000000000e-01,1,1.069117145e+00,main,true,fall,205
/mnt/pd/tema1/new/results/ml_samples/N1_sw0.30_x+1_i0080.h5,1,3.000000000e-01,1,1.069117145e+00,main,true,rise,339
/mnt/pd/tema1/new/results/ml_samples/N1_sw0.30_x+1_i0048.h5,1,3.000000000e-01,1,1.069117145e+00,main,true,rise,985
/mnt/pd/tema1/new/results/ml_samples/N1_sw0.30_x+1_i0072.h5,1,3.000000000e-01,1,1.069117145e+00,main,true,rise,592
/mnt/pd/tema1/new/results/ml_samples/N1_sw0.30_x+1_i0060.h5,1,3.000000000e-01,1,1.069117145e+00,main,true,rise,883
/mnt/pd/tema1/new/results/ml_samples/N1_sw0.30_x+1_i0084.h5,1,3.000000000e-01,1,1.069117145e+00,main,true,rise,441
/mnt/pd/tema1/new/results/ml_samples/N1_sw0.30_x+1_i0082.h5,1,3.000000000e-01,1,1.069117145e+00,main,true,rise,498
/mnt/pd/tema1/new/results/ml_samples/N1_sw0.30_x+1_i0068.h5,1,3.000000000e-01,1,1.069117145e+00,main,true,rise,782
/mnt/pd/tema1/new/results/ml_samples/N1_sw0.30_x+1_i0076.h5,1,3.000000000e-01,1,1.069117145e+00,main,true,rise,710
/mnt/pd/tema1/new/results/ml_samples/N1_sw0.30_x+1_i0108.h5,1,3.000000000e-01,1,1.069117145e+00,main,true,rise,311
/mnt/pd/tema1/new/results/ml_samples/N1_sw0.30_x+1_i0052.h5,1,3.000000000e-01,1,1.069117145e+00,main,true,rise,739
/mnt/pd/tema1/new/results/ml_samples/N1_sw0.30_x+1_i0096.h5,1,3.000000000e-01,1,1.069117145e+00,main,true,rise,371
/mnt/pd/tema1/new/results/ml_samples/N1_sw0.30_x+1_i0090.h5,1,3.000000000e-01,1,1.069117145e+00,main,true,fall,478
/mnt/pd/tema1/new/results/ml_samples/N1_sw0.30_x+1_i0102.h5,1,3.000000000e-01,1,1.069117145e+00,main,true,fall,259
/mnt/pd/tema1/new/results/ml_samples/N1_sw0.30_x+1_i0094.h5,1,3.000000000e-01,1,1.069117145e+00,main,true,rise,697
/mnt/pd/tema1/new/results/ml_samples/N1_sw0.30_x+1_i0098.h5,1,3.000000000e-01,1,1.069117145e+00,main,true,fall,434
/mnt/pd/tema1/new/results/ml_samples/N1_sw0.30_x+1_i0124.h5,1,3.000000000e-01,1,1.069117145e+00,main,true,fall,198
/mnt/pd/tema1/new/results/ml_samples/N1_sw0.30_x+1_i0104.h5,1,3.000000000e-01,1,1.069117145e+00,main,true,rise,486
/mnt/pd/tema1/new/results/ml_samples/N1_sw0.30_x+1_i0110.h5,1,3.000000000e-01,1,1.069117145e+00,main,true,rise,473
/mnt/pd/tema1/new/results/ml_samples/N1_sw0.30_x+1_i0062.h5,1,3.000000000e-01,1,1.069117145e+00,main,true,rise,1538
/mnt/pd/tema1/new/results/ml_samples/N1_sw0.30_x+1_i0092.h5,1,3.000000000e-01,1,1.069117145e+00,main,true,rise,959
/mnt/pd/tema1/new/results/ml_samples/N1_sw0.30_x+1_i0086.h5,1,3.000000000e-01,1,1.069117145e+00,main,true,rise,2441
/mnt/pd/tema1/new/results/ml_samples/N1_sw0.30_x+1_i0112.h5,1,3.000000000e-01,1,1.069117145e+00,main,true,fall,641
/mnt/pd/tema1/new/results/ml_samples/N1_sw0.30_x+1_i0136.h5,1,3.000000000e-01,1,1.069117145e+00,main,true,rise,450
/mnt/pd/tema1/new/results/ml_samples/N1_sw0.30_x+1_i0138.h5,1,3.000000000e-01,1,1.069117145e+00,main,true,fall,265
/mnt/pd/tema1/new/results/ml_samples/N1_sw0.30_x+1_i0106.h5,1,3.000000000e-01,1,1.069117145e+00,main,true,fall,835
/mnt/pd/tema1/new/results/ml_samples/N1_sw0.30_x+1_i0066.h5,1,3.000000000e-01,1,1.069117145e+00,main,true,fall,1354
/mnt/pd/tema1/new/results/ml_samples/N1_sw0.30_x+1_i0120.h5,1,3.000000000e-01,1,1.069117145e+00,main,true,rise,714
/mnt/pd/tema1/new/results/ml_samples/N1_sw0.30_x+1_i0132.h5,1,3.000000000e-01,1,1.069117145e+00,main,true,fall,582
/mnt/pd/tema1/new/results/ml_samples/N1_sw0.30_x+1_i0146.h5,1,3.000000000e-01,1,1.069117145e+00,main,true,rise,289
/mnt/pd/tema1/new/results/ml_samples/N1_sw0.30_x+1_i0116.h5,1,3.000000000e-01,1,1.069117145e+00,main,true,rise,798
/mnt/pd/tema1/new/results/ml_samples/N1_sw0.30_x+1_i0164.h5,1,3.000000000e-01,1,1.069117145e+00,main,true,rise,315
/mnt/pd/tema1/new/results/ml_samples/N1_sw0.30_x+1_i0130.h5,1,3.000000000e-01,1,1.069117145e+00,main,true,rise,808
/mnt/pd/tema1/new/results/ml_samples/N1_sw0.30_x+1_i0122.h5,1,3.000000000e-01,1,1.069117145e+00,main,true,rise,894
/mnt/pd/tema1/new/results/ml_samples/N1_sw0.30_x+1_i0126.h5,1,3.000000000e-01,1,1.069117145e+00,main,true,fall,984
/mnt/pd/tema1/new/results/ml_samples/N1_sw0.30_x+1_i0154.h5,1,3.000000000e-01,1,1.069117145e+00,main,true,rise,264
/mnt/pd/tema1/new/results/ml_samples/N1_sw0.30_x+1_i0158.h5,1,3.000000000e-01,1,1.069117145e+00,main,true,rise,364
/mnt/pd/tema1/new/results/ml_samples/N1_sw0.30_x+1_i0014.h5,1,3.000000000e-01,1,1.069117145e+00,main,true,rise,3549
/mnt/pd/tema1/new/results/ml_samples/N1_sw0.30_x+1_i0100.h5,1,3.000000000e-01,1,1.069117145e+00,main,true,rise,1478
/mnt/pd/tema1/new/results/ml_samples/N1_sw0.30_x+1_i0180.h5,1,3.000000000e-01,1,1.069117145e+00,main,true,rise,380
/mnt/pd/tema1/new/results/ml_samples/N1_sw0.30_x+1_i0134.h5,1,3.000000000e-01,1,1.069117145e+00,main,true,rise,1208
/mnt/pd/tema1/new/results/ml_samples/N1_sw0.30_x+1_i0160.h5,1,3.000000000e-01,1,1.069117145e+00,main,true,rise,1610
/mnt/pd/tema1/new/results/ml_samples/N1_sw0.30_x+1_i0172.h5,1,3.000000000e-01,1,1.069117145e+00,main,true,rise,416
/mnt/pd/tema1/new/results/ml_samples/N1_sw0.30_x+1_i0140.h5,1,3.000000000e-01,1,1.069117145e+00,main,true,rise,1364
/mnt/pd/tema1/new/results/ml_samples/N1_sw0.30_x+1_i0174.h5,1,3.000000000e-01,1,1.069117145e+00,main,true,rise,259
/mnt/pd/tema1/new/results/ml_samples/N1_sw0.30_x+1_i0128.h5,1,3.000000000e-01,1,1.069117145e+00,main,true,rise,1460
/mnt/pd/tema1/new/results/ml_samples/N1_sw0.30_x+1_i0148.h5,1,3.000000000e-01,1,1.069117145e+00,main,true,rise,1126
/mnt/pd/tema1/new/results/ml_samples/N1_sw0.30_x+1_i0142.h5,1,3.000000000e-01,1,1.069117145e+00,main,true,rise,1517
/mnt/pd/tema1/new/results/ml_samples/N1_sw0.30_x+1_i0118.h5,1,3.000000000e-01,1,1.069117145e+00,main,true,rise,1776
/mnt/pd/tema1/new/results/ml_samples/N1_sw0.30_x+1_i0170.h5,1,3.000000000e-01,1,1.069117145e+00,main,true,rise,608
/mnt/pd/tema1/new/results/ml_samples/N1_sw0.30_x+1_i0196.h5,1,3.000000000e-01,1,1.069117145e+00,main,true,fall,188
/mnt/pd/tema1/new/results/ml_samples/N1_sw0.30_x+1_i0114.h5,1,3.000000000e-01,1,1.069117145e+00,main,true,rise,1785
/mnt/pd/tema1/new/results/ml_samples/N1_sw0.30_x+1_i0194.h5,1,3.000000000e-01,1,1.069117145e+00,main,true,fall,89
/mnt/pd/tema1/new/results/ml_samples/N1_sw0.30_x+1_i0166.h5,1,3.000000000e-01,1,1.069117145e+00,main,true,rise,790
/mnt/pd/tema1/new/results/ml_samples/N1_sw0.30_x+1_i0182.h5,1,3.000000000e-01,1,1.069117145e+00,main,true,rise,425
/mnt/pd/tema1/new/results/ml_samples/N1_sw0.30_x+1_i0150.h5,1,3.000000000e-01,1,1.069117145e+00,main,true,rise,794
/mnt/pd/tema1/new/results/ml_samples/N1_sw0.30_x+1_i0168.h5,1,3.000000000e-01,1,1.069117145e+00,main,true,fall,452
/mnt/pd/tema1/new/results/ml_samples/N1_sw0.30_x+1_i0176.h5,1,3.000000000e-01,1,1.069117145e+00,main,true,rise,720
/mnt/pd/tema1/new/results/ml_samples/N1_sw0.30_x+1_i0144.h5,1,3.000000000e-01,1,1.069117145e+00,main,true,rise,1481
/mnt/pd/tema1/new/results/ml_samples/N1_sw0.30_x+1_i0186.h5,1,3.000000000e-01,1,1.069117145e+00,main,true,rise,491
/mnt/pd/tema1/new/results/ml_samples/N1_sw0.30_x+1_i0184.h5,1,3.000000000e-01,1,1.069117145e+00,main,true,fall,527
/mnt/pd/tema1/new/results/ml_samples/N1_sw0.30_x+1_i0190.h5,1,3.000000000e-01,1,1.069117145e+00,main,true,rise,398
/mnt/pd/tema1/new/results/ml_samples/N1_sw0.30_x+2_i0018.h5,1,3.000000000e-01,2,1.138234290e+00,main,true,fall,183
/mnt/pd/tema1/new/results/ml_samples/N1_sw0.30_x+1_i0156.h5,1,3.000000000e-01,1,1.069117145e+00,main,true,rise,1066
/mnt/pd/tema1/new/results/ml_samples/N1_sw0.30_x+1_i0178.h5,1,3.000000000e-01,1,1.069117145e+00,main,true,rise,1049
/mnt/pd/tema1/new/results/ml_samples/N1_sw0.30_x+2_i0002.h5,1,3.000000000e-01,2,1.138234290e+00,main,true,rise,402
/mnt/pd/tema1/new/results/ml_samples/N1_sw0.30_x+2_i0000.h5,1,3.000000000e-01,2,1.138234290e+00,main,true,rise,531
/mnt/pd/tema1/new/results/ml_samples/N1_sw0.30_x+2_i0014.h5,1,3.000000000e-01,2,1.138234290e+00,main,true,rise,317
/mnt/pd/tema1/new/results/ml_samples/N1_sw0.30_x+2_i0008.h5,1,3.000000000e-01,2,1.138234290e+00,main,true,rise,333
/mnt/pd/tema1/new/results/ml_samples/N1_sw0.30_x+1_i0188.h5,1,3.000000000e-01,1,1.069117145e+00,main,true,rise,819
/mnt/pd/tema1/new/results/ml_samples/N1_sw0.30_x+2_i0012.h5,1,3.000000000e-01,2,1.138234290e+00,main,true,rise,305
/mnt/pd/tema1/new/results/ml_samples/N1_sw0.30_x+2_i0042.h5,1,3.000000000e-01,2,1.138234290e+00,main,true,fall,271
/mnt/pd/tema1/new/results/ml_samples/N1_sw0.30_x+2_i0020.h5,1,3.000000000e-01,2,1.138234290e+00,main,true,rise,306
/mnt/pd/tema1/new/results/ml_samples/N1_sw0.30_x+2_i0016.h5,1,3.000000000e-01,2,1.138234290e+00,main,true,rise,303
/mnt/pd/tema1/new/results/ml_samples/N1_sw0.30_x+2_i0004.h5,1,3.000000000e-01,2,1.138234290e+00,main,true,rise,588
/mnt/pd/tema1/new/results/ml_samples/N1_sw0.30_x+2_i0024.h5,1,3.000000000e-01,2,1.138234290e+00,main,true,rise,397
/mnt/pd/tema1/new/results/ml_samples/N1_sw0.30_x+2_i0032.h5,1,3.000000000e-01,2,1.138234290e+00,main,true,fall,111
/mnt/pd/tema1/new/results/ml_samples/N1_sw0.30_x+2_i0006.h5,1,3.000000000e-01,2,1.138234290e+00,main,true,fall,341
/mnt/pd/tema1/new/results/ml_samples/N1_sw0.30_x+2_i0028.h5,1,3.000000000e-01,2,1.138234290e+00,main,true,rise,357
/mnt/pd/tema1/new/results/ml_samples/N1_sw0.30_x+2_i0022.h5,1,3.000000000e-01,2,1.138234290e+00,main,true,rise,518
/mnt/pd/tema1/new/results/ml_samples/N1_sw0.30_x+1_i0192.h5,1,3.000000000e-01,1,1.069117145e+00,main,true,rise,1282
/mnt/pd/tema1/new/results/ml_samples/N1_sw0.30_x+2_i0040.h5,1,3.000000000e-01,2,1.138234290e+00,main,true,rise,428
/mnt/pd/tema1/new/results/ml_samples/N1_sw0.30_x+2_i0050.h5,1,3.000000000e-01,2,1.138234290e+00,main,true,rise,562
/mnt/pd/tema1/new/results/ml_samples/N1_sw0.30_x+2_i0026.h5,1,3.000000000e-01,2,1.138234290e+00,main,true,rise,723
/mnt/pd/tema1/new/results/ml_samples/N1_sw0.30_x+2_i0048.h5,1,3.000000000e-01,2,1.138234290e+00,main,true,rise,269
/mnt/pd/tema1/new/results/ml_samples/N1_sw0.30_x+2_i0030.h5,1,3.000000000e-01,2,1.138234290e+00,main,true,rise,732
/mnt/pd/tema1/new/results/ml_samples/N1_sw0.30_x+2_i0052.h5,1,3.000000000e-01,2,1.138234290e+00,main,true,rise,259
/mnt/pd/tema1/new/results/ml_samples/N1_sw0.30_x+2_i0036.h5,1,3.000000000e-01,2,1.138234290e+00,main,true,rise,703
/mnt/pd/tema1/new/results/ml_samples/N1_sw0.30_x+2_i0038.h5,1,3.000000000e-01,2,1.138234290e+00,main,true,rise,298
/mnt/pd/tema1/new/results/ml_samples/N1_sw0.30_x+2_i0060.h5,1,3.000000000e-01,2,1.138234290e+00,main,true,rise,309
/mnt/pd/tema1/new/results/ml_samples/N1_sw0.30_x+2_i0044.h5,1,3.000000000e-01,2,1.138234290e+00,main,true,rise,470
/mnt/pd/tema1/new/results/ml_samples/N1_sw0.30_x+2_i0058.h5,1,3.000000000e-01,2,1.138234290e+00,main,true,rise,265
/mnt/pd/tema1/new/results/ml_samples/N1_sw0.30_x+2_i0034.h5,1,3.000000000e-01,2,1.138234290e+00,main,true,rise,806
/mnt/pd/tema1/new/results/ml_samples/N1_sw0.30_x+2_i0056.h5,1,3.000000000e-01,2,1.138234290e+00,main,true,rise,291
/mnt/pd/tema1/new/results/ml_samples/N1_sw0.30_x+2_i0066.h5,1,3.000000000e-01,2,1.138234290e+00,main,true,rise,225
/mnt/pd/tema1/new/results/ml_samples/N1_sw0.30_x+1_i0198.h5,1,3.000000000e-01,1,1.069117145e+00,main,true,rise,1506
/mnt/pd/tema1/new/results/ml_samples/N1_sw0.30_x+2_i0064.h5,1,3.000000000e-01,2,1.138234290e+00,main,true,rise,438
/mnt/pd/tema1/new/results/ml_samples/N1_sw0.30_x+2_i0068.h5,1,3.000000000e-01,2,1.138234290e+00,main,true,rise,291
/mnt/pd/tema1/new/results/ml_samples/N1_sw0.30_x+2_i0062.h5,1,3.000000000e-01,2,1.138234290e+00,main,true,rise,386
/mnt/pd/tema1/new/results/ml_samples/N1_sw0.30_x+2_i0072.h5,1,3.000000000e-01,2,1.138234290e+00,main,true,rise,260
/mnt/pd/tema1/new/results/ml_samples/N1_sw0.30_x+2_i0046.h5,1,3.000000000e-01,2,1.138234290e+00,main,true,rise,291
/mnt/pd/tema1/new/results/ml_samples/N1_sw0.30_x+2_i0010.h5,1,3.000000000e-01,2,1.138234290e+00,main,true,rise,999
/mnt/pd/tema1/new/results/ml_samples/N1_sw0.30_x+1_i0152.h5,1,3.000000000e-01,1,1.069117145e+00,main,true,rise,2899
/mnt/pd/tema1/new/results/ml_samples/N1_sw0.30_x+2_i0096.h5,1,3.000000000e-01,2,1.138234290e+00,main,true,rise,277
/mnt/pd/tema1/new/results/ml_samples/N1_sw0.30_x+2_i0082.h5,1,3.000000000e-01,2,1.138234290e+00,main,true,rise,722
/mnt/pd/tema1/new/results/ml_samples/N1_sw0.30_x+2_i0070.h5,1,3.000000000e-01,2,1.138234290e+00,main,true,rise,758
/mnt/pd/tema1/new/results/ml_samples/N1_sw0.30_x+2_i0074.h5,1,3.000000000e-01,2,1.138234290e+00,main,true,rise,780
/mnt/pd/tema1/new/results/ml_samples/N1_sw0.30_x+2_i0080.h5,1,3.000000000e-01,2,1.138234290e+00,main,true,rise,448
/mnt/pd/tema1/new/results/ml_samples/N1_sw0.30_x+2_i0090.h5,1,3.000000000e-01,2,1.138234290e+00,main,true,rise,349
/mnt/pd/tema1/new/results/ml_samples/N1_sw0.30_x+4_i0002.h5,1,3.000000000e-01,4,1.276468579e+00,main,true,rise,334
/mnt/pd/tema1/new/results/ml_samples/N1_sw0.30_x+4_i0024.h5,1,3.000000000e-01,4,1.276468579e+00,main,true,rise,233
/mnt/pd/tema1/new/results/ml_samples/N1_sw0.30_x+4_i0010.h5,1,3.000000000e-01,4,1.276468579e+00,main,true,rise,168
/mnt/pd/tema1/new/results/ml_samples/N1_sw0.30_x+4_i0026.h5,1,3.000000000e-01,4,1.276468579e+00,main,true,rise,227
/mnt/pd/tema1/new/results/ml_samples/N1_sw0.30_x+4_i0000.h5,1,3.000000000e-01,4,1.276468579e+00,main,true,rise,358
/mnt/pd/tema1/new/results/ml_samples/N1_sw0.30_x+2_i0094.h5,1,3.000000000e-01,2,1.138234290e+00,main,true,rise,419
/mnt/pd/tema1/new/results/ml_samples/N1_sw0.30_x+4_i0006.h5,1,3.000000000e-01,4,1.276468579e+00,main,true,rise,341
/mnt/pd/tema1/new/results/ml_samples/N1_sw0.30_x+1_i0162.h5,1,3.000000000e-01,1,1.069117145e+00,main,true,rise,3083
/mnt/pd/tema1/new/results/ml_samples/N1_sw0.30_x+4_i0012.h5,1,3.000000000e-01,4,1.276468579e+00,main,true,rise,316
/mnt/pd/tema1/new/results/ml_samples/N1_sw0.30_x+4_i0008.h5,1,3.000000000e-01,4,1.276468579e+00,main,true,rise,399
/mnt/pd/tema1/new/results/ml_samples/N1_sw0.30_x+2_i0076.h5,1,3.000000000e-01,2,1.138234290e+00,main,true,rise,570
/mnt/pd/tema1/new/results/ml_samples/N1_sw0.30_x+2_i0098.h5,1,3.000000000e-01,2,1.138234290e+00,main,true,rise,599
/mnt/pd/tema1/new/results/ml_samples/N1_sw0.30_x+4_i0018.h5,1,3.000000000e-01,4,1.276468579e+00,main,true,rise,358
/mnt/pd/tema1/new/results/ml_samples/N1_sw0.30_x+2_i0092.h5,1,3.000000000e-01,2,1.138234290e+00,main,true,fall,231
/mnt/pd/tema1/new/results/ml_samples/N1_sw0.30_x+4_i0016.h5,1,3.000000000e-01,4,1.276468579e+00,main,true,rise,463
/mnt/pd/tema1/new/results/ml_samples/N1_sw0.30_x+2_i0086.h5,1,3.000000000e-01,2,1.138234290e+00,main,true,rise,363
/mnt/pd/tema1/new/results/ml_samples/N1_sw0.30_x+4_i0020.h5,1,3.000000000e-01,4,1.276468579e+00,main,true,rise,347
/mnt/pd/tema1/new/results/ml_samples/N1_sw0.30_x+2_i0054.h5,1,3.000000000e-01,2,1.138234290e+00,main,true,rise,1319
/mnt/pd/tema1/new/results/ml_samples/N1_sw0.30_x+2_i0084.h5,1,3.000000000e-01,2,1.138234290e+00,main,true,rise,382
/mnt/pd/tema1/new/results/ml_samples/N1_sw0.30_x+2_i0078.h5,1,3.000000000e-01,2,1.138234290e+00,main,true,rise,722
/mnt/pd/tema1/new/results/ml_samples/N1_sw0.30_x+4_i0004.h5,1,3.000000000e-01,4,1.276468579e+00,main,true,rise,202
/mnt/pd/tema1/new/results/ml_samples/N1_sw0.30_x+2_i0088.h5,1,3.000000000e-01,2,1.138234290e+00,main,true,rise,836
/mnt/pd/tema1/new/results/ml_samples/N1_sw0.30_x+4_i0014.h5,1,3.000000000e-01,4,1.276468579e+00,main,true,rise,203
/mnt/pd/tema1/new/results/ml_samples/N1_sw0.30_x+4_i0038.h5,1,3.000000000e-01,4,1.276468579e+00,main,true,rise,469
/mnt/pd/tema1/new/results/ml_samples/N1_sw0.30_x+4_i0042.h5,1,3.000000000e-01,4,1.276468579e+00,main,true,rise,215
/mnt/pd/tema1/new/results/ml_samples/N1_sw0.30_x+4_i0030.h5,1,3.000000000e-01,4,1.276468579e+00,main,true,rise,269
/mnt/pd/tema1/new/results/ml_samples/N1_sw0.30_x+4_i0022.h5,1,3.000000000e-01,4,1.276468579e+00,main,true,rise,235
/mnt/pd/tema1/new/results/ml_samples/N1_sw0.30_x+4_i0036.h5,1,3.000000000e-01,4,1.276468579e+00,main,true,rise,296
/mnt/pd/tema1/new/results/ml_samples/N1_sw0.30_x+4_i0046.h5,1,3.000000000e-01,4,1.276468579e+00,main,true,rise,251
/mnt/pd/tema1/new/results/ml_samples/N1_sw0.30_x+4_i0028.h5,1,3.000000000e-01,4,1.276468579e+00,main,true,rise,192
/mnt/pd/tema1/new/results/ml_samples/N1_sw0.30_x+4_i0040.h5,1,3.000000000e-01,4,1.276468579e+00,main,true,rise,348
/mnt/pd/tema1/new/results/ml_samples/N1_sw0.30_x+4_i0082.h5,1,3.000000000e-01,4,1.276468579e+00,main,true,rise,191
/mnt/pd/tema1/new/results/ml_samples/N1_sw0.30_x+4_i0058.h5,1,3.000000000e-01,4,1.276468579e+00,main,true,rise,166
/mnt/pd/tema1/new/results/ml_samples/N1_sw0.30_x+4_i0084.h5,1,3.000000000e-01,4,1.276468579e+00,main,true,rise,202
/mnt/pd/tema1/new/results/ml_samples/N1_sw0.30_x+4_i0060.h5,1,3.000000000e-01,4,1.276468579e+00,main,true,rise,194
/mnt/pd/tema1/new/results/ml_samples/N1_sw0.30_x+4_i0062.h5,1,3.000000000e-01,4,1.276468579e+00,main,true,rise,288
/mnt/pd/tema1/new/results/ml_samples/N1_sw0.30_x+4_i0064.h5,1,3.000000000e-01,4,1.276468579e+00,main,true,rise,173
/mnt/pd/tema1/new/results/ml_samples/N1_sw0.30_x+4_i0034.h5,1,3.000000000e-01,4,1.276468579e+00,main,true,rise,180
/mnt/pd/tema1/new/results/ml_samples/N1_sw0.30_x+4_i0076.h5,1,3.000000000e-01,4,1.276468579e+00,main,true,rise,197
/mnt/pd/tema1/new/results/ml_samples/N1_sw0.30_x+4_i0070.h5,1,3.000000000e-01,4,1.276468579e+00,main,true,rise,208
/mnt/pd/tema1/new/results/ml_samples/N1_sw0.30_x+4_i0032.h5,1,3.000000000e-01,4,1.276468579e+00,main,true,rise,252
/mnt/pd/tema1/new/results/ml_samples/N1_sw0.30_x+4_i0068.h5,1,3.000000000e-01,4,1.276468579e+00,main,true,rise,256
/mnt/pd/tema1/new/results/ml_samples/N1_sw0.30_x+4_i0054.h5,1,3.000000000e-01,4,1.276468579e+00,main,true,rise,356
/mnt/pd/tema1/new/results/ml_samples/N1_sw0.30_x+4_i0074.h5,1,3.000000000e-01,4,1.276468579e+00,main,true,rise,287
/mnt/pd/tema1/new/results/ml_samples/N1_sw0.30_x+4_i0066.h5,1,3.000000000e-01,4,1.276468579e+00,main,true,rise,338
/mnt/pd/tema1/new/results/ml_samples/N1_sw0.30_x+4_i0072.h5,1,3.000000000e-01,4,1.276468579e+00,main,true,rise,309
/mnt/pd/tema1/new/results/ml_samples/N1_sw0.30_x+4_i0078.h5,1,3.000000000e-01,4,1.276468579e+00,main,true,rise,297
/mnt/pd/tema1/new/results/ml_samples/N1_sw0.30_x+4_i0050.h5,1,3.000000000e-01,4,1.276468579e+00,main,true,rise,515
/mnt/pd/tema1/new/results/ml_samples/N1_sw0.30_x+4_i0048.h5,1,3.000000000e-01,4,1.276468579e+00,main,true,rise,275
/mnt/pd/tema1/new/results/ml_samples/N1_sw0.30_x+4_i0098.h5,1,3.000000000e-01,4,1.276468579e+00,main,true,rise,203
/mnt/pd/tema1/new/results/ml_samples/N1_sw0.30_x+4_i0086.h5,1,3.000000000e-01,4,1.276468579e+00,main,true,rise,199
/mnt/pd/tema1/new/results/ml_samples/N1_sw0.30_x+4_i0044.h5,1,3.000000000e-01,4,1.276468579e+00,main,true,rise,334
/mnt/pd/tema1/new/results/ml_samples/N1_sw0.30_x+4_i0080.h5,1,3.000000000e-01,4,1.276468579e+00,main,true,rise,448
/mnt/pd/tema1/new/results/ml_samples/N1_sw0.30_x+4_i0052.h5,1,3.000000000e-01,4,1.276468579e+00,main,true,rise,283
/mnt/pd/tema1/new/results/ml_samples/N1_sw0.30_x+4_i0088.h5,1,3.000000000e-01,4,1.276468579e+00,main,true,rise,278
/mnt/pd/tema1/new/results/ml_samples/N1_sw0.30_x+4_i0094.h5,1,3.000000000e-01,4,1.276468579e+00,main,true,rise,325
/mnt/pd/tema1/new/results/ml_samples/N1_sw0.30_x+4_i0056.h5,1,3.000000000e-01,4,1.276468579e+00,main,true,rise,977
/mnt/pd/tema1/new/results/ml_samples/N1_sw0.30_x+4_i0096.h5,1,3.000000000e-01,4,1.276468579e+00,main,true,rise,263
/mnt/pd/tema1/new/results/ml_samples/N1_sw0.30_x-1_i0006.h5,1,3.000000000e-01,-1,9.308828552e-01,main,true,fall,252
/mnt/pd/tema1/new/results/ml_samples/N1_sw0.30_x-1_i0004.h5,1,3.000000000e-01,-1,9.308828552e-01,main,true,fall,214
/mnt/pd/tema1/new/results/ml_samples/N1_sw0.30_x+4_i0092.h5,1,3.000000000e-01,4,1.276468579e+00,main,true,rise,432
/mnt/pd/tema1/new/results/ml_samples/N1_sw0.30_x-1_i0000.h5,1,3.000000000e-01,-1,9.308828552e-01,main,true,fall,323
/mnt/pd/tema1/new/results/ml_samples/N1_sw0.30_x-1_i0012.h5,1,3.000000000e-01,-1,9.308828552e-01,main,true,fall,231
/mnt/pd/tema1/new/results/ml_samples/N1_sw0.30_x-1_i0028.h5,1,3.000000000e-01,-1,9.308828552e-01,main,true,fall,117
/mnt/pd/tema1/new/results/ml_samples/N1_sw0.30_x-1_i0032.h5,1,3.000000000e-01,-1,9.308828552e-01,main,true,fall,141
/mnt/pd/tema1/new/results/ml_samples/N1_sw0.30_x+4_i0090.h5,1,3.000000000e-01,4,1.276468579e+00,main,true,rise,230
/mnt/pd/tema1/new/results/ml_samples/N1_sw0.30_x-1_i0002.h5,1,3.000000000e-01,-1,9.308828552e-01,main,true,fall,478
/mnt/pd/tema1/new/results/ml_samples/N1_sw0.30_x-1_i0036.h5,1,3.000000000e-01,-1,9.308828552e-01,main,true,fall,155
/mnt/pd/tema1/new/results/ml_samples/N1_sw0.30_x-1_i0040.h5,1,3.000000000e-01,-1,9.308828552e-01,main,true,fall,123
/mnt/pd/tema1/new/results/ml_samples/N1_sw0.30_x-1_i0042.h5,1,3.000000000e-01,-1,9.308828552e-01,main,true,fall,298
/mnt/pd/tema1/new/results/ml_samples/N1_sw0.30_x-1_i0030.h5,1,3.000000000e-01,-1,9.308828552e-01,main,true,fall,566
/mnt/pd/tema1/new/results/ml_samples/N1_sw0.30_x-1_i0024.h5,1,3.000000000e-01,-1,9.308828552e-01,main,true,fall,578
/mnt/pd/tema1/new/results/ml_samples/N1_sw0.30_x-1_i0014.h5,1,3.000000000e-01,-1,9.308828552e-01,main,true,fall,174
/mnt/pd/tema1/new/results/ml_samples/N1_sw0.30_x-1_i0054.h5,1,3.000000000e-01,-1,9.308828552e-01,main,true,fall,113
/mnt/pd/tema1/new/results/ml_samples/N1_sw0.30_x-1_i0008.h5,1,3.000000000e-01,-1,9.308828552e-01,main,true,fall,704
/mnt/pd/tema1/new/results/ml_samples/N1_sw0.30_x-1_i0046.h5,1,3.000000000e-01,-1,9.308828552e-01,main,true,fall,269
/mnt/pd/tema1/new/results/ml_samples/N1_sw0.30_x-1_i0052.h5,1,3.000000000e-01,-1,9.308828552e-01,main,true,fall,185
/mnt/pd/tema1/new/results/ml_samples/N1_sw0.30_x-1_i0010.h5,1,3.000000000e-01,-1,9.308828552e-01,main,true,fall,838
/mnt/pd/tema1/new/results/ml_samples/N1_sw0.30_x-1_i0058.h5,1,3.000000000e-01,-1,9.308828552e-01,main,true,fall,138
/mnt/pd/tema1/new/results/ml_samples/N1_sw0.30_x-1_i0044.h5,1,3.000000000e-01,-1,9.308828552e-01,main,true,fall,637
/mnt/pd/tema1/new/results/ml_samples/N1_sw0.30_x-1_i0062.h5,1,3.000000000e-01,-1,9.308828552e-01,main,true,fall,125
/mnt/pd/tema1/new/results/ml_samples/N1_sw0.30_x-1_i0068.h5,1,3.000000000e-01,-1,9.308828552e-01,main,true,rise,572
/mnt/pd/tema1/new/results/ml_samples/N1_sw0.30_x-1_i0060.h5,1,3.000000000e-01,-1,9.308828552e-01,main,true,fall,219
/mnt/pd/tema1/new/results/ml_samples/N1_sw0.30_x-1_i0026.h5,1,3.000000000e-01,-1,9.308828552e-01,main,true,fall,849
/mnt/pd/tema1/new/results/ml_samples/N1_sw0.30_x-1_i0016.h5,1,3.000000000e-01,-1,9.308828552e-01,main,true,fall,1131
/mnt/pd/tema1/new/results/ml_samples/N1_sw0.30_x-1_i0064.h5,1,3.000000000e-01,-1,9.308828552e-01,main,true,fall,340
/mnt/pd/tema1/new/results/ml_samples/N1_sw0.30_x-1_i0018.h5,1,3.000000000e-01,-1,9.308828552e-01,main,true,rise,950
/mnt/pd/tema1/new/results/ml_samples/N1_sw0.30_x-1_i0034.h5,1,3.000000000e-01,-1,9.308828552e-01,main,true,fall,1694
/mnt/pd/tema1/new/results/ml_samples/N1_sw0.30_x-1_i0050.h5,1,3.000000000e-01,-1,9.308828552e-01,main,true,fall,297
/mnt/pd/tema1/new/results/ml_samples/N1_sw0.30_x-1_i0066.h5,1,3.000000000e-01,-1,9.308828552e-01,main,true,fall,440
/mnt/pd/tema1/new/results/ml_samples/N1_sw0.30_x-1_i0076.h5,1,3.000000000e-01,-1,9.308828552e-01,main,true,fall,133
/mnt/pd/tema1/new/results/ml_samples/N1_sw0.30_x-1_i0082.h5,1,3.000000000e-01,-1,9.308828552e-01,main,true,fall,148
/mnt/pd/tema1/new/results/ml_samples/N1_sw0.30_x-1_i0022.h5,1,3.000000000e-01,-1,9.308828552e-01,main,true,fall,1278
/mnt/pd/tema1/new/results/ml_samples/N1_sw0.30_x-1_i0080.h5,1,3.000000000e-01,-1,9.308828552e-01,main,true,fall,251
/mnt/pd/tema1/new/results/ml_samples/N1_sw0.30_x-1_i0056.h5,1,3.000000000e-01,-1,9.308828552e-01,main,true,fall,702
/mnt/pd/tema1/new/results/ml_samples/N1_sw0.30_x-1_i0072.h5,1,3.000000000e-01,-1,9.308828552e-01,main,true,rise,509
/mnt/pd/tema1/new/results/ml_samples/N1_sw0.30_x-1_i0090.h5,1,3.000000000e-01,-1,9.308828552e-01,main,true,fall,129
/mnt/pd/tema1/new/results/ml_samples/N1_sw0.30_x-1_i0092.h5,1,3.000000000e-01,-1,9.308828552e-01,main,true,fall,152
/mnt/pd/tema1/new/results/ml_samples/N1_sw0.30_x-1_i0020.h5,1,3.000000000e-01,-1,9.308828552e-01,main,true,fall,968
/mnt/pd/tema1/new/results/ml_samples/N1_sw0.30_x-1_i0098.h5,1,3.000000000e-01,-1,9.308828552e-01,main,true,fall,562
/mnt/pd/tema1/new/results/ml_samples/N1_sw0.30_x-1_i0048.h5,1,3.000000000e-01,-1,9.308828552e-01,main,true,fall,942
/mnt/pd/tema1/new/results/ml_samples/N1_sw0.30_x-1_i0078.h5,1,3.000000000e-01,-1,9.308828552e-01,main,true,fall,430
/mnt/pd/tema1/new/results/ml_samples/N1_sw0.30_x-1_i0106.h5,1,3.000000000e-01,-1,9.308828552e-01,main,true,fall,174
/mnt/pd/tema1/new/results/ml_samples/N1_sw0.30_x-1_i0104.h5,1,3.000000000e-01,-1,9.308828552e-01,main,true,fall,322
/mnt/pd/tema1/new/results/ml_samples/N1_sw0.30_x-1_i0074.h5,1,3.000000000e-01,-1,9.308828552e-01,main,true,fall,787
/mnt/pd/tema1/new/results/ml_samples/N1_sw0.30_x-1_i0116.h5,1,3.000000000e-01,-1,9.308828552e-01,main,true,fall,122
/mnt/pd/tema1/new/results/ml_samples/N1_sw0.30_x-1_i0070.h5,1,3.000000000e-01,-1,9.308828552e-01,main,true,rise,958
/mnt/pd/tema1/new/results/ml_samples/N1_sw0.30_x-1_i0088.h5,1,3.000000000e-01,-1,9.308828552e-01,main,true,fall,549
/mnt/pd/tema1/new/results/ml_samples/N1_sw0.30_x-1_i0114.h5,1,3.000000000e-01,-1,9.308828552e-01,main,true,fall,150
/mnt/pd/tema1/new/results/ml_samples/N1_sw0.30_x-1_i0038.h5,1,3.000000000e-01,-1,9.308828552e-01,main,true,fall,1860
/mnt/pd/tema1/new/results/ml_samples/N1_sw0.30_x-1_i0096.h5,1,3.000000000e-01,-1,9.308828552e-01,main,true,fall,97
/mnt/pd/tema1/new/results/ml_samples/N1_sw0.30_x-1_i0120.h5,1,3.000000000e-01,-1,9.308828552e-01,main,true,fall,212
/mnt/pd/tema1/new/results/ml_samples/N1_sw0.30_x-1_i0124.h5,1,3.000000000e-01,-1,9.308828552e-01,main,true,fall,137
/mnt/pd/tema1/new/results/ml_samples/N1_sw0.30_x-1_i0108.h5,1,3.000000000e-01,-1,9.308828552e-01,main,true,fall,489
/mnt/pd/tema1/new/results/ml_samples/N1_sw0.30_x-1_i0110.h5,1,3.000000000e-01,-1,9.308828552e-01,main,true,fall,1240
/mnt/pd/tema1/new/results/ml_samples/N1_sw0.30_x-1_i0122.h5,1,3.000000000e-01,-1,9.308828552e-01,main,true,fall,314
/mnt/pd/tema1/new/results/ml_samples/N1_sw0.30_x-1_i0102.h5,1,3.000000000e-01,-1,9.308828552e-01,main,true,fall,633
/mnt/pd/tema1/new/results/ml_samples/N1_sw0.30_x-1_i0136.h5,1,3.000000000e-01,-1,9.308828552e-01,main,true,fall,178
/mnt/pd/tema1/new/results/ml_samples/N1_sw0.30_x-1_i0128.h5,1,3.000000000e-01,-1,9.308828552e-01,main,true,fall,343
/mnt/pd/tema1/new/results/ml_samples/N1_sw0.30_x-1_i0126.h5,1,3.000000000e-01,-1,9.308828552e-01,main,true,fall,507
/mnt/pd/tema1/new/results/ml_samples/N1_sw0.30_x-1_i0134.h5,1,3.000000000e-01,-1,9.308828552e-01,main,true,fall,1147
/mnt/pd/tema1/new/results/ml_samples/N1_sw0.30_x-1_i0112.h5,1,3.000000000e-01,-1,9.308828552e-01,main,true,fall,866
/mnt/pd/tema1/new/results/ml_samples/N1_sw0.30_x-1_i0132.h5,1,3.000000000e-01,-1,9.308828552e-01,main,true,fall,519
/mnt/pd/tema1/new/results/ml_samples/N1_sw0.30_x-1_i0164.h5,1,3.000000000e-01,-1,9.308828552e-01,main,true,fall,328
/mnt/pd/tema1/new/results/ml_samples/N1_sw0.30_x-1_i0150.h5,1,3.000000000e-01,-1,9.308828552e-01,main,true,fall,161
/mnt/pd/tema1/new/results/ml_samples/N1_sw0.30_x-1_i0156.h5,1,3.000000000e-01,-1,9.308828552e-01,main,true,fall,75
/mnt/pd/tema1/new/results/ml_samples/N1_sw0.30_x-1_i0152.h5,1,3.000000000e-01,-1,9.308828552e-01,main,true,fall,212
/mnt/pd/tema1/new/results/ml_samples/N1_sw0.30_x-1_i0140.h5,1,3.000000000e-01,-1,9.308828552e-01,main,true,fall,257
/mnt/pd/tema1/new/results/ml_samples/N1_sw0.30_x-1_i0158.h5,1,3.000000000e-01,-1,9.308828552e-01,main,true,fall,124
/mnt/pd/tema1/new/results/ml_samples/N1_sw0.30_x-1_i0138.h5,1,3.000000000e-01,-1,9.308828552e-01,main,true,fall,610
/mnt/pd/tema1/new/results/ml_samples/N1_sw0.30_x-1_i0118.h5,1,3.000000000e-01,-1,9.308828552e-01,main,true,fall,459
/mnt/pd/tema1/new/results/ml_samples/N1_sw0.30_x-1_i0144.h5,1,3.000000000e-01,-1,9.308828552e-01,main,true,fall,438
/mnt/pd/tema1/new/results/ml_samples/N1_sw0.30_x-1_i0176.h5,1,3.000000000e-01,-1,9.308828552e-01,main,true,fall,95
/mnt/pd/tema1/new/results/ml_samples/N1_sw0.30_x-1_i0084.h5,1,3.000000000e-01,-1,9.308828552e-01,main,true,fall,1715
/mnt/pd/tema1/new/results/ml_samples/N1_sw0.30_x-1_i0100.h5,1,3.000000000e-01,-1,9.308828552e-01,main,true,fall,1273
/mnt/pd/tema1/new/results/ml_samples/N1_sw0.30_x-1_i0162.h5,1,3.000000000e-01,-1,9.308828552e-01,main,true,fall,267
/mnt/pd/tema1/new/results/ml_samples/N1_sw0.30_x-1_i0170.h5,1,3.000000000e-01,-1,9.308828552e-01,main,true,fall,195
/mnt/pd/tema1/new/results/ml_samples/N1_sw0.30_x-1_i0154.h5,1,3.000000000e-01,-1,9.308828552e-01,main,true,fall,542
/mnt/pd/tema1/new/results/ml_samples/N1_sw0.30_x-1_i0146.h5,1,3.000000000e-01,-1,9.308828552e-01,main,true,fall,154
/mnt/pd/tema1/new/results/ml_samples/N1_sw0.30_x-1_i0174.h5,1,3.000000000e-01,-1,9.308828552e-01,main,true,fall,123
/mnt/pd/tema1/new/results/ml_samples/N1_sw0.30_x-1_i0168.h5,1,3.000000000e-01,-1,9.308828552e-01,main,true,fall,312
/mnt/pd/tema1/new/results/ml_samples/N1_sw0.30_x-1_i0086.h5,1,3.000000000e-01,-1,9.308828552e-01,main,true,rise,1885
/mnt/pd/tema1/new/results/ml_samples/N1_sw0.30_x-1_i0180.h5,1,3.000000000e-01,-1,9.308828552e-01,main,true,fall,107
/mnt/pd/tema1/new/results/ml_samples/N1_sw0.30_x-1_i0172.h5,1,3.000000000e-01,-1,9.308828552e-01,main,true,fall,268
/mnt/pd/tema1/new/results/ml_samples/N1_sw0.30_x-1_i0142.h5,1,3.000000000e-01,-1,9.308828552e-01,main,true,fall,875
/mnt/pd/tema1/new/results/ml_samples/N1_sw0.30_x-1_i0186.h5,1,3.000000000e-01,-1,9.308828552e-01,main,true,fall,205
/mnt/pd/tema1/new/results/ml_samples/N1_sw0.30_x-1_i0190.h5,1,3.000000000e-01,-1,9.308828552e-01,main,true,fall,225
/mnt/pd/tema1/new/results/ml_samples/N1_sw0.30_x-2_i0000.h5,1,3.000000000e-01,-2,8.617657105e-01,main,true,fall,408
/mnt/pd/tema1/new/results/ml_samples/N1_sw0.30_x-1_i0178.h5,1,3.000000000e-01,-1,9.308828552e-01,main,true,fall,344
/mnt/pd/tema1/new/results/ml_samples/N1_sw0.30_x-1_i0166.h5,1,3.000000000e-01,-1,9.308828552e-01,main,true,fall,881
/mnt/pd/tema1/new/results/ml_samples/N1_sw0.30_x-1_i0188.h5,1,3.000000000e-01,-1,9.308828552e-01,main,true,fall,525
/mnt/pd/tema1/new/results/ml_samples/N1_sw0.30_x-1_i0148.h5,1,3.000000000e-01,-1,9.308828552e-01,main,true,fall,773
/mnt/pd/tema1/new/results/ml_samples/N1_sw0.30_x-2_i0004.h5,1,3.000000000e-01,-2,8.617657105e-01,main,true,fall,154
/mnt/pd/tema1/new/results/ml_samples/N1_sw0.30_x-1_i0094.h5,1,3.000000000e-01,-1,9.308828552e-01,main,true,fall,2155
/mnt/pd/tema1/new/results/ml_samples/N1_sw0.30_x-1_i0194.h5,1,3.000000000e-01,-1,9.308828552e-01,main,true,fall,489
/mnt/pd/tema1/new/results/ml_samples/N1_sw0.30_x-2_i0018.h5,1,3.000000000e-01,-2,8.617657105e-01,main,true,fall,166
/mnt/pd/tema1/new/results/ml_samples/N1_sw0.30_x-2_i0016.h5,1,3.000000000e-01,-2,8.617657105e-01,main,true,fall,301
/mnt/pd/tema1/new/results/ml_samples/N1_sw0.30_x-1_i0198.h5,1,3.000000000e-01,-1,9.308828552e-01,main,true,fall,549
/mnt/pd/tema1/new/results/ml_samples/N1_sw0.30_x-2_i0012.h5,1,3.000000000e-01,-2,8.617657105e-01,main,true,fall,351
/mnt/pd/tema1/new/results/ml_samples/N1_sw0.30_x-1_i0196.h5,1,3.000000000e-01,-1,9.308828552e-01,main,true,rise,634
/mnt/pd/tema1/new/results/ml_samples/N1_sw0.30_x-2_i0010.h5,1,3.000000000e-01,-2,8.617657105e-01,main,true,fall,444
/mnt/pd/tema1/new/results/ml_samples/N1_sw0.30_x-2_i0008.h5,1,3.000000000e-01,-2,8.617657105e-01,main,true,fall,457
/mnt/pd/tema1/new/results/ml_samples/N1_sw0.30_x-2_i0006.h5,1,3.000000000e-01,-2,8.617657105e-01,main,true,fall,86
/mnt/pd/tema1/new/results/ml_samples/N1_sw0.30_x-2_i0022.h5,1,3.000000000e-01,-2,8.617657105e-01,main,true,fall,379
/mnt/pd/tema1/new/results/ml_samples/N1_sw0.30_x-2_i0024.h5,1,3.000000000e-01,-2,8.617657105e-01,main,true,fall,186
/mnt/pd/tema1/new/results/ml_samples/N1_sw0.30_x-2_i0002.h5,1,3.000000000e-01,-2,8.617657105e-01,main,true,fall,206
/mnt/pd/tema1/new/results/ml_samples/N1_sw0.30_x-1_i0184.h5,1,3.000000000e-01,-1,9.308828552e-01,main,true,fall,491
/mnt/pd/tema1/new/results/ml_samples/N1_sw0.30_x-1_i0130.h5,1,3.000000000e-01,-1,9.308828552e-01,main,true,fall,1628
/mnt/pd/tema1/new/results/ml_samples/N1_sw0.30_x-2_i0026.h5,1,3.000000000e-01,-2,8.617657105e-01,main,true,fall,308
/mnt/pd/tema1/new/results/ml_samples/N1_sw0.30_x-1_i0192.h5,1,3.000000000e-01,-1,9.308828552e-01,main,true,fall,865
/mnt/pd/tema1/new/results/ml_samples/N1_sw0.30_x-2_i0034.h5,1,3.000000000e-01,-2,8.617657105e-01,main,true,fall,122
/mnt/pd/tema1/new/results/ml_samples/N1_sw0.30_x-2_i0020.h5,1,3.000000000e-01,-2,8.617657105e-01,main,true,fall,502
/mnt/pd/tema1/new/results/ml_samples/N1_sw0.30_x-2_i0030.h5,1,3.000000000e-01,-2,8.617657105e-01,main,true,fall,303
/mnt/pd/tema1/new/results/ml_samples/N1_sw0.30_x-1_i0160.h5,1,3.000000000e-01,-1,9.308828552e-01,main,true,fall,1178
/mnt/pd/tema1/new/results/ml_samples/N1_sw0.30_x-2_i0038.h5,1,3.000000000e-01,-2,8.617657105e-01,main,true,fall,224
/mnt/pd/tema1/new/results/ml_samples/N1_sw0.30_x-2_i0032.h5,1,3.000000000e-01,-2,8.617657105e-01,main,true,fall,380
/mnt/pd/tema1/new/results/ml_samples/N1_sw0.30_x-2_i0042.h5,1,3.000000000e-01,-2,8.617657105e-01,main,true,fall,216
/mnt/pd/tema1/new/results/ml_samples/N1_sw0.30_x-2_i0046.h5,1,3.000000000e-01,-2,8.617657105e-01,main,true,fall,174
/mnt/pd/tema1/new/results/ml_samples/N1_sw0.30_x-2_i0052.h5,1,3.000000000e-01,-2,8.617657105e-01,main,true,fall,93
/mnt/pd/tema1/new/results/ml_samples/N1_sw0.30_x-2_i0028.h5,1,3.000000000e-01,-2,8.617657105e-01,main,true,fall,160
/mnt/pd/tema1/new/results/ml_samples/N1_sw0.30_x-2_i0036.h5,1,3.000000000e-01,-2,8.617657105e-01,main,true,fall,365
/mnt/pd/tema1/new/results/ml_samples/N1_sw0.30_x-2_i0054.h5,1,3.000000000e-01,-2,8.617657105e-01,main,true,fall,203
/mnt/pd/tema1/new/results/ml_samples/N1_sw0.30_x-2_i0066.h5,1,3.000000000e-01,-2,8.617657105e-01,main,true,fall,103
/mnt/pd/tema1/new/results/ml_samples/N1_sw0.30_x-2_i0080.h5,1,3.000000000e-01,-2,8.617657105e-01,main,true,fall,181
/mnt/pd/tema1/new/results/ml_samples/N1_sw0.30_x-2_i0060.h5,1,3.000000000e-01,-2,8.617657105e-01,main,true,fall,281
/mnt/pd/tema1/new/results/ml_samples/N1_sw0.30_x-2_i0056.h5,1,3.000000000e-01,-2,8.617657105e-01,main,true,fall,260
/mnt/pd/tema1/new/results/ml_samples/N1_sw0.30_x-2_i0040.h5,1,3.000000000e-01,-2,8.617657105e-01,main,true,fall,170
/mnt/pd/tema1/new/results/ml_samples/N1_sw0.30_x-2_i0064.h5,1,3.000000000e-01,-2,8.617657105e-01,main,true,fall,158
/mnt/pd/tema1/new/results/ml_samples/N1_sw0.30_x-2_i0078.h5,1,3.000000000e-01,-2,8.617657105e-01,main,true,fall,148
/mnt/pd/tema1/new/results/ml_samples/N1_sw0.30_x-2_i0076.h5,1,3.000000000e-01,-2,8.617657105e-01,main,true,fall,123
/mnt/pd/tema1/new/results/ml_samples/N1_sw0.30_x-2_i0072.h5,1,3.000000000e-01,-2,8.617657105e-01,main,true,fall,170
/mnt/pd/tema1/new/results/ml_samples/N1_sw0.30_x-2_i0082.h5,1,3.000000000e-01,-2,8.617657105e-01,main,true,fall,122
/mnt/pd/tema1/new/results/ml_samples/N1_sw0.30_x-2_i0048.h5,1,3.000000000e-01,-2,8.617657105e-01,main,true,fall,160
/mnt/pd/tema1/new/results/ml_samples/N1_sw0.30_x-1_i0182.h5,1,3.000000000e-01,-1,9.308828552e-01,main,true,rise,3840
/mnt/pd/tema1/new/results/ml_samples/N1_sw0.30_x-2_i0050.h5,1,3.000000000e-01,-2,8.617657105e-01,main,true,fall,615
/mnt/pd/tema1/new/results/ml_samples/N1_sw0.30_x-2_i0014.h5,1,3.000000000e-01,-2,8.617657105e-01,main,true,fall,1054
/mnt/pd/tema1/new/results/ml_samples/N1_sw0.30_x-2_i0084.h5,1,3.000000000e-01,-2,8.617657105e-01,main,true,fall,165
/mnt/pd/tema1/new/results/ml_samples/N1_sw0.30_x-2_i0058.h5,1,3.000000000e-01,-2,8.617657105e-01,main,true,fall,107
/mnt/pd/tema1/new/results/ml_samples/N1_sw0.30_x-2_i0086.h5,1,3.000000000e-01,-2,8.617657105e-01,main,true,fall,234
/mnt/pd/tema1/new/results/ml_samples/N1_sw0.30_x-2_i0044.h5,1,3.000000000e-01,-2,8.617657105e-01,main,true,fall,290
/mnt/pd/tema1/new/results/ml_samples/N1_sw0.30_x-4_i0002.h5,1,3.000000000e-01,-4,7.235314210e-01,main,true,fall,201
/mnt/pd/tema1/new/results/ml_samples/N1_sw0.30_x-2_i0092.h5,1,3.000000000e-01,-2,8.617657105e-01,main,true,fall,156
/mnt/pd/tema1/new/results/ml_samples/N1_sw0.30_x-2_i0088.h5,1,3.000000000e-01,-2,8.617657105e-01,main,true,fall,378
/mnt/pd/tema1/new/results/ml_samples/N1_sw0.30_x-2_i0094.h5,1,3.000000000e-01,-2,8.617657105e-01,main,true,fall,266
/mnt/pd/tema1/new/results/ml_samples/N1_sw0.30_x-4_i0000.h5,1,3.000000000e-01,-4,7.235314210e-01,main,true,fall,62
/mnt/pd/tema1/new/results/ml_samples/N1_sw0.30_x-2_i0074.h5,1,3.000000000e-01,-2,8.617657105e-01,main,true,fall,133
/mnt/pd/tema1/new/results/ml_samples/N1_sw0.30_x-2_i0070.h5,1,3.000000000e-01,-2,8.617657105e-01,main,true,fall,662
/mnt/pd/tema1/new/results/ml_samples/N1_sw0.30_x-4_i0004.h5,1,3.000000000e-01,-4,7.235314210e-01,main,true,fall,114
/mnt/pd/tema1/new/results/ml_samples/N1_sw0.30_x-4_i0022.h5,1,3.000000000e-01,-4,7.235314210e-01,main,true,fall,133
/mnt/pd/tema1/new/results/ml_samples/N1_sw0.30_x-4_i0006.h5,1,3.000000000e-01,-4,7.235314210e-01,main,true,fall,128
/mnt/pd/tema1/new/results/ml_samples/N1_sw0.30_x-2_i0098.h5,1,3.000000000e-01,-2,8.617657105e-01,main,true,fall,267
/mnt/pd/tema1/new/results/ml_samples/N1_sw0.30_x-4_i0012.h5,1,3.000000000e-01,-4,7.235314210e-01,main,true,fall,121
/mnt/pd/tema1/new/results/ml_samples/N1_sw0.30_x-4_i0008.h5,1,3.000000000e-01,-4,7.235314210e-01,main,true,fall,141
/mnt/pd/tema1/new/results/ml_samples/N1_sw0.30_x-4_i0018.h5,1,3.000000000e-01,-4,7.235314210e-01,main,true,fall,123
/mnt/pd/tema1/new/results/ml_samples/N1_sw0.30_x-4_i0020.h5,1,3.000000000e-01,-4,7.235314210e-01,main,true,fall,102
/mnt/pd/tema1/new/results/ml_samples/N1_sw0.30_x-2_i0090.h5,1,3.000000000e-01,-2,8.617657105e-01,main,true,fall,125
/mnt/pd/tema1/new/results/ml_samples/N1_sw0.30_x-4_i0036.h5,1,3.000000000e-01,-4,7.235314210e-01,main,true,fall,267
/mnt/pd/tema1/new/results/ml_samples/N1_sw0.30_x-4_i0016.h5,1,3.000000000e-01,-4,7.235314210e-01,main,true,fall,235
/mnt/pd/tema1/new/results/ml_samples/N1_sw0.30_x-2_i0068.h5,1,3.000000000e-01,-2,8.617657105e-01,main,true,fall,996
/mnt/pd/tema1/new/results/ml_samples/N1_sw0.30_x-4_i0030.h5,1,3.000000000e-01,-4,7.235314210e-01,main,true,fall,108
/mnt/pd/tema1/new/results/ml_samples/N1_sw0.30_x-4_i0028.h5,1,3.000000000e-01,-4,7.235314210e-01,main,true,fall,90
/mnt/pd/tema1/new/results/ml_samples/N1_sw0.30_x-4_i0038.h5,1,3.000000000e-01,-4,7.235314210e-01,main,true,fall,122
/mnt/pd/tema1/new/results/ml_samples/N1_sw0.30_x-4_i0032.h5,1,3.000000000e-01,-4,7.235314210e-01,main,true,fall,202
/mnt/pd/tema1/new/results/ml_samples/N1_sw0.30_x-4_i0052.h5,1,3.000000000e-01,-4,7.235314210e-01,main,true,fall,261
/mnt/pd/tema1/new/results/ml_samples/N1_sw0.30_x-4_i0042.h5,1,3.000000000e-01,-4,7.235314210e-01,main,true,fall,90
/mnt/pd/tema1/new/results/ml_samples/N1_sw0.30_x-4_i0026.h5,1,3.000000000e-01,-4,7.235314210e-01,main,true,fall,225
/mnt/pd/tema1/new/results/ml_samples/N1_sw0.30_x-4_i0034.h5,1,3.000000000e-01,-4,7.235314210e-01,main,true,fall,284
/mnt/pd/tema1/new/results/ml_samples/N1_sw0.30_x-4_i0046.h5,1,3.000000000e-01,-4,7.235314210e-01,main,true,fall,123
/mnt/pd/tema1/new/results/ml_samples/N1_sw0.30_x-4_i0048.h5,1,3.000000000e-01,-4,7.235314210e-01,main,true,fall,91
/mnt/pd/tema1/new/results/ml_samples/N1_sw0.30_x-4_i0014.h5,1,3.000000000e-01,-4,7.235314210e-01,main,true,fall,109
/mnt/pd/tema1/new/results/ml_samples/N1_sw0.30_x-4_i0050.h5,1,3.000000000e-01,-4,7.235314210e-01,main,true,fall,136
/mnt/pd/tema1/new/results/ml_samples/N1_sw0.30_x-2_i0096.h5,1,3.000000000e-01,-2,8.617657105e-01,main,true,fall,360
/mnt/pd/tema1/new/results/ml_samples/N1_sw0.30_x-4_i0010.h5,1,3.000000000e-01,-4,7.235314210e-01,main,true,fall,137
/mnt/pd/tema1/new/results/ml_samples/N1_sw0.30_x-4_i0068.h5,1,3.000000000e-01,-4,7.235314210e-01,main,true,fall,78
/mnt/pd/tema1/new/results/ml_samples/N1_sw0.30_x-4_i0044.h5,1,3.000000000e-01,-4,7.235314210e-01,main,true,fall,116
/mnt/pd/tema1/new/results/ml_samples/N1_sw0.30_x-4_i0060.h5,1,3.000000000e-01,-4,7.235314210e-01,main,true,fall,117
/mnt/pd/tema1/new/results/ml_samples/N1_sw0.30_x-4_i0056.h5,1,3.000000000e-01,-4,7.235314210e-01,main,true,fall,173
/mnt/pd/tema1/new/results/ml_samples/N1_sw0.30_x-4_i0066.h5,1,3.000000000e-01,-4,7.235314210e-01,main,true,fall,92
/mnt/pd/tema1/new/results/ml_samples/N1_sw0.30_x-4_i0062.h5,1,3.000000000e-01,-4,7.235314210e-01,main,true,fall,139
/mnt/pd/tema1/new/results/ml_samples/N1_sw0.30_x-2_i0062.h5,1,3.000000000e-01,-2,8.617657105e-01,main,true,fall,1158
/mnt/pd/tema1/new/results/ml_samples/N1_sw0.30_x-4_i0074.h5,1,3.000000000e-01,-4,7.235314210e-01,main,true,fall,78
/mnt/pd/tema1/new/results/ml_samples/N1_sw0.30_x-4_i0072.h5,1,3.000000000e-01,-4,7.235314210e-01,main,true,fall,80
/mnt/pd/tema1/new/results/ml_samples/N1_sw0.30_x-4_i0024.h5,1,3.000000000e-01,-4,7.235314210e-01,main,true,fall,150
/mnt/pd/tema1/new/results/ml_samples/N1_sw0.30_x-4_i0076.h5,1,3.000000000e-01,-4,7.235314210e-01,main,true,fall,76
/mnt/pd/tema1/new/results/ml_samples/N1_sw0.30_x-4_i0064.h5,1,3.000000000e-01,-4,7.235314210e-01,main,true,fall,294
/mnt/pd/tema1/new/results/ml_samples/N1_sw0.30_x-4_i0040.h5,1,3.000000000e-01,-4,7.235314210e-01,main,true,fall,122
/mnt/pd/tema1/new/results/ml_samples/N1_sw0.30_x-4_i0078.h5,1,3.000000000e-01,-4,7.235314210e-01,main,true,fall,120
/mnt/pd/tema1/new/results/ml_samples/N1_sw0.30_x-4_i0084.h5,1,3.000000000e-01,-4,7.235314210e-01,main,true,fall,130
/mnt/pd/tema1/new/results/ml_samples/N1_sw0.30_x-4_i0054.h5,1,3.000000000e-01,-4,7.235314210e-01,main,true,fall,107
/mnt/pd/tema1/new/results/ml_samples/N1_sw0.30_x-4_i0090.h5,1,3.000000000e-01,-4,7.235314210e-01,main,true,fall,72
/mnt/pd/tema1/new/results/ml_samples/N1_sw0.30_x-4_i0086.h5,1,3.000000000e-01,-4,7.235314210e-01,main,true,fall,121
/mnt/pd/tema1/new/results/ml_samples/N1_sw0.30_x-4_i0088.h5,1,3.000000000e-01,-4,7.235314210e-01,main,true,fall,92
/mnt/pd/tema1/new/results/ml_samples/N1_sw0.30_x-4_i0058.h5,1,3.000000000e-01,-4,7.235314210e-01,main,true,fall,97
/mnt/pd/tema1/new/results/ml_samples/N1_sw0.30_x-4_i0082.h5,1,3.000000000e-01,-4,7.235314210e-01,main,true,fall,92
/mnt/pd/tema1/new/results/ml_samples/N1_sw0.30_x-4_i0094.h5,1,3.000000000e-01,-4,7.235314210e-01,main,true,fall,99
/mnt/pd/tema1/new/results/ml_samples/N1_sw0.30_x-4_i0092.h5,1,3.000000000e-01,-4,7.235314210e-01,main,true,fall,101
/mnt/pd/tema1/new/results/ml_samples/N1_sw0.30_x-4_i0096.h5,1,3.000000000e-01,-4,7.235314210e-01,main,true,fall,108
/mnt/pd/tema1/new/results/ml_samples/N1_sw0.30_x-4_i0098.h5,1,3.000000000e-01,-4,7.235314210e-01,main,true,fall,84
/mnt/pd/tema1/new/results/ml_samples/N1_sw0.30_x-4_i0070.h5,1,3.000000000e-01,-4,7.235314210e-01,main,true,fall,117
/mnt/pd/tema1/new/results/ml_samples/N1_sw0.30_x-4_i0080.h5,1,3.000000000e-01,-4,7.235314210e-01,main,true,fall,110
/mnt/pd/tema1/new/results/ml_samples/N2_sw0.15_x+0_i0042.h5,2,1.500000000e-01,0,1.000000000e+00,main,true,fall,293
/mnt/pd/tema1/new/results/ml_samples/N2_sw0.15_x+0_i0012.h5,2,1.500000000e-01,0,1.000000000e+00,main,true,fall,337
/mnt/pd/tema1/new/results/ml_samples/N2_sw0.15_x+0_i0046.h5,2,1.500000000e-01,0,1.000000000e+00,main,true,fall,241
/mnt/pd/tema1/new/results/ml_samples/N2_sw0.15_x+0_i0056.h5,2,1.500000000e-01,0,1.000000000e+00,main,true,fall,156
/mnt/pd/tema1/new/results/ml_samples/N2_sw0.15_x+0_i0010.h5,2,1.500000000e-01,0,1.000000000e+00,main,true,fall,419
/mnt/pd/tema1/new/results/ml_samples/N2_sw0.15_x+0_i0008.h5,2,1.500000000e-01,0,1.000000000e+00,main,true,fall,472
/mnt/pd/tema1/new/results/ml_samples/N2_sw0.15_x+0_i0028.h5,2,1.500000000e-01,0,1.000000000e+00,main,true,fall,269
/mnt/pd/tema1/new/results/ml_samples/N2_sw0.15_x+0_i0050.h5,2,1.500000000e-01,0,1.000000000e+00,main,true,fall,412
/mnt/pd/tema1/new/results/ml_samples/N2_sw0.15_x+0_i0054.h5,2,1.500000000e-01,0,1.000000000e+00,main,true,fall,358
/mnt/pd/tema1/new/results/ml_samples/N2_sw0.15_x+0_i0048.h5,2,1.500000000e-01,0,1.000000000e+00,main,true,fall,658
/mnt/pd/tema1/new/results/ml_samples/N2_sw0.15_x+0_i0014.h5,2,1.500000000e-01,0,1.000000000e+00,main,true,rise,789
/mnt/pd/tema1/new/results/ml_samples/N2_sw0.15_x+0_i0030.h5,2,1.500000000e-01,0,1.000000000e+00,main,true,fall,765
/mnt/pd/tema1/new/results/ml_samples/N2_sw0.15_x+0_i0060.h5,2,1.500000000e-01,0,1.000000000e+00,main,true,fall,358
/mnt/pd/tema1/new/results/ml_samples/N2_sw0.15_x+0_i0018.h5,2,1.500000000e-01,0,1.000000000e+00,main,true,fall,964
/mnt/pd/tema1/new/results/ml_samples/N2_sw0.15_x+0_i0038.h5,2,1.500000000e-01,0,1.000000000e+00,main,true,fall,851
/mnt/pd/tema1/new/results/ml_samples/N2_sw0.15_x+0_i0022.h5,2,1.500000000e-01,0,1.000000000e+00,main,true,fall,1057
/mnt/pd/tema1/new/results/ml_samples/N2_sw0.15_x+0_i0034.h5,2,1.500000000e-01,0,1.000000000e+00,main,true,fall,1105
/mnt/pd/tema1/new/results/ml_samples/N2_sw0.15_x+0_i0000.h5,2,1.500000000e-01,0,1.000000000e+00,main,true,fall,1322
/mnt/pd/tema1/new/results/ml_samples/N2_sw0.15_x+0_i0032.h5,2,1.500000000e-01,0,1.000000000e+00,main,true,fall,1177
/mnt/pd/tema1/new/results/ml_samples/N2_sw0.15_x+0_i0044.h5,2,1.500000000e-01,0,1.000000000e+00,main,true,rise,1210
/mnt/pd/tema1/new/results/ml_samples/N2_sw0.15_x+0_i0074.h5,2,1.500000000e-01,0,1.000000000e+00,main,true,fall,236
/mnt/pd/tema1/new/results/ml_samples/N2_sw0.15_x+0_i0004.h5,2,1.500000000e-01,0,1.000000000e+00,main,true,rise,1480
/mnt/pd/tema1/new/results/ml_samples/N2_sw0.15_x+0_i0066.h5,2,1.500000000e-01,0,1.000000000e+00,main,true,rise,698
/mnt/pd/tema1/new/results/ml_samples/N2_sw0.15_x+0_i0062.h5,2,1.500000000e-01,0,1.000000000e+00,main,true,rise,1599
/mnt/pd/tema1/new/results/ml_samples/N2_sw0.15_x+0_i0002.h5,2,1.500000000e-01,0,1.000000000e+00,main,true,fall,2629
/mnt/pd/tema1/new/results/ml_samples/N2_sw0.15_x+0_i0026.h5,2,1.500000000e-01,0,1.000000000e+00,main,true,rise,1660
/mnt/pd/tema1/new/results/ml_samples/N2_sw0.15_x+0_i0064.h5,2,1.500000000e-01,0,1.000000000e+00,main,true,rise,1348
/mnt/pd/tema1/new/results/ml_samples/N2_sw0.15_x+0_i0016.h5,2,1.500000000e-01,0,1.000000000e+00,main,true,fall,1928
/mnt/pd/tema1/new/results/ml_samples/N2_sw0.15_x+0_i0106.h5,2,1.500000000e-01,0,1.000000000e+00,main,true,fall,173
/mnt/pd/tema1/new/results/ml_samples/N2_sw0.15_x+0_i0082.h5,2,1.500000000e-01,0,1.000000000e+00,main,true,fall,1035
/mnt/pd/tema1/new/results/ml_samples/N2_sw0.15_x+0_i0086.h5,2,1.500000000e-01,0,1.000000000e+00,main,true,rise,872
/mnt/pd/tema1/new/results/ml_samples/N2_sw0.15_x+0_i0078.h5,2,1.500000000e-01,0,1.000000000e+00,main,true,rise,1396
/mnt/pd/tema1/new/results/ml_samples/N2_sw0.15_x+0_i0114.h5,2,1.500000000e-01,0,1.000000000e+00,main,true,fall,245
/mnt/pd/tema1/new/results/ml_samples/N2_sw0.15_x+0_i0058.h5,2,1.500000000e-01,0,1.000000000e+00,main,true,fall,2272
/mnt/pd/tema1/new/results/ml_samples/N2_sw0.15_x+0_i0098.h5,2,1.500000000e-01,0,1.000000000e+00,main,true,fall,1240
/mnt/pd/tema1/new/results/ml_samples/N2_sw0.15_x+0_i0104.h5,2,1.500000000e-01,0,1.000000000e+00,main,true,fall,1772
/mnt/pd/tema1/new/results/ml_samples/N2_sw0.15_x+0_i0070.h5,2,1.500000000e-01,0,1.000000000e+00,main,true,fall,2204
/mnt/pd/tema1/new/results/ml_samples/N2_sw0.15_x+0_i0118.h5,2,1.500000000e-01,0,1.000000000e+00,main,true,fall,301
/mnt/pd/tema1/new/results/ml_samples/N2_sw0.15_x+0_i0020.h5,2,1.500000000e-01,0,1.000000000e+00,main,true,rise,3112
/mnt/pd/tema1/new/results/ml_samples/N2_sw0.15_x+0_i0080.h5,2,1.500000000e-01,0,1.000000000e+00,main,true,fall,1966
/mnt/pd/tema1/new/results/ml_samples/N2_sw0.15_x+0_i0006.h5,2,1.500000000e-01,0,1.000000000e+00,main,true,rise,3322
/mnt/pd/tema1/new/results/ml_samples/N2_sw0.15_x+0_i0094.h5,2,1.500000000e-01,0,1.000000000e+00,main,true,fall,1650
/mnt/pd/tema1/new/results/ml_samples/N2_sw0.15_x+0_i0052.h5,2,1.500000000e-01,0,1.000000000e+00,main,true,rise,3160
/mnt/pd/tema1/new/results/ml_samples/N2_sw0.15_x+0_i0096.h5,2,1.500000000e-01,0,1.000000000e+00,main,true,fall,1584
/mnt/pd/tema1/new/results/ml_samples/N2_sw0.15_x+0_i0084.h5,2,1.500000000e-01,0,1.000000000e+00,main,true,rise,2211
/mnt/pd/tema1/new/results/ml_samples/N2_sw0.15_x+0_i0122.h5,2,1.500000000e-01,0,1.000000000e+00,main,true,fall,450
/mnt/pd/tema1/new/results/ml_samples/N2_sw0.15_x+0_i0068.h5,2,1.500000000e-01,0,1.000000000e+00,main,true,rise,2861
/mnt/pd/tema1/new/results/ml_samples/N2_sw0.15_x+0_i0130.h5,2,1.500000000e-01,0,1.000000000e+00,main,true,fall,506
/mnt/pd/tema1/new/results/ml_samples/N2_sw0.15_x+0_i0112.h5,2,1.500000000e-01,0,1.000000000e+00,main,true,fall,1515
/mnt/pd/tema1/new/results/ml_samples/N2_sw0.15_x+0_i0088.h5,2,1.500000000e-01,0,1.000000000e+00,main,true,fall,2395
/mnt/pd/tema1/new/results/ml_samples/N2_sw0.15_x+0_i0102.h5,2,1.500000000e-01,0,1.000000000e+00,main,true,fall,3362
/mnt/pd/tema1/new/results/ml_samples/N2_sw0.15_x+0_i0120.h5,2,1.500000000e-01,0,1.000000000e+00,main,true,fall,825
/mnt/pd/tema1/new/results/ml_samples/N2_sw0.15_x+0_i0146.h5,2,1.500000000e-01,0,1.000000000e+00,main,true,fall,223
/mnt/pd/tema1/new/results/ml_samples/N2_sw0.15_x+0_i0126.h5,2,1.500000000e-01,0,1.000000000e+00,main,true,fall,1090
/mnt/pd/tema1/new/results/ml_samples/N2_sw0.15_x+0_i0140.h5,2,1.500000000e-01,0,1.000000000e+00,main,true,fall,407
/mnt/pd/tema1/new/results/ml_samples/N2_sw0.15_x+0_i0148.h5,2,1.500000000e-01,0,1.000000000e+00,main,true,fall,316
/mnt/pd/tema1/new/results/ml_samples/N2_sw0.15_x+0_i0128.h5,2,1.500000000e-01,0,1.000000000e+00,main,true,fall,982
/mnt/pd/tema1/new/results/ml_samples/N2_sw0.15_x+0_i0158.h5,2,1.500000000e-01,0,1.000000000e+00,main,true,fall,214
/mnt/pd/tema1/new/results/ml_samples/N2_sw0.15_x+0_i0156.h5,2,1.500000000e-01,0,1.000000000e+00,main,true,fall,764
/mnt/pd/tema1/new/results/ml_samples/N2_sw0.15_x+0_i0162.h5,2,1.500000000e-01,0,1.000000000e+00,main,true,rise,673
/mnt/pd/tema1/new/results/ml_samples/N2_sw0.15_x+0_i0136.h5,2,1.500000000e-01,0,1.000000000e+00,main,true,rise,1086
/mnt/pd/tema1/new/results/ml_samples/N2_sw0.15_x+0_i0142.h5,2,1.500000000e-01,0,1.000000000e+00,main,true,rise,1144
/mnt/pd/tema1/new/results/ml_samples/N2_sw0.15_x+0_i0152.h5,2,1.500000000e-01,0,1.000000000e+00,main,true,fall,768
/mnt/pd/tema1/new/results/ml_samples/N2_sw0.15_x+0_i0100.h5,2,1.500000000e-01,0,1.000000000e+00,main,true,rise,2893
/mnt/pd/tema1/new/results/ml_samples/N2_sw0.15_x+0_i0176.h5,2,1.500000000e-01,0,1.000000000e+00,main,true,fall,190
/mnt/pd/tema1/new/results/ml_samples/N2_sw0.15_x+0_i0174.h5,2,1.500000000e-01,0,1.000000000e+00,main,true,fall,458
/mnt/pd/tema1/new/results/ml_samples/N2_sw0.15_x+0_i0178.h5,2,1.500000000e-01,0,1.000000000e+00,main,true,fall,292
/mnt/pd/tema1/new/results/ml_samples/N2_sw0.15_x+0_i0138.h5,2,1.500000000e-01,0,1.000000000e+00,main,true,fall,1629
/mnt/pd/tema1/new/results/ml_samples/N2_sw0.15_x+0_i0166.h5,2,1.500000000e-01,0,1.000000000e+00,main,true,rise,805
/mnt/pd/tema1/new/results/ml_samples/N2_sw0.15_x+0_i0024.h5,2,1.500000000e-01,0,1.000000000e+00,main,true,rise,4955
/mnt/pd/tema1/new/results/ml_samples/N2_sw0.15_x+0_i0132.h5,2,1.500000000e-01,0,1.000000000e+00,main,true,rise,1873
/mnt/pd/tema1/new/results/ml_samples/N2_sw0.15_x+0_i0186.h5,2,1.500000000e-01,0,1.000000000e+00,main,true,fall,286
/mnt/pd/tema1/new/results/ml_samples/N2_sw0.15_x+0_i0036.h5,2,1.500000000e-01,0,1.000000000e+00,main,true,fall,4883
/mnt/pd/tema1/new/results/ml_samples/N2_sw0.15_x+0_i0092.h5,2,1.500000000e-01,0,1.000000000e+00,main,true,fall,3665
/mnt/pd/tema1/new/results/ml_samples/N2_sw0.15_x+0_i0154.h5,2,1.500000000e-01,0,1.000000000e+00,main,true,fall,1343
/mnt/pd/tema1/new/results/ml_samples/N2_sw0.15_x+0_i0076.h5,2,1.500000000e-01,0,1.000000000e+00,main,true,rise,4300
/mnt/pd/tema1/new/results/ml_samples/N2_sw0.15_x+0_i0170.h5,2,1.500000000e-01,0,1.000000000e+00,main,true,fall,1127
/mnt/pd/tema1/new/results/ml_samples/N2_sw0.15_x+0_i0194.h5,2,1.500000000e-01,0,1.000000000e+00,main,true,fall,219
/mnt/pd/tema1/new/results/ml_samples/N2_sw0.15_x+0_i0150.h5,2,1.500000000e-01,0,1.000000000e+00,main,true,rise,1488
/mnt/pd/tema1/new/results/ml_samples/N2_sw0.15_x+0_i0196.h5,2,1.500000000e-01,0,1.000000000e+00,main,true,fall,314
/mnt/pd/tema1/new/results/ml_samples/N2_sw0.15_x+0_i0180.h5,2,1.500000000e-01,0,1.000000000e+00,main,true,rise,827
/mnt/pd/tema1/new/results/ml_samples/N2_sw0.15_x+0_i0182.h5,2,1.500000000e-01,0,1.000000000e+00,main,true,fall,735
/mnt/pd/tema1/new/results/ml_samples/N2_sw0.15_x+0_i0168.h5,2,1.500000000e-01,0,1.000000000e+00,main,true,rise,1410
/mnt/pd/tema1/new/results/ml_samples/N2_sw0.15_x+0_i0172.h5,2,1.500000000e-01,0,1.000000000e+00,main,true,fall,1686
/mnt/pd/tema1/new/results/ml_samples/N2_sw0.15_x+0_i0198.h5,2,1.500000000e-01,0,1.000000000e+00,main,true,rise,908
/mnt/pd/tema1/new/results/ml_samples/N2_sw0.15_x+0_i0090.h5,2,1.500000000e-01,0,1.000000000e+00,main,true,rise,4405
/mnt/pd/tema1/new/results/ml_samples/N2_sw0.15_x+0_i0192.h5,2,1.500000000e-01,0,1.000000000e+00,main,true,fall,638
/mnt/pd/tema1/new/results/ml_samples/N2_sw0.15_x+0_i0188.h5,2,1.500000000e-01,0,1.000000000e+00,main,true,rise,953
/mnt/pd/tema1/new/results/ml_samples/N2_sw0.15_x+1_i0000.h5,2,1.500000000e-01,1,1.066469849e+00,main,true,rise,840
/mnt/pd/tema1/new/results/ml_samples/N2_sw0.15_x+0_i0110.h5,2,1.500000000e-01,0,1.000000000e+00,main,true,fall,3846
/mnt/pd/tema1/new/results/ml_samples/N2_sw0.15_x+1_i0022.h5,2,1.500000000e-01,1,1.066469849e+00,main,true,fall,626
/mnt/pd/tema1/new/results/ml_samples/N2_sw0.15_x+0_i0040.h5,2,1.500000000e-01,0,1.000000000e+00,main,true,timeout,6001
/mnt/pd/tema1/new/results/ml_samples/N2_sw0.15_x+1_i0020.h5,2,1.500000000e-01,1,1.066469849e+00,main,true,fall,379
/mnt/pd/tema1/new/results/ml_samples/N2_sw0.15_x+1_i0018.h5,2,1.500000000e-01,1,1.066469849e+00,main,true,fall,705
/mnt/pd/tema1/new/results/ml_samples/N2_sw0.15_x+1_i0012.h5,2,1.500000000e-01,1,1.066469849e+00,main,true,rise,798
/mnt/pd/tema1/new/results/ml_samples/N2_sw0.15_x+0_i0160.h5,2,1.500000000e-01,0,1.000000000e+00,main,true,fall,2492
/mnt/pd/tema1/new/results/ml_samples/N2_sw0.15_x+1_i0006.h5,2,1.500000000e-01,1,1.066469849e+00,main,true,rise,1071
/mnt/pd/tema1/new/results/ml_samples/N2_sw0.15_x+1_i0028.h5,2,1.500000000e-01,1,1.066469849e+00,main,true,rise,703
/mnt/pd/tema1/new/results/ml_samples/N2_sw0.15_x+0_i0164.h5,2,1.500000000e-01,0,1.000000000e+00,main,true,rise,2930
/mnt/pd/tema1/new/results/ml_samples/N2_sw0.15_x+0_i0072.h5,2,1.500000000e-01,0,1.000000000e+00,main,true,timeout,6001
/mnt/pd/tema1/new/results/ml_samples/N2_sw0.15_x+1_i0044.h5,2,1.500000000e-01,1,1.066469849e+00,main,true,fall,406
/mnt/pd/tema1/new/results/ml_samples/N2_sw0.15_x+1_i0024.h5,2,1.500000000e-01,1,1.066469849e+00,main,true,rise,1735
/mnt/pd/tema1/new/results/ml_samples/N2_sw0.15_x+1_i0032.h5,2,1.500000000e-01,1,1.066469849e+00,main,true,rise,821
/mnt/pd/tema1/new/results/ml_samples/N2_sw0.15_x+1_i0010.h5,2,1.500000000e-01,1,1.066469849e+00,main,true,fall,1489
/mnt/pd/tema1/new/results/ml_samples/N2_sw0.15_x+0_i0108.h5,2,1.500000000e-01,0,1.000000000e+00,main,true,rise,5198
/mnt/pd/tema1/new/results/ml_samples/N2_sw0.15_x+1_i0002.h5,2,1.500000000e-01,1,1.066469849e+00,main,true,rise,1852
/mnt/pd/tema1/new/results/ml_samples/N2_sw0.15_x+1_i0046.h5,2,1.500000000e-01,1,1.066469849e+00,main,true,fall,558
/mnt/pd/tema1/new/results/ml_samples/N2_sw0.15_x+1_i0036.h5,2,1.500000000e-01,1,1.066469849e+00,main,true,rise,1477
/mnt/pd/tema1/new/results/ml_samples/N2_sw0.15_x+1_i0004.h5,2,1.500000000e-01,1,1.066469849e+00,main,true,fall,1717
/mnt/pd/tema1/new/results/ml_samples/N2_sw0.15_x+0_i0184.h5,2,1.500000000e-01,0,1.000000000e+00,main,true,rise,2271
/mnt/pd/tema1/new/results/ml_samples/N2_sw0.15_x+1_i0014.h5,2,1.500000000e-01,1,1.066469849e+00,main,true,rise,1649
/mnt/pd/tema1/new/results/ml_samples/N2_sw0.15_x+1_i0034.h5,2,1.500000000e-01,1,1.066469849e+00,main,true,rise,1439
/mnt/pd/tema1/new/results/ml_samples/N2_sw0.15_x+1_i0008.h5,2,1.500000000e-01,1,1.066469849e+00,main,true,rise,1998
/mnt/pd/tema1/new/results/ml_samples/N2_sw0.15_x+0_i0124.h5,2,1.500000000e-01,0,1.000000000e+00,main,true,rise,4560
/mnt/pd/tema1/new/results/ml_samples/N2_sw0.15_x+1_i0050.h5,2,1.500000000e-01,1,1.066469849e+00,main,true,rise,753
/mnt/pd/tema1/new/results/ml_samples/N2_sw0.15_x+1_i0040.h5,2,1.500000000e-01,1,1.066469849e+00,main,true,rise,1454
/mnt/pd/tema1/new/results/ml_samples/N2_sw0.15_x+1_i0070.h5,2,1.500000000e-01,1,1.066469849e+00,main,true,rise,829
/mnt/pd/tema1/new/results/ml_samples/N2_sw0.15_x+1_i0038.h5,2,1.500000000e-01,1,1.066469849e+00,main,true,rise,1585
/mnt/pd/tema1/new/results/ml_samples/N2_sw0.15_x+1_i0058.h5,2,1.500000000e-01,1,1.066469849e+00,main,true,fall,1171
/mnt/pd/tema1/new/results/ml_samples/N2_sw0.15_x+1_i0064.h5,2,1.500000000e-01,1,1.066469849e+00,main,true,fall,1274
/mnt/pd/tema1/new/results/ml_samples/N2_sw0.15_x+1_i0084.h5,2,1.500000000e-01,1,1.066469849e+00,main,true,rise,426
/mnt/pd/tema1/new/results/ml_samples/N2_sw0.15_x+1_i0052.h5,2,1.500000000e-01,1,1.066469849e+00,main,true,fall,1575
/mnt/pd/tema1/new/results/ml_samples/N2_sw0.15_x+1_i0042.h5,2,1.500000000e-01,1,1.066469849e+00,main,true,rise,2023
/mnt/pd/tema1/new/results/ml_samples/N2_sw0.15_x+1_i0074.h5,2,1.500000000e-01,1,1.066469849e+00,main,true,rise,1114
/mnt/pd/tema1/new/results/ml_samples/N2_sw0.15_x+0_i0116.h5,2,1.500000000e-01,0,1.000000000e+00,main,true,timeout,6001
/mnt/pd/tema1/new/results/ml_samples/N2_sw0.15_x+1_i0016.h5,2,1.500000000e-01,1,1.066469849e+00,main,true,rise,2841
/mnt/pd/tema1/new/results/ml_samples/N2_sw0.15_x+1_i0030.h5,2,1.500000000e-01,1,1.066469849e+00,main,true,rise,2682
/mnt/pd/tema1/new/results/ml_samples/N2_sw0.15_x+1_i0054.h5,2,1.500000000e-01,1,1.066469849e+00,main,true,rise,1817
/mnt/pd/tema1/new/results/ml_samples/N2_sw0.15_x+1_i0080.h5,2,1.500000000e-01,1,1.066469849e+00,main,true,fall,1016
/mnt/pd/tema1/new/results/ml_samples/N2_sw0.15_x+1_i0088.h5,2,1.500000000e-01,1,1.066469849e+00,main,true,fall,1485
/mnt/pd/tema1/new/results/ml_samples/N2_sw0.15_x+1_i0072.h5,2,1.500000000e-01,1,1.066469849e+00,main,true,rise,1521
/mnt/pd/tema1/new/results/ml_samples/N2_sw0.15_x+1_i0048.h5,2,1.500000000e-01,1,1.066469849e+00,main,true,rise,2330
/mnt/pd/tema1/new/results/ml_samples/N2_sw0.15_x+0_i0134.h5,2,1.500000000e-01,0,1.000000000e+00,main,true,rise,5710
/mnt/pd/tema1/new/results/ml_samples/N2_sw0.15_x+0_i0144.h5,2,1.500000000e-01,0,1.000000000e+00,main,true,rise,5373
/mnt/pd/tema1/new/results/ml_samples/N2_sw0.15_x+1_i0068.h5,2,1.500000000e-01,1,1.066469849e+00,main,true,rise,1829
/mnt/pd/tema1/new/results/ml_samples/N2_sw0.15_x+1_i0086.h5,2,1.500000000e-01,1,1.066469849e+00,main,true,rise,1211
/mnt/pd/tema1/new/results/ml_samples/N2_sw0.15_x+1_i0100.h5,2,1.500000000e-01,1,1.066469849e+00,main,true,rise,787
/mnt/pd/tema1/new/results/ml_samples/N2_sw0.15_x+1_i0066.h5,2,1.500000000e-01,1,1.066469849e+00,main,true,rise,2238
/mnt/pd/tema1/new/results/ml_samples/N2_sw0.15_x+1_i0060.h5,2,1.500000000e-01,1,1.066469849e+00,main,true,rise,2288
/mnt/pd/tema1/new/results/ml_samples/N2_sw0.15_x+1_i0102.h5,2,1.500000000e-01,1,1.066469849e+00,main,true,rise,1188
/mnt/pd/tema1/new/results/ml_samples/N2_sw0.15_x+1_i0062.h5,2,1.500000000e-01,1,1.066469849e+00,main,true,fall,2726
/mnt/pd/tema1/new/results/ml_samples/N2_sw0.15_x+1_i0090.h5,2,1.500000000e-01,1,1.066469849e+00,main,true,rise,2074
/mnt/pd/tema1/new/results/ml_samples/N2_sw0.15_x+1_i0110.h5,2,1.500000000e-01,1,1.066469849e+00,main,true,rise,1321
/mnt/pd/tema1/new/results/ml_samples/N2_sw0.15_x+1_i0108.h5,2,1.500000000e-01,1,1.066469849e+00,main,true,rise,1310
/mnt/pd/tema1/new/results/ml_samples/N2_sw0.15_x+1_i0126.h5,2,1.500000000e-01,1,1.066469849e+00,main,true,rise,747
/mnt/pd/tema1/new/results/ml_samples/N2_sw0.15_x+1_i0096.h5,2,1.500000000e-01,1,1.066469849e+00,main,true,rise,1847
/mnt/pd/tema1/new/results/ml_samples/N2_sw0.15_x+1_i0128.h5,2,1.500000000e-01,1,1.066469849e+00,main,true,rise,820
/mnt/pd/tema1/new/results/ml_samples/N2_sw0.15_x+1_i0134.h5,2,1.500000000e-01,1,1.066469849e+00,main,true,rise,661
/mnt/pd/tema1/new/results/ml_samples/N2_sw0.15_x+1_i0104.h5,2,1.500000000e-01,1,1.066469849e+00,main,true,fall,1881
/mnt/pd/tema1/new/results/ml_samples/N2_sw0.15_x+1_i0106.h5,2,1.500000000e-01,1,1.066469849e+00,main,true,rise,1860
/mnt/pd/tema1/new/results/ml_samples/N2_sw0.15_x+1_i0092.h5,2,1.500000000e-01,1,1.066469849e+00,main,true,rise,4131
/mnt/pd/tema1/new/results/ml_samples/N2_sw0.15_x+1_i0122.h5,2,1.500000000e-01,1,1.066469849e+00,main,true,rise,1448
/mnt/pd/tema1/new/results/ml_samples/N2_sw0.15_x+0_i0190.h5,2,1.500000000e-01,0,1.000000000e+00,main,true,timeout,6001
/mnt/pd/tema1/new/results/ml_samples/N2_sw0.15_x+1_i0138.h5,2,1.500000000e-01,1,1.066469849e+00,main,true,rise,875
/mnt/pd/tema1/new/results/ml_samples/N2_sw0.15_x+1_i0136.h5,2,1.500000000e-01,1,1.066469849e+00,main,true,fall,1214
/mnt/pd/tema1/new/results/ml_samples/N2_sw0.15_x+1_i0150.h5,2,1.500000000e-01,1,1.066469849e+00,main,true,rise,652
/mnt/pd/tema1/new/results/ml_samples/N2_sw0.15_x+1_i0076.h5,2,1.500000000e-01,1,1.066469849e+00,main,true,fall,3892
/mnt/pd/tema1/new/results/ml_samples/N2_sw0.15_x+1_i0078.h5,2,1.500000000e-01,1,1.066469849e+00,main,true,rise,3565
/mnt/pd/tema1/new/results/ml_samples/N2_sw0.15_x+1_i0160.h5,2,1.500000000e-01,1,1.066469849e+00,main,true,fall,392
/mnt/pd/tema1/new/results/ml_samples/N2_sw0.15_x+1_i0124.h5,2,1.500000000e-01,1,1.066469849e+00,main,true,rise,2165
/mnt/pd/tema1/new/results/ml_samples/N2_sw0.15_x+1_i0114.h5,2,1.500000000e-01,1,1.066469849e+00,main,true,rise,4076
/mnt/pd/tema1/new/results/ml_samples/N2_sw0.15_x+1_i0144.h5,2,1.500000000e-01,1,1.066469849e+00,main,true,rise,1333
/mnt/pd/tema1/new/results/ml_samples/N2_sw0.15_x+1_i0026.h5,2,1.500000000e-01,1,1.066469849e+00,main,true,rise,5790
/mnt/pd/tema1/new/results/ml_samples/N2_sw0.15_x+1_i0154.h5,2,1.500000000e-01,1,1.066469849e+00,main,true,rise,1114
/mnt/pd/tema1/new/results/ml_samples/N2_sw0.15_x+1_i0170.h5,2,1.500000000e-01,1,1.066469849e+00,main,true,fall,298
/mnt/pd/tema1/new/results/ml_samples/N2_sw0.15_x+1_i0148.h5,2,1.500000000e-01,1,1.066469849e+00,main,true,fall,1162
/mnt/pd/tema1/new/results/ml_samples/N2_sw0.15_x+1_i0162.h5,2,1.500000000e-01,1,1.066469849e+00,main,true,rise,771
/mnt/pd/tema1/new/results/ml_samples/N2_sw0.15_x+1_i0130.h5,2,1.500000000e-01,1,1.066469849e+00,main,true,rise,2300
/mnt/pd/tema1/new/results/ml_samples/N2_sw0.15_x+1_i0176.h5,2,1.500000000e-01,1,1.066469849e+00,main,true,rise,547
/mnt/pd/tema1/new/results/ml_samples/N2_sw0.15_x+1_i0056.h5,2,1.500000000e-01,1,1.066469849e+00,main,true,rise,5360
/mnt/pd/tema1/new/results/ml_samples/N2_sw0.15_x+1_i0116.h5,2,1.500000000e-01,1,1.066469849e+00,main,true,rise,2921
/mnt/pd/tema1/new/results/ml_samples/N2_sw0.15_x+1_i0164.h5,2,1.500000000e-01,1,1.066469849e+00,main,true,rise,689
/mnt/pd/tema1/new/results/ml_samples/N2_sw0.15_x+1_i0166.h5,2,1.500000000e-01,1,1.066469849e+00,main,true,rise,814
/mnt/pd/tema1/new/results/ml_samples/N2_sw0.15_x+1_i0098.h5,2,1.500000000e-01,1,1.066469849e+00,main,true,rise,3806
/mnt/pd/tema1/new/results/ml_samples/N2_sw0.15_x+1_i0094.h5,2,1.500000000e-01,1,1.066469849e+00,main,true,rise,3646
/mnt/pd/tema1/new/results/ml_samples/N2_sw0.15_x+1_i0112.h5,2,1.500000000e-01,1,1.066469849e+00,main,true,fall,3607
/mnt/pd/tema1/new/results/ml_samples/N2_sw0.15_x+1_i0140.h5,2,1.500000000e-01,1,1.066469849e+00,main,true,rise,2386
/mnt/pd/tema1/new/results/ml_samples/N2_sw0.15_x+1_i0168.h5,2,1.500000000e-01,1,1.066469849e+00,main,true,rise,1262
/mnt/pd/tema1/new/results/ml_samples/N2_sw0.15_x+1_i0082.h5,2,1.500000000e-01,1,1.066469849e+00,main,true,rise,4951
/mnt/pd/tema1/new/results/ml_samples/N2_sw0.15_x+1_i0182.h5,2,1.500000000e-01,1,1.066469849e+00,main,true,fall,840
/mnt/pd/tema1/new/results/ml_samples/N2_sw0.15_x+1_i0158.h5,2,1.500000000e-01,1,1.066469849e+00,main,true,rise,1740
/mnt/pd/tema1/new/results/ml_samples/N2_sw0.15_x+1_i0118.h5,2,1.500000000e-01,1,1.066469849e+00,main,true,rise,3790
/mnt/pd/tema1/new/results/ml_samples/N2_sw0.15_x+1_i0192.h5,2,1.500000000e-01,1,1.066469849e+00,main,true,rise,967
/mnt/pd/tema1/new/results/ml_samples/N2_sw0.15_x+2_i0002.h5,2,1.500000000e-01,2,1.132939697e+00,main,true,rise,630
/mnt/pd/tema1/new/results/ml_samples/N2_sw0.15_x+1_i0188.h5,2,1.500000000e-01,1,1.066469849e+00,main,true,rise,1059
/mnt/pd/tema1/new/results/ml_samples/N2_sw0.15_x+1_i0152.h5,2,1.500000000e-01,1,1.066469849e+00,main,true,rise,2490
/mnt/pd/tema1/new/results/ml_samples/N2_sw0.15_x+1_i0186.h5,2,1.500000000e-01,1,1.066469849e+00,main,true,rise,1443
/mnt/pd/tema1/new/results/ml_samples/N2_sw0.15_x+1_i0180.h5,2,1.500000000e-01,1,1.066469849e+00,main,true,rise,1460
/mnt/pd/tema1/new/results/ml_samples/N2_sw0.15_x+2_i0004.h5,2,1.500000000e-01,2,1.132939697e+00,main,true,rise,841
/mnt/pd/tema1/new/results/ml_samples/N2_sw0.15_x+2_i0008.h5,2,1.500000000e-01,2,1.132939697e+00,main,true,rise,740
/mnt/pd/tema1/new/results/ml_samples/N2_sw0.15_x+2_i0010.h5,2,1.500000000e-01,2,1.132939697e+00,main,true,rise,644
/mnt/pd/tema1/new/results/ml_samples/N2_sw0.15_x+1_i0156.h5,2,1.500000000e-01,1,1.066469849e+00,main,true,fall,4386
/mnt/pd/tema1/new/results/ml_samples/N2_sw0.15_x+2_i0020.h5,2,1.500000000e-01,2,1.132939697e+00,main,true,rise,990
/mnt/pd/tema1/new/results/ml_samples/N2_sw0.15_x+1_i0142.h5,2,1.500000000e-01,1,1.066469849e+00,main,true,rise,3329
/mnt/pd/tema1/new/results/ml_samples/N2_sw0.15_x+2_i0000.h5,2,1.500000000e-01,2,1.132939697e+00,main,true,rise,1156
/mnt/pd/tema1/new/results/ml_samples/N2_sw0.15_x+1_i0196.h5,2,1.500000000e-01,1,1.066469849e+00,main,true,rise,1410
/mnt/pd/tema1/new/results/ml_samples/N2_sw0.15_x+1_i0146.h5,2,1.500000000e-01,1,1.066469849e+00,main,true,rise,3373
/mnt/pd/tema1/new/results/ml_samples/N2_sw0.15_x+2_i0014.h5,2,1.500000000e-01,2,1.132939697e+00,main,true,rise,898
/mnt/pd/tema1/new/results/ml_samples/N2_sw0.15_x+1_i0184.h5,2,1.500000000e-01,1,1.066469849e+00,main,true,rise,2056
/mnt/pd/tema1/new/results/ml_samples/N2_sw0.15_x+2_i0024.h5,2,1.500000000e-01,2,1.132939697e+00,main,true,rise,730
/mnt/pd/tema1/new/results/ml_samples/N2_sw0.15_x+2_i0026.h5,2,1.500000000e-01,2,1.132939697e+00,main,true,rise,552
/mnt/pd/tema1/new/results/ml_samples/N2_sw0.15_x+1_i0190.h5,2,1.500000000e-01,1,1.066469849e+00,main,true,rise,1849
/mnt/pd/tema1/new/results/ml_samples/N2_sw0.15_x+2_i0038.h5,2,1.500000000e-01,2,1.132939697e+00,main,true,rise,965
/mnt/pd/tema1/new/results/ml_samples/N2_sw0.15_x+2_i0030.h5,2,1.500000000e-01,2,1.132939697e+00,main,true,rise,904
/mnt/pd/tema1/new/results/ml_samples/N2_sw0.15_x+2_i0016.h5,2,1.500000000e-01,2,1.132939697e+00,main,true,rise,1337
/mnt/pd/tema1/new/results/ml_samples/N2_sw0.15_x+2_i0032.h5,2,1.500000000e-01,2,1.132939697e+00,main,true,rise,814
/mnt/pd/tema1/new/results/ml_samples/N2_sw0.15_x+1_i0120.h5,2,1.500000000e-01,1,1.066469849e+00,main,true,rise,5173
/mnt/pd/tema1/new/results/ml_samples/N2_sw0.15_x+1_i0172.h5,2,1.500000000e-01,1,1.066469849e+00,main,true,rise,2647
/mnt/pd/tema1/new/results/ml_samples/N2_sw0.15_x+2_i0034.h5,2,1.500000000e-01,2,1.132939697e+00,main,true,rise,626
/mnt/pd/tema1/new/results/ml_samples/N2_sw0.15_x+1_i0178.h5,2,1.500000000e-01,1,1.066469849e+00,main,true,rise,2432
/mnt/pd/tema1/new/results/ml_samples/N2_sw0.15_x+2_i0036.h5,2,1.500000000e-01,2,1.132939697e+00,main,true,fall,617
/mnt/pd/tema1/new/results/ml_samples/N2_sw0.15_x+2_i0012.h5,2,1.500000000e-01,2,1.132939697e+00,main,true,rise,1640
/mnt/pd/tema1/new/results/ml_samples/N2_sw0.15_x+2_i0018.h5,2,1.500000000e-01,2,1.132939697e+00,main,true,rise,1233
/mnt/pd/tema1/new/results/ml_samples/N2_sw0.15_x+2_i0050.h5,2,1.500000000e-01,2,1.132939697e+00,main,true,rise,668
/mnt/pd/tema1/new/results/ml_samples/N2_sw0.15_x+2_i0022.h5,2,1.500000000e-01,2,1.132939697e+00,main,true,rise,1244
/mnt/pd/tema1/new/results/ml_samples/N2_sw0.15_x+2_i0054.h5,2,1.500000000e-01,2,1.132939697e+00,main,true,rise,453
/mnt/pd/tema1/new/results/ml_samples/N2_sw0.15_x+1_i0132.h5,2,1.500000000e-01,1,1.066469849e+00,main,true,rise,5070
/mnt/pd/tema1/new/results/ml_samples/N2_sw0.15_x+2_i0006.h5,2,1.500000000e-01,2,1.132939697e+00,main,true,rise,2138
/mnt/pd/tema1/new/results/ml_samples/N2_sw0.15_x+2_i0078.h5,2,1.500000000e-01,2,1.132939697e+00,main,true,fall,369
/mnt/pd/tema1/new/results/ml_samples/N2_sw0.15_x+2_i0028.h5,2,1.500000000e-01,2,1.132939697e+00,main,true,rise,1500
/mnt/pd/tema1/new/results/ml_samples/N2_sw0.15_x+2_i0046.h5,2,1.500000000e-01,2,1.132939697e+00,main,true,rise,938
/mnt/pd/tema1/new/results/ml_samples/N2_sw0.15_x+2_i0040.h5,2,1.500000000e-01,2,1.132939697e+00,main,true,rise,1933
/mnt/pd/tema1/new/results/ml_samples/N2_sw0.15_x+2_i0070.h5,2,1.500000000e-01,2,1.132939697e+00,main,true,rise,580
/mnt/pd/tema1/new/results/ml_samples/N2_sw0.15_x+2_i0060.h5,2,1.500000000e-01,2,1.132939697e+00,main,true,rise,1069
/mnt/pd/tema1/new/results/ml_samples/N2_sw0.15_x+2_i0068.h5,2,1.500000000e-01,2,1.132939697e+00,main,true,rise,620
/mnt/pd/tema1/new/results/ml_samples/N2_sw0.15_x+2_i0066.h5,2,1.500000000e-01,2,1.132939697e+00,main,true,fall,535
/mnt/pd/tema1/new/results/ml_samples/N2_sw0.15_x+2_i0074.h5,2,1.500000000e-01,2,1.132939697e+00,main,true,rise,453
/mnt/pd/tema1/new/results/ml_samples/N2_sw0.15_x+2_i0048.h5,2,1.500000000e-01,2,1.132939697e+00,main,true,rise,1339
/mnt/pd/tema1/new/results/ml_samples/N2_sw0.15_x+2_i0056.h5,2,1.500000000e-01,2,1.132939697e+00,main,true,rise,976
/mnt/pd/tema1/new/results/ml_samples/N2_sw0.15_x+2_i0052.h5,2,1.500000000e-01,2,1.132939697e+00,main,true,rise,1130
/mnt/pd/tema1/new/results/ml_samples/N2_sw0.15_x+2_i0064.h5,2,1.500000000e-01,2,1.132939697e+00,main,true,rise,787
/mnt/pd/tema1/new/results/ml_samples/N2_sw0.15_x+2_i0076.h5,2,1.500000000e-01,2,1.132939697e+00,main,true,rise,794
/mnt/pd/tema1/new/results/ml_samples/N2_sw0.15_x+2_i0062.h5,2,1.500000000e-01,2,1.132939697e+00,main,true,rise,740
/mnt/pd/tema1/new/results/ml_samples/N2_sw0.15_x+2_i0044.h5,2,1.500000000e-01,2,1.132939697e+00,main,true,rise,1498
/mnt/pd/tema1/new/results/ml_samples/N2_sw0.15_x+2_i0082.h5,2,1.500000000e-01,2,1.132939697e+00,main,true,rise,589
/mnt/pd/tema1/new/results/ml_samples/N2_sw0.15_x+2_i0042.h5,2,1.500000000e-01,2,1.132939697e+00,main,true,rise,1581
/mnt/pd/tema1/new/results/ml_samples/N2_sw0.15_x+4_i0006.h5,2,1.500000000e-01,4,1.265879394e+00,main,true,rise,614
/mnt/pd/tema1/new/results/ml_samples/N2_sw0.15_x+2_i0092.h5,2,1.500000000e-01,2,1.132939697e+00,main,true,fall,688
/mnt/pd/tema1/new/results/ml_samples/N2_sw0.15_x+4_i0010.h5,2,1.500000000e-01,4,1.265879394e+00,main,true,rise,492
/mnt/pd/tema1/new/results/ml_samples/N2_sw0.15_x+4_i0004.h5,2,1.500000000e-01,4,1.265879394e+00,main,true,rise,624
/mnt/pd/tema1/new/results/ml_samples/N2_sw0.15_x+4_i0016.h5,2,1.500000000e-01,4,1.265879394e+00,main,true,rise,471
/mnt/pd/tema1/new/results/ml_samples/N2_sw0.15_x+2_i0088.h5,2,1.500000000e-01,2,1.132939697e+00,main,true,rise,1041
/mnt/pd/tema1/new/results/ml_samples/N2_sw0.15_x+4_i0012.h5,2,1.500000000e-01,4,1.265879394e+00,main,true,rise,439
/mnt/pd/tema1/new/results/ml_samples/N2_sw0.15_x+4_i0018.h5,2,1.500000000e-01,4,1.265879394e+00,main,true,rise,458
/mnt/pd/tema1/new/results/ml_samples/N2_sw0.15_x+4_i0000.h5,2,1.500000000e-01,4,1.265879394e+00,main,true,rise,799
/mnt/pd/tema1/new/results/ml_samples/N2_sw0.15_x+4_i0020.h5,2,1.500000000e-01,4,1.265879394e+00,main,true,rise,463
/mnt/pd/tema1/new/results/ml_samples/N2_sw0.15_x+2_i0096.h5,2,1.500000000e-01,2,1.132939697e+00,main,true,rise,940
/mnt/pd/tema1/new/results/ml_samples/N2_sw0.15_x+1_i0174.h5,2,1.500000000e-01,1,1.066469849e+00,main,true,rise,3968
/mnt/pd/tema1/new/results/ml_samples/N2_sw0.15_x+4_i0022.h5,2,1.500000000e-01,4,1.265879394e+00,main,true,rise,543
/mnt/pd/tema1/new/results/ml_samples/N2_sw0.15_x+4_i0002.h5,2,1.500000000e-01,4,1.265879394e+00,main,true,rise,1340
/mnt/pd/tema1/new/results/ml_samples/N2_sw0.15_x+2_i0090.h5,2,1.500000000e-01,2,1.132939697e+00,main,true,rise,1117
/mnt/pd/tema1/new/results/ml_samples/N2_sw0.15_x+2_i0072.h5,2,1.500000000e-01,2,1.132939697e+00,main,true,rise,1737
/mnt/pd/tema1/new/results/ml_samples/N2_sw0.15_x+4_i0024.h5,2,1.500000000e-01,4,1.265879394e+00,main,true,rise,436
/mnt/pd/tema1/new/results/ml_samples/N2_sw0.15_x+4_i0026.h5,2,1.500000000e-01,4,1.265879394e+00,main,true,rise,394
/mnt/pd/tema1/new/results/ml_samples/N2_sw0.15_x+4_i0014.h5,2,1.500000000e-01,4,1.265879394e+00,main,true,rise,812
/mnt/pd/tema1/new/results/ml_samples/N2_sw0.15_x+2_i0058.h5,2,1.500000000e-01,2,1.132939697e+00,main,true,rise,2056
/mnt/pd/tema1/new/results/ml_samples/N2_sw0.15_x+1_i0194.h5,2,1.500000000e-01,1,1.066469849e+00,main,true,rise,3883
/mnt/pd/tema1/new/results/ml_samples/N2_sw0.15_x+1_i0198.h5,2,1.500000000e-01,1,1.066469849e+00,main,true,fall,4075
/mnt/pd/tema1/new/results/ml_samples/N2_sw0.15_x+4_i0028.h5,2,1.500000000e-01,4,1.265879394e+00,main,true,rise,425
/mnt/pd/tema1/new/results/ml_samples/N2_sw0.15_x+4_i0046.h5,2,1.500000000e-01,4,1.265879394e+00,main,true,rise,274
/mnt/pd/tema1/new/results/ml_samples/N2_sw0.15_x+4_i0040.h5,2,1.500000000e-01,4,1.265879394e+00,main,true,rise,352
/mnt/pd/tema1/new/results/ml_samples/N2_sw0.15_x+4_i0038.h5,2,1.500000000e-01,4,1.265879394e+00,main,true,rise,484
/mnt/pd/tema1/new/results/ml_samples/N2_sw0.15_x+2_i0098.h5,2,1.500000000e-01,2,1.132939697e+00,main,true,rise,2016
/mnt/pd/tema1/new/results/ml_samples/N2_sw0.15_x+4_i0008.h5,2,1.500000000e-01,4,1.265879394e+00,main,true,rise,1211
/mnt/pd/tema1/new/results/ml_samples/N2_sw0.15_x+4_i0042.h5,2,1.500000000e-01,4,1.265879394e+00,main,true,rise,469
/mnt/pd/tema1/new/results/ml_samples/N2_sw0.15_x+4_i0032.h5,2,1.500000000e-01,4,1.265879394e+00,main,true,rise,414
/mnt/pd/tema1/new/results/ml_samples/N2_sw0.15_x+4_i0050.h5,2,1.500000000e-01,4,1.265879394e+00,main,true,rise,473
/mnt/pd/tema1/new/results/ml_samples/N2_sw0.15_x+4_i0060.h5,2,1.500000000e-01,4,1.265879394e+00,main,true,rise,336
/mnt/pd/tema1/new/results/ml_samples/N2_sw0.15_x+4_i0034.h5,2,1.500000000e-01,4,1.265879394e+00,main,true,rise,681
/mnt/pd/tema1/new/results/ml_samples/N2_sw0.15_x+4_i0052.h5,2,1.500000000e-01,4,1.265879394e+00,main,true,rise,462
/mnt/pd/tema1/new/results/ml_samples/N2_sw0.15_x+2_i0086.h5,2,1.500000000e-01,2,1.132939697e+00,main,true,rise,1828
/mnt/pd/tema1/new/results/ml_samples/N2_sw0.15_x+4_i0044.h5,2,1.500000000e-01,4,1.265879394e+00,main,true,rise,568
/mnt/pd/tema1/new/results/ml_samples/N2_sw0.15_x+4_i0058.h5,2,1.500000000e-01,4,1.265879394e+00,main,true,rise,410
/mnt/pd/tema1/new/results/ml_samples/N2_sw0.15_x+4_i0064.h5,2,1.500000000e-01,4,1.265879394e+00,main,true,rise,357
/mnt/pd/tema1/new/results/ml_samples/N2_sw0.15_x+4_i0036.h5,2,1.500000000e-01,4,1.265879394e+00,main,true,rise,725
/mnt/pd/tema1/new/results/ml_samples/N2_sw0.15_x+4_i0054.h5,2,1.500000000e-01,4,1.265879394e+00,main,true,rise,846
/mnt/pd/tema1/new/results/ml_samples/N2_sw0.15_x+4_i0048.h5,2,1.500000000e-01,4,1.265879394e+00,main,true,rise,542
/mnt/pd/tema1/new/results/ml_samples/N2_sw0.15_x+4_i0066.h5,2,1.500000000e-01,4,1.265879394e+00,main,true,rise,405
/mnt/pd/tema1/new/results/ml_samples/N2_sw0.15_x+4_i0068.h5,2,1.500000000e-01,4,1.265879394e+00,main,true,rise,444
/mnt/pd/tema1/new/results/ml_samples/N2_sw0.15_x+2_i0084.h5,2,1.500000000e-01,2,1.132939697e+00,main,true,rise,2121
/mnt/pd/tema1/new/results/ml_samples/N2_sw0.15_x+4_i0030.h5,2,1.500000000e-01,4,1.265879394e+00,main,true,rise,852
/mnt/pd/tema1/new/results/ml_samples/N2_sw0.15_x+4_i0074.h5,2,1.500000000e-01,4,1.265879394e+00,main,true,rise,490
/mnt/pd/tema1/new/results/ml_samples/N2_sw0.15_x+4_i0080.h5,2,1.500000000e-01,4,1.265879394e+00,main,true,rise,659
/mnt/pd/tema1/new/results/ml_samples/N2_sw0.15_x+4_i0072.h5,2,1.500000000e-01,4,1.265879394e+00,main,true,rise,356
/mnt/pd/tema1/new/results/ml_samples/N2_sw0.15_x+4_i0096.h5,2,1.500000000e-01,4,1.265879394e+00,main,true,rise,293
/mnt/pd/tema1/new/results/ml_samples/N2_sw0.15_x+2_i0094.h5,2,1.500000000e-01,2,1.132939697e+00,main,true,rise,1942
/mnt/pd/tema1/new/results/ml_samples/N2_sw0.15_x+4_i0094.h5,2,1.500000000e-01,4,1.265879394e+00,main,true,rise,327
/mnt/pd/tema1/new/results/ml_samples/N2_sw0.15_x+4_i0056.h5,2,1.500000000e-01,4,1.265879394e+00,main,true,rise,961
/mnt/pd/tema1/new/results/ml_samples/N2_sw0.15_x+4_i0062.h5,2,1.500000000e-01,4,1.265879394e+00,main,true,rise,916
/mnt/pd/tema1/new/results/ml_samples/N2_sw0.15_x-1_i0010.h5,2,1.500000000e-01,-1,9.335301514e-01,main,true,fall,282
/mnt/pd/tema1/new/results/ml_samples/N2_sw0.15_x+4_i0090.h5,2,1.500000000e-01,4,1.265879394e+00,main,true,rise,492
/mnt/pd/tema1/new/results/ml_samples/N2_sw0.15_x-1_i0008.h5,2,1.500000000e-01,-1,9.335301514e-01,main,true,fall,280
/mnt/pd/tema1/new/results/ml_samples/N2_sw0.15_x+4_i0088.h5,2,1.500000000e-01,4,1.265879394e+00,main,true,rise,564
/mnt/pd/tema1/new/results/ml_samples/N2_sw0.15_x+4_i0086.h5,2,1.500000000e-01,4,1.265879394e+00,main,true,rise,580
/mnt/pd/tema1/new/results/ml_samples/N2_sw0.15_x-1_i0014.h5,2,1.500000000e-01,-1,9.335301514e-01,main,true,fall,340
/mnt/pd/tema1/new/results/ml_samples/N2_sw0.15_x+4_i0070.h5,2,1.500000000e-01,4,1.265879394e+00,main,true,rise,789
/mnt/pd/tema1/new/results/ml_samples/N2_sw0.15_x-1_i0020.h5,2,1.500000000e-01,-1,9.335301514e-01,main,true,fall,341
/mnt/pd/tema1/new/results/ml_samples/N2_sw0.15_x+4_i0078.h5,2,1.500000000e-01,4,1.265879394e+00,main,true,rise,652
/mnt/pd/tema1/new/results/ml_samples/N2_sw0.15_x+4_i0084.h5,2,1.500000000e-01,4,1.265879394e+00,main,true,rise,676
/mnt/pd/tema1/new/results/ml_samples/N2_sw0.15_x+4_i0082.h5,2,1.500000000e-01,4,1.265879394e+00,main,true,rise,637
/mnt/pd/tema1/new/results/ml_samples/N2_sw0.15_x-1_i0002.h5,2,1.500000000e-01,-1,9.335301514e-01,main,true,fall,475
/mnt/pd/tema1/new/results/ml_samples/N2_sw0.15_x-1_i0024.h5,2,1.500000000e-01,-1,9.335301514e-01,main,true,fall,337
/mnt/pd/tema1/new/results/ml_samples/N2_sw0.15_x-1_i0034.h5,2,1.500000000e-01,-1,9.335301514e-01,main,true,fall,257
/mnt/pd/tema1/new/results/ml_samples/N2_sw0.15_x-1_i0036.h5,2,1.500000000e-01,-1,9.335301514e-01,main,true,fall,246
/mnt/pd/tema1/new/results/ml_samples/N2_sw0.15_x-1_i0004.h5,2,1.500000000e-01,-1,9.335301514e-01,main,true,fall,610
/mnt/pd/tema1/new/results/ml_samples/N2_sw0.15_x+4_i0076.h5,2,1.500000000e-01,4,1.265879394e+00,main,true,rise,1195
/mnt/pd/tema1/new/results/ml_samples/N2_sw0.15_x+4_i0098.h5,2,1.500000000e-01,4,1.265879394e+00,main,true,rise,857
/mnt/pd/tema1/new/results/ml_samples/N2_sw0.15_x-1_i0032.h5,2,1.500000000e-01,-1,9.335301514e-01,main,true,fall,390
/mnt/pd/tema1/new/results/ml_samples/N2_sw0.15_x-1_i0044.h5,2,1.500000000e-01,-1,9.335301514e-01,main,true,fall,368
/mnt/pd/tema1/new/results/ml_samples/N2_sw0.15_x-1_i0012.h5,2,1.500000000e-01,-1,9.335301514e-01,main,true,fall,825
/mnt/pd/tema1/new/results/ml_samples/N2_sw0.15_x-1_i0056.h5,2,1.500000000e-01,-1,9.335301514e-01,main,true,fall,147
/mnt/pd/tema1/new/results/ml_samples/N2_sw0.15_x-1_i0022.h5,2,1.500000000e-01,-1,9.335301514e-01,main,true,fall,751
/mnt/pd/tema1/new/results/ml_samples/N2_sw0.15_x-1_i0052.h5,2,1.500000000e-01,-1,9.335301514e-01,main,true,fall,238
/mnt/pd/tema1/new/results/ml_samples/N2_sw0.15_x-1_i0038.h5,2,1.500000000e-01,-1,9.335301514e-01,main,true,fall,798
/mnt/pd/tema1/new/results/ml_samples/N2_sw0.15_x+4_i0092.h5,2,1.500000000e-01,4,1.265879394e+00,main,true,rise,1289
/mnt/pd/tema1/new/results/ml_samples/N2_sw0.15_x-1_i0068.h5,2,1.500000000e-01,-1,9.335301514e-01,main,true,fall,217
/mnt/pd/tema1/new/results/ml_samples/N2_sw0.15_x-1_i0016.h5,2,1.500000000e-01,-1,9.335301514e-01,main,true,fall,996
/mnt/pd/tema1/new/results/ml_samples/N2_sw0.15_x-1_i0028.h5,2,1.500000000e-01,-1,9.335301514e-01,main,true,fall,1048
/mnt/pd/tema1/new/results/ml_samples/N2_sw0.15_x-1_i0078.h5,2,1.500000000e-01,-1,9.335301514e-01,main,true,fall,214
/mnt/pd/tema1/new/results/ml_samples/N2_sw0.15_x-1_i0080.h5,2,1.500000000e-01,-1,9.335301514e-01,main,true,fall,313
/mnt/pd/tema1/new/results/ml_samples/N2_sw0.15_x-1_i0030.h5,2,1.500000000e-01,-1,9.335301514e-01,main,true,fall,1068
/mnt/pd/tema1/new/results/ml_samples/N2_sw0.15_x-1_i0062.h5,2,1.500000000e-01,-1,9.335301514e-01,main,true,fall,571
/mnt/pd/tema1/new/results/ml_samples/N2_sw0.15_x-1_i0074.h5,2,1.500000000e-01,-1,9.335301514e-01,main,true,fall,468
/mnt/pd/tema1/new/results/ml_samples/N2_sw0.15_x-1_i0018.h5,2,1.500000000e-01,-1,9.335301514e-01,main,true,fall,1256
/mnt/pd/tema1/new/results/ml_samples/N2_sw0.15_x-1_i0084.h5,2,1.500000000e-01,-1,9.335301514e-01,main,true,fall,222
/mnt/pd/tema1/new/results/ml_samples/N2_sw0.15_x-1_i0040.h5,2,1.500000000e-01,-1,9.335301514e-01,main,true,fall,1310
/mnt/pd/tema1/new/results/ml_samples/N2_sw0.15_x-1_i0090.h5,2,1.500000000e-01,-1,9.335301514e-01,main,true,fall,394
/mnt/pd/tema1/new/results/ml_samples/N2_sw0.15_x-1_i0096.h5,2,1.500000000e-01,-1,9.335301514e-01,main,true,fall,325
/mnt/pd/tema1/new/results/ml_samples/N2_sw0.15_x-1_i0060.h5,2,1.500000000e-01,-1,9.335301514e-01,main,true,fall,1154
/mnt/pd/tema1/new/results/ml_samples/N2_sw0.15_x-1_i0066.h5,2,1.500000000e-01,-1,9.335301514e-01,main,true,fall,1060
/mnt/pd/tema1/new/results/ml_samples/N2_sw0.15_x-1_i0072.h5,2,1.500000000e-01,-1,9.335301514e-01,main,true,fall,1023
/mnt/pd/tema1/new/results/ml_samples/N2_sw0.15_x-1_i0000.h5,2,1.500000000e-01,-1,9.335301514e-01,main,true,fall,2191
/mnt/pd/tema1/new/results/ml_samples/N2_sw0.15_x+2_i0080.h5,2,1.500000000e-01,2,1.132939697e+00,main,true,rise,4311
/mnt/pd/tema1/new/results/ml_samples/N2_sw0.15_x-1_i0070.h5,2,1.500000000e-01,-1,9.335301514e-01,main,true,fall,820
/mnt/pd/tema1/new/results/ml_samples/N2_sw0.15_x-1_i0086.h5,2,1.500000000e-01,-1,9.335301514e-01,main,true,fall,612
/mnt/pd/tema1/new/results/ml_samples/N2_sw0.15_x-1_i0092.h5,2,1.500000000e-01,-1,9.335301514e-01,main,true,fall,599
/mnt/pd/tema1/new/results/ml_samples/N2_sw0.15_x-1_i0100.h5,2,1.500000000e-01,-1,9.335301514e-01,main,true,fall,527
/mnt/pd/tema1/new/results/ml_samples/N2_sw0.15_x-1_i0098.h5,2,1.500000000e-01,-1,9.335301514e-01,main,true,fall,543
/mnt/pd/tema1/new/results/ml_samples/N2_sw0.15_x-1_i0064.h5,2,1.500000000e-01,-1,9.335301514e-01,main,true,fall,1313
/mnt/pd/tema1/new/results/ml_samples/N2_sw0.15_x-1_i0106.h5,2,1.500000000e-01,-1,9.335301514e-01,main,true,fall,321
/mnt/pd/tema1/new/results/ml_samples/N2_sw0.15_x-1_i0088.h5,2,1.500000000e-01,-1,9.335301514e-01,main,true,fall,870
/mnt/pd/tema1/new/results/ml_samples/N2_sw0.15_x-1_i0006.h5,2,1.500000000e-01,-1,9.335301514e-01,main,true,rise,3587
/mnt/pd/tema1/new/results/ml_samples/N2_sw0.15_x-1_i0108.h5,2,1.500000000e-01,-1,9.335301514e-01,main,true,fall,232
/mnt/pd/tema1/new/results/ml_samples/N2_sw0.15_x-1_i0112.h5,2,1.500000000e-01,-1,9.335301514e-01,main,true,fall,249
/mnt/pd/tema1/new/results/ml_samples/N2_sw0.15_x-1_i0104.h5,2,1.500000000e-01,-1,9.335301514e-01,main,true,fall,722
/mnt/pd/tema1/new/results/ml_samples/N2_sw0.15_x-1_i0050.h5,2,1.500000000e-01,-1,9.335301514e-01,main,true,fall,1909
/mnt/pd/tema1/new/results/ml_samples/N2_sw0.15_x-1_i0076.h5,2,1.500000000e-01,-1,9.335301514e-01,main,true,fall,1477
/mnt/pd/tema1/new/results/ml_samples/N2_sw0.15_x-1_i0126.h5,2,1.500000000e-01,-1,9.335301514e-01,main,true,fall,299
/mnt/pd/tema1/new/results/ml_samples/N2_sw0.15_x-1_i0122.h5,2,1.500000000e-01,-1,9.335301514e-01,main,true,fall,496
/mnt/pd/tema1/new/results/ml_samples/N2_sw0.15_x-1_i0134.h5,2,1.500000000e-01,-1,9.335301514e-01,main,true,fall,236
/mnt/pd/tema1/new/results/ml_samples/N2_sw0.15_x-1_i0110.h5,2,1.500000000e-01,-1,9.335301514e-01,main,true,fall,540
/mnt/pd/tema1/new/results/ml_samples/N2_sw0.15_x-1_i0116.h5,2,1.500000000e-01,-1,9.335301514e-01,main,true,fall,566
/mnt/pd/tema1/new/results/ml_samples/N2_sw0.15_x-1_i0142.h5,2,1.500000000e-01,-1,9.335301514e-01,main,true,fall,241
/mnt/pd/tema1/new/results/ml_samples/N2_sw0.15_x-1_i0046.h5,2,1.500000000e-01,-1,9.335301514e-01,main,true,fall,2317
/mnt/pd/tema1/new/results/ml_samples/N2_sw0.15_x-1_i0128.h5,2,1.500000000e-01,-1,9.335301514e-01,main,true,fall,552
/mnt/pd/tema1/new/results/ml_samples/N2_sw0.15_x-1_i0138.h5,2,1.500000000e-01,-1,9.335301514e-01,main,true,fall,813
/mnt/pd/tema1/new/results/ml_samples/N2_sw0.15_x-1_i0150.h5,2,1.500000000e-01,-1,9.335301514e-01,main,true,fall,246
/mnt/pd/tema1/new/results/ml_samples/N2_sw0.15_x-1_i0152.h5,2,1.500000000e-01,-1,9.335301514e-01,main,true,fall,225
/mnt/pd/tema1/new/results/ml_samples/N2_sw0.15_x-1_i0102.h5,2,1.500000000e-01,-1,9.335301514e-01,main,true,fall,1450
/mnt/pd/tema1/new/results/ml_samples/N2_sw0.15_x-1_i0162.h5,2,1.500000000e-01,-1,9.335301514e-01,main,true,fall,186
/mnt/pd/tema1/new/results/ml_samples/N2_sw0.15_x-1_i0114.h5,2,1.500000000e-01,-1,9.335301514e-01,main,true,fall,1253
/mnt/pd/tema1/new/results/ml_samples/N2_sw0.15_x-1_i0042.h5,2,1.500000000e-01,-1,9.335301514e-01,main,true,fall,2886
/mnt/pd/tema1/new/results/ml_samples/N2_sw0.15_x-1_i0160.h5,2,1.500000000e-01,-1,9.335301514e-01,main,true,fall,525
/mnt/pd/tema1/new/results/ml_samples/N2_sw0.15_x-1_i0136.h5,2,1.500000000e-01,-1,9.335301514e-01,main,true,fall,1010
/mnt/pd/tema1/new/results/ml_samples/N2_sw0.15_x-1_i0164.h5,2,1.500000000e-01,-1,9.335301514e-01,main,true,fall,356
/mnt/pd/tema1/new/results/ml_samples/N2_sw0.15_x-1_i0140.h5,2,1.500000000e-01,-1,9.335301514e-01,main,true,fall,940
/mnt/pd/tema1/new/results/ml_samples/N2_sw0.15_x-1_i0048.h5,2,1.500000000e-01,-1,9.335301514e-01,main,true,rise,4480
/mnt/pd/tema1/new/results/ml_samples/N2_sw0.15_x-1_i0132.h5,2,1.500000000e-01,-1,9.335301514e-01,main,true,fall,1226
/mnt/pd/tema1/new/results/ml_samples/N2_sw0.15_x-1_i0158.h5,2,1.500000000e-01,-1,9.335301514e-01,main,true,fall,688
/mnt/pd/tema1/new/results/ml_samples/N2_sw0.15_x-1_i0168.h5,2,1.500000000e-01,-1,9.335301514e-01,main,true,fall,422
/mnt/pd/tema1/new/results/ml_samples/N2_sw0.15_x-1_i0144.h5,2,1.500000000e-01,-1,9.335301514e-01,main,true,fall,1191
/mnt/pd/tema1/new/results/ml_samples/N2_sw0.15_x-1_i0156.h5,2,1.500000000e-01,-1,9.335301514e-01,main,true,fall,803
/mnt/pd/tema1/new/results/ml_samples/N2_sw0.15_x-1_i0180.h5,2,1.500000000e-01,-1,9.335301514e-01,main,true,fall,182
/mnt/pd/tema1/new/results/ml_samples/N2_sw0.15_x-1_i0146.h5,2,1.500000000e-01,-1,9.335301514e-01,main,true,fall,793
/mnt/pd/tema1/new/results/ml_samples/N2_sw0.15_x-1_i0026.h5,2,1.500000000e-01,-1,9.335301514e-01,main,true,fall,3344
/mnt/pd/tema1/new/results/ml_samples/N2_sw0.15_x-1_i0094.h5,2,1.500000000e-01,-1,9.335301514e-01,main,true,rise,2429
/mnt/pd/tema1/new/results/ml_samples/N2_sw0.15_x-1_i0178.h5,2,1.500000000e-01,-1,9.335301514e-01,main,true,fall,308
/mnt/pd/tema1/new/results/ml_samples/N2_sw0.15_x-1_i0192.h5,2,1.500000000e-01,-1,9.335301514e-01,main,true,fall,195
/mnt/pd/tema1/new/results/ml_samples/N2_sw0.15_x-1_i0170.h5,2,1.500000000e-01,-1,9.335301514e-01,main,true,fall,882
/mnt/pd/tema1/new/results/ml_samples/N2_sw0.15_x-1_i0194.h5,2,1.500000000e-01,-1,9.335301514e-01,main,true,fall,194
/mnt/pd/tema1/new/results/ml_samples/N2_sw0.15_x-2_i0002.h5,2,1.500000000e-01,-2,8.670603029e-01,main,true,fall,210
/mnt/pd/tema1/new/results/ml_samples/N2_sw0.15_x-1_i0190.h5,2,1.500000000e-01,-1,9.335301514e-01,main,true,fall,369
/mnt/pd/tema1/new/results/ml_samples/N2_sw0.15_x-1_i0184.h5,2,1.500000000e-01,-1,9.335301514e-01,main,true,fall,561
/mnt/pd/tema1/new/results/ml_samples/N2_sw0.15_x-1_i0172.h5,2,1.500000000e-01,-1,9.335301514e-01,main,true,fall,717
/mnt/pd/tema1/new/results/ml_samples/N2_sw0.15_x-1_i0174.h5,2,1.500000000e-01,-1,9.335301514e-01,main,true,fall,740
/mnt/pd/tema1/new/results/ml_samples/N2_sw0.15_x-2_i0000.h5,2,1.500000000e-01,-2,8.670603029e-01,main,true,fall,355
/mnt/pd/tema1/new/results/ml_samples/N2_sw0.15_x-1_i0130.h5,2,1.500000000e-01,-1,9.335301514e-01,main,true,fall,1719
/mnt/pd/tema1/new/results/ml_samples/N2_sw0.15_x-1_i0120.h5,2,1.500000000e-01,-1,9.335301514e-01,main,true,rise,2021
/mnt/pd/tema1/new/results/ml_samples/N2_sw0.15_x-2_i0008.h5,2,1.500000000e-01,-2,8.670603029e-01,main,true,fall,267
/mnt/pd/tema1/new/results/ml_samples/N2_sw0.15_x-1_i0196.h5,2,1.500000000e-01,-1,9.335301514e-01,main,true,fall,401
/mnt/pd/tema1/new/results/ml_samples/N2_sw0.15_x-2_i0012.h5,2,1.500000000e-01,-2,8.670603029e-01,main,true,fall,179
/mnt/pd/tema1/new/results/ml_samples/N2_sw0.15_x-2_i0004.h5,2,1.500000000e-01,-2,8.670603029e-01,main,true,fall,166
/mnt/pd/tema1/new/results/ml_samples/N2_sw0.15_x-1_i0154.h5,2,1.500000000e-01,-1,9.335301514e-01,main,true,fall,1251
/mnt/pd/tema1/new/results/ml_samples/N2_sw0.15_x-1_i0198.h5,2,1.500000000e-01,-1,9.335301514e-01,main,true,fall,461
/mnt/pd/tema1/new/results/ml_samples/N2_sw0.15_x-1_i0058.h5,2,1.500000000e-01,-1,9.335301514e-01,main,true,fall,3465
/mnt/pd/tema1/new/results/ml_samples/N2_sw0.15_x-2_i0022.h5,2,1.500000000e-01,-2,8.670603029e-01,main,true,fall,221
/mnt/pd/tema1/new/results/ml_samples/N2_sw0.15_x-1_i0124.h5,2,1.500000000e-01,-1,9.335301514e-01,main,true,fall,2278
/mnt/pd/tema1/new/results/ml_samples/N2_sw0.15_x-2_i0014.h5,2,1.500000000e-01,-2,8.670603029e-01,main,true,fall,428
/mnt/pd/tema1/new/results/ml_samples/N2_sw0.15_x-2_i0030.h5,2,1.500000000e-01,-2,8.670603029e-01,main,true,fall,182
/mnt/pd/tema1/new/results/ml_samples/N2_sw0.15_x-2_i0032.h5,2,1.500000000e-01,-2,8.670603029e-01,main,true,fall,173
/mnt/pd/tema1/new/results/ml_samples/N2_sw0.15_x-2_i0040.h5,2,1.500000000e-01,-2,8.670603029e-01,main,true,fall,144
/mnt/pd/tema1/new/results/ml_samples/N2_sw0.15_x-2_i0006.h5,2,1.500000000e-01,-2,8.670603029e-01,main,true,fall,643
/mnt/pd/tema1/new/results/ml_samples/N2_sw0.15_x-2_i0024.h5,2,1.500000000e-01,-2,8.670603029e-01,main,true,fall,387
/mnt/pd/tema1/new/results/ml_samples/N2_sw0.15_x-2_i0010.h5,2,1.500000000e-01,-2,8.670603029e-01,main,true,fall,593
/mnt/pd/tema1/new/results/ml_samples/N2_sw0.15_x-2_i0042.h5,2,1.500000000e-01,-2,8.670603029e-01,main,true,fall,172
/mnt/pd/tema1/new/results/ml_samples/N2_sw0.15_x-2_i0026.h5,2,1.500000000e-01,-2,8.670603029e-01,main,true,fall,364
/mnt/pd/tema1/new/results/ml_samples/N2_sw0.15_x-2_i0036.h5,2,1.500000000e-01,-2,8.670603029e-01,main,true,fall,298
/mnt/pd/tema1/new/results/ml_samples/N2_sw0.15_x-1_i0186.h5,2,1.500000000e-01,-1,9.335301514e-01,main,true,fall,1128
/mnt/pd/tema1/new/results/ml_samples/N2_sw0.15_x-2_i0048.h5,2,1.500000000e-01,-2,8.670603029e-01,main,true,fall,158
/mnt/pd/tema1/new/results/ml_samples/N2_sw0.15_x-2_i0020.h5,2,1.500000000e-01,-2,8.670603029e-01,main,true,fall,515
/mnt/pd/tema1/new/results/ml_samples/N2_sw0.15_x-1_i0166.h5,2,1.500000000e-01,-1,9.335301514e-01,main,true,fall,2620
/mnt/pd/tema1/new/results/ml_samples/N2_sw0.15_x-2_i0016.h5,2,1.500000000e-01,-2,8.670603029e-01,main,true,fall,694
/mnt/pd/tema1/new/results/ml_samples/N2_sw0.15_x-2_i0044.h5,2,1.500000000e-01,-2,8.670603029e-01,main,true,fall,311
/mnt/pd/tema1/new/results/ml_samples/N2_sw0.15_x-2_i0018.h5,2,1.500000000e-01,-2,8.670603029e-01,main,true,fall,665
/mnt/pd/tema1/new/results/ml_samples/N2_sw0.15_x-2_i0046.h5,2,1.500000000e-01,-2,8.670603029e-01,main,true,fall,282
/mnt/pd/tema1/new/results/ml_samples/N2_sw0.15_x-2_i0028.h5,2,1.500000000e-01,-2,8.670603029e-01,main,true,fall,564
/mnt/pd/tema1/new/results/ml_samples/N2_sw0.15_x-2_i0038.h5,2,1.500000000e-01,-2,8.670603029e-01,main,true,fall,502
/mnt/pd/tema1/new/results/ml_samples/N2_sw0.15_x-2_i0068.h5,2,1.500000000e-01,-2,8.670603029e-01,main,true,fall,139
/mnt/pd/tema1/new/results/ml_samples/N2_sw0.15_x-1_i0082.h5,2,1.500000000e-01,-1,9.335301514e-01,main,true,fall,3715
/mnt/pd/tema1/new/results/ml_samples/N2_sw0.15_x-2_i0056.h5,2,1.500000000e-01,-2,8.670603029e-01,main,true,fall,320
/mnt/pd/tema1/new/results/ml_samples/N2_sw0.15_x-2_i0080.h5,2,1.500000000e-01,-2,8.670603029e-01,main,true,fall,123
/mnt/pd/tema1/new/results/ml_samples/N2_sw0.15_x-2_i0052.h5,2,1.500000000e-01,-2,8.670603029e-01,main,true,fall,323
/mnt/pd/tema1/new/results/ml_samples/N2_sw0.15_x-2_i0054.h5,2,1.500000000e-01,-2,8.670603029e-01,main,true,fall,279
/mnt/pd/tema1/new/results/ml_samples/N2_sw0.15_x-2_i0062.h5,2,1.500000000e-01,-2,8.670603029e-01,main,true,fall,363
/mnt/pd/tema1/new/results/ml_samples/N2_sw0.15_x-2_i0074.h5,2,1.500000000e-01,-2,8.670603029e-01,main,true,fall,171
/mnt/pd/tema1/new/results/ml_samples/N2_sw0.15_x-2_i0050.h5,2,1.500000000e-01,-2,8.670603029e-01,main,true,fall,445
/mnt/pd/tema1/new/results/ml_samples/N2_sw0.15_x-2_i0066.h5,2,1.500000000e-01,-2,8.670603029e-01,main,true,fall,223
/mnt/pd/tema1/new/results/ml_samples/N2_sw0.15_x-2_i0064.h5,2,1.500000000e-01,-2,8.670603029e-01,main,true,fall,363
/mnt/pd/tema1/new/results/ml_samples/N2_sw0.15_x-2_i0058.h5,2,1.500000000e-01,-2,8.670603029e-01,main,true,fall,406
/mnt/pd/tema1/new/results/ml_samples/N2_sw0.15_x-2_i0076.h5,2,1.500000000e-01,-2,8.670603029e-01,main,true,fall,527
/mnt/pd/tema1/new/results/ml_samples/N2_sw0.15_x-2_i0082.h5,2,1.500000000e-01,-2,8.670603029e-01,main,true,fall,159
/mnt/pd/tema1/new/results/ml_samples/N2_sw0.15_x-2_i0070.h5,2,1.500000000e-01,-2,8.670603029e-01,main,true,fall,423
/mnt/pd/tema1/new/results/ml_samples/N2_sw0.15_x-2_i0084.h5,2,1.500000000e-01,-2,8.670603029e-01,main,true,fall,218
/mnt/pd/tema1/new/results/ml_samples/N2_sw0.15_x-1_i0054.h5,2,1.500000000e-01,-1,9.335301514e-01,main,true,fall,4757
/mnt/pd/tema1/new/results/ml_samples/N2_sw0.15_x-2_i0094.h5,2,1.500000000e-01,-2,8.670603029e-01,main,true,fall,205
/mnt/pd/tema1/new/results/ml_samples/N2_sw0.15_x-4_i0000.h5,2,1.500000000e-01,-4,7.341206058e-01,main,true,fall,123
/mnt/pd/tema1/new/results/ml_samples/N2_sw0.15_x-4_i0002.h5,2,1.500000000e-01,-4,7.341206058e-01,main,true,fall,200
/mnt/pd/tema1/new/results/ml_samples/N2_sw0.15_x-4_i0014.h5,2,1.500000000e-01,-4,7.341206058e-01,main,true,fall,244
/mnt/pd/tema1/new/results/ml_samples/N2_sw0.15_x-4_i0010.h5,2,1.500000000e-01,-4,7.341206058e-01,main,true,fall,149
/mnt/pd/tema1/new/results/ml_samples/N2_sw0.15_x-4_i0004.h5,2,1.500000000e-01,-4,7.341206058e-01,main,true,fall,211
/mnt/pd/tema1/new/results/ml_samples/N2_sw0.15_x-4_i0008.h5,2,1.500000000e-01,-4,7.341206058e-01,main,true,fall,181
/mnt/pd/tema1/new/results/ml_samples/N2_sw0.15_x-4_i0012.h5,2,1.500000000e-01,-4,7.341206058e-01,main,true,fall,153
/mnt/pd/tema1/new/results/ml_samples/N2_sw0.15_x-2_i0096.h5,2,1.500000000e-01,-2,8.670603029e-01,main,true,fall,255
/mnt/pd/tema1/new/results/ml_samples/N2_sw0.15_x-2_i0072.h5,2,1.500000000e-01,-2,8.670603029e-01,main,true,fall,695
/mnt/pd/tema1/new/results/ml_samples/N2_sw0.15_x-4_i0020.h5,2,1.500000000e-01,-4,7.341206058e-01,main,true,fall,110
/mnt/pd/tema1/new/results/ml_samples/N2_sw0.15_x-4_i0006.h5,2,1.500000000e-01,-4,7.341206058e-01,main,true,fall,271
/mnt/pd/tema1/new/results/ml_samples/N2_sw0.15_x-4_i0022.h5,2,1.500000000e-01,-4,7.341206058e-01,main,true,fall,152
/mnt/pd/tema1/new/results/ml_samples/N2_sw0.15_x-4_i0026.h5,2,1.500000000e-01,-4,7.341206058e-01,main,true,fall,124
/mnt/pd/tema1/new/results/ml_samples/N2_sw0.15_x-4_i0030.h5,2,1.500000000e-01,-4,7.341206058e-01,main,true,fall,139
/mnt/pd/tema1/new/results/ml_samples/N2_sw0.15_x-2_i0098.h5,2,1.500000000e-01,-2,8.670603029e-01,main,true,fall,438
/mnt/pd/tema1/new/results/ml_samples/N2_sw0.15_x-1_i0188.h5,2,1.500000000e-01,-1,9.335301514e-01,main,true,fall,2992
/mnt/pd/tema1/new/results/ml_samples/N2_sw0.15_x-1_i0118.h5,2,1.500000000e-01,-1,9.335301514e-01,main,true,fall,3615
/mnt/pd/tema1/new/results/ml_samples/N2_sw0.15_x-4_i0028.h5,2,1.500000000e-01,-4,7.341206058e-01,main,true,fall,148
/mnt/pd/tema1/new/results/ml_samples/N2_sw0.15_x-1_i0182.h5,2,1.500000000e-01,-1,9.335301514e-01,main,true,fall,2267
/mnt/pd/tema1/new/results/ml_samples/N2_sw0.15_x-4_i0034.h5,2,1.500000000e-01,-4,7.341206058e-01,main,true,fall,172
/mnt/pd/tema1/new/results/ml_samples/N2_sw0.15_x-4_i0024.h5,2,1.500000000e-01,-4,7.341206058e-01,main,true,fall,281
/mnt/pd/tema1/new/results/ml_samples/N2_sw0.15_x-4_i0018.h5,2,1.500000000e-01,-4,7.341206058e-01,main,true,fall,321
/mnt/pd/tema1/new/results/ml_samples/N2_sw0.15_x-4_i0040.h5,2,1.500000000e-01,-4,7.341206058e-01,main,true,fall,121
/mnt/pd/tema1/new/results/ml_samples/N2_sw0.15_x-4_i0036.h5,2,1.500000000e-01,-4,7.341206058e-01,main,true,fall,227
/mnt/pd/tema1/new/results/ml_samples/N2_sw0.15_x-4_i0044.h5,2,1.500000000e-01,-4,7.341206058e-01,main,true,fall,193
/mnt/pd/tema1/new/results/ml_samples/N2_sw0.15_x-4_i0046.h5,2,1.500000000e-01,-4,7.341206058e-01,main,true,fall,152
/mnt/pd/tema1/new/results/ml_samples/N2_sw0.15_x-4_i0056.h5,2,1.500000000e-01,-4,7.341206058e-01,main,true,fall,224
/mnt/pd/tema1/new/results/ml_samples/N2_sw0.15_x-4_i0050.h5,2,1.500000000e-01,-4,7.341206058e-01,main,true,fall,126
/mnt/pd/tema1/new/results/ml_samples/N2_sw0.15_x-2_i0078.h5,2,1.500000000e-01,-2,8.670603029e-01,main,true,fall,984
/mnt/pd/tema1/new/results/ml_samples/N2_sw0.15_x-4_i0062.h5,2,1.500000000e-01,-4,7.341206058e-01,main,true,fall,152
/mnt/pd/tema1/new/results/ml_samples/N2_sw0.15_x-2_i0090.h5,2,1.500000000e-01,-2,8.670603029e-01,main,true,fall,686
/mnt/pd/tema1/new/results/ml_samples/N2_sw0.15_x-4_i0048.h5,2,1.500000000e-01,-4,7.341206058e-01,main,true,fall,270
/mnt/pd/tema1/new/results/ml_samples/N2_sw0.15_x-2_i0060.h5,2,1.500000000e-01,-2,8.670603029e-01,main,true,fall,1277
/mnt/pd/tema1/new/results/ml_samples/N2_sw0.15_x-4_i0072.h5,2,1.500000000e-01,-4,7.341206058e-01,main,true,fall,113
/mnt/pd/tema1/new/results/ml_samples/N2_sw0.15_x-4_i0038.h5,2,1.500000000e-01,-4,7.341206058e-01,main,true,fall,224
/mnt/pd/tema1/new/results/ml_samples/N2_sw0.15_x-4_i0052.h5,2,1.500000000e-01,-4,7.341206058e-01,main,true,fall,349
/mnt/pd/tema1/new/results/ml_samples/N2_sw0.15_x-4_i0078.h5,2,1.500000000e-01,-4,7.341206058e-01,main,true,fall,193
/mnt/pd/tema1/new/results/ml_samples/N2_sw0.15_x-4_i0064.h5,2,1.500000000e-01,-4,7.341206058e-01,main,true,fall,202
/mnt/pd/tema1/new/results/ml_samples/N2_sw0.15_x-4_i0058.h5,2,1.500000000e-01,-4,7.341206058e-01,main,true,fall,143
/mnt/pd/tema1/new/results/ml_samples/N2_sw0.15_x-4_i0076.h5,2,1.500000000e-01,-4,7.341206058e-01,main,true,fall,148
/mnt/pd/tema1/new/results/ml_samples/N2_sw0.15_x-4_i0074.h5,2,1.500000000e-01,-4,7.341206058e-01,main,true,fall,155
/mnt/pd/tema1/new/results/ml_samples/N2_sw0.15_x-2_i0088.h5,2,1.500000000e-01,-2,8.670603029e-01,main,true,fall,1089
/mnt/pd/tema1/new/results/ml_samples/N2_sw0.15_x-4_i0032.h5,2,1.500000000e-01,-4,7.341206058e-01,main,true,fall,608
/mnt/pd/tema1/new/results/ml_samples/N2_sw0.15_x-4_i0016.h5,2,1.500000000e-01,-4,7.341206058e-01,main,true,fall,551
/mnt/pd/tema1/new/results/ml_samples/N2_sw0.15_x-4_i0060.h5,2,1.500000000e-01,-4,7.341206058e-01,main,true,fall,202
/mnt/pd/tema1/new/results/ml_samples/N2_sw0.15_x-4_i0082.h5,2,1.500000000e-01,-4,7.341206058e-01,main,true,fall,146
/mnt/pd/tema1/new/results/ml_samples/N2_sw0.15_x-2_i0034.h5,2,1.500000000e-01,-2,8.670603029e-01,main,true,fall,1846
/mnt/pd/tema1/new/results/ml_samples/N2_sw0.15_x-4_i0080.h5,2,1.500000000e-01,-4,7.341206058e-01,main,true,fall,174
/mnt/pd/tema1/new/results/ml_samples/N2_sw0.15_x-2_i0086.h5,2,1.500000000e-01,-2,8.670603029e-01,main,true,fall,1139
/mnt/pd/tema1/new/results/ml_samples/N2_sw0.15_x-4_i0098.h5,2,1.500000000e-01,-4,7.341206058e-01,main,true,fall,168
/mnt/pd/tema1/new/results/ml_samples/N2_sw0.15_x-4_i0096.h5,2,1.500000000e-01,-4,7.341206058e-01,main,true,fall,178
/mnt/pd/tema1/new/results/ml_samples/N2_sw0.15_x-4_i0054.h5,2,1.500000000e-01,-4,7.341206058e-01,main,true,fall,327
/mnt/pd/tema1/new/results/ml_samples/N2_sw0.15_x-2_i0092.h5,2,1.500000000e-01,-2,8.670603029e-01,main,true,fall,1177
/mnt/pd/tema1/new/results/ml_samples/N2_sw0.15_x-4_i0094.h5,2,1.500000000e-01,-4,7.341206058e-01,main,true,fall,155
/mnt/pd/tema1/new/results/ml_samples/N2_sw0.15_x-4_i0092.h5,2,1.500000000e-01,-4,7.341206058e-01,main,true,fall,191
/mnt/pd/tema1/new/results/ml_samples/N2_sw0.15_x-4_i0066.h5,2,1.500000000e-01,-4,7.341206058e-01,main,true,fall,507
/mnt/pd/tema1/new/results/ml_samples/N2_sw0.15_x-4_i0090.h5,2,1.500000000e-01,-4,7.341206058e-01,main,true,fall,155
/mnt/pd/tema1/new/results/ml_samples/N2_sw0.15_x-4_i0068.h5,2,1.500000000e-01,-4,7.341206058e-01,main,true,fall,493
/mnt/pd/tema1/new/results/ml_samples/N2_sw0.15_x-4_i0084.h5,2,1.500000000e-01,-4,7.341206058e-01,main,true,fall,345
/mnt/pd/tema1/new/results/ml_samples/N2_sw0.22_x+0_i0024.h5,2,2.200000000e-01,0,1.000000000e+00,gen_sigma,true,fall,234
/mnt/pd/tema1/new/results/ml_samples/N2_sw0.15_x-4_i0070.h5,2,1.500000000e-01,-4,7.341206058e-01,main,true,fall,451
/mnt/pd/tema1/new/results/ml_samples/N2_sw0.15_x-4_i0086.h5,2,1.500000000e-01,-4,7.341206058e-01,main,true,fall,340
/mnt/pd/tema1/new/results/ml_samples/N2_sw0.15_x-4_i0088.h5,2,1.500000000e-01,-4,7.341206058e-01,main,true,fall,235
/mnt/pd/tema1/new/results/ml_samples/N2_sw0.22_x+0_i0026.h5,2,2.200000000e-01,0,1.000000000e+00,gen_sigma,true,fall,368
/mnt/pd/tema1/new/results/ml_samples/N2_sw0.22_x+0_i0022.h5,2,2.200000000e-01,0,1.000000000e+00,gen_sigma,true,fall,279
/mnt/pd/tema1/new/results/ml_samples/N2_sw0.22_x+0_i0030.h5,2,2.200000000e-01,0,1.000000000e+00,gen_sigma,true,fall,212
/mnt/pd/tema1/new/results/ml_samples/N2_sw0.15_x-1_i0176.h5,2,1.500000000e-01,-1,9.335301514e-01,main,true,fall,3301
/mnt/pd/tema1/new/results/ml_samples/N2_sw0.22_x+0_i0018.h5,2,2.200000000e-01,0,1.000000000e+00,gen_sigma,true,fall,243
/mnt/pd/tema1/new/results/ml_samples/N2_sw0.22_x+0_i0048.h5,2,2.200000000e-01,0,1.000000000e+00,gen_sigma,true,fall,148
/mnt/pd/tema1/new/results/ml_samples/N2_sw0.22_x+0_i0036.h5,2,2.200000000e-01,0,1.000000000e+00,gen_sigma,true,fall,307
/mnt/pd/tema1/new/results/ml_samples/N2_sw0.22_x+0_i0006.h5,2,2.200000000e-01,0,1.000000000e+00,gen_sigma,true,fall,416
/mnt/pd/tema1/new/results/ml_samples/N2_sw0.22_x+1_i0002.h5,2,2.200000000e-01,1,1.097489111e+00,gen_sigma,true,fall,323
/mnt/pd/tema1/new/results/ml_samples/N2_sw0.22_x+0_i0012.h5,2,2.200000000e-01,0,1.000000000e+00,gen_sigma,true,rise,551
/mnt/pd/tema1/new/results/ml_samples/N2_sw0.22_x+0_i0000.h5,2,2.200000000e-01,0,1.000000000e+00,gen_sigma,true,fall,460
/mnt/pd/tema1/new/results/ml_samples/N2_sw0.22_x+0_i0028.h5,2,2.200000000e-01,0,1.000000000e+00,gen_sigma,true,rise,679
/mnt/pd/tema1/new/results/ml_samples/N2_sw0.22_x+0_i0040.h5,2,2.200000000e-01,0,1.000000000e+00,gen_sigma,true,fall,411
/mnt/pd/tema1/new/results/ml_samples/N2_sw0.22_x+1_i0000.h5,2,2.200000000e-01,1,1.097489111e+00,gen_sigma,true,rise,528
/mnt/pd/tema1/new/results/ml_samples/N2_sw0.22_x+1_i0018.h5,2,2.200000000e-01,1,1.097489111e+00,gen_sigma,true,rise,550
/mnt/pd/tema1/new/results/ml_samples/N2_sw0.22_x+0_i0016.h5,2,2.200000000e-01,0,1.000000000e+00,gen_sigma,true,rise,1000
/mnt/pd/tema1/new/results/ml_samples/N2_sw0.22_x+0_i0020.h5,2,2.200000000e-01,0,1.000000000e+00,gen_sigma,true,rise,881
/mnt/pd/tema1/new/results/ml_samples/N2_sw0.22_x+1_i0008.h5,2,2.200000000e-01,1,1.097489111e+00,gen_sigma,true,rise,462
/mnt/pd/tema1/new/results/ml_samples/N2_sw0.22_x+0_i0042.h5,2,2.200000000e-01,0,1.000000000e+00,gen_sigma,true,fall,811
/mnt/pd/tema1/new/results/ml_samples/N2_sw0.22_x+0_i0010.h5,2,2.200000000e-01,0,1.000000000e+00,gen_sigma,true,rise,1219
/mnt/pd/tema1/new/results/ml_samples/N2_sw0.22_x+0_i0044.h5,2,2.200000000e-01,0,1.000000000e+00,gen_sigma,true,fall,1402
/mnt/pd/tema1/new/results/ml_samples/N2_sw0.22_x+1_i0030.h5,2,2.200000000e-01,1,1.097489111e+00,gen_sigma,true,rise,483
/mnt/pd/tema1/new/results/ml_samples/N2_sw0.22_x+1_i0020.h5,2,2.200000000e-01,1,1.097489111e+00,gen_sigma,true,rise,756
/mnt/pd/tema1/new/results/ml_samples/N2_sw0.22_x+1_i0024.h5,2,2.200000000e-01,1,1.097489111e+00,gen_sigma,true,rise,566
/mnt/pd/tema1/new/results/ml_samples/N2_sw0.22_x+0_i0038.h5,2,2.200000000e-01,0,1.000000000e+00,gen_sigma,true,rise,1252
/mnt/pd/tema1/new/results/ml_samples/N2_sw0.22_x+1_i0010.h5,2,2.200000000e-01,1,1.097489111e+00,gen_sigma,true,rise,907
/mnt/pd/tema1/new/results/ml_samples/N2_sw0.22_x+0_i0032.h5,2,2.200000000e-01,0,1.000000000e+00,gen_sigma,true,fall,1353
/mnt/pd/tema1/new/results/ml_samples/N2_sw0.15_x-1_i0148.h5,2,1.500000000e-01,-1,9.335301514e-01,main,true,fall,5474
/mnt/pd/tema1/new/results/ml_samples/N2_sw0.15_x-4_i0042.h5,2,1.500000000e-01,-4,7.341206058e-01,main,true,fall,2490
/mnt/pd/tema1/new/results/ml_samples/N2_sw0.22_x-1_i0002.h5,2,2.200000000e-01,-1,9.025108888e-01,gen_sigma,true,fall,223
/mnt/pd/tema1/new/results/ml_samples/N2_sw0.22_x+0_i0046.h5,2,2.200000000e-01,0,1.000000000e+00,gen_sigma,true,rise,1820
/mnt/pd/tema1/new/results/ml_samples/N2_sw0.22_x-1_i0000.h5,2,2.200000000e-01,-1,9.025108888e-01,gen_sigma,true,fall,175
/mnt/pd/tema1/new/results/ml_samples/N2_sw0.22_x+1_i0012.h5,2,2.200000000e-01,1,1.097489111e+00,gen_sigma,true,rise,1423
/mnt/pd/tema1/new/results/ml_samples/N2_sw0.22_x+1_i0014.h5,2,2.200000000e-01,1,1.097489111e+00,gen_sigma,true,rise,1131
/mnt/pd/tema1/new/results/ml_samples/N2_sw0.22_x+1_i0026.h5,2,2.200000000e-01,1,1.097489111e+00,gen_sigma,true,rise,1025
/mnt/pd/tema1/new/results/ml_samples/N2_sw0.22_x+1_i0040.h5,2,2.200000000e-01,1,1.097489111e+00,gen_sigma,true,rise,588
/mnt/pd/tema1/new/results/ml_samples/N2_sw0.22_x-1_i0004.h5,2,2.200000000e-01,-1,9.025108888e-01,gen_sigma,true,fall,437
/mnt/pd/tema1/new/results/ml_samples/N2_sw0.22_x+1_i0006.h5,2,2.200000000e-01,1,1.097489111e+00,gen_sigma,true,rise,1491
/mnt/pd/tema1/new/results/ml_samples/N2_sw0.22_x+0_i0004.h5,2,2.200000000e-01,0,1.000000000e+00,gen_sigma,true,fall,2070
/mnt/pd/tema1/new/results/ml_samples/N2_sw0.22_x-1_i0014.h5,2,2.200000000e-01,-1,9.025108888e-01,gen_sigma,true,fall,142
/mnt/pd/tema1/new/results/ml_samples/N2_sw0.22_x+1_i0046.h5,2,2.200000000e-01,1,1.097489111e+00,gen_sigma,true,rise,621
/mnt/pd/tema1/new/results/ml_samples/N2_sw0.22_x+1_i0028.h5,2,2.200000000e-01,1,1.097489111e+00,gen_sigma,true,rise,1315
/mnt/pd/tema1/new/results/ml_samples/N2_sw0.22_x-1_i0010.h5,2,2.200000000e-01,-1,9.025108888e-01,gen_sigma,true,fall,351
/mnt/pd/tema1/new/results/ml_samples/N2_sw0.22_x+1_i0016.h5,2,2.200000000e-01,1,1.097489111e+00,gen_sigma,true,rise,1664
/mnt/pd/tema1/new/results/ml_samples/N2_sw0.22_x-1_i0016.h5,2,2.200000000e-01,-1,9.025108888e-01,gen_sigma,true,fall,191
/mnt/pd/tema1/new/results/ml_samples/N2_sw0.22_x+0_i0002.h5,2,2.200000000e-01,0,1.000000000e+00,gen_sigma,true,rise,2396
/mnt/pd/tema1/new/results/ml_samples/N2_sw0.22_x-1_i0022.h5,2,2.200000000e-01,-1,9.025108888e-01,gen_sigma,true,fall,252
/mnt/pd/tema1/new/results/ml_samples/N2_sw0.22_x-1_i0030.h5,2,2.200000000e-01,-1,9.025108888e-01,gen_sigma,true,fall,122
/mnt/pd/tema1/new/results/ml_samples/N2_sw0.22_x-1_i0026.h5,2,2.200000000e-01,-1,9.025108888e-01,gen_sigma,true,fall,189
/mnt/pd/tema1/new/results/ml_samples/N2_sw0.22_x-1_i0024.h5,2,2.200000000e-01,-1,9.025108888e-01,gen_sigma,true,fall,236
/mnt/pd/tema1/new/results/ml_samples/N2_sw0.22_x-1_i0028.h5,2,2.200000000e-01,-1,9.025108888e-01,gen_sigma,true,fall,257
/mnt/pd/tema1/new/results/ml_samples/N2_sw0.22_x+1_i0022.h5,2,2.200000000e-01,1,1.097489111e+00,gen_sigma,true,rise,1830
/mnt/pd/tema1/new/results/ml_samples/N2_sw0.22_x-1_i0032.h5,2,2.200000000e-01,-1,9.025108888e-01,gen_sigma,true,fall,166
/mnt/pd/tema1/new/results/ml_samples/N2_sw0.22_x-1_i0040.h5,2,2.200000000e-01,-1,9.025108888e-01,gen_sigma,true,fall,238
/mnt/pd/tema1/new/results/ml_samples/N2_sw0.22_x-1_i0020.h5,2,2.200000000e-01,-1,9.025108888e-01,gen_sigma,true,fall,457
/mnt/pd/tema1/new/results/ml_samples/N2_sw0.30_x+0_i0004.h5,2,3.000000000e-01,0,1.000000000e+00,main,true,fall,114
/mnt/pd/tema1/new/results/ml_samples/N2_sw0.22_x+1_i0044.h5,2,2.200000000e-01,1,1.097489111e+00,gen_sigma,true,rise,1794
/mnt/pd/tema1/new/results/ml_samples/N2_sw0.22_x+1_i0048.h5,2,2.200000000e-01,1,1.097489111e+00,gen_sigma,true,rise,1271
/mnt/pd/tema1/new/results/ml_samples/N2_sw0.22_x+1_i0034.h5,2,2.200000000e-01,1,1.097489111e+00,gen_sigma,true,rise,1797
/mnt/pd/tema1/new/results/ml_samples/N2_sw0.22_x-1_i0044.h5,2,2.200000000e-01,-1,9.025108888e-01,gen_sigma,true,fall,393
/mnt/pd/tema1/new/results/ml_samples/N2_sw0.22_x-1_i0046.h5,2,2.200000000e-01,-1,9.025108888e-01,gen_sigma,true,fall,337
/mnt/pd/tema1/new/results/ml_samples/N2_sw0.22_x+0_i0014.h5,2,2.200000000e-01,0,1.000000000e+00,gen_sigma,true,rise,2825
/mnt/pd/tema1/new/results/ml_samples/N2_sw0.22_x-1_i0012.h5,2,2.200000000e-01,-1,9.025108888e-01,gen_sigma,true,fall,750
/mnt/pd/tema1/new/results/ml_samples/N2_sw0.22_x-1_i0038.h5,2,2.200000000e-01,-1,9.025108888e-01,gen_sigma,true,fall,600
/mnt/pd/tema1/new/results/ml_samples/N2_sw0.30_x+0_i0012.h5,2,3.000000000e-01,0,1.000000000e+00,main,true,fall,218
/mnt/pd/tema1/new/results/ml_samples/N2_sw0.22_x-1_i0006.h5,2,2.200000000e-01,-1,9.025108888e-01,gen_sigma,true,fall,1385
/mnt/pd/tema1/new/results/ml_samples/N2_sw0.30_x+0_i0000.h5,2,3.000000000e-01,0,1.000000000e+00,main,true,rise,681
/mnt/pd/tema1/new/results/ml_samples/N2_sw0.22_x-1_i0036.h5,2,2.200000000e-01,-1,9.025108888e-01,gen_sigma,true,fall,789
/mnt/pd/tema1/new/results/ml_samples/N2_sw0.22_x+0_i0034.h5,2,2.200000000e-01,0,1.000000000e+00,gen_sigma,true,rise,2937
/mnt/pd/tema1/new/results/ml_samples/N2_sw0.30_x+0_i0006.h5,2,3.000000000e-01,0,1.000000000e+00,main,true,fall,709
/mnt/pd/tema1/new/results/ml_samples/N2_sw0.30_x+0_i0018.h5,2,3.000000000e-01,0,1.000000000e+00,main,true,fall,155
/mnt/pd/tema1/new/results/ml_samples/N2_sw0.22_x+1_i0042.h5,2,2.200000000e-01,1,1.097489111e+00,gen_sigma,true,rise,3015
/mnt/pd/tema1/new/results/ml_samples/N2_sw0.22_x+1_i0036.h5,2,2.200000000e-01,1,1.097489111e+00,gen_sigma,true,fall,2298
/mnt/pd/tema1/new/results/ml_samples/N2_sw0.30_x+0_i0026.h5,2,3.000000000e-01,0,1.000000000e+00,main,true,rise,443
/mnt/pd/tema1/new/results/ml_samples/N2_sw0.30_x+0_i0032.h5,2,3.000000000e-01,0,1.000000000e+00,main,true,fall,280
/mnt/pd/tema1/new/results/ml_samples/N2_sw0.30_x+0_i0014.h5,2,3.000000000e-01,0,1.000000000e+00,main,true,fall,1258
/mnt/pd/tema1/new/results/ml_samples/N2_sw0.22_x-1_i0008.h5,2,2.200000000e-01,-1,9.025108888e-01,gen_sigma,true,fall,1682
/mnt/pd/tema1/new/results/ml_samples/N2_sw0.22_x-1_i0042.h5,2,2.200000000e-01,-1,9.025108888e-01,gen_sigma,true,fall,1341
/mnt/pd/tema1/new/results/ml_samples/N2_sw0.30_x+0_i0038.h5,2,3.000000000e-01,0,1.000000000e+00,main,true,fall,267
/mnt/pd/tema1/new/results/ml_samples/N2_sw0.30_x+0_i0042.h5,2,3.000000000e-01,0,1.000000000e+00,main,true,fall,390
/mnt/pd/tema1/new/results/ml_samples/N2_sw0.30_x+0_i0008.h5,2,3.000000000e-01,0,1.000000000e+00,main,true,fall,871
/mnt/pd/tema1/new/results/ml_samples/N2_sw0.22_x-1_i0048.h5,2,2.200000000e-01,-1,9.025108888e-01,gen_sigma,true,fall,1179
/mnt/pd/tema1/new/results/ml_samples/N2_sw0.30_x+0_i0040.h5,2,3.000000000e-01,0,1.000000000e+00,main,true,rise,402
/mnt/pd/tema1/new/results/ml_samples/N2_sw0.22_x-1_i0018.h5,2,2.200000000e-01,-1,9.025108888e-01,gen_sigma,true,fall,1750
/mnt/pd/tema1/new/results/ml_samples/N2_sw0.22_x+0_i0008.h5,2,2.200000000e-01,0,1.000000000e+00,gen_sigma,true,rise,3788
/mnt/pd/tema1/new/results/ml_samples/N2_sw0.30_x+0_i0028.h5,2,3.000000000e-01,0,1.000000000e+00,main,true,rise,712
/mnt/pd/tema1/new/results/ml_samples/N2_sw0.30_x+0_i0054.h5,2,3.000000000e-01,0,1.000000000e+00,main,true,fall,202
/mnt/pd/tema1/new/results/ml_samples/N2_sw0.22_x+1_i0004.h5,2,2.200000000e-01,1,1.097489111e+00,gen_sigma,true,rise,3593
/mnt/pd/tema1/new/results/ml_samples/N2_sw0.30_x+0_i0056.h5,2,3.000000000e-01,0,1.000000000e+00,main,true,fall,304
/mnt/pd/tema1/new/results/ml_samples/N2_sw0.30_x+0_i0070.h5,2,3.000000000e-01,0,1.000000000e+00,main,true,fall,121
/mnt/pd/tema1/new/results/ml_samples/N2_sw0.30_x+0_i0044.h5,2,3.000000000e-01,0,1.000000000e+00,main,true,fall,1172
/mnt/pd/tema1/new/results/ml_samples/N2_sw0.30_x+0_i0064.h5,2,3.000000000e-01,0,1.000000000e+00,main,true,fall,263
/mnt/pd/tema1/new/results/ml_samples/N2_sw0.30_x+0_i0046.h5,2,3.000000000e-01,0,1.000000000e+00,main,true,rise,586
/mnt/pd/tema1/new/results/ml_samples/N2_sw0.22_x+1_i0032.h5,2,2.200000000e-01,1,1.097489111e+00,gen_sigma,true,fall,3052
/mnt/pd/tema1/new/results/ml_samples/N2_sw0.30_x+0_i0036.h5,2,3.000000000e-01,0,1.000000000e+00,main,true,fall,916
/mnt/pd/tema1/new/results/ml_samples/N2_sw0.30_x+0_i0066.h5,2,3.000000000e-01,0,1.000000000e+00,main,true,fall,237
/mnt/pd/tema1/new/results/ml_samples/N2_sw0.30_x+0_i0074.h5,2,3.000000000e-01,0,1.000000000e+00,main,true,fall,205
/mnt/pd/tema1/new/results/ml_samples/N2_sw0.30_x+0_i0080.h5,2,3.000000000e-01,0,1.000000000e+00,main,true,fall,145
/mnt/pd/tema1/new/results/ml_samples/N2_sw0.30_x+0_i0060.h5,2,3.000000000e-01,0,1.000000000e+00,main,true,fall,490
/mnt/pd/tema1/new/results/ml_samples/N2_sw0.30_x+0_i0030.h5,2,3.000000000e-01,0,1.000000000e+00,main,true,fall,987
/mnt/pd/tema1/new/results/ml_samples/N2_sw0.30_x+0_i0076.h5,2,3.000000000e-01,0,1.000000000e+00,main,true,fall,217
/mnt/pd/tema1/new/results/ml_samples/N2_sw0.30_x+0_i0016.h5,2,3.000000000e-01,0,1.000000000e+00,main,true,fall,1366
/mnt/pd/tema1/new/results/ml_samples/N2_sw0.30_x+0_i0058.h5,2,3.000000000e-01,0,1.000000000e+00,main,true,fall,410
/mnt/pd/tema1/new/results/ml_samples/N2_sw0.30_x+0_i0084.h5,2,3.000000000e-01,0,1.000000000e+00,main,true,fall,187
/mnt/pd/tema1/new/results/ml_samples/N2_sw0.30_x+0_i0100.h5,2,3.000000000e-01,0,1.000000000e+00,main,true,fall,162
/mnt/pd/tema1/new/results/ml_samples/N2_sw0.30_x+0_i0086.h5,2,3.000000000e-01,0,1.000000000e+00,main,true,rise,364
/mnt/pd/tema1/new/results/ml_samples/N2_sw0.30_x+0_i0002.h5,2,3.000000000e-01,0,1.000000000e+00,main,true,fall,2185
/mnt/pd/tema1/new/results/ml_samples/N2_sw0.30_x+0_i0098.h5,2,3.000000000e-01,0,1.000000000e+00,main,true,fall,200
/mnt/pd/tema1/new/results/ml_samples/N2_sw0.30_x+0_i0062.h5,2,3.000000000e-01,0,1.000000000e+00,main,true,rise,785
/mnt/pd/tema1/new/results/ml_samples/N2_sw0.30_x+0_i0102.h5,2,3.000000000e-01,0,1.000000000e+00,main,true,fall,123
/mnt/pd/tema1/new/results/ml_samples/N2_sw0.30_x+0_i0034.h5,2,3.000000000e-01,0,1.000000000e+00,main,true,rise,1434
/mnt/pd/tema1/new/results/ml_samples/N2_sw0.30_x+0_i0068.h5,2,3.000000000e-01,0,1.000000000e+00,main,true,rise,991
/mnt/pd/tema1/new/results/ml_samples/N2_sw0.30_x+0_i0010.h5,2,3.000000000e-01,0,1.000000000e+00,main,true,fall,2212
/mnt/pd/tema1/new/results/ml_samples/N2_sw0.30_x+0_i0116.h5,2,3.000000000e-01,0,1.000000000e+00,main,true,fall,101
/mnt/pd/tema1/new/results/ml_samples/N2_sw0.30_x+0_i0050.h5,2,3.000000000e-01,0,1.000000000e+00,main,true,rise,1132
/mnt/pd/tema1/new/results/ml_samples/N2_sw0.30_x+0_i0090.h5,2,3.000000000e-01,0,1.000000000e+00,main,true,fall,495
/mnt/pd/tema1/new/results/ml_samples/N2_sw0.30_x+0_i0048.h5,2,3.000000000e-01,0,1.000000000e+00,main,true,rise,1354
/mnt/pd/tema1/new/results/ml_samples/N2_sw0.30_x+0_i0092.h5,2,3.000000000e-01,0,1.000000000e+00,main,true,rise,680
/mnt/pd/tema1/new/results/ml_samples/N2_sw0.30_x+0_i0106.h5,2,3.000000000e-01,0,1.000000000e+00,main,true,fall,637
/mnt/pd/tema1/new/results/ml_samples/N2_sw0.30_x+0_i0110.h5,2,3.000000000e-01,0,1.000000000e+00,main,true,fall,216
/mnt/pd/tema1/new/results/ml_samples/N2_sw0.30_x+0_i0112.h5,2,3.000000000e-01,0,1.000000000e+00,main,true,fall,443
/mnt/pd/tema1/new/results/ml_samples/N2_sw0.30_x+0_i0024.h5,2,3.000000000e-01,0,1.000000000e+00,main,true,fall,2161
/mnt/pd/tema1/new/results/ml_samples/N2_sw0.22_x-1_i0034.h5,2,2.200000000e-01,-1,9.025108888e-01,gen_sigma,true,fall,2842
/mnt/pd/tema1/new/results/ml_samples/N2_sw0.30_x+0_i0114.h5,2,3.000000000e-01,0,1.000000000e+00,main,true,fall,525
/mnt/pd/tema1/new/results/ml_samples/N2_sw0.30_x+0_i0134.h5,2,3.000000000e-01,0,1.000000000e+00,main,true,fall,155
/mnt/pd/tema1/new/results/ml_samples/N2_sw0.30_x+0_i0126.h5,2,3.000000000e-01,0,1.000000000e+00,main,true,fall,331
/mnt/pd/tema1/new/results/ml_samples/N2_sw0.30_x+0_i0136.h5,2,3.000000000e-01,0,1.000000000e+00,main,true,fall,171
/mnt/pd/tema1/new/results/ml_samples/N2_sw0.30_x+0_i0078.h5,2,3.000000000e-01,0,1.000000000e+00,main,true,fall,1311
/mnt/pd/tema1/new/results/ml_samples/N2_sw0.30_x+0_i0104.h5,2,3.000000000e-01,0,1.000000000e+00,main,true,fall,839
/mnt/pd/tema1/new/results/ml_samples/N2_sw0.30_x+0_i0094.h5,2,3.000000000e-01,0,1.000000000e+00,main,true,fall,1018
/mnt/pd/tema1/new/results/ml_samples/N2_sw0.30_x+0_i0118.h5,2,3.000000000e-01,0,1.000000000e+00,main,true,fall,567
/mnt/pd/tema1/new/results/ml_samples/N2_sw0.30_x+0_i0144.h5,2,3.000000000e-01,0,1.000000000e+00,main,true,fall,291
/mnt/pd/tema1/new/results/ml_samples/N2_sw0.30_x+0_i0150.h5,2,3.000000000e-01,0,1.000000000e+00,main,true,fall,105
/mnt/pd/tema1/new/results/ml_samples/N2_sw0.30_x+0_i0130.h5,2,3.000000000e-01,0,1.000000000e+00,main,true,fall,473
/mnt/pd/tema1/new/results/ml_samples/N2_sw0.30_x+0_i0052.h5,2,3.000000000e-01,0,1.000000000e+00,main,true,fall,2934
/mnt/pd/tema1/new/results/ml_samples/N2_sw0.30_x+0_i0122.h5,2,3.000000000e-01,0,1.000000000e+00,main,true,fall,684
/mnt/pd/tema1/new/results/ml_samples/N2_sw0.30_x+0_i0142.h5,2,3.000000000e-01,0,1.000000000e+00,main,true,rise,426
/mnt/pd/tema1/new/results/ml_samples/N2_sw0.30_x+0_i0166.h5,2,3.000000000e-01,0,1.000000000e+00,main,true,fall,175
/mnt/pd/tema1/new/results/ml_samples/N2_sw0.30_x+0_i0082.h5,2,3.000000000e-01,0,1.000000000e+00,main,true,rise,2479
/mnt/pd/tema1/new/results/ml_samples/N2_sw0.30_x+0_i0132.h5,2,3.000000000e-01,0,1.000000000e+00,main,true,rise,791
/mnt/pd/tema1/new/results/ml_samples/N2_sw0.30_x+0_i0170.h5,2,3.000000000e-01,0,1.000000000e+00,main,true,fall,455
/mnt/pd/tema1/new/results/ml_samples/N2_sw0.30_x+0_i0172.h5,2,3.000000000e-01,0,1.000000000e+00,main,true,fall,207
/mnt/pd/tema1/new/results/ml_samples/N2_sw0.30_x+0_i0020.h5,2,3.000000000e-01,0,1.000000000e+00,main,true,rise,3196
/mnt/pd/tema1/new/results/ml_samples/N2_sw0.30_x+0_i0152.h5,2,3.000000000e-01,0,1.000000000e+00,main,true,fall,640
/mnt/pd/tema1/new/results/ml_samples/N2_sw0.30_x+0_i0124.h5,2,3.000000000e-01,0,1.000000000e+00,main,true,rise,1138
/mnt/pd/tema1/new/results/ml_samples/N2_sw0.30_x+0_i0072.h5,2,3.000000000e-01,0,1.000000000e+00,main,true,fall,2399
/mnt/pd/tema1/new/results/ml_samples/N2_sw0.30_x+0_i0088.h5,2,3.000000000e-01,0,1.000000000e+00,main,true,rise,2083
/mnt/pd/tema1/new/results/ml_samples/N2_sw0.30_x+0_i0022.h5,2,3.000000000e-01,0,1.000000000e+00,main,true,rise,3399
/mnt/pd/tema1/new/results/ml_samples/N2_sw0.30_x+0_i0162.h5,2,3.000000000e-01,0,1.000000000e+00,main,true,fall,787
/mnt/pd/tema1/new/results/ml_samples/N2_sw0.30_x+0_i0160.h5,2,3.000000000e-01,0,1.000000000e+00,main,true,fall,750
/mnt/pd/tema1/new/results/ml_samples/N2_sw0.30_x+0_i0140.h5,2,3.000000000e-01,0,1.000000000e+00,main,true,rise,1147
/mnt/pd/tema1/new/results/ml_samples/N2_sw0.30_x+0_i0182.h5,2,3.000000000e-01,0,1.000000000e+00,main,true,rise,510
/mnt/pd/tema1/new/results/ml_samples/N2_sw0.30_x+0_i0158.h5,2,3.000000000e-01,0,1.000000000e+00,main,true,rise,839
/mnt/pd/tema1/new/results/ml_samples/N2_sw0.30_x+0_i0192.h5,2,3.000000000e-01,0,1.000000000e+00,main,true,fall,138
/mnt/pd/tema1/new/results/ml_samples/N2_sw0.30_x+0_i0146.h5,2,3.000000000e-01,0,1.000000000e+00,main,true,fall,1234
/mnt/pd/tema1/new/results/ml_samples/N2_sw0.30_x+0_i0148.h5,2,3.000000000e-01,0,1.000000000e+00,main,true,fall,1136
/mnt/pd/tema1/new/results/ml_samples/N2_sw0.30_x+0_i0156.h5,2,3.000000000e-01,0,1.000000000e+00,main,true,fall,1074
/mnt/pd/tema1/new/results/ml_samples/N2_sw0.30_x+0_i0188.h5,2,3.000000000e-01,0,1.000000000e+00,main,true,fall,206
/mnt/pd/tema1/new/results/ml_samples/N2_sw0.30_x+0_i0196.h5,2,3.000000000e-01,0,1.000000000e+00,main,true,rise,283
/mnt/pd/tema1/new/results/ml_samples/N2_sw0.30_x+0_i0138.h5,2,3.000000000e-01,0,1.000000000e+00,main,true,rise,1479
/mnt/pd/tema1/new/results/ml_samples/N2_sw0.30_x+0_i0180.h5,2,3.000000000e-01,0,1.000000000e+00,main,true,rise,687
/mnt/pd/tema1/new/results/ml_samples/N2_sw0.30_x+1_i0000.h5,2,3.000000000e-01,1,1.132939697e+00,main,true,fall,329
/mnt/pd/tema1/new/results/ml_samples/N2_sw0.30_x+0_i0168.h5,2,3.000000000e-01,0,1.000000000e+00,main,true,fall,1165
/mnt/pd/tema1/new/results/ml_samples/N2_sw0.22_x+1_i0038.h5,2,2.200000000e-01,1,1.097489111e+00,gen_sigma,true,rise,5708
/mnt/pd/tema1/new/results/ml_samples/N2_sw0.30_x+1_i0002.h5,2,3.000000000e-01,1,1.132939697e+00,main,true,rise,484
/mnt/pd/tema1/new/results/ml_samples/N2_sw0.30_x+1_i0006.h5,2,3.000000000e-01,1,1.132939697e+00,main,true,fall,345
/mnt/pd/tema1/new/results/ml_samples/N2_sw0.30_x+0_i0096.h5,2,3.000000000e-01,0,1.000000000e+00,main,true,fall,2627
/mnt/pd/tema1/new/results/ml_samples/N2_sw0.30_x+0_i0108.h5,2,3.000000000e-01,0,1.000000000e+00,main,true,rise,2409
/mnt/pd/tema1/new/results/ml_samples/N2_sw0.30_x+0_i0190.h5,2,3.000000000e-01,0,1.000000000e+00,main,true,fall,743
/mnt/pd/tema1/new/results/ml_samples/N2_sw0.30_x+0_i0186.h5,2,3.000000000e-01,0,1.000000000e+00,main,true,rise,769
/mnt/pd/tema1/new/results/ml_samples/N2_sw0.30_x+0_i0164.h5,2,3.000000000e-01,0,1.000000000e+00,main,true,fall,1380
/mnt/pd/tema1/new/results/ml_samples/N2_sw0.30_x+1_i0016.h5,2,3.000000000e-01,1,1.132939697e+00,main,true,fall,201
/mnt/pd/tema1/new/results/ml_samples/N2_sw0.30_x+1_i0018.h5,2,3.000000000e-01,1,1.132939697e+00,main,true,fall,231
/mnt/pd/tema1/new/results/ml_samples/N2_sw0.30_x+0_i0178.h5,2,3.000000000e-01,0,1.000000000e+00,main,true,rise,1747
/mnt/pd/tema1/new/results/ml_samples/N2_sw0.30_x+0_i0154.h5,2,3.000000000e-01,0,1.000000000e+00,main,true,rise,1742
/mnt/pd/tema1/new/results/ml_samples/N2_sw0.30_x+1_i0026.h5,2,3.000000000e-01,1,1.132939697e+00,main,true,rise,327
/mnt/pd/tema1/new/results/ml_samples/N2_sw0.30_x+1_i0048.h5,2,3.000000000e-01,1,1.132939697e+00,main,true,fall,331
/mnt/pd/tema1/new/results/ml_samples/N2_sw0.30_x+1_i0030.h5,2,3.000000000e-01,1,1.132939697e+00,main,true,fall,192
/mnt/pd/tema1/new/results/ml_samples/N2_sw0.30_x+1_i0004.h5,2,3.000000000e-01,1,1.132939697e+00,main,true,rise,1262
/mnt/pd/tema1/new/results/ml_samples/N2_sw0.30_x+1_i0012.h5,2,3.000000000e-01,1,1.132939697e+00,main,true,rise,709
/mnt/pd/tema1/new/results/ml_samples/N2_sw0.30_x+1_i0042.h5,2,3.000000000e-01,1,1.132939697e+00,main,true,fall,232
/mnt/pd/tema1/new/results/ml_samples/N2_sw0.30_x+0_i0174.h5,2,3.000000000e-01,0,1.000000000e+00,main,true,rise,1325
/mnt/pd/tema1/new/results/ml_samples/N2_sw0.30_x+1_i0036.h5,2,3.000000000e-01,1,1.132939697e+00,main,true,fall,316
/mnt/pd/tema1/new/results/ml_samples/N2_sw0.30_x+1_i0010.h5,2,3.000000000e-01,1,1.132939697e+00,main,true,rise,667
/mnt/pd/tema1/new/results/ml_samples/N2_sw0.30_x+0_i0194.h5,2,3.000000000e-01,0,1.000000000e+00,main,true,fall,1105
/mnt/pd/tema1/new/results/ml_samples/N2_sw0.30_x+1_i0028.h5,2,3.000000000e-01,1,1.132939697e+00,main,true,rise,659
/mnt/pd/tema1/new/results/ml_samples/N2_sw0.30_x+1_i0022.h5,2,3.000000000e-01,1,1.132939697e+00,main,true,rise,735
/mnt/pd/tema1/new/results/ml_samples/N2_sw0.30_x+1_i0020.h5,2,3.000000000e-01,1,1.132939697e+00,main,true,rise,833
/mnt/pd/tema1/new/results/ml_samples/N2_sw0.30_x+1_i0044.h5,2,3.000000000e-01,1,1.132939697e+00,main,true,rise,515
/mnt/pd/tema1/new/results/ml_samples/N2_sw0.30_x+1_i0024.h5,2,3.000000000e-01,1,1.132939697e+00,main,true,rise,955
/mnt/pd/tema1/new/results/ml_samples/N2_sw0.30_x+1_i0038.h5,2,3.000000000e-01,1,1.132939697e+00,main,true,fall,836
/mnt/pd/tema1/new/results/ml_samples/N2_sw0.30_x+0_i0198.h5,2,3.000000000e-01,0,1.000000000e+00,main,true,rise,1594
/mnt/pd/tema1/new/results/ml_samples/N2_sw0.30_x+1_i0066.h5,2,3.000000000e-01,1,1.132939697e+00,main,true,rise,335
/mnt/pd/tema1/new/results/ml_samples/N2_sw0.30_x+1_i0056.h5,2,3.000000000e-01,1,1.132939697e+00,main,true,rise,632
/mnt/pd/tema1/new/results/ml_samples/N2_sw0.30_x+1_i0008.h5,2,3.000000000e-01,1,1.132939697e+00,main,true,rise,1250
/mnt/pd/tema1/new/results/ml_samples/N2_sw0.30_x+1_i0058.h5,2,3.000000000e-01,1,1.132939697e+00,main,true,rise,749
/mnt/pd/tema1/new/results/ml_samples/N2_sw0.30_x+0_i0128.h5,2,3.000000000e-01,0,1.000000000e+00,main,true,rise,3117
/mnt/pd/tema1/new/results/ml_samples/N2_sw0.30_x+1_i0062.h5,2,3.000000000e-01,1,1.132939697e+00,main,true,rise,428
/mnt/pd/tema1/new/results/ml_samples/N2_sw0.30_x+1_i0074.h5,2,3.000000000e-01,1,1.132939697e+00,main,true,fall,330
/mnt/pd/tema1/new/results/ml_samples/N2_sw0.30_x+1_i0014.h5,2,3.000000000e-01,1,1.132939697e+00,main,true,rise,1353
/mnt/pd/tema1/new/results/ml_samples/N2_sw0.30_x+1_i0068.h5,2,3.000000000e-01,1,1.132939697e+00,main,true,rise,659
/mnt/pd/tema1/new/results/ml_samples/N2_sw0.30_x+1_i0054.h5,2,3.000000000e-01,1,1.132939697e+00,main,true,rise,1310
/mnt/pd/tema1/new/results/ml_samples/N2_sw0.30_x+1_i0034.h5,2,3.000000000e-01,1,1.132939697e+00,main,true,fall,933
/mnt/pd/tema1/new/results/ml_samples/N2_sw0.30_x+1_i0064.h5,2,3.000000000e-01,1,1.132939697e+00,main,true,rise,719
/mnt/pd/tema1/new/results/ml_samples/N2_sw0.30_x+1_i0060.h5,2,3.000000000e-01,1,1.132939697e+00,main,true,rise,671
/mnt/pd/tema1/new/results/ml_samples/N2_sw0.30_x+1_i0052.h5,2,3.000000000e-01,1,1.132939697e+00,main,true,rise,946
/mnt/pd/tema1/new/results/ml_samples/N2_sw0.30_x+1_i0080.h5,2,3.000000000e-01,1,1.132939697e+00,main,true,fall,296
/mnt/pd/tema1/new/results/ml_samples/N2_sw0.30_x+1_i0092.h5,2,3.000000000e-01,1,1.132939697e+00,main,true,rise,408
/mnt/pd/tema1/new/results/ml_samples/N2_sw0.30_x+1_i0078.h5,2,3.000000000e-01,1,1.132939697e+00,main,true,rise,414
/mnt/pd/tema1/new/results/ml_samples/N2_sw0.30_x+1_i0096.h5,2,3.000000000e-01,1,1.132939697e+00,main,true,fall,170
/mnt/pd/tema1/new/results/ml_samples/N2_sw0.30_x+1_i0050.h5,2,3.000000000e-01,1,1.132939697e+00,main,true,rise,1126
/mnt/pd/tema1/new/results/ml_samples/N2_sw0.30_x+1_i0082.h5,2,3.000000000e-01,1,1.132939697e+00,main,true,rise,306
/mnt/pd/tema1/new/results/ml_samples/N2_sw0.30_x+1_i0086.h5,2,3.000000000e-01,1,1.132939697e+00,main,true,rise,497
/mnt/pd/tema1/new/results/ml_samples/N2_sw0.30_x+1_i0098.h5,2,3.000000000e-01,1,1.132939697e+00,main,true,rise,386
/mnt/pd/tema1/new/results/ml_samples/N2_sw0.30_x+0_i0176.h5,2,3.000000000e-01,0,1.000000000e+00,main,true,fall,2545
/mnt/pd/tema1/new/results/ml_samples/N2_sw0.30_x+1_i0106.h5,2,3.000000000e-01,1,1.132939697e+00,main,true,rise,296
/mnt/pd/tema1/new/results/ml_samples/N2_sw0.30_x+1_i0032.h5,2,3.000000000e-01,1,1.132939697e+00,main,true,rise,1594
/mnt/pd/tema1/new/results/ml_samples/N2_sw0.30_x+1_i0040.h5,2,3.000000000e-01,1,1.132939697e+00,main,true,rise,1416
/mnt/pd/tema1/new/results/ml_samples/N2_sw0.30_x+1_i0090.h5,2,3.000000000e-01,1,1.132939697e+00,main,true,rise,643
/mnt/pd/tema1/new/results/ml_samples/N2_sw0.30_x+1_i0116.h5,2,3.000000000e-01,1,1.132939697e+00,main,true,rise,566
/mnt/pd/tema1/new/results/ml_samples/N2_sw0.30_x+1_i0108.h5,2,3.000000000e-01,1,1.132939697e+00,main,true,rise,422
/mnt/pd/tema1/new/results/ml_samples/N2_sw0.30_x+1_i0070.h5,2,3.000000000e-01,1,1.132939697e+00,main,true,rise,1406
/mnt/pd/tema1/new/results/ml_samples/N2_sw0.30_x+1_i0104.h5,2,3.000000000e-01,1,1.132939697e+00,main,true,rise,809
/mnt/pd/tema1/new/results/ml_samples/N2_sw0.30_x+1_i0076.h5,2,3.000000000e-01,1,1.132939697e+00,main,true,rise,1256
/mnt/pd/tema1/new/results/ml_samples/N2_sw0.30_x+1_i0114.h5,2,3.000000000e-01,1,1.132939697e+00,main,true,rise,435
/mnt/pd/tema1/new/results/ml_samples/N2_sw0.30_x+1_i0132.h5,2,3.000000000e-01,1,1.132939697e+00,main,true,fall,171
/mnt/pd/tema1/new/results/ml_samples/N2_sw0.30_x+0_i0184.h5,2,3.000000000e-01,0,1.000000000e+00,main,true,fall,2793
/mnt/pd/tema1/new/results/ml_samples/N2_sw0.30_x+1_i0046.h5,2,3.000000000e-01,1,1.132939697e+00,main,true,rise,1774
/mnt/pd/tema1/new/results/ml_samples/N2_sw0.30_x+1_i0112.h5,2,3.000000000e-01,1,1.132939697e+00,main,true,rise,614
/mnt/pd/tema1/new/results/ml_samples/N2_sw0.30_x+1_i0122.h5,2,3.000000000e-01,1,1.132939697e+00,main,true,rise,597
/mnt/pd/tema1/new/results/ml_samples/N2_sw0.30_x+1_i0130.h5,2,3.000000000e-01,1,1.132939697e+00,main,true,rise,431
/mnt/pd/tema1/new/results/ml_samples/N2_sw0.30_x+1_i0146.h5,2,3.000000000e-01,1,1.132939697e+00,main,true,rise,298
/mnt/pd/tema1/new/results/ml_samples/N2_sw0.30_x+1_i0084.h5,2,3.000000000e-01,1,1.132939697e+00,main,true,fall,1242
/mnt/pd/tema1/new/results/ml_samples/N2_sw0.30_x+1_i0156.h5,2,3.000000000e-01,1,1.132939697e+00,main,true,rise,232
/mnt/pd/tema1/new/results/ml_samples/N2_sw0.30_x+1_i0118.h5,2,3.000000000e-01,1,1.132939697e+00,main,true,fall,808
/mnt/pd/tema1/new/results/ml_samples/N2_sw0.30_x+1_i0140.h5,2,3.000000000e-01,1,1.132939697e+00,main,true,rise,664
/mnt/pd/tema1/new/results/ml_samples/N2_sw0.30_x+1_i0142.h5,2,3.000000000e-01,1,1.132939697e+00,main,true,rise,425
/mnt/pd/tema1/new/results/ml_samples/N2_sw0.30_x+1_i0100.h5,2,3.000000000e-01,1,1.132939697e+00,main,true,rise,1225
/mnt/pd/tema1/new/results/ml_samples/N2_sw0.30_x+1_i0102.h5,2,3.000000000e-01,1,1.132939697e+00,main,true,rise,1122
/mnt/pd/tema1/new/results/ml_samples/N2_sw0.30_x+1_i0072.h5,2,3.000000000e-01,1,1.132939697e+00,main,true,fall,1915
/mnt/pd/tema1/new/results/ml_samples/N2_sw0.30_x+1_i0120.h5,2,3.000000000e-01,1,1.132939697e+00,main,true,fall,1135
/mnt/pd/tema1/new/results/ml_samples/N2_sw0.30_x+1_i0172.h5,2,3.000000000e-01,1,1.132939697e+00,main,true,fall,268
/mnt/pd/tema1/new/results/ml_samples/N2_sw0.30_x+1_i0148.h5,2,3.000000000e-01,1,1.132939697e+00,main,true,rise,617
/mnt/pd/tema1/new/results/ml_samples/N2_sw0.30_x+1_i0134.h5,2,3.000000000e-01,1,1.132939697e+00,main,true,rise,913
/mnt/pd/tema1/new/results/ml_samples/N2_sw0.30_x+1_i0158.h5,2,3.000000000e-01,1,1.132939697e+00,main,true,rise,505
/mnt/pd/tema1/new/results/ml_samples/N2_sw0.30_x+1_i0168.h5,2,3.000000000e-01,1,1.132939697e+00,main,true,rise,314
/mnt/pd/tema1/new/results/ml_samples/N2_sw0.30_x+1_i0126.h5,2,3.000000000e-01,1,1.132939697e+00,main,true,rise,936
/mnt/pd/tema1/new/results/ml_samples/N2_sw0.30_x+1_i0164.h5,2,3.000000000e-01,1,1.132939697e+00,main,true,rise,985
/mnt/pd/tema1/new/results/ml_samples/N2_sw0.30_x+1_i0094.h5,2,3.000000000e-01,1,1.132939697e+00,main,true,rise,1637
/mnt/pd/tema1/new/results/ml_samples/N2_sw0.30_x+1_i0182.h5,2,3.000000000e-01,1,1.132939697e+00,main,true,rise,299
/mnt/pd/tema1/new/results/ml_samples/N2_sw0.30_x+1_i0088.h5,2,3.000000000e-01,1,1.132939697e+00,main,true,rise,1908
/mnt/pd/tema1/new/results/ml_samples/N2_sw0.30_x+1_i0128.h5,2,3.000000000e-01,1,1.132939697e+00,main,true,fall,1256
/mnt/pd/tema1/new/results/ml_samples/N2_sw0.30_x+1_i0124.h5,2,3.000000000e-01,1,1.132939697e+00,main,true,rise,1403
/mnt/pd/tema1/new/results/ml_samples/N2_sw0.30_x+1_i0178.h5,2,3.000000000e-01,1,1.132939697e+00,main,true,rise,329
/mnt/pd/tema1/new/results/ml_samples/N2_sw0.30_x+1_i0154.h5,2,3.000000000e-01,1,1.132939697e+00,main,true,fall,882
/mnt/pd/tema1/new/results/ml_samples/N2_sw0.30_x+1_i0170.h5,2,3.000000000e-01,1,1.132939697e+00,main,true,rise,719
/mnt/pd/tema1/new/results/ml_samples/N2_sw0.30_x+1_i0136.h5,2,3.000000000e-01,1,1.132939697e+00,main,true,rise,1148
/mnt/pd/tema1/new/results/ml_samples/N2_sw0.30_x+1_i0196.h5,2,3.000000000e-01,1,1.132939697e+00,main,true,fall,221
/mnt/pd/tema1/new/results/ml_samples/N2_sw0.30_x+1_i0110.h5,2,3.000000000e-01,1,1.132939697e+00,main,true,rise,1569
/mnt/pd/tema1/new/results/ml_samples/N2_sw0.30_x+1_i0138.h5,2,3.000000000e-01,1,1.132939697e+00,main,true,rise,1246
/mnt/pd/tema1/new/results/ml_samples/N2_sw0.30_x+1_i0160.h5,2,3.000000000e-01,1,1.132939697e+00,main,true,rise,815
/mnt/pd/tema1/new/results/ml_samples/N2_sw0.30_x+1_i0144.h5,2,3.000000000e-01,1,1.132939697e+00,main,true,rise,1265
/mnt/pd/tema1/new/results/ml_samples/N2_sw0.30_x+1_i0174.h5,2,3.000000000e-01,1,1.132939697e+00,main,true,rise,705
/mnt/pd/tema1/new/results/ml_samples/N2_sw0.30_x+1_i0184.h5,2,3.000000000e-01,1,1.132939697e+00,main,true,rise,1080
/mnt/pd/tema1/new/results/ml_samples/N2_sw0.30_x+1_i0194.h5,2,3.000000000e-01,1,1.132939697e+00,main,true,rise,701
/mnt/pd/tema1/new/results/ml_samples/N2_sw0.30_x+1_i0186.h5,2,3.000000000e-01,1,1.132939697e+00,main,true,rise,585
/mnt/pd/tema1/new/results/ml_samples/N2_sw0.30_x+2_i0018.h5,2,3.000000000e-01,2,1.265879394e+00,main,true,rise,312
/mnt/pd/tema1/new/results/ml_samples/N2_sw0.30_x+1_i0176.h5,2,3.000000000e-01,1,1.132939697e+00,main,true,rise,914
/mnt/pd/tema1/new/results/ml_samples/N2_sw0.30_x+2_i0020.h5,2,3.000000000e-01,2,1.265879394e+00,main,true,rise,357
/mnt/pd/tema1/new/results/ml_samples/N2_sw0.30_x+2_i0012.h5,2,3.000000000e-01,2,1.265879394e+00,main,true,rise,316
/mnt/pd/tema1/new/results/ml_samples/N2_sw0.30_x+0_i0120.h5,2,3.000000000e-01,0,1.000000000e+00,main,true,timeout,6001
/mnt/pd/tema1/new/results/ml_samples/N2_sw0.30_x+2_i0006.h5,2,3.000000000e-01,2,1.265879394e+00,main,true,rise,499
/mnt/pd/tema1/new/results/ml_samples/N2_sw0.30_x+2_i0000.h5,2,3.000000000e-01,2,1.265879394e+00,main,true,rise,586
/mnt/pd/tema1/new/results/ml_samples/N2_sw0.30_x+2_i0022.h5,2,3.000000000e-01,2,1.265879394e+00,main,true,rise,390
/mnt/pd/tema1/new/results/ml_samples/N2_sw0.30_x+1_i0190.h5,2,3.000000000e-01,1,1.132939697e+00,main,true,rise,718
/mnt/pd/tema1/new/results/ml_samples/N2_sw0.30_x+2_i0004.h5,2,3.000000000e-01,2,1.265879394e+00,main,true,rise,377
/mnt/pd/tema1/new/results/ml_samples/N2_sw0.30_x+1_i0162.h5,2,3.000000000e-01,1,1.132939697e+00,main,true,rise,1733
/mnt/pd/tema1/new/results/ml_samples/N2_sw0.30_x+2_i0010.h5,2,3.000000000e-01,2,1.265879394e+00,main,true,rise,698
/mnt/pd/tema1/new/results/ml_samples/N2_sw0.30_x+1_i0166.h5,2,3.000000000e-01,1,1.132939697e+00,main,true,rise,1343
/mnt/pd/tema1/new/results/ml_samples/N2_sw0.30_x+2_i0032.h5,2,3.000000000e-01,2,1.265879394e+00,main,true,rise,275
/mnt/pd/tema1/new/results/ml_samples/N2_sw0.30_x+2_i0026.h5,2,3.000000000e-01,2,1.265879394e+00,main,true,rise,530
/mnt/pd/tema1/new/results/ml_samples/N2_sw0.30_x+2_i0014.h5,2,3.000000000e-01,2,1.265879394e+00,main,true,rise,700
/mnt/pd/tema1/new/results/ml_samples/N2_sw0.30_x+1_i0188.h5,2,3.000000000e-01,1,1.132939697e+00,main,true,rise,1108
/mnt/pd/tema1/new/results/ml_samples/N2_sw0.30_x+2_i0030.h5,2,3.000000000e-01,2,1.265879394e+00,main,true,rise,374
/mnt/pd/tema1/new/results/ml_samples/N2_sw0.30_x+2_i0024.h5,2,3.000000000e-01,2,1.265879394e+00,main,true,rise,564
/mnt/pd/tema1/new/results/ml_samples/N2_sw0.30_x+2_i0042.h5,2,3.000000000e-01,2,1.265879394e+00,main,true,rise,458
/mnt/pd/tema1/new/results/ml_samples/N2_sw0.30_x+2_i0052.h5,2,3.000000000e-01,2,1.265879394e+00,main,true,rise,227
/mnt/pd/tema1/new/results/ml_samples/N2_sw0.30_x+2_i0036.h5,2,3.000000000e-01,2,1.265879394e+00,main,true,rise,446
/mnt/pd/tema1/new/results/ml_samples/N2_sw0.30_x+2_i0028.h5,2,3.000000000e-01,2,1.265879394e+00,main,true,rise,826
/mnt/pd/tema1/new/results/ml_samples/N2_sw0.30_x+2_i0038.h5,2,3.000000000e-01,2,1.265879394e+00,main,true,rise,493
/mnt/pd/tema1/new/results/ml_samples/N2_sw0.30_x+2_i0044.h5,2,3.000000000e-01,2,1.265879394e+00,main,true,rise,376
/mnt/pd/tema1/new/results/ml_samples/N2_sw0.30_x+2_i0016.h5,2,3.000000000e-01,2,1.265879394e+00,main,true,rise,1514
/mnt/pd/tema1/new/results/ml_samples/N2_sw0.30_x+1_i0198.h5,2,3.000000000e-01,1,1.132939697e+00,main,true,rise,917
/mnt/pd/tema1/new/results/ml_samples/N2_sw0.30_x+2_i0040.h5,2,3.000000000e-01,2,1.265879394e+00,main,true,rise,338
/mnt/pd/tema1/new/results/ml_samples/N2_sw0.30_x+1_i0180.h5,2,3.000000000e-01,1,1.132939697e+00,main,true,rise,1614
/mnt/pd/tema1/new/results/ml_samples/N2_sw0.30_x+2_i0050.h5,2,3.000000000e-01,2,1.265879394e+00,main,true,rise,525
/mnt/pd/tema1/new/results/ml_samples/N2_sw0.30_x+2_i0066.h5,2,3.000000000e-01,2,1.265879394e+00,main,true,rise,309
/mnt/pd/tema1/new/results/ml_samples/N2_sw0.30_x+2_i0062.h5,2,3.000000000e-01,2,1.265879394e+00,main,true,rise,295
/mnt/pd/tema1/new/results/ml_samples/N2_sw0.30_x+2_i0034.h5,2,3.000000000e-01,2,1.265879394e+00,main,true,rise,658
/mnt/pd/tema1/new/results/ml_samples/N2_sw0.30_x+2_i0048.h5,2,3.000000000e-01,2,1.265879394e+00,main,true,rise,582
/mnt/pd/tema1/new/results/ml_samples/N2_sw0.30_x+2_i0064.h5,2,3.000000000e-01,2,1.265879394e+00,main,true,rise,319
/mnt/pd/tema1/new/results/ml_samples/N2_sw0.30_x+2_i0002.h5,2,3.000000000e-01,2,1.265879394e+00,main,true,rise,1146
/mnt/pd/tema1/new/results/ml_samples/N2_sw0.30_x+2_i0054.h5,2,3.000000000e-01,2,1.265879394e+00,main,true,rise,515
/mnt/pd/tema1/new/results/ml_samples/N2_sw0.30_x+2_i0070.h5,2,3.000000000e-01,2,1.265879394e+00,main,true,rise,289
/mnt/pd/tema1/new/results/ml_samples/N2_sw0.30_x+1_i0152.h5,2,3.000000000e-01,1,1.132939697e+00,main,true,fall,2475
/mnt/pd/tema1/new/results/ml_samples/N2_sw0.30_x+2_i0046.h5,2,3.000000000e-01,2,1.265879394e+00,main,true,rise,646
/mnt/pd/tema1/new/results/ml_samples/N2_sw0.30_x+2_i0078.h5,2,3.000000000e-01,2,1.265879394e+00,main,true,rise,585
/mnt/pd/tema1/new/results/ml_samples/N2_sw0.30_x+2_i0068.h5,2,3.000000000e-01,2,1.265879394e+00,main,true,rise,530
/mnt/pd/tema1/new/results/ml_samples/N2_sw0.30_x+2_i0072.h5,2,3.000000000e-01,2,1.265879394e+00,main,true,rise,351
/mnt/pd/tema1/new/results/ml_samples/N2_sw0.30_x+2_i0082.h5,2,3.000000000e-01,2,1.265879394e+00,main,true,rise,397
/mnt/pd/tema1/new/results/ml_samples/N2_sw0.30_x+2_i0060.h5,2,3.000000000e-01,2,1.265879394e+00,main,true,rise,654
/mnt/pd/tema1/new/results/ml_samples/N2_sw0.30_x+1_i0192.h5,2,3.000000000e-01,1,1.132939697e+00,main,true,rise,1843
/mnt/pd/tema1/new/results/ml_samples/N2_sw0.30_x+2_i0090.h5,2,3.000000000e-01,2,1.265879394e+00,main,true,fall,261
/mnt/pd/tema1/new/results/ml_samples/N2_sw0.30_x+2_i0092.h5,2,3.000000000e-01,2,1.265879394e+00,main,true,rise,309
/mnt/pd/tema1/new/results/ml_samples/N2_sw0.30_x+4_i0002.h5,2,3.000000000e-01,4,1.531758788e+00,main,true,rise,236
/mnt/pd/tema1/new/results/ml_samples/N2_sw0.30_x+4_i0000.h5,2,3.000000000e-01,4,1.531758788e+00,main,true,rise,277
/mnt/pd/tema1/new/results/ml_samples/N2_sw0.30_x+4_i0004.h5,2,3.000000000e-01,4,1.531758788e+00,main,true,rise,256
/mnt/pd/tema1/new/results/ml_samples/N2_sw0.30_x+2_i0074.h5,2,3.000000000e-01,2,1.265879394e+00,main,true,rise,573
/mnt/pd/tema1/new/results/ml_samples/N2_sw0.30_x+2_i0094.h5,2,3.000000000e-01,2,1.265879394e+00,main,true,rise,401
/mnt/pd/tema1/new/results/ml_samples/N2_sw0.30_x+2_i0086.h5,2,3.000000000e-01,2,1.265879394e+00,main,true,rise,647
/mnt/pd/tema1/new/results/ml_samples/N2_sw0.30_x+4_i0014.h5,2,3.000000000e-01,4,1.531758788e+00,main,true,rise,299
/mnt/pd/tema1/new/results/ml_samples/N2_sw0.30_x+2_i0008.h5,2,3.000000000e-01,2,1.265879394e+00,main,true,rise,1807
/mnt/pd/tema1/new/results/ml_samples/N2_sw0.30_x+4_i0006.h5,2,3.000000000e-01,4,1.531758788e+00,main,true,rise,296
/mnt/pd/tema1/new/results/ml_samples/N2_sw0.30_x+2_i0088.h5,2,3.000000000e-01,2,1.265879394e+00,main,true,rise,626
/mnt/pd/tema1/new/results/ml_samples/N2_sw0.30_x+4_i0022.h5,2,3.000000000e-01,4,1.531758788e+00,main,true,rise,154
/mnt/pd/tema1/new/results/ml_samples/N2_sw0.30_x+4_i0020.h5,2,3.000000000e-01,4,1.531758788e+00,main,true,rise,281
/mnt/pd/tema1/new/results/ml_samples/N2_sw0.30_x+4_i0024.h5,2,3.000000000e-01,4,1.531758788e+00,main,true,rise,209
/mnt/pd/tema1/new/results/ml_samples/N2_sw0.30_x+4_i0026.h5,2,3.000000000e-01,4,1.531758788e+00,main,true,rise,200
/mnt/pd/tema1/new/results/ml_samples/N2_sw0.30_x+4_i0010.h5,2,3.000000000e-01,4,1.531758788e+00,main,true,rise,390
/mnt/pd/tema1/new/results/ml_samples/N2_sw0.30_x+4_i0028.h5,2,3.000000000e-01,4,1.531758788e+00,main,true,rise,168
/mnt/pd/tema1/new/results/ml_samples/N2_sw0.30_x+4_i0012.h5,2,3.000000000e-01,4,1.531758788e+00,main,true,rise,294
/mnt/pd/tema1/new/results/ml_samples/N2_sw0.30_x+2_i0056.h5,2,3.000000000e-01,2,1.265879394e+00,main,true,rise,1133
/mnt/pd/tema1/new/results/ml_samples/N2_sw0.30_x+2_i0098.h5,2,3.000000000e-01,2,1.265879394e+00,main,true,rise,542
/mnt/pd/tema1/new/results/ml_samples/N2_sw0.30_x+4_i0030.h5,2,3.000000000e-01,4,1.531758788e+00,main,true,rise,193
/mnt/pd/tema1/new/results/ml_samples/N2_sw0.30_x+4_i0042.h5,2,3.000000000e-01,4,1.531758788e+00,main,true,rise,242
/mnt/pd/tema1/new/results/ml_samples/N2_sw0.30_x+4_i0018.h5,2,3.000000000e-01,4,1.531758788e+00,main,true,rise,439
/mnt/pd/tema1/new/results/ml_samples/N2_sw0.30_x+4_i0016.h5,2,3.000000000e-01,4,1.531758788e+00,main,true,rise,228
/mnt/pd/tema1/new/results/ml_samples/N2_sw0.30_x+1_i0150.h5,2,3.000000000e-01,1,1.132939697e+00,main,true,fall,3051
/mnt/pd/tema1/new/results/ml_samples/N2_sw0.30_x+4_i0008.h5,2,3.000000000e-01,4,1.531758788e+00,main,true,rise,440
/mnt/pd/tema1/new/results/ml_samples/N2_sw0.30_x+4_i0032.h5,2,3.000000000e-01,4,1.531758788e+00,main,true,rise,255
/mnt/pd/tema1/new/results/ml_samples/N2_sw0.30_x+4_i0036.h5,2,3.000000000e-01,4,1.531758788e+00,main,true,rise,235
/mnt/pd/tema1/new/results/ml_samples/N2_sw0.30_x+4_i0046.h5,2,3.000000000e-01,4,1.531758788e+00,main,true,rise,252
/mnt/pd/tema1/new/results/ml_samples/N2_sw0.30_x+4_i0040.h5,2,3.000000000e-01,4,1.531758788e+00,main,true,rise,276
/mnt/pd/tema1/new/results/ml_samples/N2_sw0.30_x+4_i0044.h5,2,3.000000000e-01,4,1.531758788e+00,main,true,rise,286
/mnt/pd/tema1/new/results/ml_samples/N2_sw0.30_x+2_i0058.h5,2,3.000000000e-01,2,1.265879394e+00,main,true,rise,1418
/mnt/pd/tema1/new/results/ml_samples/N2_sw0.30_x+4_i0038.h5,2,3.000000000e-01,4,1.531758788e+00,main,true,rise,171
/mnt/pd/tema1/new/results/ml_samples/N2_sw0.30_x+4_i0070.h5,2,3.000000000e-01,4,1.531758788e+00,main,true,rise,195
/mnt/pd/tema1/new/results/ml_samples/N2_sw0.30_x+4_i0048.h5,2,3.000000000e-01,4,1.531758788e+00,main,true,rise,280
/mnt/pd/tema1/new/results/ml_samples/N2_sw0.30_x+4_i0058.h5,2,3.000000000e-01,4,1.531758788e+00,main,true,rise,162
/mnt/pd/tema1/new/results/ml_samples/N2_sw0.30_x+4_i0068.h5,2,3.000000000e-01,4,1.531758788e+00,main,true,rise,196
/mnt/pd/tema1/new/results/ml_samples/N2_sw0.30_x+4_i0062.h5,2,3.000000000e-01,4,1.531758788e+00,main,true,rise,211
/mnt/pd/tema1/new/results/ml_samples/N2_sw0.30_x+4_i0034.h5,2,3.000000000e-01,4,1.531758788e+00,main,true,rise,530
/mnt/pd/tema1/new/results/ml_samples/N2_sw0.30_x+4_i0050.h5,2,3.000000000e-01,4,1.531758788e+00,main,true,rise,321
/mnt/pd/tema1/new/results/ml_samples/N2_sw0.30_x+2_i0096.h5,2,3.000000000e-01,2,1.265879394e+00,main,true,rise,849
/mnt/pd/tema1/new/results/ml_samples/N2_sw0.30_x+4_i0054.h5,2,3.000000000e-01,4,1.531758788e+00,main,true,rise,321
/mnt/pd/tema1/new/results/ml_samples/N2_sw0.30_x+4_i0066.h5,2,3.000000000e-01,4,1.531758788e+00,main,true,rise,216
/mnt/pd/tema1/new/results/ml_samples/N2_sw0.30_x+2_i0076.h5,2,3.000000000e-01,2,1.265879394e+00,main,true,rise,1203
/mnt/pd/tema1/new/results/ml_samples/N2_sw0.30_x+4_i0060.h5,2,3.000000000e-01,4,1.531758788e+00,main,true,rise,353
/mnt/pd/tema1/new/results/ml_samples/N2_sw0.30_x+4_i0056.h5,2,3.000000000e-01,4,1.531758788e+00,main,true,rise,230
/mnt/pd/tema1/new/results/ml_samples/N2_sw0.30_x+4_i0094.h5,2,3.000000000e-01,4,1.531758788e+00,main,true,rise,232
/mnt/pd/tema1/new/results/ml_samples/N2_sw0.30_x+4_i0072.h5,2,3.000000000e-01,4,1.531758788e+00,main,true,rise,283
/mnt/pd/tema1/new/results/ml_samples/N2_sw0.30_x+4_i0074.h5,2,3.000000000e-01,4,1.531758788e+00,main,true,rise,334
/mnt/pd/tema1/new/results/ml_samples/N2_sw0.30_x+4_i0064.h5,2,3.000000000e-01,4,1.531758788e+00,main,true,rise,257
/mnt/pd/tema1/new/results/ml_samples/N2_sw0.30_x+4_i0080.h5,2,3.000000000e-01,4,1.531758788e+00,main,true,rise,282
/mnt/pd/tema1/new/results/ml_samples/N2_sw0.30_x+4_i0052.h5,2,3.000000000e-01,4,1.531758788e+00,main,true,rise,263
/mnt/pd/tema1/new/results/ml_samples/N2_sw0.30_x+4_i0096.h5,2,3.000000000e-01,4,1.531758788e+00,main,true,rise,168
/mnt/pd/tema1/new/results/ml_samples/N2_sw0.30_x+4_i0076.h5,2,3.000000000e-01,4,1.531758788e+00,main,true,rise,367
/mnt/pd/tema1/new/results/ml_samples/N2_sw0.30_x+4_i0082.h5,2,3.000000000e-01,4,1.531758788e+00,main,true,rise,281
/mnt/pd/tema1/new/results/ml_samples/N2_sw0.30_x+4_i0088.h5,2,3.000000000e-01,4,1.531758788e+00,main,true,rise,272
/mnt/pd/tema1/new/results/ml_samples/N2_sw0.30_x+4_i0086.h5,2,3.000000000e-01,4,1.531758788e+00,main,true,rise,278
/mnt/pd/tema1/new/results/ml_samples/N2_sw0.30_x+4_i0092.h5,2,3.000000000e-01,4,1.531758788e+00,main,true,rise,303
/mnt/pd/tema1/new/results/ml_samples/N2_sw0.30_x-1_i0006.h5,2,3.000000000e-01,-1,8.670603029e-01,main,true,fall,183
/mnt/pd/tema1/new/results/ml_samples/N2_sw0.30_x-1_i0004.h5,2,3.000000000e-01,-1,8.670603029e-01,main,true,fall,176
/mnt/pd/tema1/new/results/ml_samples/N2_sw0.30_x+4_i0090.h5,2,3.000000000e-01,4,1.531758788e+00,main,true,rise,355
/mnt/pd/tema1/new/results/ml_samples/N2_sw0.30_x-1_i0014.h5,2,3.000000000e-01,-1,8.670603029e-01,main,true,fall,273
/mnt/pd/tema1/new/results/ml_samples/N2_sw0.30_x-1_i0012.h5,2,3.000000000e-01,-1,8.670603029e-01,main,true,fall,116
/mnt/pd/tema1/new/results/ml_samples/N2_sw0.30_x+4_i0084.h5,2,3.000000000e-01,4,1.531758788e+00,main,true,rise,340
/mnt/pd/tema1/new/results/ml_samples/N2_sw0.30_x-1_i0024.h5,2,3.000000000e-01,-1,8.670603029e-01,main,true,fall,211
/mnt/pd/tema1/new/results/ml_samples/N2_sw0.30_x-1_i0020.h5,2,3.000000000e-01,-1,8.670603029e-01,main,true,fall,244
/mnt/pd/tema1/new/results/ml_samples/N2_sw0.30_x-1_i0002.h5,2,3.000000000e-01,-1,8.670603029e-01,main,true,fall,417
/mnt/pd/tema1/new/results/ml_samples/N2_sw0.30_x+2_i0084.h5,2,3.000000000e-01,2,1.265879394e+00,main,true,rise,2464
/mnt/pd/tema1/new/results/ml_samples/N2_sw0.30_x-1_i0034.h5,2,3.000000000e-01,-1,8.670603029e-01,main,true,fall,155
/mnt/pd/tema1/new/results/ml_samples/N2_sw0.30_x-1_i0010.h5,2,3.000000000e-01,-1,8.670603029e-01,main,true,fall,198
/mnt/pd/tema1/new/results/ml_samples/N2_sw0.30_x-1_i0042.h5,2,3.000000000e-01,-1,8.670603029e-01,main,true,fall,93
/mnt/pd/tema1/new/results/ml_samples/N2_sw0.30_x-1_i0036.h5,2,3.000000000e-01,-1,8.670603029e-01,main,true,fall,196
/mnt/pd/tema1/new/results/ml_samples/N2_sw0.30_x-1_i0046.h5,2,3.000000000e-01,-1,8.670603029e-01,main,true,fall,117
/mnt/pd/tema1/new/results/ml_samples/N2_sw0.30_x-1_i0040.h5,2,3.000000000e-01,-1,8.670603029e-01,main,true,fall,240
/mnt/pd/tema1/new/results/ml_samples/N2_sw0.30_x+4_i0098.h5,2,3.000000000e-01,4,1.531758788e+00,main,true,rise,371
/mnt/pd/tema1/new/results/ml_samples/N2_sw0.30_x-1_i0030.h5,2,3.000000000e-01,-1,8.670603029e-01,main,true,fall,375
/mnt/pd/tema1/new/results/ml_samples/N2_sw0.30_x+4_i0078.h5,2,3.000000000e-01,4,1.531758788e+00,main,true,rise,777
/mnt/pd/tema1/new/results/ml_samples/N2_sw0.30_x-1_i0050.h5,2,3.000000000e-01,-1,8.670603029e-01,main,true,fall,85
/mnt/pd/tema1/new/results/ml_samples/N2_sw0.30_x-1_i0052.h5,2,3.000000000e-01,-1,8.670603029e-01,main,true,fall,90
/mnt/pd/tema1/new/results/ml_samples/N2_sw0.30_x-1_i0000.h5,2,3.000000000e-01,-1,8.670603029e-01,main,true,fall,443
/mnt/pd/tema1/new/results/ml_samples/N2_sw0.30_x-1_i0026.h5,2,3.000000000e-01,-1,8.670603029e-01,main,true,fall,452
/mnt/pd/tema1/new/results/ml_samples/N2_sw0.30_x-1_i0038.h5,2,3.000000000e-01,-1,8.670603029e-01,main,true,fall,416
/mnt/pd/tema1/new/results/ml_samples/N2_sw0.30_x-1_i0044.h5,2,3.000000000e-01,-1,8.670603029e-01,main,true,fall,161
/mnt/pd/tema1/new/results/ml_samples/N2_sw0.30_x-1_i0028.h5,2,3.000000000e-01,-1,8.670603029e-01,main,true,fall,359
/mnt/pd/tema1/new/results/ml_samples/N2_sw0.30_x-1_i0032.h5,2,3.000000000e-01,-1,8.670603029e-01,main,true,fall,566
/mnt/pd/tema1/new/results/ml_samples/N2_sw0.30_x-1_i0076.h5,2,3.000000000e-01,-1,8.670603029e-01,main,true,fall,162
/mnt/pd/tema1/new/results/ml_samples/N2_sw0.30_x-1_i0066.h5,2,3.000000000e-01,-1,8.670603029e-01,main,true,fall,293
/mnt/pd/tema1/new/results/ml_samples/N2_sw0.30_x-1_i0048.h5,2,3.000000000e-01,-1,8.670603029e-01,main,true,fall,460
/mnt/pd/tema1/new/results/ml_samples/N2_sw0.30_x-1_i0084.h5,2,3.000000000e-01,-1,8.670603029e-01,main,true,fall,118
/mnt/pd/tema1/new/results/ml_samples/N2_sw0.30_x-1_i0072.h5,2,3.000000000e-01,-1,8.670603029e-01,main,true,fall,234
/mnt/pd/tema1/new/results/ml_samples/N2_sw0.30_x-1_i0054.h5,2,3.000000000e-01,-1,8.670603029e-01,main,true,fall,373
/mnt/pd/tema1/new/results/ml_samples/N2_sw0.30_x-1_i0058.h5,2,3.000000000e-01,-1,8.670603029e-01,main,true,fall,610
/mnt/pd/tema1/new/results/ml_samples/N2_sw0.30_x-1_i0016.h5,2,3.000000000e-01,-1,8.670603029e-01,main,true,fall,827
/mnt/pd/tema1/new/results/ml_samples/N2_sw0.30_x-1_i0086.h5,2,3.000000000e-01,-1,8.670603029e-01,main,true,fall,150
/mnt/pd/tema1/new/results/ml_samples/N2_sw0.30_x-1_i0018.h5,2,3.000000000e-01,-1,8.670603029e-01,main,true,rise,801
/mnt/pd/tema1/new/results/ml_samples/N2_sw0.30_x-1_i0008.h5,2,3.000000000e-01,-1,8.670603029e-01,main,true,fall,942
/mnt/pd/tema1/new/results/ml_samples/N2_sw0.30_x+2_i0080.h5,2,3.000000000e-01,2,1.265879394e+00,main,true,rise,2293
/mnt/pd/tema1/new/results/ml_samples/N2_sw0.30_x-1_i0080.h5,2,3.000000000e-01,-1,8.670603029e-01,main,true,fall,372
/mnt/pd/tema1/new/results/ml_samples/N2_sw0.30_x-1_i0022.h5,2,3.000000000e-01,-1,8.670603029e-01,main,true,fall,716
/mnt/pd/tema1/new/results/ml_samples/N2_sw0.30_x-1_i0060.h5,2,3.000000000e-01,-1,8.670603029e-01,main,true,fall,560
/mnt/pd/tema1/new/results/ml_samples/N2_sw0.30_x-1_i0068.h5,2,3.000000000e-01,-1,8.670603029e-01,main,true,fall,557
/mnt/pd/tema1/new/results/ml_samples/N2_sw0.30_x-1_i0106.h5,2,3.000000000e-01,-1,8.670603029e-01,main,true,fall,168
/mnt/pd/tema1/new/results/ml_samples/N2_sw0.30_x-1_i0116.h5,2,3.000000000e-01,-1,8.670603029e-01,main,true,fall,120
/mnt/pd/tema1/new/results/ml_samples/N2_sw0.30_x-1_i0092.h5,2,3.000000000e-01,-1,8.670603029e-01,main,true,fall,411
/mnt/pd/tema1/new/results/ml_samples/N2_sw0.30_x-1_i0118.h5,2,3.000000000e-01,-1,8.670603029e-01,main,true,fall,101
/mnt/pd/tema1/new/results/ml_samples/N2_sw0.30_x-1_i0082.h5,2,3.000000000e-01,-1,8.670603029e-01,main,true,fall,384
/mnt/pd/tema1/new/results/ml_samples/N2_sw0.30_x-1_i0114.h5,2,3.000000000e-01,-1,8.670603029e-01,main,true,fall,162
/mnt/pd/tema1/new/results/ml_samples/N2_sw0.30_x-1_i0104.h5,2,3.000000000e-01,-1,8.670603029e-01,main,true,fall,303
/mnt/pd/tema1/new/results/ml_samples/N2_sw0.30_x-1_i0074.h5,2,3.000000000e-01,-1,8.670603029e-01,main,true,fall,504
/mnt/pd/tema1/new/results/ml_samples/N2_sw0.30_x-1_i0122.h5,2,3.000000000e-01,-1,8.670603029e-01,main,true,fall,206
/mnt/pd/tema1/new/results/ml_samples/N2_sw0.30_x-1_i0128.h5,2,3.000000000e-01,-1,8.670603029e-01,main,true,fall,126
/mnt/pd/tema1/new/results/ml_samples/N2_sw0.30_x-1_i0056.h5,2,3.000000000e-01,-1,8.670603029e-01,main,true,rise,856
/mnt/pd/tema1/new/results/ml_samples/N2_sw0.30_x-1_i0132.h5,2,3.000000000e-01,-1,8.670603029e-01,main,true,fall,81
/mnt/pd/tema1/new/results/ml_samples/N2_sw0.30_x-1_i0108.h5,2,3.000000000e-01,-1,8.670603029e-01,main,true,fall,469
/mnt/pd/tema1/new/results/ml_samples/N2_sw0.30_x-1_i0134.h5,2,3.000000000e-01,-1,8.670603029e-01,main,true,fall,109
/mnt/pd/tema1/new/results/ml_samples/N2_sw0.30_x-1_i0110.h5,2,3.000000000e-01,-1,8.670603029e-01,main,true,fall,752
/mnt/pd/tema1/new/results/ml_samples/N2_sw0.30_x-1_i0136.h5,2,3.000000000e-01,-1,8.670603029e-01,main,true,fall,185
/mnt/pd/tema1/new/results/ml_samples/N2_sw0.30_x-1_i0140.h5,2,3.000000000e-01,-1,8.670603029e-01,main,true,fall,156
/mnt/pd/tema1/new/results/ml_samples/N2_sw0.30_x-1_i0098.h5,2,3.000000000e-01,-1,8.670603029e-01,main,true,fall,598
/mnt/pd/tema1/new/results/ml_samples/N2_sw0.30_x-1_i0078.h5,2,3.000000000e-01,-1,8.670603029e-01,main,true,fall,949
/mnt/pd/tema1/new/results/ml_samples/N2_sw0.30_x-1_i0144.h5,2,3.000000000e-01,-1,8.670603029e-01,main,true,fall,111
/mnt/pd/tema1/new/results/ml_samples/N2_sw0.30_x-1_i0112.h5,2,3.000000000e-01,-1,8.670603029e-01,main,true,fall,414
/mnt/pd/tema1/new/results/ml_samples/N2_sw0.30_x-1_i0146.h5,2,3.000000000e-01,-1,8.670603029e-01,main,true,fall,127
/mnt/pd/tema1/new/results/ml_samples/N2_sw0.30_x-1_i0138.h5,2,3.000000000e-01,-1,8.670603029e-01,main,true,fall,357
/mnt/pd/tema1/new/results/ml_samples/N2_sw0.30_x-1_i0150.h5,2,3.000000000e-01,-1,8.670603029e-01,main,true,fall,145
/mnt/pd/tema1/new/results/ml_samples/N2_sw0.30_x-1_i0154.h5,2,3.000000000e-01,-1,8.670603029e-01,main,true,fall,104
/mnt/pd/tema1/new/results/ml_samples/N2_sw0.30_x-1_i0158.h5,2,3.000000000e-01,-1,8.670603029e-01,main,true,fall,185
/mnt/pd/tema1/new/results/ml_samples/N2_sw0.30_x-1_i0120.h5,2,3.000000000e-01,-1,8.670603029e-01,main,true,fall,415
/mnt/pd/tema1/new/results/ml_samples/N2_sw0.30_x-1_i0148.h5,2,3.000000000e-01,-1,8.670603029e-01,main,true,fall,254
/mnt/pd/tema1/new/results/ml_samples/N2_sw0.30_x-1_i0162.h5,2,3.000000000e-01,-1,8.670603029e-01,main,true,fall,109
/mnt/pd/tema1/new/results/ml_samples/N2_sw0.30_x-1_i0152.h5,2,3.000000000e-01,-1,8.670603029e-01,main,true,fall,306
/mnt/pd/tema1/new/results/ml_samples/N2_sw0.30_x-1_i0070.h5,2,3.000000000e-01,-1,8.670603029e-01,main,true,fall,1125
/mnt/pd/tema1/new/results/ml_samples/N2_sw0.30_x-1_i0088.h5,2,3.000000000e-01,-1,8.670603029e-01,main,true,fall,1085
/mnt/pd/tema1/new/results/ml_samples/N2_sw0.30_x-1_i0090.h5,2,3.000000000e-01,-1,8.670603029e-01,main,true,fall,967
/mnt/pd/tema1/new/results/ml_samples/N2_sw0.30_x-1_i0156.h5,2,3.000000000e-01,-1,8.670603029e-01,main,true,fall,264
/mnt/pd/tema1/new/results/ml_samples/N2_sw0.30_x-1_i0160.h5,2,3.000000000e-01,-1,8.670603029e-01,main,true,fall,207
/mnt/pd/tema1/new/results/ml_samples/N2_sw0.30_x-1_i0170.h5,2,3.000000000e-01,-1,8.670603029e-01,main,true,fall,153
/mnt/pd/tema1/new/results/ml_samples/N2_sw0.30_x-1_i0180.h5,2,3.000000000e-01,-1,8.670603029e-01,main,true,fall,245
/mnt/pd/tema1/new/results/ml_samples/N2_sw0.30_x-1_i0176.h5,2,3.000000000e-01,-1,8.670603029e-01,main,true,fall,144
/mnt/pd/tema1/new/results/ml_samples/N2_sw0.30_x-1_i0100.h5,2,3.000000000e-01,-1,8.670603029e-01,main,true,fall,912
/mnt/pd/tema1/new/results/ml_samples/N2_sw0.30_x-1_i0182.h5,2,3.000000000e-01,-1,8.670603029e-01,main,true,fall,121
/mnt/pd/tema1/new/results/ml_samples/N2_sw0.30_x-1_i0166.h5,2,3.000000000e-01,-1,8.670603029e-01,main,true,fall,272
/mnt/pd/tema1/new/results/ml_samples/N2_sw0.30_x-1_i0126.h5,2,3.000000000e-01,-1,8.670603029e-01,main,true,fall,800
/mnt/pd/tema1/new/results/ml_samples/N2_sw0.30_x-2_i0002.h5,2,3.000000000e-01,-2,7.341206058e-01,main,true,fall,133
/mnt/pd/tema1/new/results/ml_samples/N2_sw0.30_x-1_i0186.h5,2,3.000000000e-01,-1,8.670603029e-01,main,true,fall,188
/mnt/pd/tema1/new/results/ml_samples/N2_sw0.30_x-1_i0172.h5,2,3.000000000e-01,-1,8.670603029e-01,main,true,fall,387
/mnt/pd/tema1/new/results/ml_samples/N2_sw0.30_x-1_i0168.h5,2,3.000000000e-01,-1,8.670603029e-01,main,true,fall,348
/mnt/pd/tema1/new/results/ml_samples/N2_sw0.30_x-1_i0096.h5,2,3.000000000e-01,-1,8.670603029e-01,main,true,fall,1156
/mnt/pd/tema1/new/results/ml_samples/N2_sw0.30_x-1_i0124.h5,2,3.000000000e-01,-1,8.670603029e-01,main,true,fall,964
/mnt/pd/tema1/new/results/ml_samples/N2_sw0.30_x-1_i0102.h5,2,3.000000000e-01,-1,8.670603029e-01,main,true,rise,1145
/mnt/pd/tema1/new/results/ml_samples/N2_sw0.30_x-2_i0012.h5,2,3.000000000e-01,-2,7.341206058e-01,main,true,fall,67
/mnt/pd/tema1/new/results/ml_samples/N2_sw0.30_x-1_i0196.h5,2,3.000000000e-01,-1,8.670603029e-01,main,true,fall,263
/mnt/pd/tema1/new/results/ml_samples/N2_sw0.30_x-1_i0178.h5,2,3.000000000e-01,-1,8.670603029e-01,main,true,fall,491
/mnt/pd/tema1/new/results/ml_samples/N2_sw0.30_x-1_i0184.h5,2,3.000000000e-01,-1,8.670603029e-01,main,true,fall,262
/mnt/pd/tema1/new/results/ml_samples/N2_sw0.30_x-2_i0008.h5,2,3.000000000e-01,-2,7.341206058e-01,main,true,fall,205
/mnt/pd/tema1/new/results/ml_samples/N2_sw0.30_x-1_i0094.h5,2,3.000000000e-01,-1,8.670603029e-01,main,true,fall,1562
/mnt/pd/tema1/new/results/ml_samples/N2_sw0.30_x-2_i0024.h5,2,3.000000000e-01,-2,7.341206058e-01,main,true,fall,78
/mnt/pd/tema1/new/results/ml_samples/N2_sw0.30_x-2_i0004.h5,2,3.000000000e-01,-2,7.341206058e-01,main,true,fall,147
/mnt/pd/tema1/new/results/ml_samples/N2_sw0.30_x-2_i0020.h5,2,3.000000000e-01,-2,7.341206058e-01,main,true,fall,177
/mnt/pd/tema1/new/results/ml_samples/N2_sw0.30_x-2_i0030.h5,2,3.000000000e-01,-2,7.341206058e-01,main,true,fall,116
/mnt/pd/tema1/new/results/ml_samples/N2_sw0.30_x-2_i0022.h5,2,3.000000000e-01,-2,7.341206058e-01,main,true,fall,123
/mnt/pd/tema1/new/results/ml_samples/N2_sw0.30_x-2_i0006.h5,2,3.000000000e-01,-2,7.341206058e-01,main,true,fall,478
/mnt/pd/tema1/new/results/ml_samples/N2_sw0.30_x-1_i0194.h5,2,3.000000000e-01,-1,8.670603029e-01,main,true,rise,556
/mnt/pd/tema1/new/results/ml_samples/N2_sw0.30_x-2_i0014.h5,2,3.000000000e-01,-2,7.341206058e-01,main,true,fall,533
/mnt/pd/tema1/new/results/ml_samples/N2_sw0.30_x-2_i0026.h5,2,3.000000000e-01,-2,7.341206058e-01,main,true,fall,244
/mnt/pd/tema1/new/results/ml_samples/N2_sw0.30_x-1_i0164.h5,2,3.000000000e-01,-1,8.670603029e-01,main,true,rise,925
/mnt/pd/tema1/new/results/ml_samples/N2_sw0.30_x-2_i0000.h5,2,3.000000000e-01,-2,7.341206058e-01,main,true,fall,584
/mnt/pd/tema1/new/results/ml_samples/N2_sw0.30_x-2_i0036.h5,2,3.000000000e-01,-2,7.341206058e-01,main,true,fall,147
/mnt/pd/tema1/new/results/ml_samples/N2_sw0.30_x-2_i0038.h5,2,3.000000000e-01,-2,7.341206058e-01,main,true,fall,85
/mnt/pd/tema1/new/results/ml_samples/N2_sw0.30_x-2_i0034.h5,2,3.000000000e-01,-2,7.341206058e-01,main,true,fall,211
/mnt/pd/tema1/new/results/ml_samples/N2_sw0.30_x-2_i0042.h5,2,3.000000000e-01,-2,7.341206058e-01,main,true,fall,136
/mnt/pd/tema1/new/results/ml_samples/N2_sw0.30_x-2_i0040.h5,2,3.000000000e-01,-2,7.341206058e-01,main,true,fall,210
/mnt/pd/tema1/new/results/ml_samples/N2_sw0.30_x-2_i0046.h5,2,3.000000000e-01,-2,7.341206058e-01,main,true,fall,129
/mnt/pd/tema1/new/results/ml_samples/N2_sw0.30_x-2_i0048.h5,2,3.000000000e-01,-2,7.341206058e-01,main,true,fall,118
/mnt/pd/tema1/new/results/ml_samples/N2_sw0.30_x-1_i0174.h5,2,3.000000000e-01,-1,8.670603029e-01,main,true,fall,1024
/mnt/pd/tema1/new/results/ml_samples/N2_sw0.30_x-2_i0052.h5,2,3.000000000e-01,-2,7.341206058e-01,main,true,fall,101
/mnt/pd/tema1/new/results/ml_samples/N2_sw0.30_x-1_i0062.h5,2,3.000000000e-01,-1,8.670603029e-01,main,true,fall,3235
/mnt/pd/tema1/new/results/ml_samples/N2_sw0.30_x-2_i0058.h5,2,3.000000000e-01,-2,7.341206058e-01,main,true,fall,94
/mnt/pd/tema1/new/results/ml_samples/N2_sw0.30_x-2_i0050.h5,2,3.000000000e-01,-2,7.341206058e-01,main,true,fall,189
/mnt/pd/tema1/new/results/ml_samples/N2_sw0.30_x-2_i0068.h5,2,3.000000000e-01,-2,7.341206058e-01,main,true,fall,110
/mnt/pd/tema1/new/results/ml_samples/N2_sw0.30_x-2_i0044.h5,2,3.000000000e-01,-2,7.341206058e-01,main,true,fall,290
/mnt/pd/tema1/new/results/ml_samples/N2_sw0.30_x-2_i0062.h5,2,3.000000000e-01,-2,7.341206058e-01,main,true,fall,157
/mnt/pd/tema1/new/results/ml_samples/N2_sw0.30_x-2_i0060.h5,2,3.000000000e-01,-2,7.341206058e-01,main,true,fall,171
/mnt/pd/tema1/new/results/ml_samples/N2_sw0.30_x-2_i0080.h5,2,3.000000000e-01,-2,7.341206058e-01,main,true,fall,78
/mnt/pd/tema1/new/results/ml_samples/N2_sw0.30_x-2_i0066.h5,2,3.000000000e-01,-2,7.341206058e-01,main,true,fall,126
/mnt/pd/tema1/new/results/ml_samples/N2_sw0.30_x-2_i0070.h5,2,3.000000000e-01,-2,7.341206058e-01,main,true,fall,160
/mnt/pd/tema1/new/results/ml_samples/N2_sw0.30_x-2_i0074.h5,2,3.000000000e-01,-2,7.341206058e-01,main,true,fall,118
/mnt/pd/tema1/new/results/ml_samples/N2_sw0.30_x-1_i0192.h5,2,3.000000000e-01,-1,8.670603029e-01,main,true,fall,1099
/mnt/pd/tema1/new/results/ml_samples/N2_sw0.30_x-2_i0010.h5,2,3.000000000e-01,-2,7.341206058e-01,main,true,fall,967
/mnt/pd/tema1/new/results/ml_samples/N2_sw0.30_x-2_i0064.h5,2,3.000000000e-01,-2,7.341206058e-01,main,true,fall,206
/mnt/pd/tema1/new/results/ml_samples/N2_sw0.30_x-2_i0076.h5,2,3.000000000e-01,-2,7.341206058e-01,main,true,fall,180
/mnt/pd/tema1/new/results/ml_samples/N2_sw0.30_x-2_i0032.h5,2,3.000000000e-01,-2,7.341206058e-01,main,true,fall,680
/mnt/pd/tema1/new/results/ml_samples/N2_sw0.30_x-2_i0096.h5,2,3.000000000e-01,-2,7.341206058e-01,main,true,fall,92
/mnt/pd/tema1/new/results/ml_samples/N2_sw0.30_x-2_i0088.h5,2,3.000000000e-01,-2,7.341206058e-01,main,true,fall,76
/mnt/pd/tema1/new/results/ml_samples/N2_sw0.30_x-2_i0054.h5,2,3.000000000e-01,-2,7.341206058e-01,main,true,fall,662
/mnt/pd/tema1/new/results/ml_samples/N2_sw0.30_x-4_i0000.h5,2,3.000000000e-01,-4,4.682412115e-01,main,true,fall,74
/mnt/pd/tema1/new/results/ml_samples/N2_sw0.30_x-4_i0002.h5,2,3.000000000e-01,-4,4.682412115e-01,main,true,fall,87
/mnt/pd/tema1/new/results/ml_samples/N2_sw0.30_x-2_i0028.h5,2,3.000000000e-01,-2,7.341206058e-01,main,true,fall,945
/mnt/pd/tema1/new/results/ml_samples/N2_sw0.30_x-2_i0072.h5,2,3.000000000e-01,-2,7.341206058e-01,main,true,fall,177
/mnt/pd/tema1/new/results/ml_samples/N2_sw0.30_x-4_i0006.h5,2,3.000000000e-01,-4,4.682412115e-01,main,true,fall,98
/mnt/pd/tema1/new/results/ml_samples/N2_sw0.30_x-2_i0078.h5,2,3.000000000e-01,-2,7.341206058e-01,main,true,fall,295
/mnt/pd/tema1/new/results/ml_samples/N2_sw0.30_x-2_i0090.h5,2,3.000000000e-01,-2,7.341206058e-01,main,true,fall,262
/mnt/pd/tema1/new/results/ml_samples/N2_sw0.30_x-4_i0004.h5,2,3.000000000e-01,-4,4.682412115e-01,main,true,fall,124
/mnt/pd/tema1/new/results/ml_samples/N2_sw0.30_x-2_i0056.h5,2,3.000000000e-01,-2,7.341206058e-01,main,true,fall,669
/mnt/pd/tema1/new/results/ml_samples/N2_sw0.30_x-2_i0084.h5,2,3.000000000e-01,-2,7.341206058e-01,main,true,fall,298
/mnt/pd/tema1/new/results/ml_samples/N2_sw0.30_x-1_i0188.h5,2,3.000000000e-01,-1,8.670603029e-01,main,true,fall,1493
/mnt/pd/tema1/new/results/ml_samples/N2_sw0.30_x-2_i0092.h5,2,3.000000000e-01,-2,7.341206058e-01,main,true,fall,250
/mnt/pd/tema1/new/results/ml_samples/N2_sw0.30_x-1_i0190.h5,2,3.000000000e-01,-1,8.670603029e-01,main,true,fall,1527
/mnt/pd/tema1/new/results/ml_samples/N2_sw0.30_x-2_i0016.h5,2,3.000000000e-01,-2,7.341206058e-01,main,true,fall,1120
/mnt/pd/tema1/new/results/ml_samples/N2_sw0.30_x-4_i0012.h5,2,3.000000000e-01,-4,4.682412115e-01,main,true,fall,97
/mnt/pd/tema1/new/results/ml_samples/N2_sw0.30_x-4_i0016.h5,2,3.000000000e-01,-4,4.682412115e-01,main,true,fall,143
/mnt/pd/tema1/new/results/ml_samples/N2_sw0.30_x-4_i0010.h5,2,3.000000000e-01,-4,4.682412115e-01,main,true,fall,177
/mnt/pd/tema1/new/results/ml_samples/N2_sw0.30_x-4_i0008.h5,2,3.000000000e-01,-4,4.682412115e-01,main,true,fall,177
/mnt/pd/tema1/new/results/ml_samples/N2_sw0.30_x-1_i0198.h5,2,3.000000000e-01,-1,8.670603029e-01,main,true,fall,1474
/mnt/pd/tema1/new/results/ml_samples/N2_sw0.30_x-2_i0098.h5,2,3.000000000e-01,-2,7.341206058e-01,main,true,fall,397
/mnt/pd/tema1/new/results/ml_samples/N2_sw0.30_x-4_i0018.h5,2,3.000000000e-01,-4,4.682412115e-01,main,true,fall,95
/mnt/pd/tema1/new/results/ml_samples/N2_sw0.30_x-4_i0014.h5,2,3.000000000e-01,-4,4.682412115e-01,main,true,fall,126
/mnt/pd/tema1/new/results/ml_samples/N2_sw0.30_x-4_i0020.h5,2,3.000000000e-01,-4,4.682412115e-01,main,true,fall,96
/mnt/pd/tema1/new/results/ml_samples/N2_sw0.30_x-4_i0024.h5,2,3.000000000e-01,-4,4.682412115e-01,main,true,fall,92
/mnt/pd/tema1/new/results/ml_samples/N2_sw0.30_x-4_i0030.h5,2,3.000000000e-01,-4,4.682412115e-01,main,true,fall,92
/mnt/pd/tema1/new/results/ml_samples/N2_sw0.30_x-4_i0032.h5,2,3.000000000e-01,-4,4.682412115e-01,main,true,fall,63
/mnt/pd/tema1/new/results/ml_samples/N2_sw0.30_x-4_i0048.h5,2,3.000000000e-01,-4,4.682412115e-01,main,true,fall,69
/mnt/pd/tema1/new/results/ml_samples/N2_sw0.30_x-2_i0094.h5,2,3.000000000e-01,-2,7.341206058e-01,main,true,fall,762
/mnt/pd/tema1/new/results/ml_samples/N2_sw0.30_x-4_i0026.h5,2,3.000000000e-01,-4,4.682412115e-01,main,true,fall,172
/mnt/pd/tema1/new/results/ml_samples/N2_sw0.30_x-4_i0040.h5,2,3.000000000e-01,-4,4.682412115e-01,main,true,fall,118
/mnt/pd/tema1/new/results/ml_samples/N2_sw0.30_x-4_i0028.h5,2,3.000000000e-01,-4,4.682412115e-01,main,true,fall,137
/mnt/pd/tema1/new/results/ml_samples/N2_sw0.30_x-4_i0046.h5,2,3.000000000e-01,-4,4.682412115e-01,main,true,fall,80
/mnt/pd/tema1/new/results/ml_samples/N2_sw0.30_x-4_i0042.h5,2,3.000000000e-01,-4,4.682412115e-01,main,true,fall,62
/mnt/pd/tema1/new/results/ml_samples/N2_sw0.30_x-4_i0058.h5,2,3.000000000e-01,-4,4.682412115e-01,main,true,fall,68
/mnt/pd/tema1/new/results/ml_samples/N2_sw0.30_x-4_i0052.h5,2,3.000000000e-01,-4,4.682412115e-01,main,true,fall,96
/mnt/pd/tema1/new/results/ml_samples/N2_sw0.30_x-4_i0036.h5,2,3.000000000e-01,-4,4.682412115e-01,main,true,fall,56
/mnt/pd/tema1/new/results/ml_samples/N2_sw0.30_x-4_i0034.h5,2,3.000000000e-01,-4,4.682412115e-01,main,true,fall,60
/mnt/pd/tema1/new/results/ml_samples/N2_sw0.30_x-4_i0072.h5,2,3.000000000e-01,-4,4.682412115e-01,main,true,fall,87
/mnt/pd/tema1/new/results/ml_samples/N2_sw0.30_x-4_i0064.h5,2,3.000000000e-01,-4,4.682412115e-01,main,true,fall,78
/mnt/pd/tema1/new/results/ml_samples/N2_sw0.30_x-4_i0038.h5,2,3.000000000e-01,-4,4.682412115e-01,main,true,fall,65
/mnt/pd/tema1/new/results/ml_samples/N2_sw0.30_x-4_i0070.h5,2,3.000000000e-01,-4,4.682412115e-01,main,true,fall,141
/mnt/pd/tema1/new/results/ml_samples/N2_sw0.30_x-2_i0082.h5,2,3.000000000e-01,-2,7.341206058e-01,main,true,fall,829
/mnt/pd/tema1/new/results/ml_samples/N2_sw0.30_x-4_i0050.h5,2,3.000000000e-01,-4,4.682412115e-01,main,true,fall,85
/mnt/pd/tema1/new/results/ml_samples/N2_sw0.30_x-4_i0044.h5,2,3.000000000e-01,-4,4.682412115e-01,main,true,fall,109
/mnt/pd/tema1/new/results/ml_samples/N2_sw0.30_x-4_i0074.h5,2,3.000000000e-01,-4,4.682412115e-01,main,true,fall,71
/mnt/pd/tema1/new/results/ml_samples/N2_sw0.30_x-1_i0130.h5,2,3.000000000e-01,-1,8.670603029e-01,main,true,fall,2162
/mnt/pd/tema1/new/results/ml_samples/N2_sw0.30_x-4_i0022.h5,2,3.000000000e-01,-4,4.682412115e-01,main,true,fall,279
/mnt/pd/tema1/new/results/ml_samples/N2_sw0.30_x-4_i0062.h5,2,3.000000000e-01,-4,4.682412115e-01,main,true,fall,60
/mnt/pd/tema1/new/results/ml_samples/N2_sw0.30_x-4_i0078.h5,2,3.000000000e-01,-4,4.682412115e-01,main,true,fall,89
/mnt/pd/tema1/new/results/ml_samples/N2_sw0.30_x-4_i0092.h5,2,3.000000000e-01,-4,4.682412115e-01,main,true,fall,106
/mnt/pd/tema1/new/results/ml_samples/N2_sw0.30_x-4_i0082.h5,2,3.000000000e-01,-4,4.682412115e-01,main,true,fall,81
/mnt/pd/tema1/new/results/ml_samples/N2_sw0.30_x-4_i0056.h5,2,3.000000000e-01,-4,4.682412115e-01,main,true,fall,127
/mnt/pd/tema1/new/results/ml_samples/N2_sw0.30_x-4_i0060.h5,2,3.000000000e-01,-4,4.682412115e-01,main,true,fall,126
/mnt/pd/tema1/new/results/ml_samples/N2_sw0.30_x-4_i0098.h5,2,3.000000000e-01,-4,4.682412115e-01,main,true,fall,51
/mnt/pd/tema1/new/results/ml_samples/N2_sw0.30_x-4_i0054.h5,2,3.000000000e-01,-4,4.682412115e-01,main,true,fall,99
/mnt/pd/tema1/new/results/ml_samples/N2_sw0.30_x-4_i0088.h5,2,3.000000000e-01,-4,4.682412115e-01,main,true,fall,67
/mnt/pd/tema1/new/results/ml_samples/N2_sw0.30_x-4_i0090.h5,2,3.000000000e-01,-4,4.682412115e-01,main,true,fall,69
/mnt/pd/tema1/new/results/ml_samples/N2_sw0.30_x-4_i0096.h5,2,3.000000000e-01,-4,4.682412115e-01,main,true,fall,104
/mnt/pd/tema1/new/results/ml_samples/N2_sw0.30_x-4_i0094.h5,2,3.000000000e-01,-4,4.682412115e-01,main,true,fall,109
/mnt/pd/tema1/new/results/ml_samples/N2_sw0.30_x-4_i0068.h5,2,3.000000000e-01,-4,4.682412115e-01,main,true,fall,88
/mnt/pd/tema1/new/results/ml_samples/N2_sw0.30_x-4_i0076.h5,2,3.000000000e-01,-4,4.682412115e-01,main,true,fall,70
/mnt/pd/tema1/new/results/ml_samples/N2_sw0.30_x-4_i0080.h5,2,3.000000000e-01,-4,4.682412115e-01,main,true,fall,63
/mnt/pd/tema1/new/results/ml_samples/N2_sw0.30_x-4_i0066.h5,2,3.000000000e-01,-4,4.682412115e-01,main,true,fall,200
/mnt/pd/tema1/new/results/ml_samples/N2_sw0.30_x-4_i0086.h5,2,3.000000000e-01,-4,4.682412115e-01,main,true,fall,71
/mnt/pd/tema1/new/results/ml_samples/N2_sw0.30_x-4_i0084.h5,2,3.000000000e-01,-4,4.682412115e-01,main,true,fall,95
/mnt/pd/tema1/new/results/ml_samples/N2_sw0.30_x-2_i0018.h5,2,3.000000000e-01,-2,7.341206058e-01,main,true,fall,1853
/mnt/pd/tema1/new/results/ml_samples/N2_sw0.30_x-1_i0142.h5,2,3.000000000e-01,-1,8.670603029e-01,main,true,fall,2540
/mnt/pd/tema1/new/results/ml_samples/N3_sw0.30_x+0_i0024.h5,3,3.000000000e-01,0,1.000000000e+00,gen_N,true,fall,229
/mnt/pd/tema1/new/results/ml_samples/N3_sw0.30_x+0_i0032.h5,3,3.000000000e-01,0,1.000000000e+00,gen_N,true,fall,116
/mnt/pd/tema1/new/results/ml_samples/N2_sw0.30_x-2_i0086.h5,2,3.000000000e-01,-2,7.341206058e-01,main,true,fall,1439
/mnt/pd/tema1/new/results/ml_samples/N3_sw0.30_x+0_i0038.h5,3,3.000000000e-01,0,1.000000000e+00,gen_N,true,fall,172
/mnt/pd/tema1/new/results/ml_samples/N3_sw0.30_x+0_i0020.h5,3,3.000000000e-01,0,1.000000000e+00,gen_N,true,fall,271
/mnt/pd/tema1/new/results/ml_samples/N3_sw0.30_x+0_i0042.h5,3,3.000000000e-01,0,1.000000000e+00,gen_N,true,fall,180
/mnt/pd/tema1/new/results/ml_samples/N3_sw0.30_x+0_i0048.h5,3,3.000000000e-01,0,1.000000000e+00,gen_N,true,fall,124
/mnt/pd/tema1/new/results/ml_samples/N2_sw0.30_x-1_i0064.h5,2,3.000000000e-01,-1,8.670603029e-01,main,true,fall,4251
/mnt/pd/tema1/new/results/ml_samples/N3_sw0.30_x+0_i0000.h5,3,3.000000000e-01,0,1.000000000e+00,gen_N,true,fall,330
/mnt/pd/tema1/new/results/ml_samples/N3_sw0.30_x+0_i0018.h5,3,3.000000000e-01,0,1.000000000e+00,gen_N,true,fall,387
/mnt/pd/tema1/new/results/ml_samples/N3_sw0.30_x+0_i0046.h5,3,3.000000000e-01,0,1.000000000e+00,gen_N,true,fall,366
/mnt/pd/tema1/new/results/ml_samples/N3_sw0.30_x+0_i0004.h5,3,3.000000000e-01,0,1.000000000e+00,gen_N,true,rise,485
/mnt/pd/tema1/new/results/ml_samples/N3_sw0.30_x+1_i0002.h5,3,3.000000000e-01,1,1.196762249e+00,gen_N,true,rise,317
/mnt/pd/tema1/new/results/ml_samples/N3_sw0.30_x+0_i0040.h5,3,3.000000000e-01,0,1.000000000e+00,gen_N,true,fall,418
/mnt/pd/tema1/new/results/ml_samples/N3_sw0.30_x+0_i0044.h5,3,3.000000000e-01,0,1.000000000e+00,gen_N,true,fall,392
/mnt/pd/tema1/new/results/ml_samples/N3_sw0.30_x+0_i0034.h5,3,3.000000000e-01,0,1.000000000e+00,gen_N,true,fall,501
/mnt/pd/tema1/new/results/ml_samples/N3_sw0.30_x+0_i0012.h5,3,3.000000000e-01,0,1.000000000e+00,gen_N,true,fall,591
/mnt/pd/tema1/new/results/ml_samples/N3_sw0.30_x+0_i0006.h5,3,3.000000000e-01,0,1.000000000e+00,gen_N,true,fall,533
/mnt/pd/tema1/new/results/ml_samples/N3_sw0.30_x+0_i0022.h5,3,3.000000000e-01,0,1.000000000e+00,gen_N,true,rise,635
/mnt/pd/tema1/new/results/ml_samples/N3_sw0.30_x+1_i0018.h5,3,3.000000000e-01,1,1.196762249e+00,gen_N,true,fall,273
/mnt/pd/tema1/new/results/ml_samples/N3_sw0.30_x+1_i0012.h5,3,3.000000000e-01,1,1.196762249e+00,gen_N,true,fall,406
/mnt/pd/tema1/new/results/ml_samples/N3_sw0.30_x+1_i0004.h5,3,3.000000000e-01,1,1.196762249e+00,gen_N,true,rise,468
/mnt/pd/tema1/new/results/ml_samples/N3_sw0.30_x+0_i0036.h5,3,3.000000000e-01,0,1.000000000e+00,gen_N,true,rise,721
/mnt/pd/tema1/new/results/ml_samples/N3_sw0.30_x+1_i0034.h5,3,3.000000000e-01,1,1.196762249e+00,gen_N,true,fall,223
/mnt/pd/tema1/new/results/ml_samples/N3_sw0.30_x+0_i0026.h5,3,3.000000000e-01,0,1.000000000e+00,gen_N,true,rise,930
/mnt/pd/tema1/new/results/ml_samples/N3_sw0.30_x+1_i0006.h5,3,3.000000000e-01,1,1.196762249e+00,gen_N,true,fall,675
/mnt/pd/tema1/new/results/ml_samples/N3_sw0.30_x+1_i0038.h5,3,3.000000000e-01,1,1.196762249e+00,gen_N,true,fall,340
/mnt/pd/tema1/new/results/ml_samples/N3_sw0.30_x+1_i0032.h5,3,3.000000000e-01,1,1.196762249e+00,gen_N,true,fall,428
/mnt/pd/tema1/new/results/ml_samples/N3_sw0.30_x+1_i0010.h5,3,3.000000000e-01,1,1.196762249e+00,gen_N,true,rise,804
/mnt/pd/tema1/new/results/ml_samples/N3_sw0.30_x-1_i0000.h5,3,3.000000000e-01,-1,8.032377505e-01,gen_N,true,fall,155
/mnt/pd/tema1/new/results/ml_samples/N3_sw0.30_x+0_i0010.h5,3,3.000000000e-01,0,1.000000000e+00,gen_N,true,rise,1183
/mnt/pd/tema1/new/results/ml_samples/N3_sw0.30_x+1_i0040.h5,3,3.000000000e-01,1,1.196762249e+00,gen_N,true,rise,569
/mnt/pd/tema1/new/results/ml_samples/N3_sw0.30_x+1_i0030.h5,3,3.000000000e-01,1,1.196762249e+00,gen_N,true,rise,703
/mnt/pd/tema1/new/results/ml_samples/N3_sw0.30_x+1_i0024.h5,3,3.000000000e-01,1,1.196762249e+00,gen_N,true,rise,753
/mnt/pd/tema1/new/results/ml_samples/N3_sw0.30_x+1_i0048.h5,3,3.000000000e-01,1,1.196762249e+00,gen_N,true,rise,332
/mnt/pd/tema1/new/results/ml_samples/N3_sw0.30_x+0_i0014.h5,3,3.000000000e-01,0,1.000000000e+00,gen_N,true,rise,1155
/mnt/pd/tema1/new/results/ml_samples/N3_sw0.30_x+1_i0008.h5,3,3.000000000e-01,1,1.196762249e+00,gen_N,true,rise,995
/mnt/pd/tema1/new/results/ml_samples/N3_sw0.30_x+0_i0002.h5,3,3.000000000e-01,0,1.000000000e+00,gen_N,true,fall,1394
/mnt/pd/tema1/new/results/ml_samples/N3_sw0.30_x-1_i0004.h5,3,3.000000000e-01,-1,8.032377505e-01,gen_N,true,fall,397
/mnt/pd/tema1/new/results/ml_samples/N3_sw0.30_x+0_i0016.h5,3,3.000000000e-01,0,1.000000000e+00,gen_N,true,rise,1975
/mnt/pd/tema1/new/results/ml_samples/N3_sw0.30_x-1_i0010.h5,3,3.000000000e-01,-1,8.032377505e-01,gen_N,true,fall,230
/mnt/pd/tema1/new/results/ml_samples/N3_sw0.30_x-1_i0018.h5,3,3.000000000e-01,-1,8.032377505e-01,gen_N,true,fall,255
/mnt/pd/tema1/new/results/ml_samples/N3_sw0.30_x+0_i0030.h5,3,3.000000000e-01,0,1.000000000e+00,gen_N,true,fall,1368
/mnt/pd/tema1/new/results/ml_samples/N3_sw0.30_x+1_i0044.h5,3,3.000000000e-01,1,1.196762249e+00,gen_N,true,rise,758
/mnt/pd/tema1/new/results/ml_samples/N3_sw0.30_x-1_i0008.h5,3,3.000000000e-01,-1,8.032377505e-01,gen_N,true,fall,449
/mnt/pd/tema1/new/results/ml_samples/N3_sw0.30_x+1_i0026.h5,3,3.000000000e-01,1,1.196762249e+00,gen_N,true,rise,1539
/mnt/pd/tema1/new/results/ml_samples/N3_sw0.30_x-1_i0006.h5,3,3.000000000e-01,-1,8.032377505e-01,gen_N,true,fall,456
/mnt/pd/tema1/new/results/ml_samples/N3_sw0.30_x+0_i0008.h5,3,3.000000000e-01,0,1.000000000e+00,gen_N,true,rise,1527
/mnt/pd/tema1/new/results/ml_samples/N3_sw0.30_x-1_i0020.h5,3,3.000000000e-01,-1,8.032377505e-01,gen_N,true,fall,406
/mnt/pd/tema1/new/results/ml_samples/N3_sw0.30_x-1_i0026.h5,3,3.000000000e-01,-1,8.032377505e-01,gen_N,true,fall,199
/mnt/pd/tema1/new/results/ml_samples/N3_sw0.30_x-1_i0024.h5,3,3.000000000e-01,-1,8.032377505e-01,gen_N,true,fall,330
/mnt/pd/tema1/new/results/ml_samples/N3_sw0.30_x+1_i0042.h5,3,3.000000000e-01,1,1.196762249e+00,gen_N,true,rise,894
/mnt/pd/tema1/new/results/ml_samples/N3_sw0.30_x-1_i0012.h5,3,3.000000000e-01,-1,8.032377505e-01,gen_N,true,fall,454
/mnt/pd/tema1/new/results/ml_samples/N3_sw0.30_x-1_i0030.h5,3,3.000000000e-01,-1,8.032377505e-01,gen_N,true,fall,240
/mnt/pd/tema1/new/results/ml_samples/N3_sw0.30_x+1_i0014.h5,3,3.000000000e-01,1,1.196762249e+00,gen_N,true,rise,1295
/mnt/pd/tema1/new/results/ml_samples/N3_sw0.30_x-1_i0022.h5,3,3.000000000e-01,-1,8.032377505e-01,gen_N,true,fall,353
/mnt/pd/tema1/new/results/ml_samples/N3_sw0.30_x+1_i0020.h5,3,3.000000000e-01,1,1.196762249e+00,gen_N,true,rise,1249
/mnt/pd/tema1/new/results/ml_samples/N3_sw0.30_x+1_i0036.h5,3,3.000000000e-01,1,1.196762249e+00,gen_N,true,rise,1126
/mnt/pd/tema1/new/results/ml_samples/N3_sw0.30_x-1_i0016.h5,3,3.000000000e-01,-1,8.032377505e-01,gen_N,true,fall,548
/mnt/pd/tema1/new/results/ml_samples/N3_sw0.30_x-1_i0044.h5,3,3.000000000e-01,-1,8.032377505e-01,gen_N,true,fall,151
/mnt/pd/tema1/new/results/ml_samples/N3_sw0.30_x-1_i0002.h5,3,3.000000000e-01,-1,8.032377505e-01,gen_N,true,fall,804
/mnt/pd/tema1/new/results/ml_samples/N3_sw0.30_x-1_i0046.h5,3,3.000000000e-01,-1,8.032377505e-01,gen_N,true,fall,228
/mnt/pd/tema1/new/results/ml_samples/N3_sw0.30_x+1_i0028.h5,3,3.000000000e-01,1,1.196762249e+00,gen_N,true,rise,1417
/mnt/pd/tema1/new/results/ml_samples/N3_sw0.30_x-1_i0034.h5,3,3.000000000e-01,-1,8.032377505e-01,gen_N,true,fall,433
/mnt/pd/tema1/new/results/ml_samples/N3_sw0.30_x-1_i0042.h5,3,3.000000000e-01,-1,8.032377505e-01,gen_N,true,fall,597
/mnt/pd/tema1/new/results/ml_samples/N4_sw0.15_x+0_i0002.h5,4,1.500000000e-01,0,1.000000000e+00,main,true,fall,191
/mnt/pd/tema1/new/results/ml_samples/N3_sw0.30_x-1_i0040.h5,3,3.000000000e-01,-1,8.032377505e-01,gen_N,true,fall,480
/mnt/pd/tema1/new/results/ml_samples/N3_sw0.30_x-1_i0048.h5,3,3.000000000e-01,-1,8.032377505e-01,gen_N,true,fall,425
/mnt/pd/tema1/new/results/ml_samples/N3_sw0.30_x+1_i0016.h5,3,3.000000000e-01,1,1.196762249e+00,gen_N,true,rise,1706
/mnt/pd/tema1/new/results/ml_samples/N3_sw0.30_x+1_i0000.h5,3,3.000000000e-01,1,1.196762249e+00,gen_N,true,rise,1959
/mnt/pd/tema1/new/results/ml_samples/N3_sw0.30_x-1_i0028.h5,3,3.000000000e-01,-1,8.032377505e-01,gen_N,true,fall,697
/mnt/pd/tema1/new/results/ml_samples/N3_sw0.30_x-1_i0032.h5,3,3.000000000e-01,-1,8.032377505e-01,gen_N,true,fall,707
/mnt/pd/tema1/new/results/ml_samples/N3_sw0.30_x-1_i0038.h5,3,3.000000000e-01,-1,8.032377505e-01,gen_N,true,fall,714
/mnt/pd/tema1/new/results/ml_samples/N4_sw0.15_x+0_i0026.h5,4,1.500000000e-01,0,1.000000000e+00,main,true,fall,210
/mnt/pd/tema1/new/results/ml_samples/N4_sw0.15_x+0_i0010.h5,4,1.500000000e-01,0,1.000000000e+00,main,true,fall,353
/mnt/pd/tema1/new/results/ml_samples/N3_sw0.30_x+1_i0022.h5,3,3.000000000e-01,1,1.196762249e+00,gen_N,true,fall,1973
/mnt/pd/tema1/new/results/ml_samples/N3_sw0.30_x-1_i0014.h5,3,3.000000000e-01,-1,8.032377505e-01,gen_N,true,fall,1236
/mnt/pd/tema1/new/results/ml_samples/N4_sw0.15_x+0_i0032.h5,4,1.500000000e-01,0,1.000000000e+00,main,true,fall,343
/mnt/pd/tema1/new/results/ml_samples/N3_sw0.30_x+1_i0046.h5,3,3.000000000e-01,1,1.196762249e+00,gen_N,true,rise,1770
/mnt/pd/tema1/new/results/ml_samples/N3_sw0.30_x-1_i0036.h5,3,3.000000000e-01,-1,8.032377505e-01,gen_N,true,fall,1099
/mnt/pd/tema1/new/results/ml_samples/N3_sw0.30_x+0_i0028.h5,3,3.000000000e-01,0,1.000000000e+00,gen_N,true,fall,2623
/mnt/pd/tema1/new/results/ml_samples/N4_sw0.15_x+0_i0042.h5,4,1.500000000e-01,0,1.000000000e+00,main,true,fall,489
/mnt/pd/tema1/new/results/ml_samples/N4_sw0.15_x+0_i0014.h5,4,1.500000000e-01,0,1.000000000e+00,main,true,fall,636
/mnt/pd/tema1/new/results/ml_samples/N4_sw0.15_x+0_i0018.h5,4,1.500000000e-01,0,1.000000000e+00,main,true,fall,873
/mnt/pd/tema1/new/results/ml_samples/N4_sw0.15_x+0_i0054.h5,4,1.500000000e-01,0,1.000000000e+00,main,true,fall,547
/mnt/pd/tema1/new/results/ml_samples/N4_sw0.15_x+0_i0016.h5,4,1.500000000e-01,0,1.000000000e+00,main,true,fall,897
/mnt/pd/tema1/new/results/ml_samples/N4_sw0.15_x+0_i0040.h5,4,1.500000000e-01,0,1.000000000e+00,main,true,fall,770
/mnt/pd/tema1/new/results/ml_samples/N4_sw0.15_x+0_i0068.h5,4,1.500000000e-01,0,1.000000000e+00,main,true,fall,224
/mnt/pd/tema1/new/results/ml_samples/N4_sw0.15_x+0_i0012.h5,4,1.500000000e-01,0,1.000000000e+00,main,true,fall,1299
/mnt/pd/tema1/new/results/ml_samples/N4_sw0.15_x+0_i0070.h5,4,1.500000000e-01,0,1.000000000e+00,main,true,fall,573
/mnt/pd/tema1/new/results/ml_samples/N4_sw0.15_x+0_i0034.h5,4,1.500000000e-01,0,1.000000000e+00,main,true,fall,1393
/mnt/pd/tema1/new/results/ml_samples/N4_sw0.15_x+0_i0078.h5,4,1.500000000e-01,0,1.000000000e+00,main,true,fall,284
/mnt/pd/tema1/new/results/ml_samples/N4_sw0.15_x+0_i0072.h5,4,1.500000000e-01,0,1.000000000e+00,main,true,rise,613
/mnt/pd/tema1/new/results/ml_samples/N4_sw0.15_x+0_i0006.h5,4,1.500000000e-01,0,1.000000000e+00,main,true,fall,1735
/mnt/pd/tema1/new/results/ml_samples/N4_sw0.15_x+0_i0048.h5,4,1.500000000e-01,0,1.000000000e+00,main,true,fall,1411
/mnt/pd/tema1/new/results/ml_samples/N4_sw0.15_x+0_i0038.h5,4,1.500000000e-01,0,1.000000000e+00,main,true,fall,1642
/mnt/pd/tema1/new/results/ml_samples/N4_sw0.15_x+0_i0008.h5,4,1.500000000e-01,0,1.000000000e+00,main,true,fall,2524
/mnt/pd/tema1/new/results/ml_samples/N4_sw0.15_x+0_i0066.h5,4,1.500000000e-01,0,1.000000000e+00,main,true,fall,1149
/mnt/pd/tema1/new/results/ml_samples/N4_sw0.15_x+0_i0062.h5,4,1.500000000e-01,0,1.000000000e+00,main,true,fall,1320
/mnt/pd/tema1/new/results/ml_samples/N4_sw0.15_x+0_i0000.h5,4,1.500000000e-01,0,1.000000000e+00,main,true,rise,2033
/mnt/pd/tema1/new/results/ml_samples/N4_sw0.15_x+0_i0076.h5,4,1.500000000e-01,0,1.000000000e+00,main,true,rise,884
/mnt/pd/tema1/new/results/ml_samples/N4_sw0.15_x+0_i0086.h5,4,1.500000000e-01,0,1.000000000e+00,main,true,fall,776
/mnt/pd/tema1/new/results/ml_samples/N4_sw0.15_x+0_i0080.h5,4,1.500000000e-01,0,1.000000000e+00,main,true,fall,835
/mnt/pd/tema1/new/results/ml_samples/N4_sw0.15_x+0_i0094.h5,4,1.500000000e-01,0,1.000000000e+00,main,true,fall,717
/mnt/pd/tema1/new/results/ml_samples/N4_sw0.15_x+0_i0090.h5,4,1.500000000e-01,0,1.000000000e+00,main,true,rise,677
/mnt/pd/tema1/new/results/ml_samples/N4_sw0.15_x+0_i0046.h5,4,1.500000000e-01,0,1.000000000e+00,main,true,fall,2076
/mnt/pd/tema1/new/results/ml_samples/N4_sw0.15_x+0_i0004.h5,4,1.500000000e-01,0,1.000000000e+00,main,true,fall,2570
/mnt/pd/tema1/new/results/ml_samples/N4_sw0.15_x+0_i0056.h5,4,1.500000000e-01,0,1.000000000e+00,main,true,fall,2062
/mnt/pd/tema1/new/results/ml_samples/N4_sw0.15_x+0_i0022.h5,4,1.500000000e-01,0,1.000000000e+00,main,true,fall,2423
/mnt/pd/tema1/new/results/ml_samples/N4_sw0.15_x+0_i0064.h5,4,1.500000000e-01,0,1.000000000e+00,main,true,fall,1878
/mnt/pd/tema1/new/results/ml_samples/N4_sw0.15_x+0_i0088.h5,4,1.500000000e-01,0,1.000000000e+00,main,true,fall,1045
/mnt/pd/tema1/new/results/ml_samples/N4_sw0.15_x+0_i0102.h5,4,1.500000000e-01,0,1.000000000e+00,main,true,fall,805
/mnt/pd/tema1/new/results/ml_samples/N4_sw0.15_x+0_i0020.h5,4,1.500000000e-01,0,1.000000000e+00,main,true,rise,2857
/mnt/pd/tema1/new/results/ml_samples/N4_sw0.15_x+0_i0058.h5,4,1.500000000e-01,0,1.000000000e+00,main,true,fall,2331
/mnt/pd/tema1/new/results/ml_samples/N4_sw0.15_x+0_i0044.h5,4,1.500000000e-01,0,1.000000000e+00,main,true,fall,2721
/mnt/pd/tema1/new/results/ml_samples/N4_sw0.15_x+0_i0116.h5,4,1.500000000e-01,0,1.000000000e+00,main,true,fall,314
/mnt/pd/tema1/new/results/ml_samples/N4_sw0.15_x+0_i0120.h5,4,1.500000000e-01,0,1.000000000e+00,main,true,fall,428
/mnt/pd/tema1/new/results/ml_samples/N4_sw0.15_x+0_i0122.h5,4,1.500000000e-01,0,1.000000000e+00,main,true,fall,323
/mnt/pd/tema1/new/results/ml_samples/N4_sw0.15_x+0_i0024.h5,4,1.500000000e-01,0,1.000000000e+00,main,true,rise,3052
/mnt/pd/tema1/new/results/ml_samples/N4_sw0.15_x+0_i0132.h5,4,1.500000000e-01,0,1.000000000e+00,main,true,fall,149
/mnt/pd/tema1/new/results/ml_samples/N4_sw0.15_x+0_i0096.h5,4,1.500000000e-01,0,1.000000000e+00,main,true,fall,1297
/mnt/pd/tema1/new/results/ml_samples/N4_sw0.15_x+0_i0050.h5,4,1.500000000e-01,0,1.000000000e+00,main,true,rise,2835
/mnt/pd/tema1/new/results/ml_samples/N4_sw0.15_x+0_i0106.h5,4,1.500000000e-01,0,1.000000000e+00,main,true,fall,907
/mnt/pd/tema1/new/results/ml_samples/N4_sw0.15_x+0_i0036.h5,4,1.500000000e-01,0,1.000000000e+00,main,true,fall,2863
/mnt/pd/tema1/new/results/ml_samples/N4_sw0.15_x+0_i0140.h5,4,1.500000000e-01,0,1.000000000e+00,main,true,fall,180
/mnt/pd/tema1/new/results/ml_samples/N4_sw0.15_x+0_i0144.h5,4,1.500000000e-01,0,1.000000000e+00,main,true,fall,248
/mnt/pd/tema1/new/results/ml_samples/N4_sw0.15_x+0_i0108.h5,4,1.500000000e-01,0,1.000000000e+00,main,true,rise,1517
/mnt/pd/tema1/new/results/ml_samples/N4_sw0.15_x+0_i0134.h5,4,1.500000000e-01,0,1.000000000e+00,main,true,fall,574
/mnt/pd/tema1/new/results/ml_samples/N4_sw0.15_x+0_i0130.h5,4,1.500000000e-01,0,1.000000000e+00,main,true,rise,715
/mnt/pd/tema1/new/results/ml_samples/N4_sw0.15_x+0_i0114.h5,4,1.500000000e-01,0,1.000000000e+00,main,true,fall,1162
/mnt/pd/tema1/new/results/ml_samples/N4_sw0.15_x+0_i0156.h5,4,1.500000000e-01,0,1.000000000e+00,main,true,fall,372
/mnt/pd/tema1/new/results/ml_samples/N4_sw0.15_x+0_i0092.h5,4,1.500000000e-01,0,1.000000000e+00,main,true,rise,2214
/mnt/pd/tema1/new/results/ml_samples/N4_sw0.15_x+0_i0128.h5,4,1.500000000e-01,0,1.000000000e+00,main,true,rise,1049
/mnt/pd/tema1/new/results/ml_samples/N4_sw0.15_x+0_i0098.h5,4,1.500000000e-01,0,1.000000000e+00,main,true,fall,2087
/mnt/pd/tema1/new/results/ml_samples/N4_sw0.15_x+0_i0100.h5,4,1.500000000e-01,0,1.000000000e+00,main,true,fall,2059
/mnt/pd/tema1/new/results/ml_samples/N4_sw0.15_x+0_i0158.h5,4,1.500000000e-01,0,1.000000000e+00,main,true,fall,446
/mnt/pd/tema1/new/results/ml_samples/N4_sw0.15_x+0_i0148.h5,4,1.500000000e-01,0,1.000000000e+00,main,true,fall,908
/mnt/pd/tema1/new/results/ml_samples/N4_sw0.15_x+0_i0146.h5,4,1.500000000e-01,0,1.000000000e+00,main,true,fall,981
/mnt/pd/tema1/new/results/ml_samples/N4_sw0.15_x+0_i0166.h5,4,1.500000000e-01,0,1.000000000e+00,main,true,fall,153
/mnt/pd/tema1/new/results/ml_samples/N4_sw0.15_x+0_i0170.h5,4,1.500000000e-01,0,1.000000000e+00,main,true,fall,251
/mnt/pd/tema1/new/results/ml_samples/N4_sw0.15_x+0_i0168.h5,4,1.500000000e-01,0,1.000000000e+00,main,true,fall,350
/mnt/pd/tema1/new/results/ml_samples/N4_sw0.15_x+0_i0176.h5,4,1.500000000e-01,0,1.000000000e+00,main,true,fall,255
/mnt/pd/tema1/new/results/ml_samples/N4_sw0.15_x+0_i0028.h5,4,1.500000000e-01,0,1.000000000e+00,main,true,fall,4220
/mnt/pd/tema1/new/results/ml_samples/N4_sw0.15_x+0_i0126.h5,4,1.500000000e-01,0,1.000000000e+00,main,true,fall,1674
/mnt/pd/tema1/new/results/ml_samples/N4_sw0.15_x+0_i0172.h5,4,1.500000000e-01,0,1.000000000e+00,main,true,fall,490
/mnt/pd/tema1/new/results/ml_samples/N4_sw0.15_x+0_i0178.h5,4,1.500000000e-01,0,1.000000000e+00,main,true,fall,303
/mnt/pd/tema1/new/results/ml_samples/N4_sw0.15_x+0_i0118.h5,4,1.500000000e-01,0,1.000000000e+00,main,true,rise,1858
/mnt/pd/tema1/new/results/ml_samples/N4_sw0.15_x+0_i0174.h5,4,1.500000000e-01,0,1.000000000e+00,main,true,fall,569
/mnt/pd/tema1/new/results/ml_samples/N4_sw0.15_x+0_i0030.h5,4,1.500000000e-01,0,1.000000000e+00,main,true,timeout,6001
/mnt/pd/tema1/new/results/ml_samples/N4_sw0.15_x+0_i0124.h5,4,1.500000000e-01,0,1.000000000e+00,main,true,fall,1816
/mnt/pd/tema1/new/results/ml_samples/N4_sw0.15_x+0_i0192.h5,4,1.500000000e-01,0,1.000000000e+00,main,true,fall,197
/mnt/pd/tema1/new/results/ml_samples/N4_sw0.15_x+0_i0182.h5,4,1.500000000e-01,0,1.000000000e+00,main,true,fall,378
/mnt/pd/tema1/new/results/ml_samples/N4_sw0.15_x+0_i0110.h5,4,1.500000000e-01,0,1.000000000e+00,main,true,rise,2289
/mnt/pd/tema1/new/results/ml_samples/N4_sw0.15_x+0_i0082.h5,4,1.500000000e-01,0,1.000000000e+00,main,true,fall,3358
/mnt/pd/tema1/new/results/ml_samples/N4_sw0.15_x+0_i0188.h5,4,1.500000000e-01,0,1.000000000e+00,main,true,fall,493
/mnt/pd/tema1/new/results/ml_samples/N4_sw0.15_x+0_i0084.h5,4,1.500000000e-01,0,1.000000000e+00,main,true,fall,3552
/mnt/pd/tema1/new/results/ml_samples/N4_sw0.15_x+0_i0104.h5,4,1.500000000e-01,0,1.000000000e+00,main,true,rise,2987
/mnt/pd/tema1/new/results/ml_samples/N4_sw0.15_x+0_i0186.h5,4,1.500000000e-01,0,1.000000000e+00,main,true,fall,945
/mnt/pd/tema1/new/results/ml_samples/N4_sw0.15_x+0_i0060.h5,4,1.500000000e-01,0,1.000000000e+00,main,true,rise,5442
/mnt/pd/tema1/new/results/ml_samples/N4_sw0.15_x+1_i0006.h5,4,1.500000000e-01,1,1.130292401e+00,main,true,rise,699
/mnt/pd/tema1/new/results/ml_samples/N4_sw0.15_x+1_i0000.h5,4,1.500000000e-01,1,1.130292401e+00,main,true,rise,924
/mnt/pd/tema1/new/results/ml_samples/N4_sw0.15_x+0_i0196.h5,4,1.500000000e-01,0,1.000000000e+00,main,true,fall,948
/mnt/pd/tema1/new/results/ml_samples/N4_sw0.15_x+1_i0014.h5,4,1.500000000e-01,1,1.130292401e+00,main,true,rise,531
/mnt/pd/tema1/new/results/ml_samples/N4_sw0.15_x+0_i0184.h5,4,1.500000000e-01,0,1.000000000e+00,main,true,fall,1482
/mnt/pd/tema1/new/results/ml_samples/N4_sw0.15_x+0_i0112.h5,4,1.500000000e-01,0,1.000000000e+00,main,true,fall,3321
/mnt/pd/tema1/new/results/ml_samples/N4_sw0.15_x+0_i0152.h5,4,1.500000000e-01,0,1.000000000e+00,main,true,rise,2444
/mnt/pd/tema1/new/results/ml_samples/N4_sw0.15_x+0_i0190.h5,4,1.500000000e-01,0,1.000000000e+00,main,true,fall,1399
/mnt/pd/tema1/new/results/ml_samples/N4_sw0.15_x+1_i0004.h5,4,1.500000000e-01,1,1.130292401e+00,main,true,rise,1113
/mnt/pd/tema1/new/results/ml_samples/N4_sw0.15_x+0_i0180.h5,4,1.500000000e-01,0,1.000000000e+00,main,true,rise,1609
/mnt/pd/tema1/new/results/ml_samples/N4_sw0.15_x+1_i0018.h5,4,1.500000000e-01,1,1.130292401e+00,main,true,rise,781
/mnt/pd/tema1/new/results/ml_samples/N4_sw0.15_x+1_i0002.h5,4,1.500000000e-01,1,1.130292401e+00,main,true,rise,1391
/mnt/pd/tema1/new/results/ml_samples/N4_sw0.15_x+1_i0026.h5,4,1.500000000e-01,1,1.130292401e+00,main,true,fall,423
/mnt/pd/tema1/new/results/ml_samples/N4_sw0.15_x+0_i0164.h5,4,1.500000000e-01,0,1.000000000e+00,main,true,rise,2169
/mnt/pd/tema1/new/results/ml_samples/N4_sw0.15_x+0_i0194.h5,4,1.500000000e-01,0,1.000000000e+00,main,true,fall,1751
/mnt/pd/tema1/new/results/ml_samples/N4_sw0.15_x+0_i0198.h5,4,1.500000000e-01,0,1.000000000e+00,main,true,fall,1708
/mnt/pd/tema1/new/results/ml_samples/N4_sw0.15_x+1_i0024.h5,4,1.500000000e-01,1,1.130292401e+00,main,true,fall,691
/mnt/pd/tema1/new/results/ml_samples/N4_sw0.15_x+1_i0010.h5,4,1.500000000e-01,1,1.130292401e+00,main,true,rise,1479
/mnt/pd/tema1/new/results/ml_samples/N4_sw0.15_x+0_i0162.h5,4,1.500000000e-01,0,1.000000000e+00,main,true,rise,2466
/mnt/pd/tema1/new/results/ml_samples/N4_sw0.15_x+0_i0052.h5,4,1.500000000e-01,0,1.000000000e+00,main,true,timeout,6001
/mnt/pd/tema1/new/results/ml_samples/N4_sw0.15_x+0_i0074.h5,4,1.500000000e-01,0,1.000000000e+00,main,true,rise,5380
/mnt/pd/tema1/new/results/ml_samples/N4_sw0.15_x+1_i0036.h5,4,1.500000000e-01,1,1.130292401e+00,main,true,rise,771
/mnt/pd/tema1/new/results/ml_samples/N4_sw0.15_x+1_i0052.h5,4,1.500000000e-01,1,1.130292401e+00,main,true,rise,628
/mnt/pd/tema1/new/results/ml_samples/N4_sw0.15_x+1_i0016.h5,4,1.500000000e-01,1,1.130292401e+00,main,true,rise,1552
/mnt/pd/tema1/new/results/ml_samples/N4_sw0.15_x+1_i0040.h5,4,1.500000000e-01,1,1.130292401e+00,main,true,rise,1252
/mnt/pd/tema1/new/results/ml_samples/N4_sw0.15_x+1_i0034.h5,4,1.500000000e-01,1,1.130292401e+00,main,true,fall,1282
/mnt/pd/tema1/new/results/ml_samples/N4_sw0.15_x+1_i0038.h5,4,1.500000000e-01,1,1.130292401e+00,main,true,rise,1259
/mnt/pd/tema1/new/results/ml_samples/N4_sw0.15_x+1_i0020.h5,4,1.500000000e-01,1,1.130292401e+00,main,true,rise,1705
/mnt/pd/tema1/new/results/ml_samples/N4_sw0.15_x+1_i0008.h5,4,1.500000000e-01,1,1.130292401e+00,main,true,rise,2333
/mnt/pd/tema1/new/results/ml_samples/N4_sw0.15_x+1_i0042.h5,4,1.500000000e-01,1,1.130292401e+00,main,true,rise,1194
/mnt/pd/tema1/new/results/ml_samples/N4_sw0.15_x+0_i0150.h5,4,1.500000000e-01,0,1.000000000e+00,main,true,fall,4168
/mnt/pd/tema1/new/results/ml_samples/N4_sw0.15_x+0_i0142.h5,4,1.500000000e-01,0,1.000000000e+00,main,true,rise,4448
/mnt/pd/tema1/new/results/ml_samples/N4_sw0.15_x+1_i0064.h5,4,1.500000000e-01,1,1.130292401e+00,main,true,rise,635
/mnt/pd/tema1/new/results/ml_samples/N4_sw0.15_x+1_i0032.h5,4,1.500000000e-01,1,1.130292401e+00,main,true,rise,1823
/mnt/pd/tema1/new/results/ml_samples/N4_sw0.15_x+0_i0154.h5,4,1.500000000e-01,0,1.000000000e+00,main,true,timeout,6001
/mnt/pd/tema1/new/results/ml_samples/N4_sw0.15_x+1_i0074.h5,4,1.500000000e-01,1,1.130292401e+00,main,true,rise,692
/mnt/pd/tema1/new/results/ml_samples/N4_sw0.15_x+1_i0048.h5,4,1.500000000e-01,1,1.130292401e+00,main,true,rise,1806
/mnt/pd/tema1/new/results/ml_samples/N4_sw0.15_x+1_i0030.h5,4,1.500000000e-01,1,1.130292401e+00,main,true,rise,2236
/mnt/pd/tema1/new/results/ml_samples/N4_sw0.15_x+1_i0046.h5,4,1.500000000e-01,1,1.130292401e+00,main,true,rise,1906
/mnt/pd/tema1/new/results/ml_samples/N4_sw0.15_x+1_i0058.h5,4,1.500000000e-01,1,1.130292401e+00,main,true,fall,1650
/mnt/pd/tema1/new/results/ml_samples/N4_sw0.15_x+1_i0050.h5,4,1.500000000e-01,1,1.130292401e+00,main,true,rise,1891
/mnt/pd/tema1/new/results/ml_samples/N4_sw0.15_x+1_i0068.h5,4,1.500000000e-01,1,1.130292401e+00,main,true,fall,1722
/mnt/pd/tema1/new/results/ml_samples/N4_sw0.15_x+1_i0080.h5,4,1.500000000e-01,1,1.130292401e+00,main,true,rise,888
/mnt/pd/tema1/new/results/ml_samples/N4_sw0.15_x+1_i0076.h5,4,1.500000000e-01,1,1.130292401e+00,main,true,rise,1159
/mnt/pd/tema1/new/results/ml_samples/N4_sw0.15_x+1_i0078.h5,4,1.500000000e-01,1,1.130292401e+00,main,true,rise,1191
/mnt/pd/tema1/new/results/ml_samples/N4_sw0.15_x+1_i0094.h5,4,1.500000000e-01,1,1.130292401e+00,main,true,fall,657
/mnt/pd/tema1/new/results/ml_samples/N4_sw0.15_x+1_i0054.h5,4,1.500000000e-01,1,1.130292401e+00,main,true,rise,2181
/mnt/pd/tema1/new/results/ml_samples/N4_sw0.15_x+0_i0160.h5,4,1.500000000e-01,0,1.000000000e+00,main,true,fall,5118
/mnt/pd/tema1/new/results/ml_samples/N4_sw0.15_x+1_i0062.h5,4,1.500000000e-01,1,1.130292401e+00,main,true,fall,2156
/mnt/pd/tema1/new/results/ml_samples/N4_sw0.15_x+1_i0102.h5,4,1.500000000e-01,1,1.130292401e+00,main,true,rise,960
/mnt/pd/tema1/new/results/ml_samples/N4_sw0.15_x+1_i0066.h5,4,1.500000000e-01,1,1.130292401e+00,main,true,rise,1949
/mnt/pd/tema1/new/results/ml_samples/N4_sw0.15_x+1_i0022.h5,4,1.500000000e-01,1,1.130292401e+00,main,true,rise,3295
/mnt/pd/tema1/new/results/ml_samples/N4_sw0.15_x+1_i0084.h5,4,1.500000000e-01,1,1.130292401e+00,main,true,rise,1352
/mnt/pd/tema1/new/results/ml_samples/N4_sw0.15_x+1_i0100.h5,4,1.500000000e-01,1,1.130292401e+00,main,true,rise,700
/mnt/pd/tema1/new/results/ml_samples/N4_sw0.15_x+1_i0086.h5,4,1.500000000e-01,1,1.130292401e+00,main,true,rise,1336
/mnt/pd/tema1/new/results/ml_samples/N4_sw0.15_x+0_i0136.h5,4,1.500000000e-01,0,1.000000000e+00,main,true,fall,5939
/mnt/pd/tema1/new/results/ml_samples/N4_sw0.15_x+1_i0072.h5,4,1.500000000e-01,1,1.130292401e+00,main,true,rise,1934
/mnt/pd/tema1/new/results/ml_samples/N4_sw0.15_x+1_i0044.h5,4,1.500000000e-01,1,1.130292401e+00,main,true,rise,2987
/mnt/pd/tema1/new/results/ml_samples/N4_sw0.15_x+1_i0096.h5,4,1.500000000e-01,1,1.130292401e+00,main,true,rise,1056
/mnt/pd/tema1/new/results/ml_samples/N4_sw0.15_x+0_i0138.h5,4,1.500000000e-01,0,1.000000000e+00,main,true,timeout,6001
/mnt/pd/tema1/new/results/ml_samples/N4_sw0.15_x+1_i0104.h5,4,1.500000000e-01,1,1.130292401e+00,main,true,rise,966
/mnt/pd/tema1/new/results/ml_samples/N4_sw0.15_x+1_i0130.h5,4,1.500000000e-01,1,1.130292401e+00,main,true,rise,519
/mnt/pd/tema1/new/results/ml_samples/N4_sw0.15_x+1_i0092.h5,4,1.500000000e-01,1,1.130292401e+00,main,true,rise,1566
/mnt/pd/tema1/new/results/ml_samples/N4_sw0.15_x+1_i0126.h5,4,1.500000000e-01,1,1.130292401e+00,main,true,rise,736
/mnt/pd/tema1/new/results/ml_samples/N4_sw0.15_x+1_i0118.h5,4,1.500000000e-01,1,1.130292401e+00,main,true,rise,1169
/mnt/pd/tema1/new/results/ml_samples/N4_sw0.15_x+1_i0090.h5,4,1.500000000e-01,1,1.130292401e+00,main,true,fall,1833
/mnt/pd/tema1/new/results/ml_samples/N4_sw0.15_x+1_i0106.h5,4,1.500000000e-01,1,1.130292401e+00,main,true,rise,1262
/mnt/pd/tema1/new/results/ml_samples/N4_sw0.15_x+1_i0120.h5,4,1.500000000e-01,1,1.130292401e+00,main,true,rise,891
/mnt/pd/tema1/new/results/ml_samples/N4_sw0.15_x+1_i0138.h5,4,1.500000000e-01,1,1.130292401e+00,main,true,rise,536
/mnt/pd/tema1/new/results/ml_samples/N4_sw0.15_x+1_i0122.h5,4,1.500000000e-01,1,1.130292401e+00,main,true,rise,927
/mnt/pd/tema1/new/results/ml_samples/N4_sw0.15_x+1_i0134.h5,4,1.500000000e-01,1,1.130292401e+00,main,true,rise,689
/mnt/pd/tema1/new/results/ml_samples/N4_sw0.15_x+1_i0140.h5,4,1.500000000e-01,1,1.130292401e+00,main,true,rise,497
/mnt/pd/tema1/new/results/ml_samples/N4_sw0.15_x+1_i0110.h5,4,1.500000000e-01,1,1.130292401e+00,main,true,rise,1219
/mnt/pd/tema1/new/results/ml_samples/N4_sw0.15_x+1_i0116.h5,4,1.500000000e-01,1,1.130292401e+00,main,true,rise,1161
/mnt/pd/tema1/new/results/ml_samples/N4_sw0.15_x+1_i0012.h5,4,1.500000000e-01,1,1.130292401e+00,main,true,fall,4880
/mnt/pd/tema1/new/results/ml_samples/N4_sw0.15_x+1_i0160.h5,4,1.500000000e-01,1,1.130292401e+00,main,true,fall,126
/mnt/pd/tema1/new/results/ml_samples/N4_sw0.15_x+1_i0060.h5,4,1.500000000e-01,1,1.130292401e+00,main,true,rise,3587
/mnt/pd/tema1/new/results/ml_samples/N4_sw0.15_x+1_i0128.h5,4,1.500000000e-01,1,1.130292401e+00,main,true,rise,1268
/mnt/pd/tema1/new/results/ml_samples/N4_sw0.15_x+1_i0112.h5,4,1.500000000e-01,1,1.130292401e+00,main,true,rise,1610
/mnt/pd/tema1/new/results/ml_samples/N4_sw0.15_x+1_i0158.h5,4,1.500000000e-01,1,1.130292401e+00,main,true,rise,569
/mnt/pd/tema1/new/results/ml_samples/N4_sw0.15_x+1_i0156.h5,4,1.500000000e-01,1,1.130292401e+00,main,true,rise,564
/mnt/pd/tema1/new/results/ml_samples/N4_sw0.15_x+1_i0098.h5,4,1.500000000e-01,1,1.130292401e+00,main,true,rise,2270
/mnt/pd/tema1/new/results/ml_samples/N4_sw0.15_x+1_i0164.h5,4,1.500000000e-01,1,1.130292401e+00,main,true,rise,627
/mnt/pd/tema1/new/results/ml_samples/N4_sw0.15_x+1_i0082.h5,4,1.500000000e-01,1,1.130292401e+00,main,true,rise,3219
/mnt/pd/tema1/new/results/ml_samples/N4_sw0.15_x+1_i0168.h5,4,1.500000000e-01,1,1.130292401e+00,main,true,fall,763
/mnt/pd/tema1/new/results/ml_samples/N4_sw0.15_x+1_i0144.h5,4,1.500000000e-01,1,1.130292401e+00,main,true,rise,1188
/mnt/pd/tema1/new/results/ml_samples/N4_sw0.15_x+1_i0124.h5,4,1.500000000e-01,1,1.130292401e+00,main,true,fall,1840
/mnt/pd/tema1/new/results/ml_samples/N4_sw0.15_x+1_i0142.h5,4,1.500000000e-01,1,1.130292401e+00,main,true,fall,1410
/mnt/pd/tema1/new/results/ml_samples/N4_sw0.15_x+1_i0146.h5,4,1.500000000e-01,1,1.130292401e+00,main,true,rise,1358
/mnt/pd/tema1/new/results/ml_samples/N4_sw0.15_x+1_i0182.h5,4,1.500000000e-01,1,1.130292401e+00,main,true,rise,644
/mnt/pd/tema1/new/results/ml_samples/N4_sw0.15_x+1_i0166.h5,4,1.500000000e-01,1,1.130292401e+00,main,true,rise,1326
/mnt/pd/tema1/new/results/ml_samples/N4_sw0.15_x+1_i0152.h5,4,1.500000000e-01,1,1.130292401e+00,main,true,fall,1550
/mnt/pd/tema1/new/results/ml_samples/N4_sw0.15_x+1_i0186.h5,4,1.500000000e-01,1,1.130292401e+00,main,true,rise,634
/mnt/pd/tema1/new/results/ml_samples/N4_sw0.15_x+1_i0172.h5,4,1.500000000e-01,1,1.130292401e+00,main,true,rise,1211
/mnt/pd/tema1/new/results/ml_samples/N4_sw0.15_x+1_i0194.h5,4,1.500000000e-01,1,1.130292401e+00,main,true,rise,585
/mnt/pd/tema1/new/results/ml_samples/N4_sw0.15_x+1_i0190.h5,4,1.500000000e-01,1,1.130292401e+00,main,true,fall,615
/mnt/pd/tema1/new/results/ml_samples/N4_sw0.15_x+1_i0176.h5,4,1.500000000e-01,1,1.130292401e+00,main,true,fall,1110
/mnt/pd/tema1/new/results/ml_samples/N4_sw0.15_x+1_i0184.h5,4,1.500000000e-01,1,1.130292401e+00,main,true,fall,1001
/mnt/pd/tema1/new/results/ml_samples/N4_sw0.15_x+1_i0170.h5,4,1.500000000e-01,1,1.130292401e+00,main,true,fall,1703
/mnt/pd/tema1/new/results/ml_samples/N4_sw0.15_x+2_i0012.h5,4,1.500000000e-01,2,1.260584802e+00,main,true,rise,318
/mnt/pd/tema1/new/results/ml_samples/N4_sw0.15_x+1_i0056.h5,4,1.500000000e-01,1,1.130292401e+00,main,true,rise,5162
/mnt/pd/tema1/new/results/ml_samples/N4_sw0.15_x+2_i0010.h5,4,1.500000000e-01,2,1.260584802e+00,main,true,fall,382
/mnt/pd/tema1/new/results/ml_samples/N4_sw0.15_x+1_i0114.h5,4,1.500000000e-01,1,1.130292401e+00,main,true,rise,3020
/mnt/pd/tema1/new/results/ml_samples/N4_sw0.15_x+1_i0148.h5,4,1.500000000e-01,1,1.130292401e+00,main,true,rise,3000
/mnt/pd/tema1/new/results/ml_samples/N4_sw0.15_x+2_i0000.h5,4,1.500000000e-01,2,1.260584802e+00,main,true,rise,673
/mnt/pd/tema1/new/results/ml_samples/N4_sw0.15_x+1_i0028.h5,4,1.500000000e-01,1,1.130292401e+00,main,true,timeout,6001
/mnt/pd/tema1/new/results/ml_samples/N4_sw0.15_x+2_i0018.h5,4,1.500000000e-01,2,1.260584802e+00,main,true,rise,317
/mnt/pd/tema1/new/results/ml_samples/N4_sw0.15_x+1_i0174.h5,4,1.500000000e-01,1,1.130292401e+00,main,true,fall,1710
/mnt/pd/tema1/new/results/ml_samples/N4_sw0.15_x+1_i0192.h5,4,1.500000000e-01,1,1.130292401e+00,main,true,rise,1222
/mnt/pd/tema1/new/results/ml_samples/N4_sw0.15_x+1_i0162.h5,4,1.500000000e-01,1,1.130292401e+00,main,true,rise,2061
/mnt/pd/tema1/new/results/ml_samples/N4_sw0.15_x+1_i0136.h5,4,1.500000000e-01,1,1.130292401e+00,main,true,rise,2750
/mnt/pd/tema1/new/results/ml_samples/N4_sw0.15_x+1_i0154.h5,4,1.500000000e-01,1,1.130292401e+00,main,true,rise,2392
/mnt/pd/tema1/new/results/ml_samples/N4_sw0.15_x+1_i0088.h5,4,1.500000000e-01,1,1.130292401e+00,main,true,timeout,6001
/mnt/pd/tema1/new/results/ml_samples/N4_sw0.15_x+2_i0008.h5,4,1.500000000e-01,2,1.260584802e+00,main,true,rise,1025
/mnt/pd/tema1/new/results/ml_samples/N4_sw0.15_x+2_i0028.h5,4,1.500000000e-01,2,1.260584802e+00,main,true,rise,537
/mnt/pd/tema1/new/results/ml_samples/N4_sw0.15_x+1_i0188.h5,4,1.500000000e-01,1,1.130292401e+00,main,true,rise,1724
/mnt/pd/tema1/new/results/ml_samples/N4_sw0.15_x+2_i0030.h5,4,1.500000000e-01,2,1.260584802e+00,main,true,rise,544
/mnt/pd/tema1/new/results/ml_samples/N4_sw0.15_x+2_i0026.h5,4,1.500000000e-01,2,1.260584802e+00,main,true,rise,942
/mnt/pd/tema1/new/results/ml_samples/N4_sw0.15_x+2_i0014.h5,4,1.500000000e-01,2,1.260584802e+00,main,true,rise,962
/mnt/pd/tema1/new/results/ml_samples/N4_sw0.15_x+2_i0032.h5,4,1.500000000e-01,2,1.260584802e+00,main,true,rise,713
/mnt/pd/tema1/new/results/ml_samples/N4_sw0.15_x+2_i0024.h5,4,1.500000000e-01,2,1.260584802e+00,main,true,rise,838
/mnt/pd/tema1/new/results/ml_samples/N4_sw0.15_x+1_i0198.h5,4,1.500000000e-01,1,1.130292401e+00,main,true,rise,1654
/mnt/pd/tema1/new/results/ml_samples/N4_sw0.15_x+2_i0020.h5,4,1.500000000e-01,2,1.260584802e+00,main,true,rise,967
/mnt/pd/tema1/new/results/ml_samples/N4_sw0.15_x+1_i0180.h5,4,1.500000000e-01,1,1.130292401e+00,main,true,fall,2363
/mnt/pd/tema1/new/results/ml_samples/N4_sw0.15_x+2_i0002.h5,4,1.500000000e-01,2,1.260584802e+00,main,true,rise,1618
/mnt/pd/tema1/new/results/ml_samples/N4_sw0.15_x+2_i0048.h5,4,1.500000000e-01,2,1.260584802e+00,main,true,rise,595
/mnt/pd/tema1/new/results/ml_samples/N4_sw0.15_x+1_i0070.h5,4,1.500000000e-01,1,1.130292401e+00,main,true,rise,5904
/mnt/pd/tema1/new/results/ml_samples/N4_sw0.15_x+2_i0054.h5,4,1.500000000e-01,2,1.260584802e+00,main,true,rise,763
/mnt/pd/tema1/new/results/ml_samples/N4_sw0.15_x+2_i0062.h5,4,1.500000000e-01,2,1.260584802e+00,main,true,rise,588
/mnt/pd/tema1/new/results/ml_samples/N4_sw0.15_x+2_i0042.h5,4,1.500000000e-01,2,1.260584802e+00,main,true,rise,1028
/mnt/pd/tema1/new/results/ml_samples/N4_sw0.15_x+2_i0040.h5,4,1.500000000e-01,2,1.260584802e+00,main,true,rise,1173
/mnt/pd/tema1/new/results/ml_samples/N4_sw0.15_x+2_i0050.h5,4,1.500000000e-01,2,1.260584802e+00,main,true,rise,741
/mnt/pd/tema1/new/results/ml_samples/N4_sw0.15_x+2_i0016.h5,4,1.500000000e-01,2,1.260584802e+00,main,true,rise,1644
/mnt/pd/tema1/new/results/ml_samples/N4_sw0.15_x+2_i0036.h5,4,1.500000000e-01,2,1.260584802e+00,main,true,rise,1323
/mnt/pd/tema1/new/results/ml_samples/N4_sw0.15_x+1_i0132.h5,4,1.500000000e-01,1,1.130292401e+00,main,true,rise,4314
/mnt/pd/tema1/new/results/ml_samples/N4_sw0.15_x+2_i0078.h5,4,1.500000000e-01,2,1.260584802e+00,main,true,fall,322
/mnt/pd/tema1/new/results/ml_samples/N4_sw0.15_x+2_i0004.h5,4,1.500000000e-01,2,1.260584802e+00,main,true,rise,2246
/mnt/pd/tema1/new/results/ml_samples/N4_sw0.15_x+2_i0044.h5,4,1.500000000e-01,2,1.260584802e+00,main,true,rise,2023
/mnt/pd/tema1/new/results/ml_samples/N4_sw0.15_x+2_i0022.h5,4,1.500000000e-01,2,1.260584802e+00,main,true,rise,1849
/mnt/pd/tema1/new/results/ml_samples/N4_sw0.15_x+1_i0150.h5,4,1.500000000e-01,1,1.130292401e+00,main,true,rise,4093
/mnt/pd/tema1/new/results/ml_samples/N4_sw0.15_x+2_i0072.h5,4,1.500000000e-01,2,1.260584802e+00,main,true,rise,808
/mnt/pd/tema1/new/results/ml_samples/N4_sw0.15_x+2_i0006.h5,4,1.500000000e-01,2,1.260584802e+00,main,true,rise,2520
/mnt/pd/tema1/new/results/ml_samples/N4_sw0.15_x+2_i0090.h5,4,1.500000000e-01,2,1.260584802e+00,main,true,rise,483
/mnt/pd/tema1/new/results/ml_samples/N4_sw0.15_x+2_i0084.h5,4,1.500000000e-01,2,1.260584802e+00,main,true,rise,729
/mnt/pd/tema1/new/results/ml_samples/N4_sw0.15_x+2_i0094.h5,4,1.500000000e-01,2,1.260584802e+00,main,true,rise,602
/mnt/pd/tema1/new/results/ml_samples/N4_sw0.15_x+2_i0056.h5,4,1.500000000e-01,2,1.260584802e+00,main,true,rise,1582
/mnt/pd/tema1/new/results/ml_samples/N4_sw0.15_x+2_i0074.h5,4,1.500000000e-01,2,1.260584802e+00,main,true,rise,1460
/mnt/pd/tema1/new/results/ml_samples/N4_sw0.15_x+2_i0096.h5,4,1.500000000e-01,2,1.260584802e+00,main,true,rise,395
/mnt/pd/tema1/new/results/ml_samples/N4_sw0.15_x+2_i0080.h5,4,1.500000000e-01,2,1.260584802e+00,main,true,rise,903
/mnt/pd/tema1/new/results/ml_samples/N4_sw0.15_x+2_i0086.h5,4,1.500000000e-01,2,1.260584802e+00,main,true,rise,947
/mnt/pd/tema1/new/results/ml_samples/N4_sw0.15_x+4_i0002.h5,4,1.500000000e-01,4,1.521169604e+00,main,true,rise,347
/mnt/pd/tema1/new/results/ml_samples/N4_sw0.15_x+2_i0082.h5,4,1.500000000e-01,2,1.260584802e+00,main,true,rise,1041
/mnt/pd/tema1/new/results/ml_samples/N4_sw0.15_x+2_i0068.h5,4,1.500000000e-01,2,1.260584802e+00,main,true,rise,1483
/mnt/pd/tema1/new/results/ml_samples/N4_sw0.15_x+2_i0092.h5,4,1.500000000e-01,2,1.260584802e+00,main,true,rise,654
/mnt/pd/tema1/new/results/ml_samples/N4_sw0.15_x+2_i0088.h5,4,1.500000000e-01,2,1.260584802e+00,main,true,rise,833
/mnt/pd/tema1/new/results/ml_samples/N4_sw0.15_x+4_i0006.h5,4,1.500000000e-01,4,1.521169604e+00,main,true,rise,363
/mnt/pd/tema1/new/results/ml_samples/N4_sw0.15_x+2_i0052.h5,4,1.500000000e-01,2,1.260584802e+00,main,true,rise,1753
/mnt/pd/tema1/new/results/ml_samples/N4_sw0.15_x+2_i0038.h5,4,1.500000000e-01,2,1.260584802e+00,main,true,rise,2281
/mnt/pd/tema1/new/results/ml_samples/N4_sw0.15_x+4_i0004.h5,4,1.500000000e-01,4,1.521169604e+00,main,true,rise,478
/mnt/pd/tema1/new/results/ml_samples/N4_sw0.15_x+2_i0098.h5,4,1.500000000e-01,2,1.260584802e+00,main,true,rise,660
/mnt/pd/tema1/new/results/ml_samples/N4_sw0.15_x+4_i0000.h5,4,1.500000000e-01,4,1.521169604e+00,main,true,rise,587
/mnt/pd/tema1/new/results/ml_samples/N4_sw0.15_x+2_i0076.h5,4,1.500000000e-01,2,1.260584802e+00,main,true,rise,1210
/mnt/pd/tema1/new/results/ml_samples/N4_sw0.15_x+2_i0064.h5,4,1.500000000e-01,2,1.260584802e+00,main,true,rise,1758
/mnt/pd/tema1/new/results/ml_samples/N4_sw0.15_x+2_i0046.h5,4,1.500000000e-01,2,1.260584802e+00,main,true,fall,2005
/mnt/pd/tema1/new/results/ml_samples/N4_sw0.15_x+2_i0034.h5,4,1.500000000e-01,2,1.260584802e+00,main,true,rise,2443
/mnt/pd/tema1/new/results/ml_samples/N4_sw0.15_x+4_i0010.h5,4,1.500000000e-01,4,1.521169604e+00,main,true,rise,437
/mnt/pd/tema1/new/results/ml_samples/N4_sw0.15_x+1_i0108.h5,4,1.500000000e-01,1,1.130292401e+00,main,true,timeout,6001
/mnt/pd/tema1/new/results/ml_samples/N4_sw0.15_x+4_i0022.h5,4,1.500000000e-01,4,1.521169604e+00,main,true,rise,426
/mnt/pd/tema1/new/results/ml_samples/N4_sw0.15_x+4_i0018.h5,4,1.500000000e-01,4,1.521169604e+00,main,true,rise,505
/mnt/pd/tema1/new/results/ml_samples/N4_sw0.15_x+4_i0024.h5,4,1.500000000e-01,4,1.521169604e+00,main,true,rise,413
/mnt/pd/tema1/new/results/ml_samples/N4_sw0.15_x+4_i0032.h5,4,1.500000000e-01,4,1.521169604e+00,main,true,rise,421
/mnt/pd/tema1/new/results/ml_samples/N4_sw0.15_x+4_i0012.h5,4,1.500000000e-01,4,1.521169604e+00,main,true,rise,853
/mnt/pd/tema1/new/results/ml_samples/N4_sw0.15_x+2_i0066.h5,4,1.500000000e-01,2,1.260584802e+00,main,true,fall,1981
/mnt/pd/tema1/new/results/ml_samples/N4_sw0.15_x+4_i0014.h5,4,1.500000000e-01,4,1.521169604e+00,main,true,rise,664
/mnt/pd/tema1/new/results/ml_samples/N4_sw0.15_x+4_i0042.h5,4,1.500000000e-01,4,1.521169604e+00,main,true,rise,410
/mnt/pd/tema1/new/results/ml_samples/N4_sw0.15_x+4_i0008.h5,4,1.500000000e-01,4,1.521169604e+00,main,true,rise,954
/mnt/pd/tema1/new/results/ml_samples/N4_sw0.15_x+4_i0038.h5,4,1.500000000e-01,4,1.521169604e+00,main,true,rise,424
/mnt/pd/tema1/new/results/ml_samples/N4_sw0.15_x+4_i0026.h5,4,1.500000000e-01,4,1.521169604e+00,main,true,rise,595
/mnt/pd/tema1/new/results/ml_samples/N4_sw0.15_x+4_i0036.h5,4,1.500000000e-01,4,1.521169604e+00,main,true,rise,523
/mnt/pd/tema1/new/results/ml_samples/N4_sw0.15_x+4_i0046.h5,4,1.500000000e-01,4,1.521169604e+00,main,true,rise,359
/mnt/pd/tema1/new/results/ml_samples/N4_sw0.15_x+1_i0196.h5,4,1.500000000e-01,1,1.130292401e+00,main,true,rise,3933
/mnt/pd/tema1/new/results/ml_samples/N4_sw0.15_x+4_i0054.h5,4,1.500000000e-01,4,1.521169604e+00,main,true,rise,288
/mnt/pd/tema1/new/results/ml_samples/N4_sw0.15_x+4_i0040.h5,4,1.500000000e-01,4,1.521169604e+00,main,true,rise,556
/mnt/pd/tema1/new/results/ml_samples/N4_sw0.15_x+4_i0052.h5,4,1.500000000e-01,4,1.521169604e+00,main,true,rise,367
/mnt/pd/tema1/new/results/ml_samples/N4_sw0.15_x+4_i0030.h5,4,1.500000000e-01,4,1.521169604e+00,main,true,rise,641
/mnt/pd/tema1/new/results/ml_samples/N4_sw0.15_x+4_i0028.h5,4,1.500000000e-01,4,1.521169604e+00,main,true,rise,639
/mnt/pd/tema1/new/results/ml_samples/N4_sw0.15_x+4_i0050.h5,4,1.500000000e-01,4,1.521169604e+00,main,true,rise,569
/mnt/pd/tema1/new/results/ml_samples/N4_sw0.15_x+4_i0056.h5,4,1.500000000e-01,4,1.521169604e+00,main,true,rise,393
/mnt/pd/tema1/new/results/ml_samples/N4_sw0.15_x+4_i0058.h5,4,1.500000000e-01,4,1.521169604e+00,main,true,rise,381
/mnt/pd/tema1/new/results/ml_samples/N4_sw0.15_x+4_i0060.h5,4,1.500000000e-01,4,1.521169604e+00,main,true,rise,380
/mnt/pd/tema1/new/results/ml_samples/N4_sw0.15_x+4_i0074.h5,4,1.500000000e-01,4,1.521169604e+00,main,true,rise,328
/mnt/pd/tema1/new/results/ml_samples/N4_sw0.15_x+4_i0068.h5,4,1.500000000e-01,4,1.521169604e+00,main,true,rise,389
/mnt/pd/tema1/new/results/ml_samples/N4_sw0.15_x+4_i0076.h5,4,1.500000000e-01,4,1.521169604e+00,main,true,rise,356
/mnt/pd/tema1/new/results/ml_samples/N4_sw0.15_x+4_i0072.h5,4,1.500000000e-01,4,1.521169604e+00,main,true,rise,418
/mnt/pd/tema1/new/results/ml_samples/N4_sw0.15_x+4_i0078.h5,4,1.500000000e-01,4,1.521169604e+00,main,true,rise,342
/mnt/pd/tema1/new/results/ml_samples/N4_sw0.15_x+4_i0034.h5,4,1.500000000e-01,4,1.521169604e+00,main,true,rise,847
/mnt/pd/tema1/new/results/ml_samples/N4_sw0.15_x+4_i0048.h5,4,1.500000000e-01,4,1.521169604e+00,main,true,rise,687
/mnt/pd/tema1/new/results/ml_samples/N4_sw0.15_x+4_i0086.h5,4,1.500000000e-01,4,1.521169604e+00,main,true,rise,427
/mnt/pd/tema1/new/results/ml_samples/N4_sw0.15_x+4_i0016.h5,4,1.500000000e-01,4,1.521169604e+00,main,true,rise,1175
/mnt/pd/tema1/new/results/ml_samples/N4_sw0.15_x+4_i0064.h5,4,1.500000000e-01,4,1.521169604e+00,main,true,rise,605
/mnt/pd/tema1/new/results/ml_samples/N4_sw0.15_x+4_i0020.h5,4,1.500000000e-01,4,1.521169604e+00,main,true,rise,1099
/mnt/pd/tema1/new/results/ml_samples/N4_sw0.15_x+4_i0094.h5,4,1.500000000e-01,4,1.521169604e+00,main,true,rise,375
/mnt/pd/tema1/new/results/ml_samples/N4_sw0.15_x+4_i0070.h5,4,1.500000000e-01,4,1.521169604e+00,main,true,rise,826
/mnt/pd/tema1/new/results/ml_samples/N4_sw0.15_x+4_i0090.h5,4,1.500000000e-01,4,1.521169604e+00,main,true,rise,402
/mnt/pd/tema1/new/results/ml_samples/N4_sw0.15_x+4_i0062.h5,4,1.500000000e-01,4,1.521169604e+00,main,true,rise,979
/mnt/pd/tema1/new/results/ml_samples/N4_sw0.15_x+4_i0066.h5,4,1.500000000e-01,4,1.521169604e+00,main,true,rise,728
/mnt/pd/tema1/new/results/ml_samples/N4_sw0.15_x+2_i0070.h5,4,1.500000000e-01,2,1.260584802e+00,main,true,rise,2480
/mnt/pd/tema1/new/results/ml_samples/N4_sw0.15_x+4_i0082.h5,4,1.500000000e-01,4,1.521169604e+00,main,true,rise,607
/mnt/pd/tema1/new/results/ml_samples/N4_sw0.15_x-1_i0006.h5,4,1.500000000e-01,-1,8.697075991e-01,main,true,fall,325
/mnt/pd/tema1/new/results/ml_samples/N4_sw0.15_x-1_i0012.h5,4,1.500000000e-01,-1,8.697075991e-01,main,true,fall,315
/mnt/pd/tema1/new/results/ml_samples/N4_sw0.15_x-1_i0024.h5,4,1.500000000e-01,-1,8.697075991e-01,main,true,fall,196
/mnt/pd/tema1/new/results/ml_samples/N4_sw0.15_x+4_i0084.h5,4,1.500000000e-01,4,1.521169604e+00,main,true,rise,623
/mnt/pd/tema1/new/results/ml_samples/N4_sw0.15_x+1_i0178.h5,4,1.500000000e-01,1,1.130292401e+00,main,true,rise,5245
/mnt/pd/tema1/new/results/ml_samples/N4_sw0.15_x-1_i0016.h5,4,1.500000000e-01,-1,8.697075991e-01,main,true,fall,204
/mnt/pd/tema1/new/results/ml_samples/N4_sw0.15_x+4_i0092.h5,4,1.500000000e-01,4,1.521169604e+00,main,true,rise,581
/mnt/pd/tema1/new/results/ml_samples/N4_sw0.15_x-1_i0028.h5,4,1.500000000e-01,-1,8.697075991e-01,main,true,fall,205
/mnt/pd/tema1/new/results/ml_samples/N4_sw0.15_x+4_i0088.h5,4,1.500000000e-01,4,1.521169604e+00,main,true,rise,671
/mnt/pd/tema1/new/results/ml_samples/N4_sw0.15_x-1_i0022.h5,4,1.500000000e-01,-1,8.697075991e-01,main,true,fall,236
/mnt/pd/tema1/new/results/ml_samples/N4_sw0.15_x+4_i0098.h5,4,1.500000000e-01,4,1.521169604e+00,main,true,rise,547
/mnt/pd/tema1/new/results/ml_samples/N4_sw0.15_x-1_i0008.h5,4,1.500000000e-01,-1,8.697075991e-01,main,true,fall,467
/mnt/pd/tema1/new/results/ml_samples/N4_sw0.15_x-1_i0026.h5,4,1.500000000e-01,-1,8.697075991e-01,main,true,fall,282
/mnt/pd/tema1/new/results/ml_samples/N4_sw0.15_x-1_i0040.h5,4,1.500000000e-01,-1,8.697075991e-01,main,true,fall,200
/mnt/pd/tema1/new/results/ml_samples/N4_sw0.15_x+4_i0080.h5,4,1.500000000e-01,4,1.521169604e+00,main,true,rise,876
/mnt/pd/tema1/new/results/ml_samples/N4_sw0.15_x-1_i0038.h5,4,1.500000000e-01,-1,8.697075991e-01,main,true,fall,257
/mnt/pd/tema1/new/results/ml_samples/N4_sw0.15_x+4_i0096.h5,4,1.500000000e-01,4,1.521169604e+00,main,true,rise,688
/mnt/pd/tema1/new/results/ml_samples/N4_sw0.15_x-1_i0030.h5,4,1.500000000e-01,-1,8.697075991e-01,main,true,fall,287
/mnt/pd/tema1/new/results/ml_samples/N4_sw0.15_x-1_i0002.h5,4,1.500000000e-01,-1,8.697075991e-01,main,true,fall,592
/mnt/pd/tema1/new/results/ml_samples/N4_sw0.15_x-1_i0020.h5,4,1.500000000e-01,-1,8.697075991e-01,main,true,fall,387
/mnt/pd/tema1/new/results/ml_samples/N4_sw0.15_x-1_i0050.h5,4,1.500000000e-01,-1,8.697075991e-01,main,true,fall,294
/mnt/pd/tema1/new/results/ml_samples/N4_sw0.15_x-1_i0056.h5,4,1.500000000e-01,-1,8.697075991e-01,main,true,fall,181
/mnt/pd/tema1/new/results/ml_samples/N4_sw0.15_x-1_i0042.h5,4,1.500000000e-01,-1,8.697075991e-01,main,true,fall,295
/mnt/pd/tema1/new/results/ml_samples/N4_sw0.15_x-1_i0044.h5,4,1.500000000e-01,-1,8.697075991e-01,main,true,fall,309
/mnt/pd/tema1/new/results/ml_samples/N4_sw0.15_x+2_i0058.h5,4,1.500000000e-01,2,1.260584802e+00,main,true,rise,3159
/mnt/pd/tema1/new/results/ml_samples/N4_sw0.15_x-1_i0000.h5,4,1.500000000e-01,-1,8.697075991e-01,main,true,fall,793
/mnt/pd/tema1/new/results/ml_samples/N4_sw0.15_x-1_i0064.h5,4,1.500000000e-01,-1,8.697075991e-01,main,true,fall,216
/mnt/pd/tema1/new/results/ml_samples/N4_sw0.15_x-1_i0052.h5,4,1.500000000e-01,-1,8.697075991e-01,main,true,fall,479
/mnt/pd/tema1/new/results/ml_samples/N4_sw0.15_x+4_i0044.h5,4,1.500000000e-01,4,1.521169604e+00,main,true,rise,1572
/mnt/pd/tema1/new/results/ml_samples/N4_sw0.15_x+2_i0060.h5,4,1.500000000e-01,2,1.260584802e+00,main,true,rise,3292
/mnt/pd/tema1/new/results/ml_samples/N4_sw0.15_x-1_i0078.h5,4,1.500000000e-01,-1,8.697075991e-01,main,true,fall,334
/mnt/pd/tema1/new/results/ml_samples/N4_sw0.15_x-1_i0032.h5,4,1.500000000e-01,-1,8.697075991e-01,main,true,fall,788
/mnt/pd/tema1/new/results/ml_samples/N4_sw0.15_x-1_i0034.h5,4,1.500000000e-01,-1,8.697075991e-01,main,true,fall,725
/mnt/pd/tema1/new/results/ml_samples/N4_sw0.15_x-1_i0068.h5,4,1.500000000e-01,-1,8.697075991e-01,main,true,fall,658
/mnt/pd/tema1/new/results/ml_samples/N4_sw0.15_x-1_i0088.h5,4,1.500000000e-01,-1,8.697075991e-01,main,true,fall,584
/mnt/pd/tema1/new/results/ml_samples/N4_sw0.15_x-1_i0096.h5,4,1.500000000e-01,-1,8.697075991e-01,main,true,fall,365
/mnt/pd/tema1/new/results/ml_samples/N4_sw0.15_x-1_i0014.h5,4,1.500000000e-01,-1,8.697075991e-01,main,true,fall,1270
/mnt/pd/tema1/new/results/ml_samples/N4_sw0.15_x-1_i0084.h5,4,1.500000000e-01,-1,8.697075991e-01,main,true,fall,698
/mnt/pd/tema1/new/results/ml_samples/N4_sw0.15_x-1_i0106.h5,4,1.500000000e-01,-1,8.697075991e-01,main,true,fall,186
/mnt/pd/tema1/new/results/ml_samples/N4_sw0.15_x-1_i0046.h5,4,1.500000000e-01,-1,8.697075991e-01,main,true,rise,1163
/mnt/pd/tema1/new/results/ml_samples/N4_sw0.15_x-1_i0072.h5,4,1.500000000e-01,-1,8.697075991e-01,main,true,rise,931
/mnt/pd/tema1/new/results/ml_samples/N4_sw0.15_x-1_i0104.h5,4,1.500000000e-01,-1,8.697075991e-01,main,true,fall,216
/mnt/pd/tema1/new/results/ml_samples/N4_sw0.15_x-1_i0062.h5,4,1.500000000e-01,-1,8.697075991e-01,main,true,fall,1438
/mnt/pd/tema1/new/results/ml_samples/N4_sw0.15_x-1_i0048.h5,4,1.500000000e-01,-1,8.697075991e-01,main,true,rise,1215
/mnt/pd/tema1/new/results/ml_samples/N4_sw0.15_x-1_i0110.h5,4,1.500000000e-01,-1,8.697075991e-01,main,true,fall,235
/mnt/pd/tema1/new/results/ml_samples/N4_sw0.15_x-1_i0090.h5,4,1.500000000e-01,-1,8.697075991e-01,main,true,fall,823
/mnt/pd/tema1/new/results/ml_samples/N4_sw0.15_x-1_i0118.h5,4,1.500000000e-01,-1,8.697075991e-01,main,true,fall,299
/mnt/pd/tema1/new/results/ml_samples/N4_sw0.15_x-1_i0070.h5,4,1.500000000e-01,-1,8.697075991e-01,main,true,rise,1245
/mnt/pd/tema1/new/results/ml_samples/N4_sw0.15_x-1_i0098.h5,4,1.500000000e-01,-1,8.697075991e-01,main,true,rise,1009
/mnt/pd/tema1/new/results/ml_samples/N4_sw0.15_x-1_i0124.h5,4,1.500000000e-01,-1,8.697075991e-01,main,true,fall,465
/mnt/pd/tema1/new/results/ml_samples/N4_sw0.15_x-1_i0082.h5,4,1.500000000e-01,-1,8.697075991e-01,main,true,fall,1562
/mnt/pd/tema1/new/results/ml_samples/N4_sw0.15_x-1_i0036.h5,4,1.500000000e-01,-1,8.697075991e-01,main,true,rise,1825
/mnt/pd/tema1/new/results/ml_samples/N4_sw0.15_x-1_i0126.h5,4,1.500000000e-01,-1,8.697075991e-01,main,true,fall,474
/mnt/pd/tema1/new/results/ml_samples/N4_sw0.15_x-1_i0132.h5,4,1.500000000e-01,-1,8.697075991e-01,main,true,fall,228
/mnt/pd/tema1/new/results/ml_samples/N4_sw0.15_x-1_i0116.h5,4,1.500000000e-01,-1,8.697075991e-01,main,true,rise,715
/mnt/pd/tema1/new/results/ml_samples/N4_sw0.15_x-1_i0128.h5,4,1.500000000e-01,-1,8.697075991e-01,main,true,fall,543
/mnt/pd/tema1/new/results/ml_samples/N4_sw0.15_x-1_i0108.h5,4,1.500000000e-01,-1,8.697075991e-01,main,true,fall,892
/mnt/pd/tema1/new/results/ml_samples/N4_sw0.15_x-1_i0100.h5,4,1.500000000e-01,-1,8.697075991e-01,main,true,fall,1248
/mnt/pd/tema1/new/results/ml_samples/N4_sw0.15_x-1_i0130.h5,4,1.500000000e-01,-1,8.697075991e-01,main,true,fall,534
/mnt/pd/tema1/new/results/ml_samples/N4_sw0.15_x-1_i0134.h5,4,1.500000000e-01,-1,8.697075991e-01,main,true,fall,287
/mnt/pd/tema1/new/results/ml_samples/N4_sw0.15_x-1_i0140.h5,4,1.500000000e-01,-1,8.697075991e-01,main,true,fall,212
/mnt/pd/tema1/new/results/ml_samples/N4_sw0.15_x-1_i0054.h5,4,1.500000000e-01,-1,8.697075991e-01,main,true,fall,1966
/mnt/pd/tema1/new/results/ml_samples/N4_sw0.15_x-1_i0136.h5,4,1.500000000e-01,-1,8.697075991e-01,main,true,fall,323
/mnt/pd/tema1/new/results/ml_samples/N4_sw0.15_x-1_i0146.h5,4,1.500000000e-01,-1,8.697075991e-01,main,true,fall,227
/mnt/pd/tema1/new/results/ml_samples/N4_sw0.15_x-1_i0080.h5,4,1.500000000e-01,-1,8.697075991e-01,main,true,fall,1876
/mnt/pd/tema1/new/results/ml_samples/N4_sw0.15_x-1_i0148.h5,4,1.500000000e-01,-1,8.697075991e-01,main,true,fall,264
/mnt/pd/tema1/new/results/ml_samples/N4_sw0.15_x-1_i0152.h5,4,1.500000000e-01,-1,8.697075991e-01,main,true,fall,211
/mnt/pd/tema1/new/results/ml_samples/N4_sw0.15_x-1_i0086.h5,4,1.500000000e-01,-1,8.697075991e-01,main,true,rise,1827
/mnt/pd/tema1/new/results/ml_samples/N4_sw0.15_x-1_i0138.h5,4,1.500000000e-01,-1,8.697075991e-01,main,true,fall,487
/mnt/pd/tema1/new/results/ml_samples/N4_sw0.15_x-1_i0156.h5,4,1.500000000e-01,-1,8.697075991e-01,main,true,fall,273
/mnt/pd/tema1/new/results/ml_samples/N4_sw0.15_x-1_i0010.h5,4,1.500000000e-01,-1,8.697075991e-01,main,true,fall,2594
/mnt/pd/tema1/new/results/ml_samples/N4_sw0.15_x-1_i0122.h5,4,1.500000000e-01,-1,8.697075991e-01,main,true,fall,1006
/mnt/pd/tema1/new/results/ml_samples/N4_sw0.15_x-1_i0158.h5,4,1.500000000e-01,-1,8.697075991e-01,main,true,fall,315
/mnt/pd/tema1/new/results/ml_samples/N4_sw0.15_x-1_i0094.h5,4,1.500000000e-01,-1,8.697075991e-01,main,true,fall,1922
/mnt/pd/tema1/new/results/ml_samples/N4_sw0.15_x-1_i0076.h5,4,1.500000000e-01,-1,8.697075991e-01,main,true,fall,2918
/mnt/pd/tema1/new/results/ml_samples/N4_sw0.15_x-1_i0160.h5,4,1.500000000e-01,-1,8.697075991e-01,main,true,fall,431
/mnt/pd/tema1/new/results/ml_samples/N4_sw0.15_x-1_i0170.h5,4,1.500000000e-01,-1,8.697075991e-01,main,true,fall,268
/mnt/pd/tema1/new/results/ml_samples/N4_sw0.15_x-1_i0168.h5,4,1.500000000e-01,-1,8.697075991e-01,main,true,fall,300
/mnt/pd/tema1/new/results/ml_samples/N4_sw0.15_x-1_i0114.h5,4,1.500000000e-01,-1,8.697075991e-01,main,true,fall,1237
/mnt/pd/tema1/new/results/ml_samples/N4_sw0.15_x-1_i0102.h5,4,1.500000000e-01,-1,8.697075991e-01,main,true,fall,1701
/mnt/pd/tema1/new/results/ml_samples/N4_sw0.15_x-1_i0172.h5,4,1.500000000e-01,-1,8.697075991e-01,main,true,fall,387
/mnt/pd/tema1/new/results/ml_samples/N4_sw0.15_x-1_i0162.h5,4,1.500000000e-01,-1,8.697075991e-01,main,true,fall,509
/mnt/pd/tema1/new/results/ml_samples/N4_sw0.15_x-1_i0194.h5,4,1.500000000e-01,-1,8.697075991e-01,main,true,fall,134
/mnt/pd/tema1/new/results/ml_samples/N4_sw0.15_x-1_i0182.h5,4,1.500000000e-01,-1,8.697075991e-01,main,true,fall,354
/mnt/pd/tema1/new/results/ml_samples/N4_sw0.15_x-1_i0190.h5,4,1.500000000e-01,-1,8.697075991e-01,main,true,fall,335
/mnt/pd/tema1/new/results/ml_samples/N4_sw0.15_x-1_i0004.h5,4,1.500000000e-01,-1,8.697075991e-01,main,true,fall,3186
/mnt/pd/tema1/new/results/ml_samples/N4_sw0.15_x-1_i0144.h5,4,1.500000000e-01,-1,8.697075991e-01,main,true,fall,985
/mnt/pd/tema1/new/results/ml_samples/N4_sw0.15_x-1_i0192.h5,4,1.500000000e-01,-1,8.697075991e-01,main,true,fall,402
/mnt/pd/tema1/new/results/ml_samples/N4_sw0.15_x-1_i0196.h5,4,1.500000000e-01,-1,8.697075991e-01,main,true,fall,252
/mnt/pd/tema1/new/results/ml_samples/N4_sw0.15_x-1_i0058.h5,4,1.500000000e-01,-1,8.697075991e-01,main,true,fall,2900
/mnt/pd/tema1/new/results/ml_samples/N4_sw0.15_x-1_i0074.h5,4,1.500000000e-01,-1,8.697075991e-01,main,true,rise,2559
/mnt/pd/tema1/new/results/ml_samples/N4_sw0.15_x-1_i0092.h5,4,1.500000000e-01,-1,8.697075991e-01,main,true,fall,2359
/mnt/pd/tema1/new/results/ml_samples/N4_sw0.15_x-2_i0000.h5,4,1.500000000e-01,-2,7.394151982e-01,main,true,fall,219
/mnt/pd/tema1/new/results/ml_samples/N4_sw0.15_x-2_i0012.h5,4,1.500000000e-01,-2,7.394151982e-01,main,true,fall,131
/mnt/pd/tema1/new/results/ml_samples/N4_sw0.15_x-1_i0112.h5,4,1.500000000e-01,-1,8.697075991e-01,main,true,fall,1912
/mnt/pd/tema1/new/results/ml_samples/N4_sw0.15_x-2_i0018.h5,4,1.500000000e-01,-2,7.394151982e-01,main,true,fall,145
/mnt/pd/tema1/new/results/ml_samples/N4_sw0.15_x-2_i0008.h5,4,1.500000000e-01,-2,7.394151982e-01,main,true,fall,288
/mnt/pd/tema1/new/results/ml_samples/N4_sw0.15_x-2_i0002.h5,4,1.500000000e-01,-2,7.394151982e-01,main,true,fall,385
/mnt/pd/tema1/new/results/ml_samples/N4_sw0.15_x-2_i0020.h5,4,1.500000000e-01,-2,7.394151982e-01,main,true,fall,169
/mnt/pd/tema1/new/results/ml_samples/N4_sw0.15_x-1_i0188.h5,4,1.500000000e-01,-1,8.697075991e-01,main,true,fall,675
/mnt/pd/tema1/new/results/ml_samples/N4_sw0.15_x-2_i0004.h5,4,1.500000000e-01,-2,7.394151982e-01,main,true,fall,369
/mnt/pd/tema1/new/results/ml_samples/N4_sw0.15_x-2_i0010.h5,4,1.500000000e-01,-2,7.394151982e-01,main,true,fall,313
/mnt/pd/tema1/new/results/ml_samples/N4_sw0.15_x-1_i0164.h5,4,1.500000000e-01,-1,8.697075991e-01,main,true,fall,1036
/mnt/pd/tema1/new/results/ml_samples/N4_sw0.15_x-2_i0016.h5,4,1.500000000e-01,-2,7.394151982e-01,main,true,fall,352
/mnt/pd/tema1/new/results/ml_samples/N4_sw0.15_x-1_i0184.h5,4,1.500000000e-01,-1,8.697075991e-01,main,true,fall,1227
/mnt/pd/tema1/new/results/ml_samples/N4_sw0.15_x-1_i0198.h5,4,1.500000000e-01,-1,8.697075991e-01,main,true,fall,703
/mnt/pd/tema1/new/results/ml_samples/N4_sw0.15_x-2_i0034.h5,4,1.500000000e-01,-2,7.394151982e-01,main,true,fall,171
/mnt/pd/tema1/new/results/ml_samples/N4_sw0.15_x-2_i0032.h5,4,1.500000000e-01,-2,7.394151982e-01,main,true,fall,189
/mnt/pd/tema1/new/results/ml_samples/N4_sw0.15_x-1_i0142.h5,4,1.500000000e-01,-1,8.697075991e-01,main,true,fall,1458
/mnt/pd/tema1/new/results/ml_samples/N4_sw0.15_x-2_i0028.h5,4,1.500000000e-01,-2,7.394151982e-01,main,true,fall,232
/mnt/pd/tema1/new/results/ml_samples/N4_sw0.15_x-2_i0014.h5,4,1.500000000e-01,-2,7.394151982e-01,main,true,fall,504
/mnt/pd/tema1/new/results/ml_samples/N4_sw0.15_x-1_i0178.h5,4,1.500000000e-01,-1,8.697075991e-01,main,true,fall,1085
/mnt/pd/tema1/new/results/ml_samples/N4_sw0.15_x-2_i0024.h5,4,1.500000000e-01,-2,7.394151982e-01,main,true,fall,360
/mnt/pd/tema1/new/results/ml_samples/N4_sw0.15_x-1_i0186.h5,4,1.500000000e-01,-1,8.697075991e-01,main,true,rise,957
/mnt/pd/tema1/new/results/ml_samples/N4_sw0.15_x-2_i0042.h5,4,1.500000000e-01,-2,7.394151982e-01,main,true,fall,193
/mnt/pd/tema1/new/results/ml_samples/N4_sw0.15_x-1_i0176.h5,4,1.500000000e-01,-1,8.697075991e-01,main,true,fall,1132
/mnt/pd/tema1/new/results/ml_samples/N4_sw0.15_x-2_i0048.h5,4,1.500000000e-01,-2,7.394151982e-01,main,true,fall,187
/mnt/pd/tema1/new/results/ml_samples/N4_sw0.15_x-2_i0040.h5,4,1.500000000e-01,-2,7.394151982e-01,main,true,fall,291
/mnt/pd/tema1/new/results/ml_samples/N4_sw0.15_x-2_i0052.h5,4,1.500000000e-01,-2,7.394151982e-01,main,true,fall,214
/mnt/pd/tema1/new/results/ml_samples/N4_sw0.15_x-2_i0044.h5,4,1.500000000e-01,-2,7.394151982e-01,main,true,fall,382
/mnt/pd/tema1/new/results/ml_samples/N4_sw0.15_x-2_i0046.h5,4,1.500000000e-01,-2,7.394151982e-01,main,true,fall,188
/mnt/pd/tema1/new/results/ml_samples/N4_sw0.15_x-1_i0060.h5,4,1.500000000e-01,-1,8.697075991e-01,main,true,fall,3318
/mnt/pd/tema1/new/results/ml_samples/N4_sw0.15_x-2_i0036.h5,4,1.500000000e-01,-2,7.394151982e-01,main,true,fall,389
/mnt/pd/tema1/new/results/ml_samples/N4_sw0.15_x-2_i0030.h5,4,1.500000000e-01,-2,7.394151982e-01,main,true,fall,565
/mnt/pd/tema1/new/results/ml_samples/N4_sw0.15_x-2_i0050.h5,4,1.500000000e-01,-2,7.394151982e-01,main,true,fall,385
/mnt/pd/tema1/new/results/ml_samples/N4_sw0.15_x-2_i0072.h5,4,1.500000000e-01,-2,7.394151982e-01,main,true,fall,136
/mnt/pd/tema1/new/results/ml_samples/N4_sw0.15_x-2_i0068.h5,4,1.500000000e-01,-2,7.394151982e-01,main,true,fall,182
/mnt/pd/tema1/new/results/ml_samples/N4_sw0.15_x-2_i0078.h5,4,1.500000000e-01,-2,7.394151982e-01,main,true,fall,135
/mnt/pd/tema1/new/results/ml_samples/N4_sw0.15_x-2_i0022.h5,4,1.500000000e-01,-2,7.394151982e-01,main,true,fall,699
/mnt/pd/tema1/new/results/ml_samples/N4_sw0.15_x-2_i0026.h5,4,1.500000000e-01,-2,7.394151982e-01,main,true,fall,622
/mnt/pd/tema1/new/results/ml_samples/N4_sw0.15_x-2_i0058.h5,4,1.500000000e-01,-2,7.394151982e-01,main,true,fall,342
/mnt/pd/tema1/new/results/ml_samples/N4_sw0.15_x-2_i0076.h5,4,1.500000000e-01,-2,7.394151982e-01,main,true,fall,243
/mnt/pd/tema1/new/results/ml_samples/N4_sw0.15_x-2_i0060.h5,4,1.500000000e-01,-2,7.394151982e-01,main,true,fall,403
/mnt/pd/tema1/new/results/ml_samples/N4_sw0.15_x-2_i0080.h5,4,1.500000000e-01,-2,7.394151982e-01,main,true,fall,206
/mnt/pd/tema1/new/results/ml_samples/N4_sw0.15_x-2_i0082.h5,4,1.500000000e-01,-2,7.394151982e-01,main,true,fall,214
/mnt/pd/tema1/new/results/ml_samples/N4_sw0.15_x-2_i0092.h5,4,1.500000000e-01,-2,7.394151982e-01,main,true,fall,126
/mnt/pd/tema1/new/results/ml_samples/N4_sw0.15_x-2_i0056.h5,4,1.500000000e-01,-2,7.394151982e-01,main,true,fall,553
/mnt/pd/tema1/new/results/ml_samples/N4_sw0.15_x-4_i0000.h5,4,1.500000000e-01,-4,4.788303963e-01,main,true,fall,105
/mnt/pd/tema1/new/results/ml_samples/N4_sw0.15_x-2_i0084.h5,4,1.500000000e-01,-2,7.394151982e-01,main,true,fall,242
/mnt/pd/tema1/new/results/ml_samples/N4_sw0.15_x-2_i0086.h5,4,1.500000000e-01,-2,7.394151982e-01,main,true,fall,263
/mnt/pd/tema1/new/results/ml_samples/N4_sw0.15_x-2_i0062.h5,4,1.500000000e-01,-2,7.394151982e-01,main,true,fall,479
/mnt/pd/tema1/new/results/ml_samples/N4_sw0.15_x-1_i0174.h5,4,1.500000000e-01,-1,8.697075991e-01,main,true,fall,1695
/mnt/pd/tema1/new/results/ml_samples/N4_sw0.15_x-1_i0066.h5,4,1.500000000e-01,-1,8.697075991e-01,main,true,rise,3720
/mnt/pd/tema1/new/results/ml_samples/N4_sw0.15_x-2_i0064.h5,4,1.500000000e-01,-2,7.394151982e-01,main,true,fall,599
/mnt/pd/tema1/new/results/ml_samples/N4_sw0.15_x-2_i0070.h5,4,1.500000000e-01,-2,7.394151982e-01,main,true,fall,573
/mnt/pd/tema1/new/results/ml_samples/N4_sw0.15_x-1_i0120.h5,4,1.500000000e-01,-1,8.697075991e-01,main,true,fall,3856
/mnt/pd/tema1/new/results/ml_samples/N4_sw0.15_x-4_i0012.h5,4,1.500000000e-01,-4,4.788303963e-01,main,true,fall,111
/mnt/pd/tema1/new/results/ml_samples/N4_sw0.15_x-4_i0014.h5,4,1.500000000e-01,-4,4.788303963e-01,main,true,fall,134
/mnt/pd/tema1/new/results/ml_samples/N4_sw0.15_x-2_i0098.h5,4,1.500000000e-01,-2,7.394151982e-01,main,true,fall,316
/mnt/pd/tema1/new/results/ml_samples/N4_sw0.15_x-2_i0088.h5,4,1.500000000e-01,-2,7.394151982e-01,main,true,fall,423
/mnt/pd/tema1/new/results/ml_samples/N4_sw0.15_x-2_i0006.h5,4,1.500000000e-01,-2,7.394151982e-01,main,true,fall,1180
/mnt/pd/tema1/new/results/ml_samples/N4_sw0.15_x-4_i0016.h5,4,1.500000000e-01,-4,4.788303963e-01,main,true,fall,144
/mnt/pd/tema1/new/results/ml_samples/N4_sw0.15_x-4_i0006.h5,4,1.500000000e-01,-4,4.788303963e-01,main,true,fall,239
/mnt/pd/tema1/new/results/ml_samples/N4_sw0.15_x-4_i0018.h5,4,1.500000000e-01,-4,4.788303963e-01,main,true,fall,131
/mnt/pd/tema1/new/results/ml_samples/N4_sw0.15_x-4_i0004.h5,4,1.500000000e-01,-4,4.788303963e-01,main,true,fall,289
/mnt/pd/tema1/new/results/ml_samples/N4_sw0.15_x-4_i0002.h5,4,1.500000000e-01,-4,4.788303963e-01,main,true,fall,329
/mnt/pd/tema1/new/results/ml_samples/N4_sw0.15_x-2_i0038.h5,4,1.500000000e-01,-2,7.394151982e-01,main,true,fall,972
/mnt/pd/tema1/new/results/ml_samples/N4_sw0.15_x-4_i0020.h5,4,1.500000000e-01,-4,4.788303963e-01,main,true,fall,216
/mnt/pd/tema1/new/results/ml_samples/N4_sw0.15_x-4_i0032.h5,4,1.500000000e-01,-4,4.788303963e-01,main,true,fall,129
/mnt/pd/tema1/new/results/ml_samples/N4_sw0.15_x-4_i0022.h5,4,1.500000000e-01,-4,4.788303963e-01,main,true,fall,203
/mnt/pd/tema1/new/results/ml_samples/N4_sw0.15_x-4_i0026.h5,4,1.500000000e-01,-4,4.788303963e-01,main,true,fall,261
/mnt/pd/tema1/new/results/ml_samples/N4_sw0.15_x-4_i0008.h5,4,1.500000000e-01,-4,4.788303963e-01,main,true,fall,235
/mnt/pd/tema1/new/results/ml_samples/N4_sw0.15_x-4_i0024.h5,4,1.500000000e-01,-4,4.788303963e-01,main,true,fall,195
/mnt/pd/tema1/new/results/ml_samples/N4_sw0.15_x-4_i0046.h5,4,1.500000000e-01,-4,4.788303963e-01,main,true,fall,109
/mnt/pd/tema1/new/results/ml_samples/N4_sw0.15_x-4_i0010.h5,4,1.500000000e-01,-4,4.788303963e-01,main,true,fall,312
/mnt/pd/tema1/new/results/ml_samples/N4_sw0.15_x-4_i0044.h5,4,1.500000000e-01,-4,4.788303963e-01,main,true,fall,132
/mnt/pd/tema1/new/results/ml_samples/N4_sw0.15_x-4_i0034.h5,4,1.500000000e-01,-4,4.788303963e-01,main,true,fall,202
/mnt/pd/tema1/new/results/ml_samples/N4_sw0.15_x-4_i0030.h5,4,1.500000000e-01,-4,4.788303963e-01,main,true,fall,252
/mnt/pd/tema1/new/results/ml_samples/N4_sw0.15_x-4_i0056.h5,4,1.500000000e-01,-4,4.788303963e-01,main,true,fall,115
/mnt/pd/tema1/new/results/ml_samples/N4_sw0.15_x-4_i0038.h5,4,1.500000000e-01,-4,4.788303963e-01,main,true,fall,251
/mnt/pd/tema1/new/results/ml_samples/N4_sw0.15_x-4_i0040.h5,4,1.500000000e-01,-4,4.788303963e-01,main,true,fall,236
/mnt/pd/tema1/new/results/ml_samples/N4_sw0.15_x-4_i0058.h5,4,1.500000000e-01,-4,4.788303963e-01,main,true,fall,101
/mnt/pd/tema1/new/results/ml_samples/N4_sw0.15_x-4_i0036.h5,4,1.500000000e-01,-4,4.788303963e-01,main,true,fall,241
/mnt/pd/tema1/new/results/ml_samples/N4_sw0.15_x-4_i0028.h5,4,1.500000000e-01,-4,4.788303963e-01,main,true,fall,250
/mnt/pd/tema1/new/results/ml_samples/N4_sw0.15_x-2_i0090.h5,4,1.500000000e-01,-2,7.394151982e-01,main,true,fall,706
/mnt/pd/tema1/new/results/ml_samples/N4_sw0.15_x-1_i0018.h5,4,1.500000000e-01,-1,8.697075991e-01,main,true,fall,4516
/mnt/pd/tema1/new/results/ml_samples/N4_sw0.15_x-4_i0066.h5,4,1.500000000e-01,-4,4.788303963e-01,main,true,fall,137
/mnt/pd/tema1/new/results/ml_samples/N4_sw0.15_x-4_i0050.h5,4,1.500000000e-01,-4,4.788303963e-01,main,true,fall,192
/mnt/pd/tema1/new/results/ml_samples/N4_sw0.15_x-4_i0060.h5,4,1.500000000e-01,-4,4.788303963e-01,main,true,fall,167
/mnt/pd/tema1/new/results/ml_samples/N4_sw0.15_x-4_i0072.h5,4,1.500000000e-01,-4,4.788303963e-01,main,true,fall,141
/mnt/pd/tema1/new/results/ml_samples/N4_sw0.15_x-4_i0062.h5,4,1.500000000e-01,-4,4.788303963e-01,main,true,fall,181
/mnt/pd/tema1/new/results/ml_samples/N4_sw0.15_x-4_i0074.h5,4,1.500000000e-01,-4,4.788303963e-01,main,true,fall,117
/mnt/pd/tema1/new/results/ml_samples/N4_sw0.15_x-4_i0048.h5,4,1.500000000e-01,-4,4.788303963e-01,main,true,fall,274
/mnt/pd/tema1/new/results/ml_samples/N4_sw0.15_x-2_i0094.h5,4,1.500000000e-01,-2,7.394151982e-01,main,true,fall,709
/mnt/pd/tema1/new/results/ml_samples/N4_sw0.15_x-4_i0052.h5,4,1.500000000e-01,-4,4.788303963e-01,main,true,fall,308
/mnt/pd/tema1/new/results/ml_samples/N4_sw0.15_x-4_i0064.h5,4,1.500000000e-01,-4,4.788303963e-01,main,true,fall,253
/mnt/pd/tema1/new/results/ml_samples/N4_sw0.15_x-4_i0068.h5,4,1.500000000e-01,-4,4.788303963e-01,main,true,fall,189
/mnt/pd/tema1/new/results/ml_samples/N4_sw0.15_x-4_i0070.h5,4,1.500000000e-01,-4,4.788303963e-01,main,true,fall,163
/mnt/pd/tema1/new/results/ml_samples/N4_sw0.15_x-4_i0082.h5,4,1.500000000e-01,-4,4.788303963e-01,main,true,fall,172
/mnt/pd/tema1/new/results/ml_samples/N4_sw0.15_x-4_i0090.h5,4,1.500000000e-01,-4,4.788303963e-01,main,true,fall,131
/mnt/pd/tema1/new/results/ml_samples/N4_sw0.15_x-4_i0094.h5,4,1.500000000e-01,-4,4.788303963e-01,main,true,fall,173
/mnt/pd/tema1/new/results/ml_samples/N4_sw0.15_x-2_i0096.h5,4,1.500000000e-01,-2,7.394151982e-01,main,true,fall,802
/mnt/pd/tema1/new/results/ml_samples/N4_sw0.15_x-1_i0150.h5,4,1.500000000e-01,-1,8.697075991e-01,main,true,fall,2511
/mnt/pd/tema1/new/results/ml_samples/N4_sw0.15_x-4_i0084.h5,4,1.500000000e-01,-4,4.788303963e-01,main,true,fall,168
/mnt/pd/tema1/new/results/ml_samples/N4_sw0.15_x-4_i0080.h5,4,1.500000000e-01,-4,4.788303963e-01,main,true,fall,244
/mnt/pd/tema1/new/results/ml_samples/N4_sw0.15_x-4_i0096.h5,4,1.500000000e-01,-4,4.788303963e-01,main,true,fall,158
/mnt/pd/tema1/new/results/ml_samples/N4_sw0.15_x-4_i0088.h5,4,1.500000000e-01,-4,4.788303963e-01,main,true,fall,177
/mnt/pd/tema1/new/results/ml_samples/N4_sw0.15_x-4_i0086.h5,4,1.500000000e-01,-4,4.788303963e-01,main,true,fall,247
/mnt/pd/tema1/new/results/ml_samples/N4_sw0.15_x-2_i0074.h5,4,1.500000000e-01,-2,7.394151982e-01,main,true,fall,1563
/mnt/pd/tema1/new/results/ml_samples/N4_sw0.15_x-2_i0066.h5,4,1.500000000e-01,-2,7.394151982e-01,main,true,fall,1150
/mnt/pd/tema1/new/results/ml_samples/N4_sw0.15_x-4_i0098.h5,4,1.500000000e-01,-4,4.788303963e-01,main,true,fall,250
/mnt/pd/tema1/new/results/ml_samples/N4_sw0.15_x-4_i0092.h5,4,1.500000000e-01,-4,4.788303963e-01,main,true,fall,267
/mnt/pd/tema1/new/results/ml_samples/N4_sw0.22_x+0_i0016.h5,4,2.200000000e-01,0,1.000000000e+00,gen_sigma,true,fall,260
/mnt/pd/tema1/new/results/ml_samples/N4_sw0.15_x-4_i0054.h5,4,1.500000000e-01,-4,4.788303963e-01,main,true,fall,547
/mnt/pd/tema1/new/results/ml_samples/N4_sw0.22_x+0_i0006.h5,4,2.200000000e-01,0,1.000000000e+00,gen_sigma,true,fall,286
/mnt/pd/tema1/new/results/ml_samples/N4_sw0.15_x-4_i0076.h5,4,1.500000000e-01,-4,4.788303963e-01,main,true,fall,407
/mnt/pd/tema1/new/results/ml_samples/N4_sw0.15_x-2_i0054.h5,4,1.500000000e-01,-2,7.394151982e-01,main,true,fall,1489
/mnt/pd/tema1/new/results/ml_samples/N4_sw0.22_x+0_i0032.h5,4,2.200000000e-01,0,1.000000000e+00,gen_sigma,true,fall,162
/mnt/pd/tema1/new/results/ml_samples/N4_sw0.15_x-4_i0042.h5,4,1.500000000e-01,-4,4.788303963e-01,main,true,fall,666
/mnt/pd/tema1/new/results/ml_samples/N4_sw0.22_x+0_i0008.h5,4,2.200000000e-01,0,1.000000000e+00,gen_sigma,true,fall,344
/mnt/pd/tema1/new/results/ml_samples/N4_sw0.22_x+0_i0042.h5,4,2.200000000e-01,0,1.000000000e+00,gen_sigma,true,fall,123
/mnt/pd/tema1/new/results/ml_samples/N4_sw0.22_x+0_i0020.h5,4,2.200000000e-01,0,1.000000000e+00,gen_sigma,true,rise,434
/mnt/pd/tema1/new/results/ml_samples/N4_sw0.15_x-4_i0078.h5,4,1.500000000e-01,-4,4.788303963e-01,main,true,fall,673
/mnt/pd/tema1/new/results/ml_samples/N4_sw0.22_x+0_i0026.h5,4,2.200000000e-01,0,1.000000000e+00,gen_sigma,true,fall,435
/mnt/pd/tema1/new/results/ml_samples/N4_sw0.22_x+1_i0000.h5,4,2.200000000e-01,1,1.191095521e+00,gen_sigma,true,fall,478
/mnt/pd/tema1/new/results/ml_samples/N4_sw0.22_x+0_i0010.h5,4,2.200000000e-01,0,1.000000000e+00,gen_sigma,true,fall,706
/mnt/pd/tema1/new/results/ml_samples/N4_sw0.22_x+0_i0014.h5,4,2.200000000e-01,0,1.000000000e+00,gen_sigma,true,fall,715
/mnt/pd/tema1/new/results/ml_samples/N4_sw0.15_x-1_i0166.h5,4,1.500000000e-01,-1,8.697075991e-01,main,true,fall,3119
/mnt/pd/tema1/new/results/ml_samples/N4_sw0.22_x+0_i0024.h5,4,2.200000000e-01,0,1.000000000e+00,gen_sigma,true,fall,722
/mnt/pd/tema1/new/results/ml_samples/N4_sw0.22_x+1_i0010.h5,4,2.200000000e-01,1,1.191095521e+00,gen_sigma,true,rise,346
/mnt/pd/tema1/new/results/ml_samples/N4_sw0.22_x+1_i0016.h5,4,2.200000000e-01,1,1.191095521e+00,gen_sigma,true,fall,178
/mnt/pd/tema1/new/results/ml_samples/N4_sw0.22_x+0_i0040.h5,4,2.200000000e-01,0,1.000000000e+00,gen_sigma,true,rise,898
/mnt/pd/tema1/new/results/ml_samples/N4_sw0.22_x+0_i0000.h5,4,2.200000000e-01,0,1.000000000e+00,gen_sigma,true,fall,951
/mnt/pd/tema1/new/results/ml_samples/N4_sw0.22_x+0_i0044.h5,4,2.200000000e-01,0,1.000000000e+00,gen_sigma,true,fall,710
/mnt/pd/tema1/new/results/ml_samples/N4_sw0.22_x+0_i0030.h5,4,2.200000000e-01,0,1.000000000e+00,gen_sigma,true,fall,765
/mnt/pd/tema1/new/results/ml_samples/N4_sw0.22_x+0_i0012.h5,4,2.200000000e-01,0,1.000000000e+00,gen_sigma,true,fall,999
/mnt/pd/tema1/new/results/ml_samples/N4_sw0.22_x+0_i0002.h5,4,2.200000000e-01,0,1.000000000e+00,gen_sigma,true,rise,1110
/mnt/pd/tema1/new/results/ml_samples/N4_sw0.22_x+1_i0032.h5,4,2.200000000e-01,1,1.191095521e+00,gen_sigma,true,fall,169
/mnt/pd/tema1/new/results/ml_samples/N4_sw0.22_x+0_i0036.h5,4,2.200000000e-01,0,1.000000000e+00,gen_sigma,true,rise,966
/mnt/pd/tema1/new/results/ml_samples/N4_sw0.22_x+0_i0022.h5,4,2.200000000e-01,0,1.000000000e+00,gen_sigma,true,rise,992
/mnt/pd/tema1/new/results/ml_samples/N4_sw0.22_x+0_i0038.h5,4,2.200000000e-01,0,1.000000000e+00,gen_sigma,true,rise,1004
/mnt/pd/tema1/new/results/ml_samples/N4_sw0.22_x+1_i0018.h5,4,2.200000000e-01,1,1.191095521e+00,gen_sigma,true,rise,475
/mnt/pd/tema1/new/results/ml_samples/N4_sw0.22_x+1_i0006.h5,4,2.200000000e-01,1,1.191095521e+00,gen_sigma,true,rise,834
/mnt/pd/tema1/new/results/ml_samples/N4_sw0.22_x+1_i0014.h5,4,2.200000000e-01,1,1.191095521e+00,gen_sigma,true,rise,812
/mnt/pd/tema1/new/results/ml_samples/N4_sw0.22_x+0_i0034.h5,4,2.200000000e-01,0,1.000000000e+00,gen_sigma,true,rise,1113
/mnt/pd/tema1/new/results/ml_samples/N4_sw0.22_x+0_i0004.h5,4,2.200000000e-01,0,1.000000000e+00,gen_sigma,true,rise,1353
/mnt/pd/tema1/new/results/ml_samples/N4_sw0.22_x+1_i0028.h5,4,2.200000000e-01,1,1.191095521e+00,gen_sigma,true,rise,623
/mnt/pd/tema1/new/results/ml_samples/N4_sw0.22_x+1_i0036.h5,4,2.200000000e-01,1,1.191095521e+00,gen_sigma,true,rise,382
/mnt/pd/tema1/new/results/ml_samples/N4_sw0.22_x+1_i0024.h5,4,2.200000000e-01,1,1.191095521e+00,gen_sigma,true,rise,591
/mnt/pd/tema1/new/results/ml_samples/N4_sw0.22_x-1_i0000.h5,4,2.200000000e-01,-1,8.089044787e-01,gen_sigma,true,fall,247
/mnt/pd/tema1/new/results/ml_samples/N4_sw0.22_x-1_i0004.h5,4,2.200000000e-01,-1,8.089044787e-01,gen_sigma,true,fall,123
/mnt/pd/tema1/new/results/ml_samples/N4_sw0.22_x-1_i0002.h5,4,2.200000000e-01,-1,8.089044787e-01,gen_sigma,true,fall,348
/mnt/pd/tema1/new/results/ml_samples/N4_sw0.22_x+1_i0034.h5,4,2.200000000e-01,1,1.191095521e+00,gen_sigma,true,rise,597
/mnt/pd/tema1/new/results/ml_samples/N4_sw0.22_x+1_i0030.h5,4,2.200000000e-01,1,1.191095521e+00,gen_sigma,true,rise,624
/mnt/pd/tema1/new/results/ml_samples/N4_sw0.22_x-1_i0012.h5,4,2.200000000e-01,-1,8.089044787e-01,gen_sigma,true,fall,156
/mnt/pd/tema1/new/results/ml_samples/N4_sw0.22_x+1_i0026.h5,4,2.200000000e-01,1,1.191095521e+00,gen_sigma,true,rise,746
/mnt/pd/tema1/new/results/ml_samples/N4_sw0.22_x+1_i0046.h5,4,2.200000000e-01,1,1.191095521e+00,gen_sigma,true,rise,445
/mnt/pd/tema1/new/results/ml_samples/N4_sw0.22_x+0_i0048.h5,4,2.200000000e-01,0,1.000000000e+00,gen_sigma,true,rise,1375
/mnt/pd/tema1/new/results/ml_samples/N4_sw0.22_x-1_i0014.h5,4,2.200000000e-01,-1,8.089044787e-01,gen_sigma,true,fall,208
/mnt/pd/tema1/new/results/ml_samples/N4_sw0.22_x-1_i0010.h5,4,2.200000000e-01,-1,8.089044787e-01,gen_sigma,true,fall,280
/mnt/pd/tema1/new/results/ml_samples/N4_sw0.22_x-1_i0016.h5,4,2.200000000e-01,-1,8.089044787e-01,gen_sigma,true,fall,221
/mnt/pd/tema1/new/results/ml_samples/N4_sw0.22_x-1_i0018.h5,4,2.200000000e-01,-1,8.089044787e-01,gen_sigma,true,fall,373
/mnt/pd/tema1/new/results/ml_samples/N4_sw0.22_x+1_i0002.h5,4,2.200000000e-01,1,1.191095521e+00,gen_sigma,true,rise,1464
/mnt/pd/tema1/new/results/ml_samples/N4_sw0.22_x+1_i0004.h5,4,2.200000000e-01,1,1.191095521e+00,gen_sigma,true,fall,1378
/mnt/pd/tema1/new/results/ml_samples/N4_sw0.22_x+1_i0012.h5,4,2.200000000e-01,1,1.191095521e+00,gen_sigma,true,rise,1260
/mnt/pd/tema1/new/results/ml_samples/N4_sw0.22_x-1_i0034.h5,4,2.200000000e-01,-1,8.089044787e-01,gen_sigma,true,fall,156
/mnt/pd/tema1/new/results/ml_samples/N4_sw0.22_x-1_i0024.h5,4,2.200000000e-01,-1,8.089044787e-01,gen_sigma,true,fall,181
/mnt/pd/tema1/new/results/ml_samples/N4_sw0.22_x-1_i0030.h5,4,2.200000000e-01,-1,8.089044787e-01,gen_sigma,true,fall,214
/mnt/pd/tema1/new/results/ml_samples/N4_sw0.22_x+1_i0042.h5,4,2.200000000e-01,1,1.191095521e+00,gen_sigma,true,rise,652
/mnt/pd/tema1/new/results/ml_samples/N4_sw0.22_x-1_i0036.h5,4,2.200000000e-01,-1,8.089044787e-01,gen_sigma,true,fall,199
/mnt/pd/tema1/new/results/ml_samples/N4_sw0.22_x-1_i0038.h5,4,2.200000000e-01,-1,8.089044787e-01,gen_sigma,true,fall,293
/mnt/pd/tema1/new/results/ml_samples/N4_sw0.22_x-1_i0028.h5,4,2.200000000e-01,-1,8.089044787e-01,gen_sigma,true,fall,363
/mnt/pd/tema1/new/results/ml_samples/N4_sw0.22_x-1_i0042.h5,4,2.200000000e-01,-1,8.089044787e-01,gen_sigma,true,fall,211
/mnt/pd/tema1/new/results/ml_samples/N4_sw0.22_x+1_i0020.h5,4,2.200000000e-01,1,1.191095521e+00,gen_sigma,true,rise,1211
/mnt/pd/tema1/new/results/ml_samples/N4_sw0.22_x-1_i0026.h5,4,2.200000000e-01,-1,8.089044787e-01,gen_sigma,true,fall,431
/mnt/pd/tema1/new/results/ml_samples/N4_sw0.22_x-1_i0020.h5,4,2.200000000e-01,-1,8.089044787e-01,gen_sigma,true,fall,631
/mnt/pd/tema1/new/results/ml_samples/N4_sw0.22_x+0_i0028.h5,4,2.200000000e-01,0,1.000000000e+00,gen_sigma,true,fall,1978
/mnt/pd/tema1/new/results/ml_samples/N4_sw0.22_x-1_i0022.h5,4,2.200000000e-01,-1,8.089044787e-01,gen_sigma,true,fall,545
/mnt/pd/tema1/new/results/ml_samples/N4_sw0.22_x+1_i0040.h5,4,2.200000000e-01,1,1.191095521e+00,gen_sigma,true,rise,1014
/mnt/pd/tema1/new/results/ml_samples/N4_sw0.22_x-1_i0032.h5,4,2.200000000e-01,-1,8.089044787e-01,gen_sigma,true,fall,588
/mnt/pd/tema1/new/results/ml_samples/N4_sw0.22_x+1_i0038.h5,4,2.200000000e-01,1,1.191095521e+00,gen_sigma,true,rise,1119
/mnt/pd/tema1/new/results/ml_samples/N4_sw0.22_x-1_i0046.h5,4,2.200000000e-01,-1,8.089044787e-01,gen_sigma,true,fall,374
/mnt/pd/tema1/new/results/ml_samples/N4_sw0.30_x+0_i0016.h5,4,3.000000000e-01,0,1.000000000e+00,main,true,fall,140
/mnt/pd/tema1/new/results/ml_samples/N4_sw0.30_x+0_i0014.h5,4,3.000000000e-01,0,1.000000000e+00,main,true,fall,221
/mnt/pd/tema1/new/results/ml_samples/N4_sw0.30_x+0_i0010.h5,4,3.000000000e-01,0,1.000000000e+00,main,true,fall,346
/mnt/pd/tema1/new/results/ml_samples/N4_sw0.30_x+0_i0018.h5,4,3.000000000e-01,0,1.000000000e+00,main,true,fall,150
/mnt/pd/tema1/new/results/ml_samples/N4_sw0.22_x+1_i0022.h5,4,2.200000000e-01,1,1.191095521e+00,gen_sigma,true,rise,1516
/mnt/pd/tema1/new/results/ml_samples/N4_sw0.22_x-1_i0044.h5,4,2.200000000e-01,-1,8.089044787e-01,gen_sigma,true,fall,547
/mnt/pd/tema1/new/results/ml_samples/N4_sw0.30_x+0_i0006.h5,4,3.000000000e-01,0,1.000000000e+00,main,true,rise,645
/mnt/pd/tema1/new/results/ml_samples/N4_sw0.30_x+0_i0034.h5,4,3.000000000e-01,0,1.000000000e+00,main,true,fall,193
/mnt/pd/tema1/new/results/ml_samples/N4_sw0.30_x+0_i0024.h5,4,3.000000000e-01,0,1.000000000e+00,main,true,fall,254
/mnt/pd/tema1/new/results/ml_samples/N4_sw0.22_x+1_i0048.h5,4,2.200000000e-01,1,1.191095521e+00,gen_sigma,true,rise,1249
/mnt/pd/tema1/new/results/ml_samples/N4_sw0.30_x+0_i0042.h5,4,3.000000000e-01,0,1.000000000e+00,main,true,fall,153
/mnt/pd/tema1/new/results/ml_samples/N4_sw0.22_x+1_i0008.h5,4,2.200000000e-01,1,1.191095521e+00,gen_sigma,true,rise,1945
/mnt/pd/tema1/new/results/ml_samples/N4_sw0.30_x+0_i0026.h5,4,3.000000000e-01,0,1.000000000e+00,main,true,fall,288
/mnt/pd/tema1/new/results/ml_samples/N4_sw0.30_x+0_i0028.h5,4,3.000000000e-01,0,1.000000000e+00,main,true,rise,276
/mnt/pd/tema1/new/results/ml_samples/N4_sw0.30_x+0_i0020.h5,4,3.000000000e-01,0,1.000000000e+00,main,true,fall,533
/mnt/pd/tema1/new/results/ml_samples/N4_sw0.30_x+0_i0000.h5,4,3.000000000e-01,0,1.000000000e+00,main,true,fall,902
/mnt/pd/tema1/new/results/ml_samples/N4_sw0.30_x+0_i0038.h5,4,3.000000000e-01,0,1.000000000e+00,main,true,rise,530
/mnt/pd/tema1/new/results/ml_samples/N4_sw0.30_x+0_i0052.h5,4,3.000000000e-01,0,1.000000000e+00,main,true,rise,352
/mnt/pd/tema1/new/results/ml_samples/N4_sw0.30_x+0_i0032.h5,4,3.000000000e-01,0,1.000000000e+00,main,true,fall,569
/mnt/pd/tema1/new/results/ml_samples/N4_sw0.22_x+0_i0046.h5,4,2.200000000e-01,0,1.000000000e+00,gen_sigma,true,fall,2504
/mnt/pd/tema1/new/results/ml_samples/N4_sw0.22_x-1_i0006.h5,4,2.200000000e-01,-1,8.089044787e-01,gen_sigma,true,fall,1525
/mnt/pd/tema1/new/results/ml_samples/N4_sw0.22_x+1_i0044.h5,4,2.200000000e-01,1,1.191095521e+00,gen_sigma,true,rise,1805
/mnt/pd/tema1/new/results/ml_samples/N4_sw0.30_x+0_i0058.h5,4,3.000000000e-01,0,1.000000000e+00,main,true,rise,494
/mnt/pd/tema1/new/results/ml_samples/N4_sw0.30_x+0_i0004.h5,4,3.000000000e-01,0,1.000000000e+00,main,true,fall,1213
/mnt/pd/tema1/new/results/ml_samples/N4_sw0.22_x+0_i0018.h5,4,2.200000000e-01,0,1.000000000e+00,gen_sigma,true,fall,2992
/mnt/pd/tema1/new/results/ml_samples/N4_sw0.30_x+0_i0050.h5,4,3.000000000e-01,0,1.000000000e+00,main,true,fall,938
/mnt/pd/tema1/new/results/ml_samples/N4_sw0.30_x+0_i0068.h5,4,3.000000000e-01,0,1.000000000e+00,main,true,fall,453
/mnt/pd/tema1/new/results/ml_samples/N4_sw0.30_x+0_i0030.h5,4,3.000000000e-01,0,1.000000000e+00,main,true,fall,1010
/mnt/pd/tema1/new/results/ml_samples/N4_sw0.22_x-1_i0008.h5,4,2.200000000e-01,-1,8.089044787e-01,gen_sigma,true,fall,2584
/mnt/pd/tema1/new/results/ml_samples/N4_sw0.30_x+0_i0056.h5,4,3.000000000e-01,0,1.000000000e+00,main,true,fall,878
/mnt/pd/tema1/new/results/ml_samples/N4_sw0.15_x-1_i0154.h5,4,1.500000000e-01,-1,8.697075991e-01,main,true,timeout,6001
/mnt/pd/tema1/new/results/ml_samples/N4_sw0.30_x+0_i0046.h5,4,3.000000000e-01,0,1.000000000e+00,main,true,fall,1091
/mnt/pd/tema1/new/results/ml_samples/N4_sw0.30_x+0_i0036.h5,4,3.000000000e-01,0,1.000000000e+00,main,true,rise,1282
/mnt/pd/tema1/new/results/ml_samples/N4_sw0.30_x+0_i0022.h5,4,3.000000000e-01,0,1.000000000e+00,main,true,rise,1333
/mnt/pd/tema1/new/results/ml_samples/N4_sw0.30_x+0_i0078.h5,4,3.000000000e-01,0,1.000000000e+00,main,true,rise,522
/mnt/pd/tema1/new/results/ml_samples/N4_sw0.30_x+0_i0044.h5,4,3.000000000e-01,0,1.000000000e+00,main,true,fall,1075
/mnt/pd/tema1/new/results/ml_samples/N4_sw0.30_x+0_i0086.h5,4,3.000000000e-01,0,1.000000000e+00,main,true,rise,542
/mnt/pd/tema1/new/results/ml_samples/N4_sw0.30_x+0_i0096.h5,4,3.000000000e-01,0,1.000000000e+00,main,true,fall,84
/mnt/pd/tema1/new/results/ml_samples/N4_sw0.30_x+0_i0088.h5,4,3.000000000e-01,0,1.000000000e+00,main,true,rise,390
/mnt/pd/tema1/new/results/ml_samples/N4_sw0.15_x-1_i0180.h5,4,1.500000000e-01,-1,8.697075991e-01,main,true,fall,5848
/mnt/pd/tema1/new/results/ml_samples/N4_sw0.30_x+0_i0062.h5,4,3.000000000e-01,0,1.000000000e+00,main,true,fall,1005
/mnt/pd/tema1/new/results/ml_samples/N4_sw0.30_x+0_i0076.h5,4,3.000000000e-01,0,1.000000000e+00,main,true,rise,680
/mnt/pd/tema1/new/results/ml_samples/N4_sw0.30_x+0_i0070.h5,4,3.000000000e-01,0,1.000000000e+00,main,true,rise,1004
/mnt/pd/tema1/new/results/ml_samples/N4_sw0.30_x+0_i0040.h5,4,3.000000000e-01,0,1.000000000e+00,main,true,fall,1606
/mnt/pd/tema1/new/results/ml_samples/N4_sw0.30_x+0_i0074.h5,4,3.000000000e-01,0,1.000000000e+00,main,true,rise,817
/mnt/pd/tema1/new/results/ml_samples/N4_sw0.30_x+0_i0072.h5,4,3.000000000e-01,0,1.000000000e+00,main,true,rise,1042
/mnt/pd/tema1/new/results/ml_samples/N4_sw0.30_x+0_i0054.h5,4,3.000000000e-01,0,1.000000000e+00,main,true,rise,1506
/mnt/pd/tema1/new/results/ml_samples/N4_sw0.30_x+0_i0066.h5,4,3.000000000e-01,0,1.000000000e+00,main,true,rise,1215
/mnt/pd/tema1/new/results/ml_samples/N4_sw0.30_x+0_i0064.h5,4,3.000000000e-01,0,1.000000000e+00,main,true,rise,1138
/mnt/pd/tema1/new/results/ml_samples/N4_sw0.30_x+0_i0098.h5,4,3.000000000e-01,0,1.000000000e+00,main,true,fall,436
/mnt/pd/tema1/new/results/ml_samples/N4_sw0.30_x+0_i0110.h5,4,3.000000000e-01,0,1.000000000e+00,main,true,fall,250
/mnt/pd/tema1/new/results/ml_samples/N4_sw0.30_x+0_i0100.h5,4,3.000000000e-01,0,1.000000000e+00,main,true,fall,526
/mnt/pd/tema1/new/results/ml_samples/N4_sw0.30_x+0_i0102.h5,4,3.000000000e-01,0,1.000000000e+00,main,true,rise,768
/mnt/pd/tema1/new/results/ml_samples/N4_sw0.30_x+0_i0112.h5,4,3.000000000e-01,0,1.000000000e+00,main,true,rise,517
/mnt/pd/tema1/new/results/ml_samples/N4_sw0.30_x+0_i0132.h5,4,3.000000000e-01,0,1.000000000e+00,main,true,fall,180
/mnt/pd/tema1/new/results/ml_samples/N4_sw0.30_x+0_i0116.h5,4,3.000000000e-01,0,1.000000000e+00,main,true,rise,445
/mnt/pd/tema1/new/results/ml_samples/N4_sw0.30_x+0_i0122.h5,4,3.000000000e-01,0,1.000000000e+00,main,true,fall,429
/mnt/pd/tema1/new/results/ml_samples/N4_sw0.30_x+0_i0092.h5,4,3.000000000e-01,0,1.000000000e+00,main,true,rise,873
/mnt/pd/tema1/new/results/ml_samples/N4_sw0.30_x+0_i0060.h5,4,3.000000000e-01,0,1.000000000e+00,main,true,fall,1715
/mnt/pd/tema1/new/results/ml_samples/N4_sw0.30_x+0_i0118.h5,4,3.000000000e-01,0,1.000000000e+00,main,true,fall,590
/mnt/pd/tema1/new/results/ml_samples/N4_sw0.30_x+0_i0002.h5,4,3.000000000e-01,0,1.000000000e+00,main,true,fall,2662
/mnt/pd/tema1/new/results/ml_samples/N4_sw0.30_x+0_i0134.h5,4,3.000000000e-01,0,1.000000000e+00,main,true,fall,492
/mnt/pd/tema1/new/results/ml_samples/N4_sw0.30_x+0_i0126.h5,4,3.000000000e-01,0,1.000000000e+00,main,true,fall,579
/mnt/pd/tema1/new/results/ml_samples/N4_sw0.30_x+0_i0140.h5,4,3.000000000e-01,0,1.000000000e+00,main,true,rise,290
/mnt/pd/tema1/new/results/ml_samples/N4_sw0.30_x+0_i0084.h5,4,3.000000000e-01,0,1.000000000e+00,main,true,fall,1414
/mnt/pd/tema1/new/results/ml_samples/N4_sw0.30_x+0_i0130.h5,4,3.000000000e-01,0,1.000000000e+00,main,true,fall,697
/mnt/pd/tema1/new/results/ml_samples/N4_sw0.30_x+0_i0148.h5,4,3.000000000e-01,0,1.000000000e+00,main,true,fall,250
/mnt/pd/tema1/new/results/ml_samples/N4_sw0.30_x+0_i0008.h5,4,3.000000000e-01,0,1.000000000e+00,main,true,fall,2667
/mnt/pd/tema1/new/results/ml_samples/N4_sw0.30_x+0_i0128.h5,4,3.000000000e-01,0,1.000000000e+00,main,true,fall,731
/mnt/pd/tema1/new/results/ml_samples/N4_sw0.30_x+0_i0094.h5,4,3.000000000e-01,0,1.000000000e+00,main,true,fall,1228
/mnt/pd/tema1/new/results/ml_samples/N4_sw0.30_x+0_i0142.h5,4,3.000000000e-01,0,1.000000000e+00,main,true,fall,455
/mnt/pd/tema1/new/results/ml_samples/N4_sw0.30_x+0_i0114.h5,4,3.000000000e-01,0,1.000000000e+00,main,true,fall,923
/mnt/pd/tema1/new/results/ml_samples/N4_sw0.30_x+0_i0108.h5,4,3.000000000e-01,0,1.000000000e+00,main,true,rise,994
/mnt/pd/tema1/new/results/ml_samples/N4_sw0.30_x+0_i0012.h5,4,3.000000000e-01,0,1.000000000e+00,main,true,fall,2859
/mnt/pd/tema1/new/results/ml_samples/N4_sw0.30_x+0_i0160.h5,4,3.000000000e-01,0,1.000000000e+00,main,true,fall,135
/mnt/pd/tema1/new/results/ml_samples/N4_sw0.22_x-1_i0048.h5,4,2.200000000e-01,-1,8.089044787e-01,gen_sigma,true,fall,2957
/mnt/pd/tema1/new/results/ml_samples/N4_sw0.30_x+0_i0106.h5,4,3.000000000e-01,0,1.000000000e+00,main,true,fall,1150
/mnt/pd/tema1/new/results/ml_samples/N4_sw0.30_x+0_i0082.h5,4,3.000000000e-01,0,1.000000000e+00,main,true,fall,1742
/mnt/pd/tema1/new/results/ml_samples/N4_sw0.30_x+0_i0150.h5,4,3.000000000e-01,0,1.000000000e+00,main,true,rise,589
/mnt/pd/tema1/new/results/ml_samples/N4_sw0.30_x+0_i0124.h5,4,3.000000000e-01,0,1.000000000e+00,main,true,fall,998
/mnt/pd/tema1/new/results/ml_samples/N4_sw0.30_x+0_i0176.h5,4,3.000000000e-01,0,1.000000000e+00,main,true,fall,150
/mnt/pd/tema1/new/results/ml_samples/N4_sw0.30_x+0_i0136.h5,4,3.000000000e-01,0,1.000000000e+00,main,true,fall,716
/mnt/pd/tema1/new/results/ml_samples/N4_sw0.30_x+0_i0156.h5,4,3.000000000e-01,0,1.000000000e+00,main,true,rise,420
/mnt/pd/tema1/new/results/ml_samples/N4_sw0.22_x-1_i0040.h5,4,2.200000000e-01,-1,8.089044787e-01,gen_sigma,true,fall,3235
/mnt/pd/tema1/new/results/ml_samples/N4_sw0.30_x+0_i0166.h5,4,3.000000000e-01,0,1.000000000e+00,main,true,fall,297
/mnt/pd/tema1/new/results/ml_samples/N4_sw0.30_x+0_i0162.h5,4,3.000000000e-01,0,1.000000000e+00,main,true,fall,352
/mnt/pd/tema1/new/results/ml_samples/N4_sw0.30_x+0_i0182.h5,4,3.000000000e-01,0,1.000000000e+00,main,true,fall,173
/mnt/pd/tema1/new/results/ml_samples/N4_sw0.30_x+0_i0144.h5,4,3.000000000e-01,0,1.000000000e+00,main,true,rise,675
/mnt/pd/tema1/new/results/ml_samples/N4_sw0.30_x+0_i0184.h5,4,3.000000000e-01,0,1.000000000e+00,main,true,fall,214
/mnt/pd/tema1/new/results/ml_samples/N4_sw0.30_x+0_i0158.h5,4,3.000000000e-01,0,1.000000000e+00,main,true,rise,524
/mnt/pd/tema1/new/results/ml_samples/N4_sw0.30_x+0_i0172.h5,4,3.000000000e-01,0,1.000000000e+00,main,true,fall,399
/mnt/pd/tema1/new/results/ml_samples/N4_sw0.30_x+0_i0174.h5,4,3.000000000e-01,0,1.000000000e+00,main,true,fall,405
/mnt/pd/tema1/new/results/ml_samples/N4_sw0.30_x+0_i0104.h5,4,3.000000000e-01,0,1.000000000e+00,main,true,fall,1608
/mnt/pd/tema1/new/results/ml_samples/N4_sw0.30_x+0_i0048.h5,4,3.000000000e-01,0,1.000000000e+00,main,true,fall,2779
/mnt/pd/tema1/new/results/ml_samples/N4_sw0.30_x+0_i0196.h5,4,3.000000000e-01,0,1.000000000e+00,main,true,fall,257
/mnt/pd/tema1/new/results/ml_samples/N4_sw0.30_x+0_i0198.h5,4,3.000000000e-01,0,1.000000000e+00,main,true,fall,318
/mnt/pd/tema1/new/results/ml_samples/N4_sw0.30_x+0_i0146.h5,4,3.000000000e-01,0,1.000000000e+00,main,true,rise,901
/mnt/pd/tema1/new/results/ml_samples/N4_sw0.30_x+0_i0192.h5,4,3.000000000e-01,0,1.000000000e+00,main,true,fall,371
/mnt/pd/tema1/new/results/ml_samples/N4_sw0.30_x+0_i0188.h5,4,3.000000000e-01,0,1.000000000e+00,main,true,fall,468
/mnt/pd/tema1/new/results/ml_samples/N4_sw0.30_x+1_i0000.h5,4,3.000000000e-01,1,1.260584802e+00,main,true,rise,376
/mnt/pd/tema1/new/results/ml_samples/N4_sw0.30_x+1_i0016.h5,4,3.000000000e-01,1,1.260584802e+00,main,true,fall,157
/mnt/pd/tema1/new/results/ml_samples/N4_sw0.30_x+1_i0002.h5,4,3.000000000e-01,1,1.260584802e+00,main,true,rise,389
/mnt/pd/tema1/new/results/ml_samples/N4_sw0.30_x+0_i0154.h5,4,3.000000000e-01,0,1.000000000e+00,main,true,rise,884
/mnt/pd/tema1/new/results/ml_samples/N4_sw0.30_x+1_i0012.h5,4,3.000000000e-01,1,1.260584802e+00,main,true,rise,331
/mnt/pd/tema1/new/results/ml_samples/N4_sw0.30_x+0_i0138.h5,4,3.000000000e-01,0,1.000000000e+00,main,true,fall,1187
/mnt/pd/tema1/new/results/ml_samples/N4_sw0.30_x+0_i0152.h5,4,3.000000000e-01,0,1.000000000e+00,main,true,rise,1343
/mnt/pd/tema1/new/results/ml_samples/N4_sw0.30_x+1_i0030.h5,4,3.000000000e-01,1,1.260584802e+00,main,true,fall,250
/mnt/pd/tema1/new/results/ml_samples/N4_sw0.30_x+0_i0194.h5,4,3.000000000e-01,0,1.000000000e+00,main,true,fall,609
/mnt/pd/tema1/new/results/ml_samples/N4_sw0.30_x+1_i0040.h5,4,3.000000000e-01,1,1.260584802e+00,main,true,rise,240
/mnt/pd/tema1/new/results/ml_samples/N4_sw0.30_x+1_i0026.h5,4,3.000000000e-01,1,1.260584802e+00,main,true,rise,322
/mnt/pd/tema1/new/results/ml_samples/N4_sw0.30_x+1_i0014.h5,4,3.000000000e-01,1,1.260584802e+00,main,true,rise,544
/mnt/pd/tema1/new/results/ml_samples/N4_sw0.30_x+0_i0080.h5,4,3.000000000e-01,0,1.000000000e+00,main,true,rise,3612
/mnt/pd/tema1/new/results/ml_samples/N4_sw0.30_x+1_i0036.h5,4,3.000000000e-01,1,1.260584802e+00,main,true,rise,321
/mnt/pd/tema1/new/results/ml_samples/N4_sw0.30_x+0_i0178.h5,4,3.000000000e-01,0,1.000000000e+00,main,true,rise,1021
/mnt/pd/tema1/new/results/ml_samples/N4_sw0.30_x+1_i0006.h5,4,3.000000000e-01,1,1.260584802e+00,main,true,rise,806
/mnt/pd/tema1/new/results/ml_samples/N4_sw0.30_x+1_i0046.h5,4,3.000000000e-01,1,1.260584802e+00,main,true,rise,374
/mnt/pd/tema1/new/results/ml_samples/N4_sw0.30_x+1_i0044.h5,4,3.000000000e-01,1,1.260584802e+00,main,true,rise,315
/mnt/pd/tema1/new/results/ml_samples/N4_sw0.30_x+1_i0004.h5,4,3.000000000e-01,1,1.260584802e+00,main,true,rise,910
/mnt/pd/tema1/new/results/ml_samples/N4_sw0.30_x+0_i0168.h5,4,3.000000000e-01,0,1.000000000e+00,main,true,fall,1179
/mnt/pd/tema1/new/results/ml_samples/N4_sw0.30_x+0_i0164.h5,4,3.000000000e-01,0,1.000000000e+00,main,true,fall,1302
/mnt/pd/tema1/new/results/ml_samples/N4_sw0.30_x+1_i0054.h5,4,3.000000000e-01,1,1.260584802e+00,main,true,fall,260
/mnt/pd/tema1/new/results/ml_samples/N4_sw0.30_x+1_i0008.h5,4,3.000000000e-01,1,1.260584802e+00,main,true,rise,910
/mnt/pd/tema1/new/results/ml_samples/N4_sw0.30_x+1_i0024.h5,4,3.000000000e-01,1,1.260584802e+00,main,true,fall,649
/mnt/pd/tema1/new/results/ml_samples/N4_sw0.30_x+1_i0042.h5,4,3.000000000e-01,1,1.260584802e+00,main,true,rise,383
/mnt/pd/tema1/new/results/ml_samples/N4_sw0.30_x+1_i0052.h5,4,3.000000000e-01,1,1.260584802e+00,main,true,rise,499
/mnt/pd/tema1/new/results/ml_samples/N4_sw0.30_x+0_i0170.h5,4,3.000000000e-01,0,1.000000000e+00,main,true,rise,1401
/mnt/pd/tema1/new/results/ml_samples/N4_sw0.30_x+1_i0018.h5,4,3.000000000e-01,1,1.260584802e+00,main,true,rise,910
/mnt/pd/tema1/new/results/ml_samples/N4_sw0.30_x+1_i0034.h5,4,3.000000000e-01,1,1.260584802e+00,main,true,rise,795
/mnt/pd/tema1/new/results/ml_samples/N4_sw0.30_x+1_i0038.h5,4,3.000000000e-01,1,1.260584802e+00,main,true,rise,719
/mnt/pd/tema1/new/results/ml_samples/N4_sw0.30_x+1_i0060.h5,4,3.000000000e-01,1,1.260584802e+00,main,true,rise,601
/mnt/pd/tema1/new/results/ml_samples/N4_sw0.30_x+1_i0022.h5,4,3.000000000e-01,1,1.260584802e+00,main,true,rise,1029
/mnt/pd/tema1/new/results/ml_samples/N4_sw0.30_x+1_i0070.h5,4,3.000000000e-01,1,1.260584802e+00,main,true,rise,373
/mnt/pd/tema1/new/results/ml_samples/N4_sw0.30_x+1_i0076.h5,4,3.000000000e-01,1,1.260584802e+00,main,true,rise,355
/mnt/pd/tema1/new/results/ml_samples/N4_sw0.30_x+1_i0074.h5,4,3.000000000e-01,1,1.260584802e+00,main,true,fall,442
/mnt/pd/tema1/new/results/ml_samples/N4_sw0.30_x+1_i0084.h5,4,3.000000000e-01,1,1.260584802e+00,main,true,rise,263
/mnt/pd/tema1/new/results/ml_samples/N4_sw0.30_x+1_i0082.h5,4,3.000000000e-01,1,1.260584802e+00,main,true,rise,341
/mnt/pd/tema1/new/results/ml_samples/N4_sw0.30_x+0_i0190.h5,4,3.000000000e-01,0,1.000000000e+00,main,true,fall,1667
/mnt/pd/tema1/new/results/ml_samples/N4_sw0.30_x+1_i0032.h5,4,3.000000000e-01,1,1.260584802e+00,main,true,rise,1177
/mnt/pd/tema1/new/results/ml_samples/N4_sw0.30_x+1_i0028.h5,4,3.000000000e-01,1,1.260584802e+00,main,true,rise,1248
/mnt/pd/tema1/new/results/ml_samples/N4_sw0.30_x+1_i0078.h5,4,3.000000000e-01,1,1.260584802e+00,main,true,rise,810
/mnt/pd/tema1/new/results/ml_samples/N4_sw0.30_x+1_i0050.h5,4,3.000000000e-01,1,1.260584802e+00,main,true,rise,931
/mnt/pd/tema1/new/results/ml_samples/N4_sw0.30_x+1_i0086.h5,4,3.000000000e-01,1,1.260584802e+00,main,true,rise,561
/mnt/pd/tema1/new/results/ml_samples/N4_sw0.30_x+1_i0108.h5,4,3.000000000e-01,1,1.260584802e+00,main,true,fall,144
/mnt/pd/tema1/new/results/ml_samples/N4_sw0.30_x+1_i0094.h5,4,3.000000000e-01,1,1.260584802e+00,main,true,rise,501
/mnt/pd/tema1/new/results/ml_samples/N4_sw0.30_x+1_i0102.h5,4,3.000000000e-01,1,1.260584802e+00,main,true,rise,344
/mnt/pd/tema1/new/results/ml_samples/N4_sw0.30_x+1_i0072.h5,4,3.000000000e-01,1,1.260584802e+00,main,true,rise,868
/mnt/pd/tema1/new/results/ml_samples/N4_sw0.30_x+1_i0104.h5,4,3.000000000e-01,1,1.260584802e+00,main,true,rise,311
/mnt/pd/tema1/new/results/ml_samples/N4_sw0.30_x+1_i0100.h5,4,3.000000000e-01,1,1.260584802e+00,main,true,rise,423
/mnt/pd/tema1/new/results/ml_samples/N4_sw0.30_x+0_i0186.h5,4,3.000000000e-01,0,1.000000000e+00,main,true,fall,2006
/mnt/pd/tema1/new/results/ml_samples/N4_sw0.30_x+1_i0088.h5,4,3.000000000e-01,1,1.260584802e+00,main,true,rise,931
/mnt/pd/tema1/new/results/ml_samples/N4_sw0.30_x+1_i0110.h5,4,3.000000000e-01,1,1.260584802e+00,main,true,rise,275
/mnt/pd/tema1/new/results/ml_samples/N4_sw0.30_x+1_i0080.h5,4,3.000000000e-01,1,1.260584802e+00,main,true,rise,807
/mnt/pd/tema1/new/results/ml_samples/N4_sw0.30_x+1_i0020.h5,4,3.000000000e-01,1,1.260584802e+00,main,true,rise,1732
/mnt/pd/tema1/new/results/ml_samples/N4_sw0.30_x+1_i0066.h5,4,3.000000000e-01,1,1.260584802e+00,main,true,fall,1074
/mnt/pd/tema1/new/results/ml_samples/N4_sw0.30_x+1_i0106.h5,4,3.000000000e-01,1,1.260584802e+00,main,true,rise,531
/mnt/pd/tema1/new/results/ml_samples/N4_sw0.30_x+1_i0128.h5,4,3.000000000e-01,1,1.260584802e+00,main,true,rise,407
/mnt/pd/tema1/new/results/ml_samples/N4_sw0.30_x+1_i0132.h5,4,3.000000000e-01,1,1.260584802e+00,main,true,rise,288
/mnt/pd/tema1/new/results/ml_samples/N4_sw0.30_x+1_i0092.h5,4,3.000000000e-01,1,1.260584802e+00,main,true,rise,860
/mnt/pd/tema1/new/results/ml_samples/N4_sw0.30_x+1_i0048.h5,4,3.000000000e-01,1,1.260584802e+00,main,true,rise,1649
/mnt/pd/tema1/new/results/ml_samples/N4_sw0.30_x+1_i0130.h5,4,3.000000000e-01,1,1.260584802e+00,main,true,rise,293
/mnt/pd/tema1/new/results/ml_samples/N4_sw0.30_x+1_i0010.h5,4,3.000000000e-01,1,1.260584802e+00,main,true,rise,2159
/mnt/pd/tema1/new/results/ml_samples/N4_sw0.30_x+1_i0056.h5,4,3.000000000e-01,1,1.260584802e+00,main,true,rise,1606
/mnt/pd/tema1/new/results/ml_samples/N4_sw0.30_x+1_i0122.h5,4,3.000000000e-01,1,1.260584802e+00,main,true,rise,419
/mnt/pd/tema1/new/results/ml_samples/N4_sw0.30_x+1_i0124.h5,4,3.000000000e-01,1,1.260584802e+00,main,true,rise,449
/mnt/pd/tema1/new/results/ml_samples/N4_sw0.30_x+1_i0090.h5,4,3.000000000e-01,1,1.260584802e+00,main,true,rise,1023
/mnt/pd/tema1/new/results/ml_samples/N4_sw0.30_x+0_i0120.h5,4,3.000000000e-01,0,1.000000000e+00,main,true,fall,3538
/mnt/pd/tema1/new/results/ml_samples/N4_sw0.30_x+1_i0114.h5,4,3.000000000e-01,1,1.260584802e+00,main,true,rise,836
/mnt/pd/tema1/new/results/ml_samples/N4_sw0.30_x+1_i0118.h5,4,3.000000000e-01,1,1.260584802e+00,main,true,rise,557
/mnt/pd/tema1/new/results/ml_samples/N4_sw0.30_x+1_i0064.h5,4,3.000000000e-01,1,1.260584802e+00,main,true,rise,1428
/mnt/pd/tema1/new/results/ml_samples/N4_sw0.30_x+1_i0068.h5,4,3.000000000e-01,1,1.260584802e+00,main,true,rise,1584
/mnt/pd/tema1/new/results/ml_samples/N4_sw0.30_x+1_i0098.h5,4,3.000000000e-01,1,1.260584802e+00,main,true,fall,1137
/mnt/pd/tema1/new/results/ml_samples/N4_sw0.30_x+1_i0152.h5,4,3.000000000e-01,1,1.260584802e+00,main,true,rise,253
/mnt/pd/tema1/new/results/ml_samples/N4_sw0.30_x+1_i0148.h5,4,3.000000000e-01,1,1.260584802e+00,main,true,rise,374
/mnt/pd/tema1/new/results/ml_samples/N4_sw0.30_x+1_i0096.h5,4,3.000000000e-01,1,1.260584802e+00,main,true,rise,1160
/mnt/pd/tema1/new/results/ml_samples/N4_sw0.30_x+1_i0120.h5,4,3.000000000e-01,1,1.260584802e+00,main,true,rise,804
/mnt/pd/tema1/new/results/ml_samples/N4_sw0.30_x+1_i0160.h5,4,3.000000000e-01,1,1.260584802e+00,main,true,rise,459
/mnt/pd/tema1/new/results/ml_samples/N4_sw0.30_x+1_i0058.h5,4,3.000000000e-01,1,1.260584802e+00,main,true,rise,1902
/mnt/pd/tema1/new/results/ml_samples/N4_sw0.30_x+1_i0126.h5,4,3.000000000e-01,1,1.260584802e+00,main,true,rise,993
/mnt/pd/tema1/new/results/ml_samples/N4_sw0.30_x+1_i0116.h5,4,3.000000000e-01,1,1.260584802e+00,main,true,rise,1134
/mnt/pd/tema1/new/results/ml_samples/N4_sw0.30_x+1_i0062.h5,4,3.000000000e-01,1,1.260584802e+00,main,true,rise,1974
/mnt/pd/tema1/new/results/ml_samples/N4_sw0.30_x+1_i0168.h5,4,3.000000000e-01,1,1.260584802e+00,main,true,rise,490
/mnt/pd/tema1/new/results/ml_samples/N4_sw0.30_x+1_i0144.h5,4,3.000000000e-01,1,1.260584802e+00,main,true,rise,746
/mnt/pd/tema1/new/results/ml_samples/N4_sw0.30_x+1_i0162.h5,4,3.000000000e-01,1,1.260584802e+00,main,true,rise,901
/mnt/pd/tema1/new/results/ml_samples/N4_sw0.30_x+1_i0136.h5,4,3.000000000e-01,1,1.260584802e+00,main,true,fall,936
/mnt/pd/tema1/new/results/ml_samples/N4_sw0.30_x+1_i0134.h5,4,3.000000000e-01,1,1.260584802e+00,main,true,rise,985
/mnt/pd/tema1/new/results/ml_samples/N4_sw0.30_x+1_i0174.h5,4,3.000000000e-01,1,1.260584802e+00,main,true,rise,453
/mnt/pd/tema1/new/results/ml_samples/N4_sw0.30_x+1_i0138.h5,4,3.000000000e-01,1,1.260584802e+00,main,true,rise,909
/mnt/pd/tema1/new/results/ml_samples/N4_sw0.30_x+1_i0166.h5,4,3.000000000e-01,1,1.260584802e+00,main,true,rise,620
/mnt/pd/tema1/new/results/ml_samples/N4_sw0.30_x+1_i0164.h5,4,3.000000000e-01,1,1.260584802e+00,main,true,rise,637
/mnt/pd/tema1/new/results/ml_samples/N4_sw0.30_x+0_i0180.h5,4,3.000000000e-01,0,1.000000000e+00,main,true,rise,3095
/mnt/pd/tema1/new/results/ml_samples/N4_sw0.30_x+1_i0170.h5,4,3.000000000e-01,1,1.260584802e+00,main,true,rise,580
/mnt/pd/tema1/new/results/ml_samples/N4_sw0.30_x+1_i0156.h5,4,3.000000000e-01,1,1.260584802e+00,main,true,fall,795
/mnt/pd/tema1/new/results/ml_samples/N4_sw0.30_x+1_i0180.h5,4,3.000000000e-01,1,1.260584802e+00,main,true,rise,464
/mnt/pd/tema1/new/results/ml_samples/N4_sw0.30_x+1_i0176.h5,4,3.000000000e-01,1,1.260584802e+00,main,true,fall,595
/mnt/pd/tema1/new/results/ml_samples/N4_sw0.30_x+1_i0112.h5,4,3.000000000e-01,1,1.260584802e+00,main,true,rise,1529
/mnt/pd/tema1/new/results/ml_samples/N4_sw0.30_x+1_i0182.h5,4,3.000000000e-01,1,1.260584802e+00,main,true,rise,546
/mnt/pd/tema1/new/results/ml_samples/N4_sw0.30_x+1_i0190.h5,4,3.000000000e-01,1,1.260584802e+00,main,true,rise,404
/mnt/pd/tema1/new/results/ml_samples/N4_sw0.30_x+2_i0002.h5,4,3.000000000e-01,2,1.521169604e+00,main,true,rise,339
/mnt/pd/tema1/new/results/ml_samples/N4_sw0.30_x+2_i0012.h5,4,3.000000000e-01,2,1.521169604e+00,main,true,rise,279
/mnt/pd/tema1/new/results/ml_samples/N4_sw0.30_x+1_i0194.h5,4,3.000000000e-01,1,1.260584802e+00,main,true,fall,469
/mnt/pd/tema1/new/results/ml_samples/N4_sw0.30_x+1_i0198.h5,4,3.000000000e-01,1,1.260584802e+00,main,true,rise,390
/mnt/pd/tema1/new/results/ml_samples/N4_sw0.30_x+1_i0154.h5,4,3.000000000e-01,1,1.260584802e+00,main,true,rise,1181
/mnt/pd/tema1/new/results/ml_samples/N4_sw0.30_x+2_i0020.h5,4,3.000000000e-01,2,1.521169604e+00,main,true,fall,185
/mnt/pd/tema1/new/results/ml_samples/N4_sw0.30_x+2_i0008.h5,4,3.000000000e-01,2,1.521169604e+00,main,true,rise,521
/mnt/pd/tema1/new/results/ml_samples/N4_sw0.30_x+2_i0022.h5,4,3.000000000e-01,2,1.521169604e+00,main,true,rise,187
/mnt/pd/tema1/new/results/ml_samples/N4_sw0.30_x+1_i0142.h5,4,3.000000000e-01,1,1.260584802e+00,main,true,rise,1372
/mnt/pd/tema1/new/results/ml_samples/N4_sw0.30_x+1_i0150.h5,4,3.000000000e-01,1,1.260584802e+00,main,true,rise,1303
/mnt/pd/tema1/new/results/ml_samples/N4_sw0.30_x+0_i0090.h5,4,3.000000000e-01,0,1.000000000e+00,main,true,rise,5114
/mnt/pd/tema1/new/results/ml_samples/N4_sw0.30_x+2_i0004.h5,4,3.000000000e-01,2,1.521169604e+00,main,true,rise,600
/mnt/pd/tema1/new/results/ml_samples/N4_sw0.30_x+2_i0026.h5,4,3.000000000e-01,2,1.521169604e+00,main,true,rise,213
/mnt/pd/tema1/new/results/ml_samples/N4_sw0.30_x+1_i0186.h5,4,3.000000000e-01,1,1.260584802e+00,main,true,rise,774
/mnt/pd/tema1/new/results/ml_samples/N4_sw0.30_x+2_i0032.h5,4,3.000000000e-01,2,1.521169604e+00,main,true,rise,389
/mnt/pd/tema1/new/results/ml_samples/N4_sw0.30_x+2_i0010.h5,4,3.000000000e-01,2,1.521169604e+00,main,true,rise,632
/mnt/pd/tema1/new/results/ml_samples/N4_sw0.30_x+2_i0024.h5,4,3.000000000e-01,2,1.521169604e+00,main,true,rise,343
/mnt/pd/tema1/new/results/ml_samples/N4_sw0.30_x+2_i0016.h5,4,3.000000000e-01,2,1.521169604e+00,main,true,rise,633
/mnt/pd/tema1/new/results/ml_samples/N4_sw0.30_x+2_i0030.h5,4,3.000000000e-01,2,1.521169604e+00,main,true,rise,500
/mnt/pd/tema1/new/results/ml_samples/N4_sw0.30_x+2_i0048.h5,4,3.000000000e-01,2,1.521169604e+00,main,true,rise,319
/mnt/pd/tema1/new/results/ml_samples/N4_sw0.30_x+2_i0052.h5,4,3.000000000e-01,2,1.521169604e+00,main,true,rise,291
/mnt/pd/tema1/new/results/ml_samples/N4_sw0.30_x+2_i0034.h5,4,3.000000000e-01,2,1.521169604e+00,main,true,rise,437
/mnt/pd/tema1/new/results/ml_samples/N4_sw0.30_x+2_i0050.h5,4,3.000000000e-01,2,1.521169604e+00,main,true,rise,281
/mnt/pd/tema1/new/results/ml_samples/N4_sw0.30_x+2_i0036.h5,4,3.000000000e-01,2,1.521169604e+00,main,true,rise,407
/mnt/pd/tema1/new/results/ml_samples/N4_sw0.30_x+1_i0178.h5,4,3.000000000e-01,1,1.260584802e+00,main,true,rise,1232
/mnt/pd/tema1/new/results/ml_samples/N4_sw0.30_x+2_i0044.h5,4,3.000000000e-01,2,1.521169604e+00,main,true,rise,418
/mnt/pd/tema1/new/results/ml_samples/N4_sw0.30_x+2_i0040.h5,4,3.000000000e-01,2,1.521169604e+00,main,true,rise,530
/mnt/pd/tema1/new/results/ml_samples/N4_sw0.30_x+1_i0196.h5,4,3.000000000e-01,1,1.260584802e+00,main,true,rise,1022
/mnt/pd/tema1/new/results/ml_samples/N4_sw0.30_x+2_i0056.h5,4,3.000000000e-01,2,1.521169604e+00,main,true,rise,356
/mnt/pd/tema1/new/results/ml_samples/N4_sw0.30_x+2_i0058.h5,4,3.000000000e-01,2,1.521169604e+00,main,true,fall,252
/mnt/pd/tema1/new/results/ml_samples/N4_sw0.30_x+1_i0184.h5,4,3.000000000e-01,1,1.260584802e+00,main,true,rise,1157
/mnt/pd/tema1/new/results/ml_samples/N4_sw0.30_x+2_i0038.h5,4,3.000000000e-01,2,1.521169604e+00,main,true,rise,603
/mnt/pd/tema1/new/results/ml_samples/N4_sw0.30_x+2_i0046.h5,4,3.000000000e-01,2,1.521169604e+00,main,true,rise,572
/mnt/pd/tema1/new/results/ml_samples/N4_sw0.30_x+2_i0062.h5,4,3.000000000e-01,2,1.521169604e+00,main,true,rise,260
/mnt/pd/tema1/new/results/ml_samples/N4_sw0.30_x+1_i0172.h5,4,3.000000000e-01,1,1.260584802e+00,main,true,rise,1557
/mnt/pd/tema1/new/results/ml_samples/N4_sw0.30_x+2_i0014.h5,4,3.000000000e-01,2,1.521169604e+00,main,true,rise,1017
/mnt/pd/tema1/new/results/ml_samples/N4_sw0.30_x+2_i0072.h5,4,3.000000000e-01,2,1.521169604e+00,main,true,rise,369
/mnt/pd/tema1/new/results/ml_samples/N4_sw0.30_x+2_i0054.h5,4,3.000000000e-01,2,1.521169604e+00,main,true,rise,607
/mnt/pd/tema1/new/results/ml_samples/N4_sw0.30_x+2_i0074.h5,4,3.000000000e-01,2,1.521169604e+00,main,true,rise,343
/mnt/pd/tema1/new/results/ml_samples/N4_sw0.30_x+1_i0188.h5,4,3.000000000e-01,1,1.260584802e+00,main,true,rise,1306
/mnt/pd/tema1/new/results/ml_samples/N4_sw0.30_x+1_i0192.h5,4,3.000000000e-01,1,1.260584802e+00,main,true,rise,1368
/mnt/pd/tema1/new/results/ml_samples/N4_sw0.30_x+1_i0158.h5,4,3.000000000e-01,1,1.260584802e+00,main,true,rise,1887
/mnt/pd/tema1/new/results/ml_samples/N4_sw0.30_x+2_i0066.h5,4,3.000000000e-01,2,1.521169604e+00,main,true,fall,440
/mnt/pd/tema1/new/results/ml_samples/N4_sw0.30_x+2_i0092.h5,4,3.000000000e-01,2,1.521169604e+00,main,true,rise,280
/mnt/pd/tema1/new/results/ml_samples/N4_sw0.30_x+2_i0090.h5,4,3.000000000e-01,2,1.521169604e+00,main,true,rise,307
/mnt/pd/tema1/new/results/ml_samples/N4_sw0.30_x+4_i0006.h5,4,3.000000000e-01,4,2.042339207e+00,main,true,rise,192
/mnt/pd/tema1/new/results/ml_samples/N4_sw0.30_x+2_i0080.h5,4,3.000000000e-01,2,1.521169604e+00,main,true,rise,474
/mnt/pd/tema1/new/results/ml_samples/N4_sw0.30_x+2_i0006.h5,4,3.000000000e-01,2,1.521169604e+00,main,true,rise,1357
/mnt/pd/tema1/new/results/ml_samples/N4_sw0.30_x+2_i0028.h5,4,3.000000000e-01,2,1.521169604e+00,main,true,rise,1123
/mnt/pd/tema1/new/results/ml_samples/N4_sw0.30_x+4_i0002.h5,4,3.000000000e-01,4,2.042339207e+00,main,true,rise,237
/mnt/pd/tema1/new/results/ml_samples/N4_sw0.30_x+2_i0018.h5,4,3.000000000e-01,2,1.521169604e+00,main,true,rise,1264
/mnt/pd/tema1/new/results/ml_samples/N4_sw0.30_x+2_i0076.h5,4,3.000000000e-01,2,1.521169604e+00,main,true,rise,536
/mnt/pd/tema1/new/results/ml_samples/N4_sw0.30_x+2_i0000.h5,4,3.000000000e-01,2,1.521169604e+00,main,true,rise,1510
/mnt/pd/tema1/new/results/ml_samples/N4_sw0.30_x+4_i0004.h5,4,3.000000000e-01,4,2.042339207e+00,main,true,rise,298
/mnt/pd/tema1/new/results/ml_samples/N4_sw0.30_x+4_i0008.h5,4,3.000000000e-01,4,2.042339207e+00,main,true,rise,271
/mnt/pd/tema1/new/results/ml_samples/N4_sw0.30_x+4_i0010.h5,4,3.000000000e-01,4,2.042339207e+00,main,true,rise,228
/mnt/pd/tema1/new/results/ml_samples/N4_sw0.30_x+4_i0000.h5,4,3.000000000e-01,4,2.042339207e+00,main,true,rise,355
/mnt/pd/tema1/new/results/ml_samples/N4_sw0.30_x+2_i0096.h5,4,3.000000000e-01,2,1.521169604e+00,main,true,rise,325
/mnt/pd/tema1/new/results/ml_samples/N4_sw0.30_x+2_i0082.h5,4,3.000000000e-01,2,1.521169604e+00,main,true,rise,639
/mnt/pd/tema1/new/results/ml_samples/N4_sw0.30_x+4_i0016.h5,4,3.000000000e-01,4,2.042339207e+00,main,true,rise,223
/mnt/pd/tema1/new/results/ml_samples/N4_sw0.30_x+4_i0030.h5,4,3.000000000e-01,4,2.042339207e+00,main,true,rise,167
/mnt/pd/tema1/new/results/ml_samples/N4_sw0.30_x+4_i0012.h5,4,3.000000000e-01,4,2.042339207e+00,main,true,rise,323
/mnt/pd/tema1/new/results/ml_samples/N4_sw0.30_x+4_i0026.h5,4,3.000000000e-01,4,2.042339207e+00,main,true,rise,215
/mnt/pd/tema1/new/results/ml_samples/N4_sw0.30_x+2_i0098.h5,4,3.000000000e-01,2,1.521169604e+00,main,true,rise,505
/mnt/pd/tema1/new/results/ml_samples/N4_sw0.30_x+4_i0014.h5,4,3.000000000e-01,4,2.042339207e+00,main,true,rise,295
/mnt/pd/tema1/new/results/ml_samples/N4_sw0.30_x+2_i0068.h5,4,3.000000000e-01,2,1.521169604e+00,main,true,rise,803
/mnt/pd/tema1/new/results/ml_samples/N4_sw0.30_x+4_i0024.h5,4,3.000000000e-01,4,2.042339207e+00,main,true,rise,220
/mnt/pd/tema1/new/results/ml_samples/N4_sw0.30_x+4_i0034.h5,4,3.000000000e-01,4,2.042339207e+00,main,true,rise,177
/mnt/pd/tema1/new/results/ml_samples/N4_sw0.30_x+2_i0084.h5,4,3.000000000e-01,2,1.521169604e+00,main,true,rise,643
/mnt/pd/tema1/new/results/ml_samples/N4_sw0.30_x+4_i0032.h5,4,3.000000000e-01,4,2.042339207e+00,main,true,rise,187
/mnt/pd/tema1/new/results/ml_samples/N4_sw0.30_x+4_i0040.h5,4,3.000000000e-01,4,2.042339207e+00,main,true,rise,140
/mnt/pd/tema1/new/results/ml_samples/N4_sw0.30_x+4_i0038.h5,4,3.000000000e-01,4,2.042339207e+00,main,true,rise,187
/mnt/pd/tema1/new/results/ml_samples/N4_sw0.30_x+4_i0028.h5,4,3.000000000e-01,4,2.042339207e+00,main,true,rise,342
/mnt/pd/tema1/new/results/ml_samples/N4_sw0.30_x+2_i0086.h5,4,3.000000000e-01,2,1.521169604e+00,main,true,rise,791
/mnt/pd/tema1/new/results/ml_samples/N4_sw0.30_x+2_i0094.h5,4,3.000000000e-01,2,1.521169604e+00,main,true,rise,654
/mnt/pd/tema1/new/results/ml_samples/N4_sw0.30_x+4_i0042.h5,4,3.000000000e-01,4,2.042339207e+00,main,true,rise,216
/mnt/pd/tema1/new/results/ml_samples/N4_sw0.30_x+4_i0036.h5,4,3.000000000e-01,4,2.042339207e+00,main,true,rise,280
/mnt/pd/tema1/new/results/ml_samples/N4_sw0.30_x+2_i0078.h5,4,3.000000000e-01,2,1.521169604e+00,main,true,rise,910
/mnt/pd/tema1/new/results/ml_samples/N4_sw0.30_x+4_i0056.h5,4,3.000000000e-01,4,2.042339207e+00,main,true,rise,174
/mnt/pd/tema1/new/results/ml_samples/N4_sw0.30_x+4_i0048.h5,4,3.000000000e-01,4,2.042339207e+00,main,true,rise,217
/mnt/pd/tema1/new/results/ml_samples/N4_sw0.30_x+4_i0046.h5,4,3.000000000e-01,4,2.042339207e+00,main,true,rise,241
/mnt/pd/tema1/new/results/ml_samples/N4_sw0.30_x+4_i0054.h5,4,3.000000000e-01,4,2.042339207e+00,main,true,rise,195
/mnt/pd/tema1/new/results/ml_samples/N4_sw0.30_x+4_i0022.h5,4,3.000000000e-01,4,2.042339207e+00,main,true,rise,458
/mnt/pd/tema1/new/results/ml_samples/N4_sw0.30_x+2_i0070.h5,4,3.000000000e-01,2,1.521169604e+00,main,true,rise,1065
/mnt/pd/tema1/new/results/ml_samples/N4_sw0.30_x+4_i0044.h5,4,3.000000000e-01,4,2.042339207e+00,main,true,rise,302
/mnt/pd/tema1/new/results/ml_samples/N4_sw0.30_x+1_i0140.h5,4,3.000000000e-01,1,1.260584802e+00,main,true,rise,3740
/mnt/pd/tema1/new/results/ml_samples/N4_sw0.30_x+4_i0062.h5,4,3.000000000e-01,4,2.042339207e+00,main,true,rise,280
/mnt/pd/tema1/new/results/ml_samples/N4_sw0.30_x+4_i0066.h5,4,3.000000000e-01,4,2.042339207e+00,main,true,rise,230
/mnt/pd/tema1/new/results/ml_samples/N4_sw0.30_x+2_i0042.h5,4,3.000000000e-01,2,1.521169604e+00,main,true,rise,1437
/mnt/pd/tema1/new/results/ml_samples/N4_sw0.30_x+4_i0018.h5,4,3.000000000e-01,4,2.042339207e+00,main,true,rise,607
/mnt/pd/tema1/new/results/ml_samples/N4_sw0.30_x+4_i0074.h5,4,3.000000000e-01,4,2.042339207e+00,main,true,rise,210
/mnt/pd/tema1/new/results/ml_samples/N4_sw0.30_x+4_i0058.h5,4,3.000000000e-01,4,2.042339207e+00,main,true,rise,383
/mnt/pd/tema1/new/results/ml_samples/N4_sw0.30_x+4_i0068.h5,4,3.000000000e-01,4,2.042339207e+00,main,true,rise,280
/mnt/pd/tema1/new/results/ml_samples/N4_sw0.30_x+4_i0060.h5,4,3.000000000e-01,4,2.042339207e+00,main,true,rise,414
/mnt/pd/tema1/new/results/ml_samples/N4_sw0.30_x+4_i0080.h5,4,3.000000000e-01,4,2.042339207e+00,main,true,rise,214
/mnt/pd/tema1/new/results/ml_samples/N4_sw0.30_x+4_i0084.h5,4,3.000000000e-01,4,2.042339207e+00,main,true,rise,215
/mnt/pd/tema1/new/results/ml_samples/N4_sw0.30_x+4_i0020.h5,4,3.000000000e-01,4,2.042339207e+00,main,true,rise,666
/mnt/pd/tema1/new/results/ml_samples/N4_sw0.30_x+4_i0094.h5,4,3.000000000e-01,4,2.042339207e+00,main,true,rise,221
/mnt/pd/tema1/new/results/ml_samples/N4_sw0.30_x+4_i0050.h5,4,3.000000000e-01,4,2.042339207e+00,main,true,rise,485
/mnt/pd/tema1/new/results/ml_samples/N4_sw0.30_x-1_i0000.h5,4,3.000000000e-01,-1,7.394151982e-01,main,true,fall,133
/mnt/pd/tema1/new/results/ml_samples/N4_sw0.30_x+4_i0052.h5,4,3.000000000e-01,4,2.042339207e+00,main,true,rise,503
/mnt/pd/tema1/new/results/ml_samples/N4_sw0.30_x+4_i0070.h5,4,3.000000000e-01,4,2.042339207e+00,main,true,rise,418
/mnt/pd/tema1/new/results/ml_samples/N4_sw0.30_x+4_i0086.h5,4,3.000000000e-01,4,2.042339207e+00,main,true,rise,286
/mnt/pd/tema1/new/results/ml_samples/N4_sw0.30_x+4_i0082.h5,4,3.000000000e-01,4,2.042339207e+00,main,true,rise,304
/mnt/pd/tema1/new/results/ml_samples/N4_sw0.30_x+4_i0072.h5,4,3.000000000e-01,4,2.042339207e+00,main,true,rise,375
/mnt/pd/tema1/new/results/ml_samples/N4_sw0.30_x+4_i0064.h5,4,3.000000000e-01,4,2.042339207e+00,main,true,rise,373
/mnt/pd/tema1/new/results/ml_samples/N4_sw0.30_x+4_i0090.h5,4,3.000000000e-01,4,2.042339207e+00,main,true,rise,205
/mnt/pd/tema1/new/results/ml_samples/N4_sw0.30_x+4_i0088.h5,4,3.000000000e-01,4,2.042339207e+00,main,true,rise,254
/mnt/pd/tema1/new/results/ml_samples/N4_sw0.30_x-1_i0006.h5,4,3.000000000e-01,-1,7.394151982e-01,main,true,fall,126
/mnt/pd/tema1/new/results/ml_samples/N4_sw0.30_x-1_i0012.h5,4,3.000000000e-01,-1,7.394151982e-01,main,true,fall,116
/mnt/pd/tema1/new/results/ml_samples/N4_sw0.30_x+4_i0092.h5,4,3.000000000e-01,4,2.042339207e+00,main,true,rise,276
/mnt/pd/tema1/new/results/ml_samples/N4_sw0.30_x+4_i0078.h5,4,3.000000000e-01,4,2.042339207e+00,main,true,rise,375
/mnt/pd/tema1/new/results/ml_samples/N4_sw0.30_x-1_i0002.h5,4,3.000000000e-01,-1,7.394151982e-01,main,true,fall,254
/mnt/pd/tema1/new/results/ml_samples/N4_sw0.30_x-1_i0032.h5,4,3.000000000e-01,-1,7.394151982e-01,main,true,fall,64
/mnt/pd/tema1/new/results/ml_samples/N4_sw0.30_x-1_i0030.h5,4,3.000000000e-01,-1,7.394151982e-01,main,true,fall,83
/mnt/pd/tema1/new/results/ml_samples/N4_sw0.30_x+2_i0088.h5,4,3.000000000e-01,2,1.521169604e+00,main,true,rise,1287
/mnt/pd/tema1/new/results/ml_samples/N4_sw0.30_x+4_i0076.h5,4,3.000000000e-01,4,2.042339207e+00,main,true,rise,485
/mnt/pd/tema1/new/results/ml_samples/N4_sw0.30_x+2_i0064.h5,4,3.000000000e-01,2,1.521169604e+00,main,true,rise,1967
/mnt/pd/tema1/new/results/ml_samples/N4_sw0.30_x+4_i0098.h5,4,3.000000000e-01,4,2.042339207e+00,main,true,rise,331
/mnt/pd/tema1/new/results/ml_samples/N4_sw0.30_x-1_i0028.h5,4,3.000000000e-01,-1,7.394151982e-01,main,true,fall,170
/mnt/pd/tema1/new/results/ml_samples/N4_sw0.30_x+4_i0096.h5,4,3.000000000e-01,4,2.042339207e+00,main,true,rise,452
/mnt/pd/tema1/new/results/ml_samples/N4_sw0.30_x-1_i0016.h5,4,3.000000000e-01,-1,7.394151982e-01,main,true,fall,337
/mnt/pd/tema1/new/results/ml_samples/N4_sw0.30_x-1_i0014.h5,4,3.000000000e-01,-1,7.394151982e-01,main,true,fall,347
/mnt/pd/tema1/new/results/ml_samples/N4_sw0.30_x-1_i0058.h5,4,3.000000000e-01,-1,7.394151982e-01,main,true,fall,188
/mnt/pd/tema1/new/results/ml_samples/N4_sw0.30_x-1_i0008.h5,4,3.000000000e-01,-1,7.394151982e-01,main,true,fall,434
/mnt/pd/tema1/new/results/ml_samples/N4_sw0.30_x-1_i0048.h5,4,3.000000000e-01,-1,7.394151982e-01,main,true,fall,178
/mnt/pd/tema1/new/results/ml_samples/N4_sw0.30_x-1_i0024.h5,4,3.000000000e-01,-1,7.394151982e-01,main,true,fall,353
/mnt/pd/tema1/new/results/ml_samples/N4_sw0.30_x-1_i0060.h5,4,3.000000000e-01,-1,7.394151982e-01,main,true,fall,194
/mnt/pd/tema1/new/results/ml_samples/N4_sw0.30_x-1_i0018.h5,4,3.000000000e-01,-1,7.394151982e-01,main,true,fall,520
/mnt/pd/tema1/new/results/ml_samples/N4_sw0.30_x-1_i0010.h5,4,3.000000000e-01,-1,7.394151982e-01,main,true,fall,481
/mnt/pd/tema1/new/results/ml_samples/N4_sw0.30_x-1_i0056.h5,4,3.000000000e-01,-1,7.394151982e-01,main,true,fall,218
/mnt/pd/tema1/new/results/ml_samples/N4_sw0.30_x-1_i0062.h5,4,3.000000000e-01,-1,7.394151982e-01,main,true,fall,227
/mnt/pd/tema1/new/results/ml_samples/N4_sw0.30_x-1_i0034.h5,4,3.000000000e-01,-1,7.394151982e-01,main,true,fall,437
/mnt/pd/tema1/new/results/ml_samples/N4_sw0.30_x-1_i0070.h5,4,3.000000000e-01,-1,7.394151982e-01,main,true,fall,257
/mnt/pd/tema1/new/results/ml_samples/N4_sw0.30_x-1_i0072.h5,4,3.000000000e-01,-1,7.394151982e-01,main,true,fall,129
/mnt/pd/tema1/new/results/ml_samples/N4_sw0.30_x-1_i0036.h5,4,3.000000000e-01,-1,7.394151982e-01,main,true,fall,508
/mnt/pd/tema1/new/results/ml_samples/N4_sw0.30_x-1_i0082.h5,4,3.000000000e-01,-1,7.394151982e-01,main,true,fall,124
/mnt/pd/tema1/new/results/ml_samples/N4_sw0.30_x-1_i0044.h5,4,3.000000000e-01,-1,7.394151982e-01,main,true,fall,532
/mnt/pd/tema1/new/results/ml_samples/N4_sw0.30_x-1_i0084.h5,4,3.000000000e-01,-1,7.394151982e-01,main,true,fall,157
/mnt/pd/tema1/new/results/ml_samples/N4_sw0.30_x+2_i0060.h5,4,3.000000000e-01,2,1.521169604e+00,main,true,rise,1920
/mnt/pd/tema1/new/results/ml_samples/N4_sw0.30_x-1_i0080.h5,4,3.000000000e-01,-1,7.394151982e-01,main,true,fall,356
/mnt/pd/tema1/new/results/ml_samples/N4_sw0.30_x-1_i0066.h5,4,3.000000000e-01,-1,7.394151982e-01,main,true,fall,344
/mnt/pd/tema1/new/results/ml_samples/N4_sw0.30_x-1_i0090.h5,4,3.000000000e-01,-1,7.394151982e-01,main,true,fall,213
/mnt/pd/tema1/new/results/ml_samples/N4_sw0.30_x-1_i0076.h5,4,3.000000000e-01,-1,7.394151982e-01,main,true,fall,234
/mnt/pd/tema1/new/results/ml_samples/N4_sw0.30_x-1_i0092.h5,4,3.000000000e-01,-1,7.394151982e-01,main,true,fall,125
/mnt/pd/tema1/new/results/ml_samples/N4_sw0.30_x-1_i0078.h5,4,3.000000000e-01,-1,7.394151982e-01,main,true,fall,308
/mnt/pd/tema1/new/results/ml_samples/N4_sw0.30_x-1_i0064.h5,4,3.000000000e-01,-1,7.394151982e-01,main,true,fall,408
/mnt/pd/tema1/new/results/ml_samples/N4_sw0.30_x-1_i0074.h5,4,3.000000000e-01,-1,7.394151982e-01,main,true,fall,353
/mnt/pd/tema1/new/results/ml_samples/N4_sw0.30_x-1_i0068.h5,4,3.000000000e-01,-1,7.394151982e-01,main,true,fall,414
/mnt/pd/tema1/new/results/ml_samples/N4_sw0.30_x-1_i0022.h5,4,3.000000000e-01,-1,7.394151982e-01,main,true,fall,652
/mnt/pd/tema1/new/results/ml_samples/N4_sw0.30_x-1_i0086.h5,4,3.000000000e-01,-1,7.394151982e-01,main,true,fall,280
/mnt/pd/tema1/new/results/ml_samples/N4_sw0.30_x-1_i0004.h5,4,3.000000000e-01,-1,7.394151982e-01,main,true,fall,724
/mnt/pd/tema1/new/results/ml_samples/N4_sw0.30_x-1_i0020.h5,4,3.000000000e-01,-1,7.394151982e-01,main,true,fall,771
/mnt/pd/tema1/new/results/ml_samples/N4_sw0.30_x-1_i0088.h5,4,3.000000000e-01,-1,7.394151982e-01,main,true,fall,342
/mnt/pd/tema1/new/results/ml_samples/N4_sw0.30_x-1_i0122.h5,4,3.000000000e-01,-1,7.394151982e-01,main,true,fall,91
/mnt/pd/tema1/new/results/ml_samples/N4_sw0.30_x-1_i0102.h5,4,3.000000000e-01,-1,7.394151982e-01,main,true,fall,246
/mnt/pd/tema1/new/results/ml_samples/N4_sw0.30_x-1_i0114.h5,4,3.000000000e-01,-1,7.394151982e-01,main,true,fall,120
/mnt/pd/tema1/new/results/ml_samples/N4_sw0.30_x-1_i0112.h5,4,3.000000000e-01,-1,7.394151982e-01,main,true,fall,208
/mnt/pd/tema1/new/results/ml_samples/N4_sw0.30_x-1_i0126.h5,4,3.000000000e-01,-1,7.394151982e-01,main,true,fall,127
/mnt/pd/tema1/new/results/ml_samples/N4_sw0.30_x-1_i0130.h5,4,3.000000000e-01,-1,7.394151982e-01,main,true,fall,131
/mnt/pd/tema1/new/results/ml_samples/N4_sw0.30_x-1_i0118.h5,4,3.000000000e-01,-1,7.394151982e-01,main,true,fall,224
/mnt/pd/tema1/new/results/ml_samples/N4_sw0.30_x-1_i0120.h5,4,3.000000000e-01,-1,7.394151982e-01,main,true,fall,188
/mnt/pd/tema1/new/results/ml_samples/N4_sw0.30_x-1_i0042.h5,4,3.000000000e-01,-1,7.394151982e-01,main,true,fall,799
/mnt/pd/tema1/new/results/ml_samples/N4_sw0.30_x-1_i0106.h5,4,3.000000000e-01,-1,7.394151982e-01,main,true,fall,447
/mnt/pd/tema1/new/results/ml_samples/N4_sw0.30_x-1_i0038.h5,4,3.000000000e-01,-1,7.394151982e-01,main,true,fall,1085
/mnt/pd/tema1/new/results/ml_samples/N4_sw0.30_x-1_i0124.h5,4,3.000000000e-01,-1,7.394151982e-01,main,true,fall,461
/mnt/pd/tema1/new/results/ml_samples/N4_sw0.30_x-1_i0116.h5,4,3.000000000e-01,-1,7.394151982e-01,main,true,rise,578
/mnt/pd/tema1/new/results/ml_samples/N4_sw0.30_x-1_i0104.h5,4,3.000000000e-01,-1,7.394151982e-01,main,true,fall,827
/mnt/pd/tema1/new/results/ml_samples/N4_sw0.30_x-1_i0136.h5,4,3.000000000e-01,-1,7.394151982e-01,main,true,fall,430
/mnt/pd/tema1/new/results/ml_samples/N4_sw0.30_x-1_i0046.h5,4,3.000000000e-01,-1,7.394151982e-01,main,true,rise,1114
/mnt/pd/tema1/new/results/ml_samples/N4_sw0.30_x-1_i0134.h5,4,3.000000000e-01,-1,7.394151982e-01,main,true,fall,488
/mnt/pd/tema1/new/results/ml_samples/N4_sw0.30_x-1_i0148.h5,4,3.000000000e-01,-1,7.394151982e-01,main,true,fall,319
/mnt/pd/tema1/new/results/ml_samples/N4_sw0.30_x-1_i0040.h5,4,3.000000000e-01,-1,7.394151982e-01,main,true,fall,1134
/mnt/pd/tema1/new/results/ml_samples/N4_sw0.30_x-1_i0142.h5,4,3.000000000e-01,-1,7.394151982e-01,main,true,fall,373
/mnt/pd/tema1/new/results/ml_samples/N4_sw0.30_x-1_i0158.h5,4,3.000000000e-01,-1,7.394151982e-01,main,true,fall,94
/mnt/pd/tema1/new/results/ml_samples/N4_sw0.30_x-1_i0154.h5,4,3.000000000e-01,-1,7.394151982e-01,main,true,fall,129
/mnt/pd/tema1/new/results/ml_samples/N4_sw0.30_x-1_i0144.h5,4,3.000000000e-01,-1,7.394151982e-01,main,true,fall,435
/mnt/pd/tema1/new/results/ml_samples/N4_sw0.30_x-1_i0094.h5,4,3.000000000e-01,-1,7.394151982e-01,main,true,fall,860
/mnt/pd/tema1/new/results/ml_samples/N4_sw0.30_x-1_i0152.h5,4,3.000000000e-01,-1,7.394151982e-01,main,true,fall,323
/mnt/pd/tema1/new/results/ml_samples/N4_sw0.30_x-1_i0166.h5,4,3.000000000e-01,-1,7.394151982e-01,main,true,fall,183
/mnt/pd/tema1/new/results/ml_samples/N4_sw0.30_x-1_i0162.h5,4,3.000000000e-01,-1,7.394151982e-01,main,true,fall,163
/mnt/pd/tema1/new/results/ml_samples/N4_sw0.30_x-1_i0168.h5,4,3.000000000e-01,-1,7.394151982e-01,main,true,fall,161
/mnt/pd/tema1/new/results/ml_samples/N4_sw0.30_x-1_i0050.h5,4,3.000000000e-01,-1,7.394151982e-01,main,true,fall,1389
/mnt/pd/tema1/new/results/ml_samples/N4_sw0.30_x-1_i0138.h5,4,3.000000000e-01,-1,7.394151982e-01,main,true,rise,613
/mnt/pd/tema1/new/results/ml_samples/N4_sw0.30_x-1_i0176.h5,4,3.000000000e-01,-1,7.394151982e-01,main,true,fall,132
/mnt/pd/tema1/new/results/ml_samples/N4_sw0.30_x-1_i0170.h5,4,3.000000000e-01,-1,7.394151982e-01,main,true,fall,201
/mnt/pd/tema1/new/results/ml_samples/N4_sw0.30_x-1_i0172.h5,4,3.000000000e-01,-1,7.394151982e-01,main,true,fall,225
/mnt/pd/tema1/new/results/ml_samples/N4_sw0.30_x-1_i0180.h5,4,3.000000000e-01,-1,7.394151982e-01,main,true,fall,70
/mnt/pd/tema1/new/results/ml_samples/N4_sw0.30_x+1_i0146.h5,4,3.000000000e-01,1,1.260584802e+00,main,true,rise,4405
/mnt/pd/tema1/new/results/ml_samples/N4_sw0.30_x-1_i0054.h5,4,3.000000000e-01,-1,7.394151982e-01,main,true,fall,1426
/mnt/pd/tema1/new/results/ml_samples/N4_sw0.30_x-1_i0096.h5,4,3.000000000e-01,-1,7.394151982e-01,main,true,rise,1016
/mnt/pd/tema1/new/results/ml_samples/N4_sw0.30_x-1_i0160.h5,4,3.000000000e-01,-1,7.394151982e-01,main,true,fall,392
/mnt/pd/tema1/new/results/ml_samples/N4_sw0.30_x-1_i0190.h5,4,3.000000000e-01,-1,7.394151982e-01,main,true,fall,108
/mnt/pd/tema1/new/results/ml_samples/N4_sw0.30_x-1_i0196.h5,4,3.000000000e-01,-1,7.394151982e-01,main,true,fall,153
/mnt/pd/tema1/new/results/ml_samples/N4_sw0.30_x-1_i0164.h5,4,3.000000000e-01,-1,7.394151982e-01,main,true,fall,373
/mnt/pd/tema1/new/results/ml_samples/N4_sw0.30_x-1_i0052.h5,4,3.000000000e-01,-1,7.394151982e-01,main,true,fall,1476
/mnt/pd/tema1/new/results/ml_samples/N4_sw0.30_x-2_i0002.h5,4,3.000000000e-01,-2,4.788303963e-01,main,true,fall,92
/mnt/pd/tema1/new/results/ml_samples/N4_sw0.30_x-2_i0000.h5,4,3.000000000e-01,-2,4.788303963e-01,main,true,fall,119
/mnt/pd/tema1/new/results/ml_samples/N4_sw0.30_x-1_i0192.h5,4,3.000000000e-01,-1,7.394151982e-01,main,true,fall,169
/mnt/pd/tema1/new/results/ml_samples/N4_sw0.30_x-2_i0004.h5,4,3.000000000e-01,-2,4.788303963e-01,main,true,fall,93
/mnt/pd/tema1/new/results/ml_samples/N4_sw0.30_x-2_i0010.h5,4,3.000000000e-01,-2,4.788303963e-01,main,true,fall,71
/mnt/pd/tema1/new/results/ml_samples/N4_sw0.30_x-1_i0110.h5,4,3.000000000e-01,-1,7.394151982e-01,main,true,fall,1051
/mnt/pd/tema1/new/results/ml_samples/N4_sw0.30_x-1_i0174.h5,4,3.000000000e-01,-1,7.394151982e-01,main,true,fall,426
/mnt/pd/tema1/new/results/ml_samples/N4_sw0.30_x-1_i0098.h5,4,3.000000000e-01,-1,7.394151982e-01,main,true,rise,1105
/mnt/pd/tema1/new/results/ml_samples/N4_sw0.30_x-1_i0156.h5,4,3.000000000e-01,-1,7.394151982e-01,main,true,rise,604
/mnt/pd/tema1/new/results/ml_samples/N4_sw0.30_x-1_i0150.h5,4,3.000000000e-01,-1,7.394151982e-01,main,true,fall,630
/mnt/pd/tema1/new/results/ml_samples/N4_sw0.30_x-1_i0184.h5,4,3.000000000e-01,-1,7.394151982e-01,main,true,fall,318
/mnt/pd/tema1/new/results/ml_samples/N4_sw0.30_x-2_i0024.h5,4,3.000000000e-01,-2,4.788303963e-01,main,true,fall,106
/mnt/pd/tema1/new/results/ml_samples/N4_sw0.30_x-1_i0186.h5,4,3.000000000e-01,-1,7.394151982e-01,main,true,fall,324
/mnt/pd/tema1/new/results/ml_samples/N4_sw0.30_x-1_i0198.h5,4,3.000000000e-01,-1,7.394151982e-01,main,true,fall,298
/mnt/pd/tema1/new/results/ml_samples/N4_sw0.30_x-2_i0018.h5,4,3.000000000e-01,-2,4.788303963e-01,main,true,fall,121
/mnt/pd/tema1/new/results/ml_samples/N4_sw0.30_x-1_i0178.h5,4,3.000000000e-01,-1,7.394151982e-01,main,true,fall,419
/mnt/pd/tema1/new/results/ml_samples/N4_sw0.30_x-1_i0132.h5,4,3.000000000e-01,-1,7.394151982e-01,main,true,rise,980
/mnt/pd/tema1/new/results/ml_samples/N4_sw0.30_x-2_i0028.h5,4,3.000000000e-01,-2,4.788303963e-01,main,true,fall,71
/mnt/pd/tema1/new/results/ml_samples/N4_sw0.30_x-2_i0030.h5,4,3.000000000e-01,-2,4.788303963e-01,main,true,fall,101
/mnt/pd/tema1/new/results/ml_samples/N4_sw0.30_x-2_i0020.h5,4,3.000000000e-01,-2,4.788303963e-01,main,true,fall,228
/mnt/pd/tema1/new/results/ml_samples/N4_sw0.30_x-1_i0140.h5,4,3.000000000e-01,-1,7.394151982e-01,main,true,fall,1004
/mnt/pd/tema1/new/results/ml_samples/N4_sw0.30_x-2_i0048.h5,4,3.000000000e-01,-2,4.788303963e-01,main,true,fall,69
/mnt/pd/tema1/new/results/ml_samples/N4_sw0.30_x-1_i0108.h5,4,3.000000000e-01,-1,7.394151982e-01,main,true,fall,1795
/mnt/pd/tema1/new/results/ml_samples/N4_sw0.30_x-2_i0036.h5,4,3.000000000e-01,-2,4.788303963e-01,main,true,fall,171
/mnt/pd/tema1/new/results/ml_samples/N4_sw0.30_x-2_i0046.h5,4,3.000000000e-01,-2,4.788303963e-01,main,true,fall,127
/mnt/pd/tema1/new/results/ml_samples/N4_sw0.30_x-2_i0044.h5,4,3.000000000e-01,-2,4.788303963e-01,main,true,fall,159
/mnt/pd/tema1/new/results/ml_samples/N4_sw0.30_x-2_i0052.h5,4,3.000000000e-01,-2,4.788303963e-01,main,true,fall,110
/mnt/pd/tema1/new/results/ml_samples/N4_sw0.30_x-2_i0050.h5,4,3.000000000e-01,-2,4.788303963e-01,main,true,fall,147
/mnt/pd/tema1/new/results/ml_samples/N4_sw0.30_x-2_i0008.h5,4,3.000000000e-01,-2,4.788303963e-01,main,true,fall,420
/mnt/pd/tema1/new/results/ml_samples/N4_sw0.30_x-1_i0188.h5,4,3.000000000e-01,-1,7.394151982e-01,main,true,fall,540
/mnt/pd/tema1/new/results/ml_samples/N4_sw0.30_x-2_i0060.h5,4,3.000000000e-01,-2,4.788303963e-01,main,true,fall,76
/mnt/pd/tema1/new/results/ml_samples/N4_sw0.30_x-2_i0016.h5,4,3.000000000e-01,-2,4.788303963e-01,main,true,fall,292
/mnt/pd/tema1/new/results/ml_samples/N4_sw0.30_x-2_i0012.h5,4,3.000000000e-01,-2,4.788303963e-01,main,true,fall,337
/mnt/pd/tema1/new/results/ml_samples/N4_sw0.30_x-2_i0062.h5,4,3.000000000e-01,-2,4.788303963e-01,main,true,fall,64
/mnt/pd/tema1/new/results/ml_samples/N4_sw0.30_x-2_i0042.h5,4,3.000000000e-01,-2,4.788303963e-01,main,true,fall,265
/mnt/pd/tema1/new/results/ml_samples/N4_sw0.30_x-2_i0040.h5,4,3.000000000e-01,-2,4.788303963e-01,main,true,fall,326
/mnt/pd/tema1/new/results/ml_samples/N4_sw0.30_x-2_i0066.h5,4,3.000000000e-01,-2,4.788303963e-01,main,true,fall,90
/mnt/pd/tema1/new/results/ml_samples/N4_sw0.30_x-2_i0070.h5,4,3.000000000e-01,-2,4.788303963e-01,main,true,fall,62
/mnt/pd/tema1/new/results/ml_samples/N4_sw0.30_x-2_i0058.h5,4,3.000000000e-01,-2,4.788303963e-01,main,true,fall,117
/mnt/pd/tema1/new/results/ml_samples/N4_sw0.30_x-1_i0146.h5,4,3.000000000e-01,-1,7.394151982e-01,main,true,fall,1102
/mnt/pd/tema1/new/results/ml_samples/N4_sw0.30_x-2_i0078.h5,4,3.000000000e-01,-2,4.788303963e-01,main,true,fall,116
/mnt/pd/tema1/new/results/ml_samples/N4_sw0.30_x-2_i0076.h5,4,3.000000000e-01,-2,4.788303963e-01,main,true,fall,135
/mnt/pd/tema1/new/results/ml_samples/N4_sw0.30_x-2_i0014.h5,4,3.000000000e-01,-2,4.788303963e-01,main,true,fall,545
/mnt/pd/tema1/new/results/ml_samples/N4_sw0.30_x-1_i0128.h5,4,3.000000000e-01,-1,7.394151982e-01,main,true,rise,1342
/mnt/pd/tema1/new/results/ml_samples/N4_sw0.30_x-2_i0032.h5,4,3.000000000e-01,-2,4.788303963e-01,main,true,fall,444
/mnt/pd/tema1/new/results/ml_samples/N4_sw0.30_x-2_i0022.h5,4,3.000000000e-01,-2,4.788303963e-01,main,true,fall,461
/mnt/pd/tema1/new/results/ml_samples/N4_sw0.30_x-2_i0026.h5,4,3.000000000e-01,-2,4.788303963e-01,main,true,fall,469
/mnt/pd/tema1/new/results/ml_samples/N4_sw0.30_x-2_i0080.h5,4,3.000000000e-01,-2,4.788303963e-01,main,true,fall,107
/mnt/pd/tema1/new/results/ml_samples/N4_sw0.30_x-4_i0010.h5,4,3.000000000e-01,-4,-4.233920735e-02,main,false,fall,75
/mnt/pd/tema1/new/results/ml_samples/N4_sw0.30_x-2_i0084.h5,4,3.000000000e-01,-2,4.788303963e-01,main,true,fall,139
/mnt/pd/tema1/new/results/ml_samples/N4_sw0.30_x-2_i0096.h5,4,3.000000000e-01,-2,4.788303963e-01,main,true,fall,98
/mnt/pd/tema1/new/results/ml_samples/N4_sw0.30_x-4_i0006.h5,4,3.000000000e-01,-4,-4.233920735e-02,main,false,fall,68
/mnt/pd/tema1/new/results/ml_samples/N4_sw0.30_x-4_i0008.h5,4,3.000000000e-01,-4,-4.233920735e-02,main,false,fall,76
/mnt/pd/tema1/new/results/ml_samples/N4_sw0.30_x-2_i0054.h5,4,3.000000000e-01,-2,4.788303963e-01,main,true,fall,416
/mnt/pd/tema1/new/results/ml_samples/N4_sw0.30_x-4_i0002.h5,4,3.000000000e-01,-4,-4.233920735e-02,main,false,fall,98
/mnt/pd/tema1/new/results/ml_samples/N4_sw0.30_x-2_i0082.h5,4,3.000000000e-01,-2,4.788303963e-01,main,true,fall,243
/mnt/pd/tema1/new/results/ml_samples/N4_sw0.30_x-2_i0064.h5,4,3.000000000e-01,-2,4.788303963e-01,main,true,fall,332
/mnt/pd/tema1/new/results/ml_samples/N4_sw0.30_x-2_i0088.h5,4,3.000000000e-01,-2,4.788303963e-01,main,true,fall,230
/mnt/pd/tema1/new/results/ml_samples/N4_sw0.30_x-2_i0038.h5,4,3.000000000e-01,-2,4.788303963e-01,main,true,fall,740
/mnt/pd/tema1/new/results/ml_samples/N4_sw0.30_x-4_i0000.h5,4,3.000000000e-01,-4,-4.233920735e-02,main,false,fall,123
/mnt/pd/tema1/new/results/ml_samples/N4_sw0.30_x-2_i0086.h5,4,3.000000000e-01,-2,4.788303963e-01,main,true,fall,276
/mnt/pd/tema1/new/results/ml_samples/N4_sw0.30_x-4_i0014.h5,4,3.000000000e-01,-4,-4.233920735e-02,main,false,fall,71
/mnt/pd/tema1/new/results/ml_samples/N4_sw0.30_x-4_i0012.h5,4,3.000000000e-01,-4,-4.233920735e-02,main,false,fall,70
/mnt/pd/tema1/new/results/ml_samples/N4_sw0.30_x-4_i0020.h5,4,3.000000000e-01,-4,-4.233920735e-02,main,false,fall,72
/mnt/pd/tema1/new/results/ml_samples/N4_sw0.30_x-4_i0016.h5,4,3.000000000e-01,-4,-4.233920735e-02,main,false,fall,96
/mnt/pd/tema1/new/results/ml_samples/N4_sw0.30_x-2_i0098.h5,4,3.000000000e-01,-2,4.788303963e-01,main,true,fall,320
/mnt/pd/tema1/new/results/ml_samples/N4_sw0.30_x-4_i0004.h5,4,3.000000000e-01,-4,-4.233920735e-02,main,false,fall,185
/mnt/pd/tema1/new/results/ml_samples/N4_sw0.30_x-4_i0026.h5,4,3.000000000e-01,-4,-4.233920735e-02,main,false,fall,87
/mnt/pd/tema1/new/results/ml_samples/N4_sw0.30_x-4_i0018.h5,4,3.000000000e-01,-4,-4.233920735e-02,main,false,fall,107
/mnt/pd/tema1/new/results/ml_samples/N4_sw0.30_x-4_i0024.h5,4,3.000000000e-01,-4,-4.233920735e-02,main,false,fall,96
/mnt/pd/tema1/new/results/ml_samples/N4_sw0.30_x-2_i0090.h5,4,3.000000000e-01,-2,4.788303963e-01,main,true,fall,278
/mnt/pd/tema1/new/results/ml_samples/N4_sw0.30_x-4_i0028.h5,4,3.000000000e-01,-4,-4.233920735e-02,main,false,fall,59
/mnt/pd/tema1/new/results/ml_samples/N4_sw0.30_x-4_i0022.h5,4,3.000000000e-01,-4,-4.233920735e-02,main,false,fall,127
/mnt/pd/tema1/new/results/ml_samples/N4_sw0.30_x-2_i0074.h5,4,3.000000000e-01,-2,4.788303963e-01,main,true,fall,388
/mnt/pd/tema1/new/results/ml_samples/N4_sw0.30_x-4_i0034.h5,4,3.000000000e-01,-4,-4.233920735e-02,main,false,fall,65
/mnt/pd/tema1/new/results/ml_samples/N4_sw0.30_x-4_i0030.h5,4,3.000000000e-01,-4,-4.233920735e-02,main,false,fall,124
/mnt/pd/tema1/new/results/ml_samples/N4_sw0.30_x-4_i0040.h5,4,3.000000000e-01,-4,-4.233920735e-02,main,false,fall,109
/mnt/pd/tema1/new/results/ml_samples/N4_sw0.30_x-4_i0042.h5,4,3.000000000e-01,-4,-4.233920735e-02,main,false,fall,105
/mnt/pd/tema1/new/results/ml_samples/N4_sw0.30_x-4_i0048.h5,4,3.000000000e-01,-4,-4.233920735e-02,main,false,fall,73
/mnt/pd/tema1/new/results/ml_samples/N4_sw0.30_x-4_i0054.h5,4,3.000000000e-01,-4,-4.233920735e-02,main,false,fall,75
/mnt/pd/tema1/new/results/ml_samples/N4_sw0.30_x-4_i0046.h5,4,3.000000000e-01,-4,-4.233920735e-02,main,false,fall,134
/mnt/pd/tema1/new/results/ml_samples/N4_sw0.30_x-4_i0032.h5,4,3.000000000e-01,-4,-4.233920735e-02,main,false,fall,222
/mnt/pd/tema1/new/results/ml_samples/N4_sw0.30_x-4_i0038.h5,4,3.000000000e-01,-4,-4.233920735e-02,main,false,fall,150
/mnt/pd/tema1/new/results/ml_samples/N4_sw0.30_x-4_i0056.h5,4,3.000000000e-01,-4,-4.233920735e-02,main,false,fall,80
/mnt/pd/tema1/new/results/ml_samples/N4_sw0.30_x-4_i0062.h5,4,3.000000000e-01,-4,-4.233920735e-02,main,false,fall,49
/mnt/pd/tema1/new/results/ml_samples/N4_sw0.30_x-4_i0052.h5,4,3.000000000e-01,-4,-4.233920735e-02,main,false,fall,108
/mnt/pd/tema1/new/results/ml_samples/N4_sw0.30_x-2_i0072.h5,4,3.000000000e-01,-2,4.788303963e-01,main,true,fall,545
/mnt/pd/tema1/new/results/ml_samples/N4_sw0.30_x-2_i0034.h5,4,3.000000000e-01,-2,4.788303963e-01,main,true,fall,808
/mnt/pd/tema1/new/results/ml_samples/N4_sw0.30_x-4_i0058.h5,4,3.000000000e-01,-4,-4.233920735e-02,main,false,fall,72
/mnt/pd/tema1/new/results/ml_samples/N4_sw0.30_x-4_i0050.h5,4,3.000000000e-01,-4,-4.233920735e-02,main,false,fall,157
/mnt/pd/tema1/new/results/ml_samples/N4_sw0.30_x-1_i0100.h5,4,3.000000000e-01,-1,7.394151982e-01,main,true,fall,1934
/mnt/pd/tema1/new/results/ml_samples/N4_sw0.30_x-4_i0060.h5,4,3.000000000e-01,-4,-4.233920735e-02,main,false,fall,78
/mnt/pd/tema1/new/results/ml_samples/N4_sw0.30_x-4_i0076.h5,4,3.000000000e-01,-4,-4.233920735e-02,main,false,fall,74
/mnt/pd/tema1/new/results/ml_samples/N4_sw0.30_x-4_i0064.h5,4,3.000000000e-01,-4,-4.233920735e-02,main,false,fall,111
/mnt/pd/tema1/new/results/ml_samples/N4_sw0.30_x-4_i0044.h5,4,3.000000000e-01,-4,-4.233920735e-02,main,false,fall,185
/mnt/pd/tema1/new/results/ml_samples/N4_sw0.30_x-4_i0068.h5,4,3.000000000e-01,-4,-4.233920735e-02,main,false,fall,89
/mnt/pd/tema1/new/results/ml_samples/N4_sw0.30_x-4_i0074.h5,4,3.000000000e-01,-4,-4.233920735e-02,main,false,fall,79
/mnt/pd/tema1/new/results/ml_samples/N4_sw0.30_x-4_i0082.h5,4,3.000000000e-01,-4,-4.233920735e-02,main,false,fall,83
/mnt/pd/tema1/new/results/ml_samples/N4_sw0.30_x-4_i0072.h5,4,3.000000000e-01,-4,-4.233920735e-02,main,false,fall,110
/mnt/pd/tema1/new/results/ml_samples/N4_sw0.30_x-4_i0036.h5,4,3.000000000e-01,-4,-4.233920735e-02,main,false,fall,278
/mnt/pd/tema1/new/results/ml_samples/N4_sw0.30_x-4_i0080.h5,4,3.000000000e-01,-4,-4.233920735e-02,main,false,fall,98
/mnt/pd/tema1/new/results/ml_samples/N4_sw0.30_x-4_i0086.h5,4,3.000000000e-01,-4,-4.233920735e-02,main,false,fall,93
/mnt/pd/tema1/new/results/ml_samples/N4_sw0.30_x-4_i0098.h5,4,3.000000000e-01,-4,-4.233920735e-02,main,false,fall,64
/mnt/pd/tema1/new/results/ml_samples/N4_sw0.30_x-4_i0066.h5,4,3.000000000e-01,-4,-4.233920735e-02,main,false,fall,128
/mnt/pd/tema1/new/results/ml_samples/N4_sw0.30_x-1_i0182.h5,4,3.000000000e-01,-1,7.394151982e-01,main,true,rise,1228
/mnt/pd/tema1/new/results/ml_samples/N4_sw0.30_x-4_i0070.h5,4,3.000000000e-01,-4,-4.233920735e-02,main,false,fall,119
/mnt/pd/tema1/new/results/ml_samples/N4_sw0.30_x-4_i0096.h5,4,3.000000000e-01,-4,-4.233920735e-02,main,false,fall,85
/mnt/pd/tema1/new/results/ml_samples/N4_sw0.30_x-4_i0078.h5,4,3.000000000e-01,-4,-4.233920735e-02,main,false,fall,188
/mnt/pd/tema1/new/results/ml_samples/N4_sw0.30_x-1_i0026.h5,4,3.000000000e-01,-1,7.394151982e-01,main,true,rise,2542
/mnt/pd/tema1/new/results/ml_samples/N4_sw0.30_x-4_i0092.h5,4,3.000000000e-01,-4,-4.233920735e-02,main,false,fall,115
/mnt/pd/tema1/new/results/ml_samples/N4_sw0.30_x-4_i0088.h5,4,3.000000000e-01,-4,-4.233920735e-02,main,false,fall,131
/mnt/pd/tema1/new/results/ml_samples/N4_sw0.30_x-4_i0090.h5,4,3.000000000e-01,-4,-4.233920735e-02,main,false,fall,128
/mnt/pd/tema1/new/results/ml_samples/N4_sw0.30_x-4_i0094.h5,4,3.000000000e-01,-4,-4.233920735e-02,main,false,fall,72
/mnt/pd/tema1/new/results/ml_samples/N4_sw0.30_x-2_i0006.h5,4,3.000000000e-01,-2,4.788303963e-01,main,true,fall,1098
/mnt/pd/tema1/new/results/ml_samples/N4_sw0.30_x-4_i0084.h5,4,3.000000000e-01,-4,-4.233920735e-02,main,false,fall,182
/mnt/pd/tema1/new/results/ml_samples/N4_sw0.30_x-2_i0094.h5,4,3.000000000e-01,-2,4.788303963e-01,main,true,fall,716
/mnt/pd/tema1/new/results/ml_samples/N4_sw0.30_x-2_i0092.h5,4,3.000000000e-01,-2,4.788303963e-01,main,true,fall,758
/mnt/pd/tema1/new/results/ml_samples/N6_sw0.30_x+0_i0012.h5,6,3.000000000e-01,0,1.000000000e+00,gen_N,true,fall,146
/mnt/pd/tema1/new/results/ml_samples/N4_sw0.30_x-1_i0194.h5,4,3.000000000e-01,-1,7.394151982e-01,main,true,fall,1464
/mnt/pd/tema1/new/results/ml_samples/N4_sw0.30_x-2_i0056.h5,4,3.000000000e-01,-2,4.788303963e-01,main,true,fall,1087
/mnt/pd/tema1/new/results/ml_samples/N6_sw0.30_x+0_i0034.h5,6,3.000000000e-01,0,1.000000000e+00,gen_N,true,fall,133
/mnt/pd/tema1/new/results/ml_samples/N6_sw0.30_x+0_i0002.h5,6,3.000000000e-01,0,1.000000000e+00,gen_N,true,fall,191
/mnt/pd/tema1/new/results/ml_samples/N4_sw0.30_x-2_i0068.h5,4,3.000000000e-01,-2,4.788303963e-01,main,true,fall,1056
/mnt/pd/tema1/new/results/ml_samples/N6_sw0.30_x+0_i0028.h5,6,3.000000000e-01,0,1.000000000e+00,gen_N,true,fall,203
/mnt/pd/tema1/new/results/ml_samples/N6_sw0.30_x+0_i0030.h5,6,3.000000000e-01,0,1.000000000e+00,gen_N,true,fall,334
/mnt/pd/tema1/new/results/ml_samples/N6_sw0.30_x+0_i0000.h5,6,3.000000000e-01,0,1.000000000e+00,gen_N,true,fall,423
/mnt/pd/tema1/new/results/ml_samples/N6_sw0.30_x+0_i0046.h5,6,3.000000000e-01,0,1.000000000e+00,gen_N,true,fall,188
/mnt/pd/tema1/new/results/ml_samples/N6_sw0.30_x+0_i0026.h5,6,3.000000000e-01,0,1.000000000e+00,gen_N,true,fall,330
/mnt/pd/tema1/new/results/ml_samples/N6_sw0.30_x+0_i0022.h5,6,3.000000000e-01,0,1.000000000e+00,gen_N,true,fall,372
/mnt/pd/tema1/new/results/ml_samples/N6_sw0.30_x+1_i0006.h5,6,3.000000000e-01,1,1.388229907e+00,gen_N,true,fall,229
/mnt/pd/tema1/new/results/ml_samples/N6_sw0.30_x+0_i0036.h5,6,3.000000000e-01,0,1.000000000e+00,gen_N,true,fall,367
/mnt/pd/tema1/new/results/ml_samples/N6_sw0.30_x+0_i0040.h5,6,3.000000000e-01,0,1.000000000e+00,gen_N,true,fall,393
/mnt/pd/tema1/new/results/ml_samples/N6_sw0.30_x+0_i0032.h5,6,3.000000000e-01,0,1.000000000e+00,gen_N,true,rise,394
/mnt/pd/tema1/new/results/ml_samples/N6_sw0.30_x+1_i0002.h5,6,3.000000000e-01,1,1.388229907e+00,gen_N,true,fall,247
/mnt/pd/tema1/new/results/ml_samples/N6_sw0.30_x+1_i0000.h5,6,3.000000000e-01,1,1.388229907e+00,gen_N,true,fall,411
/mnt/pd/tema1/new/results/ml_samples/N6_sw0.30_x+0_i0020.h5,6,3.000000000e-01,0,1.000000000e+00,gen_N,true,fall,569
/mnt/pd/tema1/new/results/ml_samples/N6_sw0.30_x+1_i0016.h5,6,3.000000000e-01,1,1.388229907e+00,gen_N,true,rise,598
/mnt/pd/tema1/new/results/ml_samples/N6_sw0.30_x+1_i0022.h5,6,3.000000000e-01,1,1.388229907e+00,gen_N,true,fall,503
/mnt/pd/tema1/new/results/ml_samples/N6_sw0.30_x+0_i0016.h5,6,3.000000000e-01,0,1.000000000e+00,gen_N,true,rise,839
/mnt/pd/tema1/new/results/ml_samples/N6_sw0.30_x+1_i0020.h5,6,3.000000000e-01,1,1.388229907e+00,gen_N,true,rise,584
/mnt/pd/tema1/new/results/ml_samples/N6_sw0.30_x+0_i0008.h5,6,3.000000000e-01,0,1.000000000e+00,gen_N,true,fall,786
/mnt/pd/tema1/new/results/ml_samples/N6_sw0.30_x+1_i0014.h5,6,3.000000000e-01,1,1.388229907e+00,gen_N,true,rise,788
/mnt/pd/tema1/new/results/ml_samples/N6_sw0.30_x+1_i0018.h5,6,3.000000000e-01,1,1.388229907e+00,gen_N,true,rise,640
/mnt/pd/tema1/new/results/ml_samples/N6_sw0.30_x+0_i0004.h5,6,3.000000000e-01,0,1.000000000e+00,gen_N,true,fall,905
/mnt/pd/tema1/new/results/ml_samples/N6_sw0.30_x+0_i0048.h5,6,3.000000000e-01,0,1.000000000e+00,gen_N,true,fall,853
/mnt/pd/tema1/new/results/ml_samples/N6_sw0.30_x+1_i0036.h5,6,3.000000000e-01,1,1.388229907e+00,gen_N,true,rise,532
/mnt/pd/tema1/new/results/ml_samples/N6_sw0.30_x+0_i0038.h5,6,3.000000000e-01,0,1.000000000e+00,gen_N,true,rise,943
/mnt/pd/tema1/new/results/ml_samples/N6_sw0.30_x+1_i0040.h5,6,3.000000000e-01,1,1.388229907e+00,gen_N,true,rise,266
/mnt/pd/tema1/new/results/ml_samples/N6_sw0.30_x-1_i0000.h5,6,3.000000000e-01,-1,6.117700934e-01,gen_N,true,fall,127
/mnt/pd/tema1/new/results/ml_samples/N6_sw0.30_x+0_i0014.h5,6,3.000000000e-01,0,1.000000000e+00,gen_N,true,fall,992
/mnt/pd/tema1/new/results/ml_samples/N6_sw0.30_x-1_i0008.h5,6,3.000000000e-01,-1,6.117700934e-01,gen_N,true,fall,101
/mnt/pd/tema1/new/results/ml_samples/N6_sw0.30_x+1_i0038.h5,6,3.000000000e-01,1,1.388229907e+00,gen_N,true,rise,615
/mnt/pd/tema1/new/results/ml_samples/N6_sw0.30_x-1_i0006.h5,6,3.000000000e-01,-1,6.117700934e-01,gen_N,true,fall,230
/mnt/pd/tema1/new/results/ml_samples/N6_sw0.30_x+0_i0044.h5,6,3.000000000e-01,0,1.000000000e+00,gen_N,true,rise,1131
/mnt/pd/tema1/new/results/ml_samples/N6_sw0.30_x+0_i0010.h5,6,3.000000000e-01,0,1.000000000e+00,gen_N,true,fall,1167
/mnt/pd/tema1/new/results/ml_samples/N6_sw0.30_x+1_i0034.h5,6,3.000000000e-01,1,1.388229907e+00,gen_N,true,rise,702
/mnt/pd/tema1/new/results/ml_samples/N6_sw0.30_x+0_i0042.h5,6,3.000000000e-01,0,1.000000000e+00,gen_N,true,fall,1165
/mnt/pd/tema1/new/results/ml_samples/N6_sw0.30_x-1_i0004.h5,6,3.000000000e-01,-1,6.117700934e-01,gen_N,true,fall,326
/mnt/pd/tema1/new/results/ml_samples/N6_sw0.30_x-1_i0018.h5,6,3.000000000e-01,-1,6.117700934e-01,gen_N,true,fall,202
/mnt/pd/tema1/new/results/ml_samples/N6_sw0.30_x+1_i0044.h5,6,3.000000000e-01,1,1.388229907e+00,gen_N,true,rise,548
/mnt/pd/tema1/new/results/ml_samples/N6_sw0.30_x+1_i0024.h5,6,3.000000000e-01,1,1.388229907e+00,gen_N,true,rise,902
/mnt/pd/tema1/new/results/ml_samples/N6_sw0.30_x+0_i0018.h5,6,3.000000000e-01,0,1.000000000e+00,gen_N,true,rise,1279
/mnt/pd/tema1/new/results/ml_samples/N6_sw0.30_x-1_i0030.h5,6,3.000000000e-01,-1,6.117700934e-01,gen_N,true,fall,86
/mnt/pd/tema1/new/results/ml_samples/N6_sw0.30_x+1_i0028.h5,6,3.000000000e-01,1,1.388229907e+00,gen_N,true,rise,975
/mnt/pd/tema1/new/results/ml_samples/N6_sw0.30_x-1_i0016.h5,6,3.000000000e-01,-1,6.117700934e-01,gen_N,true,fall,376
/mnt/pd/tema1/new/results/ml_samples/N6_sw0.30_x-1_i0036.h5,6,3.000000000e-01,-1,6.117700934e-01,gen_N,true,fall,123
/mnt/pd/tema1/new/results/ml_samples/N6_sw0.30_x+1_i0042.h5,6,3.000000000e-01,1,1.388229907e+00,gen_N,true,fall,669
/mnt/pd/tema1/new/results/ml_samples/N6_sw0.30_x-1_i0032.h5,6,3.000000000e-01,-1,6.117700934e-01,gen_N,true,fall,313
/mnt/pd/tema1/new/results/ml_samples/N6_sw0.30_x-1_i0020.h5,6,3.000000000e-01,-1,6.117700934e-01,gen_N,true,fall,371
/mnt/pd/tema1/new/results/ml_samples/N6_sw0.30_x-1_i0038.h5,6,3.000000000e-01,-1,6.117700934e-01,gen_N,true,fall,197
/mnt/pd/tema1/new/results/ml_samples/N6_sw0.30_x-1_i0044.h5,6,3.000000000e-01,-1,6.117700934e-01,gen_N,true,fall,197
/mnt/pd/tema1/new/results/ml_samples/N6_sw0.30_x-1_i0042.h5,6,3.000000000e-01,-1,6.117700934e-01,gen_N,true,fall,268
/mnt/pd/tema1/new/results/ml_samples/N6_sw0.30_x-1_i0040.h5,6,3.000000000e-01,-1,6.117700934e-01,gen_N,true,fall,375
/mnt/pd/tema1/new/results/ml_samples/N6_sw0.30_x+1_i0046.h5,6,3.000000000e-01,1,1.388229907e+00,gen_N,true,rise,798
/mnt/pd/tema1/new/results/ml_samples/N6_sw0.30_x+1_i0026.h5,6,3.000000000e-01,1,1.388229907e+00,gen_N,true,fall,1298
/mnt/pd/tema1/new/results/ml_samples/N6_sw0.30_x-1_i0048.h5,6,3.000000000e-01,-1,6.117700934e-01,gen_N,true,fall,243
/mnt/pd/tema1/new/results/ml_samples/N6_sw0.30_x-1_i0002.h5,6,3.000000000e-01,-1,6.117700934e-01,gen_N,true,fall,764
/mnt/pd/tema1/new/results/ml_samples/N6_sw0.30_x+0_i0006.h5,6,3.000000000e-01,0,1.000000000e+00,gen_N,true,rise,1705
/mnt/pd/tema1/new/results/ml_samples/N6_sw0.30_x+1_i0032.h5,6,3.000000000e-01,1,1.388229907e+00,gen_N,true,rise,1303
/mnt/pd/tema1/new/results/ml_samples/N6_sw0.30_x+1_i0030.h5,6,3.000000000e-01,1,1.388229907e+00,gen_N,true,rise,1362
/mnt/pd/tema1/new/results/ml_samples/N6_sw0.30_x-1_i0046.h5,6,3.000000000e-01,-1,6.117700934e-01,gen_N,true,fall,352
/mnt/pd/tema1/new/results/ml_samples/N6_sw0.30_x+1_i0004.h5,6,3.000000000e-01,1,1.388229907e+00,gen_N,true,rise,1555
/mnt/pd/tema1/new/results/ml_samples/N6_sw0.30_x-1_i0010.h5,6,3.000000000e-01,-1,6.117700934e-01,gen_N,true,fall,904
/mnt/pd/tema1/new/results/ml_samples/N8_sw0.15_x+0_i0026.h5,8,1.500000000e-01,0,1.000000000e+00,main,true,fall,178
/mnt/pd/tema1/new/results/ml_samples/N6_sw0.30_x-1_i0026.h5,6,3.000000000e-01,-1,6.117700934e-01,gen_N,true,fall,958
/mnt/pd/tema1/new/results/ml_samples/N6_sw0.30_x-1_i0028.h5,6,3.000000000e-01,-1,6.117700934e-01,gen_N,true,fall,954
/mnt/pd/tema1/new/results/ml_samples/N6_sw0.30_x-1_i0014.h5,6,3.000000000e-01,-1,6.117700934e-01,gen_N,true,fall,1254
/mnt/pd/tema1/new/results/ml_samples/N6_sw0.30_x+0_i0024.h5,6,3.000000000e-01,0,1.000000000e+00,gen_N,true,fall,2192
/mnt/pd/tema1/new/results/ml_samples/N6_sw0.30_x+1_i0048.h5,6,3.000000000e-01,1,1.388229907e+00,gen_N,true,rise,2099
/mnt/pd/tema1/new/results/ml_samples/N6_sw0.30_x+1_i0012.h5,6,3.000000000e-01,1,1.388229907e+00,gen_N,true,rise,2207
/mnt/pd/tema1/new/results/ml_samples/N6_sw0.30_x-1_i0022.h5,6,3.000000000e-01,-1,6.117700934e-01,gen_N,true,rise,1293
/mnt/pd/tema1/new/results/ml_samples/N6_sw0.30_x+1_i0008.h5,6,3.000000000e-01,1,1.388229907e+00,gen_N,true,rise,2323
/mnt/pd/tema1/new/results/ml_samples/N8_sw0.15_x+0_i0016.h5,8,1.500000000e-01,0,1.000000000e+00,main,true,fall,636
/mnt/pd/tema1/new/results/ml_samples/N8_sw0.15_x+0_i0010.h5,8,1.500000000e-01,0,1.000000000e+00,main,true,fall,679
/mnt/pd/tema1/new/results/ml_samples/N6_sw0.30_x+1_i0010.h5,6,3.000000000e-01,1,1.388229907e+00,gen_N,true,fall,2669
/mnt/pd/tema1/new/results/ml_samples/N8_sw0.15_x+0_i0032.h5,8,1.500000000e-01,0,1.000000000e+00,main,true,fall,610
/mnt/pd/tema1/new/results/ml_samples/N6_sw0.30_x-1_i0012.h5,6,3.000000000e-01,-1,6.117700934e-01,gen_N,true,fall,2049
/mnt/pd/tema1/new/results/ml_samples/N8_sw0.15_x+0_i0006.h5,8,1.500000000e-01,0,1.000000000e+00,main,true,rise,941
/mnt/pd/tema1/new/results/ml_samples/N6_sw0.30_x-1_i0034.h5,6,3.000000000e-01,-1,6.117700934e-01,gen_N,true,fall,1995
/mnt/pd/tema1/new/results/ml_samples/N8_sw0.15_x+0_i0048.h5,8,1.500000000e-01,0,1.000000000e+00,main,true,fall,487
/mnt/pd/tema1/new/results/ml_samples/N8_sw0.15_x+0_i0004.h5,8,1.500000000e-01,0,1.000000000e+00,main,true,fall,1152
/mnt/pd/tema1/new/results/ml_samples/N8_sw0.15_x+0_i0028.h5,8,1.500000000e-01,0,1.000000000e+00,main,true,fall,1028
/mnt/pd/tema1/new/results/ml_samples/N8_sw0.15_x+0_i0036.h5,8,1.500000000e-01,0,1.000000000e+00,main,true,rise,1072
/mnt/pd/tema1/new/results/ml_samples/N6_sw0.30_x-1_i0024.h5,6,3.000000000e-01,-1,6.117700934e-01,gen_N,true,fall,2961
/mnt/pd/tema1/new/results/ml_samples/N8_sw0.15_x+0_i0014.h5,8,1.500000000e-01,0,1.000000000e+00,main,true,fall,1482
/mnt/pd/tema1/new/results/ml_samples/N8_sw0.15_x+0_i0022.h5,8,1.500000000e-01,0,1.000000000e+00,main,true,fall,1466
/mnt/pd/tema1/new/results/ml_samples/N8_sw0.15_x+0_i0046.h5,8,1.500000000e-01,0,1.000000000e+00,main,true,fall,1026
/mnt/pd/tema1/new/results/ml_samples/N8_sw0.15_x+0_i0064.h5,8,1.500000000e-01,0,1.000000000e+00,main,true,fall,610
/mnt/pd/tema1/new/results/ml_samples/N8_sw0.15_x+0_i0070.h5,8,1.500000000e-01,0,1.000000000e+00,main,true,fall,352
/mnt/pd/tema1/new/results/ml_samples/N8_sw0.15_x+0_i0052.h5,8,1.500000000e-01,0,1.000000000e+00,main,true,fall,1076
/mnt/pd/tema1/new/results/ml_samples/N8_sw0.15_x+0_i0072.h5,8,1.500000000e-01,0,1.000000000e+00,main,true,fall,367
/mnt/pd/tema1/new/results/ml_samples/N8_sw0.15_x+0_i0038.h5,8,1.500000000e-01,0,1.000000000e+00,main,true,rise,1436
/mnt/pd/tema1/new/results/ml_samples/N8_sw0.15_x+0_i0034.h5,8,1.500000000e-01,0,1.000000000e+00,main,true,fall,1806
/mnt/pd/tema1/new/results/ml_samples/N8_sw0.15_x+0_i0008.h5,8,1.500000000e-01,0,1.000000000e+00,main,true,rise,2063
/mnt/pd/tema1/new/results/ml_samples/N8_sw0.15_x+0_i0042.h5,8,1.500000000e-01,0,1.000000000e+00,main,true,fall,2251
/mnt/pd/tema1/new/results/ml_samples/N8_sw0.15_x+0_i0056.h5,8,1.500000000e-01,0,1.000000000e+00,main,true,fall,1435
/mnt/pd/tema1/new/results/ml_samples/N8_sw0.15_x+0_i0002.h5,8,1.500000000e-01,0,1.000000000e+00,main,true,fall,2259
/mnt/pd/tema1/new/results/ml_samples/N8_sw0.15_x+0_i0018.h5,8,1.500000000e-01,0,1.000000000e+00,main,true,rise,2243
/mnt/pd/tema1/new/results/ml_samples/N8_sw0.15_x+0_i0062.h5,8,1.500000000e-01,0,1.000000000e+00,main,true,fall,1422
/mnt/pd/tema1/new/results/ml_samples/N8_sw0.15_x+0_i0066.h5,8,1.500000000e-01,0,1.000000000e+00,main,true,fall,1261
/mnt/pd/tema1/new/results/ml_samples/N8_sw0.15_x+0_i0094.h5,8,1.500000000e-01,0,1.000000000e+00,main,true,fall,360
/mnt/pd/tema1/new/results/ml_samples/N8_sw0.15_x+0_i0058.h5,8,1.500000000e-01,0,1.000000000e+00,main,true,rise,1617
/mnt/pd/tema1/new/results/ml_samples/N8_sw0.15_x+0_i0090.h5,8,1.500000000e-01,0,1.000000000e+00,main,true,fall,584
/mnt/pd/tema1/new/results/ml_samples/N8_sw0.15_x+0_i0106.h5,8,1.500000000e-01,0,1.000000000e+00,main,true,fall,248
/mnt/pd/tema1/new/results/ml_samples/N8_sw0.15_x+0_i0054.h5,8,1.500000000e-01,0,1.000000000e+00,main,true,rise,1941
/mnt/pd/tema1/new/results/ml_samples/N8_sw0.15_x+0_i0104.h5,8,1.500000000e-01,0,1.000000000e+00,main,true,fall,445
/mnt/pd/tema1/new/results/ml_samples/N8_sw0.15_x+0_i0040.h5,8,1.500000000e-01,0,1.000000000e+00,main,true,fall,2273
/mnt/pd/tema1/new/results/ml_samples/N8_sw0.15_x+0_i0114.h5,8,1.500000000e-01,0,1.000000000e+00,main,true,fall,348
/mnt/pd/tema1/new/results/ml_samples/N8_sw0.15_x+0_i0112.h5,8,1.500000000e-01,0,1.000000000e+00,main,true,fall,725
/mnt/pd/tema1/new/results/ml_samples/N8_sw0.15_x+0_i0110.h5,8,1.500000000e-01,0,1.000000000e+00,main,true,fall,670
/mnt/pd/tema1/new/results/ml_samples/N8_sw0.15_x+0_i0108.h5,8,1.500000000e-01,0,1.000000000e+00,main,true,fall,819
/mnt/pd/tema1/new/results/ml_samples/N8_sw0.15_x+0_i0084.h5,8,1.500000000e-01,0,1.000000000e+00,main,true,rise,1585
/mnt/pd/tema1/new/results/ml_samples/N8_sw0.15_x+0_i0044.h5,8,1.500000000e-01,0,1.000000000e+00,main,true,rise,2806
/mnt/pd/tema1/new/results/ml_samples/N8_sw0.15_x+0_i0100.h5,8,1.500000000e-01,0,1.000000000e+00,main,true,rise,1098
/mnt/pd/tema1/new/results/ml_samples/N8_sw0.15_x+0_i0098.h5,8,1.500000000e-01,0,1.000000000e+00,main,true,rise,1197
/mnt/pd/tema1/new/results/ml_samples/N8_sw0.15_x+0_i0024.h5,8,1.500000000e-01,0,1.000000000e+00,main,true,fall,3493
/mnt/pd/tema1/new/results/ml_samples/N8_sw0.15_x+0_i0082.h5,8,1.500000000e-01,0,1.000000000e+00,main,true,rise,1974
/mnt/pd/tema1/new/results/ml_samples/N8_sw0.15_x+0_i0116.h5,8,1.500000000e-01,0,1.000000000e+00,main,true,fall,1074
/mnt/pd/tema1/new/results/ml_samples/N8_sw0.15_x+0_i0126.h5,8,1.500000000e-01,0,1.000000000e+00,main,true,fall,840
/mnt/pd/tema1/new/results/ml_samples/N8_sw0.15_x+0_i0134.h5,8,1.500000000e-01,0,1.000000000e+00,main,true,fall,664
/mnt/pd/tema1/new/results/ml_samples/N8_sw0.15_x+0_i0050.h5,8,1.500000000e-01,0,1.000000000e+00,main,true,fall,3431
/mnt/pd/tema1/new/results/ml_samples/N8_sw0.15_x+0_i0140.h5,8,1.500000000e-01,0,1.000000000e+00,main,true,fall,468
/mnt/pd/tema1/new/results/ml_samples/N8_sw0.15_x+0_i0092.h5,8,1.500000000e-01,0,1.000000000e+00,main,true,rise,2123
/mnt/pd/tema1/new/results/ml_samples/N8_sw0.15_x+0_i0138.h5,8,1.500000000e-01,0,1.000000000e+00,main,true,fall,639
/mnt/pd/tema1/new/results/ml_samples/N8_sw0.15_x+0_i0120.h5,8,1.500000000e-01,0,1.000000000e+00,main,true,fall,1399
/mnt/pd/tema1/new/results/ml_samples/N8_sw0.15_x+0_i0146.h5,8,1.500000000e-01,0,1.000000000e+00,main,true,fall,231
/mnt/pd/tema1/new/results/ml_samples/N8_sw0.15_x+0_i0136.h5,8,1.500000000e-01,0,1.000000000e+00,main,true,fall,864
/mnt/pd/tema1/new/results/ml_samples/N8_sw0.15_x+0_i0000.h5,8,1.500000000e-01,0,1.000000000e+00,main,true,timeout,6001
/mnt/pd/tema1/new/results/ml_samples/N8_sw0.15_x+0_i0160.h5,8,1.500000000e-01,0,1.000000000e+00,main,true,fall,164
/mnt/pd/tema1/new/results/ml_samples/N8_sw0.15_x+0_i0158.h5,8,1.500000000e-01,0,1.000000000e+00,main,true,fall,277
/mnt/pd/tema1/new/results/ml_samples/N8_sw0.15_x+0_i0144.h5,8,1.500000000e-01,0,1.000000000e+00,main,true,fall,694
/mnt/pd/tema1/new/results/ml_samples/N8_sw0.15_x+0_i0124.h5,8,1.500000000e-01,0,1.000000000e+00,main,true,fall,1604
/mnt/pd/tema1/new/results/ml_samples/N8_sw0.15_x+0_i0068.h5,8,1.500000000e-01,0,1.000000000e+00,main,true,fall,3425
/mnt/pd/tema1/new/results/ml_samples/N8_sw0.15_x+0_i0118.h5,8,1.500000000e-01,0,1.000000000e+00,main,true,rise,2153
/mnt/pd/tema1/new/results/ml_samples/N8_sw0.15_x+0_i0060.h5,8,1.500000000e-01,0,1.000000000e+00,main,true,rise,3933
/mnt/pd/tema1/new/results/ml_samples/N8_sw0.15_x+0_i0088.h5,8,1.500000000e-01,0,1.000000000e+00,main,true,fall,3396
/mnt/pd/tema1/new/results/ml_samples/N8_sw0.15_x+0_i0080.h5,8,1.500000000e-01,0,1.000000000e+00,main,true,rise,3434
/mnt/pd/tema1/new/results/ml_samples/N8_sw0.15_x+0_i0174.h5,8,1.500000000e-01,0,1.000000000e+00,main,true,fall,341
/mnt/pd/tema1/new/results/ml_samples/N8_sw0.15_x+0_i0132.h5,8,1.500000000e-01,0,1.000000000e+00,main,true,rise,2021
/mnt/pd/tema1/new/results/ml_samples/N8_sw0.15_x+0_i0150.h5,8,1.500000000e-01,0,1.000000000e+00,main,true,fall,1275
/mnt/pd/tema1/new/results/ml_samples/N8_sw0.15_x+0_i0142.h5,8,1.500000000e-01,0,1.000000000e+00,main,true,fall,1548
/mnt/pd/tema1/new/results/ml_samples/N8_sw0.15_x+0_i0170.h5,8,1.500000000e-01,0,1.000000000e+00,main,true,rise,858
/mnt/pd/tema1/new/results/ml_samples/N8_sw0.15_x+0_i0078.h5,8,1.500000000e-01,0,1.000000000e+00,main,true,fall,4488
/mnt/pd/tema1/new/results/ml_samples/N8_sw0.15_x+0_i0152.h5,8,1.500000000e-01,0,1.000000000e+00,main,true,rise,1360
/mnt/pd/tema1/new/results/ml_samples/N8_sw0.15_x+0_i0172.h5,8,1.500000000e-01,0,1.000000000e+00,main,true,fall,846
/mnt/pd/tema1/new/results/ml_samples/N8_sw0.15_x+0_i0122.h5,8,1.500000000e-01,0,1.000000000e+00,main,true,rise,3759
/mnt/pd/tema1/new/results/ml_samples/N8_sw0.15_x+0_i0164.h5,8,1.500000000e-01,0,1.000000000e+00,main,true,rise,1205
/mnt/pd/tema1/new/results/ml_samples/N8_sw0.15_x+0_i0188.h5,8,1.500000000e-01,0,1.000000000e+00,main,true,fall,300
/mnt/pd/tema1/new/results/ml_samples/N8_sw0.15_x+0_i0192.h5,8,1.500000000e-01,0,1.000000000e+00,main,true,fall,286
/mnt/pd/tema1/new/results/ml_samples/N8_sw0.15_x+0_i0156.h5,8,1.500000000e-01,0,1.000000000e+00,main,true,rise,1682
/mnt/pd/tema1/new/results/ml_samples/N8_sw0.15_x+0_i0182.h5,8,1.500000000e-01,0,1.000000000e+00,main,true,fall,618
/mnt/pd/tema1/new/results/ml_samples/N8_sw0.15_x+0_i0154.h5,8,1.500000000e-01,0,1.000000000e+00,main,true,rise,1816
/mnt/pd/tema1/new/results/ml_samples/N8_sw0.15_x+0_i0162.h5,8,1.500000000e-01,0,1.000000000e+00,main,true,fall,1519
/mnt/pd/tema1/new/results/ml_samples/N8_sw0.15_x+0_i0196.h5,8,1.500000000e-01,0,1.000000000e+00,main,true,fall,523
/mnt/pd/tema1/new/results/ml_samples/N8_sw0.15_x+0_i0020.h5,8,1.500000000e-01,0,1.000000000e+00,main,true,timeout,6001
/mnt/pd/tema1/new/results/ml_samples/N8_sw0.15_x+0_i0012.h5,8,1.500000000e-01,0,1.000000000e+00,main,true,timeout,6001
/mnt/pd/tema1/new/results/ml_samples/N8_sw0.15_x+0_i0086.h5,8,1.500000000e-01,0,1.000000000e+00,main,true,rise,4354
/mnt/pd/tema1/new/results/ml_samples/N8_sw0.15_x+0_i0030.h5,8,1.500000000e-01,0,1.000000000e+00,main,true,timeout,6001
/mnt/pd/tema1/new/results/ml_samples/N8_sw0.15_x+0_i0076.h5,8,1.500000000e-01,0,1.000000000e+00,main,true,rise,4869
/mnt/pd/tema1/new/results/ml_samples/N8_sw0.15_x+1_i0018.h5,8,1.500000000e-01,1,1.257937506e+00,main,true,fall,238
/mnt/pd/tema1/new/results/ml_samples/N8_sw0.15_x+0_i0096.h5,8,1.500000000e-01,0,1.000000000e+00,main,true,rise,4125
/mnt/pd/tema1/new/results/ml_samples/N8_sw0.15_x+0_i0102.h5,8,1.500000000e-01,0,1.000000000e+00,main,true,rise,4058
/mnt/pd/tema1/new/results/ml_samples/N8_sw0.15_x+1_i0004.h5,8,1.500000000e-01,1,1.257937506e+00,main,true,rise,665
/mnt/pd/tema1/new/results/ml_samples/N8_sw0.15_x+0_i0148.h5,8,1.500000000e-01,0,1.000000000e+00,main,true,rise,2492
/mnt/pd/tema1/new/results/ml_samples/N8_sw0.15_x+0_i0198.h5,8,1.500000000e-01,0,1.000000000e+00,main,true,fall,900
/mnt/pd/tema1/new/results/ml_samples/N8_sw0.15_x+0_i0074.h5,8,1.500000000e-01,0,1.000000000e+00,main,true,fall,5214
/mnt/pd/tema1/new/results/ml_samples/N8_sw0.15_x+1_i0006.h5,8,1.500000000e-01,1,1.257937506e+00,main,true,rise,843
/mnt/pd/tema1/new/results/ml_samples/N8_sw0.15_x+1_i0012.h5,8,1.500000000e-01,1,1.257937506e+00,main,true,rise,1149
/mnt/pd/tema1/new/results/ml_samples/N8_sw0.15_x+0_i0190.h5,8,1.500000000e-01,0,1.000000000e+00,main,true,fall,1847
/mnt/pd/tema1/new/results/ml_samples/N8_sw0.15_x+1_i0010.h5,8,1.500000000e-01,1,1.257937506e+00,main,true,rise,992
/mnt/pd/tema1/new/results/ml_samples/N8_sw0.15_x+0_i0176.h5,8,1.500000000e-01,0,1.000000000e+00,main,true,fall,1880
/mnt/pd/tema1/new/results/ml_samples/N8_sw0.15_x+1_i0038.h5,8,1.500000000e-01,1,1.257937506e+00,main,true,fall,456
/mnt/pd/tema1/new/results/ml_samples/N8_sw0.15_x+1_i0028.h5,8,1.500000000e-01,1,1.257937506e+00,main,true,rise,704
/mnt/pd/tema1/new/results/ml_samples/N8_sw0.15_x+1_i0008.h5,8,1.500000000e-01,1,1.257937506e+00,main,true,rise,1195
/mnt/pd/tema1/new/results/ml_samples/N8_sw0.15_x+1_i0024.h5,8,1.500000000e-01,1,1.257937506e+00,main,true,rise,861
/mnt/pd/tema1/new/results/ml_samples/N8_sw0.15_x+0_i0128.h5,8,1.500000000e-01,0,1.000000000e+00,main,true,rise,4028
/mnt/pd/tema1/new/results/ml_samples/N8_sw0.15_x+1_i0022.h5,8,1.500000000e-01,1,1.257937506e+00,main,true,rise,1197
/mnt/pd/tema1/new/results/ml_samples/N8_sw0.15_x+1_i0030.h5,8,1.500000000e-01,1,1.257937506e+00,main,true,fall,967
/mnt/pd/tema1/new/results/ml_samples/N8_sw0.15_x+0_i0184.h5,8,1.500000000e-01,0,1.000000000e+00,main,true,fall,2051
/mnt/pd/tema1/new/results/ml_samples/N8_sw0.15_x+0_i0178.h5,8,1.500000000e-01,0,1.000000000e+00,main,true,fall,2423
/mnt/pd/tema1/new/results/ml_samples/N8_sw0.15_x+1_i0032.h5,8,1.500000000e-01,1,1.257937506e+00,main,true,rise,960
/mnt/pd/tema1/new/results/ml_samples/N8_sw0.15_x+1_i0016.h5,8,1.500000000e-01,1,1.257937506e+00,main,true,fall,1525
/mnt/pd/tema1/new/results/ml_samples/N8_sw0.15_x+1_i0002.h5,8,1.500000000e-01,1,1.257937506e+00,main,true,rise,2199
/mnt/pd/tema1/new/results/ml_samples/N8_sw0.15_x+1_i0048.h5,8,1.500000000e-01,1,1.257937506e+00,main,true,rise,681
/mnt/pd/tema1/new/results/ml_samples/N8_sw0.15_x+1_i0040.h5,8,1.500000000e-01,1,1.257937506e+00,main,true,rise,1324
/mnt/pd/tema1/new/results/ml_samples/N8_sw0.15_x+0_i0194.h5,8,1.500000000e-01,0,1.000000000e+00,main,true,rise,2150
/mnt/pd/tema1/new/results/ml_samples/N8_sw0.15_x+1_i0066.h5,8,1.500000000e-01,1,1.257937506e+00,main,true,rise,499
/mnt/pd/tema1/new/results/ml_samples/N8_sw0.15_x+1_i0064.h5,8,1.500000000e-01,1,1.257937506e+00,main,true,rise,551
/mnt/pd/tema1/new/results/ml_samples/N8_sw0.15_x+0_i0180.h5,8,1.500000000e-01,0,1.000000000e+00,main,true,fall,2874
/mnt/pd/tema1/new/results/ml_samples/N8_sw0.15_x+1_i0058.h5,8,1.500000000e-01,1,1.257937506e+00,main,true,fall,640
/mnt/pd/tema1/new/results/ml_samples/N8_sw0.15_x+1_i0056.h5,8,1.500000000e-01,1,1.257937506e+00,main,true,fall,849
/mnt/pd/tema1/new/results/ml_samples/N8_sw0.15_x+1_i0000.h5,8,1.500000000e-01,1,1.257937506e+00,main,true,rise,2441
/mnt/pd/tema1/new/results/ml_samples/N8_sw0.15_x+1_i0070.h5,8,1.500000000e-01,1,1.257937506e+00,main,true,rise,822
/mnt/pd/tema1/new/results/ml_samples/N8_sw0.15_x+0_i0166.h5,8,1.500000000e-01,0,1.000000000e+00,main,true,fall,3839
/mnt/pd/tema1/new/results/ml_samples/N8_sw0.15_x+1_i0050.h5,8,1.500000000e-01,1,1.257937506e+00,main,true,rise,1529
/mnt/pd/tema1/new/results/ml_samples/N8_sw0.15_x+1_i0020.h5,8,1.500000000e-01,1,1.257937506e+00,main,true,rise,2393
/mnt/pd/tema1/new/results/ml_samples/N8_sw0.15_x+1_i0054.h5,8,1.500000000e-01,1,1.257937506e+00,main,true,rise,1567
/mnt/pd/tema1/new/results/ml_samples/N8_sw0.15_x+1_i0074.h5,8,1.500000000e-01,1,1.257937506e+00,main,true,fall,1592
/mnt/pd/tema1/new/results/ml_samples/N8_sw0.15_x+1_i0088.h5,8,1.500000000e-01,1,1.257937506e+00,main,true,rise,865
/mnt/pd/tema1/new/results/ml_samples/N8_sw0.15_x+1_i0044.h5,8,1.500000000e-01,1,1.257937506e+00,main,true,rise,2028
/mnt/pd/tema1/new/results/ml_samples/N8_sw0.15_x+1_i0098.h5,8,1.500000000e-01,1,1.257937506e+00,main,true,fall,437
/mnt/pd/tema1/new/results/ml_samples/N8_sw0.15_x+1_i0034.h5,8,1.500000000e-01,1,1.257937506e+00,main,true,rise,2390
/mnt/pd/tema1/new/results/ml_samples/N8_sw0.15_x+1_i0078.h5,8,1.500000000e-01,1,1.257937506e+00,main,true,rise,1246
/mnt/pd/tema1/new/results/ml_samples/N8_sw0.15_x+1_i0082.h5,8,1.500000000e-01,1,1.257937506e+00,main,true,rise,1311
/mnt/pd/tema1/new/results/ml_samples/N8_sw0.15_x+0_i0130.h5,8,1.500000000e-01,0,1.000000000e+00,main,true,timeout,6001
/mnt/pd/tema1/new/results/ml_samples/N8_sw0.15_x+1_i0084.h5,8,1.500000000e-01,1,1.257937506e+00,main,true,rise,1332
/mnt/pd/tema1/new/results/ml_samples/N8_sw0.15_x+1_i0068.h5,8,1.500000000e-01,1,1.257937506e+00,main,true,fall,1868
/mnt/pd/tema1/new/results/ml_samples/N8_sw0.15_x+1_i0094.h5,8,1.500000000e-01,1,1.257937506e+00,main,true,rise,1245
/mnt/pd/tema1/new/results/ml_samples/N8_sw0.15_x+1_i0080.h5,8,1.500000000e-01,1,1.257937506e+00,main,true,rise,1884
/mnt/pd/tema1/new/results/ml_samples/N8_sw0.15_x+1_i0072.h5,8,1.500000000e-01,1,1.257937506e+00,main,true,rise,2147
/mnt/pd/tema1/new/results/ml_samples/N8_sw0.15_x+1_i0090.h5,8,1.500000000e-01,1,1.257937506e+00,main,true,rise,2327
/mnt/pd/tema1/new/results/ml_samples/N8_sw0.15_x+1_i0116.h5,8,1.500000000e-01,1,1.257937506e+00,main,true,rise,693
/mnt/pd/tema1/new/results/ml_samples/N8_sw0.15_x+1_i0108.h5,8,1.500000000e-01,1,1.257937506e+00,main,true,rise,1057
/mnt/pd/tema1/new/results/ml_samples/N8_sw0.15_x+1_i0100.h5,8,1.500000000e-01,1,1.257937506e+00,main,true,rise,1830
/mnt/pd/tema1/new/results/ml_samples/N8_sw0.15_x+1_i0052.h5,8,1.500000000e-01,1,1.257937506e+00,main,true,fall,3116
/mnt/pd/tema1/new/results/ml_samples/N8_sw0.15_x+1_i0112.h5,8,1.500000000e-01,1,1.257937506e+00,main,true,rise,1047
/mnt/pd/tema1/new/results/ml_samples/N8_sw0.15_x+1_i0106.h5,8,1.500000000e-01,1,1.257937506e+00,main,true,rise,1402
/mnt/pd/tema1/new/results/ml_samples/N8_sw0.15_x+1_i0046.h5,8,1.500000000e-01,1,1.257937506e+00,main,true,rise,3332
/mnt/pd/tema1/new/results/ml_samples/N8_sw0.15_x+1_i0102.h5,8,1.500000000e-01,1,1.257937506e+00,main,true,rise,1544
/mnt/pd/tema1/new/results/ml_samples/N8_sw0.15_x+1_i0036.h5,8,1.500000000e-01,1,1.257937506e+00,main,true,rise,3876
/mnt/pd/tema1/new/results/ml_samples/N8_sw0.15_x+0_i0168.h5,8,1.500000000e-01,0,1.000000000e+00,main,true,timeout,6001
/mnt/pd/tema1/new/results/ml_samples/N8_sw0.15_x+1_i0136.h5,8,1.500000000e-01,1,1.257937506e+00,main,true,fall,455
/mnt/pd/tema1/new/results/ml_samples/N8_sw0.15_x+1_i0014.h5,8,1.500000000e-01,1,1.257937506e+00,main,true,fall,4503
/mnt/pd/tema1/new/results/ml_samples/N8_sw0.15_x+1_i0076.h5,8,1.500000000e-01,1,1.257937506e+00,main,true,fall,2854
/mnt/pd/tema1/new/results/ml_samples/N8_sw0.15_x+1_i0150.h5,8,1.500000000e-01,1,1.257937506e+00,main,true,fall,270
/mnt/pd/tema1/new/results/ml_samples/N8_sw0.15_x+1_i0092.h5,8,1.500000000e-01,1,1.257937506e+00,main,true,fall,2391
/mnt/pd/tema1/new/results/ml_samples/N8_sw0.15_x+1_i0126.h5,8,1.500000000e-01,1,1.257937506e+00,main,true,fall,1529
/mnt/pd/tema1/new/results/ml_samples/N8_sw0.15_x+1_i0142.h5,8,1.500000000e-01,1,1.257937506e+00,main,true,rise,729
/mnt/pd/tema1/new/results/ml_samples/N8_sw0.15_x+1_i0086.h5,8,1.500000000e-01,1,1.257937506e+00,main,true,fall,3195
/mnt/pd/tema1/new/results/ml_samples/N8_sw0.15_x+1_i0096.h5,8,1.500000000e-01,1,1.257937506e+00,main,true,rise,2743
/mnt/pd/tema1/new/results/ml_samples/N8_sw0.15_x+1_i0062.h5,8,1.500000000e-01,1,1.257937506e+00,main,true,rise,3801
/mnt/pd/tema1/new/results/ml_samples/N8_sw0.15_x+1_i0148.h5,8,1.500000000e-01,1,1.257937506e+00,main,true,rise,706
/mnt/pd/tema1/new/results/ml_samples/N8_sw0.15_x+1_i0120.h5,8,1.500000000e-01,1,1.257937506e+00,main,true,rise,1690
/mnt/pd/tema1/new/results/ml_samples/N8_sw0.15_x+1_i0104.h5,8,1.500000000e-01,1,1.257937506e+00,main,true,rise,2426
/mnt/pd/tema1/new/results/ml_samples/N8_sw0.15_x+1_i0140.h5,8,1.500000000e-01,1,1.257937506e+00,main,true,fall,1119
/mnt/pd/tema1/new/results/ml_samples/N8_sw0.15_x+0_i0186.h5,8,1.500000000e-01,0,1.000000000e+00,main,true,timeout,6001
/mnt/pd/tema1/new/results/ml_samples/N8_sw0.15_x+1_i0152.h5,8,1.500000000e-01,1,1.257937506e+00,main,true,rise,816
/mnt/pd/tema1/new/results/ml_samples/N8_sw0.15_x+1_i0124.h5,8,1.500000000e-01,1,1.257937506e+00,main,true,rise,1743
/mnt/pd/tema1/new/results/ml_samples/N8_sw0.15_x+1_i0026.h5,8,1.500000000e-01,1,1.257937506e+00,main,true,rise,5267
/mnt/pd/tema1/new/results/ml_samples/N8_sw0.15_x+1_i0132.h5,8,1.500000000e-01,1,1.257937506e+00,main,true,rise,2001
/mnt/pd/tema1/new/results/ml_samples/N8_sw0.15_x+1_i0180.h5,8,1.500000000e-01,1,1.257937506e+00,main,true,fall,245
/mnt/pd/tema1/new/results/ml_samples/N8_sw0.15_x+1_i0184.h5,8,1.500000000e-01,1,1.257937506e+00,main,true,fall,238
/mnt/pd/tema1/new/results/ml_samples/N8_sw0.15_x+1_i0110.h5,8,1.500000000e-01,1,1.257937506e+00,main,true,rise,2772
/mnt/pd/tema1/new/results/ml_samples/N8_sw0.15_x+1_i0144.h5,8,1.500000000e-01,1,1.257937506e+00,main,true,rise,1437
/mnt/pd/tema1/new/results/ml_samples/N8_sw0.15_x+1_i0166.h5,8,1.500000000e-01,1,1.257937506e+00,main,true,rise,794
/mnt/pd/tema1/new/results/ml_samples/N8_sw0.15_x+1_i0170.h5,8,1.500000000e-01,1,1.257937506e+00,main,true,rise,813
/mnt/pd/tema1/new/results/ml_samples/N8_sw0.15_x+1_i0164.h5,8,1.500000000e-01,1,1.257937506e+00,main,true,fall,850
/mnt/pd/tema1/new/results/ml_samples/N8_sw0.15_x+1_i0114.h5,8,1.500000000e-01,1,1.257937506e+00,main,true,rise,2808
/mnt/pd/tema1/new/results/ml_samples/N8_sw0.15_x+1_i0146.h5,8,1.500000000e-01,1,1.257937506e+00,main,true,fall,1731
/mnt/pd/tema1/new/results/ml_samples/N8_sw0.15_x+1_i0134.h5,8,1.500000000e-01,1,1.257937506e+00,main,true,rise,2139
/mnt/pd/tema1/new/results/ml_samples/N8_sw0.15_x+1_i0128.h5,8,1.500000000e-01,1,1.257937506e+00,main,true,rise,2377
/mnt/pd/tema1/new/results/ml_samples/N8_sw0.15_x+1_i0122.h5,8,1.500000000e-01,1,1.257937506e+00,main,true,rise,2663
/mnt/pd/tema1/new/results/ml_samples/N8_sw0.15_x+1_i0198.h5,8,1.500000000e-01,1,1.257937506e+00,main,true,rise,503
/mnt/pd/tema1/new/results/ml_samples/N8_sw0.15_x+1_i0176.h5,8,1.500000000e-01,1,1.257937506e+00,main,true,rise,1026
/mnt/pd/tema1/new/results/ml_samples/N8_sw0.15_x+1_i0158.h5,8,1.500000000e-01,1,1.257937506e+00,main,true,rise,2027
/mnt/pd/tema1/new/results/ml_samples/N8_sw0.15_x+1_i0174.h5,8,1.500000000e-01,1,1.257937506e+00,main,true,fall,1218
/mnt/pd/tema1/new/results/ml_samples/N8_sw0.15_x+1_i0162.h5,8,1.500000000e-01,1,1.257937506e+00,main,true,rise,1507
/mnt/pd/tema1/new/results/ml_samples/N8_sw0.15_x+1_i0168.h5,8,1.500000000e-01,1,1.257937506e+00,main,true,rise,1595
/mnt/pd/tema1/new/results/ml_samples/N8_sw0.15_x+2_i0000.h5,8,1.500000000e-01,2,1.515875011e+00,main,true,rise,681
/mnt/pd/tema1/new/results/ml_samples/N8_sw0.15_x+1_i0042.h5,8,1.500000000e-01,1,1.257937506e+00,main,true,timeout,6001
/mnt/pd/tema1/new/results/ml_samples/N8_sw0.15_x+1_i0154.h5,8,1.500000000e-01,1,1.257937506e+00,main,true,rise,1992
/mnt/pd/tema1/new/results/ml_samples/N8_sw0.15_x+2_i0006.h5,8,1.500000000e-01,2,1.515875011e+00,main,true,rise,503
/mnt/pd/tema1/new/results/ml_samples/N8_sw0.15_x+1_i0188.h5,8,1.500000000e-01,1,1.257937506e+00,main,true,rise,1562
/mnt/pd/tema1/new/results/ml_samples/N8_sw0.15_x+1_i0138.h5,8,1.500000000e-01,1,1.257937506e+00,main,true,rise,2590
/mnt/pd/tema1/new/results/ml_samples/N8_sw0.15_x+2_i0014.h5,8,1.500000000e-01,2,1.515875011e+00,main,true,fall,646
/mnt/pd/tema1/new/results/ml_samples/N8_sw0.15_x+1_i0172.h5,8,1.500000000e-01,1,1.257937506e+00,main,true,rise,1697
/mnt/pd/tema1/new/results/ml_samples/N8_sw0.15_x+2_i0018.h5,8,1.500000000e-01,2,1.515875011e+00,main,true,rise,524
/mnt/pd/tema1/new/results/ml_samples/N8_sw0.15_x+1_i0178.h5,8,1.500000000e-01,1,1.257937506e+00,main,true,rise,1698
/mnt/pd/tema1/new/results/ml_samples/N8_sw0.15_x+1_i0192.h5,8,1.500000000e-01,1,1.257937506e+00,main,true,rise,1303
/mnt/pd/tema1/new/results/ml_samples/N8_sw0.15_x+1_i0194.h5,8,1.500000000e-01,1,1.257937506e+00,main,true,rise,1185
/mnt/pd/tema1/new/results/ml_samples/N8_sw0.15_x+1_i0182.h5,8,1.500000000e-01,1,1.257937506e+00,main,true,rise,1707
/mnt/pd/tema1/new/results/ml_samples/N8_sw0.15_x+1_i0196.h5,8,1.500000000e-01,1,1.257937506e+00,main,true,rise,1252
/mnt/pd/tema1/new/results/ml_samples/N8_sw0.15_x+2_i0012.h5,8,1.500000000e-01,2,1.515875011e+00,main,true,rise,865
/mnt/pd/tema1/new/results/ml_samples/N8_sw0.15_x+2_i0008.h5,8,1.500000000e-01,2,1.515875011e+00,main,true,rise,1002
/mnt/pd/tema1/new/results/ml_samples/N8_sw0.15_x+2_i0022.h5,8,1.500000000e-01,2,1.515875011e+00,main,true,rise,735
/mnt/pd/tema1/new/results/ml_samples/N8_sw0.15_x+2_i0028.h5,8,1.500000000e-01,2,1.515875011e+00,main,true,rise,699
/mnt/pd/tema1/new/results/ml_samples/N8_sw0.15_x+2_i0024.h5,8,1.500000000e-01,2,1.515875011e+00,main,true,rise,719
/mnt/pd/tema1/new/results/ml_samples/N8_sw0.15_x+1_i0060.h5,8,1.500000000e-01,1,1.257937506e+00,main,true,timeout,6001
/mnt/pd/tema1/new/results/ml_samples/N8_sw0.15_x+2_i0026.h5,8,1.500000000e-01,2,1.515875011e+00,main,true,rise,763
/mnt/pd/tema1/new/results/ml_samples/N8_sw0.15_x+2_i0016.h5,8,1.500000000e-01,2,1.515875011e+00,main,true,rise,1058
/mnt/pd/tema1/new/results/ml_samples/N8_sw0.15_x+2_i0002.h5,8,1.500000000e-01,2,1.515875011e+00,main,true,rise,1436
/mnt/pd/tema1/new/results/ml_samples/N8_sw0.15_x+2_i0036.h5,8,1.500000000e-01,2,1.515875011e+00,main,true,rise,663
/mnt/pd/tema1/new/results/ml_samples/N8_sw0.15_x+2_i0048.h5,8,1.500000000e-01,2,1.515875011e+00,main,true,rise,470
/mnt/pd/tema1/new/results/ml_samples/N8_sw0.15_x+1_i0130.h5,8,1.500000000e-01,1,1.257937506e+00,main,true,rise,3762
/mnt/pd/tema1/new/results/ml_samples/N8_sw0.15_x+2_i0040.h5,8,1.500000000e-01,2,1.515875011e+00,main,true,rise,669
/mnt/pd/tema1/new/results/ml_samples/N8_sw0.15_x+1_i0156.h5,8,1.500000000e-01,1,1.257937506e+00,main,true,rise,2904
/mnt/pd/tema1/new/results/ml_samples/N8_sw0.15_x+1_i0118.h5,8,1.500000000e-01,1,1.257937506e+00,main,true,rise,4476
/mnt/pd/tema1/new/results/ml_samples/N8_sw0.15_x+2_i0056.h5,8,1.500000000e-01,2,1.515875011e+00,main,true,rise,522
/mnt/pd/tema1/new/results/ml_samples/N8_sw0.15_x+2_i0038.h5,8,1.500000000e-01,2,1.515875011e+00,main,true,rise,910
/mnt/pd/tema1/new/results/ml_samples/N8_sw0.15_x+2_i0032.h5,8,1.500000000e-01,2,1.515875011e+00,main,true,rise,1074
/mnt/pd/tema1/new/results/ml_samples/N8_sw0.15_x+2_i0064.h5,8,1.500000000e-01,2,1.515875011e+00,main,true,rise,492
/mnt/pd/tema1/new/results/ml_samples/N8_sw0.15_x+1_i0190.h5,8,1.500000000e-01,1,1.257937506e+00,main,true,rise,2118
/mnt/pd/tema1/new/results/ml_samples/N8_sw0.15_x+2_i0042.h5,8,1.500000000e-01,2,1.515875011e+00,main,true,rise,904
/mnt/pd/tema1/new/results/ml_samples/N8_sw0.15_x+2_i0034.h5,8,1.500000000e-01,2,1.515875011e+00,main,true,rise,1596
/mnt/pd/tema1/new/results/ml_samples/N8_sw0.15_x+2_i0074.h5,8,1.500000000e-01,2,1.515875011e+00,main,true,rise,363
/mnt/pd/tema1/new/results/ml_samples/N8_sw0.15_x+2_i0062.h5,8,1.500000000e-01,2,1.515875011e+00,main,true,rise,625
/mnt/pd/tema1/new/results/ml_samples/N8_sw0.15_x+1_i0160.h5,8,1.500000000e-01,1,1.257937506e+00,main,true,fall,2976
/mnt/pd/tema1/new/results/ml_samples/N8_sw0.15_x+2_i0046.h5,8,1.500000000e-01,2,1.515875011e+00,main,true,rise,980
/mnt/pd/tema1/new/results/ml_samples/N8_sw0.15_x+2_i0050.h5,8,1.500000000e-01,2,1.515875011e+00,main,true,rise,932
/mnt/pd/tema1/new/results/ml_samples/N8_sw0.15_x+2_i0030.h5,8,1.500000000e-01,2,1.515875011e+00,main,true,rise,1811
/mnt/pd/tema1/new/results/ml_samples/N8_sw0.15_x+2_i0090.h5,8,1.500000000e-01,2,1.515875011e+00,main,true,rise,454
/mnt/pd/tema1/new/results/ml_samples/N8_sw0.15_x+2_i0086.h5,8,1.500000000e-01,2,1.515875011e+00,main,true,rise,529
/mnt/pd/tema1/new/results/ml_samples/N8_sw0.15_x+2_i0044.h5,8,1.500000000e-01,2,1.515875011e+00,main,true,rise,1307
/mnt/pd/tema1/new/results/ml_samples/N8_sw0.15_x+2_i0096.h5,8,1.500000000e-01,2,1.515875011e+00,main,true,rise,351
/mnt/pd/tema1/new/results/ml_samples/N8_sw0.15_x+2_i0054.h5,8,1.500000000e-01,2,1.515875011e+00,main,true,rise,1009
/mnt/pd/tema1/new/results/ml_samples/N8_sw0.15_x+4_i0002.h5,8,1.500000000e-01,4,2.031750023e+00,main,true,rise,294
/mnt/pd/tema1/new/results/ml_samples/N8_sw0.15_x+2_i0078.h5,8,1.500000000e-01,2,1.515875011e+00,main,true,rise,681
/mnt/pd/tema1/new/results/ml_samples/N8_sw0.15_x+2_i0092.h5,8,1.500000000e-01,2,1.515875011e+00,main,true,rise,692
/mnt/pd/tema1/new/results/ml_samples/N8_sw0.15_x+2_i0082.h5,8,1.500000000e-01,2,1.515875011e+00,main,true,rise,639
/mnt/pd/tema1/new/results/ml_samples/N8_sw0.15_x+2_i0076.h5,8,1.500000000e-01,2,1.515875011e+00,main,true,rise,744
/mnt/pd/tema1/new/results/ml_samples/N8_sw0.15_x+2_i0070.h5,8,1.500000000e-01,2,1.515875011e+00,main,true,rise,938
/mnt/pd/tema1/new/results/ml_samples/N8_sw0.15_x+4_i0004.h5,8,1.500000000e-01,4,2.031750023e+00,main,true,rise,419
/mnt/pd/tema1/new/results/ml_samples/N8_sw0.15_x+2_i0060.h5,8,1.500000000e-01,2,1.515875011e+00,main,true,rise,1134
/mnt/pd/tema1/new/results/ml_samples/N8_sw0.15_x+2_i0004.h5,8,1.500000000e-01,2,1.515875011e+00,main,true,rise,2375
/mnt/pd/tema1/new/results/ml_samples/N8_sw0.15_x+4_i0006.h5,8,1.500000000e-01,4,2.031750023e+00,main,true,rise,456
/mnt/pd/tema1/new/results/ml_samples/N8_sw0.15_x+4_i0012.h5,8,1.500000000e-01,4,2.031750023e+00,main,true,rise,396
/mnt/pd/tema1/new/results/ml_samples/N8_sw0.15_x+4_i0014.h5,8,1.500000000e-01,4,2.031750023e+00,main,true,rise,379
/mnt/pd/tema1/new/results/ml_samples/N8_sw0.15_x+4_i0020.h5,8,1.500000000e-01,4,2.031750023e+00,main,true,rise,423
/mnt/pd/tema1/new/results/ml_samples/N8_sw0.15_x+2_i0066.h5,8,1.500000000e-01,2,1.515875011e+00,main,true,rise,1251
/mnt/pd/tema1/new/results/ml_samples/N8_sw0.15_x+2_i0084.h5,8,1.500000000e-01,2,1.515875011e+00,main,true,fall,968
/mnt/pd/tema1/new/results/ml_samples/N8_sw0.15_x+4_i0030.h5,8,1.500000000e-01,4,2.031750023e+00,main,true,rise,344
/mnt/pd/tema1/new/results/ml_samples/N8_sw0.15_x+4_i0018.h5,8,1.500000000e-01,4,2.031750023e+00,main,true,rise,509
/mnt/pd/tema1/new/results/ml_samples/N8_sw0.15_x+4_i0022.h5,8,1.500000000e-01,4,2.031750023e+00,main,true,rise,489
/mnt/pd/tema1/new/results/ml_samples/N8_sw0.15_x+2_i0068.h5,8,1.500000000e-01,2,1.515875011e+00,main,true,rise,1387
/mnt/pd/tema1/new/results/ml_samples/N8_sw0.15_x+4_i0000.h5,8,1.500000000e-01,4,2.031750023e+00,main,true,rise,834
/mnt/pd/tema1/new/results/ml_samples/N8_sw0.15_x+4_i0024.h5,8,1.500000000e-01,4,2.031750023e+00,main,true,rise,531
/mnt/pd/tema1/new/results/ml_samples/N8_sw0.15_x+2_i0094.h5,8,1.500000000e-01,2,1.515875011e+00,main,true,rise,1009
/mnt/pd/tema1/new/results/ml_samples/N8_sw0.15_x+4_i0008.h5,8,1.500000000e-01,4,2.031750023e+00,main,true,rise,707
/mnt/pd/tema1/new/results/ml_samples/N8_sw0.15_x+4_i0038.h5,8,1.500000000e-01,4,2.031750023e+00,main,true,rise,399
/mnt/pd/tema1/new/results/ml_samples/N8_sw0.15_x+4_i0034.h5,8,1.500000000e-01,4,2.031750023e+00,main,true,rise,529
/mnt/pd/tema1/new/results/ml_samples/N8_sw0.15_x+2_i0098.h5,8,1.500000000e-01,2,1.515875011e+00,main,true,rise,998
/mnt/pd/tema1/new/results/ml_samples/N8_sw0.15_x+2_i0010.h5,8,1.500000000e-01,2,1.515875011e+00,main,true,rise,3164
/mnt/pd/tema1/new/results/ml_samples/N8_sw0.15_x+4_i0056.h5,8,1.500000000e-01,4,2.031750023e+00,main,true,rise,327
/mnt/pd/tema1/new/results/ml_samples/N8_sw0.15_x+4_i0046.h5,8,1.500000000e-01,4,2.031750023e+00,main,true,rise,456
/mnt/pd/tema1/new/results/ml_samples/N8_sw0.15_x+2_i0088.h5,8,1.500000000e-01,2,1.515875011e+00,main,true,rise,1318
/mnt/pd/tema1/new/results/ml_samples/N8_sw0.15_x+4_i0032.h5,8,1.500000000e-01,4,2.031750023e+00,main,true,rise,730
/mnt/pd/tema1/new/results/ml_samples/N8_sw0.15_x+4_i0060.h5,8,1.500000000e-01,4,2.031750023e+00,main,true,rise,275
/mnt/pd/tema1/new/results/ml_samples/N8_sw0.15_x+4_i0026.h5,8,1.500000000e-01,4,2.031750023e+00,main,true,rise,723
/mnt/pd/tema1/new/results/ml_samples/N8_sw0.15_x+2_i0058.h5,8,1.500000000e-01,2,1.515875011e+00,main,true,rise,1824
/mnt/pd/tema1/new/results/ml_samples/N8_sw0.15_x+4_i0016.h5,8,1.500000000e-01,4,2.031750023e+00,main,true,rise,949
/mnt/pd/tema1/new/results/ml_samples/N8_sw0.15_x+2_i0080.h5,8,1.500000000e-01,2,1.515875011e+00,main,true,rise,1524
/mnt/pd/tema1/new/results/ml_samples/N8_sw0.15_x+4_i0068.h5,8,1.500000000e-01,4,2.031750023e+00,main,true,rise,336
/mnt/pd/tema1/new/results/ml_samples/N8_sw0.15_x+4_i0040.h5,8,1.500000000e-01,4,2.031750023e+00,main,true,rise,910
/mnt/pd/tema1/new/results/ml_samples/N8_sw0.15_x+4_i0048.h5,8,1.500000000e-01,4,2.031750023e+00,main,true,rise,590
/mnt/pd/tema1/new/results/ml_samples/N8_sw0.15_x+2_i0020.h5,8,1.500000000e-01,2,1.515875011e+00,main,true,rise,2710
/mnt/pd/tema1/new/results/ml_samples/N8_sw0.15_x+4_i0066.h5,8,1.500000000e-01,4,2.031750023e+00,main,true,rise,402
/mnt/pd/tema1/new/results/ml_samples/N8_sw0.15_x+4_i0062.h5,8,1.500000000e-01,4,2.031750023e+00,main,true,rise,491
/mnt/pd/tema1/new/results/ml_samples/N8_sw0.15_x+4_i0010.h5,8,1.500000000e-01,4,2.031750023e+00,main,true,rise,1117
/mnt/pd/tema1/new/results/ml_samples/N8_sw0.15_x+4_i0028.h5,8,1.500000000e-01,4,2.031750023e+00,main,true,rise,931
/mnt/pd/tema1/new/results/ml_samples/N8_sw0.15_x+4_i0070.h5,8,1.500000000e-01,4,2.031750023e+00,main,true,rise,381
/mnt/pd/tema1/new/results/ml_samples/N8_sw0.15_x+4_i0036.h5,8,1.500000000e-01,4,2.031750023e+00,main,true,rise,912
/mnt/pd/tema1/new/results/ml_samples/N8_sw0.15_x+4_i0078.h5,8,1.500000000e-01,4,2.031750023e+00,main,true,rise,431
/mnt/pd/tema1/new/results/ml_samples/N8_sw0.15_x+4_i0080.h5,8,1.500000000e-01,4,2.031750023e+00,main,true,rise,404
/mnt/pd/tema1/new/results/ml_samples/N8_sw0.15_x+4_i0072.h5,8,1.500000000e-01,4,2.031750023e+00,main,true,rise,488
/mnt/pd/tema1/new/results/ml_samples/N8_sw0.15_x+4_i0042.h5,8,1.500000000e-01,4,2.031750023e+00,main,true,rise,901
/mnt/pd/tema1/new/results/ml_samples/N8_sw0.15_x+4_i0050.h5,8,1.500000000e-01,4,2.031750023e+00,main,true,rise,793
/mnt/pd/tema1/new/results/ml_samples/N8_sw0.15_x+4_i0086.h5,8,1.500000000e-01,4,2.031750023e+00,main,true,rise,378
/mnt/pd/tema1/new/results/ml_samples/N8_sw0.15_x+4_i0058.h5,8,1.500000000e-01,4,2.031750023e+00,main,true,rise,704
/mnt/pd/tema1/new/results/ml_samples/N8_sw0.15_x+4_i0090.h5,8,1.500000000e-01,4,2.031750023e+00,main,true,rise,471
/mnt/pd/tema1/new/results/ml_samples/N8_sw0.15_x+4_i0096.h5,8,1.500000000e-01,4,2.031750023e+00,main,true,rise,325
/mnt/pd/tema1/new/results/ml_samples/N8_sw0.15_x+4_i0082.h5,8,1.500000000e-01,4,2.031750023e+00,main,true,rise,468
/mnt/pd/tema1/new/results/ml_samples/N8_sw0.15_x+4_i0064.h5,8,1.500000000e-01,4,2.031750023e+00,main,true,rise,655
/mnt/pd/tema1/new/results/ml_samples/N8_sw0.15_x+4_i0052.h5,8,1.500000000e-01,4,2.031750023e+00,main,true,rise,857
/mnt/pd/tema1/new/results/ml_samples/N8_sw0.15_x+4_i0084.h5,8,1.500000000e-01,4,2.031750023e+00,main,true,rise,484
/mnt/pd/tema1/new/results/ml_samples/N8_sw0.15_x-1_i0004.h5,8,1.500000000e-01,-1,7.420624944e-01,main,true,fall,360
/mnt/pd/tema1/new/results/ml_samples/N8_sw0.15_x+4_i0092.h5,8,1.500000000e-01,4,2.031750023e+00,main,true,rise,527
/mnt/pd/tema1/new/results/ml_samples/N8_sw0.15_x+4_i0088.h5,8,1.500000000e-01,4,2.031750023e+00,main,true,rise,662
/mnt/pd/tema1/new/results/ml_samples/N8_sw0.15_x-1_i0018.h5,8,1.500000000e-01,-1,7.420624944e-01,main,true,fall,256
/mnt/pd/tema1/new/results/ml_samples/N8_sw0.15_x+4_i0098.h5,8,1.500000000e-01,4,2.031750023e+00,main,true,rise,479
/mnt/pd/tema1/new/results/ml_samples/N8_sw0.15_x-1_i0024.h5,8,1.500000000e-01,-1,7.420624944e-01,main,true,fall,279
/mnt/pd/tema1/new/results/ml_samples/N8_sw0.15_x-1_i0008.h5,8,1.500000000e-01,-1,7.420624944e-01,main,true,fall,404
/mnt/pd/tema1/new/results/ml_samples/N8_sw0.15_x-1_i0014.h5,8,1.500000000e-01,-1,7.420624944e-01,main,true,fall,376
/mnt/pd/tema1/new/results/ml_samples/N8_sw0.15_x+4_i0076.h5,8,1.500000000e-01,4,2.031750023e+00,main,true,rise,729
/mnt/pd/tema1/new/results/ml_samples/N8_sw0.15_x+4_i0074.h5,8,1.500000000e-01,4,2.031750023e+00,main,true,rise,780
/mnt/pd/tema1/new/results/ml_samples/N8_sw0.15_x-1_i0006.h5,8,1.500000000e-01,-1,7.420624944e-01,main,true,fall,603
/mnt/pd/tema1/new/results/ml_samples/N8_sw0.15_x-1_i0044.h5,8,1.500000000e-01,-1,7.420624944e-01,main,true,fall,193
/mnt/pd/tema1/new/results/ml_samples/N8_sw0.15_x-1_i0032.h5,8,1.500000000e-01,-1,7.420624944e-01,main,true,fall,447
/mnt/pd/tema1/new/results/ml_samples/N8_sw0.15_x+4_i0094.h5,8,1.500000000e-01,4,2.031750023e+00,main,true,rise,748
/mnt/pd/tema1/new/results/ml_samples/N8_sw0.15_x-1_i0040.h5,8,1.500000000e-01,-1,7.420624944e-01,main,true,fall,328
/mnt/pd/tema1/new/results/ml_samples/N8_sw0.15_x-1_i0026.h5,8,1.500000000e-01,-1,7.420624944e-01,main,true,fall,513
/mnt/pd/tema1/new/results/ml_samples/N8_sw0.15_x+1_i0186.h5,8,1.500000000e-01,1,1.257937506e+00,main,true,rise,4449
/mnt/pd/tema1/new/results/ml_samples/N8_sw0.15_x-1_i0042.h5,8,1.500000000e-01,-1,7.420624944e-01,main,true,fall,368
/mnt/pd/tema1/new/results/ml_samples/N8_sw0.15_x-1_i0036.h5,8,1.500000000e-01,-1,7.420624944e-01,main,true,fall,477
/mnt/pd/tema1/new/results/ml_samples/N8_sw0.15_x-1_i0046.h5,8,1.500000000e-01,-1,7.420624944e-01,main,true,fall,391
/mnt/pd/tema1/new/results/ml_samples/N8_sw0.15_x+2_i0072.h5,8,1.500000000e-01,2,1.515875011e+00,main,true,rise,2557
/mnt/pd/tema1/new/results/ml_samples/N8_sw0.15_x-1_i0052.h5,8,1.500000000e-01,-1,7.420624944e-01,main,true,fall,354
/mnt/pd/tema1/new/results/ml_samples/N8_sw0.15_x-1_i0016.h5,8,1.500000000e-01,-1,7.420624944e-01,main,true,fall,745
/mnt/pd/tema1/new/results/ml_samples/N8_sw0.15_x+4_i0044.h5,8,1.500000000e-01,4,2.031750023e+00,main,true,rise,1604
/mnt/pd/tema1/new/results/ml_samples/N8_sw0.15_x-1_i0064.h5,8,1.500000000e-01,-1,7.420624944e-01,main,true,fall,208
/mnt/pd/tema1/new/results/ml_samples/N8_sw0.15_x-1_i0062.h5,8,1.500000000e-01,-1,7.420624944e-01,main,true,fall,284
/mnt/pd/tema1/new/results/ml_samples/N8_sw0.15_x-1_i0060.h5,8,1.500000000e-01,-1,7.420624944e-01,main,true,fall,312
/mnt/pd/tema1/new/results/ml_samples/N8_sw0.15_x+4_i0054.h5,8,1.500000000e-01,4,2.031750023e+00,main,true,rise,1559
/mnt/pd/tema1/new/results/ml_samples/N8_sw0.15_x-1_i0066.h5,8,1.500000000e-01,-1,7.420624944e-01,main,true,fall,309
/mnt/pd/tema1/new/results/ml_samples/N8_sw0.15_x-1_i0034.h5,8,1.500000000e-01,-1,7.420624944e-01,main,true,fall,643
/mnt/pd/tema1/new/results/ml_samples/N8_sw0.15_x-1_i0038.h5,8,1.500000000e-01,-1,7.420624944e-01,main,true,fall,818
/mnt/pd/tema1/new/results/ml_samples/N8_sw0.15_x-1_i0022.h5,8,1.500000000e-01,-1,7.420624944e-01,main,true,fall,1135
/mnt/pd/tema1/new/results/ml_samples/N8_sw0.15_x-1_i0068.h5,8,1.500000000e-01,-1,7.420624944e-01,main,true,fall,394
/mnt/pd/tema1/new/results/ml_samples/N8_sw0.15_x-1_i0080.h5,8,1.500000000e-01,-1,7.420624944e-01,main,true,fall,257
/mnt/pd/tema1/new/results/ml_samples/N8_sw0.15_x-1_i0084.h5,8,1.500000000e-01,-1,7.420624944e-01,main,true,fall,272
/mnt/pd/tema1/new/results/ml_samples/N8_sw0.15_x-1_i0090.h5,8,1.500000000e-01,-1,7.420624944e-01,main,true,fall,218
/mnt/pd/tema1/new/results/ml_samples/N8_sw0.15_x-1_i0010.h5,8,1.500000000e-01,-1,7.420624944e-01,main,true,fall,1034
/mnt/pd/tema1/new/results/ml_samples/N8_sw0.15_x-1_i0002.h5,8,1.500000000e-01,-1,7.420624944e-01,main,true,fall,1239
/mnt/pd/tema1/new/results/ml_samples/N8_sw0.15_x+2_i0052.h5,8,1.500000000e-01,2,1.515875011e+00,main,true,rise,3293
/mnt/pd/tema1/new/results/ml_samples/N8_sw0.15_x-1_i0098.h5,8,1.500000000e-01,-1,7.420624944e-01,main,true,fall,247
/mnt/pd/tema1/new/results/ml_samples/N8_sw0.15_x-1_i0048.h5,8,1.500000000e-01,-1,7.420624944e-01,main,true,fall,799
/mnt/pd/tema1/new/results/ml_samples/N8_sw0.15_x-1_i0054.h5,8,1.500000000e-01,-1,7.420624944e-01,main,true,fall,685
/mnt/pd/tema1/new/results/ml_samples/N8_sw0.15_x-1_i0100.h5,8,1.500000000e-01,-1,7.420624944e-01,main,true,fall,342
/mnt/pd/tema1/new/results/ml_samples/N8_sw0.15_x-1_i0050.h5,8,1.500000000e-01,-1,7.420624944e-01,main,true,fall,976
/mnt/pd/tema1/new/results/ml_samples/N8_sw0.15_x-1_i0096.h5,8,1.500000000e-01,-1,7.420624944e-01,main,true,fall,739
/mnt/pd/tema1/new/results/ml_samples/N8_sw0.15_x-1_i0110.h5,8,1.500000000e-01,-1,7.420624944e-01,main,true,fall,421
/mnt/pd/tema1/new/results/ml_samples/N8_sw0.15_x-1_i0030.h5,8,1.500000000e-01,-1,7.420624944e-01,main,true,fall,1346
/mnt/pd/tema1/new/results/ml_samples/N8_sw0.15_x-1_i0114.h5,8,1.500000000e-01,-1,7.420624944e-01,main,true,fall,398
/mnt/pd/tema1/new/results/ml_samples/N8_sw0.15_x-1_i0094.h5,8,1.500000000e-01,-1,7.420624944e-01,main,true,fall,864
/mnt/pd/tema1/new/results/ml_samples/N8_sw0.15_x-1_i0108.h5,8,1.500000000e-01,-1,7.420624944e-01,main,true,fall,534
/mnt/pd/tema1/new/results/ml_samples/N8_sw0.15_x-1_i0074.h5,8,1.500000000e-01,-1,7.420624944e-01,main,true,fall,881
/mnt/pd/tema1/new/results/ml_samples/N8_sw0.15_x-1_i0086.h5,8,1.500000000e-01,-1,7.420624944e-01,main,true,fall,817
/mnt/pd/tema1/new/results/ml_samples/N8_sw0.15_x-1_i0092.h5,8,1.500000000e-01,-1,7.420624944e-01,main,true,fall,830
/mnt/pd/tema1/new/results/ml_samples/N8_sw0.15_x-1_i0128.h5,8,1.500000000e-01,-1,7.420624944e-01,main,true,fall,244
/mnt/pd/tema1/new/results/ml_samples/N8_sw0.15_x-1_i0136.h5,8,1.500000000e-01,-1,7.420624944e-01,main,true,fall,100
/mnt/pd/tema1/new/results/ml_samples/N8_sw0.15_x-1_i0020.h5,8,1.500000000e-01,-1,7.420624944e-01,main,true,fall,1666
/mnt/pd/tema1/new/results/ml_samples/N8_sw0.15_x-1_i0130.h5,8,1.500000000e-01,-1,7.420624944e-01,main,true,fall,390
/mnt/pd/tema1/new/results/ml_samples/N8_sw0.15_x-1_i0070.h5,8,1.500000000e-01,-1,7.420624944e-01,main,true,fall,1173
/mnt/pd/tema1/new/results/ml_samples/N8_sw0.15_x-1_i0104.h5,8,1.500000000e-01,-1,7.420624944e-01,main,true,fall,797
/mnt/pd/tema1/new/results/ml_samples/N8_sw0.15_x-1_i0056.h5,8,1.500000000e-01,-1,7.420624944e-01,main,true,fall,1387
/mnt/pd/tema1/new/results/ml_samples/N8_sw0.15_x-1_i0148.h5,8,1.500000000e-01,-1,7.420624944e-01,main,true,fall,188
/mnt/pd/tema1/new/results/ml_samples/N8_sw0.15_x-1_i0146.h5,8,1.500000000e-01,-1,7.420624944e-01,main,true,fall,529
/mnt/pd/tema1/new/results/ml_samples/N8_sw0.15_x-1_i0126.h5,8,1.500000000e-01,-1,7.420624944e-01,main,true,fall,618
/mnt/pd/tema1/new/results/ml_samples/N8_sw0.15_x-1_i0116.h5,8,1.500000000e-01,-1,7.420624944e-01,main,true,fall,1000
/mnt/pd/tema1/new/results/ml_samples/N8_sw0.15_x-1_i0122.h5,8,1.500000000e-01,-1,7.420624944e-01,main,true,fall,1070
/mnt/pd/tema1/new/results/ml_samples/N8_sw0.15_x-1_i0154.h5,8,1.500000000e-01,-1,7.420624944e-01,main,true,fall,373
/mnt/pd/tema1/new/results/ml_samples/N8_sw0.15_x-1_i0156.h5,8,1.500000000e-01,-1,7.420624944e-01,main,true,fall,423
/mnt/pd/tema1/new/results/ml_samples/N8_sw0.15_x-1_i0158.h5,8,1.500000000e-01,-1,7.420624944e-01,main,true,fall,358
/mnt/pd/tema1/new/results/ml_samples/N8_sw0.15_x-1_i0162.h5,8,1.500000000e-01,-1,7.420624944e-01,main,true,fall,258
/mnt/pd/tema1/new/results/ml_samples/N8_sw0.15_x-1_i0138.h5,8,1.500000000e-01,-1,7.420624944e-01,main,true,fall,930
/mnt/pd/tema1/new/results/ml_samples/N8_sw0.15_x-1_i0076.h5,8,1.500000000e-01,-1,7.420624944e-01,main,true,rise,2014
/mnt/pd/tema1/new/results/ml_samples/N8_sw0.15_x-1_i0120.h5,8,1.500000000e-01,-1,7.420624944e-01,main,true,fall,1467
/mnt/pd/tema1/new/results/ml_samples/N8_sw0.15_x-1_i0000.h5,8,1.500000000e-01,-1,7.420624944e-01,main,true,fall,2792
/mnt/pd/tema1/new/results/ml_samples/N8_sw0.15_x-1_i0132.h5,8,1.500000000e-01,-1,7.420624944e-01,main,true,fall,1539
/mnt/pd/tema1/new/results/ml_samples/N8_sw0.15_x-1_i0082.h5,8,1.500000000e-01,-1,7.420624944e-01,main,true,fall,2275
/mnt/pd/tema1/new/results/ml_samples/N8_sw0.15_x-1_i0166.h5,8,1.500000000e-01,-1,7.420624944e-01,main,true,rise,1142
/mnt/pd/tema1/new/results/ml_samples/N8_sw0.15_x-1_i0178.h5,8,1.500000000e-01,-1,7.420624944e-01,main,true,fall,438
/mnt/pd/tema1/new/results/ml_samples/N8_sw0.15_x-1_i0012.h5,8,1.500000000e-01,-1,7.420624944e-01,main,true,rise,3060
/mnt/pd/tema1/new/results/ml_samples/N8_sw0.15_x-1_i0184.h5,8,1.500000000e-01,-1,7.420624944e-01,main,true,fall,214
/mnt/pd/tema1/new/results/ml_samples/N8_sw0.15_x-1_i0180.h5,8,1.500000000e-01,-1,7.420624944e-01,main,true,fall,379
/mnt/pd/tema1/new/results/ml_samples/N8_sw0.15_x-1_i0118.h5,8,1.500000000e-01,-1,7.420624944e-01,main,true,fall,2087
/mnt/pd/tema1/new/results/ml_samples/N8_sw0.15_x-1_i0172.h5,8,1.500000000e-01,-1,7.420624944e-01,main,true,fall,864
/mnt/pd/tema1/new/results/ml_samples/N8_sw0.15_x-1_i0192.h5,8,1.500000000e-01,-1,7.420624944e-01,main,true,fall,161
/mnt/pd/tema1/new/results/ml_samples/N8_sw0.15_x-1_i0188.h5,8,1.500000000e-01,-1,7.420624944e-01,main,true,fall,365
/mnt/pd/tema1/new/results/ml_samples/N8_sw0.15_x-1_i0190.h5,8,1.500000000e-01,-1,7.420624944e-01,main,true,fall,442
/mnt/pd/tema1/new/results/ml_samples/N8_sw0.15_x-1_i0186.h5,8,1.500000000e-01,-1,7.420624944e-01,main,true,fall,570
/mnt/pd/tema1/new/results/ml_samples/N8_sw0.15_x-1_i0164.h5,8,1.500000000e-01,-1,7.420624944e-01,main,true,fall,1388
/mnt/pd/tema1/new/results/ml_samples/N8_sw0.15_x-1_i0140.h5,8,1.500000000e-01,-1,7.420624944e-01,main,true,fall,1925
/mnt/pd/tema1/new/results/ml_samples/N8_sw0.15_x-1_i0134.h5,8,1.500000000e-01,-1,7.420624944e-01,main,true,fall,2085
/mnt/pd/tema1/new/results/ml_samples/N8_sw0.15_x-2_i0002.h5,8,1.500000000e-01,-2,4.841249887e-01,main,true,fall,357
/mnt/pd/tema1/new/results/ml_samples/N8_sw0.15_x-1_i0144.h5,8,1.500000000e-01,-1,7.420624944e-01,main,true,fall,1981
/mnt/pd/tema1/new/results/ml_samples/N8_sw0.15_x-1_i0198.h5,8,1.500000000e-01,-1,7.420624944e-01,main,true,fall,408
/mnt/pd/tema1/new/results/ml_samples/N8_sw0.15_x-2_i0008.h5,8,1.500000000e-01,-2,4.841249887e-01,main,true,fall,235
/mnt/pd/tema1/new/results/ml_samples/N8_sw0.15_x-2_i0006.h5,8,1.500000000e-01,-2,4.841249887e-01,main,true,fall,405
/mnt/pd/tema1/new/results/ml_samples/N8_sw0.15_x-1_i0088.h5,8,1.500000000e-01,-1,7.420624944e-01,main,true,fall,3004
/mnt/pd/tema1/new/results/ml_samples/N8_sw0.15_x-1_i0170.h5,8,1.500000000e-01,-1,7.420624944e-01,main,true,fall,2084
/mnt/pd/tema1/new/results/ml_samples/N8_sw0.15_x-2_i0010.h5,8,1.500000000e-01,-2,4.841249887e-01,main,true,fall,313
/mnt/pd/tema1/new/results/ml_samples/N8_sw0.15_x-2_i0012.h5,8,1.500000000e-01,-2,4.841249887e-01,main,true,fall,439
/mnt/pd/tema1/new/results/ml_samples/N8_sw0.15_x-1_i0196.h5,8,1.500000000e-01,-1,7.420624944e-01,main,true,fall,614
/mnt/pd/tema1/new/results/ml_samples/N8_sw0.15_x-2_i0018.h5,8,1.500000000e-01,-2,4.841249887e-01,main,true,fall,237
/mnt/pd/tema1/new/results/ml_samples/N8_sw0.15_x-2_i0016.h5,8,1.500000000e-01,-2,4.841249887e-01,main,true,fall,321
/mnt/pd/tema1/new/results/ml_samples/N8_sw0.15_x-2_i0020.h5,8,1.500000000e-01,-2,4.841249887e-01,main,true,fall,195
/mnt/pd/tema1/new/results/ml_samples/N8_sw0.15_x-2_i0024.h5,8,1.500000000e-01,-2,4.841249887e-01,main,true,fall,293
/mnt/pd/tema1/new/results/ml_samples/N8_sw0.15_x-2_i0028.h5,8,1.500000000e-01,-2,4.841249887e-01,main,true,fall,285
/mnt/pd/tema1/new/results/ml_samples/N8_sw0.15_x-2_i0022.h5,8,1.500000000e-01,-2,4.841249887e-01,main,true,fall,325
/mnt/pd/tema1/new/results/ml_samples/N8_sw0.15_x-2_i0026.h5,8,1.500000000e-01,-2,4.841249887e-01,main,true,fall,248
/mnt/pd/tema1/new/results/ml_samples/N8_sw0.15_x-2_i0030.h5,8,1.500000000e-01,-2,4.841249887e-01,main,true,fall,221
/mnt/pd/tema1/new/results/ml_samples/N8_sw0.15_x-2_i0034.h5,8,1.500000000e-01,-2,4.841249887e-01,main,true,fall,286
/mnt/pd/tema1/new/results/ml_samples/N8_sw0.15_x-2_i0040.h5,8,1.500000000e-01,-2,4.841249887e-01,main,true,fall,280
/mnt/pd/tema1/new/results/ml_samples/N8_sw0.15_x-2_i0044.h5,8,1.500000000e-01,-2,4.841249887e-01,main,true,fall,211
/mnt/pd/tema1/new/results/ml_samples/N8_sw0.15_x-2_i0038.h5,8,1.500000000e-01,-2,4.841249887e-01,main,true,fall,418
/mnt/pd/tema1/new/results/ml_samples/N8_sw0.15_x-2_i0014.h5,8,1.500000000e-01,-2,4.841249887e-01,main,true,fall,684
/mnt/pd/tema1/new/results/ml_samples/N8_sw0.15_x-2_i0048.h5,8,1.500000000e-01,-2,4.841249887e-01,main,true,fall,95
/mnt/pd/tema1/new/results/ml_samples/N8_sw0.15_x-1_i0182.h5,8,1.500000000e-01,-1,7.420624944e-01,main,true,fall,1357
/mnt/pd/tema1/new/results/ml_samples/N8_sw0.15_x-1_i0152.h5,8,1.500000000e-01,-1,7.420624944e-01,main,true,fall,2490
/mnt/pd/tema1/new/results/ml_samples/N8_sw0.15_x-2_i0050.h5,8,1.500000000e-01,-2,4.841249887e-01,main,true,fall,214
/mnt/pd/tema1/new/results/ml_samples/N8_sw0.15_x-2_i0054.h5,8,1.500000000e-01,-2,4.841249887e-01,main,true,fall,227
/mnt/pd/tema1/new/results/ml_samples/N8_sw0.15_x-2_i0032.h5,8,1.500000000e-01,-2,4.841249887e-01,main,true,fall,589
/mnt/pd/tema1/new/results/ml_samples/N8_sw0.15_x-2_i0056.h5,8,1.500000000e-01,-2,4.841249887e-01,main,true,fall,240
/mnt/pd/tema1/new/results/ml_samples/N8_sw0.15_x-1_i0160.h5,8,1.500000000e-01,-1,7.420624944e-01,main,true,fall,2349
/mnt/pd/tema1/new/results/ml_samples/N8_sw0.15_x-1_i0150.h5,8,1.500000000e-01,-1,7.420624944e-01,main,true,fall,2774
/mnt/pd/tema1/new/results/ml_samples/N8_sw0.15_x-2_i0046.h5,8,1.500000000e-01,-2,4.841249887e-01,main,true,fall,563
/mnt/pd/tema1/new/results/ml_samples/N8_sw0.15_x-2_i0042.h5,8,1.500000000e-01,-2,4.841249887e-01,main,true,fall,602
/mnt/pd/tema1/new/results/ml_samples/N8_sw0.15_x-2_i0066.h5,8,1.500000000e-01,-2,4.841249887e-01,main,true,fall,313
/mnt/pd/tema1/new/results/ml_samples/N8_sw0.15_x-2_i0072.h5,8,1.500000000e-01,-2,4.841249887e-01,main,true,fall,128
/mnt/pd/tema1/new/results/ml_samples/N8_sw0.15_x-1_i0194.h5,8,1.500000000e-01,-1,7.420624944e-01,main,true,fall,1441
/mnt/pd/tema1/new/results/ml_samples/N8_sw0.15_x-2_i0064.h5,8,1.500000000e-01,-2,4.841249887e-01,main,true,fall,454
/mnt/pd/tema1/new/results/ml_samples/N8_sw0.15_x-2_i0068.h5,8,1.500000000e-01,-2,4.841249887e-01,main,true,fall,301
/mnt/pd/tema1/new/results/ml_samples/N8_sw0.15_x-2_i0080.h5,8,1.500000000e-01,-2,4.841249887e-01,main,true,fall,138
/mnt/pd/tema1/new/results/ml_samples/N8_sw0.15_x-2_i0074.h5,8,1.500000000e-01,-2,4.841249887e-01,main,true,fall,247
/mnt/pd/tema1/new/results/ml_samples/N8_sw0.15_x-2_i0060.h5,8,1.500000000e-01,-2,4.841249887e-01,main,true,fall,558
/mnt/pd/tema1/new/results/ml_samples/N8_sw0.15_x-2_i0076.h5,8,1.500000000e-01,-2,4.841249887e-01,main,true,fall,196
/mnt/pd/tema1/new/results/ml_samples/N8_sw0.15_x-2_i0084.h5,8,1.500000000e-01,-2,4.841249887e-01,main,true,fall,145
/mnt/pd/tema1/new/results/ml_samples/N8_sw0.15_x-2_i0070.h5,8,1.500000000e-01,-2,4.841249887e-01,main,true,fall,429
/mnt/pd/tema1/new/results/ml_samples/N8_sw0.15_x-2_i0082.h5,8,1.500000000e-01,-2,4.841249887e-01,main,true,fall,263
/mnt/pd/tema1/new/results/ml_samples/N8_sw0.15_x-2_i0058.h5,8,1.500000000e-01,-2,4.841249887e-01,main,true,fall,657
/mnt/pd/tema1/new/results/ml_samples/N8_sw0.15_x-1_i0058.h5,8,1.500000000e-01,-1,7.420624944e-01,main,true,fall,4430
/mnt/pd/tema1/new/results/ml_samples/N8_sw0.15_x-2_i0004.h5,8,1.500000000e-01,-2,4.841249887e-01,main,true,fall,1479
/mnt/pd/tema1/new/results/ml_samples/N8_sw0.15_x-2_i0078.h5,8,1.500000000e-01,-2,4.841249887e-01,main,true,fall,398
/mnt/pd/tema1/new/results/ml_samples/N8_sw0.15_x-4_i0000.h5,8,1.500000000e-01,-4,-3.175002257e-02,main,false,fall,127
/mnt/pd/tema1/new/results/ml_samples/N8_sw0.15_x-2_i0096.h5,8,1.500000000e-01,-2,4.841249887e-01,main,true,fall,226
/mnt/pd/tema1/new/results/ml_samples/N8_sw0.15_x-2_i0092.h5,8,1.500000000e-01,-2,4.841249887e-01,main,true,fall,271
/mnt/pd/tema1/new/results/ml_samples/N8_sw0.15_x-4_i0006.h5,8,1.500000000e-01,-4,-3.175002257e-02,main,false,fall,126
/mnt/pd/tema1/new/results/ml_samples/N8_sw0.15_x-4_i0010.h5,8,1.500000000e-01,-4,-3.175002257e-02,main,false,fall,117
/mnt/pd/tema1/new/results/ml_samples/N8_sw0.15_x-4_i0008.h5,8,1.500000000e-01,-4,-3.175002257e-02,main,false,fall,161
/mnt/pd/tema1/new/results/ml_samples/N8_sw0.15_x-4_i0016.h5,8,1.500000000e-01,-4,-3.175002257e-02,main,false,fall,116
/mnt/pd/tema1/new/results/ml_samples/N8_sw0.15_x-2_i0088.h5,8,1.500000000e-01,-2,4.841249887e-01,main,true,fall,492
/mnt/pd/tema1/new/results/ml_samples/N8_sw0.15_x-4_i0012.h5,8,1.500000000e-01,-4,-3.175002257e-02,main,false,fall,168
/mnt/pd/tema1/new/results/ml_samples/N8_sw0.15_x-4_i0004.h5,8,1.500000000e-01,-4,-3.175002257e-02,main,false,fall,240
/mnt/pd/tema1/new/results/ml_samples/N8_sw0.15_x-4_i0014.h5,8,1.500000000e-01,-4,-3.175002257e-02,main,false,fall,193
/mnt/pd/tema1/new/results/ml_samples/N8_sw0.15_x-2_i0094.h5,8,1.500000000e-01,-2,4.841249887e-01,main,true,fall,478
/mnt/pd/tema1/new/results/ml_samples/N8_sw0.15_x-1_i0176.h5,8,1.500000000e-01,-1,7.420624944e-01,main,true,fall,2398
/mnt/pd/tema1/new/results/ml_samples/N8_sw0.15_x-4_i0020.h5,8,1.500000000e-01,-4,-3.175002257e-02,main,false,fall,125
/mnt/pd/tema1/new/results/ml_samples/N8_sw0.15_x-4_i0018.h5,8,1.500000000e-01,-4,-3.175002257e-02,main,false,fall,160
/mnt/pd/tema1/new/results/ml_samples/N8_sw0.15_x-4_i0022.h5,8,1.500000000e-01,-4,-3.175002257e-02,main,false,fall,129
/mnt/pd/tema1/new/results/ml_samples/N8_sw0.15_x-4_i0032.h5,8,1.500000000e-01,-4,-3.175002257e-02,main,false,fall,108
/mnt/pd/tema1/new/results/ml_samples/N8_sw0.15_x-4_i0028.h5,8,1.500000000e-01,-4,-3.175002257e-02,main,false,fall,166
/mnt/pd/tema1/new/results/ml_samples/N8_sw0.15_x-1_i0168.h5,8,1.500000000e-01,-1,7.420624944e-01,main,true,fall,2893
/mnt/pd/tema1/new/results/ml_samples/N8_sw0.15_x-4_i0002.h5,8,1.500000000e-01,-4,-3.175002257e-02,main,false,fall,476
/mnt/pd/tema1/new/results/ml_samples/N8_sw0.15_x-4_i0040.h5,8,1.500000000e-01,-4,-3.175002257e-02,main,false,fall,131
/mnt/pd/tema1/new/results/ml_samples/N8_sw0.15_x-4_i0030.h5,8,1.500000000e-01,-4,-3.175002257e-02,main,false,fall,172
/mnt/pd/tema1/new/results/ml_samples/N8_sw0.15_x-4_i0042.h5,8,1.500000000e-01,-4,-3.175002257e-02,main,false,fall,146
/mnt/pd/tema1/new/results/ml_samples/N8_sw0.15_x-4_i0038.h5,8,1.500000000e-01,-4,-3.175002257e-02,main,false,fall,179
/mnt/pd/tema1/new/results/ml_samples/N8_sw0.15_x-4_i0044.h5,8,1.500000000e-01,-4,-3.175002257e-02,main,false,fall,115
/mnt/pd/tema1/new/results/ml_samples/N8_sw0.15_x-4_i0046.h5,8,1.500000000e-01,-4,-3.175002257e-02,main,false,fall,121
/mnt/pd/tema1/new/results/ml_samples/N8_sw0.15_x-4_i0050.h5,8,1.500000000e-01,-4,-3.175002257e-02,main,false,fall,100
/mnt/pd/tema1/new/results/ml_samples/N8_sw0.15_x-4_i0054.h5,8,1.500000000e-01,-4,-3.175002257e-02,main,false,fall,132
/mnt/pd/tema1/new/results/ml_samples/N8_sw0.15_x-4_i0048.h5,8,1.500000000e-01,-4,-3.175002257e-02,main,false,fall,186
/mnt/pd/tema1/new/results/ml_samples/N8_sw0.15_x-4_i0060.h5,8,1.500000000e-01,-4,-3.175002257e-02,main,false,fall,126
/mnt/pd/tema1/new/results/ml_samples/N8_sw0.15_x-4_i0058.h5,8,1.500000000e-01,-4,-3.175002257e-02,main,false,fall,152
/mnt/pd/tema1/new/results/ml_samples/N8_sw0.15_x-4_i0056.h5,8,1.500000000e-01,-4,-3.175002257e-02,main,false,fall,195
/mnt/pd/tema1/new/results/ml_samples/N8_sw0.15_x-4_i0062.h5,8,1.500000000e-01,-4,-3.175002257e-02,main,false,fall,133
/mnt/pd/tema1/new/results/ml_samples/N8_sw0.15_x-4_i0024.h5,8,1.500000000e-01,-4,-3.175002257e-02,main,false,fall,463
/mnt/pd/tema1/new/results/ml_samples/N8_sw0.15_x-4_i0052.h5,8,1.500000000e-01,-4,-3.175002257e-02,main,false,fall,234
/mnt/pd/tema1/new/results/ml_samples/N8_sw0.15_x-4_i0034.h5,8,1.500000000e-01,-4,-3.175002257e-02,main,false,fall,491
/mnt/pd/tema1/new/results/ml_samples/N8_sw0.15_x-4_i0082.h5,8,1.500000000e-01,-4,-3.175002257e-02,main,false,fall,127
/mnt/pd/tema1/new/results/ml_samples/N8_sw0.15_x-4_i0064.h5,8,1.500000000e-01,-4,-3.175002257e-02,main,false,fall,264
/mnt/pd/tema1/new/results/ml_samples/N8_sw0.15_x-4_i0070.h5,8,1.500000000e-01,-4,-3.175002257e-02,main,false,fall,166
/mnt/pd/tema1/new/results/ml_samples/N8_sw0.15_x-4_i0078.h5,8,1.500000000e-01,-4,-3.175002257e-02,main,false,fall,164
/mnt/pd/tema1/new/results/ml_samples/N8_sw0.15_x-4_i0036.h5,8,1.500000000e-01,-4,-3.175002257e-02,main,false,fall,579
/mnt/pd/tema1/new/results/ml_samples/N8_sw0.15_x-4_i0068.h5,8,1.500000000e-01,-4,-3.175002257e-02,main,false,fall,227
/mnt/pd/tema1/new/results/ml_samples/N8_sw0.15_x-2_i0062.h5,8,1.500000000e-01,-2,4.841249887e-01,main,true,fall,1265
/mnt/pd/tema1/new/results/ml_samples/N8_sw0.15_x-4_i0066.h5,8,1.500000000e-01,-4,-3.175002257e-02,main,false,fall,261
/mnt/pd/tema1/new/results/ml_samples/N8_sw0.15_x-4_i0072.h5,8,1.500000000e-01,-4,-3.175002257e-02,main,false,fall,201
/mnt/pd/tema1/new/results/ml_samples/N8_sw0.15_x-1_i0142.h5,8,1.500000000e-01,-1,7.420624944e-01,main,true,fall,3978
/mnt/pd/tema1/new/results/ml_samples/N8_sw0.15_x-4_i0084.h5,8,1.500000000e-01,-4,-3.175002257e-02,main,false,fall,154
/mnt/pd/tema1/new/results/ml_samples/N8_sw0.15_x-4_i0086.h5,8,1.500000000e-01,-4,-3.175002257e-02,main,false,fall,90
/mnt/pd/tema1/new/results/ml_samples/N8_sw0.15_x-4_i0088.h5,8,1.500000000e-01,-4,-3.175002257e-02,main,false,fall,126
/mnt/pd/tema1/new/results/ml_samples/N8_sw0.15_x-4_i0098.h5,8,1.500000000e-01,-4,-3.175002257e-02,main,false,fall,116
/mnt/pd/tema1/new/results/ml_samples/N8_sw0.15_x-4_i0080.h5,8,1.500000000e-01,-4,-3.175002257e-02,main,false,fall,305
/mnt/pd/tema1/new/results/ml_samples/N8_sw0.15_x-4_i0094.h5,8,1.500000000e-01,-4,-3.175002257e-02,main,false,fall,128
/mnt/pd/tema1/new/results/ml_samples/N8_sw0.15_x-4_i0092.h5,8,1.500000000e-01,-4,-3.175002257e-02,main,false,fall,207
/mnt/pd/tema1/new/results/ml_samples/N8_sw0.15_x-4_i0090.h5,8,1.500000000e-01,-4,-3.175002257e-02,main,false,fall,206
/mnt/pd/tema1/new/results/ml_samples/N8_sw0.30_x+0_i0006.h5,8,3.000000000e-01,0,1.000000000e+00,main,true,fall,170
/mnt/pd/tema1/new/results/ml_samples/N8_sw0.15_x-4_i0026.h5,8,1.500000000e-01,-4,-3.175002257e-02,main,false,fall,708
/mnt/pd/tema1/new/results/ml_samples/N8_sw0.15_x-2_i0090.h5,8,1.500000000e-01,-2,4.841249887e-01,main,true,fall,1559
/mnt/pd/tema1/new/results/ml_samples/N8_sw0.15_x-4_i0076.h5,8,1.500000000e-01,-4,-3.175002257e-02,main,false,fall,465
/mnt/pd/tema1/new/results/ml_samples/N8_sw0.30_x+0_i0014.h5,8,3.000000000e-01,0,1.000000000e+00,main,true,fall,149
/mnt/pd/tema1/new/results/ml_samples/N8_sw0.15_x-4_i0096.h5,8,1.500000000e-01,-4,-3.175002257e-02,main,false,fall,270
/mnt/pd/tema1/new/results/ml_samples/N8_sw0.15_x-2_i0052.h5,8,1.500000000e-01,-2,4.841249887e-01,main,true,fall,1655
/mnt/pd/tema1/new/results/ml_samples/N8_sw0.30_x+0_i0002.h5,8,3.000000000e-01,0,1.000000000e+00,main,true,fall,368
/mnt/pd/tema1/new/results/ml_samples/N8_sw0.30_x+0_i0020.h5,8,3.000000000e-01,0,1.000000000e+00,main,true,fall,234
/mnt/pd/tema1/new/results/ml_samples/N8_sw0.30_x+0_i0032.h5,8,3.000000000e-01,0,1.000000000e+00,main,true,fall,155
/mnt/pd/tema1/new/results/ml_samples/N8_sw0.30_x+0_i0030.h5,8,3.000000000e-01,0,1.000000000e+00,main,true,fall,217
/mnt/pd/tema1/new/results/ml_samples/N8_sw0.15_x-2_i0036.h5,8,1.500000000e-01,-2,4.841249887e-01,main,true,fall,1983
/mnt/pd/tema1/new/results/ml_samples/N8_sw0.30_x+0_i0012.h5,8,3.000000000e-01,0,1.000000000e+00,main,true,fall,473
/mnt/pd/tema1/new/results/ml_samples/N8_sw0.15_x-1_i0028.h5,8,1.500000000e-01,-1,7.420624944e-01,main,true,timeout,6001
/mnt/pd/tema1/new/results/ml_samples/N8_sw0.30_x+0_i0010.h5,8,3.000000000e-01,0,1.000000000e+00,main,true,fall,533
/mnt/pd/tema1/new/results/ml_samples/N8_sw0.30_x+0_i0034.h5,8,3.000000000e-01,0,1.000000000e+00,main,true,fall,412
/mnt/pd/tema1/new/results/ml_samples/N8_sw0.30_x+0_i0004.h5,8,3.000000000e-01,0,1.000000000e+00,main,true,fall,731
/mnt/pd/tema1/new/results/ml_samples/N8_sw0.30_x+0_i0036.h5,8,3.000000000e-01,0,1.000000000e+00,main,true,rise,517
/mnt/pd/tema1/new/results/ml_samples/N8_sw0.15_x-1_i0106.h5,8,1.500000000e-01,-1,7.420624944e-01,main,true,fall,5272
/mnt/pd/tema1/new/results/ml_samples/N8_sw0.30_x+0_i0026.h5,8,3.000000000e-01,0,1.000000000e+00,main,true,rise,882
/mnt/pd/tema1/new/results/ml_samples/N8_sw0.30_x+0_i0044.h5,8,3.000000000e-01,0,1.000000000e+00,main,true,rise,476
/mnt/pd/tema1/new/results/ml_samples/N8_sw0.30_x+0_i0052.h5,8,3.000000000e-01,0,1.000000000e+00,main,true,fall,337
/mnt/pd/tema1/new/results/ml_samples/N8_sw0.15_x-1_i0078.h5,8,1.500000000e-01,-1,7.420624944e-01,main,true,rise,5797
/mnt/pd/tema1/new/results/ml_samples/N8_sw0.15_x-1_i0174.h5,8,1.500000000e-01,-1,7.420624944e-01,main,true,rise,3957
/mnt/pd/tema1/new/results/ml_samples/N8_sw0.15_x-1_i0072.h5,8,1.500000000e-01,-1,7.420624944e-01,main,true,timeout,6001
/mnt/pd/tema1/new/results/ml_samples/N8_sw0.30_x+0_i0000.h5,8,3.000000000e-01,0,1.000000000e+00,main,true,rise,1063
/mnt/pd/tema1/new/results/ml_samples/N8_sw0.30_x+0_i0018.h5,8,3.000000000e-01,0,1.000000000e+00,main,true,fall,931
/mnt/pd/tema1/new/results/ml_samples/N8_sw0.15_x-2_i0086.h5,8,1.500000000e-01,-2,4.841249887e-01,main,true,fall,2737
/mnt/pd/tema1/new/results/ml_samples/N8_sw0.30_x+0_i0056.h5,8,3.000000000e-01,0,1.000000000e+00,main,true,fall,426
/mnt/pd/tema1/new/results/ml_samples/N8_sw0.30_x+0_i0060.h5,8,3.000000000e-01,0,1.000000000e+00,main,true,rise,516
/mnt/pd/tema1/new/results/ml_samples/N8_sw0.30_x+0_i0016.h5,8,3.000000000e-01,0,1.000000000e+00,main,true,rise,1061
/mnt/pd/tema1/new/results/ml_samples/N8_sw0.30_x+0_i0048.h5,8,3.000000000e-01,0,1.000000000e+00,main,true,fall,744
/mnt/pd/tema1/new/results/ml_samples/N8_sw0.30_x+0_i0046.h5,8,3.000000000e-01,0,1.000000000e+00,main,true,rise,699
/mnt/pd/tema1/new/results/ml_samples/N8_sw0.30_x+0_i0054.h5,8,3.000000000e-01,0,1.000000000e+00,main,true,fall,560
/mnt/pd/tema1/new/results/ml_samples/N8_sw0.30_x+0_i0078.h5,8,3.000000000e-01,0,1.000000000e+00,main,true,fall,125
/mnt/pd/tema1/new/results/ml_samples/N8_sw0.30_x+0_i0066.h5,8,3.000000000e-01,0,1.000000000e+00,main,true,fall,420
/mnt/pd/tema1/new/results/ml_samples/N8_sw0.30_x+0_i0062.h5,8,3.000000000e-01,0,1.000000000e+00,main,true,fall,553
/mnt/pd/tema1/new/results/ml_samples/N8_sw0.15_x-2_i0000.h5,8,1.500000000e-01,-2,4.841249887e-01,main,true,fall,3510
/mnt/pd/tema1/new/results/ml_samples/N8_sw0.30_x+0_i0092.h5,8,3.000000000e-01,0,1.000000000e+00,main,true,fall,145
/mnt/pd/tema1/new/results/ml_samples/N8_sw0.30_x+0_i0068.h5,8,3.000000000e-01,0,1.000000000e+00,main,true,fall,525
/mnt/pd/tema1/new/results/ml_samples/N8_sw0.15_x-1_i0102.h5,8,1.500000000e-01,-1,7.420624944e-01,main,true,timeout,6001
/mnt/pd/tema1/new/results/ml_samples/N8_sw0.15_x-2_i0098.h5,8,1.500000000e-01,-2,4.841249887e-01,main,true,fall,2231
/mnt/pd/tema1/new/results/ml_samples/N8_sw0.30_x+0_i0100.h5,8,3.000000000e-01,0,1.000000000e+00,main,true,fall,113
/mnt/pd/tema1/new/results/ml_samples/N8_sw0.30_x+0_i0082.h5,8,3.000000000e-01,0,1.000000000e+00,main,true,rise,392
/mnt/pd/tema1/new/results/ml_samples/N8_sw0.30_x+0_i0022.h5,8,3.000000000e-01,0,1.000000000e+00,main,true,rise,1296
/mnt/pd/tema1/new/results/ml_samples/N8_sw0.15_x-1_i0112.h5,8,1.500000000e-01,-1,7.420624944e-01,main,true,timeout,6001
/mnt/pd/tema1/new/results/ml_samples/N8_sw0.30_x+0_i0102.h5,8,3.000000000e-01,0,1.000000000e+00,main,true,fall,323
/mnt/pd/tema1/new/results/ml_samples/N8_sw0.30_x+0_i0106.h5,8,3.000000000e-01,0,1.000000000e+00,main,true,rise,252
/mnt/pd/tema1/new/results/ml_samples/N8_sw0.30_x+0_i0024.h5,8,3.000000000e-01,0,1.000000000e+00,main,true,rise,1609
/mnt/pd/tema1/new/results/ml_samples/N8_sw0.30_x+0_i0042.h5,8,3.000000000e-01,0,1.000000000e+00,main,true,rise,1374
/mnt/pd/tema1/new/results/ml_samples/N8_sw0.30_x+0_i0038.h5,8,3.000000000e-01,0,1.000000000e+00,main,true,rise,1480
/mnt/pd/tema1/new/results/ml_samples/N8_sw0.30_x+0_i0112.h5,8,3.000000000e-01,0,1.000000000e+00,main,true,rise,363
/mnt/pd/tema1/new/results/ml_samples/N8_sw0.30_x+0_i0108.h5,8,3.000000000e-01,0,1.000000000e+00,main,true,fall,438
/mnt/pd/tema1/new/results/ml_samples/N8_sw0.30_x+0_i0118.h5,8,3.000000000e-01,0,1.000000000e+00,main,true,fall,179
/mnt/pd/tema1/new/results/ml_samples/N8_sw0.30_x+0_i0110.h5,8,3.000000000e-01,0,1.000000000e+00,main,true,fall,455
/mnt/pd/tema1/new/results/ml_samples/N8_sw0.30_x+0_i0072.h5,8,3.000000000e-01,0,1.000000000e+00,main,true,rise,896
/mnt/pd/tema1/new/results/ml_samples/N8_sw0.30_x+0_i0080.h5,8,3.000000000e-01,0,1.000000000e+00,main,true,fall,1091
/mnt/pd/tema1/new/results/ml_samples/N8_sw0.30_x+0_i0124.h5,8,3.000000000e-01,0,1.000000000e+00,main,true,fall,116
/mnt/pd/tema1/new/results/ml_samples/N8_sw0.30_x+0_i0126.h5,8,3.000000000e-01,0,1.000000000e+00,main,true,fall,102
/mnt/pd/tema1/new/results/ml_samples/N8_sw0.15_x-1_i0124.h5,8,1.500000000e-01,-1,7.420624944e-01,main,true,timeout,6001
/mnt/pd/tema1/new/results/ml_samples/N8_sw0.30_x+0_i0040.h5,8,3.000000000e-01,0,1.000000000e+00,main,true,fall,1620
/mnt/pd/tema1/new/results/ml_samples/N8_sw0.30_x+0_i0104.h5,8,3.000000000e-01,0,1.000000000e+00,main,true,fall,597
/mnt/pd/tema1/new/results/ml_samples/N8_sw0.30_x+0_i0074.h5,8,3.000000000e-01,0,1.000000000e+00,main,true,fall,984
/mnt/pd/tema1/new/results/ml_samples/N8_sw0.30_x+0_i0130.h5,8,3.000000000e-01,0,1.000000000e+00,main,true,fall,211
/mnt/pd/tema1/new/results/ml_samples/N8_sw0.30_x+0_i0128.h5,8,3.000000000e-01,0,1.000000000e+00,main,true,fall,374
/mnt/pd/tema1/new/results/ml_samples/N8_sw0.30_x+0_i0146.h5,8,3.000000000e-01,0,1.000000000e+00,main,true,fall,243
/mnt/pd/tema1/new/results/ml_samples/N8_sw0.30_x+0_i0070.h5,8,3.000000000e-01,0,1.000000000e+00,main,true,fall,1291
/mnt/pd/tema1/new/results/ml_samples/N8_sw0.30_x+0_i0094.h5,8,3.000000000e-01,0,1.000000000e+00,main,true,rise,1047
/mnt/pd/tema1/new/results/ml_samples/N8_sw0.30_x+0_i0064.h5,8,3.000000000e-01,0,1.000000000e+00,main,true,rise,1466
/mnt/pd/tema1/new/results/ml_samples/N8_sw0.30_x+0_i0132.h5,8,3.000000000e-01,0,1.000000000e+00,main,true,rise,471
/mnt/pd/tema1/new/results/ml_samples/N8_sw0.30_x+0_i0114.h5,8,3.000000000e-01,0,1.000000000e+00,main,true,rise,750
/mnt/pd/tema1/new/results/ml_samples/N8_sw0.30_x+0_i0152.h5,8,3.000000000e-01,0,1.000000000e+00,main,true,fall,180
/mnt/pd/tema1/new/results/ml_samples/N8_sw0.30_x+0_i0156.h5,8,3.000000000e-01,0,1.000000000e+00,main,true,fall,152
/mnt/pd/tema1/new/results/ml_samples/N8_sw0.30_x+0_i0144.h5,8,3.000000000e-01,0,1.000000000e+00,main,true,rise,565
/mnt/pd/tema1/new/results/ml_samples/N8_sw0.30_x+0_i0090.h5,8,3.000000000e-01,0,1.000000000e+00,main,true,fall,1240
/mnt/pd/tema1/new/results/ml_samples/N8_sw0.30_x+0_i0154.h5,8,3.000000000e-01,0,1.000000000e+00,main,true,fall,195
/mnt/pd/tema1/new/results/ml_samples/N8_sw0.30_x+0_i0134.h5,8,3.000000000e-01,0,1.000000000e+00,main,true,fall,765
/mnt/pd/tema1/new/results/ml_samples/N8_sw0.30_x+0_i0076.h5,8,3.000000000e-01,0,1.000000000e+00,main,true,fall,1902
/mnt/pd/tema1/new/results/ml_samples/N8_sw0.30_x+0_i0164.h5,8,3.000000000e-01,0,1.000000000e+00,main,true,fall,155
/mnt/pd/tema1/new/results/ml_samples/N8_sw0.30_x+0_i0160.h5,8,3.000000000e-01,0,1.000000000e+00,main,true,rise,325
/mnt/pd/tema1/new/results/ml_samples/N8_sw0.30_x+0_i0136.h5,8,3.000000000e-01,0,1.000000000e+00,main,true,rise,682
/mnt/pd/tema1/new/results/ml_samples/N8_sw0.30_x+0_i0028.h5,8,3.000000000e-01,0,1.000000000e+00,main,true,rise,2380
/mnt/pd/tema1/new/results/ml_samples/N8_sw0.30_x+0_i0140.h5,8,3.000000000e-01,0,1.000000000e+00,main,true,fall,741
/mnt/pd/tema1/new/results/ml_samples/N8_sw0.30_x+0_i0180.h5,8,3.000000000e-01,0,1.000000000e+00,main,true,fall,172
/mnt/pd/tema1/new/results/ml_samples/N8_sw0.30_x+0_i0116.h5,8,3.000000000e-01,0,1.000000000e+00,main,true,fall,1100
/mnt/pd/tema1/new/results/ml_samples/N8_sw0.30_x+0_i0120.h5,8,3.000000000e-01,0,1.000000000e+00,main,true,fall,1022
/mnt/pd/tema1/new/results/ml_samples/N8_sw0.30_x+0_i0050.h5,8,3.000000000e-01,0,1.000000000e+00,main,true,rise,2162
/mnt/pd/tema1/new/results/ml_samples/N8_sw0.30_x+0_i0142.h5,8,3.000000000e-01,0,1.000000000e+00,main,true,fall,843
/mnt/pd/tema1/new/results/ml_samples/N8_sw0.30_x+0_i0166.h5,8,3.000000000e-01,0,1.000000000e+00,main,true,rise,454
/mnt/pd/tema1/new/results/ml_samples/N8_sw0.30_x+0_i0170.h5,8,3.000000000e-01,0,1.000000000e+00,main,true,fall,472
/mnt/pd/tema1/new/results/ml_samples/N8_sw0.30_x+0_i0182.h5,8,3.000000000e-01,0,1.000000000e+00,main,true,fall,248
/mnt/pd/tema1/new/results/ml_samples/N8_sw0.30_x+0_i0088.h5,8,3.000000000e-01,0,1.000000000e+00,main,true,fall,1660
/mnt/pd/tema1/new/results/ml_samples/N8_sw0.30_x+0_i0190.h5,8,3.000000000e-01,0,1.000000000e+00,main,true,fall,127
/mnt/pd/tema1/new/results/ml_samples/N8_sw0.30_x+0_i0192.h5,8,3.000000000e-01,0,1.000000000e+00,main,true,fall,122
/mnt/pd/tema1/new/results/ml_samples/N8_sw0.30_x+0_i0168.h5,8,3.000000000e-01,0,1.000000000e+00,main,true,rise,564
/mnt/pd/tema1/new/results/ml_samples/N8_sw0.30_x+0_i0196.h5,8,3.000000000e-01,0,1.000000000e+00,main,true,fall,168
/mnt/pd/tema1/new/results/ml_samples/N8_sw0.30_x+0_i0194.h5,8,3.000000000e-01,0,1.000000000e+00,main,true,fall,196
/mnt/pd/tema1/new/results/ml_samples/N8_sw0.30_x+0_i0150.h5,8,3.000000000e-01,0,1.000000000e+00,main,true,rise,822
/mnt/pd/tema1/new/results/ml_samples/N8_sw0.30_x+0_i0098.h5,8,3.000000000e-01,0,1.000000000e+00,main,true,fall,1701
/mnt/pd/tema1/new/results/ml_samples/N8_sw0.30_x+1_i0006.h5,8,3.000000000e-01,1,1.515875011e+00,main,true,fall,197
/mnt/pd/tema1/new/results/ml_samples/N8_sw0.30_x+1_i0004.h5,8,3.000000000e-01,1,1.515875011e+00,main,true,fall,279
/mnt/pd/tema1/new/results/ml_samples/N8_sw0.30_x+0_i0138.h5,8,3.000000000e-01,0,1.000000000e+00,main,true,fall,1194
/mnt/pd/tema1/new/results/ml_samples/N8_sw0.30_x+1_i0000.h5,8,3.000000000e-01,1,1.515875011e+00,main,true,rise,376
/mnt/pd/tema1/new/results/ml_samples/N8_sw0.30_x+0_i0148.h5,8,3.000000000e-01,0,1.000000000e+00,main,true,fall,1131
/mnt/pd/tema1/new/results/ml_samples/N8_sw0.30_x+1_i0002.h5,8,3.000000000e-01,1,1.515875011e+00,main,true,rise,554
/mnt/pd/tema1/new/results/ml_samples/N8_sw0.30_x+0_i0058.h5,8,3.000000000e-01,0,1.000000000e+00,main,true,fall,2409
/mnt/pd/tema1/new/results/ml_samples/N8_sw0.30_x+0_i0096.h5,8,3.000000000e-01,0,1.000000000e+00,main,true,fall,1868
/mnt/pd/tema1/new/results/ml_samples/N8_sw0.30_x+0_i0162.h5,8,3.000000000e-01,0,1.000000000e+00,main,true,rise,967
/mnt/pd/tema1/new/results/ml_samples/N8_sw0.30_x+1_i0008.h5,8,3.000000000e-01,1,1.515875011e+00,main,true,rise,538
/mnt/pd/tema1/new/results/ml_samples/N8_sw0.30_x+1_i0018.h5,8,3.000000000e-01,1,1.515875011e+00,main,true,rise,465
/mnt/pd/tema1/new/results/ml_samples/N8_sw0.30_x+1_i0024.h5,8,3.000000000e-01,1,1.515875011e+00,main,true,fall,276
/mnt/pd/tema1/new/results/ml_samples/N8_sw0.30_x+1_i0020.h5,8,3.000000000e-01,1,1.515875011e+00,main,true,rise,479
/mnt/pd/tema1/new/results/ml_samples/N8_sw0.30_x+0_i0188.h5,8,3.000000000e-01,0,1.000000000e+00,main,true,rise,732
/mnt/pd/tema1/new/results/ml_samples/N8_sw0.30_x+1_i0032.h5,8,3.000000000e-01,1,1.515875011e+00,main,true,rise,244
/mnt/pd/tema1/new/results/ml_samples/N8_sw0.30_x+1_i0034.h5,8,3.000000000e-01,1,1.515875011e+00,main,true,rise,257
/mnt/pd/tema1/new/results/ml_samples/N8_sw0.30_x+0_i0198.h5,8,3.000000000e-01,0,1.000000000e+00,main,true,rise,776
/mnt/pd/tema1/new/results/ml_samples/N8_sw0.30_x+1_i0026.h5,8,3.000000000e-01,1,1.515875011e+00,main,true,rise,552
/mnt/pd/tema1/new/results/ml_samples/N8_sw0.30_x+1_i0030.h5,8,3.000000000e-01,1,1.515875011e+00,main,true,rise,354
/mnt/pd/tema1/new/results/ml_samples/N8_sw0.30_x+0_i0184.h5,8,3.000000000e-01,0,1.000000000e+00,main,true,rise,952
/mnt/pd/tema1/new/results/ml_samples/N8_sw0.30_x+1_i0016.h5,8,3.000000000e-01,1,1.515875011e+00,main,true,rise,721
/mnt/pd/tema1/new/results/ml_samples/N8_sw0.30_x+1_i0022.h5,8,3.000000000e-01,1,1.515875011e+00,main,true,rise,662
/mnt/pd/tema1/new/results/ml_samples/N8_sw0.30_x+1_i0036.h5,8,3.000000000e-01,1,1.515875011e+00,main,true,rise,525
/mnt/pd/tema1/new/results/ml_samples/N8_sw0.30_x+0_i0178.h5,8,3.000000000e-01,0,1.000000000e+00,main,true,rise,1273
/mnt/pd/tema1/new/results/ml_samples/N8_sw0.30_x+0_i0122.h5,8,3.000000000e-01,0,1.000000000e+00,main,true,fall,1995
/mnt/pd/tema1/new/results/ml_samples/N8_sw0.30_x+1_i0046.h5,8,3.000000000e-01,1,1.515875011e+00,main,true,rise,534
/mnt/pd/tema1/new/results/ml_samples/N8_sw0.30_x+1_i0054.h5,8,3.000000000e-01,1,1.515875011e+00,main,true,rise,405
/mnt/pd/tema1/new/results/ml_samples/N8_sw0.30_x+0_i0084.h5,8,3.000000000e-01,0,1.000000000e+00,main,true,fall,2667
/mnt/pd/tema1/new/results/ml_samples/N8_sw0.30_x+1_i0062.h5,8,3.000000000e-01,1,1.515875011e+00,main,true,rise,328
/mnt/pd/tema1/new/results/ml_samples/N8_sw0.30_x+1_i0060.h5,8,3.000000000e-01,1,1.515875011e+00,main,true,rise,551
/mnt/pd/tema1/new/results/ml_samples/N8_sw0.30_x+1_i0014.h5,8,3.000000000e-01,1,1.515875011e+00,main,true,rise,1202
/mnt/pd/tema1/new/results/ml_samples/N8_sw0.30_x+1_i0050.h5,8,3.000000000e-01,1,1.515875011e+00,main,true,rise,668
/mnt/pd/tema1/new/results/ml_samples/N8_sw0.30_x+0_i0186.h5,8,3.000000000e-01,0,1.000000000e+00,main,true,rise,1494
/mnt/pd/tema1/new/results/ml_samples/N8_sw0.30_x+1_i0068.h5,8,3.000000000e-01,1,1.515875011e+00,main,true,rise,396
/mnt/pd/tema1/new/results/ml_samples/N8_sw0.30_x+1_i0072.h5,8,3.000000000e-01,1,1.515875011e+00,main,true,fall,444
/mnt/pd/tema1/new/results/ml_samples/N8_sw0.30_x+0_i0174.h5,8,3.000000000e-01,0,1.000000000e+00,main,true,fall,2344
/mnt/pd/tema1/new/results/ml_samples/N8_sw0.30_x+1_i0028.h5,8,3.000000000e-01,1,1.515875011e+00,main,true,fall,1201
/mnt/pd/tema1/new/results/ml_samples/N8_sw0.30_x+1_i0084.h5,8,3.000000000e-01,1,1.515875011e+00,main,true,rise,273
/mnt/pd/tema1/new/results/ml_samples/N8_sw0.30_x+1_i0012.h5,8,3.000000000e-01,1,1.515875011e+00,main,true,rise,1508
/mnt/pd/tema1/new/results/ml_samples/N8_sw0.30_x+1_i0078.h5,8,3.000000000e-01,1,1.515875011e+00,main,true,rise,356
/mnt/pd/tema1/new/results/ml_samples/N8_sw0.30_x+1_i0082.h5,8,3.000000000e-01,1,1.515875011e+00,main,true,rise,304
/mnt/pd/tema1/new/results/ml_samples/N8_sw0.30_x+1_i0040.h5,8,3.000000000e-01,1,1.515875011e+00,main,true,rise,1147
/mnt/pd/tema1/new/results/ml_samples/N8_sw0.30_x+0_i0176.h5,8,3.000000000e-01,0,1.000000000e+00,main,true,fall,2666
/mnt/pd/tema1/new/results/ml_samples/N8_sw0.30_x+1_i0080.h5,8,3.000000000e-01,1,1.515875011e+00,main,true,rise,501
/mnt/pd/tema1/new/results/ml_samples/N8_sw0.30_x+1_i0086.h5,8,3.000000000e-01,1,1.515875011e+00,main,true,rise,519
/mnt/pd/tema1/new/results/ml_samples/N8_sw0.30_x+1_i0010.h5,8,3.000000000e-01,1,1.515875011e+00,main,true,fall,1812
/mnt/pd/tema1/new/results/ml_samples/N8_sw0.30_x+1_i0090.h5,8,3.000000000e-01,1,1.515875011e+00,main,true,rise,679
/mnt/pd/tema1/new/results/ml_samples/N8_sw0.30_x+1_i0074.h5,8,3.000000000e-01,1,1.515875011e+00,main,true,rise,827
/mnt/pd/tema1/new/results/ml_samples/N8_sw0.30_x+1_i0104.h5,8,3.000000000e-01,1,1.515875011e+00,main,true,rise,405
/mnt/pd/tema1/new/results/ml_samples/N8_sw0.30_x+1_i0052.h5,8,3.000000000e-01,1,1.515875011e+00,main,true,fall,1250
/mnt/pd/tema1/new/results/ml_samples/N8_sw0.30_x+1_i0064.h5,8,3.000000000e-01,1,1.515875011e+00,main,true,rise,1101
/mnt/pd/tema1/new/results/ml_samples/N8_sw0.30_x+1_i0042.h5,8,3.000000000e-01,1,1.515875011e+00,main,true,rise,1534
/mnt/pd/tema1/new/results/ml_samples/N8_sw0.30_x+1_i0070.h5,8,3.000000000e-01,1,1.515875011e+00,main,true,fall,997
/mnt/pd/tema1/new/results/ml_samples/N8_sw0.30_x+1_i0044.h5,8,3.000000000e-01,1,1.515875011e+00,main,true,rise,1497
/mnt/pd/tema1/new/results/ml_samples/N8_sw0.30_x+1_i0110.h5,8,3.000000000e-01,1,1.515875011e+00,main,true,rise,274
/mnt/pd/tema1/new/results/ml_samples/N8_sw0.30_x+1_i0056.h5,8,3.000000000e-01,1,1.515875011e+00,main,true,fall,1437
/mnt/pd/tema1/new/results/ml_samples/N8_sw0.30_x+1_i0114.h5,8,3.000000000e-01,1,1.515875011e+00,main,true,rise,304
/mnt/pd/tema1/new/results/ml_samples/N8_sw0.30_x+1_i0124.h5,8,3.000000000e-01,1,1.515875011e+00,main,true,rise,199
/mnt/pd/tema1/new/results/ml_samples/N8_sw0.30_x+1_i0048.h5,8,3.000000000e-01,1,1.515875011e+00,main,true,rise,1617
/mnt/pd/tema1/new/results/ml_samples/N8_sw0.30_x+1_i0058.h5,8,3.000000000e-01,1,1.515875011e+00,main,true,rise,1443
/mnt/pd/tema1/new/results/ml_samples/N8_sw0.30_x+1_i0120.h5,8,3.000000000e-01,1,1.515875011e+00,main,true,rise,294
/mnt/pd/tema1/new/results/ml_samples/N8_sw0.30_x+1_i0118.h5,8,3.000000000e-01,1,1.515875011e+00,main,true,rise,428
/mnt/pd/tema1/new/results/ml_samples/N8_sw0.30_x+0_i0172.h5,8,3.000000000e-01,0,1.000000000e+00,main,true,rise,2724
/mnt/pd/tema1/new/results/ml_samples/N8_sw0.30_x+0_i0158.h5,8,3.000000000e-01,0,1.000000000e+00,main,true,rise,2830
/mnt/pd/tema1/new/results/ml_samples/N8_sw0.30_x+1_i0132.h5,8,3.000000000e-01,1,1.515875011e+00,main,true,rise,408
/mnt/pd/tema1/new/results/ml_samples/N8_sw0.30_x+1_i0092.h5,8,3.000000000e-01,1,1.515875011e+00,main,true,fall,1004
/mnt/pd/tema1/new/results/ml_samples/N8_sw0.30_x+1_i0076.h5,8,3.000000000e-01,1,1.515875011e+00,main,true,rise,1528
/mnt/pd/tema1/new/results/ml_samples/N8_sw0.30_x+1_i0100.h5,8,3.000000000e-01,1,1.515875011e+00,main,true,rise,1059
/mnt/pd/tema1/new/results/ml_samples/N8_sw0.30_x+1_i0112.h5,8,3.000000000e-01,1,1.515875011e+00,main,true,rise,1103
/mnt/pd/tema1/new/results/ml_samples/N8_sw0.30_x+1_i0116.h5,8,3.000000000e-01,1,1.515875011e+00,main,true,rise,1063
/mnt/pd/tema1/new/results/ml_samples/N8_sw0.30_x+1_i0144.h5,8,3.000000000e-01,1,1.515875011e+00,main,true,fall,504
/mnt/pd/tema1/new/results/ml_samples/N8_sw0.30_x+1_i0088.h5,8,3.000000000e-01,1,1.515875011e+00,main,true,rise,1490
/mnt/pd/tema1/new/results/ml_samples/N8_sw0.30_x+0_i0008.h5,8,3.000000000e-01,0,1.000000000e+00,main,true,rise,5471
/mnt/pd/tema1/new/results/ml_samples/N8_sw0.30_x+1_i0134.h5,8,3.000000000e-01,1,1.515875011e+00,main,true,rise,771
/mnt/pd/tema1/new/results/ml_samples/N8_sw0.30_x+1_i0140.h5,8,3.000000000e-01,1,1.515875011e+00,main,true,rise,768
/mnt/pd/tema1/new/results/ml_samples/N8_sw0.30_x+1_i0122.h5,8,3.000000000e-01,1,1.515875011e+00,main,true,rise,1063
/mnt/pd/tema1/new/results/ml_samples/N8_sw0.30_x+1_i0094.h5,8,3.000000000e-01,1,1.515875011e+00,main,true,rise,1559
/mnt/pd/tema1/new/results/ml_samples/N8_sw0.30_x+0_i0086.h5,8,3.000000000e-01,0,1.000000000e+00,main,true,fall,4619
/mnt/pd/tema1/new/results/ml_samples/N8_sw0.30_x+1_i0098.h5,8,3.000000000e-01,1,1.515875011e+00,main,true,fall,1606
/mnt/pd/tema1/new/results/ml_samples/N8_sw0.30_x+1_i0066.h5,8,3.000000000e-01,1,1.515875011e+00,main,true,fall,2145
/mnt/pd/tema1/new/results/ml_samples/N8_sw0.30_x+1_i0158.h5,8,3.000000000e-01,1,1.515875011e+00,main,true,rise,716
/mnt/pd/tema1/new/results/ml_samples/N8_sw0.30_x+1_i0148.h5,8,3.000000000e-01,1,1.515875011e+00,main,true,fall,762
/mnt/pd/tema1/new/results/ml_samples/N8_sw0.30_x+1_i0172.h5,8,3.000000000e-01,1,1.515875011e+00,main,true,fall,228
/mnt/pd/tema1/new/results/ml_samples/N8_sw0.30_x+1_i0178.h5,8,3.000000000e-01,1,1.515875011e+00,main,true,fall,163
/mnt/pd/tema1/new/results/ml_samples/N8_sw0.30_x+1_i0166.h5,8,3.000000000e-01,1,1.515875011e+00,main,true,rise,433
/mnt/pd/tema1/new/results/ml_samples/N8_sw0.30_x+1_i0126.h5,8,3.000000000e-01,1,1.515875011e+00,main,true,rise,1297
/mnt/pd/tema1/new/results/ml_samples/N8_sw0.30_x+1_i0162.h5,8,3.000000000e-01,1,1.515875011e+00,main,true,rise,516
/mnt/pd/tema1/new/results/ml_samples/N8_sw0.30_x+1_i0130.h5,8,3.000000000e-01,1,1.515875011e+00,main,true,rise,1227
/mnt/pd/tema1/new/results/ml_samples/N8_sw0.30_x+1_i0102.h5,8,3.000000000e-01,1,1.515875011e+00,main,true,rise,1736
/mnt/pd/tema1/new/results/ml_samples/N8_sw0.30_x+1_i0038.h5,8,3.000000000e-01,1,1.515875011e+00,main,true,rise,2809
/mnt/pd/tema1/new/results/ml_samples/N8_sw0.30_x+1_i0138.h5,8,3.000000000e-01,1,1.515875011e+00,main,true,rise,1238
/mnt/pd/tema1/new/results/ml_samples/N8_sw0.30_x+1_i0168.h5,8,3.000000000e-01,1,1.515875011e+00,main,true,rise,556
/mnt/pd/tema1/new/results/ml_samples/N8_sw0.30_x+1_i0164.h5,8,3.000000000e-01,1,1.515875011e+00,main,true,rise,615
/mnt/pd/tema1/new/results/ml_samples/N8_sw0.30_x+1_i0196.h5,8,3.000000000e-01,1,1.515875011e+00,main,true,fall,189
/mnt/pd/tema1/new/results/ml_samples/N8_sw0.30_x+1_i0188.h5,8,3.000000000e-01,1,1.515875011e+00,main,true,rise,352
/mnt/pd/tema1/new/results/ml_samples/N8_sw0.30_x+1_i0186.h5,8,3.000000000e-01,1,1.515875011e+00,main,true,rise,452
/mnt/pd/tema1/new/results/ml_samples/N8_sw0.30_x+1_i0142.h5,8,3.000000000e-01,1,1.515875011e+00,main,true,rise,1376
/mnt/pd/tema1/new/results/ml_samples/N8_sw0.30_x+1_i0184.h5,8,3.000000000e-01,1,1.515875011e+00,main,true,rise,597
/mnt/pd/tema1/new/results/ml_samples/N8_sw0.30_x+1_i0190.h5,8,3.000000000e-01,1,1.515875011e+00,main,true,rise,574
/mnt/pd/tema1/new/results/ml_samples/N8_sw0.30_x+1_i0180.h5,8,3.000000000e-01,1,1.515875011e+00,main,true,rise,721
/mnt/pd/tema1/new/results/ml_samples/N8_sw0.30_x+1_i0136.h5,8,3.000000000e-01,1,1.515875011e+00,main,true,rise,1669
/mnt/pd/tema1/new/results/ml_samples/N8_sw0.30_x+1_i0146.h5,8,3.000000000e-01,1,1.515875011e+00,main,true,rise,1495
/mnt/pd/tema1/new/results/ml_samples/N8_sw0.30_x+2_i0000.h5,8,3.000000000e-01,2,2.031750023e+00,main,true,rise,573
/mnt/pd/tema1/new/results/ml_samples/N8_sw0.30_x+1_i0182.h5,8,3.000000000e-01,1,1.515875011e+00,main,true,rise,650
/mnt/pd/tema1/new/results/ml_samples/N8_sw0.30_x+1_i0170.h5,8,3.000000000e-01,1,1.515875011e+00,main,true,rise,862
/mnt/pd/tema1/new/results/ml_samples/N8_sw0.30_x+1_i0108.h5,8,3.000000000e-01,1,1.515875011e+00,main,true,rise,2072
/mnt/pd/tema1/new/results/ml_samples/N8_sw0.30_x+1_i0174.h5,8,3.000000000e-01,1,1.515875011e+00,main,true,rise,1049
/mnt/pd/tema1/new/results/ml_samples/N8_sw0.30_x+2_i0004.h5,8,3.000000000e-01,2,2.031750023e+00,main,true,rise,511
/mnt/pd/tema1/new/results/ml_samples/N8_sw0.30_x+1_i0152.h5,8,3.000000000e-01,1,1.515875011e+00,main,true,rise,1350
/mnt/pd/tema1/new/results/ml_samples/N8_sw0.30_x+2_i0002.h5,8,3.000000000e-01,2,2.031750023e+00,main,true,rise,588
/mnt/pd/tema1/new/results/ml_samples/N8_sw0.30_x+2_i0006.h5,8,3.000000000e-01,2,2.031750023e+00,main,true,rise,597
/mnt/pd/tema1/new/results/ml_samples/N8_sw0.30_x+1_i0198.h5,8,3.000000000e-01,1,1.515875011e+00,main,true,rise,639
/mnt/pd/tema1/new/results/ml_samples/N8_sw0.30_x+1_i0150.h5,8,3.000000000e-01,1,1.515875011e+00,main,true,rise,1507
/mnt/pd/tema1/new/results/ml_samples/N8_sw0.30_x+2_i0016.h5,8,3.000000000e-01,2,2.031750023e+00,main,true,rise,303
/mnt/pd/tema1/new/results/ml_samples/N8_sw0.30_x+1_i0106.h5,8,3.000000000e-01,1,1.515875011e+00,main,true,rise,2287
/mnt/pd/tema1/new/results/ml_samples/N8_sw0.30_x+1_i0154.h5,8,3.000000000e-01,1,1.515875011e+00,main,true,rise,1428
/mnt/pd/tema1/new/results/ml_samples/N8_sw0.30_x+2_i0008.h5,8,3.000000000e-01,2,2.031750023e+00,main,true,rise,568
/mnt/pd/tema1/new/results/ml_samples/N8_sw0.30_x+2_i0018.h5,8,3.000000000e-01,2,2.031750023e+00,main,true,rise,394
/mnt/pd/tema1/new/results/ml_samples/N8_sw0.30_x+2_i0020.h5,8,3.000000000e-01,2,2.031750023e+00,main,true,rise,353
/mnt/pd/tema1/new/results/ml_samples/N8_sw0.30_x+2_i0010.h5,8,3.000000000e-01,2,2.031750023e+00,main,true,rise,583
/mnt/pd/tema1/new/results/ml_samples/N8_sw0.30_x+2_i0034.h5,8,3.000000000e-01,2,2.031750023e+00,main,true,rise,315
/mnt/pd/tema1/new/results/ml_samples/N8_sw0.30_x+2_i0026.h5,8,3.000000000e-01,2,2.031750023e+00,main,true,rise,375
/mnt/pd/tema1/new/results/ml_samples/N8_sw0.30_x+2_i0024.h5,8,3.000000000e-01,2,2.031750023e+00,main,true,rise,439
/mnt/pd/tema1/new/results/ml_samples/N8_sw0.30_x+2_i0028.h5,8,3.000000000e-01,2,2.031750023e+00,main,true,rise,355
/mnt/pd/tema1/new/results/ml_samples/N8_sw0.30_x+2_i0048.h5,8,3.000000000e-01,2,2.031750023e+00,main,true,rise,250
/mnt/pd/tema1/new/results/ml_samples/N8_sw0.30_x+1_i0192.h5,8,3.000000000e-01,1,1.515875011e+00,main,true,fall,922
/mnt/pd/tema1/new/results/ml_samples/N8_sw0.30_x+2_i0038.h5,8,3.000000000e-01,2,2.031750023e+00,main,true,rise,340
/mnt/pd/tema1/new/results/ml_samples/N8_sw0.30_x+1_i0096.h5,8,3.000000000e-01,1,1.515875011e+00,main,true,rise,2655
/mnt/pd/tema1/new/results/ml_samples/N8_sw0.30_x+2_i0046.h5,8,3.000000000e-01,2,2.031750023e+00,main,true,rise,299
/mnt/pd/tema1/new/results/ml_samples/N8_sw0.30_x+2_i0032.h5,8,3.000000000e-01,2,2.031750023e+00,main,true,rise,603
/mnt/pd/tema1/new/results/ml_samples/N8_sw0.30_x+2_i0052.h5,8,3.000000000e-01,2,2.031750023e+00,main,true,rise,263
/mnt/pd/tema1/new/results/ml_samples/N8_sw0.30_x+1_i0128.h5,8,3.000000000e-01,1,1.515875011e+00,main,true,rise,2190
/mnt/pd/tema1/new/results/ml_samples/N8_sw0.30_x+2_i0044.h5,8,3.000000000e-01,2,2.031750023e+00,main,true,rise,373
/mnt/pd/tema1/new/results/ml_samples/N8_sw0.30_x+2_i0056.h5,8,3.000000000e-01,2,2.031750023e+00,main,true,rise,230
/mnt/pd/tema1/new/results/ml_samples/N8_sw0.30_x+2_i0036.h5,8,3.000000000e-01,2,2.031750023e+00,main,true,rise,555
/mnt/pd/tema1/new/results/ml_samples/N8_sw0.30_x+2_i0060.h5,8,3.000000000e-01,2,2.031750023e+00,main,true,rise,274
/mnt/pd/tema1/new/results/ml_samples/N8_sw0.30_x+2_i0072.h5,8,3.000000000e-01,2,2.031750023e+00,main,true,fall,240
/mnt/pd/tema1/new/results/ml_samples/N8_sw0.30_x+1_i0176.h5,8,3.000000000e-01,1,1.515875011e+00,main,true,fall,1389
/mnt/pd/tema1/new/results/ml_samples/N8_sw0.30_x+1_i0194.h5,8,3.000000000e-01,1,1.515875011e+00,main,true,rise,1150
/mnt/pd/tema1/new/results/ml_samples/N8_sw0.30_x+2_i0074.h5,8,3.000000000e-01,2,2.031750023e+00,main,true,rise,281
/mnt/pd/tema1/new/results/ml_samples/N8_sw0.30_x+2_i0066.h5,8,3.000000000e-01,2,2.031750023e+00,main,true,rise,324
/mnt/pd/tema1/new/results/ml_samples/N8_sw0.30_x+2_i0050.h5,8,3.000000000e-01,2,2.031750023e+00,main,true,rise,578
/mnt/pd/tema1/new/results/ml_samples/N8_sw0.30_x+2_i0014.h5,8,3.000000000e-01,2,2.031750023e+00,main,true,rise,816
/mnt/pd/tema1/new/results/ml_samples/N8_sw0.30_x+2_i0076.h5,8,3.000000000e-01,2,2.031750023e+00,main,true,rise,339
/mnt/pd/tema1/new/results/ml_samples/N8_sw0.30_x+2_i0054.h5,8,3.000000000e-01,2,2.031750023e+00,main,true,rise,536
/mnt/pd/tema1/new/results/ml_samples/N8_sw0.30_x+2_i0022.h5,8,3.000000000e-01,2,2.031750023e+00,main,true,rise,741
/mnt/pd/tema1/new/results/ml_samples/N8_sw0.30_x+2_i0084.h5,8,3.000000000e-01,2,2.031750023e+00,main,true,rise,295
/mnt/pd/tema1/new/results/ml_samples/N8_sw0.30_x+2_i0086.h5,8,3.000000000e-01,2,2.031750023e+00,main,true,rise,307
/mnt/pd/tema1/new/results/ml_samples/N8_sw0.30_x+2_i0030.h5,8,3.000000000e-01,2,2.031750023e+00,main,true,rise,739
/mnt/pd/tema1/new/results/ml_samples/N8_sw0.30_x+2_i0042.h5,8,3.000000000e-01,2,2.031750023e+00,main,true,rise,650
/mnt/pd/tema1/new/results/ml_samples/N8_sw0.30_x+2_i0012.h5,8,3.000000000e-01,2,2.031750023e+00,main,true,rise,952
/mnt/pd/tema1/new/results/ml_samples/N8_sw0.30_x+1_i0156.h5,8,3.000000000e-01,1,1.515875011e+00,main,true,rise,2705
/mnt/pd/tema1/new/results/ml_samples/N8_sw0.30_x+4_i0014.h5,8,3.000000000e-01,4,3.063500045e+00,main,true,rise,178
/mnt/pd/tema1/new/results/ml_samples/N8_sw0.30_x+4_i0004.h5,8,3.000000000e-01,4,3.063500045e+00,main,true,rise,253
/mnt/pd/tema1/new/results/ml_samples/N8_sw0.30_x+2_i0058.h5,8,3.000000000e-01,2,2.031750023e+00,main,true,rise,618
/mnt/pd/tema1/new/results/ml_samples/N8_sw0.30_x+2_i0096.h5,8,3.000000000e-01,2,2.031750023e+00,main,true,rise,366
/mnt/pd/tema1/new/results/ml_samples/N8_sw0.30_x+4_i0002.h5,8,3.000000000e-01,4,3.063500045e+00,main,true,rise,286
/mnt/pd/tema1/new/results/ml_samples/N8_sw0.30_x+4_i0018.h5,8,3.000000000e-01,4,3.063500045e+00,main,true,rise,183
/mnt/pd/tema1/new/results/ml_samples/N8_sw0.30_x+2_i0078.h5,8,3.000000000e-01,2,2.031750023e+00,main,true,rise,691
/mnt/pd/tema1/new/results/ml_samples/N8_sw0.30_x+2_i0080.h5,8,3.000000000e-01,2,2.031750023e+00,main,true,rise,598
/mnt/pd/tema1/new/results/ml_samples/N8_sw0.30_x+4_i0000.h5,8,3.000000000e-01,4,3.063500045e+00,main,true,rise,354
/mnt/pd/tema1/new/results/ml_samples/N8_sw0.30_x+4_i0006.h5,8,3.000000000e-01,4,3.063500045e+00,main,true,rise,314
/mnt/pd/tema1/new/results/ml_samples/N8_sw0.30_x+4_i0012.h5,8,3.000000000e-01,4,3.063500045e+00,main,true,rise,295
/mnt/pd/tema1/new/results/ml_samples/N8_sw0.30_x+2_i0064.h5,8,3.000000000e-01,2,2.031750023e+00,main,true,rise,635
/mnt/pd/tema1/new/results/ml_samples/N8_sw0.30_x+4_i0008.h5,8,3.000000000e-01,4,3.063500045e+00,main,true,rise,317
/mnt/pd/tema1/new/results/ml_samples/N8_sw0.30_x+2_i0094.h5,8,3.000000000e-01,2,2.031750023e+00,main,true,rise,458
/mnt/pd/tema1/new/results/ml_samples/N8_sw0.30_x+4_i0022.h5,8,3.000000000e-01,4,3.063500045e+00,main,true,rise,275
/mnt/pd/tema1/new/results/ml_samples/N8_sw0.30_x+4_i0010.h5,8,3.000000000e-01,4,3.063500045e+00,main,true,rise,354
/mnt/pd/tema1/new/results/ml_samples/N8_sw0.30_x+4_i0034.h5,8,3.000000000e-01,4,3.063500045e+00,main,true,rise,140
/mnt/pd/tema1/new/results/ml_samples/N8_sw0.30_x+4_i0036.h5,8,3.000000000e-01,4,3.063500045e+00,main,true,rise,195
/mnt/pd/tema1/new/results/ml_samples/N8_sw0.30_x+4_i0024.h5,8,3.000000000e-01,4,3.063500045e+00,main,true,rise,195
/mnt/pd/tema1/new/results/ml_samples/N8_sw0.30_x+2_i0062.h5,8,3.000000000e-01,2,2.031750023e+00,main,true,rise,739
/mnt/pd/tema1/new/results/ml_samples/N8_sw0.30_x+4_i0040.h5,8,3.000000000e-01,4,3.063500045e+00,main,true,rise,150
/mnt/pd/tema1/new/results/ml_samples/N8_sw0.30_x+2_i0092.h5,8,3.000000000e-01,2,2.031750023e+00,main,true,rise,588
/mnt/pd/tema1/new/results/ml_samples/N8_sw0.30_x+4_i0032.h5,8,3.000000000e-01,4,3.063500045e+00,main,true,rise,197
/mnt/pd/tema1/new/results/ml_samples/N8_sw0.30_x+4_i0030.h5,8,3.000000000e-01,4,3.063500045e+00,main,true,rise,216
/mnt/pd/tema1/new/results/ml_samples/N8_sw0.30_x+2_i0090.h5,8,3.000000000e-01,2,2.031750023e+00,main,true,rise,641
/mnt/pd/tema1/new/results/ml_samples/N8_sw0.30_x+4_i0046.h5,8,3.000000000e-01,4,3.063500045e+00,main,true,rise,198
/mnt/pd/tema1/new/results/ml_samples/N8_sw0.30_x+4_i0016.h5,8,3.000000000e-01,4,3.063500045e+00,main,true,rise,469
/mnt/pd/tema1/new/results/ml_samples/N8_sw0.30_x+4_i0050.h5,8,3.000000000e-01,4,3.063500045e+00,main,true,rise,187
/mnt/pd/tema1/new/results/ml_samples/N8_sw0.30_x+1_i0160.h5,8,3.000000000e-01,1,1.515875011e+00,main,true,rise,2235
/mnt/pd/tema1/new/results/ml_samples/N8_sw0.30_x+4_i0042.h5,8,3.000000000e-01,4,3.063500045e+00,main,true,rise,269
/mnt/pd/tema1/new/results/ml_samples/N8_sw0.30_x+4_i0044.h5,8,3.000000000e-01,4,3.063500045e+00,main,true,rise,271
/mnt/pd/tema1/new/results/ml_samples/N8_sw0.30_x+4_i0060.h5,8,3.000000000e-01,4,3.063500045e+00,main,true,rise,146
/mnt/pd/tema1/new/results/ml_samples/N8_sw0.30_x+4_i0038.h5,8,3.000000000e-01,4,3.063500045e+00,main,true,rise,294
/mnt/pd/tema1/new/results/ml_samples/N8_sw0.30_x+2_i0070.h5,8,3.000000000e-01,2,2.031750023e+00,main,true,rise,834
/mnt/pd/tema1/new/results/ml_samples/N8_sw0.30_x+4_i0052.h5,8,3.000000000e-01,4,3.063500045e+00,main,true,rise,347
/mnt/pd/tema1/new/results/ml_samples/N8_sw0.30_x+4_i0028.h5,8,3.000000000e-01,4,3.063500045e+00,main,true,rise,374
/mnt/pd/tema1/new/results/ml_samples/N8_sw0.30_x+4_i0048.h5,8,3.000000000e-01,4,3.063500045e+00,main,true,rise,307
/mnt/pd/tema1/new/results/ml_samples/N8_sw0.30_x+4_i0054.h5,8,3.000000000e-01,4,3.063500045e+00,main,true,rise,262
/mnt/pd/tema1/new/results/ml_samples/N8_sw0.30_x+4_i0062.h5,8,3.000000000e-01,4,3.063500045e+00,main,true,rise,198
/mnt/pd/tema1/new/results/ml_samples/N8_sw0.30_x+4_i0066.h5,8,3.000000000e-01,4,3.063500045e+00,main,true,rise,175
/mnt/pd/tema1/new/results/ml_samples/N8_sw0.30_x+4_i0056.h5,8,3.000000000e-01,4,3.063500045e+00,main,true,rise,251
/mnt/pd/tema1/new/results/ml_samples/N8_sw0.30_x+4_i0058.h5,8,3.000000000e-01,4,3.063500045e+00,main,true,rise,323
/mnt/pd/tema1/new/results/ml_samples/N8_sw0.30_x+4_i0026.h5,8,3.000000000e-01,4,3.063500045e+00,main,true,rise,440
/mnt/pd/tema1/new/results/ml_samples/N8_sw0.30_x+4_i0072.h5,8,3.000000000e-01,4,3.063500045e+00,main,true,rise,220
/mnt/pd/tema1/new/results/ml_samples/N8_sw0.30_x-1_i0000.h5,8,3.000000000e-01,-1,4.841249887e-01,main,true,fall,85
/mnt/pd/tema1/new/results/ml_samples/N8_sw0.30_x+4_i0096.h5,8,3.000000000e-01,4,3.063500045e+00,main,true,rise,141
/mnt/pd/tema1/new/results/ml_samples/N8_sw0.30_x+4_i0078.h5,8,3.000000000e-01,4,3.063500045e+00,main,true,rise,229
/mnt/pd/tema1/new/results/ml_samples/N8_sw0.30_x+2_i0088.h5,8,3.000000000e-01,2,2.031750023e+00,main,true,rise,853
/mnt/pd/tema1/new/results/ml_samples/N8_sw0.30_x+4_i0064.h5,8,3.000000000e-01,4,3.063500045e+00,main,true,rise,335
/mnt/pd/tema1/new/results/ml_samples/N8_sw0.30_x+4_i0070.h5,8,3.000000000e-01,4,3.063500045e+00,main,true,rise,277
/mnt/pd/tema1/new/results/ml_samples/N8_sw0.30_x+4_i0080.h5,8,3.000000000e-01,4,3.063500045e+00,main,true,rise,242
/mnt/pd/tema1/new/results/ml_samples/N8_sw0.30_x+4_i0088.h5,8,3.000000000e-01,4,3.063500045e+00,main,true,rise,196
/mnt/pd/tema1/new/results/ml_samples/N8_sw0.30_x+4_i0076.h5,8,3.000000000e-01,4,3.063500045e+00,main,true,rise,292
/mnt/pd/tema1/new/results/ml_samples/N8_sw0.30_x+4_i0082.h5,8,3.000000000e-01,4,3.063500045e+00,main,true,rise,303
/mnt/pd/tema1/new/results/ml_samples/N8_sw0.30_x+4_i0092.h5,8,3.000000000e-01,4,3.063500045e+00,main,true,rise,298
/mnt/pd/tema1/new/results/ml_samples/N8_sw0.30_x+4_i0068.h5,8,3.000000000e-01,4,3.063500045e+00,main,true,rise,444
/mnt/pd/tema1/new/results/ml_samples/N8_sw0.30_x-1_i0012.h5,8,3.000000000e-01,-1,4.841249887e-01,main,true,fall,146
/mnt/pd/tema1/new/results/ml_samples/N8_sw0.30_x+4_i0098.h5,8,3.000000000e-01,4,3.063500045e+00,main,true,rise,260
/mnt/pd/tema1/new/results/ml_samples/N8_sw0.30_x+2_i0098.h5,8,3.000000000e-01,2,2.031750023e+00,main,true,rise,910
/mnt/pd/tema1/new/results/ml_samples/N8_sw0.30_x+4_i0094.h5,8,3.000000000e-01,4,3.063500045e+00,main,true,rise,321
/mnt/pd/tema1/new/results/ml_samples/N8_sw0.30_x-1_i0008.h5,8,3.000000000e-01,-1,4.841249887e-01,main,true,fall,263
/mnt/pd/tema1/new/results/ml_samples/N8_sw0.30_x+4_i0074.h5,8,3.000000000e-01,4,3.063500045e+00,main,true,rise,466
/mnt/pd/tema1/new/results/ml_samples/N8_sw0.30_x-1_i0028.h5,8,3.000000000e-01,-1,4.841249887e-01,main,true,fall,132
/mnt/pd/tema1/new/results/ml_samples/N8_sw0.30_x+4_i0020.h5,8,3.000000000e-01,4,3.063500045e+00,main,true,rise,761
/mnt/pd/tema1/new/results/ml_samples/N8_sw0.30_x-1_i0032.h5,8,3.000000000e-01,-1,4.841249887e-01,main,true,fall,163
/mnt/pd/tema1/new/results/ml_samples/N8_sw0.30_x-1_i0022.h5,8,3.000000000e-01,-1,4.841249887e-01,main,true,fall,196
/mnt/pd/tema1/new/results/ml_samples/N8_sw0.30_x+4_i0090.h5,8,3.000000000e-01,4,3.063500045e+00,main,true,rise,454
/mnt/pd/tema1/new/results/ml_samples/N8_sw0.30_x-1_i0002.h5,8,3.000000000e-01,-1,4.841249887e-01,main,true,fall,392
/mnt/pd/tema1/new/results/ml_samples/N8_sw0.30_x+2_i0082.h5,8,3.000000000e-01,2,2.031750023e+00,main,true,rise,1177
/mnt/pd/tema1/new/results/ml_samples/N8_sw0.30_x+4_i0084.h5,8,3.000000000e-01,4,3.063500045e+00,main,true,rise,550
/mnt/pd/tema1/new/results/ml_samples/N8_sw0.30_x-1_i0060.h5,8,3.000000000e-01,-1,4.841249887e-01,main,true,fall,92
/mnt/pd/tema1/new/results/ml_samples/N8_sw0.30_x-1_i0044.h5,8,3.000000000e-01,-1,4.841249887e-01,main,true,fall,211
/mnt/pd/tema1/new/results/ml_samples/N8_sw0.30_x-1_i0056.h5,8,3.000000000e-01,-1,4.841249887e-01,main,true,fall,135
/mnt/pd/tema1/new/results/ml_samples/N8_sw0.30_x-1_i0026.h5,8,3.000000000e-01,-1,4.841249887e-01,main,true,fall,360
/mnt/pd/tema1/new/results/ml_samples/N8_sw0.30_x-1_i0052.h5,8,3.000000000e-01,-1,4.841249887e-01,main,true,fall,266
/mnt/pd/tema1/new/results/ml_samples/N8_sw0.30_x-1_i0010.h5,8,3.000000000e-01,-1,4.841249887e-01,main,true,fall,545
/mnt/pd/tema1/new/results/ml_samples/N8_sw0.30_x-1_i0050.h5,8,3.000000000e-01,-1,4.841249887e-01,main,true,fall,301
/mnt/pd/tema1/new/results/ml_samples/N8_sw0.30_x-1_i0040.h5,8,3.000000000e-01,-1,4.841249887e-01,main,true,fall,349
/mnt/pd/tema1/new/results/ml_samples/N8_sw0.30_x-1_i0062.h5,8,3.000000000e-01,-1,4.841249887e-01,main,true,fall,162
/mnt/pd/tema1/new/results/ml_samples/N8_sw0.30_x-1_i0064.h5,8,3.000000000e-01,-1,4.841249887e-01,main,true,fall,127
/mnt/pd/tema1/new/results/ml_samples/N8_sw0.30_x-1_i0038.h5,8,3.000000000e-01,-1,4.841249887e-01,main,true,fall,390
/mnt/pd/tema1/new/results/ml_samples/N8_sw0.30_x-1_i0034.h5,8,3.000000000e-01,-1,4.841249887e-01,main,true,fall,451
/mnt/pd/tema1/new/results/ml_samples/N8_sw0.30_x-1_i0024.h5,8,3.000000000e-01,-1,4.841249887e-01,main,true,fall,573
/mnt/pd/tema1/new/results/ml_samples/N8_sw0.30_x-1_i0058.h5,8,3.000000000e-01,-1,4.841249887e-01,main,true,fall,316
/mnt/pd/tema1/new/results/ml_samples/N8_sw0.30_x+2_i0040.h5,8,3.000000000e-01,2,2.031750023e+00,main,true,rise,1799
/mnt/pd/tema1/new/results/ml_samples/N8_sw0.30_x+4_i0086.h5,8,3.000000000e-01,4,3.063500045e+00,main,true,rise,734
/mnt/pd/tema1/new/results/ml_samples/N8_sw0.30_x-1_i0078.h5,8,3.000000000e-01,-1,4.841249887e-01,main,true,fall,109
/mnt/pd/tema1/new/results/ml_samples/N8_sw0.30_x+2_i0068.h5,8,3.000000000e-01,2,2.031750023e+00,main,true,rise,1570
/mnt/pd/tema1/new/results/ml_samples/N8_sw0.30_x-1_i0020.h5,8,3.000000000e-01,-1,4.841249887e-01,main,true,fall,611
/mnt/pd/tema1/new/results/ml_samples/N8_sw0.30_x-1_i0036.h5,8,3.000000000e-01,-1,4.841249887e-01,main,true,fall,507
/mnt/pd/tema1/new/results/ml_samples/N8_sw0.30_x-1_i0070.h5,8,3.000000000e-01,-1,4.841249887e-01,main,true,fall,302
/mnt/pd/tema1/new/results/ml_samples/N8_sw0.30_x-1_i0088.h5,8,3.000000000e-01,-1,4.841249887e-01,main,true,fall,173
/mnt/pd/tema1/new/results/ml_samples/N8_sw0.30_x-1_i0096.h5,8,3.000000000e-01,-1,4.841249887e-01,main,true,fall,146
/mnt/pd/tema1/new/results/ml_samples/N8_sw0.30_x-1_i0048.h5,8,3.000000000e-01,-1,4.841249887e-01,main,true,fall,597
/mnt/pd/tema1/new/results/ml_samples/N8_sw0.30_x-1_i0006.h5,8,3.000000000e-01,-1,4.841249887e-01,main,true,rise,1051
/mnt/pd/tema1/new/results/ml_samples/N8_sw0.30_x-1_i0072.h5,8,3.000000000e-01,-1,4.841249887e-01,main,true,fall,518
/mnt/pd/tema1/new/results/ml_samples/N8_sw0.30_x-1_i0068.h5,8,3.000000000e-01,-1,4.841249887e-01,main,true,fall,490
/mnt/pd/tema1/new/results/ml_samples/N8_sw0.30_x-1_i0104.h5,8,3.000000000e-01,-1,4.841249887e-01,main,true,fall,176
/mnt/pd/tema1/new/results/ml_samples/N8_sw0.30_x-1_i0076.h5,8,3.000000000e-01,-1,4.841249887e-01,main,true,fall,410
/mnt/pd/tema1/new/results/ml_samples/N8_sw0.30_x-1_i0100.h5,8,3.000000000e-01,-1,4.841249887e-01,main,true,fall,244
/mnt/pd/tema1/new/results/ml_samples/N8_sw0.30_x-1_i0114.h5,8,3.000000000e-01,-1,4.841249887e-01,main,true,fall,160
/mnt/pd/tema1/new/results/ml_samples/N8_sw0.30_x-1_i0112.h5,8,3.000000000e-01,-1,4.841249887e-01,main,true,fall,261
/mnt/pd/tema1/new/results/ml_samples/N8_sw0.30_x-1_i0116.h5,8,3.000000000e-01,-1,4.841249887e-01,main,true,fall,120
/mnt/pd/tema1/new/results/ml_samples/N8_sw0.30_x-1_i0054.h5,8,3.000000000e-01,-1,4.841249887e-01,main,true,fall,691
/mnt/pd/tema1/new/results/ml_samples/N8_sw0.30_x-1_i0106.h5,8,3.000000000e-01,-1,4.841249887e-01,main,true,fall,269
/mnt/pd/tema1/new/results/ml_samples/N8_sw0.30_x-1_i0082.h5,8,3.000000000e-01,-1,4.841249887e-01,main,true,fall,495
/mnt/pd/tema1/new/results/ml_samples/N8_sw0.30_x-1_i0108.h5,8,3.000000000e-01,-1,4.841249887e-01,main,true,fall,246
/mnt/pd/tema1/new/results/ml_samples/N8_sw0.30_x-1_i0092.h5,8,3.000000000e-01,-1,4.841249887e-01,main,true,fall,587
/mnt/pd/tema1/new/results/ml_samples/N8_sw0.30_x-1_i0122.h5,8,3.000000000e-01,-1,4.841249887e-01,main,true,fall,248
/mnt/pd/tema1/new/results/ml_samples/N8_sw0.30_x-1_i0098.h5,8,3.000000000e-01,-1,4.841249887e-01,main,true,fall,526
/mnt/pd/tema1/new/results/ml_samples/N8_sw0.30_x-1_i0132.h5,8,3.000000000e-01,-1,4.841249887e-01,main,true,fall,133
/mnt/pd/tema1/new/results/ml_samples/N8_sw0.30_x-1_i0016.h5,8,3.000000000e-01,-1,4.841249887e-01,main,true,fall,1036
/mnt/pd/tema1/new/results/ml_samples/N8_sw0.30_x-1_i0138.h5,8,3.000000000e-01,-1,4.841249887e-01,main,true,fall,128
/mnt/pd/tema1/new/results/ml_samples/N8_sw0.30_x-1_i0144.h5,8,3.000000000e-01,-1,4.841249887e-01,main,true,fall,123
/mnt/pd/tema1/new/results/ml_samples/N8_sw0.30_x-1_i0118.h5,8,3.000000000e-01,-1,4.841249887e-01,main,true,fall,409
/mnt/pd/tema1/new/results/ml_samples/N8_sw0.30_x-1_i0136.h5,8,3.000000000e-01,-1,4.841249887e-01,main,true,fall,256
/mnt/pd/tema1/new/results/ml_samples/N8_sw0.30_x-1_i0074.h5,8,3.000000000e-01,-1,4.841249887e-01,main,true,fall,720
/mnt/pd/tema1/new/results/ml_samples/N8_sw0.30_x-1_i0084.h5,8,3.000000000e-01,-1,4.841249887e-01,main,true,fall,677
/mnt/pd/tema1/new/results/ml_samples/N8_sw0.30_x-1_i0120.h5,8,3.000000000e-01,-1,4.841249887e-01,main,true,fall,440
/mnt/pd/tema1/new/results/ml_samples/N8_sw0.30_x-1_i0014.h5,8,3.000000000e-01,-1,4.841249887e-01,main,true,rise,1218
/mnt/pd/tema1/new/results/ml_samples/N8_sw0.30_x-1_i0148.h5,8,3.000000000e-01,-1,4.841249887e-01,main,true,fall,113
/mnt/pd/tema1/new/results/ml_samples/N8_sw0.30_x-1_i0086.h5,8,3.000000000e-01,-1,4.841249887e-01,main,true,fall,741
/mnt/pd/tema1/new/results/ml_samples/N8_sw0.30_x-1_i0090.h5,8,3.000000000e-01,-1,4.841249887e-01,main,true,fall,761
/mnt/pd/tema1/new/results/ml_samples/N8_sw0.30_x-1_i0130.h5,8,3.000000000e-01,-1,4.841249887e-01,main,true,fall,488
/mnt/pd/tema1/new/results/ml_samples/N8_sw0.30_x-1_i0150.h5,8,3.000000000e-01,-1,4.841249887e-01,main,true,fall,230
/mnt/pd/tema1/new/results/ml_samples/N8_sw0.30_x-1_i0018.h5,8,3.000000000e-01,-1,4.841249887e-01,main,true,fall,1298
/mnt/pd/tema1/new/results/ml_samples/N8_sw0.30_x-1_i0146.h5,8,3.000000000e-01,-1,4.841249887e-01,main,true,fall,319
/mnt/pd/tema1/new/results/ml_samples/N8_sw0.30_x-1_i0154.h5,8,3.000000000e-01,-1,4.841249887e-01,main,true,fall,267
/mnt/pd/tema1/new/results/ml_samples/N8_sw0.30_x-1_i0140.h5,8,3.000000000e-01,-1,4.841249887e-01,main,true,fall,485
/mnt/pd/tema1/new/results/ml_samples/N8_sw0.30_x-1_i0080.h5,8,3.000000000e-01,-1,4.841249887e-01,main,true,fall,923
/mnt/pd/tema1/new/results/ml_samples/N8_sw0.30_x-1_i0174.h5,8,3.000000000e-01,-1,4.841249887e-01,main,true,fall,137
/mnt/pd/tema1/new/results/ml_samples/N8_sw0.30_x-1_i0066.h5,8,3.000000000e-01,-1,4.841249887e-01,main,true,fall,1080
/mnt/pd/tema1/new/results/ml_samples/N8_sw0.30_x-1_i0158.h5,8,3.000000000e-01,-1,4.841249887e-01,main,true,fall,353
/mnt/pd/tema1/new/results/ml_samples/N8_sw0.30_x-1_i0156.h5,8,3.000000000e-01,-1,4.841249887e-01,main,true,fall,420
/mnt/pd/tema1/new/results/ml_samples/N8_sw0.30_x-1_i0170.h5,8,3.000000000e-01,-1,4.841249887e-01,main,true,fall,251
/mnt/pd/tema1/new/results/ml_samples/N8_sw0.30_x-1_i0152.h5,8,3.000000000e-01,-1,4.841249887e-01,main,true,fall,453
/mnt/pd/tema1/new/results/ml_samples/N8_sw0.30_x-1_i0102.h5,8,3.000000000e-01,-1,4.841249887e-01,main,true,fall,948
/mnt/pd/tema1/new/results/ml_samples/N8_sw0.30_x-1_i0172.h5,8,3.000000000e-01,-1,4.841249887e-01,main,true,fall,280
/mnt/pd/tema1/new/results/ml_samples/N8_sw0.30_x-1_i0188.h5,8,3.000000000e-01,-1,4.841249887e-01,main,true,fall,81
/mnt/pd/tema1/new/results/ml_samples/N8_sw0.30_x-1_i0176.h5,8,3.000000000e-01,-1,4.841249887e-01,main,true,fall,274
/mnt/pd/tema1/new/results/ml_samples/N8_sw0.30_x-1_i0160.h5,8,3.000000000e-01,-1,4.841249887e-01,main,true,fall,483
/mnt/pd/tema1/new/results/ml_samples/N8_sw0.30_x-1_i0178.h5,8,3.000000000e-01,-1,4.841249887e-01,main,true,fall,308
/mnt/pd/tema1/new/results/ml_samples/N8_sw0.30_x-1_i0180.h5,8,3.000000000e-01,-1,4.841249887e-01,main,true,fall,286
/mnt/pd/tema1/new/results/ml_samples/N8_sw0.30_x-1_i0128.h5,8,3.000000000e-01,-1,4.841249887e-01,main,true,fall,765
/mnt/pd/tema1/new/results/ml_samples/N8_sw0.30_x-2_i0006.h5,8,3.000000000e-01,-2,-3.175002257e-02,main,false,fall,85
/mnt/pd/tema1/new/results/ml_samples/N8_sw0.30_x-1_i0142.h5,8,3.000000000e-01,-1,4.841249887e-01,main,true,fall,651
/mnt/pd/tema1/new/results/ml_samples/N8_sw0.30_x-2_i0004.h5,8,3.000000000e-01,-2,-3.175002257e-02,main,false,fall,121
/mnt/pd/tema1/new/results/ml_samples/N8_sw0.30_x-1_i0124.h5,8,3.000000000e-01,-1,4.841249887e-01,main,true,rise,1154
/mnt/pd/tema1/new/results/ml_samples/N8_sw0.30_x-1_i0198.h5,8,3.000000000e-01,-1,4.841249887e-01,main,true,fall,207
/mnt/pd/tema1/new/results/ml_samples/N8_sw0.30_x-1_i0166.h5,8,3.000000000e-01,-1,4.841249887e-01,main,true,fall,543
/mnt/pd/tema1/new/results/ml_samples/N8_sw0.30_x-2_i0014.h5,8,3.000000000e-01,-2,-3.175002257e-02,main,false,fall,87
/mnt/pd/tema1/new/results/ml_samples/N8_sw0.30_x-2_i0000.h5,8,3.000000000e-01,-2,-3.175002257e-02,main,false,fall,250
/mnt/pd/tema1/new/results/ml_samples/N8_sw0.30_x-2_i0018.h5,8,3.000000000e-01,-2,-3.175002257e-02,main,false,fall,100
/mnt/pd/tema1/new/results/ml_samples/N8_sw0.30_x-1_i0030.h5,8,3.000000000e-01,-1,4.841249887e-01,main,true,fall,1701
/mnt/pd/tema1/new/results/ml_samples/N8_sw0.30_x-2_i0008.h5,8,3.000000000e-01,-2,-3.175002257e-02,main,false,fall,155
/mnt/pd/tema1/new/results/ml_samples/N8_sw0.30_x-2_i0020.h5,8,3.000000000e-01,-2,-3.175002257e-02,main,false,fall,112
/mnt/pd/tema1/new/results/ml_samples/N8_sw0.30_x-2_i0010.h5,8,3.000000000e-01,-2,-3.175002257e-02,main,false,fall,181
/mnt/pd/tema1/new/results/ml_samples/N8_sw0.30_x-1_i0192.h5,8,3.000000000e-01,-1,4.841249887e-01,main,true,fall,376
/mnt/pd/tema1/new/results/ml_samples/N8_sw0.30_x-2_i0034.h5,8,3.000000000e-01,-2,-3.175002257e-02,main,false,fall,104
/mnt/pd/tema1/new/results/ml_samples/N8_sw0.30_x-2_i0038.h5,8,3.000000000e-01,-2,-3.175002257e-02,main,false,fall,87
/mnt/pd/tema1/new/results/ml_samples/N8_sw0.30_x-1_i0046.h5,8,3.000000000e-01,-1,4.841249887e-01,main,true,fall,1646
/mnt/pd/tema1/new/results/ml_samples/N8_sw0.30_x-2_i0024.h5,8,3.000000000e-01,-2,-3.175002257e-02,main,false,fall,248
/mnt/pd/tema1/new/results/ml_samples/N8_sw0.30_x-2_i0028.h5,8,3.000000000e-01,-2,-3.175002257e-02,main,false,fall,185
/mnt/pd/tema1/new/results/ml_samples/N8_sw0.30_x-2_i0030.h5,8,3.000000000e-01,-2,-3.175002257e-02,main,false,fall,199
/mnt/pd/tema1/new/results/ml_samples/N8_sw0.30_x-2_i0032.h5,8,3.000000000e-01,-2,-3.175002257e-02,main,false,fall,198
/mnt/pd/tema1/new/results/ml_samples/N8_sw0.30_x-2_i0042.h5,8,3.000000000e-01,-2,-3.175002257e-02,main,false,fall,171
/mnt/pd/tema1/new/results/ml_samples/N8_sw0.30_x-2_i0036.h5,8,3.000000000e-01,-2,-3.175002257e-02,main,false,fall,279
/mnt/pd/tema1/new/results/ml_samples/N8_sw0.30_x-1_i0164.h5,8,3.000000000e-01,-1,4.841249887e-01,main,true,fall,837
/mnt/pd/tema1/new/results/ml_samples/N8_sw0.30_x-2_i0048.h5,8,3.000000000e-01,-2,-3.175002257e-02,main,false,fall,215
/mnt/pd/tema1/new/results/ml_samples/N8_sw0.30_x-2_i0056.h5,8,3.000000000e-01,-2,-3.175002257e-02,main,false,fall,150
/mnt/pd/tema1/new/results/ml_samples/N8_sw0.30_x-2_i0050.h5,8,3.000000000e-01,-2,-3.175002257e-02,main,false,fall,198
/mnt/pd/tema1/new/results/ml_samples/N8_sw0.30_x-2_i0046.h5,8,3.000000000e-01,-2,-3.175002257e-02,main,false,fall,283
/mnt/pd/tema1/new/results/ml_samples/N8_sw0.30_x-1_i0042.h5,8,3.000000000e-01,-1,4.841249887e-01,main,true,fall,1841
/mnt/pd/tema1/new/results/ml_samples/N8_sw0.30_x-2_i0026.h5,8,3.000000000e-01,-2,-3.175002257e-02,main,false,fall,478
/mnt/pd/tema1/new/results/ml_samples/N8_sw0.30_x-2_i0064.h5,8,3.000000000e-01,-2,-3.175002257e-02,main,false,fall,99
/mnt/pd/tema1/new/results/ml_samples/N8_sw0.30_x-2_i0062.h5,8,3.000000000e-01,-2,-3.175002257e-02,main,false,fall,116
/mnt/pd/tema1/new/results/ml_samples/N8_sw0.30_x-1_i0094.h5,8,3.000000000e-01,-1,4.841249887e-01,main,true,fall,1634
/mnt/pd/tema1/new/results/ml_samples/N8_sw0.30_x-2_i0060.h5,8,3.000000000e-01,-2,-3.175002257e-02,main,false,fall,177
/mnt/pd/tema1/new/results/ml_samples/N8_sw0.30_x-1_i0196.h5,8,3.000000000e-01,-1,4.841249887e-01,main,true,fall,677
/mnt/pd/tema1/new/results/ml_samples/N8_sw0.30_x-1_i0186.h5,8,3.000000000e-01,-1,4.841249887e-01,main,true,fall,721
/mnt/pd/tema1/new/results/ml_samples/N8_sw0.30_x-2_i0058.h5,8,3.000000000e-01,-2,-3.175002257e-02,main,false,fall,262
/mnt/pd/tema1/new/results/ml_samples/N8_sw0.30_x-2_i0070.h5,8,3.000000000e-01,-2,-3.175002257e-02,main,false,fall,94
/mnt/pd/tema1/new/results/ml_samples/N8_sw0.30_x-2_i0068.h5,8,3.000000000e-01,-2,-3.175002257e-02,main,false,fall,141
/mnt/pd/tema1/new/results/ml_samples/N8_sw0.30_x-2_i0074.h5,8,3.000000000e-01,-2,-3.175002257e-02,main,false,fall,98
/mnt/pd/tema1/new/results/ml_samples/N8_sw0.30_x-1_i0190.h5,8,3.000000000e-01,-1,4.841249887e-01,main,true,fall,756
/mnt/pd/tema1/new/results/ml_samples/N8_sw0.30_x-2_i0072.h5,8,3.000000000e-01,-2,-3.175002257e-02,main,false,fall,132
/mnt/pd/tema1/new/results/ml_samples/N8_sw0.30_x-2_i0086.h5,8,3.000000000e-01,-2,-3.175002257e-02,main,false,fall,59
/mnt/pd/tema1/new/results/ml_samples/N8_sw0.30_x-2_i0080.h5,8,3.000000000e-01,-2,-3.175002257e-02,main,false,fall,88
/mnt/pd/tema1/new/results/ml_samples/N8_sw0.30_x-2_i0088.h5,8,3.000000000e-01,-2,-3.175002257e-02,main,false,fall,80
/mnt/pd/tema1/new/results/ml_samples/N8_sw0.30_x-2_i0082.h5,8,3.000000000e-01,-2,-3.175002257e-02,main,false,fall,115
/mnt/pd/tema1/new/results/ml_samples/N8_sw0.30_x-2_i0076.h5,8,3.000000000e-01,-2,-3.175002257e-02,main,false,fall,153
/mnt/pd/tema1/new/results/ml_samples/N8_sw0.30_x-2_i0092.h5,8,3.000000000e-01,-2,-3.175002257e-02,main,false,fall,124
/mnt/pd/tema1/new/results/ml_samples/N8_sw0.30_x-4_i0002.h5,8,3.000000000e-01,-4,-1.063500045e+00,main,false,fall,102
/mnt/pd/tema1/new/results/ml_samples/N8_sw0.30_x-2_i0054.h5,8,3.000000000e-01,-2,-3.175002257e-02,main,false,fall,502
/mnt/pd/tema1/new/results/ml_samples/N8_sw0.30_x-4_i0004.h5,8,3.000000000e-01,-4,-1.063500045e+00,main,false,fall,81
/mnt/pd/tema1/new/results/ml_samples/N8_sw0.30_x-2_i0078.h5,8,3.000000000e-01,-2,-3.175002257e-02,main,false,fall,232
/mnt/pd/tema1/new/results/ml_samples/N8_sw0.30_x-4_i0008.h5,8,3.000000000e-01,-4,-1.063500045e+00,main,false,fall,94
/mnt/pd/tema1/new/results/ml_samples/N8_sw0.30_x-2_i0084.h5,8,3.000000000e-01,-2,-3.175002257e-02,main,false,fall,219
/mnt/pd/tema1/new/results/ml_samples/N8_sw0.30_x-4_i0006.h5,8,3.000000000e-01,-4,-1.063500045e+00,main,false,fall,118
/mnt/pd/tema1/new/results/ml_samples/N8_sw0.30_x-4_i0010.h5,8,3.000000000e-01,-4,-1.063500045e+00,main,false,fall,124
/mnt/pd/tema1/new/results/ml_samples/N8_sw0.30_x-2_i0022.h5,8,3.000000000e-01,-2,-3.175002257e-02,main,false,fall,987
/mnt/pd/tema1/new/results/ml_samples/N8_sw0.30_x-4_i0000.h5,8,3.000000000e-01,-4,-1.063500045e+00,main,false,fall,230
/mnt/pd/tema1/new/results/ml_samples/N8_sw0.30_x-2_i0094.h5,8,3.000000000e-01,-2,-3.175002257e-02,main,false,fall,232
/mnt/pd/tema1/new/results/ml_samples/N8_sw0.30_x-4_i0014.h5,8,3.000000000e-01,-4,-1.063500045e+00,main,false,fall,105
/mnt/pd/tema1/new/results/ml_samples/N8_sw0.30_x-4_i0022.h5,8,3.000000000e-01,-4,-1.063500045e+00,main,false,fall,67
/mnt/pd/tema1/new/results/ml_samples/N8_sw0.30_x-4_i0012.h5,8,3.000000000e-01,-4,-1.063500045e+00,main,false,fall,153
/mnt/pd/tema1/new/results/ml_samples/N8_sw0.30_x-1_i0182.h5,8,3.000000000e-01,-1,4.841249887e-01,main,true,fall,1023
/mnt/pd/tema1/new/results/ml_samples/N8_sw0.30_x-4_i0020.h5,8,3.000000000e-01,-4,-1.063500045e+00,main,false,fall,83
/mnt/pd/tema1/new/results/ml_samples/N8_sw0.30_x-4_i0030.h5,8,3.000000000e-01,-4,-1.063500045e+00,main,false,fall,53
/mnt/pd/tema1/new/results/ml_samples/N8_sw0.30_x-4_i0028.h5,8,3.000000000e-01,-4,-1.063500045e+00,main,false,fall,67
/mnt/pd/tema1/new/results/ml_samples/N8_sw0.30_x-2_i0040.h5,8,3.000000000e-01,-2,-3.175002257e-02,main,false,fall,692
/mnt/pd/tema1/new/results/ml_samples/N8_sw0.30_x-4_i0024.h5,8,3.000000000e-01,-4,-1.063500045e+00,main,false,fall,91
/mnt/pd/tema1/new/results/ml_samples/N8_sw0.30_x-4_i0026.h5,8,3.000000000e-01,-4,-1.063500045e+00,main,false,fall,97
/mnt/pd/tema1/new/results/ml_samples/N8_sw0.30_x-2_i0090.h5,8,3.000000000e-01,-2,-3.175002257e-02,main,false,fall,342
/mnt/pd/tema1/new/results/ml_samples/N8_sw0.30_x-4_i0036.h5,8,3.000000000e-01,-4,-1.063500045e+00,main,false,fall,64
/mnt/pd/tema1/new/results/ml_samples/N8_sw0.30_x-4_i0032.h5,8,3.000000000e-01,-4,-1.063500045e+00,main,false,fall,77
/mnt/pd/tema1/new/results/ml_samples/N8_sw0.30_x-4_i0040.h5,8,3.000000000e-01,-4,-1.063500045e+00,main,false,fall,85
/mnt/pd/tema1/new/results/ml_samples/N8_sw0.30_x-4_i0034.h5,8,3.000000000e-01,-4,-1.063500045e+00,main,false,fall,96
/mnt/pd/tema1/new/results/ml_samples/N8_sw0.30_x-4_i0038.h5,8,3.000000000e-01,-4,-1.063500045e+00,main,false,fall,97
/mnt/pd/tema1/new/results/ml_samples/N8_sw0.30_x-1_i0184.h5,8,3.000000000e-01,-1,4.841249887e-01,main,true,fall,1340
/mnt/pd/tema1/new/results/ml_samples/N8_sw0.30_x-4_i0052.h5,8,3.000000000e-01,-4,-1.063500045e+00,main,false,fall,96
/mnt/pd/tema1/new/results/ml_samples/N8_sw0.30_x-4_i0054.h5,8,3.000000000e-01,-4,-1.063500045e+00,main,false,fall,98
/mnt/pd/tema1/new/results/ml_samples/N8_sw0.30_x-4_i0016.h5,8,3.000000000e-01,-4,-1.063500045e+00,main,false,fall,268
/mnt/pd/tema1/new/results/ml_samples/N8_sw0.30_x-4_i0018.h5,8,3.000000000e-01,-4,-1.063500045e+00,main,false,fall,263
/mnt/pd/tema1/new/results/ml_samples/N8_sw0.30_x-2_i0052.h5,8,3.000000000e-01,-2,-3.175002257e-02,main,false,fall,653
/mnt/pd/tema1/new/results/ml_samples/N8_sw0.30_x-4_i0058.h5,8,3.000000000e-01,-4,-1.063500045e+00,main,false,fall,90
/mnt/pd/tema1/new/results/ml_samples/N8_sw0.30_x-4_i0048.h5,8,3.000000000e-01,-4,-1.063500045e+00,main,false,fall,132
/mnt/pd/tema1/new/results/ml_samples/N8_sw0.30_x-4_i0046.h5,8,3.000000000e-01,-4,-1.063500045e+00,main,false,fall,240
/mnt/pd/tema1/new/results/ml_samples/N8_sw0.30_x-1_i0134.h5,8,3.000000000e-01,-1,4.841249887e-01,main,true,rise,1767
/mnt/pd/tema1/new/results/ml_samples/N8_sw0.30_x-4_i0060.h5,8,3.000000000e-01,-4,-1.063500045e+00,main,false,fall,124
/mnt/pd/tema1/new/results/ml_samples/N8_sw0.30_x-4_i0068.h5,8,3.000000000e-01,-4,-1.063500045e+00,main,false,fall,122
/mnt/pd/tema1/new/results/ml_samples/N8_sw0.30_x-4_i0056.h5,8,3.000000000e-01,-4,-1.063500045e+00,main,false,fall,146
/mnt/pd/tema1/new/results/ml_samples/N8_sw0.30_x-4_i0064.h5,8,3.000000000e-01,-4,-1.063500045e+00,main,false,fall,101
/mnt/pd/tema1/new/results/ml_samples/N8_sw0.30_x-4_i0050.h5,8,3.000000000e-01,-4,-1.063500045e+00,main,false,fall,181
/mnt/pd/tema1/new/results/ml_samples/N8_sw0.30_x-2_i0012.h5,8,3.000000000e-01,-2,-3.175002257e-02,main,false,fall,1027
/mnt/pd/tema1/new/results/ml_samples/N8_sw0.30_x-4_i0080.h5,8,3.000000000e-01,-4,-1.063500045e+00,main,false,fall,71
/mnt/pd/tema1/new/results/ml_samples/N8_sw0.30_x-4_i0090.h5,8,3.000000000e-01,-4,-1.063500045e+00,main,false,fall,65
/mnt/pd/tema1/new/results/ml_samples/N8_sw0.30_x-4_i0066.h5,8,3.000000000e-01,-4,-1.063500045e+00,main,false,fall,139
/mnt/pd/tema1/new/results/ml_samples/N8_sw0.30_x-4_i0084.h5,8,3.000000000e-01,-4,-1.063500045e+00,main,false,fall,83
/mnt/pd/tema1/new/results/ml_samples/N8_sw0.30_x-4_i0076.h5,8,3.000000000e-01,-4,-1.063500045e+00,main,false,fall,115
/mnt/pd/tema1/new/results/ml_samples/N8_sw0.30_x-4_i0062.h5,8,3.000000000e-01,-4,-1.063500045e+00,main,false,fall,193
/mnt/pd/tema1/new/results/ml_samples/N8_sw0.30_x-4_i0070.h5,8,3.000000000e-01,-4,-1.063500045e+00,main,false,fall,150
/mnt/pd/tema1/new/results/ml_samples/N8_sw0.30_x-4_i0082.h5,8,3.000000000e-01,-4,-1.063500045e+00,main,false,fall,131
/mnt/pd/tema1/new/results/ml_samples/N8_sw0.30_x-4_i0072.h5,8,3.000000000e-01,-4,-1.063500045e+00,main,false,fall,170
/mnt/pd/tema1/new/results/ml_samples/N8_sw0.30_x-4_i0074.h5,8,3.000000000e-01,-4,-1.063500045e+00,main,false,fall,169
/mnt/pd/tema1/new/results/ml_samples/N8_sw0.30_x-4_i0094.h5,8,3.000000000e-01,-4,-1.063500045e+00,main,false,fall,105
/mnt/pd/tema1/new/results/ml_samples/N8_sw0.30_x-4_i0042.h5,8,3.000000000e-01,-4,-1.063500045e+00,main,false,fall,305
/mnt/pd/tema1/new/results/ml_samples/N8_sw0.30_x-4_i0098.h5,8,3.000000000e-01,-4,-1.063500045e+00,main,false,fall,96
/mnt/pd/tema1/new/results/ml_samples/N8_sw0.30_x-4_i0092.h5,8,3.000000000e-01,-4,-1.063500045e+00,main,false,fall,206
/mnt/pd/tema1/new/results/ml_samples/N8_sw0.30_x-2_i0044.h5,8,3.000000000e-01,-2,-3.175002257e-02,main,false,fall,1003
/mnt/pd/tema1/new/results/ml_samples/N8_sw0.30_x-4_i0088.h5,8,3.000000000e-01,-4,-1.063500045e+00,main,false,fall,279
/mnt/pd/tema1/new/results/ml_samples/N8_sw0.30_x-4_i0086.h5,8,3.000000000e-01,-4,-1.063500045e+00,main,false,fall,426
/mnt/pd/tema1/new/results/ml_samples/N8_sw0.30_x-1_i0126.h5,8,3.000000000e-01,-1,4.841249887e-01,main,true,fall,2491
/mnt/pd/tema1/new/results/ml_samples/N8_sw0.30_x-1_i0162.h5,8,3.000000000e-01,-1,4.841249887e-01,main,true,fall,2037
/mnt/pd/tema1/new/results/ml_samples/N8_sw0.30_x-4_i0044.h5,8,3.000000000e-01,-4,-1.063500045e+00,main,false,fall,919
/mnt/pd/tema1/new/results/ml_samples/N8_sw0.30_x-4_i0078.h5,8,3.000000000e-01,-4,-1.063500045e+00,main,false,fall,860
/mnt/pd/tema1/new/results/ml_samples/N8_sw0.30_x-2_i0066.h5,8,3.000000000e-01,-2,-3.175002257e-02,main,false,fall,1536
/mnt/pd/tema1/new/results/ml_samples/N8_sw0.30_x-1_i0168.h5,8,3.000000000e-01,-1,4.841249887e-01,main,true,fall,2294
/mnt/pd/tema1/new/results/ml_samples/N8_sw0.30_x-2_i0098.h5,8,3.000000000e-01,-2,-3.175002257e-02,main,false,fall,1469
/mnt/pd/tema1/new/results/ml_samples/N8_sw0.30_x-1_i0004.h5,8,3.000000000e-01,-1,4.841249887e-01,main,true,rise,3625
/mnt/pd/tema1/new/results/ml_samples/N8_sw0.30_x-1_i0194.h5,8,3.000000000e-01,-1,4.841249887e-01,main,true,fall,2230
/mnt/pd/tema1/new/results/ml_samples/N8_sw0.30_x-1_i0110.h5,8,3.000000000e-01,-1,4.841249887e-01,main,true,fall,3341
