hdf5_path,N,sigma_w,x,Fbar_l,split,valid,outcome,n_frames
/mnt/pd/tema1/new/results/ml_samples/N1_sw0.15_x+0_i0001.h5,1,1.500000000e-01,0,1.000000000e+00,main,true,fall,1097
/mnt/pd/tema1/new/results/ml_samples/N1_sw0.15_x+0_i0045.h5,1,1.500000000e-01,0,1.000000000e+00,main,true,fall,159
/mnt/pd/tema1/new/results/ml_samples/N1_sw0.15_x+0_i0049.h5,1,1.500000000e-01,0,1.000000000e+00,main,true,fall,296
/mnt/pd/tema1/new/results/ml_samples/N1_sw0.15_x+0_i0003.h5,1,1.500000000e-01,0,1.000000000e+00,main,true,fall,1242
/mnt/pd/tema1/new/results/ml_samples/N1_sw0.15_x+0_i0009.h5,1,1.500000000e-01,0,1.000000000e+00,main,true,fall,1074
/mnt/pd/tema1/new/results/ml_samples/N1_sw0.15_x+0_i0043.h5,1,1.500000000e-01,0,1.000000000e+00,main,true,fall,447
/mnt/pd/tema1/new/results/ml_samples/N1_sw0.15_x+0_i0007.h5,1,1.500000000e-01,0,1.000000000e+00,main,true,rise,1438
/mnt/pd/tema1/new/results/ml_samples/N1_sw0.15_x+0_i0039.h5,1,1.500000000e-01,0,1.000000000e+00,main,true,rise,795
/mnt/pd/tema1/new/results/ml_samples/N1_sw0.15_x+0_i0021.h5,1,1.500000000e-01,0,1.000000000e+00,main,true,rise,1192
/mnt/pd/tema1/new/results/ml_samples/N1_sw0.15_x+0_i0031.h5,1,1.500000000e-01,0,1.000000000e+00,main,true,rise,2329
/mnt/pd/tema1/new/results/ml_samples/N1_sw0.15_x+0_i0023.h5,1,1.500000000e-01,0,1.000000000e+00,main,true,rise,1241
/mnt/pd/tema1/new/results/ml_samples/N1_sw0.15_x+0_i0015.h5,1,1.500000000e-01,0,1.000000000e+00,main,true,rise,1326
/mnt/pd/tema1/new/results/ml_samples/N1_sw0.15_x+0_i0051.h5,1,1.500000000e-01,0,1.000000000e+00,main,true,rise,1116
/mnt/pd/tema1/new/results/ml_samples/N1_sw0.15_x+0_i0061.h5,1,1.500000000e-01,0,1.000000000e+00,main,true,fall,353
/mnt/pd/tema1/new/results/ml_samples/N1_sw0.15_x+0_i0055.h5,1,1.500000000e-01,0,1.000000000e+00,main,true,rise,1150
/mnt/pd/tema1/new/results/ml_samples/N1_sw0.15_x+0_i0075.h5,1,1.500000000e-01,0,1.000000000e+00,main,true,fall,342
/mnt/pd/tema1/new/results/ml_samples/N1_sw0.15_x+0_i0033.h5,1,1.500000000e-01,0,1.000000000e+00,main,true,fall,1291
/mnt/pd/tema1/new/results/ml_samples/N1_sw0.15_x+0_i0025.h5,1,1.500000000e-01,0,1.000000000e+00,main,true,fall,1539
/mnt/pd/tema1/new/results/ml_samples/N1_sw0.15_x+0_i0035.h5,1,1.500000000e-01,0,1.000000000e+00,main,true,fall,1422
/mnt/pd/tema1/new/results/ml_samples/N1_sw0.15_x+0_i0027.h5,1,1.500000000e-01,0,1.000000000e+00,main,true,fall,1302
/mnt/pd/tema1/new/results/ml_samples/N1_sw0.15_x+0_i0065.h5,1,1.500000000e-01,0,1.000000000e+00,main,true,fall,687
/mnt/pd/tema1/new/results/ml_samples/N1_sw0.15_x+0_i0067.h5,1,1.500000000e-01,0,1.000000000e+00,main,true,fall,550
/mnt/pd/tema1/new/results/ml_samples/N1_sw0.15_x+0_i0017.h5,1,1.500000000e-01,0,1.000000000e+00,main,true,fall,2211
/mnt/pd/tema1/new/results/ml_samples/N1_sw0.15_x+0_i0005.h5,1,1.500000000e-01,0,1.000000000e+00,main,true,fall,4925
/mnt/pd/tema1/new/results/ml_samples/N1_sw0.15_x+0_i0085.h5,1,1.500000000e-01,0,1.000000000e+00,main,true,fall,323
/mnt/pd/tema1/new/results/ml_samples/N1_sw0.15_x+0_i0037.h5,1,1.500000000e-01,0,1.000000000e+00,main,true,fall,2022
/mnt/pd/tema1/new/results/ml_samples/N1_sw0.15_x+0_i0081.h5,1,1.500000000e-01,0,1.000000000e+00,main,true,fall,514
/mnt/pd/tema1/new/results/ml_samples/N1_sw0.15_x+0_i0019.h5,1,1.500000000e-01,0,1.000000000e+00,main,true,fall,2670
/mnt/pd/tema1/new/results/ml_samples/N1_sw0.15_x+0_i0059.h5,1,1.500000000e-01,0,1.000000000e+00,main,true,rise,1478
/mnt/pd/tema1/new/results/ml_samples/N1_sw0.15_x+0_i0099.h5,1,1.500000000e-01,0,1.000000000e+00,main,true,fall,198
/mnt/pd/tema1/new/results/ml_samples/N1_sw0.15_x+0_i0063.h5,1,1.500000000e-01,0,1.000000000e+00,main,true,fall,1530
/mnt/pd/tema1/new/results/ml_samples/N1_sw0.15_x+0_i0097.h5,1,1.500000000e-01,0,1.000000000e+00,main,true,fall,308
/mnt/pd/tema1/new/results/ml_samples/N1_sw0.15_x+0_i0011.h5,1,1.500000000e-01,0,1.000000000e+00,main,true,fall,2956
/mnt/pd/tema1/new/results/ml_samples/N1_sw0.15_x+0_i0091.h5,1,1.500000000e-01,0,1.000000000e+00,main,true,fall,607
/mnt/pd/tema1/new/results/ml_samples/N1_sw0.15_x+0_i0093.h5,1,1.500000000e-01,0,1.000000000e+00,main,true,fall,519
/mnt/pd/tema1/new/results/ml_samples/N1_sw0.15_x+0_i0053.h5,1,1.500000000e-01,0,1.000000000e+00,main,true,rise,2535
/mnt/pd/tema1/new/results/ml_samples/N1_sw0.15_x+0_i0087.h5,1,1.500000000e-01,0,1.000000000e+00,main,true,fall,2740
/mnt/pd/tema1/new/results/ml_samples/N1_sw0.15_x+0_i0013.h5,1,1.500000000e-01,0,1.000000000e+00,main,true,rise,3325
/mnt/pd/tema1/new/results/ml_samples/N1_sw0.15_x+0_i0103.h5,1,1.500000000e-01,0,1.000000000e+00,main,true,rise,1637
/mnt/pd/tema1/new/results/ml_samples/N1_sw0.15_x+0_i0041.h5,1,1.500000000e-01,0,1.000000000e+00,main,true,fall,2960
/mnt/pd/tema1/new/results/ml_samples/N1_sw0.15_x+0_i0069.h5,1,1.500000000e-01,0,1.000000000e+00,main,true,fall,1967
/mnt/pd/tema1/new/results/ml_samples/N1_sw0.15_x+0_i0123.h5,1,1.500000000e-01,0,1.000000000e+00,main,true,fall,321
/mnt/pd/tema1/new/results/ml_samples/N1_sw0.15_x+0_i0083.h5,1,1.500000000e-01,0,1.000000000e+00,main,true,fall,1716
/mnt/pd/tema1/new/results/ml_samples/N1_sw0.15_x+0_i0129.h5,1,1.500000000e-01,0,1.000000000e+00,main,true,fall,283
/mnt/pd/tema1/new/results/ml_samples/N1_sw0.15_x+0_i0107.h5,1,1.500000000e-01,0,1.000000000e+00,main,true,fall,819
/mnt/pd/tema1/new/results/ml_samples/N1_sw0.15_x+0_i0109.h5,1,1.500000000e-01,0,1.000000000e+00,main,true,fall,976
/mnt/pd/tema1/new/results/ml_samples/N1_sw0.15_x+0_i0073.h5,1,1.500000000e-01,0,1.000000000e+00,main,true,fall,2349
/mnt/pd/tema1/new/results/ml_samples/N1_sw0.15_x+0_i0057.h5,1,1.500000000e-01,0,1.000000000e+00,main,true,rise,2972
/mnt/pd/tema1/new/results/ml_samples/N1_sw0.15_x+0_i0119.h5,1,1.500000000e-01,0,1.000000000e+00,main,true,fall,965
/mnt/pd/tema1/new/results/ml_samples/N1_sw0.15_x+0_i0143.h5,1,1.500000000e-01,0,1.000000000e+00,main,true,fall,635
/mnt/pd/tema1/new/results/ml_samples/N1_sw0.15_x+0_i0139.h5,1,1.500000000e-01,0,1.000000000e+00,main,true,fall,373
/mnt/pd/tema1/new/results/ml_samples/N1_sw0.15_x+0_i0029.h5,1,1.500000000e-01,0,1.000000000e+00,main,true,fall,4136
/mnt/pd/tema1/new/results/ml_samples/N1_sw0.15_x+0_i0121.h5,1,1.500000000e-01,0,1.000000000e+00,main,true,fall,1244
/mnt/pd/tema1/new/results/ml_samples/N1_sw0.15_x+0_i0095.h5,1,1.500000000e-01,0,1.000000000e+00,main,true,fall,2268
/mnt/pd/tema1/new/results/ml_samples/N1_sw0.15_x+0_i0149.h5,1,1.500000000e-01,0,1.000000000e+00,main,true,fall,295
/mnt/pd/tema1/new/results/ml_samples/N1_sw0.15_x+0_i0047.h5,1,1.500000000e-01,0,1.000000000e+00,main,true,fall,4225
/mnt/pd/tema1/new/results/ml_samples/N1_sw0.15_x+0_i0111.h5,1,1.500000000e-01,0,1.000000000e+00,main,true,rise,1727
/mnt/pd/tema1/new/results/ml_samples/N1_sw0.15_x+0_i0145.h5,1,1.500000000e-01,0,1.000000000e+00,main,true,rise,752
/mnt/pd/tema1/new/results/ml_samples/N1_sw0.15_x+0_i0155.h5,1,1.500000000e-01,0,1.000000000e+00,main,true,fall,844
/mnt/pd/tema1/new/results/ml_samples/N1_sw0.15_x+0_i0151.h5,1,1.500000000e-01,0,1.000000000e+00,main,true,fall,500
/mnt/pd/tema1/new/results/ml_samples/N1_sw0.15_x+0_i0147.h5,1,1.500000000e-01,0,1.000000000e+00,main,true,fall,1067
/mnt/pd/tema1/new/results/ml_samples/N1_sw0.15_x+0_i0173.h5,1,1.500000000e-01,0,1.000000000e+00,main,true,fall,305
/mnt/pd/tema1/new/results/ml_samples/N1_sw0.15_x+0_i0135.h5,1,1.500000000e-01,0,1.000000000e+00,main,true,fall,1670
/mnt/pd/tema1/new/results/ml_samples/N1_sw0.15_x+0_i0113.h5,1,1.500000000e-01,0,1.000000000e+00,main,true,rise,2546
/mnt/pd/tema1/new/results/ml_samples/N1_sw0.15_x+0_i0153.h5,1,1.500000000e-01,0,1.000000000e+00,main,true,fall,981
/mnt/pd/tema1/new/results/ml_samples/N1_sw0.15_x+0_i0161.h5,1,1.500000000e-01,0,1.000000000e+00,main,true,fall,910
/mnt/pd/tema1/new/results/ml_samples/N1_sw0.15_x+0_i0157.h5,1,1.500000000e-01,0,1.000000000e+00,main,true,rise,929
/mnt/pd/tema1/new/results/ml_samples/N1_sw0.15_x+0_i0171.h5,1,1.500000000e-01,0,1.000000000e+00,main,true,fall,600
/mnt/pd/tema1/new/results/ml_samples/N1_sw0.15_x+0_i0071.h5,1,1.500000000e-01,0,1.000000000e+00,main,true,fall,4575
/mnt/pd/tema1/new/results/ml_samples/N1_sw0.15_x+0_i0175.h5,1,1.500000000e-01,0,1.000000000e+00,main,true,fall,483
/mnt/pd/tema1/new/results/ml_samples/N1_sw0.15_x+0_i0141.h5,1,1.500000000e-01,0,1.000000000e+00,main,true,fall,2071
/mnt/pd/tema1/new/results/ml_samples/N1_sw0.15_x+0_i0117.h5,1,1.500000000e-01,0,1.000000000e+00,main,true,fall,3219
/mnt/pd/tema1/new/results/ml_samples/N1_sw0.15_x+0_i0165.h5,1,1.500000000e-01,0,1.000000000e+00,main,true,rise,1263
/mnt/pd/tema1/new/results/ml_samples/N1_sw0.15_x+0_i0169.h5,1,1.500000000e-01,0,1.000000000e+00,main,true,fall,1262
/mnt/pd/tema1/new/results/ml_samples/N1_sw0.15_x+0_i0101.h5,1,1.500000000e-01,0,1.000000000e+00,main,true,rise,3980
/mnt/pd/tema1/new/results/ml_samples/N1_sw0.15_x+0_i0133.h5,1,1.500000000e-01,0,1.000000000e+00,main,true,timeout,6001
/mnt/pd/tema1/new/results/ml_samples/N1_sw0.15_x+0_i0193.h5,1,1.500000000e-01,0,1.000000000e+00,main,true,fall,348
/mnt/pd/tema1/new/results/ml_samples/N1_sw0.15_x+0_i0079.h5,1,1.500000000e-01,0,1.000000000e+00,main,true,rise,4950
/mnt/pd/tema1/new/results/ml_samples/N1_sw0.15_x+0_i0115.h5,1,1.500000000e-01,0,1.000000000e+00,main,true,rise,4029
/mnt/pd/tema1/new/results/ml_samples/N1_sw0.15_x+0_i0179.h5,1,1.500000000e-01,0,1.000000000e+00,main,true,fall,2437
/mnt/pd/tema1/new/results/ml_samples/N1_sw0.15_x+0_i0105.h5,1,1.500000000e-01,0,1.000000000e+00,main,true,fall,3914
/mnt/pd/tema1/new/results/ml_samples/N1_sw0.15_x+0_i0125.h5,1,1.500000000e-01,0,1.000000000e+00,main,true,rise,4008
/mnt/pd/tema1/new/results/ml_samples/N1_sw0.15_x+0_i0167.h5,1,1.500000000e-01,0,1.000000000e+00,main,true,rise,2074
/mnt/pd/tema1/new/results/ml_samples/N1_sw0.15_x+0_i0177.h5,1,1.500000000e-01,0,1.000000000e+00,main,true,fall,1416
/mnt/pd/tema1/new/results/ml_samples/N1_sw0.15_x+0_i0077.h5,1,1.500000000e-01,0,1.000000000e+00,main,true,fall,5669
/mnt/pd/tema1/new/results/ml_samples/N1_sw0.15_x+1_i0003.h5,1,1.500000000e-01,1,1.034558572e+00,main,true,fall,542
/mnt/pd/tema1/new/results/ml_samples/N1_sw0.15_x+0_i0191.h5,1,1.500000000e-01,0,1.000000000e+00,main,true,rise,1092
/mnt/pd/tema1/new/results/ml_samples/N1_sw0.15_x+0_i0183.h5,1,1.500000000e-01,0,1.000000000e+00,main,true,fall,1322
/mnt/pd/tema1/new/results/ml_samples/N1_sw0.15_x+0_i0185.h5,1,1.500000000e-01,0,1.000000000e+00,main,true,rise,1502
/mnt/pd/tema1/new/results/ml_samples/N1_sw0.15_x+0_i0189.h5,1,1.500000000e-01,0,1.000000000e+00,main,true,fall,1380
/mnt/pd/tema1/new/results/ml_samples/N1_sw0.15_x+0_i0137.h5,1,1.500000000e-01,0,1.000000000e+00,main,true,rise,3828
/mnt/pd/tema1/new/results/ml_samples/N1_sw0.15_x+0_i0127.h5,1,1.500000000e-01,0,1.000000000e+00,main,true,rise,4627
/mnt/pd/tema1/new/results/ml_samples/N1_sw0.15_x+0_i0195.h5,1,1.500000000e-01,0,1.000000000e+00,main,true,rise,1419
/mnt/pd/tema1/new/results/ml_samples/N1_sw0.15_x+0_i0197.h5,1,1.500000000e-01,0,1.000000000e+00,main,true,rise,1503
/mnt/pd/tema1/new/results/ml_samples/N1_sw0.15_x+1_i0007.h5,1,1.500000000e-01,1,1.034558572e+00,main,true,rise,2233
/mnt/pd/tema1/new/results/ml_samples/N1_sw0.15_x+0_i0089.h5,1,1.500000000e-01,0,1.000000000e+00,main,true,timeout,6001
/mnt/pd/tema1/new/results/ml_samples/N1_sw0.15_x+1_i0025.h5,1,1.500000000e-01,1,1.034558572e+00,main,true,fall,290
/mnt/pd/tema1/new/results/ml_samples/N1_sw0.15_x+1_i0031.h5,1,1.500000000e-01,1,1.034558572e+00,main,true,fall,228
/mnt/pd/tema1/new/results/ml_samples/N1_sw0.15_x+1_i0001.h5,1,1.500000000e-01,1,1.034558572e+00,main,true,rise,1408
/mnt/pd/tema1/new/results/ml_samples/N1_sw0.15_x+1_i0009.h5,1,1.500000000e-01,1,1.034558572e+00,main,true,rise,1093
/mnt/pd/tema1/new/results/ml_samples/N1_sw0.15_x+1_i0017.h5,1,1.500000000e-01,1,1.034558572e+00,main,true,rise,619
/mnt/pd/tema1/new/results/ml_samples/N1_sw0.15_x+0_i0187.h5,1,1.500000000e-01,0,1.000000000e+00,main,true,fall,1996
/mnt/pd/tema1/new/results/ml_samples/N1_sw0.15_x+1_i0015.h5,1,1.500000000e-01,1,1.034558572e+00,main,true,rise,2241
/mnt/pd/tema1/new/results/ml_samples/N1_sw0.15_x+1_i0045.h5,1,1.500000000e-01,1,1.034558572e+00,main,true,fall,440
/mnt/pd/tema1/new/results/ml_samples/N1_sw0.15_x+1_i0013.h5,1,1.500000000e-01,1,1.034558572e+00,main,true,rise,1231
/mnt/pd/tema1/new/results/ml_samples/N1_sw0.15_x+1_i0011.h5,1,1.500000000e-01,1,1.034558572e+00,main,true,fall,1228
/mnt/pd/tema1/new/results/ml_samples/N1_sw0.15_x+0_i0159.h5,1,1.500000000e-01,0,1.000000000e+00,main,true,fall,3351
/mnt/pd/tema1/new/results/ml_samples/N1_sw0.15_x+1_i0029.h5,1,1.500000000e-01,1,1.034558572e+00,main,true,rise,932
/mnt/pd/tema1/new/results/ml_samples/N1_sw0.15_x+1_i0047.h5,1,1.500000000e-01,1,1.034558572e+00,main,true,fall,660
/mnt/pd/tema1/new/results/ml_samples/N1_sw0.15_x+1_i0041.h5,1,1.500000000e-01,1,1.034558572e+00,main,true,rise,779
/mnt/pd/tema1/new/results/ml_samples/N1_sw0.15_x+1_i0063.h5,1,1.500000000e-01,1,1.034558572e+00,main,true,rise,961
/mnt/pd/tema1/new/results/ml_samples/N1_sw0.15_x+0_i0181.h5,1,1.500000000e-01,0,1.000000000e+00,main,true,rise,3353
/mnt/pd/tema1/new/results/ml_samples/N1_sw0.15_x+1_i0035.h5,1,1.500000000e-01,1,1.034558572e+00,main,true,rise,964
/mnt/pd/tema1/new/results/ml_samples/N1_sw0.15_x+1_i0033.h5,1,1.500000000e-01,1,1.034558572e+00,main,true,rise,1119
/mnt/pd/tema1/new/results/ml_samples/N1_sw0.15_x+1_i0049.h5,1,1.500000000e-01,1,1.034558572e+00,main,true,rise,977
/mnt/pd/tema1/new/results/ml_samples/N1_sw0.15_x+1_i0069.h5,1,1.500000000e-01,1,1.034558572e+00,main,true,fall,324
/mnt/pd/tema1/new/results/ml_samples/N1_sw0.15_x+1_i0061.h5,1,1.500000000e-01,1,1.034558572e+00,main,true,rise,1780
/mnt/pd/tema1/new/results/ml_samples/N1_sw0.15_x+1_i0053.h5,1,1.500000000e-01,1,1.034558572e+00,main,true,rise,1138
/mnt/pd/tema1/new/results/ml_samples/N1_sw0.15_x+1_i0055.h5,1,1.500000000e-01,1,1.034558572e+00,main,true,fall,986
/mnt/pd/tema1/new/results/ml_samples/N1_sw0.15_x+0_i0131.h5,1,1.500000000e-01,0,1.000000000e+00,main,true,timeout,6001
/mnt/pd/tema1/new/results/ml_samples/N1_sw0.15_x+1_i0067.h5,1,1.500000000e-01,1,1.034558572e+00,main,true,rise,634
/mnt/pd/tema1/new/results/ml_samples/N1_sw0.15_x+1_i0019.h5,1,1.500000000e-01,1,1.034558572e+00,main,true,fall,2048
/mnt/pd/tema1/new/results/ml_samples/N1_sw0.15_x+1_i0039.h5,1,1.500000000e-01,1,1.034558572e+00,main,true,rise,1828
/mnt/pd/tema1/new/results/ml_samples/N1_sw0.15_x+1_i0037.h5,1,1.500000000e-01,1,1.034558572e+00,main,true,rise,1909
/mnt/pd/tema1/new/results/ml_samples/N1_sw0.15_x+1_i0065.h5,1,1.500000000e-01,1,1.034558572e+00,main,true,fall,1030
/mnt/pd/tema1/new/results/ml_samples/N1_sw0.15_x+1_i0081.h5,1,1.500000000e-01,1,1.034558572e+00,main,true,fall,249
/mnt/pd/tema1/new/results/ml_samples/N1_sw0.15_x+1_i0089.h5,1,1.500000000e-01,1,1.034558572e+00,main,true,rise,1004
/mnt/pd/tema1/new/results/ml_samples/N1_sw0.15_x+1_i0093.h5,1,1.500000000e-01,1,1.034558572e+00,main,true,fall,362
/mnt/pd/tema1/new/results/ml_samples/N1_sw0.15_x+1_i0043.h5,1,1.500000000e-01,1,1.034558572e+00,main,true,rise,2142
/mnt/pd/tema1/new/results/ml_samples/N1_sw0.15_x+1_i0057.h5,1,1.500000000e-01,1,1.034558572e+00,main,true,fall,1606
/mnt/pd/tema1/new/results/ml_samples/N1_sw0.15_x+1_i0079.h5,1,1.500000000e-01,1,1.034558572e+00,main,true,rise,875
/mnt/pd/tema1/new/results/ml_samples/N1_sw0.15_x+1_i0097.h5,1,1.500000000e-01,1,1.034558572e+00,main,true,rise,626
/mnt/pd/tema1/new/results/ml_samples/N1_sw0.15_x+1_i0071.h5,1,1.500000000e-01,1,1.034558572e+00,main,true,fall,1412
/mnt/pd/tema1/new/results/ml_samples/N1_sw0.15_x+1_i0059.h5,1,1.500000000e-01,1,1.034558572e+00,main,true,rise,2257
/mnt/pd/tema1/new/results/ml_samples/N1_sw0.15_x+1_i0005.h5,1,1.500000000e-01,1,1.034558572e+00,main,true,rise,4006
/mnt/pd/tema1/new/results/ml_samples/N1_sw0.15_x+1_i0085.h5,1,1.500000000e-01,1,1.034558572e+00,main,true,fall,1180
/mnt/pd/tema1/new/results/ml_samples/N1_sw0.15_x+1_i0109.h5,1,1.500000000e-01,1,1.034558572e+00,main,true,rise,1328
/mnt/pd/tema1/new/results/ml_samples/N1_sw0.15_x+1_i0091.h5,1,1.500000000e-01,1,1.034558572e+00,main,true,fall,898
/mnt/pd/tema1/new/results/ml_samples/N1_sw0.15_x+1_i0101.h5,1,1.500000000e-01,1,1.034558572e+00,main,true,rise,722
/mnt/pd/tema1/new/results/ml_samples/N1_sw0.15_x+0_i0163.h5,1,1.500000000e-01,0,1.000000000e+00,main,true,timeout,6001
/mnt/pd/tema1/new/results/ml_samples/N1_sw0.15_x+1_i0077.h5,1,1.500000000e-01,1,1.034558572e+00,main,true,rise,3010
/mnt/pd/tema1/new/results/ml_samples/N1_sw0.15_x+1_i0075.h5,1,1.500000000e-01,1,1.034558572e+00,main,true,rise,1305
/mnt/pd/tema1/new/results/ml_samples/N1_sw0.15_x+1_i0117.h5,1,1.500000000e-01,1,1.034558572e+00,main,true,fall,295
/mnt/pd/tema1/new/results/ml_samples/N1_sw0.15_x+1_i0103.h5,1,1.500000000e-01,1,1.034558572e+00,main,true,rise,974
/mnt/pd/tema1/new/results/ml_samples/N1_sw0.15_x+1_i0087.h5,1,1.500000000e-01,1,1.034558572e+00,main,true,fall,1579
/mnt/pd/tema1/new/results/ml_samples/N1_sw0.15_x+1_i0095.h5,1,1.500000000e-01,1,1.034558572e+00,main,true,fall,1552
/mnt/pd/tema1/new/results/ml_samples/N1_sw0.15_x+1_i0051.h5,1,1.500000000e-01,1,1.034558572e+00,main,true,fall,3195
/mnt/pd/tema1/new/results/ml_samples/N1_sw0.15_x+0_i0199.h5,1,1.500000000e-01,0,1.000000000e+00,main,true,rise,4991
/mnt/pd/tema1/new/results/ml_samples/N1_sw0.15_x+1_i0115.h5,1,1.500000000e-01,1,1.034558572e+00,main,true,rise,1131
/mnt/pd/tema1/new/results/ml_samples/N1_sw0.15_x+1_i0121.h5,1,1.500000000e-01,1,1.034558572e+00,main,true,fall,846
/mnt/pd/tema1/new/results/ml_samples/N1_sw0.15_x+1_i0027.h5,1,1.500000000e-01,1,1.034558572e+00,main,true,rise,4431
/mnt/pd/tema1/new/results/ml_samples/N1_sw0.15_x+1_i0083.h5,1,1.500000000e-01,1,1.034558572e+00,main,true,rise,2239
/mnt/pd/tema1/new/results/ml_samples/N1_sw0.15_x+1_i0099.h5,1,1.500000000e-01,1,1.034558572e+00,main,true,fall,1940
/mnt/pd/tema1/new/results/ml_samples/N1_sw0.15_x+1_i0129.h5,1,1.500000000e-01,1,1.034558572e+00,main,true,rise,1369
/mnt/pd/tema1/new/results/ml_samples/N1_sw0.15_x+1_i0107.h5,1,1.500000000e-01,1,1.034558572e+00,main,true,rise,1958
/mnt/pd/tema1/new/results/ml_samples/N1_sw0.15_x+1_i0125.h5,1,1.500000000e-01,1,1.034558572e+00,main,true,rise,1098
/mnt/pd/tema1/new/results/ml_samples/N1_sw0.15_x+1_i0139.h5,1,1.500000000e-01,1,1.034558572e+00,main,true,rise,748
/mnt/pd/tema1/new/results/ml_samples/N1_sw0.15_x+1_i0137.h5,1,1.500000000e-01,1,1.034558572e+00,main,true,rise,2016
/mnt/pd/tema1/new/results/ml_samples/N1_sw0.15_x+1_i0105.h5,1,1.500000000e-01,1,1.034558572e+00,main,true,rise,1834
/mnt/pd/tema1/new/results/ml_samples/N1_sw0.15_x+1_i0141.h5,1,1.500000000e-01,1,1.034558572e+00,main,true,rise,955
/mnt/pd/tema1/new/results/ml_samples/N1_sw0.15_x+1_i0147.h5,1,1.500000000e-01,1,1.034558572e+00,main,true,fall,713
/mnt/pd/tema1/new/results/ml_samples/N1_sw0.15_x+1_i0023.h5,1,1.500000000e-01,1,1.034558572e+00,main,true,rise,5010
/mnt/pd/tema1/new/results/ml_samples/N1_sw0.15_x+1_i0149.h5,1,1.500000000e-01,1,1.034558572e+00,main,true,rise,511
/mnt/pd/tema1/new/results/ml_samples/N1_sw0.15_x+1_i0127.h5,1,1.500000000e-01,1,1.034558572e+00,main,true,rise,1648
/mnt/pd/tema1/new/results/ml_samples/N1_sw0.15_x+1_i0145.h5,1,1.500000000e-01,1,1.034558572e+00,main,true,rise,1302
/mnt/pd/tema1/new/results/ml_samples/N1_sw0.15_x+1_i0113.h5,1,1.500000000e-01,1,1.034558572e+00,main,true,rise,2123
/mnt/pd/tema1/new/results/ml_samples/N1_sw0.15_x+1_i0119.h5,1,1.500000000e-01,1,1.034558572e+00,main,true,rise,2185
/mnt/pd/tema1/new/results/ml_samples/N1_sw0.15_x+1_i0167.h5,1,1.500000000e-01,1,1.034558572e+00,main,true,fall,437
/mnt/pd/tema1/new/results/ml_samples/N1_sw0.15_x+1_i0177.h5,1,1.500000000e-01,1,1.034558572e+00,main,true,fall,279
/mnt/pd/tema1/new/results/ml_samples/N1_sw0.15_x+1_i0169.h5,1,1.500000000e-01,1,1.034558572e+00,main,true,rise,670
/mnt/pd/tema1/new/results/ml_samples/N1_sw0.15_x+1_i0171.h5,1,1.500000000e-01,1,1.034558572e+00,main,true,rise,1979
/mnt/pd/tema1/new/results/ml_samples/N1_sw0.15_x+1_i0161.h5,1,1.500000000e-01,1,1.034558572e+00,main,true,rise,1284
/mnt/pd/tema1/new/results/ml_samples/N1_sw0.15_x+1_i0021.h5,1,1.500000000e-01,1,1.034558572e+00,main,true,rise,5966
/mnt/pd/tema1/new/results/ml_samples/N1_sw0.15_x+1_i0151.h5,1,1.500000000e-01,1,1.034558572e+00,main,true,rise,1842
/mnt/pd/tema1/new/results/ml_samples/N1_sw0.15_x+1_i0131.h5,1,1.500000000e-01,1,1.034558572e+00,main,true,fall,2448
/mnt/pd/tema1/new/results/ml_samples/N1_sw0.15_x+1_i0179.h5,1,1.500000000e-01,1,1.034558572e+00,main,true,fall,443
/mnt/pd/tema1/new/results/ml_samples/N1_sw0.15_x+1_i0111.h5,1,1.500000000e-01,1,1.034558572e+00,main,true,rise,3102
/mnt/pd/tema1/new/results/ml_samples/N1_sw0.15_x+1_i0165.h5,1,1.500000000e-01,1,1.034558572e+00,main,true,rise,1572
/mnt/pd/tema1/new/results/ml_samples/N1_sw0.15_x+1_i0175.h5,1,1.500000000e-01,1,1.034558572e+00,main,true,rise,962
/mnt/pd/tema1/new/results/ml_samples/N1_sw0.15_x+1_i0187.h5,1,1.500000000e-01,1,1.034558572e+00,main,true,fall,1010
/mnt/pd/tema1/new/results/ml_samples/N1_sw0.15_x+1_i0123.h5,1,1.500000000e-01,1,1.034558572e+00,main,true,fall,3633
/mnt/pd/tema1/new/results/ml_samples/N1_sw0.15_x+1_i0163.h5,1,1.500000000e-01,1,1.034558572e+00,main,true,rise,4397
/mnt/pd/tema1/new/results/ml_samples/N1_sw0.15_x+1_i0191.h5,1,1.500000000e-01,1,1.034558572e+00,main,true,rise,1170
/mnt/pd/tema1/new/results/ml_samples/N1_sw0.15_x+1_i0155.h5,1,1.500000000e-01,1,1.034558572e+00,main,true,rise,2391
/mnt/pd/tema1/new/results/ml_samples/N1_sw0.15_x+1_i0185.h5,1,1.500000000e-01,1,1.034558572e+00,main,true,rise,1302
/mnt/pd/tema1/new/results/ml_samples/N1_sw0.15_x+1_i0153.h5,1,1.500000000e-01,1,1.034558572e+00,main,true,rise,2244
/mnt/pd/tema1/new/results/ml_samples/N1_sw0.15_x+2_i0005.h5,1,1.500000000e-01,2,1.069117145e+00,main,true,rise,618
/mnt/pd/tema1/new/results/ml_samples/N1_sw0.15_x+1_i0133.h5,1,1.500000000e-01,1,1.034558572e+00,main,true,rise,3623
/mnt/pd/tema1/new/results/ml_samples/N1_sw0.15_x+1_i0193.h5,1,1.500000000e-01,1,1.034558572e+00,main,true,rise,1355
/mnt/pd/tema1/new/results/ml_samples/N1_sw0.15_x+2_i0001.h5,1,1.500000000e-01,2,1.069117145e+00,main,true,rise,1030
/mnt/pd/tema1/new/results/ml_samples/N1_sw0.15_x+1_i0157.h5,1,1.500000000e-01,1,1.034558572e+00,main,true,rise,2916
/mnt/pd/tema1/new/results/ml_samples/N1_sw0.15_x+2_i0003.h5,1,1.500000000e-01,2,1.069117145e+00,main,true,rise,1182
/mnt/pd/tema1/new/results/ml_samples/N1_sw0.15_x+1_i0159.h5,1,1.500000000e-01,1,1.034558572e+00,main,true,fall,2935
/mnt/pd/tema1/new/results/ml_samples/N1_sw0.15_x+1_i0143.h5,1,1.500000000e-01,1,1.034558572e+00,main,true,rise,3447
/mnt/pd/tema1/new/results/ml_samples/N1_sw0.15_x+1_i0073.h5,1,1.500000000e-01,1,1.034558572e+00,main,true,rise,5974
/mnt/pd/tema1/new/results/ml_samples/N1_sw0.15_x+1_i0195.h5,1,1.500000000e-01,1,1.034558572e+00,main,true,rise,1522
/mnt/pd/tema1/new/results/ml_samples/N1_sw0.15_x+1_i0135.h5,1,1.500000000e-01,1,1.034558572e+00,main,true,fall,3935
/mnt/pd/tema1/new/results/ml_samples/N1_sw0.15_x+1_i0199.h5,1,1.500000000e-01,1,1.034558572e+00,main,true,rise,1241
/mnt/pd/tema1/new/results/ml_samples/N1_sw0.15_x+1_i0173.h5,1,1.500000000e-01,1,1.034558572e+00,main,true,rise,2557
/mnt/pd/tema1/new/results/ml_samples/N1_sw0.15_x+1_i0183.h5,1,1.500000000e-01,1,1.034558572e+00,main,true,rise,1844
/mnt/pd/tema1/new/results/ml_samples/N1_sw0.15_x+2_i0011.h5,1,1.500000000e-01,2,1.069117145e+00,main,true,rise,1011
/mnt/pd/tema1/new/results/ml_samples/N1_sw0.15_x+2_i0019.h5,1,1.500000000e-01,2,1.069117145e+00,main,true,rise,1686
/mnt/pd/tema1/new/results/ml_samples/N1_sw0.15_x+1_i0197.h5,1,1.500000000e-01,1,1.034558572e+00,main,true,fall,3706
/mnt/pd/tema1/new/results/ml_samples/N1_sw0.15_x+2_i0007.h5,1,1.500000000e-01,2,1.069117145e+00,main,true,rise,1389
/mnt/pd/tema1/new/results/ml_samples/N1_sw0.15_x+2_i0031.h5,1,1.500000000e-01,2,1.069117145e+00,main,true,rise,526
/mnt/pd/tema1/new/results/ml_samples/N1_sw0.15_x+2_i0021.h5,1,1.500000000e-01,2,1.069117145e+00,main,true,rise,500
/mnt/pd/tema1/new/results/ml_samples/N1_sw0.15_x+2_i0015.h5,1,1.500000000e-01,2,1.069117145e+00,main,true,rise,987
/mnt/pd/tema1/new/results/ml_samples/N1_sw0.15_x+1_i0189.h5,1,1.500000000e-01,1,1.034558572e+00,main,true,rise,2179
/mnt/pd/tema1/new/results/ml_samples/N1_sw0.15_x+2_i0035.h5,1,1.500000000e-01,2,1.069117145e+00,main,true,rise,459
/mnt/pd/tema1/new/results/ml_samples/N1_sw0.15_x+2_i0061.h5,1,1.500000000e-01,2,1.069117145e+00,main,true,rise,494
/mnt/pd/tema1/new/results/ml_samples/N1_sw0.15_x+2_i0059.h5,1,1.500000000e-01,2,1.069117145e+00,main,true,rise,590
/mnt/pd/tema1/new/results/ml_samples/N1_sw0.15_x+2_i0027.h5,1,1.500000000e-01,2,1.069117145e+00,main,true,rise,1004
/mnt/pd/tema1/new/results/ml_samples/N1_sw0.15_x+2_i0025.h5,1,1.500000000e-01,2,1.069117145e+00,main,true,rise,718
/mnt/pd/tema1/new/results/ml_samples/N1_sw0.15_x+2_i0049.h5,1,1.500000000e-01,2,1.069117145e+00,main,true,rise,578
/mnt/pd/tema1/new/results/ml_samples/N1_sw0.15_x+2_i0023.h5,1,1.500000000e-01,2,1.069117145e+00,main,true,rise,1273
/mnt/pd/tema1/new/results/ml_samples/N1_sw0.15_x+2_i0045.h5,1,1.500000000e-01,2,1.069117145e+00,main,true,rise,739
/mnt/pd/tema1/new/results/ml_samples/N1_sw0.15_x+2_i0047.h5,1,1.500000000e-01,2,1.069117145e+00,main,true,rise,727
/mnt/pd/tema1/new/results/ml_samples/N1_sw0.15_x+2_i0017.h5,1,1.500000000e-01,2,1.069117145e+00,main,true,rise,1049
/mnt/pd/tema1/new/results/ml_samples/N1_sw0.15_x+2_i0057.h5,1,1.500000000e-01,2,1.069117145e+00,main,true,rise,543
/mnt/pd/tema1/new/results/ml_samples/N1_sw0.15_x+2_i0009.h5,1,1.500000000e-01,2,1.069117145e+00,main,true,rise,2085
/mnt/pd/tema1/new/results/ml_samples/N1_sw0.15_x+2_i0041.h5,1,1.500000000e-01,2,1.069117145e+00,main,true,rise,753
/mnt/pd/tema1/new/results/ml_samples/N1_sw0.15_x+2_i0051.h5,1,1.500000000e-01,2,1.069117145e+00,main,true,rise,924
/mnt/pd/tema1/new/results/ml_samples/N1_sw0.15_x+2_i0055.h5,1,1.500000000e-01,2,1.069117145e+00,main,true,rise,647
/mnt/pd/tema1/new/results/ml_samples/N1_sw0.15_x+2_i0053.h5,1,1.500000000e-01,2,1.069117145e+00,main,true,rise,913
/mnt/pd/tema1/new/results/ml_samples/N1_sw0.15_x+2_i0039.h5,1,1.500000000e-01,2,1.069117145e+00,main,true,rise,709
/mnt/pd/tema1/new/results/ml_samples/N1_sw0.15_x+2_i0033.h5,1,1.500000000e-01,2,1.069117145e+00,main,true,rise,916
/mnt/pd/tema1/new/results/ml_samples/N1_sw0.15_x+1_i0181.h5,1,1.500000000e-01,1,1.034558572e+00,main,true,rise,3804
/mnt/pd/tema1/new/results/ml_samples/N1_sw0.15_x+2_i0063.h5,1,1.500000000e-01,2,1.069117145e+00,main,true,fall,765
/mnt/pd/tema1/new/results/ml_samples/N1_sw0.15_x+2_i0043.h5,1,1.500000000e-01,2,1.069117145e+00,main,true,rise,826
/mnt/pd/tema1/new/results/ml_samples/N1_sw0.15_x+2_i0077.h5,1,1.500000000e-01,2,1.069117145e+00,main,true,rise,974
/mnt/pd/tema1/new/results/ml_samples/N1_sw0.15_x+2_i0067.h5,1,1.500000000e-01,2,1.069117145e+00,main,true,rise,760
/mnt/pd/tema1/new/results/ml_samples/N1_sw0.15_x+2_i0037.h5,1,1.500000000e-01,2,1.069117145e+00,main,true,rise,1027
/mnt/pd/tema1/new/results/ml_samples/N1_sw0.15_x+2_i0071.h5,1,1.500000000e-01,2,1.069117145e+00,main,true,rise,1139
/mnt/pd/tema1/new/results/ml_samples/N1_sw0.15_x+2_i0099.h5,1,1.500000000e-01,2,1.069117145e+00,main,true,fall,338
/mnt/pd/tema1/new/results/ml_samples/N1_sw0.15_x+4_i0015.h5,1,1.500000000e-01,4,1.138234290e+00,main,true,rise,631
/mnt/pd/tema1/new/results/ml_samples/N1_sw0.15_x+2_i0065.h5,1,1.500000000e-01,2,1.069117145e+00,main,true,rise,817
/mnt/pd/tema1/new/results/ml_samples/N1_sw0.15_x+4_i0011.h5,1,1.500000000e-01,4,1.138234290e+00,main,true,rise,322
/mnt/pd/tema1/new/results/ml_samples/N1_sw0.15_x+4_i0001.h5,1,1.500000000e-01,4,1.138234290e+00,main,true,rise,528
/mnt/pd/tema1/new/results/ml_samples/N1_sw0.15_x+2_i0097.h5,1,1.500000000e-01,2,1.069117145e+00,main,true,rise,721
/mnt/pd/tema1/new/results/ml_samples/N1_sw0.15_x+2_i0095.h5,1,1.500000000e-01,2,1.069117145e+00,main,true,rise,774
/mnt/pd/tema1/new/results/ml_samples/N1_sw0.15_x+2_i0091.h5,1,1.500000000e-01,2,1.069117145e+00,main,true,rise,749
/mnt/pd/tema1/new/results/ml_samples/N1_sw0.15_x+4_i0017.h5,1,1.500000000e-01,4,1.138234290e+00,main,true,rise,368
/mnt/pd/tema1/new/results/ml_samples/N1_sw0.15_x+2_i0081.h5,1,1.500000000e-01,2,1.069117145e+00,main,true,rise,1086
/mnt/pd/tema1/new/results/ml_samples/N1_sw0.15_x+4_i0003.h5,1,1.500000000e-01,4,1.138234290e+00,main,true,rise,638
/mnt/pd/tema1/new/results/ml_samples/N1_sw0.15_x+4_i0007.h5,1,1.500000000e-01,4,1.138234290e+00,main,true,rise,629
/mnt/pd/tema1/new/results/ml_samples/N1_sw0.15_x+2_i0073.h5,1,1.500000000e-01,2,1.069117145e+00,main,true,rise,1421
/mnt/pd/tema1/new/results/ml_samples/N1_sw0.15_x+4_i0013.h5,1,1.500000000e-01,4,1.138234290e+00,main,true,rise,466
/mnt/pd/tema1/new/results/ml_samples/N1_sw0.15_x+4_i0009.h5,1,1.500000000e-01,4,1.138234290e+00,main,true,rise,707
/mnt/pd/tema1/new/results/ml_samples/N1_sw0.15_x+2_i0087.h5,1,1.500000000e-01,2,1.069117145e+00,main,true,rise,1271
/mnt/pd/tema1/new/results/ml_samples/N1_sw0.15_x+2_i0089.h5,1,1.500000000e-01,2,1.069117145e+00,main,true,rise,1343
/mnt/pd/tema1/new/results/ml_samples/N1_sw0.15_x+2_i0069.h5,1,1.500000000e-01,2,1.069117145e+00,main,true,rise,1976
/mnt/pd/tema1/new/results/ml_samples/N1_sw0.15_x+4_i0019.h5,1,1.500000000e-01,4,1.138234290e+00,main,true,rise,754
/mnt/pd/tema1/new/results/ml_samples/N1_sw0.15_x+4_i0021.h5,1,1.500000000e-01,4,1.138234290e+00,main,true,rise,351
/mnt/pd/tema1/new/results/ml_samples/N1_sw0.15_x+2_i0085.h5,1,1.500000000e-01,2,1.069117145e+00,main,true,rise,1332
/mnt/pd/tema1/new/results/ml_samples/N1_sw0.15_x+4_i0025.h5,1,1.500000000e-01,4,1.138234290e+00,main,true,rise,483
/mnt/pd/tema1/new/results/ml_samples/N1_sw0.15_x+4_i0005.h5,1,1.500000000e-01,4,1.138234290e+00,main,true,rise,1086
/mnt/pd/tema1/new/results/ml_samples/N1_sw0.15_x+4_i0027.h5,1,1.500000000e-01,4,1.138234290e+00,main,true,rise,295
/mnt/pd/tema1/new/results/ml_samples/N1_sw0.15_x+2_i0075.h5,1,1.500000000e-01,2,1.069117145e+00,main,true,rise,3690
/mnt/pd/tema1/new/results/ml_samples/N1_sw0.15_x+4_i0023.h5,1,1.500000000e-01,4,1.138234290e+00,main,true,rise,561
/mnt/pd/tema1/new/results/ml_samples/N1_sw0.15_x+2_i0079.h5,1,1.500000000e-01,2,1.069117145e+00,main,true,rise,1967
/mnt/pd/tema1/new/results/ml_samples/N1_sw0.15_x+4_i0029.h5,1,1.500000000e-01,4,1.138234290e+00,main,true,rise,387
/mnt/pd/tema1/new/results/ml_samples/N1_sw0.15_x+2_i0013.h5,1,1.500000000e-01,2,1.069117145e+00,main,true,rise,3915
/mnt/pd/tema1/new/results/ml_samples/N1_sw0.15_x+4_i0033.h5,1,1.500000000e-01,4,1.138234290e+00,main,true,rise,457
/mnt/pd/tema1/new/results/ml_samples/N1_sw0.15_x+4_i0035.h5,1,1.500000000e-01,4,1.138234290e+00,main,true,rise,449
/mnt/pd/tema1/new/results/ml_samples/N1_sw0.15_x+4_i0037.h5,1,1.500000000e-01,4,1.138234290e+00,main,true,rise,374
/mnt/pd/tema1/new/results/ml_samples/N1_sw0.15_x+4_i0039.h5,1,1.500000000e-01,4,1.138234290e+00,main,true,rise,441
/mnt/pd/tema1/new/results/ml_samples/N1_sw0.15_x+2_i0029.h5,1,1.500000000e-01,2,1.069117145e+00,main,true,rise,3397
/mnt/pd/tema1/new/results/ml_samples/N1_sw0.15_x+4_i0043.h5,1,1.500000000e-01,4,1.138234290e+00,main,true,rise,423
/mnt/pd/tema1/new/results/ml_samples/N1_sw0.15_x+4_i0031.h5,1,1.500000000e-01,4,1.138234290e+00,main,true,rise,568
/mnt/pd/tema1/new/results/ml_samples/N1_sw0.15_x+4_i0041.h5,1,1.500000000e-01,4,1.138234290e+00,main,true,rise,453
/mnt/pd/tema1/new/results/ml_samples/N1_sw0.15_x+4_i0045.h5,1,1.500000000e-01,4,1.138234290e+00,main,true,rise,518
/mnt/pd/tema1/new/results/ml_samples/N1_sw0.15_x+4_i0065.h5,1,1.500000000e-01,4,1.138234290e+00,main,true,rise,578
/mnt/pd/tema1/new/results/ml_samples/N1_sw0.15_x+4_i0051.h5,1,1.500000000e-01,4,1.138234290e+00,main,true,rise,554
/mnt/pd/tema1/new/results/ml_samples/N1_sw0.15_x+2_i0093.h5,1,1.500000000e-01,2,1.069117145e+00,main,true,rise,1599
/mnt/pd/tema1/new/results/ml_samples/N1_sw0.15_x+4_i0067.h5,1,1.500000000e-01,4,1.138234290e+00,main,true,rise,295
/mnt/pd/tema1/new/results/ml_samples/N1_sw0.15_x+4_i0049.h5,1,1.500000000e-01,4,1.138234290e+00,main,true,rise,765
/mnt/pd/tema1/new/results/ml_samples/N1_sw0.15_x+2_i0083.h5,1,1.500000000e-01,2,1.069117145e+00,main,true,rise,2414
/mnt/pd/tema1/new/results/ml_samples/N1_sw0.15_x+4_i0057.h5,1,1.500000000e-01,4,1.138234290e+00,main,true,rise,466
/mnt/pd/tema1/new/results/ml_samples/N1_sw0.15_x+4_i0061.h5,1,1.500000000e-01,4,1.138234290e+00,main,true,rise,515
/mnt/pd/tema1/new/results/ml_samples/N1_sw0.15_x+4_i0071.h5,1,1.500000000e-01,4,1.138234290e+00,main,true,rise,473
/mnt/pd/tema1/new/results/ml_samples/N1_sw0.15_x+4_i0059.h5,1,1.500000000e-01,4,1.138234290e+00,main,true,rise,577
/mnt/pd/tema1/new/results/ml_samples/N1_sw0.15_x+4_i0069.h5,1,1.500000000e-01,4,1.138234290e+00,main,true,rise,566
/mnt/pd/tema1/new/results/ml_samples/N1_sw0.15_x+4_i0073.h5,1,1.500000000e-01,4,1.138234290e+00,main,true,rise,435
/mnt/pd/tema1/new/results/ml_samples/N1_sw0.15_x+4_i0063.h5,1,1.500000000e-01,4,1.138234290e+00,main,true,rise,619
/mnt/pd/tema1/new/results/ml_samples/N1_sw0.15_x+4_i0099.h5,1,1.500000000e-01,4,1.138234290e+00,main,true,rise,500
/mnt/pd/tema1/new/results/ml_samples/N1_sw0.15_x+4_i0055.h5,1,1.500000000e-01,4,1.138234290e+00,main,true,rise,314
/mnt/pd/tema1/new/results/ml_samples/N1_sw0.15_x+4_i0053.h5,1,1.500000000e-01,4,1.138234290e+00,main,true,rise,417
/mnt/pd/tema1/new/results/ml_samples/N1_sw0.15_x+4_i0047.h5,1,1.500000000e-01,4,1.138234290e+00,main,true,rise,574
/mnt/pd/tema1/new/results/ml_samples/N1_sw0.15_x+4_i0075.h5,1,1.500000000e-01,4,1.138234290e+00,main,true,rise,535
/mnt/pd/tema1/new/results/ml_samples/N1_sw0.15_x+4_i0077.h5,1,1.500000000e-01,4,1.138234290e+00,main,true,rise,592
/mnt/pd/tema1/new/results/ml_samples/N1_sw0.15_x+4_i0087.h5,1,1.500000000e-01,4,1.138234290e+00,main,true,rise,469
/mnt/pd/tema1/new/results/ml_samples/N1_sw0.15_x+4_i0091.h5,1,1.500000000e-01,4,1.138234290e+00,main,true,rise,427
/mnt/pd/tema1/new/results/ml_samples/N1_sw0.15_x+4_i0093.h5,1,1.500000000e-01,4,1.138234290e+00,main,true,rise,423
/mnt/pd/tema1/new/results/ml_samples/N1_sw0.15_x+4_i0095.h5,1,1.500000000e-01,4,1.138234290e+00,main,true,rise,432
/mnt/pd/tema1/new/results/ml_samples/N1_sw0.15_x-1_i0007.h5,1,1.500000000e-01,-1,9.654414276e-01,main,true,fall,249
/mnt/pd/tema1/new/results/ml_samples/N1_sw0.15_x+4_i0079.h5,1,1.500000000e-01,4,1.138234290e+00,main,true,rise,555
/mnt/pd/tema1/new/results/ml_samples/N1_sw0.15_x+4_i0089.h5,1,1.500000000e-01,4,1.138234290e+00,main,true,rise,598
/mnt/pd/tema1/new/results/ml_samples/N1_sw0.15_x+4_i0085.h5,1,1.500000000e-01,4,1.138234290e+00,main,true,rise,648
/mnt/pd/tema1/new/results/ml_samples/N1_sw0.15_x-1_i0003.h5,1,1.500000000e-01,-1,9.654414276e-01,main,true,fall,395
/mnt/pd/tema1/new/results/ml_samples/N1_sw0.15_x+4_i0097.h5,1,1.500000000e-01,4,1.138234290e+00,main,true,rise,648
/mnt/pd/tema1/new/results/ml_samples/N1_sw0.15_x+4_i0083.h5,1,1.500000000e-01,4,1.138234290e+00,main,true,rise,903
/mnt/pd/tema1/new/results/ml_samples/N1_sw0.15_x-1_i0015.h5,1,1.500000000e-01,-1,9.654414276e-01,main,true,fall,909
/mnt/pd/tema1/new/results/ml_samples/N1_sw0.15_x-1_i0021.h5,1,1.500000000e-01,-1,9.654414276e-01,main,true,fall,262
/mnt/pd/tema1/new/results/ml_samples/N1_sw0.15_x-1_i0019.h5,1,1.500000000e-01,-1,9.654414276e-01,main,true,fall,416
/mnt/pd/tema1/new/results/ml_samples/N1_sw0.15_x-1_i0005.h5,1,1.500000000e-01,-1,9.654414276e-01,main,true,fall,949
/mnt/pd/tema1/new/results/ml_samples/N1_sw0.15_x-1_i0013.h5,1,1.500000000e-01,-1,9.654414276e-01,main,true,fall,704
/mnt/pd/tema1/new/results/ml_samples/N1_sw0.15_x+4_i0081.h5,1,1.500000000e-01,4,1.138234290e+00,main,true,rise,884
/mnt/pd/tema1/new/results/ml_samples/N1_sw0.15_x-1_i0031.h5,1,1.500000000e-01,-1,9.654414276e-01,main,true,fall,663
/mnt/pd/tema1/new/results/ml_samples/N1_sw0.15_x-1_i0047.h5,1,1.500000000e-01,-1,9.654414276e-01,main,true,fall,331
/mnt/pd/tema1/new/results/ml_samples/N1_sw0.15_x-1_i0043.h5,1,1.500000000e-01,-1,9.654414276e-01,main,true,fall,307
/mnt/pd/tema1/new/results/ml_samples/N1_sw0.15_x-1_i0045.h5,1,1.500000000e-01,-1,9.654414276e-01,main,true,fall,368
/mnt/pd/tema1/new/results/ml_samples/N1_sw0.15_x-1_i0057.h5,1,1.500000000e-01,-1,9.654414276e-01,main,true,fall,246
/mnt/pd/tema1/new/results/ml_samples/N1_sw0.15_x-1_i0017.h5,1,1.500000000e-01,-1,9.654414276e-01,main,true,fall,1202
/mnt/pd/tema1/new/results/ml_samples/N1_sw0.15_x-1_i0009.h5,1,1.500000000e-01,-1,9.654414276e-01,main,true,fall,856
/mnt/pd/tema1/new/results/ml_samples/N1_sw0.15_x-1_i0049.h5,1,1.500000000e-01,-1,9.654414276e-01,main,true,fall,586
/mnt/pd/tema1/new/results/ml_samples/N1_sw0.15_x-1_i0023.h5,1,1.500000000e-01,-1,9.654414276e-01,main,true,fall,561
/mnt/pd/tema1/new/results/ml_samples/N1_sw0.15_x-1_i0035.h5,1,1.500000000e-01,-1,9.654414276e-01,main,true,fall,344
/mnt/pd/tema1/new/results/ml_samples/N1_sw0.15_x-1_i0059.h5,1,1.500000000e-01,-1,9.654414276e-01,main,true,fall,1128
/mnt/pd/tema1/new/results/ml_samples/N1_sw0.15_x-1_i0025.h5,1,1.500000000e-01,-1,9.654414276e-01,main,true,fall,2448
/mnt/pd/tema1/new/results/ml_samples/N1_sw0.15_x-1_i0065.h5,1,1.500000000e-01,-1,9.654414276e-01,main,true,fall,195
/mnt/pd/tema1/new/results/ml_samples/N1_sw0.15_x-1_i0053.h5,1,1.500000000e-01,-1,9.654414276e-01,main,true,fall,603
/mnt/pd/tema1/new/results/ml_samples/N1_sw0.15_x-1_i0063.h5,1,1.500000000e-01,-1,9.654414276e-01,main,true,fall,345
/mnt/pd/tema1/new/results/ml_samples/N1_sw0.15_x-1_i0029.h5,1,1.500000000e-01,-1,9.654414276e-01,main,true,fall,1278
/mnt/pd/tema1/new/results/ml_samples/N1_sw0.15_x-1_i0061.h5,1,1.500000000e-01,-1,9.654414276e-01,main,true,fall,185
/mnt/pd/tema1/new/results/ml_samples/N1_sw0.15_x-1_i0069.h5,1,1.500000000e-01,-1,9.654414276e-01,main,true,fall,306
/mnt/pd/tema1/new/results/ml_samples/N1_sw0.15_x-1_i0041.h5,1,1.500000000e-01,-1,9.654414276e-01,main,true,fall,998
/mnt/pd/tema1/new/results/ml_samples/N1_sw0.15_x-1_i0091.h5,1,1.500000000e-01,-1,9.654414276e-01,main,true,fall,134
/mnt/pd/tema1/new/results/ml_samples/N1_sw0.15_x-1_i0027.h5,1,1.500000000e-01,-1,9.654414276e-01,main,true,fall,1490
/mnt/pd/tema1/new/results/ml_samples/N1_sw0.15_x-1_i0039.h5,1,1.500000000e-01,-1,9.654414276e-01,main,true,fall,786
/mnt/pd/tema1/new/results/ml_samples/N1_sw0.15_x-1_i0033.h5,1,1.500000000e-01,-1,9.654414276e-01,main,true,rise,1008
/mnt/pd/tema1/new/results/ml_samples/N1_sw0.15_x-1_i0001.h5,1,1.500000000e-01,-1,9.654414276e-01,main,true,fall,1885
/mnt/pd/tema1/new/results/ml_samples/N1_sw0.15_x-1_i0087.h5,1,1.500000000e-01,-1,9.654414276e-01,main,true,fall,306
/mnt/pd/tema1/new/results/ml_samples/N1_sw0.15_x-1_i0099.h5,1,1.500000000e-01,-1,9.654414276e-01,main,true,fall,193
/mnt/pd/tema1/new/results/ml_samples/N1_sw0.15_x-1_i0073.h5,1,1.500000000e-01,-1,9.654414276e-01,main,true,fall,563
/mnt/pd/tema1/new/results/ml_samples/N1_sw0.15_x-1_i0095.h5,1,1.500000000e-01,-1,9.654414276e-01,main,true,fall,207
/mnt/pd/tema1/new/results/ml_samples/N1_sw0.15_x-1_i0071.h5,1,1.500000000e-01,-1,9.654414276e-01,main,true,fall,810
/mnt/pd/tema1/new/results/ml_samples/N1_sw0.15_x-1_i0109.h5,1,1.500000000e-01,-1,9.654414276e-01,main,true,fall,630
/mnt/pd/tema1/new/results/ml_samples/N1_sw0.15_x-1_i0079.h5,1,1.500000000e-01,-1,9.654414276e-01,main,true,fall,295
/mnt/pd/tema1/new/results/ml_samples/N1_sw0.15_x-1_i0037.h5,1,1.500000000e-01,-1,9.654414276e-01,main,true,fall,1970
/mnt/pd/tema1/new/results/ml_samples/N1_sw0.15_x-1_i0093.h5,1,1.500000000e-01,-1,9.654414276e-01,main,true,fall,1346
/mnt/pd/tema1/new/results/ml_samples/N1_sw0.15_x-1_i0105.h5,1,1.500000000e-01,-1,9.654414276e-01,main,true,fall,281
/mnt/pd/tema1/new/results/ml_samples/N1_sw0.15_x-1_i0117.h5,1,1.500000000e-01,-1,9.654414276e-01,main,true,fall,350
/mnt/pd/tema1/new/results/ml_samples/N1_sw0.15_x-1_i0011.h5,1,1.500000000e-01,-1,9.654414276e-01,main,true,fall,2469
/mnt/pd/tema1/new/results/ml_samples/N1_sw0.15_x-1_i0083.h5,1,1.500000000e-01,-1,9.654414276e-01,main,true,fall,981
/mnt/pd/tema1/new/results/ml_samples/N1_sw0.15_x-1_i0111.h5,1,1.500000000e-01,-1,9.654414276e-01,main,true,fall,605
/mnt/pd/tema1/new/results/ml_samples/N1_sw0.15_x-1_i0113.h5,1,1.500000000e-01,-1,9.654414276e-01,main,true,fall,451
/mnt/pd/tema1/new/results/ml_samples/N1_sw0.15_x-1_i0107.h5,1,1.500000000e-01,-1,9.654414276e-01,main,true,fall,248
/mnt/pd/tema1/new/results/ml_samples/N1_sw0.15_x-1_i0101.h5,1,1.500000000e-01,-1,9.654414276e-01,main,true,fall,768
/mnt/pd/tema1/new/results/ml_samples/N1_sw0.15_x-1_i0097.h5,1,1.500000000e-01,-1,9.654414276e-01,main,true,fall,798
/mnt/pd/tema1/new/results/ml_samples/N1_sw0.15_x-1_i0085.h5,1,1.500000000e-01,-1,9.654414276e-01,main,true,fall,705
/mnt/pd/tema1/new/results/ml_samples/N1_sw0.15_x-1_i0135.h5,1,1.500000000e-01,-1,9.654414276e-01,main,true,fall,594
/mnt/pd/tema1/new/results/ml_samples/N1_sw0.15_x-1_i0119.h5,1,1.500000000e-01,-1,9.654414276e-01,main,true,fall,554
/mnt/pd/tema1/new/results/ml_samples/N1_sw0.15_x-1_i0131.h5,1,1.500000000e-01,-1,9.654414276e-01,main,true,fall,304
/mnt/pd/tema1/new/results/ml_samples/N1_sw0.15_x-1_i0127.h5,1,1.500000000e-01,-1,9.654414276e-01,main,true,fall,407
/mnt/pd/tema1/new/results/ml_samples/N1_sw0.15_x-1_i0089.h5,1,1.500000000e-01,-1,9.654414276e-01,main,true,fall,1607
/mnt/pd/tema1/new/results/ml_samples/N1_sw0.15_x-1_i0103.h5,1,1.500000000e-01,-1,9.654414276e-01,main,true,rise,1326
/mnt/pd/tema1/new/results/ml_samples/N1_sw0.15_x-1_i0157.h5,1,1.500000000e-01,-1,9.654414276e-01,main,true,fall,248
/mnt/pd/tema1/new/results/ml_samples/N1_sw0.15_x-1_i0137.h5,1,1.500000000e-01,-1,9.654414276e-01,main,true,fall,485
/mnt/pd/tema1/new/results/ml_samples/N1_sw0.15_x-1_i0121.h5,1,1.500000000e-01,-1,9.654414276e-01,main,true,fall,329
/mnt/pd/tema1/new/results/ml_samples/N1_sw0.15_x-1_i0143.h5,1,1.500000000e-01,-1,9.654414276e-01,main,true,fall,196
/mnt/pd/tema1/new/results/ml_samples/N1_sw0.15_x-1_i0155.h5,1,1.500000000e-01,-1,9.654414276e-01,main,true,fall,143
/mnt/pd/tema1/new/results/ml_samples/N1_sw0.15_x-1_i0075.h5,1,1.500000000e-01,-1,9.654414276e-01,main,true,fall,1932
/mnt/pd/tema1/new/results/ml_samples/N1_sw0.15_x-1_i0123.h5,1,1.500000000e-01,-1,9.654414276e-01,main,true,fall,1202
/mnt/pd/tema1/new/results/ml_samples/N1_sw0.15_x-1_i0163.h5,1,1.500000000e-01,-1,9.654414276e-01,main,true,fall,382
/mnt/pd/tema1/new/results/ml_samples/N1_sw0.15_x-1_i0077.h5,1,1.500000000e-01,-1,9.654414276e-01,main,true,fall,2365
/mnt/pd/tema1/new/results/ml_samples/N1_sw0.15_x-1_i0159.h5,1,1.500000000e-01,-1,9.654414276e-01,main,true,fall,524
/mnt/pd/tema1/new/results/ml_samples/N1_sw0.15_x-1_i0133.h5,1,1.500000000e-01,-1,9.654414276e-01,main,true,fall,813
/mnt/pd/tema1/new/results/ml_samples/N1_sw0.15_x-1_i0175.h5,1,1.500000000e-01,-1,9.654414276e-01,main,true,fall,224
/mnt/pd/tema1/new/results/ml_samples/N1_sw0.15_x-1_i0141.h5,1,1.500000000e-01,-1,9.654414276e-01,main,true,fall,541
/mnt/pd/tema1/new/results/ml_samples/N1_sw0.15_x-1_i0151.h5,1,1.500000000e-01,-1,9.654414276e-01,main,true,fall,888
/mnt/pd/tema1/new/results/ml_samples/N1_sw0.15_x-1_i0177.h5,1,1.500000000e-01,-1,9.654414276e-01,main,true,fall,307
/mnt/pd/tema1/new/results/ml_samples/N1_sw0.15_x-1_i0169.h5,1,1.500000000e-01,-1,9.654414276e-01,main,true,fall,895
/mnt/pd/tema1/new/results/ml_samples/N1_sw0.15_x-1_i0173.h5,1,1.500000000e-01,-1,9.654414276e-01,main,true,fall,420
/mnt/pd/tema1/new/results/ml_samples/N1_sw0.15_x-1_i0115.h5,1,1.500000000e-01,-1,9.654414276e-01,main,true,rise,2041
/mnt/pd/tema1/new/results/ml_samples/N1_sw0.15_x-1_i0165.h5,1,1.500000000e-01,-1,9.654414276e-01,main,true,fall,696
/mnt/pd/tema1/new/results/ml_samples/N1_sw0.15_x-1_i0125.h5,1,1.500000000e-01,-1,9.654414276e-01,main,true,fall,1424
/mnt/pd/tema1/new/results/ml_samples/N1_sw0.15_x-1_i0139.h5,1,1.500000000e-01,-1,9.654414276e-01,main,true,fall,1014
/mnt/pd/tema1/new/results/ml_samples/N1_sw0.15_x-1_i0129.h5,1,1.500000000e-01,-1,9.654414276e-01,main,true,fall,3720
/mnt/pd/tema1/new/results/ml_samples/N1_sw0.15_x-1_i0187.h5,1,1.500000000e-01,-1,9.654414276e-01,main,true,fall,162
/mnt/pd/tema1/new/results/ml_samples/N1_sw0.15_x-1_i0199.h5,1,1.500000000e-01,-1,9.654414276e-01,main,true,fall,176
/mnt/pd/tema1/new/results/ml_samples/N1_sw0.15_x-1_i0167.h5,1,1.500000000e-01,-1,9.654414276e-01,main,true,fall,1013
/mnt/pd/tema1/new/results/ml_samples/N1_sw0.15_x-1_i0051.h5,1,1.500000000e-01,-1,9.654414276e-01,main,true,fall,4143
/mnt/pd/tema1/new/results/ml_samples/N1_sw0.15_x-1_i0179.h5,1,1.500000000e-01,-1,9.654414276e-01,main,true,fall,320
/mnt/pd/tema1/new/results/ml_samples/N1_sw0.15_x-1_i0147.h5,1,1.500000000e-01,-1,9.654414276e-01,main,true,fall,1568
/mnt/pd/tema1/new/results/ml_samples/N1_sw0.15_x-1_i0191.h5,1,1.500000000e-01,-1,9.654414276e-01,main,true,fall,400
/mnt/pd/tema1/new/results/ml_samples/N1_sw0.15_x-1_i0067.h5,1,1.500000000e-01,-1,9.654414276e-01,main,true,fall,3443
/mnt/pd/tema1/new/results/ml_samples/N1_sw0.15_x-1_i0081.h5,1,1.500000000e-01,-1,9.654414276e-01,main,true,fall,3255
/mnt/pd/tema1/new/results/ml_samples/N1_sw0.15_x-1_i0055.h5,1,1.500000000e-01,-1,9.654414276e-01,main,true,fall,3908
/mnt/pd/tema1/new/results/ml_samples/N1_sw0.15_x-1_i0193.h5,1,1.500000000e-01,-1,9.654414276e-01,main,true,fall,360
/mnt/pd/tema1/new/results/ml_samples/N1_sw0.15_x-2_i0001.h5,1,1.500000000e-01,-2,9.308828552e-01,main,true,fall,201
/mnt/pd/tema1/new/results/ml_samples/N1_sw0.15_x-1_i0189.h5,1,1.500000000e-01,-1,9.654414276e-01,main,true,fall,531
/mnt/pd/tema1/new/results/ml_samples/N1_sw0.15_x-1_i0181.h5,1,1.500000000e-01,-1,9.654414276e-01,main,true,fall,348
/mnt/pd/tema1/new/results/ml_samples/N1_sw0.15_x-2_i0013.h5,1,1.500000000e-01,-2,9.308828552e-01,main,true,fall,133
/mnt/pd/tema1/new/results/ml_samples/N1_sw0.15_x-1_i0145.h5,1,1.500000000e-01,-1,9.654414276e-01,main,true,fall,2135
/mnt/pd/tema1/new/results/ml_samples/N1_sw0.15_x-2_i0007.h5,1,1.500000000e-01,-2,9.308828552e-01,main,true,fall,261
/mnt/pd/tema1/new/results/ml_samples/N1_sw0.15_x-2_i0015.h5,1,1.500000000e-01,-2,9.308828552e-01,main,true,fall,677
/mnt/pd/tema1/new/results/ml_samples/N1_sw0.15_x-1_i0149.h5,1,1.500000000e-01,-1,9.654414276e-01,main,true,fall,2160
/mnt/pd/tema1/new/results/ml_samples/N1_sw0.15_x-2_i0003.h5,1,1.500000000e-01,-2,9.308828552e-01,main,true,fall,181
/mnt/pd/tema1/new/results/ml_samples/N1_sw0.15_x-2_i0009.h5,1,1.500000000e-01,-2,9.308828552e-01,main,true,fall,321
/mnt/pd/tema1/new/results/ml_samples/N1_sw0.15_x-2_i0019.h5,1,1.500000000e-01,-2,9.308828552e-01,main,true,fall,120
/mnt/pd/tema1/new/results/ml_samples/N1_sw0.15_x-1_i0185.h5,1,1.500000000e-01,-1,9.654414276e-01,main,true,fall,553
/mnt/pd/tema1/new/results/ml_samples/N1_sw0.15_x-1_i0195.h5,1,1.500000000e-01,-1,9.654414276e-01,main,true,fall,846
/mnt/pd/tema1/new/results/ml_samples/N1_sw0.15_x-2_i0011.h5,1,1.500000000e-01,-2,9.308828552e-01,main,true,fall,805
/mnt/pd/tema1/new/results/ml_samples/N1_sw0.15_x-2_i0025.h5,1,1.500000000e-01,-2,9.308828552e-01,main,true,fall,177
/mnt/pd/tema1/new/results/ml_samples/N1_sw0.15_x-2_i0021.h5,1,1.500000000e-01,-2,9.308828552e-01,main,true,fall,426
/mnt/pd/tema1/new/results/ml_samples/N1_sw0.15_x-2_i0047.h5,1,1.500000000e-01,-2,9.308828552e-01,main,true,fall,380
/mnt/pd/tema1/new/results/ml_samples/N1_sw0.15_x-2_i0035.h5,1,1.500000000e-01,-2,9.308828552e-01,main,true,fall,228
/mnt/pd/tema1/new/results/ml_samples/N1_sw0.15_x-2_i0017.h5,1,1.500000000e-01,-2,9.308828552e-01,main,true,fall,618
/mnt/pd/tema1/new/results/ml_samples/N1_sw0.15_x-2_i0023.h5,1,1.500000000e-01,-2,9.308828552e-01,main,true,fall,478
/mnt/pd/tema1/new/results/ml_samples/N1_sw0.15_x-2_i0039.h5,1,1.500000000e-01,-2,9.308828552e-01,main,true,fall,346
/mnt/pd/tema1/new/results/ml_samples/N1_sw0.15_x-2_i0043.h5,1,1.500000000e-01,-2,9.308828552e-01,main,true,fall,231
/mnt/pd/tema1/new/results/ml_samples/N1_sw0.15_x-2_i0037.h5,1,1.500000000e-01,-2,9.308828552e-01,main,true,fall,379
/mnt/pd/tema1/new/results/ml_samples/N1_sw0.15_x-2_i0033.h5,1,1.500000000e-01,-2,9.308828552e-01,main,true,fall,415
/mnt/pd/tema1/new/results/ml_samples/N1_sw0.15_x-2_i0061.h5,1,1.500000000e-01,-2,9.308828552e-01,main,true,fall,267
/mnt/pd/tema1/new/results/ml_samples/N1_sw0.15_x-2_i0045.h5,1,1.500000000e-01,-2,9.308828552e-01,main,true,fall,228
/mnt/pd/tema1/new/results/ml_samples/N1_sw0.15_x-2_i0053.h5,1,1.500000000e-01,-2,9.308828552e-01,main,true,fall,195
/mnt/pd/tema1/new/results/ml_samples/N1_sw0.15_x-1_i0183.h5,1,1.500000000e-01,-1,9.654414276e-01,main,true,fall,1748
/mnt/pd/tema1/new/results/ml_samples/N1_sw0.15_x-2_i0027.h5,1,1.500000000e-01,-2,9.308828552e-01,main,true,fall,267
/mnt/pd/tema1/new/results/ml_samples/N1_sw0.15_x-2_i0057.h5,1,1.500000000e-01,-2,9.308828552e-01,main,true,fall,199
/mnt/pd/tema1/new/results/ml_samples/N1_sw0.15_x-2_i0059.h5,1,1.500000000e-01,-2,9.308828552e-01,main,true,fall,194
/mnt/pd/tema1/new/results/ml_samples/N1_sw0.15_x-2_i0067.h5,1,1.500000000e-01,-2,9.308828552e-01,main,true,fall,343
/mnt/pd/tema1/new/results/ml_samples/N1_sw0.15_x-2_i0049.h5,1,1.500000000e-01,-2,9.308828552e-01,main,true,fall,398
/mnt/pd/tema1/new/results/ml_samples/N1_sw0.15_x-2_i0051.h5,1,1.500000000e-01,-2,9.308828552e-01,main,true,fall,455
/mnt/pd/tema1/new/results/ml_samples/N1_sw0.15_x-2_i0041.h5,1,1.500000000e-01,-2,9.308828552e-01,main,true,fall,156
/mnt/pd/tema1/new/results/ml_samples/N1_sw0.15_x-2_i0031.h5,1,1.500000000e-01,-2,9.308828552e-01,main,true,fall,1022
/mnt/pd/tema1/new/results/ml_samples/N1_sw0.15_x-2_i0055.h5,1,1.500000000e-01,-2,9.308828552e-01,main,true,fall,199
/mnt/pd/tema1/new/results/ml_samples/N1_sw0.15_x-2_i0065.h5,1,1.500000000e-01,-2,9.308828552e-01,main,true,fall,267
/mnt/pd/tema1/new/results/ml_samples/N1_sw0.15_x-2_i0071.h5,1,1.500000000e-01,-2,9.308828552e-01,main,true,fall,204
/mnt/pd/tema1/new/results/ml_samples/N1_sw0.15_x-2_i0081.h5,1,1.500000000e-01,-2,9.308828552e-01,main,true,fall,227
/mnt/pd/tema1/new/results/ml_samples/N1_sw0.15_x-2_i0077.h5,1,1.500000000e-01,-2,9.308828552e-01,main,true,fall,285
/mnt/pd/tema1/new/results/ml_samples/N1_sw0.15_x-2_i0075.h5,1,1.500000000e-01,-2,9.308828552e-01,main,true,fall,414
/mnt/pd/tema1/new/results/ml_samples/N1_sw0.15_x-2_i0063.h5,1,1.500000000e-01,-2,9.308828552e-01,main,true,fall,251
/mnt/pd/tema1/new/results/ml_samples/N1_sw0.15_x-2_i0069.h5,1,1.500000000e-01,-2,9.308828552e-01,main,true,fall,538
/mnt/pd/tema1/new/results/ml_samples/N1_sw0.15_x-2_i0073.h5,1,1.500000000e-01,-2,9.308828552e-01,main,true,fall,365
/mnt/pd/tema1/new/results/ml_samples/N1_sw0.15_x-2_i0093.h5,1,1.500000000e-01,-2,9.308828552e-01,main,true,fall,261
/mnt/pd/tema1/new/results/ml_samples/N1_sw0.15_x-2_i0087.h5,1,1.500000000e-01,-2,9.308828552e-01,main,true,fall,352
/mnt/pd/tema1/new/results/ml_samples/N1_sw0.15_x-2_i0099.h5,1,1.500000000e-01,-2,9.308828552e-01,main,true,fall,153
/mnt/pd/tema1/new/results/ml_samples/N1_sw0.15_x-4_i0001.h5,1,1.500000000e-01,-4,8.617657105e-01,main,true,fall,137
/mnt/pd/tema1/new/results/ml_samples/N1_sw0.15_x-2_i0085.h5,1,1.500000000e-01,-2,9.308828552e-01,main,true,fall,294
/mnt/pd/tema1/new/results/ml_samples/N1_sw0.15_x-1_i0153.h5,1,1.500000000e-01,-1,9.654414276e-01,main,true,fall,3741
/mnt/pd/tema1/new/results/ml_samples/N1_sw0.15_x-4_i0003.h5,1,1.500000000e-01,-4,8.617657105e-01,main,true,fall,130
/mnt/pd/tema1/new/results/ml_samples/N1_sw0.15_x-2_i0083.h5,1,1.500000000e-01,-2,9.308828552e-01,main,true,fall,1228
/mnt/pd/tema1/new/results/ml_samples/N1_sw0.15_x-4_i0009.h5,1,1.500000000e-01,-4,8.617657105e-01,main,true,fall,146
/mnt/pd/tema1/new/results/ml_samples/N1_sw0.15_x-4_i0007.h5,1,1.500000000e-01,-4,8.617657105e-01,main,true,fall,195
/mnt/pd/tema1/new/results/ml_samples/N1_sw0.15_x-2_i0091.h5,1,1.500000000e-01,-2,9.308828552e-01,main,true,fall,597
/mnt/pd/tema1/new/results/ml_samples/N1_sw0.15_x-2_i0029.h5,1,1.500000000e-01,-2,9.308828552e-01,main,true,fall,1780
/mnt/pd/tema1/new/results/ml_samples/N1_sw0.15_x-2_i0089.h5,1,1.500000000e-01,-2,9.308828552e-01,main,true,fall,253
/mnt/pd/tema1/new/results/ml_samples/N1_sw0.15_x-2_i0095.h5,1,1.500000000e-01,-2,9.308828552e-01,main,true,fall,161
/mnt/pd/tema1/new/results/ml_samples/N1_sw0.15_x-2_i0097.h5,1,1.500000000e-01,-2,9.308828552e-01,main,true,fall,1417
/mnt/pd/tema1/new/results/ml_samples/N1_sw0.15_x-4_i0011.h5,1,1.500000000e-01,-4,8.617657105e-01,main,true,fall,172
/mnt/pd/tema1/new/results/ml_samples/N1_sw0.15_x-2_i0079.h5,1,1.500000000e-01,-2,9.308828552e-01,main,true,fall,855
/mnt/pd/tema1/new/results/ml_samples/N1_sw0.15_x-4_i0019.h5,1,1.500000000e-01,-4,8.617657105e-01,main,true,fall,156
/mnt/pd/tema1/new/results/ml_samples/N1_sw0.15_x-4_i0013.h5,1,1.500000000e-01,-4,8.617657105e-01,main,true,fall,223
/mnt/pd/tema1/new/results/ml_samples/N1_sw0.15_x-4_i0039.h5,1,1.500000000e-01,-4,8.617657105e-01,main,true,fall,236
/mnt/pd/tema1/new/results/ml_samples/N1_sw0.15_x-4_i0017.h5,1,1.500000000e-01,-4,8.617657105e-01,main,true,fall,231
/mnt/pd/tema1/new/results/ml_samples/N1_sw0.15_x-4_i0005.h5,1,1.500000000e-01,-4,8.617657105e-01,main,true,fall,169
/mnt/pd/tema1/new/results/ml_samples/N1_sw0.15_x-4_i0023.h5,1,1.500000000e-01,-4,8.617657105e-01,main,true,fall,154
/mnt/pd/tema1/new/results/ml_samples/N1_sw0.15_x-4_i0021.h5,1,1.500000000e-01,-4,8.617657105e-01,main,true,fall,316
/mnt/pd/tema1/new/results/ml_samples/N1_sw0.15_x-4_i0031.h5,1,1.500000000e-01,-4,8.617657105e-01,main,true,fall,148
/mnt/pd/tema1/new/results/ml_samples/N1_sw0.15_x-4_i0029.h5,1,1.500000000e-01,-4,8.617657105e-01,main,true,fall,151
/mnt/pd/tema1/new/results/ml_samples/N1_sw0.15_x-4_i0035.h5,1,1.500000000e-01,-4,8.617657105e-01,main,true,fall,141
/mnt/pd/tema1/new/results/ml_samples/N1_sw0.15_x-4_i0025.h5,1,1.500000000e-01,-4,8.617657105e-01,main,true,fall,263
/mnt/pd/tema1/new/results/ml_samples/N1_sw0.15_x-4_i0027.h5,1,1.500000000e-01,-4,8.617657105e-01,main,true,fall,182
/mnt/pd/tema1/new/results/ml_samples/N1_sw0.15_x-4_i0033.h5,1,1.500000000e-01,-4,8.617657105e-01,main,true,fall,155
/mnt/pd/tema1/new/results/ml_samples/N1_sw0.15_x-4_i0037.h5,1,1.500000000e-01,-4,8.617657105e-01,main,true,fall,145
/mnt/pd/tema1/new/results/ml_samples/N1_sw0.15_x-4_i0041.h5,1,1.500000000e-01,-4,8.617657105e-01,main,true,fall,131
/mnt/pd/tema1/new/results/ml_samples/N1_sw0.15_x-4_i0043.h5,1,1.500000000e-01,-4,8.617657105e-01,main,true,fall,158
/mnt/pd/tema1/new/results/ml_samples/N1_sw0.15_x-4_i0045.h5,1,1.500000000e-01,-4,8.617657105e-01,main,true,fall,147
/mnt/pd/tema1/new/results/ml_samples/N1_sw0.15_x-4_i0049.h5,1,1.500000000e-01,-4,8.617657105e-01,main,true,fall,142
/mnt/pd/tema1/new/results/ml_samples/N1_sw0.15_x-4_i0015.h5,1,1.500000000e-01,-4,8.617657105e-01,main,true,fall,201
/mnt/pd/tema1/new/results/ml_samples/N1_sw0.15_x-4_i0051.h5,1,1.500000000e-01,-4,8.617657105e-01,main,true,fall,166
/mnt/pd/tema1/new/results/ml_samples/N1_sw0.15_x-4_i0063.h5,1,1.500000000e-01,-4,8.617657105e-01,main,true,fall,246
/mnt/pd/tema1/new/results/ml_samples/N1_sw0.15_x-4_i0057.h5,1,1.500000000e-01,-4,8.617657105e-01,main,true,fall,197
/mnt/pd/tema1/new/results/ml_samples/N1_sw0.15_x-4_i0053.h5,1,1.500000000e-01,-4,8.617657105e-01,main,true,fall,153
/mnt/pd/tema1/new/results/ml_samples/N1_sw0.15_x-4_i0067.h5,1,1.500000000e-01,-4,8.617657105e-01,main,true,fall,117
/mnt/pd/tema1/new/results/ml_samples/N1_sw0.15_x-4_i0065.h5,1,1.500000000e-01,-4,8.617657105e-01,main,true,fall,130
/mnt/pd/tema1/new/results/ml_samples/N1_sw0.15_x-4_i0061.h5,1,1.500000000e-01,-4,8.617657105e-01,main,true,fall,144
/mnt/pd/tema1/new/results/ml_samples/N1_sw0.15_x-4_i0059.h5,1,1.500000000e-01,-4,8.617657105e-01,main,true,fall,300
/mnt/pd/tema1/new/results/ml_samples/N1_sw0.15_x-4_i0079.h5,1,1.500000000e-01,-4,8.617657105e-01,main,true,fall,154
/mnt/pd/tema1/new/results/ml_samples/N1_sw0.15_x-4_i0075.h5,1,1.500000000e-01,-4,8.617657105e-01,main,true,fall,129
/mnt/pd/tema1/new/results/ml_samples/N1_sw0.15_x-2_i0005.h5,1,1.500000000e-01,-2,9.308828552e-01,main,true,fall,3247
/mnt/pd/tema1/new/results/ml_samples/N1_sw0.15_x-4_i0047.h5,1,1.500000000e-01,-4,8.617657105e-01,main,true,fall,173
/mnt/pd/tema1/new/results/ml_samples/N1_sw0.15_x-4_i0073.h5,1,1.500000000e-01,-4,8.617657105e-01,main,true,fall,216
/mnt/pd/tema1/new/results/ml_samples/N1_sw0.15_x-4_i0081.h5,1,1.500000000e-01,-4,8.617657105e-01,main,true,fall,183
/mnt/pd/tema1/new/results/ml_samples/N1_sw0.15_x-4_i0099.h5,1,1.500000000e-01,-4,8.617657105e-01,main,true,fall,188
/mnt/pd/tema1/new/results/ml_samples/N1_sw0.15_x-4_i0087.h5,1,1.500000000e-01,-4,8.617657105e-01,main,true,fall,175
/mnt/pd/tema1/new/results/ml_samples/N1_sw0.15_x-4_i0091.h5,1,1.500000000e-01,-4,8.617657105e-01,main,true,fall,211
/mnt/pd/tema1/new/results/ml_samples/N1_sw0.15_x-4_i0085.h5,1,1.500000000e-01,-4,8.617657105e-01,main,true,fall,180
/mnt/pd/tema1/new/results/ml_samples/N1_sw0.15_x-4_i0093.h5,1,1.500000000e-01,-4,8.617657105e-01,main,true,fall,201
/mnt/pd/tema1/new/results/ml_samples/N1_sw0.15_x-4_i0095.h5,1,1.500000000e-01,-4,8.617657105e-01,main,true,fall,209
/mnt/pd/tema1/new/results/ml_samples/N1_sw0.15_x-4_i0069.h5,1,1.500000000e-01,-4,8.617657105e-01,main,true,fall,171
/mnt/pd/tema1/new/results/ml_samples/N1_sw0.15_x-4_i0083.h5,1,1.500000000e-01,-4,8.617657105e-01,main,true,fall,357
/mnt/pd/tema1/new/results/ml_samples/N1_sw0.15_x-4_i0097.h5,1,1.500000000e-01,-4,8.617657105e-01,main,true,fall,206
/mnt/pd/tema1/new/results/ml_samples/N1_sw0.15_x-4_i0089.h5,1,1.500000000e-01,-4,8.617657105e-01,main,true,fall,408
/mnt/pd/tema1/new/results/ml_samples/N1_sw0.15_x-4_i0071.h5,1,1.500000000e-01,-4,8.617657105e-01,main,true,fall,125
/mnt/pd/tema1/new/results/ml_samples/N1_sw0.30_x+0_i0005.h5,1,3.000000000e-01,0,1.000000000e+00,main,true,fall,201
/mnt/pd/tema1/new/results/ml_samples/N1_sw0.30_x+0_i0007.h5,1,3.000000000e-01,0,1.000000000e+00,main,true,fall,142
/mnt/pd/tema1/new/results/ml_samples/N1_sw0.30_x+0_i0003.h5,1,3.000000000e-01,0,1.000000000e+00,main,true,fall,464
/mnt/pd/tema1/new/results/ml_samples/N1_sw0.15_x-1_i0161.h5,1,1.500000000e-01,-1,9.654414276e-01,main,true,fall,4851
/mnt/pd/tema1/new/results/ml_samples/N1_sw0.30_x+0_i0011.h5,1,3.000000000e-01,0,1.000000000e+00,main,true,fall,221
/mnt/pd/tema1/new/results/ml_samples/N1_sw0.15_x-4_i0077.h5,1,1.500000000e-01,-4,8.617657105e-01,main,true,fall,450
/mnt/pd/tema1/new/results/ml_samples/N1_sw0.30_x+0_i0025.h5,1,3.000000000e-01,0,1.000000000e+00,main,true,fall,492
/mnt/pd/tema1/new/results/ml_samples/N1_sw0.30_x+0_i0021.h5,1,3.000000000e-01,0,1.000000000e+00,main,true,rise,257
/mnt/pd/tema1/new/results/ml_samples/N1_sw0.15_x-4_i0055.h5,1,1.500000000e-01,-4,8.617657105e-01,main,true,fall,796
/mnt/pd/tema1/new/results/ml_samples/N1_sw0.30_x+0_i0023.h5,1,3.000000000e-01,0,1.000000000e+00,main,true,rise,837
/mnt/pd/tema1/new/results/ml_samples/N1_sw0.30_x+0_i0027.h5,1,3.000000000e-01,0,1.000000000e+00,main,true,fall,100
/mnt/pd/tema1/new/results/ml_samples/N1_sw0.30_x+0_i0045.h5,1,3.000000000e-01,0,1.000000000e+00,main,true,fall,282
/mnt/pd/tema1/new/results/ml_samples/N1_sw0.30_x+0_i0051.h5,1,3.000000000e-01,0,1.000000000e+00,main,true,fall,145
/mnt/pd/tema1/new/results/ml_samples/N1_sw0.30_x+0_i0029.h5,1,3.000000000e-01,0,1.000000000e+00,main,true,rise,584
/mnt/pd/tema1/new/results/ml_samples/N1_sw0.30_x+0_i0013.h5,1,3.000000000e-01,0,1.000000000e+00,main,true,fall,865
/mnt/pd/tema1/new/results/ml_samples/N1_sw0.30_x+0_i0015.h5,1,3.000000000e-01,0,1.000000000e+00,main,true,fall,303
/mnt/pd/tema1/new/results/ml_samples/N1_sw0.30_x+0_i0059.h5,1,3.000000000e-01,0,1.000000000e+00,main,true,fall,258
/mnt/pd/tema1/new/results/ml_samples/N1_sw0.30_x+0_i0041.h5,1,3.000000000e-01,0,1.000000000e+00,main,true,fall,523
/mnt/pd/tema1/new/results/ml_samples/N1_sw0.30_x+0_i0053.h5,1,3.000000000e-01,0,1.000000000e+00,main,true,fall,296
/mnt/pd/tema1/new/results/ml_samples/N1_sw0.30_x+0_i0065.h5,1,3.000000000e-01,0,1.000000000e+00,main,true,fall,154
/mnt/pd/tema1/new/results/ml_samples/N1_sw0.30_x+0_i0037.h5,1,3.000000000e-01,0,1.000000000e+00,main,true,fall,715
/mnt/pd/tema1/new/results/ml_samples/N1_sw0.15_x-1_i0197.h5,1,1.500000000e-01,-1,9.654414276e-01,main,true,fall,5321
/mnt/pd/tema1/new/results/ml_samples/N1_sw0.30_x+0_i0047.h5,1,3.000000000e-01,0,1.000000000e+00,main,true,rise,663
/mnt/pd/tema1/new/results/ml_samples/N1_sw0.15_x-1_i0171.h5,1,1.500000000e-01,-1,9.654414276e-01,main,true,fall,5730
/mnt/pd/tema1/new/results/ml_samples/N1_sw0.30_x+0_i0043.h5,1,3.000000000e-01,0,1.000000000e+00,main,true,fall,1006
/mnt/pd/tema1/new/results/ml_samples/N1_sw0.30_x+0_i0001.h5,1,3.000000000e-01,0,1.000000000e+00,main,true,rise,1604
/mnt/pd/tema1/new/results/ml_samples/N1_sw0.30_x+0_i0055.h5,1,3.000000000e-01,0,1.000000000e+00,main,true,fall,677
/mnt/pd/tema1/new/results/ml_samples/N1_sw0.30_x+0_i0031.h5,1,3.000000000e-01,0,1.000000000e+00,main,true,fall,1016
/mnt/pd/tema1/new/results/ml_samples/N1_sw0.30_x+0_i0019.h5,1,3.000000000e-01,0,1.000000000e+00,main,true,fall,1419
/mnt/pd/tema1/new/results/ml_samples/N1_sw0.30_x+0_i0035.h5,1,3.000000000e-01,0,1.000000000e+00,main,true,rise,1174
/mnt/pd/tema1/new/results/ml_samples/N1_sw0.30_x+0_i0009.h5,1,3.000000000e-01,0,1.000000000e+00,main,true,fall,1193
/mnt/pd/tema1/new/results/ml_samples/N1_sw0.30_x+0_i0079.h5,1,3.000000000e-01,0,1.000000000e+00,main,true,rise,787
/mnt/pd/tema1/new/results/ml_samples/N1_sw0.30_x+0_i0057.h5,1,3.000000000e-01,0,1.000000000e+00,main,true,rise,1117
/mnt/pd/tema1/new/results/ml_samples/N1_sw0.30_x+0_i0085.h5,1,3.000000000e-01,0,1.000000000e+00,main,true,rise,1115
/mnt/pd/tema1/new/results/ml_samples/N1_sw0.30_x+0_i0067.h5,1,3.000000000e-01,0,1.000000000e+00,main,true,rise,680
/mnt/pd/tema1/new/results/ml_samples/N1_sw0.30_x+0_i0077.h5,1,3.000000000e-01,0,1.000000000e+00,main,true,rise,524
/mnt/pd/tema1/new/results/ml_samples/N1_sw0.30_x+0_i0039.h5,1,3.000000000e-01,0,1.000000000e+00,main,true,fall,1111
/mnt/pd/tema1/new/results/ml_samples/N1_sw0.30_x+0_i0063.h5,1,3.000000000e-01,0,1.000000000e+00,main,true,rise,1134
/mnt/pd/tema1/new/results/ml_samples/N1_sw0.30_x+0_i0109.h5,1,3.000000000e-01,0,1.000000000e+00,main,true,fall,199
/mnt/pd/tema1/new/results/ml_samples/N1_sw0.30_x+0_i0093.h5,1,3.000000000e-01,0,1.000000000e+00,main,true,fall,361
/mnt/pd/tema1/new/results/ml_samples/N1_sw0.30_x+0_i0061.h5,1,3.000000000e-01,0,1.000000000e+00,main,true,rise,859
/mnt/pd/tema1/new/results/ml_samples/N1_sw0.30_x+0_i0101.h5,1,3.000000000e-01,0,1.000000000e+00,main,true,fall,259
/mnt/pd/tema1/new/results/ml_samples/N1_sw0.30_x+0_i0073.h5,1,3.000000000e-01,0,1.000000000e+00,main,true,fall,901
/mnt/pd/tema1/new/results/ml_samples/N1_sw0.30_x+0_i0113.h5,1,3.000000000e-01,0,1.000000000e+00,main,true,fall,178
/mnt/pd/tema1/new/results/ml_samples/N1_sw0.30_x+0_i0103.h5,1,3.000000000e-01,0,1.000000000e+00,main,true,fall,264
/mnt/pd/tema1/new/results/ml_samples/N1_sw0.30_x+0_i0091.h5,1,3.000000000e-01,0,1.000000000e+00,main,true,fall,546
/mnt/pd/tema1/new/results/ml_samples/N1_sw0.30_x+0_i0071.h5,1,3.000000000e-01,0,1.000000000e+00,main,true,fall,997
/mnt/pd/tema1/new/results/ml_samples/N1_sw0.30_x+0_i0017.h5,1,3.000000000e-01,0,1.000000000e+00,main,true,rise,2411
/mnt/pd/tema1/new/results/ml_samples/N1_sw0.30_x+0_i0123.h5,1,3.000000000e-01,0,1.000000000e+00,main,true,fall,194
/mnt/pd/tema1/new/results/ml_samples/N1_sw0.30_x+0_i0075.h5,1,3.000000000e-01,0,1.000000000e+00,main,true,fall,625
/mnt/pd/tema1/new/results/ml_samples/N1_sw0.30_x+0_i0111.h5,1,3.000000000e-01,0,1.000000000e+00,main,true,fall,189
/mnt/pd/tema1/new/results/ml_samples/N1_sw0.30_x+0_i0049.h5,1,3.000000000e-01,0,1.000000000e+00,main,true,rise,1574
/mnt/pd/tema1/new/results/ml_samples/N1_sw0.30_x+0_i0133.h5,1,3.000000000e-01,0,1.000000000e+00,main,true,fall,127
/mnt/pd/tema1/new/results/ml_samples/N1_sw0.30_x+0_i0083.h5,1,3.000000000e-01,0,1.000000000e+00,main,true,fall,1217
/mnt/pd/tema1/new/results/ml_samples/N1_sw0.30_x+0_i0117.h5,1,3.000000000e-01,0,1.000000000e+00,main,true,fall,170
/mnt/pd/tema1/new/results/ml_samples/N1_sw0.30_x+0_i0115.h5,1,3.000000000e-01,0,1.000000000e+00,main,true,rise,280
/mnt/pd/tema1/new/results/ml_samples/N1_sw0.30_x+0_i0105.h5,1,3.000000000e-01,0,1.000000000e+00,main,true,rise,639
/mnt/pd/tema1/new/results/ml_samples/N1_sw0.30_x+0_i0089.h5,1,3.000000000e-01,0,1.000000000e+00,main,true,fall,1215
/mnt/pd/tema1/new/results/ml_samples/N1_sw0.30_x+0_i0127.h5,1,3.000000000e-01,0,1.000000000e+00,main,true,fall,207
/mnt/pd/tema1/new/results/ml_samples/N1_sw0.30_x+0_i0143.h5,1,3.000000000e-01,0,1.000000000e+00,main,true,fall,218
/mnt/pd/tema1/new/results/ml_samples/N1_sw0.30_x+0_i0087.h5,1,3.000000000e-01,0,1.000000000e+00,main,true,rise,1325
/mnt/pd/tema1/new/results/ml_samples/N1_sw0.30_x+0_i0151.h5,1,3.000000000e-01,0,1.000000000e+00,main,true,fall,203
/mnt/pd/tema1/new/results/ml_samples/N1_sw0.30_x+0_i0137.h5,1,3.000000000e-01,0,1.000000000e+00,main,true,fall,298
/mnt/pd/tema1/new/results/ml_samples/N1_sw0.30_x+0_i0139.h5,1,3.000000000e-01,0,1.000000000e+00,main,true,fall,304
/mnt/pd/tema1/new/results/ml_samples/N1_sw0.30_x+0_i0119.h5,1,3.000000000e-01,0,1.000000000e+00,main,true,rise,636
/mnt/pd/tema1/new/results/ml_samples/N1_sw0.30_x+0_i0147.h5,1,3.000000000e-01,0,1.000000000e+00,main,true,fall,174
/mnt/pd/tema1/new/results/ml_samples/N1_sw0.30_x+0_i0169.h5,1,3.000000000e-01,0,1.000000000e+00,main,true,fall,143
/mnt/pd/tema1/new/results/ml_samples/N1_sw0.30_x+0_i0157.h5,1,3.000000000e-01,0,1.000000000e+00,main,true,fall,109
/mnt/pd/tema1/new/results/ml_samples/N1_sw0.30_x+0_i0165.h5,1,3.000000000e-01,0,1.000000000e+00,main,true,fall,428
/mnt/pd/tema1/new/results/ml_samples/N1_sw0.30_x+0_i0155.h5,1,3.000000000e-01,0,1.000000000e+00,main,true,fall,292
/mnt/pd/tema1/new/results/ml_samples/N1_sw0.30_x+0_i0141.h5,1,3.000000000e-01,0,1.000000000e+00,main,true,fall,520
/mnt/pd/tema1/new/results/ml_samples/N1_sw0.30_x+0_i0081.h5,1,3.000000000e-01,0,1.000000000e+00,main,true,fall,2017
/mnt/pd/tema1/new/results/ml_samples/N1_sw0.30_x+0_i0121.h5,1,3.000000000e-01,0,1.000000000e+00,main,true,fall,988
/mnt/pd/tema1/new/results/ml_samples/N1_sw0.30_x+0_i0069.h5,1,3.000000000e-01,0,1.000000000e+00,main,true,fall,2272
/mnt/pd/tema1/new/results/ml_samples/N1_sw0.30_x+0_i0097.h5,1,3.000000000e-01,0,1.000000000e+00,main,true,rise,1213
/mnt/pd/tema1/new/results/ml_samples/N1_sw0.30_x+0_i0149.h5,1,3.000000000e-01,0,1.000000000e+00,main,true,fall,400
/mnt/pd/tema1/new/results/ml_samples/N1_sw0.30_x+0_i0167.h5,1,3.000000000e-01,0,1.000000000e+00,main,true,fall,193
/mnt/pd/tema1/new/results/ml_samples/N1_sw0.30_x+0_i0159.h5,1,3.000000000e-01,0,1.000000000e+00,main,true,rise,340
/mnt/pd/tema1/new/results/ml_samples/N1_sw0.30_x+0_i0099.h5,1,3.000000000e-01,0,1.000000000e+00,main,true,rise,1621
/mnt/pd/tema1/new/results/ml_samples/N1_sw0.30_x+0_i0173.h5,1,3.000000000e-01,0,1.000000000e+00,main,true,fall,368
/mnt/pd/tema1/new/results/ml_samples/N1_sw0.30_x+0_i0179.h5,1,3.000000000e-01,0,1.000000000e+00,main,true,fall,124
/mnt/pd/tema1/new/results/ml_samples/N1_sw0.30_x+0_i0183.h5,1,3.000000000e-01,0,1.000000000e+00,main,true,fall,110
/mnt/pd/tema1/new/results/ml_samples/N1_sw0.30_x+0_i0163.h5,1,3.000000000e-01,0,1.000000000e+00,main,true,rise,721
/mnt/pd/tema1/new/results/ml_samples/N1_sw0.30_x+0_i0135.h5,1,3.000000000e-01,0,1.000000000e+00,main,true,fall,1330
/mnt/pd/tema1/new/results/ml_samples/N1_sw0.30_x+0_i0171.h5,1,3.000000000e-01,0,1.000000000e+00,main,true,fall,217
/mnt/pd/tema1/new/results/ml_samples/N1_sw0.30_x+0_i0095.h5,1,3.000000000e-01,0,1.000000000e+00,main,true,rise,2228
/mnt/pd/tema1/new/results/ml_samples/N1_sw0.30_x+0_i0129.h5,1,3.000000000e-01,0,1.000000000e+00,main,true,rise,1510
/mnt/pd/tema1/new/results/ml_samples/N1_sw0.30_x+0_i0195.h5,1,3.000000000e-01,0,1.000000000e+00,main,true,fall,197
/mnt/pd/tema1/new/results/ml_samples/N1_sw0.30_x+0_i0033.h5,1,3.000000000e-01,0,1.000000000e+00,main,true,fall,3804
/mnt/pd/tema1/new/results/ml_samples/N1_sw0.30_x+0_i0175.h5,1,3.000000000e-01,0,1.000000000e+00,main,true,fall,909
/mnt/pd/tema1/new/results/ml_samples/N1_sw0.30_x+1_i0007.h5,1,3.000000000e-01,1,1.069117145e+00,main,true,rise,384
/mnt/pd/tema1/new/results/ml_samples/N1_sw0.30_x+0_i0125.h5,1,3.000000000e-01,0,1.000000000e+00,main,true,rise,1289
/mnt/pd/tema1/new/results/ml_samples/N1_sw0.30_x+0_i0181.h5,1,3.000000000e-01,0,1.000000000e+00,main,true,fall,601
/mnt/pd/tema1/new/results/ml_samples/N1_sw0.30_x+0_i0145.h5,1,3.000000000e-01,0,1.000000000e+00,main,true,fall,1383
/mnt/pd/tema1/new/results/ml_samples/N1_sw0.30_x+0_i0131.h5,1,3.000000000e-01,0,1.000000000e+00,main,true,fall,1485
/mnt/pd/tema1/new/results/ml_samples/N1_sw0.30_x+0_i0187.h5,1,3.000000000e-01,0,1.000000000e+00,main,true,fall,193
/mnt/pd/tema1/new/results/ml_samples/N1_sw0.30_x+1_i0009.h5,1,3.000000000e-01,1,1.069117145e+00,main,true,fall,554
/mnt/pd/tema1/new/results/ml_samples/N1_sw0.30_x+0_i0189.h5,1,3.000000000e-01,0,1.000000000e+00,main,true,fall,575
/mnt/pd/tema1/new/results/ml_samples/N1_sw0.30_x+0_i0153.h5,1,3.000000000e-01,0,1.000000000e+00,main,true,rise,1499
/mnt/pd/tema1/new/results/ml_samples/N1_sw0.30_x+0_i0193.h5,1,3.000000000e-01,0,1.000000000e+00,main,true,rise,621
/mnt/pd/tema1/new/results/ml_samples/N1_sw0.30_x+1_i0001.h5,1,3.000000000e-01,1,1.069117145e+00,main,true,rise,596
/mnt/pd/tema1/new/results/ml_samples/N1_sw0.30_x+1_i0011.h5,1,3.000000000e-01,1,1.069117145e+00,main,true,rise,395
/mnt/pd/tema1/new/results/ml_samples/N1_sw0.30_x+1_i0039.h5,1,3.000000000e-01,1,1.069117145e+00,main,true,fall,106
/mnt/pd/tema1/new/results/ml_samples/N1_sw0.30_x+0_i0191.h5,1,3.000000000e-01,0,1.000000000e+00,main,true,rise,911
/mnt/pd/tema1/new/results/ml_samples/N1_sw0.30_x+1_i0027.h5,1,3.000000000e-01,1,1.069117145e+00,main,true,rise,411
/mnt/pd/tema1/new/results/ml_samples/N1_sw0.30_x+1_i0023.h5,1,3.000000000e-01,1,1.069117145e+00,main,true,fall,201
/mnt/pd/tema1/new/results/ml_samples/N1_sw0.30_x+1_i0031.h5,1,3.000000000e-01,1,1.069117145e+00,main,true,fall,212
/mnt/pd/tema1/new/results/ml_samples/N1_sw0.30_x+1_i0005.h5,1,3.000000000e-01,1,1.069117145e+00,main,true,rise,397
/mnt/pd/tema1/new/results/ml_samples/N1_sw0.30_x+1_i0015.h5,1,3.000000000e-01,1,1.069117145e+00,main,true,rise,564
/mnt/pd/tema1/new/results/ml_samples/N1_sw0.30_x+1_i0003.h5,1,3.000000000e-01,1,1.069117145e+00,main,true,rise,603
/mnt/pd/tema1/new/results/ml_samples/N1_sw0.30_x+1_i0029.h5,1,3.000000000e-01,1,1.069117145e+00,main,true,rise,504
/mnt/pd/tema1/new/results/ml_samples/N1_sw0.30_x+1_i0051.h5,1,3.000000000e-01,1,1.069117145e+00,main,true,rise,401
/mnt/pd/tema1/new/results/ml_samples/N1_sw0.30_x+1_i0021.h5,1,3.000000000e-01,1,1.069117145e+00,main,true,rise,588
/mnt/pd/tema1/new/results/ml_samples/N1_sw0.30_x+1_i0037.h5,1,3.000000000e-01,1,1.069117145e+00,main,true,rise,327
/mnt/pd/tema1/new/results/ml_samples/N1_sw0.30_x+1_i0035.h5,1,3.000000000e-01,1,1.069117145e+00,main,true,rise,422
/mnt/pd/tema1/new/results/ml_samples/N1_sw0.30_x+1_i0013.h5,1,3.000000000e-01,1,1.069117145e+00,main,true,rise,784
/mnt/pd/tema1/new/results/ml_samples/N1_sw0.30_x+1_i0033.h5,1,3.000000000e-01,1,1.069117145e+00,main,true,rise,590
/mnt/pd/tema1/new/results/ml_samples/N1_sw0.30_x+1_i0025.h5,1,3.000000000e-01,1,1.069117145e+00,main,true,fall,659
/mnt/pd/tema1/new/results/ml_samples/N1_sw0.30_x+0_i0161.h5,1,3.000000000e-01,0,1.000000000e+00,main,true,fall,2357
/mnt/pd/tema1/new/results/ml_samples/N1_sw0.30_x+0_i0199.h5,1,3.000000000e-01,0,1.000000000e+00,main,true,fall,1570
/mnt/pd/tema1/new/results/ml_samples/N1_sw0.30_x+1_i0055.h5,1,3.000000000e-01,1,1.069117145e+00,main,true,rise,999
/mnt/pd/tema1/new/results/ml_samples/N1_sw0.30_x+1_i0053.h5,1,3.000000000e-01,1,1.069117145e+00,main,true,rise,400
/mnt/pd/tema1/new/results/ml_samples/N1_sw0.30_x+0_i0197.h5,1,3.000000000e-01,0,1.000000000e+00,main,true,rise,1746
/mnt/pd/tema1/new/results/ml_samples/N1_sw0.30_x+1_i0057.h5,1,3.000000000e-01,1,1.069117145e+00,main,true,rise,424
/mnt/pd/tema1/new/results/ml_samples/N1_sw0.30_x+1_i0059.h5,1,3.000000000e-01,1,1.069117145e+00,main,true,fall,340
/mnt/pd/tema1/new/results/ml_samples/N1_sw0.30_x+1_i0073.h5,1,3.000000000e-01,1,1.069117145e+00,main,true,fall,162
/mnt/pd/tema1/new/results/ml_samples/N1_sw0.30_x+1_i0069.h5,1,3.000000000e-01,1,1.069117145e+00,main,true,rise,838
/mnt/pd/tema1/new/results/ml_samples/N1_sw0.30_x+1_i0067.h5,1,3.000000000e-01,1,1.069117145e+00,main,true,rise,248
/mnt/pd/tema1/new/results/ml_samples/N1_sw0.30_x+1_i0079.h5,1,3.000000000e-01,1,1.069117145e+00,main,true,fall,167
/mnt/pd/tema1/new/results/ml_samples/N1_sw0.30_x+1_i0017.h5,1,3.000000000e-01,1,1.069117145e+00,main,true,fall,929
/mnt/pd/tema1/new/results/ml_samples/N1_sw0.30_x+1_i0063.h5,1,3.000000000e-01,1,1.069117145e+00,main,true,rise,433
/mnt/pd/tema1/new/results/ml_samples/N1_sw0.30_x+1_i0019.h5,1,3.000000000e-01,1,1.069117145e+00,main,true,rise,1037
/mnt/pd/tema1/new/results/ml_samples/N1_sw0.30_x+1_i0077.h5,1,3.000000000e-01,1,1.069117145e+00,main,true,fall,357
/mnt/pd/tema1/new/results/ml_samples/N1_sw0.30_x+1_i0087.h5,1,3.000000000e-01,1,1.069117145e+00,main,true,rise,407
/mnt/pd/tema1/new/results/ml_samples/N1_sw0.30_x+1_i0065.h5,1,3.000000000e-01,1,1.069117145e+00,main,true,rise,598
/mnt/pd/tema1/new/results/ml_samples/N1_sw0.30_x+1_i0049.h5,1,3.000000000e-01,1,1.069117145e+00,main,true,rise,1074
/mnt/pd/tema1/new/results/ml_samples/N1_sw0.30_x+1_i0045.h5,1,3.000000000e-01,1,1.069117145e+00,main,true,fall,1059
/mnt/pd/tema1/new/results/ml_samples/N1_sw0.30_x+1_i0071.h5,1,3.000000000e-01,1,1.069117145e+00,main,true,fall,632
/mnt/pd/tema1/new/results/ml_samples/N1_sw0.30_x+1_i0099.h5,1,3.000000000e-01,1,1.069117145e+00,main,true,rise,543
/mnt/pd/tema1/new/results/ml_samples/N1_sw0.30_x+1_i0091.h5,1,3.000000000e-01,1,1.069117145e+00,main,true,rise,377
/mnt/pd/tema1/new/results/ml_samples/N1_sw0.30_x+1_i0043.h5,1,3.000000000e-01,1,1.069117145e+00,main,true,rise,1218
/mnt/pd/tema1/new/results/ml_samples/N1_sw0.30_x+0_i0185.h5,1,3.000000000e-01,0,1.000000000e+00,main,true,fall,2901
/mnt/pd/tema1/new/results/ml_samples/N1_sw0.30_x+1_i0085.h5,1,3.000000000e-01,1,1.069117145e+00,main,true,fall,562
/mnt/pd/tema1/new/results/ml_samples/N1_sw0.30_x+1_i0061.h5,1,3.000000000e-01,1,1.069117145e+00,main,true,fall,915
/mnt/pd/tema1/new/results/ml_samples/N1_sw0.30_x+0_i0107.h5,1,3.000000000e-01,0,1.000000000e+00,main,true,fall,4455
/mnt/pd/tema1/new/results/ml_samples/N1_sw0.30_x+1_i0041.h5,1,3.000000000e-01,1,1.069117145e+00,main,true,rise,1473
/mnt/pd/tema1/new/results/ml_samples/N1_sw0.30_x+1_i0097.h5,1,3.000000000e-01,1,1.069117145e+00,main,true,rise,335
/mnt/pd/tema1/new/results/ml_samples/N1_sw0.30_x+1_i0113.h5,1,3.000000000e-01,1,1.069117145e+00,main,true,rise,649
/mnt/pd/tema1/new/results/ml_samples/N1_sw0.30_x+1_i0075.h5,1,3.000000000e-01,1,1.069117145e+00,main,true,rise,1066
/mnt/pd/tema1/new/results/ml_samples/N1_sw0.30_x+1_i0103.h5,1,3.000000000e-01,1,1.069117145e+00,main,true,rise,495
/mnt/pd/tema1/new/results/ml_samples/N1_sw0.30_x+1_i0105.h5,1,3.000000000e-01,1,1.069117145e+00,main,true,rise,615
/mnt/pd/tema1/new/results/ml_samples/N1_sw0.30_x+1_i0117.h5,1,3.000000000e-01,1,1.069117145e+00,main,true,fall,392
/mnt/pd/tema1/new/results/ml_samples/N1_sw0.30_x+0_i0177.h5,1,3.000000000e-01,0,1.000000000e+00,main,true,fall,3201
/mnt/pd/tema1/new/results/ml_samples/N1_sw0.30_x+1_i0089.h5,1,3.000000000e-01,1,1.069117145e+00,main,true,rise,1036
/mnt/pd/tema1/new/results/ml_samples/N1_sw0.30_x+1_i0093.h5,1,3.000000000e-01,1,1.069117145e+00,main,true,rise,445
/mnt/pd/tema1/new/results/ml_samples/N1_sw0.30_x+1_i0107.h5,1,3.000000000e-01,1,1.069117145e+00,main,true,rise,753
/mnt/pd/tema1/new/results/ml_samples/N1_sw0.30_x+1_i0119.h5,1,3.000000000e-01,1,1.069117145e+00,main,true,fall,497
/mnt/pd/tema1/new/results/ml_samples/N1_sw0.30_x+1_i0131.h5,1,3.000000000e-01,1,1.069117145e+00,main,true,rise,252
/mnt/pd/tema1/new/results/ml_samples/N1_sw0.30_x+1_i0125.h5,1,3.000000000e-01,1,1.069117145e+00,main,true,rise,378
/mnt/pd/tema1/new/results/ml_samples/N1_sw0.30_x+1_i0121.h5,1,3.000000000e-01,1,1.069117145e+00,main,true,rise,541
/mnt/pd/tema1/new/results/ml_samples/N1_sw0.30_x+1_i0123.h5,1,3.000000000e-01,1,1.069117145e+00,main,true,rise,609
/mnt/pd/tema1/new/results/ml_samples/N1_sw0.30_x+1_i0115.h5,1,3.000000000e-01,1,1.069117145e+00,main,true,rise,829
/mnt/pd/tema1/new/results/ml_samples/N1_sw0.30_x+1_i0111.h5,1,3.000000000e-01,1,1.069117145e+00,main,true,rise,453
/mnt/pd/tema1/new/results/ml_samples/N1_sw0.30_x+1_i0141.h5,1,3.000000000e-01,1,1.069117145e+00,main,true,rise,308
/mnt/pd/tema1/new/results/ml_samples/N1_sw0.30_x+1_i0083.h5,1,3.000000000e-01,1,1.069117145e+00,main,true,rise,1171
/mnt/pd/tema1/new/results/ml_samples/N1_sw0.30_x+1_i0137.h5,1,3.000000000e-01,1,1.069117145e+00,main,true,rise,464
/mnt/pd/tema1/new/results/ml_samples/N1_sw0.30_x+1_i0139.h5,1,3.000000000e-01,1,1.069117145e+00,main,true,rise,410
/mnt/pd/tema1/new/results/ml_samples/N1_sw0.30_x+1_i0101.h5,1,3.000000000e-01,1,1.069117145e+00,main,true,rise,1306
/mnt/pd/tema1/new/results/ml_samples/N1_sw0.30_x+1_i0167.h5,1,3.000000000e-01,1,1.069117145e+00,main,true,fall,228
/mnt/pd/tema1/new/results/ml_samples/N1_sw0.30_x+1_i0145.h5,1,3.000000000e-01,1,1.069117145e+00,main,true,rise,424
/mnt/pd/tema1/new/results/ml_samples/N1_sw0.30_x+1_i0109.h5,1,3.000000000e-01,1,1.069117145e+00,main,true,rise,1328
/mnt/pd/tema1/new/results/ml_samples/N1_sw0.30_x+1_i0127.h5,1,3.000000000e-01,1,1.069117145e+00,main,true,rise,908
/mnt/pd/tema1/new/results/ml_samples/N1_sw0.30_x+1_i0047.h5,1,3.000000000e-01,1,1.069117145e+00,main,true,rise,2849
/mnt/pd/tema1/new/results/ml_samples/N1_sw0.30_x+1_i0143.h5,1,3.000000000e-01,1,1.069117145e+00,main,true,rise,740
/mnt/pd/tema1/new/results/ml_samples/N1_sw0.30_x+1_i0149.h5,1,3.000000000e-01,1,1.069117145e+00,main,true,rise,399
/mnt/pd/tema1/new/results/ml_samples/N1_sw0.30_x+1_i0095.h5,1,3.000000000e-01,1,1.069117145e+00,main,true,fall,1423
/mnt/pd/tema1/new/results/ml_samples/N1_sw0.30_x+1_i0129.h5,1,3.000000000e-01,1,1.069117145e+00,main,true,rise,1060
/mnt/pd/tema1/new/results/ml_samples/N1_sw0.30_x+1_i0171.h5,1,3.000000000e-01,1,1.069117145e+00,main,true,rise,369
/mnt/pd/tema1/new/results/ml_samples/N1_sw0.30_x+1_i0183.h5,1,3.000000000e-01,1,1.069117145e+00,main,true,rise,350
/mnt/pd/tema1/new/results/ml_samples/N1_sw0.30_x+1_i0159.h5,1,3.000000000e-01,1,1.069117145e+00,main,true,rise,549
/mnt/pd/tema1/new/results/ml_samples/N1_sw0.30_x+1_i0173.h5,1,3.000000000e-01,1,1.069117145e+00,main,true,rise,1194
/mnt/pd/tema1/new/results/ml_samples/N1_sw0.30_x+1_i0147.h5,1,3.000000000e-01,1,1.069117145e+00,main,true,rise,861
/mnt/pd/tema1/new/results/ml_samples/N1_sw0.30_x+1_i0163.h5,1,3.000000000e-01,1,1.069117145e+00,main,true,rise,523
/mnt/pd/tema1/new/results/ml_samples/N1_sw0.30_x+1_i0177.h5,1,3.000000000e-01,1,1.069117145e+00,main,true,rise,310
/mnt/pd/tema1/new/results/ml_samples/N1_sw0.30_x+1_i0133.h5,1,3.000000000e-01,1,1.069117145e+00,main,true,fall,1450
/mnt/pd/tema1/new/results/ml_samples/N1_sw0.30_x+1_i0153.h5,1,3.000000000e-01,1,1.069117145e+00,main,true,rise,936
/mnt/pd/tema1/new/results/ml_samples/N1_sw0.30_x+2_i0003.h5,1,3.000000000e-01,2,1.138234290e+00,main,true,rise,237
/mnt/pd/tema1/new/results/ml_samples/N1_sw0.30_x+1_i0155.h5,1,3.000000000e-01,1,1.069117145e+00,main,true,rise,892
/mnt/pd/tema1/new/results/ml_samples/N1_sw0.30_x+1_i0157.h5,1,3.000000000e-01,1,1.069117145e+00,main,true,rise,992
/mnt/pd/tema1/new/results/ml_samples/N1_sw0.30_x+1_i0135.h5,1,3.000000000e-01,1,1.069117145e+00,main,true,rise,1621
/mnt/pd/tema1/new/results/ml_samples/N1_sw0.30_x+1_i0165.h5,1,3.000000000e-01,1,1.069117145e+00,main,true,rise,881
/mnt/pd/tema1/new/results/ml_samples/N1_sw0.30_x+1_i0179.h5,1,3.000000000e-01,1,1.069117145e+00,main,true,rise,501
/mnt/pd/tema1/new/results/ml_samples/N1_sw0.30_x+2_i0007.h5,1,3.000000000e-01,2,1.138234290e+00,main,true,rise,486
/mnt/pd/tema1/new/results/ml_samples/N1_sw0.30_x+1_i0199.h5,1,3.000000000e-01,1,1.069117145e+00,main,true,rise,341
/mnt/pd/tema1/new/results/ml_samples/N1_sw0.30_x+1_i0193.h5,1,3.000000000e-01,1,1.069117145e+00,main,true,rise,418
/mnt/pd/tema1/new/results/ml_samples/N1_sw0.30_x+1_i0151.h5,1,3.000000000e-01,1,1.069117145e+00,main,true,rise,1256
/mnt/pd/tema1/new/results/ml_samples/N1_sw0.30_x+1_i0181.h5,1,3.000000000e-01,1,1.069117145e+00,main,true,rise,746
/mnt/pd/tema1/new/results/ml_samples/N1_sw0.30_x+2_i0001.h5,1,3.000000000e-01,2,1.138234290e+00,main,true,rise,227
/mnt/pd/tema1/new/results/ml_samples/N1_sw0.30_x+2_i0019.h5,1,3.000000000e-01,2,1.138234290e+00,main,true,rise,305
/mnt/pd/tema1/new/results/ml_samples/N1_sw0.30_x+1_i0189.h5,1,3.000000000e-01,1,1.069117145e+00,main,true,rise,606
/mnt/pd/tema1/new/results/ml_samples/N1_sw0.30_x+2_i0015.h5,1,3.000000000e-01,2,1.138234290e+00,main,true,rise,335
/mnt/pd/tema1/new/results/ml_samples/N1_sw0.30_x+1_i0187.h5,1,3.000000000e-01,1,1.069117145e+00,main,true,rise,822
/mnt/pd/tema1/new/results/ml_samples/N1_sw0.30_x+2_i0009.h5,1,3.000000000e-01,2,1.138234290e+00,main,true,fall,407
/mnt/pd/tema1/new/results/ml_samples/N1_sw0.30_x+1_i0185.h5,1,3.000000000e-01,1,1.069117145e+00,main,true,fall,1007
/mnt/pd/tema1/new/results/ml_samples/N1_sw0.30_x+1_i0191.h5,1,3.000000000e-01,1,1.069117145e+00,main,true,fall,534
/mnt/pd/tema1/new/results/ml_samples/N1_sw0.30_x+2_i0031.h5,1,3.000000000e-01,2,1.138234290e+00,main,true,rise,378
/mnt/pd/tema1/new/results/ml_samples/N1_sw0.30_x+1_i0197.h5,1,3.000000000e-01,1,1.069117145e+00,main,true,rise,904
/mnt/pd/tema1/new/results/ml_samples/N1_sw0.30_x+2_i0013.h5,1,3.000000000e-01,2,1.138234290e+00,main,true,rise,509
/mnt/pd/tema1/new/results/ml_samples/N1_sw0.30_x+2_i0011.h5,1,3.000000000e-01,2,1.138234290e+00,main,true,rise,633
/mnt/pd/tema1/new/results/ml_samples/N1_sw0.30_x+2_i0005.h5,1,3.000000000e-01,2,1.138234290e+00,main,true,rise,417
/mnt/pd/tema1/new/results/ml_samples/N1_sw0.30_x+2_i0043.h5,1,3.000000000e-01,2,1.138234290e+00,main,true,rise,404
/mnt/pd/tema1/new/results/ml_samples/N1_sw0.30_x+1_i0161.h5,1,3.000000000e-01,1,1.069117145e+00,main,true,fall,1513
/mnt/pd/tema1/new/results/ml_samples/N1_sw0.30_x+2_i0021.h5,1,3.000000000e-01,2,1.138234290e+00,main,true,rise,395
/mnt/pd/tema1/new/results/ml_samples/N1_sw0.30_x+2_i0027.h5,1,3.000000000e-01,2,1.138234290e+00,main,true,rise,581
/mnt/pd/tema1/new/results/ml_samples/N1_sw0.30_x+1_i0195.h5,1,3.000000000e-01,1,1.069117145e+00,main,true,fall,882
/mnt/pd/tema1/new/results/ml_samples/N1_sw0.30_x+2_i0041.h5,1,3.000000000e-01,2,1.138234290e+00,main,true,rise,307
/mnt/pd/tema1/new/results/ml_samples/N1_sw0.30_x+1_i0169.h5,1,3.000000000e-01,1,1.069117145e+00,main,true,rise,2050
/mnt/pd/tema1/new/results/ml_samples/N1_sw0.30_x+2_i0035.h5,1,3.000000000e-01,2,1.138234290e+00,main,true,rise,508
/mnt/pd/tema1/new/results/ml_samples/N1_sw0.30_x+2_i0023.h5,1,3.000000000e-01,2,1.138234290e+00,main,true,rise,819
/mnt/pd/tema1/new/results/ml_samples/N1_sw0.30_x+2_i0039.h5,1,3.000000000e-01,2,1.138234290e+00,main,true,rise,499
/mnt/pd/tema1/new/results/ml_samples/N1_sw0.30_x+2_i0057.h5,1,3.000000000e-01,2,1.138234290e+00,main,true,rise,856
/mnt/pd/tema1/new/results/ml_samples/N1_sw0.30_x+2_i0047.h5,1,3.000000000e-01,2,1.138234290e+00,main,true,rise,404
/mnt/pd/tema1/new/results/ml_samples/N1_sw0.30_x+1_i0175.h5,1,3.000000000e-01,1,1.069117145e+00,main,true,rise,2057
/mnt/pd/tema1/new/results/ml_samples/N1_sw0.30_x+2_i0025.h5,1,3.000000000e-01,2,1.138234290e+00,main,true,rise,948
/mnt/pd/tema1/new/results/ml_samples/N1_sw0.30_x+1_i0081.h5,1,3.000000000e-01,1,1.069117145e+00,main,true,rise,4393
/mnt/pd/tema1/new/results/ml_samples/N1_sw0.30_x+2_i0061.h5,1,3.000000000e-01,2,1.138234290e+00,main,true,rise,331
/mnt/pd/tema1/new/results/ml_samples/N1_sw0.30_x+2_i0017.h5,1,3.000000000e-01,2,1.138234290e+00,main,true,rise,905
/mnt/pd/tema1/new/results/ml_samples/N1_sw0.30_x+2_i0037.h5,1,3.000000000e-01,2,1.138234290e+00,main,true,rise,746
/mnt/pd/tema1/new/results/ml_samples/N1_sw0.30_x+2_i0029.h5,1,3.000000000e-01,2,1.138234290e+00,main,true,rise,1006
/mnt/pd/tema1/new/results/ml_samples/N1_sw0.30_x+2_i0051.h5,1,3.000000000e-01,2,1.138234290e+00,main,true,rise,748
/mnt/pd/tema1/new/results/ml_samples/N1_sw0.30_x+2_i0033.h5,1,3.000000000e-01,2,1.138234290e+00,main,true,rise,642
/mnt/pd/tema1/new/results/ml_samples/N1_sw0.30_x+2_i0049.h5,1,3.000000000e-01,2,1.138234290e+00,main,true,rise,647
/mnt/pd/tema1/new/results/ml_samples/N1_sw0.30_x+2_i0071.h5,1,3.000000000e-01,2,1.138234290e+00,main,true,rise,443
/mnt/pd/tema1/new/results/ml_samples/N1_sw0.30_x+2_i0065.h5,1,3.000000000e-01,2,1.138234290e+00,main,true,rise,518
/mnt/pd/tema1/new/results/ml_samples/N1_sw0.30_x+2_i0067.h5,1,3.000000000e-01,2,1.138234290e+00,main,true,rise,818
/mnt/pd/tema1/new/results/ml_samples/N1_sw0.30_x+2_i0055.h5,1,3.000000000e-01,2,1.138234290e+00,main,true,rise,709
/mnt/pd/tema1/new/results/ml_samples/N1_sw0.30_x+2_i0077.h5,1,3.000000000e-01,2,1.138234290e+00,main,true,rise,293
/mnt/pd/tema1/new/results/ml_samples/N1_sw0.30_x+2_i0069.h5,1,3.000000000e-01,2,1.138234290e+00,main,true,rise,557
/mnt/pd/tema1/new/results/ml_samples/N1_sw0.30_x+2_i0075.h5,1,3.000000000e-01,2,1.138234290e+00,main,true,rise,379
/mnt/pd/tema1/new/results/ml_samples/N1_sw0.30_x+2_i0053.h5,1,3.000000000e-01,2,1.138234290e+00,main,true,rise,521
/mnt/pd/tema1/new/results/ml_samples/N1_sw0.30_x+2_i0063.h5,1,3.000000000e-01,2,1.138234290e+00,main,true,rise,338
/mnt/pd/tema1/new/results/ml_samples/N1_sw0.30_x+2_i0087.h5,1,3.000000000e-01,2,1.138234290e+00,main,true,rise,581
/mnt/pd/tema1/new/results/ml_samples/N1_sw0.30_x+2_i0083.h5,1,3.000000000e-01,2,1.138234290e+00,main,true,rise,270
/mnt/pd/tema1/new/results/ml_samples/N1_sw0.30_x+2_i0079.h5,1,3.000000000e-01,2,1.138234290e+00,main,true,rise,536
/mnt/pd/tema1/new/results/ml_samples/N1_sw0.30_x+2_i0085.h5,1,3.000000000e-01,2,1.138234290e+00,main,true,rise,323
/mnt/pd/tema1/new/results/ml_samples/N1_sw0.30_x+2_i0095.h5,1,3.000000000e-01,2,1.138234290e+00,main,true,rise,262
/mnt/pd/tema1/new/results/ml_samples/N1_sw0.30_x+4_i0015.h5,1,3.000000000e-01,4,1.276468579e+00,main,true,rise,195
/mnt/pd/tema1/new/results/ml_samples/N1_sw0.30_x+2_i0045.h5,1,3.000000000e-01,2,1.138234290e+00,main,true,rise,1392
/mnt/pd/tema1/new/results/ml_samples/N1_sw0.30_x+2_i0073.h5,1,3.000000000e-01,2,1.138234290e+00,main,true,rise,289
/mnt/pd/tema1/new/results/ml_samples/N1_sw0.30_x+2_i0093.h5,1,3.000000000e-01,2,1.138234290e+00,main,true,rise,359
/mnt/pd/tema1/new/results/ml_samples/N1_sw0.30_x+2_i0081.h5,1,3.000000000e-01,2,1.138234290e+00,main,true,rise,709
/mnt/pd/tema1/new/results/ml_samples/N1_sw0.30_x+2_i0091.h5,1,3.000000000e-01,2,1.138234290e+00,main,true,rise,443
/mnt/pd/tema1/new/results/ml_samples/N1_sw0.30_x+2_i0059.h5,1,3.000000000e-01,2,1.138234290e+00,main,true,fall,1312
/mnt/pd/tema1/new/results/ml_samples/N1_sw0.30_x+2_i0097.h5,1,3.000000000e-01,2,1.138234290e+00,main,true,rise,461
/mnt/pd/tema1/new/results/ml_samples/N1_sw0.30_x+4_i0005.h5,1,3.000000000e-01,4,1.276468579e+00,main,true,rise,303
/mnt/pd/tema1/new/results/ml_samples/N1_sw0.30_x+2_i0089.h5,1,3.000000000e-01,2,1.138234290e+00,main,true,rise,574
/mnt/pd/tema1/new/results/ml_samples/N1_sw0.30_x+2_i0099.h5,1,3.000000000e-01,2,1.138234290e+00,main,true,rise,464
/mnt/pd/tema1/new/results/ml_samples/N1_sw0.30_x+4_i0009.h5,1,3.000000000e-01,4,1.276468579e+00,main,true,rise,294
/mnt/pd/tema1/new/results/ml_samples/N1_sw0.30_x+4_i0007.h5,1,3.000000000e-01,4,1.276468579e+00,main,true,rise,290
/mnt/pd/tema1/new/results/ml_samples/N1_sw0.30_x+4_i0011.h5,1,3.000000000e-01,4,1.276468579e+00,main,true,rise,307
/mnt/pd/tema1/new/results/ml_samples/N1_sw0.30_x+4_i0017.h5,1,3.000000000e-01,4,1.276468579e+00,main,true,rise,204
/mnt/pd/tema1/new/results/ml_samples/N1_sw0.30_x+4_i0039.h5,1,3.000000000e-01,4,1.276468579e+00,main,true,rise,187
/mnt/pd/tema1/new/results/ml_samples/N1_sw0.30_x+4_i0001.h5,1,3.000000000e-01,4,1.276468579e+00,main,true,rise,275
/mnt/pd/tema1/new/results/ml_samples/N1_sw0.30_x+4_i0019.h5,1,3.000000000e-01,4,1.276468579e+00,main,true,rise,270
/mnt/pd/tema1/new/results/ml_samples/N1_sw0.30_x+4_i0027.h5,1,3.000000000e-01,4,1.276468579e+00,main,true,rise,209
/mnt/pd/tema1/new/results/ml_samples/N1_sw0.30_x+4_i0023.h5,1,3.000000000e-01,4,1.276468579e+00,main,true,rise,243
/mnt/pd/tema1/new/results/ml_samples/N1_sw0.30_x+4_i0013.h5,1,3.000000000e-01,4,1.276468579e+00,main,true,rise,397
/mnt/pd/tema1/new/results/ml_samples/N1_sw0.30_x+4_i0021.h5,1,3.000000000e-01,4,1.276468579e+00,main,true,rise,326
/mnt/pd/tema1/new/results/ml_samples/N1_sw0.30_x+4_i0003.h5,1,3.000000000e-01,4,1.276468579e+00,main,true,rise,281
/mnt/pd/tema1/new/results/ml_samples/N1_sw0.30_x+4_i0025.h5,1,3.000000000e-01,4,1.276468579e+00,main,true,rise,345
/mnt/pd/tema1/new/results/ml_samples/N1_sw0.30_x+4_i0029.h5,1,3.000000000e-01,4,1.276468579e+00,main,true,rise,312
/mnt/pd/tema1/new/results/ml_samples/N1_sw0.30_x+4_i0041.h5,1,3.000000000e-01,4,1.276468579e+00,main,true,rise,359
/mnt/pd/tema1/new/results/ml_samples/N1_sw0.30_x+4_i0033.h5,1,3.000000000e-01,4,1.276468579e+00,main,true,rise,351
/mnt/pd/tema1/new/results/ml_samples/N1_sw0.30_x+4_i0037.h5,1,3.000000000e-01,4,1.276468579e+00,main,true,rise,358
/mnt/pd/tema1/new/results/ml_samples/N1_sw0.30_x+4_i0045.h5,1,3.000000000e-01,4,1.276468579e+00,main,true,rise,376
/mnt/pd/tema1/new/results/ml_samples/N1_sw0.30_x+4_i0031.h5,1,3.000000000e-01,4,1.276468579e+00,main,true,rise,207
/mnt/pd/tema1/new/results/ml_samples/N1_sw0.30_x+4_i0049.h5,1,3.000000000e-01,4,1.276468579e+00,main,true,rise,253
/mnt/pd/tema1/new/results/ml_samples/N1_sw0.30_x+4_i0069.h5,1,3.000000000e-01,4,1.276468579e+00,main,true,rise,396
/mnt/pd/tema1/new/results/ml_samples/N1_sw0.30_x+4_i0055.h5,1,3.000000000e-01,4,1.276468579e+00,main,true,rise,254
/mnt/pd/tema1/new/results/ml_samples/N1_sw0.30_x+4_i0059.h5,1,3.000000000e-01,4,1.276468579e+00,main,true,rise,205
/mnt/pd/tema1/new/results/ml_samples/N1_sw0.30_x+4_i0087.h5,1,3.000000000e-01,4,1.276468579e+00,main,true,rise,246
/mnt/pd/tema1/new/results/ml_samples/N1_sw0.30_x+4_i0061.h5,1,3.000000000e-01,4,1.276468579e+00,main,true,rise,226
/mnt/pd/tema1/new/results/ml_samples/N1_sw0.30_x+4_i0065.h5,1,3.000000000e-01,4,1.276468579e+00,main,true,rise,209
/mnt/pd/tema1/new/results/ml_samples/N1_sw0.30_x+4_i0067.h5,1,3.000000000e-01,4,1.276468579e+00,main,true,rise,205
/mnt/pd/tema1/new/results/ml_samples/N1_sw0.30_x+4_i0071.h5,1,3.000000000e-01,4,1.276468579e+00,main,true,rise,231
/mnt/pd/tema1/new/results/ml_samples/N1_sw0.30_x+4_i0063.h5,1,3.000000000e-01,4,1.276468579e+00,main,true,rise,457
/mnt/pd/tema1/new/results/ml_samples/N1_sw0.30_x+4_i0035.h5,1,3.000000000e-01,4,1.276468579e+00,main,true,rise,333
/mnt/pd/tema1/new/results/ml_samples/N1_sw0.30_x+4_i0051.h5,1,3.000000000e-01,4,1.276468579e+00,main,true,rise,470
/mnt/pd/tema1/new/results/ml_samples/N1_sw0.30_x+4_i0047.h5,1,3.000000000e-01,4,1.276468579e+00,main,true,rise,239
/mnt/pd/tema1/new/results/ml_samples/N1_sw0.30_x+4_i0077.h5,1,3.000000000e-01,4,1.276468579e+00,main,true,rise,218
/mnt/pd/tema1/new/results/ml_samples/N1_sw0.30_x+4_i0073.h5,1,3.000000000e-01,4,1.276468579e+00,main,true,rise,278
/mnt/pd/tema1/new/results/ml_samples/N1_sw0.30_x+4_i0079.h5,1,3.000000000e-01,4,1.276468579e+00,main,true,rise,255
/mnt/pd/tema1/new/results/ml_samples/N1_sw0.30_x+4_i0083.h5,1,3.000000000e-01,4,1.276468579e+00,main,true,rise,236
/mnt/pd/tema1/new/results/ml_samples/N1_sw0.30_x+4_i0075.h5,1,3.000000000e-01,4,1.276468579e+00,main,true,rise,325
/mnt/pd/tema1/new/results/ml_samples/N1_sw0.30_x+4_i0085.h5,1,3.000000000e-01,4,1.276468579e+00,main,true,rise,177
/mnt/pd/tema1/new/results/ml_samples/N1_sw0.30_x+4_i0053.h5,1,3.000000000e-01,4,1.276468579e+00,main,true,rise,614
/mnt/pd/tema1/new/results/ml_samples/N1_sw0.30_x-1_i0007.h5,1,3.000000000e-01,-1,9.308828552e-01,main,true,fall,132
/mnt/pd/tema1/new/results/ml_samples/N1_sw0.30_x+4_i0081.h5,1,3.000000000e-01,4,1.276468579e+00,main,true,rise,400
/mnt/pd/tema1/new/results/ml_samples/N1_sw0.30_x+4_i0057.h5,1,3.000000000e-01,4,1.276468579e+00,main,true,rise,238
/mnt/pd/tema1/new/results/ml_samples/N1_sw0.30_x+4_i0091.h5,1,3.000000000e-01,4,1.276468579e+00,main,true,rise,221
/mnt/pd/tema1/new/results/ml_samples/N1_sw0.30_x+4_i0097.h5,1,3.000000000e-01,4,1.276468579e+00,main,true,rise,168
/mnt/pd/tema1/new/results/ml_samples/N1_sw0.30_x+4_i0095.h5,1,3.000000000e-01,4,1.276468579e+00,main,true,rise,212
/mnt/pd/tema1/new/results/ml_samples/N1_sw0.30_x+4_i0089.h5,1,3.000000000e-01,4,1.276468579e+00,main,true,rise,330
/mnt/pd/tema1/new/results/ml_samples/N1_sw0.30_x+4_i0099.h5,1,3.000000000e-01,4,1.276468579e+00,main,true,rise,268
/mnt/pd/tema1/new/results/ml_samples/N1_sw0.30_x-1_i0011.h5,1,3.000000000e-01,-1,9.308828552e-01,main,true,fall,111
/mnt/pd/tema1/new/results/ml_samples/N1_sw0.30_x+4_i0043.h5,1,3.000000000e-01,4,1.276468579e+00,main,true,rise,1168
/mnt/pd/tema1/new/results/ml_samples/N1_sw0.30_x-1_i0013.h5,1,3.000000000e-01,-1,9.308828552e-01,main,true,fall,160
/mnt/pd/tema1/new/results/ml_samples/N1_sw0.30_x-1_i0017.h5,1,3.000000000e-01,-1,9.308828552e-01,main,true,fall,137
/mnt/pd/tema1/new/results/ml_samples/N1_sw0.30_x-1_i0039.h5,1,3.000000000e-01,-1,9.308828552e-01,main,true,fall,343
/mnt/pd/tema1/new/results/ml_samples/N1_sw0.30_x-1_i0005.h5,1,3.000000000e-01,-1,9.308828552e-01,main,true,fall,275
/mnt/pd/tema1/new/results/ml_samples/N1_sw0.30_x-1_i0015.h5,1,3.000000000e-01,-1,9.308828552e-01,main,true,fall,315
/mnt/pd/tema1/new/results/ml_samples/N1_sw0.30_x-1_i0033.h5,1,3.000000000e-01,-1,9.308828552e-01,main,true,fall,156
/mnt/pd/tema1/new/results/ml_samples/N1_sw0.30_x+4_i0093.h5,1,3.000000000e-01,4,1.276468579e+00,main,true,rise,187
/mnt/pd/tema1/new/results/ml_samples/N1_sw0.30_x-1_i0041.h5,1,3.000000000e-01,-1,9.308828552e-01,main,true,fall,158
/mnt/pd/tema1/new/results/ml_samples/N1_sw0.30_x-1_i0003.h5,1,3.000000000e-01,-1,9.308828552e-01,main,true,fall,85
/mnt/pd/tema1/new/results/ml_samples/N1_sw0.30_x-1_i0023.h5,1,3.000000000e-01,-1,9.308828552e-01,main,true,fall,344
/mnt/pd/tema1/new/results/ml_samples/N1_sw0.30_x-1_i0043.h5,1,3.000000000e-01,-1,9.308828552e-01,main,true,fall,155
/mnt/pd/tema1/new/results/ml_samples/N1_sw0.30_x-1_i0025.h5,1,3.000000000e-01,-1,9.308828552e-01,main,true,fall,270
/mnt/pd/tema1/new/results/ml_samples/N1_sw0.30_x-1_i0031.h5,1,3.000000000e-01,-1,9.308828552e-01,main,true,fall,285
/mnt/pd/tema1/new/results/ml_samples/N1_sw0.30_x-1_i0021.h5,1,3.000000000e-01,-1,9.308828552e-01,main,true,fall,336
/mnt/pd/tema1/new/results/ml_samples/N1_sw0.30_x-1_i0029.h5,1,3.000000000e-01,-1,9.308828552e-01,main,true,fall,387
/mnt/pd/tema1/new/results/ml_samples/N1_sw0.30_x-1_i0063.h5,1,3.000000000e-01,-1,9.308828552e-01,main,true,fall,203
/mnt/pd/tema1/new/results/ml_samples/N1_sw0.30_x-1_i0001.h5,1,3.000000000e-01,-1,9.308828552e-01,main,true,fall,1699
/mnt/pd/tema1/new/results/ml_samples/N1_sw0.30_x-1_i0057.h5,1,3.000000000e-01,-1,9.308828552e-01,main,true,fall,135
/mnt/pd/tema1/new/results/ml_samples/N1_sw0.30_x-1_i0027.h5,1,3.000000000e-01,-1,9.308828552e-01,main,true,fall,171
/mnt/pd/tema1/new/results/ml_samples/N1_sw0.30_x-1_i0059.h5,1,3.000000000e-01,-1,9.308828552e-01,main,true,fall,216
/mnt/pd/tema1/new/results/ml_samples/N1_sw0.30_x-1_i0065.h5,1,3.000000000e-01,-1,9.308828552e-01,main,true,fall,108
/mnt/pd/tema1/new/results/ml_samples/N1_sw0.30_x-1_i0067.h5,1,3.000000000e-01,-1,9.308828552e-01,main,true,fall,175
/mnt/pd/tema1/new/results/ml_samples/N1_sw0.30_x-1_i0089.h5,1,3.000000000e-01,-1,9.308828552e-01,main,true,fall,192
/mnt/pd/tema1/new/results/ml_samples/N1_sw0.30_x-1_i0047.h5,1,3.000000000e-01,-1,9.308828552e-01,main,true,fall,575
/mnt/pd/tema1/new/results/ml_samples/N1_sw0.30_x-1_i0091.h5,1,3.000000000e-01,-1,9.308828552e-01,main,true,fall,169
/mnt/pd/tema1/new/results/ml_samples/N1_sw0.30_x-1_i0009.h5,1,3.000000000e-01,-1,9.308828552e-01,main,true,fall,645
/mnt/pd/tema1/new/results/ml_samples/N1_sw0.30_x-1_i0035.h5,1,3.000000000e-01,-1,9.308828552e-01,main,true,fall,903
/mnt/pd/tema1/new/results/ml_samples/N1_sw0.30_x-1_i0049.h5,1,3.000000000e-01,-1,9.308828552e-01,main,true,fall,171
/mnt/pd/tema1/new/results/ml_samples/N1_sw0.30_x-1_i0051.h5,1,3.000000000e-01,-1,9.308828552e-01,main,true,fall,568
/mnt/pd/tema1/new/results/ml_samples/N1_sw0.30_x-1_i0087.h5,1,3.000000000e-01,-1,9.308828552e-01,main,true,fall,149
/mnt/pd/tema1/new/results/ml_samples/N1_sw0.30_x-1_i0053.h5,1,3.000000000e-01,-1,9.308828552e-01,main,true,fall,550
/mnt/pd/tema1/new/results/ml_samples/N1_sw0.30_x-1_i0045.h5,1,3.000000000e-01,-1,9.308828552e-01,main,true,fall,326
/mnt/pd/tema1/new/results/ml_samples/N1_sw0.30_x-1_i0077.h5,1,3.000000000e-01,-1,9.308828552e-01,main,true,fall,222
/mnt/pd/tema1/new/results/ml_samples/N1_sw0.30_x-1_i0071.h5,1,3.000000000e-01,-1,9.308828552e-01,main,true,fall,300
/mnt/pd/tema1/new/results/ml_samples/N1_sw0.30_x-1_i0085.h5,1,3.000000000e-01,-1,9.308828552e-01,main,true,fall,211
/mnt/pd/tema1/new/results/ml_samples/N1_sw0.30_x-1_i0037.h5,1,3.000000000e-01,-1,9.308828552e-01,main,true,fall,544
/mnt/pd/tema1/new/results/ml_samples/N1_sw0.30_x-1_i0083.h5,1,3.000000000e-01,-1,9.308828552e-01,main,true,fall,282
/mnt/pd/tema1/new/results/ml_samples/N1_sw0.30_x-1_i0061.h5,1,3.000000000e-01,-1,9.308828552e-01,main,true,fall,631
/mnt/pd/tema1/new/results/ml_samples/N1_sw0.30_x-1_i0075.h5,1,3.000000000e-01,-1,9.308828552e-01,main,true,fall,389
/mnt/pd/tema1/new/results/ml_samples/N1_sw0.30_x-1_i0073.h5,1,3.000000000e-01,-1,9.308828552e-01,main,true,fall,569
/mnt/pd/tema1/new/results/ml_samples/N1_sw0.30_x-1_i0095.h5,1,3.000000000e-01,-1,9.308828552e-01,main,true,fall,156
/mnt/pd/tema1/new/results/ml_samples/N1_sw0.30_x-1_i0055.h5,1,3.000000000e-01,-1,9.308828552e-01,main,true,fall,657
/mnt/pd/tema1/new/results/ml_samples/N1_sw0.30_x-1_i0101.h5,1,3.000000000e-01,-1,9.308828552e-01,main,true,fall,141
/mnt/pd/tema1/new/results/ml_samples/N1_sw0.30_x-1_i0093.h5,1,3.000000000e-01,-1,9.308828552e-01,main,true,fall,419
/mnt/pd/tema1/new/results/ml_samples/N1_sw0.30_x-1_i0103.h5,1,3.000000000e-01,-1,9.308828552e-01,main,true,fall,96
/mnt/pd/tema1/new/results/ml_samples/N1_sw0.30_x-1_i0109.h5,1,3.000000000e-01,-1,9.308828552e-01,main,true,fall,126
/mnt/pd/tema1/new/results/ml_samples/N1_sw0.30_x-1_i0097.h5,1,3.000000000e-01,-1,9.308828552e-01,main,true,fall,93
/mnt/pd/tema1/new/results/ml_samples/N1_sw0.30_x-1_i0107.h5,1,3.000000000e-01,-1,9.308828552e-01,main,true,fall,205
/mnt/pd/tema1/new/results/ml_samples/N1_sw0.30_x-1_i0105.h5,1,3.000000000e-01,-1,9.308828552e-01,main,true,fall,356
/mnt/pd/tema1/new/results/ml_samples/N1_sw0.30_x-1_i0081.h5,1,3.000000000e-01,-1,9.308828552e-01,main,true,fall,997
/mnt/pd/tema1/new/results/ml_samples/N1_sw0.30_x-1_i0113.h5,1,3.000000000e-01,-1,9.308828552e-01,main,true,fall,373
/mnt/pd/tema1/new/results/ml_samples/N1_sw0.30_x-1_i0119.h5,1,3.000000000e-01,-1,9.308828552e-01,main,true,fall,390
/mnt/pd/tema1/new/results/ml_samples/N1_sw0.30_x-1_i0131.h5,1,3.000000000e-01,-1,9.308828552e-01,main,true,fall,205
/mnt/pd/tema1/new/results/ml_samples/N1_sw0.30_x-1_i0135.h5,1,3.000000000e-01,-1,9.308828552e-01,main,true,fall,122
/mnt/pd/tema1/new/results/ml_samples/N1_sw0.30_x-1_i0133.h5,1,3.000000000e-01,-1,9.308828552e-01,main,true,fall,193
/mnt/pd/tema1/new/results/ml_samples/N1_sw0.30_x-1_i0117.h5,1,3.000000000e-01,-1,9.308828552e-01,main,true,fall,140
/mnt/pd/tema1/new/results/ml_samples/N1_sw0.30_x-1_i0153.h5,1,3.000000000e-01,-1,9.308828552e-01,main,true,fall,101
/mnt/pd/tema1/new/results/ml_samples/N1_sw0.30_x-1_i0147.h5,1,3.000000000e-01,-1,9.308828552e-01,main,true,fall,511
/mnt/pd/tema1/new/results/ml_samples/N1_sw0.30_x-1_i0111.h5,1,3.000000000e-01,-1,9.308828552e-01,main,true,fall,613
/mnt/pd/tema1/new/results/ml_samples/N1_sw0.30_x-1_i0143.h5,1,3.000000000e-01,-1,9.308828552e-01,main,true,fall,185
/mnt/pd/tema1/new/results/ml_samples/N1_sw0.30_x-1_i0115.h5,1,3.000000000e-01,-1,9.308828552e-01,main,true,fall,200
/mnt/pd/tema1/new/results/ml_samples/N1_sw0.30_x-1_i0069.h5,1,3.000000000e-01,-1,9.308828552e-01,main,true,fall,1532
/mnt/pd/tema1/new/results/ml_samples/N1_sw0.30_x-1_i0127.h5,1,3.000000000e-01,-1,9.308828552e-01,main,true,fall,303
/mnt/pd/tema1/new/results/ml_samples/N1_sw0.30_x-1_i0149.h5,1,3.000000000e-01,-1,9.308828552e-01,main,true,fall,291
/mnt/pd/tema1/new/results/ml_samples/N1_sw0.30_x-1_i0151.h5,1,3.000000000e-01,-1,9.308828552e-01,main,true,fall,251
/mnt/pd/tema1/new/results/ml_samples/N1_sw0.30_x-1_i0079.h5,1,3.000000000e-01,-1,9.308828552e-01,main,true,fall,1546
/mnt/pd/tema1/new/results/ml_samples/N1_sw0.30_x-1_i0139.h5,1,3.000000000e-01,-1,9.308828552e-01,main,true,fall,640
/mnt/pd/tema1/new/results/ml_samples/N1_sw0.30_x-1_i0159.h5,1,3.000000000e-01,-1,9.308828552e-01,main,true,fall,174
/mnt/pd/tema1/new/results/ml_samples/N1_sw0.30_x-1_i0155.h5,1,3.000000000e-01,-1,9.308828552e-01,main,true,fall,119
/mnt/pd/tema1/new/results/ml_samples/N1_sw0.30_x-1_i0171.h5,1,3.000000000e-01,-1,9.308828552e-01,main,true,fall,214
/mnt/pd/tema1/new/results/ml_samples/N1_sw0.30_x-1_i0173.h5,1,3.000000000e-01,-1,9.308828552e-01,main,true,fall,186
/mnt/pd/tema1/new/results/ml_samples/N1_sw0.30_x-1_i0123.h5,1,3.000000000e-01,-1,9.308828552e-01,main,true,fall,947
/mnt/pd/tema1/new/results/ml_samples/N1_sw0.30_x-1_i0145.h5,1,3.000000000e-01,-1,9.308828552e-01,main,true,fall,431
/mnt/pd/tema1/new/results/ml_samples/N1_sw0.30_x-1_i0165.h5,1,3.000000000e-01,-1,9.308828552e-01,main,true,fall,129
/mnt/pd/tema1/new/results/ml_samples/N1_sw0.30_x-1_i0099.h5,1,3.000000000e-01,-1,9.308828552e-01,main,true,fall,1401
/mnt/pd/tema1/new/results/ml_samples/N1_sw0.30_x-1_i0125.h5,1,3.000000000e-01,-1,9.308828552e-01,main,true,fall,1084
/mnt/pd/tema1/new/results/ml_samples/N1_sw0.30_x-1_i0137.h5,1,3.000000000e-01,-1,9.308828552e-01,main,true,fall,587
/mnt/pd/tema1/new/results/ml_samples/N1_sw0.30_x-1_i0179.h5,1,3.000000000e-01,-1,9.308828552e-01,main,true,fall,150
/mnt/pd/tema1/new/results/ml_samples/N1_sw0.30_x-1_i0175.h5,1,3.000000000e-01,-1,9.308828552e-01,main,true,fall,269
/mnt/pd/tema1/new/results/ml_samples/N1_sw0.30_x-1_i0129.h5,1,3.000000000e-01,-1,9.308828552e-01,main,true,fall,1328
/mnt/pd/tema1/new/results/ml_samples/N1_sw0.30_x-1_i0189.h5,1,3.000000000e-01,-1,9.308828552e-01,main,true,fall,221
/mnt/pd/tema1/new/results/ml_samples/N1_sw0.30_x-1_i0191.h5,1,3.000000000e-01,-1,9.308828552e-01,main,true,fall,157
/mnt/pd/tema1/new/results/ml_samples/N1_sw0.30_x-1_i0163.h5,1,3.000000000e-01,-1,9.308828552e-01,main,true,fall,670
/mnt/pd/tema1/new/results/ml_samples/N1_sw0.30_x-2_i0001.h5,1,3.000000000e-01,-2,8.617657105e-01,main,true,fall,153
/mnt/pd/tema1/new/results/ml_samples/N1_sw0.30_x-2_i0003.h5,1,3.000000000e-01,-2,8.617657105e-01,main,true,fall,198
/mnt/pd/tema1/new/results/ml_samples/N1_sw0.30_x-2_i0005.h5,1,3.000000000e-01,-2,8.617657105e-01,main,true,fall,141
/mnt/pd/tema1/new/results/ml_samples/N1_sw0.30_x-1_i0195.h5,1,3.000000000e-01,-1,9.308828552e-01,main,true,fall,248
/mnt/pd/tema1/new/results/ml_samples/N1_sw0.30_x-1_i0019.h5,1,3.000000000e-01,-1,9.308828552e-01,main,true,fall,3333
/mnt/pd/tema1/new/results/ml_samples/N1_sw0.30_x-1_i0193.h5,1,3.000000000e-01,-1,9.308828552e-01,main,true,fall,375
/mnt/pd/tema1/new/results/ml_samples/N1_sw0.30_x-1_i0177.h5,1,3.000000000e-01,-1,9.308828552e-01,main,true,fall,148
/mnt/pd/tema1/new/results/ml_samples/N1_sw0.30_x-1_i0141.h5,1,3.000000000e-01,-1,9.308828552e-01,main,true,fall,1178
/mnt/pd/tema1/new/results/ml_samples/N1_sw0.30_x-1_i0197.h5,1,3.000000000e-01,-1,9.308828552e-01,main,true,fall,1114
/mnt/pd/tema1/new/results/ml_samples/N1_sw0.30_x-2_i0011.h5,1,3.000000000e-01,-2,8.617657105e-01,main,true,fall,122
/mnt/pd/tema1/new/results/ml_samples/N1_sw0.30_x-1_i0161.h5,1,3.000000000e-01,-1,9.308828552e-01,main,true,fall,588
/mnt/pd/tema1/new/results/ml_samples/N1_sw0.30_x-2_i0013.h5,1,3.000000000e-01,-2,8.617657105e-01,main,true,fall,127
/mnt/pd/tema1/new/results/ml_samples/N1_sw0.30_x-2_i0017.h5,1,3.000000000e-01,-2,8.617657105e-01,main,true,fall,90
/mnt/pd/tema1/new/results/ml_samples/N1_sw0.30_x-2_i0009.h5,1,3.000000000e-01,-2,8.617657105e-01,main,true,fall,402
/mnt/pd/tema1/new/results/ml_samples/N1_sw0.30_x-2_i0007.h5,1,3.000000000e-01,-2,8.617657105e-01,main,true,fall,124
/mnt/pd/tema1/new/results/ml_samples/N1_sw0.30_x-2_i0021.h5,1,3.000000000e-01,-2,8.617657105e-01,main,true,fall,103
/mnt/pd/tema1/new/results/ml_samples/N1_sw0.30_x-1_i0185.h5,1,3.000000000e-01,-1,9.308828552e-01,main,true,fall,837
/mnt/pd/tema1/new/results/ml_samples/N1_sw0.30_x-1_i0187.h5,1,3.000000000e-01,-1,9.308828552e-01,main,true,fall,761
/mnt/pd/tema1/new/results/ml_samples/N1_sw0.30_x-2_i0019.h5,1,3.000000000e-01,-2,8.617657105e-01,main,true,fall,104
/mnt/pd/tema1/new/results/ml_samples/N1_sw0.30_x-2_i0041.h5,1,3.000000000e-01,-2,8.617657105e-01,main,true,fall,112
/mnt/pd/tema1/new/results/ml_samples/N1_sw0.30_x-2_i0033.h5,1,3.000000000e-01,-2,8.617657105e-01,main,true,fall,148
/mnt/pd/tema1/new/results/ml_samples/N1_sw0.30_x-2_i0025.h5,1,3.000000000e-01,-2,8.617657105e-01,main,true,fall,248
/mnt/pd/tema1/new/results/ml_samples/N1_sw0.30_x-2_i0029.h5,1,3.000000000e-01,-2,8.617657105e-01,main,true,fall,104
/mnt/pd/tema1/new/results/ml_samples/N1_sw0.30_x-2_i0035.h5,1,3.000000000e-01,-2,8.617657105e-01,main,true,fall,111
/mnt/pd/tema1/new/results/ml_samples/N1_sw0.30_x-1_i0181.h5,1,3.000000000e-01,-1,9.308828552e-01,main,true,fall,1213
/mnt/pd/tema1/new/results/ml_samples/N1_sw0.30_x-1_i0199.h5,1,3.000000000e-01,-1,9.308828552e-01,main,true,rise,2179
/mnt/pd/tema1/new/results/ml_samples/N1_sw0.30_x-2_i0039.h5,1,3.000000000e-01,-2,8.617657105e-01,main,true,fall,113
/mnt/pd/tema1/new/results/ml_samples/N1_sw0.30_x-2_i0045.h5,1,3.000000000e-01,-2,8.617657105e-01,main,true,fall,125
/mnt/pd/tema1/new/results/ml_samples/N1_sw0.30_x-2_i0047.h5,1,3.000000000e-01,-2,8.617657105e-01,main,true,fall,129
/mnt/pd/tema1/new/results/ml_samples/N1_sw0.30_x-2_i0027.h5,1,3.000000000e-01,-2,8.617657105e-01,main,true,fall,99
/mnt/pd/tema1/new/results/ml_samples/N1_sw0.30_x-2_i0057.h5,1,3.000000000e-01,-2,8.617657105e-01,main,true,fall,93
/mnt/pd/tema1/new/results/ml_samples/N1_sw0.30_x-2_i0049.h5,1,3.000000000e-01,-2,8.617657105e-01,main,true,fall,144
/mnt/pd/tema1/new/results/ml_samples/N1_sw0.30_x-2_i0051.h5,1,3.000000000e-01,-2,8.617657105e-01,main,true,fall,143
/mnt/pd/tema1/new/results/ml_samples/N1_sw0.30_x-1_i0183.h5,1,3.000000000e-01,-1,9.308828552e-01,main,true,fall,1274
/mnt/pd/tema1/new/results/ml_samples/N1_sw0.30_x-1_i0121.h5,1,3.000000000e-01,-1,9.308828552e-01,main,true,fall,2621
/mnt/pd/tema1/new/results/ml_samples/N1_sw0.30_x-2_i0053.h5,1,3.000000000e-01,-2,8.617657105e-01,main,true,fall,142
/mnt/pd/tema1/new/results/ml_samples/N1_sw0.30_x-1_i0157.h5,1,3.000000000e-01,-1,9.308828552e-01,main,true,fall,1435
/mnt/pd/tema1/new/results/ml_samples/N1_sw0.30_x-2_i0075.h5,1,3.000000000e-01,-2,8.617657105e-01,main,true,fall,215
/mnt/pd/tema1/new/results/ml_samples/N1_sw0.30_x-2_i0063.h5,1,3.000000000e-01,-2,8.617657105e-01,main,true,fall,512
/mnt/pd/tema1/new/results/ml_samples/N1_sw0.30_x-2_i0055.h5,1,3.000000000e-01,-2,8.617657105e-01,main,true,fall,204
/mnt/pd/tema1/new/results/ml_samples/N1_sw0.30_x-1_i0169.h5,1,3.000000000e-01,-1,9.308828552e-01,main,true,fall,1945
/mnt/pd/tema1/new/results/ml_samples/N1_sw0.30_x-2_i0059.h5,1,3.000000000e-01,-2,8.617657105e-01,main,true,fall,196
/mnt/pd/tema1/new/results/ml_samples/N1_sw0.30_x-2_i0031.h5,1,3.000000000e-01,-2,8.617657105e-01,main,true,fall,464
/mnt/pd/tema1/new/results/ml_samples/N1_sw0.30_x-2_i0065.h5,1,3.000000000e-01,-2,8.617657105e-01,main,true,fall,181
/mnt/pd/tema1/new/results/ml_samples/N1_sw0.30_x-2_i0077.h5,1,3.000000000e-01,-2,8.617657105e-01,main,true,fall,130
/mnt/pd/tema1/new/results/ml_samples/N1_sw0.30_x-2_i0099.h5,1,3.000000000e-01,-2,8.617657105e-01,main,true,fall,113
/mnt/pd/tema1/new/results/ml_samples/N1_sw0.30_x-2_i0081.h5,1,3.000000000e-01,-2,8.617657105e-01,main,true,fall,136
/mnt/pd/tema1/new/results/ml_samples/N1_sw0.30_x-2_i0043.h5,1,3.000000000e-01,-2,8.617657105e-01,main,true,fall,865
/mnt/pd/tema1/new/results/ml_samples/N1_sw0.30_x-4_i0001.h5,1,3.000000000e-01,-4,7.235314210e-01,main,true,fall,150
/mnt/pd/tema1/new/results/ml_samples/N1_sw0.30_x-2_i0079.h5,1,3.000000000e-01,-2,8.617657105e-01,main,true,fall,253
/mnt/pd/tema1/new/results/ml_samples/N1_sw0.30_x-2_i0071.h5,1,3.000000000e-01,-2,8.617657105e-01,main,true,fall,320
/mnt/pd/tema1/new/results/ml_samples/N1_sw0.30_x-2_i0095.h5,1,3.000000000e-01,-2,8.617657105e-01,main,true,fall,91
/mnt/pd/tema1/new/results/ml_samples/N1_sw0.30_x-2_i0083.h5,1,3.000000000e-01,-2,8.617657105e-01,main,true,fall,154
/mnt/pd/tema1/new/results/ml_samples/N1_sw0.30_x-2_i0067.h5,1,3.000000000e-01,-2,8.617657105e-01,main,true,fall,147
/mnt/pd/tema1/new/results/ml_samples/N1_sw0.30_x-2_i0073.h5,1,3.000000000e-01,-2,8.617657105e-01,main,true,fall,118
/mnt/pd/tema1/new/results/ml_samples/N1_sw0.30_x-2_i0069.h5,1,3.000000000e-01,-2,8.617657105e-01,main,true,fall,130
/mnt/pd/tema1/new/results/ml_samples/N1_sw0.30_x-2_i0087.h5,1,3.000000000e-01,-2,8.617657105e-01,main,true,fall,122
/mnt/pd/tema1/new/results/ml_samples/N1_sw0.30_x-2_i0097.h5,1,3.000000000e-01,-2,8.617657105e-01,main,true,fall,143
/mnt/pd/tema1/new/results/ml_samples/N1_sw0.30_x-2_i0085.h5,1,3.000000000e-01,-2,8.617657105e-01,main,true,fall,314
/mnt/pd/tema1/new/results/ml_samples/N1_sw0.30_x-4_i0009.h5,1,3.000000000e-01,-4,7.235314210e-01,main,true,fall,90
/mnt/pd/tema1/new/results/ml_samples/N1_sw0.30_x-4_i0011.h5,1,3.000000000e-01,-4,7.235314210e-01,main,true,fall,100
/mnt/pd/tema1/new/results/ml_samples/N1_sw0.30_x-2_i0091.h5,1,3.000000000e-01,-2,8.617657105e-01,main,true,fall,301
/mnt/pd/tema1/new/results/ml_samples/N1_sw0.30_x-4_i0005.h5,1,3.000000000e-01,-4,7.235314210e-01,main,true,fall,114
/mnt/pd/tema1/new/results/ml_samples/N1_sw0.30_x-4_i0007.h5,1,3.000000000e-01,-4,7.235314210e-01,main,true,fall,124
/mnt/pd/tema1/new/results/ml_samples/N1_sw0.30_x-4_i0019.h5,1,3.000000000e-01,-4,7.235314210e-01,main,true,fall,59
/mnt/pd/tema1/new/results/ml_samples/N1_sw0.30_x-4_i0013.h5,1,3.000000000e-01,-4,7.235314210e-01,main,true,fall,124
/mnt/pd/tema1/new/results/ml_samples/N1_sw0.30_x-1_i0167.h5,1,3.000000000e-01,-1,9.308828552e-01,main,true,rise,2309
/mnt/pd/tema1/new/results/ml_samples/N1_sw0.30_x-2_i0015.h5,1,3.000000000e-01,-2,8.617657105e-01,main,true,fall,1225
/mnt/pd/tema1/new/results/ml_samples/N1_sw0.30_x-4_i0015.h5,1,3.000000000e-01,-4,7.235314210e-01,main,true,fall,83
/mnt/pd/tema1/new/results/ml_samples/N1_sw0.30_x-4_i0003.h5,1,3.000000000e-01,-4,7.235314210e-01,main,true,fall,74
/mnt/pd/tema1/new/results/ml_samples/N1_sw0.30_x-4_i0017.h5,1,3.000000000e-01,-4,7.235314210e-01,main,true,fall,245
/mnt/pd/tema1/new/results/ml_samples/N1_sw0.30_x-2_i0093.h5,1,3.000000000e-01,-2,8.617657105e-01,main,true,fall,692
/mnt/pd/tema1/new/results/ml_samples/N1_sw0.30_x-4_i0021.h5,1,3.000000000e-01,-4,7.235314210e-01,main,true,fall,123
/mnt/pd/tema1/new/results/ml_samples/N1_sw0.30_x-4_i0031.h5,1,3.000000000e-01,-4,7.235314210e-01,main,true,fall,80
/mnt/pd/tema1/new/results/ml_samples/N1_sw0.30_x-4_i0029.h5,1,3.000000000e-01,-4,7.235314210e-01,main,true,fall,70
/mnt/pd/tema1/new/results/ml_samples/N1_sw0.30_x-4_i0027.h5,1,3.000000000e-01,-4,7.235314210e-01,main,true,fall,111
/mnt/pd/tema1/new/results/ml_samples/N1_sw0.30_x-4_i0033.h5,1,3.000000000e-01,-4,7.235314210e-01,main,true,fall,89
/mnt/pd/tema1/new/results/ml_samples/N1_sw0.30_x-4_i0039.h5,1,3.000000000e-01,-4,7.235314210e-01,main,true,fall,73
/mnt/pd/tema1/new/results/ml_samples/N1_sw0.30_x-4_i0035.h5,1,3.000000000e-01,-4,7.235314210e-01,main,true,fall,106
/mnt/pd/tema1/new/results/ml_samples/N1_sw0.30_x-4_i0023.h5,1,3.000000000e-01,-4,7.235314210e-01,main,true,fall,368
/mnt/pd/tema1/new/results/ml_samples/N1_sw0.30_x-4_i0037.h5,1,3.000000000e-01,-4,7.235314210e-01,main,true,fall,166
/mnt/pd/tema1/new/results/ml_samples/N1_sw0.30_x-2_i0061.h5,1,3.000000000e-01,-2,8.617657105e-01,main,true,fall,1261
/mnt/pd/tema1/new/results/ml_samples/N1_sw0.30_x-4_i0043.h5,1,3.000000000e-01,-4,7.235314210e-01,main,true,fall,97
/mnt/pd/tema1/new/results/ml_samples/N1_sw0.30_x-4_i0045.h5,1,3.000000000e-01,-4,7.235314210e-01,main,true,fall,99
/mnt/pd/tema1/new/results/ml_samples/N1_sw0.30_x-4_i0061.h5,1,3.000000000e-01,-4,7.235314210e-01,main,true,fall,130
/mnt/pd/tema1/new/results/ml_samples/N1_sw0.30_x-4_i0049.h5,1,3.000000000e-01,-4,7.235314210e-01,main,true,fall,85
/mnt/pd/tema1/new/results/ml_samples/N1_sw0.30_x-4_i0047.h5,1,3.000000000e-01,-4,7.235314210e-01,main,true,fall,188
/mnt/pd/tema1/new/results/ml_samples/N1_sw0.30_x-4_i0051.h5,1,3.000000000e-01,-4,7.235314210e-01,main,true,fall,177
/mnt/pd/tema1/new/results/ml_samples/N1_sw0.30_x-4_i0069.h5,1,3.000000000e-01,-4,7.235314210e-01,main,true,fall,72
/mnt/pd/tema1/new/results/ml_samples/N1_sw0.30_x-4_i0053.h5,1,3.000000000e-01,-4,7.235314210e-01,main,true,fall,101
/mnt/pd/tema1/new/results/ml_samples/N1_sw0.30_x-4_i0059.h5,1,3.000000000e-01,-4,7.235314210e-01,main,true,fall,73
/mnt/pd/tema1/new/results/ml_samples/N1_sw0.30_x-4_i0055.h5,1,3.000000000e-01,-4,7.235314210e-01,main,true,fall,109
/mnt/pd/tema1/new/results/ml_samples/N1_sw0.30_x-4_i0025.h5,1,3.000000000e-01,-4,7.235314210e-01,main,true,fall,114
/mnt/pd/tema1/new/results/ml_samples/N1_sw0.30_x-4_i0057.h5,1,3.000000000e-01,-4,7.235314210e-01,main,true,fall,112
/mnt/pd/tema1/new/results/ml_samples/N1_sw0.30_x-4_i0063.h5,1,3.000000000e-01,-4,7.235314210e-01,main,true,fall,104
/mnt/pd/tema1/new/results/ml_samples/N1_sw0.30_x-4_i0093.h5,1,3.000000000e-01,-4,7.235314210e-01,main,true,fall,134
/mnt/pd/tema1/new/results/ml_samples/N1_sw0.30_x-2_i0037.h5,1,3.000000000e-01,-2,8.617657105e-01,main,true,fall,2363
/mnt/pd/tema1/new/results/ml_samples/N1_sw0.30_x-4_i0073.h5,1,3.000000000e-01,-4,7.235314210e-01,main,true,fall,84
/mnt/pd/tema1/new/results/ml_samples/N1_sw0.30_x-4_i0071.h5,1,3.000000000e-01,-4,7.235314210e-01,main,true,fall,121
/mnt/pd/tema1/new/results/ml_samples/N1_sw0.30_x-4_i0067.h5,1,3.000000000e-01,-4,7.235314210e-01,main,true,fall,187
/mnt/pd/tema1/new/results/ml_samples/N1_sw0.30_x-4_i0041.h5,1,3.000000000e-01,-4,7.235314210e-01,main,true,fall,142
/mnt/pd/tema1/new/results/ml_samples/N1_sw0.30_x-4_i0079.h5,1,3.000000000e-01,-4,7.235314210e-01,main,true,fall,110
/mnt/pd/tema1/new/results/ml_samples/N1_sw0.30_x-4_i0077.h5,1,3.000000000e-01,-4,7.235314210e-01,main,true,fall,102
/mnt/pd/tema1/new/results/ml_samples/N1_sw0.30_x-4_i0081.h5,1,3.000000000e-01,-4,7.235314210e-01,main,true,fall,97
/mnt/pd/tema1/new/results/ml_samples/N1_sw0.30_x-4_i0075.h5,1,3.000000000e-01,-4,7.235314210e-01,main,true,fall,157
/mnt/pd/tema1/new/results/ml_samples/N1_sw0.30_x-4_i0089.h5,1,3.000000000e-01,-4,7.235314210e-01,main,true,fall,84
/mnt/pd/tema1/new/results/ml_samples/N1_sw0.30_x-4_i0095.h5,1,3.000000000e-01,-4,7.235314210e-01,main,true,fall,79
/mnt/pd/tema1/new/results/ml_samples/N1_sw0.30_x-4_i0083.h5,1,3.000000000e-01,-4,7.235314210e-01,main,true,fall,275
/mnt/pd/tema1/new/results/ml_samples/N1_sw0.30_x-4_i0065.h5,1,3.000000000e-01,-4,7.235314210e-01,main,true,fall,126
/mnt/pd/tema1/new/results/ml_samples/N1_sw0.30_x-4_i0097.h5,1,3.000000000e-01,-4,7.235314210e-01,main,true,fall,250
/mnt/pd/tema1/new/results/ml_samples/N1_sw0.30_x-2_i0089.h5,1,3.000000000e-01,-2,8.617657105e-01,main,true,fall,1603
/mnt/pd/tema1/new/results/ml_samples/N1_sw0.30_x-4_i0085.h5,1,3.000000000e-01,-4,7.235314210e-01,main,true,fall,82
/mnt/pd/tema1/new/results/ml_samples/N1_sw0.30_x-4_i0091.h5,1,3.000000000e-01,-4,7.235314210e-01,main,true,fall,102
/mnt/pd/tema1/new/results/ml_samples/N1_sw0.30_x-4_i0087.h5,1,3.000000000e-01,-4,7.235314210e-01,main,true,fall,230
/mnt/pd/tema1/new/results/ml_samples/N1_sw0.30_x-2_i0023.h5,1,3.000000000e-01,-2,8.617657105e-01,main,true,rise,2719
/mnt/pd/tema1/new/results/ml_samples/N1_sw0.30_x-4_i0099.h5,1,3.000000000e-01,-4,7.235314210e-01,main,true,fall,136
/mnt/pd/tema1/new/results/ml_samples/N2_sw0.15_x+0_i0023.h5,2,1.500000000e-01,0,1.000000000e+00,main,true,fall,194
/mnt/pd/tema1/new/results/ml_samples/N2_sw0.15_x+0_i0007.h5,2,1.500000000e-01,0,1.000000000e+00,main,true,fall,208
/mnt/pd/tema1/new/results/ml_samples/N2_sw0.15_x+0_i0021.h5,2,1.500000000e-01,0,1.000000000e+00,main,true,rise,401
/mnt/pd/tema1/new/results/ml_samples/N2_sw0.15_x+0_i0049.h5,2,1.500000000e-01,0,1.000000000e+00,main,true,fall,290
/mnt/pd/tema1/new/results/ml_samples/N2_sw0.15_x+0_i0003.h5,2,1.500000000e-01,0,1.000000000e+00,main,true,fall,532
/mnt/pd/tema1/new/results/ml_samples/N2_sw0.15_x+0_i0015.h5,2,1.500000000e-01,0,1.000000000e+00,main,true,fall,1072
/mnt/pd/tema1/new/results/ml_samples/N2_sw0.15_x+0_i0037.h5,2,1.500000000e-01,0,1.000000000e+00,main,true,fall,653
/mnt/pd/tema1/new/results/ml_samples/N2_sw0.15_x+0_i0047.h5,2,1.500000000e-01,0,1.000000000e+00,main,true,fall,525
/mnt/pd/tema1/new/results/ml_samples/N2_sw0.15_x+0_i0061.h5,2,1.500000000e-01,0,1.000000000e+00,main,true,fall,249
/mnt/pd/tema1/new/results/ml_samples/N2_sw0.15_x+0_i0035.h5,2,1.500000000e-01,0,1.000000000e+00,main,true,fall,937
/mnt/pd/tema1/new/results/ml_samples/N2_sw0.15_x+0_i0045.h5,2,1.500000000e-01,0,1.000000000e+00,main,true,fall,821
/mnt/pd/tema1/new/results/ml_samples/N2_sw0.15_x+0_i0027.h5,2,1.500000000e-01,0,1.000000000e+00,main,true,fall,1152
/mnt/pd/tema1/new/results/ml_samples/N2_sw0.15_x+0_i0043.h5,2,1.500000000e-01,0,1.000000000e+00,main,true,fall,1166
/mnt/pd/tema1/new/results/ml_samples/N2_sw0.15_x+0_i0039.h5,2,1.500000000e-01,0,1.000000000e+00,main,true,rise,1392
/mnt/pd/tema1/new/results/ml_samples/N2_sw0.15_x+0_i0073.h5,2,1.500000000e-01,0,1.000000000e+00,main,true,fall,577
/mnt/pd/tema1/new/results/ml_samples/N2_sw0.15_x+0_i0079.h5,2,1.500000000e-01,0,1.000000000e+00,main,true,fall,253
/mnt/pd/tema1/new/results/ml_samples/N2_sw0.15_x+0_i0001.h5,2,1.500000000e-01,0,1.000000000e+00,main,true,rise,2696
/mnt/pd/tema1/new/results/ml_samples/N2_sw0.15_x+0_i0031.h5,2,1.500000000e-01,0,1.000000000e+00,main,true,fall,1604
/mnt/pd/tema1/new/results/ml_samples/N2_sw0.15_x+0_i0013.h5,2,1.500000000e-01,0,1.000000000e+00,main,true,fall,1803
/mnt/pd/tema1/new/results/ml_samples/N2_sw0.15_x+0_i0017.h5,2,1.500000000e-01,0,1.000000000e+00,main,true,rise,2057
/mnt/pd/tema1/new/results/ml_samples/N2_sw0.15_x+0_i0093.h5,2,1.500000000e-01,0,1.000000000e+00,main,true,fall,270
/mnt/pd/tema1/new/results/ml_samples/N2_sw0.15_x+0_i0053.h5,2,1.500000000e-01,0,1.000000000e+00,main,true,rise,1930
/mnt/pd/tema1/new/results/ml_samples/N2_sw0.15_x+0_i0057.h5,2,1.500000000e-01,0,1.000000000e+00,main,true,rise,1792
/mnt/pd/tema1/new/results/ml_samples/N2_sw0.15_x+0_i0075.h5,2,1.500000000e-01,0,1.000000000e+00,main,true,fall,1199
/mnt/pd/tema1/new/results/ml_samples/N2_sw0.15_x+0_i0071.h5,2,1.500000000e-01,0,1.000000000e+00,main,true,rise,1339
/mnt/pd/tema1/new/results/ml_samples/N2_sw0.15_x+0_i0083.h5,2,1.500000000e-01,0,1.000000000e+00,main,true,fall,526
/mnt/pd/tema1/new/results/ml_samples/N2_sw0.15_x+0_i0095.h5,2,1.500000000e-01,0,1.000000000e+00,main,true,fall,164
/mnt/pd/tema1/new/results/ml_samples/N2_sw0.15_x+0_i0059.h5,2,1.500000000e-01,0,1.000000000e+00,main,true,fall,1814
/mnt/pd/tema1/new/results/ml_samples/N2_sw0.15_x+0_i0085.h5,2,1.500000000e-01,0,1.000000000e+00,main,true,fall,623
/mnt/pd/tema1/new/results/ml_samples/N2_sw0.15_x+0_i0069.h5,2,1.500000000e-01,0,1.000000000e+00,main,true,rise,1301
/mnt/pd/tema1/new/results/ml_samples/N2_sw0.15_x+0_i0029.h5,2,1.500000000e-01,0,1.000000000e+00,main,true,rise,2371
/mnt/pd/tema1/new/results/ml_samples/N2_sw0.15_x+0_i0041.h5,2,1.500000000e-01,0,1.000000000e+00,main,true,rise,2483
/mnt/pd/tema1/new/results/ml_samples/N2_sw0.15_x+0_i0067.h5,2,1.500000000e-01,0,1.000000000e+00,main,true,rise,3009
/mnt/pd/tema1/new/results/ml_samples/N2_sw0.15_x+0_i0051.h5,2,1.500000000e-01,0,1.000000000e+00,main,true,rise,2351
/mnt/pd/tema1/new/results/ml_samples/N2_sw0.15_x+0_i0011.h5,2,1.500000000e-01,0,1.000000000e+00,main,true,fall,2711
/mnt/pd/tema1/new/results/ml_samples/N2_sw0.15_x+0_i0019.h5,2,1.500000000e-01,0,1.000000000e+00,main,true,fall,2683
/mnt/pd/tema1/new/results/ml_samples/N2_sw0.15_x+0_i0091.h5,2,1.500000000e-01,0,1.000000000e+00,main,true,fall,1226
/mnt/pd/tema1/new/results/ml_samples/N2_sw0.15_x+0_i0099.h5,2,1.500000000e-01,0,1.000000000e+00,main,true,fall,552
/mnt/pd/tema1/new/results/ml_samples/N2_sw0.15_x+0_i0119.h5,2,1.500000000e-01,0,1.000000000e+00,main,true,fall,253
/mnt/pd/tema1/new/results/ml_samples/N2_sw0.15_x+0_i0107.h5,2,1.500000000e-01,0,1.000000000e+00,main,true,fall,454
/mnt/pd/tema1/new/results/ml_samples/N2_sw0.15_x+0_i0055.h5,2,1.500000000e-01,0,1.000000000e+00,main,true,fall,2788
/mnt/pd/tema1/new/results/ml_samples/N2_sw0.15_x+0_i0111.h5,2,1.500000000e-01,0,1.000000000e+00,main,true,fall,606
/mnt/pd/tema1/new/results/ml_samples/N2_sw0.15_x+0_i0115.h5,2,1.500000000e-01,0,1.000000000e+00,main,true,fall,619
/mnt/pd/tema1/new/results/ml_samples/N2_sw0.15_x+0_i0033.h5,2,1.500000000e-01,0,1.000000000e+00,main,true,rise,3072
/mnt/pd/tema1/new/results/ml_samples/N2_sw0.15_x+0_i0133.h5,2,1.500000000e-01,0,1.000000000e+00,main,true,fall,228
/mnt/pd/tema1/new/results/ml_samples/N2_sw0.15_x+0_i0103.h5,2,1.500000000e-01,0,1.000000000e+00,main,true,rise,816
/mnt/pd/tema1/new/results/ml_samples/N2_sw0.15_x+0_i0101.h5,2,1.500000000e-01,0,1.000000000e+00,main,true,rise,918
/mnt/pd/tema1/new/results/ml_samples/N2_sw0.15_x+0_i0063.h5,2,1.500000000e-01,0,1.000000000e+00,main,true,fall,2845
/mnt/pd/tema1/new/results/ml_samples/N2_sw0.15_x+0_i0145.h5,2,1.500000000e-01,0,1.000000000e+00,main,true,fall,231
/mnt/pd/tema1/new/results/ml_samples/N2_sw0.15_x+0_i0065.h5,2,1.500000000e-01,0,1.000000000e+00,main,true,fall,3046
/mnt/pd/tema1/new/results/ml_samples/N2_sw0.15_x+0_i0149.h5,2,1.500000000e-01,0,1.000000000e+00,main,true,fall,291
/mnt/pd/tema1/new/results/ml_samples/N2_sw0.15_x+0_i0139.h5,2,1.500000000e-01,0,1.000000000e+00,main,true,fall,747
/mnt/pd/tema1/new/results/ml_samples/N2_sw0.15_x+0_i0121.h5,2,1.500000000e-01,0,1.000000000e+00,main,true,fall,1876
/mnt/pd/tema1/new/results/ml_samples/N2_sw0.15_x+0_i0147.h5,2,1.500000000e-01,0,1.000000000e+00,main,true,rise,513
/mnt/pd/tema1/new/results/ml_samples/N2_sw0.15_x+0_i0131.h5,2,1.500000000e-01,0,1.000000000e+00,main,true,rise,917
/mnt/pd/tema1/new/results/ml_samples/N2_sw0.15_x+0_i0135.h5,2,1.500000000e-01,0,1.000000000e+00,main,true,fall,776
/mnt/pd/tema1/new/results/ml_samples/N2_sw0.15_x+0_i0087.h5,2,1.500000000e-01,0,1.000000000e+00,main,true,rise,2274
/mnt/pd/tema1/new/results/ml_samples/N2_sw0.15_x+0_i0153.h5,2,1.500000000e-01,0,1.000000000e+00,main,true,fall,261
/mnt/pd/tema1/new/results/ml_samples/N2_sw0.15_x+0_i0113.h5,2,1.500000000e-01,0,1.000000000e+00,main,true,rise,1951
/mnt/pd/tema1/new/results/ml_samples/N2_sw0.15_x+0_i0163.h5,2,1.500000000e-01,0,1.000000000e+00,main,true,fall,276
/mnt/pd/tema1/new/results/ml_samples/N2_sw0.15_x+0_i0117.h5,2,1.500000000e-01,0,1.000000000e+00,main,true,fall,1825
/mnt/pd/tema1/new/results/ml_samples/N2_sw0.15_x+0_i0167.h5,2,1.500000000e-01,0,1.000000000e+00,main,true,fall,261
/mnt/pd/tema1/new/results/ml_samples/N2_sw0.15_x+0_i0005.h5,2,1.500000000e-01,0,1.000000000e+00,main,true,rise,4523
/mnt/pd/tema1/new/results/ml_samples/N2_sw0.15_x+0_i0109.h5,2,1.500000000e-01,0,1.000000000e+00,main,true,rise,1984
/mnt/pd/tema1/new/results/ml_samples/N2_sw0.15_x+0_i0123.h5,2,1.500000000e-01,0,1.000000000e+00,main,true,rise,1450
/mnt/pd/tema1/new/results/ml_samples/N2_sw0.15_x+0_i0155.h5,2,1.500000000e-01,0,1.000000000e+00,main,true,rise,706
/mnt/pd/tema1/new/results/ml_samples/N2_sw0.15_x+0_i0173.h5,2,1.500000000e-01,0,1.000000000e+00,main,true,fall,265
/mnt/pd/tema1/new/results/ml_samples/N2_sw0.15_x+0_i0151.h5,2,1.500000000e-01,0,1.000000000e+00,main,true,fall,1183
/mnt/pd/tema1/new/results/ml_samples/N2_sw0.15_x+0_i0009.h5,2,1.500000000e-01,0,1.000000000e+00,main,true,fall,5162
/mnt/pd/tema1/new/results/ml_samples/N2_sw0.15_x+0_i0129.h5,2,1.500000000e-01,0,1.000000000e+00,main,true,rise,2005
/mnt/pd/tema1/new/results/ml_samples/N2_sw0.15_x+0_i0181.h5,2,1.500000000e-01,0,1.000000000e+00,main,true,fall,444
/mnt/pd/tema1/new/results/ml_samples/N2_sw0.15_x+0_i0161.h5,2,1.500000000e-01,0,1.000000000e+00,main,true,fall,1933
/mnt/pd/tema1/new/results/ml_samples/N2_sw0.15_x+0_i0189.h5,2,1.500000000e-01,0,1.000000000e+00,main,true,fall,487
/mnt/pd/tema1/new/results/ml_samples/N2_sw0.15_x+0_i0175.h5,2,1.500000000e-01,0,1.000000000e+00,main,true,fall,937
/mnt/pd/tema1/new/results/ml_samples/N2_sw0.15_x+0_i0165.h5,2,1.500000000e-01,0,1.000000000e+00,main,true,rise,1001
/mnt/pd/tema1/new/results/ml_samples/N2_sw0.15_x+0_i0143.h5,2,1.500000000e-01,0,1.000000000e+00,main,true,fall,1816
/mnt/pd/tema1/new/results/ml_samples/N2_sw0.15_x+0_i0199.h5,2,1.500000000e-01,0,1.000000000e+00,main,true,fall,268
/mnt/pd/tema1/new/results/ml_samples/N2_sw0.15_x+0_i0089.h5,2,1.500000000e-01,0,1.000000000e+00,main,true,timeout,6001
/mnt/pd/tema1/new/results/ml_samples/N2_sw0.15_x+0_i0125.h5,2,1.500000000e-01,0,1.000000000e+00,main,true,rise,2654
/mnt/pd/tema1/new/results/ml_samples/N2_sw0.15_x+0_i0185.h5,2,1.500000000e-01,0,1.000000000e+00,main,true,fall,1240
/mnt/pd/tema1/new/results/ml_samples/N2_sw0.15_x+0_i0025.h5,2,1.500000000e-01,0,1.000000000e+00,main,true,timeout,6001
/mnt/pd/tema1/new/results/ml_samples/N2_sw0.15_x+0_i0191.h5,2,1.500000000e-01,0,1.000000000e+00,main,true,fall,974
/mnt/pd/tema1/new/results/ml_samples/N2_sw0.15_x+1_i0003.h5,2,1.500000000e-01,1,1.066469849e+00,main,true,fall,597
/mnt/pd/tema1/new/results/ml_samples/N2_sw0.15_x+1_i0005.h5,2,1.500000000e-01,1,1.066469849e+00,main,true,rise,810
/mnt/pd/tema1/new/results/ml_samples/N2_sw0.15_x+1_i0011.h5,2,1.500000000e-01,1,1.066469849e+00,main,true,fall,794
/mnt/pd/tema1/new/results/ml_samples/N2_sw0.15_x+0_i0171.h5,2,1.500000000e-01,0,1.000000000e+00,main,true,rise,1964
/mnt/pd/tema1/new/results/ml_samples/N2_sw0.15_x+1_i0021.h5,2,1.500000000e-01,1,1.066469849e+00,main,true,fall,319
/mnt/pd/tema1/new/results/ml_samples/N2_sw0.15_x+0_i0179.h5,2,1.500000000e-01,0,1.000000000e+00,main,true,rise,2144
/mnt/pd/tema1/new/results/ml_samples/N2_sw0.15_x+0_i0193.h5,2,1.500000000e-01,0,1.000000000e+00,main,true,fall,1565
/mnt/pd/tema1/new/results/ml_samples/N2_sw0.15_x+0_i0169.h5,2,1.500000000e-01,0,1.000000000e+00,main,true,fall,2223
/mnt/pd/tema1/new/results/ml_samples/N2_sw0.15_x+1_i0019.h5,2,1.500000000e-01,1,1.066469849e+00,main,true,fall,600
/mnt/pd/tema1/new/results/ml_samples/N2_sw0.15_x+0_i0127.h5,2,1.500000000e-01,0,1.000000000e+00,main,true,fall,3777
/mnt/pd/tema1/new/results/ml_samples/N2_sw0.15_x+1_i0009.h5,2,1.500000000e-01,1,1.066469849e+00,main,true,rise,1644
/mnt/pd/tema1/new/results/ml_samples/N2_sw0.15_x+1_i0015.h5,2,1.500000000e-01,1,1.066469849e+00,main,true,rise,794
/mnt/pd/tema1/new/results/ml_samples/N2_sw0.15_x+0_i0141.h5,2,1.500000000e-01,0,1.000000000e+00,main,true,fall,3408
/mnt/pd/tema1/new/results/ml_samples/N2_sw0.15_x+0_i0195.h5,2,1.500000000e-01,0,1.000000000e+00,main,true,fall,1647
/mnt/pd/tema1/new/results/ml_samples/N2_sw0.15_x+0_i0177.h5,2,1.500000000e-01,0,1.000000000e+00,main,true,fall,2529
/mnt/pd/tema1/new/results/ml_samples/N2_sw0.15_x+0_i0159.h5,2,1.500000000e-01,0,1.000000000e+00,main,true,rise,2789
/mnt/pd/tema1/new/results/ml_samples/N2_sw0.15_x+0_i0077.h5,2,1.500000000e-01,0,1.000000000e+00,main,true,fall,5908
/mnt/pd/tema1/new/results/ml_samples/N2_sw0.15_x+1_i0013.h5,2,1.500000000e-01,1,1.066469849e+00,main,true,rise,1109
/mnt/pd/tema1/new/results/ml_samples/N2_sw0.15_x+1_i0033.h5,2,1.500000000e-01,1,1.066469849e+00,main,true,fall,237
/mnt/pd/tema1/new/results/ml_samples/N2_sw0.15_x+0_i0137.h5,2,1.500000000e-01,0,1.000000000e+00,main,true,rise,3909
/mnt/pd/tema1/new/results/ml_samples/N2_sw0.15_x+1_i0023.h5,2,1.500000000e-01,1,1.066469849e+00,main,true,fall,728
/mnt/pd/tema1/new/results/ml_samples/N2_sw0.15_x+1_i0025.h5,2,1.500000000e-01,1,1.066469849e+00,main,true,rise,1343
/mnt/pd/tema1/new/results/ml_samples/N2_sw0.15_x+0_i0081.h5,2,1.500000000e-01,0,1.000000000e+00,main,true,fall,5771
/mnt/pd/tema1/new/results/ml_samples/N2_sw0.15_x+0_i0097.h5,2,1.500000000e-01,0,1.000000000e+00,main,true,rise,5258
/mnt/pd/tema1/new/results/ml_samples/N2_sw0.15_x+1_i0041.h5,2,1.500000000e-01,1,1.066469849e+00,main,true,rise,795
/mnt/pd/tema1/new/results/ml_samples/N2_sw0.15_x+1_i0001.h5,2,1.500000000e-01,1,1.066469849e+00,main,true,rise,2044
/mnt/pd/tema1/new/results/ml_samples/N2_sw0.15_x+1_i0017.h5,2,1.500000000e-01,1,1.066469849e+00,main,true,rise,1509
/mnt/pd/tema1/new/results/ml_samples/N2_sw0.15_x+0_i0197.h5,2,1.500000000e-01,0,1.000000000e+00,main,true,fall,2107
/mnt/pd/tema1/new/results/ml_samples/N2_sw0.15_x+1_i0043.h5,2,1.500000000e-01,1,1.066469849e+00,main,true,rise,631
/mnt/pd/tema1/new/results/ml_samples/N2_sw0.15_x+1_i0035.h5,2,1.500000000e-01,1,1.066469849e+00,main,true,rise,905
/mnt/pd/tema1/new/results/ml_samples/N2_sw0.15_x+1_i0049.h5,2,1.500000000e-01,1,1.066469849e+00,main,true,fall,514
/mnt/pd/tema1/new/results/ml_samples/N2_sw0.15_x+1_i0063.h5,2,1.500000000e-01,1,1.066469849e+00,main,true,fall,518
/mnt/pd/tema1/new/results/ml_samples/N2_sw0.15_x+1_i0031.h5,2,1.500000000e-01,1,1.066469849e+00,main,true,rise,1202
/mnt/pd/tema1/new/results/ml_samples/N2_sw0.15_x+1_i0055.h5,2,1.500000000e-01,1,1.066469849e+00,main,true,rise,813
/mnt/pd/tema1/new/results/ml_samples/N2_sw0.15_x+1_i0029.h5,2,1.500000000e-01,1,1.066469849e+00,main,true,rise,1306
/mnt/pd/tema1/new/results/ml_samples/N2_sw0.15_x+0_i0187.h5,2,1.500000000e-01,0,1.000000000e+00,main,true,rise,3260
/mnt/pd/tema1/new/results/ml_samples/N2_sw0.15_x+1_i0077.h5,2,1.500000000e-01,1,1.066469849e+00,main,true,fall,364
/mnt/pd/tema1/new/results/ml_samples/N2_sw0.15_x+1_i0007.h5,2,1.500000000e-01,1,1.066469849e+00,main,true,rise,2468
/mnt/pd/tema1/new/results/ml_samples/N2_sw0.15_x+1_i0039.h5,2,1.500000000e-01,1,1.066469849e+00,main,true,rise,1128
/mnt/pd/tema1/new/results/ml_samples/N2_sw0.15_x+1_i0051.h5,2,1.500000000e-01,1,1.066469849e+00,main,true,fall,933
/mnt/pd/tema1/new/results/ml_samples/N2_sw0.15_x+1_i0037.h5,2,1.500000000e-01,1,1.066469849e+00,main,true,rise,1227
/mnt/pd/tema1/new/results/ml_samples/N2_sw0.15_x+0_i0183.h5,2,1.500000000e-01,0,1.000000000e+00,main,true,rise,3620
/mnt/pd/tema1/new/results/ml_samples/N2_sw0.15_x+0_i0105.h5,2,1.500000000e-01,0,1.000000000e+00,main,true,timeout,6001
/mnt/pd/tema1/new/results/ml_samples/N2_sw0.15_x+1_i0057.h5,2,1.500000000e-01,1,1.066469849e+00,main,true,rise,1647
/mnt/pd/tema1/new/results/ml_samples/N2_sw0.15_x+1_i0097.h5,2,1.500000000e-01,1,1.066469849e+00,main,true,fall,228
/mnt/pd/tema1/new/results/ml_samples/N2_sw0.15_x+1_i0061.h5,2,1.500000000e-01,1,1.066469849e+00,main,true,fall,1224
/mnt/pd/tema1/new/results/ml_samples/N2_sw0.15_x+1_i0083.h5,2,1.500000000e-01,1,1.066469849e+00,main,true,rise,1300
/mnt/pd/tema1/new/results/ml_samples/N2_sw0.15_x+1_i0065.h5,2,1.500000000e-01,1,1.066469849e+00,main,true,rise,1330
/mnt/pd/tema1/new/results/ml_samples/N2_sw0.15_x+1_i0079.h5,2,1.500000000e-01,1,1.066469849e+00,main,true,rise,1304
/mnt/pd/tema1/new/results/ml_samples/N2_sw0.15_x+1_i0075.h5,2,1.500000000e-01,1,1.066469849e+00,main,true,fall,1462
/mnt/pd/tema1/new/results/ml_samples/N2_sw0.15_x+1_i0047.h5,2,1.500000000e-01,1,1.066469849e+00,main,true,rise,2131
/mnt/pd/tema1/new/results/ml_samples/N2_sw0.15_x+1_i0073.h5,2,1.500000000e-01,1,1.066469849e+00,main,true,rise,1613
/mnt/pd/tema1/new/results/ml_samples/N2_sw0.15_x+1_i0089.h5,2,1.500000000e-01,1,1.066469849e+00,main,true,fall,1013
/mnt/pd/tema1/new/results/ml_samples/N2_sw0.15_x+1_i0099.h5,2,1.500000000e-01,1,1.066469849e+00,main,true,rise,929
/mnt/pd/tema1/new/results/ml_samples/N2_sw0.15_x+1_i0067.h5,2,1.500000000e-01,1,1.066469849e+00,main,true,rise,1939
/mnt/pd/tema1/new/results/ml_samples/N2_sw0.15_x+1_i0113.h5,2,1.500000000e-01,1,1.066469849e+00,main,true,fall,894
/mnt/pd/tema1/new/results/ml_samples/N2_sw0.15_x+1_i0069.h5,2,1.500000000e-01,1,1.066469849e+00,main,true,rise,2999
/mnt/pd/tema1/new/results/ml_samples/N2_sw0.15_x+1_i0081.h5,2,1.500000000e-01,1,1.066469849e+00,main,true,rise,1717
/mnt/pd/tema1/new/results/ml_samples/N2_sw0.15_x+1_i0115.h5,2,1.500000000e-01,1,1.066469849e+00,main,true,rise,802
/mnt/pd/tema1/new/results/ml_samples/N2_sw0.15_x+1_i0085.h5,2,1.500000000e-01,1,1.066469849e+00,main,true,rise,1621
/mnt/pd/tema1/new/results/ml_samples/N2_sw0.15_x+1_i0071.h5,2,1.500000000e-01,1,1.066469849e+00,main,true,rise,2260
/mnt/pd/tema1/new/results/ml_samples/N2_sw0.15_x+1_i0091.h5,2,1.500000000e-01,1,1.066469849e+00,main,true,rise,1751
/mnt/pd/tema1/new/results/ml_samples/N2_sw0.15_x+1_i0105.h5,2,1.500000000e-01,1,1.066469849e+00,main,true,rise,1385
/mnt/pd/tema1/new/results/ml_samples/N2_sw0.15_x+1_i0133.h5,2,1.500000000e-01,1,1.066469849e+00,main,true,rise,541
/mnt/pd/tema1/new/results/ml_samples/N2_sw0.15_x+1_i0027.h5,2,1.500000000e-01,1,1.066469849e+00,main,true,rise,3308
/mnt/pd/tema1/new/results/ml_samples/N2_sw0.15_x+1_i0059.h5,2,1.500000000e-01,1,1.066469849e+00,main,true,rise,2465
/mnt/pd/tema1/new/results/ml_samples/N2_sw0.15_x+0_i0157.h5,2,1.500000000e-01,0,1.000000000e+00,main,true,timeout,6001
/mnt/pd/tema1/new/results/ml_samples/N2_sw0.15_x+1_i0107.h5,2,1.500000000e-01,1,1.066469849e+00,main,true,rise,1360
/mnt/pd/tema1/new/results/ml_samples/N2_sw0.15_x+1_i0131.h5,2,1.500000000e-01,1,1.066469849e+00,main,true,rise,1019
/mnt/pd/tema1/new/results/ml_samples/N2_sw0.15_x+1_i0127.h5,2,1.500000000e-01,1,1.066469849e+00,main,true,rise,820
/mnt/pd/tema1/new/results/ml_samples/N2_sw0.15_x+1_i0103.h5,2,1.500000000e-01,1,1.066469849e+00,main,true,rise,1682
/mnt/pd/tema1/new/results/ml_samples/N2_sw0.15_x+1_i0145.h5,2,1.500000000e-01,1,1.066469849e+00,main,true,rise,395
/mnt/pd/tema1/new/results/ml_samples/N2_sw0.15_x+1_i0125.h5,2,1.500000000e-01,1,1.066469849e+00,main,true,rise,1229
/mnt/pd/tema1/new/results/ml_samples/N2_sw0.15_x+1_i0137.h5,2,1.500000000e-01,1,1.066469849e+00,main,true,rise,705
/mnt/pd/tema1/new/results/ml_samples/N2_sw0.15_x+1_i0111.h5,2,1.500000000e-01,1,1.066469849e+00,main,true,rise,1775
/mnt/pd/tema1/new/results/ml_samples/N2_sw0.15_x+1_i0053.h5,2,1.500000000e-01,1,1.066469849e+00,main,true,rise,3553
/mnt/pd/tema1/new/results/ml_samples/N2_sw0.15_x+1_i0135.h5,2,1.500000000e-01,1,1.066469849e+00,main,true,rise,887
/mnt/pd/tema1/new/results/ml_samples/N2_sw0.15_x+1_i0143.h5,2,1.500000000e-01,1,1.066469849e+00,main,true,fall,727
/mnt/pd/tema1/new/results/ml_samples/N2_sw0.15_x+1_i0123.h5,2,1.500000000e-01,1,1.066469849e+00,main,true,rise,1658
/mnt/pd/tema1/new/results/ml_samples/N2_sw0.15_x+1_i0161.h5,2,1.500000000e-01,1,1.066469849e+00,main,true,fall,396
/mnt/pd/tema1/new/results/ml_samples/N2_sw0.15_x+1_i0093.h5,2,1.500000000e-01,1,1.066469849e+00,main,true,fall,2172
/mnt/pd/tema1/new/results/ml_samples/N2_sw0.15_x+1_i0139.h5,2,1.500000000e-01,1,1.066469849e+00,main,true,rise,1199
/mnt/pd/tema1/new/results/ml_samples/N2_sw0.15_x+1_i0087.h5,2,1.500000000e-01,1,1.066469849e+00,main,true,rise,2440
/mnt/pd/tema1/new/results/ml_samples/N2_sw0.15_x+1_i0045.h5,2,1.500000000e-01,1,1.066469849e+00,main,true,fall,4072
/mnt/pd/tema1/new/results/ml_samples/N2_sw0.15_x+1_i0119.h5,2,1.500000000e-01,1,1.066469849e+00,main,true,rise,1868
/mnt/pd/tema1/new/results/ml_samples/N2_sw0.15_x+1_i0159.h5,2,1.500000000e-01,1,1.066469849e+00,main,true,rise,757
/mnt/pd/tema1/new/results/ml_samples/N2_sw0.15_x+1_i0101.h5,2,1.500000000e-01,1,1.066469849e+00,main,true,rise,2865
/mnt/pd/tema1/new/results/ml_samples/N2_sw0.15_x+1_i0171.h5,2,1.500000000e-01,1,1.066469849e+00,main,true,fall,559
/mnt/pd/tema1/new/results/ml_samples/N2_sw0.15_x+1_i0117.h5,2,1.500000000e-01,1,1.066469849e+00,main,true,rise,2230
/mnt/pd/tema1/new/results/ml_samples/N2_sw0.15_x+1_i0153.h5,2,1.500000000e-01,1,1.066469849e+00,main,true,rise,1336
/mnt/pd/tema1/new/results/ml_samples/N2_sw0.15_x+1_i0189.h5,2,1.500000000e-01,1,1.066469849e+00,main,true,fall,208
/mnt/pd/tema1/new/results/ml_samples/N2_sw0.15_x+1_i0151.h5,2,1.500000000e-01,1,1.066469849e+00,main,true,rise,1543
/mnt/pd/tema1/new/results/ml_samples/N2_sw0.15_x+1_i0155.h5,2,1.500000000e-01,1,1.066469849e+00,main,true,rise,1206
/mnt/pd/tema1/new/results/ml_samples/N2_sw0.15_x+1_i0129.h5,2,1.500000000e-01,1,1.066469849e+00,main,true,rise,2001
/mnt/pd/tema1/new/results/ml_samples/N2_sw0.15_x+1_i0109.h5,2,1.500000000e-01,1,1.066469849e+00,main,true,rise,2923
/mnt/pd/tema1/new/results/ml_samples/N2_sw0.15_x+1_i0147.h5,2,1.500000000e-01,1,1.066469849e+00,main,true,rise,2682
/mnt/pd/tema1/new/results/ml_samples/N2_sw0.15_x+1_i0121.h5,2,1.500000000e-01,1,1.066469849e+00,main,true,fall,2654
/mnt/pd/tema1/new/results/ml_samples/N2_sw0.15_x+1_i0157.h5,2,1.500000000e-01,1,1.066469849e+00,main,true,rise,2321
/mnt/pd/tema1/new/results/ml_samples/N2_sw0.15_x+1_i0165.h5,2,1.500000000e-01,1,1.066469849e+00,main,true,rise,1183
/mnt/pd/tema1/new/results/ml_samples/N2_sw0.15_x+1_i0177.h5,2,1.500000000e-01,1,1.066469849e+00,main,true,rise,1042
/mnt/pd/tema1/new/results/ml_samples/N2_sw0.15_x+1_i0149.h5,2,1.500000000e-01,1,1.066469849e+00,main,true,rise,2105
/mnt/pd/tema1/new/results/ml_samples/N2_sw0.15_x+1_i0167.h5,2,1.500000000e-01,1,1.066469849e+00,main,true,rise,1596
/mnt/pd/tema1/new/results/ml_samples/N2_sw0.15_x+1_i0193.h5,2,1.500000000e-01,1,1.066469849e+00,main,true,rise,941
/mnt/pd/tema1/new/results/ml_samples/N2_sw0.15_x+2_i0001.h5,2,1.500000000e-01,2,1.132939697e+00,main,true,rise,443
/mnt/pd/tema1/new/results/ml_samples/N2_sw0.15_x+1_i0185.h5,2,1.500000000e-01,1,1.066469849e+00,main,true,rise,979
/mnt/pd/tema1/new/results/ml_samples/N2_sw0.15_x+1_i0169.h5,2,1.500000000e-01,1,1.066469849e+00,main,true,rise,1479
/mnt/pd/tema1/new/results/ml_samples/N2_sw0.15_x+2_i0017.h5,2,1.500000000e-01,2,1.132939697e+00,main,true,fall,287
/mnt/pd/tema1/new/results/ml_samples/N2_sw0.15_x+1_i0197.h5,2,1.500000000e-01,1,1.066469849e+00,main,true,rise,816
/mnt/pd/tema1/new/results/ml_samples/N2_sw0.15_x+1_i0191.h5,2,1.500000000e-01,1,1.066469849e+00,main,true,rise,989
/mnt/pd/tema1/new/results/ml_samples/N2_sw0.15_x+1_i0181.h5,2,1.500000000e-01,1,1.066469849e+00,main,true,rise,1203
/mnt/pd/tema1/new/results/ml_samples/N2_sw0.15_x+2_i0009.h5,2,1.500000000e-01,2,1.132939697e+00,main,true,rise,741
/mnt/pd/tema1/new/results/ml_samples/N2_sw0.15_x+2_i0011.h5,2,1.500000000e-01,2,1.132939697e+00,main,true,rise,842
/mnt/pd/tema1/new/results/ml_samples/N2_sw0.15_x+1_i0163.h5,2,1.500000000e-01,1,1.066469849e+00,main,true,fall,1877
/mnt/pd/tema1/new/results/ml_samples/N2_sw0.15_x+2_i0033.h5,2,1.500000000e-01,2,1.132939697e+00,main,true,rise,460
/mnt/pd/tema1/new/results/ml_samples/N2_sw0.15_x+2_i0013.h5,2,1.500000000e-01,2,1.132939697e+00,main,true,rise,778
/mnt/pd/tema1/new/results/ml_samples/N2_sw0.15_x+1_i0141.h5,2,1.500000000e-01,1,1.066469849e+00,main,true,rise,2776
/mnt/pd/tema1/new/results/ml_samples/N2_sw0.15_x+2_i0031.h5,2,1.500000000e-01,2,1.132939697e+00,main,true,rise,476
/mnt/pd/tema1/new/results/ml_samples/N2_sw0.15_x+2_i0023.h5,2,1.500000000e-01,2,1.132939697e+00,main,true,rise,696
/mnt/pd/tema1/new/results/ml_samples/N2_sw0.15_x+1_i0095.h5,2,1.500000000e-01,1,1.066469849e+00,main,true,rise,4622
/mnt/pd/tema1/new/results/ml_samples/N2_sw0.15_x+2_i0027.h5,2,1.500000000e-01,2,1.132939697e+00,main,true,rise,668
/mnt/pd/tema1/new/results/ml_samples/N2_sw0.15_x+2_i0039.h5,2,1.500000000e-01,2,1.132939697e+00,main,true,rise,406
/mnt/pd/tema1/new/results/ml_samples/N2_sw0.15_x+2_i0019.h5,2,1.500000000e-01,2,1.132939697e+00,main,true,fall,722
/mnt/pd/tema1/new/results/ml_samples/N2_sw0.15_x+2_i0007.h5,2,1.500000000e-01,2,1.132939697e+00,main,true,rise,1346
/mnt/pd/tema1/new/results/ml_samples/N2_sw0.15_x+1_i0183.h5,2,1.500000000e-01,1,1.066469849e+00,main,true,rise,2349
/mnt/pd/tema1/new/results/ml_samples/N2_sw0.15_x+2_i0035.h5,2,1.500000000e-01,2,1.132939697e+00,main,true,rise,847
/mnt/pd/tema1/new/results/ml_samples/N2_sw0.15_x+2_i0029.h5,2,1.500000000e-01,2,1.132939697e+00,main,true,rise,983
/mnt/pd/tema1/new/results/ml_samples/N2_sw0.15_x+2_i0051.h5,2,1.500000000e-01,2,1.132939697e+00,main,true,rise,483
/mnt/pd/tema1/new/results/ml_samples/N2_sw0.15_x+2_i0037.h5,2,1.500000000e-01,2,1.132939697e+00,main,true,rise,949
/mnt/pd/tema1/new/results/ml_samples/N2_sw0.15_x+2_i0003.h5,2,1.500000000e-01,2,1.132939697e+00,main,true,rise,1565
/mnt/pd/tema1/new/results/ml_samples/N2_sw0.15_x+2_i0021.h5,2,1.500000000e-01,2,1.132939697e+00,main,true,rise,1272
/mnt/pd/tema1/new/results/ml_samples/N2_sw0.15_x+2_i0045.h5,2,1.500000000e-01,2,1.132939697e+00,main,true,rise,863
/mnt/pd/tema1/new/results/ml_samples/N2_sw0.15_x+2_i0053.h5,2,1.500000000e-01,2,1.132939697e+00,main,true,rise,576
/mnt/pd/tema1/new/results/ml_samples/N2_sw0.15_x+2_i0041.h5,2,1.500000000e-01,2,1.132939697e+00,main,true,rise,924
/mnt/pd/tema1/new/results/ml_samples/N2_sw0.15_x+1_i0195.h5,2,1.500000000e-01,1,1.066469849e+00,main,true,rise,2139
/mnt/pd/tema1/new/results/ml_samples/N2_sw0.15_x+2_i0025.h5,2,1.500000000e-01,2,1.132939697e+00,main,true,rise,1378
/mnt/pd/tema1/new/results/ml_samples/N2_sw0.15_x+1_i0187.h5,2,1.500000000e-01,1,1.066469849e+00,main,true,rise,2373
/mnt/pd/tema1/new/results/ml_samples/N2_sw0.15_x+2_i0015.h5,2,1.500000000e-01,2,1.132939697e+00,main,true,rise,2552
/mnt/pd/tema1/new/results/ml_samples/N2_sw0.15_x+1_i0199.h5,2,1.500000000e-01,1,1.066469849e+00,main,true,rise,1938
/mnt/pd/tema1/new/results/ml_samples/N2_sw0.15_x+2_i0047.h5,2,1.500000000e-01,2,1.132939697e+00,main,true,rise,690
/mnt/pd/tema1/new/results/ml_samples/N2_sw0.15_x+2_i0057.h5,2,1.500000000e-01,2,1.132939697e+00,main,true,rise,764
/mnt/pd/tema1/new/results/ml_samples/N2_sw0.15_x+2_i0055.h5,2,1.500000000e-01,2,1.132939697e+00,main,true,rise,591
/mnt/pd/tema1/new/results/ml_samples/N2_sw0.15_x+2_i0049.h5,2,1.500000000e-01,2,1.132939697e+00,main,true,rise,1021
/mnt/pd/tema1/new/results/ml_samples/N2_sw0.15_x+2_i0059.h5,2,1.500000000e-01,2,1.132939697e+00,main,true,rise,903
/mnt/pd/tema1/new/results/ml_samples/N2_sw0.15_x+1_i0173.h5,2,1.500000000e-01,1,1.066469849e+00,main,true,rise,3325
/mnt/pd/tema1/new/results/ml_samples/N2_sw0.15_x+2_i0063.h5,2,1.500000000e-01,2,1.132939697e+00,main,true,rise,839
/mnt/pd/tema1/new/results/ml_samples/N2_sw0.15_x+2_i0069.h5,2,1.500000000e-01,2,1.132939697e+00,main,true,rise,610
/mnt/pd/tema1/new/results/ml_samples/N2_sw0.15_x+2_i0065.h5,2,1.500000000e-01,2,1.132939697e+00,main,true,rise,685
/mnt/pd/tema1/new/results/ml_samples/N2_sw0.15_x+2_i0089.h5,2,1.500000000e-01,2,1.132939697e+00,main,true,rise,439
/mnt/pd/tema1/new/results/ml_samples/N2_sw0.15_x+4_i0001.h5,2,1.500000000e-01,4,1.265879394e+00,main,true,rise,392
/mnt/pd/tema1/new/results/ml_samples/N2_sw0.15_x+2_i0085.h5,2,1.500000000e-01,2,1.132939697e+00,main,true,rise,582
/mnt/pd/tema1/new/results/ml_samples/N2_sw0.15_x+2_i0097.h5,2,1.500000000e-01,2,1.132939697e+00,main,true,rise,379
/mnt/pd/tema1/new/results/ml_samples/N2_sw0.15_x+2_i0093.h5,2,1.500000000e-01,2,1.132939697e+00,main,true,rise,742
/mnt/pd/tema1/new/results/ml_samples/N2_sw0.15_x+2_i0087.h5,2,1.500000000e-01,2,1.132939697e+00,main,true,rise,660
/mnt/pd/tema1/new/results/ml_samples/N2_sw0.15_x+1_i0179.h5,2,1.500000000e-01,1,1.066469849e+00,main,true,fall,3295
/mnt/pd/tema1/new/results/ml_samples/N2_sw0.15_x+2_i0005.h5,2,1.500000000e-01,2,1.132939697e+00,main,true,rise,2416
/mnt/pd/tema1/new/results/ml_samples/N2_sw0.15_x+4_i0003.h5,2,1.500000000e-01,4,1.265879394e+00,main,true,rise,467
/mnt/pd/tema1/new/results/ml_samples/N2_sw0.15_x+2_i0077.h5,2,1.500000000e-01,2,1.132939697e+00,main,true,rise,580
/mnt/pd/tema1/new/results/ml_samples/N2_sw0.15_x+2_i0073.h5,2,1.500000000e-01,2,1.132939697e+00,main,true,rise,947
/mnt/pd/tema1/new/results/ml_samples/N2_sw0.15_x+2_i0067.h5,2,1.500000000e-01,2,1.132939697e+00,main,true,rise,1168
/mnt/pd/tema1/new/results/ml_samples/N2_sw0.15_x+2_i0083.h5,2,1.500000000e-01,2,1.132939697e+00,main,true,rise,645
/mnt/pd/tema1/new/results/ml_samples/N2_sw0.15_x+4_i0007.h5,2,1.500000000e-01,4,1.265879394e+00,main,true,rise,445
/mnt/pd/tema1/new/results/ml_samples/N2_sw0.15_x+4_i0011.h5,2,1.500000000e-01,4,1.265879394e+00,main,true,rise,419
/mnt/pd/tema1/new/results/ml_samples/N2_sw0.15_x+4_i0009.h5,2,1.500000000e-01,4,1.265879394e+00,main,true,rise,537
/mnt/pd/tema1/new/results/ml_samples/N2_sw0.15_x+4_i0023.h5,2,1.500000000e-01,4,1.265879394e+00,main,true,rise,344
/mnt/pd/tema1/new/results/ml_samples/N2_sw0.15_x+4_i0015.h5,2,1.500000000e-01,4,1.265879394e+00,main,true,rise,306
/mnt/pd/tema1/new/results/ml_samples/N2_sw0.15_x+4_i0017.h5,2,1.500000000e-01,4,1.265879394e+00,main,true,rise,389
/mnt/pd/tema1/new/results/ml_samples/N2_sw0.15_x+2_i0091.h5,2,1.500000000e-01,2,1.132939697e+00,main,true,rise,997
/mnt/pd/tema1/new/results/ml_samples/N2_sw0.15_x+2_i0099.h5,2,1.500000000e-01,2,1.132939697e+00,main,true,rise,898
/mnt/pd/tema1/new/results/ml_samples/N2_sw0.15_x+4_i0013.h5,2,1.500000000e-01,4,1.265879394e+00,main,true,rise,485
/mnt/pd/tema1/new/results/ml_samples/N2_sw0.15_x+4_i0027.h5,2,1.500000000e-01,4,1.265879394e+00,main,true,rise,398
/mnt/pd/tema1/new/results/ml_samples/N2_sw0.15_x+2_i0081.h5,2,1.500000000e-01,2,1.132939697e+00,main,true,rise,1250
/mnt/pd/tema1/new/results/ml_samples/N2_sw0.15_x+4_i0037.h5,2,1.500000000e-01,4,1.265879394e+00,main,true,rise,359
/mnt/pd/tema1/new/results/ml_samples/N2_sw0.15_x+4_i0029.h5,2,1.500000000e-01,4,1.265879394e+00,main,true,rise,448
/mnt/pd/tema1/new/results/ml_samples/N2_sw0.15_x+2_i0061.h5,2,1.500000000e-01,2,1.132939697e+00,main,true,rise,1850
/mnt/pd/tema1/new/results/ml_samples/N2_sw0.15_x+4_i0021.h5,2,1.500000000e-01,4,1.265879394e+00,main,true,rise,528
/mnt/pd/tema1/new/results/ml_samples/N2_sw0.15_x+2_i0095.h5,2,1.500000000e-01,2,1.132939697e+00,main,true,rise,1020
/mnt/pd/tema1/new/results/ml_samples/N2_sw0.15_x+4_i0047.h5,2,1.500000000e-01,4,1.265879394e+00,main,true,rise,481
/mnt/pd/tema1/new/results/ml_samples/N2_sw0.15_x+4_i0005.h5,2,1.500000000e-01,4,1.265879394e+00,main,true,rise,964
/mnt/pd/tema1/new/results/ml_samples/N2_sw0.15_x+4_i0033.h5,2,1.500000000e-01,4,1.265879394e+00,main,true,rise,534
/mnt/pd/tema1/new/results/ml_samples/N2_sw0.15_x+2_i0075.h5,2,1.500000000e-01,2,1.132939697e+00,main,true,rise,1464
/mnt/pd/tema1/new/results/ml_samples/N2_sw0.15_x+4_i0041.h5,2,1.500000000e-01,4,1.265879394e+00,main,true,rise,419
/mnt/pd/tema1/new/results/ml_samples/N2_sw0.15_x+4_i0031.h5,2,1.500000000e-01,4,1.265879394e+00,main,true,rise,415
/mnt/pd/tema1/new/results/ml_samples/N2_sw0.15_x+4_i0039.h5,2,1.500000000e-01,4,1.265879394e+00,main,true,rise,523
/mnt/pd/tema1/new/results/ml_samples/N2_sw0.15_x+4_i0025.h5,2,1.500000000e-01,4,1.265879394e+00,main,true,rise,507
/mnt/pd/tema1/new/results/ml_samples/N2_sw0.15_x+2_i0043.h5,2,1.500000000e-01,2,1.132939697e+00,main,true,rise,3933
/mnt/pd/tema1/new/results/ml_samples/N2_sw0.15_x+4_i0061.h5,2,1.500000000e-01,4,1.265879394e+00,main,true,rise,373
/mnt/pd/tema1/new/results/ml_samples/N2_sw0.15_x+4_i0055.h5,2,1.500000000e-01,4,1.265879394e+00,main,true,rise,406
/mnt/pd/tema1/new/results/ml_samples/N2_sw0.15_x+4_i0043.h5,2,1.500000000e-01,4,1.265879394e+00,main,true,rise,633
/mnt/pd/tema1/new/results/ml_samples/N2_sw0.15_x+4_i0073.h5,2,1.500000000e-01,4,1.265879394e+00,main,true,rise,510
/mnt/pd/tema1/new/results/ml_samples/N2_sw0.15_x+4_i0049.h5,2,1.500000000e-01,4,1.265879394e+00,main,true,rise,368
/mnt/pd/tema1/new/results/ml_samples/N2_sw0.15_x+4_i0065.h5,2,1.500000000e-01,4,1.265879394e+00,main,true,rise,367
/mnt/pd/tema1/new/results/ml_samples/N2_sw0.15_x+4_i0019.h5,2,1.500000000e-01,4,1.265879394e+00,main,true,rise,924
/mnt/pd/tema1/new/results/ml_samples/N2_sw0.15_x+4_i0051.h5,2,1.500000000e-01,4,1.265879394e+00,main,true,rise,659
/mnt/pd/tema1/new/results/ml_samples/N2_sw0.15_x+4_i0053.h5,2,1.500000000e-01,4,1.265879394e+00,main,true,rise,502
/mnt/pd/tema1/new/results/ml_samples/N2_sw0.15_x+2_i0071.h5,2,1.500000000e-01,2,1.132939697e+00,main,true,rise,2011
/mnt/pd/tema1/new/results/ml_samples/N2_sw0.15_x+4_i0069.h5,2,1.500000000e-01,4,1.265879394e+00,main,true,rise,392
/mnt/pd/tema1/new/results/ml_samples/N2_sw0.15_x+4_i0045.h5,2,1.500000000e-01,4,1.265879394e+00,main,true,rise,809
/mnt/pd/tema1/new/results/ml_samples/N2_sw0.15_x+4_i0063.h5,2,1.500000000e-01,4,1.265879394e+00,main,true,rise,551
/mnt/pd/tema1/new/results/ml_samples/N2_sw0.15_x+4_i0089.h5,2,1.500000000e-01,4,1.265879394e+00,main,true,rise,508
/mnt/pd/tema1/new/results/ml_samples/N2_sw0.15_x+4_i0059.h5,2,1.500000000e-01,4,1.265879394e+00,main,true,rise,751
/mnt/pd/tema1/new/results/ml_samples/N2_sw0.15_x+4_i0077.h5,2,1.500000000e-01,4,1.265879394e+00,main,true,rise,491
/mnt/pd/tema1/new/results/ml_samples/N2_sw0.15_x+4_i0067.h5,2,1.500000000e-01,4,1.265879394e+00,main,true,rise,706
/mnt/pd/tema1/new/results/ml_samples/N2_sw0.15_x+4_i0057.h5,2,1.500000000e-01,4,1.265879394e+00,main,true,rise,832
/mnt/pd/tema1/new/results/ml_samples/N2_sw0.15_x+4_i0085.h5,2,1.500000000e-01,4,1.265879394e+00,main,true,rise,397
/mnt/pd/tema1/new/results/ml_samples/N2_sw0.15_x+4_i0097.h5,2,1.500000000e-01,4,1.265879394e+00,main,true,rise,440
/mnt/pd/tema1/new/results/ml_samples/N2_sw0.15_x+4_i0087.h5,2,1.500000000e-01,4,1.265879394e+00,main,true,rise,445
/mnt/pd/tema1/new/results/ml_samples/N2_sw0.15_x-1_i0001.h5,2,1.500000000e-01,-1,9.335301514e-01,main,true,fall,303
/mnt/pd/tema1/new/results/ml_samples/N2_sw0.15_x+4_i0081.h5,2,1.500000000e-01,4,1.265879394e+00,main,true,rise,337
/mnt/pd/tema1/new/results/ml_samples/N2_sw0.15_x-1_i0007.h5,2,1.500000000e-01,-1,9.335301514e-01,main,true,fall,259
/mnt/pd/tema1/new/results/ml_samples/N2_sw0.15_x-1_i0003.h5,2,1.500000000e-01,-1,9.335301514e-01,main,true,fall,301
/mnt/pd/tema1/new/results/ml_samples/N2_sw0.15_x+4_i0075.h5,2,1.500000000e-01,4,1.265879394e+00,main,true,rise,585
/mnt/pd/tema1/new/results/ml_samples/N2_sw0.15_x-1_i0011.h5,2,1.500000000e-01,-1,9.335301514e-01,main,true,fall,236
/mnt/pd/tema1/new/results/ml_samples/N2_sw0.15_x-1_i0017.h5,2,1.500000000e-01,-1,9.335301514e-01,main,true,fall,362
/mnt/pd/tema1/new/results/ml_samples/N2_sw0.15_x+4_i0093.h5,2,1.500000000e-01,4,1.265879394e+00,main,true,rise,398
/mnt/pd/tema1/new/results/ml_samples/N2_sw0.15_x+4_i0083.h5,2,1.500000000e-01,4,1.265879394e+00,main,true,rise,677
/mnt/pd/tema1/new/results/ml_samples/N2_sw0.15_x+4_i0091.h5,2,1.500000000e-01,4,1.265879394e+00,main,true,rise,605
/mnt/pd/tema1/new/results/ml_samples/N2_sw0.15_x-1_i0019.h5,2,1.500000000e-01,-1,9.335301514e-01,main,true,fall,201
/mnt/pd/tema1/new/results/ml_samples/N2_sw0.15_x-1_i0025.h5,2,1.500000000e-01,-1,9.335301514e-01,main,true,fall,226
/mnt/pd/tema1/new/results/ml_samples/N2_sw0.15_x+4_i0095.h5,2,1.500000000e-01,4,1.265879394e+00,main,true,rise,630
/mnt/pd/tema1/new/results/ml_samples/N2_sw0.15_x+4_i0071.h5,2,1.500000000e-01,4,1.265879394e+00,main,true,rise,935
/mnt/pd/tema1/new/results/ml_samples/N2_sw0.15_x-1_i0029.h5,2,1.500000000e-01,-1,9.335301514e-01,main,true,fall,417
/mnt/pd/tema1/new/results/ml_samples/N2_sw0.15_x-1_i0041.h5,2,1.500000000e-01,-1,9.335301514e-01,main,true,fall,191
/mnt/pd/tema1/new/results/ml_samples/N2_sw0.15_x-1_i0039.h5,2,1.500000000e-01,-1,9.335301514e-01,main,true,fall,199
/mnt/pd/tema1/new/results/ml_samples/N2_sw0.15_x-1_i0023.h5,2,1.500000000e-01,-1,9.335301514e-01,main,true,fall,331
/mnt/pd/tema1/new/results/ml_samples/N2_sw0.15_x+4_i0099.h5,2,1.500000000e-01,4,1.265879394e+00,main,true,rise,694
/mnt/pd/tema1/new/results/ml_samples/N2_sw0.15_x+4_i0035.h5,2,1.500000000e-01,4,1.265879394e+00,main,true,rise,1711
/mnt/pd/tema1/new/results/ml_samples/N2_sw0.15_x-1_i0021.h5,2,1.500000000e-01,-1,9.335301514e-01,main,true,fall,505
/mnt/pd/tema1/new/results/ml_samples/N2_sw0.15_x-1_i0031.h5,2,1.500000000e-01,-1,9.335301514e-01,main,true,fall,375
/mnt/pd/tema1/new/results/ml_samples/N2_sw0.15_x-1_i0027.h5,2,1.500000000e-01,-1,9.335301514e-01,main,true,fall,581
/mnt/pd/tema1/new/results/ml_samples/N2_sw0.15_x-1_i0015.h5,2,1.500000000e-01,-1,9.335301514e-01,main,true,fall,547
/mnt/pd/tema1/new/results/ml_samples/N2_sw0.15_x-1_i0053.h5,2,1.500000000e-01,-1,9.335301514e-01,main,true,fall,142
/mnt/pd/tema1/new/results/ml_samples/N2_sw0.15_x-1_i0013.h5,2,1.500000000e-01,-1,9.335301514e-01,main,true,fall,883
/mnt/pd/tema1/new/results/ml_samples/N2_sw0.15_x-1_i0035.h5,2,1.500000000e-01,-1,9.335301514e-01,main,true,fall,610
/mnt/pd/tema1/new/results/ml_samples/N2_sw0.15_x-1_i0051.h5,2,1.500000000e-01,-1,9.335301514e-01,main,true,fall,484
/mnt/pd/tema1/new/results/ml_samples/N2_sw0.15_x-1_i0045.h5,2,1.500000000e-01,-1,9.335301514e-01,main,true,fall,881
/mnt/pd/tema1/new/results/ml_samples/N2_sw0.15_x-1_i0065.h5,2,1.500000000e-01,-1,9.335301514e-01,main,true,fall,319
/mnt/pd/tema1/new/results/ml_samples/N2_sw0.15_x-1_i0033.h5,2,1.500000000e-01,-1,9.335301514e-01,main,true,fall,808
/mnt/pd/tema1/new/results/ml_samples/N2_sw0.15_x-1_i0049.h5,2,1.500000000e-01,-1,9.335301514e-01,main,true,fall,599
/mnt/pd/tema1/new/results/ml_samples/N2_sw0.15_x+1_i0175.h5,2,1.500000000e-01,1,1.066469849e+00,main,true,timeout,6001
/mnt/pd/tema1/new/results/ml_samples/N2_sw0.15_x-1_i0075.h5,2,1.500000000e-01,-1,9.335301514e-01,main,true,fall,278
/mnt/pd/tema1/new/results/ml_samples/N2_sw0.15_x-1_i0055.h5,2,1.500000000e-01,-1,9.335301514e-01,main,true,fall,425
/mnt/pd/tema1/new/results/ml_samples/N2_sw0.15_x-1_i0009.h5,2,1.500000000e-01,-1,9.335301514e-01,main,true,fall,1212
/mnt/pd/tema1/new/results/ml_samples/N2_sw0.15_x-1_i0089.h5,2,1.500000000e-01,-1,9.335301514e-01,main,true,fall,229
/mnt/pd/tema1/new/results/ml_samples/N2_sw0.15_x-1_i0083.h5,2,1.500000000e-01,-1,9.335301514e-01,main,true,fall,228
/mnt/pd/tema1/new/results/ml_samples/N2_sw0.15_x-1_i0005.h5,2,1.500000000e-01,-1,9.335301514e-01,main,true,fall,1200
/mnt/pd/tema1/new/results/ml_samples/N2_sw0.15_x-1_i0061.h5,2,1.500000000e-01,-1,9.335301514e-01,main,true,fall,1039
/mnt/pd/tema1/new/results/ml_samples/N2_sw0.15_x+2_i0079.h5,2,1.500000000e-01,2,1.132939697e+00,main,true,rise,3407
/mnt/pd/tema1/new/results/ml_samples/N2_sw0.15_x-1_i0063.h5,2,1.500000000e-01,-1,9.335301514e-01,main,true,fall,709
/mnt/pd/tema1/new/results/ml_samples/N2_sw0.15_x-1_i0091.h5,2,1.500000000e-01,-1,9.335301514e-01,main,true,fall,237
/mnt/pd/tema1/new/results/ml_samples/N2_sw0.15_x-1_i0073.h5,2,1.500000000e-01,-1,9.335301514e-01,main,true,fall,496
/mnt/pd/tema1/new/results/ml_samples/N2_sw0.15_x-1_i0079.h5,2,1.500000000e-01,-1,9.335301514e-01,main,true,fall,461
/mnt/pd/tema1/new/results/ml_samples/N2_sw0.15_x-1_i0099.h5,2,1.500000000e-01,-1,9.335301514e-01,main,true,fall,179
/mnt/pd/tema1/new/results/ml_samples/N2_sw0.15_x-1_i0037.h5,2,1.500000000e-01,-1,9.335301514e-01,main,true,rise,1177
/mnt/pd/tema1/new/results/ml_samples/N2_sw0.15_x-1_i0087.h5,2,1.500000000e-01,-1,9.335301514e-01,main,true,fall,283
/mnt/pd/tema1/new/results/ml_samples/N2_sw0.15_x-1_i0101.h5,2,1.500000000e-01,-1,9.335301514e-01,main,true,fall,301
/mnt/pd/tema1/new/results/ml_samples/N2_sw0.15_x-1_i0071.h5,2,1.500000000e-01,-1,9.335301514e-01,main,true,fall,707
/mnt/pd/tema1/new/results/ml_samples/N2_sw0.15_x-1_i0109.h5,2,1.500000000e-01,-1,9.335301514e-01,main,true,fall,292
/mnt/pd/tema1/new/results/ml_samples/N2_sw0.15_x+4_i0079.h5,2,1.500000000e-01,4,1.265879394e+00,main,true,rise,1958
/mnt/pd/tema1/new/results/ml_samples/N2_sw0.15_x-1_i0105.h5,2,1.500000000e-01,-1,9.335301514e-01,main,true,fall,347
/mnt/pd/tema1/new/results/ml_samples/N2_sw0.15_x-1_i0069.h5,2,1.500000000e-01,-1,9.335301514e-01,main,true,fall,907
/mnt/pd/tema1/new/results/ml_samples/N2_sw0.15_x-1_i0059.h5,2,1.500000000e-01,-1,9.335301514e-01,main,true,fall,991
/mnt/pd/tema1/new/results/ml_samples/N2_sw0.15_x-1_i0057.h5,2,1.500000000e-01,-1,9.335301514e-01,main,true,fall,1143
/mnt/pd/tema1/new/results/ml_samples/N2_sw0.15_x-1_i0113.h5,2,1.500000000e-01,-1,9.335301514e-01,main,true,fall,355
/mnt/pd/tema1/new/results/ml_samples/N2_sw0.15_x-1_i0129.h5,2,1.500000000e-01,-1,9.335301514e-01,main,true,fall,237
/mnt/pd/tema1/new/results/ml_samples/N2_sw0.15_x-1_i0077.h5,2,1.500000000e-01,-1,9.335301514e-01,main,true,fall,1033
/mnt/pd/tema1/new/results/ml_samples/N2_sw0.15_x-1_i0115.h5,2,1.500000000e-01,-1,9.335301514e-01,main,true,fall,486
/mnt/pd/tema1/new/results/ml_samples/N2_sw0.15_x-1_i0123.h5,2,1.500000000e-01,-1,9.335301514e-01,main,true,fall,443
/mnt/pd/tema1/new/results/ml_samples/N2_sw0.15_x-1_i0043.h5,2,1.500000000e-01,-1,9.335301514e-01,main,true,fall,1646
/mnt/pd/tema1/new/results/ml_samples/N2_sw0.15_x-1_i0137.h5,2,1.500000000e-01,-1,9.335301514e-01,main,true,fall,439
/mnt/pd/tema1/new/results/ml_samples/N2_sw0.15_x-1_i0119.h5,2,1.500000000e-01,-1,9.335301514e-01,main,true,fall,432
/mnt/pd/tema1/new/results/ml_samples/N2_sw0.15_x-1_i0103.h5,2,1.500000000e-01,-1,9.335301514e-01,main,true,fall,656
/mnt/pd/tema1/new/results/ml_samples/N2_sw0.15_x-1_i0125.h5,2,1.500000000e-01,-1,9.335301514e-01,main,true,fall,501
/mnt/pd/tema1/new/results/ml_samples/N2_sw0.15_x-1_i0157.h5,2,1.500000000e-01,-1,9.335301514e-01,main,true,fall,292
/mnt/pd/tema1/new/results/ml_samples/N2_sw0.15_x-1_i0131.h5,2,1.500000000e-01,-1,9.335301514e-01,main,true,fall,730
/mnt/pd/tema1/new/results/ml_samples/N2_sw0.15_x-1_i0143.h5,2,1.500000000e-01,-1,9.335301514e-01,main,true,fall,322
/mnt/pd/tema1/new/results/ml_samples/N2_sw0.15_x-1_i0117.h5,2,1.500000000e-01,-1,9.335301514e-01,main,true,fall,863
/mnt/pd/tema1/new/results/ml_samples/N2_sw0.15_x-1_i0155.h5,2,1.500000000e-01,-1,9.335301514e-01,main,true,fall,257
/mnt/pd/tema1/new/results/ml_samples/N2_sw0.15_x-1_i0133.h5,2,1.500000000e-01,-1,9.335301514e-01,main,true,fall,520
/mnt/pd/tema1/new/results/ml_samples/N2_sw0.15_x-1_i0163.h5,2,1.500000000e-01,-1,9.335301514e-01,main,true,fall,229
/mnt/pd/tema1/new/results/ml_samples/N2_sw0.15_x-1_i0151.h5,2,1.500000000e-01,-1,9.335301514e-01,main,true,fall,488
/mnt/pd/tema1/new/results/ml_samples/N2_sw0.15_x-1_i0165.h5,2,1.500000000e-01,-1,9.335301514e-01,main,true,fall,447
/mnt/pd/tema1/new/results/ml_samples/N2_sw0.15_x-1_i0111.h5,2,1.500000000e-01,-1,9.335301514e-01,main,true,rise,1873
/mnt/pd/tema1/new/results/ml_samples/N2_sw0.15_x-1_i0081.h5,2,1.500000000e-01,-1,9.335301514e-01,main,true,fall,1809
/mnt/pd/tema1/new/results/ml_samples/N2_sw0.15_x-1_i0149.h5,2,1.500000000e-01,-1,9.335301514e-01,main,true,fall,805
/mnt/pd/tema1/new/results/ml_samples/N2_sw0.15_x-1_i0093.h5,2,1.500000000e-01,-1,9.335301514e-01,main,true,fall,1373
/mnt/pd/tema1/new/results/ml_samples/N2_sw0.15_x-1_i0085.h5,2,1.500000000e-01,-1,9.335301514e-01,main,true,fall,1839
/mnt/pd/tema1/new/results/ml_samples/N2_sw0.15_x-1_i0169.h5,2,1.500000000e-01,-1,9.335301514e-01,main,true,fall,317
/mnt/pd/tema1/new/results/ml_samples/N2_sw0.15_x-1_i0183.h5,2,1.500000000e-01,-1,9.335301514e-01,main,true,fall,189
/mnt/pd/tema1/new/results/ml_samples/N2_sw0.15_x-1_i0181.h5,2,1.500000000e-01,-1,9.335301514e-01,main,true,fall,224
/mnt/pd/tema1/new/results/ml_samples/N2_sw0.15_x-1_i0139.h5,2,1.500000000e-01,-1,9.335301514e-01,main,true,fall,1311
/mnt/pd/tema1/new/results/ml_samples/N2_sw0.15_x-1_i0167.h5,2,1.500000000e-01,-1,9.335301514e-01,main,true,fall,397
/mnt/pd/tema1/new/results/ml_samples/N2_sw0.15_x-1_i0195.h5,2,1.500000000e-01,-1,9.335301514e-01,main,true,fall,262
/mnt/pd/tema1/new/results/ml_samples/N2_sw0.15_x-1_i0145.h5,2,1.500000000e-01,-1,9.335301514e-01,main,true,fall,1011
/mnt/pd/tema1/new/results/ml_samples/N2_sw0.15_x-1_i0161.h5,2,1.500000000e-01,-1,9.335301514e-01,main,true,fall,842
/mnt/pd/tema1/new/results/ml_samples/N2_sw0.15_x-1_i0067.h5,2,1.500000000e-01,-1,9.335301514e-01,main,true,fall,2341
/mnt/pd/tema1/new/results/ml_samples/N2_sw0.15_x-1_i0141.h5,2,1.500000000e-01,-1,9.335301514e-01,main,true,fall,1454
/mnt/pd/tema1/new/results/ml_samples/N2_sw0.15_x-2_i0003.h5,2,1.500000000e-01,-2,8.670603029e-01,main,true,fall,264
/mnt/pd/tema1/new/results/ml_samples/N2_sw0.15_x-1_i0193.h5,2,1.500000000e-01,-1,9.335301514e-01,main,true,fall,284
/mnt/pd/tema1/new/results/ml_samples/N2_sw0.15_x-1_i0095.h5,2,1.500000000e-01,-1,9.335301514e-01,main,true,fall,2210
/mnt/pd/tema1/new/results/ml_samples/N2_sw0.15_x-1_i0199.h5,2,1.500000000e-01,-1,9.335301514e-01,main,true,fall,280
/mnt/pd/tema1/new/results/ml_samples/N2_sw0.15_x-2_i0007.h5,2,1.500000000e-01,-2,8.670603029e-01,main,true,fall,228
/mnt/pd/tema1/new/results/ml_samples/N2_sw0.15_x-2_i0009.h5,2,1.500000000e-01,-2,8.670603029e-01,main,true,fall,261
/mnt/pd/tema1/new/results/ml_samples/N2_sw0.15_x-2_i0013.h5,2,1.500000000e-01,-2,8.670603029e-01,main,true,fall,203
/mnt/pd/tema1/new/results/ml_samples/N2_sw0.15_x-1_i0127.h5,2,1.500000000e-01,-1,9.335301514e-01,main,true,fall,1937
/mnt/pd/tema1/new/results/ml_samples/N2_sw0.15_x-2_i0011.h5,2,1.500000000e-01,-2,8.670603029e-01,main,true,fall,199
/mnt/pd/tema1/new/results/ml_samples/N2_sw0.15_x-1_i0153.h5,2,1.500000000e-01,-1,9.335301514e-01,main,true,fall,1449
/mnt/pd/tema1/new/results/ml_samples/N2_sw0.15_x-1_i0171.h5,2,1.500000000e-01,-1,9.335301514e-01,main,true,fall,925
/mnt/pd/tema1/new/results/ml_samples/N2_sw0.15_x-2_i0017.h5,2,1.500000000e-01,-2,8.670603029e-01,main,true,fall,228
/mnt/pd/tema1/new/results/ml_samples/N2_sw0.15_x-1_i0187.h5,2,1.500000000e-01,-1,9.335301514e-01,main,true,fall,650
/mnt/pd/tema1/new/results/ml_samples/N2_sw0.15_x-1_i0191.h5,2,1.500000000e-01,-1,9.335301514e-01,main,true,fall,926
/mnt/pd/tema1/new/results/ml_samples/N2_sw0.15_x-2_i0021.h5,2,1.500000000e-01,-2,8.670603029e-01,main,true,fall,227
/mnt/pd/tema1/new/results/ml_samples/N2_sw0.15_x-2_i0023.h5,2,1.500000000e-01,-2,8.670603029e-01,main,true,fall,226
/mnt/pd/tema1/new/results/ml_samples/N2_sw0.15_x-2_i0019.h5,2,1.500000000e-01,-2,8.670603029e-01,main,true,fall,338
/mnt/pd/tema1/new/results/ml_samples/N2_sw0.15_x-2_i0029.h5,2,1.500000000e-01,-2,8.670603029e-01,main,true,fall,268
/mnt/pd/tema1/new/results/ml_samples/N2_sw0.15_x-1_i0189.h5,2,1.500000000e-01,-1,9.335301514e-01,main,true,fall,946
/mnt/pd/tema1/new/results/ml_samples/N2_sw0.15_x-2_i0005.h5,2,1.500000000e-01,-2,8.670603029e-01,main,true,fall,876
/mnt/pd/tema1/new/results/ml_samples/N2_sw0.15_x-2_i0031.h5,2,1.500000000e-01,-2,8.670603029e-01,main,true,fall,286
/mnt/pd/tema1/new/results/ml_samples/N2_sw0.15_x-1_i0173.h5,2,1.500000000e-01,-1,9.335301514e-01,main,true,fall,1495
/mnt/pd/tema1/new/results/ml_samples/N2_sw0.15_x-2_i0039.h5,2,1.500000000e-01,-2,8.670603029e-01,main,true,fall,178
/mnt/pd/tema1/new/results/ml_samples/N2_sw0.15_x-1_i0185.h5,2,1.500000000e-01,-1,9.335301514e-01,main,true,fall,1143
/mnt/pd/tema1/new/results/ml_samples/N2_sw0.15_x-2_i0041.h5,2,1.500000000e-01,-2,8.670603029e-01,main,true,fall,288
/mnt/pd/tema1/new/results/ml_samples/N2_sw0.15_x-2_i0001.h5,2,1.500000000e-01,-2,8.670603029e-01,main,true,fall,1078
/mnt/pd/tema1/new/results/ml_samples/N2_sw0.15_x-1_i0197.h5,2,1.500000000e-01,-1,9.335301514e-01,main,true,fall,1848
/mnt/pd/tema1/new/results/ml_samples/N2_sw0.15_x-2_i0043.h5,2,1.500000000e-01,-2,8.670603029e-01,main,true,fall,326
/mnt/pd/tema1/new/results/ml_samples/N2_sw0.15_x-2_i0015.h5,2,1.500000000e-01,-2,8.670603029e-01,main,true,fall,736
/mnt/pd/tema1/new/results/ml_samples/N2_sw0.15_x-2_i0047.h5,2,1.500000000e-01,-2,8.670603029e-01,main,true,fall,220
/mnt/pd/tema1/new/results/ml_samples/N2_sw0.15_x-1_i0159.h5,2,1.500000000e-01,-1,9.335301514e-01,main,true,fall,2001
/mnt/pd/tema1/new/results/ml_samples/N2_sw0.15_x-2_i0049.h5,2,1.500000000e-01,-2,8.670603029e-01,main,true,fall,175
/mnt/pd/tema1/new/results/ml_samples/N2_sw0.15_x-2_i0037.h5,2,1.500000000e-01,-2,8.670603029e-01,main,true,fall,448
/mnt/pd/tema1/new/results/ml_samples/N2_sw0.15_x-2_i0051.h5,2,1.500000000e-01,-2,8.670603029e-01,main,true,fall,190
/mnt/pd/tema1/new/results/ml_samples/N2_sw0.15_x-2_i0045.h5,2,1.500000000e-01,-2,8.670603029e-01,main,true,fall,227
/mnt/pd/tema1/new/results/ml_samples/N2_sw0.15_x-2_i0059.h5,2,1.500000000e-01,-2,8.670603029e-01,main,true,fall,177
/mnt/pd/tema1/new/results/ml_samples/N2_sw0.15_x-2_i0055.h5,2,1.500000000e-01,-2,8.670603029e-01,main,true,fall,211
/mnt/pd/tema1/new/results/ml_samples/N2_sw0.15_x-1_i0047.h5,2,1.500000000e-01,-1,9.335301514e-01,main,true,fall,4297
/mnt/pd/tema1/new/results/ml_samples/N2_sw0.15_x-2_i0033.h5,2,1.500000000e-01,-2,8.670603029e-01,main,true,fall,781
/mnt/pd/tema1/new/results/ml_samples/N2_sw0.15_x-2_i0065.h5,2,1.500000000e-01,-2,8.670603029e-01,main,true,fall,400
/mnt/pd/tema1/new/results/ml_samples/N2_sw0.15_x-2_i0069.h5,2,1.500000000e-01,-2,8.670603029e-01,main,true,fall,243
/mnt/pd/tema1/new/results/ml_samples/N2_sw0.15_x-2_i0067.h5,2,1.500000000e-01,-2,8.670603029e-01,main,true,fall,250
/mnt/pd/tema1/new/results/ml_samples/N2_sw0.15_x-1_i0179.h5,2,1.500000000e-01,-1,9.335301514e-01,main,true,fall,1909
/mnt/pd/tema1/new/results/ml_samples/N2_sw0.15_x-2_i0073.h5,2,1.500000000e-01,-2,8.670603029e-01,main,true,fall,182
/mnt/pd/tema1/new/results/ml_samples/N2_sw0.15_x-2_i0061.h5,2,1.500000000e-01,-2,8.670603029e-01,main,true,fall,333
/mnt/pd/tema1/new/results/ml_samples/N2_sw0.15_x-2_i0027.h5,2,1.500000000e-01,-2,8.670603029e-01,main,true,fall,982
/mnt/pd/tema1/new/results/ml_samples/N2_sw0.15_x-1_i0097.h5,2,1.500000000e-01,-1,9.335301514e-01,main,true,fall,3382
/mnt/pd/tema1/new/results/ml_samples/N2_sw0.15_x-2_i0075.h5,2,1.500000000e-01,-2,8.670603029e-01,main,true,fall,275
/mnt/pd/tema1/new/results/ml_samples/N2_sw0.15_x-2_i0079.h5,2,1.500000000e-01,-2,8.670603029e-01,main,true,fall,235
/mnt/pd/tema1/new/results/ml_samples/N2_sw0.15_x-2_i0077.h5,2,1.500000000e-01,-2,8.670603029e-01,main,true,fall,231
/mnt/pd/tema1/new/results/ml_samples/N2_sw0.15_x-2_i0083.h5,2,1.500000000e-01,-2,8.670603029e-01,main,true,fall,234
/mnt/pd/tema1/new/results/ml_samples/N2_sw0.15_x-2_i0085.h5,2,1.500000000e-01,-2,8.670603029e-01,main,true,fall,259
/mnt/pd/tema1/new/results/ml_samples/N2_sw0.15_x-1_i0175.h5,2,1.500000000e-01,-1,9.335301514e-01,main,true,fall,2333
/mnt/pd/tema1/new/results/ml_samples/N2_sw0.15_x-2_i0095.h5,2,1.500000000e-01,-2,8.670603029e-01,main,true,fall,187
/mnt/pd/tema1/new/results/ml_samples/N2_sw0.15_x-4_i0003.h5,2,1.500000000e-01,-4,7.341206058e-01,main,true,fall,186
/mnt/pd/tema1/new/results/ml_samples/N2_sw0.15_x-2_i0089.h5,2,1.500000000e-01,-2,8.670603029e-01,main,true,fall,337
/mnt/pd/tema1/new/results/ml_samples/N2_sw0.15_x-2_i0091.h5,2,1.500000000e-01,-2,8.670603029e-01,main,true,fall,256
/mnt/pd/tema1/new/results/ml_samples/N2_sw0.15_x-2_i0071.h5,2,1.500000000e-01,-2,8.670603029e-01,main,true,fall,321
/mnt/pd/tema1/new/results/ml_samples/N2_sw0.15_x-4_i0009.h5,2,1.500000000e-01,-4,7.341206058e-01,main,true,fall,164
/mnt/pd/tema1/new/results/ml_samples/N2_sw0.15_x-4_i0011.h5,2,1.500000000e-01,-4,7.341206058e-01,main,true,fall,114
/mnt/pd/tema1/new/results/ml_samples/N2_sw0.15_x-1_i0107.h5,2,1.500000000e-01,-1,9.335301514e-01,main,true,fall,3328
/mnt/pd/tema1/new/results/ml_samples/N2_sw0.15_x-4_i0013.h5,2,1.500000000e-01,-4,7.341206058e-01,main,true,fall,132
/mnt/pd/tema1/new/results/ml_samples/N2_sw0.15_x-2_i0093.h5,2,1.500000000e-01,-2,8.670603029e-01,main,true,fall,311
/mnt/pd/tema1/new/results/ml_samples/N2_sw0.15_x-2_i0063.h5,2,1.500000000e-01,-2,8.670603029e-01,main,true,fall,787
/mnt/pd/tema1/new/results/ml_samples/N2_sw0.15_x-4_i0001.h5,2,1.500000000e-01,-4,7.341206058e-01,main,true,fall,266
/mnt/pd/tema1/new/results/ml_samples/N2_sw0.15_x-4_i0005.h5,2,1.500000000e-01,-4,7.341206058e-01,main,true,fall,330
/mnt/pd/tema1/new/results/ml_samples/N2_sw0.15_x-4_i0025.h5,2,1.500000000e-01,-4,7.341206058e-01,main,true,fall,135
/mnt/pd/tema1/new/results/ml_samples/N2_sw0.15_x-2_i0087.h5,2,1.500000000e-01,-2,8.670603029e-01,main,true,fall,515
/mnt/pd/tema1/new/results/ml_samples/N2_sw0.15_x-2_i0057.h5,2,1.500000000e-01,-2,8.670603029e-01,main,true,fall,820
/mnt/pd/tema1/new/results/ml_samples/N2_sw0.15_x-1_i0147.h5,2,1.500000000e-01,-1,9.335301514e-01,main,true,fall,3028
/mnt/pd/tema1/new/results/ml_samples/N2_sw0.15_x-4_i0015.h5,2,1.500000000e-01,-4,7.341206058e-01,main,true,fall,214
/mnt/pd/tema1/new/results/ml_samples/N2_sw0.15_x-1_i0177.h5,2,1.500000000e-01,-1,9.335301514e-01,main,true,fall,2595
/mnt/pd/tema1/new/results/ml_samples/N2_sw0.15_x-2_i0099.h5,2,1.500000000e-01,-2,8.670603029e-01,main,true,fall,487
/mnt/pd/tema1/new/results/ml_samples/N2_sw0.15_x-2_i0025.h5,2,1.500000000e-01,-2,8.670603029e-01,main,true,fall,2452
/mnt/pd/tema1/new/results/ml_samples/N2_sw0.15_x-2_i0097.h5,2,1.500000000e-01,-2,8.670603029e-01,main,true,fall,322
/mnt/pd/tema1/new/results/ml_samples/N2_sw0.15_x-4_i0021.h5,2,1.500000000e-01,-4,7.341206058e-01,main,true,fall,170
/mnt/pd/tema1/new/results/ml_samples/N2_sw0.15_x-4_i0027.h5,2,1.500000000e-01,-4,7.341206058e-01,main,true,fall,121
/mnt/pd/tema1/new/results/ml_samples/N2_sw0.15_x-4_i0023.h5,2,1.500000000e-01,-4,7.341206058e-01,main,true,fall,241
/mnt/pd/tema1/new/results/ml_samples/N2_sw0.15_x-4_i0029.h5,2,1.500000000e-01,-4,7.341206058e-01,main,true,fall,146
/mnt/pd/tema1/new/results/ml_samples/N2_sw0.15_x-4_i0017.h5,2,1.500000000e-01,-4,7.341206058e-01,main,true,fall,327
/mnt/pd/tema1/new/results/ml_samples/N2_sw0.15_x-4_i0037.h5,2,1.500000000e-01,-4,7.341206058e-01,main,true,fall,138
/mnt/pd/tema1/new/results/ml_samples/N2_sw0.15_x-4_i0019.h5,2,1.500000000e-01,-4,7.341206058e-01,main,true,fall,165
/mnt/pd/tema1/new/results/ml_samples/N2_sw0.15_x-4_i0031.h5,2,1.500000000e-01,-4,7.341206058e-01,main,true,fall,208
/mnt/pd/tema1/new/results/ml_samples/N2_sw0.15_x-4_i0045.h5,2,1.500000000e-01,-4,7.341206058e-01,main,true,fall,249
/mnt/pd/tema1/new/results/ml_samples/N2_sw0.15_x-4_i0053.h5,2,1.500000000e-01,-4,7.341206058e-01,main,true,fall,109
/mnt/pd/tema1/new/results/ml_samples/N2_sw0.15_x-2_i0035.h5,2,1.500000000e-01,-2,8.670603029e-01,main,true,fall,1611
/mnt/pd/tema1/new/results/ml_samples/N2_sw0.15_x-4_i0043.h5,2,1.500000000e-01,-4,7.341206058e-01,main,true,fall,231
/mnt/pd/tema1/new/results/ml_samples/N2_sw0.15_x-4_i0047.h5,2,1.500000000e-01,-4,7.341206058e-01,main,true,fall,157
/mnt/pd/tema1/new/results/ml_samples/N2_sw0.15_x-4_i0051.h5,2,1.500000000e-01,-4,7.341206058e-01,main,true,fall,167
/mnt/pd/tema1/new/results/ml_samples/N2_sw0.15_x-4_i0035.h5,2,1.500000000e-01,-4,7.341206058e-01,main,true,fall,157
/mnt/pd/tema1/new/results/ml_samples/N2_sw0.15_x-4_i0059.h5,2,1.500000000e-01,-4,7.341206058e-01,main,true,fall,127
/mnt/pd/tema1/new/results/ml_samples/N2_sw0.15_x-4_i0079.h5,2,1.500000000e-01,-4,7.341206058e-01,main,true,fall,127
/mnt/pd/tema1/new/results/ml_samples/N2_sw0.15_x-4_i0061.h5,2,1.500000000e-01,-4,7.341206058e-01,main,true,fall,160
/mnt/pd/tema1/new/results/ml_samples/N2_sw0.15_x-4_i0033.h5,2,1.500000000e-01,-4,7.341206058e-01,main,true,fall,424
/mnt/pd/tema1/new/results/ml_samples/N2_sw0.15_x-4_i0067.h5,2,1.500000000e-01,-4,7.341206058e-01,main,true,fall,117
/mnt/pd/tema1/new/results/ml_samples/N2_sw0.15_x-4_i0057.h5,2,1.500000000e-01,-4,7.341206058e-01,main,true,fall,178
/mnt/pd/tema1/new/results/ml_samples/N2_sw0.15_x-4_i0049.h5,2,1.500000000e-01,-4,7.341206058e-01,main,true,fall,119
/mnt/pd/tema1/new/results/ml_samples/N2_sw0.15_x-4_i0063.h5,2,1.500000000e-01,-4,7.341206058e-01,main,true,fall,230
/mnt/pd/tema1/new/results/ml_samples/N2_sw0.15_x-4_i0071.h5,2,1.500000000e-01,-4,7.341206058e-01,main,true,fall,174
/mnt/pd/tema1/new/results/ml_samples/N2_sw0.15_x-4_i0007.h5,2,1.500000000e-01,-4,7.341206058e-01,main,true,fall,897
/mnt/pd/tema1/new/results/ml_samples/N2_sw0.15_x-4_i0075.h5,2,1.500000000e-01,-4,7.341206058e-01,main,true,fall,107
/mnt/pd/tema1/new/results/ml_samples/N2_sw0.15_x-4_i0065.h5,2,1.500000000e-01,-4,7.341206058e-01,main,true,fall,174
/mnt/pd/tema1/new/results/ml_samples/N2_sw0.15_x-4_i0093.h5,2,1.500000000e-01,-4,7.341206058e-01,main,true,fall,90
/mnt/pd/tema1/new/results/ml_samples/N2_sw0.15_x-4_i0055.h5,2,1.500000000e-01,-4,7.341206058e-01,main,true,fall,161
/mnt/pd/tema1/new/results/ml_samples/N2_sw0.15_x-4_i0041.h5,2,1.500000000e-01,-4,7.341206058e-01,main,true,fall,405
/mnt/pd/tema1/new/results/ml_samples/N2_sw0.15_x-2_i0053.h5,2,1.500000000e-01,-2,8.670603029e-01,main,true,fall,1643
/mnt/pd/tema1/new/results/ml_samples/N2_sw0.15_x-4_i0081.h5,2,1.500000000e-01,-4,7.341206058e-01,main,true,fall,122
/mnt/pd/tema1/new/results/ml_samples/N2_sw0.15_x-4_i0089.h5,2,1.500000000e-01,-4,7.341206058e-01,main,true,fall,129
/mnt/pd/tema1/new/results/ml_samples/N2_sw0.15_x-4_i0077.h5,2,1.500000000e-01,-4,7.341206058e-01,main,true,fall,291
/mnt/pd/tema1/new/results/ml_samples/N2_sw0.15_x-4_i0073.h5,2,1.500000000e-01,-4,7.341206058e-01,main,true,fall,128
/mnt/pd/tema1/new/results/ml_samples/N2_sw0.15_x-4_i0069.h5,2,1.500000000e-01,-4,7.341206058e-01,main,true,fall,124
/mnt/pd/tema1/new/results/ml_samples/N2_sw0.15_x-4_i0091.h5,2,1.500000000e-01,-4,7.341206058e-01,main,true,fall,199
/mnt/pd/tema1/new/results/ml_samples/N2_sw0.22_x+0_i0017.h5,2,2.200000000e-01,0,1.000000000e+00,gen_sigma,true,fall,179
/mnt/pd/tema1/new/results/ml_samples/N2_sw0.15_x-4_i0095.h5,2,1.500000000e-01,-4,7.341206058e-01,main,true,fall,347
/mnt/pd/tema1/new/results/ml_samples/N2_sw0.15_x-4_i0087.h5,2,1.500000000e-01,-4,7.341206058e-01,main,true,fall,263
/mnt/pd/tema1/new/results/ml_samples/N2_sw0.15_x-4_i0085.h5,2,1.500000000e-01,-4,7.341206058e-01,main,true,fall,306
/mnt/pd/tema1/new/results/ml_samples/N2_sw0.15_x-4_i0097.h5,2,1.500000000e-01,-4,7.341206058e-01,main,true,fall,259
/mnt/pd/tema1/new/results/ml_samples/N2_sw0.15_x-4_i0039.h5,2,1.500000000e-01,-4,7.341206058e-01,main,true,fall,758
/mnt/pd/tema1/new/results/ml_samples/N2_sw0.22_x+0_i0015.h5,2,2.200000000e-01,0,1.000000000e+00,gen_sigma,true,fall,254
/mnt/pd/tema1/new/results/ml_samples/N2_sw0.22_x+0_i0019.h5,2,2.200000000e-01,0,1.000000000e+00,gen_sigma,true,fall,196
/mnt/pd/tema1/new/results/ml_samples/N2_sw0.15_x-4_i0083.h5,2,1.500000000e-01,-4,7.341206058e-01,main,true,fall,306
/mnt/pd/tema1/new/results/ml_samples/N2_sw0.22_x+0_i0023.h5,2,2.200000000e-01,0,1.000000000e+00,gen_sigma,true,fall,244
/mnt/pd/tema1/new/results/ml_samples/N2_sw0.22_x+0_i0039.h5,2,2.200000000e-01,0,1.000000000e+00,gen_sigma,true,rise,382
/mnt/pd/tema1/new/results/ml_samples/N2_sw0.22_x+0_i0007.h5,2,2.200000000e-01,0,1.000000000e+00,gen_sigma,true,fall,314
/mnt/pd/tema1/new/results/ml_samples/N2_sw0.22_x+0_i0013.h5,2,2.200000000e-01,0,1.000000000e+00,gen_sigma,true,fall,595
/mnt/pd/tema1/new/results/ml_samples/N2_sw0.22_x+0_i0049.h5,2,2.200000000e-01,0,1.000000000e+00,gen_sigma,true,fall,278
/mnt/pd/tema1/new/results/ml_samples/N2_sw0.22_x+0_i0021.h5,2,2.200000000e-01,0,1.000000000e+00,gen_sigma,true,fall,529
/mnt/pd/tema1/new/results/ml_samples/N2_sw0.22_x+0_i0001.h5,2,2.200000000e-01,0,1.000000000e+00,gen_sigma,true,fall,724
/mnt/pd/tema1/new/results/ml_samples/N2_sw0.22_x+0_i0031.h5,2,2.200000000e-01,0,1.000000000e+00,gen_sigma,true,fall,494
/mnt/pd/tema1/new/results/ml_samples/N2_sw0.15_x-4_i0099.h5,2,1.500000000e-01,-4,7.341206058e-01,main,true,fall,801
/mnt/pd/tema1/new/results/ml_samples/N2_sw0.15_x-1_i0121.h5,2,1.500000000e-01,-1,9.335301514e-01,main,true,fall,4714
/mnt/pd/tema1/new/results/ml_samples/N2_sw0.22_x+1_i0007.h5,2,2.200000000e-01,1,1.097489111e+00,gen_sigma,true,rise,537
/mnt/pd/tema1/new/results/ml_samples/N2_sw0.22_x+0_i0033.h5,2,2.200000000e-01,0,1.000000000e+00,gen_sigma,true,rise,798
/mnt/pd/tema1/new/results/ml_samples/N2_sw0.22_x+0_i0011.h5,2,2.200000000e-01,0,1.000000000e+00,gen_sigma,true,fall,1103
/mnt/pd/tema1/new/results/ml_samples/N2_sw0.22_x+1_i0015.h5,2,2.200000000e-01,1,1.097489111e+00,gen_sigma,true,fall,393
/mnt/pd/tema1/new/results/ml_samples/N2_sw0.22_x+1_i0009.h5,2,2.200000000e-01,1,1.097489111e+00,gen_sigma,true,rise,612
/mnt/pd/tema1/new/results/ml_samples/N2_sw0.22_x+1_i0019.h5,2,2.200000000e-01,1,1.097489111e+00,gen_sigma,true,fall,383
/mnt/pd/tema1/new/results/ml_samples/N2_sw0.22_x+0_i0043.h5,2,2.200000000e-01,0,1.000000000e+00,gen_sigma,true,fall,1051
/mnt/pd/tema1/new/results/ml_samples/N2_sw0.22_x+0_i0035.h5,2,2.200000000e-01,0,1.000000000e+00,gen_sigma,true,fall,1160
/mnt/pd/tema1/new/results/ml_samples/N2_sw0.22_x+0_i0003.h5,2,2.200000000e-01,0,1.000000000e+00,gen_sigma,true,rise,1425
/mnt/pd/tema1/new/results/ml_samples/N2_sw0.22_x+1_i0013.h5,2,2.200000000e-01,1,1.097489111e+00,gen_sigma,true,rise,794
/mnt/pd/tema1/new/results/ml_samples/N2_sw0.15_x-2_i0081.h5,2,1.500000000e-01,-2,8.670603029e-01,main,true,fall,2784
/mnt/pd/tema1/new/results/ml_samples/N2_sw0.22_x+1_i0021.h5,2,2.200000000e-01,1,1.097489111e+00,gen_sigma,true,rise,649
/mnt/pd/tema1/new/results/ml_samples/N2_sw0.22_x+1_i0005.h5,2,2.200000000e-01,1,1.097489111e+00,gen_sigma,true,rise,850
/mnt/pd/tema1/new/results/ml_samples/N2_sw0.22_x+0_i0037.h5,2,2.200000000e-01,0,1.000000000e+00,gen_sigma,true,fall,2149
/mnt/pd/tema1/new/results/ml_samples/N2_sw0.22_x+1_i0011.h5,2,2.200000000e-01,1,1.097489111e+00,gen_sigma,true,rise,1016
/mnt/pd/tema1/new/results/ml_samples/N2_sw0.22_x+0_i0029.h5,2,2.200000000e-01,0,1.000000000e+00,gen_sigma,true,fall,1555
/mnt/pd/tema1/new/results/ml_samples/N2_sw0.22_x+1_i0003.h5,2,2.200000000e-01,1,1.097489111e+00,gen_sigma,true,rise,1129
/mnt/pd/tema1/new/results/ml_samples/N2_sw0.15_x-1_i0135.h5,2,1.500000000e-01,-1,9.335301514e-01,main,true,timeout,6001
/mnt/pd/tema1/new/results/ml_samples/N2_sw0.22_x-1_i0001.h5,2,2.200000000e-01,-1,9.025108888e-01,gen_sigma,true,fall,246
/mnt/pd/tema1/new/results/ml_samples/N2_sw0.22_x+0_i0025.h5,2,2.200000000e-01,0,1.000000000e+00,gen_sigma,true,fall,1475
/mnt/pd/tema1/new/results/ml_samples/N2_sw0.22_x+0_i0045.h5,2,2.200000000e-01,0,1.000000000e+00,gen_sigma,true,fall,1573
/mnt/pd/tema1/new/results/ml_samples/N2_sw0.22_x+1_i0025.h5,2,2.200000000e-01,1,1.097489111e+00,gen_sigma,true,rise,1350
/mnt/pd/tema1/new/results/ml_samples/N2_sw0.22_x-1_i0003.h5,2,2.200000000e-01,-1,9.025108888e-01,gen_sigma,true,fall,257
/mnt/pd/tema1/new/results/ml_samples/N2_sw0.22_x+1_i0031.h5,2,2.200000000e-01,1,1.097489111e+00,gen_sigma,true,rise,848
/mnt/pd/tema1/new/results/ml_samples/N2_sw0.22_x+1_i0029.h5,2,2.200000000e-01,1,1.097489111e+00,gen_sigma,true,fall,734
/mnt/pd/tema1/new/results/ml_samples/N2_sw0.22_x-1_i0007.h5,2,2.200000000e-01,-1,9.025108888e-01,gen_sigma,true,fall,335
/mnt/pd/tema1/new/results/ml_samples/N2_sw0.22_x+1_i0017.h5,2,2.200000000e-01,1,1.097489111e+00,gen_sigma,true,rise,1268
/mnt/pd/tema1/new/results/ml_samples/N2_sw0.22_x+0_i0047.h5,2,2.200000000e-01,0,1.000000000e+00,gen_sigma,true,fall,1940
/mnt/pd/tema1/new/results/ml_samples/N2_sw0.22_x+0_i0041.h5,2,2.200000000e-01,0,1.000000000e+00,gen_sigma,true,fall,2065
/mnt/pd/tema1/new/results/ml_samples/N2_sw0.22_x+1_i0045.h5,2,2.200000000e-01,1,1.097489111e+00,gen_sigma,true,rise,932
/mnt/pd/tema1/new/results/ml_samples/N2_sw0.22_x-1_i0021.h5,2,2.200000000e-01,-1,9.025108888e-01,gen_sigma,true,fall,300
/mnt/pd/tema1/new/results/ml_samples/N2_sw0.22_x-1_i0005.h5,2,2.200000000e-01,-1,9.025108888e-01,gen_sigma,true,fall,440
/mnt/pd/tema1/new/results/ml_samples/N2_sw0.22_x+1_i0037.h5,2,2.200000000e-01,1,1.097489111e+00,gen_sigma,true,rise,1195
/mnt/pd/tema1/new/results/ml_samples/N2_sw0.22_x+0_i0027.h5,2,2.200000000e-01,0,1.000000000e+00,gen_sigma,true,rise,2295
/mnt/pd/tema1/new/results/ml_samples/N2_sw0.22_x+1_i0049.h5,2,2.200000000e-01,1,1.097489111e+00,gen_sigma,true,rise,1153
/mnt/pd/tema1/new/results/ml_samples/N2_sw0.22_x-1_i0041.h5,2,2.200000000e-01,-1,9.025108888e-01,gen_sigma,true,fall,104
/mnt/pd/tema1/new/results/ml_samples/N2_sw0.22_x-1_i0035.h5,2,2.200000000e-01,-1,9.025108888e-01,gen_sigma,true,fall,150
/mnt/pd/tema1/new/results/ml_samples/N2_sw0.22_x+1_i0043.h5,2,2.200000000e-01,1,1.097489111e+00,gen_sigma,true,rise,1103
/mnt/pd/tema1/new/results/ml_samples/N2_sw0.22_x-1_i0033.h5,2,2.200000000e-01,-1,9.025108888e-01,gen_sigma,true,fall,231
/mnt/pd/tema1/new/results/ml_samples/N2_sw0.22_x+1_i0035.h5,2,2.200000000e-01,1,1.097489111e+00,gen_sigma,true,rise,1455
/mnt/pd/tema1/new/results/ml_samples/N2_sw0.22_x+0_i0005.h5,2,2.200000000e-01,0,1.000000000e+00,gen_sigma,true,rise,3058
/mnt/pd/tema1/new/results/ml_samples/N2_sw0.22_x-1_i0025.h5,2,2.200000000e-01,-1,9.025108888e-01,gen_sigma,true,fall,732
/mnt/pd/tema1/new/results/ml_samples/N2_sw0.22_x+1_i0041.h5,2,2.200000000e-01,1,1.097489111e+00,gen_sigma,true,fall,1365
/mnt/pd/tema1/new/results/ml_samples/N2_sw0.22_x+1_i0023.h5,2,2.200000000e-01,1,1.097489111e+00,gen_sigma,true,rise,2255
/mnt/pd/tema1/new/results/ml_samples/N2_sw0.22_x-1_i0027.h5,2,2.200000000e-01,-1,9.025108888e-01,gen_sigma,true,fall,603
/mnt/pd/tema1/new/results/ml_samples/N2_sw0.22_x-1_i0011.h5,2,2.200000000e-01,-1,9.025108888e-01,gen_sigma,true,rise,1859
/mnt/pd/tema1/new/results/ml_samples/N2_sw0.22_x-1_i0049.h5,2,2.200000000e-01,-1,9.025108888e-01,gen_sigma,true,fall,186
/mnt/pd/tema1/new/results/ml_samples/N2_sw0.22_x+1_i0001.h5,2,2.200000000e-01,1,1.097489111e+00,gen_sigma,true,fall,2867
/mnt/pd/tema1/new/results/ml_samples/N2_sw0.22_x-1_i0017.h5,2,2.200000000e-01,-1,9.025108888e-01,gen_sigma,true,fall,1742
/mnt/pd/tema1/new/results/ml_samples/N2_sw0.30_x+0_i0011.h5,2,3.000000000e-01,0,1.000000000e+00,main,true,fall,111
/mnt/pd/tema1/new/results/ml_samples/N2_sw0.22_x-1_i0043.h5,2,2.200000000e-01,-1,9.025108888e-01,gen_sigma,true,fall,187
/mnt/pd/tema1/new/results/ml_samples/N2_sw0.22_x-1_i0047.h5,2,2.200000000e-01,-1,9.025108888e-01,gen_sigma,true,fall,342
/mnt/pd/tema1/new/results/ml_samples/N2_sw0.22_x+1_i0047.h5,2,2.200000000e-01,1,1.097489111e+00,gen_sigma,true,rise,1680
/mnt/pd/tema1/new/results/ml_samples/N2_sw0.30_x+0_i0009.h5,2,3.000000000e-01,0,1.000000000e+00,main,true,fall,254
/mnt/pd/tema1/new/results/ml_samples/N2_sw0.22_x+1_i0027.h5,2,2.200000000e-01,1,1.097489111e+00,gen_sigma,true,rise,2241
/mnt/pd/tema1/new/results/ml_samples/N2_sw0.30_x+0_i0001.h5,2,3.000000000e-01,0,1.000000000e+00,main,true,fall,464
/mnt/pd/tema1/new/results/ml_samples/N2_sw0.30_x+0_i0007.h5,2,3.000000000e-01,0,1.000000000e+00,main,true,fall,406
/mnt/pd/tema1/new/results/ml_samples/N2_sw0.22_x-1_i0009.h5,2,2.200000000e-01,-1,9.025108888e-01,gen_sigma,true,fall,1729
/mnt/pd/tema1/new/results/ml_samples/N2_sw0.30_x+0_i0021.h5,2,3.000000000e-01,0,1.000000000e+00,main,true,rise,374
/mnt/pd/tema1/new/results/ml_samples/N2_sw0.22_x-1_i0019.h5,2,2.200000000e-01,-1,9.025108888e-01,gen_sigma,true,fall,1610
/mnt/pd/tema1/new/results/ml_samples/N2_sw0.30_x+0_i0033.h5,2,3.000000000e-01,0,1.000000000e+00,main,true,fall,214
/mnt/pd/tema1/new/results/ml_samples/N2_sw0.22_x-1_i0039.h5,2,2.200000000e-01,-1,9.025108888e-01,gen_sigma,true,fall,888
/mnt/pd/tema1/new/results/ml_samples/N2_sw0.30_x+0_i0013.h5,2,3.000000000e-01,0,1.000000000e+00,main,true,fall,515
/mnt/pd/tema1/new/results/ml_samples/N2_sw0.30_x+0_i0035.h5,2,3.000000000e-01,0,1.000000000e+00,main,true,fall,200
/mnt/pd/tema1/new/results/ml_samples/N2_sw0.30_x+0_i0017.h5,2,3.000000000e-01,0,1.000000000e+00,main,true,fall,598
/mnt/pd/tema1/new/results/ml_samples/N2_sw0.22_x-1_i0037.h5,2,2.200000000e-01,-1,9.025108888e-01,gen_sigma,true,fall,1231
/mnt/pd/tema1/new/results/ml_samples/N2_sw0.30_x+0_i0031.h5,2,3.000000000e-01,0,1.000000000e+00,main,true,fall,250
/mnt/pd/tema1/new/results/ml_samples/N2_sw0.30_x+0_i0039.h5,2,3.000000000e-01,0,1.000000000e+00,main,true,fall,247
/mnt/pd/tema1/new/results/ml_samples/N2_sw0.30_x+0_i0005.h5,2,3.000000000e-01,0,1.000000000e+00,main,true,rise,884
/mnt/pd/tema1/new/results/ml_samples/N2_sw0.30_x+0_i0019.h5,2,3.000000000e-01,0,1.000000000e+00,main,true,fall,733
/mnt/pd/tema1/new/results/ml_samples/N2_sw0.22_x+1_i0033.h5,2,2.200000000e-01,1,1.097489111e+00,gen_sigma,true,rise,2801
/mnt/pd/tema1/new/results/ml_samples/N2_sw0.30_x+0_i0047.h5,2,3.000000000e-01,0,1.000000000e+00,main,true,fall,209
/mnt/pd/tema1/new/results/ml_samples/N2_sw0.30_x+0_i0025.h5,2,3.000000000e-01,0,1.000000000e+00,main,true,fall,708
/mnt/pd/tema1/new/results/ml_samples/N2_sw0.30_x+0_i0059.h5,2,3.000000000e-01,0,1.000000000e+00,main,true,fall,62
/mnt/pd/tema1/new/results/ml_samples/N2_sw0.30_x+0_i0053.h5,2,3.000000000e-01,0,1.000000000e+00,main,true,fall,231
/mnt/pd/tema1/new/results/ml_samples/N2_sw0.30_x+0_i0015.h5,2,3.000000000e-01,0,1.000000000e+00,main,true,rise,1406
/mnt/pd/tema1/new/results/ml_samples/N2_sw0.30_x+0_i0057.h5,2,3.000000000e-01,0,1.000000000e+00,main,true,fall,211
/mnt/pd/tema1/new/results/ml_samples/N2_sw0.30_x+0_i0003.h5,2,3.000000000e-01,0,1.000000000e+00,main,true,rise,973
/mnt/pd/tema1/new/results/ml_samples/N2_sw0.22_x-1_i0031.h5,2,2.200000000e-01,-1,9.025108888e-01,gen_sigma,true,fall,1633
/mnt/pd/tema1/new/results/ml_samples/N2_sw0.30_x+0_i0041.h5,2,3.000000000e-01,0,1.000000000e+00,main,true,rise,1029
/mnt/pd/tema1/new/results/ml_samples/N2_sw0.30_x+0_i0043.h5,2,3.000000000e-01,0,1.000000000e+00,main,true,rise,480
/mnt/pd/tema1/new/results/ml_samples/N2_sw0.30_x+0_i0075.h5,2,3.000000000e-01,0,1.000000000e+00,main,true,fall,179
/mnt/pd/tema1/new/results/ml_samples/N2_sw0.30_x+0_i0063.h5,2,3.000000000e-01,0,1.000000000e+00,main,true,fall,434
/mnt/pd/tema1/new/results/ml_samples/N2_sw0.30_x+0_i0061.h5,2,3.000000000e-01,0,1.000000000e+00,main,true,rise,392
/mnt/pd/tema1/new/results/ml_samples/N2_sw0.22_x-1_i0023.h5,2,2.200000000e-01,-1,9.025108888e-01,gen_sigma,true,rise,2014
/mnt/pd/tema1/new/results/ml_samples/N2_sw0.30_x+0_i0023.h5,2,3.000000000e-01,0,1.000000000e+00,main,true,rise,1329
/mnt/pd/tema1/new/results/ml_samples/N2_sw0.30_x+0_i0055.h5,2,3.000000000e-01,0,1.000000000e+00,main,true,fall,760
/mnt/pd/tema1/new/results/ml_samples/N2_sw0.22_x-1_i0029.h5,2,2.200000000e-01,-1,9.025108888e-01,gen_sigma,true,fall,1994
/mnt/pd/tema1/new/results/ml_samples/N2_sw0.30_x+0_i0067.h5,2,3.000000000e-01,0,1.000000000e+00,main,true,fall,428
/mnt/pd/tema1/new/results/ml_samples/N2_sw0.30_x+0_i0089.h5,2,3.000000000e-01,0,1.000000000e+00,main,true,fall,190
/mnt/pd/tema1/new/results/ml_samples/N2_sw0.30_x+0_i0037.h5,2,3.000000000e-01,0,1.000000000e+00,main,true,fall,1415
/mnt/pd/tema1/new/results/ml_samples/N2_sw0.30_x+0_i0073.h5,2,3.000000000e-01,0,1.000000000e+00,main,true,fall,661
/mnt/pd/tema1/new/results/ml_samples/N2_sw0.30_x+0_i0091.h5,2,3.000000000e-01,0,1.000000000e+00,main,true,fall,383
/mnt/pd/tema1/new/results/ml_samples/N2_sw0.30_x+0_i0051.h5,2,3.000000000e-01,0,1.000000000e+00,main,true,fall,1152
/mnt/pd/tema1/new/results/ml_samples/N2_sw0.22_x+1_i0039.h5,2,2.200000000e-01,1,1.097489111e+00,gen_sigma,true,rise,3449
/mnt/pd/tema1/new/results/ml_samples/N2_sw0.30_x+0_i0065.h5,2,3.000000000e-01,0,1.000000000e+00,main,true,rise,1135
/mnt/pd/tema1/new/results/ml_samples/N2_sw0.22_x-1_i0013.h5,2,2.200000000e-01,-1,9.025108888e-01,gen_sigma,true,fall,3042
/mnt/pd/tema1/new/results/ml_samples/N2_sw0.30_x+0_i0081.h5,2,3.000000000e-01,0,1.000000000e+00,main,true,fall,786
/mnt/pd/tema1/new/results/ml_samples/N2_sw0.30_x+0_i0071.h5,2,3.000000000e-01,0,1.000000000e+00,main,true,rise,1083
/mnt/pd/tema1/new/results/ml_samples/N2_sw0.30_x+0_i0027.h5,2,3.000000000e-01,0,1.000000000e+00,main,true,fall,1805
/mnt/pd/tema1/new/results/ml_samples/N2_sw0.22_x-1_i0015.h5,2,2.200000000e-01,-1,9.025108888e-01,gen_sigma,true,fall,3037
/mnt/pd/tema1/new/results/ml_samples/N2_sw0.30_x+0_i0079.h5,2,3.000000000e-01,0,1.000000000e+00,main,true,rise,1150
/mnt/pd/tema1/new/results/ml_samples/N2_sw0.30_x+0_i0095.h5,2,3.000000000e-01,0,1.000000000e+00,main,true,fall,555
/mnt/pd/tema1/new/results/ml_samples/N2_sw0.22_x-1_i0045.h5,2,2.200000000e-01,-1,9.025108888e-01,gen_sigma,true,fall,2719
/mnt/pd/tema1/new/results/ml_samples/N2_sw0.30_x+0_i0107.h5,2,3.000000000e-01,0,1.000000000e+00,main,true,rise,535
/mnt/pd/tema1/new/results/ml_samples/N2_sw0.30_x+0_i0087.h5,2,3.000000000e-01,0,1.000000000e+00,main,true,fall,1744
/mnt/pd/tema1/new/results/ml_samples/N2_sw0.30_x+0_i0123.h5,2,3.000000000e-01,0,1.000000000e+00,main,true,fall,237
/mnt/pd/tema1/new/results/ml_samples/N2_sw0.30_x+0_i0109.h5,2,3.000000000e-01,0,1.000000000e+00,main,true,fall,667
/mnt/pd/tema1/new/results/ml_samples/N2_sw0.30_x+0_i0077.h5,2,3.000000000e-01,0,1.000000000e+00,main,true,rise,1559
/mnt/pd/tema1/new/results/ml_samples/N2_sw0.30_x+0_i0097.h5,2,3.000000000e-01,0,1.000000000e+00,main,true,rise,886
/mnt/pd/tema1/new/results/ml_samples/N2_sw0.30_x+0_i0135.h5,2,3.000000000e-01,0,1.000000000e+00,main,true,fall,267
/mnt/pd/tema1/new/results/ml_samples/N2_sw0.30_x+0_i0093.h5,2,3.000000000e-01,0,1.000000000e+00,main,true,fall,1093
/mnt/pd/tema1/new/results/ml_samples/N2_sw0.30_x+0_i0099.h5,2,3.000000000e-01,0,1.000000000e+00,main,true,fall,1002
/mnt/pd/tema1/new/results/ml_samples/N2_sw0.30_x+0_i0103.h5,2,3.000000000e-01,0,1.000000000e+00,main,true,fall,937
/mnt/pd/tema1/new/results/ml_samples/N2_sw0.30_x+0_i0069.h5,2,3.000000000e-01,0,1.000000000e+00,main,true,rise,1734
/mnt/pd/tema1/new/results/ml_samples/N2_sw0.30_x+0_i0133.h5,2,3.000000000e-01,0,1.000000000e+00,main,true,fall,236
/mnt/pd/tema1/new/results/ml_samples/N2_sw0.22_x+0_i0009.h5,2,2.200000000e-01,0,1.000000000e+00,gen_sigma,true,timeout,6001
/mnt/pd/tema1/new/results/ml_samples/N2_sw0.30_x+0_i0115.h5,2,3.000000000e-01,0,1.000000000e+00,main,true,rise,854
/mnt/pd/tema1/new/results/ml_samples/N2_sw0.30_x+0_i0145.h5,2,3.000000000e-01,0,1.000000000e+00,main,true,fall,318
/mnt/pd/tema1/new/results/ml_samples/N2_sw0.30_x+0_i0127.h5,2,3.000000000e-01,0,1.000000000e+00,main,true,fall,452
/mnt/pd/tema1/new/results/ml_samples/N2_sw0.30_x+0_i0139.h5,2,3.000000000e-01,0,1.000000000e+00,main,true,fall,204
/mnt/pd/tema1/new/results/ml_samples/N2_sw0.30_x+0_i0125.h5,2,3.000000000e-01,0,1.000000000e+00,main,true,rise,741
/mnt/pd/tema1/new/results/ml_samples/N2_sw0.30_x+0_i0121.h5,2,3.000000000e-01,0,1.000000000e+00,main,true,fall,690
/mnt/pd/tema1/new/results/ml_samples/N2_sw0.30_x+0_i0083.h5,2,3.000000000e-01,0,1.000000000e+00,main,true,rise,2724
/mnt/pd/tema1/new/results/ml_samples/N2_sw0.30_x+0_i0119.h5,2,3.000000000e-01,0,1.000000000e+00,main,true,fall,879
/mnt/pd/tema1/new/results/ml_samples/N2_sw0.30_x+0_i0159.h5,2,3.000000000e-01,0,1.000000000e+00,main,true,fall,136
/mnt/pd/tema1/new/results/ml_samples/N2_sw0.30_x+0_i0157.h5,2,3.000000000e-01,0,1.000000000e+00,main,true,fall,309
/mnt/pd/tema1/new/results/ml_samples/N2_sw0.30_x+0_i0163.h5,2,3.000000000e-01,0,1.000000000e+00,main,true,fall,164
/mnt/pd/tema1/new/results/ml_samples/N2_sw0.30_x+0_i0045.h5,2,3.000000000e-01,0,1.000000000e+00,main,true,fall,2707
/mnt/pd/tema1/new/results/ml_samples/N2_sw0.30_x+0_i0129.h5,2,3.000000000e-01,0,1.000000000e+00,main,true,rise,715
/mnt/pd/tema1/new/results/ml_samples/N2_sw0.30_x+0_i0085.h5,2,3.000000000e-01,0,1.000000000e+00,main,true,fall,2014
/mnt/pd/tema1/new/results/ml_samples/N2_sw0.30_x+0_i0137.h5,2,3.000000000e-01,0,1.000000000e+00,main,true,fall,811
/mnt/pd/tema1/new/results/ml_samples/N2_sw0.30_x+0_i0165.h5,2,3.000000000e-01,0,1.000000000e+00,main,true,fall,188
/mnt/pd/tema1/new/results/ml_samples/N2_sw0.30_x+0_i0167.h5,2,3.000000000e-01,0,1.000000000e+00,main,true,fall,333
/mnt/pd/tema1/new/results/ml_samples/N2_sw0.30_x+0_i0147.h5,2,3.000000000e-01,0,1.000000000e+00,main,true,fall,598
/mnt/pd/tema1/new/results/ml_samples/N2_sw0.30_x+0_i0171.h5,2,3.000000000e-01,0,1.000000000e+00,main,true,fall,374
/mnt/pd/tema1/new/results/ml_samples/N2_sw0.30_x+0_i0179.h5,2,3.000000000e-01,0,1.000000000e+00,main,true,fall,111
/mnt/pd/tema1/new/results/ml_samples/N2_sw0.30_x+0_i0155.h5,2,3.000000000e-01,0,1.000000000e+00,main,true,fall,427
/mnt/pd/tema1/new/results/ml_samples/N2_sw0.30_x+0_i0181.h5,2,3.000000000e-01,0,1.000000000e+00,main,true,fall,115
/mnt/pd/tema1/new/results/ml_samples/N2_sw0.30_x+0_i0111.h5,2,3.000000000e-01,0,1.000000000e+00,main,true,fall,1484
/mnt/pd/tema1/new/results/ml_samples/N2_sw0.30_x+0_i0105.h5,2,3.000000000e-01,0,1.000000000e+00,main,true,fall,1926
/mnt/pd/tema1/new/results/ml_samples/N2_sw0.30_x+0_i0187.h5,2,3.000000000e-01,0,1.000000000e+00,main,true,fall,100
/mnt/pd/tema1/new/results/ml_samples/N2_sw0.30_x+0_i0143.h5,2,3.000000000e-01,0,1.000000000e+00,main,true,fall,981
/mnt/pd/tema1/new/results/ml_samples/N2_sw0.30_x+0_i0175.h5,2,3.000000000e-01,0,1.000000000e+00,main,true,rise,407
/mnt/pd/tema1/new/results/ml_samples/N2_sw0.30_x+0_i0049.h5,2,3.000000000e-01,0,1.000000000e+00,main,true,rise,3001
/mnt/pd/tema1/new/results/ml_samples/N2_sw0.30_x+0_i0173.h5,2,3.000000000e-01,0,1.000000000e+00,main,true,rise,480
/mnt/pd/tema1/new/results/ml_samples/N2_sw0.30_x+0_i0161.h5,2,3.000000000e-01,0,1.000000000e+00,main,true,fall,1207
/mnt/pd/tema1/new/results/ml_samples/N2_sw0.30_x+0_i0101.h5,2,3.000000000e-01,0,1.000000000e+00,main,true,fall,2191
/mnt/pd/tema1/new/results/ml_samples/N2_sw0.30_x+0_i0149.h5,2,3.000000000e-01,0,1.000000000e+00,main,true,fall,737
/mnt/pd/tema1/new/results/ml_samples/N2_sw0.30_x+0_i0195.h5,2,3.000000000e-01,0,1.000000000e+00,main,true,fall,573
/mnt/pd/tema1/new/results/ml_samples/N2_sw0.30_x+1_i0001.h5,2,3.000000000e-01,1,1.132939697e+00,main,true,rise,322
/mnt/pd/tema1/new/results/ml_samples/N2_sw0.30_x+0_i0191.h5,2,3.000000000e-01,0,1.000000000e+00,main,true,fall,315
/mnt/pd/tema1/new/results/ml_samples/N2_sw0.30_x+0_i0183.h5,2,3.000000000e-01,0,1.000000000e+00,main,true,fall,632
/mnt/pd/tema1/new/results/ml_samples/N2_sw0.30_x+0_i0199.h5,2,3.000000000e-01,0,1.000000000e+00,main,true,fall,375
/mnt/pd/tema1/new/results/ml_samples/N2_sw0.30_x+0_i0197.h5,2,3.000000000e-01,0,1.000000000e+00,main,true,rise,381
/mnt/pd/tema1/new/results/ml_samples/N2_sw0.30_x+0_i0169.h5,2,3.000000000e-01,0,1.000000000e+00,main,true,rise,969
/mnt/pd/tema1/new/results/ml_samples/N2_sw0.30_x+1_i0015.h5,2,3.000000000e-01,1,1.132939697e+00,main,true,fall,246
/mnt/pd/tema1/new/results/ml_samples/N2_sw0.30_x+1_i0013.h5,2,3.000000000e-01,1,1.132939697e+00,main,true,fall,338
/mnt/pd/tema1/new/results/ml_samples/N2_sw0.30_x+0_i0177.h5,2,3.000000000e-01,0,1.000000000e+00,main,true,rise,908
/mnt/pd/tema1/new/results/ml_samples/N2_sw0.30_x+0_i0193.h5,2,3.000000000e-01,0,1.000000000e+00,main,true,fall,680
/mnt/pd/tema1/new/results/ml_samples/N2_sw0.30_x+1_i0021.h5,2,3.000000000e-01,1,1.132939697e+00,main,true,rise,334
/mnt/pd/tema1/new/results/ml_samples/N2_sw0.30_x+1_i0023.h5,2,3.000000000e-01,1,1.132939697e+00,main,true,rise,511
/mnt/pd/tema1/new/results/ml_samples/N2_sw0.30_x+1_i0007.h5,2,3.000000000e-01,1,1.132939697e+00,main,true,rise,586
/mnt/pd/tema1/new/results/ml_samples/N2_sw0.30_x+1_i0005.h5,2,3.000000000e-01,1,1.132939697e+00,main,true,fall,465
/mnt/pd/tema1/new/results/ml_samples/N2_sw0.30_x+1_i0037.h5,2,3.000000000e-01,1,1.132939697e+00,main,true,fall,197
/mnt/pd/tema1/new/results/ml_samples/N2_sw0.30_x+0_i0029.h5,2,3.000000000e-01,0,1.000000000e+00,main,true,rise,4297
/mnt/pd/tema1/new/results/ml_samples/N2_sw0.30_x+0_i0141.h5,2,3.000000000e-01,0,1.000000000e+00,main,true,fall,1798
/mnt/pd/tema1/new/results/ml_samples/N2_sw0.30_x+1_i0047.h5,2,3.000000000e-01,1,1.132939697e+00,main,true,fall,208
/mnt/pd/tema1/new/results/ml_samples/N2_sw0.30_x+1_i0009.h5,2,3.000000000e-01,1,1.132939697e+00,main,true,fall,839
/mnt/pd/tema1/new/results/ml_samples/N2_sw0.30_x+1_i0025.h5,2,3.000000000e-01,1,1.132939697e+00,main,true,rise,408
/mnt/pd/tema1/new/results/ml_samples/N2_sw0.30_x+1_i0033.h5,2,3.000000000e-01,1,1.132939697e+00,main,true,rise,548
/mnt/pd/tema1/new/results/ml_samples/N2_sw0.30_x+0_i0131.h5,2,3.000000000e-01,0,1.000000000e+00,main,true,rise,2266
/mnt/pd/tema1/new/results/ml_samples/N2_sw0.30_x+1_i0051.h5,2,3.000000000e-01,1,1.132939697e+00,main,true,fall,190
/mnt/pd/tema1/new/results/ml_samples/N2_sw0.30_x+1_i0041.h5,2,3.000000000e-01,1,1.132939697e+00,main,true,rise,294
/mnt/pd/tema1/new/results/ml_samples/N2_sw0.30_x+1_i0003.h5,2,3.000000000e-01,1,1.132939697e+00,main,true,rise,1080
/mnt/pd/tema1/new/results/ml_samples/N2_sw0.30_x+1_i0055.h5,2,3.000000000e-01,1,1.132939697e+00,main,true,fall,242
/mnt/pd/tema1/new/results/ml_samples/N2_sw0.30_x+0_i0151.h5,2,3.000000000e-01,0,1.000000000e+00,main,true,fall,1756
/mnt/pd/tema1/new/results/ml_samples/N2_sw0.30_x+1_i0049.h5,2,3.000000000e-01,1,1.132939697e+00,main,true,rise,281
/mnt/pd/tema1/new/results/ml_samples/N2_sw0.30_x+0_i0189.h5,2,3.000000000e-01,0,1.000000000e+00,main,true,fall,1484
/mnt/pd/tema1/new/results/ml_samples/N2_sw0.30_x+1_i0045.h5,2,3.000000000e-01,1,1.132939697e+00,main,true,rise,504
/mnt/pd/tema1/new/results/ml_samples/N2_sw0.30_x+1_i0029.h5,2,3.000000000e-01,1,1.132939697e+00,main,true,rise,809
/mnt/pd/tema1/new/results/ml_samples/N2_sw0.30_x+1_i0019.h5,2,3.000000000e-01,1,1.132939697e+00,main,true,rise,1097
/mnt/pd/tema1/new/results/ml_samples/N2_sw0.30_x+1_i0039.h5,2,3.000000000e-01,1,1.132939697e+00,main,true,rise,650
/mnt/pd/tema1/new/results/ml_samples/N2_sw0.30_x+1_i0011.h5,2,3.000000000e-01,1,1.132939697e+00,main,true,rise,1021
/mnt/pd/tema1/new/results/ml_samples/N2_sw0.30_x+1_i0067.h5,2,3.000000000e-01,1,1.132939697e+00,main,true,fall,206
/mnt/pd/tema1/new/results/ml_samples/N2_sw0.30_x+1_i0053.h5,2,3.000000000e-01,1,1.132939697e+00,main,true,rise,624
/mnt/pd/tema1/new/results/ml_samples/N2_sw0.30_x+0_i0117.h5,2,3.000000000e-01,0,1.000000000e+00,main,true,rise,3212
/mnt/pd/tema1/new/results/ml_samples/N2_sw0.30_x+1_i0059.h5,2,3.000000000e-01,1,1.132939697e+00,main,true,rise,881
/mnt/pd/tema1/new/results/ml_samples/N2_sw0.30_x+1_i0089.h5,2,3.000000000e-01,1,1.132939697e+00,main,true,fall,332
/mnt/pd/tema1/new/results/ml_samples/N2_sw0.30_x+1_i0027.h5,2,3.000000000e-01,1,1.132939697e+00,main,true,rise,1205
/mnt/pd/tema1/new/results/ml_samples/N2_sw0.30_x+1_i0073.h5,2,3.000000000e-01,1,1.132939697e+00,main,true,fall,468
/mnt/pd/tema1/new/results/ml_samples/N2_sw0.30_x+0_i0113.h5,2,3.000000000e-01,0,1.000000000e+00,main,true,rise,3509
/mnt/pd/tema1/new/results/ml_samples/N2_sw0.30_x+1_i0069.h5,2,3.000000000e-01,1,1.132939697e+00,main,true,fall,615
/mnt/pd/tema1/new/results/ml_samples/N2_sw0.30_x+1_i0043.h5,2,3.000000000e-01,1,1.132939697e+00,main,true,rise,1131
/mnt/pd/tema1/new/results/ml_samples/N2_sw0.30_x+1_i0091.h5,2,3.000000000e-01,1,1.132939697e+00,main,true,rise,496
/mnt/pd/tema1/new/results/ml_samples/N2_sw0.30_x+1_i0057.h5,2,3.000000000e-01,1,1.132939697e+00,main,true,rise,980
/mnt/pd/tema1/new/results/ml_samples/N2_sw0.30_x+1_i0083.h5,2,3.000000000e-01,1,1.132939697e+00,main,true,rise,584
/mnt/pd/tema1/new/results/ml_samples/N2_sw0.30_x+1_i0093.h5,2,3.000000000e-01,1,1.132939697e+00,main,true,rise,438
/mnt/pd/tema1/new/results/ml_samples/N2_sw0.30_x+1_i0065.h5,2,3.000000000e-01,1,1.132939697e+00,main,true,rise,789
/mnt/pd/tema1/new/results/ml_samples/N2_sw0.30_x+1_i0077.h5,2,3.000000000e-01,1,1.132939697e+00,main,true,fall,795
/mnt/pd/tema1/new/results/ml_samples/N2_sw0.30_x+1_i0087.h5,2,3.000000000e-01,1,1.132939697e+00,main,true,rise,734
/mnt/pd/tema1/new/results/ml_samples/N2_sw0.30_x+1_i0035.h5,2,3.000000000e-01,1,1.132939697e+00,main,true,rise,1477
/mnt/pd/tema1/new/results/ml_samples/N2_sw0.30_x+1_i0099.h5,2,3.000000000e-01,1,1.132939697e+00,main,true,rise,639
/mnt/pd/tema1/new/results/ml_samples/N2_sw0.30_x+0_i0185.h5,2,3.000000000e-01,0,1.000000000e+00,main,true,fall,2356
/mnt/pd/tema1/new/results/ml_samples/N2_sw0.30_x+1_i0061.h5,2,3.000000000e-01,1,1.132939697e+00,main,true,rise,661
/mnt/pd/tema1/new/results/ml_samples/N2_sw0.30_x+1_i0079.h5,2,3.000000000e-01,1,1.132939697e+00,main,true,rise,716
/mnt/pd/tema1/new/results/ml_samples/N2_sw0.30_x+1_i0097.h5,2,3.000000000e-01,1,1.132939697e+00,main,true,rise,512
/mnt/pd/tema1/new/results/ml_samples/N2_sw0.30_x+1_i0075.h5,2,3.000000000e-01,1,1.132939697e+00,main,true,rise,798
/mnt/pd/tema1/new/results/ml_samples/N2_sw0.30_x+1_i0103.h5,2,3.000000000e-01,1,1.132939697e+00,main,true,rise,641
/mnt/pd/tema1/new/results/ml_samples/N2_sw0.30_x+1_i0107.h5,2,3.000000000e-01,1,1.132939697e+00,main,true,rise,503
/mnt/pd/tema1/new/results/ml_samples/N2_sw0.30_x+1_i0063.h5,2,3.000000000e-01,1,1.132939697e+00,main,true,rise,1173
/mnt/pd/tema1/new/results/ml_samples/N2_sw0.30_x+1_i0113.h5,2,3.000000000e-01,1,1.132939697e+00,main,true,rise,369
/mnt/pd/tema1/new/results/ml_samples/N2_sw0.30_x+1_i0071.h5,2,3.000000000e-01,1,1.132939697e+00,main,true,rise,1186
/mnt/pd/tema1/new/results/ml_samples/N2_sw0.30_x+1_i0131.h5,2,3.000000000e-01,1,1.132939697e+00,main,true,rise,304
/mnt/pd/tema1/new/results/ml_samples/N2_sw0.30_x+1_i0105.h5,2,3.000000000e-01,1,1.132939697e+00,main,true,rise,722
/mnt/pd/tema1/new/results/ml_samples/N2_sw0.30_x+1_i0109.h5,2,3.000000000e-01,1,1.132939697e+00,main,true,fall,585
/mnt/pd/tema1/new/results/ml_samples/N2_sw0.30_x+1_i0081.h5,2,3.000000000e-01,1,1.132939697e+00,main,true,rise,1163
/mnt/pd/tema1/new/results/ml_samples/N2_sw0.30_x+1_i0101.h5,2,3.000000000e-01,1,1.132939697e+00,main,true,rise,579
/mnt/pd/tema1/new/results/ml_samples/N2_sw0.30_x+1_i0141.h5,2,3.000000000e-01,1,1.132939697e+00,main,true,fall,129
/mnt/pd/tema1/new/results/ml_samples/N2_sw0.30_x+1_i0115.h5,2,3.000000000e-01,1,1.132939697e+00,main,true,fall,575
/mnt/pd/tema1/new/results/ml_samples/N2_sw0.30_x+1_i0095.h5,2,3.000000000e-01,1,1.132939697e+00,main,true,fall,907
/mnt/pd/tema1/new/results/ml_samples/N2_sw0.30_x+1_i0125.h5,2,3.000000000e-01,1,1.132939697e+00,main,true,rise,382
/mnt/pd/tema1/new/results/ml_samples/N2_sw0.30_x+1_i0031.h5,2,3.000000000e-01,1,1.132939697e+00,main,true,rise,2085
/mnt/pd/tema1/new/results/ml_samples/N2_sw0.30_x+1_i0017.h5,2,3.000000000e-01,1,1.132939697e+00,main,true,fall,3680
/mnt/pd/tema1/new/results/ml_samples/N2_sw0.30_x+1_i0129.h5,2,3.000000000e-01,1,1.132939697e+00,main,true,fall,759
/mnt/pd/tema1/new/results/ml_samples/N2_sw0.30_x+1_i0133.h5,2,3.000000000e-01,1,1.132939697e+00,main,true,rise,607
/mnt/pd/tema1/new/results/ml_samples/N2_sw0.30_x+1_i0139.h5,2,3.000000000e-01,1,1.132939697e+00,main,true,fall,357
/mnt/pd/tema1/new/results/ml_samples/N2_sw0.30_x+1_i0161.h5,2,3.000000000e-01,1,1.132939697e+00,main,true,fall,128
/mnt/pd/tema1/new/results/ml_samples/N2_sw0.30_x+1_i0119.h5,2,3.000000000e-01,1,1.132939697e+00,main,true,rise,784
/mnt/pd/tema1/new/results/ml_samples/N2_sw0.30_x+1_i0117.h5,2,3.000000000e-01,1,1.132939697e+00,main,true,rise,881
/mnt/pd/tema1/new/results/ml_samples/N2_sw0.30_x+1_i0149.h5,2,3.000000000e-01,1,1.132939697e+00,main,true,rise,430
/mnt/pd/tema1/new/results/ml_samples/N2_sw0.30_x+1_i0171.h5,2,3.000000000e-01,1,1.132939697e+00,main,true,rise,376
/mnt/pd/tema1/new/results/ml_samples/N2_sw0.30_x+1_i0135.h5,2,3.000000000e-01,1,1.132939697e+00,main,true,rise,790
/mnt/pd/tema1/new/results/ml_samples/N2_sw0.30_x+1_i0111.h5,2,3.000000000e-01,1,1.132939697e+00,main,true,rise,1119
/mnt/pd/tema1/new/results/ml_samples/N2_sw0.30_x+1_i0123.h5,2,3.000000000e-01,1,1.132939697e+00,main,true,rise,915
/mnt/pd/tema1/new/results/ml_samples/N2_sw0.30_x+1_i0137.h5,2,3.000000000e-01,1,1.132939697e+00,main,true,rise,733
/mnt/pd/tema1/new/results/ml_samples/N2_sw0.30_x+1_i0169.h5,2,3.000000000e-01,1,1.132939697e+00,main,true,fall,289
/mnt/pd/tema1/new/results/ml_samples/N2_sw0.30_x+1_i0177.h5,2,3.000000000e-01,1,1.132939697e+00,main,true,fall,144
/mnt/pd/tema1/new/results/ml_samples/N2_sw0.30_x+1_i0155.h5,2,3.000000000e-01,1,1.132939697e+00,main,true,rise,425
/mnt/pd/tema1/new/results/ml_samples/N2_sw0.30_x+1_i0165.h5,2,3.000000000e-01,1,1.132939697e+00,main,true,rise,443
/mnt/pd/tema1/new/results/ml_samples/N2_sw0.30_x+1_i0167.h5,2,3.000000000e-01,1,1.132939697e+00,main,true,rise,377
/mnt/pd/tema1/new/results/ml_samples/N2_sw0.30_x+1_i0147.h5,2,3.000000000e-01,1,1.132939697e+00,main,true,rise,885
/mnt/pd/tema1/new/results/ml_samples/N2_sw0.30_x+1_i0175.h5,2,3.000000000e-01,1,1.132939697e+00,main,true,fall,416
/mnt/pd/tema1/new/results/ml_samples/N2_sw0.30_x+0_i0153.h5,2,3.000000000e-01,0,1.000000000e+00,main,true,fall,4115
/mnt/pd/tema1/new/results/ml_samples/N2_sw0.30_x+1_i0179.h5,2,3.000000000e-01,1,1.132939697e+00,main,true,rise,541
/mnt/pd/tema1/new/results/ml_samples/N2_sw0.30_x+1_i0197.h5,2,3.000000000e-01,1,1.132939697e+00,main,true,rise,370
/mnt/pd/tema1/new/results/ml_samples/N2_sw0.30_x+2_i0001.h5,2,3.000000000e-01,2,1.265879394e+00,main,true,rise,335
/mnt/pd/tema1/new/results/ml_samples/N2_sw0.30_x+1_i0157.h5,2,3.000000000e-01,1,1.132939697e+00,main,true,rise,939
/mnt/pd/tema1/new/results/ml_samples/N2_sw0.30_x+1_i0187.h5,2,3.000000000e-01,1,1.132939697e+00,main,true,fall,730
/mnt/pd/tema1/new/results/ml_samples/N2_sw0.30_x+1_i0153.h5,2,3.000000000e-01,1,1.132939697e+00,main,true,rise,868
/mnt/pd/tema1/new/results/ml_samples/N2_sw0.30_x+1_i0173.h5,2,3.000000000e-01,1,1.132939697e+00,main,true,rise,1161
/mnt/pd/tema1/new/results/ml_samples/N2_sw0.30_x+1_i0193.h5,2,3.000000000e-01,1,1.132939697e+00,main,true,rise,415
/mnt/pd/tema1/new/results/ml_samples/N2_sw0.30_x+1_i0191.h5,2,3.000000000e-01,1,1.132939697e+00,main,true,fall,276
/mnt/pd/tema1/new/results/ml_samples/N2_sw0.30_x+1_i0085.h5,2,3.000000000e-01,1,1.132939697e+00,main,true,rise,2414
/mnt/pd/tema1/new/results/ml_samples/N2_sw0.30_x+2_i0009.h5,2,3.000000000e-01,2,1.265879394e+00,main,true,rise,239
/mnt/pd/tema1/new/results/ml_samples/N2_sw0.30_x+1_i0195.h5,2,3.000000000e-01,1,1.132939697e+00,main,true,fall,482
/mnt/pd/tema1/new/results/ml_samples/N2_sw0.30_x+1_i0145.h5,2,3.000000000e-01,1,1.132939697e+00,main,true,rise,1145
/mnt/pd/tema1/new/results/ml_samples/N2_sw0.30_x+1_i0181.h5,2,3.000000000e-01,1,1.132939697e+00,main,true,rise,595
/mnt/pd/tema1/new/results/ml_samples/N2_sw0.30_x+1_i0199.h5,2,3.000000000e-01,1,1.132939697e+00,main,true,rise,659
/mnt/pd/tema1/new/results/ml_samples/N2_sw0.30_x+1_i0163.h5,2,3.000000000e-01,1,1.132939697e+00,main,true,rise,914
/mnt/pd/tema1/new/results/ml_samples/N2_sw0.30_x+1_i0183.h5,2,3.000000000e-01,1,1.132939697e+00,main,true,rise,767
/mnt/pd/tema1/new/results/ml_samples/N2_sw0.30_x+2_i0021.h5,2,3.000000000e-01,2,1.265879394e+00,main,true,rise,309
/mnt/pd/tema1/new/results/ml_samples/N2_sw0.30_x+2_i0019.h5,2,3.000000000e-01,2,1.265879394e+00,main,true,rise,218
/mnt/pd/tema1/new/results/ml_samples/N2_sw0.30_x+1_i0127.h5,2,3.000000000e-01,1,1.132939697e+00,main,true,rise,1859
/mnt/pd/tema1/new/results/ml_samples/N2_sw0.30_x+2_i0011.h5,2,3.000000000e-01,2,1.265879394e+00,main,true,rise,458
/mnt/pd/tema1/new/results/ml_samples/N2_sw0.30_x+1_i0121.h5,2,3.000000000e-01,1,1.132939697e+00,main,true,rise,1596
/mnt/pd/tema1/new/results/ml_samples/N2_sw0.30_x+2_i0025.h5,2,3.000000000e-01,2,1.265879394e+00,main,true,rise,411
/mnt/pd/tema1/new/results/ml_samples/N2_sw0.30_x+2_i0031.h5,2,3.000000000e-01,2,1.265879394e+00,main,true,rise,292
/mnt/pd/tema1/new/results/ml_samples/N2_sw0.30_x+2_i0005.h5,2,3.000000000e-01,2,1.265879394e+00,main,true,rise,763
/mnt/pd/tema1/new/results/ml_samples/N2_sw0.30_x+1_i0151.h5,2,3.000000000e-01,1,1.132939697e+00,main,true,rise,1453
/mnt/pd/tema1/new/results/ml_samples/N2_sw0.30_x+2_i0047.h5,2,3.000000000e-01,2,1.265879394e+00,main,true,rise,310
/mnt/pd/tema1/new/results/ml_samples/N2_sw0.30_x+2_i0023.h5,2,3.000000000e-01,2,1.265879394e+00,main,true,rise,409
/mnt/pd/tema1/new/results/ml_samples/N2_sw0.30_x+2_i0033.h5,2,3.000000000e-01,2,1.265879394e+00,main,true,rise,369
/mnt/pd/tema1/new/results/ml_samples/N2_sw0.30_x+2_i0017.h5,2,3.000000000e-01,2,1.265879394e+00,main,true,rise,347
/mnt/pd/tema1/new/results/ml_samples/N2_sw0.30_x+2_i0041.h5,2,3.000000000e-01,2,1.265879394e+00,main,true,fall,229
/mnt/pd/tema1/new/results/ml_samples/N2_sw0.30_x+2_i0029.h5,2,3.000000000e-01,2,1.265879394e+00,main,true,fall,469
/mnt/pd/tema1/new/results/ml_samples/N2_sw0.30_x+2_i0007.h5,2,3.000000000e-01,2,1.265879394e+00,main,true,rise,819
/mnt/pd/tema1/new/results/ml_samples/N2_sw0.30_x+2_i0027.h5,2,3.000000000e-01,2,1.265879394e+00,main,true,rise,576
/mnt/pd/tema1/new/results/ml_samples/N2_sw0.30_x+1_i0185.h5,2,3.000000000e-01,1,1.132939697e+00,main,true,rise,1166
/mnt/pd/tema1/new/results/ml_samples/N2_sw0.30_x+2_i0057.h5,2,3.000000000e-01,2,1.265879394e+00,main,true,rise,456
/mnt/pd/tema1/new/results/ml_samples/N2_sw0.30_x+2_i0037.h5,2,3.000000000e-01,2,1.265879394e+00,main,true,rise,466
/mnt/pd/tema1/new/results/ml_samples/N2_sw0.30_x+2_i0059.h5,2,3.000000000e-01,2,1.265879394e+00,main,true,rise,242
/mnt/pd/tema1/new/results/ml_samples/N2_sw0.30_x+2_i0051.h5,2,3.000000000e-01,2,1.265879394e+00,main,true,rise,417
/mnt/pd/tema1/new/results/ml_samples/N2_sw0.30_x+2_i0039.h5,2,3.000000000e-01,2,1.265879394e+00,main,true,rise,520
/mnt/pd/tema1/new/results/ml_samples/N2_sw0.30_x+2_i0073.h5,2,3.000000000e-01,2,1.265879394e+00,main,true,rise,203
/mnt/pd/tema1/new/results/ml_samples/N2_sw0.30_x+2_i0045.h5,2,3.000000000e-01,2,1.265879394e+00,main,true,rise,383
/mnt/pd/tema1/new/results/ml_samples/N2_sw0.30_x+2_i0063.h5,2,3.000000000e-01,2,1.265879394e+00,main,true,rise,331
/mnt/pd/tema1/new/results/ml_samples/N2_sw0.30_x+2_i0035.h5,2,3.000000000e-01,2,1.265879394e+00,main,true,rise,570
/mnt/pd/tema1/new/results/ml_samples/N2_sw0.30_x+2_i0055.h5,2,3.000000000e-01,2,1.265879394e+00,main,true,rise,535
/mnt/pd/tema1/new/results/ml_samples/N2_sw0.30_x+2_i0083.h5,2,3.000000000e-01,2,1.265879394e+00,main,true,rise,339
/mnt/pd/tema1/new/results/ml_samples/N2_sw0.30_x+2_i0069.h5,2,3.000000000e-01,2,1.265879394e+00,main,true,rise,369
/mnt/pd/tema1/new/results/ml_samples/N2_sw0.30_x+2_i0013.h5,2,3.000000000e-01,2,1.265879394e+00,main,true,rise,793
/mnt/pd/tema1/new/results/ml_samples/N2_sw0.30_x+2_i0015.h5,2,3.000000000e-01,2,1.265879394e+00,main,true,rise,1068
/mnt/pd/tema1/new/results/ml_samples/N2_sw0.30_x+2_i0049.h5,2,3.000000000e-01,2,1.265879394e+00,main,true,fall,723
/mnt/pd/tema1/new/results/ml_samples/N2_sw0.30_x+1_i0143.h5,2,3.000000000e-01,1,1.132939697e+00,main,true,rise,2276
/mnt/pd/tema1/new/results/ml_samples/N2_sw0.30_x+2_i0003.h5,2,3.000000000e-01,2,1.265879394e+00,main,true,rise,1233
/mnt/pd/tema1/new/results/ml_samples/N2_sw0.30_x+2_i0061.h5,2,3.000000000e-01,2,1.265879394e+00,main,true,rise,544
/mnt/pd/tema1/new/results/ml_samples/N2_sw0.30_x+2_i0067.h5,2,3.000000000e-01,2,1.265879394e+00,main,true,rise,379
/mnt/pd/tema1/new/results/ml_samples/N2_sw0.30_x+2_i0075.h5,2,3.000000000e-01,2,1.265879394e+00,main,true,rise,358
/mnt/pd/tema1/new/results/ml_samples/N2_sw0.30_x+1_i0159.h5,2,3.000000000e-01,1,1.132939697e+00,main,true,rise,2090
/mnt/pd/tema1/new/results/ml_samples/N2_sw0.30_x+2_i0071.h5,2,3.000000000e-01,2,1.265879394e+00,main,true,rise,569
/mnt/pd/tema1/new/results/ml_samples/N2_sw0.30_x+2_i0085.h5,2,3.000000000e-01,2,1.265879394e+00,main,true,rise,330
/mnt/pd/tema1/new/results/ml_samples/N2_sw0.30_x+1_i0189.h5,2,3.000000000e-01,1,1.132939697e+00,main,true,rise,1738
/mnt/pd/tema1/new/results/ml_samples/N2_sw0.30_x+4_i0003.h5,2,3.000000000e-01,4,1.531758788e+00,main,true,rise,244
/mnt/pd/tema1/new/results/ml_samples/N2_sw0.30_x+2_i0081.h5,2,3.000000000e-01,2,1.265879394e+00,main,true,rise,465
/mnt/pd/tema1/new/results/ml_samples/N2_sw0.30_x+2_i0095.h5,2,3.000000000e-01,2,1.265879394e+00,main,true,rise,403
/mnt/pd/tema1/new/results/ml_samples/N2_sw0.30_x+4_i0015.h5,2,3.000000000e-01,4,1.531758788e+00,main,true,rise,229
/mnt/pd/tema1/new/results/ml_samples/N2_sw0.30_x+2_i0077.h5,2,3.000000000e-01,2,1.265879394e+00,main,true,rise,692
/mnt/pd/tema1/new/results/ml_samples/N2_sw0.30_x+2_i0099.h5,2,3.000000000e-01,2,1.265879394e+00,main,true,rise,374
/mnt/pd/tema1/new/results/ml_samples/N2_sw0.30_x+2_i0079.h5,2,3.000000000e-01,2,1.265879394e+00,main,true,rise,590
/mnt/pd/tema1/new/results/ml_samples/N2_sw0.30_x+2_i0065.h5,2,3.000000000e-01,2,1.265879394e+00,main,true,rise,1435
/mnt/pd/tema1/new/results/ml_samples/N2_sw0.30_x+4_i0001.h5,2,3.000000000e-01,4,1.531758788e+00,main,true,rise,379
/mnt/pd/tema1/new/results/ml_samples/N2_sw0.30_x+4_i0019.h5,2,3.000000000e-01,4,1.531758788e+00,main,true,rise,264
/mnt/pd/tema1/new/results/ml_samples/N2_sw0.30_x+4_i0017.h5,2,3.000000000e-01,4,1.531758788e+00,main,true,rise,194
/mnt/pd/tema1/new/results/ml_samples/N2_sw0.30_x+2_i0091.h5,2,3.000000000e-01,2,1.265879394e+00,main,true,rise,521
/mnt/pd/tema1/new/results/ml_samples/N2_sw0.30_x+4_i0011.h5,2,3.000000000e-01,4,1.531758788e+00,main,true,rise,153
/mnt/pd/tema1/new/results/ml_samples/N2_sw0.30_x+4_i0005.h5,2,3.000000000e-01,4,1.531758788e+00,main,true,rise,265
/mnt/pd/tema1/new/results/ml_samples/N2_sw0.30_x+4_i0027.h5,2,3.000000000e-01,4,1.531758788e+00,main,true,rise,273
/mnt/pd/tema1/new/results/ml_samples/N2_sw0.30_x+4_i0025.h5,2,3.000000000e-01,4,1.531758788e+00,main,true,rise,243
/mnt/pd/tema1/new/results/ml_samples/N2_sw0.30_x+4_i0007.h5,2,3.000000000e-01,4,1.531758788e+00,main,true,rise,481
/mnt/pd/tema1/new/results/ml_samples/N2_sw0.30_x+4_i0031.h5,2,3.000000000e-01,4,1.531758788e+00,main,true,rise,269
/mnt/pd/tema1/new/results/ml_samples/N2_sw0.30_x+2_i0097.h5,2,3.000000000e-01,2,1.265879394e+00,main,true,rise,538
/mnt/pd/tema1/new/results/ml_samples/N2_sw0.30_x+4_i0021.h5,2,3.000000000e-01,4,1.531758788e+00,main,true,rise,388
/mnt/pd/tema1/new/results/ml_samples/N2_sw0.30_x+4_i0009.h5,2,3.000000000e-01,4,1.531758788e+00,main,true,rise,272
/mnt/pd/tema1/new/results/ml_samples/N2_sw0.30_x+4_i0013.h5,2,3.000000000e-01,4,1.531758788e+00,main,true,rise,288
/mnt/pd/tema1/new/results/ml_samples/N2_sw0.30_x+4_i0033.h5,2,3.000000000e-01,4,1.531758788e+00,main,true,rise,294
/mnt/pd/tema1/new/results/ml_samples/N2_sw0.30_x+4_i0029.h5,2,3.000000000e-01,4,1.531758788e+00,main,true,rise,326
/mnt/pd/tema1/new/results/ml_samples/N2_sw0.30_x+2_i0053.h5,2,3.000000000e-01,2,1.265879394e+00,main,true,rise,1265
/mnt/pd/tema1/new/results/ml_samples/N2_sw0.30_x+2_i0093.h5,2,3.000000000e-01,2,1.265879394e+00,main,true,rise,528
/mnt/pd/tema1/new/results/ml_samples/N2_sw0.30_x+4_i0035.h5,2,3.000000000e-01,4,1.531758788e+00,main,true,rise,244
/mnt/pd/tema1/new/results/ml_samples/N2_sw0.30_x+4_i0049.h5,2,3.000000000e-01,4,1.531758788e+00,main,true,rise,234
/mnt/pd/tema1/new/results/ml_samples/N2_sw0.30_x+4_i0037.h5,2,3.000000000e-01,4,1.531758788e+00,main,true,rise,286
/mnt/pd/tema1/new/results/ml_samples/N2_sw0.30_x+4_i0045.h5,2,3.000000000e-01,4,1.531758788e+00,main,true,rise,209
/mnt/pd/tema1/new/results/ml_samples/N2_sw0.30_x+4_i0041.h5,2,3.000000000e-01,4,1.531758788e+00,main,true,rise,301
/mnt/pd/tema1/new/results/ml_samples/N2_sw0.30_x+4_i0057.h5,2,3.000000000e-01,4,1.531758788e+00,main,true,rise,272
/mnt/pd/tema1/new/results/ml_samples/N2_sw0.30_x+4_i0071.h5,2,3.000000000e-01,4,1.531758788e+00,main,true,rise,194
/mnt/pd/tema1/new/results/ml_samples/N2_sw0.30_x+4_i0039.h5,2,3.000000000e-01,4,1.531758788e+00,main,true,rise,197
/mnt/pd/tema1/new/results/ml_samples/N2_sw0.30_x+4_i0061.h5,2,3.000000000e-01,4,1.531758788e+00,main,true,rise,210
/mnt/pd/tema1/new/results/ml_samples/N2_sw0.30_x+4_i0047.h5,2,3.000000000e-01,4,1.531758788e+00,main,true,rise,369
/mnt/pd/tema1/new/results/ml_samples/N2_sw0.30_x+4_i0051.h5,2,3.000000000e-01,4,1.531758788e+00,main,true,rise,295
/mnt/pd/tema1/new/results/ml_samples/N2_sw0.30_x+4_i0063.h5,2,3.000000000e-01,4,1.531758788e+00,main,true,rise,174
/mnt/pd/tema1/new/results/ml_samples/N2_sw0.30_x+4_i0053.h5,2,3.000000000e-01,4,1.531758788e+00,main,true,rise,288
/mnt/pd/tema1/new/results/ml_samples/N2_sw0.30_x+2_i0089.h5,2,3.000000000e-01,2,1.265879394e+00,main,true,rise,1120
/mnt/pd/tema1/new/results/ml_samples/N2_sw0.30_x+4_i0059.h5,2,3.000000000e-01,4,1.531758788e+00,main,true,rise,150
/mnt/pd/tema1/new/results/ml_samples/N2_sw0.30_x+4_i0065.h5,2,3.000000000e-01,4,1.531758788e+00,main,true,rise,477
/mnt/pd/tema1/new/results/ml_samples/N2_sw0.30_x+4_i0079.h5,2,3.000000000e-01,4,1.531758788e+00,main,true,rise,251
/mnt/pd/tema1/new/results/ml_samples/N2_sw0.30_x+4_i0055.h5,2,3.000000000e-01,4,1.531758788e+00,main,true,rise,368
/mnt/pd/tema1/new/results/ml_samples/N2_sw0.30_x+4_i0081.h5,2,3.000000000e-01,4,1.531758788e+00,main,true,rise,152
/mnt/pd/tema1/new/results/ml_samples/N2_sw0.30_x+4_i0069.h5,2,3.000000000e-01,4,1.531758788e+00,main,true,rise,353
/mnt/pd/tema1/new/results/ml_samples/N2_sw0.30_x+4_i0089.h5,2,3.000000000e-01,4,1.531758788e+00,main,true,rise,268
/mnt/pd/tema1/new/results/ml_samples/N2_sw0.30_x+4_i0023.h5,2,3.000000000e-01,4,1.531758788e+00,main,true,rise,819
/mnt/pd/tema1/new/results/ml_samples/N2_sw0.30_x+4_i0073.h5,2,3.000000000e-01,4,1.531758788e+00,main,true,rise,366
/mnt/pd/tema1/new/results/ml_samples/N2_sw0.30_x+4_i0067.h5,2,3.000000000e-01,4,1.531758788e+00,main,true,rise,253
/mnt/pd/tema1/new/results/ml_samples/N2_sw0.30_x+4_i0087.h5,2,3.000000000e-01,4,1.531758788e+00,main,true,rise,259
/mnt/pd/tema1/new/results/ml_samples/N2_sw0.30_x+4_i0095.h5,2,3.000000000e-01,4,1.531758788e+00,main,true,rise,174
/mnt/pd/tema1/new/results/ml_samples/N2_sw0.30_x-1_i0005.h5,2,3.000000000e-01,-1,8.670603029e-01,main,true,fall,135
/mnt/pd/tema1/new/results/ml_samples/N2_sw0.30_x+4_i0085.h5,2,3.000000000e-01,4,1.531758788e+00,main,true,rise,330
/mnt/pd/tema1/new/results/ml_samples/N2_sw0.30_x-1_i0023.h5,2,3.000000000e-01,-1,8.670603029e-01,main,true,fall,166
/mnt/pd/tema1/new/results/ml_samples/N2_sw0.30_x+4_i0075.h5,2,3.000000000e-01,4,1.531758788e+00,main,true,rise,341
/mnt/pd/tema1/new/results/ml_samples/N2_sw0.30_x+4_i0077.h5,2,3.000000000e-01,4,1.531758788e+00,main,true,rise,508
/mnt/pd/tema1/new/results/ml_samples/N2_sw0.30_x+4_i0083.h5,2,3.000000000e-01,4,1.531758788e+00,main,true,rise,470
/mnt/pd/tema1/new/results/ml_samples/N2_sw0.30_x+4_i0099.h5,2,3.000000000e-01,4,1.531758788e+00,main,true,rise,245
/mnt/pd/tema1/new/results/ml_samples/N2_sw0.30_x+4_i0097.h5,2,3.000000000e-01,4,1.531758788e+00,main,true,rise,256
/mnt/pd/tema1/new/results/ml_samples/N2_sw0.30_x-1_i0003.h5,2,3.000000000e-01,-1,8.670603029e-01,main,true,fall,246
/mnt/pd/tema1/new/results/ml_samples/N2_sw0.30_x+4_i0093.h5,2,3.000000000e-01,4,1.531758788e+00,main,true,rise,302
/mnt/pd/tema1/new/results/ml_samples/N2_sw0.30_x-1_i0025.h5,2,3.000000000e-01,-1,8.670603029e-01,main,true,fall,98
/mnt/pd/tema1/new/results/ml_samples/N2_sw0.30_x-1_i0019.h5,2,3.000000000e-01,-1,8.670603029e-01,main,true,fall,120
/mnt/pd/tema1/new/results/ml_samples/N2_sw0.30_x+4_i0091.h5,2,3.000000000e-01,4,1.531758788e+00,main,true,rise,404
/mnt/pd/tema1/new/results/ml_samples/N2_sw0.30_x-1_i0029.h5,2,3.000000000e-01,-1,8.670603029e-01,main,true,fall,73
/mnt/pd/tema1/new/results/ml_samples/N2_sw0.30_x+2_i0043.h5,2,3.000000000e-01,2,1.265879394e+00,main,true,rise,2120
/mnt/pd/tema1/new/results/ml_samples/N2_sw0.30_x-1_i0021.h5,2,3.000000000e-01,-1,8.670603029e-01,main,true,fall,293
/mnt/pd/tema1/new/results/ml_samples/N2_sw0.30_x-1_i0013.h5,2,3.000000000e-01,-1,8.670603029e-01,main,true,fall,528
/mnt/pd/tema1/new/results/ml_samples/N2_sw0.30_x-1_i0033.h5,2,3.000000000e-01,-1,8.670603029e-01,main,true,fall,112
/mnt/pd/tema1/new/results/ml_samples/N2_sw0.30_x-1_i0009.h5,2,3.000000000e-01,-1,8.670603029e-01,main,true,fall,445
/mnt/pd/tema1/new/results/ml_samples/N2_sw0.30_x-1_i0027.h5,2,3.000000000e-01,-1,8.670603029e-01,main,true,fall,336
/mnt/pd/tema1/new/results/ml_samples/N2_sw0.30_x-1_i0039.h5,2,3.000000000e-01,-1,8.670603029e-01,main,true,fall,312
/mnt/pd/tema1/new/results/ml_samples/N2_sw0.30_x-1_i0015.h5,2,3.000000000e-01,-1,8.670603029e-01,main,true,fall,283
/mnt/pd/tema1/new/results/ml_samples/N2_sw0.30_x-1_i0047.h5,2,3.000000000e-01,-1,8.670603029e-01,main,true,fall,141
/mnt/pd/tema1/new/results/ml_samples/N2_sw0.30_x-1_i0037.h5,2,3.000000000e-01,-1,8.670603029e-01,main,true,fall,182
/mnt/pd/tema1/new/results/ml_samples/N2_sw0.30_x+4_i0043.h5,2,3.000000000e-01,4,1.531758788e+00,main,true,rise,900
/mnt/pd/tema1/new/results/ml_samples/N2_sw0.30_x-1_i0055.h5,2,3.000000000e-01,-1,8.670603029e-01,main,true,fall,179
/mnt/pd/tema1/new/results/ml_samples/N2_sw0.30_x-1_i0017.h5,2,3.000000000e-01,-1,8.670603029e-01,main,true,fall,584
/mnt/pd/tema1/new/results/ml_samples/N2_sw0.30_x-1_i0057.h5,2,3.000000000e-01,-1,8.670603029e-01,main,true,fall,241
/mnt/pd/tema1/new/results/ml_samples/N2_sw0.30_x-1_i0059.h5,2,3.000000000e-01,-1,8.670603029e-01,main,true,fall,234
/mnt/pd/tema1/new/results/ml_samples/N2_sw0.30_x-1_i0053.h5,2,3.000000000e-01,-1,8.670603029e-01,main,true,fall,379
/mnt/pd/tema1/new/results/ml_samples/N2_sw0.30_x-1_i0049.h5,2,3.000000000e-01,-1,8.670603029e-01,main,true,rise,378
/mnt/pd/tema1/new/results/ml_samples/N2_sw0.30_x-1_i0077.h5,2,3.000000000e-01,-1,8.670603029e-01,main,true,fall,146
/mnt/pd/tema1/new/results/ml_samples/N2_sw0.30_x-1_i0051.h5,2,3.000000000e-01,-1,8.670603029e-01,main,true,fall,235
/mnt/pd/tema1/new/results/ml_samples/N2_sw0.30_x-1_i0083.h5,2,3.000000000e-01,-1,8.670603029e-01,main,true,fall,77
/mnt/pd/tema1/new/results/ml_samples/N2_sw0.30_x-1_i0081.h5,2,3.000000000e-01,-1,8.670603029e-01,main,true,fall,146
/mnt/pd/tema1/new/results/ml_samples/N2_sw0.30_x-1_i0011.h5,2,3.000000000e-01,-1,8.670603029e-01,main,true,fall,830
/mnt/pd/tema1/new/results/ml_samples/N2_sw0.30_x-1_i0075.h5,2,3.000000000e-01,-1,8.670603029e-01,main,true,fall,427
/mnt/pd/tema1/new/results/ml_samples/N2_sw0.30_x-1_i0061.h5,2,3.000000000e-01,-1,8.670603029e-01,main,true,fall,373
/mnt/pd/tema1/new/results/ml_samples/N2_sw0.30_x-1_i0085.h5,2,3.000000000e-01,-1,8.670603029e-01,main,true,fall,166
/mnt/pd/tema1/new/results/ml_samples/N2_sw0.30_x-1_i0071.h5,2,3.000000000e-01,-1,8.670603029e-01,main,true,fall,141
/mnt/pd/tema1/new/results/ml_samples/N2_sw0.30_x-1_i0043.h5,2,3.000000000e-01,-1,8.670603029e-01,main,true,fall,540
/mnt/pd/tema1/new/results/ml_samples/N2_sw0.30_x-1_i0031.h5,2,3.000000000e-01,-1,8.670603029e-01,main,true,fall,544
/mnt/pd/tema1/new/results/ml_samples/N2_sw0.30_x-1_i0093.h5,2,3.000000000e-01,-1,8.670603029e-01,main,true,fall,87
/mnt/pd/tema1/new/results/ml_samples/N2_sw0.30_x-1_i0069.h5,2,3.000000000e-01,-1,8.670603029e-01,main,true,fall,458
/mnt/pd/tema1/new/results/ml_samples/N2_sw0.30_x-1_i0067.h5,2,3.000000000e-01,-1,8.670603029e-01,main,true,fall,723
/mnt/pd/tema1/new/results/ml_samples/N2_sw0.30_x+2_i0087.h5,2,3.000000000e-01,2,1.265879394e+00,main,true,rise,2116
/mnt/pd/tema1/new/results/ml_samples/N2_sw0.30_x-1_i0079.h5,2,3.000000000e-01,-1,8.670603029e-01,main,true,fall,244
/mnt/pd/tema1/new/results/ml_samples/N2_sw0.30_x-1_i0101.h5,2,3.000000000e-01,-1,8.670603029e-01,main,true,fall,160
/mnt/pd/tema1/new/results/ml_samples/N2_sw0.30_x-1_i0107.h5,2,3.000000000e-01,-1,8.670603029e-01,main,true,fall,193
/mnt/pd/tema1/new/results/ml_samples/N2_sw0.30_x-1_i0095.h5,2,3.000000000e-01,-1,8.670603029e-01,main,true,fall,132
/mnt/pd/tema1/new/results/ml_samples/N2_sw0.30_x-1_i0099.h5,2,3.000000000e-01,-1,8.670603029e-01,main,true,fall,165
/mnt/pd/tema1/new/results/ml_samples/N2_sw0.30_x-1_i0041.h5,2,3.000000000e-01,-1,8.670603029e-01,main,true,fall,684
/mnt/pd/tema1/new/results/ml_samples/N2_sw0.30_x-1_i0063.h5,2,3.000000000e-01,-1,8.670603029e-01,main,true,fall,680
/mnt/pd/tema1/new/results/ml_samples/N2_sw0.30_x-1_i0123.h5,2,3.000000000e-01,-1,8.670603029e-01,main,true,fall,196
/mnt/pd/tema1/new/results/ml_samples/N2_sw0.30_x-1_i0117.h5,2,3.000000000e-01,-1,8.670603029e-01,main,true,fall,178
/mnt/pd/tema1/new/results/ml_samples/N2_sw0.30_x-1_i0001.h5,2,3.000000000e-01,-1,8.670603029e-01,main,true,rise,1329
/mnt/pd/tema1/new/results/ml_samples/N2_sw0.30_x-1_i0129.h5,2,3.000000000e-01,-1,8.670603029e-01,main,true,fall,125
/mnt/pd/tema1/new/results/ml_samples/N2_sw0.30_x-1_i0127.h5,2,3.000000000e-01,-1,8.670603029e-01,main,true,fall,103
/mnt/pd/tema1/new/results/ml_samples/N2_sw0.30_x-1_i0125.h5,2,3.000000000e-01,-1,8.670603029e-01,main,true,fall,143
/mnt/pd/tema1/new/results/ml_samples/N2_sw0.30_x-1_i0135.h5,2,3.000000000e-01,-1,8.670603029e-01,main,true,fall,183
/mnt/pd/tema1/new/results/ml_samples/N2_sw0.30_x-1_i0097.h5,2,3.000000000e-01,-1,8.670603029e-01,main,true,rise,559
/mnt/pd/tema1/new/results/ml_samples/N2_sw0.30_x-1_i0045.h5,2,3.000000000e-01,-1,8.670603029e-01,main,true,fall,1078
/mnt/pd/tema1/new/results/ml_samples/N2_sw0.30_x-1_i0139.h5,2,3.000000000e-01,-1,8.670603029e-01,main,true,fall,255
/mnt/pd/tema1/new/results/ml_samples/N2_sw0.30_x-1_i0131.h5,2,3.000000000e-01,-1,8.670603029e-01,main,true,fall,582
/mnt/pd/tema1/new/results/ml_samples/N2_sw0.30_x-1_i0137.h5,2,3.000000000e-01,-1,8.670603029e-01,main,true,fall,306
/mnt/pd/tema1/new/results/ml_samples/N2_sw0.30_x-1_i0145.h5,2,3.000000000e-01,-1,8.670603029e-01,main,true,fall,145
/mnt/pd/tema1/new/results/ml_samples/N2_sw0.30_x-1_i0103.h5,2,3.000000000e-01,-1,8.670603029e-01,main,true,fall,471
/mnt/pd/tema1/new/results/ml_samples/N2_sw0.30_x-1_i0149.h5,2,3.000000000e-01,-1,8.670603029e-01,main,true,fall,125
/mnt/pd/tema1/new/results/ml_samples/N2_sw0.30_x-1_i0065.h5,2,3.000000000e-01,-1,8.670603029e-01,main,true,fall,962
/mnt/pd/tema1/new/results/ml_samples/N2_sw0.30_x-1_i0147.h5,2,3.000000000e-01,-1,8.670603029e-01,main,true,fall,217
/mnt/pd/tema1/new/results/ml_samples/N2_sw0.30_x-1_i0143.h5,2,3.000000000e-01,-1,8.670603029e-01,main,true,fall,290
/mnt/pd/tema1/new/results/ml_samples/N2_sw0.30_x-1_i0111.h5,2,3.000000000e-01,-1,8.670603029e-01,main,true,fall,555
/mnt/pd/tema1/new/results/ml_samples/N2_sw0.30_x-1_i0105.h5,2,3.000000000e-01,-1,8.670603029e-01,main,true,fall,817
/mnt/pd/tema1/new/results/ml_samples/N2_sw0.30_x-1_i0035.h5,2,3.000000000e-01,-1,8.670603029e-01,main,true,fall,1446
/mnt/pd/tema1/new/results/ml_samples/N2_sw0.30_x-1_i0109.h5,2,3.000000000e-01,-1,8.670603029e-01,main,true,fall,824
/mnt/pd/tema1/new/results/ml_samples/N2_sw0.30_x-1_i0159.h5,2,3.000000000e-01,-1,8.670603029e-01,main,true,fall,191
/mnt/pd/tema1/new/results/ml_samples/N2_sw0.30_x-1_i0007.h5,2,3.000000000e-01,-1,8.670603029e-01,main,true,fall,1942
/mnt/pd/tema1/new/results/ml_samples/N2_sw0.30_x-1_i0171.h5,2,3.000000000e-01,-1,8.670603029e-01,main,true,fall,82
/mnt/pd/tema1/new/results/ml_samples/N2_sw0.30_x-1_i0087.h5,2,3.000000000e-01,-1,8.670603029e-01,main,true,fall,1301
/mnt/pd/tema1/new/results/ml_samples/N2_sw0.30_x-1_i0163.h5,2,3.000000000e-01,-1,8.670603029e-01,main,true,fall,217
/mnt/pd/tema1/new/results/ml_samples/N2_sw0.30_x-1_i0173.h5,2,3.000000000e-01,-1,8.670603029e-01,main,true,fall,180
/mnt/pd/tema1/new/results/ml_samples/N2_sw0.30_x-1_i0115.h5,2,3.000000000e-01,-1,8.670603029e-01,main,true,fall,750
/mnt/pd/tema1/new/results/ml_samples/N2_sw0.30_x-1_i0167.h5,2,3.000000000e-01,-1,8.670603029e-01,main,true,fall,216
/mnt/pd/tema1/new/results/ml_samples/N2_sw0.30_x-1_i0179.h5,2,3.000000000e-01,-1,8.670603029e-01,main,true,fall,124
/mnt/pd/tema1/new/results/ml_samples/N2_sw0.30_x-1_i0177.h5,2,3.000000000e-01,-1,8.670603029e-01,main,true,fall,153
/mnt/pd/tema1/new/results/ml_samples/N2_sw0.30_x-1_i0181.h5,2,3.000000000e-01,-1,8.670603029e-01,main,true,fall,150
/mnt/pd/tema1/new/results/ml_samples/N2_sw0.30_x-1_i0175.h5,2,3.000000000e-01,-1,8.670603029e-01,main,true,fall,254
/mnt/pd/tema1/new/results/ml_samples/N2_sw0.30_x-1_i0091.h5,2,3.000000000e-01,-1,8.670603029e-01,main,true,fall,1313
/mnt/pd/tema1/new/results/ml_samples/N2_sw0.30_x-1_i0119.h5,2,3.000000000e-01,-1,8.670603029e-01,main,true,fall,1086
/mnt/pd/tema1/new/results/ml_samples/N2_sw0.30_x-1_i0141.h5,2,3.000000000e-01,-1,8.670603029e-01,main,true,fall,1315
/mnt/pd/tema1/new/results/ml_samples/N2_sw0.30_x-1_i0199.h5,2,3.000000000e-01,-1,8.670603029e-01,main,true,fall,79
/mnt/pd/tema1/new/results/ml_samples/N2_sw0.30_x-1_i0165.h5,2,3.000000000e-01,-1,8.670603029e-01,main,true,fall,522
/mnt/pd/tema1/new/results/ml_samples/N2_sw0.30_x-1_i0133.h5,2,3.000000000e-01,-1,8.670603029e-01,main,true,fall,1159
/mnt/pd/tema1/new/results/ml_samples/N2_sw0.30_x-1_i0197.h5,2,3.000000000e-01,-1,8.670603029e-01,main,true,fall,146
/mnt/pd/tema1/new/results/ml_samples/N2_sw0.30_x-2_i0007.h5,2,3.000000000e-01,-2,7.341206058e-01,main,true,fall,106
/mnt/pd/tema1/new/results/ml_samples/N2_sw0.30_x-2_i0009.h5,2,3.000000000e-01,-2,7.341206058e-01,main,true,fall,102
/mnt/pd/tema1/new/results/ml_samples/N2_sw0.30_x-1_i0185.h5,2,3.000000000e-01,-1,8.670603029e-01,main,true,fall,549
/mnt/pd/tema1/new/results/ml_samples/N2_sw0.30_x-2_i0015.h5,2,3.000000000e-01,-2,7.341206058e-01,main,true,fall,95
/mnt/pd/tema1/new/results/ml_samples/N2_sw0.30_x-2_i0003.h5,2,3.000000000e-01,-2,7.341206058e-01,main,true,fall,328
/mnt/pd/tema1/new/results/ml_samples/N2_sw0.30_x-1_i0113.h5,2,3.000000000e-01,-1,8.670603029e-01,main,true,fall,1317
/mnt/pd/tema1/new/results/ml_samples/N2_sw0.30_x-2_i0021.h5,2,3.000000000e-01,-2,7.341206058e-01,main,true,fall,112
/mnt/pd/tema1/new/results/ml_samples/N2_sw0.30_x-2_i0019.h5,2,3.000000000e-01,-2,7.341206058e-01,main,true,fall,190
/mnt/pd/tema1/new/results/ml_samples/N2_sw0.30_x-2_i0011.h5,2,3.000000000e-01,-2,7.341206058e-01,main,true,fall,311
/mnt/pd/tema1/new/results/ml_samples/N2_sw0.30_x-2_i0005.h5,2,3.000000000e-01,-2,7.341206058e-01,main,true,fall,221
/mnt/pd/tema1/new/results/ml_samples/N2_sw0.30_x-1_i0161.h5,2,3.000000000e-01,-1,8.670603029e-01,main,true,fall,1341
/mnt/pd/tema1/new/results/ml_samples/N2_sw0.30_x-1_i0151.h5,2,3.000000000e-01,-1,8.670603029e-01,main,true,fall,1136
/mnt/pd/tema1/new/results/ml_samples/N2_sw0.30_x-1_i0191.h5,2,3.000000000e-01,-1,8.670603029e-01,main,true,rise,615
/mnt/pd/tema1/new/results/ml_samples/N2_sw0.30_x-2_i0029.h5,2,3.000000000e-01,-2,7.341206058e-01,main,true,fall,121
/mnt/pd/tema1/new/results/ml_samples/N2_sw0.30_x-2_i0001.h5,2,3.000000000e-01,-2,7.341206058e-01,main,true,fall,662
/mnt/pd/tema1/new/results/ml_samples/N2_sw0.30_x-2_i0043.h5,2,3.000000000e-01,-2,7.341206058e-01,main,true,fall,94
/mnt/pd/tema1/new/results/ml_samples/N2_sw0.30_x-1_i0155.h5,2,3.000000000e-01,-1,8.670603029e-01,main,true,fall,1222
/mnt/pd/tema1/new/results/ml_samples/N2_sw0.30_x-2_i0035.h5,2,3.000000000e-01,-2,7.341206058e-01,main,true,fall,126
/mnt/pd/tema1/new/results/ml_samples/N2_sw0.30_x-2_i0031.h5,2,3.000000000e-01,-2,7.341206058e-01,main,true,fall,194
/mnt/pd/tema1/new/results/ml_samples/N2_sw0.30_x-2_i0033.h5,2,3.000000000e-01,-2,7.341206058e-01,main,true,fall,214
/mnt/pd/tema1/new/results/ml_samples/N2_sw0.30_x-2_i0025.h5,2,3.000000000e-01,-2,7.341206058e-01,main,true,fall,85
/mnt/pd/tema1/new/results/ml_samples/N2_sw0.30_x-2_i0041.h5,2,3.000000000e-01,-2,7.341206058e-01,main,true,fall,81
/mnt/pd/tema1/new/results/ml_samples/N2_sw0.30_x-1_i0187.h5,2,3.000000000e-01,-1,8.670603029e-01,main,true,fall,761
/mnt/pd/tema1/new/results/ml_samples/N2_sw0.30_x-1_i0195.h5,2,3.000000000e-01,-1,8.670603029e-01,main,true,fall,650
/mnt/pd/tema1/new/results/ml_samples/N2_sw0.30_x-2_i0027.h5,2,3.000000000e-01,-2,7.341206058e-01,main,true,fall,87
/mnt/pd/tema1/new/results/ml_samples/N2_sw0.30_x-1_i0121.h5,2,3.000000000e-01,-1,8.670603029e-01,main,true,fall,1567
/mnt/pd/tema1/new/results/ml_samples/N2_sw0.30_x-1_i0089.h5,2,3.000000000e-01,-1,8.670603029e-01,main,true,fall,2144
/mnt/pd/tema1/new/results/ml_samples/N2_sw0.30_x-1_i0169.h5,2,3.000000000e-01,-1,8.670603029e-01,main,true,fall,1132
/mnt/pd/tema1/new/results/ml_samples/N2_sw0.30_x-1_i0183.h5,2,3.000000000e-01,-1,8.670603029e-01,main,true,fall,1045
/mnt/pd/tema1/new/results/ml_samples/N2_sw0.30_x-2_i0053.h5,2,3.000000000e-01,-2,7.341206058e-01,main,true,fall,181
/mnt/pd/tema1/new/results/ml_samples/N2_sw0.30_x-2_i0045.h5,2,3.000000000e-01,-2,7.341206058e-01,main,true,fall,133
/mnt/pd/tema1/new/results/ml_samples/N2_sw0.30_x-1_i0157.h5,2,3.000000000e-01,-1,8.670603029e-01,main,true,fall,1517
/mnt/pd/tema1/new/results/ml_samples/N2_sw0.30_x-2_i0013.h5,2,3.000000000e-01,-2,7.341206058e-01,main,true,rise,1201
/mnt/pd/tema1/new/results/ml_samples/N2_sw0.30_x-2_i0037.h5,2,3.000000000e-01,-2,7.341206058e-01,main,true,fall,206
/mnt/pd/tema1/new/results/ml_samples/N2_sw0.30_x-2_i0063.h5,2,3.000000000e-01,-2,7.341206058e-01,main,true,fall,106
/mnt/pd/tema1/new/results/ml_samples/N2_sw0.30_x-2_i0071.h5,2,3.000000000e-01,-2,7.341206058e-01,main,true,fall,80
/mnt/pd/tema1/new/results/ml_samples/N2_sw0.30_x-2_i0061.h5,2,3.000000000e-01,-2,7.341206058e-01,main,true,fall,199
/mnt/pd/tema1/new/results/ml_samples/N2_sw0.30_x-2_i0051.h5,2,3.000000000e-01,-2,7.341206058e-01,main,true,fall,221
/mnt/pd/tema1/new/results/ml_samples/N2_sw0.30_x-2_i0069.h5,2,3.000000000e-01,-2,7.341206058e-01,main,true,fall,142
/mnt/pd/tema1/new/results/ml_samples/N2_sw0.30_x-2_i0081.h5,2,3.000000000e-01,-2,7.341206058e-01,main,true,fall,163
/mnt/pd/tema1/new/results/ml_samples/N2_sw0.30_x-2_i0047.h5,2,3.000000000e-01,-2,7.341206058e-01,main,true,fall,322
/mnt/pd/tema1/new/results/ml_samples/N2_sw0.30_x-2_i0059.h5,2,3.000000000e-01,-2,7.341206058e-01,main,true,fall,167
/mnt/pd/tema1/new/results/ml_samples/N2_sw0.30_x-2_i0077.h5,2,3.000000000e-01,-2,7.341206058e-01,main,true,fall,91
/mnt/pd/tema1/new/results/ml_samples/N2_sw0.30_x-2_i0039.h5,2,3.000000000e-01,-2,7.341206058e-01,main,true,fall,306
/mnt/pd/tema1/new/results/ml_samples/N2_sw0.30_x-2_i0057.h5,2,3.000000000e-01,-2,7.341206058e-01,main,true,fall,256
/mnt/pd/tema1/new/results/ml_samples/N2_sw0.30_x-2_i0079.h5,2,3.000000000e-01,-2,7.341206058e-01,main,true,fall,173
/mnt/pd/tema1/new/results/ml_samples/N2_sw0.30_x-2_i0049.h5,2,3.000000000e-01,-2,7.341206058e-01,main,true,fall,406
/mnt/pd/tema1/new/results/ml_samples/N2_sw0.30_x-4_i0001.h5,2,3.000000000e-01,-4,4.682412115e-01,main,true,fall,106
/mnt/pd/tema1/new/results/ml_samples/N2_sw0.30_x-2_i0065.h5,2,3.000000000e-01,-2,7.341206058e-01,main,true,fall,380
/mnt/pd/tema1/new/results/ml_samples/N2_sw0.30_x-2_i0023.h5,2,3.000000000e-01,-2,7.341206058e-01,main,true,fall,942
/mnt/pd/tema1/new/results/ml_samples/N2_sw0.30_x-2_i0075.h5,2,3.000000000e-01,-2,7.341206058e-01,main,true,fall,334
/mnt/pd/tema1/new/results/ml_samples/N2_sw0.30_x-4_i0005.h5,2,3.000000000e-01,-4,4.682412115e-01,main,true,fall,68
/mnt/pd/tema1/new/results/ml_samples/N2_sw0.30_x-4_i0007.h5,2,3.000000000e-01,-4,4.682412115e-01,main,true,fall,84
/mnt/pd/tema1/new/results/ml_samples/N2_sw0.30_x-2_i0083.h5,2,3.000000000e-01,-2,7.341206058e-01,main,true,fall,325
/mnt/pd/tema1/new/results/ml_samples/N2_sw0.30_x-4_i0011.h5,2,3.000000000e-01,-4,4.682412115e-01,main,true,fall,75
/mnt/pd/tema1/new/results/ml_samples/N2_sw0.30_x-2_i0055.h5,2,3.000000000e-01,-2,7.341206058e-01,main,true,fall,520
/mnt/pd/tema1/new/results/ml_samples/N2_sw0.30_x-4_i0009.h5,2,3.000000000e-01,-4,4.682412115e-01,main,true,fall,120
/mnt/pd/tema1/new/results/ml_samples/N2_sw0.30_x-4_i0017.h5,2,3.000000000e-01,-4,4.682412115e-01,main,true,fall,100
/mnt/pd/tema1/new/results/ml_samples/N2_sw0.30_x-2_i0095.h5,2,3.000000000e-01,-2,7.341206058e-01,main,true,fall,162
/mnt/pd/tema1/new/results/ml_samples/N2_sw0.30_x-2_i0073.h5,2,3.000000000e-01,-2,7.341206058e-01,main,true,fall,250
/mnt/pd/tema1/new/results/ml_samples/N2_sw0.30_x-2_i0099.h5,2,3.000000000e-01,-2,7.341206058e-01,main,true,fall,170
/mnt/pd/tema1/new/results/ml_samples/N2_sw0.30_x-2_i0093.h5,2,3.000000000e-01,-2,7.341206058e-01,main,true,fall,197
/mnt/pd/tema1/new/results/ml_samples/N2_sw0.30_x-2_i0091.h5,2,3.000000000e-01,-2,7.341206058e-01,main,true,fall,286
/mnt/pd/tema1/new/results/ml_samples/N2_sw0.30_x-2_i0017.h5,2,3.000000000e-01,-2,7.341206058e-01,main,true,fall,835
/mnt/pd/tema1/new/results/ml_samples/N2_sw0.30_x-2_i0085.h5,2,3.000000000e-01,-2,7.341206058e-01,main,true,fall,69
/mnt/pd/tema1/new/results/ml_samples/N2_sw0.30_x-4_i0003.h5,2,3.000000000e-01,-4,4.682412115e-01,main,true,fall,77
/mnt/pd/tema1/new/results/ml_samples/N2_sw0.30_x-1_i0153.h5,2,3.000000000e-01,-1,8.670603029e-01,main,true,fall,1938
/mnt/pd/tema1/new/results/ml_samples/N2_sw0.30_x-2_i0067.h5,2,3.000000000e-01,-2,7.341206058e-01,main,true,fall,408
/mnt/pd/tema1/new/results/ml_samples/N2_sw0.30_x-4_i0015.h5,2,3.000000000e-01,-4,4.682412115e-01,main,true,fall,129
/mnt/pd/tema1/new/results/ml_samples/N2_sw0.30_x-4_i0029.h5,2,3.000000000e-01,-4,4.682412115e-01,main,true,fall,59
/mnt/pd/tema1/new/results/ml_samples/N2_sw0.30_x-4_i0025.h5,2,3.000000000e-01,-4,4.682412115e-01,main,true,fall,87
/mnt/pd/tema1/new/results/ml_samples/N2_sw0.30_x-4_i0019.h5,2,3.000000000e-01,-4,4.682412115e-01,main,true,fall,94
/mnt/pd/tema1/new/results/ml_samples/N2_sw0.30_x-2_i0087.h5,2,3.000000000e-01,-2,7.341206058e-01,main,true,fall,508
/mnt/pd/tema1/new/results/ml_samples/N2_sw0.30_x-4_i0031.h5,2,3.000000000e-01,-4,4.682412115e-01,main,true,fall,76
/mnt/pd/tema1/new/results/ml_samples/N2_sw0.30_x-4_i0027.h5,2,3.000000000e-01,-4,4.682412115e-01,main,true,fall,123
/mnt/pd/tema1/new/results/ml_samples/N2_sw0.30_x-2_i0097.h5,2,3.000000000e-01,-2,7.341206058e-01,main,true,fall,209
/mnt/pd/tema1/new/results/ml_samples/N2_sw0.30_x-4_i0033.h5,2,3.000000000e-01,-4,4.682412115e-01,main,true,fall,62
/mnt/pd/tema1/new/results/ml_samples/N2_sw0.30_x-4_i0013.h5,2,3.000000000e-01,-4,4.682412115e-01,main,true,fall,95
/mnt/pd/tema1/new/results/ml_samples/N2_sw0.30_x-4_i0035.h5,2,3.000000000e-01,-4,4.682412115e-01,main,true,fall,88
/mnt/pd/tema1/new/results/ml_samples/N2_sw0.30_x-4_i0039.h5,2,3.000000000e-01,-4,4.682412115e-01,main,true,fall,69
/mnt/pd/tema1/new/results/ml_samples/N2_sw0.30_x-4_i0047.h5,2,3.000000000e-01,-4,4.682412115e-01,main,true,fall,87
/mnt/pd/tema1/new/results/ml_samples/N2_sw0.30_x-4_i0037.h5,2,3.000000000e-01,-4,4.682412115e-01,main,true,fall,93
/mnt/pd/tema1/new/results/ml_samples/N2_sw0.30_x-4_i0041.h5,2,3.000000000e-01,-4,4.682412115e-01,main,true,fall,125
/mnt/pd/tema1/new/results/ml_samples/N2_sw0.30_x-4_i0051.h5,2,3.000000000e-01,-4,4.682412115e-01,main,true,fall,95
/mnt/pd/tema1/new/results/ml_samples/N2_sw0.30_x-4_i0045.h5,2,3.000000000e-01,-4,4.682412115e-01,main,true,fall,119
/mnt/pd/tema1/new/results/ml_samples/N2_sw0.30_x-4_i0053.h5,2,3.000000000e-01,-4,4.682412115e-01,main,true,fall,50
/mnt/pd/tema1/new/results/ml_samples/N2_sw0.30_x-4_i0043.h5,2,3.000000000e-01,-4,4.682412115e-01,main,true,fall,132
/mnt/pd/tema1/new/results/ml_samples/N2_sw0.30_x-4_i0049.h5,2,3.000000000e-01,-4,4.682412115e-01,main,true,fall,88
/mnt/pd/tema1/new/results/ml_samples/N2_sw0.30_x-4_i0057.h5,2,3.000000000e-01,-4,4.682412115e-01,main,true,fall,75
/mnt/pd/tema1/new/results/ml_samples/N2_sw0.30_x-4_i0055.h5,2,3.000000000e-01,-4,4.682412115e-01,main,true,fall,90
/mnt/pd/tema1/new/results/ml_samples/N2_sw0.30_x-4_i0023.h5,2,3.000000000e-01,-4,4.682412115e-01,main,true,fall,132
/mnt/pd/tema1/new/results/ml_samples/N2_sw0.30_x-4_i0021.h5,2,3.000000000e-01,-4,4.682412115e-01,main,true,fall,141
/mnt/pd/tema1/new/results/ml_samples/N2_sw0.30_x-4_i0067.h5,2,3.000000000e-01,-4,4.682412115e-01,main,true,fall,107
/mnt/pd/tema1/new/results/ml_samples/N2_sw0.30_x-4_i0065.h5,2,3.000000000e-01,-4,4.682412115e-01,main,true,fall,74
/mnt/pd/tema1/new/results/ml_samples/N2_sw0.30_x-4_i0079.h5,2,3.000000000e-01,-4,4.682412115e-01,main,true,fall,60
/mnt/pd/tema1/new/results/ml_samples/N2_sw0.30_x-4_i0077.h5,2,3.000000000e-01,-4,4.682412115e-01,main,true,fall,98
/mnt/pd/tema1/new/results/ml_samples/N2_sw0.30_x-4_i0085.h5,2,3.000000000e-01,-4,4.682412115e-01,main,true,fall,112
/mnt/pd/tema1/new/results/ml_samples/N2_sw0.30_x-4_i0073.h5,2,3.000000000e-01,-4,4.682412115e-01,main,true,fall,99
/mnt/pd/tema1/new/results/ml_samples/N2_sw0.30_x-2_i0089.h5,2,3.000000000e-01,-2,7.341206058e-01,main,true,fall,737
/mnt/pd/tema1/new/results/ml_samples/N2_sw0.30_x-4_i0059.h5,2,3.000000000e-01,-4,4.682412115e-01,main,true,fall,69
/mnt/pd/tema1/new/results/ml_samples/N2_sw0.30_x-4_i0087.h5,2,3.000000000e-01,-4,4.682412115e-01,main,true,fall,66
/mnt/pd/tema1/new/results/ml_samples/N2_sw0.30_x-4_i0091.h5,2,3.000000000e-01,-4,4.682412115e-01,main,true,fall,59
/mnt/pd/tema1/new/results/ml_samples/N2_sw0.30_x-4_i0063.h5,2,3.000000000e-01,-4,4.682412115e-01,main,true,fall,57
/mnt/pd/tema1/new/results/ml_samples/N2_sw0.30_x-4_i0083.h5,2,3.000000000e-01,-4,4.682412115e-01,main,true,fall,121
/mnt/pd/tema1/new/results/ml_samples/N2_sw0.30_x-4_i0089.h5,2,3.000000000e-01,-4,4.682412115e-01,main,true,fall,82
/mnt/pd/tema1/new/results/ml_samples/N2_sw0.30_x-4_i0093.h5,2,3.000000000e-01,-4,4.682412115e-01,main,true,fall,115
/mnt/pd/tema1/new/results/ml_samples/N2_sw0.30_x-4_i0061.h5,2,3.000000000e-01,-4,4.682412115e-01,main,true,fall,74
/mnt/pd/tema1/new/results/ml_samples/N2_sw0.30_x-4_i0071.h5,2,3.000000000e-01,-4,4.682412115e-01,main,true,fall,73
/mnt/pd/tema1/new/results/ml_samples/N2_sw0.30_x-4_i0097.h5,2,3.000000000e-01,-4,4.682412115e-01,main,true,fall,86
/mnt/pd/tema1/new/results/ml_samples/N2_sw0.30_x-4_i0075.h5,2,3.000000000e-01,-4,4.682412115e-01,main,true,fall,81
/mnt/pd/tema1/new/results/ml_samples/N2_sw0.30_x-4_i0081.h5,2,3.000000000e-01,-4,4.682412115e-01,main,true,fall,72
/mnt/pd/tema1/new/results/ml_samples/N2_sw0.30_x-4_i0069.h5,2,3.000000000e-01,-4,4.682412115e-01,main,true,fall,181
/mnt/pd/tema1/new/results/ml_samples/N2_sw0.30_x-4_i0099.h5,2,3.000000000e-01,-4,4.682412115e-01,main,true,fall,206
/mnt/pd/tema1/new/results/ml_samples/N2_sw0.30_x-4_i0095.h5,2,3.000000000e-01,-4,4.682412115e-01,main,true,fall,248
/mnt/pd/tema1/new/results/ml_samples/N3_sw0.30_x+0_i0009.h5,3,3.000000000e-01,0,1.000000000e+00,gen_N,true,fall,147
/mnt/pd/tema1/new/results/ml_samples/N3_sw0.30_x+0_i0015.h5,3,3.000000000e-01,0,1.000000000e+00,gen_N,true,fall,350
/mnt/pd/tema1/new/results/ml_samples/N2_sw0.30_x-1_i0073.h5,2,3.000000000e-01,-1,8.670603029e-01,main,true,fall,3991
/mnt/pd/tema1/new/results/ml_samples/N3_sw0.30_x+0_i0007.h5,3,3.000000000e-01,0,1.000000000e+00,gen_N,true,rise,462
/mnt/pd/tema1/new/results/ml_samples/N3_sw0.30_x+0_i0001.h5,3,3.000000000e-01,0,1.000000000e+00,gen_N,true,fall,441
/mnt/pd/tema1/new/results/ml_samples/N2_sw0.30_x-1_i0189.h5,2,3.000000000e-01,-1,8.670603029e-01,main,true,fall,2745
/mnt/pd/tema1/new/results/ml_samples/N3_sw0.30_x+0_i0025.h5,3,3.000000000e-01,0,1.000000000e+00,gen_N,true,fall,399
/mnt/pd/tema1/new/results/ml_samples/N2_sw0.30_x-1_i0193.h5,2,3.000000000e-01,-1,8.670603029e-01,main,true,fall,3031
/mnt/pd/tema1/new/results/ml_samples/N3_sw0.30_x+0_i0011.h5,3,3.000000000e-01,0,1.000000000e+00,gen_N,true,fall,568
/mnt/pd/tema1/new/results/ml_samples/N3_sw0.30_x+0_i0039.h5,3,3.000000000e-01,0,1.000000000e+00,gen_N,true,rise,566
/mnt/pd/tema1/new/results/ml_samples/N3_sw0.30_x+0_i0041.h5,3,3.000000000e-01,0,1.000000000e+00,gen_N,true,fall,549
/mnt/pd/tema1/new/results/ml_samples/N3_sw0.30_x+0_i0037.h5,3,3.000000000e-01,0,1.000000000e+00,gen_N,true,rise,556
/mnt/pd/tema1/new/results/ml_samples/N3_sw0.30_x+1_i0003.h5,3,3.000000000e-01,1,1.196762249e+00,gen_N,true,rise,568
/mnt/pd/tema1/new/results/ml_samples/N3_sw0.30_x+1_i0007.h5,3,3.000000000e-01,1,1.196762249e+00,gen_N,true,rise,586
/mnt/pd/tema1/new/results/ml_samples/N3_sw0.30_x+0_i0049.h5,3,3.000000000e-01,0,1.000000000e+00,gen_N,true,fall,693
/mnt/pd/tema1/new/results/ml_samples/N3_sw0.30_x+1_i0005.h5,3,3.000000000e-01,1,1.196762249e+00,gen_N,true,rise,577
/mnt/pd/tema1/new/results/ml_samples/N3_sw0.30_x+0_i0047.h5,3,3.000000000e-01,0,1.000000000e+00,gen_N,true,fall,805
/mnt/pd/tema1/new/results/ml_samples/N3_sw0.30_x+0_i0033.h5,3,3.000000000e-01,0,1.000000000e+00,gen_N,true,fall,822
/mnt/pd/tema1/new/results/ml_samples/N3_sw0.30_x+1_i0009.h5,3,3.000000000e-01,1,1.196762249e+00,gen_N,true,rise,376
/mnt/pd/tema1/new/results/ml_samples/N3_sw0.30_x+0_i0003.h5,3,3.000000000e-01,0,1.000000000e+00,gen_N,true,fall,893
/mnt/pd/tema1/new/results/ml_samples/N3_sw0.30_x+1_i0023.h5,3,3.000000000e-01,1,1.196762249e+00,gen_N,true,rise,221
/mnt/pd/tema1/new/results/ml_samples/N3_sw0.30_x+1_i0019.h5,3,3.000000000e-01,1,1.196762249e+00,gen_N,true,rise,305
/mnt/pd/tema1/new/results/ml_samples/N3_sw0.30_x+1_i0013.h5,3,3.000000000e-01,1,1.196762249e+00,gen_N,true,rise,528
/mnt/pd/tema1/new/results/ml_samples/N3_sw0.30_x+0_i0035.h5,3,3.000000000e-01,0,1.000000000e+00,gen_N,true,fall,934
/mnt/pd/tema1/new/results/ml_samples/N3_sw0.30_x+0_i0043.h5,3,3.000000000e-01,0,1.000000000e+00,gen_N,true,rise,943
/mnt/pd/tema1/new/results/ml_samples/N3_sw0.30_x+1_i0025.h5,3,3.000000000e-01,1,1.196762249e+00,gen_N,true,rise,626
/mnt/pd/tema1/new/results/ml_samples/N3_sw0.30_x+1_i0015.h5,3,3.000000000e-01,1,1.196762249e+00,gen_N,true,rise,618
/mnt/pd/tema1/new/results/ml_samples/N3_sw0.30_x+0_i0027.h5,3,3.000000000e-01,0,1.000000000e+00,gen_N,true,fall,1046
/mnt/pd/tema1/new/results/ml_samples/N3_sw0.30_x+0_i0013.h5,3,3.000000000e-01,0,1.000000000e+00,gen_N,true,rise,1099
/mnt/pd/tema1/new/results/ml_samples/N3_sw0.30_x+1_i0027.h5,3,3.000000000e-01,1,1.196762249e+00,gen_N,true,rise,609
/mnt/pd/tema1/new/results/ml_samples/N3_sw0.30_x+1_i0031.h5,3,3.000000000e-01,1,1.196762249e+00,gen_N,true,rise,411
/mnt/pd/tema1/new/results/ml_samples/N3_sw0.30_x+1_i0017.h5,3,3.000000000e-01,1,1.196762249e+00,gen_N,true,rise,715
/mnt/pd/tema1/new/results/ml_samples/N3_sw0.30_x+1_i0039.h5,3,3.000000000e-01,1,1.196762249e+00,gen_N,true,rise,448
/mnt/pd/tema1/new/results/ml_samples/N3_sw0.30_x+1_i0011.h5,3,3.000000000e-01,1,1.196762249e+00,gen_N,true,rise,929
/mnt/pd/tema1/new/results/ml_samples/N3_sw0.30_x+0_i0017.h5,3,3.000000000e-01,0,1.000000000e+00,gen_N,true,fall,1290
/mnt/pd/tema1/new/results/ml_samples/N3_sw0.30_x-1_i0007.h5,3,3.000000000e-01,-1,8.032377505e-01,gen_N,true,fall,134
/mnt/pd/tema1/new/results/ml_samples/N3_sw0.30_x+1_i0043.h5,3,3.000000000e-01,1,1.196762249e+00,gen_N,true,rise,490
/mnt/pd/tema1/new/results/ml_samples/N3_sw0.30_x-1_i0009.h5,3,3.000000000e-01,-1,8.032377505e-01,gen_N,true,fall,250
/mnt/pd/tema1/new/results/ml_samples/N3_sw0.30_x+1_i0041.h5,3,3.000000000e-01,1,1.196762249e+00,gen_N,true,rise,533
/mnt/pd/tema1/new/results/ml_samples/N3_sw0.30_x+1_i0045.h5,3,3.000000000e-01,1,1.196762249e+00,gen_N,true,rise,358
/mnt/pd/tema1/new/results/ml_samples/N3_sw0.30_x+0_i0005.h5,3,3.000000000e-01,0,1.000000000e+00,gen_N,true,rise,1467
/mnt/pd/tema1/new/results/ml_samples/N3_sw0.30_x-1_i0001.h5,3,3.000000000e-01,-1,8.032377505e-01,gen_N,true,fall,585
/mnt/pd/tema1/new/results/ml_samples/N3_sw0.30_x-1_i0005.h5,3,3.000000000e-01,-1,8.032377505e-01,gen_N,true,fall,329
/mnt/pd/tema1/new/results/ml_samples/N3_sw0.30_x-1_i0019.h5,3,3.000000000e-01,-1,8.032377505e-01,gen_N,true,fall,117
/mnt/pd/tema1/new/results/ml_samples/N3_sw0.30_x+1_i0049.h5,3,3.000000000e-01,1,1.196762249e+00,gen_N,true,rise,456
/mnt/pd/tema1/new/results/ml_samples/N3_sw0.30_x-1_i0025.h5,3,3.000000000e-01,-1,8.032377505e-01,gen_N,true,fall,101
/mnt/pd/tema1/new/results/ml_samples/N3_sw0.30_x+1_i0001.h5,3,3.000000000e-01,1,1.196762249e+00,gen_N,true,fall,1289
/mnt/pd/tema1/new/results/ml_samples/N3_sw0.30_x+0_i0019.h5,3,3.000000000e-01,0,1.000000000e+00,gen_N,true,fall,1427
/mnt/pd/tema1/new/results/ml_samples/N3_sw0.30_x+0_i0045.h5,3,3.000000000e-01,0,1.000000000e+00,gen_N,true,rise,1465
/mnt/pd/tema1/new/results/ml_samples/N3_sw0.30_x-1_i0015.h5,3,3.000000000e-01,-1,8.032377505e-01,gen_N,true,fall,275
/mnt/pd/tema1/new/results/ml_samples/N3_sw0.30_x-1_i0029.h5,3,3.000000000e-01,-1,8.032377505e-01,gen_N,true,fall,166
/mnt/pd/tema1/new/results/ml_samples/N3_sw0.30_x+0_i0023.h5,3,3.000000000e-01,0,1.000000000e+00,gen_N,true,fall,1585
/mnt/pd/tema1/new/results/ml_samples/N3_sw0.30_x-1_i0017.h5,3,3.000000000e-01,-1,8.032377505e-01,gen_N,true,fall,327
/mnt/pd/tema1/new/results/ml_samples/N3_sw0.30_x-1_i0033.h5,3,3.000000000e-01,-1,8.032377505e-01,gen_N,true,fall,120
/mnt/pd/tema1/new/results/ml_samples/N3_sw0.30_x+1_i0047.h5,3,3.000000000e-01,1,1.196762249e+00,gen_N,true,rise,661
/mnt/pd/tema1/new/results/ml_samples/N3_sw0.30_x-1_i0013.h5,3,3.000000000e-01,-1,8.032377505e-01,gen_N,true,fall,222
/mnt/pd/tema1/new/results/ml_samples/N3_sw0.30_x-1_i0041.h5,3,3.000000000e-01,-1,8.032377505e-01,gen_N,true,fall,157
/mnt/pd/tema1/new/results/ml_samples/N3_sw0.30_x+1_i0021.h5,3,3.000000000e-01,1,1.196762249e+00,gen_N,true,fall,1077
/mnt/pd/tema1/new/results/ml_samples/N3_sw0.30_x-1_i0039.h5,3,3.000000000e-01,-1,8.032377505e-01,gen_N,true,fall,145
/mnt/pd/tema1/new/results/ml_samples/N3_sw0.30_x-1_i0031.h5,3,3.000000000e-01,-1,8.032377505e-01,gen_N,true,fall,252
/mnt/pd/tema1/new/results/ml_samples/N3_sw0.30_x+1_i0033.h5,3,3.000000000e-01,1,1.196762249e+00,gen_N,true,rise,830
/mnt/pd/tema1/new/results/ml_samples/N3_sw0.30_x+1_i0035.h5,3,3.000000000e-01,1,1.196762249e+00,gen_N,true,rise,880
/mnt/pd/tema1/new/results/ml_samples/N3_sw0.30_x-1_i0023.h5,3,3.000000000e-01,-1,8.032377505e-01,gen_N,true,fall,296
/mnt/pd/tema1/new/results/ml_samples/N3_sw0.30_x-1_i0037.h5,3,3.000000000e-01,-1,8.032377505e-01,gen_N,true,fall,280
/mnt/pd/tema1/new/results/ml_samples/N3_sw0.30_x-1_i0049.h5,3,3.000000000e-01,-1,8.032377505e-01,gen_N,true,fall,198
/mnt/pd/tema1/new/results/ml_samples/N3_sw0.30_x-1_i0003.h5,3,3.000000000e-01,-1,8.032377505e-01,gen_N,true,fall,657
/mnt/pd/tema1/new/results/ml_samples/N3_sw0.30_x+1_i0029.h5,3,3.000000000e-01,1,1.196762249e+00,gen_N,true,rise,1090
/mnt/pd/tema1/new/results/ml_samples/N3_sw0.30_x+0_i0029.h5,3,3.000000000e-01,0,1.000000000e+00,gen_N,true,fall,1844
/mnt/pd/tema1/new/results/ml_samples/N3_sw0.30_x-1_i0035.h5,3,3.000000000e-01,-1,8.032377505e-01,gen_N,true,fall,488
/mnt/pd/tema1/new/results/ml_samples/N4_sw0.15_x+0_i0023.h5,4,1.500000000e-01,0,1.000000000e+00,main,true,fall,137
/mnt/pd/tema1/new/results/ml_samples/N3_sw0.30_x-1_i0043.h5,3,3.000000000e-01,-1,8.032377505e-01,gen_N,true,fall,428
/mnt/pd/tema1/new/results/ml_samples/N3_sw0.30_x-1_i0027.h5,3,3.000000000e-01,-1,8.032377505e-01,gen_N,true,fall,726
/mnt/pd/tema1/new/results/ml_samples/N3_sw0.30_x-1_i0021.h5,3,3.000000000e-01,-1,8.032377505e-01,gen_N,true,fall,811
/mnt/pd/tema1/new/results/ml_samples/N4_sw0.15_x+0_i0007.h5,4,1.500000000e-01,0,1.000000000e+00,main,true,fall,521
/mnt/pd/tema1/new/results/ml_samples/N3_sw0.30_x+1_i0037.h5,3,3.000000000e-01,1,1.196762249e+00,gen_N,true,rise,1435
/mnt/pd/tema1/new/results/ml_samples/N3_sw0.30_x-1_i0047.h5,3,3.000000000e-01,-1,8.032377505e-01,gen_N,true,rise,811
/mnt/pd/tema1/new/results/ml_samples/N3_sw0.30_x+0_i0031.h5,3,3.000000000e-01,0,1.000000000e+00,gen_N,true,fall,2395
/mnt/pd/tema1/new/results/ml_samples/N3_sw0.30_x-1_i0011.h5,3,3.000000000e-01,-1,8.032377505e-01,gen_N,true,fall,1213
/mnt/pd/tema1/new/results/ml_samples/N3_sw0.30_x+0_i0021.h5,3,3.000000000e-01,0,1.000000000e+00,gen_N,true,fall,2545
/mnt/pd/tema1/new/results/ml_samples/N4_sw0.15_x+0_i0015.h5,4,1.500000000e-01,0,1.000000000e+00,main,true,fall,523
/mnt/pd/tema1/new/results/ml_samples/N4_sw0.15_x+0_i0019.h5,4,1.500000000e-01,0,1.000000000e+00,main,true,fall,568
/mnt/pd/tema1/new/results/ml_samples/N4_sw0.15_x+0_i0045.h5,4,1.500000000e-01,0,1.000000000e+00,main,true,fall,378
/mnt/pd/tema1/new/results/ml_samples/N4_sw0.15_x+0_i0001.h5,4,1.500000000e-01,0,1.000000000e+00,main,true,fall,697
/mnt/pd/tema1/new/results/ml_samples/N4_sw0.15_x+0_i0025.h5,4,1.500000000e-01,0,1.000000000e+00,main,true,fall,637
/mnt/pd/tema1/new/results/ml_samples/N4_sw0.15_x+0_i0047.h5,4,1.500000000e-01,0,1.000000000e+00,main,true,rise,616
/mnt/pd/tema1/new/results/ml_samples/N4_sw0.15_x+0_i0051.h5,4,1.500000000e-01,0,1.000000000e+00,main,true,fall,457
/mnt/pd/tema1/new/results/ml_samples/N4_sw0.15_x+0_i0055.h5,4,1.500000000e-01,0,1.000000000e+00,main,true,fall,385
/mnt/pd/tema1/new/results/ml_samples/N4_sw0.15_x+0_i0017.h5,4,1.500000000e-01,0,1.000000000e+00,main,true,rise,803
/mnt/pd/tema1/new/results/ml_samples/N4_sw0.15_x+0_i0033.h5,4,1.500000000e-01,0,1.000000000e+00,main,true,fall,805
/mnt/pd/tema1/new/results/ml_samples/N4_sw0.15_x+0_i0009.h5,4,1.500000000e-01,0,1.000000000e+00,main,true,rise,1074
/mnt/pd/tema1/new/results/ml_samples/N4_sw0.15_x+0_i0057.h5,4,1.500000000e-01,0,1.000000000e+00,main,true,fall,739
/mnt/pd/tema1/new/results/ml_samples/N4_sw0.15_x+0_i0003.h5,4,1.500000000e-01,0,1.000000000e+00,main,true,rise,1195
/mnt/pd/tema1/new/results/ml_samples/N4_sw0.15_x+0_i0069.h5,4,1.500000000e-01,0,1.000000000e+00,main,true,fall,654
/mnt/pd/tema1/new/results/ml_samples/N4_sw0.15_x+0_i0011.h5,4,1.500000000e-01,0,1.000000000e+00,main,true,rise,1238
/mnt/pd/tema1/new/results/ml_samples/N4_sw0.15_x+0_i0013.h5,4,1.500000000e-01,0,1.000000000e+00,main,true,rise,1741
/mnt/pd/tema1/new/results/ml_samples/N4_sw0.15_x+0_i0077.h5,4,1.500000000e-01,0,1.000000000e+00,main,true,fall,402
/mnt/pd/tema1/new/results/ml_samples/N4_sw0.15_x+0_i0035.h5,4,1.500000000e-01,0,1.000000000e+00,main,true,rise,1213
/mnt/pd/tema1/new/results/ml_samples/N4_sw0.15_x+0_i0039.h5,4,1.500000000e-01,0,1.000000000e+00,main,true,rise,1239
/mnt/pd/tema1/new/results/ml_samples/N4_sw0.15_x+0_i0053.h5,4,1.500000000e-01,0,1.000000000e+00,main,true,rise,1084
/mnt/pd/tema1/new/results/ml_samples/N4_sw0.15_x+0_i0043.h5,4,1.500000000e-01,0,1.000000000e+00,main,true,fall,1463
/mnt/pd/tema1/new/results/ml_samples/N4_sw0.15_x+0_i0079.h5,4,1.500000000e-01,0,1.000000000e+00,main,true,fall,639
/mnt/pd/tema1/new/results/ml_samples/N4_sw0.15_x+0_i0031.h5,4,1.500000000e-01,0,1.000000000e+00,main,true,rise,1680
/mnt/pd/tema1/new/results/ml_samples/N4_sw0.15_x+0_i0021.h5,4,1.500000000e-01,0,1.000000000e+00,main,true,rise,1728
/mnt/pd/tema1/new/results/ml_samples/N4_sw0.15_x+0_i0061.h5,4,1.500000000e-01,0,1.000000000e+00,main,true,fall,1218
/mnt/pd/tema1/new/results/ml_samples/N4_sw0.15_x+0_i0037.h5,4,1.500000000e-01,0,1.000000000e+00,main,true,rise,1646
/mnt/pd/tema1/new/results/ml_samples/N4_sw0.15_x+0_i0097.h5,4,1.500000000e-01,0,1.000000000e+00,main,true,fall,278
/mnt/pd/tema1/new/results/ml_samples/N4_sw0.15_x+0_i0027.h5,4,1.500000000e-01,0,1.000000000e+00,main,true,rise,1827
/mnt/pd/tema1/new/results/ml_samples/N4_sw0.15_x+0_i0073.h5,4,1.500000000e-01,0,1.000000000e+00,main,true,fall,1197
/mnt/pd/tema1/new/results/ml_samples/N4_sw0.15_x+0_i0107.h5,4,1.500000000e-01,0,1.000000000e+00,main,true,fall,505
/mnt/pd/tema1/new/results/ml_samples/N4_sw0.15_x+0_i0105.h5,4,1.500000000e-01,0,1.000000000e+00,main,true,fall,601
/mnt/pd/tema1/new/results/ml_samples/N4_sw0.15_x+0_i0029.h5,4,1.500000000e-01,0,1.000000000e+00,main,true,fall,2215
/mnt/pd/tema1/new/results/ml_samples/N4_sw0.15_x+0_i0095.h5,4,1.500000000e-01,0,1.000000000e+00,main,true,fall,959
/mnt/pd/tema1/new/results/ml_samples/N4_sw0.15_x+0_i0059.h5,4,1.500000000e-01,0,1.000000000e+00,main,true,rise,1992
/mnt/pd/tema1/new/results/ml_samples/N3_sw0.30_x-1_i0045.h5,3,3.000000000e-01,-1,8.032377505e-01,gen_N,true,fall,4606
/mnt/pd/tema1/new/results/ml_samples/N4_sw0.15_x+0_i0101.h5,4,1.500000000e-01,0,1.000000000e+00,main,true,fall,869
/mnt/pd/tema1/new/results/ml_samples/N4_sw0.15_x+0_i0109.h5,4,1.500000000e-01,0,1.000000000e+00,main,true,rise,871
/mnt/pd/tema1/new/results/ml_samples/N4_sw0.15_x+0_i0083.h5,4,1.500000000e-01,0,1.000000000e+00,main,true,fall,1433
/mnt/pd/tema1/new/results/ml_samples/N4_sw0.15_x+0_i0127.h5,4,1.500000000e-01,0,1.000000000e+00,main,true,fall,241
/mnt/pd/tema1/new/results/ml_samples/N4_sw0.15_x+0_i0121.h5,4,1.500000000e-01,0,1.000000000e+00,main,true,fall,515
/mnt/pd/tema1/new/results/ml_samples/N4_sw0.15_x+0_i0063.h5,4,1.500000000e-01,0,1.000000000e+00,main,true,rise,2226
/mnt/pd/tema1/new/results/ml_samples/N4_sw0.15_x+0_i0065.h5,4,1.500000000e-01,0,1.000000000e+00,main,true,rise,2266
/mnt/pd/tema1/new/results/ml_samples/N4_sw0.15_x+0_i0085.h5,4,1.500000000e-01,0,1.000000000e+00,main,true,rise,2545
/mnt/pd/tema1/new/results/ml_samples/N4_sw0.15_x+0_i0137.h5,4,1.500000000e-01,0,1.000000000e+00,main,true,fall,328
/mnt/pd/tema1/new/results/ml_samples/N4_sw0.15_x+0_i0091.h5,4,1.500000000e-01,0,1.000000000e+00,main,true,fall,1767
/mnt/pd/tema1/new/results/ml_samples/N4_sw0.15_x+0_i0049.h5,4,1.500000000e-01,0,1.000000000e+00,main,true,fall,2742
/mnt/pd/tema1/new/results/ml_samples/N4_sw0.15_x+0_i0087.h5,4,1.500000000e-01,0,1.000000000e+00,main,true,fall,2053
/mnt/pd/tema1/new/results/ml_samples/N4_sw0.15_x+0_i0093.h5,4,1.500000000e-01,0,1.000000000e+00,main,true,rise,2039
/mnt/pd/tema1/new/results/ml_samples/N4_sw0.15_x+0_i0149.h5,4,1.500000000e-01,0,1.000000000e+00,main,true,fall,322
/mnt/pd/tema1/new/results/ml_samples/N4_sw0.15_x+0_i0081.h5,4,1.500000000e-01,0,1.000000000e+00,main,true,fall,2214
/mnt/pd/tema1/new/results/ml_samples/N4_sw0.15_x+0_i0151.h5,4,1.500000000e-01,0,1.000000000e+00,main,true,fall,240
/mnt/pd/tema1/new/results/ml_samples/N4_sw0.15_x+0_i0071.h5,4,1.500000000e-01,0,1.000000000e+00,main,true,rise,2721
/mnt/pd/tema1/new/results/ml_samples/N4_sw0.15_x+0_i0131.h5,4,1.500000000e-01,0,1.000000000e+00,main,true,fall,931
/mnt/pd/tema1/new/results/ml_samples/N4_sw0.15_x+0_i0005.h5,4,1.500000000e-01,0,1.000000000e+00,main,true,fall,3737
/mnt/pd/tema1/new/results/ml_samples/N4_sw0.15_x+0_i0147.h5,4,1.500000000e-01,0,1.000000000e+00,main,true,fall,626
/mnt/pd/tema1/new/results/ml_samples/N4_sw0.15_x+0_i0157.h5,4,1.500000000e-01,0,1.000000000e+00,main,true,fall,470
/mnt/pd/tema1/new/results/ml_samples/N4_sw0.15_x+0_i0153.h5,4,1.500000000e-01,0,1.000000000e+00,main,true,fall,510
/mnt/pd/tema1/new/results/ml_samples/N4_sw0.15_x+0_i0075.h5,4,1.500000000e-01,0,1.000000000e+00,main,true,rise,3025
/mnt/pd/tema1/new/results/ml_samples/N4_sw0.15_x+0_i0125.h5,4,1.500000000e-01,0,1.000000000e+00,main,true,rise,1631
/mnt/pd/tema1/new/results/ml_samples/N4_sw0.15_x+0_i0171.h5,4,1.500000000e-01,0,1.000000000e+00,main,true,fall,255
/mnt/pd/tema1/new/results/ml_samples/N4_sw0.15_x+0_i0123.h5,4,1.500000000e-01,0,1.000000000e+00,main,true,rise,1743
/mnt/pd/tema1/new/results/ml_samples/N4_sw0.15_x+0_i0141.h5,4,1.500000000e-01,0,1.000000000e+00,main,true,rise,1329
/mnt/pd/tema1/new/results/ml_samples/N4_sw0.15_x+0_i0099.h5,4,1.500000000e-01,0,1.000000000e+00,main,true,fall,2456
/mnt/pd/tema1/new/results/ml_samples/N4_sw0.15_x+0_i0135.h5,4,1.500000000e-01,0,1.000000000e+00,main,true,fall,1523
/mnt/pd/tema1/new/results/ml_samples/N4_sw0.15_x+0_i0139.h5,4,1.500000000e-01,0,1.000000000e+00,main,true,fall,1535
/mnt/pd/tema1/new/results/ml_samples/N4_sw0.15_x+0_i0179.h5,4,1.500000000e-01,0,1.000000000e+00,main,true,fall,288
/mnt/pd/tema1/new/results/ml_samples/N4_sw0.15_x+0_i0111.h5,4,1.500000000e-01,0,1.000000000e+00,main,true,rise,2708
/mnt/pd/tema1/new/results/ml_samples/N4_sw0.15_x+0_i0145.h5,4,1.500000000e-01,0,1.000000000e+00,main,true,fall,1350
/mnt/pd/tema1/new/results/ml_samples/N4_sw0.15_x+0_i0143.h5,4,1.500000000e-01,0,1.000000000e+00,main,true,rise,2093
/mnt/pd/tema1/new/results/ml_samples/N4_sw0.15_x+0_i0167.h5,4,1.500000000e-01,0,1.000000000e+00,main,true,fall,889
/mnt/pd/tema1/new/results/ml_samples/N4_sw0.15_x+0_i0119.h5,4,1.500000000e-01,0,1.000000000e+00,main,true,fall,2347
/mnt/pd/tema1/new/results/ml_samples/N4_sw0.15_x+0_i0113.h5,4,1.500000000e-01,0,1.000000000e+00,main,true,rise,2834
/mnt/pd/tema1/new/results/ml_samples/N4_sw0.15_x+0_i0181.h5,4,1.500000000e-01,0,1.000000000e+00,main,true,rise,759
/mnt/pd/tema1/new/results/ml_samples/N4_sw0.15_x+0_i0169.h5,4,1.500000000e-01,0,1.000000000e+00,main,true,fall,1151
/mnt/pd/tema1/new/results/ml_samples/N4_sw0.15_x+0_i0197.h5,4,1.500000000e-01,0,1.000000000e+00,main,true,fall,411
/mnt/pd/tema1/new/results/ml_samples/N4_sw0.15_x+0_i0089.h5,4,1.500000000e-01,0,1.000000000e+00,main,true,rise,5191
/mnt/pd/tema1/new/results/ml_samples/N4_sw0.15_x+0_i0195.h5,4,1.500000000e-01,0,1.000000000e+00,main,true,fall,706
/mnt/pd/tema1/new/results/ml_samples/N4_sw0.15_x+0_i0115.h5,4,1.500000000e-01,0,1.000000000e+00,main,true,rise,3153
/mnt/pd/tema1/new/results/ml_samples/N4_sw0.15_x+0_i0175.h5,4,1.500000000e-01,0,1.000000000e+00,main,true,fall,1081
/mnt/pd/tema1/new/results/ml_samples/N4_sw0.15_x+0_i0103.h5,4,1.500000000e-01,0,1.000000000e+00,main,true,rise,3429
/mnt/pd/tema1/new/results/ml_samples/N4_sw0.15_x+1_i0011.h5,4,1.500000000e-01,1,1.130292401e+00,main,true,fall,244
/mnt/pd/tema1/new/results/ml_samples/N4_sw0.15_x+0_i0185.h5,4,1.500000000e-01,0,1.000000000e+00,main,true,fall,1440
/mnt/pd/tema1/new/results/ml_samples/N4_sw0.15_x+1_i0005.h5,4,1.500000000e-01,1,1.130292401e+00,main,true,rise,750
/mnt/pd/tema1/new/results/ml_samples/N4_sw0.15_x+1_i0009.h5,4,1.500000000e-01,1,1.130292401e+00,main,true,fall,1095
/mnt/pd/tema1/new/results/ml_samples/N4_sw0.15_x+0_i0117.h5,4,1.500000000e-01,0,1.000000000e+00,main,true,rise,3659
/mnt/pd/tema1/new/results/ml_samples/N4_sw0.15_x+1_i0019.h5,4,1.500000000e-01,1,1.130292401e+00,main,true,rise,985
/mnt/pd/tema1/new/results/ml_samples/N4_sw0.15_x+1_i0001.h5,4,1.500000000e-01,1,1.130292401e+00,main,true,rise,1347
/mnt/pd/tema1/new/results/ml_samples/N4_sw0.15_x+1_i0023.h5,4,1.500000000e-01,1,1.130292401e+00,main,true,rise,459
/mnt/pd/tema1/new/results/ml_samples/N4_sw0.15_x+1_i0029.h5,4,1.500000000e-01,1,1.130292401e+00,main,true,fall,508
/mnt/pd/tema1/new/results/ml_samples/N4_sw0.15_x+0_i0041.h5,4,1.500000000e-01,0,1.000000000e+00,main,true,timeout,6001
/mnt/pd/tema1/new/results/ml_samples/N4_sw0.15_x+1_i0013.h5,4,1.500000000e-01,1,1.130292401e+00,main,true,fall,1244
/mnt/pd/tema1/new/results/ml_samples/N4_sw0.15_x+0_i0159.h5,4,1.500000000e-01,0,1.000000000e+00,main,true,fall,2864
/mnt/pd/tema1/new/results/ml_samples/N4_sw0.15_x+1_i0003.h5,4,1.500000000e-01,1,1.130292401e+00,main,true,fall,1568
/mnt/pd/tema1/new/results/ml_samples/N4_sw0.15_x+1_i0025.h5,4,1.500000000e-01,1,1.130292401e+00,main,true,rise,1088
/mnt/pd/tema1/new/results/ml_samples/N4_sw0.15_x+0_i0155.h5,4,1.500000000e-01,0,1.000000000e+00,main,true,rise,3128
/mnt/pd/tema1/new/results/ml_samples/N4_sw0.15_x+0_i0067.h5,4,1.500000000e-01,0,1.000000000e+00,main,true,timeout,6001
/mnt/pd/tema1/new/results/ml_samples/N4_sw0.15_x+1_i0037.h5,4,1.500000000e-01,1,1.130292401e+00,main,true,rise,581
/mnt/pd/tema1/new/results/ml_samples/N4_sw0.15_x+1_i0017.h5,4,1.500000000e-01,1,1.130292401e+00,main,true,rise,1772
/mnt/pd/tema1/new/results/ml_samples/N4_sw0.15_x+1_i0039.h5,4,1.500000000e-01,1,1.130292401e+00,main,true,rise,679
/mnt/pd/tema1/new/results/ml_samples/N4_sw0.15_x+1_i0035.h5,4,1.500000000e-01,1,1.130292401e+00,main,true,rise,1265
/mnt/pd/tema1/new/results/ml_samples/N4_sw0.15_x+0_i0187.h5,4,1.500000000e-01,0,1.000000000e+00,main,true,rise,2836
/mnt/pd/tema1/new/results/ml_samples/N4_sw0.15_x+1_i0033.h5,4,1.500000000e-01,1,1.130292401e+00,main,true,rise,1163
/mnt/pd/tema1/new/results/ml_samples/N4_sw0.15_x+0_i0199.h5,4,1.500000000e-01,0,1.000000000e+00,main,true,fall,3078
/mnt/pd/tema1/new/results/ml_samples/N4_sw0.15_x+0_i0163.h5,4,1.500000000e-01,0,1.000000000e+00,main,true,rise,3834
/mnt/pd/tema1/new/results/ml_samples/N4_sw0.15_x+1_i0027.h5,4,1.500000000e-01,1,1.130292401e+00,main,true,rise,1628
/mnt/pd/tema1/new/results/ml_samples/N4_sw0.15_x+1_i0007.h5,4,1.500000000e-01,1,1.130292401e+00,main,true,rise,2454
/mnt/pd/tema1/new/results/ml_samples/N4_sw0.15_x+1_i0047.h5,4,1.500000000e-01,1,1.130292401e+00,main,true,rise,1009
/mnt/pd/tema1/new/results/ml_samples/N4_sw0.15_x+1_i0055.h5,4,1.500000000e-01,1,1.130292401e+00,main,true,rise,630
/mnt/pd/tema1/new/results/ml_samples/N4_sw0.15_x+1_i0063.h5,4,1.500000000e-01,1,1.130292401e+00,main,true,fall,342
/mnt/pd/tema1/new/results/ml_samples/N4_sw0.15_x+0_i0165.h5,4,1.500000000e-01,0,1.000000000e+00,main,true,fall,4109
/mnt/pd/tema1/new/results/ml_samples/N4_sw0.15_x+1_i0071.h5,4,1.500000000e-01,1,1.130292401e+00,main,true,fall,276
/mnt/pd/tema1/new/results/ml_samples/N4_sw0.15_x+1_i0065.h5,4,1.500000000e-01,1,1.130292401e+00,main,true,rise,493
/mnt/pd/tema1/new/results/ml_samples/N4_sw0.15_x+0_i0173.h5,4,1.500000000e-01,0,1.000000000e+00,main,true,rise,3933
/mnt/pd/tema1/new/results/ml_samples/N4_sw0.15_x+1_i0069.h5,4,1.500000000e-01,1,1.130292401e+00,main,true,fall,467
/mnt/pd/tema1/new/results/ml_samples/N4_sw0.15_x+1_i0061.h5,4,1.500000000e-01,1,1.130292401e+00,main,true,rise,652
/mnt/pd/tema1/new/results/ml_samples/N4_sw0.15_x+1_i0043.h5,4,1.500000000e-01,1,1.130292401e+00,main,true,rise,1567
/mnt/pd/tema1/new/results/ml_samples/N4_sw0.15_x+1_i0059.h5,4,1.500000000e-01,1,1.130292401e+00,main,true,rise,875
/mnt/pd/tema1/new/results/ml_samples/N4_sw0.15_x+1_i0067.h5,4,1.500000000e-01,1,1.130292401e+00,main,true,rise,693
/mnt/pd/tema1/new/results/ml_samples/N4_sw0.15_x+1_i0031.h5,4,1.500000000e-01,1,1.130292401e+00,main,true,rise,2206
/mnt/pd/tema1/new/results/ml_samples/N4_sw0.15_x+1_i0041.h5,4,1.500000000e-01,1,1.130292401e+00,main,true,rise,1863
/mnt/pd/tema1/new/results/ml_samples/N4_sw0.15_x+1_i0015.h5,4,1.500000000e-01,1,1.130292401e+00,main,true,rise,3103
/mnt/pd/tema1/new/results/ml_samples/N4_sw0.15_x+0_i0189.h5,4,1.500000000e-01,0,1.000000000e+00,main,true,fall,3926
/mnt/pd/tema1/new/results/ml_samples/N4_sw0.15_x+1_i0073.h5,4,1.500000000e-01,1,1.130292401e+00,main,true,rise,719
/mnt/pd/tema1/new/results/ml_samples/N4_sw0.15_x+1_i0021.h5,4,1.500000000e-01,1,1.130292401e+00,main,true,rise,2754
/mnt/pd/tema1/new/results/ml_samples/N4_sw0.15_x+1_i0051.h5,4,1.500000000e-01,1,1.130292401e+00,main,true,rise,1716
/mnt/pd/tema1/new/results/ml_samples/N4_sw0.15_x+1_i0093.h5,4,1.500000000e-01,1,1.130292401e+00,main,true,rise,465
/mnt/pd/tema1/new/results/ml_samples/N4_sw0.15_x+0_i0129.h5,4,1.500000000e-01,0,1.000000000e+00,main,true,timeout,6001
/mnt/pd/tema1/new/results/ml_samples/N4_sw0.15_x+1_i0049.h5,4,1.500000000e-01,1,1.130292401e+00,main,true,rise,2084
/mnt/pd/tema1/new/results/ml_samples/N4_sw0.15_x+0_i0133.h5,4,1.500000000e-01,0,1.000000000e+00,main,true,timeout,6001
/mnt/pd/tema1/new/results/ml_samples/N4_sw0.15_x+0_i0161.h5,4,1.500000000e-01,0,1.000000000e+00,main,true,fall,5339
/mnt/pd/tema1/new/results/ml_samples/N4_sw0.15_x+1_i0075.h5,4,1.500000000e-01,1,1.130292401e+00,main,true,rise,1759
/mnt/pd/tema1/new/results/ml_samples/N4_sw0.15_x+1_i0109.h5,4,1.500000000e-01,1,1.130292401e+00,main,true,fall,339
/mnt/pd/tema1/new/results/ml_samples/N4_sw0.15_x+1_i0079.h5,4,1.500000000e-01,1,1.130292401e+00,main,true,fall,1203
/mnt/pd/tema1/new/results/ml_samples/N4_sw0.15_x+1_i0057.h5,4,1.500000000e-01,1,1.130292401e+00,main,true,rise,2807
/mnt/pd/tema1/new/results/ml_samples/N4_sw0.15_x+0_i0193.h5,4,1.500000000e-01,0,1.000000000e+00,main,true,rise,4744
/mnt/pd/tema1/new/results/ml_samples/N4_sw0.15_x+1_i0077.h5,4,1.500000000e-01,1,1.130292401e+00,main,true,rise,1729
/mnt/pd/tema1/new/results/ml_samples/N4_sw0.15_x+1_i0119.h5,4,1.500000000e-01,1,1.130292401e+00,main,true,rise,656
/mnt/pd/tema1/new/results/ml_samples/N4_sw0.15_x+1_i0115.h5,4,1.500000000e-01,1,1.130292401e+00,main,true,rise,602
/mnt/pd/tema1/new/results/ml_samples/N4_sw0.15_x+1_i0083.h5,4,1.500000000e-01,1,1.130292401e+00,main,true,fall,1697
/mnt/pd/tema1/new/results/ml_samples/N4_sw0.15_x+1_i0111.h5,4,1.500000000e-01,1,1.130292401e+00,main,true,rise,887
/mnt/pd/tema1/new/results/ml_samples/N4_sw0.15_x+1_i0125.h5,4,1.500000000e-01,1,1.130292401e+00,main,true,fall,501
/mnt/pd/tema1/new/results/ml_samples/N4_sw0.15_x+1_i0087.h5,4,1.500000000e-01,1,1.130292401e+00,main,true,rise,1649
/mnt/pd/tema1/new/results/ml_samples/N4_sw0.15_x+1_i0095.h5,4,1.500000000e-01,1,1.130292401e+00,main,true,rise,1388
/mnt/pd/tema1/new/results/ml_samples/N4_sw0.15_x+1_i0089.h5,4,1.500000000e-01,1,1.130292401e+00,main,true,fall,1620
/mnt/pd/tema1/new/results/ml_samples/N4_sw0.15_x+1_i0101.h5,4,1.500000000e-01,1,1.130292401e+00,main,true,rise,1352
/mnt/pd/tema1/new/results/ml_samples/N4_sw0.15_x+1_i0113.h5,4,1.500000000e-01,1,1.130292401e+00,main,true,rise,1063
/mnt/pd/tema1/new/results/ml_samples/N4_sw0.15_x+1_i0085.h5,4,1.500000000e-01,1,1.130292401e+00,main,true,fall,1898
/mnt/pd/tema1/new/results/ml_samples/N4_sw0.15_x+1_i0117.h5,4,1.500000000e-01,1,1.130292401e+00,main,true,rise,905
/mnt/pd/tema1/new/results/ml_samples/N4_sw0.15_x+1_i0143.h5,4,1.500000000e-01,1,1.130292401e+00,main,true,fall,319
/mnt/pd/tema1/new/results/ml_samples/N4_sw0.15_x+1_i0105.h5,4,1.500000000e-01,1,1.130292401e+00,main,true,rise,1694
/mnt/pd/tema1/new/results/ml_samples/N4_sw0.15_x+1_i0127.h5,4,1.500000000e-01,1,1.130292401e+00,main,true,rise,881
/mnt/pd/tema1/new/results/ml_samples/N4_sw0.15_x+0_i0191.h5,4,1.500000000e-01,0,1.000000000e+00,main,true,fall,5502
/mnt/pd/tema1/new/results/ml_samples/N4_sw0.15_x+1_i0123.h5,4,1.500000000e-01,1,1.130292401e+00,main,true,rise,1098
/mnt/pd/tema1/new/results/ml_samples/N4_sw0.15_x+1_i0131.h5,4,1.500000000e-01,1,1.130292401e+00,main,true,rise,1147
/mnt/pd/tema1/new/results/ml_samples/N4_sw0.15_x+0_i0177.h5,4,1.500000000e-01,0,1.000000000e+00,main,true,timeout,6001
/mnt/pd/tema1/new/results/ml_samples/N4_sw0.15_x+0_i0183.h5,4,1.500000000e-01,0,1.000000000e+00,main,true,timeout,6001
/mnt/pd/tema1/new/results/ml_samples/N4_sw0.15_x+1_i0165.h5,4,1.500000000e-01,1,1.130292401e+00,main,true,fall,332
/mnt/pd/tema1/new/results/ml_samples/N4_sw0.15_x+1_i0107.h5,4,1.500000000e-01,1,1.130292401e+00,main,true,rise,1915
/mnt/pd/tema1/new/results/ml_samples/N4_sw0.15_x+1_i0129.h5,4,1.500000000e-01,1,1.130292401e+00,main,true,rise,1203
/mnt/pd/tema1/new/results/ml_samples/N4_sw0.15_x+1_i0151.h5,4,1.500000000e-01,1,1.130292401e+00,main,true,rise,779
/mnt/pd/tema1/new/results/ml_samples/N4_sw0.15_x+1_i0147.h5,4,1.500000000e-01,1,1.130292401e+00,main,true,fall,934
/mnt/pd/tema1/new/results/ml_samples/N4_sw0.15_x+1_i0121.h5,4,1.500000000e-01,1,1.130292401e+00,main,true,rise,1748
/mnt/pd/tema1/new/results/ml_samples/N4_sw0.15_x+1_i0091.h5,4,1.500000000e-01,1,1.130292401e+00,main,true,rise,2503
/mnt/pd/tema1/new/results/ml_samples/N4_sw0.15_x+1_i0145.h5,4,1.500000000e-01,1,1.130292401e+00,main,true,rise,1452
/mnt/pd/tema1/new/results/ml_samples/N4_sw0.15_x+1_i0133.h5,4,1.500000000e-01,1,1.130292401e+00,main,true,rise,1600
/mnt/pd/tema1/new/results/ml_samples/N4_sw0.15_x+1_i0167.h5,4,1.500000000e-01,1,1.130292401e+00,main,true,rise,866
/mnt/pd/tema1/new/results/ml_samples/N4_sw0.15_x+1_i0169.h5,4,1.500000000e-01,1,1.130292401e+00,main,true,rise,871
/mnt/pd/tema1/new/results/ml_samples/N4_sw0.15_x+1_i0149.h5,4,1.500000000e-01,1,1.130292401e+00,main,true,fall,1565
/mnt/pd/tema1/new/results/ml_samples/N4_sw0.15_x+1_i0053.h5,4,1.500000000e-01,1,1.130292401e+00,main,true,fall,4391
/mnt/pd/tema1/new/results/ml_samples/N4_sw0.15_x+1_i0157.h5,4,1.500000000e-01,1,1.130292401e+00,main,true,rise,1382
/mnt/pd/tema1/new/results/ml_samples/N4_sw0.15_x+1_i0163.h5,4,1.500000000e-01,1,1.130292401e+00,main,true,rise,1299
/mnt/pd/tema1/new/results/ml_samples/N4_sw0.15_x+1_i0045.h5,4,1.500000000e-01,1,1.130292401e+00,main,true,rise,4920
/mnt/pd/tema1/new/results/ml_samples/N4_sw0.15_x+1_i0175.h5,4,1.500000000e-01,1,1.130292401e+00,main,true,rise,915
/mnt/pd/tema1/new/results/ml_samples/N4_sw0.15_x+1_i0141.h5,4,1.500000000e-01,1,1.130292401e+00,main,true,rise,1904
/mnt/pd/tema1/new/results/ml_samples/N4_sw0.15_x+1_i0103.h5,4,1.500000000e-01,1,1.130292401e+00,main,true,rise,3196
/mnt/pd/tema1/new/results/ml_samples/N4_sw0.15_x+1_i0183.h5,4,1.500000000e-01,1,1.130292401e+00,main,true,rise,898
/mnt/pd/tema1/new/results/ml_samples/N4_sw0.15_x+1_i0161.h5,4,1.500000000e-01,1,1.130292401e+00,main,true,rise,1480
/mnt/pd/tema1/new/results/ml_samples/N4_sw0.15_x+1_i0173.h5,4,1.500000000e-01,1,1.130292401e+00,main,true,rise,1205
/mnt/pd/tema1/new/results/ml_samples/N4_sw0.15_x+1_i0153.h5,4,1.500000000e-01,1,1.130292401e+00,main,true,rise,1867
/mnt/pd/tema1/new/results/ml_samples/N4_sw0.15_x+1_i0179.h5,4,1.500000000e-01,1,1.130292401e+00,main,true,fall,1187
/mnt/pd/tema1/new/results/ml_samples/N4_sw0.15_x+1_i0097.h5,4,1.500000000e-01,1,1.130292401e+00,main,true,rise,3401
/mnt/pd/tema1/new/results/ml_samples/N4_sw0.15_x+2_i0013.h5,4,1.500000000e-01,2,1.260584802e+00,main,true,fall,224
/mnt/pd/tema1/new/results/ml_samples/N4_sw0.15_x+1_i0195.h5,4,1.500000000e-01,1,1.130292401e+00,main,true,rise,620
/mnt/pd/tema1/new/results/ml_samples/N4_sw0.15_x+1_i0099.h5,4,1.500000000e-01,1,1.130292401e+00,main,true,rise,3600
/mnt/pd/tema1/new/results/ml_samples/N4_sw0.15_x+1_i0139.h5,4,1.500000000e-01,1,1.130292401e+00,main,true,rise,3449
/mnt/pd/tema1/new/results/ml_samples/N4_sw0.15_x+1_i0135.h5,4,1.500000000e-01,1,1.130292401e+00,main,true,rise,2565
/mnt/pd/tema1/new/results/ml_samples/N4_sw0.15_x+1_i0187.h5,4,1.500000000e-01,1,1.130292401e+00,main,true,rise,1041
/mnt/pd/tema1/new/results/ml_samples/N4_sw0.15_x+2_i0003.h5,4,1.500000000e-01,2,1.260584802e+00,main,true,rise,645
/mnt/pd/tema1/new/results/ml_samples/N4_sw0.15_x+1_i0189.h5,4,1.500000000e-01,1,1.130292401e+00,main,true,rise,1024
/mnt/pd/tema1/new/results/ml_samples/N4_sw0.15_x+2_i0007.h5,4,1.500000000e-01,2,1.260584802e+00,main,true,rise,689
/mnt/pd/tema1/new/results/ml_samples/N4_sw0.15_x+1_i0137.h5,4,1.500000000e-01,1,1.130292401e+00,main,true,fall,2831
/mnt/pd/tema1/new/results/ml_samples/N4_sw0.15_x+2_i0011.h5,4,1.500000000e-01,2,1.260584802e+00,main,true,rise,778
/mnt/pd/tema1/new/results/ml_samples/N4_sw0.15_x+2_i0005.h5,4,1.500000000e-01,2,1.260584802e+00,main,true,rise,800
/mnt/pd/tema1/new/results/ml_samples/N4_sw0.15_x+2_i0001.h5,4,1.500000000e-01,2,1.260584802e+00,main,true,rise,955
/mnt/pd/tema1/new/results/ml_samples/N4_sw0.15_x+1_i0197.h5,4,1.500000000e-01,1,1.130292401e+00,main,true,rise,1068
/mnt/pd/tema1/new/results/ml_samples/N4_sw0.15_x+1_i0177.h5,4,1.500000000e-01,1,1.130292401e+00,main,true,rise,1949
/mnt/pd/tema1/new/results/ml_samples/N4_sw0.15_x+1_i0155.h5,4,1.500000000e-01,1,1.130292401e+00,main,true,rise,2724
/mnt/pd/tema1/new/results/ml_samples/N4_sw0.15_x+1_i0181.h5,4,1.500000000e-01,1,1.130292401e+00,main,true,rise,1960
/mnt/pd/tema1/new/results/ml_samples/N4_sw0.15_x+1_i0199.h5,4,1.500000000e-01,1,1.130292401e+00,main,true,rise,1315
/mnt/pd/tema1/new/results/ml_samples/N4_sw0.15_x+2_i0031.h5,4,1.500000000e-01,2,1.260584802e+00,main,true,rise,642
/mnt/pd/tema1/new/results/ml_samples/N4_sw0.15_x+2_i0027.h5,4,1.500000000e-01,2,1.260584802e+00,main,true,rise,998
/mnt/pd/tema1/new/results/ml_samples/N4_sw0.15_x+2_i0019.h5,4,1.500000000e-01,2,1.260584802e+00,main,true,rise,943
/mnt/pd/tema1/new/results/ml_samples/N4_sw0.15_x+2_i0029.h5,4,1.500000000e-01,2,1.260584802e+00,main,true,rise,813
/mnt/pd/tema1/new/results/ml_samples/N4_sw0.15_x+2_i0017.h5,4,1.500000000e-01,2,1.260584802e+00,main,true,rise,1004
/mnt/pd/tema1/new/results/ml_samples/N4_sw0.15_x+1_i0191.h5,4,1.500000000e-01,1,1.130292401e+00,main,true,fall,1701
/mnt/pd/tema1/new/results/ml_samples/N4_sw0.15_x+1_i0171.h5,4,1.500000000e-01,1,1.130292401e+00,main,true,rise,3240
/mnt/pd/tema1/new/results/ml_samples/N4_sw0.15_x+2_i0021.h5,4,1.500000000e-01,2,1.260584802e+00,main,true,rise,1108
/mnt/pd/tema1/new/results/ml_samples/N4_sw0.15_x+1_i0193.h5,4,1.500000000e-01,1,1.130292401e+00,main,true,rise,1674
/mnt/pd/tema1/new/results/ml_samples/N4_sw0.15_x+1_i0159.h5,4,1.500000000e-01,1,1.130292401e+00,main,true,rise,2864
/mnt/pd/tema1/new/results/ml_samples/N4_sw0.15_x+2_i0059.h5,4,1.500000000e-01,2,1.260584802e+00,main,true,rise,501
/mnt/pd/tema1/new/results/ml_samples/N4_sw0.15_x+2_i0047.h5,4,1.500000000e-01,2,1.260584802e+00,main,true,rise,626
/mnt/pd/tema1/new/results/ml_samples/N4_sw0.15_x+2_i0043.h5,4,1.500000000e-01,2,1.260584802e+00,main,true,rise,798
/mnt/pd/tema1/new/results/ml_samples/N4_sw0.15_x+2_i0041.h5,4,1.500000000e-01,2,1.260584802e+00,main,true,rise,818
/mnt/pd/tema1/new/results/ml_samples/N4_sw0.15_x+2_i0051.h5,4,1.500000000e-01,2,1.260584802e+00,main,true,rise,610
/mnt/pd/tema1/new/results/ml_samples/N4_sw0.15_x+1_i0185.h5,4,1.500000000e-01,1,1.130292401e+00,main,true,rise,2232
/mnt/pd/tema1/new/results/ml_samples/N4_sw0.15_x+2_i0033.h5,4,1.500000000e-01,2,1.260584802e+00,main,true,rise,1862
/mnt/pd/tema1/new/results/ml_samples/N4_sw0.15_x+2_i0025.h5,4,1.500000000e-01,2,1.260584802e+00,main,true,rise,1550
/mnt/pd/tema1/new/results/ml_samples/N4_sw0.15_x+2_i0057.h5,4,1.500000000e-01,2,1.260584802e+00,main,true,rise,834
/mnt/pd/tema1/new/results/ml_samples/N4_sw0.15_x+2_i0037.h5,4,1.500000000e-01,2,1.260584802e+00,main,true,rise,1342
/mnt/pd/tema1/new/results/ml_samples/N4_sw0.15_x+2_i0061.h5,4,1.500000000e-01,2,1.260584802e+00,main,true,rise,730
/mnt/pd/tema1/new/results/ml_samples/N4_sw0.15_x+2_i0049.h5,4,1.500000000e-01,2,1.260584802e+00,main,true,rise,1003
/mnt/pd/tema1/new/results/ml_samples/N4_sw0.15_x+2_i0065.h5,4,1.500000000e-01,2,1.260584802e+00,main,true,rise,715
/mnt/pd/tema1/new/results/ml_samples/N4_sw0.15_x+2_i0023.h5,4,1.500000000e-01,2,1.260584802e+00,main,true,rise,1643
/mnt/pd/tema1/new/results/ml_samples/N4_sw0.15_x+2_i0067.h5,4,1.500000000e-01,2,1.260584802e+00,main,true,rise,798
/mnt/pd/tema1/new/results/ml_samples/N4_sw0.15_x+2_i0045.h5,4,1.500000000e-01,2,1.260584802e+00,main,true,rise,1342
/mnt/pd/tema1/new/results/ml_samples/N4_sw0.15_x+2_i0035.h5,4,1.500000000e-01,2,1.260584802e+00,main,true,rise,1601
/mnt/pd/tema1/new/results/ml_samples/N4_sw0.15_x+2_i0075.h5,4,1.500000000e-01,2,1.260584802e+00,main,true,rise,697
/mnt/pd/tema1/new/results/ml_samples/N4_sw0.15_x+2_i0009.h5,4,1.500000000e-01,2,1.260584802e+00,main,true,rise,2170
/mnt/pd/tema1/new/results/ml_samples/N4_sw0.15_x+2_i0069.h5,4,1.500000000e-01,2,1.260584802e+00,main,true,rise,901
/mnt/pd/tema1/new/results/ml_samples/N4_sw0.15_x+1_i0081.h5,4,1.500000000e-01,1,1.130292401e+00,main,true,timeout,6001
/mnt/pd/tema1/new/results/ml_samples/N4_sw0.15_x+2_i0079.h5,4,1.500000000e-01,2,1.260584802e+00,main,true,rise,789
/mnt/pd/tema1/new/results/ml_samples/N4_sw0.15_x+2_i0077.h5,4,1.500000000e-01,2,1.260584802e+00,main,true,rise,1141
/mnt/pd/tema1/new/results/ml_samples/N4_sw0.15_x+2_i0055.h5,4,1.500000000e-01,2,1.260584802e+00,main,true,rise,1194
/mnt/pd/tema1/new/results/ml_samples/N4_sw0.15_x+2_i0015.h5,4,1.500000000e-01,2,1.260584802e+00,main,true,rise,2193
/mnt/pd/tema1/new/results/ml_samples/N4_sw0.15_x+2_i0053.h5,4,1.500000000e-01,2,1.260584802e+00,main,true,rise,1172
/mnt/pd/tema1/new/results/ml_samples/N4_sw0.15_x+2_i0039.h5,4,1.500000000e-01,2,1.260584802e+00,main,true,rise,1665
/mnt/pd/tema1/new/results/ml_samples/N4_sw0.15_x+4_i0001.h5,4,1.500000000e-01,4,1.521169604e+00,main,true,rise,419
/mnt/pd/tema1/new/results/ml_samples/N4_sw0.15_x+4_i0005.h5,4,1.500000000e-01,4,1.521169604e+00,main,true,rise,314
/mnt/pd/tema1/new/results/ml_samples/N4_sw0.15_x+2_i0095.h5,4,1.500000000e-01,2,1.260584802e+00,main,true,rise,534
/mnt/pd/tema1/new/results/ml_samples/N4_sw0.15_x+2_i0063.h5,4,1.500000000e-01,2,1.260584802e+00,main,true,rise,1157
/mnt/pd/tema1/new/results/ml_samples/N4_sw0.15_x+4_i0007.h5,4,1.500000000e-01,4,1.521169604e+00,main,true,rise,454
/mnt/pd/tema1/new/results/ml_samples/N4_sw0.15_x+2_i0097.h5,4,1.500000000e-01,2,1.260584802e+00,main,true,rise,594
/mnt/pd/tema1/new/results/ml_samples/N4_sw0.15_x+4_i0021.h5,4,1.500000000e-01,4,1.521169604e+00,main,true,rise,415
/mnt/pd/tema1/new/results/ml_samples/N4_sw0.15_x+4_i0013.h5,4,1.500000000e-01,4,1.521169604e+00,main,true,rise,447
/mnt/pd/tema1/new/results/ml_samples/N4_sw0.15_x+4_i0011.h5,4,1.500000000e-01,4,1.521169604e+00,main,true,rise,491
/mnt/pd/tema1/new/results/ml_samples/N4_sw0.15_x+4_i0009.h5,4,1.500000000e-01,4,1.521169604e+00,main,true,rise,539
/mnt/pd/tema1/new/results/ml_samples/N4_sw0.15_x+4_i0023.h5,4,1.500000000e-01,4,1.521169604e+00,main,true,rise,427
/mnt/pd/tema1/new/results/ml_samples/N4_sw0.15_x+4_i0025.h5,4,1.500000000e-01,4,1.521169604e+00,main,true,rise,391
/mnt/pd/tema1/new/results/ml_samples/N4_sw0.15_x+4_i0015.h5,4,1.500000000e-01,4,1.521169604e+00,main,true,rise,524
/mnt/pd/tema1/new/results/ml_samples/N4_sw0.15_x+4_i0031.h5,4,1.500000000e-01,4,1.521169604e+00,main,true,rise,349
/mnt/pd/tema1/new/results/ml_samples/N4_sw0.15_x+2_i0099.h5,4,1.500000000e-01,2,1.260584802e+00,main,true,rise,638
/mnt/pd/tema1/new/results/ml_samples/N4_sw0.15_x+4_i0019.h5,4,1.500000000e-01,4,1.521169604e+00,main,true,rise,449
/mnt/pd/tema1/new/results/ml_samples/N4_sw0.15_x+4_i0043.h5,4,1.500000000e-01,4,1.521169604e+00,main,true,rise,297
/mnt/pd/tema1/new/results/ml_samples/N4_sw0.15_x+4_i0037.h5,4,1.500000000e-01,4,1.521169604e+00,main,true,rise,355
/mnt/pd/tema1/new/results/ml_samples/N4_sw0.15_x+2_i0091.h5,4,1.500000000e-01,2,1.260584802e+00,main,true,rise,832
/mnt/pd/tema1/new/results/ml_samples/N4_sw0.15_x+4_i0033.h5,4,1.500000000e-01,4,1.521169604e+00,main,true,rise,423
/mnt/pd/tema1/new/results/ml_samples/N4_sw0.15_x+2_i0093.h5,4,1.500000000e-01,2,1.260584802e+00,main,true,rise,877
/mnt/pd/tema1/new/results/ml_samples/N4_sw0.15_x+4_i0003.h5,4,1.500000000e-01,4,1.521169604e+00,main,true,rise,862
/mnt/pd/tema1/new/results/ml_samples/N4_sw0.15_x+2_i0085.h5,4,1.500000000e-01,2,1.260584802e+00,main,true,rise,1167
/mnt/pd/tema1/new/results/ml_samples/N4_sw0.15_x+4_i0039.h5,4,1.500000000e-01,4,1.521169604e+00,main,true,rise,461
/mnt/pd/tema1/new/results/ml_samples/N4_sw0.15_x+2_i0071.h5,4,1.500000000e-01,2,1.260584802e+00,main,true,rise,1609
/mnt/pd/tema1/new/results/ml_samples/N4_sw0.15_x+2_i0087.h5,4,1.500000000e-01,2,1.260584802e+00,main,true,rise,1208
/mnt/pd/tema1/new/results/ml_samples/N4_sw0.15_x+4_i0029.h5,4,1.500000000e-01,4,1.521169604e+00,main,true,rise,644
/mnt/pd/tema1/new/results/ml_samples/N4_sw0.15_x+4_i0049.h5,4,1.500000000e-01,4,1.521169604e+00,main,true,rise,437
/mnt/pd/tema1/new/results/ml_samples/N4_sw0.15_x+4_i0055.h5,4,1.500000000e-01,4,1.521169604e+00,main,true,rise,336
/mnt/pd/tema1/new/results/ml_samples/N4_sw0.15_x+4_i0045.h5,4,1.500000000e-01,4,1.521169604e+00,main,true,rise,483
/mnt/pd/tema1/new/results/ml_samples/N4_sw0.15_x+4_i0063.h5,4,1.500000000e-01,4,1.521169604e+00,main,true,rise,360
/mnt/pd/tema1/new/results/ml_samples/N4_sw0.15_x+4_i0053.h5,4,1.500000000e-01,4,1.521169604e+00,main,true,rise,385
/mnt/pd/tema1/new/results/ml_samples/N4_sw0.15_x+4_i0057.h5,4,1.500000000e-01,4,1.521169604e+00,main,true,rise,443
/mnt/pd/tema1/new/results/ml_samples/N4_sw0.15_x+4_i0027.h5,4,1.500000000e-01,4,1.521169604e+00,main,true,rise,797
/mnt/pd/tema1/new/results/ml_samples/N4_sw0.15_x+4_i0041.h5,4,1.500000000e-01,4,1.521169604e+00,main,true,rise,613
/mnt/pd/tema1/new/results/ml_samples/N4_sw0.15_x+4_i0077.h5,4,1.500000000e-01,4,1.521169604e+00,main,true,rise,263
/mnt/pd/tema1/new/results/ml_samples/N4_sw0.15_x+4_i0061.h5,4,1.500000000e-01,4,1.521169604e+00,main,true,rise,479
/mnt/pd/tema1/new/results/ml_samples/N4_sw0.15_x+4_i0071.h5,4,1.500000000e-01,4,1.521169604e+00,main,true,rise,392
/mnt/pd/tema1/new/results/ml_samples/N4_sw0.15_x+4_i0069.h5,4,1.500000000e-01,4,1.521169604e+00,main,true,rise,491
/mnt/pd/tema1/new/results/ml_samples/N4_sw0.15_x+4_i0067.h5,4,1.500000000e-01,4,1.521169604e+00,main,true,rise,496
/mnt/pd/tema1/new/results/ml_samples/N4_sw0.15_x+4_i0035.h5,4,1.500000000e-01,4,1.521169604e+00,main,true,rise,757
/mnt/pd/tema1/new/results/ml_samples/N4_sw0.15_x+2_i0089.h5,4,1.500000000e-01,2,1.260584802e+00,main,true,rise,1847
/mnt/pd/tema1/new/results/ml_samples/N4_sw0.15_x+4_i0017.h5,4,1.500000000e-01,4,1.521169604e+00,main,true,rise,1010
/mnt/pd/tema1/new/results/ml_samples/N4_sw0.15_x+4_i0073.h5,4,1.500000000e-01,4,1.521169604e+00,main,true,rise,466
/mnt/pd/tema1/new/results/ml_samples/N4_sw0.15_x+4_i0083.h5,4,1.500000000e-01,4,1.521169604e+00,main,true,rise,433
/mnt/pd/tema1/new/results/ml_samples/N4_sw0.15_x+4_i0047.h5,4,1.500000000e-01,4,1.521169604e+00,main,true,rise,793
/mnt/pd/tema1/new/results/ml_samples/N4_sw0.15_x+4_i0051.h5,4,1.500000000e-01,4,1.521169604e+00,main,true,rise,738
/mnt/pd/tema1/new/results/ml_samples/N4_sw0.15_x+4_i0059.h5,4,1.500000000e-01,4,1.521169604e+00,main,true,rise,695
/mnt/pd/tema1/new/results/ml_samples/N4_sw0.15_x+4_i0065.h5,4,1.500000000e-01,4,1.521169604e+00,main,true,rise,652
/mnt/pd/tema1/new/results/ml_samples/N4_sw0.15_x+4_i0091.h5,4,1.500000000e-01,4,1.521169604e+00,main,true,rise,570
/mnt/pd/tema1/new/results/ml_samples/N4_sw0.15_x+4_i0093.h5,4,1.500000000e-01,4,1.521169604e+00,main,true,rise,407
/mnt/pd/tema1/new/results/ml_samples/N4_sw0.15_x+2_i0073.h5,4,1.500000000e-01,2,1.260584802e+00,main,true,rise,2047
/mnt/pd/tema1/new/results/ml_samples/N4_sw0.15_x+4_i0089.h5,4,1.500000000e-01,4,1.521169604e+00,main,true,rise,451
/mnt/pd/tema1/new/results/ml_samples/N4_sw0.15_x+4_i0095.h5,4,1.500000000e-01,4,1.521169604e+00,main,true,rise,319
/mnt/pd/tema1/new/results/ml_samples/N4_sw0.15_x-1_i0003.h5,4,1.500000000e-01,-1,8.697075991e-01,main,true,fall,256
/mnt/pd/tema1/new/results/ml_samples/N4_sw0.15_x-1_i0005.h5,4,1.500000000e-01,-1,8.697075991e-01,main,true,fall,228
/mnt/pd/tema1/new/results/ml_samples/N4_sw0.15_x+4_i0087.h5,4,1.500000000e-01,4,1.521169604e+00,main,true,rise,495
/mnt/pd/tema1/new/results/ml_samples/N4_sw0.15_x-1_i0009.h5,4,1.500000000e-01,-1,8.697075991e-01,main,true,fall,237
/mnt/pd/tema1/new/results/ml_samples/N4_sw0.15_x-1_i0015.h5,4,1.500000000e-01,-1,8.697075991e-01,main,true,fall,272
/mnt/pd/tema1/new/results/ml_samples/N4_sw0.15_x+4_i0097.h5,4,1.500000000e-01,4,1.521169604e+00,main,true,rise,479
/mnt/pd/tema1/new/results/ml_samples/N4_sw0.15_x+4_i0099.h5,4,1.500000000e-01,4,1.521169604e+00,main,true,rise,486
/mnt/pd/tema1/new/results/ml_samples/N4_sw0.15_x-1_i0001.h5,4,1.500000000e-01,-1,8.697075991e-01,main,true,fall,413
/mnt/pd/tema1/new/results/ml_samples/N4_sw0.15_x-1_i0039.h5,4,1.500000000e-01,-1,8.697075991e-01,main,true,fall,207
/mnt/pd/tema1/new/results/ml_samples/N4_sw0.15_x-1_i0007.h5,4,1.500000000e-01,-1,8.697075991e-01,main,true,fall,483
/mnt/pd/tema1/new/results/ml_samples/N4_sw0.15_x-1_i0023.h5,4,1.500000000e-01,-1,8.697075991e-01,main,true,fall,265
/mnt/pd/tema1/new/results/ml_samples/N4_sw0.15_x-1_i0037.h5,4,1.500000000e-01,-1,8.697075991e-01,main,true,fall,234
/mnt/pd/tema1/new/results/ml_samples/N4_sw0.15_x-1_i0011.h5,4,1.500000000e-01,-1,8.697075991e-01,main,true,fall,533
/mnt/pd/tema1/new/results/ml_samples/N4_sw0.15_x-1_i0041.h5,4,1.500000000e-01,-1,8.697075991e-01,main,true,fall,281
/mnt/pd/tema1/new/results/ml_samples/N4_sw0.15_x-1_i0029.h5,4,1.500000000e-01,-1,8.697075991e-01,main,true,fall,477
/mnt/pd/tema1/new/results/ml_samples/N4_sw0.15_x+4_i0075.h5,4,1.500000000e-01,4,1.521169604e+00,main,true,rise,816
/mnt/pd/tema1/new/results/ml_samples/N4_sw0.15_x-1_i0035.h5,4,1.500000000e-01,-1,8.697075991e-01,main,true,fall,342
/mnt/pd/tema1/new/results/ml_samples/N4_sw0.15_x-1_i0031.h5,4,1.500000000e-01,-1,8.697075991e-01,main,true,fall,351
/mnt/pd/tema1/new/results/ml_samples/N4_sw0.15_x-1_i0025.h5,4,1.500000000e-01,-1,8.697075991e-01,main,true,fall,436
/mnt/pd/tema1/new/results/ml_samples/N4_sw0.15_x-1_i0019.h5,4,1.500000000e-01,-1,8.697075991e-01,main,true,fall,481
/mnt/pd/tema1/new/results/ml_samples/N4_sw0.15_x-1_i0059.h5,4,1.500000000e-01,-1,8.697075991e-01,main,true,fall,225
/mnt/pd/tema1/new/results/ml_samples/N4_sw0.15_x-1_i0067.h5,4,1.500000000e-01,-1,8.697075991e-01,main,true,fall,202
/mnt/pd/tema1/new/results/ml_samples/N4_sw0.15_x-1_i0063.h5,4,1.500000000e-01,-1,8.697075991e-01,main,true,fall,176
/mnt/pd/tema1/new/results/ml_samples/N4_sw0.15_x+4_i0085.h5,4,1.500000000e-01,4,1.521169604e+00,main,true,rise,846
/mnt/pd/tema1/new/results/ml_samples/N4_sw0.15_x+4_i0081.h5,4,1.500000000e-01,4,1.521169604e+00,main,true,rise,924
/mnt/pd/tema1/new/results/ml_samples/N4_sw0.15_x-1_i0017.h5,4,1.500000000e-01,-1,8.697075991e-01,main,true,fall,617
/mnt/pd/tema1/new/results/ml_samples/N4_sw0.15_x-1_i0075.h5,4,1.500000000e-01,-1,8.697075991e-01,main,true,fall,196
/mnt/pd/tema1/new/results/ml_samples/N4_sw0.15_x-1_i0013.h5,4,1.500000000e-01,-1,8.697075991e-01,main,true,fall,1101
/mnt/pd/tema1/new/results/ml_samples/N4_sw0.15_x-1_i0057.h5,4,1.500000000e-01,-1,8.697075991e-01,main,true,fall,398
/mnt/pd/tema1/new/results/ml_samples/N4_sw0.15_x-1_i0021.h5,4,1.500000000e-01,-1,8.697075991e-01,main,true,fall,646
/mnt/pd/tema1/new/results/ml_samples/N4_sw0.15_x-1_i0049.h5,4,1.500000000e-01,-1,8.697075991e-01,main,true,fall,551
/mnt/pd/tema1/new/results/ml_samples/N4_sw0.15_x-1_i0083.h5,4,1.500000000e-01,-1,8.697075991e-01,main,true,fall,219
/mnt/pd/tema1/new/results/ml_samples/N4_sw0.15_x-1_i0093.h5,4,1.500000000e-01,-1,8.697075991e-01,main,true,fall,147
/mnt/pd/tema1/new/results/ml_samples/N4_sw0.15_x-1_i0085.h5,4,1.500000000e-01,-1,8.697075991e-01,main,true,fall,298
/mnt/pd/tema1/new/results/ml_samples/N4_sw0.15_x-1_i0047.h5,4,1.500000000e-01,-1,8.697075991e-01,main,true,fall,688
/mnt/pd/tema1/new/results/ml_samples/N4_sw0.15_x-1_i0095.h5,4,1.500000000e-01,-1,8.697075991e-01,main,true,fall,202
/mnt/pd/tema1/new/results/ml_samples/N4_sw0.15_x-1_i0077.h5,4,1.500000000e-01,-1,8.697075991e-01,main,true,fall,434
/mnt/pd/tema1/new/results/ml_samples/N4_sw0.15_x-1_i0103.h5,4,1.500000000e-01,-1,8.697075991e-01,main,true,fall,262
/mnt/pd/tema1/new/results/ml_samples/N4_sw0.15_x-1_i0043.h5,4,1.500000000e-01,-1,8.697075991e-01,main,true,fall,912
/mnt/pd/tema1/new/results/ml_samples/N4_sw0.15_x-1_i0113.h5,4,1.500000000e-01,-1,8.697075991e-01,main,true,fall,146
/mnt/pd/tema1/new/results/ml_samples/N4_sw0.15_x-1_i0079.h5,4,1.500000000e-01,-1,8.697075991e-01,main,true,fall,646
/mnt/pd/tema1/new/results/ml_samples/N4_sw0.15_x-1_i0105.h5,4,1.500000000e-01,-1,8.697075991e-01,main,true,fall,303
/mnt/pd/tema1/new/results/ml_samples/N4_sw0.15_x-1_i0027.h5,4,1.500000000e-01,-1,8.697075991e-01,main,true,fall,1183
/mnt/pd/tema1/new/results/ml_samples/N4_sw0.15_x-1_i0109.h5,4,1.500000000e-01,-1,8.697075991e-01,main,true,fall,396
/mnt/pd/tema1/new/results/ml_samples/N4_sw0.15_x-1_i0111.h5,4,1.500000000e-01,-1,8.697075991e-01,main,true,fall,408
/mnt/pd/tema1/new/results/ml_samples/N4_sw0.15_x-1_i0071.h5,4,1.500000000e-01,-1,8.697075991e-01,main,true,fall,833
/mnt/pd/tema1/new/results/ml_samples/N4_sw0.15_x-1_i0061.h5,4,1.500000000e-01,-1,8.697075991e-01,main,true,fall,1058
/mnt/pd/tema1/new/results/ml_samples/N4_sw0.15_x-1_i0053.h5,4,1.500000000e-01,-1,8.697075991e-01,main,true,fall,1119
/mnt/pd/tema1/new/results/ml_samples/N4_sw0.15_x-1_i0123.h5,4,1.500000000e-01,-1,8.697075991e-01,main,true,fall,126
/mnt/pd/tema1/new/results/ml_samples/N4_sw0.15_x-1_i0069.h5,4,1.500000000e-01,-1,8.697075991e-01,main,true,fall,990
/mnt/pd/tema1/new/results/ml_samples/N4_sw0.15_x-1_i0119.h5,4,1.500000000e-01,-1,8.697075991e-01,main,true,fall,377
/mnt/pd/tema1/new/results/ml_samples/N4_sw0.15_x-1_i0107.h5,4,1.500000000e-01,-1,8.697075991e-01,main,true,fall,609
/mnt/pd/tema1/new/results/ml_samples/N4_sw0.15_x-1_i0121.h5,4,1.500000000e-01,-1,8.697075991e-01,main,true,fall,448
/mnt/pd/tema1/new/results/ml_samples/N4_sw0.15_x-1_i0139.h5,4,1.500000000e-01,-1,8.697075991e-01,main,true,fall,260
/mnt/pd/tema1/new/results/ml_samples/N4_sw0.15_x+4_i0079.h5,4,1.500000000e-01,4,1.521169604e+00,main,true,rise,2147
/mnt/pd/tema1/new/results/ml_samples/N4_sw0.15_x-1_i0135.h5,4,1.500000000e-01,-1,8.697075991e-01,main,true,fall,419
/mnt/pd/tema1/new/results/ml_samples/N4_sw0.15_x-1_i0143.h5,4,1.500000000e-01,-1,8.697075991e-01,main,true,fall,346
/mnt/pd/tema1/new/results/ml_samples/N4_sw0.15_x-1_i0141.h5,4,1.500000000e-01,-1,8.697075991e-01,main,true,fall,470
/mnt/pd/tema1/new/results/ml_samples/N4_sw0.15_x-1_i0147.h5,4,1.500000000e-01,-1,8.697075991e-01,main,true,fall,222
/mnt/pd/tema1/new/results/ml_samples/N4_sw0.15_x-1_i0117.h5,4,1.500000000e-01,-1,8.697075991e-01,main,true,fall,1280
/mnt/pd/tema1/new/results/ml_samples/N4_sw0.15_x-1_i0145.h5,4,1.500000000e-01,-1,8.697075991e-01,main,true,fall,235
/mnt/pd/tema1/new/results/ml_samples/N4_sw0.15_x-1_i0153.h5,4,1.500000000e-01,-1,8.697075991e-01,main,true,fall,193
/mnt/pd/tema1/new/results/ml_samples/N4_sw0.15_x-1_i0091.h5,4,1.500000000e-01,-1,8.697075991e-01,main,true,fall,1487
/mnt/pd/tema1/new/results/ml_samples/N4_sw0.15_x-1_i0087.h5,4,1.500000000e-01,-1,8.697075991e-01,main,true,fall,1631
/mnt/pd/tema1/new/results/ml_samples/N4_sw0.15_x-1_i0159.h5,4,1.500000000e-01,-1,8.697075991e-01,main,true,fall,299
/mnt/pd/tema1/new/results/ml_samples/N4_sw0.15_x-1_i0161.h5,4,1.500000000e-01,-1,8.697075991e-01,main,true,fall,231
/mnt/pd/tema1/new/results/ml_samples/N4_sw0.15_x-1_i0163.h5,4,1.500000000e-01,-1,8.697075991e-01,main,true,fall,231
/mnt/pd/tema1/new/results/ml_samples/N4_sw0.15_x+2_i0081.h5,4,1.500000000e-01,2,1.260584802e+00,main,true,rise,4244
/mnt/pd/tema1/new/results/ml_samples/N4_sw0.15_x-1_i0073.h5,4,1.500000000e-01,-1,8.697075991e-01,main,true,fall,1987
/mnt/pd/tema1/new/results/ml_samples/N4_sw0.15_x-1_i0157.h5,4,1.500000000e-01,-1,8.697075991e-01,main,true,fall,805
/mnt/pd/tema1/new/results/ml_samples/N4_sw0.15_x-1_i0151.h5,4,1.500000000e-01,-1,8.697075991e-01,main,true,fall,678
/mnt/pd/tema1/new/results/ml_samples/N4_sw0.15_x-1_i0173.h5,4,1.500000000e-01,-1,8.697075991e-01,main,true,fall,210
/mnt/pd/tema1/new/results/ml_samples/N4_sw0.15_x-1_i0155.h5,4,1.500000000e-01,-1,8.697075991e-01,main,true,fall,662
/mnt/pd/tema1/new/results/ml_samples/N4_sw0.15_x-1_i0129.h5,4,1.500000000e-01,-1,8.697075991e-01,main,true,fall,1382
/mnt/pd/tema1/new/results/ml_samples/N4_sw0.15_x-1_i0089.h5,4,1.500000000e-01,-1,8.697075991e-01,main,true,fall,2054
/mnt/pd/tema1/new/results/ml_samples/N4_sw0.15_x-1_i0177.h5,4,1.500000000e-01,-1,8.697075991e-01,main,true,fall,314
/mnt/pd/tema1/new/results/ml_samples/N4_sw0.15_x-1_i0179.h5,4,1.500000000e-01,-1,8.697075991e-01,main,true,fall,289
/mnt/pd/tema1/new/results/ml_samples/N4_sw0.15_x-1_i0099.h5,4,1.500000000e-01,-1,8.697075991e-01,main,true,fall,2209
/mnt/pd/tema1/new/results/ml_samples/N4_sw0.15_x+2_i0083.h5,4,1.500000000e-01,2,1.260584802e+00,main,true,rise,4780
/mnt/pd/tema1/new/results/ml_samples/N4_sw0.15_x-1_i0171.h5,4,1.500000000e-01,-1,8.697075991e-01,main,true,fall,498
/mnt/pd/tema1/new/results/ml_samples/N4_sw0.15_x-1_i0175.h5,4,1.500000000e-01,-1,8.697075991e-01,main,true,fall,490
/mnt/pd/tema1/new/results/ml_samples/N4_sw0.15_x-1_i0167.h5,4,1.500000000e-01,-1,8.697075991e-01,main,true,fall,736
/mnt/pd/tema1/new/results/ml_samples/N4_sw0.15_x-1_i0187.h5,4,1.500000000e-01,-1,8.697075991e-01,main,true,fall,346
/mnt/pd/tema1/new/results/ml_samples/N4_sw0.15_x-1_i0065.h5,4,1.500000000e-01,-1,8.697075991e-01,main,true,fall,2754
/mnt/pd/tema1/new/results/ml_samples/N4_sw0.15_x-2_i0001.h5,4,1.500000000e-01,-2,7.394151982e-01,main,true,fall,197
/mnt/pd/tema1/new/results/ml_samples/N4_sw0.15_x-1_i0081.h5,4,1.500000000e-01,-1,8.697075991e-01,main,true,fall,3746
/mnt/pd/tema1/new/results/ml_samples/N4_sw0.15_x-1_i0195.h5,4,1.500000000e-01,-1,8.697075991e-01,main,true,fall,373
/mnt/pd/tema1/new/results/ml_samples/N4_sw0.15_x-1_i0191.h5,4,1.500000000e-01,-1,8.697075991e-01,main,true,fall,548
/mnt/pd/tema1/new/results/ml_samples/N4_sw0.15_x-2_i0005.h5,4,1.500000000e-01,-2,7.394151982e-01,main,true,fall,171
/mnt/pd/tema1/new/results/ml_samples/N4_sw0.15_x-1_i0199.h5,4,1.500000000e-01,-1,8.697075991e-01,main,true,fall,430
/mnt/pd/tema1/new/results/ml_samples/N4_sw0.15_x-1_i0189.h5,4,1.500000000e-01,-1,8.697075991e-01,main,true,fall,831
/mnt/pd/tema1/new/results/ml_samples/N4_sw0.15_x-1_i0181.h5,4,1.500000000e-01,-1,8.697075991e-01,main,true,rise,770
/mnt/pd/tema1/new/results/ml_samples/N4_sw0.15_x-2_i0009.h5,4,1.500000000e-01,-2,7.394151982e-01,main,true,fall,304
/mnt/pd/tema1/new/results/ml_samples/N4_sw0.15_x-1_i0055.h5,4,1.500000000e-01,-1,8.697075991e-01,main,true,fall,3154
/mnt/pd/tema1/new/results/ml_samples/N4_sw0.15_x-1_i0051.h5,4,1.500000000e-01,-1,8.697075991e-01,main,true,fall,3043
/mnt/pd/tema1/new/results/ml_samples/N4_sw0.15_x-1_i0115.h5,4,1.500000000e-01,-1,8.697075991e-01,main,true,fall,2327
/mnt/pd/tema1/new/results/ml_samples/N4_sw0.15_x-2_i0013.h5,4,1.500000000e-01,-2,7.394151982e-01,main,true,fall,114
/mnt/pd/tema1/new/results/ml_samples/N4_sw0.15_x-2_i0003.h5,4,1.500000000e-01,-2,7.394151982e-01,main,true,fall,536
/mnt/pd/tema1/new/results/ml_samples/N4_sw0.15_x-2_i0019.h5,4,1.500000000e-01,-2,7.394151982e-01,main,true,fall,196
/mnt/pd/tema1/new/results/ml_samples/N4_sw0.15_x-2_i0011.h5,4,1.500000000e-01,-2,7.394151982e-01,main,true,fall,253
/mnt/pd/tema1/new/results/ml_samples/N4_sw0.15_x-1_i0127.h5,4,1.500000000e-01,-1,8.697075991e-01,main,true,rise,2252
/mnt/pd/tema1/new/results/ml_samples/N4_sw0.15_x-2_i0007.h5,4,1.500000000e-01,-2,7.394151982e-01,main,true,fall,475
/mnt/pd/tema1/new/results/ml_samples/N4_sw0.15_x-2_i0025.h5,4,1.500000000e-01,-2,7.394151982e-01,main,true,fall,191
/mnt/pd/tema1/new/results/ml_samples/N4_sw0.15_x-2_i0021.h5,4,1.500000000e-01,-2,7.394151982e-01,main,true,fall,213
/mnt/pd/tema1/new/results/ml_samples/N4_sw0.15_x-2_i0017.h5,4,1.500000000e-01,-2,7.394151982e-01,main,true,fall,324
/mnt/pd/tema1/new/results/ml_samples/N4_sw0.15_x-1_i0097.h5,4,1.500000000e-01,-1,8.697075991e-01,main,true,rise,2961
/mnt/pd/tema1/new/results/ml_samples/N4_sw0.15_x-2_i0023.h5,4,1.500000000e-01,-2,7.394151982e-01,main,true,fall,467
/mnt/pd/tema1/new/results/ml_samples/N4_sw0.15_x-2_i0027.h5,4,1.500000000e-01,-2,7.394151982e-01,main,true,fall,332
/mnt/pd/tema1/new/results/ml_samples/N4_sw0.15_x-2_i0037.h5,4,1.500000000e-01,-2,7.394151982e-01,main,true,fall,260
/mnt/pd/tema1/new/results/ml_samples/N4_sw0.15_x-2_i0039.h5,4,1.500000000e-01,-2,7.394151982e-01,main,true,fall,172
/mnt/pd/tema1/new/results/ml_samples/N4_sw0.15_x-2_i0041.h5,4,1.500000000e-01,-2,7.394151982e-01,main,true,fall,168
/mnt/pd/tema1/new/results/ml_samples/N4_sw0.15_x-1_i0045.h5,4,1.500000000e-01,-1,8.697075991e-01,main,true,fall,3680
/mnt/pd/tema1/new/results/ml_samples/N4_sw0.15_x-2_i0029.h5,4,1.500000000e-01,-2,7.394151982e-01,main,true,fall,472
/mnt/pd/tema1/new/results/ml_samples/N4_sw0.15_x-2_i0033.h5,4,1.500000000e-01,-2,7.394151982e-01,main,true,fall,409
/mnt/pd/tema1/new/results/ml_samples/N4_sw0.15_x-2_i0051.h5,4,1.500000000e-01,-2,7.394151982e-01,main,true,fall,301
/mnt/pd/tema1/new/results/ml_samples/N4_sw0.15_x-2_i0055.h5,4,1.500000000e-01,-2,7.394151982e-01,main,true,fall,236
/mnt/pd/tema1/new/results/ml_samples/N4_sw0.15_x-2_i0015.h5,4,1.500000000e-01,-2,7.394151982e-01,main,true,fall,723
/mnt/pd/tema1/new/results/ml_samples/N4_sw0.15_x-2_i0045.h5,4,1.500000000e-01,-2,7.394151982e-01,main,true,fall,423
/mnt/pd/tema1/new/results/ml_samples/N4_sw0.15_x-2_i0047.h5,4,1.500000000e-01,-2,7.394151982e-01,main,true,fall,533
/mnt/pd/tema1/new/results/ml_samples/N4_sw0.15_x-1_i0131.h5,4,1.500000000e-01,-1,8.697075991e-01,main,true,fall,2761
/mnt/pd/tema1/new/results/ml_samples/N4_sw0.15_x-2_i0031.h5,4,1.500000000e-01,-2,7.394151982e-01,main,true,fall,757
/mnt/pd/tema1/new/results/ml_samples/N4_sw0.15_x-2_i0065.h5,4,1.500000000e-01,-2,7.394151982e-01,main,true,fall,325
/mnt/pd/tema1/new/results/ml_samples/N4_sw0.15_x-2_i0071.h5,4,1.500000000e-01,-2,7.394151982e-01,main,true,fall,188
/mnt/pd/tema1/new/results/ml_samples/N4_sw0.15_x-2_i0059.h5,4,1.500000000e-01,-2,7.394151982e-01,main,true,fall,428
/mnt/pd/tema1/new/results/ml_samples/N4_sw0.15_x-2_i0053.h5,4,1.500000000e-01,-2,7.394151982e-01,main,true,fall,594
/mnt/pd/tema1/new/results/ml_samples/N4_sw0.15_x-2_i0061.h5,4,1.500000000e-01,-2,7.394151982e-01,main,true,fall,463
/mnt/pd/tema1/new/results/ml_samples/N4_sw0.15_x-2_i0073.h5,4,1.500000000e-01,-2,7.394151982e-01,main,true,fall,199
/mnt/pd/tema1/new/results/ml_samples/N4_sw0.15_x-2_i0035.h5,4,1.500000000e-01,-2,7.394151982e-01,main,true,fall,1144
/mnt/pd/tema1/new/results/ml_samples/N4_sw0.15_x-1_i0183.h5,4,1.500000000e-01,-1,8.697075991e-01,main,true,fall,1644
/mnt/pd/tema1/new/results/ml_samples/N4_sw0.15_x-1_i0185.h5,4,1.500000000e-01,-1,8.697075991e-01,main,true,fall,1732
/mnt/pd/tema1/new/results/ml_samples/N4_sw0.15_x-2_i0075.h5,4,1.500000000e-01,-2,7.394151982e-01,main,true,fall,176
/mnt/pd/tema1/new/results/ml_samples/N4_sw0.15_x-2_i0077.h5,4,1.500000000e-01,-2,7.394151982e-01,main,true,fall,323
/mnt/pd/tema1/new/results/ml_samples/N4_sw0.15_x-2_i0085.h5,4,1.500000000e-01,-2,7.394151982e-01,main,true,fall,187
/mnt/pd/tema1/new/results/ml_samples/N4_sw0.15_x-2_i0095.h5,4,1.500000000e-01,-2,7.394151982e-01,main,true,fall,167
/mnt/pd/tema1/new/results/ml_samples/N4_sw0.15_x-2_i0049.h5,4,1.500000000e-01,-2,7.394151982e-01,main,true,fall,913
/mnt/pd/tema1/new/results/ml_samples/N4_sw0.15_x-2_i0063.h5,4,1.500000000e-01,-2,7.394151982e-01,main,true,fall,630
/mnt/pd/tema1/new/results/ml_samples/N4_sw0.15_x-4_i0001.h5,4,1.500000000e-01,-4,4.788303963e-01,main,true,fall,146
/mnt/pd/tema1/new/results/ml_samples/N4_sw0.15_x-4_i0003.h5,4,1.500000000e-01,-4,4.788303963e-01,main,true,fall,149
/mnt/pd/tema1/new/results/ml_samples/N4_sw0.15_x-2_i0043.h5,4,1.500000000e-01,-2,7.394151982e-01,main,true,fall,986
/mnt/pd/tema1/new/results/ml_samples/N4_sw0.15_x-4_i0007.h5,4,1.500000000e-01,-4,4.788303963e-01,main,true,fall,108
/mnt/pd/tema1/new/results/ml_samples/N4_sw0.15_x-2_i0091.h5,4,1.500000000e-01,-2,7.394151982e-01,main,true,fall,435
/mnt/pd/tema1/new/results/ml_samples/N4_sw0.15_x-1_i0033.h5,4,1.500000000e-01,-1,8.697075991e-01,main,true,fall,4709
/mnt/pd/tema1/new/results/ml_samples/N4_sw0.15_x-4_i0009.h5,4,1.500000000e-01,-4,4.788303963e-01,main,true,fall,161
/mnt/pd/tema1/new/results/ml_samples/N4_sw0.15_x-2_i0067.h5,4,1.500000000e-01,-2,7.394151982e-01,main,true,fall,1137
/mnt/pd/tema1/new/results/ml_samples/N4_sw0.15_x-4_i0013.h5,4,1.500000000e-01,-4,4.788303963e-01,main,true,fall,122
/mnt/pd/tema1/new/results/ml_samples/N4_sw0.15_x-2_i0087.h5,4,1.500000000e-01,-2,7.394151982e-01,main,true,fall,538
/mnt/pd/tema1/new/results/ml_samples/N4_sw0.15_x-1_i0169.h5,4,1.500000000e-01,-1,8.697075991e-01,main,true,rise,2343
/mnt/pd/tema1/new/results/ml_samples/N4_sw0.15_x-1_i0197.h5,4,1.500000000e-01,-1,8.697075991e-01,main,true,fall,1826
/mnt/pd/tema1/new/results/ml_samples/N4_sw0.15_x-4_i0005.h5,4,1.500000000e-01,-4,4.788303963e-01,main,true,fall,364
/mnt/pd/tema1/new/results/ml_samples/N4_sw0.15_x-4_i0011.h5,4,1.500000000e-01,-4,4.788303963e-01,main,true,fall,160
/mnt/pd/tema1/new/results/ml_samples/N4_sw0.15_x-4_i0021.h5,4,1.500000000e-01,-4,4.788303963e-01,main,true,fall,125
/mnt/pd/tema1/new/results/ml_samples/N4_sw0.15_x-4_i0023.h5,4,1.500000000e-01,-4,4.788303963e-01,main,true,fall,99
/mnt/pd/tema1/new/results/ml_samples/N4_sw0.15_x-4_i0025.h5,4,1.500000000e-01,-4,4.788303963e-01,main,true,fall,139
/mnt/pd/tema1/new/results/ml_samples/N4_sw0.15_x-4_i0019.h5,4,1.500000000e-01,-4,4.788303963e-01,main,true,fall,169
/mnt/pd/tema1/new/results/ml_samples/N4_sw0.15_x-2_i0069.h5,4,1.500000000e-01,-2,7.394151982e-01,main,true,fall,941
/mnt/pd/tema1/new/results/ml_samples/N4_sw0.15_x-4_i0033.h5,4,1.500000000e-01,-4,4.788303963e-01,main,true,fall,124
/mnt/pd/tema1/new/results/ml_samples/N4_sw0.15_x-4_i0027.h5,4,1.500000000e-01,-4,4.788303963e-01,main,true,fall,162
/mnt/pd/tema1/new/results/ml_samples/N4_sw0.15_x-2_i0081.h5,4,1.500000000e-01,-2,7.394151982e-01,main,true,fall,744
/mnt/pd/tema1/new/results/ml_samples/N4_sw0.15_x-4_i0035.h5,4,1.500000000e-01,-4,4.788303963e-01,main,true,fall,157
/mnt/pd/tema1/new/results/ml_samples/N4_sw0.15_x-1_i0165.h5,4,1.500000000e-01,-1,8.697075991e-01,main,true,fall,2687
/mnt/pd/tema1/new/results/ml_samples/N4_sw0.15_x-4_i0017.h5,4,1.500000000e-01,-4,4.788303963e-01,main,true,fall,214
/mnt/pd/tema1/new/results/ml_samples/N4_sw0.15_x-4_i0043.h5,4,1.500000000e-01,-4,4.788303963e-01,main,true,fall,112
/mnt/pd/tema1/new/results/ml_samples/N4_sw0.15_x-4_i0031.h5,4,1.500000000e-01,-4,4.788303963e-01,main,true,fall,149
/mnt/pd/tema1/new/results/ml_samples/N4_sw0.15_x-2_i0057.h5,4,1.500000000e-01,-2,7.394151982e-01,main,true,fall,1251
/mnt/pd/tema1/new/results/ml_samples/N4_sw0.15_x-4_i0047.h5,4,1.500000000e-01,-4,4.788303963e-01,main,true,fall,135
/mnt/pd/tema1/new/results/ml_samples/N4_sw0.15_x-4_i0037.h5,4,1.500000000e-01,-4,4.788303963e-01,main,true,fall,209
/mnt/pd/tema1/new/results/ml_samples/N4_sw0.15_x-4_i0055.h5,4,1.500000000e-01,-4,4.788303963e-01,main,true,fall,158
/mnt/pd/tema1/new/results/ml_samples/N4_sw0.15_x-2_i0079.h5,4,1.500000000e-01,-2,7.394151982e-01,main,true,fall,872
/mnt/pd/tema1/new/results/ml_samples/N4_sw0.15_x-4_i0039.h5,4,1.500000000e-01,-4,4.788303963e-01,main,true,fall,222
/mnt/pd/tema1/new/results/ml_samples/N4_sw0.15_x-4_i0041.h5,4,1.500000000e-01,-4,4.788303963e-01,main,true,fall,172
/mnt/pd/tema1/new/results/ml_samples/N4_sw0.15_x-4_i0049.h5,4,1.500000000e-01,-4,4.788303963e-01,main,true,fall,181
/mnt/pd/tema1/new/results/ml_samples/N4_sw0.15_x-4_i0053.h5,4,1.500000000e-01,-4,4.788303963e-01,main,true,fall,154
/mnt/pd/tema1/new/results/ml_samples/N4_sw0.15_x-4_i0045.h5,4,1.500000000e-01,-4,4.788303963e-01,main,true,fall,210
/mnt/pd/tema1/new/results/ml_samples/N4_sw0.15_x-4_i0051.h5,4,1.500000000e-01,-4,4.788303963e-01,main,true,fall,147
/mnt/pd/tema1/new/results/ml_samples/N4_sw0.15_x-4_i0061.h5,4,1.500000000e-01,-4,4.788303963e-01,main,true,fall,197
/mnt/pd/tema1/new/results/ml_samples/N4_sw0.15_x-2_i0089.h5,4,1.500000000e-01,-2,7.394151982e-01,main,true,fall,813
/mnt/pd/tema1/new/results/ml_samples/N4_sw0.15_x-4_i0057.h5,4,1.500000000e-01,-4,4.788303963e-01,main,true,fall,191
/mnt/pd/tema1/new/results/ml_samples/N4_sw0.15_x-2_i0083.h5,4,1.500000000e-01,-2,7.394151982e-01,main,true,fall,869
/mnt/pd/tema1/new/results/ml_samples/N4_sw0.15_x-4_i0059.h5,4,1.500000000e-01,-4,4.788303963e-01,main,true,fall,227
/mnt/pd/tema1/new/results/ml_samples/N4_sw0.15_x-4_i0067.h5,4,1.500000000e-01,-4,4.788303963e-01,main,true,fall,112
/mnt/pd/tema1/new/results/ml_samples/N4_sw0.15_x-4_i0063.h5,4,1.500000000e-01,-4,4.788303963e-01,main,true,fall,188
/mnt/pd/tema1/new/results/ml_samples/N4_sw0.15_x-4_i0071.h5,4,1.500000000e-01,-4,4.788303963e-01,main,true,fall,154
/mnt/pd/tema1/new/results/ml_samples/N4_sw0.15_x-4_i0065.h5,4,1.500000000e-01,-4,4.788303963e-01,main,true,fall,170
/mnt/pd/tema1/new/results/ml_samples/N4_sw0.15_x-4_i0029.h5,4,1.500000000e-01,-4,4.788303963e-01,main,true,fall,464
/mnt/pd/tema1/new/results/ml_samples/N4_sw0.15_x-4_i0069.h5,4,1.500000000e-01,-4,4.788303963e-01,main,true,fall,151
/mnt/pd/tema1/new/results/ml_samples/N4_sw0.15_x-4_i0081.h5,4,1.500000000e-01,-4,4.788303963e-01,main,true,fall,127
/mnt/pd/tema1/new/results/ml_samples/N4_sw0.15_x-4_i0083.h5,4,1.500000000e-01,-4,4.788303963e-01,main,true,fall,149
/mnt/pd/tema1/new/results/ml_samples/N4_sw0.15_x-4_i0073.h5,4,1.500000000e-01,-4,4.788303963e-01,main,true,fall,195
/mnt/pd/tema1/new/results/ml_samples/N4_sw0.15_x-4_i0089.h5,4,1.500000000e-01,-4,4.788303963e-01,main,true,fall,137
/mnt/pd/tema1/new/results/ml_samples/N4_sw0.15_x-4_i0085.h5,4,1.500000000e-01,-4,4.788303963e-01,main,true,fall,148
/mnt/pd/tema1/new/results/ml_samples/N4_sw0.15_x-4_i0077.h5,4,1.500000000e-01,-4,4.788303963e-01,main,true,fall,181
/mnt/pd/tema1/new/results/ml_samples/N4_sw0.15_x-4_i0075.h5,4,1.500000000e-01,-4,4.788303963e-01,main,true,fall,242
/mnt/pd/tema1/new/results/ml_samples/N4_sw0.15_x-4_i0091.h5,4,1.500000000e-01,-4,4.788303963e-01,main,true,fall,197
/mnt/pd/tema1/new/results/ml_samples/N4_sw0.15_x-4_i0079.h5,4,1.500000000e-01,-4,4.788303963e-01,main,true,fall,234
/mnt/pd/tema1/new/results/ml_samples/N4_sw0.15_x-4_i0087.h5,4,1.500000000e-01,-4,4.788303963e-01,main,true,fall,273
/mnt/pd/tema1/new/results/ml_samples/N4_sw0.22_x+0_i0007.h5,4,2.200000000e-01,0,1.000000000e+00,gen_sigma,true,fall,112
/mnt/pd/tema1/new/results/ml_samples/N4_sw0.15_x-4_i0095.h5,4,1.500000000e-01,-4,4.788303963e-01,main,true,fall,192
/mnt/pd/tema1/new/results/ml_samples/N4_sw0.15_x-4_i0099.h5,4,1.500000000e-01,-4,4.788303963e-01,main,true,fall,182
/mnt/pd/tema1/new/results/ml_samples/N4_sw0.15_x-4_i0097.h5,4,1.500000000e-01,-4,4.788303963e-01,main,true,fall,141
/mnt/pd/tema1/new/results/ml_samples/N4_sw0.22_x+0_i0009.h5,4,2.200000000e-01,0,1.000000000e+00,gen_sigma,true,fall,132
/mnt/pd/tema1/new/results/ml_samples/N4_sw0.22_x+0_i0005.h5,4,2.200000000e-01,0,1.000000000e+00,gen_sigma,true,fall,171
/mnt/pd/tema1/new/results/ml_samples/N4_sw0.15_x-4_i0015.h5,4,1.500000000e-01,-4,4.788303963e-01,main,true,fall,689
/mnt/pd/tema1/new/results/ml_samples/N4_sw0.15_x-1_i0133.h5,4,1.500000000e-01,-1,8.697075991e-01,main,true,fall,4299
/mnt/pd/tema1/new/results/ml_samples/N4_sw0.15_x-4_i0093.h5,4,1.500000000e-01,-4,4.788303963e-01,main,true,fall,250
/mnt/pd/tema1/new/results/ml_samples/N4_sw0.22_x+0_i0033.h5,4,2.200000000e-01,0,1.000000000e+00,gen_sigma,true,fall,166
/mnt/pd/tema1/new/results/ml_samples/N4_sw0.22_x+0_i0041.h5,4,2.200000000e-01,0,1.000000000e+00,gen_sigma,true,fall,157
/mnt/pd/tema1/new/results/ml_samples/N4_sw0.22_x+0_i0029.h5,4,2.200000000e-01,0,1.000000000e+00,gen_sigma,true,fall,240
/mnt/pd/tema1/new/results/ml_samples/N4_sw0.15_x-1_i0193.h5,4,1.500000000e-01,-1,8.697075991e-01,main,true,fall,2752
/mnt/pd/tema1/new/results/ml_samples/N4_sw0.22_x+0_i0021.h5,4,2.200000000e-01,0,1.000000000e+00,gen_sigma,true,fall,462
/mnt/pd/tema1/new/results/ml_samples/N4_sw0.22_x+0_i0045.h5,4,2.200000000e-01,0,1.000000000e+00,gen_sigma,true,fall,360
/mnt/pd/tema1/new/results/ml_samples/N4_sw0.22_x+0_i0035.h5,4,2.200000000e-01,0,1.000000000e+00,gen_sigma,true,fall,486
/mnt/pd/tema1/new/results/ml_samples/N4_sw0.15_x-2_i0097.h5,4,1.500000000e-01,-2,7.394151982e-01,main,true,fall,1416
/mnt/pd/tema1/new/results/ml_samples/N4_sw0.22_x+0_i0037.h5,4,2.200000000e-01,0,1.000000000e+00,gen_sigma,true,fall,498
/mnt/pd/tema1/new/results/ml_samples/N4_sw0.15_x-2_i0093.h5,4,1.500000000e-01,-2,7.394151982e-01,main,true,fall,1785
/mnt/pd/tema1/new/results/ml_samples/N4_sw0.15_x-2_i0099.h5,4,1.500000000e-01,-2,7.394151982e-01,main,true,fall,1538
/mnt/pd/tema1/new/results/ml_samples/N4_sw0.22_x+0_i0047.h5,4,2.200000000e-01,0,1.000000000e+00,gen_sigma,true,fall,474
/mnt/pd/tema1/new/results/ml_samples/N4_sw0.15_x-1_i0137.h5,4,1.500000000e-01,-1,8.697075991e-01,main,true,fall,4722
/mnt/pd/tema1/new/results/ml_samples/N4_sw0.22_x+0_i0015.h5,4,2.200000000e-01,0,1.000000000e+00,gen_sigma,true,fall,734
/mnt/pd/tema1/new/results/ml_samples/N4_sw0.22_x+0_i0031.h5,4,2.200000000e-01,0,1.000000000e+00,gen_sigma,true,rise,649
/mnt/pd/tema1/new/results/ml_samples/N4_sw0.22_x+0_i0013.h5,4,2.200000000e-01,0,1.000000000e+00,gen_sigma,true,fall,852
/mnt/pd/tema1/new/results/ml_samples/N4_sw0.22_x+1_i0021.h5,4,2.200000000e-01,1,1.191095521e+00,gen_sigma,true,fall,139
/mnt/pd/tema1/new/results/ml_samples/N4_sw0.22_x+0_i0003.h5,4,2.200000000e-01,0,1.000000000e+00,gen_sigma,true,rise,930
/mnt/pd/tema1/new/results/ml_samples/N4_sw0.22_x+1_i0013.h5,4,2.200000000e-01,1,1.191095521e+00,gen_sigma,true,fall,326
/mnt/pd/tema1/new/results/ml_samples/N4_sw0.22_x+0_i0025.h5,4,2.200000000e-01,0,1.000000000e+00,gen_sigma,true,fall,903
/mnt/pd/tema1/new/results/ml_samples/N4_sw0.22_x+1_i0011.h5,4,2.200000000e-01,1,1.191095521e+00,gen_sigma,true,rise,587
/mnt/pd/tema1/new/results/ml_samples/N4_sw0.22_x+1_i0001.h5,4,2.200000000e-01,1,1.191095521e+00,gen_sigma,true,rise,795
/mnt/pd/tema1/new/results/ml_samples/N4_sw0.22_x+1_i0003.h5,4,2.200000000e-01,1,1.191095521e+00,gen_sigma,true,rise,631
/mnt/pd/tema1/new/results/ml_samples/N4_sw0.22_x+0_i0023.h5,4,2.200000000e-01,0,1.000000000e+00,gen_sigma,true,fall,1024
/mnt/pd/tema1/new/results/ml_samples/N4_sw0.22_x+1_i0015.h5,4,2.200000000e-01,1,1.191095521e+00,gen_sigma,true,rise,540
/mnt/pd/tema1/new/results/ml_samples/N4_sw0.15_x-1_i0149.h5,4,1.500000000e-01,-1,8.697075991e-01,main,true,fall,4730
/mnt/pd/tema1/new/results/ml_samples/N4_sw0.22_x+1_i0031.h5,4,2.200000000e-01,1,1.191095521e+00,gen_sigma,true,fall,352
/mnt/pd/tema1/new/results/ml_samples/N4_sw0.22_x+1_i0041.h5,4,2.200000000e-01,1,1.191095521e+00,gen_sigma,true,fall,139
/mnt/pd/tema1/new/results/ml_samples/N4_sw0.22_x+1_i0007.h5,4,2.200000000e-01,1,1.191095521e+00,gen_sigma,true,fall,710
/mnt/pd/tema1/new/results/ml_samples/N4_sw0.22_x+0_i0019.h5,4,2.200000000e-01,0,1.000000000e+00,gen_sigma,true,fall,1294
/mnt/pd/tema1/new/results/ml_samples/N4_sw0.22_x+0_i0049.h5,4,2.200000000e-01,0,1.000000000e+00,gen_sigma,true,fall,1078
/mnt/pd/tema1/new/results/ml_samples/N4_sw0.22_x+0_i0011.h5,4,2.200000000e-01,0,1.000000000e+00,gen_sigma,true,fall,1342
/mnt/pd/tema1/new/results/ml_samples/N4_sw0.22_x-1_i0003.h5,4,2.200000000e-01,-1,8.089044787e-01,gen_sigma,true,fall,152
/mnt/pd/tema1/new/results/ml_samples/N4_sw0.22_x+1_i0027.h5,4,2.200000000e-01,1,1.191095521e+00,gen_sigma,true,rise,647
/mnt/pd/tema1/new/results/ml_samples/N4_sw0.15_x-1_i0101.h5,4,1.500000000e-01,-1,8.697075991e-01,main,true,timeout,6001
/mnt/pd/tema1/new/results/ml_samples/N4_sw0.22_x-1_i0005.h5,4,2.200000000e-01,-1,8.089044787e-01,gen_sigma,true,fall,185
/mnt/pd/tema1/new/results/ml_samples/N4_sw0.22_x+1_i0037.h5,4,2.200000000e-01,1,1.191095521e+00,gen_sigma,true,rise,488
/mnt/pd/tema1/new/results/ml_samples/N4_sw0.22_x+1_i0023.h5,4,2.200000000e-01,1,1.191095521e+00,gen_sigma,true,rise,793
/mnt/pd/tema1/new/results/ml_samples/N4_sw0.22_x-1_i0009.h5,4,2.200000000e-01,-1,8.089044787e-01,gen_sigma,true,fall,134
/mnt/pd/tema1/new/results/ml_samples/N4_sw0.22_x+1_i0049.h5,4,2.200000000e-01,1,1.191095521e+00,gen_sigma,true,rise,395
/mnt/pd/tema1/new/results/ml_samples/N4_sw0.22_x+0_i0017.h5,4,2.200000000e-01,0,1.000000000e+00,gen_sigma,true,rise,1549
/mnt/pd/tema1/new/results/ml_samples/N4_sw0.22_x+1_i0045.h5,4,2.200000000e-01,1,1.191095521e+00,gen_sigma,true,rise,596
/mnt/pd/tema1/new/results/ml_samples/N4_sw0.22_x+1_i0039.h5,4,2.200000000e-01,1,1.191095521e+00,gen_sigma,true,rise,573
/mnt/pd/tema1/new/results/ml_samples/N4_sw0.22_x-1_i0025.h5,4,2.200000000e-01,-1,8.089044787e-01,gen_sigma,true,fall,168
/mnt/pd/tema1/new/results/ml_samples/N4_sw0.22_x+1_i0019.h5,4,2.200000000e-01,1,1.191095521e+00,gen_sigma,true,rise,1151
/mnt/pd/tema1/new/results/ml_samples/N4_sw0.22_x+1_i0033.h5,4,2.200000000e-01,1,1.191095521e+00,gen_sigma,true,rise,915
/mnt/pd/tema1/new/results/ml_samples/N4_sw0.22_x-1_i0023.h5,4,2.200000000e-01,-1,8.089044787e-01,gen_sigma,true,fall,264
/mnt/pd/tema1/new/results/ml_samples/N4_sw0.22_x+0_i0043.h5,4,2.200000000e-01,0,1.000000000e+00,gen_sigma,true,fall,1664
/mnt/pd/tema1/new/results/ml_samples/N4_sw0.22_x-1_i0027.h5,4,2.200000000e-01,-1,8.089044787e-01,gen_sigma,true,fall,238
/mnt/pd/tema1/new/results/ml_samples/N4_sw0.22_x+1_i0047.h5,4,2.200000000e-01,1,1.191095521e+00,gen_sigma,true,rise,714
/mnt/pd/tema1/new/results/ml_samples/N4_sw0.22_x-1_i0029.h5,4,2.200000000e-01,-1,8.089044787e-01,gen_sigma,true,fall,214
/mnt/pd/tema1/new/results/ml_samples/N4_sw0.22_x+1_i0009.h5,4,2.200000000e-01,1,1.191095521e+00,gen_sigma,true,rise,1356
/mnt/pd/tema1/new/results/ml_samples/N4_sw0.22_x-1_i0013.h5,4,2.200000000e-01,-1,8.089044787e-01,gen_sigma,true,fall,437
/mnt/pd/tema1/new/results/ml_samples/N4_sw0.22_x-1_i0011.h5,4,2.200000000e-01,-1,8.089044787e-01,gen_sigma,true,fall,574
/mnt/pd/tema1/new/results/ml_samples/N4_sw0.22_x+1_i0035.h5,4,2.200000000e-01,1,1.191095521e+00,gen_sigma,true,rise,961
/mnt/pd/tema1/new/results/ml_samples/N4_sw0.22_x+1_i0025.h5,4,2.200000000e-01,1,1.191095521e+00,gen_sigma,true,rise,1276
/mnt/pd/tema1/new/results/ml_samples/N4_sw0.22_x-1_i0043.h5,4,2.200000000e-01,-1,8.089044787e-01,gen_sigma,true,fall,168
/mnt/pd/tema1/new/results/ml_samples/N4_sw0.22_x-1_i0049.h5,4,2.200000000e-01,-1,8.089044787e-01,gen_sigma,true,fall,142
/mnt/pd/tema1/new/results/ml_samples/N4_sw0.15_x-1_i0125.h5,4,1.500000000e-01,-1,8.697075991e-01,main,true,timeout,6001
/mnt/pd/tema1/new/results/ml_samples/N4_sw0.22_x-1_i0033.h5,4,2.200000000e-01,-1,8.089044787e-01,gen_sigma,true,fall,273
/mnt/pd/tema1/new/results/ml_samples/N4_sw0.22_x-1_i0039.h5,4,2.200000000e-01,-1,8.089044787e-01,gen_sigma,true,fall,250
/mnt/pd/tema1/new/results/ml_samples/N4_sw0.22_x-1_i0047.h5,4,2.200000000e-01,-1,8.089044787e-01,gen_sigma,true,fall,176
/mnt/pd/tema1/new/results/ml_samples/N4_sw0.22_x-1_i0031.h5,4,2.200000000e-01,-1,8.089044787e-01,gen_sigma,true,fall,524
/mnt/pd/tema1/new/results/ml_samples/N4_sw0.22_x-1_i0035.h5,4,2.200000000e-01,-1,8.089044787e-01,gen_sigma,true,fall,375
/mnt/pd/tema1/new/results/ml_samples/N4_sw0.30_x+0_i0015.h5,4,3.000000000e-01,0,1.000000000e+00,main,true,fall,219
/mnt/pd/tema1/new/results/ml_samples/N4_sw0.30_x+0_i0003.h5,4,3.000000000e-01,0,1.000000000e+00,main,true,fall,321
/mnt/pd/tema1/new/results/ml_samples/N4_sw0.30_x+0_i0011.h5,4,3.000000000e-01,0,1.000000000e+00,main,true,fall,239
/mnt/pd/tema1/new/results/ml_samples/N4_sw0.22_x+0_i0027.h5,4,2.200000000e-01,0,1.000000000e+00,gen_sigma,true,rise,2705
/mnt/pd/tema1/new/results/ml_samples/N4_sw0.30_x+0_i0017.h5,4,3.000000000e-01,0,1.000000000e+00,main,true,fall,296
/mnt/pd/tema1/new/results/ml_samples/N4_sw0.30_x+0_i0029.h5,4,3.000000000e-01,0,1.000000000e+00,main,true,fall,105
/mnt/pd/tema1/new/results/ml_samples/N4_sw0.22_x-1_i0001.h5,4,2.200000000e-01,-1,8.089044787e-01,gen_sigma,true,rise,1242
/mnt/pd/tema1/new/results/ml_samples/N4_sw0.22_x-1_i0007.h5,4,2.200000000e-01,-1,8.089044787e-01,gen_sigma,true,fall,1170
/mnt/pd/tema1/new/results/ml_samples/N4_sw0.30_x+0_i0019.h5,4,3.000000000e-01,0,1.000000000e+00,main,true,fall,467
/mnt/pd/tema1/new/results/ml_samples/N4_sw0.22_x-1_i0017.h5,4,2.200000000e-01,-1,8.089044787e-01,gen_sigma,true,fall,963
/mnt/pd/tema1/new/results/ml_samples/N4_sw0.30_x+0_i0023.h5,4,3.000000000e-01,0,1.000000000e+00,main,true,fall,318
/mnt/pd/tema1/new/results/ml_samples/N4_sw0.30_x+0_i0027.h5,4,3.000000000e-01,0,1.000000000e+00,main,true,fall,405
/mnt/pd/tema1/new/results/ml_samples/N4_sw0.30_x+0_i0035.h5,4,3.000000000e-01,0,1.000000000e+00,main,true,fall,240
/mnt/pd/tema1/new/results/ml_samples/N4_sw0.30_x+0_i0005.h5,4,3.000000000e-01,0,1.000000000e+00,main,true,fall,698
/mnt/pd/tema1/new/results/ml_samples/N4_sw0.30_x+0_i0051.h5,4,3.000000000e-01,0,1.000000000e+00,main,true,fall,88
/mnt/pd/tema1/new/results/ml_samples/N4_sw0.30_x+0_i0009.h5,4,3.000000000e-01,0,1.000000000e+00,main,true,rise,809
/mnt/pd/tema1/new/results/ml_samples/N4_sw0.22_x+1_i0005.h5,4,2.200000000e-01,1,1.191095521e+00,gen_sigma,true,rise,2377
/mnt/pd/tema1/new/results/ml_samples/N4_sw0.30_x+0_i0041.h5,4,3.000000000e-01,0,1.000000000e+00,main,true,fall,543
/mnt/pd/tema1/new/results/ml_samples/N4_sw0.30_x+0_i0021.h5,4,3.000000000e-01,0,1.000000000e+00,main,true,fall,826
/mnt/pd/tema1/new/results/ml_samples/N4_sw0.30_x+0_i0061.h5,4,3.000000000e-01,0,1.000000000e+00,main,true,fall,94
/mnt/pd/tema1/new/results/ml_samples/N4_sw0.22_x-1_i0045.h5,4,2.200000000e-01,-1,8.089044787e-01,gen_sigma,true,fall,1346
/mnt/pd/tema1/new/results/ml_samples/N4_sw0.30_x+0_i0007.h5,4,3.000000000e-01,0,1.000000000e+00,main,true,rise,1158
/mnt/pd/tema1/new/results/ml_samples/N4_sw0.22_x+0_i0039.h5,4,2.200000000e-01,0,1.000000000e+00,gen_sigma,true,rise,3617
/mnt/pd/tema1/new/results/ml_samples/N4_sw0.22_x-1_i0037.h5,4,2.200000000e-01,-1,8.089044787e-01,gen_sigma,true,fall,1344
/mnt/pd/tema1/new/results/ml_samples/N4_sw0.22_x+0_i0001.h5,4,2.200000000e-01,0,1.000000000e+00,gen_sigma,true,rise,4460
/mnt/pd/tema1/new/results/ml_samples/N4_sw0.30_x+0_i0063.h5,4,3.000000000e-01,0,1.000000000e+00,main,true,fall,170
/mnt/pd/tema1/new/results/ml_samples/N4_sw0.22_x+1_i0029.h5,4,2.200000000e-01,1,1.191095521e+00,gen_sigma,true,rise,2454
/mnt/pd/tema1/new/results/ml_samples/N4_sw0.22_x+1_i0017.h5,4,2.200000000e-01,1,1.191095521e+00,gen_sigma,true,rise,2712
/mnt/pd/tema1/new/results/ml_samples/N4_sw0.30_x+0_i0031.h5,4,3.000000000e-01,0,1.000000000e+00,main,true,rise,1127
/mnt/pd/tema1/new/results/ml_samples/N4_sw0.30_x+0_i0057.h5,4,3.000000000e-01,0,1.000000000e+00,main,true,fall,617
/mnt/pd/tema1/new/results/ml_samples/N4_sw0.22_x+1_i0043.h5,4,2.200000000e-01,1,1.191095521e+00,gen_sigma,true,rise,2294
/mnt/pd/tema1/new/results/ml_samples/N4_sw0.30_x+0_i0001.h5,4,3.000000000e-01,0,1.000000000e+00,main,true,rise,1691
/mnt/pd/tema1/new/results/ml_samples/N4_sw0.22_x-1_i0015.h5,4,2.200000000e-01,-1,8.089044787e-01,gen_sigma,true,rise,2015
/mnt/pd/tema1/new/results/ml_samples/N4_sw0.30_x+0_i0013.h5,4,3.000000000e-01,0,1.000000000e+00,main,true,fall,1561
/mnt/pd/tema1/new/results/ml_samples/N4_sw0.30_x+0_i0077.h5,4,3.000000000e-01,0,1.000000000e+00,main,true,fall,181
/mnt/pd/tema1/new/results/ml_samples/N4_sw0.30_x+0_i0075.h5,4,3.000000000e-01,0,1.000000000e+00,main,true,fall,331
/mnt/pd/tema1/new/results/ml_samples/N4_sw0.30_x+0_i0069.h5,4,3.000000000e-01,0,1.000000000e+00,main,true,fall,682
/mnt/pd/tema1/new/results/ml_samples/N4_sw0.30_x+0_i0065.h5,4,3.000000000e-01,0,1.000000000e+00,main,true,rise,500
/mnt/pd/tema1/new/results/ml_samples/N4_sw0.30_x+0_i0033.h5,4,3.000000000e-01,0,1.000000000e+00,main,true,rise,1385
/mnt/pd/tema1/new/results/ml_samples/N4_sw0.30_x+0_i0045.h5,4,3.000000000e-01,0,1.000000000e+00,main,true,rise,1236
/mnt/pd/tema1/new/results/ml_samples/N4_sw0.30_x+0_i0037.h5,4,3.000000000e-01,0,1.000000000e+00,main,true,rise,1315
/mnt/pd/tema1/new/results/ml_samples/N4_sw0.22_x-1_i0021.h5,4,2.200000000e-01,-1,8.089044787e-01,gen_sigma,true,fall,2177
/mnt/pd/tema1/new/results/ml_samples/N4_sw0.30_x+0_i0055.h5,4,3.000000000e-01,0,1.000000000e+00,main,true,rise,1015
/mnt/pd/tema1/new/results/ml_samples/N4_sw0.30_x+0_i0071.h5,4,3.000000000e-01,0,1.000000000e+00,main,true,rise,712
/mnt/pd/tema1/new/results/ml_samples/N4_sw0.30_x+0_i0089.h5,4,3.000000000e-01,0,1.000000000e+00,main,true,rise,393
/mnt/pd/tema1/new/results/ml_samples/N4_sw0.22_x-1_i0041.h5,4,2.200000000e-01,-1,8.089044787e-01,gen_sigma,true,fall,2132
/mnt/pd/tema1/new/results/ml_samples/N4_sw0.30_x+0_i0087.h5,4,3.000000000e-01,0,1.000000000e+00,main,true,fall,542
/mnt/pd/tema1/new/results/ml_samples/N4_sw0.30_x+0_i0111.h5,4,3.000000000e-01,0,1.000000000e+00,main,true,fall,221
/mnt/pd/tema1/new/results/ml_samples/N4_sw0.30_x+0_i0047.h5,4,3.000000000e-01,0,1.000000000e+00,main,true,rise,1624
/mnt/pd/tema1/new/results/ml_samples/N4_sw0.30_x+0_i0101.h5,4,3.000000000e-01,0,1.000000000e+00,main,true,fall,493
/mnt/pd/tema1/new/results/ml_samples/N4_sw0.30_x+0_i0109.h5,4,3.000000000e-01,0,1.000000000e+00,main,true,rise,287
/mnt/pd/tema1/new/results/ml_samples/N4_sw0.30_x+0_i0113.h5,4,3.000000000e-01,0,1.000000000e+00,main,true,rise,331
/mnt/pd/tema1/new/results/ml_samples/N4_sw0.30_x+0_i0083.h5,4,3.000000000e-01,0,1.000000000e+00,main,true,fall,893
/mnt/pd/tema1/new/results/ml_samples/N4_sw0.30_x+0_i0049.h5,4,3.000000000e-01,0,1.000000000e+00,main,true,rise,1752
/mnt/pd/tema1/new/results/ml_samples/N4_sw0.30_x+0_i0125.h5,4,3.000000000e-01,0,1.000000000e+00,main,true,fall,170
/mnt/pd/tema1/new/results/ml_samples/N4_sw0.30_x+0_i0093.h5,4,3.000000000e-01,0,1.000000000e+00,main,true,rise,874
/mnt/pd/tema1/new/results/ml_samples/N4_sw0.30_x+0_i0099.h5,4,3.000000000e-01,0,1.000000000e+00,main,true,rise,805
/mnt/pd/tema1/new/results/ml_samples/N4_sw0.30_x+0_i0121.h5,4,3.000000000e-01,0,1.000000000e+00,main,true,fall,256
/mnt/pd/tema1/new/results/ml_samples/N4_sw0.30_x+0_i0059.h5,4,3.000000000e-01,0,1.000000000e+00,main,true,fall,1447
/mnt/pd/tema1/new/results/ml_samples/N4_sw0.30_x+0_i0091.h5,4,3.000000000e-01,0,1.000000000e+00,main,true,fall,902
/mnt/pd/tema1/new/results/ml_samples/N4_sw0.30_x+0_i0097.h5,4,3.000000000e-01,0,1.000000000e+00,main,true,rise,1213
/mnt/pd/tema1/new/results/ml_samples/N4_sw0.30_x+0_i0103.h5,4,3.000000000e-01,0,1.000000000e+00,main,true,fall,742
/mnt/pd/tema1/new/results/ml_samples/N4_sw0.30_x+0_i0117.h5,4,3.000000000e-01,0,1.000000000e+00,main,true,fall,620
/mnt/pd/tema1/new/results/ml_samples/N4_sw0.30_x+0_i0145.h5,4,3.000000000e-01,0,1.000000000e+00,main,true,fall,265
/mnt/pd/tema1/new/results/ml_samples/N4_sw0.30_x+0_i0067.h5,4,3.000000000e-01,0,1.000000000e+00,main,true,rise,1487
/mnt/pd/tema1/new/results/ml_samples/N4_sw0.30_x+0_i0131.h5,4,3.000000000e-01,0,1.000000000e+00,main,true,rise,427
/mnt/pd/tema1/new/results/ml_samples/N4_sw0.30_x+0_i0073.h5,4,3.000000000e-01,0,1.000000000e+00,main,true,rise,1931
/mnt/pd/tema1/new/results/ml_samples/N4_sw0.30_x+0_i0119.h5,4,3.000000000e-01,0,1.000000000e+00,main,true,fall,748
/mnt/pd/tema1/new/results/ml_samples/N4_sw0.30_x+0_i0039.h5,4,3.000000000e-01,0,1.000000000e+00,main,true,rise,2364
/mnt/pd/tema1/new/results/ml_samples/N4_sw0.30_x+0_i0079.h5,4,3.000000000e-01,0,1.000000000e+00,main,true,rise,1501
/mnt/pd/tema1/new/results/ml_samples/N4_sw0.30_x+0_i0139.h5,4,3.000000000e-01,0,1.000000000e+00,main,true,fall,517
/mnt/pd/tema1/new/results/ml_samples/N4_sw0.30_x+0_i0149.h5,4,3.000000000e-01,0,1.000000000e+00,main,true,fall,433
/mnt/pd/tema1/new/results/ml_samples/N4_sw0.30_x+0_i0081.h5,4,3.000000000e-01,0,1.000000000e+00,main,true,fall,1583
/mnt/pd/tema1/new/results/ml_samples/N4_sw0.30_x+0_i0107.h5,4,3.000000000e-01,0,1.000000000e+00,main,true,fall,1253
/mnt/pd/tema1/new/results/ml_samples/N4_sw0.30_x+0_i0153.h5,4,3.000000000e-01,0,1.000000000e+00,main,true,fall,412
/mnt/pd/tema1/new/results/ml_samples/N4_sw0.30_x+0_i0085.h5,4,3.000000000e-01,0,1.000000000e+00,main,true,fall,1609
/mnt/pd/tema1/new/results/ml_samples/N4_sw0.30_x+0_i0151.h5,4,3.000000000e-01,0,1.000000000e+00,main,true,fall,626
/mnt/pd/tema1/new/results/ml_samples/N4_sw0.30_x+0_i0115.h5,4,3.000000000e-01,0,1.000000000e+00,main,true,rise,1112
/mnt/pd/tema1/new/results/ml_samples/N4_sw0.30_x+0_i0169.h5,4,3.000000000e-01,0,1.000000000e+00,main,true,fall,162
/mnt/pd/tema1/new/results/ml_samples/N4_sw0.30_x+0_i0105.h5,4,3.000000000e-01,0,1.000000000e+00,main,true,fall,1411
/mnt/pd/tema1/new/results/ml_samples/N4_sw0.30_x+0_i0171.h5,4,3.000000000e-01,0,1.000000000e+00,main,true,fall,153
/mnt/pd/tema1/new/results/ml_samples/N4_sw0.30_x+0_i0159.h5,4,3.000000000e-01,0,1.000000000e+00,main,true,fall,458
/mnt/pd/tema1/new/results/ml_samples/N4_sw0.30_x+0_i0135.h5,4,3.000000000e-01,0,1.000000000e+00,main,true,rise,834
/mnt/pd/tema1/new/results/ml_samples/N4_sw0.30_x+0_i0095.h5,4,3.000000000e-01,0,1.000000000e+00,main,true,fall,1587
/mnt/pd/tema1/new/results/ml_samples/N4_sw0.30_x+0_i0179.h5,4,3.000000000e-01,0,1.000000000e+00,main,true,fall,224
/mnt/pd/tema1/new/results/ml_samples/N4_sw0.30_x+0_i0167.h5,4,3.000000000e-01,0,1.000000000e+00,main,true,rise,352
/mnt/pd/tema1/new/results/ml_samples/N4_sw0.30_x+0_i0143.h5,4,3.000000000e-01,0,1.000000000e+00,main,true,fall,902
/mnt/pd/tema1/new/results/ml_samples/N4_sw0.30_x+0_i0165.h5,4,3.000000000e-01,0,1.000000000e+00,main,true,rise,474
/mnt/pd/tema1/new/results/ml_samples/N4_sw0.30_x+0_i0053.h5,4,3.000000000e-01,0,1.000000000e+00,main,true,fall,2577
/mnt/pd/tema1/new/results/ml_samples/N4_sw0.30_x+0_i0137.h5,4,3.000000000e-01,0,1.000000000e+00,main,true,rise,1055
/mnt/pd/tema1/new/results/ml_samples/N4_sw0.30_x+0_i0187.h5,4,3.000000000e-01,0,1.000000000e+00,main,true,fall,257
/mnt/pd/tema1/new/results/ml_samples/N4_sw0.30_x+0_i0141.h5,4,3.000000000e-01,0,1.000000000e+00,main,true,rise,1022
/mnt/pd/tema1/new/results/ml_samples/N4_sw0.30_x+0_i0025.h5,4,3.000000000e-01,0,1.000000000e+00,main,true,rise,3248
/mnt/pd/tema1/new/results/ml_samples/N4_sw0.30_x+0_i0133.h5,4,3.000000000e-01,0,1.000000000e+00,main,true,fall,1207
/mnt/pd/tema1/new/results/ml_samples/N4_sw0.30_x+0_i0191.h5,4,3.000000000e-01,0,1.000000000e+00,main,true,fall,414
/mnt/pd/tema1/new/results/ml_samples/N4_sw0.30_x+0_i0197.h5,4,3.000000000e-01,0,1.000000000e+00,main,true,fall,280
/mnt/pd/tema1/new/results/ml_samples/N4_sw0.30_x+0_i0163.h5,4,3.000000000e-01,0,1.000000000e+00,main,true,rise,755
/mnt/pd/tema1/new/results/ml_samples/N4_sw0.30_x+0_i0157.h5,4,3.000000000e-01,0,1.000000000e+00,main,true,rise,1293
/mnt/pd/tema1/new/results/ml_samples/N4_sw0.22_x-1_i0019.h5,4,2.200000000e-01,-1,8.089044787e-01,gen_sigma,true,fall,4218
/mnt/pd/tema1/new/results/ml_samples/N4_sw0.30_x+1_i0005.h5,4,3.000000000e-01,1,1.260584802e+00,main,true,fall,303
/mnt/pd/tema1/new/results/ml_samples/N4_sw0.30_x+1_i0015.h5,4,3.000000000e-01,1,1.260584802e+00,main,true,fall,168
/mnt/pd/tema1/new/results/ml_samples/N4_sw0.30_x+0_i0183.h5,4,3.000000000e-01,0,1.000000000e+00,main,true,fall,612
/mnt/pd/tema1/new/results/ml_samples/N4_sw0.30_x+0_i0129.h5,4,3.000000000e-01,0,1.000000000e+00,main,true,fall,1604
/mnt/pd/tema1/new/results/ml_samples/N4_sw0.30_x+0_i0155.h5,4,3.000000000e-01,0,1.000000000e+00,main,true,rise,1143
/mnt/pd/tema1/new/results/ml_samples/N4_sw0.30_x+1_i0001.h5,4,3.000000000e-01,1,1.260584802e+00,main,true,fall,603
/mnt/pd/tema1/new/results/ml_samples/N4_sw0.30_x+1_i0009.h5,4,3.000000000e-01,1,1.260584802e+00,main,true,rise,431
/mnt/pd/tema1/new/results/ml_samples/N4_sw0.30_x+0_i0173.h5,4,3.000000000e-01,0,1.000000000e+00,main,true,fall,899
/mnt/pd/tema1/new/results/ml_samples/N4_sw0.30_x+1_i0011.h5,4,3.000000000e-01,1,1.260584802e+00,main,true,rise,526
/mnt/pd/tema1/new/results/ml_samples/N4_sw0.30_x+1_i0035.h5,4,3.000000000e-01,1,1.260584802e+00,main,true,fall,165
/mnt/pd/tema1/new/results/ml_samples/N4_sw0.30_x+1_i0021.h5,4,3.000000000e-01,1,1.260584802e+00,main,true,rise,448
/mnt/pd/tema1/new/results/ml_samples/N4_sw0.30_x+1_i0031.h5,4,3.000000000e-01,1,1.260584802e+00,main,true,rise,280
/mnt/pd/tema1/new/results/ml_samples/N4_sw0.30_x+1_i0029.h5,4,3.000000000e-01,1,1.260584802e+00,main,true,rise,359
/mnt/pd/tema1/new/results/ml_samples/N4_sw0.30_x+1_i0037.h5,4,3.000000000e-01,1,1.260584802e+00,main,true,fall,253
/mnt/pd/tema1/new/results/ml_samples/N4_sw0.30_x+1_i0019.h5,4,3.000000000e-01,1,1.260584802e+00,main,true,fall,810
/mnt/pd/tema1/new/results/ml_samples/N4_sw0.30_x+1_i0027.h5,4,3.000000000e-01,1,1.260584802e+00,main,true,rise,421
/mnt/pd/tema1/new/results/ml_samples/N4_sw0.30_x+1_i0039.h5,4,3.000000000e-01,1,1.260584802e+00,main,true,rise,204
/mnt/pd/tema1/new/results/ml_samples/N4_sw0.30_x+1_i0023.h5,4,3.000000000e-01,1,1.260584802e+00,main,true,rise,599
/mnt/pd/tema1/new/results/ml_samples/N4_sw0.30_x+0_i0175.h5,4,3.000000000e-01,0,1.000000000e+00,main,true,rise,1344
/mnt/pd/tema1/new/results/ml_samples/N4_sw0.30_x+1_i0033.h5,4,3.000000000e-01,1,1.260584802e+00,main,true,fall,590
/mnt/pd/tema1/new/results/ml_samples/N4_sw0.30_x+1_i0051.h5,4,3.000000000e-01,1,1.260584802e+00,main,true,rise,315
/mnt/pd/tema1/new/results/ml_samples/N4_sw0.30_x+1_i0017.h5,4,3.000000000e-01,1,1.260584802e+00,main,true,rise,918
/mnt/pd/tema1/new/results/ml_samples/N4_sw0.30_x+1_i0047.h5,4,3.000000000e-01,1,1.260584802e+00,main,true,fall,359
/mnt/pd/tema1/new/results/ml_samples/N4_sw0.30_x+0_i0195.h5,4,3.000000000e-01,0,1.000000000e+00,main,true,rise,1226
/mnt/pd/tema1/new/results/ml_samples/N4_sw0.30_x+0_i0193.h5,4,3.000000000e-01,0,1.000000000e+00,main,true,rise,1384
/mnt/pd/tema1/new/results/ml_samples/N4_sw0.30_x+1_i0013.h5,4,3.000000000e-01,1,1.260584802e+00,main,true,rise,1057
/mnt/pd/tema1/new/results/ml_samples/N4_sw0.30_x+1_i0007.h5,4,3.000000000e-01,1,1.260584802e+00,main,true,rise,1155
/mnt/pd/tema1/new/results/ml_samples/N4_sw0.30_x+1_i0049.h5,4,3.000000000e-01,1,1.260584802e+00,main,true,rise,549
/mnt/pd/tema1/new/results/ml_samples/N4_sw0.30_x+1_i0055.h5,4,3.000000000e-01,1,1.260584802e+00,main,true,fall,515
/mnt/pd/tema1/new/results/ml_samples/N4_sw0.30_x+1_i0041.h5,4,3.000000000e-01,1,1.260584802e+00,main,true,rise,650
/mnt/pd/tema1/new/results/ml_samples/N4_sw0.30_x+0_i0043.h5,4,3.000000000e-01,0,1.000000000e+00,main,true,rise,4321
/mnt/pd/tema1/new/results/ml_samples/N4_sw0.30_x+1_i0069.h5,4,3.000000000e-01,1,1.260584802e+00,main,true,rise,188
/mnt/pd/tema1/new/results/ml_samples/N4_sw0.30_x+0_i0123.h5,4,3.000000000e-01,0,1.000000000e+00,main,true,fall,2634
/mnt/pd/tema1/new/results/ml_samples/N4_sw0.30_x+1_i0071.h5,4,3.000000000e-01,1,1.260584802e+00,main,true,fall,234
/mnt/pd/tema1/new/results/ml_samples/N4_sw0.30_x+0_i0189.h5,4,3.000000000e-01,0,1.000000000e+00,main,true,rise,1580
/mnt/pd/tema1/new/results/ml_samples/N4_sw0.30_x+0_i0185.h5,4,3.000000000e-01,0,1.000000000e+00,main,true,fall,1703
/mnt/pd/tema1/new/results/ml_samples/N4_sw0.30_x+1_i0075.h5,4,3.000000000e-01,1,1.260584802e+00,main,true,fall,276
/mnt/pd/tema1/new/results/ml_samples/N4_sw0.30_x+0_i0199.h5,4,3.000000000e-01,0,1.000000000e+00,main,true,rise,1658
/mnt/pd/tema1/new/results/ml_samples/N4_sw0.30_x+1_i0077.h5,4,3.000000000e-01,1,1.260584802e+00,main,true,rise,328
/mnt/pd/tema1/new/results/ml_samples/N4_sw0.30_x+1_i0067.h5,4,3.000000000e-01,1,1.260584802e+00,main,true,fall,593
/mnt/pd/tema1/new/results/ml_samples/N4_sw0.30_x+1_i0061.h5,4,3.000000000e-01,1,1.260584802e+00,main,true,rise,675
/mnt/pd/tema1/new/results/ml_samples/N4_sw0.30_x+1_i0081.h5,4,3.000000000e-01,1,1.260584802e+00,main,true,rise,568
/mnt/pd/tema1/new/results/ml_samples/N4_sw0.30_x+1_i0089.h5,4,3.000000000e-01,1,1.260584802e+00,main,true,rise,402
/mnt/pd/tema1/new/results/ml_samples/N4_sw0.30_x+1_i0043.h5,4,3.000000000e-01,1,1.260584802e+00,main,true,fall,1075
/mnt/pd/tema1/new/results/ml_samples/N4_sw0.30_x+1_i0091.h5,4,3.000000000e-01,1,1.260584802e+00,main,true,rise,464
/mnt/pd/tema1/new/results/ml_samples/N4_sw0.30_x+1_i0063.h5,4,3.000000000e-01,1,1.260584802e+00,main,true,fall,1321
/mnt/pd/tema1/new/results/ml_samples/N4_sw0.30_x+0_i0147.h5,4,3.000000000e-01,0,1.000000000e+00,main,true,fall,2945
/mnt/pd/tema1/new/results/ml_samples/N4_sw0.30_x+1_i0053.h5,4,3.000000000e-01,1,1.260584802e+00,main,true,rise,1194
/mnt/pd/tema1/new/results/ml_samples/N4_sw0.30_x+1_i0105.h5,4,3.000000000e-01,1,1.260584802e+00,main,true,rise,309
/mnt/pd/tema1/new/results/ml_samples/N4_sw0.30_x+1_i0111.h5,4,3.000000000e-01,1,1.260584802e+00,main,true,fall,270
/mnt/pd/tema1/new/results/ml_samples/N4_sw0.30_x+1_i0057.h5,4,3.000000000e-01,1,1.260584802e+00,main,true,rise,1394
/mnt/pd/tema1/new/results/ml_samples/N4_sw0.30_x+1_i0085.h5,4,3.000000000e-01,1,1.260584802e+00,main,true,fall,770
/mnt/pd/tema1/new/results/ml_samples/N4_sw0.30_x+1_i0107.h5,4,3.000000000e-01,1,1.260584802e+00,main,true,rise,455
/mnt/pd/tema1/new/results/ml_samples/N4_sw0.30_x+1_i0113.h5,4,3.000000000e-01,1,1.260584802e+00,main,true,fall,359
/mnt/pd/tema1/new/results/ml_samples/N4_sw0.30_x+1_i0097.h5,4,3.000000000e-01,1,1.260584802e+00,main,true,rise,685
/mnt/pd/tema1/new/results/ml_samples/N4_sw0.30_x+1_i0045.h5,4,3.000000000e-01,1,1.260584802e+00,main,true,rise,1654
/mnt/pd/tema1/new/results/ml_samples/N4_sw0.30_x+1_i0125.h5,4,3.000000000e-01,1,1.260584802e+00,main,true,fall,174
/mnt/pd/tema1/new/results/ml_samples/N4_sw0.30_x+1_i0095.h5,4,3.000000000e-01,1,1.260584802e+00,main,true,rise,812
/mnt/pd/tema1/new/results/ml_samples/N4_sw0.30_x+1_i0099.h5,4,3.000000000e-01,1,1.260584802e+00,main,true,rise,725
/mnt/pd/tema1/new/results/ml_samples/N4_sw0.30_x+1_i0129.h5,4,3.000000000e-01,1,1.260584802e+00,main,true,fall,313
/mnt/pd/tema1/new/results/ml_samples/N4_sw0.30_x+1_i0025.h5,4,3.000000000e-01,1,1.260584802e+00,main,true,fall,1923
/mnt/pd/tema1/new/results/ml_samples/N4_sw0.30_x+1_i0119.h5,4,3.000000000e-01,1,1.260584802e+00,main,true,rise,357
/mnt/pd/tema1/new/results/ml_samples/N4_sw0.30_x+1_i0109.h5,4,3.000000000e-01,1,1.260584802e+00,main,true,rise,641
/mnt/pd/tema1/new/results/ml_samples/N4_sw0.30_x+0_i0161.h5,4,3.000000000e-01,0,1.000000000e+00,main,true,fall,3111
/mnt/pd/tema1/new/results/ml_samples/N4_sw0.30_x+1_i0115.h5,4,3.000000000e-01,1,1.260584802e+00,main,true,fall,618
/mnt/pd/tema1/new/results/ml_samples/N4_sw0.30_x+1_i0087.h5,4,3.000000000e-01,1,1.260584802e+00,main,true,fall,1248
/mnt/pd/tema1/new/results/ml_samples/N4_sw0.30_x+1_i0103.h5,4,3.000000000e-01,1,1.260584802e+00,main,true,rise,883
/mnt/pd/tema1/new/results/ml_samples/N4_sw0.30_x+1_i0059.h5,4,3.000000000e-01,1,1.260584802e+00,main,true,rise,1794
/mnt/pd/tema1/new/results/ml_samples/N4_sw0.30_x+1_i0127.h5,4,3.000000000e-01,1,1.260584802e+00,main,true,rise,584
/mnt/pd/tema1/new/results/ml_samples/N4_sw0.30_x+1_i0145.h5,4,3.000000000e-01,1,1.260584802e+00,main,true,rise,368
/mnt/pd/tema1/new/results/ml_samples/N4_sw0.30_x+1_i0137.h5,4,3.000000000e-01,1,1.260584802e+00,main,true,fall,514
/mnt/pd/tema1/new/results/ml_samples/N4_sw0.30_x+1_i0139.h5,4,3.000000000e-01,1,1.260584802e+00,main,true,rise,527
/mnt/pd/tema1/new/results/ml_samples/N4_sw0.30_x+1_i0123.h5,4,3.000000000e-01,1,1.260584802e+00,main,true,rise,628
/mnt/pd/tema1/new/results/ml_samples/N4_sw0.30_x+0_i0177.h5,4,3.000000000e-01,0,1.000000000e+00,main,true,rise,4473
/mnt/pd/tema1/new/results/ml_samples/N4_sw0.30_x+0_i0181.h5,4,3.000000000e-01,0,1.000000000e+00,main,true,fall,3026
/mnt/pd/tema1/new/results/ml_samples/N4_sw0.30_x+1_i0083.h5,4,3.000000000e-01,1,1.260584802e+00,main,true,rise,1421
/mnt/pd/tema1/new/results/ml_samples/N4_sw0.30_x+1_i0143.h5,4,3.000000000e-01,1,1.260584802e+00,main,true,rise,521
/mnt/pd/tema1/new/results/ml_samples/N4_sw0.30_x+1_i0161.h5,4,3.000000000e-01,1,1.260584802e+00,main,true,fall,142
/mnt/pd/tema1/new/results/ml_samples/N4_sw0.30_x+1_i0079.h5,4,3.000000000e-01,1,1.260584802e+00,main,true,fall,1730
/mnt/pd/tema1/new/results/ml_samples/N4_sw0.30_x+1_i0159.h5,4,3.000000000e-01,1,1.260584802e+00,main,true,fall,277
/mnt/pd/tema1/new/results/ml_samples/N4_sw0.30_x+1_i0167.h5,4,3.000000000e-01,1,1.260584802e+00,main,true,fall,187
/mnt/pd/tema1/new/results/ml_samples/N4_sw0.30_x+1_i0169.h5,4,3.000000000e-01,1,1.260584802e+00,main,true,fall,196
/mnt/pd/tema1/new/results/ml_samples/N4_sw0.30_x+1_i0117.h5,4,3.000000000e-01,1,1.260584802e+00,main,true,fall,1094
/mnt/pd/tema1/new/results/ml_samples/N4_sw0.30_x+1_i0133.h5,4,3.000000000e-01,1,1.260584802e+00,main,true,rise,764
/mnt/pd/tema1/new/results/ml_samples/N4_sw0.30_x+1_i0131.h5,4,3.000000000e-01,1,1.260584802e+00,main,true,fall,869
/mnt/pd/tema1/new/results/ml_samples/N4_sw0.30_x+1_i0141.h5,4,3.000000000e-01,1,1.260584802e+00,main,true,fall,968
/mnt/pd/tema1/new/results/ml_samples/N4_sw0.30_x+1_i0173.h5,4,3.000000000e-01,1,1.260584802e+00,main,true,fall,217
/mnt/pd/tema1/new/results/ml_samples/N4_sw0.30_x+1_i0155.h5,4,3.000000000e-01,1,1.260584802e+00,main,true,rise,585
/mnt/pd/tema1/new/results/ml_samples/N4_sw0.30_x+1_i0065.h5,4,3.000000000e-01,1,1.260584802e+00,main,true,rise,2091
/mnt/pd/tema1/new/results/ml_samples/N4_sw0.30_x+1_i0165.h5,4,3.000000000e-01,1,1.260584802e+00,main,true,rise,504
/mnt/pd/tema1/new/results/ml_samples/N4_sw0.30_x+1_i0073.h5,4,3.000000000e-01,1,1.260584802e+00,main,true,rise,1989
/mnt/pd/tema1/new/results/ml_samples/N4_sw0.30_x+1_i0157.h5,4,3.000000000e-01,1,1.260584802e+00,main,true,fall,651
/mnt/pd/tema1/new/results/ml_samples/N4_sw0.30_x+1_i0151.h5,4,3.000000000e-01,1,1.260584802e+00,main,true,rise,673
/mnt/pd/tema1/new/results/ml_samples/N4_sw0.30_x+1_i0135.h5,4,3.000000000e-01,1,1.260584802e+00,main,true,rise,1060
/mnt/pd/tema1/new/results/ml_samples/N4_sw0.30_x+1_i0197.h5,4,3.000000000e-01,1,1.260584802e+00,main,true,fall,229
/mnt/pd/tema1/new/results/ml_samples/N4_sw0.30_x+1_i0175.h5,4,3.000000000e-01,1,1.260584802e+00,main,true,fall,572
/mnt/pd/tema1/new/results/ml_samples/N4_sw0.30_x+2_i0007.h5,4,3.000000000e-01,2,1.521169604e+00,main,true,rise,290
/mnt/pd/tema1/new/results/ml_samples/N4_sw0.30_x+2_i0001.h5,4,3.000000000e-01,2,1.521169604e+00,main,true,rise,339
/mnt/pd/tema1/new/results/ml_samples/N4_sw0.30_x+2_i0009.h5,4,3.000000000e-01,2,1.521169604e+00,main,true,rise,204
/mnt/pd/tema1/new/results/ml_samples/N4_sw0.30_x+1_i0193.h5,4,3.000000000e-01,1,1.260584802e+00,main,true,rise,745
/mnt/pd/tema1/new/results/ml_samples/N4_sw0.30_x+1_i0183.h5,4,3.000000000e-01,1,1.260584802e+00,main,true,rise,668
/mnt/pd/tema1/new/results/ml_samples/N4_sw0.30_x+2_i0011.h5,4,3.000000000e-01,2,1.521169604e+00,main,true,rise,290
/mnt/pd/tema1/new/results/ml_samples/N4_sw0.30_x+2_i0005.h5,4,3.000000000e-01,2,1.521169604e+00,main,true,rise,433
/mnt/pd/tema1/new/results/ml_samples/N4_sw0.30_x+1_i0163.h5,4,3.000000000e-01,1,1.260584802e+00,main,true,rise,887
/mnt/pd/tema1/new/results/ml_samples/N4_sw0.30_x+1_i0147.h5,4,3.000000000e-01,1,1.260584802e+00,main,true,rise,1355
/mnt/pd/tema1/new/results/ml_samples/N4_sw0.30_x+1_i0195.h5,4,3.000000000e-01,1,1.260584802e+00,main,true,fall,637
/mnt/pd/tema1/new/results/ml_samples/N4_sw0.30_x+1_i0187.h5,4,3.000000000e-01,1,1.260584802e+00,main,true,rise,793
/mnt/pd/tema1/new/results/ml_samples/N4_sw0.30_x+1_i0121.h5,4,3.000000000e-01,1,1.260584802e+00,main,true,rise,1759
/mnt/pd/tema1/new/results/ml_samples/N4_sw0.30_x+2_i0003.h5,4,3.000000000e-01,2,1.521169604e+00,main,true,rise,642
/mnt/pd/tema1/new/results/ml_samples/N4_sw0.30_x+1_i0149.h5,4,3.000000000e-01,1,1.260584802e+00,main,true,rise,1448
/mnt/pd/tema1/new/results/ml_samples/N4_sw0.30_x+2_i0013.h5,4,3.000000000e-01,2,1.521169604e+00,main,true,rise,605
/mnt/pd/tema1/new/results/ml_samples/N4_sw0.30_x+2_i0021.h5,4,3.000000000e-01,2,1.521169604e+00,main,true,rise,547
/mnt/pd/tema1/new/results/ml_samples/N4_sw0.30_x+1_i0199.h5,4,3.000000000e-01,1,1.260584802e+00,main,true,rise,873
/mnt/pd/tema1/new/results/ml_samples/N4_sw0.30_x+1_i0003.h5,4,3.000000000e-01,1,1.260584802e+00,main,true,rise,4114
/mnt/pd/tema1/new/results/ml_samples/N4_sw0.30_x+2_i0031.h5,4,3.000000000e-01,2,1.521169604e+00,main,true,rise,338
/mnt/pd/tema1/new/results/ml_samples/N4_sw0.30_x+2_i0029.h5,4,3.000000000e-01,2,1.521169604e+00,main,true,rise,436
/mnt/pd/tema1/new/results/ml_samples/N4_sw0.30_x+1_i0185.h5,4,3.000000000e-01,1,1.260584802e+00,main,true,rise,1565
/mnt/pd/tema1/new/results/ml_samples/N4_sw0.30_x+2_i0041.h5,4,3.000000000e-01,2,1.521169604e+00,main,true,rise,199
/mnt/pd/tema1/new/results/ml_samples/N4_sw0.30_x+2_i0035.h5,4,3.000000000e-01,2,1.521169604e+00,main,true,rise,274
/mnt/pd/tema1/new/results/ml_samples/N4_sw0.30_x+2_i0045.h5,4,3.000000000e-01,2,1.521169604e+00,main,true,rise,237
/mnt/pd/tema1/new/results/ml_samples/N4_sw0.30_x+1_i0181.h5,4,3.000000000e-01,1,1.260584802e+00,main,true,rise,1117
/mnt/pd/tema1/new/results/ml_samples/N4_sw0.30_x+1_i0189.h5,4,3.000000000e-01,1,1.260584802e+00,main,true,rise,1125
/mnt/pd/tema1/new/results/ml_samples/N4_sw0.30_x+2_i0019.h5,4,3.000000000e-01,2,1.521169604e+00,main,true,rise,642
/mnt/pd/tema1/new/results/ml_samples/N4_sw0.30_x+1_i0177.h5,4,3.000000000e-01,1,1.260584802e+00,main,true,rise,1453
/mnt/pd/tema1/new/results/ml_samples/N4_sw0.30_x+2_i0033.h5,4,3.000000000e-01,2,1.521169604e+00,main,true,rise,509
/mnt/pd/tema1/new/results/ml_samples/N4_sw0.30_x+1_i0171.h5,4,3.000000000e-01,1,1.260584802e+00,main,true,rise,1450
/mnt/pd/tema1/new/results/ml_samples/N4_sw0.30_x+2_i0047.h5,4,3.000000000e-01,2,1.521169604e+00,main,true,rise,357
/mnt/pd/tema1/new/results/ml_samples/N4_sw0.30_x+2_i0049.h5,4,3.000000000e-01,2,1.521169604e+00,main,true,rise,365
/mnt/pd/tema1/new/results/ml_samples/N4_sw0.30_x+2_i0059.h5,4,3.000000000e-01,2,1.521169604e+00,main,true,rise,308
/mnt/pd/tema1/new/results/ml_samples/N4_sw0.30_x+2_i0043.h5,4,3.000000000e-01,2,1.521169604e+00,main,true,rise,562
/mnt/pd/tema1/new/results/ml_samples/N4_sw0.30_x+2_i0039.h5,4,3.000000000e-01,2,1.521169604e+00,main,true,rise,642
/mnt/pd/tema1/new/results/ml_samples/N4_sw0.30_x+2_i0067.h5,4,3.000000000e-01,2,1.521169604e+00,main,true,rise,246
/mnt/pd/tema1/new/results/ml_samples/N4_sw0.30_x+1_i0093.h5,4,3.000000000e-01,1,1.260584802e+00,main,true,rise,2999
/mnt/pd/tema1/new/results/ml_samples/N4_sw0.30_x+2_i0073.h5,4,3.000000000e-01,2,1.521169604e+00,main,true,fall,263
/mnt/pd/tema1/new/results/ml_samples/N4_sw0.30_x+2_i0065.h5,4,3.000000000e-01,2,1.521169604e+00,main,true,rise,451
/mnt/pd/tema1/new/results/ml_samples/N4_sw0.30_x+1_i0101.h5,4,3.000000000e-01,1,1.260584802e+00,main,true,rise,2947
/mnt/pd/tema1/new/results/ml_samples/N4_sw0.30_x+2_i0069.h5,4,3.000000000e-01,2,1.521169604e+00,main,true,rise,401
/mnt/pd/tema1/new/results/ml_samples/N4_sw0.30_x+2_i0077.h5,4,3.000000000e-01,2,1.521169604e+00,main,true,rise,284
/mnt/pd/tema1/new/results/ml_samples/N4_sw0.30_x+2_i0075.h5,4,3.000000000e-01,2,1.521169604e+00,main,true,rise,347
/mnt/pd/tema1/new/results/ml_samples/N4_sw0.30_x+2_i0079.h5,4,3.000000000e-01,2,1.521169604e+00,main,true,rise,274
/mnt/pd/tema1/new/results/ml_samples/N4_sw0.30_x+2_i0015.h5,4,3.000000000e-01,2,1.521169604e+00,main,true,rise,1228
/mnt/pd/tema1/new/results/ml_samples/N4_sw0.30_x+2_i0071.h5,4,3.000000000e-01,2,1.521169604e+00,main,true,rise,534
/mnt/pd/tema1/new/results/ml_samples/N4_sw0.30_x+2_i0037.h5,4,3.000000000e-01,2,1.521169604e+00,main,true,rise,840
/mnt/pd/tema1/new/results/ml_samples/N4_sw0.30_x+2_i0025.h5,4,3.000000000e-01,2,1.521169604e+00,main,true,rise,1188
/mnt/pd/tema1/new/results/ml_samples/N4_sw0.30_x+0_i0127.h5,4,3.000000000e-01,0,1.000000000e+00,main,true,timeout,6001
/mnt/pd/tema1/new/results/ml_samples/N4_sw0.30_x+1_i0153.h5,4,3.000000000e-01,1,1.260584802e+00,main,true,fall,2179
/mnt/pd/tema1/new/results/ml_samples/N4_sw0.30_x+2_i0053.h5,4,3.000000000e-01,2,1.521169604e+00,main,true,rise,709
/mnt/pd/tema1/new/results/ml_samples/N4_sw0.30_x+2_i0017.h5,4,3.000000000e-01,2,1.521169604e+00,main,true,rise,1337
/mnt/pd/tema1/new/results/ml_samples/N4_sw0.30_x+2_i0057.h5,4,3.000000000e-01,2,1.521169604e+00,main,true,rise,684
/mnt/pd/tema1/new/results/ml_samples/N4_sw0.30_x+2_i0027.h5,4,3.000000000e-01,2,1.521169604e+00,main,true,rise,1185
/mnt/pd/tema1/new/results/ml_samples/N4_sw0.30_x+2_i0095.h5,4,3.000000000e-01,2,1.521169604e+00,main,true,rise,205
/mnt/pd/tema1/new/results/ml_samples/N4_sw0.30_x+2_i0055.h5,4,3.000000000e-01,2,1.521169604e+00,main,true,rise,1047
/mnt/pd/tema1/new/results/ml_samples/N4_sw0.30_x+2_i0081.h5,4,3.000000000e-01,2,1.521169604e+00,main,true,rise,450
/mnt/pd/tema1/new/results/ml_samples/N4_sw0.30_x+2_i0085.h5,4,3.000000000e-01,2,1.521169604e+00,main,true,rise,379
/mnt/pd/tema1/new/results/ml_samples/N4_sw0.30_x+2_i0051.h5,4,3.000000000e-01,2,1.521169604e+00,main,true,rise,823
/mnt/pd/tema1/new/results/ml_samples/N4_sw0.30_x+1_i0191.h5,4,3.000000000e-01,1,1.260584802e+00,main,true,rise,1859
/mnt/pd/tema1/new/results/ml_samples/N4_sw0.30_x+4_i0005.h5,4,3.000000000e-01,4,2.042339207e+00,main,true,rise,165
/mnt/pd/tema1/new/results/ml_samples/N4_sw0.30_x+4_i0009.h5,4,3.000000000e-01,4,2.042339207e+00,main,true,rise,172
/mnt/pd/tema1/new/results/ml_samples/N4_sw0.30_x+2_i0063.h5,4,3.000000000e-01,2,1.521169604e+00,main,true,rise,802
/mnt/pd/tema1/new/results/ml_samples/N4_sw0.30_x+4_i0001.h5,4,3.000000000e-01,4,2.042339207e+00,main,true,rise,265
/mnt/pd/tema1/new/results/ml_samples/N4_sw0.30_x+4_i0007.h5,4,3.000000000e-01,4,2.042339207e+00,main,true,rise,186
/mnt/pd/tema1/new/results/ml_samples/N4_sw0.30_x+2_i0097.h5,4,3.000000000e-01,2,1.521169604e+00,main,true,rise,272
/mnt/pd/tema1/new/results/ml_samples/N4_sw0.30_x+4_i0013.h5,4,3.000000000e-01,4,2.042339207e+00,main,true,rise,177
/mnt/pd/tema1/new/results/ml_samples/N4_sw0.30_x+2_i0091.h5,4,3.000000000e-01,2,1.521169604e+00,main,true,rise,469
/mnt/pd/tema1/new/results/ml_samples/N4_sw0.30_x+2_i0023.h5,4,3.000000000e-01,2,1.521169604e+00,main,true,rise,1413
/mnt/pd/tema1/new/results/ml_samples/N4_sw0.30_x+4_i0003.h5,4,3.000000000e-01,4,2.042339207e+00,main,true,rise,317
/mnt/pd/tema1/new/results/ml_samples/N4_sw0.30_x+4_i0011.h5,4,3.000000000e-01,4,2.042339207e+00,main,true,rise,242
/mnt/pd/tema1/new/results/ml_samples/N4_sw0.30_x+4_i0029.h5,4,3.000000000e-01,4,2.042339207e+00,main,true,rise,165
/mnt/pd/tema1/new/results/ml_samples/N4_sw0.30_x+4_i0025.h5,4,3.000000000e-01,4,2.042339207e+00,main,true,rise,323
/mnt/pd/tema1/new/results/ml_samples/N4_sw0.30_x+4_i0017.h5,4,3.000000000e-01,4,2.042339207e+00,main,true,rise,255
/mnt/pd/tema1/new/results/ml_samples/N4_sw0.30_x+2_i0093.h5,4,3.000000000e-01,2,1.521169604e+00,main,true,rise,513
/mnt/pd/tema1/new/results/ml_samples/N4_sw0.30_x+4_i0023.h5,4,3.000000000e-01,4,2.042339207e+00,main,true,rise,222
/mnt/pd/tema1/new/results/ml_samples/N4_sw0.30_x+4_i0015.h5,4,3.000000000e-01,4,2.042339207e+00,main,true,rise,300
/mnt/pd/tema1/new/results/ml_samples/N4_sw0.30_x+4_i0033.h5,4,3.000000000e-01,4,2.042339207e+00,main,true,rise,219
/mnt/pd/tema1/new/results/ml_samples/N4_sw0.30_x+4_i0043.h5,4,3.000000000e-01,4,2.042339207e+00,main,true,rise,164
/mnt/pd/tema1/new/results/ml_samples/N4_sw0.30_x+4_i0031.h5,4,3.000000000e-01,4,2.042339207e+00,main,true,rise,247
/mnt/pd/tema1/new/results/ml_samples/N4_sw0.30_x+2_i0061.h5,4,3.000000000e-01,2,1.521169604e+00,main,true,rise,1374
/mnt/pd/tema1/new/results/ml_samples/N4_sw0.30_x+4_i0049.h5,4,3.000000000e-01,4,2.042339207e+00,main,true,rise,171
/mnt/pd/tema1/new/results/ml_samples/N4_sw0.30_x+4_i0019.h5,4,3.000000000e-01,4,2.042339207e+00,main,true,rise,392
/mnt/pd/tema1/new/results/ml_samples/N4_sw0.30_x+4_i0041.h5,4,3.000000000e-01,4,2.042339207e+00,main,true,rise,253
/mnt/pd/tema1/new/results/ml_samples/N4_sw0.30_x+4_i0035.h5,4,3.000000000e-01,4,2.042339207e+00,main,true,rise,234
/mnt/pd/tema1/new/results/ml_samples/N4_sw0.30_x+4_i0039.h5,4,3.000000000e-01,4,2.042339207e+00,main,true,rise,237
/mnt/pd/tema1/new/results/ml_samples/N4_sw0.30_x+4_i0051.h5,4,3.000000000e-01,4,2.042339207e+00,main,true,rise,281
/mnt/pd/tema1/new/results/ml_samples/N4_sw0.30_x+4_i0053.h5,4,3.000000000e-01,4,2.042339207e+00,main,true,rise,268
/mnt/pd/tema1/new/results/ml_samples/N4_sw0.30_x+4_i0047.h5,4,3.000000000e-01,4,2.042339207e+00,main,true,rise,300
/mnt/pd/tema1/new/results/ml_samples/N4_sw0.30_x+4_i0065.h5,4,3.000000000e-01,4,2.042339207e+00,main,true,rise,173
/mnt/pd/tema1/new/results/ml_samples/N4_sw0.30_x+4_i0045.h5,4,3.000000000e-01,4,2.042339207e+00,main,true,rise,343
/mnt/pd/tema1/new/results/ml_samples/N4_sw0.30_x+2_i0083.h5,4,3.000000000e-01,2,1.521169604e+00,main,true,rise,800
/mnt/pd/tema1/new/results/ml_samples/N4_sw0.30_x+2_i0099.h5,4,3.000000000e-01,2,1.521169604e+00,main,true,rise,607
/mnt/pd/tema1/new/results/ml_samples/N4_sw0.30_x+2_i0087.h5,4,3.000000000e-01,2,1.521169604e+00,main,true,rise,752
/mnt/pd/tema1/new/results/ml_samples/N4_sw0.30_x+4_i0027.h5,4,3.000000000e-01,4,2.042339207e+00,main,true,rise,423
/mnt/pd/tema1/new/results/ml_samples/N4_sw0.30_x+4_i0021.h5,4,3.000000000e-01,4,2.042339207e+00,main,true,rise,570
/mnt/pd/tema1/new/results/ml_samples/N4_sw0.30_x+4_i0037.h5,4,3.000000000e-01,4,2.042339207e+00,main,true,rise,374
/mnt/pd/tema1/new/results/ml_samples/N4_sw0.30_x+4_i0073.h5,4,3.000000000e-01,4,2.042339207e+00,main,true,rise,186
/mnt/pd/tema1/new/results/ml_samples/N4_sw0.30_x+4_i0071.h5,4,3.000000000e-01,4,2.042339207e+00,main,true,rise,235
/mnt/pd/tema1/new/results/ml_samples/N4_sw0.30_x+4_i0077.h5,4,3.000000000e-01,4,2.042339207e+00,main,true,rise,233
/mnt/pd/tema1/new/results/ml_samples/N4_sw0.30_x+4_i0085.h5,4,3.000000000e-01,4,2.042339207e+00,main,true,rise,167
/mnt/pd/tema1/new/results/ml_samples/N4_sw0.30_x+4_i0075.h5,4,3.000000000e-01,4,2.042339207e+00,main,true,rise,391
/mnt/pd/tema1/new/results/ml_samples/N4_sw0.30_x+4_i0091.h5,4,3.000000000e-01,4,2.042339207e+00,main,true,rise,186
/mnt/pd/tema1/new/results/ml_samples/N4_sw0.30_x+4_i0059.h5,4,3.000000000e-01,4,2.042339207e+00,main,true,rise,528
/mnt/pd/tema1/new/results/ml_samples/N4_sw0.30_x+4_i0079.h5,4,3.000000000e-01,4,2.042339207e+00,main,true,rise,251
/mnt/pd/tema1/new/results/ml_samples/N4_sw0.30_x-1_i0009.h5,4,3.000000000e-01,-1,7.394151982e-01,main,true,fall,82
/mnt/pd/tema1/new/results/ml_samples/N4_sw0.30_x+4_i0083.h5,4,3.000000000e-01,4,2.042339207e+00,main,true,rise,280
/mnt/pd/tema1/new/results/ml_samples/N4_sw0.30_x-1_i0003.h5,4,3.000000000e-01,-1,7.394151982e-01,main,true,fall,146
/mnt/pd/tema1/new/results/ml_samples/N4_sw0.30_x+4_i0081.h5,4,3.000000000e-01,4,2.042339207e+00,main,true,rise,331
/mnt/pd/tema1/new/results/ml_samples/N4_sw0.30_x+4_i0055.h5,4,3.000000000e-01,4,2.042339207e+00,main,true,rise,563
/mnt/pd/tema1/new/results/ml_samples/N4_sw0.30_x+4_i0067.h5,4,3.000000000e-01,4,2.042339207e+00,main,true,rise,491
/mnt/pd/tema1/new/results/ml_samples/N4_sw0.30_x+4_i0099.h5,4,3.000000000e-01,4,2.042339207e+00,main,true,rise,254
/mnt/pd/tema1/new/results/ml_samples/N4_sw0.30_x+4_i0063.h5,4,3.000000000e-01,4,2.042339207e+00,main,true,rise,488
/mnt/pd/tema1/new/results/ml_samples/N4_sw0.30_x+4_i0057.h5,4,3.000000000e-01,4,2.042339207e+00,main,true,rise,565
/mnt/pd/tema1/new/results/ml_samples/N4_sw0.30_x-1_i0017.h5,4,3.000000000e-01,-1,7.394151982e-01,main,true,fall,197
/mnt/pd/tema1/new/results/ml_samples/N4_sw0.30_x-1_i0001.h5,4,3.000000000e-01,-1,7.394151982e-01,main,true,fall,207
/mnt/pd/tema1/new/results/ml_samples/N4_sw0.30_x+4_i0093.h5,4,3.000000000e-01,4,2.042339207e+00,main,true,rise,357
/mnt/pd/tema1/new/results/ml_samples/N4_sw0.30_x+4_i0097.h5,4,3.000000000e-01,4,2.042339207e+00,main,true,rise,272
/mnt/pd/tema1/new/results/ml_samples/N4_sw0.30_x+4_i0069.h5,4,3.000000000e-01,4,2.042339207e+00,main,true,rise,498
/mnt/pd/tema1/new/results/ml_samples/N4_sw0.30_x-1_i0023.h5,4,3.000000000e-01,-1,7.394151982e-01,main,true,fall,154
/mnt/pd/tema1/new/results/ml_samples/N4_sw0.30_x-1_i0043.h5,4,3.000000000e-01,-1,7.394151982e-01,main,true,fall,119
/mnt/pd/tema1/new/results/ml_samples/N4_sw0.30_x-1_i0037.h5,4,3.000000000e-01,-1,7.394151982e-01,main,true,fall,99
/mnt/pd/tema1/new/results/ml_samples/N4_sw0.30_x-1_i0025.h5,4,3.000000000e-01,-1,7.394151982e-01,main,true,fall,275
/mnt/pd/tema1/new/results/ml_samples/N4_sw0.30_x-1_i0055.h5,4,3.000000000e-01,-1,7.394151982e-01,main,true,fall,137
/mnt/pd/tema1/new/results/ml_samples/N4_sw0.30_x+4_i0061.h5,4,3.000000000e-01,4,2.042339207e+00,main,true,rise,679
/mnt/pd/tema1/new/results/ml_samples/N4_sw0.30_x-1_i0041.h5,4,3.000000000e-01,-1,7.394151982e-01,main,true,fall,222
/mnt/pd/tema1/new/results/ml_samples/N4_sw0.30_x-1_i0049.h5,4,3.000000000e-01,-1,7.394151982e-01,main,true,fall,200
/mnt/pd/tema1/new/results/ml_samples/N4_sw0.30_x+4_i0095.h5,4,3.000000000e-01,4,2.042339207e+00,main,true,rise,635
/mnt/pd/tema1/new/results/ml_samples/N4_sw0.30_x+4_i0087.h5,4,3.000000000e-01,4,2.042339207e+00,main,true,rise,667
/mnt/pd/tema1/new/results/ml_samples/N4_sw0.30_x-1_i0033.h5,4,3.000000000e-01,-1,7.394151982e-01,main,true,fall,341
/mnt/pd/tema1/new/results/ml_samples/N4_sw0.30_x-1_i0053.h5,4,3.000000000e-01,-1,7.394151982e-01,main,true,fall,232
/mnt/pd/tema1/new/results/ml_samples/N4_sw0.30_x-1_i0015.h5,4,3.000000000e-01,-1,7.394151982e-01,main,true,fall,546
/mnt/pd/tema1/new/results/ml_samples/N4_sw0.30_x-1_i0047.h5,4,3.000000000e-01,-1,7.394151982e-01,main,true,fall,455
/mnt/pd/tema1/new/results/ml_samples/N4_sw0.30_x-1_i0065.h5,4,3.000000000e-01,-1,7.394151982e-01,main,true,fall,432
/mnt/pd/tema1/new/results/ml_samples/N4_sw0.30_x-1_i0079.h5,4,3.000000000e-01,-1,7.394151982e-01,main,true,fall,145
/mnt/pd/tema1/new/results/ml_samples/N4_sw0.30_x-1_i0075.h5,4,3.000000000e-01,-1,7.394151982e-01,main,true,rise,326
/mnt/pd/tema1/new/results/ml_samples/N4_sw0.30_x-1_i0067.h5,4,3.000000000e-01,-1,7.394151982e-01,main,true,fall,422
/mnt/pd/tema1/new/results/ml_samples/N4_sw0.30_x-1_i0031.h5,4,3.000000000e-01,-1,7.394151982e-01,main,true,fall,724
/mnt/pd/tema1/new/results/ml_samples/N4_sw0.30_x-1_i0007.h5,4,3.000000000e-01,-1,7.394151982e-01,main,true,rise,830
/mnt/pd/tema1/new/results/ml_samples/N4_sw0.30_x-1_i0069.h5,4,3.000000000e-01,-1,7.394151982e-01,main,true,fall,400
/mnt/pd/tema1/new/results/ml_samples/N4_sw0.30_x-1_i0035.h5,4,3.000000000e-01,-1,7.394151982e-01,main,true,fall,743
/mnt/pd/tema1/new/results/ml_samples/N4_sw0.30_x+4_i0089.h5,4,3.000000000e-01,4,2.042339207e+00,main,true,rise,1030
/mnt/pd/tema1/new/results/ml_samples/N4_sw0.30_x-1_i0085.h5,4,3.000000000e-01,-1,7.394151982e-01,main,true,fall,80
/mnt/pd/tema1/new/results/ml_samples/N4_sw0.30_x-1_i0059.h5,4,3.000000000e-01,-1,7.394151982e-01,main,true,rise,632
/mnt/pd/tema1/new/results/ml_samples/N4_sw0.30_x-1_i0099.h5,4,3.000000000e-01,-1,7.394151982e-01,main,true,fall,88
/mnt/pd/tema1/new/results/ml_samples/N4_sw0.30_x-1_i0089.h5,4,3.000000000e-01,-1,7.394151982e-01,main,true,fall,197
/mnt/pd/tema1/new/results/ml_samples/N4_sw0.30_x-1_i0091.h5,4,3.000000000e-01,-1,7.394151982e-01,main,true,fall,183
/mnt/pd/tema1/new/results/ml_samples/N4_sw0.30_x-1_i0097.h5,4,3.000000000e-01,-1,7.394151982e-01,main,true,fall,134
/mnt/pd/tema1/new/results/ml_samples/N4_sw0.30_x+2_i0089.h5,4,3.000000000e-01,2,1.521169604e+00,main,true,rise,1972
/mnt/pd/tema1/new/results/ml_samples/N4_sw0.30_x-1_i0107.h5,4,3.000000000e-01,-1,7.394151982e-01,main,true,fall,99
/mnt/pd/tema1/new/results/ml_samples/N4_sw0.30_x-1_i0103.h5,4,3.000000000e-01,-1,7.394151982e-01,main,true,fall,160
/mnt/pd/tema1/new/results/ml_samples/N4_sw0.30_x-1_i0087.h5,4,3.000000000e-01,-1,7.394151982e-01,main,true,fall,381
/mnt/pd/tema1/new/results/ml_samples/N4_sw0.30_x-1_i0029.h5,4,3.000000000e-01,-1,7.394151982e-01,main,true,fall,1086
/mnt/pd/tema1/new/results/ml_samples/N4_sw0.30_x+1_i0179.h5,4,3.000000000e-01,1,1.260584802e+00,main,true,rise,3674
/mnt/pd/tema1/new/results/ml_samples/N4_sw0.30_x-1_i0063.h5,4,3.000000000e-01,-1,7.394151982e-01,main,true,fall,877
/mnt/pd/tema1/new/results/ml_samples/N4_sw0.30_x-1_i0109.h5,4,3.000000000e-01,-1,7.394151982e-01,main,true,fall,163
/mnt/pd/tema1/new/results/ml_samples/N4_sw0.30_x-1_i0071.h5,4,3.000000000e-01,-1,7.394151982e-01,main,true,fall,745
/mnt/pd/tema1/new/results/ml_samples/N4_sw0.30_x-1_i0101.h5,4,3.000000000e-01,-1,7.394151982e-01,main,true,fall,405
/mnt/pd/tema1/new/results/ml_samples/N4_sw0.30_x-1_i0121.h5,4,3.000000000e-01,-1,7.394151982e-01,main,true,fall,78
/mnt/pd/tema1/new/results/ml_samples/N4_sw0.30_x-1_i0125.h5,4,3.000000000e-01,-1,7.394151982e-01,main,true,fall,87
/mnt/pd/tema1/new/results/ml_samples/N4_sw0.30_x-1_i0005.h5,4,3.000000000e-01,-1,7.394151982e-01,main,true,fall,1455
/mnt/pd/tema1/new/results/ml_samples/N4_sw0.30_x-1_i0119.h5,4,3.000000000e-01,-1,7.394151982e-01,main,true,fall,191
/mnt/pd/tema1/new/results/ml_samples/N4_sw0.30_x-1_i0117.h5,4,3.000000000e-01,-1,7.394151982e-01,main,true,fall,196
/mnt/pd/tema1/new/results/ml_samples/N4_sw0.30_x-1_i0061.h5,4,3.000000000e-01,-1,7.394151982e-01,main,true,fall,1404
/mnt/pd/tema1/new/results/ml_samples/N4_sw0.30_x-1_i0115.h5,4,3.000000000e-01,-1,7.394151982e-01,main,true,fall,154
/mnt/pd/tema1/new/results/ml_samples/N4_sw0.30_x-1_i0051.h5,4,3.000000000e-01,-1,7.394151982e-01,main,true,fall,1198
/mnt/pd/tema1/new/results/ml_samples/N4_sw0.30_x-1_i0057.h5,4,3.000000000e-01,-1,7.394151982e-01,main,true,fall,1152
/mnt/pd/tema1/new/results/ml_samples/N4_sw0.30_x-1_i0129.h5,4,3.000000000e-01,-1,7.394151982e-01,main,true,fall,202
/mnt/pd/tema1/new/results/ml_samples/N4_sw0.30_x-1_i0137.h5,4,3.000000000e-01,-1,7.394151982e-01,main,true,fall,141
/mnt/pd/tema1/new/results/ml_samples/N4_sw0.30_x-1_i0127.h5,4,3.000000000e-01,-1,7.394151982e-01,main,true,fall,297
/mnt/pd/tema1/new/results/ml_samples/N4_sw0.30_x-1_i0147.h5,4,3.000000000e-01,-1,7.394151982e-01,main,true,fall,123
/mnt/pd/tema1/new/results/ml_samples/N4_sw0.30_x-1_i0021.h5,4,3.000000000e-01,-1,7.394151982e-01,main,true,fall,2107
/mnt/pd/tema1/new/results/ml_samples/N4_sw0.30_x-1_i0019.h5,4,3.000000000e-01,-1,7.394151982e-01,main,true,fall,1497
/mnt/pd/tema1/new/results/ml_samples/N4_sw0.30_x-1_i0113.h5,4,3.000000000e-01,-1,7.394151982e-01,main,true,fall,595
/mnt/pd/tema1/new/results/ml_samples/N4_sw0.30_x-1_i0155.h5,4,3.000000000e-01,-1,7.394151982e-01,main,true,fall,136
/mnt/pd/tema1/new/results/ml_samples/N4_sw0.30_x-1_i0141.h5,4,3.000000000e-01,-1,7.394151982e-01,main,true,fall,548
/mnt/pd/tema1/new/results/ml_samples/N4_sw0.30_x-1_i0143.h5,4,3.000000000e-01,-1,7.394151982e-01,main,true,fall,381
/mnt/pd/tema1/new/results/ml_samples/N4_sw0.30_x-1_i0157.h5,4,3.000000000e-01,-1,7.394151982e-01,main,true,fall,191
/mnt/pd/tema1/new/results/ml_samples/N4_sw0.30_x-1_i0011.h5,4,3.000000000e-01,-1,7.394151982e-01,main,true,rise,1747
/mnt/pd/tema1/new/results/ml_samples/N4_sw0.30_x-1_i0131.h5,4,3.000000000e-01,-1,7.394151982e-01,main,true,fall,473
/mnt/pd/tema1/new/results/ml_samples/N4_sw0.30_x-1_i0045.h5,4,3.000000000e-01,-1,7.394151982e-01,main,true,fall,1676
/mnt/pd/tema1/new/results/ml_samples/N4_sw0.30_x-1_i0145.h5,4,3.000000000e-01,-1,7.394151982e-01,main,true,fall,479
/mnt/pd/tema1/new/results/ml_samples/N4_sw0.30_x-1_i0039.h5,4,3.000000000e-01,-1,7.394151982e-01,main,true,fall,1747
/mnt/pd/tema1/new/results/ml_samples/N4_sw0.30_x-1_i0149.h5,4,3.000000000e-01,-1,7.394151982e-01,main,true,fall,324
/mnt/pd/tema1/new/results/ml_samples/N4_sw0.30_x-1_i0167.h5,4,3.000000000e-01,-1,7.394151982e-01,main,true,fall,101
/mnt/pd/tema1/new/results/ml_samples/N4_sw0.30_x-1_i0169.h5,4,3.000000000e-01,-1,7.394151982e-01,main,true,fall,111
/mnt/pd/tema1/new/results/ml_samples/N4_sw0.30_x-1_i0161.h5,4,3.000000000e-01,-1,7.394151982e-01,main,true,fall,201
/mnt/pd/tema1/new/results/ml_samples/N4_sw0.30_x-1_i0159.h5,4,3.000000000e-01,-1,7.394151982e-01,main,true,fall,287
/mnt/pd/tema1/new/results/ml_samples/N4_sw0.30_x-1_i0165.h5,4,3.000000000e-01,-1,7.394151982e-01,main,true,fall,168
/mnt/pd/tema1/new/results/ml_samples/N4_sw0.30_x-1_i0073.h5,4,3.000000000e-01,-1,7.394151982e-01,main,true,fall,1433
/mnt/pd/tema1/new/results/ml_samples/N4_sw0.30_x-1_i0093.h5,4,3.000000000e-01,-1,7.394151982e-01,main,true,fall,1144
/mnt/pd/tema1/new/results/ml_samples/N4_sw0.30_x-1_i0163.h5,4,3.000000000e-01,-1,7.394151982e-01,main,true,fall,217
/mnt/pd/tema1/new/results/ml_samples/N4_sw0.30_x-1_i0177.h5,4,3.000000000e-01,-1,7.394151982e-01,main,true,fall,138
/mnt/pd/tema1/new/results/ml_samples/N4_sw0.30_x-1_i0173.h5,4,3.000000000e-01,-1,7.394151982e-01,main,true,fall,202
/mnt/pd/tema1/new/results/ml_samples/N4_sw0.30_x-1_i0171.h5,4,3.000000000e-01,-1,7.394151982e-01,main,true,fall,212
/mnt/pd/tema1/new/results/ml_samples/N4_sw0.30_x-1_i0191.h5,4,3.000000000e-01,-1,7.394151982e-01,main,true,fall,140
/mnt/pd/tema1/new/results/ml_samples/N4_sw0.30_x-1_i0195.h5,4,3.000000000e-01,-1,7.394151982e-01,main,true,fall,105
/mnt/pd/tema1/new/results/ml_samples/N4_sw0.30_x-1_i0187.h5,4,3.000000000e-01,-1,7.394151982e-01,main,true,fall,155
/mnt/pd/tema1/new/results/ml_samples/N4_sw0.30_x-1_i0179.h5,4,3.000000000e-01,-1,7.394151982e-01,main,true,fall,173
/mnt/pd/tema1/new/results/ml_samples/N4_sw0.30_x-1_i0077.h5,4,3.000000000e-01,-1,7.394151982e-01,main,true,fall,1633
/mnt/pd/tema1/new/results/ml_samples/N4_sw0.30_x-2_i0001.h5,4,3.000000000e-01,-2,4.788303963e-01,main,true,fall,107
/mnt/pd/tema1/new/results/ml_samples/N4_sw0.30_x-1_i0027.h5,4,3.000000000e-01,-1,7.394151982e-01,main,true,fall,1998
/mnt/pd/tema1/new/results/ml_samples/N4_sw0.30_x-2_i0003.h5,4,3.000000000e-01,-2,4.788303963e-01,main,true,fall,185
/mnt/pd/tema1/new/results/ml_samples/N4_sw0.30_x-1_i0151.h5,4,3.000000000e-01,-1,7.394151982e-01,main,true,fall,627
/mnt/pd/tema1/new/results/ml_samples/N4_sw0.30_x-1_i0135.h5,4,3.000000000e-01,-1,7.394151982e-01,main,true,fall,832
/mnt/pd/tema1/new/results/ml_samples/N4_sw0.30_x-1_i0153.h5,4,3.000000000e-01,-1,7.394151982e-01,main,true,rise,684
/mnt/pd/tema1/new/results/ml_samples/N4_sw0.30_x-1_i0193.h5,4,3.000000000e-01,-1,7.394151982e-01,main,true,fall,243
/mnt/pd/tema1/new/results/ml_samples/N4_sw0.30_x-2_i0015.h5,4,3.000000000e-01,-2,4.788303963e-01,main,true,fall,143
/mnt/pd/tema1/new/results/ml_samples/N4_sw0.30_x-2_i0007.h5,4,3.000000000e-01,-2,4.788303963e-01,main,true,fall,135
/mnt/pd/tema1/new/results/ml_samples/N4_sw0.30_x-2_i0013.h5,4,3.000000000e-01,-2,4.788303963e-01,main,true,fall,145
/mnt/pd/tema1/new/results/ml_samples/N4_sw0.30_x-2_i0019.h5,4,3.000000000e-01,-2,4.788303963e-01,main,true,fall,100
/mnt/pd/tema1/new/results/ml_samples/N4_sw0.30_x-1_i0181.h5,4,3.000000000e-01,-1,7.394151982e-01,main,true,fall,541
/mnt/pd/tema1/new/results/ml_samples/N4_sw0.30_x-2_i0009.h5,4,3.000000000e-01,-2,4.788303963e-01,main,true,fall,298
/mnt/pd/tema1/new/results/ml_samples/N4_sw0.30_x-2_i0017.h5,4,3.000000000e-01,-2,4.788303963e-01,main,true,fall,227
/mnt/pd/tema1/new/results/ml_samples/N4_sw0.30_x-2_i0023.h5,4,3.000000000e-01,-2,4.788303963e-01,main,true,fall,152
/mnt/pd/tema1/new/results/ml_samples/N4_sw0.30_x-2_i0025.h5,4,3.000000000e-01,-2,4.788303963e-01,main,true,fall,170
/mnt/pd/tema1/new/results/ml_samples/N4_sw0.30_x-2_i0005.h5,4,3.000000000e-01,-2,4.788303963e-01,main,true,fall,569
/mnt/pd/tema1/new/results/ml_samples/N4_sw0.30_x-2_i0035.h5,4,3.000000000e-01,-2,4.788303963e-01,main,true,fall,80
/mnt/pd/tema1/new/results/ml_samples/N4_sw0.30_x-2_i0027.h5,4,3.000000000e-01,-2,4.788303963e-01,main,true,fall,245
/mnt/pd/tema1/new/results/ml_samples/N4_sw0.30_x-2_i0033.h5,4,3.000000000e-01,-2,4.788303963e-01,main,true,fall,162
/mnt/pd/tema1/new/results/ml_samples/N4_sw0.30_x-1_i0081.h5,4,3.000000000e-01,-1,7.394151982e-01,main,true,fall,1580
/mnt/pd/tema1/new/results/ml_samples/N4_sw0.30_x-2_i0031.h5,4,3.000000000e-01,-2,4.788303963e-01,main,true,fall,177
/mnt/pd/tema1/new/results/ml_samples/N4_sw0.30_x-2_i0029.h5,4,3.000000000e-01,-2,4.788303963e-01,main,true,fall,143
/mnt/pd/tema1/new/results/ml_samples/N4_sw0.30_x-1_i0199.h5,4,3.000000000e-01,-1,7.394151982e-01,main,true,fall,562
/mnt/pd/tema1/new/results/ml_samples/N4_sw0.30_x-1_i0133.h5,4,3.000000000e-01,-1,7.394151982e-01,main,true,fall,1083
/mnt/pd/tema1/new/results/ml_samples/N4_sw0.30_x-2_i0021.h5,4,3.000000000e-01,-2,4.788303963e-01,main,true,fall,305
/mnt/pd/tema1/new/results/ml_samples/N4_sw0.30_x-2_i0041.h5,4,3.000000000e-01,-2,4.788303963e-01,main,true,fall,111
/mnt/pd/tema1/new/results/ml_samples/N4_sw0.30_x-2_i0047.h5,4,3.000000000e-01,-2,4.788303963e-01,main,true,fall,110
/mnt/pd/tema1/new/results/ml_samples/N4_sw0.30_x-2_i0039.h5,4,3.000000000e-01,-2,4.788303963e-01,main,true,fall,168
/mnt/pd/tema1/new/results/ml_samples/N4_sw0.30_x-2_i0057.h5,4,3.000000000e-01,-2,4.788303963e-01,main,true,fall,68
/mnt/pd/tema1/new/results/ml_samples/N4_sw0.30_x-2_i0045.h5,4,3.000000000e-01,-2,4.788303963e-01,main,true,fall,143
/mnt/pd/tema1/new/results/ml_samples/N4_sw0.30_x-2_i0055.h5,4,3.000000000e-01,-2,4.788303963e-01,main,true,fall,69
/mnt/pd/tema1/new/results/ml_samples/N4_sw0.30_x-2_i0069.h5,4,3.000000000e-01,-2,4.788303963e-01,main,true,fall,131
/mnt/pd/tema1/new/results/ml_samples/N4_sw0.30_x-2_i0059.h5,4,3.000000000e-01,-2,4.788303963e-01,main,true,fall,100
/mnt/pd/tema1/new/results/ml_samples/N4_sw0.30_x-2_i0063.h5,4,3.000000000e-01,-2,4.788303963e-01,main,true,fall,154
/mnt/pd/tema1/new/results/ml_samples/N4_sw0.30_x-2_i0065.h5,4,3.000000000e-01,-2,4.788303963e-01,main,true,fall,113
/mnt/pd/tema1/new/results/ml_samples/N4_sw0.30_x-2_i0079.h5,4,3.000000000e-01,-2,4.788303963e-01,main,true,fall,77
/mnt/pd/tema1/new/results/ml_samples/N4_sw0.30_x-2_i0067.h5,4,3.000000000e-01,-2,4.788303963e-01,main,true,fall,161
/mnt/pd/tema1/new/results/ml_samples/N4_sw0.30_x-2_i0075.h5,4,3.000000000e-01,-2,4.788303963e-01,main,true,fall,120
/mnt/pd/tema1/new/results/ml_samples/N4_sw0.30_x-2_i0071.h5,4,3.000000000e-01,-2,4.788303963e-01,main,true,fall,196
/mnt/pd/tema1/new/results/ml_samples/N4_sw0.30_x-2_i0073.h5,4,3.000000000e-01,-2,4.788303963e-01,main,true,fall,205
/mnt/pd/tema1/new/results/ml_samples/N4_sw0.30_x-2_i0077.h5,4,3.000000000e-01,-2,4.788303963e-01,main,true,fall,207
/mnt/pd/tema1/new/results/ml_samples/N4_sw0.30_x-2_i0049.h5,4,3.000000000e-01,-2,4.788303963e-01,main,true,fall,395
/mnt/pd/tema1/new/results/ml_samples/N4_sw0.30_x-2_i0061.h5,4,3.000000000e-01,-2,4.788303963e-01,main,true,fall,346
/mnt/pd/tema1/new/results/ml_samples/N4_sw0.30_x-2_i0085.h5,4,3.000000000e-01,-2,4.788303963e-01,main,true,fall,144
/mnt/pd/tema1/new/results/ml_samples/N4_sw0.30_x-2_i0093.h5,4,3.000000000e-01,-2,4.788303963e-01,main,true,fall,94
/mnt/pd/tema1/new/results/ml_samples/N4_sw0.30_x-2_i0081.h5,4,3.000000000e-01,-2,4.788303963e-01,main,true,fall,277
/mnt/pd/tema1/new/results/ml_samples/N4_sw0.30_x-2_i0095.h5,4,3.000000000e-01,-2,4.788303963e-01,main,true,fall,100
/mnt/pd/tema1/new/results/ml_samples/N4_sw0.30_x-2_i0091.h5,4,3.000000000e-01,-2,4.788303963e-01,main,true,fall,177
/mnt/pd/tema1/new/results/ml_samples/N4_sw0.30_x-2_i0089.h5,4,3.000000000e-01,-2,4.788303963e-01,main,true,fall,179
/mnt/pd/tema1/new/results/ml_samples/N4_sw0.30_x-2_i0097.h5,4,3.000000000e-01,-2,4.788303963e-01,main,true,fall,134
/mnt/pd/tema1/new/results/ml_samples/N4_sw0.30_x-2_i0083.h5,4,3.000000000e-01,-2,4.788303963e-01,main,true,fall,280
/mnt/pd/tema1/new/results/ml_samples/N4_sw0.30_x-1_i0123.h5,4,3.000000000e-01,-1,7.394151982e-01,main,true,rise,1671
/mnt/pd/tema1/new/results/ml_samples/N4_sw0.30_x-1_i0185.h5,4,3.000000000e-01,-1,7.394151982e-01,main,true,rise,1497
/mnt/pd/tema1/new/results/ml_samples/N4_sw0.30_x-2_i0053.h5,4,3.000000000e-01,-2,4.788303963e-01,main,true,fall,564
/mnt/pd/tema1/new/results/ml_samples/N4_sw0.30_x-4_i0005.h5,4,3.000000000e-01,-4,-4.233920735e-02,main,false,fall,83
/mnt/pd/tema1/new/results/ml_samples/N4_sw0.30_x-2_i0087.h5,4,3.000000000e-01,-2,4.788303963e-01,main,true,fall,366
/mnt/pd/tema1/new/results/ml_samples/N4_sw0.30_x-4_i0009.h5,4,3.000000000e-01,-4,-4.233920735e-02,main,false,fall,114
/mnt/pd/tema1/new/results/ml_samples/N4_sw0.30_x-4_i0013.h5,4,3.000000000e-01,-4,-4.233920735e-02,main,false,fall,100
/mnt/pd/tema1/new/results/ml_samples/N4_sw0.30_x-4_i0021.h5,4,3.000000000e-01,-4,-4.233920735e-02,main,false,fall,105
/mnt/pd/tema1/new/results/ml_samples/N4_sw0.30_x-4_i0017.h5,4,3.000000000e-01,-4,-4.233920735e-02,main,false,fall,87
/mnt/pd/tema1/new/results/ml_samples/N4_sw0.30_x-4_i0019.h5,4,3.000000000e-01,-4,-4.233920735e-02,main,false,fall,99
/mnt/pd/tema1/new/results/ml_samples/N4_sw0.30_x-4_i0029.h5,4,3.000000000e-01,-4,-4.233920735e-02,main,false,fall,131
/mnt/pd/tema1/new/results/ml_samples/N4_sw0.30_x-4_i0023.h5,4,3.000000000e-01,-4,-4.233920735e-02,main,false,fall,104
/mnt/pd/tema1/new/results/ml_samples/N4_sw0.30_x-2_i0043.h5,4,3.000000000e-01,-2,4.788303963e-01,main,true,fall,735
/mnt/pd/tema1/new/results/ml_samples/N4_sw0.30_x-4_i0007.h5,4,3.000000000e-01,-4,-4.233920735e-02,main,false,fall,253
/mnt/pd/tema1/new/results/ml_samples/N4_sw0.30_x-4_i0025.h5,4,3.000000000e-01,-4,-4.233920735e-02,main,false,fall,63
/mnt/pd/tema1/new/results/ml_samples/N4_sw0.30_x-4_i0035.h5,4,3.000000000e-01,-4,-4.233920735e-02,main,false,fall,87
/mnt/pd/tema1/new/results/ml_samples/N4_sw0.30_x-4_i0011.h5,4,3.000000000e-01,-4,-4.233920735e-02,main,false,fall,175
/mnt/pd/tema1/new/results/ml_samples/N4_sw0.30_x-4_i0015.h5,4,3.000000000e-01,-4,-4.233920735e-02,main,false,fall,196
/mnt/pd/tema1/new/results/ml_samples/N4_sw0.30_x-4_i0039.h5,4,3.000000000e-01,-4,-4.233920735e-02,main,false,fall,61
/mnt/pd/tema1/new/results/ml_samples/N4_sw0.30_x-4_i0033.h5,4,3.000000000e-01,-4,-4.233920735e-02,main,false,fall,107
/mnt/pd/tema1/new/results/ml_samples/N4_sw0.30_x-4_i0003.h5,4,3.000000000e-01,-4,-4.233920735e-02,main,false,fall,347
/mnt/pd/tema1/new/results/ml_samples/N4_sw0.30_x-4_i0031.h5,4,3.000000000e-01,-4,-4.233920735e-02,main,false,fall,104
/mnt/pd/tema1/new/results/ml_samples/N4_sw0.30_x-4_i0047.h5,4,3.000000000e-01,-4,-4.233920735e-02,main,false,fall,72
/mnt/pd/tema1/new/results/ml_samples/N4_sw0.30_x-1_i0013.h5,4,3.000000000e-01,-1,7.394151982e-01,main,true,rise,3111
/mnt/pd/tema1/new/results/ml_samples/N4_sw0.30_x-4_i0037.h5,4,3.000000000e-01,-4,-4.233920735e-02,main,false,fall,83
/mnt/pd/tema1/new/results/ml_samples/N4_sw0.30_x-4_i0053.h5,4,3.000000000e-01,-4,-4.233920735e-02,main,false,fall,72
/mnt/pd/tema1/new/results/ml_samples/N4_sw0.30_x-4_i0049.h5,4,3.000000000e-01,-4,-4.233920735e-02,main,false,fall,100
/mnt/pd/tema1/new/results/ml_samples/N4_sw0.30_x-4_i0041.h5,4,3.000000000e-01,-4,-4.233920735e-02,main,false,fall,189
/mnt/pd/tema1/new/results/ml_samples/N4_sw0.30_x-2_i0099.h5,4,3.000000000e-01,-2,4.788303963e-01,main,true,fall,462
/mnt/pd/tema1/new/results/ml_samples/N4_sw0.30_x-4_i0043.h5,4,3.000000000e-01,-4,-4.233920735e-02,main,false,fall,134
/mnt/pd/tema1/new/results/ml_samples/N4_sw0.30_x-2_i0011.h5,4,3.000000000e-01,-2,4.788303963e-01,main,true,fall,1163
/mnt/pd/tema1/new/results/ml_samples/N4_sw0.30_x-4_i0057.h5,4,3.000000000e-01,-4,-4.233920735e-02,main,false,fall,94
/mnt/pd/tema1/new/results/ml_samples/N4_sw0.30_x-4_i0055.h5,4,3.000000000e-01,-4,-4.233920735e-02,main,false,fall,107
/mnt/pd/tema1/new/results/ml_samples/N4_sw0.30_x-4_i0051.h5,4,3.000000000e-01,-4,-4.233920735e-02,main,false,fall,188
/mnt/pd/tema1/new/results/ml_samples/N4_sw0.30_x-4_i0059.h5,4,3.000000000e-01,-4,-4.233920735e-02,main,false,fall,89
/mnt/pd/tema1/new/results/ml_samples/N4_sw0.30_x-2_i0037.h5,4,3.000000000e-01,-2,4.788303963e-01,main,true,fall,880
/mnt/pd/tema1/new/results/ml_samples/N4_sw0.30_x-4_i0065.h5,4,3.000000000e-01,-4,-4.233920735e-02,main,false,fall,61
/mnt/pd/tema1/new/results/ml_samples/N4_sw0.30_x-4_i0061.h5,4,3.000000000e-01,-4,-4.233920735e-02,main,false,fall,102
/mnt/pd/tema1/new/results/ml_samples/N4_sw0.30_x-4_i0075.h5,4,3.000000000e-01,-4,-4.233920735e-02,main,false,fall,89
/mnt/pd/tema1/new/results/ml_samples/N4_sw0.30_x-4_i0067.h5,4,3.000000000e-01,-4,-4.233920735e-02,main,false,fall,87
/mnt/pd/tema1/new/results/ml_samples/N4_sw0.30_x-4_i0071.h5,4,3.000000000e-01,-4,-4.233920735e-02,main,false,fall,69
/mnt/pd/tema1/new/results/ml_samples/N4_sw0.30_x-4_i0069.h5,4,3.000000000e-01,-4,-4.233920735e-02,main,false,fall,77
/mnt/pd/tema1/new/results/ml_samples/N4_sw0.30_x-4_i0079.h5,4,3.000000000e-01,-4,-4.233920735e-02,main,false,fall,56
/mnt/pd/tema1/new/results/ml_samples/N4_sw0.30_x-4_i0081.h5,4,3.000000000e-01,-4,-4.233920735e-02,main,false,fall,81
/mnt/pd/tema1/new/results/ml_samples/N4_sw0.30_x-4_i0063.h5,4,3.000000000e-01,-4,-4.233920735e-02,main,false,fall,136
/mnt/pd/tema1/new/results/ml_samples/N4_sw0.30_x-4_i0087.h5,4,3.000000000e-01,-4,-4.233920735e-02,main,false,fall,79
/mnt/pd/tema1/new/results/ml_samples/N4_sw0.30_x-4_i0001.h5,4,3.000000000e-01,-4,-4.233920735e-02,main,false,fall,583
/mnt/pd/tema1/new/results/ml_samples/N4_sw0.30_x-4_i0073.h5,4,3.000000000e-01,-4,-4.233920735e-02,main,false,fall,92
/mnt/pd/tema1/new/results/ml_samples/N4_sw0.30_x-1_i0197.h5,4,3.000000000e-01,-1,7.394151982e-01,main,true,fall,1380
/mnt/pd/tema1/new/results/ml_samples/N4_sw0.30_x-4_i0097.h5,4,3.000000000e-01,-4,-4.233920735e-02,main,false,fall,77
/mnt/pd/tema1/new/results/ml_samples/N4_sw0.30_x-4_i0045.h5,4,3.000000000e-01,-4,-4.233920735e-02,main,false,fall,253
/mnt/pd/tema1/new/results/ml_samples/N4_sw0.30_x-4_i0089.h5,4,3.000000000e-01,-4,-4.233920735e-02,main,false,fall,96
/mnt/pd/tema1/new/results/ml_samples/N4_sw0.30_x-4_i0091.h5,4,3.000000000e-01,-4,-4.233920735e-02,main,false,fall,104
/mnt/pd/tema1/new/results/ml_samples/N4_sw0.30_x-4_i0083.h5,4,3.000000000e-01,-4,-4.233920735e-02,main,false,fall,113
/mnt/pd/tema1/new/results/ml_samples/N4_sw0.30_x-4_i0099.h5,4,3.000000000e-01,-4,-4.233920735e-02,main,false,fall,81
/mnt/pd/tema1/new/results/ml_samples/N4_sw0.30_x-1_i0183.h5,4,3.000000000e-01,-1,7.394151982e-01,main,true,fall,1488
/mnt/pd/tema1/new/results/ml_samples/N4_sw0.30_x-4_i0093.h5,4,3.000000000e-01,-4,-4.233920735e-02,main,false,fall,77
/mnt/pd/tema1/new/results/ml_samples/N4_sw0.30_x-4_i0077.h5,4,3.000000000e-01,-4,-4.233920735e-02,main,false,fall,97
/mnt/pd/tema1/new/results/ml_samples/N4_sw0.30_x-4_i0095.h5,4,3.000000000e-01,-4,-4.233920735e-02,main,false,fall,100
/mnt/pd/tema1/new/results/ml_samples/N4_sw0.30_x-4_i0085.h5,4,3.000000000e-01,-4,-4.233920735e-02,main,false,fall,145
/mnt/pd/tema1/new/results/ml_samples/N4_sw0.30_x-1_i0111.h5,4,3.000000000e-01,-1,7.394151982e-01,main,true,fall,2176
/mnt/pd/tema1/new/results/ml_samples/N6_sw0.30_x+0_i0009.h5,6,3.000000000e-01,0,1.000000000e+00,gen_N,true,fall,92
/mnt/pd/tema1/new/results/ml_samples/N4_sw0.30_x-2_i0051.h5,4,3.000000000e-01,-2,4.788303963e-01,main,true,fall,1104
/mnt/pd/tema1/new/results/ml_samples/N6_sw0.30_x+0_i0019.h5,6,3.000000000e-01,0,1.000000000e+00,gen_N,true,fall,109
/mnt/pd/tema1/new/results/ml_samples/N4_sw0.30_x-1_i0139.h5,4,3.000000000e-01,-1,7.394151982e-01,main,true,rise,2156
/mnt/pd/tema1/new/results/ml_samples/N4_sw0.30_x-1_i0095.h5,4,3.000000000e-01,-1,7.394151982e-01,main,true,fall,2681
/mnt/pd/tema1/new/results/ml_samples/N6_sw0.30_x+0_i0007.h5,6,3.000000000e-01,0,1.000000000e+00,gen_N,true,fall,129
/mnt/pd/tema1/new/results/ml_samples/N6_sw0.30_x+0_i0001.h5,6,3.000000000e-01,0,1.000000000e+00,gen_N,true,fall,181
/mnt/pd/tema1/new/results/ml_samples/N4_sw0.30_x-1_i0189.h5,4,3.000000000e-01,-1,7.394151982e-01,main,true,fall,1907
/mnt/pd/tema1/new/results/ml_samples/N6_sw0.30_x+0_i0037.h5,6,3.000000000e-01,0,1.000000000e+00,gen_N,true,fall,171
/mnt/pd/tema1/new/results/ml_samples/N6_sw0.30_x+0_i0043.h5,6,3.000000000e-01,0,1.000000000e+00,gen_N,true,fall,195
/mnt/pd/tema1/new/results/ml_samples/N6_sw0.30_x+0_i0041.h5,6,3.000000000e-01,0,1.000000000e+00,gen_N,true,fall,237
/mnt/pd/tema1/new/results/ml_samples/N4_sw0.30_x-1_i0105.h5,4,3.000000000e-01,-1,7.394151982e-01,main,true,fall,2877
/mnt/pd/tema1/new/results/ml_samples/N4_sw0.30_x-1_i0175.h5,4,3.000000000e-01,-1,7.394151982e-01,main,true,fall,2258
/mnt/pd/tema1/new/results/ml_samples/N4_sw0.30_x-1_i0083.h5,4,3.000000000e-01,-1,7.394151982e-01,main,true,fall,3322
/mnt/pd/tema1/new/results/ml_samples/N6_sw0.30_x+0_i0023.h5,6,3.000000000e-01,0,1.000000000e+00,gen_N,true,fall,424
/mnt/pd/tema1/new/results/ml_samples/N6_sw0.30_x+0_i0029.h5,6,3.000000000e-01,0,1.000000000e+00,gen_N,true,fall,468
/mnt/pd/tema1/new/results/ml_samples/N6_sw0.30_x+1_i0015.h5,6,3.000000000e-01,1,1.388229907e+00,gen_N,true,fall,170
/mnt/pd/tema1/new/results/ml_samples/N6_sw0.30_x+0_i0039.h5,6,3.000000000e-01,0,1.000000000e+00,gen_N,true,rise,517
/mnt/pd/tema1/new/results/ml_samples/N6_sw0.30_x+0_i0005.h5,6,3.000000000e-01,0,1.000000000e+00,gen_N,true,fall,587
/mnt/pd/tema1/new/results/ml_samples/N6_sw0.30_x+1_i0007.h5,6,3.000000000e-01,1,1.388229907e+00,gen_N,true,rise,403
/mnt/pd/tema1/new/results/ml_samples/N6_sw0.30_x+1_i0001.h5,6,3.000000000e-01,1,1.388229907e+00,gen_N,true,rise,482
/mnt/pd/tema1/new/results/ml_samples/N6_sw0.30_x+0_i0047.h5,6,3.000000000e-01,0,1.000000000e+00,gen_N,true,fall,649
/mnt/pd/tema1/new/results/ml_samples/N6_sw0.30_x+0_i0013.h5,6,3.000000000e-01,0,1.000000000e+00,gen_N,true,fall,641
/mnt/pd/tema1/new/results/ml_samples/N6_sw0.30_x+1_i0033.h5,6,3.000000000e-01,1,1.388229907e+00,gen_N,true,rise,301
/mnt/pd/tema1/new/results/ml_samples/N6_sw0.30_x+1_i0025.h5,6,3.000000000e-01,1,1.388229907e+00,gen_N,true,rise,417
/mnt/pd/tema1/new/results/ml_samples/N6_sw0.30_x+0_i0033.h5,6,3.000000000e-01,0,1.000000000e+00,gen_N,true,fall,799
/mnt/pd/tema1/new/results/ml_samples/N6_sw0.30_x+1_i0005.h5,6,3.000000000e-01,1,1.388229907e+00,gen_N,true,rise,685
/mnt/pd/tema1/new/results/ml_samples/N6_sw0.30_x+1_i0035.h5,6,3.000000000e-01,1,1.388229907e+00,gen_N,true,rise,392
/mnt/pd/tema1/new/results/ml_samples/N6_sw0.30_x+1_i0029.h5,6,3.000000000e-01,1,1.388229907e+00,gen_N,true,rise,452
/mnt/pd/tema1/new/results/ml_samples/N6_sw0.30_x+1_i0011.h5,6,3.000000000e-01,1,1.388229907e+00,gen_N,true,rise,673
/mnt/pd/tema1/new/results/ml_samples/N6_sw0.30_x+1_i0021.h5,6,3.000000000e-01,1,1.388229907e+00,gen_N,true,rise,729
/mnt/pd/tema1/new/results/ml_samples/N6_sw0.30_x+1_i0037.h5,6,3.000000000e-01,1,1.388229907e+00,gen_N,true,rise,583
/mnt/pd/tema1/new/results/ml_samples/N6_sw0.30_x+0_i0017.h5,6,3.000000000e-01,0,1.000000000e+00,gen_N,true,rise,1101
/mnt/pd/tema1/new/results/ml_samples/N6_sw0.30_x+0_i0035.h5,6,3.000000000e-01,0,1.000000000e+00,gen_N,true,fall,1075
/mnt/pd/tema1/new/results/ml_samples/N6_sw0.30_x+1_i0039.h5,6,3.000000000e-01,1,1.388229907e+00,gen_N,true,fall,382
/mnt/pd/tema1/new/results/ml_samples/N6_sw0.30_x+1_i0043.h5,6,3.000000000e-01,1,1.388229907e+00,gen_N,true,fall,427
/mnt/pd/tema1/new/results/ml_samples/N6_sw0.30_x-1_i0007.h5,6,3.000000000e-01,-1,6.117700934e-01,gen_N,true,fall,76
/mnt/pd/tema1/new/results/ml_samples/N6_sw0.30_x-1_i0001.h5,6,3.000000000e-01,-1,6.117700934e-01,gen_N,true,fall,410
/mnt/pd/tema1/new/results/ml_samples/N6_sw0.30_x+0_i0045.h5,6,3.000000000e-01,0,1.000000000e+00,gen_N,true,rise,1182
/mnt/pd/tema1/new/results/ml_samples/N6_sw0.30_x-1_i0009.h5,6,3.000000000e-01,-1,6.117700934e-01,gen_N,true,fall,157
/mnt/pd/tema1/new/results/ml_samples/N6_sw0.30_x+0_i0003.h5,6,3.000000000e-01,0,1.000000000e+00,gen_N,true,rise,1421
/mnt/pd/tema1/new/results/ml_samples/N6_sw0.30_x-1_i0015.h5,6,3.000000000e-01,-1,6.117700934e-01,gen_N,true,fall,141
/mnt/pd/tema1/new/results/ml_samples/N6_sw0.30_x-1_i0021.h5,6,3.000000000e-01,-1,6.117700934e-01,gen_N,true,fall,118
/mnt/pd/tema1/new/results/ml_samples/N6_sw0.30_x+1_i0009.h5,6,3.000000000e-01,1,1.388229907e+00,gen_N,true,rise,1156
/mnt/pd/tema1/new/results/ml_samples/N6_sw0.30_x+1_i0019.h5,6,3.000000000e-01,1,1.388229907e+00,gen_N,true,rise,998
/mnt/pd/tema1/new/results/ml_samples/N6_sw0.30_x-1_i0017.h5,6,3.000000000e-01,-1,6.117700934e-01,gen_N,true,fall,141
/mnt/pd/tema1/new/results/ml_samples/N6_sw0.30_x+0_i0015.h5,6,3.000000000e-01,0,1.000000000e+00,gen_N,true,fall,1434
/mnt/pd/tema1/new/results/ml_samples/N6_sw0.30_x-1_i0029.h5,6,3.000000000e-01,-1,6.117700934e-01,gen_N,true,fall,105
/mnt/pd/tema1/new/results/ml_samples/N6_sw0.30_x-1_i0023.h5,6,3.000000000e-01,-1,6.117700934e-01,gen_N,true,fall,182
/mnt/pd/tema1/new/results/ml_samples/N6_sw0.30_x+1_i0017.h5,6,3.000000000e-01,1,1.388229907e+00,gen_N,true,rise,1155
/mnt/pd/tema1/new/results/ml_samples/N6_sw0.30_x+1_i0049.h5,6,3.000000000e-01,1,1.388229907e+00,gen_N,true,fall,627
/mnt/pd/tema1/new/results/ml_samples/N6_sw0.30_x+0_i0027.h5,6,3.000000000e-01,0,1.000000000e+00,gen_N,true,fall,1493
/mnt/pd/tema1/new/results/ml_samples/N6_sw0.30_x-1_i0025.h5,6,3.000000000e-01,-1,6.117700934e-01,gen_N,true,fall,194
/mnt/pd/tema1/new/results/ml_samples/N6_sw0.30_x-1_i0035.h5,6,3.000000000e-01,-1,6.117700934e-01,gen_N,true,fall,168
/mnt/pd/tema1/new/results/ml_samples/N6_sw0.30_x-1_i0031.h5,6,3.000000000e-01,-1,6.117700934e-01,gen_N,true,fall,197
/mnt/pd/tema1/new/results/ml_samples/N6_sw0.30_x+0_i0049.h5,6,3.000000000e-01,0,1.000000000e+00,gen_N,true,fall,1512
/mnt/pd/tema1/new/results/ml_samples/N6_sw0.30_x-1_i0037.h5,6,3.000000000e-01,-1,6.117700934e-01,gen_N,true,fall,142
/mnt/pd/tema1/new/results/ml_samples/N6_sw0.30_x-1_i0041.h5,6,3.000000000e-01,-1,6.117700934e-01,gen_N,true,fall,90
/mnt/pd/tema1/new/results/ml_samples/N6_sw0.30_x-1_i0043.h5,6,3.000000000e-01,-1,6.117700934e-01,gen_N,true,fall,106
/mnt/pd/tema1/new/results/ml_samples/N6_sw0.30_x+0_i0021.h5,6,3.000000000e-01,0,1.000000000e+00,gen_N,true,rise,1652
/mnt/pd/tema1/new/results/ml_samples/N6_sw0.30_x-1_i0045.h5,6,3.000000000e-01,-1,6.117700934e-01,gen_N,true,fall,143
/mnt/pd/tema1/new/results/ml_samples/N6_sw0.30_x+1_i0031.h5,6,3.000000000e-01,1,1.388229907e+00,gen_N,true,rise,1144
/mnt/pd/tema1/new/results/ml_samples/N6_sw0.30_x-1_i0047.h5,6,3.000000000e-01,-1,6.117700934e-01,gen_N,true,fall,140
/mnt/pd/tema1/new/results/ml_samples/N6_sw0.30_x+0_i0011.h5,6,3.000000000e-01,0,1.000000000e+00,gen_N,true,fall,1813
/mnt/pd/tema1/new/results/ml_samples/N6_sw0.30_x-1_i0049.h5,6,3.000000000e-01,-1,6.117700934e-01,gen_N,true,fall,197
/mnt/pd/tema1/new/results/ml_samples/N6_sw0.30_x-1_i0033.h5,6,3.000000000e-01,-1,6.117700934e-01,gen_N,true,fall,377
/mnt/pd/tema1/new/results/ml_samples/N6_sw0.30_x+1_i0047.h5,6,3.000000000e-01,1,1.388229907e+00,gen_N,true,rise,1258
/mnt/pd/tema1/new/results/ml_samples/N6_sw0.30_x+1_i0003.h5,6,3.000000000e-01,1,1.388229907e+00,gen_N,true,rise,1997
/mnt/pd/tema1/new/results/ml_samples/N8_sw0.15_x+0_i0005.h5,8,1.500000000e-01,0,1.000000000e+00,main,true,fall,257
/mnt/pd/tema1/new/results/ml_samples/N6_sw0.30_x-1_i0027.h5,6,3.000000000e-01,-1,6.117700934e-01,gen_N,true,fall,631
/mnt/pd/tema1/new/results/ml_samples/N8_sw0.15_x+0_i0003.h5,8,1.500000000e-01,0,1.000000000e+00,main,true,fall,268
/mnt/pd/tema1/new/results/ml_samples/N6_sw0.30_x+1_i0027.h5,6,3.000000000e-01,1,1.388229907e+00,gen_N,true,rise,1553
/mnt/pd/tema1/new/results/ml_samples/N6_sw0.30_x-1_i0011.h5,6,3.000000000e-01,-1,6.117700934e-01,gen_N,true,fall,959
/mnt/pd/tema1/new/results/ml_samples/N8_sw0.15_x+0_i0019.h5,8,1.500000000e-01,0,1.000000000e+00,main,true,fall,231
/mnt/pd/tema1/new/results/ml_samples/N8_sw0.15_x+0_i0015.h5,8,1.500000000e-01,0,1.000000000e+00,main,true,fall,273
/mnt/pd/tema1/new/results/ml_samples/N6_sw0.30_x-1_i0013.h5,6,3.000000000e-01,-1,6.117700934e-01,gen_N,true,fall,1266
/mnt/pd/tema1/new/results/ml_samples/N6_sw0.30_x+1_i0045.h5,6,3.000000000e-01,1,1.388229907e+00,gen_N,true,rise,1434
/mnt/pd/tema1/new/results/ml_samples/N6_sw0.30_x+1_i0013.h5,6,3.000000000e-01,1,1.388229907e+00,gen_N,true,rise,1960
/mnt/pd/tema1/new/results/ml_samples/N8_sw0.15_x+0_i0027.h5,8,1.500000000e-01,0,1.000000000e+00,main,true,fall,295
/mnt/pd/tema1/new/results/ml_samples/N8_sw0.15_x+0_i0001.h5,8,1.500000000e-01,0,1.000000000e+00,main,true,fall,493
/mnt/pd/tema1/new/results/ml_samples/N8_sw0.15_x+0_i0007.h5,8,1.500000000e-01,0,1.000000000e+00,main,true,fall,522
/mnt/pd/tema1/new/results/ml_samples/N8_sw0.15_x+0_i0031.h5,8,1.500000000e-01,0,1.000000000e+00,main,true,fall,286
/mnt/pd/tema1/new/results/ml_samples/N6_sw0.30_x+0_i0031.h5,6,3.000000000e-01,0,1.000000000e+00,gen_N,true,fall,2379
/mnt/pd/tema1/new/results/ml_samples/N8_sw0.15_x+0_i0049.h5,8,1.500000000e-01,0,1.000000000e+00,main,true,fall,125
/mnt/pd/tema1/new/results/ml_samples/N6_sw0.30_x-1_i0005.h5,6,3.000000000e-01,-1,6.117700934e-01,gen_N,true,rise,1535
/mnt/pd/tema1/new/results/ml_samples/N6_sw0.30_x+0_i0025.h5,6,3.000000000e-01,0,1.000000000e+00,gen_N,true,fall,2637
/mnt/pd/tema1/new/results/ml_samples/N8_sw0.15_x+0_i0011.h5,8,1.500000000e-01,0,1.000000000e+00,main,true,fall,647
/mnt/pd/tema1/new/results/ml_samples/N8_sw0.15_x+0_i0047.h5,8,1.500000000e-01,0,1.000000000e+00,main,true,fall,431
/mnt/pd/tema1/new/results/ml_samples/N6_sw0.30_x-1_i0019.h5,6,3.000000000e-01,-1,6.117700934e-01,gen_N,true,rise,1683
/mnt/pd/tema1/new/results/ml_samples/N6_sw0.30_x+1_i0041.h5,6,3.000000000e-01,1,1.388229907e+00,gen_N,true,rise,2096
/mnt/pd/tema1/new/results/ml_samples/N6_sw0.30_x-1_i0003.h5,6,3.000000000e-01,-1,6.117700934e-01,gen_N,true,fall,1899
/mnt/pd/tema1/new/results/ml_samples/N8_sw0.15_x+0_i0043.h5,8,1.500000000e-01,0,1.000000000e+00,main,true,fall,869
/mnt/pd/tema1/new/results/ml_samples/N8_sw0.15_x+0_i0061.h5,8,1.500000000e-01,0,1.000000000e+00,main,true,fall,433
/mnt/pd/tema1/new/results/ml_samples/N8_sw0.15_x+0_i0041.h5,8,1.500000000e-01,0,1.000000000e+00,main,true,fall,699
/mnt/pd/tema1/new/results/ml_samples/N8_sw0.15_x+0_i0045.h5,8,1.500000000e-01,0,1.000000000e+00,main,true,rise,678
/mnt/pd/tema1/new/results/ml_samples/N8_sw0.15_x+0_i0067.h5,8,1.500000000e-01,0,1.000000000e+00,main,true,fall,452
/mnt/pd/tema1/new/results/ml_samples/N8_sw0.15_x+0_i0071.h5,8,1.500000000e-01,0,1.000000000e+00,main,true,fall,566
/mnt/pd/tema1/new/results/ml_samples/N6_sw0.30_x-1_i0039.h5,6,3.000000000e-01,-1,6.117700934e-01,gen_N,true,fall,2290
/mnt/pd/tema1/new/results/ml_samples/N8_sw0.15_x+0_i0059.h5,8,1.500000000e-01,0,1.000000000e+00,main,true,fall,767
/mnt/pd/tema1/new/results/ml_samples/N8_sw0.15_x+0_i0081.h5,8,1.500000000e-01,0,1.000000000e+00,main,true,fall,364
/mnt/pd/tema1/new/results/ml_samples/N8_sw0.15_x+0_i0079.h5,8,1.500000000e-01,0,1.000000000e+00,main,true,fall,429
/mnt/pd/tema1/new/results/ml_samples/N8_sw0.15_x+0_i0033.h5,8,1.500000000e-01,0,1.000000000e+00,main,true,rise,1160
/mnt/pd/tema1/new/results/ml_samples/N8_sw0.15_x+0_i0075.h5,8,1.500000000e-01,0,1.000000000e+00,main,true,fall,731
/mnt/pd/tema1/new/results/ml_samples/N8_sw0.15_x+0_i0083.h5,8,1.500000000e-01,0,1.000000000e+00,main,true,fall,530
/mnt/pd/tema1/new/results/ml_samples/N6_sw0.30_x+1_i0023.h5,6,3.000000000e-01,1,1.388229907e+00,gen_N,true,rise,3785
/mnt/pd/tema1/new/results/ml_samples/N8_sw0.15_x+0_i0051.h5,8,1.500000000e-01,0,1.000000000e+00,main,true,rise,1125
/mnt/pd/tema1/new/results/ml_samples/N8_sw0.15_x+0_i0089.h5,8,1.500000000e-01,0,1.000000000e+00,main,true,fall,344
/mnt/pd/tema1/new/results/ml_samples/N8_sw0.15_x+0_i0099.h5,8,1.500000000e-01,0,1.000000000e+00,main,true,fall,282
/mnt/pd/tema1/new/results/ml_samples/N8_sw0.15_x+0_i0065.h5,8,1.500000000e-01,0,1.000000000e+00,main,true,rise,1191
/mnt/pd/tema1/new/results/ml_samples/N8_sw0.15_x+0_i0039.h5,8,1.500000000e-01,0,1.000000000e+00,main,true,rise,1703
/mnt/pd/tema1/new/results/ml_samples/N8_sw0.15_x+0_i0093.h5,8,1.500000000e-01,0,1.000000000e+00,main,true,fall,662
/mnt/pd/tema1/new/results/ml_samples/N8_sw0.15_x+0_i0063.h5,8,1.500000000e-01,0,1.000000000e+00,main,true,fall,1435
/mnt/pd/tema1/new/results/ml_samples/N8_sw0.15_x+0_i0069.h5,8,1.500000000e-01,0,1.000000000e+00,main,true,rise,1395
/mnt/pd/tema1/new/results/ml_samples/N8_sw0.15_x+0_i0101.h5,8,1.500000000e-01,0,1.000000000e+00,main,true,rise,616
/mnt/pd/tema1/new/results/ml_samples/N8_sw0.15_x+0_i0013.h5,8,1.500000000e-01,0,1.000000000e+00,main,true,rise,2145
/mnt/pd/tema1/new/results/ml_samples/N8_sw0.15_x+0_i0097.h5,8,1.500000000e-01,0,1.000000000e+00,main,true,fall,1243
/mnt/pd/tema1/new/results/ml_samples/N8_sw0.15_x+0_i0077.h5,8,1.500000000e-01,0,1.000000000e+00,main,true,fall,1584
/mnt/pd/tema1/new/results/ml_samples/N8_sw0.15_x+0_i0055.h5,8,1.500000000e-01,0,1.000000000e+00,main,true,fall,2079
/mnt/pd/tema1/new/results/ml_samples/N8_sw0.15_x+0_i0029.h5,8,1.500000000e-01,0,1.000000000e+00,main,true,rise,2305
/mnt/pd/tema1/new/results/ml_samples/N8_sw0.15_x+0_i0119.h5,8,1.500000000e-01,0,1.000000000e+00,main,true,fall,603
/mnt/pd/tema1/new/results/ml_samples/N8_sw0.15_x+0_i0109.h5,8,1.500000000e-01,0,1.000000000e+00,main,true,fall,899
/mnt/pd/tema1/new/results/ml_samples/N8_sw0.15_x+0_i0023.h5,8,1.500000000e-01,0,1.000000000e+00,main,true,fall,2625
/mnt/pd/tema1/new/results/ml_samples/N8_sw0.15_x+0_i0107.h5,8,1.500000000e-01,0,1.000000000e+00,main,true,rise,1074
/mnt/pd/tema1/new/results/ml_samples/N8_sw0.15_x+0_i0127.h5,8,1.500000000e-01,0,1.000000000e+00,main,true,fall,272
/mnt/pd/tema1/new/results/ml_samples/N8_sw0.15_x+0_i0095.h5,8,1.500000000e-01,0,1.000000000e+00,main,true,rise,1448
/mnt/pd/tema1/new/results/ml_samples/N8_sw0.15_x+0_i0125.h5,8,1.500000000e-01,0,1.000000000e+00,main,true,fall,459
/mnt/pd/tema1/new/results/ml_samples/N8_sw0.15_x+0_i0115.h5,8,1.500000000e-01,0,1.000000000e+00,main,true,fall,788
/mnt/pd/tema1/new/results/ml_samples/N8_sw0.15_x+0_i0133.h5,8,1.500000000e-01,0,1.000000000e+00,main,true,fall,177
/mnt/pd/tema1/new/results/ml_samples/N8_sw0.15_x+0_i0137.h5,8,1.500000000e-01,0,1.000000000e+00,main,true,fall,185
/mnt/pd/tema1/new/results/ml_samples/N8_sw0.15_x+0_i0025.h5,8,1.500000000e-01,0,1.000000000e+00,main,true,rise,3802
/mnt/pd/tema1/new/results/ml_samples/N8_sw0.15_x+0_i0073.h5,8,1.500000000e-01,0,1.000000000e+00,main,true,fall,2040
/mnt/pd/tema1/new/results/ml_samples/N8_sw0.15_x+0_i0105.h5,8,1.500000000e-01,0,1.000000000e+00,main,true,fall,1434
/mnt/pd/tema1/new/results/ml_samples/N8_sw0.15_x+0_i0021.h5,8,1.500000000e-01,0,1.000000000e+00,main,true,fall,2917
/mnt/pd/tema1/new/results/ml_samples/N8_sw0.15_x+0_i0155.h5,8,1.500000000e-01,0,1.000000000e+00,main,true,fall,220
/mnt/pd/tema1/new/results/ml_samples/N8_sw0.15_x+0_i0147.h5,8,1.500000000e-01,0,1.000000000e+00,main,true,fall,401
/mnt/pd/tema1/new/results/ml_samples/N8_sw0.15_x+0_i0129.h5,8,1.500000000e-01,0,1.000000000e+00,main,true,fall,846
/mnt/pd/tema1/new/results/ml_samples/N8_sw0.15_x+0_i0103.h5,8,1.500000000e-01,0,1.000000000e+00,main,true,fall,1921
/mnt/pd/tema1/new/results/ml_samples/N8_sw0.15_x+0_i0087.h5,8,1.500000000e-01,0,1.000000000e+00,main,true,rise,2377
/mnt/pd/tema1/new/results/ml_samples/N8_sw0.15_x+0_i0037.h5,8,1.500000000e-01,0,1.000000000e+00,main,true,rise,3425
/mnt/pd/tema1/new/results/ml_samples/N8_sw0.15_x+0_i0131.h5,8,1.500000000e-01,0,1.000000000e+00,main,true,fall,1265
/mnt/pd/tema1/new/results/ml_samples/N8_sw0.15_x+0_i0139.h5,8,1.500000000e-01,0,1.000000000e+00,main,true,rise,1126
/mnt/pd/tema1/new/results/ml_samples/N8_sw0.15_x+0_i0141.h5,8,1.500000000e-01,0,1.000000000e+00,main,true,fall,1192
/mnt/pd/tema1/new/results/ml_samples/N8_sw0.15_x+0_i0151.h5,8,1.500000000e-01,0,1.000000000e+00,main,true,fall,1471
/mnt/pd/tema1/new/results/ml_samples/N8_sw0.15_x+0_i0035.h5,8,1.500000000e-01,0,1.000000000e+00,main,true,rise,3721
/mnt/pd/tema1/new/results/ml_samples/N8_sw0.15_x+0_i0123.h5,8,1.500000000e-01,0,1.000000000e+00,main,true,rise,2233
/mnt/pd/tema1/new/results/ml_samples/N8_sw0.15_x+0_i0157.h5,8,1.500000000e-01,0,1.000000000e+00,main,true,rise,1021
/mnt/pd/tema1/new/results/ml_samples/N8_sw0.15_x+0_i0169.h5,8,1.500000000e-01,0,1.000000000e+00,main,true,fall,559
/mnt/pd/tema1/new/results/ml_samples/N8_sw0.15_x+0_i0171.h5,8,1.500000000e-01,0,1.000000000e+00,main,true,fall,406
/mnt/pd/tema1/new/results/ml_samples/N8_sw0.15_x+0_i0149.h5,8,1.500000000e-01,0,1.000000000e+00,main,true,rise,1281
/mnt/pd/tema1/new/results/ml_samples/N8_sw0.15_x+0_i0177.h5,8,1.500000000e-01,0,1.000000000e+00,main,true,rise,492
/mnt/pd/tema1/new/results/ml_samples/N8_sw0.15_x+0_i0167.h5,8,1.500000000e-01,0,1.000000000e+00,main,true,fall,657
/mnt/pd/tema1/new/results/ml_samples/N8_sw0.15_x+0_i0091.h5,8,1.500000000e-01,0,1.000000000e+00,main,true,fall,2991
/mnt/pd/tema1/new/results/ml_samples/N8_sw0.15_x+0_i0159.h5,8,1.500000000e-01,0,1.000000000e+00,main,true,rise,1326
/mnt/pd/tema1/new/results/ml_samples/N8_sw0.15_x+0_i0185.h5,8,1.500000000e-01,0,1.000000000e+00,main,true,fall,427
/mnt/pd/tema1/new/results/ml_samples/N8_sw0.15_x+0_i0175.h5,8,1.500000000e-01,0,1.000000000e+00,main,true,fall,607
/mnt/pd/tema1/new/results/ml_samples/N8_sw0.15_x+0_i0113.h5,8,1.500000000e-01,0,1.000000000e+00,main,true,fall,2548
/mnt/pd/tema1/new/results/ml_samples/N8_sw0.15_x+0_i0197.h5,8,1.500000000e-01,0,1.000000000e+00,main,true,fall,173
/mnt/pd/tema1/new/results/ml_samples/N8_sw0.15_x+0_i0181.h5,8,1.500000000e-01,0,1.000000000e+00,main,true,fall,694
/mnt/pd/tema1/new/results/ml_samples/N8_sw0.15_x+0_i0165.h5,8,1.500000000e-01,0,1.000000000e+00,main,true,fall,1277
/mnt/pd/tema1/new/results/ml_samples/N8_sw0.15_x+0_i0179.h5,8,1.500000000e-01,0,1.000000000e+00,main,true,fall,764
/mnt/pd/tema1/new/results/ml_samples/N8_sw0.15_x+0_i0195.h5,8,1.500000000e-01,0,1.000000000e+00,main,true,fall,515
/mnt/pd/tema1/new/results/ml_samples/N8_sw0.15_x+0_i0009.h5,8,1.500000000e-01,0,1.000000000e+00,main,true,fall,4823
/mnt/pd/tema1/new/results/ml_samples/N8_sw0.15_x+0_i0191.h5,8,1.500000000e-01,0,1.000000000e+00,main,true,fall,776
/mnt/pd/tema1/new/results/ml_samples/N8_sw0.15_x+0_i0193.h5,8,1.500000000e-01,0,1.000000000e+00,main,true,rise,699
/mnt/pd/tema1/new/results/ml_samples/N8_sw0.15_x+0_i0085.h5,8,1.500000000e-01,0,1.000000000e+00,main,true,fall,4146
/mnt/pd/tema1/new/results/ml_samples/N8_sw0.15_x+0_i0117.h5,8,1.500000000e-01,0,1.000000000e+00,main,true,fall,2943
/mnt/pd/tema1/new/results/ml_samples/N8_sw0.15_x+0_i0189.h5,8,1.500000000e-01,0,1.000000000e+00,main,true,fall,1095
/mnt/pd/tema1/new/results/ml_samples/N8_sw0.15_x+1_i0011.h5,8,1.500000000e-01,1,1.257937506e+00,main,true,rise,685
/mnt/pd/tema1/new/results/ml_samples/N8_sw0.15_x+1_i0003.h5,8,1.500000000e-01,1,1.257937506e+00,main,true,rise,800
/mnt/pd/tema1/new/results/ml_samples/N8_sw0.15_x+1_i0001.h5,8,1.500000000e-01,1,1.257937506e+00,main,true,rise,929
/mnt/pd/tema1/new/results/ml_samples/N8_sw0.15_x+1_i0009.h5,8,1.500000000e-01,1,1.257937506e+00,main,true,fall,802
/mnt/pd/tema1/new/results/ml_samples/N8_sw0.15_x+1_i0017.h5,8,1.500000000e-01,1,1.257937506e+00,main,true,rise,974
/mnt/pd/tema1/new/results/ml_samples/N8_sw0.15_x+0_i0183.h5,8,1.500000000e-01,0,1.000000000e+00,main,true,fall,1566
/mnt/pd/tema1/new/results/ml_samples/N8_sw0.15_x+0_i0163.h5,8,1.500000000e-01,0,1.000000000e+00,main,true,rise,2185
/mnt/pd/tema1/new/results/ml_samples/N8_sw0.15_x+1_i0013.h5,8,1.500000000e-01,1,1.257937506e+00,main,true,rise,856
/mnt/pd/tema1/new/results/ml_samples/N8_sw0.15_x+0_i0173.h5,8,1.500000000e-01,0,1.000000000e+00,main,true,rise,1824
/mnt/pd/tema1/new/results/ml_samples/N8_sw0.15_x+0_i0053.h5,8,1.500000000e-01,0,1.000000000e+00,main,true,rise,5394
/mnt/pd/tema1/new/results/ml_samples/N8_sw0.15_x+0_i0135.h5,8,1.500000000e-01,0,1.000000000e+00,main,true,rise,3130
/mnt/pd/tema1/new/results/ml_samples/N8_sw0.15_x+0_i0057.h5,8,1.500000000e-01,0,1.000000000e+00,main,true,fall,5312
/mnt/pd/tema1/new/results/ml_samples/N8_sw0.15_x+0_i0111.h5,8,1.500000000e-01,0,1.000000000e+00,main,true,fall,3984
/mnt/pd/tema1/new/results/ml_samples/N8_sw0.15_x+1_i0015.h5,8,1.500000000e-01,1,1.257937506e+00,main,true,rise,1183
/mnt/pd/tema1/new/results/ml_samples/N8_sw0.15_x+1_i0005.h5,8,1.500000000e-01,1,1.257937506e+00,main,true,rise,1609
/mnt/pd/tema1/new/results/ml_samples/N8_sw0.15_x+1_i0031.h5,8,1.500000000e-01,1,1.257937506e+00,main,true,rise,723
/mnt/pd/tema1/new/results/ml_samples/N8_sw0.15_x+0_i0017.h5,8,1.500000000e-01,0,1.000000000e+00,main,true,timeout,6001
/mnt/pd/tema1/new/results/ml_samples/N8_sw0.15_x+1_i0021.h5,8,1.500000000e-01,1,1.257937506e+00,main,true,rise,1700
/mnt/pd/tema1/new/results/ml_samples/N8_sw0.15_x+1_i0035.h5,8,1.500000000e-01,1,1.257937506e+00,main,true,rise,1022
/mnt/pd/tema1/new/results/ml_samples/N8_sw0.15_x+1_i0007.h5,8,1.500000000e-01,1,1.257937506e+00,main,true,fall,1709
/mnt/pd/tema1/new/results/ml_samples/N8_sw0.15_x+0_i0145.h5,8,1.500000000e-01,0,1.000000000e+00,main,true,fall,3422
/mnt/pd/tema1/new/results/ml_samples/N8_sw0.15_x+1_i0033.h5,8,1.500000000e-01,1,1.257937506e+00,main,true,rise,804
/mnt/pd/tema1/new/results/ml_samples/N8_sw0.15_x+0_i0187.h5,8,1.500000000e-01,0,1.000000000e+00,main,true,fall,2106
/mnt/pd/tema1/new/results/ml_samples/N8_sw0.15_x+0_i0121.h5,8,1.500000000e-01,0,1.000000000e+00,main,true,fall,4003
/mnt/pd/tema1/new/results/ml_samples/N8_sw0.15_x+1_i0049.h5,8,1.500000000e-01,1,1.257937506e+00,main,true,rise,601
/mnt/pd/tema1/new/results/ml_samples/N8_sw0.15_x+0_i0199.h5,8,1.500000000e-01,0,1.000000000e+00,main,true,fall,2123
/mnt/pd/tema1/new/results/ml_samples/N8_sw0.15_x+1_i0057.h5,8,1.500000000e-01,1,1.257937506e+00,main,true,rise,547
/mnt/pd/tema1/new/results/ml_samples/N8_sw0.15_x+1_i0023.h5,8,1.500000000e-01,1,1.257937506e+00,main,true,fall,1529
/mnt/pd/tema1/new/results/ml_samples/N8_sw0.15_x+1_i0073.h5,8,1.500000000e-01,1,1.257937506e+00,main,true,fall,364
/mnt/pd/tema1/new/results/ml_samples/N8_sw0.15_x+1_i0071.h5,8,1.500000000e-01,1,1.257937506e+00,main,true,fall,521
/mnt/pd/tema1/new/results/ml_samples/N8_sw0.15_x+1_i0025.h5,8,1.500000000e-01,1,1.257937506e+00,main,true,rise,1456
/mnt/pd/tema1/new/results/ml_samples/N8_sw0.15_x+1_i0039.h5,8,1.500000000e-01,1,1.257937506e+00,main,true,rise,1283
/mnt/pd/tema1/new/results/ml_samples/N8_sw0.15_x+0_i0161.h5,8,1.500000000e-01,0,1.000000000e+00,main,true,fall,3523
/mnt/pd/tema1/new/results/ml_samples/N8_sw0.15_x+1_i0051.h5,8,1.500000000e-01,1,1.257937506e+00,main,true,fall,914
/mnt/pd/tema1/new/results/ml_samples/N8_sw0.15_x+1_i0047.h5,8,1.500000000e-01,1,1.257937506e+00,main,true,fall,1290
/mnt/pd/tema1/new/results/ml_samples/N8_sw0.15_x+1_i0019.h5,8,1.500000000e-01,1,1.257937506e+00,main,true,fall,2251
/mnt/pd/tema1/new/results/ml_samples/N8_sw0.15_x+1_i0045.h5,8,1.500000000e-01,1,1.257937506e+00,main,true,fall,1588
/mnt/pd/tema1/new/results/ml_samples/N8_sw0.15_x+1_i0055.h5,8,1.500000000e-01,1,1.257937506e+00,main,true,rise,1502
/mnt/pd/tema1/new/results/ml_samples/N8_sw0.15_x+1_i0053.h5,8,1.500000000e-01,1,1.257937506e+00,main,true,rise,1638
/mnt/pd/tema1/new/results/ml_samples/N8_sw0.15_x+1_i0087.h5,8,1.500000000e-01,1,1.257937506e+00,main,true,rise,976
/mnt/pd/tema1/new/results/ml_samples/N8_sw0.15_x+1_i0091.h5,8,1.500000000e-01,1,1.257937506e+00,main,true,rise,1001
/mnt/pd/tema1/new/results/ml_samples/N8_sw0.15_x+1_i0043.h5,8,1.500000000e-01,1,1.257937506e+00,main,true,fall,2011
/mnt/pd/tema1/new/results/ml_samples/N8_sw0.15_x+1_i0067.h5,8,1.500000000e-01,1,1.257937506e+00,main,true,rise,1589
/mnt/pd/tema1/new/results/ml_samples/N8_sw0.15_x+0_i0153.h5,8,1.500000000e-01,0,1.000000000e+00,main,true,rise,4815
/mnt/pd/tema1/new/results/ml_samples/N8_sw0.15_x+1_i0065.h5,8,1.500000000e-01,1,1.257937506e+00,main,true,rise,1667
/mnt/pd/tema1/new/results/ml_samples/N8_sw0.15_x+1_i0029.h5,8,1.500000000e-01,1,1.257937506e+00,main,true,rise,2503
/mnt/pd/tema1/new/results/ml_samples/N8_sw0.15_x+1_i0089.h5,8,1.500000000e-01,1,1.257937506e+00,main,true,rise,1142
/mnt/pd/tema1/new/results/ml_samples/N8_sw0.15_x+1_i0081.h5,8,1.500000000e-01,1,1.257937506e+00,main,true,rise,1362
/mnt/pd/tema1/new/results/ml_samples/N8_sw0.15_x+0_i0143.h5,8,1.500000000e-01,0,1.000000000e+00,main,true,rise,5113
/mnt/pd/tema1/new/results/ml_samples/N8_sw0.15_x+1_i0041.h5,8,1.500000000e-01,1,1.257937506e+00,main,true,rise,2510
/mnt/pd/tema1/new/results/ml_samples/N8_sw0.15_x+1_i0063.h5,8,1.500000000e-01,1,1.257937506e+00,main,true,rise,2452
/mnt/pd/tema1/new/results/ml_samples/N8_sw0.15_x+1_i0095.h5,8,1.500000000e-01,1,1.257937506e+00,main,true,rise,1117
/mnt/pd/tema1/new/results/ml_samples/N8_sw0.15_x+1_i0061.h5,8,1.500000000e-01,1,1.257937506e+00,main,true,fall,2827
/mnt/pd/tema1/new/results/ml_samples/N8_sw0.15_x+1_i0093.h5,8,1.500000000e-01,1,1.257937506e+00,main,true,rise,1603
/mnt/pd/tema1/new/results/ml_samples/N8_sw0.15_x+1_i0077.h5,8,1.500000000e-01,1,1.257937506e+00,main,true,rise,1893
/mnt/pd/tema1/new/results/ml_samples/N8_sw0.15_x+1_i0083.h5,8,1.500000000e-01,1,1.257937506e+00,main,true,rise,1886
/mnt/pd/tema1/new/results/ml_samples/N8_sw0.15_x+1_i0109.h5,8,1.500000000e-01,1,1.257937506e+00,main,true,fall,1009
/mnt/pd/tema1/new/results/ml_samples/N8_sw0.15_x+1_i0111.h5,8,1.500000000e-01,1,1.257937506e+00,main,true,rise,1000
/mnt/pd/tema1/new/results/ml_samples/N8_sw0.15_x+1_i0113.h5,8,1.500000000e-01,1,1.257937506e+00,main,true,rise,1062
/mnt/pd/tema1/new/results/ml_samples/N8_sw0.15_x+1_i0099.h5,8,1.500000000e-01,1,1.257937506e+00,main,true,rise,1678
/mnt/pd/tema1/new/results/ml_samples/N8_sw0.15_x+1_i0117.h5,8,1.500000000e-01,1,1.257937506e+00,main,true,fall,1088
/mnt/pd/tema1/new/results/ml_samples/N8_sw0.15_x+1_i0107.h5,8,1.500000000e-01,1,1.257937506e+00,main,true,rise,1266
/mnt/pd/tema1/new/results/ml_samples/N8_sw0.15_x+1_i0121.h5,8,1.500000000e-01,1,1.257937506e+00,main,true,fall,1161
/mnt/pd/tema1/new/results/ml_samples/N8_sw0.15_x+1_i0133.h5,8,1.500000000e-01,1,1.257937506e+00,main,true,fall,810
/mnt/pd/tema1/new/results/ml_samples/N8_sw0.15_x+1_i0037.h5,8,1.500000000e-01,1,1.257937506e+00,main,true,rise,3660
/mnt/pd/tema1/new/results/ml_samples/N8_sw0.15_x+1_i0139.h5,8,1.500000000e-01,1,1.257937506e+00,main,true,rise,641
/mnt/pd/tema1/new/results/ml_samples/N8_sw0.15_x+1_i0075.h5,8,1.500000000e-01,1,1.257937506e+00,main,true,rise,3012
/mnt/pd/tema1/new/results/ml_samples/N8_sw0.15_x+1_i0147.h5,8,1.500000000e-01,1,1.257937506e+00,main,true,fall,653
/mnt/pd/tema1/new/results/ml_samples/N8_sw0.15_x+1_i0131.h5,8,1.500000000e-01,1,1.257937506e+00,main,true,rise,1815
/mnt/pd/tema1/new/results/ml_samples/N8_sw0.15_x+1_i0085.h5,8,1.500000000e-01,1,1.257937506e+00,main,true,rise,2895
/mnt/pd/tema1/new/results/ml_samples/N8_sw0.15_x+1_i0129.h5,8,1.500000000e-01,1,1.257937506e+00,main,true,fall,1551
/mnt/pd/tema1/new/results/ml_samples/N8_sw0.15_x+1_i0161.h5,8,1.500000000e-01,1,1.257937506e+00,main,true,fall,313
/mnt/pd/tema1/new/results/ml_samples/N8_sw0.15_x+1_i0123.h5,8,1.500000000e-01,1,1.257937506e+00,main,true,rise,1821
/mnt/pd/tema1/new/results/ml_samples/N8_sw0.15_x+1_i0027.h5,8,1.500000000e-01,1,1.257937506e+00,main,true,rise,4435
/mnt/pd/tema1/new/results/ml_samples/N8_sw0.15_x+1_i0159.h5,8,1.500000000e-01,1,1.257937506e+00,main,true,rise,677
/mnt/pd/tema1/new/results/ml_samples/N8_sw0.15_x+1_i0069.h5,8,1.500000000e-01,1,1.257937506e+00,main,true,rise,3708
/mnt/pd/tema1/new/results/ml_samples/N8_sw0.15_x+1_i0143.h5,8,1.500000000e-01,1,1.257937506e+00,main,true,rise,1277
/mnt/pd/tema1/new/results/ml_samples/N8_sw0.15_x+1_i0157.h5,8,1.500000000e-01,1,1.257937506e+00,main,true,rise,884
/mnt/pd/tema1/new/results/ml_samples/N8_sw0.15_x+1_i0119.h5,8,1.500000000e-01,1,1.257937506e+00,main,true,rise,2275
/mnt/pd/tema1/new/results/ml_samples/N8_sw0.15_x+1_i0079.h5,8,1.500000000e-01,1,1.257937506e+00,main,true,rise,3560
/mnt/pd/tema1/new/results/ml_samples/N8_sw0.15_x+1_i0141.h5,8,1.500000000e-01,1,1.257937506e+00,main,true,fall,1426
/mnt/pd/tema1/new/results/ml_samples/N8_sw0.15_x+1_i0059.h5,8,1.500000000e-01,1,1.257937506e+00,main,true,rise,4271
/mnt/pd/tema1/new/results/ml_samples/N8_sw0.15_x+1_i0097.h5,8,1.500000000e-01,1,1.257937506e+00,main,true,rise,3307
/mnt/pd/tema1/new/results/ml_samples/N8_sw0.15_x+1_i0151.h5,8,1.500000000e-01,1,1.257937506e+00,main,true,fall,1553
/mnt/pd/tema1/new/results/ml_samples/N8_sw0.15_x+1_i0165.h5,8,1.500000000e-01,1,1.257937506e+00,main,true,rise,1084
/mnt/pd/tema1/new/results/ml_samples/N8_sw0.15_x+1_i0163.h5,8,1.500000000e-01,1,1.257937506e+00,main,true,rise,1557
/mnt/pd/tema1/new/results/ml_samples/N8_sw0.15_x+1_i0105.h5,8,1.500000000e-01,1,1.257937506e+00,main,true,rise,2984
/mnt/pd/tema1/new/results/ml_samples/N8_sw0.15_x+1_i0115.h5,8,1.500000000e-01,1,1.257937506e+00,main,true,rise,2982
/mnt/pd/tema1/new/results/ml_samples/N8_sw0.15_x+1_i0127.h5,8,1.500000000e-01,1,1.257937506e+00,main,true,fall,3704
/mnt/pd/tema1/new/results/ml_samples/N8_sw0.15_x+1_i0193.h5,8,1.500000000e-01,1,1.257937506e+00,main,true,fall,483
/mnt/pd/tema1/new/results/ml_samples/N8_sw0.15_x+1_i0195.h5,8,1.500000000e-01,1,1.257937506e+00,main,true,fall,260
/mnt/pd/tema1/new/results/ml_samples/N8_sw0.15_x+1_i0183.h5,8,1.500000000e-01,1,1.257937506e+00,main,true,rise,834
/mnt/pd/tema1/new/results/ml_samples/N8_sw0.15_x+1_i0103.h5,8,1.500000000e-01,1,1.257937506e+00,main,true,rise,3410
/mnt/pd/tema1/new/results/ml_samples/N8_sw0.15_x+1_i0145.h5,8,1.500000000e-01,1,1.257937506e+00,main,true,rise,2307
/mnt/pd/tema1/new/results/ml_samples/N8_sw0.15_x+1_i0155.h5,8,1.500000000e-01,1,1.257937506e+00,main,true,rise,1921
/mnt/pd/tema1/new/results/ml_samples/N8_sw0.15_x+1_i0171.h5,8,1.500000000e-01,1,1.257937506e+00,main,true,rise,1522
/mnt/pd/tema1/new/results/ml_samples/N8_sw0.15_x+1_i0179.h5,8,1.500000000e-01,1,1.257937506e+00,main,true,fall,1318
/mnt/pd/tema1/new/results/ml_samples/N8_sw0.15_x+1_i0197.h5,8,1.500000000e-01,1,1.257937506e+00,main,true,rise,987
/mnt/pd/tema1/new/results/ml_samples/N8_sw0.15_x+1_i0137.h5,8,1.500000000e-01,1,1.257937506e+00,main,true,rise,2881
/mnt/pd/tema1/new/results/ml_samples/N8_sw0.15_x+2_i0017.h5,8,1.500000000e-01,2,1.515875011e+00,main,true,fall,362
/mnt/pd/tema1/new/results/ml_samples/N8_sw0.15_x+2_i0011.h5,8,1.500000000e-01,2,1.515875011e+00,main,true,rise,644
/mnt/pd/tema1/new/results/ml_samples/N8_sw0.15_x+2_i0015.h5,8,1.500000000e-01,2,1.515875011e+00,main,true,rise,517
/mnt/pd/tema1/new/results/ml_samples/N8_sw0.15_x+1_i0153.h5,8,1.500000000e-01,1,1.257937506e+00,main,true,rise,2517
/mnt/pd/tema1/new/results/ml_samples/N8_sw0.15_x+1_i0173.h5,8,1.500000000e-01,1,1.257937506e+00,main,true,rise,1894
/mnt/pd/tema1/new/results/ml_samples/N8_sw0.15_x+1_i0185.h5,8,1.500000000e-01,1,1.257937506e+00,main,true,rise,1607
/mnt/pd/tema1/new/results/ml_samples/N8_sw0.15_x+2_i0021.h5,8,1.500000000e-01,2,1.515875011e+00,main,true,rise,585
/mnt/pd/tema1/new/results/ml_samples/N8_sw0.15_x+2_i0001.h5,8,1.500000000e-01,2,1.515875011e+00,main,true,rise,966
/mnt/pd/tema1/new/results/ml_samples/N8_sw0.15_x+1_i0191.h5,8,1.500000000e-01,1,1.257937506e+00,main,true,fall,1412
/mnt/pd/tema1/new/results/ml_samples/N8_sw0.15_x+2_i0025.h5,8,1.500000000e-01,2,1.515875011e+00,main,true,rise,371
/mnt/pd/tema1/new/results/ml_samples/N8_sw0.15_x+1_i0177.h5,8,1.500000000e-01,1,1.257937506e+00,main,true,rise,1845
/mnt/pd/tema1/new/results/ml_samples/N8_sw0.15_x+1_i0187.h5,8,1.500000000e-01,1,1.257937506e+00,main,true,rise,1939
/mnt/pd/tema1/new/results/ml_samples/N8_sw0.15_x+2_i0007.h5,8,1.500000000e-01,2,1.515875011e+00,main,true,rise,1243
/mnt/pd/tema1/new/results/ml_samples/N8_sw0.15_x+2_i0029.h5,8,1.500000000e-01,2,1.515875011e+00,main,true,rise,622
/mnt/pd/tema1/new/results/ml_samples/N8_sw0.15_x+2_i0013.h5,8,1.500000000e-01,2,1.515875011e+00,main,true,rise,1119
/mnt/pd/tema1/new/results/ml_samples/N8_sw0.15_x+2_i0045.h5,8,1.500000000e-01,2,1.515875011e+00,main,true,rise,536
/mnt/pd/tema1/new/results/ml_samples/N8_sw0.15_x+2_i0009.h5,8,1.500000000e-01,2,1.515875011e+00,main,true,rise,1468
/mnt/pd/tema1/new/results/ml_samples/N8_sw0.15_x+1_i0175.h5,8,1.500000000e-01,1,1.257937506e+00,main,true,rise,2358
/mnt/pd/tema1/new/results/ml_samples/N8_sw0.15_x+2_i0027.h5,8,1.500000000e-01,2,1.515875011e+00,main,true,rise,841
/mnt/pd/tema1/new/results/ml_samples/N8_sw0.15_x+2_i0003.h5,8,1.500000000e-01,2,1.515875011e+00,main,true,rise,2141
/mnt/pd/tema1/new/results/ml_samples/N8_sw0.15_x+2_i0033.h5,8,1.500000000e-01,2,1.515875011e+00,main,true,rise,768
/mnt/pd/tema1/new/results/ml_samples/N8_sw0.15_x+2_i0049.h5,8,1.500000000e-01,2,1.515875011e+00,main,true,rise,542
/mnt/pd/tema1/new/results/ml_samples/N8_sw0.15_x+2_i0051.h5,8,1.500000000e-01,2,1.515875011e+00,main,true,rise,436
/mnt/pd/tema1/new/results/ml_samples/N8_sw0.15_x+2_i0041.h5,8,1.500000000e-01,2,1.515875011e+00,main,true,rise,876
/mnt/pd/tema1/new/results/ml_samples/N8_sw0.15_x+2_i0031.h5,8,1.500000000e-01,2,1.515875011e+00,main,true,rise,1002
/mnt/pd/tema1/new/results/ml_samples/N8_sw0.15_x+2_i0005.h5,8,1.500000000e-01,2,1.515875011e+00,main,true,rise,1831
/mnt/pd/tema1/new/results/ml_samples/N8_sw0.15_x+2_i0035.h5,8,1.500000000e-01,2,1.515875011e+00,main,true,rise,1109
/mnt/pd/tema1/new/results/ml_samples/N8_sw0.15_x+1_i0199.h5,8,1.500000000e-01,1,1.257937506e+00,main,true,rise,2105
/mnt/pd/tema1/new/results/ml_samples/N8_sw0.15_x+1_i0181.h5,8,1.500000000e-01,1,1.257937506e+00,main,true,rise,2635
/mnt/pd/tema1/new/results/ml_samples/N8_sw0.15_x+1_i0167.h5,8,1.500000000e-01,1,1.257937506e+00,main,true,fall,3171
/mnt/pd/tema1/new/results/ml_samples/N8_sw0.15_x+2_i0037.h5,8,1.500000000e-01,2,1.515875011e+00,main,true,rise,1649
/mnt/pd/tema1/new/results/ml_samples/N8_sw0.15_x+2_i0059.h5,8,1.500000000e-01,2,1.515875011e+00,main,true,rise,618
/mnt/pd/tema1/new/results/ml_samples/N8_sw0.15_x+2_i0065.h5,8,1.500000000e-01,2,1.515875011e+00,main,true,fall,636
/mnt/pd/tema1/new/results/ml_samples/N8_sw0.15_x+2_i0023.h5,8,1.500000000e-01,2,1.515875011e+00,main,true,rise,1610
/mnt/pd/tema1/new/results/ml_samples/N8_sw0.15_x+2_i0053.h5,8,1.500000000e-01,2,1.515875011e+00,main,true,rise,824
/mnt/pd/tema1/new/results/ml_samples/N8_sw0.15_x+2_i0055.h5,8,1.500000000e-01,2,1.515875011e+00,main,true,rise,854
/mnt/pd/tema1/new/results/ml_samples/N8_sw0.15_x+2_i0057.h5,8,1.500000000e-01,2,1.515875011e+00,main,true,rise,811
/mnt/pd/tema1/new/results/ml_samples/N8_sw0.15_x+2_i0085.h5,8,1.500000000e-01,2,1.515875011e+00,main,true,rise,455
/mnt/pd/tema1/new/results/ml_samples/N8_sw0.15_x+2_i0069.h5,8,1.500000000e-01,2,1.515875011e+00,main,true,rise,829
/mnt/pd/tema1/new/results/ml_samples/N8_sw0.15_x+2_i0099.h5,8,1.500000000e-01,2,1.515875011e+00,main,true,rise,475
/mnt/pd/tema1/new/results/ml_samples/N8_sw0.15_x+2_i0039.h5,8,1.500000000e-01,2,1.515875011e+00,main,true,rise,1789
/mnt/pd/tema1/new/results/ml_samples/N8_sw0.15_x+1_i0101.h5,8,1.500000000e-01,1,1.257937506e+00,main,true,rise,5990
/mnt/pd/tema1/new/results/ml_samples/N8_sw0.15_x+1_i0149.h5,8,1.500000000e-01,1,1.257937506e+00,main,true,rise,4587
/mnt/pd/tema1/new/results/ml_samples/N8_sw0.15_x+2_i0081.h5,8,1.500000000e-01,2,1.515875011e+00,main,true,rise,816
/mnt/pd/tema1/new/results/ml_samples/N8_sw0.15_x+2_i0061.h5,8,1.500000000e-01,2,1.515875011e+00,main,true,rise,1244
/mnt/pd/tema1/new/results/ml_samples/N8_sw0.15_x+1_i0169.h5,8,1.500000000e-01,1,1.257937506e+00,main,true,rise,3905
/mnt/pd/tema1/new/results/ml_samples/N8_sw0.15_x+2_i0077.h5,8,1.500000000e-01,2,1.515875011e+00,main,true,rise,952
/mnt/pd/tema1/new/results/ml_samples/N8_sw0.15_x+4_i0005.h5,8,1.500000000e-01,4,2.031750023e+00,main,true,rise,373
/mnt/pd/tema1/new/results/ml_samples/N8_sw0.15_x+4_i0001.h5,8,1.500000000e-01,4,2.031750023e+00,main,true,rise,514
/mnt/pd/tema1/new/results/ml_samples/N8_sw0.15_x+2_i0093.h5,8,1.500000000e-01,2,1.515875011e+00,main,true,rise,778
/mnt/pd/tema1/new/results/ml_samples/N8_sw0.15_x+2_i0097.h5,8,1.500000000e-01,2,1.515875011e+00,main,true,rise,765
/mnt/pd/tema1/new/results/ml_samples/N8_sw0.15_x+1_i0125.h5,8,1.500000000e-01,1,1.257937506e+00,main,true,rise,5799
/mnt/pd/tema1/new/results/ml_samples/N8_sw0.15_x+1_i0189.h5,8,1.500000000e-01,1,1.257937506e+00,main,true,rise,3435
/mnt/pd/tema1/new/results/ml_samples/N8_sw0.15_x+4_i0017.h5,8,1.500000000e-01,4,2.031750023e+00,main,true,rise,393
/mnt/pd/tema1/new/results/ml_samples/N8_sw0.15_x+4_i0011.h5,8,1.500000000e-01,4,2.031750023e+00,main,true,rise,519
/mnt/pd/tema1/new/results/ml_samples/N8_sw0.15_x+2_i0067.h5,8,1.500000000e-01,2,1.515875011e+00,main,true,rise,1643
/mnt/pd/tema1/new/results/ml_samples/N8_sw0.15_x+4_i0003.h5,8,1.500000000e-01,4,2.031750023e+00,main,true,rise,776
/mnt/pd/tema1/new/results/ml_samples/N8_sw0.15_x+4_i0023.h5,8,1.500000000e-01,4,2.031750023e+00,main,true,rise,353
/mnt/pd/tema1/new/results/ml_samples/N8_sw0.15_x+4_i0015.h5,8,1.500000000e-01,4,2.031750023e+00,main,true,rise,603
/mnt/pd/tema1/new/results/ml_samples/N8_sw0.15_x+2_i0075.h5,8,1.500000000e-01,2,1.515875011e+00,main,true,rise,1481
/mnt/pd/tema1/new/results/ml_samples/N8_sw0.15_x+2_i0019.h5,8,1.500000000e-01,2,1.515875011e+00,main,true,rise,2775
/mnt/pd/tema1/new/results/ml_samples/N8_sw0.15_x+2_i0095.h5,8,1.500000000e-01,2,1.515875011e+00,main,true,rise,1090
/mnt/pd/tema1/new/results/ml_samples/N8_sw0.15_x+2_i0071.h5,8,1.500000000e-01,2,1.515875011e+00,main,true,rise,1632
/mnt/pd/tema1/new/results/ml_samples/N8_sw0.15_x+4_i0013.h5,8,1.500000000e-01,4,2.031750023e+00,main,true,rise,653
/mnt/pd/tema1/new/results/ml_samples/N8_sw0.15_x+4_i0033.h5,8,1.500000000e-01,4,2.031750023e+00,main,true,rise,274
/mnt/pd/tema1/new/results/ml_samples/N8_sw0.15_x+2_i0047.h5,8,1.500000000e-01,2,1.515875011e+00,main,true,rise,2127
/mnt/pd/tema1/new/results/ml_samples/N8_sw0.15_x+4_i0025.h5,8,1.500000000e-01,4,2.031750023e+00,main,true,rise,493
/mnt/pd/tema1/new/results/ml_samples/N8_sw0.15_x+4_i0009.h5,8,1.500000000e-01,4,2.031750023e+00,main,true,rise,803
/mnt/pd/tema1/new/results/ml_samples/N8_sw0.15_x+2_i0079.h5,8,1.500000000e-01,2,1.515875011e+00,main,true,fall,1616
/mnt/pd/tema1/new/results/ml_samples/N8_sw0.15_x+4_i0021.h5,8,1.500000000e-01,4,2.031750023e+00,main,true,rise,580
/mnt/pd/tema1/new/results/ml_samples/N8_sw0.15_x+2_i0043.h5,8,1.500000000e-01,2,1.515875011e+00,main,true,rise,2459
/mnt/pd/tema1/new/results/ml_samples/N8_sw0.15_x+4_i0031.h5,8,1.500000000e-01,4,2.031750023e+00,main,true,rise,409
/mnt/pd/tema1/new/results/ml_samples/N8_sw0.15_x+4_i0045.h5,8,1.500000000e-01,4,2.031750023e+00,main,true,rise,293
/mnt/pd/tema1/new/results/ml_samples/N8_sw0.15_x+4_i0019.h5,8,1.500000000e-01,4,2.031750023e+00,main,true,rise,747
/mnt/pd/tema1/new/results/ml_samples/N8_sw0.15_x+4_i0041.h5,8,1.500000000e-01,4,2.031750023e+00,main,true,rise,408
/mnt/pd/tema1/new/results/ml_samples/N8_sw0.15_x+1_i0135.h5,8,1.500000000e-01,1,1.257937506e+00,main,true,timeout,6001
/mnt/pd/tema1/new/results/ml_samples/N8_sw0.15_x+4_i0037.h5,8,1.500000000e-01,4,2.031750023e+00,main,true,rise,459
/mnt/pd/tema1/new/results/ml_samples/N8_sw0.15_x+4_i0057.h5,8,1.500000000e-01,4,2.031750023e+00,main,true,rise,294
/mnt/pd/tema1/new/results/ml_samples/N8_sw0.15_x+4_i0007.h5,8,1.500000000e-01,4,2.031750023e+00,main,true,rise,1072
/mnt/pd/tema1/new/results/ml_samples/N8_sw0.15_x+2_i0063.h5,8,1.500000000e-01,2,1.515875011e+00,main,true,rise,2792
/mnt/pd/tema1/new/results/ml_samples/N8_sw0.15_x+2_i0073.h5,8,1.500000000e-01,2,1.515875011e+00,main,true,rise,2170
/mnt/pd/tema1/new/results/ml_samples/N8_sw0.15_x+4_i0043.h5,8,1.500000000e-01,4,2.031750023e+00,main,true,rise,439
/mnt/pd/tema1/new/results/ml_samples/N8_sw0.15_x+4_i0027.h5,8,1.500000000e-01,4,2.031750023e+00,main,true,rise,706
/mnt/pd/tema1/new/results/ml_samples/N8_sw0.15_x+4_i0049.h5,8,1.500000000e-01,4,2.031750023e+00,main,true,rise,508
/mnt/pd/tema1/new/results/ml_samples/N8_sw0.15_x+4_i0051.h5,8,1.500000000e-01,4,2.031750023e+00,main,true,rise,521
/mnt/pd/tema1/new/results/ml_samples/N8_sw0.15_x+4_i0053.h5,8,1.500000000e-01,4,2.031750023e+00,main,true,rise,520
/mnt/pd/tema1/new/results/ml_samples/N8_sw0.15_x+4_i0029.h5,8,1.500000000e-01,4,2.031750023e+00,main,true,rise,717
/mnt/pd/tema1/new/results/ml_samples/N8_sw0.15_x+4_i0059.h5,8,1.500000000e-01,4,2.031750023e+00,main,true,rise,483
/mnt/pd/tema1/new/results/ml_samples/N8_sw0.15_x+4_i0061.h5,8,1.500000000e-01,4,2.031750023e+00,main,true,rise,477
/mnt/pd/tema1/new/results/ml_samples/N8_sw0.15_x+4_i0063.h5,8,1.500000000e-01,4,2.031750023e+00,main,true,rise,520
/mnt/pd/tema1/new/results/ml_samples/N8_sw0.15_x+4_i0065.h5,8,1.500000000e-01,4,2.031750023e+00,main,true,rise,453
/mnt/pd/tema1/new/results/ml_samples/N8_sw0.15_x+4_i0039.h5,8,1.500000000e-01,4,2.031750023e+00,main,true,rise,619
/mnt/pd/tema1/new/results/ml_samples/N8_sw0.15_x+2_i0083.h5,8,1.500000000e-01,2,1.515875011e+00,main,true,rise,1874
/mnt/pd/tema1/new/results/ml_samples/N8_sw0.15_x+4_i0069.h5,8,1.500000000e-01,4,2.031750023e+00,main,true,rise,412
/mnt/pd/tema1/new/results/ml_samples/N8_sw0.15_x+4_i0067.h5,8,1.500000000e-01,4,2.031750023e+00,main,true,rise,545
/mnt/pd/tema1/new/results/ml_samples/N8_sw0.15_x+4_i0083.h5,8,1.500000000e-01,4,2.031750023e+00,main,true,rise,432
/mnt/pd/tema1/new/results/ml_samples/N8_sw0.15_x+4_i0089.h5,8,1.500000000e-01,4,2.031750023e+00,main,true,rise,293
/mnt/pd/tema1/new/results/ml_samples/N8_sw0.15_x+4_i0035.h5,8,1.500000000e-01,4,2.031750023e+00,main,true,rise,748
/mnt/pd/tema1/new/results/ml_samples/N8_sw0.15_x+4_i0085.h5,8,1.500000000e-01,4,2.031750023e+00,main,true,rise,479
/mnt/pd/tema1/new/results/ml_samples/N8_sw0.15_x+4_i0077.h5,8,1.500000000e-01,4,2.031750023e+00,main,true,rise,482
/mnt/pd/tema1/new/results/ml_samples/N8_sw0.15_x+4_i0073.h5,8,1.500000000e-01,4,2.031750023e+00,main,true,rise,510
/mnt/pd/tema1/new/results/ml_samples/N8_sw0.15_x+4_i0087.h5,8,1.500000000e-01,4,2.031750023e+00,main,true,rise,451
/mnt/pd/tema1/new/results/ml_samples/N8_sw0.15_x+4_i0081.h5,8,1.500000000e-01,4,2.031750023e+00,main,true,rise,472
/mnt/pd/tema1/new/results/ml_samples/N8_sw0.15_x+4_i0075.h5,8,1.500000000e-01,4,2.031750023e+00,main,true,rise,563
/mnt/pd/tema1/new/results/ml_samples/N8_sw0.15_x-1_i0011.h5,8,1.500000000e-01,-1,7.420624944e-01,main,true,fall,258
/mnt/pd/tema1/new/results/ml_samples/N8_sw0.15_x-1_i0007.h5,8,1.500000000e-01,-1,7.420624944e-01,main,true,fall,335
/mnt/pd/tema1/new/results/ml_samples/N8_sw0.15_x+4_i0091.h5,8,1.500000000e-01,4,2.031750023e+00,main,true,rise,519
/mnt/pd/tema1/new/results/ml_samples/N8_sw0.15_x-1_i0019.h5,8,1.500000000e-01,-1,7.420624944e-01,main,true,fall,296
/mnt/pd/tema1/new/results/ml_samples/N8_sw0.15_x+4_i0093.h5,8,1.500000000e-01,4,2.031750023e+00,main,true,rise,550
/mnt/pd/tema1/new/results/ml_samples/N8_sw0.15_x-1_i0029.h5,8,1.500000000e-01,-1,7.420624944e-01,main,true,fall,322
/mnt/pd/tema1/new/results/ml_samples/N8_sw0.15_x+4_i0079.h5,8,1.500000000e-01,4,2.031750023e+00,main,true,rise,723
/mnt/pd/tema1/new/results/ml_samples/N8_sw0.15_x-1_i0033.h5,8,1.500000000e-01,-1,7.420624944e-01,main,true,fall,346
/mnt/pd/tema1/new/results/ml_samples/N8_sw0.15_x+4_i0047.h5,8,1.500000000e-01,4,2.031750023e+00,main,true,rise,1043
/mnt/pd/tema1/new/results/ml_samples/N8_sw0.15_x+2_i0087.h5,8,1.500000000e-01,2,1.515875011e+00,main,true,rise,2297
/mnt/pd/tema1/new/results/ml_samples/N8_sw0.15_x+4_i0071.h5,8,1.500000000e-01,4,2.031750023e+00,main,true,rise,864
/mnt/pd/tema1/new/results/ml_samples/N8_sw0.15_x+4_i0099.h5,8,1.500000000e-01,4,2.031750023e+00,main,true,rise,619
/mnt/pd/tema1/new/results/ml_samples/N8_sw0.15_x+4_i0095.h5,8,1.500000000e-01,4,2.031750023e+00,main,true,rise,665
/mnt/pd/tema1/new/results/ml_samples/N8_sw0.15_x+4_i0097.h5,8,1.500000000e-01,4,2.031750023e+00,main,true,rise,654
/mnt/pd/tema1/new/results/ml_samples/N8_sw0.15_x-1_i0025.h5,8,1.500000000e-01,-1,7.420624944e-01,main,true,fall,550
/mnt/pd/tema1/new/results/ml_samples/N8_sw0.15_x-1_i0037.h5,8,1.500000000e-01,-1,7.420624944e-01,main,true,fall,454
/mnt/pd/tema1/new/results/ml_samples/N8_sw0.15_x-1_i0059.h5,8,1.500000000e-01,-1,7.420624944e-01,main,true,fall,168
/mnt/pd/tema1/new/results/ml_samples/N8_sw0.15_x-1_i0053.h5,8,1.500000000e-01,-1,7.420624944e-01,main,true,fall,247
/mnt/pd/tema1/new/results/ml_samples/N8_sw0.15_x-1_i0039.h5,8,1.500000000e-01,-1,7.420624944e-01,main,true,fall,567
/mnt/pd/tema1/new/results/ml_samples/N8_sw0.15_x-1_i0051.h5,8,1.500000000e-01,-1,7.420624944e-01,main,true,fall,368
/mnt/pd/tema1/new/results/ml_samples/N8_sw0.15_x-1_i0047.h5,8,1.500000000e-01,-1,7.420624944e-01,main,true,fall,449
/mnt/pd/tema1/new/results/ml_samples/N8_sw0.15_x-1_i0003.h5,8,1.500000000e-01,-1,7.420624944e-01,main,true,fall,903
/mnt/pd/tema1/new/results/ml_samples/N8_sw0.15_x-1_i0055.h5,8,1.500000000e-01,-1,7.420624944e-01,main,true,fall,400
/mnt/pd/tema1/new/results/ml_samples/N8_sw0.15_x-1_i0063.h5,8,1.500000000e-01,-1,7.420624944e-01,main,true,fall,285
/mnt/pd/tema1/new/results/ml_samples/N8_sw0.15_x+2_i0091.h5,8,1.500000000e-01,2,1.515875011e+00,main,true,rise,2545
/mnt/pd/tema1/new/results/ml_samples/N8_sw0.15_x-1_i0061.h5,8,1.500000000e-01,-1,7.420624944e-01,main,true,fall,495
/mnt/pd/tema1/new/results/ml_samples/N8_sw0.15_x-1_i0071.h5,8,1.500000000e-01,-1,7.420624944e-01,main,true,fall,258
/mnt/pd/tema1/new/results/ml_samples/N8_sw0.15_x-1_i0069.h5,8,1.500000000e-01,-1,7.420624944e-01,main,true,fall,310
/mnt/pd/tema1/new/results/ml_samples/N8_sw0.15_x-1_i0015.h5,8,1.500000000e-01,-1,7.420624944e-01,main,true,rise,1455
/mnt/pd/tema1/new/results/ml_samples/N8_sw0.15_x+4_i0055.h5,8,1.500000000e-01,4,2.031750023e+00,main,true,rise,1727
/mnt/pd/tema1/new/results/ml_samples/N8_sw0.15_x-1_i0041.h5,8,1.500000000e-01,-1,7.420624944e-01,main,true,fall,891
/mnt/pd/tema1/new/results/ml_samples/N8_sw0.15_x-1_i0083.h5,8,1.500000000e-01,-1,7.420624944e-01,main,true,fall,233
/mnt/pd/tema1/new/results/ml_samples/N8_sw0.15_x-1_i0049.h5,8,1.500000000e-01,-1,7.420624944e-01,main,true,fall,853
/mnt/pd/tema1/new/results/ml_samples/N8_sw0.15_x-1_i0017.h5,8,1.500000000e-01,-1,7.420624944e-01,main,true,fall,1337
/mnt/pd/tema1/new/results/ml_samples/N8_sw0.15_x-1_i0079.h5,8,1.500000000e-01,-1,7.420624944e-01,main,true,fall,590
/mnt/pd/tema1/new/results/ml_samples/N8_sw0.15_x-1_i0013.h5,8,1.500000000e-01,-1,7.420624944e-01,main,true,fall,1363
/mnt/pd/tema1/new/results/ml_samples/N8_sw0.15_x-1_i0005.h5,8,1.500000000e-01,-1,7.420624944e-01,main,true,fall,1428
/mnt/pd/tema1/new/results/ml_samples/N8_sw0.15_x-1_i0031.h5,8,1.500000000e-01,-1,7.420624944e-01,main,true,fall,1230
/mnt/pd/tema1/new/results/ml_samples/N8_sw0.15_x-1_i0075.h5,8,1.500000000e-01,-1,7.420624944e-01,main,true,fall,618
/mnt/pd/tema1/new/results/ml_samples/N8_sw0.15_x-1_i0095.h5,8,1.500000000e-01,-1,7.420624944e-01,main,true,fall,355
/mnt/pd/tema1/new/results/ml_samples/N8_sw0.15_x-1_i0045.h5,8,1.500000000e-01,-1,7.420624944e-01,main,true,fall,1143
/mnt/pd/tema1/new/results/ml_samples/N8_sw0.15_x-1_i0021.h5,8,1.500000000e-01,-1,7.420624944e-01,main,true,fall,2020
/mnt/pd/tema1/new/results/ml_samples/N8_sw0.15_x-1_i0085.h5,8,1.500000000e-01,-1,7.420624944e-01,main,true,fall,619
/mnt/pd/tema1/new/results/ml_samples/N8_sw0.15_x-1_i0107.h5,8,1.500000000e-01,-1,7.420624944e-01,main,true,fall,380
/mnt/pd/tema1/new/results/ml_samples/N8_sw0.15_x-1_i0111.h5,8,1.500000000e-01,-1,7.420624944e-01,main,true,fall,245
/mnt/pd/tema1/new/results/ml_samples/N8_sw0.15_x-1_i0109.h5,8,1.500000000e-01,-1,7.420624944e-01,main,true,fall,295
/mnt/pd/tema1/new/results/ml_samples/N8_sw0.15_x-1_i0043.h5,8,1.500000000e-01,-1,7.420624944e-01,main,true,fall,1358
/mnt/pd/tema1/new/results/ml_samples/N8_sw0.15_x-1_i0117.h5,8,1.500000000e-01,-1,7.420624944e-01,main,true,fall,254
/mnt/pd/tema1/new/results/ml_samples/N8_sw0.15_x-1_i0081.h5,8,1.500000000e-01,-1,7.420624944e-01,main,true,fall,963
/mnt/pd/tema1/new/results/ml_samples/N8_sw0.15_x-1_i0125.h5,8,1.500000000e-01,-1,7.420624944e-01,main,true,fall,167
/mnt/pd/tema1/new/results/ml_samples/N8_sw0.15_x-1_i0113.h5,8,1.500000000e-01,-1,7.420624944e-01,main,true,fall,383
/mnt/pd/tema1/new/results/ml_samples/N8_sw0.15_x-1_i0119.h5,8,1.500000000e-01,-1,7.420624944e-01,main,true,fall,284
/mnt/pd/tema1/new/results/ml_samples/N8_sw0.15_x-1_i0123.h5,8,1.500000000e-01,-1,7.420624944e-01,main,true,fall,333
/mnt/pd/tema1/new/results/ml_samples/N8_sw0.15_x-1_i0091.h5,8,1.500000000e-01,-1,7.420624944e-01,main,true,fall,838
/mnt/pd/tema1/new/results/ml_samples/N8_sw0.15_x-1_i0127.h5,8,1.500000000e-01,-1,7.420624944e-01,main,true,fall,240
/mnt/pd/tema1/new/results/ml_samples/N8_sw0.15_x-1_i0115.h5,8,1.500000000e-01,-1,7.420624944e-01,main,true,fall,639
/mnt/pd/tema1/new/results/ml_samples/N8_sw0.15_x-1_i0077.h5,8,1.500000000e-01,-1,7.420624944e-01,main,true,fall,1242
/mnt/pd/tema1/new/results/ml_samples/N8_sw0.15_x-1_i0099.h5,8,1.500000000e-01,-1,7.420624944e-01,main,true,fall,838
/mnt/pd/tema1/new/results/ml_samples/N8_sw0.15_x-1_i0009.h5,8,1.500000000e-01,-1,7.420624944e-01,main,true,fall,2198
/mnt/pd/tema1/new/results/ml_samples/N8_sw0.15_x-1_i0135.h5,8,1.500000000e-01,-1,7.420624944e-01,main,true,fall,402
/mnt/pd/tema1/new/results/ml_samples/N8_sw0.15_x-1_i0093.h5,8,1.500000000e-01,-1,7.420624944e-01,main,true,fall,1082
/mnt/pd/tema1/new/results/ml_samples/N8_sw0.15_x-1_i0067.h5,8,1.500000000e-01,-1,7.420624944e-01,main,true,rise,1624
/mnt/pd/tema1/new/results/ml_samples/N8_sw0.15_x-1_i0001.h5,8,1.500000000e-01,-1,7.420624944e-01,main,true,fall,2298
/mnt/pd/tema1/new/results/ml_samples/N8_sw0.15_x-1_i0137.h5,8,1.500000000e-01,-1,7.420624944e-01,main,true,fall,384
/mnt/pd/tema1/new/results/ml_samples/N8_sw0.15_x-1_i0073.h5,8,1.500000000e-01,-1,7.420624944e-01,main,true,fall,1496
/mnt/pd/tema1/new/results/ml_samples/N8_sw0.15_x-1_i0145.h5,8,1.500000000e-01,-1,7.420624944e-01,main,true,fall,377
/mnt/pd/tema1/new/results/ml_samples/N8_sw0.15_x-1_i0131.h5,8,1.500000000e-01,-1,7.420624944e-01,main,true,fall,572
/mnt/pd/tema1/new/results/ml_samples/N8_sw0.15_x-1_i0103.h5,8,1.500000000e-01,-1,7.420624944e-01,main,true,fall,1045
/mnt/pd/tema1/new/results/ml_samples/N8_sw0.15_x-1_i0023.h5,8,1.500000000e-01,-1,7.420624944e-01,main,true,fall,2189
/mnt/pd/tema1/new/results/ml_samples/N8_sw0.15_x-1_i0153.h5,8,1.500000000e-01,-1,7.420624944e-01,main,true,fall,279
/mnt/pd/tema1/new/results/ml_samples/N8_sw0.15_x-1_i0161.h5,8,1.500000000e-01,-1,7.420624944e-01,main,true,fall,211
/mnt/pd/tema1/new/results/ml_samples/N8_sw0.15_x-1_i0157.h5,8,1.500000000e-01,-1,7.420624944e-01,main,true,fall,313
/mnt/pd/tema1/new/results/ml_samples/N8_sw0.15_x-1_i0065.h5,8,1.500000000e-01,-1,7.420624944e-01,main,true,fall,1823
/mnt/pd/tema1/new/results/ml_samples/N8_sw0.15_x-1_i0155.h5,8,1.500000000e-01,-1,7.420624944e-01,main,true,fall,400
/mnt/pd/tema1/new/results/ml_samples/N8_sw0.15_x-1_i0089.h5,8,1.500000000e-01,-1,7.420624944e-01,main,true,fall,2109
/mnt/pd/tema1/new/results/ml_samples/N8_sw0.15_x-1_i0165.h5,8,1.500000000e-01,-1,7.420624944e-01,main,true,fall,346
/mnt/pd/tema1/new/results/ml_samples/N8_sw0.15_x-1_i0129.h5,8,1.500000000e-01,-1,7.420624944e-01,main,true,fall,840
/mnt/pd/tema1/new/results/ml_samples/N8_sw0.15_x-1_i0181.h5,8,1.500000000e-01,-1,7.420624944e-01,main,true,fall,152
/mnt/pd/tema1/new/results/ml_samples/N8_sw0.15_x-1_i0167.h5,8,1.500000000e-01,-1,7.420624944e-01,main,true,fall,426
/mnt/pd/tema1/new/results/ml_samples/N8_sw0.15_x-1_i0179.h5,8,1.500000000e-01,-1,7.420624944e-01,main,true,fall,219
/mnt/pd/tema1/new/results/ml_samples/N8_sw0.15_x-1_i0187.h5,8,1.500000000e-01,-1,7.420624944e-01,main,true,fall,196
/mnt/pd/tema1/new/results/ml_samples/N8_sw0.15_x-1_i0057.h5,8,1.500000000e-01,-1,7.420624944e-01,main,true,rise,2385
/mnt/pd/tema1/new/results/ml_samples/N8_sw0.15_x-1_i0159.h5,8,1.500000000e-01,-1,7.420624944e-01,main,true,fall,760
/mnt/pd/tema1/new/results/ml_samples/N8_sw0.15_x-1_i0097.h5,8,1.500000000e-01,-1,7.420624944e-01,main,true,fall,1771
/mnt/pd/tema1/new/results/ml_samples/N8_sw0.15_x-1_i0133.h5,8,1.500000000e-01,-1,7.420624944e-01,main,true,rise,1204
/mnt/pd/tema1/new/results/ml_samples/N8_sw0.15_x-1_i0141.h5,8,1.500000000e-01,-1,7.420624944e-01,main,true,fall,1141
/mnt/pd/tema1/new/results/ml_samples/N8_sw0.15_x-1_i0143.h5,8,1.500000000e-01,-1,7.420624944e-01,main,true,fall,1511
/mnt/pd/tema1/new/results/ml_samples/N8_sw0.15_x-1_i0193.h5,8,1.500000000e-01,-1,7.420624944e-01,main,true,fall,413
/mnt/pd/tema1/new/results/ml_samples/N8_sw0.15_x-1_i0121.h5,8,1.500000000e-01,-1,7.420624944e-01,main,true,fall,1488
/mnt/pd/tema1/new/results/ml_samples/N8_sw0.15_x-1_i0035.h5,8,1.500000000e-01,-1,7.420624944e-01,main,true,fall,2838
/mnt/pd/tema1/new/results/ml_samples/N8_sw0.15_x-2_i0001.h5,8,1.500000000e-01,-2,4.841249887e-01,main,true,fall,119
/mnt/pd/tema1/new/results/ml_samples/N8_sw0.15_x-1_i0185.h5,8,1.500000000e-01,-1,7.420624944e-01,main,true,fall,597
/mnt/pd/tema1/new/results/ml_samples/N8_sw0.15_x-1_i0175.h5,8,1.500000000e-01,-1,7.420624944e-01,main,true,fall,765
/mnt/pd/tema1/new/results/ml_samples/N8_sw0.15_x-1_i0105.h5,8,1.500000000e-01,-1,7.420624944e-01,main,true,fall,1871
/mnt/pd/tema1/new/results/ml_samples/N8_sw0.15_x-1_i0199.h5,8,1.500000000e-01,-1,7.420624944e-01,main,true,fall,348
/mnt/pd/tema1/new/results/ml_samples/N8_sw0.15_x-2_i0003.h5,8,1.500000000e-01,-2,4.841249887e-01,main,true,fall,370
/mnt/pd/tema1/new/results/ml_samples/N8_sw0.15_x-2_i0007.h5,8,1.500000000e-01,-2,4.841249887e-01,main,true,fall,472
/mnt/pd/tema1/new/results/ml_samples/N8_sw0.15_x-1_i0087.h5,8,1.500000000e-01,-1,7.420624944e-01,main,true,fall,2272
/mnt/pd/tema1/new/results/ml_samples/N8_sw0.15_x-1_i0197.h5,8,1.500000000e-01,-1,7.420624944e-01,main,true,fall,596
/mnt/pd/tema1/new/results/ml_samples/N8_sw0.15_x-1_i0151.h5,8,1.500000000e-01,-1,7.420624944e-01,main,true,fall,1295
/mnt/pd/tema1/new/results/ml_samples/N8_sw0.15_x-2_i0011.h5,8,1.500000000e-01,-2,4.841249887e-01,main,true,fall,416
/mnt/pd/tema1/new/results/ml_samples/N8_sw0.15_x-2_i0021.h5,8,1.500000000e-01,-2,4.841249887e-01,main,true,fall,264
/mnt/pd/tema1/new/results/ml_samples/N8_sw0.15_x-2_i0025.h5,8,1.500000000e-01,-2,4.841249887e-01,main,true,fall,272
/mnt/pd/tema1/new/results/ml_samples/N8_sw0.15_x-2_i0023.h5,8,1.500000000e-01,-2,4.841249887e-01,main,true,fall,193
/mnt/pd/tema1/new/results/ml_samples/N8_sw0.15_x-2_i0031.h5,8,1.500000000e-01,-2,4.841249887e-01,main,true,fall,181
/mnt/pd/tema1/new/results/ml_samples/N8_sw0.15_x-2_i0027.h5,8,1.500000000e-01,-2,4.841249887e-01,main,true,fall,287
/mnt/pd/tema1/new/results/ml_samples/N8_sw0.15_x-2_i0015.h5,8,1.500000000e-01,-2,4.841249887e-01,main,true,fall,576
/mnt/pd/tema1/new/results/ml_samples/N8_sw0.15_x-1_i0189.h5,8,1.500000000e-01,-1,7.420624944e-01,main,true,fall,989
/mnt/pd/tema1/new/results/ml_samples/N8_sw0.15_x-2_i0037.h5,8,1.500000000e-01,-2,4.841249887e-01,main,true,fall,251
/mnt/pd/tema1/new/results/ml_samples/N8_sw0.15_x-2_i0029.h5,8,1.500000000e-01,-2,4.841249887e-01,main,true,fall,325
/mnt/pd/tema1/new/results/ml_samples/N8_sw0.15_x-1_i0191.h5,8,1.500000000e-01,-1,7.420624944e-01,main,true,fall,1065
/mnt/pd/tema1/new/results/ml_samples/N8_sw0.15_x-1_i0169.h5,8,1.500000000e-01,-1,7.420624944e-01,main,true,fall,1482
/mnt/pd/tema1/new/results/ml_samples/N8_sw0.15_x-2_i0041.h5,8,1.500000000e-01,-2,4.841249887e-01,main,true,fall,296
/mnt/pd/tema1/new/results/ml_samples/N8_sw0.15_x+2_i0089.h5,8,1.500000000e-01,2,1.515875011e+00,main,true,rise,5516
/mnt/pd/tema1/new/results/ml_samples/N8_sw0.15_x-1_i0177.h5,8,1.500000000e-01,-1,7.420624944e-01,main,true,rise,1308
/mnt/pd/tema1/new/results/ml_samples/N8_sw0.15_x-2_i0043.h5,8,1.500000000e-01,-2,4.841249887e-01,main,true,fall,348
/mnt/pd/tema1/new/results/ml_samples/N8_sw0.15_x-2_i0047.h5,8,1.500000000e-01,-2,4.841249887e-01,main,true,fall,286
/mnt/pd/tema1/new/results/ml_samples/N8_sw0.15_x-2_i0049.h5,8,1.500000000e-01,-2,4.841249887e-01,main,true,fall,435
/mnt/pd/tema1/new/results/ml_samples/N8_sw0.15_x-2_i0057.h5,8,1.500000000e-01,-2,4.841249887e-01,main,true,fall,155
/mnt/pd/tema1/new/results/ml_samples/N8_sw0.15_x-2_i0055.h5,8,1.500000000e-01,-2,4.841249887e-01,main,true,fall,178
/mnt/pd/tema1/new/results/ml_samples/N8_sw0.15_x-2_i0053.h5,8,1.500000000e-01,-2,4.841249887e-01,main,true,fall,292
/mnt/pd/tema1/new/results/ml_samples/N8_sw0.15_x-2_i0061.h5,8,1.500000000e-01,-2,4.841249887e-01,main,true,fall,193
/mnt/pd/tema1/new/results/ml_samples/N8_sw0.15_x-2_i0019.h5,8,1.500000000e-01,-2,4.841249887e-01,main,true,fall,797
/mnt/pd/tema1/new/results/ml_samples/N8_sw0.15_x-2_i0063.h5,8,1.500000000e-01,-2,4.841249887e-01,main,true,fall,255
/mnt/pd/tema1/new/results/ml_samples/N8_sw0.15_x-2_i0051.h5,8,1.500000000e-01,-2,4.841249887e-01,main,true,fall,451
/mnt/pd/tema1/new/results/ml_samples/N8_sw0.15_x-2_i0071.h5,8,1.500000000e-01,-2,4.841249887e-01,main,true,fall,151
/mnt/pd/tema1/new/results/ml_samples/N8_sw0.15_x-1_i0173.h5,8,1.500000000e-01,-1,7.420624944e-01,main,true,fall,1731
/mnt/pd/tema1/new/results/ml_samples/N8_sw0.15_x-2_i0069.h5,8,1.500000000e-01,-2,4.841249887e-01,main,true,fall,370
/mnt/pd/tema1/new/results/ml_samples/N8_sw0.15_x-2_i0073.h5,8,1.500000000e-01,-2,4.841249887e-01,main,true,fall,290
/mnt/pd/tema1/new/results/ml_samples/N8_sw0.15_x-2_i0083.h5,8,1.500000000e-01,-2,4.841249887e-01,main,true,fall,184
/mnt/pd/tema1/new/results/ml_samples/N8_sw0.15_x-1_i0147.h5,8,1.500000000e-01,-1,7.420624944e-01,main,true,fall,2079
/mnt/pd/tema1/new/results/ml_samples/N8_sw0.15_x-2_i0017.h5,8,1.500000000e-01,-2,4.841249887e-01,main,true,fall,1087
/mnt/pd/tema1/new/results/ml_samples/N8_sw0.15_x-2_i0039.h5,8,1.500000000e-01,-2,4.841249887e-01,main,true,fall,792
/mnt/pd/tema1/new/results/ml_samples/N8_sw0.15_x-1_i0139.h5,8,1.500000000e-01,-1,7.420624944e-01,main,true,fall,2301
/mnt/pd/tema1/new/results/ml_samples/N8_sw0.15_x-2_i0045.h5,8,1.500000000e-01,-2,4.841249887e-01,main,true,fall,718
/mnt/pd/tema1/new/results/ml_samples/N8_sw0.15_x-2_i0085.h5,8,1.500000000e-01,-2,4.841249887e-01,main,true,fall,202
/mnt/pd/tema1/new/results/ml_samples/N8_sw0.15_x-2_i0065.h5,8,1.500000000e-01,-2,4.841249887e-01,main,true,fall,585
/mnt/pd/tema1/new/results/ml_samples/N8_sw0.15_x-2_i0095.h5,8,1.500000000e-01,-2,4.841249887e-01,main,true,fall,148
/mnt/pd/tema1/new/results/ml_samples/N8_sw0.15_x-2_i0009.h5,8,1.500000000e-01,-2,4.841249887e-01,main,true,fall,1299
/mnt/pd/tema1/new/results/ml_samples/N8_sw0.15_x-2_i0093.h5,8,1.500000000e-01,-2,4.841249887e-01,main,true,fall,167
/mnt/pd/tema1/new/results/ml_samples/N8_sw0.15_x-2_i0099.h5,8,1.500000000e-01,-2,4.841249887e-01,main,true,fall,153
/mnt/pd/tema1/new/results/ml_samples/N8_sw0.15_x-2_i0075.h5,8,1.500000000e-01,-2,4.841249887e-01,main,true,fall,505
/mnt/pd/tema1/new/results/ml_samples/N8_sw0.15_x-4_i0003.h5,8,1.500000000e-01,-4,-3.175002257e-02,main,false,fall,100
/mnt/pd/tema1/new/results/ml_samples/N8_sw0.15_x-2_i0091.h5,8,1.500000000e-01,-2,4.841249887e-01,main,true,fall,262
/mnt/pd/tema1/new/results/ml_samples/N8_sw0.15_x-2_i0067.h5,8,1.500000000e-01,-2,4.841249887e-01,main,true,fall,772
/mnt/pd/tema1/new/results/ml_samples/N8_sw0.15_x-4_i0011.h5,8,1.500000000e-01,-4,-3.175002257e-02,main,false,fall,98
/mnt/pd/tema1/new/results/ml_samples/N8_sw0.15_x-4_i0009.h5,8,1.500000000e-01,-4,-3.175002257e-02,main,false,fall,124
/mnt/pd/tema1/new/results/ml_samples/N8_sw0.15_x-4_i0021.h5,8,1.500000000e-01,-4,-3.175002257e-02,main,false,fall,124
/mnt/pd/tema1/new/results/ml_samples/N8_sw0.15_x-4_i0007.h5,8,1.500000000e-01,-4,-3.175002257e-02,main,false,fall,233
/mnt/pd/tema1/new/results/ml_samples/N8_sw0.15_x-4_i0001.h5,8,1.500000000e-01,-4,-3.175002257e-02,main,false,fall,302
/mnt/pd/tema1/new/results/ml_samples/N8_sw0.15_x-2_i0079.h5,8,1.500000000e-01,-2,4.841249887e-01,main,true,fall,594
/mnt/pd/tema1/new/results/ml_samples/N8_sw0.15_x-4_i0015.h5,8,1.500000000e-01,-4,-3.175002257e-02,main,false,fall,218
/mnt/pd/tema1/new/results/ml_samples/N8_sw0.15_x-4_i0027.h5,8,1.500000000e-01,-4,-3.175002257e-02,main,false,fall,104
/mnt/pd/tema1/new/results/ml_samples/N8_sw0.15_x-4_i0017.h5,8,1.500000000e-01,-4,-3.175002257e-02,main,false,fall,184
/mnt/pd/tema1/new/results/ml_samples/N8_sw0.15_x-4_i0019.h5,8,1.500000000e-01,-4,-3.175002257e-02,main,false,fall,211
/mnt/pd/tema1/new/results/ml_samples/N8_sw0.15_x-4_i0013.h5,8,1.500000000e-01,-4,-3.175002257e-02,main,false,fall,311
/mnt/pd/tema1/new/results/ml_samples/N8_sw0.15_x-4_i0023.h5,8,1.500000000e-01,-4,-3.175002257e-02,main,false,fall,290
/mnt/pd/tema1/new/results/ml_samples/N8_sw0.15_x-4_i0025.h5,8,1.500000000e-01,-4,-3.175002257e-02,main,false,fall,226
/mnt/pd/tema1/new/results/ml_samples/N8_sw0.15_x-4_i0037.h5,8,1.500000000e-01,-4,-3.175002257e-02,main,false,fall,97
/mnt/pd/tema1/new/results/ml_samples/N8_sw0.15_x-4_i0035.h5,8,1.500000000e-01,-4,-3.175002257e-02,main,false,fall,134
/mnt/pd/tema1/new/results/ml_samples/N8_sw0.15_x-4_i0031.h5,8,1.500000000e-01,-4,-3.175002257e-02,main,false,fall,147
/mnt/pd/tema1/new/results/ml_samples/N8_sw0.15_x-4_i0041.h5,8,1.500000000e-01,-4,-3.175002257e-02,main,false,fall,132
/mnt/pd/tema1/new/results/ml_samples/N8_sw0.15_x-4_i0039.h5,8,1.500000000e-01,-4,-3.175002257e-02,main,false,fall,154
/mnt/pd/tema1/new/results/ml_samples/N8_sw0.15_x-2_i0081.h5,8,1.500000000e-01,-2,4.841249887e-01,main,true,fall,656
/mnt/pd/tema1/new/results/ml_samples/N8_sw0.15_x-2_i0059.h5,8,1.500000000e-01,-2,4.841249887e-01,main,true,fall,996
/mnt/pd/tema1/new/results/ml_samples/N8_sw0.15_x-4_i0043.h5,8,1.500000000e-01,-4,-3.175002257e-02,main,false,fall,152
/mnt/pd/tema1/new/results/ml_samples/N8_sw0.15_x-4_i0045.h5,8,1.500000000e-01,-4,-3.175002257e-02,main,false,fall,201
/mnt/pd/tema1/new/results/ml_samples/N8_sw0.15_x-2_i0005.h5,8,1.500000000e-01,-2,4.841249887e-01,main,true,fall,2308
/mnt/pd/tema1/new/results/ml_samples/N8_sw0.15_x-4_i0057.h5,8,1.500000000e-01,-4,-3.175002257e-02,main,false,fall,128
/mnt/pd/tema1/new/results/ml_samples/N8_sw0.15_x-2_i0035.h5,8,1.500000000e-01,-2,4.841249887e-01,main,true,fall,1344
/mnt/pd/tema1/new/results/ml_samples/N8_sw0.15_x-4_i0055.h5,8,1.500000000e-01,-4,-3.175002257e-02,main,false,fall,163
/mnt/pd/tema1/new/results/ml_samples/N8_sw0.15_x-4_i0051.h5,8,1.500000000e-01,-4,-3.175002257e-02,main,false,fall,198
/mnt/pd/tema1/new/results/ml_samples/N8_sw0.15_x-4_i0049.h5,8,1.500000000e-01,-4,-3.175002257e-02,main,false,fall,206
/mnt/pd/tema1/new/results/ml_samples/N8_sw0.15_x-2_i0077.h5,8,1.500000000e-01,-2,4.841249887e-01,main,true,fall,821
/mnt/pd/tema1/new/results/ml_samples/N8_sw0.15_x-1_i0149.h5,8,1.500000000e-01,-1,7.420624944e-01,main,true,rise,2627
/mnt/pd/tema1/new/results/ml_samples/N8_sw0.15_x-4_i0029.h5,8,1.500000000e-01,-4,-3.175002257e-02,main,false,fall,339
/mnt/pd/tema1/new/results/ml_samples/N8_sw0.15_x-4_i0059.h5,8,1.500000000e-01,-4,-3.175002257e-02,main,false,fall,185
/mnt/pd/tema1/new/results/ml_samples/N8_sw0.15_x-4_i0061.h5,8,1.500000000e-01,-4,-3.175002257e-02,main,false,fall,172
/mnt/pd/tema1/new/results/ml_samples/N8_sw0.15_x-2_i0087.h5,8,1.500000000e-01,-2,4.841249887e-01,main,true,fall,721
/mnt/pd/tema1/new/results/ml_samples/N8_sw0.15_x-4_i0067.h5,8,1.500000000e-01,-4,-3.175002257e-02,main,false,fall,109
/mnt/pd/tema1/new/results/ml_samples/N8_sw0.15_x-4_i0071.h5,8,1.500000000e-01,-4,-3.175002257e-02,main,false,fall,135
/mnt/pd/tema1/new/results/ml_samples/N8_sw0.15_x-4_i0047.h5,8,1.500000000e-01,-4,-3.175002257e-02,main,false,fall,411
/mnt/pd/tema1/new/results/ml_samples/N8_sw0.15_x-4_i0077.h5,8,1.500000000e-01,-4,-3.175002257e-02,main,false,fall,90
/mnt/pd/tema1/new/results/ml_samples/N8_sw0.15_x-4_i0063.h5,8,1.500000000e-01,-4,-3.175002257e-02,main,false,fall,219
/mnt/pd/tema1/new/results/ml_samples/N8_sw0.15_x-4_i0073.h5,8,1.500000000e-01,-4,-3.175002257e-02,main,false,fall,144
/mnt/pd/tema1/new/results/ml_samples/N8_sw0.15_x-4_i0085.h5,8,1.500000000e-01,-4,-3.175002257e-02,main,false,fall,100
/mnt/pd/tema1/new/results/ml_samples/N8_sw0.15_x-4_i0065.h5,8,1.500000000e-01,-4,-3.175002257e-02,main,false,fall,218
/mnt/pd/tema1/new/results/ml_samples/N8_sw0.15_x-4_i0081.h5,8,1.500000000e-01,-4,-3.175002257e-02,main,false,fall,112
/mnt/pd/tema1/new/results/ml_samples/N8_sw0.15_x-4_i0069.h5,8,1.500000000e-01,-4,-3.175002257e-02,main,false,fall,210
/mnt/pd/tema1/new/results/ml_samples/N8_sw0.15_x-4_i0091.h5,8,1.500000000e-01,-4,-3.175002257e-02,main,false,fall,124
/mnt/pd/tema1/new/results/ml_samples/N8_sw0.15_x-4_i0083.h5,8,1.500000000e-01,-4,-3.175002257e-02,main,false,fall,150
/mnt/pd/tema1/new/results/ml_samples/N8_sw0.15_x-4_i0075.h5,8,1.500000000e-01,-4,-3.175002257e-02,main,false,fall,196
/mnt/pd/tema1/new/results/ml_samples/N8_sw0.15_x-4_i0099.h5,8,1.500000000e-01,-4,-3.175002257e-02,main,false,fall,145
/mnt/pd/tema1/new/results/ml_samples/N8_sw0.15_x-1_i0163.h5,8,1.500000000e-01,-1,7.420624944e-01,main,true,fall,2822
/mnt/pd/tema1/new/results/ml_samples/N8_sw0.15_x-4_i0097.h5,8,1.500000000e-01,-4,-3.175002257e-02,main,false,fall,216
/mnt/pd/tema1/new/results/ml_samples/N8_sw0.15_x-4_i0093.h5,8,1.500000000e-01,-4,-3.175002257e-02,main,false,fall,199
/mnt/pd/tema1/new/results/ml_samples/N8_sw0.15_x-4_i0095.h5,8,1.500000000e-01,-4,-3.175002257e-02,main,false,fall,253
/mnt/pd/tema1/new/results/ml_samples/N8_sw0.15_x-4_i0087.h5,8,1.500000000e-01,-4,-3.175002257e-02,main,false,fall,281
/mnt/pd/tema1/new/results/ml_samples/N8_sw0.15_x-1_i0101.h5,8,1.500000000e-01,-1,7.420624944e-01,main,true,fall,3764
/mnt/pd/tema1/new/results/ml_samples/N8_sw0.30_x+0_i0013.h5,8,3.000000000e-01,0,1.000000000e+00,main,true,fall,263
/mnt/pd/tema1/new/results/ml_samples/N8_sw0.30_x+0_i0009.h5,8,3.000000000e-01,0,1.000000000e+00,main,true,fall,261
/mnt/pd/tema1/new/results/ml_samples/N8_sw0.15_x-4_i0089.h5,8,1.500000000e-01,-4,-3.175002257e-02,main,false,fall,383
/mnt/pd/tema1/new/results/ml_samples/N8_sw0.30_x+0_i0017.h5,8,3.000000000e-01,0,1.000000000e+00,main,true,fall,409
/mnt/pd/tema1/new/results/ml_samples/N8_sw0.30_x+0_i0027.h5,8,3.000000000e-01,0,1.000000000e+00,main,true,fall,359
/mnt/pd/tema1/new/results/ml_samples/N8_sw0.15_x-4_i0033.h5,8,1.500000000e-01,-4,-3.175002257e-02,main,false,fall,790
/mnt/pd/tema1/new/results/ml_samples/N8_sw0.30_x+0_i0037.h5,8,3.000000000e-01,0,1.000000000e+00,main,true,fall,204
/mnt/pd/tema1/new/results/ml_samples/N8_sw0.30_x+0_i0021.h5,8,3.000000000e-01,0,1.000000000e+00,main,true,fall,555
/mnt/pd/tema1/new/results/ml_samples/N8_sw0.30_x+0_i0035.h5,8,3.000000000e-01,0,1.000000000e+00,main,true,fall,266
/mnt/pd/tema1/new/results/ml_samples/N8_sw0.30_x+0_i0005.h5,8,3.000000000e-01,0,1.000000000e+00,main,true,fall,559
/mnt/pd/tema1/new/results/ml_samples/N8_sw0.30_x+0_i0043.h5,8,3.000000000e-01,0,1.000000000e+00,main,true,fall,147
/mnt/pd/tema1/new/results/ml_samples/N8_sw0.15_x-1_i0027.h5,8,1.500000000e-01,-1,7.420624944e-01,main,true,fall,5351
/mnt/pd/tema1/new/results/ml_samples/N8_sw0.30_x+0_i0051.h5,8,3.000000000e-01,0,1.000000000e+00,main,true,fall,180
/mnt/pd/tema1/new/results/ml_samples/N8_sw0.30_x+0_i0007.h5,8,3.000000000e-01,0,1.000000000e+00,main,true,fall,716
/mnt/pd/tema1/new/results/ml_samples/N8_sw0.30_x+0_i0023.h5,8,3.000000000e-01,0,1.000000000e+00,main,true,rise,642
/mnt/pd/tema1/new/results/ml_samples/N8_sw0.15_x-1_i0195.h5,8,1.500000000e-01,-1,7.420624944e-01,main,true,fall,2745
/mnt/pd/tema1/new/results/ml_samples/N8_sw0.30_x+0_i0041.h5,8,3.000000000e-01,0,1.000000000e+00,main,true,fall,450
/mnt/pd/tema1/new/results/ml_samples/N8_sw0.30_x+0_i0047.h5,8,3.000000000e-01,0,1.000000000e+00,main,true,fall,527
/mnt/pd/tema1/new/results/ml_samples/N8_sw0.30_x+0_i0061.h5,8,3.000000000e-01,0,1.000000000e+00,main,true,rise,246
/mnt/pd/tema1/new/results/ml_samples/N8_sw0.30_x+0_i0025.h5,8,3.000000000e-01,0,1.000000000e+00,main,true,rise,1058
/mnt/pd/tema1/new/results/ml_samples/N8_sw0.30_x+0_i0031.h5,8,3.000000000e-01,0,1.000000000e+00,main,true,rise,754
/mnt/pd/tema1/new/results/ml_samples/N8_sw0.30_x+0_i0055.h5,8,3.000000000e-01,0,1.000000000e+00,main,true,fall,434
/mnt/pd/tema1/new/results/ml_samples/N8_sw0.30_x+0_i0067.h5,8,3.000000000e-01,0,1.000000000e+00,main,true,fall,169
/mnt/pd/tema1/new/results/ml_samples/N8_sw0.30_x+0_i0063.h5,8,3.000000000e-01,0,1.000000000e+00,main,true,fall,169
/mnt/pd/tema1/new/results/ml_samples/N8_sw0.30_x+0_i0057.h5,8,3.000000000e-01,0,1.000000000e+00,main,true,rise,437
/mnt/pd/tema1/new/results/ml_samples/N8_sw0.15_x-2_i0089.h5,8,1.500000000e-01,-2,4.841249887e-01,main,true,fall,1669
/mnt/pd/tema1/new/results/ml_samples/N8_sw0.30_x+0_i0019.h5,8,3.000000000e-01,0,1.000000000e+00,main,true,fall,888
/mnt/pd/tema1/new/results/ml_samples/N8_sw0.30_x+0_i0049.h5,8,3.000000000e-01,0,1.000000000e+00,main,true,fall,674
/mnt/pd/tema1/new/results/ml_samples/N8_sw0.30_x+0_i0033.h5,8,3.000000000e-01,0,1.000000000e+00,main,true,rise,779
/mnt/pd/tema1/new/results/ml_samples/N8_sw0.30_x+0_i0065.h5,8,3.000000000e-01,0,1.000000000e+00,main,true,fall,354
/mnt/pd/tema1/new/results/ml_samples/N8_sw0.30_x+0_i0083.h5,8,3.000000000e-01,0,1.000000000e+00,main,true,fall,157
/mnt/pd/tema1/new/results/ml_samples/N8_sw0.30_x+0_i0039.h5,8,3.000000000e-01,0,1.000000000e+00,main,true,fall,824
/mnt/pd/tema1/new/results/ml_samples/N8_sw0.30_x+0_i0081.h5,8,3.000000000e-01,0,1.000000000e+00,main,true,fall,297
/mnt/pd/tema1/new/results/ml_samples/N8_sw0.30_x+0_i0075.h5,8,3.000000000e-01,0,1.000000000e+00,main,true,fall,386
/mnt/pd/tema1/new/results/ml_samples/N8_sw0.15_x-1_i0183.h5,8,1.500000000e-01,-1,7.420624944e-01,main,true,fall,3447
/mnt/pd/tema1/new/results/ml_samples/N8_sw0.15_x-4_i0079.h5,8,1.500000000e-01,-4,-3.175002257e-02,main,false,fall,1330
/mnt/pd/tema1/new/results/ml_samples/N8_sw0.30_x+0_i0091.h5,8,3.000000000e-01,0,1.000000000e+00,main,true,fall,335
/mnt/pd/tema1/new/results/ml_samples/N8_sw0.30_x+0_i0011.h5,8,3.000000000e-01,0,1.000000000e+00,main,true,fall,1279
/mnt/pd/tema1/new/results/ml_samples/N8_sw0.30_x+0_i0077.h5,8,3.000000000e-01,0,1.000000000e+00,main,true,rise,479
/mnt/pd/tema1/new/results/ml_samples/N8_sw0.15_x-2_i0013.h5,8,1.500000000e-01,-2,4.841249887e-01,main,true,fall,3093
/mnt/pd/tema1/new/results/ml_samples/N8_sw0.30_x+0_i0097.h5,8,3.000000000e-01,0,1.000000000e+00,main,true,fall,361
/mnt/pd/tema1/new/results/ml_samples/N8_sw0.30_x+0_i0113.h5,8,3.000000000e-01,0,1.000000000e+00,main,true,fall,103
/mnt/pd/tema1/new/results/ml_samples/N8_sw0.30_x+0_i0103.h5,8,3.000000000e-01,0,1.000000000e+00,main,true,fall,288
/mnt/pd/tema1/new/results/ml_samples/N8_sw0.15_x-2_i0033.h5,8,1.500000000e-01,-2,4.841249887e-01,main,true,fall,2851
/mnt/pd/tema1/new/results/ml_samples/N8_sw0.30_x+0_i0073.h5,8,3.000000000e-01,0,1.000000000e+00,main,true,fall,807
/mnt/pd/tema1/new/results/ml_samples/N8_sw0.30_x+0_i0089.h5,8,3.000000000e-01,0,1.000000000e+00,main,true,fall,758
/mnt/pd/tema1/new/results/ml_samples/N8_sw0.15_x-2_i0097.h5,8,1.500000000e-01,-2,4.841249887e-01,main,true,fall,2155
/mnt/pd/tema1/new/results/ml_samples/N8_sw0.30_x+0_i0101.h5,8,3.000000000e-01,0,1.000000000e+00,main,true,fall,374
/mnt/pd/tema1/new/results/ml_samples/N8_sw0.30_x+0_i0003.h5,8,3.000000000e-01,0,1.000000000e+00,main,true,fall,1604
/mnt/pd/tema1/new/results/ml_samples/N8_sw0.30_x+0_i0117.h5,8,3.000000000e-01,0,1.000000000e+00,main,true,fall,226
/mnt/pd/tema1/new/results/ml_samples/N8_sw0.30_x+0_i0131.h5,8,3.000000000e-01,0,1.000000000e+00,main,true,fall,107
/mnt/pd/tema1/new/results/ml_samples/N8_sw0.30_x+0_i0099.h5,8,3.000000000e-01,0,1.000000000e+00,main,true,fall,616
/mnt/pd/tema1/new/results/ml_samples/N8_sw0.30_x+0_i0095.h5,8,3.000000000e-01,0,1.000000000e+00,main,true,fall,657
/mnt/pd/tema1/new/results/ml_samples/N8_sw0.30_x+0_i0079.h5,8,3.000000000e-01,0,1.000000000e+00,main,true,fall,848
/mnt/pd/tema1/new/results/ml_samples/N8_sw0.30_x+0_i0029.h5,8,3.000000000e-01,0,1.000000000e+00,main,true,fall,1660
/mnt/pd/tema1/new/results/ml_samples/N8_sw0.30_x+0_i0129.h5,8,3.000000000e-01,0,1.000000000e+00,main,true,fall,325
/mnt/pd/tema1/new/results/ml_samples/N8_sw0.30_x+0_i0141.h5,8,3.000000000e-01,0,1.000000000e+00,main,true,fall,97
/mnt/pd/tema1/new/results/ml_samples/N8_sw0.30_x+0_i0111.h5,8,3.000000000e-01,0,1.000000000e+00,main,true,rise,620
/mnt/pd/tema1/new/results/ml_samples/N8_sw0.30_x+0_i0123.h5,8,3.000000000e-01,0,1.000000000e+00,main,true,fall,636
/mnt/pd/tema1/new/results/ml_samples/N8_sw0.30_x+0_i0137.h5,8,3.000000000e-01,0,1.000000000e+00,main,true,rise,275
/mnt/pd/tema1/new/results/ml_samples/N8_sw0.30_x+0_i0071.h5,8,3.000000000e-01,0,1.000000000e+00,main,true,fall,1111
/mnt/pd/tema1/new/results/ml_samples/N8_sw0.30_x+0_i0107.h5,8,3.000000000e-01,0,1.000000000e+00,main,true,fall,744
/mnt/pd/tema1/new/results/ml_samples/N8_sw0.30_x+0_i0059.h5,8,3.000000000e-01,0,1.000000000e+00,main,true,fall,1441
/mnt/pd/tema1/new/results/ml_samples/N8_sw0.30_x+0_i0147.h5,8,3.000000000e-01,0,1.000000000e+00,main,true,fall,200
/mnt/pd/tema1/new/results/ml_samples/N8_sw0.30_x+0_i0109.h5,8,3.000000000e-01,0,1.000000000e+00,main,true,fall,727
/mnt/pd/tema1/new/results/ml_samples/N8_sw0.30_x+0_i0149.h5,8,3.000000000e-01,0,1.000000000e+00,main,true,fall,163
/mnt/pd/tema1/new/results/ml_samples/N8_sw0.30_x+0_i0115.h5,8,3.000000000e-01,0,1.000000000e+00,main,true,fall,761
/mnt/pd/tema1/new/results/ml_samples/N8_sw0.30_x+0_i0125.h5,8,3.000000000e-01,0,1.000000000e+00,main,true,rise,965
/mnt/pd/tema1/new/results/ml_samples/N8_sw0.30_x+0_i0087.h5,8,3.000000000e-01,0,1.000000000e+00,main,true,rise,1255
/mnt/pd/tema1/new/results/ml_samples/N8_sw0.30_x+0_i0069.h5,8,3.000000000e-01,0,1.000000000e+00,main,true,fall,1463
/mnt/pd/tema1/new/results/ml_samples/N8_sw0.30_x+0_i0169.h5,8,3.000000000e-01,0,1.000000000e+00,main,true,fall,248
/mnt/pd/tema1/new/results/ml_samples/N8_sw0.30_x+0_i0157.h5,8,3.000000000e-01,0,1.000000000e+00,main,true,fall,410
/mnt/pd/tema1/new/results/ml_samples/N8_sw0.30_x+0_i0085.h5,8,3.000000000e-01,0,1.000000000e+00,main,true,fall,1516
/mnt/pd/tema1/new/results/ml_samples/N8_sw0.30_x+0_i0053.h5,8,3.000000000e-01,0,1.000000000e+00,main,true,fall,1943
/mnt/pd/tema1/new/results/ml_samples/N8_sw0.30_x+0_i0105.h5,8,3.000000000e-01,0,1.000000000e+00,main,true,fall,1357
/mnt/pd/tema1/new/results/ml_samples/N8_sw0.30_x+0_i0143.h5,8,3.000000000e-01,0,1.000000000e+00,main,true,rise,888
/mnt/pd/tema1/new/results/ml_samples/N8_sw0.30_x+0_i0015.h5,8,3.000000000e-01,0,1.000000000e+00,main,true,rise,2543
/mnt/pd/tema1/new/results/ml_samples/N8_sw0.30_x+0_i0167.h5,8,3.000000000e-01,0,1.000000000e+00,main,true,rise,653
/mnt/pd/tema1/new/results/ml_samples/N8_sw0.30_x+0_i0183.h5,8,3.000000000e-01,0,1.000000000e+00,main,true,fall,308
/mnt/pd/tema1/new/results/ml_samples/N8_sw0.30_x+0_i0181.h5,8,3.000000000e-01,0,1.000000000e+00,main,true,fall,373
/mnt/pd/tema1/new/results/ml_samples/N8_sw0.30_x+0_i0185.h5,8,3.000000000e-01,0,1.000000000e+00,main,true,fall,213
/mnt/pd/tema1/new/results/ml_samples/N8_sw0.30_x+0_i0179.h5,8,3.000000000e-01,0,1.000000000e+00,main,true,rise,569
/mnt/pd/tema1/new/results/ml_samples/N8_sw0.30_x+0_i0153.h5,8,3.000000000e-01,0,1.000000000e+00,main,true,fall,947
/mnt/pd/tema1/new/results/ml_samples/N8_sw0.30_x+0_i0175.h5,8,3.000000000e-01,0,1.000000000e+00,main,true,rise,933
/mnt/pd/tema1/new/results/ml_samples/N8_sw0.30_x+0_i0159.h5,8,3.000000000e-01,0,1.000000000e+00,main,true,rise,1022
/mnt/pd/tema1/new/results/ml_samples/N8_sw0.30_x+0_i0195.h5,8,3.000000000e-01,0,1.000000000e+00,main,true,fall,208
/mnt/pd/tema1/new/results/ml_samples/N8_sw0.30_x+0_i0163.h5,8,3.000000000e-01,0,1.000000000e+00,main,true,fall,1057
/mnt/pd/tema1/new/results/ml_samples/N8_sw0.30_x+0_i0119.h5,8,3.000000000e-01,0,1.000000000e+00,main,true,rise,1679
/mnt/pd/tema1/new/results/ml_samples/N8_sw0.30_x+0_i0127.h5,8,3.000000000e-01,0,1.000000000e+00,main,true,fall,1777
/mnt/pd/tema1/new/results/ml_samples/N8_sw0.30_x+0_i0191.h5,8,3.000000000e-01,0,1.000000000e+00,main,true,fall,531
/mnt/pd/tema1/new/results/ml_samples/N8_sw0.30_x+0_i0139.h5,8,3.000000000e-01,0,1.000000000e+00,main,true,fall,1601
/mnt/pd/tema1/new/results/ml_samples/N8_sw0.30_x+0_i0187.h5,8,3.000000000e-01,0,1.000000000e+00,main,true,fall,644
/mnt/pd/tema1/new/results/ml_samples/N8_sw0.30_x+0_i0173.h5,8,3.000000000e-01,0,1.000000000e+00,main,true,fall,1046
/mnt/pd/tema1/new/results/ml_samples/N8_sw0.30_x+0_i0045.h5,8,3.000000000e-01,0,1.000000000e+00,main,true,fall,2824
/mnt/pd/tema1/new/results/ml_samples/N8_sw0.30_x+0_i0177.h5,8,3.000000000e-01,0,1.000000000e+00,main,true,fall,1060
/mnt/pd/tema1/new/results/ml_samples/N8_sw0.30_x+0_i0199.h5,8,3.000000000e-01,0,1.000000000e+00,main,true,rise,590
/mnt/pd/tema1/new/results/ml_samples/N8_sw0.30_x+0_i0151.h5,8,3.000000000e-01,0,1.000000000e+00,main,true,fall,1648
/mnt/pd/tema1/new/results/ml_samples/N8_sw0.30_x+1_i0001.h5,8,3.000000000e-01,1,1.515875011e+00,main,true,rise,617
/mnt/pd/tema1/new/results/ml_samples/N8_sw0.30_x+0_i0121.h5,8,3.000000000e-01,0,1.000000000e+00,main,true,fall,1955
/mnt/pd/tema1/new/results/ml_samples/N8_sw0.30_x+0_i0165.h5,8,3.000000000e-01,0,1.000000000e+00,main,true,fall,1468
/mnt/pd/tema1/new/results/ml_samples/N8_sw0.30_x+0_i0161.h5,8,3.000000000e-01,0,1.000000000e+00,main,true,fall,1561
/mnt/pd/tema1/new/results/ml_samples/N8_sw0.30_x+0_i0193.h5,8,3.000000000e-01,0,1.000000000e+00,main,true,fall,757
/mnt/pd/tema1/new/results/ml_samples/N8_sw0.30_x+1_i0013.h5,8,3.000000000e-01,1,1.515875011e+00,main,true,rise,432
/mnt/pd/tema1/new/results/ml_samples/N8_sw0.30_x+1_i0019.h5,8,3.000000000e-01,1,1.515875011e+00,main,true,rise,360
/mnt/pd/tema1/new/results/ml_samples/N8_sw0.15_x-1_i0171.h5,8,1.500000000e-01,-1,7.420624944e-01,main,true,timeout,6001
/mnt/pd/tema1/new/results/ml_samples/N8_sw0.30_x+0_i0135.h5,8,3.000000000e-01,0,1.000000000e+00,main,true,rise,2039
/mnt/pd/tema1/new/results/ml_samples/N8_sw0.30_x+0_i0133.h5,8,3.000000000e-01,0,1.000000000e+00,main,true,fall,2067
/mnt/pd/tema1/new/results/ml_samples/N8_sw0.30_x+1_i0021.h5,8,3.000000000e-01,1,1.515875011e+00,main,true,rise,491
/mnt/pd/tema1/new/results/ml_samples/N8_sw0.30_x+0_i0189.h5,8,3.000000000e-01,0,1.000000000e+00,main,true,rise,1061
/mnt/pd/tema1/new/results/ml_samples/N8_sw0.30_x+0_i0001.h5,8,3.000000000e-01,0,1.000000000e+00,main,true,fall,3750
/mnt/pd/tema1/new/results/ml_samples/N8_sw0.30_x+1_i0029.h5,8,3.000000000e-01,1,1.515875011e+00,main,true,rise,605
/mnt/pd/tema1/new/results/ml_samples/N8_sw0.30_x+0_i0171.h5,8,3.000000000e-01,0,1.000000000e+00,main,true,fall,1685
/mnt/pd/tema1/new/results/ml_samples/N8_sw0.30_x+1_i0055.h5,8,3.000000000e-01,1,1.515875011e+00,main,true,fall,106
/mnt/pd/tema1/new/results/ml_samples/N8_sw0.30_x+1_i0041.h5,8,3.000000000e-01,1,1.515875011e+00,main,true,rise,292
/mnt/pd/tema1/new/results/ml_samples/N8_sw0.30_x+1_i0007.h5,8,3.000000000e-01,1,1.515875011e+00,main,true,fall,871
/mnt/pd/tema1/new/results/ml_samples/N8_sw0.30_x+1_i0037.h5,8,3.000000000e-01,1,1.515875011e+00,main,true,rise,474
/mnt/pd/tema1/new/results/ml_samples/N8_sw0.30_x+1_i0043.h5,8,3.000000000e-01,1,1.515875011e+00,main,true,rise,430
/mnt/pd/tema1/new/results/ml_samples/N8_sw0.30_x+1_i0005.h5,8,3.000000000e-01,1,1.515875011e+00,main,true,rise,1005
/mnt/pd/tema1/new/results/ml_samples/N8_sw0.30_x+1_i0045.h5,8,3.000000000e-01,1,1.515875011e+00,main,true,rise,409
/mnt/pd/tema1/new/results/ml_samples/N8_sw0.30_x+1_i0049.h5,8,3.000000000e-01,1,1.515875011e+00,main,true,rise,345
/mnt/pd/tema1/new/results/ml_samples/N8_sw0.30_x+0_i0093.h5,8,3.000000000e-01,0,1.000000000e+00,main,true,rise,3229
/mnt/pd/tema1/new/results/ml_samples/N8_sw0.30_x+1_i0065.h5,8,3.000000000e-01,1,1.515875011e+00,main,true,fall,195
/mnt/pd/tema1/new/results/ml_samples/N8_sw0.30_x+1_i0015.h5,8,3.000000000e-01,1,1.515875011e+00,main,true,rise,945
/mnt/pd/tema1/new/results/ml_samples/N8_sw0.30_x+1_i0003.h5,8,3.000000000e-01,1,1.515875011e+00,main,true,rise,1193
/mnt/pd/tema1/new/results/ml_samples/N8_sw0.30_x+1_i0039.h5,8,3.000000000e-01,1,1.515875011e+00,main,true,fall,607
/mnt/pd/tema1/new/results/ml_samples/N8_sw0.30_x+0_i0197.h5,8,3.000000000e-01,0,1.000000000e+00,main,true,fall,1417
/mnt/pd/tema1/new/results/ml_samples/N8_sw0.30_x+1_i0075.h5,8,3.000000000e-01,1,1.515875011e+00,main,true,fall,155
/mnt/pd/tema1/new/results/ml_samples/N8_sw0.30_x+1_i0033.h5,8,3.000000000e-01,1,1.515875011e+00,main,true,rise,817
/mnt/pd/tema1/new/results/ml_samples/N8_sw0.30_x+1_i0047.h5,8,3.000000000e-01,1,1.515875011e+00,main,true,rise,663
/mnt/pd/tema1/new/results/ml_samples/N8_sw0.30_x+1_i0009.h5,8,3.000000000e-01,1,1.515875011e+00,main,true,rise,1326
/mnt/pd/tema1/new/results/ml_samples/N8_sw0.30_x+1_i0017.h5,8,3.000000000e-01,1,1.515875011e+00,main,true,rise,1078
/mnt/pd/tema1/new/results/ml_samples/N8_sw0.30_x+1_i0081.h5,8,3.000000000e-01,1,1.515875011e+00,main,true,fall,284
/mnt/pd/tema1/new/results/ml_samples/N8_sw0.30_x+1_i0061.h5,8,3.000000000e-01,1,1.515875011e+00,main,true,rise,607
/mnt/pd/tema1/new/results/ml_samples/N8_sw0.30_x+1_i0025.h5,8,3.000000000e-01,1,1.515875011e+00,main,true,fall,1123
/mnt/pd/tema1/new/results/ml_samples/N8_sw0.30_x+1_i0067.h5,8,3.000000000e-01,1,1.515875011e+00,main,true,rise,527
/mnt/pd/tema1/new/results/ml_samples/N8_sw0.30_x+1_i0077.h5,8,3.000000000e-01,1,1.515875011e+00,main,true,fall,391
/mnt/pd/tema1/new/results/ml_samples/N8_sw0.30_x+1_i0087.h5,8,3.000000000e-01,1,1.515875011e+00,main,true,rise,438
/mnt/pd/tema1/new/results/ml_samples/N8_sw0.30_x+1_i0059.h5,8,3.000000000e-01,1,1.515875011e+00,main,true,rise,1004
/mnt/pd/tema1/new/results/ml_samples/N8_sw0.30_x+1_i0063.h5,8,3.000000000e-01,1,1.515875011e+00,main,true,fall,659
/mnt/pd/tema1/new/results/ml_samples/N8_sw0.30_x+1_i0051.h5,8,3.000000000e-01,1,1.515875011e+00,main,true,rise,831
/mnt/pd/tema1/new/results/ml_samples/N8_sw0.30_x+1_i0089.h5,8,3.000000000e-01,1,1.515875011e+00,main,true,rise,503
/mnt/pd/tema1/new/results/ml_samples/N8_sw0.30_x+1_i0027.h5,8,3.000000000e-01,1,1.515875011e+00,main,true,rise,1333
/mnt/pd/tema1/new/results/ml_samples/N8_sw0.30_x+1_i0011.h5,8,3.000000000e-01,1,1.515875011e+00,main,true,rise,1650
/mnt/pd/tema1/new/results/ml_samples/N8_sw0.30_x+1_i0109.h5,8,3.000000000e-01,1,1.515875011e+00,main,true,rise,327
/mnt/pd/tema1/new/results/ml_samples/N8_sw0.30_x+1_i0107.h5,8,3.000000000e-01,1,1.515875011e+00,main,true,fall,533
/mnt/pd/tema1/new/results/ml_samples/N8_sw0.30_x+1_i0097.h5,8,3.000000000e-01,1,1.515875011e+00,main,true,rise,508
/mnt/pd/tema1/new/results/ml_samples/N8_sw0.30_x+1_i0083.h5,8,3.000000000e-01,1,1.515875011e+00,main,true,rise,683
/mnt/pd/tema1/new/results/ml_samples/N8_sw0.30_x+1_i0079.h5,8,3.000000000e-01,1,1.515875011e+00,main,true,rise,681
/mnt/pd/tema1/new/results/ml_samples/N8_sw0.30_x+1_i0123.h5,8,3.000000000e-01,1,1.515875011e+00,main,true,fall,239
/mnt/pd/tema1/new/results/ml_samples/N8_sw0.30_x+1_i0129.h5,8,3.000000000e-01,1,1.515875011e+00,main,true,fall,144
/mnt/pd/tema1/new/results/ml_samples/N8_sw0.30_x+1_i0057.h5,8,3.000000000e-01,1,1.515875011e+00,main,true,rise,1220
/mnt/pd/tema1/new/results/ml_samples/N8_sw0.30_x+1_i0053.h5,8,3.000000000e-01,1,1.515875011e+00,main,true,rise,1260
/mnt/pd/tema1/new/results/ml_samples/N8_sw0.30_x+1_i0113.h5,8,3.000000000e-01,1,1.515875011e+00,main,true,fall,579
/mnt/pd/tema1/new/results/ml_samples/N8_sw0.30_x+1_i0111.h5,8,3.000000000e-01,1,1.515875011e+00,main,true,rise,581
/mnt/pd/tema1/new/results/ml_samples/N8_sw0.30_x+1_i0115.h5,8,3.000000000e-01,1,1.515875011e+00,main,true,rise,510
/mnt/pd/tema1/new/results/ml_samples/N8_sw0.30_x+1_i0023.h5,8,3.000000000e-01,1,1.515875011e+00,main,true,rise,1792
/mnt/pd/tema1/new/results/ml_samples/N8_sw0.30_x+1_i0117.h5,8,3.000000000e-01,1,1.515875011e+00,main,true,rise,551
/mnt/pd/tema1/new/results/ml_samples/N8_sw0.30_x+1_i0031.h5,8,3.000000000e-01,1,1.515875011e+00,main,true,fall,1731
/mnt/pd/tema1/new/results/ml_samples/N8_sw0.30_x+1_i0133.h5,8,3.000000000e-01,1,1.515875011e+00,main,true,rise,271
/mnt/pd/tema1/new/results/ml_samples/N8_sw0.30_x+1_i0127.h5,8,3.000000000e-01,1,1.515875011e+00,main,true,rise,550
/mnt/pd/tema1/new/results/ml_samples/N8_sw0.30_x+1_i0131.h5,8,3.000000000e-01,1,1.515875011e+00,main,true,rise,566
/mnt/pd/tema1/new/results/ml_samples/N8_sw0.30_x+1_i0085.h5,8,3.000000000e-01,1,1.515875011e+00,main,true,rise,1142
/mnt/pd/tema1/new/results/ml_samples/N8_sw0.30_x+1_i0153.h5,8,3.000000000e-01,1,1.515875011e+00,main,true,fall,101
/mnt/pd/tema1/new/results/ml_samples/N8_sw0.30_x+1_i0121.h5,8,3.000000000e-01,1,1.515875011e+00,main,true,rise,842
/mnt/pd/tema1/new/results/ml_samples/N8_sw0.30_x+1_i0155.h5,8,3.000000000e-01,1,1.515875011e+00,main,true,fall,194
/mnt/pd/tema1/new/results/ml_samples/N8_sw0.30_x+1_i0151.h5,8,3.000000000e-01,1,1.515875011e+00,main,true,rise,267
/mnt/pd/tema1/new/results/ml_samples/N8_sw0.30_x+1_i0103.h5,8,3.000000000e-01,1,1.515875011e+00,main,true,rise,1016
/mnt/pd/tema1/new/results/ml_samples/N8_sw0.30_x+1_i0099.h5,8,3.000000000e-01,1,1.515875011e+00,main,true,rise,1043
/mnt/pd/tema1/new/results/ml_samples/N8_sw0.30_x+1_i0149.h5,8,3.000000000e-01,1,1.515875011e+00,main,true,rise,355
/mnt/pd/tema1/new/results/ml_samples/N8_sw0.30_x+1_i0071.h5,8,3.000000000e-01,1,1.515875011e+00,main,true,rise,1468
/mnt/pd/tema1/new/results/ml_samples/N8_sw0.30_x+1_i0073.h5,8,3.000000000e-01,1,1.515875011e+00,main,true,rise,1473
/mnt/pd/tema1/new/results/ml_samples/N8_sw0.30_x+1_i0069.h5,8,3.000000000e-01,1,1.515875011e+00,main,true,rise,1683
/mnt/pd/tema1/new/results/ml_samples/N8_sw0.30_x+1_i0163.h5,8,3.000000000e-01,1,1.515875011e+00,main,true,rise,358
/mnt/pd/tema1/new/results/ml_samples/N8_sw0.30_x+1_i0161.h5,8,3.000000000e-01,1,1.515875011e+00,main,true,rise,426
/mnt/pd/tema1/new/results/ml_samples/N8_sw0.30_x+1_i0157.h5,8,3.000000000e-01,1,1.515875011e+00,main,true,rise,387
/mnt/pd/tema1/new/results/ml_samples/N8_sw0.30_x+1_i0125.h5,8,3.000000000e-01,1,1.515875011e+00,main,true,rise,894
/mnt/pd/tema1/new/results/ml_samples/N8_sw0.30_x+1_i0171.h5,8,3.000000000e-01,1,1.515875011e+00,main,true,rise,491
/mnt/pd/tema1/new/results/ml_samples/N8_sw0.30_x+1_i0173.h5,8,3.000000000e-01,1,1.515875011e+00,main,true,rise,489
/mnt/pd/tema1/new/results/ml_samples/N8_sw0.30_x+1_i0091.h5,8,3.000000000e-01,1,1.515875011e+00,main,true,rise,1630
/mnt/pd/tema1/new/results/ml_samples/N8_sw0.30_x+1_i0169.h5,8,3.000000000e-01,1,1.515875011e+00,main,true,rise,603
/mnt/pd/tema1/new/results/ml_samples/N8_sw0.30_x+1_i0139.h5,8,3.000000000e-01,1,1.515875011e+00,main,true,rise,950
/mnt/pd/tema1/new/results/ml_samples/N8_sw0.30_x+1_i0181.h5,8,3.000000000e-01,1,1.515875011e+00,main,true,rise,582
/mnt/pd/tema1/new/results/ml_samples/N8_sw0.30_x+1_i0119.h5,8,3.000000000e-01,1,1.515875011e+00,main,true,fall,1265
/mnt/pd/tema1/new/results/ml_samples/N8_sw0.30_x+1_i0137.h5,8,3.000000000e-01,1,1.515875011e+00,main,true,rise,1056
/mnt/pd/tema1/new/results/ml_samples/N8_sw0.30_x+1_i0147.h5,8,3.000000000e-01,1,1.515875011e+00,main,true,rise,953
/mnt/pd/tema1/new/results/ml_samples/N8_sw0.30_x+1_i0035.h5,8,3.000000000e-01,1,1.515875011e+00,main,true,rise,2474
/mnt/pd/tema1/new/results/ml_samples/N8_sw0.30_x+1_i0167.h5,8,3.000000000e-01,1,1.515875011e+00,main,true,fall,670
/mnt/pd/tema1/new/results/ml_samples/N8_sw0.30_x+0_i0155.h5,8,3.000000000e-01,0,1.000000000e+00,main,true,rise,4080
/mnt/pd/tema1/new/results/ml_samples/N8_sw0.30_x+1_i0105.h5,8,3.000000000e-01,1,1.515875011e+00,main,true,rise,1805
/mnt/pd/tema1/new/results/ml_samples/N8_sw0.30_x+1_i0095.h5,8,3.000000000e-01,1,1.515875011e+00,main,true,rise,1842
/mnt/pd/tema1/new/results/ml_samples/N8_sw0.30_x+1_i0175.h5,8,3.000000000e-01,1,1.515875011e+00,main,true,rise,739
/mnt/pd/tema1/new/results/ml_samples/N8_sw0.30_x+1_i0189.h5,8,3.000000000e-01,1,1.515875011e+00,main,true,rise,464
/mnt/pd/tema1/new/results/ml_samples/N8_sw0.30_x+2_i0001.h5,8,3.000000000e-01,2,2.031750023e+00,main,true,rise,256
/mnt/pd/tema1/new/results/ml_samples/N8_sw0.30_x+2_i0007.h5,8,3.000000000e-01,2,2.031750023e+00,main,true,rise,239
/mnt/pd/tema1/new/results/ml_samples/N8_sw0.30_x+1_i0177.h5,8,3.000000000e-01,1,1.515875011e+00,main,true,fall,703
/mnt/pd/tema1/new/results/ml_samples/N8_sw0.30_x+2_i0013.h5,8,3.000000000e-01,2,2.031750023e+00,main,true,fall,158
/mnt/pd/tema1/new/results/ml_samples/N8_sw0.30_x+1_i0197.h5,8,3.000000000e-01,1,1.515875011e+00,main,true,rise,587
/mnt/pd/tema1/new/results/ml_samples/N8_sw0.30_x+1_i0101.h5,8,3.000000000e-01,1,1.515875011e+00,main,true,rise,1970
/mnt/pd/tema1/new/results/ml_samples/N8_sw0.30_x+1_i0143.h5,8,3.000000000e-01,1,1.515875011e+00,main,true,rise,1377
/mnt/pd/tema1/new/results/ml_samples/N8_sw0.30_x+2_i0011.h5,8,3.000000000e-01,2,2.031750023e+00,main,true,rise,247
/mnt/pd/tema1/new/results/ml_samples/N8_sw0.30_x+2_i0003.h5,8,3.000000000e-01,2,2.031750023e+00,main,true,rise,509
/mnt/pd/tema1/new/results/ml_samples/N8_sw0.30_x+1_i0165.h5,8,3.000000000e-01,1,1.515875011e+00,main,true,rise,1120
/mnt/pd/tema1/new/results/ml_samples/N8_sw0.30_x+2_i0015.h5,8,3.000000000e-01,2,2.031750023e+00,main,true,rise,381
/mnt/pd/tema1/new/results/ml_samples/N8_sw0.30_x+2_i0017.h5,8,3.000000000e-01,2,2.031750023e+00,main,true,rise,357
/mnt/pd/tema1/new/results/ml_samples/N8_sw0.30_x+2_i0025.h5,8,3.000000000e-01,2,2.031750023e+00,main,true,rise,267
/mnt/pd/tema1/new/results/ml_samples/N8_sw0.30_x+1_i0093.h5,8,3.000000000e-01,1,1.515875011e+00,main,true,fall,2243
/mnt/pd/tema1/new/results/ml_samples/N8_sw0.30_x+1_i0141.h5,8,3.000000000e-01,1,1.515875011e+00,main,true,rise,1591
/mnt/pd/tema1/new/results/ml_samples/N8_sw0.30_x+2_i0019.h5,8,3.000000000e-01,2,2.031750023e+00,main,true,rise,493
/mnt/pd/tema1/new/results/ml_samples/N8_sw0.30_x+2_i0023.h5,8,3.000000000e-01,2,2.031750023e+00,main,true,rise,497
/mnt/pd/tema1/new/results/ml_samples/N8_sw0.30_x+2_i0033.h5,8,3.000000000e-01,2,2.031750023e+00,main,true,rise,442
/mnt/pd/tema1/new/results/ml_samples/N8_sw0.30_x+2_i0045.h5,8,3.000000000e-01,2,2.031750023e+00,main,true,rise,211
/mnt/pd/tema1/new/results/ml_samples/N8_sw0.30_x+2_i0027.h5,8,3.000000000e-01,2,2.031750023e+00,main,true,rise,619
/mnt/pd/tema1/new/results/ml_samples/N8_sw0.30_x+2_i0031.h5,8,3.000000000e-01,2,2.031750023e+00,main,true,rise,486
/mnt/pd/tema1/new/results/ml_samples/N8_sw0.30_x+1_i0159.h5,8,3.000000000e-01,1,1.515875011e+00,main,true,rise,1530
/mnt/pd/tema1/new/results/ml_samples/N8_sw0.30_x+2_i0041.h5,8,3.000000000e-01,2,2.031750023e+00,main,true,rise,334
/mnt/pd/tema1/new/results/ml_samples/N8_sw0.30_x+1_i0195.h5,8,3.000000000e-01,1,1.515875011e+00,main,true,rise,887
/mnt/pd/tema1/new/results/ml_samples/N8_sw0.30_x+2_i0021.h5,8,3.000000000e-01,2,2.031750023e+00,main,true,rise,657
/mnt/pd/tema1/new/results/ml_samples/N8_sw0.30_x+2_i0039.h5,8,3.000000000e-01,2,2.031750023e+00,main,true,rise,406
/mnt/pd/tema1/new/results/ml_samples/N8_sw0.30_x+2_i0049.h5,8,3.000000000e-01,2,2.031750023e+00,main,true,rise,281
/mnt/pd/tema1/new/results/ml_samples/N8_sw0.30_x+1_i0185.h5,8,3.000000000e-01,1,1.515875011e+00,main,true,fall,1479
/mnt/pd/tema1/new/results/ml_samples/N8_sw0.30_x+2_i0005.h5,8,3.000000000e-01,2,2.031750023e+00,main,true,rise,946
/mnt/pd/tema1/new/results/ml_samples/N8_sw0.30_x+2_i0065.h5,8,3.000000000e-01,2,2.031750023e+00,main,true,rise,244
/mnt/pd/tema1/new/results/ml_samples/N8_sw0.30_x+2_i0055.h5,8,3.000000000e-01,2,2.031750023e+00,main,true,rise,356
/mnt/pd/tema1/new/results/ml_samples/N8_sw0.30_x+2_i0061.h5,8,3.000000000e-01,2,2.031750023e+00,main,true,rise,313
/mnt/pd/tema1/new/results/ml_samples/N8_sw0.30_x+2_i0057.h5,8,3.000000000e-01,2,2.031750023e+00,main,true,rise,482
/mnt/pd/tema1/new/results/ml_samples/N8_sw0.30_x+2_i0047.h5,8,3.000000000e-01,2,2.031750023e+00,main,true,rise,588
/mnt/pd/tema1/new/results/ml_samples/N8_sw0.30_x+2_i0051.h5,8,3.000000000e-01,2,2.031750023e+00,main,true,rise,553
/mnt/pd/tema1/new/results/ml_samples/N8_sw0.30_x+1_i0145.h5,8,3.000000000e-01,1,1.515875011e+00,main,true,rise,2013
/mnt/pd/tema1/new/results/ml_samples/N8_sw0.30_x+1_i0191.h5,8,3.000000000e-01,1,1.515875011e+00,main,true,rise,1296
/mnt/pd/tema1/new/results/ml_samples/N8_sw0.30_x+2_i0067.h5,8,3.000000000e-01,2,2.031750023e+00,main,true,rise,407
/mnt/pd/tema1/new/results/ml_samples/N8_sw0.30_x+2_i0071.h5,8,3.000000000e-01,2,2.031750023e+00,main,true,rise,351
/mnt/pd/tema1/new/results/ml_samples/N8_sw0.30_x+2_i0063.h5,8,3.000000000e-01,2,2.031750023e+00,main,true,rise,470
/mnt/pd/tema1/new/results/ml_samples/N8_sw0.30_x+2_i0053.h5,8,3.000000000e-01,2,2.031750023e+00,main,true,rise,542
/mnt/pd/tema1/new/results/ml_samples/N8_sw0.30_x+2_i0073.h5,8,3.000000000e-01,2,2.031750023e+00,main,true,rise,516
/mnt/pd/tema1/new/results/ml_samples/N8_sw0.30_x+2_i0029.h5,8,3.000000000e-01,2,2.031750023e+00,main,true,rise,918
/mnt/pd/tema1/new/results/ml_samples/N8_sw0.30_x+2_i0009.h5,8,3.000000000e-01,2,2.031750023e+00,main,true,rise,1205
/mnt/pd/tema1/new/results/ml_samples/N8_sw0.30_x+2_i0085.h5,8,3.000000000e-01,2,2.031750023e+00,main,true,rise,253
/mnt/pd/tema1/new/results/ml_samples/N8_sw0.30_x+2_i0087.h5,8,3.000000000e-01,2,2.031750023e+00,main,true,rise,245
/mnt/pd/tema1/new/results/ml_samples/N8_sw0.30_x+2_i0077.h5,8,3.000000000e-01,2,2.031750023e+00,main,true,rise,402
/mnt/pd/tema1/new/results/ml_samples/N8_sw0.30_x+2_i0091.h5,8,3.000000000e-01,2,2.031750023e+00,main,true,rise,260
/mnt/pd/tema1/new/results/ml_samples/N8_sw0.30_x+2_i0037.h5,8,3.000000000e-01,2,2.031750023e+00,main,true,fall,876
/mnt/pd/tema1/new/results/ml_samples/N8_sw0.30_x+2_i0097.h5,8,3.000000000e-01,2,2.031750023e+00,main,true,rise,190
/mnt/pd/tema1/new/results/ml_samples/N8_sw0.30_x+4_i0001.h5,8,3.000000000e-01,4,3.063500045e+00,main,true,rise,299
/mnt/pd/tema1/new/results/ml_samples/N8_sw0.30_x+4_i0005.h5,8,3.000000000e-01,4,3.063500045e+00,main,true,rise,145
/mnt/pd/tema1/new/results/ml_samples/N8_sw0.30_x+2_i0095.h5,8,3.000000000e-01,2,2.031750023e+00,main,true,rise,235
/mnt/pd/tema1/new/results/ml_samples/N8_sw0.30_x+2_i0089.h5,8,3.000000000e-01,2,2.031750023e+00,main,true,rise,339
/mnt/pd/tema1/new/results/ml_samples/N8_sw0.30_x+0_i0145.h5,8,3.000000000e-01,0,1.000000000e+00,main,true,timeout,6001
/mnt/pd/tema1/new/results/ml_samples/N8_sw0.30_x+2_i0075.h5,8,3.000000000e-01,2,2.031750023e+00,main,true,rise,606
/mnt/pd/tema1/new/results/ml_samples/N8_sw0.30_x+1_i0193.h5,8,3.000000000e-01,1,1.515875011e+00,main,true,rise,1668
/mnt/pd/tema1/new/results/ml_samples/N8_sw0.30_x+2_i0035.h5,8,3.000000000e-01,2,2.031750023e+00,main,true,rise,1039
/mnt/pd/tema1/new/results/ml_samples/N8_sw0.30_x+2_i0081.h5,8,3.000000000e-01,2,2.031750023e+00,main,true,rise,512
/mnt/pd/tema1/new/results/ml_samples/N8_sw0.30_x+2_i0079.h5,8,3.000000000e-01,2,2.031750023e+00,main,true,rise,568
/mnt/pd/tema1/new/results/ml_samples/N8_sw0.30_x+4_i0013.h5,8,3.000000000e-01,4,3.063500045e+00,main,true,rise,237
/mnt/pd/tema1/new/results/ml_samples/N8_sw0.30_x+4_i0003.h5,8,3.000000000e-01,4,3.063500045e+00,main,true,rise,389
/mnt/pd/tema1/new/results/ml_samples/N8_sw0.30_x+4_i0015.h5,8,3.000000000e-01,4,3.063500045e+00,main,true,rise,247
/mnt/pd/tema1/new/results/ml_samples/N8_sw0.30_x+2_i0059.h5,8,3.000000000e-01,2,2.031750023e+00,main,true,rise,789
/mnt/pd/tema1/new/results/ml_samples/N8_sw0.30_x+4_i0011.h5,8,3.000000000e-01,4,3.063500045e+00,main,true,rise,293
/mnt/pd/tema1/new/results/ml_samples/N8_sw0.30_x+4_i0021.h5,8,3.000000000e-01,4,3.063500045e+00,main,true,rise,216
/mnt/pd/tema1/new/results/ml_samples/N8_sw0.30_x+4_i0007.h5,8,3.000000000e-01,4,3.063500045e+00,main,true,rise,318
/mnt/pd/tema1/new/results/ml_samples/N8_sw0.30_x+4_i0025.h5,8,3.000000000e-01,4,3.063500045e+00,main,true,rise,241
/mnt/pd/tema1/new/results/ml_samples/N8_sw0.30_x+4_i0017.h5,8,3.000000000e-01,4,3.063500045e+00,main,true,rise,353
/mnt/pd/tema1/new/results/ml_samples/N8_sw0.30_x+4_i0031.h5,8,3.000000000e-01,4,3.063500045e+00,main,true,rise,202
/mnt/pd/tema1/new/results/ml_samples/N8_sw0.30_x+4_i0029.h5,8,3.000000000e-01,4,3.063500045e+00,main,true,rise,210
/mnt/pd/tema1/new/results/ml_samples/N8_sw0.30_x+4_i0035.h5,8,3.000000000e-01,4,3.063500045e+00,main,true,rise,197
/mnt/pd/tema1/new/results/ml_samples/N8_sw0.30_x+2_i0043.h5,8,3.000000000e-01,2,2.031750023e+00,main,true,rise,1129
/mnt/pd/tema1/new/results/ml_samples/N8_sw0.30_x+4_i0019.h5,8,3.000000000e-01,4,3.063500045e+00,main,true,rise,485
/mnt/pd/tema1/new/results/ml_samples/N8_sw0.30_x+4_i0047.h5,8,3.000000000e-01,4,3.063500045e+00,main,true,rise,170
/mnt/pd/tema1/new/results/ml_samples/N8_sw0.30_x+4_i0023.h5,8,3.000000000e-01,4,3.063500045e+00,main,true,rise,395
/mnt/pd/tema1/new/results/ml_samples/N8_sw0.30_x+4_i0027.h5,8,3.000000000e-01,4,3.063500045e+00,main,true,rise,354
/mnt/pd/tema1/new/results/ml_samples/N8_sw0.30_x+4_i0033.h5,8,3.000000000e-01,4,3.063500045e+00,main,true,rise,294
/mnt/pd/tema1/new/results/ml_samples/N8_sw0.30_x+4_i0041.h5,8,3.000000000e-01,4,3.063500045e+00,main,true,rise,253
/mnt/pd/tema1/new/results/ml_samples/N8_sw0.30_x+4_i0037.h5,8,3.000000000e-01,4,3.063500045e+00,main,true,rise,291
/mnt/pd/tema1/new/results/ml_samples/N8_sw0.30_x+4_i0049.h5,8,3.000000000e-01,4,3.063500045e+00,main,true,rise,216
/mnt/pd/tema1/new/results/ml_samples/N8_sw0.30_x+4_i0053.h5,8,3.000000000e-01,4,3.063500045e+00,main,true,rise,202
/mnt/pd/tema1/new/results/ml_samples/N8_sw0.30_x+4_i0059.h5,8,3.000000000e-01,4,3.063500045e+00,main,true,rise,187
/mnt/pd/tema1/new/results/ml_samples/N8_sw0.30_x+2_i0083.h5,8,3.000000000e-01,2,2.031750023e+00,main,true,rise,1083
/mnt/pd/tema1/new/results/ml_samples/N8_sw0.30_x+4_i0045.h5,8,3.000000000e-01,4,3.063500045e+00,main,true,rise,325
/mnt/pd/tema1/new/results/ml_samples/N8_sw0.30_x+4_i0051.h5,8,3.000000000e-01,4,3.063500045e+00,main,true,rise,294
/mnt/pd/tema1/new/results/ml_samples/N8_sw0.30_x+4_i0063.h5,8,3.000000000e-01,4,3.063500045e+00,main,true,rise,202
/mnt/pd/tema1/new/results/ml_samples/N8_sw0.30_x+4_i0065.h5,8,3.000000000e-01,4,3.063500045e+00,main,true,rise,235
/mnt/pd/tema1/new/results/ml_samples/N8_sw0.30_x+4_i0057.h5,8,3.000000000e-01,4,3.063500045e+00,main,true,rise,240
/mnt/pd/tema1/new/results/ml_samples/N8_sw0.30_x+4_i0073.h5,8,3.000000000e-01,4,3.063500045e+00,main,true,rise,147
/mnt/pd/tema1/new/results/ml_samples/N8_sw0.30_x+4_i0069.h5,8,3.000000000e-01,4,3.063500045e+00,main,true,rise,152
/mnt/pd/tema1/new/results/ml_samples/N8_sw0.30_x+4_i0055.h5,8,3.000000000e-01,4,3.063500045e+00,main,true,rise,280
/mnt/pd/tema1/new/results/ml_samples/N8_sw0.30_x+4_i0071.h5,8,3.000000000e-01,4,3.063500045e+00,main,true,rise,174
/mnt/pd/tema1/new/results/ml_samples/N8_sw0.30_x+4_i0039.h5,8,3.000000000e-01,4,3.063500045e+00,main,true,rise,458
/mnt/pd/tema1/new/results/ml_samples/N8_sw0.30_x+4_i0081.h5,8,3.000000000e-01,4,3.063500045e+00,main,true,rise,166
/mnt/pd/tema1/new/results/ml_samples/N8_sw0.30_x+4_i0077.h5,8,3.000000000e-01,4,3.063500045e+00,main,true,rise,205
/mnt/pd/tema1/new/results/ml_samples/N8_sw0.30_x+2_i0099.h5,8,3.000000000e-01,2,2.031750023e+00,main,true,rise,784
/mnt/pd/tema1/new/results/ml_samples/N8_sw0.30_x+4_i0067.h5,8,3.000000000e-01,4,3.063500045e+00,main,true,rise,309
/mnt/pd/tema1/new/results/ml_samples/N8_sw0.30_x+4_i0093.h5,8,3.000000000e-01,4,3.063500045e+00,main,true,rise,231
/mnt/pd/tema1/new/results/ml_samples/N8_sw0.30_x+4_i0079.h5,8,3.000000000e-01,4,3.063500045e+00,main,true,rise,248
/mnt/pd/tema1/new/results/ml_samples/N8_sw0.30_x+4_i0085.h5,8,3.000000000e-01,4,3.063500045e+00,main,true,rise,259
/mnt/pd/tema1/new/results/ml_samples/N8_sw0.30_x+4_i0087.h5,8,3.000000000e-01,4,3.063500045e+00,main,true,rise,189
/mnt/pd/tema1/new/results/ml_samples/N8_sw0.30_x+4_i0061.h5,8,3.000000000e-01,4,3.063500045e+00,main,true,rise,443
/mnt/pd/tema1/new/results/ml_samples/N8_sw0.30_x-1_i0001.h5,8,3.000000000e-01,-1,4.841249887e-01,main,true,fall,156
/mnt/pd/tema1/new/results/ml_samples/N8_sw0.30_x+4_i0089.h5,8,3.000000000e-01,4,3.063500045e+00,main,true,rise,221
/mnt/pd/tema1/new/results/ml_samples/N8_sw0.30_x-1_i0013.h5,8,3.000000000e-01,-1,4.841249887e-01,main,true,fall,51
/mnt/pd/tema1/new/results/ml_samples/N8_sw0.30_x-1_i0009.h5,8,3.000000000e-01,-1,4.841249887e-01,main,true,fall,126
/mnt/pd/tema1/new/results/ml_samples/N8_sw0.30_x+4_i0075.h5,8,3.000000000e-01,4,3.063500045e+00,main,true,rise,409
/mnt/pd/tema1/new/results/ml_samples/N8_sw0.30_x+1_i0179.h5,8,3.000000000e-01,1,1.515875011e+00,main,true,rise,2732
/mnt/pd/tema1/new/results/ml_samples/N8_sw0.30_x+4_i0099.h5,8,3.000000000e-01,4,3.063500045e+00,main,true,rise,247
/mnt/pd/tema1/new/results/ml_samples/N8_sw0.30_x+4_i0009.h5,8,3.000000000e-01,4,3.063500045e+00,main,true,rise,771
/mnt/pd/tema1/new/results/ml_samples/N8_sw0.30_x-1_i0021.h5,8,3.000000000e-01,-1,4.841249887e-01,main,true,fall,109
/mnt/pd/tema1/new/results/ml_samples/N8_sw0.30_x+4_i0083.h5,8,3.000000000e-01,4,3.063500045e+00,main,true,rise,351
/mnt/pd/tema1/new/results/ml_samples/N8_sw0.30_x+4_i0097.h5,8,3.000000000e-01,4,3.063500045e+00,main,true,rise,271
/mnt/pd/tema1/new/results/ml_samples/N8_sw0.30_x-1_i0017.h5,8,3.000000000e-01,-1,4.841249887e-01,main,true,fall,149
/mnt/pd/tema1/new/results/ml_samples/N8_sw0.30_x+4_i0091.h5,8,3.000000000e-01,4,3.063500045e+00,main,true,rise,324
/mnt/pd/tema1/new/results/ml_samples/N8_sw0.30_x+2_i0069.h5,8,3.000000000e-01,2,2.031750023e+00,main,true,rise,1276
/mnt/pd/tema1/new/results/ml_samples/N8_sw0.30_x-1_i0043.h5,8,3.000000000e-01,-1,4.841249887e-01,main,true,fall,68
/mnt/pd/tema1/new/results/ml_samples/N8_sw0.30_x-1_i0023.h5,8,3.000000000e-01,-1,4.841249887e-01,main,true,fall,186
/mnt/pd/tema1/new/results/ml_samples/N8_sw0.30_x-1_i0019.h5,8,3.000000000e-01,-1,4.841249887e-01,main,true,fall,314
/mnt/pd/tema1/new/results/ml_samples/N8_sw0.30_x-1_i0025.h5,8,3.000000000e-01,-1,4.841249887e-01,main,true,fall,327
/mnt/pd/tema1/new/results/ml_samples/N8_sw0.30_x+4_i0095.h5,8,3.000000000e-01,4,3.063500045e+00,main,true,rise,524
/mnt/pd/tema1/new/results/ml_samples/N8_sw0.30_x-1_i0051.h5,8,3.000000000e-01,-1,4.841249887e-01,main,true,fall,162
/mnt/pd/tema1/new/results/ml_samples/N8_sw0.30_x-1_i0029.h5,8,3.000000000e-01,-1,4.841249887e-01,main,true,fall,353
/mnt/pd/tema1/new/results/ml_samples/N8_sw0.30_x-1_i0027.h5,8,3.000000000e-01,-1,4.841249887e-01,main,true,fall,367
/mnt/pd/tema1/new/results/ml_samples/N8_sw0.30_x-1_i0041.h5,8,3.000000000e-01,-1,4.841249887e-01,main,true,fall,331
/mnt/pd/tema1/new/results/ml_samples/N8_sw0.30_x-1_i0007.h5,8,3.000000000e-01,-1,4.841249887e-01,main,true,fall,532
/mnt/pd/tema1/new/results/ml_samples/N8_sw0.30_x-1_i0037.h5,8,3.000000000e-01,-1,4.841249887e-01,main,true,fall,410
/mnt/pd/tema1/new/results/ml_samples/N8_sw0.30_x-1_i0053.h5,8,3.000000000e-01,-1,4.841249887e-01,main,true,fall,290
/mnt/pd/tema1/new/results/ml_samples/N8_sw0.30_x-1_i0045.h5,8,3.000000000e-01,-1,4.841249887e-01,main,true,fall,435
/mnt/pd/tema1/new/results/ml_samples/N8_sw0.30_x-1_i0047.h5,8,3.000000000e-01,-1,4.841249887e-01,main,true,rise,426
/mnt/pd/tema1/new/results/ml_samples/N8_sw0.30_x+1_i0135.h5,8,3.000000000e-01,1,1.515875011e+00,main,true,rise,3522
/mnt/pd/tema1/new/results/ml_samples/N8_sw0.30_x-1_i0069.h5,8,3.000000000e-01,-1,4.841249887e-01,main,true,fall,158
/mnt/pd/tema1/new/results/ml_samples/N8_sw0.30_x-1_i0033.h5,8,3.000000000e-01,-1,4.841249887e-01,main,true,rise,576
/mnt/pd/tema1/new/results/ml_samples/N8_sw0.30_x+1_i0187.h5,8,3.000000000e-01,1,1.515875011e+00,main,true,rise,2738
/mnt/pd/tema1/new/results/ml_samples/N8_sw0.30_x-1_i0065.h5,8,3.000000000e-01,-1,4.841249887e-01,main,true,fall,333
/mnt/pd/tema1/new/results/ml_samples/N8_sw0.30_x-1_i0083.h5,8,3.000000000e-01,-1,4.841249887e-01,main,true,fall,137
/mnt/pd/tema1/new/results/ml_samples/N8_sw0.30_x-1_i0063.h5,8,3.000000000e-01,-1,4.841249887e-01,main,true,fall,394
/mnt/pd/tema1/new/results/ml_samples/N8_sw0.30_x-1_i0087.h5,8,3.000000000e-01,-1,4.841249887e-01,main,true,fall,101
/mnt/pd/tema1/new/results/ml_samples/N8_sw0.30_x+4_i0043.h5,8,3.000000000e-01,4,3.063500045e+00,main,true,rise,1130
/mnt/pd/tema1/new/results/ml_samples/N8_sw0.30_x+2_i0093.h5,8,3.000000000e-01,2,2.031750023e+00,main,true,rise,1582
/mnt/pd/tema1/new/results/ml_samples/N8_sw0.30_x-1_i0081.h5,8,3.000000000e-01,-1,4.841249887e-01,main,true,fall,228
/mnt/pd/tema1/new/results/ml_samples/N8_sw0.30_x-1_i0091.h5,8,3.000000000e-01,-1,4.841249887e-01,main,true,fall,99
/mnt/pd/tema1/new/results/ml_samples/N8_sw0.30_x-1_i0093.h5,8,3.000000000e-01,-1,4.841249887e-01,main,true,fall,103
/mnt/pd/tema1/new/results/ml_samples/N8_sw0.30_x-1_i0089.h5,8,3.000000000e-01,-1,4.841249887e-01,main,true,fall,136
/mnt/pd/tema1/new/results/ml_samples/N8_sw0.30_x-1_i0077.h5,8,3.000000000e-01,-1,4.841249887e-01,main,true,fall,370
/mnt/pd/tema1/new/results/ml_samples/N8_sw0.30_x-1_i0079.h5,8,3.000000000e-01,-1,4.841249887e-01,main,true,fall,366
/mnt/pd/tema1/new/results/ml_samples/N8_sw0.30_x-1_i0095.h5,8,3.000000000e-01,-1,4.841249887e-01,main,true,fall,113
/mnt/pd/tema1/new/results/ml_samples/N8_sw0.30_x-1_i0061.h5,8,3.000000000e-01,-1,4.841249887e-01,main,true,fall,570
/mnt/pd/tema1/new/results/ml_samples/N8_sw0.30_x-1_i0097.h5,8,3.000000000e-01,-1,4.841249887e-01,main,true,fall,152
/mnt/pd/tema1/new/results/ml_samples/N8_sw0.30_x-1_i0099.h5,8,3.000000000e-01,-1,4.841249887e-01,main,true,fall,165
/mnt/pd/tema1/new/results/ml_samples/N8_sw0.30_x-1_i0085.h5,8,3.000000000e-01,-1,4.841249887e-01,main,true,fall,359
/mnt/pd/tema1/new/results/ml_samples/N8_sw0.30_x-1_i0015.h5,8,3.000000000e-01,-1,4.841249887e-01,main,true,fall,1194
/mnt/pd/tema1/new/results/ml_samples/N8_sw0.30_x+1_i0183.h5,8,3.000000000e-01,1,1.515875011e+00,main,true,rise,3191
/mnt/pd/tema1/new/results/ml_samples/N8_sw0.30_x-1_i0107.h5,8,3.000000000e-01,-1,4.841249887e-01,main,true,fall,146
/mnt/pd/tema1/new/results/ml_samples/N8_sw0.30_x-1_i0003.h5,8,3.000000000e-01,-1,4.841249887e-01,main,true,fall,1036
/mnt/pd/tema1/new/results/ml_samples/N8_sw0.30_x-1_i0123.h5,8,3.000000000e-01,-1,4.841249887e-01,main,true,fall,68
/mnt/pd/tema1/new/results/ml_samples/N8_sw0.30_x-1_i0031.h5,8,3.000000000e-01,-1,4.841249887e-01,main,true,fall,852
/mnt/pd/tema1/new/results/ml_samples/N8_sw0.30_x-1_i0111.h5,8,3.000000000e-01,-1,4.841249887e-01,main,true,fall,171
/mnt/pd/tema1/new/results/ml_samples/N8_sw0.30_x-1_i0057.h5,8,3.000000000e-01,-1,4.841249887e-01,main,true,rise,998
/mnt/pd/tema1/new/results/ml_samples/N8_sw0.30_x-1_i0103.h5,8,3.000000000e-01,-1,4.841249887e-01,main,true,fall,232
/mnt/pd/tema1/new/results/ml_samples/N8_sw0.30_x-1_i0105.h5,8,3.000000000e-01,-1,4.841249887e-01,main,true,fall,251
/mnt/pd/tema1/new/results/ml_samples/N8_sw0.30_x-1_i0101.h5,8,3.000000000e-01,-1,4.841249887e-01,main,true,fall,342
/mnt/pd/tema1/new/results/ml_samples/N8_sw0.30_x-1_i0121.h5,8,3.000000000e-01,-1,4.841249887e-01,main,true,fall,188
/mnt/pd/tema1/new/results/ml_samples/N8_sw0.30_x-1_i0073.h5,8,3.000000000e-01,-1,4.841249887e-01,main,true,fall,634
/mnt/pd/tema1/new/results/ml_samples/N8_sw0.30_x-1_i0119.h5,8,3.000000000e-01,-1,4.841249887e-01,main,true,fall,232
/mnt/pd/tema1/new/results/ml_samples/N8_sw0.30_x-1_i0125.h5,8,3.000000000e-01,-1,4.841249887e-01,main,true,fall,201
/mnt/pd/tema1/new/results/ml_samples/N8_sw0.30_x-1_i0113.h5,8,3.000000000e-01,-1,4.841249887e-01,main,true,fall,327
/mnt/pd/tema1/new/results/ml_samples/N8_sw0.30_x-1_i0135.h5,8,3.000000000e-01,-1,4.841249887e-01,main,true,fall,183
/mnt/pd/tema1/new/results/ml_samples/N8_sw0.30_x-1_i0131.h5,8,3.000000000e-01,-1,4.841249887e-01,main,true,fall,301
/mnt/pd/tema1/new/results/ml_samples/N8_sw0.30_x-1_i0141.h5,8,3.000000000e-01,-1,4.841249887e-01,main,true,fall,181
/mnt/pd/tema1/new/results/ml_samples/N8_sw0.30_x-1_i0149.h5,8,3.000000000e-01,-1,4.841249887e-01,main,true,fall,122
/mnt/pd/tema1/new/results/ml_samples/N8_sw0.30_x-1_i0147.h5,8,3.000000000e-01,-1,4.841249887e-01,main,true,fall,152
/mnt/pd/tema1/new/results/ml_samples/N8_sw0.30_x-1_i0115.h5,8,3.000000000e-01,-1,4.841249887e-01,main,true,fall,465
/mnt/pd/tema1/new/results/ml_samples/N8_sw0.30_x-1_i0005.h5,8,3.000000000e-01,-1,4.841249887e-01,main,true,rise,1218
/mnt/pd/tema1/new/results/ml_samples/N8_sw0.30_x+1_i0199.h5,8,3.000000000e-01,1,1.515875011e+00,main,true,rise,3153
/mnt/pd/tema1/new/results/ml_samples/N8_sw0.30_x-1_i0153.h5,8,3.000000000e-01,-1,4.841249887e-01,main,true,fall,177
/mnt/pd/tema1/new/results/ml_samples/N8_sw0.30_x-1_i0157.h5,8,3.000000000e-01,-1,4.841249887e-01,main,true,fall,174
/mnt/pd/tema1/new/results/ml_samples/N8_sw0.30_x-1_i0067.h5,8,3.000000000e-01,-1,4.841249887e-01,main,true,fall,884
/mnt/pd/tema1/new/results/ml_samples/N8_sw0.30_x-1_i0143.h5,8,3.000000000e-01,-1,4.841249887e-01,main,true,fall,315
/mnt/pd/tema1/new/results/ml_samples/N8_sw0.30_x-1_i0049.h5,8,3.000000000e-01,-1,4.841249887e-01,main,true,rise,1155
/mnt/pd/tema1/new/results/ml_samples/N8_sw0.30_x-1_i0039.h5,8,3.000000000e-01,-1,4.841249887e-01,main,true,fall,1208
/mnt/pd/tema1/new/results/ml_samples/N8_sw0.30_x-1_i0173.h5,8,3.000000000e-01,-1,4.841249887e-01,main,true,fall,101
/mnt/pd/tema1/new/results/ml_samples/N8_sw0.30_x-1_i0139.h5,8,3.000000000e-01,-1,4.841249887e-01,main,true,fall,497
/mnt/pd/tema1/new/results/ml_samples/N8_sw0.30_x-1_i0175.h5,8,3.000000000e-01,-1,4.841249887e-01,main,true,fall,125
/mnt/pd/tema1/new/results/ml_samples/N8_sw0.30_x-1_i0011.h5,8,3.000000000e-01,-1,4.841249887e-01,main,true,fall,1414
/mnt/pd/tema1/new/results/ml_samples/N8_sw0.30_x-1_i0177.h5,8,3.000000000e-01,-1,4.841249887e-01,main,true,fall,141
/mnt/pd/tema1/new/results/ml_samples/N8_sw0.30_x-1_i0151.h5,8,3.000000000e-01,-1,4.841249887e-01,main,true,fall,404
/mnt/pd/tema1/new/results/ml_samples/N8_sw0.30_x-1_i0191.h5,8,3.000000000e-01,-1,4.841249887e-01,main,true,fall,86
/mnt/pd/tema1/new/results/ml_samples/N8_sw0.30_x-1_i0155.h5,8,3.000000000e-01,-1,4.841249887e-01,main,true,fall,441
/mnt/pd/tema1/new/results/ml_samples/N8_sw0.30_x-1_i0161.h5,8,3.000000000e-01,-1,4.841249887e-01,main,true,fall,402
/mnt/pd/tema1/new/results/ml_samples/N8_sw0.30_x-1_i0055.h5,8,3.000000000e-01,-1,4.841249887e-01,main,true,fall,1327
/mnt/pd/tema1/new/results/ml_samples/N8_sw0.30_x-1_i0129.h5,8,3.000000000e-01,-1,4.841249887e-01,main,true,fall,609
/mnt/pd/tema1/new/results/ml_samples/N8_sw0.30_x-1_i0183.h5,8,3.000000000e-01,-1,4.841249887e-01,main,true,fall,248
/mnt/pd/tema1/new/results/ml_samples/N8_sw0.30_x-1_i0165.h5,8,3.000000000e-01,-1,4.841249887e-01,main,true,fall,432
/mnt/pd/tema1/new/results/ml_samples/N8_sw0.30_x-1_i0195.h5,8,3.000000000e-01,-1,4.841249887e-01,main,true,fall,105
/mnt/pd/tema1/new/results/ml_samples/N8_sw0.30_x-1_i0181.h5,8,3.000000000e-01,-1,4.841249887e-01,main,true,fall,273
/mnt/pd/tema1/new/results/ml_samples/N8_sw0.30_x-1_i0193.h5,8,3.000000000e-01,-1,4.841249887e-01,main,true,fall,192
/mnt/pd/tema1/new/results/ml_samples/N8_sw0.30_x-2_i0003.h5,8,3.000000000e-01,-2,-3.175002257e-02,main,false,fall,123
/mnt/pd/tema1/new/results/ml_samples/N8_sw0.30_x-2_i0015.h5,8,3.000000000e-01,-2,-3.175002257e-02,main,false,fall,132
/mnt/pd/tema1/new/results/ml_samples/N8_sw0.30_x-1_i0127.h5,8,3.000000000e-01,-1,4.841249887e-01,main,true,rise,812
/mnt/pd/tema1/new/results/ml_samples/N8_sw0.30_x-1_i0159.h5,8,3.000000000e-01,-1,4.841249887e-01,main,true,fall,655
/mnt/pd/tema1/new/results/ml_samples/N8_sw0.30_x-2_i0013.h5,8,3.000000000e-01,-2,-3.175002257e-02,main,false,fall,173
/mnt/pd/tema1/new/results/ml_samples/N8_sw0.30_x-1_i0075.h5,8,3.000000000e-01,-1,4.841249887e-01,main,true,rise,1369
/mnt/pd/tema1/new/results/ml_samples/N8_sw0.30_x-1_i0145.h5,8,3.000000000e-01,-1,4.841249887e-01,main,true,fall,723
/mnt/pd/tema1/new/results/ml_samples/N8_sw0.30_x-2_i0017.h5,8,3.000000000e-01,-2,-3.175002257e-02,main,false,fall,166
/mnt/pd/tema1/new/results/ml_samples/N8_sw0.30_x-2_i0029.h5,8,3.000000000e-01,-2,-3.175002257e-02,main,false,fall,103
/mnt/pd/tema1/new/results/ml_samples/N8_sw0.30_x-2_i0027.h5,8,3.000000000e-01,-2,-3.175002257e-02,main,false,fall,149
/mnt/pd/tema1/new/results/ml_samples/N8_sw0.30_x-2_i0007.h5,8,3.000000000e-01,-2,-3.175002257e-02,main,false,fall,400
/mnt/pd/tema1/new/results/ml_samples/N8_sw0.30_x-2_i0001.h5,8,3.000000000e-01,-2,-3.175002257e-02,main,false,fall,474
/mnt/pd/tema1/new/results/ml_samples/N8_sw0.30_x-2_i0031.h5,8,3.000000000e-01,-2,-3.175002257e-02,main,false,fall,177
/mnt/pd/tema1/new/results/ml_samples/N8_sw0.30_x-2_i0035.h5,8,3.000000000e-01,-2,-3.175002257e-02,main,false,fall,137
/mnt/pd/tema1/new/results/ml_samples/N8_sw0.30_x-2_i0037.h5,8,3.000000000e-01,-2,-3.175002257e-02,main,false,fall,143
/mnt/pd/tema1/new/results/ml_samples/N8_sw0.30_x-1_i0169.h5,8,3.000000000e-01,-1,4.841249887e-01,main,true,fall,855
/mnt/pd/tema1/new/results/ml_samples/N8_sw0.30_x-2_i0043.h5,8,3.000000000e-01,-2,-3.175002257e-02,main,false,fall,165
/mnt/pd/tema1/new/results/ml_samples/N8_sw0.30_x-2_i0041.h5,8,3.000000000e-01,-2,-3.175002257e-02,main,false,fall,181
/mnt/pd/tema1/new/results/ml_samples/N8_sw0.30_x-1_i0179.h5,8,3.000000000e-01,-1,4.841249887e-01,main,true,fall,1066
/mnt/pd/tema1/new/results/ml_samples/N8_sw0.30_x-2_i0005.h5,8,3.000000000e-01,-2,-3.175002257e-02,main,false,fall,603
/mnt/pd/tema1/new/results/ml_samples/N8_sw0.30_x-1_i0071.h5,8,3.000000000e-01,-1,4.841249887e-01,main,true,rise,1695
/mnt/pd/tema1/new/results/ml_samples/N8_sw0.30_x-1_i0137.h5,8,3.000000000e-01,-1,4.841249887e-01,main,true,fall,1543
/mnt/pd/tema1/new/results/ml_samples/N8_sw0.30_x-1_i0035.h5,8,3.000000000e-01,-1,4.841249887e-01,main,true,fall,1889
/mnt/pd/tema1/new/results/ml_samples/N8_sw0.30_x-2_i0047.h5,8,3.000000000e-01,-2,-3.175002257e-02,main,false,fall,140
/mnt/pd/tema1/new/results/ml_samples/N8_sw0.30_x-1_i0109.h5,8,3.000000000e-01,-1,4.841249887e-01,main,true,fall,1291
/mnt/pd/tema1/new/results/ml_samples/N8_sw0.30_x-2_i0053.h5,8,3.000000000e-01,-2,-3.175002257e-02,main,false,fall,90
/mnt/pd/tema1/new/results/ml_samples/N8_sw0.30_x-2_i0021.h5,8,3.000000000e-01,-2,-3.175002257e-02,main,false,fall,499
/mnt/pd/tema1/new/results/ml_samples/N8_sw0.30_x-2_i0025.h5,8,3.000000000e-01,-2,-3.175002257e-02,main,false,fall,490
/mnt/pd/tema1/new/results/ml_samples/N8_sw0.30_x-1_i0185.h5,8,3.000000000e-01,-1,4.841249887e-01,main,true,fall,800
/mnt/pd/tema1/new/results/ml_samples/N8_sw0.30_x-2_i0051.h5,8,3.000000000e-01,-2,-3.175002257e-02,main,false,fall,165
/mnt/pd/tema1/new/results/ml_samples/N8_sw0.30_x-2_i0045.h5,8,3.000000000e-01,-2,-3.175002257e-02,main,false,fall,277
/mnt/pd/tema1/new/results/ml_samples/N8_sw0.30_x-1_i0117.h5,8,3.000000000e-01,-1,4.841249887e-01,main,true,rise,1363
/mnt/pd/tema1/new/results/ml_samples/N8_sw0.30_x-2_i0069.h5,8,3.000000000e-01,-2,-3.175002257e-02,main,false,fall,68
/mnt/pd/tema1/new/results/ml_samples/N8_sw0.30_x-2_i0065.h5,8,3.000000000e-01,-2,-3.175002257e-02,main,false,fall,153
/mnt/pd/tema1/new/results/ml_samples/N8_sw0.30_x-2_i0059.h5,8,3.000000000e-01,-2,-3.175002257e-02,main,false,fall,200
/mnt/pd/tema1/new/results/ml_samples/N8_sw0.30_x-2_i0067.h5,8,3.000000000e-01,-2,-3.175002257e-02,main,false,fall,122
/mnt/pd/tema1/new/results/ml_samples/N8_sw0.30_x-2_i0075.h5,8,3.000000000e-01,-2,-3.175002257e-02,main,false,fall,118
/mnt/pd/tema1/new/results/ml_samples/N8_sw0.30_x-2_i0077.h5,8,3.000000000e-01,-2,-3.175002257e-02,main,false,fall,83
/mnt/pd/tema1/new/results/ml_samples/N8_sw0.30_x-1_i0189.h5,8,3.000000000e-01,-1,4.841249887e-01,main,true,fall,846
/mnt/pd/tema1/new/results/ml_samples/N8_sw0.30_x-2_i0057.h5,8,3.000000000e-01,-2,-3.175002257e-02,main,false,fall,256
/mnt/pd/tema1/new/results/ml_samples/N8_sw0.30_x-2_i0079.h5,8,3.000000000e-01,-2,-3.175002257e-02,main,false,fall,128
/mnt/pd/tema1/new/results/ml_samples/N8_sw0.30_x-2_i0091.h5,8,3.000000000e-01,-2,-3.175002257e-02,main,false,fall,142
/mnt/pd/tema1/new/results/ml_samples/N8_sw0.30_x-2_i0071.h5,8,3.000000000e-01,-2,-3.175002257e-02,main,false,fall,214
/mnt/pd/tema1/new/results/ml_samples/N8_sw0.30_x-2_i0081.h5,8,3.000000000e-01,-2,-3.175002257e-02,main,false,fall,154
/mnt/pd/tema1/new/results/ml_samples/N8_sw0.30_x-2_i0087.h5,8,3.000000000e-01,-2,-3.175002257e-02,main,false,fall,132
/mnt/pd/tema1/new/results/ml_samples/N8_sw0.30_x-2_i0083.h5,8,3.000000000e-01,-2,-3.175002257e-02,main,false,fall,156
/mnt/pd/tema1/new/results/ml_samples/N8_sw0.30_x-4_i0001.h5,8,3.000000000e-01,-4,-1.063500045e+00,main,false,fall,77
/mnt/pd/tema1/new/results/ml_samples/N8_sw0.30_x-2_i0009.h5,8,3.000000000e-01,-2,-3.175002257e-02,main,false,fall,776
/mnt/pd/tema1/new/results/ml_samples/N8_sw0.30_x-4_i0007.h5,8,3.000000000e-01,-4,-1.063500045e+00,main,false,fall,74
/mnt/pd/tema1/new/results/ml_samples/N8_sw0.30_x-4_i0005.h5,8,3.000000000e-01,-4,-1.063500045e+00,main,false,fall,85
/mnt/pd/tema1/new/results/ml_samples/N8_sw0.30_x-4_i0003.h5,8,3.000000000e-01,-4,-1.063500045e+00,main,false,fall,94
/mnt/pd/tema1/new/results/ml_samples/N8_sw0.30_x-1_i0059.h5,8,3.000000000e-01,-1,4.841249887e-01,main,true,fall,2005
/mnt/pd/tema1/new/results/ml_samples/N8_sw0.30_x-4_i0013.h5,8,3.000000000e-01,-4,-1.063500045e+00,main,false,fall,75
/mnt/pd/tema1/new/results/ml_samples/N8_sw0.30_x-2_i0099.h5,8,3.000000000e-01,-2,-3.175002257e-02,main,false,fall,142
/mnt/pd/tema1/new/results/ml_samples/N8_sw0.30_x-4_i0009.h5,8,3.000000000e-01,-4,-1.063500045e+00,main,false,fall,93
/mnt/pd/tema1/new/results/ml_samples/N8_sw0.30_x-4_i0021.h5,8,3.000000000e-01,-4,-1.063500045e+00,main,false,fall,81
/mnt/pd/tema1/new/results/ml_samples/N8_sw0.30_x-4_i0017.h5,8,3.000000000e-01,-4,-1.063500045e+00,main,false,fall,94
/mnt/pd/tema1/new/results/ml_samples/N8_sw0.30_x-4_i0011.h5,8,3.000000000e-01,-4,-1.063500045e+00,main,false,fall,130
/mnt/pd/tema1/new/results/ml_samples/N8_sw0.30_x-1_i0133.h5,8,3.000000000e-01,-1,4.841249887e-01,main,true,fall,1487
/mnt/pd/tema1/new/results/ml_samples/N8_sw0.30_x-4_i0015.h5,8,3.000000000e-01,-4,-1.063500045e+00,main,false,fall,111
/mnt/pd/tema1/new/results/ml_samples/N8_sw0.30_x-4_i0023.h5,8,3.000000000e-01,-4,-1.063500045e+00,main,false,fall,99
/mnt/pd/tema1/new/results/ml_samples/N8_sw0.30_x-4_i0029.h5,8,3.000000000e-01,-4,-1.063500045e+00,main,false,fall,67
/mnt/pd/tema1/new/results/ml_samples/N8_sw0.30_x-2_i0073.h5,8,3.000000000e-01,-2,-3.175002257e-02,main,false,fall,377
/mnt/pd/tema1/new/results/ml_samples/N8_sw0.30_x-4_i0025.h5,8,3.000000000e-01,-4,-1.063500045e+00,main,false,fall,96
/mnt/pd/tema1/new/results/ml_samples/N8_sw0.30_x-4_i0035.h5,8,3.000000000e-01,-4,-1.063500045e+00,main,false,fall,71
/mnt/pd/tema1/new/results/ml_samples/N8_sw0.30_x-1_i0171.h5,8,3.000000000e-01,-1,4.841249887e-01,main,true,fall,1238
/mnt/pd/tema1/new/results/ml_samples/N8_sw0.30_x-2_i0063.h5,8,3.000000000e-01,-2,-3.175002257e-02,main,false,fall,499
/mnt/pd/tema1/new/results/ml_samples/N8_sw0.30_x-4_i0019.h5,8,3.000000000e-01,-4,-1.063500045e+00,main,false,fall,153
/mnt/pd/tema1/new/results/ml_samples/N8_sw0.30_x-1_i0197.h5,8,3.000000000e-01,-1,4.841249887e-01,main,true,fall,1127
/mnt/pd/tema1/new/results/ml_samples/N8_sw0.30_x-2_i0097.h5,8,3.000000000e-01,-2,-3.175002257e-02,main,false,fall,262
/mnt/pd/tema1/new/results/ml_samples/N8_sw0.30_x-4_i0031.h5,8,3.000000000e-01,-4,-1.063500045e+00,main,false,fall,122
/mnt/pd/tema1/new/results/ml_samples/N8_sw0.30_x-2_i0093.h5,8,3.000000000e-01,-2,-3.175002257e-02,main,false,fall,343
/mnt/pd/tema1/new/results/ml_samples/N8_sw0.30_x-2_i0023.h5,8,3.000000000e-01,-2,-3.175002257e-02,main,false,fall,778
/mnt/pd/tema1/new/results/ml_samples/N8_sw0.30_x-4_i0033.h5,8,3.000000000e-01,-4,-1.063500045e+00,main,false,fall,135
/mnt/pd/tema1/new/results/ml_samples/N8_sw0.30_x-4_i0039.h5,8,3.000000000e-01,-4,-1.063500045e+00,main,false,fall,84
/mnt/pd/tema1/new/results/ml_samples/N8_sw0.30_x-4_i0041.h5,8,3.000000000e-01,-4,-1.063500045e+00,main,false,fall,84
/mnt/pd/tema1/new/results/ml_samples/N8_sw0.30_x-4_i0027.h5,8,3.000000000e-01,-4,-1.063500045e+00,main,false,fall,165
/mnt/pd/tema1/new/results/ml_samples/N8_sw0.30_x-4_i0045.h5,8,3.000000000e-01,-4,-1.063500045e+00,main,false,fall,86
/mnt/pd/tema1/new/results/ml_samples/N8_sw0.30_x-4_i0049.h5,8,3.000000000e-01,-4,-1.063500045e+00,main,false,fall,94
/mnt/pd/tema1/new/results/ml_samples/N8_sw0.30_x-4_i0051.h5,8,3.000000000e-01,-4,-1.063500045e+00,main,false,fall,95
/mnt/pd/tema1/new/results/ml_samples/N8_sw0.30_x-2_i0089.h5,8,3.000000000e-01,-2,-3.175002257e-02,main,false,fall,415
/mnt/pd/tema1/new/results/ml_samples/N8_sw0.30_x-4_i0053.h5,8,3.000000000e-01,-4,-1.063500045e+00,main,false,fall,142
/mnt/pd/tema1/new/results/ml_samples/N8_sw0.30_x-4_i0047.h5,8,3.000000000e-01,-4,-1.063500045e+00,main,false,fall,126
/mnt/pd/tema1/new/results/ml_samples/N8_sw0.30_x-4_i0073.h5,8,3.000000000e-01,-4,-1.063500045e+00,main,false,fall,69
/mnt/pd/tema1/new/results/ml_samples/N8_sw0.30_x-4_i0069.h5,8,3.000000000e-01,-4,-1.063500045e+00,main,false,fall,76
/mnt/pd/tema1/new/results/ml_samples/N8_sw0.30_x-4_i0061.h5,8,3.000000000e-01,-4,-1.063500045e+00,main,false,fall,135
/mnt/pd/tema1/new/results/ml_samples/N8_sw0.30_x-4_i0071.h5,8,3.000000000e-01,-4,-1.063500045e+00,main,false,fall,91
/mnt/pd/tema1/new/results/ml_samples/N8_sw0.30_x-4_i0075.h5,8,3.000000000e-01,-4,-1.063500045e+00,main,false,fall,95
/mnt/pd/tema1/new/results/ml_samples/N8_sw0.30_x-4_i0067.h5,8,3.000000000e-01,-4,-1.063500045e+00,main,false,fall,116
/mnt/pd/tema1/new/results/ml_samples/N8_sw0.30_x-4_i0063.h5,8,3.000000000e-01,-4,-1.063500045e+00,main,false,fall,131
/mnt/pd/tema1/new/results/ml_samples/N8_sw0.30_x-4_i0081.h5,8,3.000000000e-01,-4,-1.063500045e+00,main,false,fall,87
/mnt/pd/tema1/new/results/ml_samples/N8_sw0.30_x-4_i0079.h5,8,3.000000000e-01,-4,-1.063500045e+00,main,false,fall,98
/mnt/pd/tema1/new/results/ml_samples/N8_sw0.30_x-4_i0095.h5,8,3.000000000e-01,-4,-1.063500045e+00,main,false,fall,55
/mnt/pd/tema1/new/results/ml_samples/N8_sw0.30_x-4_i0037.h5,8,3.000000000e-01,-4,-1.063500045e+00,main,false,fall,242
/mnt/pd/tema1/new/results/ml_samples/N8_sw0.30_x-4_i0087.h5,8,3.000000000e-01,-4,-1.063500045e+00,main,false,fall,99
/mnt/pd/tema1/new/results/ml_samples/N8_sw0.30_x-4_i0055.h5,8,3.000000000e-01,-4,-1.063500045e+00,main,false,fall,186
/mnt/pd/tema1/new/results/ml_samples/N8_sw0.30_x-4_i0077.h5,8,3.000000000e-01,-4,-1.063500045e+00,main,false,fall,127
/mnt/pd/tema1/new/results/ml_samples/N8_sw0.30_x-4_i0057.h5,8,3.000000000e-01,-4,-1.063500045e+00,main,false,fall,208
/mnt/pd/tema1/new/results/ml_samples/N8_sw0.30_x-4_i0059.h5,8,3.000000000e-01,-4,-1.063500045e+00,main,false,fall,193
/mnt/pd/tema1/new/results/ml_samples/N8_sw0.30_x-2_i0033.h5,8,3.000000000e-01,-2,-3.175002257e-02,main,false,fall,842
/mnt/pd/tema1/new/results/ml_samples/N8_sw0.30_x-4_i0089.h5,8,3.000000000e-01,-4,-1.063500045e+00,main,false,fall,103
/mnt/pd/tema1/new/results/ml_samples/N8_sw0.30_x-4_i0085.h5,8,3.000000000e-01,-4,-1.063500045e+00,main,false,fall,127
/mnt/pd/tema1/new/results/ml_samples/N8_sw0.30_x-4_i0097.h5,8,3.000000000e-01,-4,-1.063500045e+00,main,false,fall,96
/mnt/pd/tema1/new/results/ml_samples/N8_sw0.30_x-4_i0083.h5,8,3.000000000e-01,-4,-1.063500045e+00,main,false,fall,140
/mnt/pd/tema1/new/results/ml_samples/N8_sw0.30_x-4_i0043.h5,8,3.000000000e-01,-4,-1.063500045e+00,main,false,fall,331
/mnt/pd/tema1/new/results/ml_samples/N8_sw0.30_x-4_i0099.h5,8,3.000000000e-01,-4,-1.063500045e+00,main,false,fall,113
/mnt/pd/tema1/new/results/ml_samples/N8_sw0.30_x-1_i0199.h5,8,3.000000000e-01,-1,4.841249887e-01,main,true,fall,1223
/mnt/pd/tema1/new/results/ml_samples/N8_sw0.30_x-4_i0093.h5,8,3.000000000e-01,-4,-1.063500045e+00,main,false,fall,180
/mnt/pd/tema1/new/results/ml_samples/N8_sw0.30_x-4_i0065.h5,8,3.000000000e-01,-4,-1.063500045e+00,main,false,fall,294
/mnt/pd/tema1/new/results/ml_samples/N8_sw0.30_x-4_i0091.h5,8,3.000000000e-01,-4,-1.063500045e+00,main,false,fall,221
/mnt/pd/tema1/new/results/ml_samples/N8_sw0.30_x-2_i0055.h5,8,3.000000000e-01,-2,-3.175002257e-02,main,false,fall,800
/mnt/pd/tema1/new/results/ml_samples/N8_sw0.30_x-1_i0163.h5,8,3.000000000e-01,-1,4.841249887e-01,main,true,fall,1723
/mnt/pd/tema1/new/results/ml_samples/N8_sw0.30_x-1_i0187.h5,8,3.000000000e-01,-1,4.841249887e-01,main,true,fall,1907
/mnt/pd/tema1/new/results/ml_samples/N8_sw0.30_x-2_i0085.h5,8,3.000000000e-01,-2,-3.175002257e-02,main,false,fall,1189
/mnt/pd/tema1/new/results/ml_samples/N8_sw0.30_x-1_i0167.h5,8,3.000000000e-01,-1,4.841249887e-01,main,true,fall,2224
/mnt/pd/tema1/new/results/ml_samples/N8_sw0.30_x-2_i0061.h5,8,3.000000000e-01,-2,-3.175002257e-02,main,false,fall,2065
