=== round7 on-vm start 2026-10-04T22:36:28+00:00 commit=432ac9cebd8013bd9d3bf7f6d10ecbd5bb56e30b dirty=false jobs=16 ===
=== n_s timing: star S/D  M=1 v0=15 a=R/2 ===
segment spacing 0.09709 m exceeds 0.25*r_d = 0.0375 m; consider a larger n_s or r_d
  S n_s=10      1.46s  outcome=arrested n_fail=0
  S n_s=40      6.50s  outcome=arrested n_fail=0
segment spacing 0.09968 m exceeds 0.25*r_d = 0.0375 m; consider a larger n_s or r_d
  D n_s=10     77.82s  outcome=timeout n_fail=7
  D n_s=40    535.41s  outcome=timeout n_fail=6
  mean T10=39.64s T40=270.96s  T40/T10=6.84
  extrapolated CPU  3.1 (4 Alg.2 @ n_s=40) ~ 22.58 h
  extrapolated CPU  3.2 (18 star rows @ n_s=40) ~ 508.05 h
  wrote /home/octav/tema2/paper_results/ns_check.json
Exporting paper CSVs to /home/octav/tema2/paper_results (commit 432ac9ce, jobs=16, code_dirty=false)
  [ok]   tab_smith.csv          -> /home/octav/tema2/paper_results/tab_smith.csv
  [ok]   tab_smith_conv.csv     -> /home/octav/tema2/paper_results/tab_smith_conv.csv
  [ok]   fig_smith.csv          -> /home/octav/tema2/paper_results/fig_smith.csv
segment spacing 0.09709 m exceeds 0.25*r_d = 0.0375 m; consider a larger n_s or r_d
segment spacing 0.09709 m exceeds 0.25*r_d = 0.0375 m; consider a larger n_s or r_d
segment spacing 0.09709 m exceeds 0.25*r_d = 0.0375 m; consider a larger n_s or r_d
segment spacing 0.09709 m exceeds 0.25*r_d = 0.0375 m; consider a larger n_s or r_d
segment spacing 0.09709 m exceeds 0.25*r_d = 0.0375 m; consider a larger n_s or r_d
segment spacing 0.09709 m exceeds 0.25*r_d = 0.0375 m; consider a larger n_s or r_d
segment spacing 0.09709 m exceeds 0.25*r_d = 0.0375 m; consider a larger n_s or r_d
segment spacing 0.09709 m exceeds 0.25*r_d = 0.0375 m; consider a larger n_s or r_d
segment spacing 0.09709 m exceeds 0.25*r_d = 0.0375 m; consider a larger n_s or r_d
segment spacing 0.09709 m exceeds 0.25*r_d = 0.0375 m; consider a larger n_s or r_d
segment spacing 0.09709 m exceeds 0.25*r_d = 0.0375 m; consider a larger n_s or r_d
segment spacing 0.09709 m exceeds 0.25*r_d = 0.0375 m; consider a larger n_s or r_d
segment spacing 0.09709 m exceeds 0.25*r_d = 0.0375 m; consider a larger n_s or r_d
segment spacing 0.09709 m exceeds 0.25*r_d = 0.0375 m; consider a larger n_s or r_d
segment spacing 0.09709 m exceeds 0.25*r_d = 0.0375 m; consider a larger n_s or r_d
segment spacing 0.09709 m exceeds 0.25*r_d = 0.0375 m; consider a larger n_s or r_d
segment spacing 0.09709 m exceeds 0.25*r_d = 0.0375 m; consider a larger n_s or r_d
segment spacing 0.09709 m exceeds 0.25*r_d = 0.0375 m; consider a larger n_s or r_d
segment spacing 0.09709 m exceeds 0.25*r_d = 0.0375 m; consider a larger n_s or r_d
segment spacing 0.09709 m exceeds 0.25*r_d = 0.0375 m; consider a larger n_s or r_d
segment spacing 0.09709 m exceeds 0.25*r_d = 0.0375 m; consider a larger n_s or r_d
segment spacing 0.09709 m exceeds 0.25*r_d = 0.0375 m; consider a larger n_s or r_d
segment spacing 0.09709 m exceeds 0.25*r_d = 0.0375 m; consider a larger n_s or r_d
segment spacing 0.09709 m exceeds 0.25*r_d = 0.0375 m; consider a larger n_s or r_d
segment spacing 0.09709 m exceeds 0.25*r_d = 0.0375 m; consider a larger n_s or r_d
segment spacing 0.09709 m exceeds 0.25*r_d = 0.0375 m; consider a larger n_s or r_d
segment spacing 0.09709 m exceeds 0.25*r_d = 0.0375 m; consider a larger n_s or r_d
segment spacing 0.09709 m exceeds 0.25*r_d = 0.0375 m; consider a larger n_s or r_d
segment spacing 0.09709 m exceeds 0.25*r_d = 0.0375 m; consider a larger n_s or r_d
segment spacing 0.09709 m exceeds 0.25*r_d = 0.0375 m; consider a larger n_s or r_d
segment spacing 0.09709 m exceeds 0.25*r_d = 0.0375 m; consider a larger n_s or r_d
segment spacing 0.09709 m exceeds 0.25*r_d = 0.0375 m; consider a larger n_s or r_d
segment spacing 0.09709 m exceeds 0.25*r_d = 0.0375 m; consider a larger n_s or r_d
segment spacing 0.09709 m exceeds 0.25*r_d = 0.0375 m; consider a larger n_s or r_d
segment spacing 0.09709 m exceeds 0.25*r_d = 0.0375 m; consider a larger n_s or r_d
segment spacing 0.09709 m exceeds 0.25*r_d = 0.0375 m; consider a larger n_s or r_d
segment spacing 0.09709 m exceeds 0.25*r_d = 0.0375 m; consider a larger n_s or r_d
segment spacing 0.09709 m exceeds 0.25*r_d = 0.0375 m; consider a larger n_s or r_d
segment spacing 0.09709 m exceeds 0.25*r_d = 0.0375 m; consider a larger n_s or r_d
segment spacing 0.09709 m exceeds 0.25*r_d = 0.0375 m; consider a larger n_s or r_d
segment spacing 0.09709 m exceeds 0.25*r_d = 0.0375 m; consider a larger n_s or r_d
segment spacing 0.09709 m exceeds 0.25*r_d = 0.0375 m; consider a larger n_s or r_d
segment spacing 0.09709 m exceeds 0.25*r_d = 0.0375 m; consider a larger n_s or r_d
segment spacing 0.09709 m exceeds 0.25*r_d = 0.0375 m; consider a larger n_s or r_d
segment spacing 0.09709 m exceeds 0.25*r_d = 0.0375 m; consider a larger n_s or r_d
segment spacing 0.09709 m exceeds 0.25*r_d = 0.0375 m; consider a larger n_s or r_d
segment spacing 0.09709 m exceeds 0.25*r_d = 0.0375 m; consider a larger n_s or r_d
segment spacing 0.09709 m exceeds 0.25*r_d = 0.0375 m; consider a larger n_s or r_d
segment spacing 0.09709 m exceeds 0.25*r_d = 0.0375 m; consider a larger n_s or r_d
segment spacing 0.09709 m exceeds 0.25*r_d = 0.0375 m; consider a larger n_s or r_d
segment spacing 0.09709 m exceeds 0.25*r_d = 0.0375 m; consider a larger n_s or r_d
segment spacing 0.09709 m exceeds 0.25*r_d = 0.0375 m; consider a larger n_s or r_d
segment spacing 0.09709 m exceeds 0.25*r_d = 0.0375 m; consider a larger n_s or r_d
segment spacing 0.09709 m exceeds 0.25*r_d = 0.0375 m; consider a larger n_s or r_d
segment spacing 0.09709 m exceeds 0.25*r_d = 0.0375 m; consider a larger n_s or r_d
segment spacing 0.09709 m exceeds 0.25*r_d = 0.0375 m; consider a larger n_s or r_d
segment spacing 0.09709 m exceeds 0.25*r_d = 0.0375 m; consider a larger n_s or r_d
segment spacing 0.09709 m exceeds 0.25*r_d = 0.0375 m; consider a larger n_s or r_d
segment spacing 0.09709 m exceeds 0.25*r_d = 0.0375 m; consider a larger n_s or r_d
segment spacing 0.09709 m exceeds 0.25*r_d = 0.0375 m; consider a larger n_s or r_d
segment spacing 0.09709 m exceeds 0.25*r_d = 0.0375 m; consider a larger n_s or r_d
segment spacing 0.09709 m exceeds 0.25*r_d = 0.0375 m; consider a larger n_s or r_d
segment spacing 0.09709 m exceeds 0.25*r_d = 0.0375 m; consider a larger n_s or r_d
segment spacing 0.09709 m exceeds 0.25*r_d = 0.0375 m; consider a larger n_s or r_d
segment spacing 0.09709 m exceeds 0.25*r_d = 0.0375 m; consider a larger n_s or r_d
segment spacing 0.09709 m exceeds 0.25*r_d = 0.0375 m; consider a larger n_s or r_d
segment spacing 0.09709 m exceeds 0.25*r_d = 0.0375 m; consider a larger n_s or r_d
segment spacing 0.09709 m exceeds 0.25*r_d = 0.0375 m; consider a larger n_s or r_d
segment spacing 0.09709 m exceeds 0.25*r_d = 0.0375 m; consider a larger n_s or r_d
segment spacing 0.09709 m exceeds 0.25*r_d = 0.0375 m; consider a larger n_s or r_d
segment spacing 0.09709 m exceeds 0.25*r_d = 0.0375 m; consider a larger n_s or r_d
segment spacing 0.09709 m exceeds 0.25*r_d = 0.0375 m; consider a larger n_s or r_d
segment spacing 0.09709 m exceeds 0.25*r_d = 0.0375 m; consider a larger n_s or r_d
segment spacing 0.09709 m exceeds 0.25*r_d = 0.0375 m; consider a larger n_s or r_d
segment spacing 0.09709 m exceeds 0.25*r_d = 0.0375 m; consider a larger n_s or r_d
segment spacing 0.09709 m exceeds 0.25*r_d = 0.0375 m; consider a larger n_s or r_d
segment spacing 0.09709 m exceeds 0.25*r_d = 0.0375 m; consider a larger n_s or r_d
segment spacing 0.09709 m exceeds 0.25*r_d = 0.0375 m; consider a larger n_s or r_d
segment spacing 0.09709 m exceeds 0.25*r_d = 0.0375 m; consider a larger n_s or r_d
segment spacing 0.09709 m exceeds 0.25*r_d = 0.0375 m; consider a larger n_s or r_d
segment spacing 0.09709 m exceeds 0.25*r_d = 0.0375 m; consider a larger n_s or r_d
segment spacing 0.09709 m exceeds 0.25*r_d = 0.0375 m; consider a larger n_s or r_d
segment spacing 0.09709 m exceeds 0.25*r_d = 0.0375 m; consider a larger n_s or r_d
segment spacing 0.09709 m exceeds 0.25*r_d = 0.0375 m; consider a larger n_s or r_d
segment spacing 0.09709 m exceeds 0.25*r_d = 0.0375 m; consider a larger n_s or r_d
segment spacing 0.09709 m exceeds 0.25*r_d = 0.0375 m; consider a larger n_s or r_d
segment spacing 0.09709 m exceeds 0.25*r_d = 0.0375 m; consider a larger n_s or r_d
segment spacing 0.09709 m exceeds 0.25*r_d = 0.0375 m; consider a larger n_s or r_d
segment spacing 0.09709 m exceeds 0.25*r_d = 0.0375 m; consider a larger n_s or r_d
segment spacing 0.09709 m exceeds 0.25*r_d = 0.0375 m; consider a larger n_s or r_d
segment spacing 0.09709 m exceeds 0.25*r_d = 0.0375 m; consider a larger n_s or r_d
segment spacing 0.09709 m exceeds 0.25*r_d = 0.0375 m; consider a larger n_s or r_d
segment spacing 0.09709 m exceeds 0.25*r_d = 0.0375 m; consider a larger n_s or r_d
segment spacing 0.09709 m exceeds 0.25*r_d = 0.0375 m; consider a larger n_s or r_d
segment spacing 0.09709 m exceeds 0.25*r_d = 0.0375 m; consider a larger n_s or r_d
segment spacing 0.09709 m exceeds 0.25*r_d = 0.0375 m; consider a larger n_s or r_d
segment spacing 0.09709 m exceeds 0.25*r_d = 0.0375 m; consider a larger n_s or r_d
segment spacing 0.09709 m exceeds 0.25*r_d = 0.0375 m; consider a larger n_s or r_d
segment spacing 0.09709 m exceeds 0.25*r_d = 0.0375 m; consider a larger n_s or r_d
segment spacing 0.09709 m exceeds 0.25*r_d = 0.0375 m; consider a larger n_s or r_d
segment spacing 0.09709 m exceeds 0.25*r_d = 0.0375 m; consider a larger n_s or r_d
segment spacing 0.09709 m exceeds 0.25*r_d = 0.0375 m; consider a larger n_s or r_d
    [phase] phase_star_S s_Bany=0.7674 B@(0.25,0.00) broken=1 outcome=arrested
segment spacing 0.09968 m exceeds 0.25*r_d = 0.0375 m; consider a larger n_s or r_d
segment spacing 0.09968 m exceeds 0.25*r_d = 0.0375 m; consider a larger n_s or r_d
segment spacing 0.09968 m exceeds 0.25*r_d = 0.0375 m; consider a larger n_s or r_d
segment spacing 0.09968 m exceeds 0.25*r_d = 0.0375 m; consider a larger n_s or r_d
segment spacing 0.09968 m exceeds 0.25*r_d = 0.0375 m; consider a larger n_s or r_d
segment spacing 0.09968 m exceeds 0.25*r_d = 0.0375 m; consider a larger n_s or r_d
segment spacing 0.09968 m exceeds 0.25*r_d = 0.0375 m; consider a larger n_s or r_d
segment spacing 0.09968 m exceeds 0.25*r_d = 0.0375 m; consider a larger n_s or r_d
segment spacing 0.09968 m exceeds 0.25*r_d = 0.0375 m; consider a larger n_s or r_d
segment spacing 0.09968 m exceeds 0.25*r_d = 0.0375 m; consider a larger n_s or r_d
segment spacing 0.09968 m exceeds 0.25*r_d = 0.0375 m; consider a larger n_s or r_d
segment spacing 0.09968 m exceeds 0.25*r_d = 0.0375 m; consider a larger n_s or r_d
segment spacing 0.09968 m exceeds 0.25*r_d = 0.0375 m; consider a larger n_s or r_d
segment spacing 0.09968 m exceeds 0.25*r_d = 0.0375 m; consider a larger n_s or r_d
segment spacing 0.09968 m exceeds 0.25*r_d = 0.0375 m; consider a larger n_s or r_d
segment spacing 0.09968 m exceeds 0.25*r_d = 0.0375 m; consider a larger n_s or r_d
segment spacing 0.09968 m exceeds 0.25*r_d = 0.0375 m; consider a larger n_s or r_d
segment spacing 0.09968 m exceeds 0.25*r_d = 0.0375 m; consider a larger n_s or r_d
segment spacing 0.09968 m exceeds 0.25*r_d = 0.0375 m; consider a larger n_s or r_d
segment spacing 0.09968 m exceeds 0.25*r_d = 0.0375 m; consider a larger n_s or r_d
segment spacing 0.09968 m exceeds 0.25*r_d = 0.0375 m; consider a larger n_s or r_d
segment spacing 0.09968 m exceeds 0.25*r_d = 0.0375 m; consider a larger n_s or r_d
segment spacing 0.09968 m exceeds 0.25*r_d = 0.0375 m; consider a larger n_s or r_d
segment spacing 0.09968 m exceeds 0.25*r_d = 0.0375 m; consider a larger n_s or r_d
segment spacing 0.09968 m exceeds 0.25*r_d = 0.0375 m; consider a larger n_s or r_d
segment spacing 0.09968 m exceeds 0.25*r_d = 0.0375 m; consider a larger n_s or r_d
segment spacing 0.09968 m exceeds 0.25*r_d = 0.0375 m; consider a larger n_s or r_d
segment spacing 0.09968 m exceeds 0.25*r_d = 0.0375 m; consider a larger n_s or r_d
segment spacing 0.09968 m exceeds 0.25*r_d = 0.0375 m; consider a larger n_s or r_d
segment spacing 0.09968 m exceeds 0.25*r_d = 0.0375 m; consider a larger n_s or r_d
segment spacing 0.09968 m exceeds 0.25*r_d = 0.0375 m; consider a larger n_s or r_d
segment spacing 0.09968 m exceeds 0.25*r_d = 0.0375 m; consider a larger n_s or r_d
segment spacing 0.09968 m exceeds 0.25*r_d = 0.0375 m; consider a larger n_s or r_d
segment spacing 0.09968 m exceeds 0.25*r_d = 0.0375 m; consider a larger n_s or r_d
segment spacing 0.09968 m exceeds 0.25*r_d = 0.0375 m; consider a larger n_s or r_d
segment spacing 0.09968 m exceeds 0.25*r_d = 0.0375 m; consider a larger n_s or r_d
segment spacing 0.09968 m exceeds 0.25*r_d = 0.0375 m; consider a larger n_s or r_d
segment spacing 0.09968 m exceeds 0.25*r_d = 0.0375 m; consider a larger n_s or r_d
segment spacing 0.09968 m exceeds 0.25*r_d = 0.0375 m; consider a larger n_s or r_d
segment spacing 0.09968 m exceeds 0.25*r_d = 0.0375 m; consider a larger n_s or r_d
segment spacing 0.09968 m exceeds 0.25*r_d = 0.0375 m; consider a larger n_s or r_d
segment spacing 0.09968 m exceeds 0.25*r_d = 0.0375 m; consider a larger n_s or r_d
segment spacing 0.09968 m exceeds 0.25*r_d = 0.0375 m; consider a larger n_s or r_d
segment spacing 0.09968 m exceeds 0.25*r_d = 0.0375 m; consider a larger n_s or r_d
segment spacing 0.09968 m exceeds 0.25*r_d = 0.0375 m; consider a larger n_s or r_d
segment spacing 0.09968 m exceeds 0.25*r_d = 0.0375 m; consider a larger n_s or r_d
segment spacing 0.09968 m exceeds 0.25*r_d = 0.0375 m; consider a larger n_s or r_d
segment spacing 0.09968 m exceeds 0.25*r_d = 0.0375 m; consider a larger n_s or r_d
segment spacing 0.09968 m exceeds 0.25*r_d = 0.0375 m; consider a larger n_s or r_d
segment spacing 0.09968 m exceeds 0.25*r_d = 0.0375 m; consider a larger n_s or r_d
segment spacing 0.09968 m exceeds 0.25*r_d = 0.0375 m; consider a larger n_s or r_d
segment spacing 0.09968 m exceeds 0.25*r_d = 0.0375 m; consider a larger n_s or r_d
segment spacing 0.09968 m exceeds 0.25*r_d = 0.0375 m; consider a larger n_s or r_d
segment spacing 0.09968 m exceeds 0.25*r_d = 0.0375 m; consider a larger n_s or r_d
segment spacing 0.09968 m exceeds 0.25*r_d = 0.0375 m; consider a larger n_s or r_d
segment spacing 0.09968 m exceeds 0.25*r_d = 0.0375 m; consider a larger n_s or r_d
segment spacing 0.09968 m exceeds 0.25*r_d = 0.0375 m; consider a larger n_s or r_d
segment spacing 0.09968 m exceeds 0.25*r_d = 0.0375 m; consider a larger n_s or r_d
segment spacing 0.09968 m exceeds 0.25*r_d = 0.0375 m; consider a larger n_s or r_d
segment spacing 0.09968 m exceeds 0.25*r_d = 0.0375 m; consider a larger n_s or r_d
segment spacing 0.09968 m exceeds 0.25*r_d = 0.0375 m; consider a larger n_s or r_d
segment spacing 0.09968 m exceeds 0.25*r_d = 0.0375 m; consider a larger n_s or r_d
segment spacing 0.09968 m exceeds 0.25*r_d = 0.0375 m; consider a larger n_s or r_d
segment spacing 0.09968 m exceeds 0.25*r_d = 0.0375 m; consider a larger n_s or r_d
segment spacing 0.09968 m exceeds 0.25*r_d = 0.0375 m; consider a larger n_s or r_d
segment spacing 0.09968 m exceeds 0.25*r_d = 0.0375 m; consider a larger n_s or r_d
segment spacing 0.09968 m exceeds 0.25*r_d = 0.0375 m; consider a larger n_s or r_d
segment spacing 0.09968 m exceeds 0.25*r_d = 0.0375 m; consider a larger n_s or r_d
segment spacing 0.09968 m exceeds 0.25*r_d = 0.0375 m; consider a larger n_s or r_d
segment spacing 0.09968 m exceeds 0.25*r_d = 0.0375 m; consider a larger n_s or r_d
segment spacing 0.09968 m exceeds 0.25*r_d = 0.0375 m; consider a larger n_s or r_d
segment spacing 0.09968 m exceeds 0.25*r_d = 0.0375 m; consider a larger n_s or r_d
segment spacing 0.09968 m exceeds 0.25*r_d = 0.0375 m; consider a larger n_s or r_d
segment spacing 0.09968 m exceeds 0.25*r_d = 0.0375 m; consider a larger n_s or r_d
segment spacing 0.09968 m exceeds 0.25*r_d = 0.0375 m; consider a larger n_s or r_d
segment spacing 0.09968 m exceeds 0.25*r_d = 0.0375 m; consider a larger n_s or r_d
segment spacing 0.09968 m exceeds 0.25*r_d = 0.0375 m; consider a larger n_s or r_d
segment spacing 0.09968 m exceeds 0.25*r_d = 0.0375 m; consider a larger n_s or r_d
segment spacing 0.09968 m exceeds 0.25*r_d = 0.0375 m; consider a larger n_s or r_d
segment spacing 0.09968 m exceeds 0.25*r_d = 0.0375 m; consider a larger n_s or r_d
segment spacing 0.09968 m exceeds 0.25*r_d = 0.0375 m; consider a larger n_s or r_d
segment spacing 0.09968 m exceeds 0.25*r_d = 0.0375 m; consider a larger n_s or r_d
segment spacing 0.09968 m exceeds 0.25*r_d = 0.0375 m; consider a larger n_s or r_d
segment spacing 0.09968 m exceeds 0.25*r_d = 0.0375 m; consider a larger n_s or r_d
segment spacing 0.09968 m exceeds 0.25*r_d = 0.0375 m; consider a larger n_s or r_d
segment spacing 0.09968 m exceeds 0.25*r_d = 0.0375 m; consider a larger n_s or r_d
segment spacing 0.09968 m exceeds 0.25*r_d = 0.0375 m; consider a larger n_s or r_d
segment spacing 0.09968 m exceeds 0.25*r_d = 0.0375 m; consider a larger n_s or r_d
segment spacing 0.09968 m exceeds 0.25*r_d = 0.0375 m; consider a larger n_s or r_d
segment spacing 0.09968 m exceeds 0.25*r_d = 0.0375 m; consider a larger n_s or r_d
segment spacing 0.09968 m exceeds 0.25*r_d = 0.0375 m; consider a larger n_s or r_d
segment spacing 0.09968 m exceeds 0.25*r_d = 0.0375 m; consider a larger n_s or r_d
segment spacing 0.09968 m exceeds 0.25*r_d = 0.0375 m; consider a larger n_s or r_d
segment spacing 0.09968 m exceeds 0.25*r_d = 0.0375 m; consider a larger n_s or r_d
segment spacing 0.09968 m exceeds 0.25*r_d = 0.0375 m; consider a larger n_s or r_d
segment spacing 0.09968 m exceeds 0.25*r_d = 0.0375 m; consider a larger n_s or r_d
segment spacing 0.09968 m exceeds 0.25*r_d = 0.0375 m; consider a larger n_s or r_d
segment spacing 0.09968 m exceeds 0.25*r_d = 0.0375 m; consider a larger n_s or r_d
segment spacing 0.09968 m exceeds 0.25*r_d = 0.0375 m; consider a larger n_s or r_d
segment spacing 0.09968 m exceeds 0.25*r_d = 0.0375 m; consider a larger n_s or r_d
segment spacing 0.09968 m exceeds 0.25*r_d = 0.0375 m; consider a larger n_s or r_d
    [phase] phase_star_D s_Bany=2.198 B@(0.50,0.00) broken=1 outcome=arrested
segment spacing 0.07322 m exceeds 0.25*r_d = 0.0375 m; consider a larger n_s or r_d
segment spacing 0.07322 m exceeds 0.25*r_d = 0.0375 m; consider a larger n_s or r_d
segment spacing 0.07322 m exceeds 0.25*r_d = 0.0375 m; consider a larger n_s or r_d
segment spacing 0.07322 m exceeds 0.25*r_d = 0.0375 m; consider a larger n_s or r_d
segment spacing 0.07322 m exceeds 0.25*r_d = 0.0375 m; consider a larger n_s or r_d
segment spacing 0.07322 m exceeds 0.25*r_d = 0.0375 m; consider a larger n_s or r_d
segment spacing 0.07322 m exceeds 0.25*r_d = 0.0375 m; consider a larger n_s or r_d
segment spacing 0.07322 m exceeds 0.25*r_d = 0.0375 m; consider a larger n_s or r_d
segment spacing 0.07322 m exceeds 0.25*r_d = 0.0375 m; consider a larger n_s or r_d
segment spacing 0.07322 m exceeds 0.25*r_d = 0.0375 m; consider a larger n_s or r_d
segment spacing 0.07322 m exceeds 0.25*r_d = 0.0375 m; consider a larger n_s or r_d
segment spacing 0.07322 m exceeds 0.25*r_d = 0.0375 m; consider a larger n_s or r_d
segment spacing 0.07322 m exceeds 0.25*r_d = 0.0375 m; consider a larger n_s or r_d
segment spacing 0.07322 m exceeds 0.25*r_d = 0.0375 m; consider a larger n_s or r_d
segment spacing 0.07322 m exceeds 0.25*r_d = 0.0375 m; consider a larger n_s or r_d
segment spacing 0.07322 m exceeds 0.25*r_d = 0.0375 m; consider a larger n_s or r_d
segment spacing 0.07322 m exceeds 0.25*r_d = 0.0375 m; consider a larger n_s or r_d
segment spacing 0.07322 m exceeds 0.25*r_d = 0.0375 m; consider a larger n_s or r_d
segment spacing 0.07322 m exceeds 0.25*r_d = 0.0375 m; consider a larger n_s or r_d
segment spacing 0.07322 m exceeds 0.25*r_d = 0.0375 m; consider a larger n_s or r_d
segment spacing 0.07322 m exceeds 0.25*r_d = 0.0375 m; consider a larger n_s or r_d
segment spacing 0.07322 m exceeds 0.25*r_d = 0.0375 m; consider a larger n_s or r_d
segment spacing 0.07322 m exceeds 0.25*r_d = 0.0375 m; consider a larger n_s or r_d
segment spacing 0.07322 m exceeds 0.25*r_d = 0.0375 m; consider a larger n_s or r_d
segment spacing 0.07322 m exceeds 0.25*r_d = 0.0375 m; consider a larger n_s or r_d
segment spacing 0.07322 m exceeds 0.25*r_d = 0.0375 m; consider a larger n_s or r_d
segment spacing 0.07322 m exceeds 0.25*r_d = 0.0375 m; consider a larger n_s or r_d
segment spacing 0.07322 m exceeds 0.25*r_d = 0.0375 m; consider a larger n_s or r_d
segment spacing 0.07322 m exceeds 0.25*r_d = 0.0375 m; consider a larger n_s or r_d
segment spacing 0.07322 m exceeds 0.25*r_d = 0.0375 m; consider a larger n_s or r_d
segment spacing 0.07322 m exceeds 0.25*r_d = 0.0375 m; consider a larger n_s or r_d
segment spacing 0.07322 m exceeds 0.25*r_d = 0.0375 m; consider a larger n_s or r_d
segment spacing 0.07322 m exceeds 0.25*r_d = 0.0375 m; consider a larger n_s or r_d
segment spacing 0.07322 m exceeds 0.25*r_d = 0.0375 m; consider a larger n_s or r_d
segment spacing 0.07322 m exceeds 0.25*r_d = 0.0375 m; consider a larger n_s or r_d
segment spacing 0.07322 m exceeds 0.25*r_d = 0.0375 m; consider a larger n_s or r_d
segment spacing 0.07322 m exceeds 0.25*r_d = 0.0375 m; consider a larger n_s or r_d
segment spacing 0.07322 m exceeds 0.25*r_d = 0.0375 m; consider a larger n_s or r_d
segment spacing 0.07322 m exceeds 0.25*r_d = 0.0375 m; consider a larger n_s or r_d
segment spacing 0.07322 m exceeds 0.25*r_d = 0.0375 m; consider a larger n_s or r_d
segment spacing 0.07322 m exceeds 0.25*r_d = 0.0375 m; consider a larger n_s or r_d
segment spacing 0.07322 m exceeds 0.25*r_d = 0.0375 m; consider a larger n_s or r_d
segment spacing 0.07322 m exceeds 0.25*r_d = 0.0375 m; consider a larger n_s or r_d
segment spacing 0.07322 m exceeds 0.25*r_d = 0.0375 m; consider a larger n_s or r_d
segment spacing 0.07322 m exceeds 0.25*r_d = 0.0375 m; consider a larger n_s or r_d
segment spacing 0.07322 m exceeds 0.25*r_d = 0.0375 m; consider a larger n_s or r_d
segment spacing 0.07322 m exceeds 0.25*r_d = 0.0375 m; consider a larger n_s or r_d
segment spacing 0.07322 m exceeds 0.25*r_d = 0.0375 m; consider a larger n_s or r_d
segment spacing 0.07322 m exceeds 0.25*r_d = 0.0375 m; consider a larger n_s or r_d
segment spacing 0.07322 m exceeds 0.25*r_d = 0.0375 m; consider a larger n_s or r_d
segment spacing 0.07322 m exceeds 0.25*r_d = 0.0375 m; consider a larger n_s or r_d
segment spacing 0.07322 m exceeds 0.25*r_d = 0.0375 m; consider a larger n_s or r_d
segment spacing 0.07322 m exceeds 0.25*r_d = 0.0375 m; consider a larger n_s or r_d
segment spacing 0.07322 m exceeds 0.25*r_d = 0.0375 m; consider a larger n_s or r_d
segment spacing 0.07322 m exceeds 0.25*r_d = 0.0375 m; consider a larger n_s or r_d
segment spacing 0.07322 m exceeds 0.25*r_d = 0.0375 m; consider a larger n_s or r_d
segment spacing 0.07322 m exceeds 0.25*r_d = 0.0375 m; consider a larger n_s or r_d
segment spacing 0.07322 m exceeds 0.25*r_d = 0.0375 m; consider a larger n_s or r_d
segment spacing 0.07322 m exceeds 0.25*r_d = 0.0375 m; consider a larger n_s or r_d
segment spacing 0.07322 m exceeds 0.25*r_d = 0.0375 m; consider a larger n_s or r_d
segment spacing 0.07322 m exceeds 0.25*r_d = 0.0375 m; consider a larger n_s or r_d
segment spacing 0.07322 m exceeds 0.25*r_d = 0.0375 m; consider a larger n_s or r_d
segment spacing 0.07322 m exceeds 0.25*r_d = 0.0375 m; consider a larger n_s or r_d
segment spacing 0.07322 m exceeds 0.25*r_d = 0.0375 m; consider a larger n_s or r_d
segment spacing 0.07322 m exceeds 0.25*r_d = 0.0375 m; consider a larger n_s or r_d
segment spacing 0.07322 m exceeds 0.25*r_d = 0.0375 m; consider a larger n_s or r_d
segment spacing 0.07322 m exceeds 0.25*r_d = 0.0375 m; consider a larger n_s or r_d
segment spacing 0.07322 m exceeds 0.25*r_d = 0.0375 m; consider a larger n_s or r_d
segment spacing 0.07322 m exceeds 0.25*r_d = 0.0375 m; consider a larger n_s or r_d
segment spacing 0.07322 m exceeds 0.25*r_d = 0.0375 m; consider a larger n_s or r_d
segment spacing 0.07322 m exceeds 0.25*r_d = 0.0375 m; consider a larger n_s or r_d
segment spacing 0.07322 m exceeds 0.25*r_d = 0.0375 m; consider a larger n_s or r_d
segment spacing 0.07322 m exceeds 0.25*r_d = 0.0375 m; consider a larger n_s or r_d
segment spacing 0.07322 m exceeds 0.25*r_d = 0.0375 m; consider a larger n_s or r_d
segment spacing 0.07322 m exceeds 0.25*r_d = 0.0375 m; consider a larger n_s or r_d
segment spacing 0.07322 m exceeds 0.25*r_d = 0.0375 m; consider a larger n_s or r_d
segment spacing 0.07322 m exceeds 0.25*r_d = 0.0375 m; consider a larger n_s or r_d
segment spacing 0.07322 m exceeds 0.25*r_d = 0.0375 m; consider a larger n_s or r_d
segment spacing 0.07322 m exceeds 0.25*r_d = 0.0375 m; consider a larger n_s or r_d
segment spacing 0.07322 m exceeds 0.25*r_d = 0.0375 m; consider a larger n_s or r_d
segment spacing 0.07322 m exceeds 0.25*r_d = 0.0375 m; consider a larger n_s or r_d
segment spacing 0.07322 m exceeds 0.25*r_d = 0.0375 m; consider a larger n_s or r_d
segment spacing 0.07322 m exceeds 0.25*r_d = 0.0375 m; consider a larger n_s or r_d
segment spacing 0.07322 m exceeds 0.25*r_d = 0.0375 m; consider a larger n_s or r_d
segment spacing 0.07322 m exceeds 0.25*r_d = 0.0375 m; consider a larger n_s or r_d
segment spacing 0.07322 m exceeds 0.25*r_d = 0.0375 m; consider a larger n_s or r_d
segment spacing 0.07322 m exceeds 0.25*r_d = 0.0375 m; consider a larger n_s or r_d
segment spacing 0.07322 m exceeds 0.25*r_d = 0.0375 m; consider a larger n_s or r_d
segment spacing 0.07322 m exceeds 0.25*r_d = 0.0375 m; consider a larger n_s or r_d
segment spacing 0.07322 m exceeds 0.25*r_d = 0.0375 m; consider a larger n_s or r_d
segment spacing 0.07322 m exceeds 0.25*r_d = 0.0375 m; consider a larger n_s or r_d
segment spacing 0.07322 m exceeds 0.25*r_d = 0.0375 m; consider a larger n_s or r_d
segment spacing 0.07322 m exceeds 0.25*r_d = 0.0375 m; consider a larger n_s or r_d
segment spacing 0.07322 m exceeds 0.25*r_d = 0.0375 m; consider a larger n_s or r_d
segment spacing 0.07322 m exceeds 0.25*r_d = 0.0375 m; consider a larger n_s or r_d
segment spacing 0.07322 m exceeds 0.25*r_d = 0.0375 m; consider a larger n_s or r_d
segment spacing 0.07322 m exceeds 0.25*r_d = 0.0375 m; consider a larger n_s or r_d
segment spacing 0.07322 m exceeds 0.25*r_d = 0.0375 m; consider a larger n_s or r_d
segment spacing 0.07322 m exceeds 0.25*r_d = 0.0375 m; consider a larger n_s or r_d
segment spacing 0.07322 m exceeds 0.25*r_d = 0.0375 m; consider a larger n_s or r_d
segment spacing 0.07322 m exceeds 0.25*r_d = 0.0375 m; consider a larger n_s or r_d
    [phase] phase_star_ring_S s_Bany=0.8511 B@(0.25,0.00) broken=1 outcome=arrested
segment spacing 0.07616 m exceeds 0.25*r_d = 0.0375 m; consider a larger n_s or r_d
segment spacing 0.07616 m exceeds 0.25*r_d = 0.0375 m; consider a larger n_s or r_d
segment spacing 0.07616 m exceeds 0.25*r_d = 0.0375 m; consider a larger n_s or r_d
segment spacing 0.07616 m exceeds 0.25*r_d = 0.0375 m; consider a larger n_s or r_d
segment spacing 0.07616 m exceeds 0.25*r_d = 0.0375 m; consider a larger n_s or r_d
segment spacing 0.07616 m exceeds 0.25*r_d = 0.0375 m; consider a larger n_s or r_d
segment spacing 0.07616 m exceeds 0.25*r_d = 0.0375 m; consider a larger n_s or r_d
segment spacing 0.07616 m exceeds 0.25*r_d = 0.0375 m; consider a larger n_s or r_d
segment spacing 0.07616 m exceeds 0.25*r_d = 0.0375 m; consider a larger n_s or r_d
segment spacing 0.07616 m exceeds 0.25*r_d = 0.0375 m; consider a larger n_s or r_d
segment spacing 0.07616 m exceeds 0.25*r_d = 0.0375 m; consider a larger n_s or r_d
segment spacing 0.07616 m exceeds 0.25*r_d = 0.0375 m; consider a larger n_s or r_d
segment spacing 0.07616 m exceeds 0.25*r_d = 0.0375 m; consider a larger n_s or r_d
segment spacing 0.07616 m exceeds 0.25*r_d = 0.0375 m; consider a larger n_s or r_d
segment spacing 0.07616 m exceeds 0.25*r_d = 0.0375 m; consider a larger n_s or r_d
segment spacing 0.07616 m exceeds 0.25*r_d = 0.0375 m; consider a larger n_s or r_d
segment spacing 0.07616 m exceeds 0.25*r_d = 0.0375 m; consider a larger n_s or r_d
segment spacing 0.07616 m exceeds 0.25*r_d = 0.0375 m; consider a larger n_s or r_d
segment spacing 0.07616 m exceeds 0.25*r_d = 0.0375 m; consider a larger n_s or r_d
segment spacing 0.07616 m exceeds 0.25*r_d = 0.0375 m; consider a larger n_s or r_d
segment spacing 0.07616 m exceeds 0.25*r_d = 0.0375 m; consider a larger n_s or r_d
segment spacing 0.07616 m exceeds 0.25*r_d = 0.0375 m; consider a larger n_s or r_d
segment spacing 0.07616 m exceeds 0.25*r_d = 0.0375 m; consider a larger n_s or r_d
segment spacing 0.07616 m exceeds 0.25*r_d = 0.0375 m; consider a larger n_s or r_d
segment spacing 0.07616 m exceeds 0.25*r_d = 0.0375 m; consider a larger n_s or r_d
segment spacing 0.07616 m exceeds 0.25*r_d = 0.0375 m; consider a larger n_s or r_d
segment spacing 0.07616 m exceeds 0.25*r_d = 0.0375 m; consider a larger n_s or r_d
segment spacing 0.07616 m exceeds 0.25*r_d = 0.0375 m; consider a larger n_s or r_d
segment spacing 0.07616 m exceeds 0.25*r_d = 0.0375 m; consider a larger n_s or r_d
segment spacing 0.07616 m exceeds 0.25*r_d = 0.0375 m; consider a larger n_s or r_d
segment spacing 0.07616 m exceeds 0.25*r_d = 0.0375 m; consider a larger n_s or r_d
segment spacing 0.07616 m exceeds 0.25*r_d = 0.0375 m; consider a larger n_s or r_d
segment spacing 0.07616 m exceeds 0.25*r_d = 0.0375 m; consider a larger n_s or r_d
segment spacing 0.07616 m exceeds 0.25*r_d = 0.0375 m; consider a larger n_s or r_d
segment spacing 0.07616 m exceeds 0.25*r_d = 0.0375 m; consider a larger n_s or r_d
segment spacing 0.07616 m exceeds 0.25*r_d = 0.0375 m; consider a larger n_s or r_d
segment spacing 0.07616 m exceeds 0.25*r_d = 0.0375 m; consider a larger n_s or r_d
segment spacing 0.07616 m exceeds 0.25*r_d = 0.0375 m; consider a larger n_s or r_d
segment spacing 0.07616 m exceeds 0.25*r_d = 0.0375 m; consider a larger n_s or r_d
segment spacing 0.07616 m exceeds 0.25*r_d = 0.0375 m; consider a larger n_s or r_d
segment spacing 0.07616 m exceeds 0.25*r_d = 0.0375 m; consider a larger n_s or r_d
segment spacing 0.07616 m exceeds 0.25*r_d = 0.0375 m; consider a larger n_s or r_d
segment spacing 0.07616 m exceeds 0.25*r_d = 0.0375 m; consider a larger n_s or r_d
segment spacing 0.07616 m exceeds 0.25*r_d = 0.0375 m; consider a larger n_s or r_d
segment spacing 0.07616 m exceeds 0.25*r_d = 0.0375 m; consider a larger n_s or r_d
segment spacing 0.07616 m exceeds 0.25*r_d = 0.0375 m; consider a larger n_s or r_d
segment spacing 0.07616 m exceeds 0.25*r_d = 0.0375 m; consider a larger n_s or r_d
segment spacing 0.07616 m exceeds 0.25*r_d = 0.0375 m; consider a larger n_s or r_d
segment spacing 0.07616 m exceeds 0.25*r_d = 0.0375 m; consider a larger n_s or r_d
segment spacing 0.07616 m exceeds 0.25*r_d = 0.0375 m; consider a larger n_s or r_d
segment spacing 0.07616 m exceeds 0.25*r_d = 0.0375 m; consider a larger n_s or r_d
segment spacing 0.07616 m exceeds 0.25*r_d = 0.0375 m; consider a larger n_s or r_d
segment spacing 0.07616 m exceeds 0.25*r_d = 0.0375 m; consider a larger n_s or r_d
segment spacing 0.07616 m exceeds 0.25*r_d = 0.0375 m; consider a larger n_s or r_d
segment spacing 0.07616 m exceeds 0.25*r_d = 0.0375 m; consider a larger n_s or r_d
segment spacing 0.07616 m exceeds 0.25*r_d = 0.0375 m; consider a larger n_s or r_d
segment spacing 0.07616 m exceeds 0.25*r_d = 0.0375 m; consider a larger n_s or r_d
segment spacing 0.07616 m exceeds 0.25*r_d = 0.0375 m; consider a larger n_s or r_d
segment spacing 0.07616 m exceeds 0.25*r_d = 0.0375 m; consider a larger n_s or r_d
segment spacing 0.07616 m exceeds 0.25*r_d = 0.0375 m; consider a larger n_s or r_d
segment spacing 0.07616 m exceeds 0.25*r_d = 0.0375 m; consider a larger n_s or r_d
segment spacing 0.07616 m exceeds 0.25*r_d = 0.0375 m; consider a larger n_s or r_d
segment spacing 0.07616 m exceeds 0.25*r_d = 0.0375 m; consider a larger n_s or r_d
segment spacing 0.07616 m exceeds 0.25*r_d = 0.0375 m; consider a larger n_s or r_d
segment spacing 0.07616 m exceeds 0.25*r_d = 0.0375 m; consider a larger n_s or r_d
segment spacing 0.07616 m exceeds 0.25*r_d = 0.0375 m; consider a larger n_s or r_d
segment spacing 0.07616 m exceeds 0.25*r_d = 0.0375 m; consider a larger n_s or r_d
segment spacing 0.07616 m exceeds 0.25*r_d = 0.0375 m; consider a larger n_s or r_d
segment spacing 0.07616 m exceeds 0.25*r_d = 0.0375 m; consider a larger n_s or r_d
segment spacing 0.07616 m exceeds 0.25*r_d = 0.0375 m; consider a larger n_s or r_d
segment spacing 0.07616 m exceeds 0.25*r_d = 0.0375 m; consider a larger n_s or r_d
segment spacing 0.07616 m exceeds 0.25*r_d = 0.0375 m; consider a larger n_s or r_d
segment spacing 0.07616 m exceeds 0.25*r_d = 0.0375 m; consider a larger n_s or r_d
segment spacing 0.07616 m exceeds 0.25*r_d = 0.0375 m; consider a larger n_s or r_d
segment spacing 0.07616 m exceeds 0.25*r_d = 0.0375 m; consider a larger n_s or r_d
segment spacing 0.07616 m exceeds 0.25*r_d = 0.0375 m; consider a larger n_s or r_d
segment spacing 0.07616 m exceeds 0.25*r_d = 0.0375 m; consider a larger n_s or r_d
segment spacing 0.07616 m exceeds 0.25*r_d = 0.0375 m; consider a larger n_s or r_d
segment spacing 0.07616 m exceeds 0.25*r_d = 0.0375 m; consider a larger n_s or r_d
segment spacing 0.07616 m exceeds 0.25*r_d = 0.0375 m; consider a larger n_s or r_d
segment spacing 0.07616 m exceeds 0.25*r_d = 0.0375 m; consider a larger n_s or r_d
segment spacing 0.07616 m exceeds 0.25*r_d = 0.0375 m; consider a larger n_s or r_d
segment spacing 0.07616 m exceeds 0.25*r_d = 0.0375 m; consider a larger n_s or r_d
segment spacing 0.07616 m exceeds 0.25*r_d = 0.0375 m; consider a larger n_s or r_d
segment spacing 0.07616 m exceeds 0.25*r_d = 0.0375 m; consider a larger n_s or r_d
segment spacing 0.07616 m exceeds 0.25*r_d = 0.0375 m; consider a larger n_s or r_d
segment spacing 0.07616 m exceeds 0.25*r_d = 0.0375 m; consider a larger n_s or r_d
segment spacing 0.07616 m exceeds 0.25*r_d = 0.0375 m; consider a larger n_s or r_d
segment spacing 0.07616 m exceeds 0.25*r_d = 0.0375 m; consider a larger n_s or r_d
segment spacing 0.07616 m exceeds 0.25*r_d = 0.0375 m; consider a larger n_s or r_d
segment spacing 0.07616 m exceeds 0.25*r_d = 0.0375 m; consider a larger n_s or r_d
segment spacing 0.07616 m exceeds 0.25*r_d = 0.0375 m; consider a larger n_s or r_d
segment spacing 0.07616 m exceeds 0.25*r_d = 0.0375 m; consider a larger n_s or r_d
segment spacing 0.07616 m exceeds 0.25*r_d = 0.0375 m; consider a larger n_s or r_d
segment spacing 0.07616 m exceeds 0.25*r_d = 0.0375 m; consider a larger n_s or r_d
segment spacing 0.07616 m exceeds 0.25*r_d = 0.0375 m; consider a larger n_s or r_d
segment spacing 0.07616 m exceeds 0.25*r_d = 0.0375 m; consider a larger n_s or r_d
segment spacing 0.07616 m exceeds 0.25*r_d = 0.0375 m; consider a larger n_s or r_d
segment spacing 0.07616 m exceeds 0.25*r_d = 0.0375 m; consider a larger n_s or r_d
segment spacing 0.07616 m exceeds 0.25*r_d = 0.0375 m; consider a larger n_s or r_d
segment spacing 0.07616 m exceeds 0.25*r_d = 0.0375 m; consider a larger n_s or r_d
    [phase] phase_star_ring_D s_Bany=2.047 B@(0.25,0.00) broken=1 outcome=arrested
  [ok]   fig_phase_maps/        -> /home/octav/tema2/paper_results/fig_phase_maps
Exporting paper CSVs to /home/octav/tema2/paper_results (commit 432ac9ce, jobs=16, code_dirty=false)
segment spacing 0.07322 m exceeds 0.25*r_d = 0.0375 m; consider a larger n_s or r_d
segment spacing 0.07322 m exceeds 0.25*r_d = 0.0375 m; consider a larger n_s or r_d
    [runs_round7] dyn_S_a0 write=0.044s overhead=1.79%
segment spacing 0.07322 m exceeds 0.25*r_d = 0.0375 m; consider a larger n_s or r_d
segment spacing 0.07322 m exceeds 0.25*r_d = 0.0375 m; consider a larger n_s or r_d
    [runs_round7] dyn_S_a0.25 write=0.022s overhead=1.28%
segment spacing 0.07322 m exceeds 0.25*r_d = 0.0375 m; consider a larger n_s or r_d
segment spacing 0.07322 m exceeds 0.25*r_d = 0.0375 m; consider a larger n_s or r_d
    [runs_round7] dyn_S_a0.5 write=0.022s overhead=1.01%
segment spacing 0.07616 m exceeds 0.25*r_d = 0.0375 m; consider a larger n_s or r_d
segment spacing 0.07616 m exceeds 0.25*r_d = 0.0375 m; consider a larger n_s or r_d
    [runs_round7] dyn_D_a0 write=0.020s overhead=0.47%
segment spacing 0.07616 m exceeds 0.25*r_d = 0.0375 m; consider a larger n_s or r_d
segment spacing 0.07616 m exceeds 0.25*r_d = 0.0375 m; consider a larger n_s or r_d
    [runs_round7] dyn_D_a0.25 write=0.020s overhead=0.28%
segment spacing 0.07616 m exceeds 0.25*r_d = 0.0375 m; consider a larger n_s or r_d
segment spacing 0.07616 m exceeds 0.25*r_d = 0.0375 m; consider a larger n_s or r_d
    [runs_round7] dyn_D_a0.5 write=0.020s overhead=0.23%
  [ok]   runs_round7/           -> /home/octav/tema2/paper_results/runs_round7_index.csv
Exporting paper CSVs to /home/octav/tema2/paper_results (commit 432ac9ce, jobs=16, code_dirty=false)
    [tab_mmin.csv] 36 jobs × 16 workers
segment spacing 0.09709 m exceeds 0.25*r_d = 0.0375 m; consider a larger n_s or r_d
segment spacing 0.09709 m exceeds 0.25*r_d = 0.0375 m; consider a larger n_s or r_d
segment spacing 0.09709 m exceeds 0.25*r_d = 0.0375 m; consider a larger n_s or r_d
segment spacing 0.09709 m exceeds 0.25*r_d = 0.0375 m; consider a larger n_s or r_d
segment spacing 0.09709 m exceeds 0.25*r_d = 0.0375 m; consider a larger n_s or r_d
segment spacing 0.09709 m exceeds 0.25*r_d = 0.0375 m; consider a larger n_s or r_d
segment spacing 0.09709 m exceeds 0.25*r_d = 0.0375 m; consider a larger n_s or r_d
segment spacing 0.09968 m exceeds 0.25*r_d = 0.0375 m; consider a larger n_s or r_d
segment spacing 0.09709 m exceeds 0.25*r_d = 0.0375 m; consider a larger n_s or r_d
segment spacing 0.09968 m exceeds 0.25*r_d = 0.0375 m; consider a larger n_s or r_d
segment spacing 0.09968 m exceeds 0.25*r_d = 0.0375 m; consider a larger n_s or r_d
segment spacing 0.09968 m exceeds 0.25*r_d = 0.0375 m; consider a larger n_s or r_d
segment spacing 0.09968 m exceeds 0.25*r_d = 0.0375 m; consider a larger n_s or r_d
segment spacing 0.09968 m exceeds 0.25*r_d = 0.0375 m; consider a larger n_s or r_d
segment spacing 0.09709 m exceeds 0.25*r_d = 0.0375 m; consider a larger n_s or r_d
segment spacing 0.09968 m exceeds 0.25*r_d = 0.0375 m; consider a larger n_s or r_d
segment spacing 0.09709 m exceeds 0.25*r_d = 0.0375 m; consider a larger n_s or r_d
segment spacing 0.09709 m exceeds 0.25*r_d = 0.0375 m; consider a larger n_s or r_d
segment spacing 0.09709 m exceeds 0.25*r_d = 0.0375 m; consider a larger n_s or r_d
segment spacing 0.09709 m exceeds 0.25*r_d = 0.0375 m; consider a larger n_s or r_d
segment spacing 0.09709 m exceeds 0.25*r_d = 0.0375 m; consider a larger n_s or r_d
segment spacing 0.09968 m exceeds 0.25*r_d = 0.0375 m; consider a larger n_s or r_d
segment spacing 0.09709 m exceeds 0.25*r_d = 0.0375 m; consider a larger n_s or r_d
segment spacing 0.09709 m exceeds 0.25*r_d = 0.0375 m; consider a larger n_s or r_d
segment spacing 0.09968 m exceeds 0.25*r_d = 0.0375 m; consider a larger n_s or r_d
segment spacing 0.09709 m exceeds 0.25*r_d = 0.0375 m; consider a larger n_s or r_d
segment spacing 0.09709 m exceeds 0.25*r_d = 0.0375 m; consider a larger n_s or r_d
segment spacing 0.09709 m exceeds 0.25*r_d = 0.0375 m; consider a larger n_s or r_d
segment spacing 0.09709 m exceeds 0.25*r_d = 0.0375 m; consider a larger n_s or r_d
segment spacing 0.09709 m exceeds 0.25*r_d = 0.0375 m; consider a larger n_s or r_d
segment spacing 0.09709 m exceeds 0.25*r_d = 0.0375 m; consider a larger n_s or r_d
segment spacing 0.09968 m exceeds 0.25*r_d = 0.0375 m; consider a larger n_s or r_d
segment spacing 0.09709 m exceeds 0.25*r_d = 0.0375 m; consider a larger n_s or r_d
segment spacing 0.09709 m exceeds 0.25*r_d = 0.0375 m; consider a larger n_s or r_d
segment spacing 0.09709 m exceeds 0.25*r_d = 0.0375 m; consider a larger n_s or r_d
segment spacing 0.09709 m exceeds 0.25*r_d = 0.0375 m; consider a larger n_s or r_d
segment spacing 0.09968 m exceeds 0.25*r_d = 0.0375 m; consider a larger n_s or r_d
segment spacing 0.09709 m exceeds 0.25*r_d = 0.0375 m; consider a larger n_s or r_d
segment spacing 0.09709 m exceeds 0.25*r_d = 0.0375 m; consider a larger n_s or r_d
segment spacing 0.09968 m exceeds 0.25*r_d = 0.0375 m; consider a larger n_s or r_d
segment spacing 0.09968 m exceeds 0.25*r_d = 0.0375 m; consider a larger n_s or r_d
segment spacing 0.09968 m exceeds 0.25*r_d = 0.0375 m; consider a larger n_s or r_d
segment spacing 0.09709 m exceeds 0.25*r_d = 0.0375 m; consider a larger n_s or r_d
segment spacing 0.09709 m exceeds 0.25*r_d = 0.0375 m; consider a larger n_s or r_d
segment spacing 0.09709 m exceeds 0.25*r_d = 0.0375 m; consider a larger n_s or r_d
segment spacing 0.09709 m exceeds 0.25*r_d = 0.0375 m; consider a larger n_s or r_d
segment spacing 0.09709 m exceeds 0.25*r_d = 0.0375 m; consider a larger n_s or r_d
segment spacing 0.09709 m exceeds 0.25*r_d = 0.0375 m; consider a larger n_s or r_d
    [tab_mmin] star D M=1 v0=20 n_s=10 mA=18.18g A@(0.50,0.00) Bany@(0.50,0.00) nB=3 nB_Aworst=3
segment spacing 0.09968 m exceeds 0.25*r_d = 0.0375 m; consider a larger n_s or r_d
segment spacing 0.09709 m exceeds 0.25*r_d = 0.0375 m; consider a larger n_s or r_d
segment spacing 0.09709 m exceeds 0.25*r_d = 0.0375 m; consider a larger n_s or r_d
segment spacing 0.09709 m exceeds 0.25*r_d = 0.0375 m; consider a larger n_s or r_d
segment spacing 0.09709 m exceeds 0.25*r_d = 0.0375 m; consider a larger n_s or r_d
segment spacing 0.09968 m exceeds 0.25*r_d = 0.0375 m; consider a larger n_s or r_d
segment spacing 0.09709 m exceeds 0.25*r_d = 0.0375 m; consider a larger n_s or r_d
segment spacing 0.09709 m exceeds 0.25*r_d = 0.0375 m; consider a larger n_s or r_d
segment spacing 0.09709 m exceeds 0.25*r_d = 0.0375 m; consider a larger n_s or r_d
segment spacing 0.09709 m exceeds 0.25*r_d = 0.0375 m; consider a larger n_s or r_d
segment spacing 0.09709 m exceeds 0.25*r_d = 0.0375 m; consider a larger n_s or r_d
segment spacing 0.09709 m exceeds 0.25*r_d = 0.0375 m; consider a larger n_s or r_d
segment spacing 0.09709 m exceeds 0.25*r_d = 0.0375 m; consider a larger n_s or r_d
segment spacing 0.09709 m exceeds 0.25*r_d = 0.0375 m; consider a larger n_s or r_d
segment spacing 0.09709 m exceeds 0.25*r_d = 0.0375 m; consider a larger n_s or r_d
segment spacing 0.09709 m exceeds 0.25*r_d = 0.0375 m; consider a larger n_s or r_d
segment spacing 0.09709 m exceeds 0.25*r_d = 0.0375 m; consider a larger n_s or r_d
segment spacing 0.09709 m exceeds 0.25*r_d = 0.0375 m; consider a larger n_s or r_d
segment spacing 0.09968 m exceeds 0.25*r_d = 0.0375 m; consider a larger n_s or r_d
segment spacing 0.09968 m exceeds 0.25*r_d = 0.0375 m; consider a larger n_s or r_d
segment spacing 0.09968 m exceeds 0.25*r_d = 0.0375 m; consider a larger n_s or r_d
segment spacing 0.09709 m exceeds 0.25*r_d = 0.0375 m; consider a larger n_s or r_d
segment spacing 0.09968 m exceeds 0.25*r_d = 0.0375 m; consider a larger n_s or r_d
segment spacing 0.09709 m exceeds 0.25*r_d = 0.0375 m; consider a larger n_s or r_d
segment spacing 0.09709 m exceeds 0.25*r_d = 0.0375 m; consider a larger n_s or r_d
segment spacing 0.09709 m exceeds 0.25*r_d = 0.0375 m; consider a larger n_s or r_d
segment spacing 0.09709 m exceeds 0.25*r_d = 0.0375 m; consider a larger n_s or r_d
segment spacing 0.09709 m exceeds 0.25*r_d = 0.0375 m; consider a larger n_s or r_d
segment spacing 0.09709 m exceeds 0.25*r_d = 0.0375 m; consider a larger n_s or r_d
segment spacing 0.09709 m exceeds 0.25*r_d = 0.0375 m; consider a larger n_s or r_d
segment spacing 0.09709 m exceeds 0.25*r_d = 0.0375 m; consider a larger n_s or r_d
segment spacing 0.09709 m exceeds 0.25*r_d = 0.0375 m; consider a larger n_s or r_d
segment spacing 0.09709 m exceeds 0.25*r_d = 0.0375 m; consider a larger n_s or r_d
segment spacing 0.09709 m exceeds 0.25*r_d = 0.0375 m; consider a larger n_s or r_d
segment spacing 0.09709 m exceeds 0.25*r_d = 0.0375 m; consider a larger n_s or r_d
segment spacing 0.09709 m exceeds 0.25*r_d = 0.0375 m; consider a larger n_s or r_d
segment spacing 0.09709 m exceeds 0.25*r_d = 0.0375 m; consider a larger n_s or r_d
segment spacing 0.09709 m exceeds 0.25*r_d = 0.0375 m; consider a larger n_s or r_d
segment spacing 0.09709 m exceeds 0.25*r_d = 0.0375 m; consider a larger n_s or r_d
segment spacing 0.09968 m exceeds 0.25*r_d = 0.0375 m; consider a larger n_s or r_d
segment spacing 0.09709 m exceeds 0.25*r_d = 0.0375 m; consider a larger n_s or r_d
segment spacing 0.09709 m exceeds 0.25*r_d = 0.0375 m; consider a larger n_s or r_d
segment spacing 0.09709 m exceeds 0.25*r_d = 0.0375 m; consider a larger n_s or r_d
segment spacing 0.09709 m exceeds 0.25*r_d = 0.0375 m; consider a larger n_s or r_d
segment spacing 0.09709 m exceeds 0.25*r_d = 0.0375 m; consider a larger n_s or r_d
segment spacing 0.09709 m exceeds 0.25*r_d = 0.0375 m; consider a larger n_s or r_d
segment spacing 0.09709 m exceeds 0.25*r_d = 0.0375 m; consider a larger n_s or r_d
segment spacing 0.09709 m exceeds 0.25*r_d = 0.0375 m; consider a larger n_s or r_d
segment spacing 0.09709 m exceeds 0.25*r_d = 0.0375 m; consider a larger n_s or r_d
segment spacing 0.09709 m exceeds 0.25*r_d = 0.0375 m; consider a larger n_s or r_d
segment spacing 0.09709 m exceeds 0.25*r_d = 0.0375 m; consider a larger n_s or r_d
segment spacing 0.09709 m exceeds 0.25*r_d = 0.0375 m; consider a larger n_s or r_d
segment spacing 0.09709 m exceeds 0.25*r_d = 0.0375 m; consider a larger n_s or r_d
segment spacing 0.09709 m exceeds 0.25*r_d = 0.0375 m; consider a larger n_s or r_d
segment spacing 0.09709 m exceeds 0.25*r_d = 0.0375 m; consider a larger n_s or r_d
segment spacing 0.09709 m exceeds 0.25*r_d = 0.0375 m; consider a larger n_s or r_d
segment spacing 0.09709 m exceeds 0.25*r_d = 0.0375 m; consider a larger n_s or r_d
segment spacing 0.09709 m exceeds 0.25*r_d = 0.0375 m; consider a larger n_s or r_d
segment spacing 0.09968 m exceeds 0.25*r_d = 0.0375 m; consider a larger n_s or r_d
segment spacing 0.09709 m exceeds 0.25*r_d = 0.0375 m; consider a larger n_s or r_d
segment spacing 0.09968 m exceeds 0.25*r_d = 0.0375 m; consider a larger n_s or r_d
segment spacing 0.09968 m exceeds 0.25*r_d = 0.0375 m; consider a larger n_s or r_d
segment spacing 0.09709 m exceeds 0.25*r_d = 0.0375 m; consider a larger n_s or r_d
segment spacing 0.09709 m exceeds 0.25*r_d = 0.0375 m; consider a larger n_s or r_d
segment spacing 0.09709 m exceeds 0.25*r_d = 0.0375 m; consider a larger n_s or r_d
segment spacing 0.09968 m exceeds 0.25*r_d = 0.0375 m; consider a larger n_s or r_d
segment spacing 0.09709 m exceeds 0.25*r_d = 0.0375 m; consider a larger n_s or r_d
segment spacing 0.09709 m exceeds 0.25*r_d = 0.0375 m; consider a larger n_s or r_d
segment spacing 0.09709 m exceeds 0.25*r_d = 0.0375 m; consider a larger n_s or r_d
segment spacing 0.09709 m exceeds 0.25*r_d = 0.0375 m; consider a larger n_s or r_d
segment spacing 0.09709 m exceeds 0.25*r_d = 0.0375 m; consider a larger n_s or r_d
segment spacing 0.09709 m exceeds 0.25*r_d = 0.0375 m; consider a larger n_s or r_d
segment spacing 0.09709 m exceeds 0.25*r_d = 0.0375 m; consider a larger n_s or r_d
segment spacing 0.09709 m exceeds 0.25*r_d = 0.0375 m; consider a larger n_s or r_d
segment spacing 0.09709 m exceeds 0.25*r_d = 0.0375 m; consider a larger n_s or r_d
segment spacing 0.09709 m exceeds 0.25*r_d = 0.0375 m; consider a larger n_s or r_d
segment spacing 0.09709 m exceeds 0.25*r_d = 0.0375 m; consider a larger n_s or r_d
segment spacing 0.09709 m exceeds 0.25*r_d = 0.0375 m; consider a larger n_s or r_d
segment spacing 0.09709 m exceeds 0.25*r_d = 0.0375 m; consider a larger n_s or r_d
segment spacing 0.09709 m exceeds 0.25*r_d = 0.0375 m; consider a larger n_s or r_d
    [tab_mmin] star S M=1 v0=20 n_s=10 mA=16.38g A@(0.50,0.00) Bany@(0.25,0.00) nB=2 nB_Aworst=2
segment spacing 0.09968 m exceeds 0.25*r_d = 0.0375 m; consider a larger n_s or r_d
segment spacing 0.09709 m exceeds 0.25*r_d = 0.0375 m; consider a larger n_s or r_d
segment spacing 0.09709 m exceeds 0.25*r_d = 0.0375 m; consider a larger n_s or r_d
segment spacing 0.09709 m exceeds 0.25*r_d = 0.0375 m; consider a larger n_s or r_d
segment spacing 0.09709 m exceeds 0.25*r_d = 0.0375 m; consider a larger n_s or r_d
segment spacing 0.09709 m exceeds 0.25*r_d = 0.0375 m; consider a larger n_s or r_d
segment spacing 0.09709 m exceeds 0.25*r_d = 0.0375 m; consider a larger n_s or r_d
segment spacing 0.09709 m exceeds 0.25*r_d = 0.0375 m; consider a larger n_s or r_d
segment spacing 0.09968 m exceeds 0.25*r_d = 0.0375 m; consider a larger n_s or r_d
segment spacing 0.09709 m exceeds 0.25*r_d = 0.0375 m; consider a larger n_s or r_d
segment spacing 0.09709 m exceeds 0.25*r_d = 0.0375 m; consider a larger n_s or r_d
segment spacing 0.09968 m exceeds 0.25*r_d = 0.0375 m; consider a larger n_s or r_d
segment spacing 0.09968 m exceeds 0.25*r_d = 0.0375 m; consider a larger n_s or r_d
segment spacing 0.09709 m exceeds 0.25*r_d = 0.0375 m; consider a larger n_s or r_d
segment spacing 0.09709 m exceeds 0.25*r_d = 0.0375 m; consider a larger n_s or r_d
segment spacing 0.09709 m exceeds 0.25*r_d = 0.0375 m; consider a larger n_s or r_d
segment spacing 0.09709 m exceeds 0.25*r_d = 0.0375 m; consider a larger n_s or r_d
segment spacing 0.09968 m exceeds 0.25*r_d = 0.0375 m; consider a larger n_s or r_d
segment spacing 0.09709 m exceeds 0.25*r_d = 0.0375 m; consider a larger n_s or r_d
segment spacing 0.09709 m exceeds 0.25*r_d = 0.0375 m; consider a larger n_s or r_d
segment spacing 0.09709 m exceeds 0.25*r_d = 0.0375 m; consider a larger n_s or r_d
segment spacing 0.09709 m exceeds 0.25*r_d = 0.0375 m; consider a larger n_s or r_d
segment spacing 0.09709 m exceeds 0.25*r_d = 0.0375 m; consider a larger n_s or r_d
segment spacing 0.09709 m exceeds 0.25*r_d = 0.0375 m; consider a larger n_s or r_d
segment spacing 0.09709 m exceeds 0.25*r_d = 0.0375 m; consider a larger n_s or r_d
segment spacing 0.09709 m exceeds 0.25*r_d = 0.0375 m; consider a larger n_s or r_d
segment spacing 0.09709 m exceeds 0.25*r_d = 0.0375 m; consider a larger n_s or r_d
segment spacing 0.09709 m exceeds 0.25*r_d = 0.0375 m; consider a larger n_s or r_d
segment spacing 0.09709 m exceeds 0.25*r_d = 0.0375 m; consider a larger n_s or r_d
segment spacing 0.09968 m exceeds 0.25*r_d = 0.0375 m; consider a larger n_s or r_d
segment spacing 0.09709 m exceeds 0.25*r_d = 0.0375 m; consider a larger n_s or r_d
segment spacing 0.09709 m exceeds 0.25*r_d = 0.0375 m; consider a larger n_s or r_d
segment spacing 0.09709 m exceeds 0.25*r_d = 0.0375 m; consider a larger n_s or r_d
segment spacing 0.09709 m exceeds 0.25*r_d = 0.0375 m; consider a larger n_s or r_d
segment spacing 0.09709 m exceeds 0.25*r_d = 0.0375 m; consider a larger n_s or r_d
segment spacing 0.09709 m exceeds 0.25*r_d = 0.0375 m; consider a larger n_s or r_d
segment spacing 0.09709 m exceeds 0.25*r_d = 0.0375 m; consider a larger n_s or r_d
segment spacing 0.09709 m exceeds 0.25*r_d = 0.0375 m; consider a larger n_s or r_d
segment spacing 0.09709 m exceeds 0.25*r_d = 0.0375 m; consider a larger n_s or r_d
segment spacing 0.09968 m exceeds 0.25*r_d = 0.0375 m; consider a larger n_s or r_d
segment spacing 0.09709 m exceeds 0.25*r_d = 0.0375 m; consider a larger n_s or r_d
segment spacing 0.09968 m exceeds 0.25*r_d = 0.0375 m; consider a larger n_s or r_d
segment spacing 0.09709 m exceeds 0.25*r_d = 0.0375 m; consider a larger n_s or r_d
segment spacing 0.09968 m exceeds 0.25*r_d = 0.0375 m; consider a larger n_s or r_d
segment spacing 0.09709 m exceeds 0.25*r_d = 0.0375 m; consider a larger n_s or r_d
segment spacing 0.09709 m exceeds 0.25*r_d = 0.0375 m; consider a larger n_s or r_d
segment spacing 0.09968 m exceeds 0.25*r_d = 0.0375 m; consider a larger n_s or r_d
segment spacing 0.09709 m exceeds 0.25*r_d = 0.0375 m; consider a larger n_s or r_d
segment spacing 0.09709 m exceeds 0.25*r_d = 0.0375 m; consider a larger n_s or r_d
segment spacing 0.09709 m exceeds 0.25*r_d = 0.0375 m; consider a larger n_s or r_d
segment spacing 0.09709 m exceeds 0.25*r_d = 0.0375 m; consider a larger n_s or r_d
segment spacing 0.09709 m exceeds 0.25*r_d = 0.0375 m; consider a larger n_s or r_d
segment spacing 0.09709 m exceeds 0.25*r_d = 0.0375 m; consider a larger n_s or r_d
segment spacing 0.09709 m exceeds 0.25*r_d = 0.0375 m; consider a larger n_s or r_d
segment spacing 0.09709 m exceeds 0.25*r_d = 0.0375 m; consider a larger n_s or r_d
segment spacing 0.09709 m exceeds 0.25*r_d = 0.0375 m; consider a larger n_s or r_d
segment spacing 0.09709 m exceeds 0.25*r_d = 0.0375 m; consider a larger n_s or r_d
segment spacing 0.09709 m exceeds 0.25*r_d = 0.0375 m; consider a larger n_s or r_d
segment spacing 0.09709 m exceeds 0.25*r_d = 0.0375 m; consider a larger n_s or r_d
segment spacing 0.09968 m exceeds 0.25*r_d = 0.0375 m; consider a larger n_s or r_d
segment spacing 0.09709 m exceeds 0.25*r_d = 0.0375 m; consider a larger n_s or r_d
segment spacing 0.09709 m exceeds 0.25*r_d = 0.0375 m; consider a larger n_s or r_d
segment spacing 0.09709 m exceeds 0.25*r_d = 0.0375 m; consider a larger n_s or r_d
segment spacing 0.09709 m exceeds 0.25*r_d = 0.0375 m; consider a larger n_s or r_d
segment spacing 0.09709 m exceeds 0.25*r_d = 0.0375 m; consider a larger n_s or r_d
segment spacing 0.09709 m exceeds 0.25*r_d = 0.0375 m; consider a larger n_s or r_d
segment spacing 0.09709 m exceeds 0.25*r_d = 0.0375 m; consider a larger n_s or r_d
segment spacing 0.09709 m exceeds 0.25*r_d = 0.0375 m; consider a larger n_s or r_d
segment spacing 0.09709 m exceeds 0.25*r_d = 0.0375 m; consider a larger n_s or r_d
segment spacing 0.09968 m exceeds 0.25*r_d = 0.0375 m; consider a larger n_s or r_d
segment spacing 0.09968 m exceeds 0.25*r_d = 0.0375 m; consider a larger n_s or r_d
segment spacing 0.09709 m exceeds 0.25*r_d = 0.0375 m; consider a larger n_s or r_d
segment spacing 0.09709 m exceeds 0.25*r_d = 0.0375 m; consider a larger n_s or r_d
segment spacing 0.09968 m exceeds 0.25*r_d = 0.0375 m; consider a larger n_s or r_d
segment spacing 0.09709 m exceeds 0.25*r_d = 0.0375 m; consider a larger n_s or r_d
segment spacing 0.09709 m exceeds 0.25*r_d = 0.0375 m; consider a larger n_s or r_d
segment spacing 0.09709 m exceeds 0.25*r_d = 0.0375 m; consider a larger n_s or r_d
segment spacing 0.09968 m exceeds 0.25*r_d = 0.0375 m; consider a larger n_s or r_d
segment spacing 0.09709 m exceeds 0.25*r_d = 0.0375 m; consider a larger n_s or r_d
segment spacing 0.09709 m exceeds 0.25*r_d = 0.0375 m; consider a larger n_s or r_d
segment spacing 0.09709 m exceeds 0.25*r_d = 0.0375 m; consider a larger n_s or r_d
segment spacing 0.09709 m exceeds 0.25*r_d = 0.0375 m; consider a larger n_s or r_d
segment spacing 0.09709 m exceeds 0.25*r_d = 0.0375 m; consider a larger n_s or r_d
segment spacing 0.09709 m exceeds 0.25*r_d = 0.0375 m; consider a larger n_s or r_d
segment spacing 0.09709 m exceeds 0.25*r_d = 0.0375 m; consider a larger n_s or r_d
segment spacing 0.09709 m exceeds 0.25*r_d = 0.0375 m; consider a larger n_s or r_d
segment spacing 0.09709 m exceeds 0.25*r_d = 0.0375 m; consider a larger n_s or r_d
segment spacing 0.09709 m exceeds 0.25*r_d = 0.0375 m; consider a larger n_s or r_d
segment spacing 0.09709 m exceeds 0.25*r_d = 0.0375 m; consider a larger n_s or r_d
segment spacing 0.09709 m exceeds 0.25*r_d = 0.0375 m; consider a larger n_s or r_d
segment spacing 0.09968 m exceeds 0.25*r_d = 0.0375 m; consider a larger n_s or r_d
segment spacing 0.09709 m exceeds 0.25*r_d = 0.0375 m; consider a larger n_s or r_d
segment spacing 0.09709 m exceeds 0.25*r_d = 0.0375 m; consider a larger n_s or r_d
segment spacing 0.09709 m exceeds 0.25*r_d = 0.0375 m; consider a larger n_s or r_d
segment spacing 0.09709 m exceeds 0.25*r_d = 0.0375 m; consider a larger n_s or r_d
segment spacing 0.09709 m exceeds 0.25*r_d = 0.0375 m; consider a larger n_s or r_d
segment spacing 0.09709 m exceeds 0.25*r_d = 0.0375 m; consider a larger n_s or r_d
segment spacing 0.09709 m exceeds 0.25*r_d = 0.0375 m; consider a larger n_s or r_d
segment spacing 0.09709 m exceeds 0.25*r_d = 0.0375 m; consider a larger n_s or r_d
segment spacing 0.09709 m exceeds 0.25*r_d = 0.0375 m; consider a larger n_s or r_d
segment spacing 0.09709 m exceeds 0.25*r_d = 0.0375 m; consider a larger n_s or r_d
segment spacing 0.09709 m exceeds 0.25*r_d = 0.0375 m; consider a larger n_s or r_d
segment spacing 0.09709 m exceeds 0.25*r_d = 0.0375 m; consider a larger n_s or r_d
segment spacing 0.09709 m exceeds 0.25*r_d = 0.0375 m; consider a larger n_s or r_d
segment spacing 0.09709 m exceeds 0.25*r_d = 0.0375 m; consider a larger n_s or r_d
segment spacing 0.09968 m exceeds 0.25*r_d = 0.0375 m; consider a larger n_s or r_d
segment spacing 0.09709 m exceeds 0.25*r_d = 0.0375 m; consider a larger n_s or r_d
segment spacing 0.09709 m exceeds 0.25*r_d = 0.0375 m; consider a larger n_s or r_d
segment spacing 0.09709 m exceeds 0.25*r_d = 0.0375 m; consider a larger n_s or r_d
segment spacing 0.09709 m exceeds 0.25*r_d = 0.0375 m; consider a larger n_s or r_d
segment spacing 0.09709 m exceeds 0.25*r_d = 0.0375 m; consider a larger n_s or r_d
segment spacing 0.09709 m exceeds 0.25*r_d = 0.0375 m; consider a larger n_s or r_d
segment spacing 0.09709 m exceeds 0.25*r_d = 0.0375 m; consider a larger n_s or r_d
segment spacing 0.09709 m exceeds 0.25*r_d = 0.0375 m; consider a larger n_s or r_d
segment spacing 0.09709 m exceeds 0.25*r_d = 0.0375 m; consider a larger n_s or r_d
segment spacing 0.09709 m exceeds 0.25*r_d = 0.0375 m; consider a larger n_s or r_d
segment spacing 0.09709 m exceeds 0.25*r_d = 0.0375 m; consider a larger n_s or r_d
segment spacing 0.09709 m exceeds 0.25*r_d = 0.0375 m; consider a larger n_s or r_d
segment spacing 0.09709 m exceeds 0.25*r_d = 0.0375 m; consider a larger n_s or r_d
segment spacing 0.09709 m exceeds 0.25*r_d = 0.0375 m; consider a larger n_s or r_d
segment spacing 0.09709 m exceeds 0.25*r_d = 0.0375 m; consider a larger n_s or r_d
segment spacing 0.09709 m exceeds 0.25*r_d = 0.0375 m; consider a larger n_s or r_d
segment spacing 0.09709 m exceeds 0.25*r_d = 0.0375 m; consider a larger n_s or r_d
segment spacing 0.09709 m exceeds 0.25*r_d = 0.0375 m; consider a larger n_s or r_d
segment spacing 0.09709 m exceeds 0.25*r_d = 0.0375 m; consider a larger n_s or r_d
segment spacing 0.09709 m exceeds 0.25*r_d = 0.0375 m; consider a larger n_s or r_d
segment spacing 0.09709 m exceeds 0.25*r_d = 0.0375 m; consider a larger n_s or r_d
segment spacing 0.09709 m exceeds 0.25*r_d = 0.0375 m; consider a larger n_s or r_d
segment spacing 0.09709 m exceeds 0.25*r_d = 0.0375 m; consider a larger n_s or r_d
segment spacing 0.09709 m exceeds 0.25*r_d = 0.0375 m; consider a larger n_s or r_d
segment spacing 0.09709 m exceeds 0.25*r_d = 0.0375 m; consider a larger n_s or r_d
segment spacing 0.09709 m exceeds 0.25*r_d = 0.0375 m; consider a larger n_s or r_d
segment spacing 0.09709 m exceeds 0.25*r_d = 0.0375 m; consider a larger n_s or r_d
segment spacing 0.09709 m exceeds 0.25*r_d = 0.0375 m; consider a larger n_s or r_d
segment spacing 0.09709 m exceeds 0.25*r_d = 0.0375 m; consider a larger n_s or r_d
segment spacing 0.09709 m exceeds 0.25*r_d = 0.0375 m; consider a larger n_s or r_d
segment spacing 0.09709 m exceeds 0.25*r_d = 0.0375 m; consider a larger n_s or r_d
segment spacing 0.09709 m exceeds 0.25*r_d = 0.0375 m; consider a larger n_s or r_d
segment spacing 0.09709 m exceeds 0.25*r_d = 0.0375 m; consider a larger n_s or r_d
segment spacing 0.09709 m exceeds 0.25*r_d = 0.0375 m; consider a larger n_s or r_d
segment spacing 0.09709 m exceeds 0.25*r_d = 0.0375 m; consider a larger n_s or r_d
segment spacing 0.09709 m exceeds 0.25*r_d = 0.0375 m; consider a larger n_s or r_d
segment spacing 0.09709 m exceeds 0.25*r_d = 0.0375 m; consider a larger n_s or r_d
segment spacing 0.09709 m exceeds 0.25*r_d = 0.0375 m; consider a larger n_s or r_d
segment spacing 0.09709 m exceeds 0.25*r_d = 0.0375 m; consider a larger n_s or r_d
segment spacing 0.09709 m exceeds 0.25*r_d = 0.0375 m; consider a larger n_s or r_d
segment spacing 0.09709 m exceeds 0.25*r_d = 0.0375 m; consider a larger n_s or r_d
segment spacing 0.09709 m exceeds 0.25*r_d = 0.0375 m; consider a larger n_s or r_d
segment spacing 0.09709 m exceeds 0.25*r_d = 0.0375 m; consider a larger n_s or r_d
segment spacing 0.09709 m exceeds 0.25*r_d = 0.0375 m; consider a larger n_s or r_d
segment spacing 0.09709 m exceeds 0.25*r_d = 0.0375 m; consider a larger n_s or r_d
segment spacing 0.09709 m exceeds 0.25*r_d = 0.0375 m; consider a larger n_s or r_d
segment spacing 0.09709 m exceeds 0.25*r_d = 0.0375 m; consider a larger n_s or r_d
segment spacing 0.09709 m exceeds 0.25*r_d = 0.0375 m; consider a larger n_s or r_d
segment spacing 0.09709 m exceeds 0.25*r_d = 0.0375 m; consider a larger n_s or r_d
segment spacing 0.09709 m exceeds 0.25*r_d = 0.0375 m; consider a larger n_s or r_d
segment spacing 0.09709 m exceeds 0.25*r_d = 0.0375 m; consider a larger n_s or r_d
segment spacing 0.09709 m exceeds 0.25*r_d = 0.0375 m; consider a larger n_s or r_d
segment spacing 0.09709 m exceeds 0.25*r_d = 0.0375 m; consider a larger n_s or r_d
segment spacing 0.09709 m exceeds 0.25*r_d = 0.0375 m; consider a larger n_s or r_d
segment spacing 0.09709 m exceeds 0.25*r_d = 0.0375 m; consider a larger n_s or r_d
segment spacing 0.09709 m exceeds 0.25*r_d = 0.0375 m; consider a larger n_s or r_d
segment spacing 0.09709 m exceeds 0.25*r_d = 0.0375 m; consider a larger n_s or r_d
segment spacing 0.09709 m exceeds 0.25*r_d = 0.0375 m; consider a larger n_s or r_d
segment spacing 0.09709 m exceeds 0.25*r_d = 0.0375 m; consider a larger n_s or r_d
segment spacing 0.09709 m exceeds 0.25*r_d = 0.0375 m; consider a larger n_s or r_d
segment spacing 0.09709 m exceeds 0.25*r_d = 0.0375 m; consider a larger n_s or r_d
segment spacing 0.09709 m exceeds 0.25*r_d = 0.0375 m; consider a larger n_s or r_d
segment spacing 0.09709 m exceeds 0.25*r_d = 0.0375 m; consider a larger n_s or r_d
segment spacing 0.09709 m exceeds 0.25*r_d = 0.0375 m; consider a larger n_s or r_d
segment spacing 0.09709 m exceeds 0.25*r_d = 0.0375 m; consider a larger n_s or r_d
segment spacing 0.09709 m exceeds 0.25*r_d = 0.0375 m; consider a larger n_s or r_d
segment spacing 0.09709 m exceeds 0.25*r_d = 0.0375 m; consider a larger n_s or r_d
segment spacing 0.09709 m exceeds 0.25*r_d = 0.0375 m; consider a larger n_s or r_d
segment spacing 0.09709 m exceeds 0.25*r_d = 0.0375 m; consider a larger n_s or r_d
segment spacing 0.09709 m exceeds 0.25*r_d = 0.0375 m; consider a larger n_s or r_d
segment spacing 0.09709 m exceeds 0.25*r_d = 0.0375 m; consider a larger n_s or r_d
segment spacing 0.09709 m exceeds 0.25*r_d = 0.0375 m; consider a larger n_s or r_d
segment spacing 0.09709 m exceeds 0.25*r_d = 0.0375 m; consider a larger n_s or r_d
segment spacing 0.09709 m exceeds 0.25*r_d = 0.0375 m; consider a larger n_s or r_d
segment spacing 0.09709 m exceeds 0.25*r_d = 0.0375 m; consider a larger n_s or r_d
segment spacing 0.09709 m exceeds 0.25*r_d = 0.0375 m; consider a larger n_s or r_d
segment spacing 0.09709 m exceeds 0.25*r_d = 0.0375 m; consider a larger n_s or r_d
segment spacing 0.09709 m exceeds 0.25*r_d = 0.0375 m; consider a larger n_s or r_d
segment spacing 0.09709 m exceeds 0.25*r_d = 0.0375 m; consider a larger n_s or r_d
segment spacing 0.09709 m exceeds 0.25*r_d = 0.0375 m; consider a larger n_s or r_d
segment spacing 0.09709 m exceeds 0.25*r_d = 0.0375 m; consider a larger n_s or r_d
segment spacing 0.09709 m exceeds 0.25*r_d = 0.0375 m; consider a larger n_s or r_d
segment spacing 0.09709 m exceeds 0.25*r_d = 0.0375 m; consider a larger n_s or r_d
segment spacing 0.09709 m exceeds 0.25*r_d = 0.0375 m; consider a larger n_s or r_d
segment spacing 0.09709 m exceeds 0.25*r_d = 0.0375 m; consider a larger n_s or r_d
segment spacing 0.09709 m exceeds 0.25*r_d = 0.0375 m; consider a larger n_s or r_d
segment spacing 0.09709 m exceeds 0.25*r_d = 0.0375 m; consider a larger n_s or r_d
segment spacing 0.09709 m exceeds 0.25*r_d = 0.0375 m; consider a larger n_s or r_d
segment spacing 0.09709 m exceeds 0.25*r_d = 0.0375 m; consider a larger n_s or r_d
segment spacing 0.09709 m exceeds 0.25*r_d = 0.0375 m; consider a larger n_s or r_d
segment spacing 0.09709 m exceeds 0.25*r_d = 0.0375 m; consider a larger n_s or r_d
segment spacing 0.09709 m exceeds 0.25*r_d = 0.0375 m; consider a larger n_s or r_d
segment spacing 0.09968 m exceeds 0.25*r_d = 0.0375 m; consider a larger n_s or r_d
segment spacing 0.09709 m exceeds 0.25*r_d = 0.0375 m; consider a larger n_s or r_d
segment spacing 0.09709 m exceeds 0.25*r_d = 0.0375 m; consider a larger n_s or r_d
segment spacing 0.09709 m exceeds 0.25*r_d = 0.0375 m; consider a larger n_s or r_d
segment spacing 0.09709 m exceeds 0.25*r_d = 0.0375 m; consider a larger n_s or r_d
segment spacing 0.09709 m exceeds 0.25*r_d = 0.0375 m; consider a larger n_s or r_d
segment spacing 0.09709 m exceeds 0.25*r_d = 0.0375 m; consider a larger n_s or r_d
segment spacing 0.09709 m exceeds 0.25*r_d = 0.0375 m; consider a larger n_s or r_d
segment spacing 0.09709 m exceeds 0.25*r_d = 0.0375 m; consider a larger n_s or r_d
segment spacing 0.09709 m exceeds 0.25*r_d = 0.0375 m; consider a larger n_s or r_d
segment spacing 0.09709 m exceeds 0.25*r_d = 0.0375 m; consider a larger n_s or r_d
segment spacing 0.09709 m exceeds 0.25*r_d = 0.0375 m; consider a larger n_s or r_d
segment spacing 0.09709 m exceeds 0.25*r_d = 0.0375 m; consider a larger n_s or r_d
segment spacing 0.09709 m exceeds 0.25*r_d = 0.0375 m; consider a larger n_s or r_d
segment spacing 0.09709 m exceeds 0.25*r_d = 0.0375 m; consider a larger n_s or r_d
segment spacing 0.09709 m exceeds 0.25*r_d = 0.0375 m; consider a larger n_s or r_d
segment spacing 0.09709 m exceeds 0.25*r_d = 0.0375 m; consider a larger n_s or r_d
segment spacing 0.09709 m exceeds 0.25*r_d = 0.0375 m; consider a larger n_s or r_d
segment spacing 0.09709 m exceeds 0.25*r_d = 0.0375 m; consider a larger n_s or r_d
segment spacing 0.09709 m exceeds 0.25*r_d = 0.0375 m; consider a larger n_s or r_d
segment spacing 0.09709 m exceeds 0.25*r_d = 0.0375 m; consider a larger n_s or r_d
segment spacing 0.09709 m exceeds 0.25*r_d = 0.0375 m; consider a larger n_s or r_d
segment spacing 0.09709 m exceeds 0.25*r_d = 0.0375 m; consider a larger n_s or r_d
segment spacing 0.09709 m exceeds 0.25*r_d = 0.0375 m; consider a larger n_s or r_d
segment spacing 0.09709 m exceeds 0.25*r_d = 0.0375 m; consider a larger n_s or r_d
segment spacing 0.09709 m exceeds 0.25*r_d = 0.0375 m; consider a larger n_s or r_d
segment spacing 0.09709 m exceeds 0.25*r_d = 0.0375 m; consider a larger n_s or r_d
segment spacing 0.09709 m exceeds 0.25*r_d = 0.0375 m; consider a larger n_s or r_d
segment spacing 0.09709 m exceeds 0.25*r_d = 0.0375 m; consider a larger n_s or r_d
segment spacing 0.09709 m exceeds 0.25*r_d = 0.0375 m; consider a larger n_s or r_d
segment spacing 0.09709 m exceeds 0.25*r_d = 0.0375 m; consider a larger n_s or r_d
segment spacing 0.09709 m exceeds 0.25*r_d = 0.0375 m; consider a larger n_s or r_d
segment spacing 0.09709 m exceeds 0.25*r_d = 0.0375 m; consider a larger n_s or r_d
segment spacing 0.09709 m exceeds 0.25*r_d = 0.0375 m; consider a larger n_s or r_d
segment spacing 0.09709 m exceeds 0.25*r_d = 0.0375 m; consider a larger n_s or r_d
segment spacing 0.09709 m exceeds 0.25*r_d = 0.0375 m; consider a larger n_s or r_d
segment spacing 0.09709 m exceeds 0.25*r_d = 0.0375 m; consider a larger n_s or r_d
segment spacing 0.09709 m exceeds 0.25*r_d = 0.0375 m; consider a larger n_s or r_d
segment spacing 0.09709 m exceeds 0.25*r_d = 0.0375 m; consider a larger n_s or r_d
segment spacing 0.09709 m exceeds 0.25*r_d = 0.0375 m; consider a larger n_s or r_d
segment spacing 0.09709 m exceeds 0.25*r_d = 0.0375 m; consider a larger n_s or r_d
segment spacing 0.09709 m exceeds 0.25*r_d = 0.0375 m; consider a larger n_s or r_d
segment spacing 0.09709 m exceeds 0.25*r_d = 0.0375 m; consider a larger n_s or r_d
segment spacing 0.09709 m exceeds 0.25*r_d = 0.0375 m; consider a larger n_s or r_d
segment spacing 0.09709 m exceeds 0.25*r_d = 0.0375 m; consider a larger n_s or r_d
segment spacing 0.09709 m exceeds 0.25*r_d = 0.0375 m; consider a larger n_s or r_d
segment spacing 0.09709 m exceeds 0.25*r_d = 0.0375 m; consider a larger n_s or r_d
segment spacing 0.09709 m exceeds 0.25*r_d = 0.0375 m; consider a larger n_s or r_d
segment spacing 0.09709 m exceeds 0.25*r_d = 0.0375 m; consider a larger n_s or r_d
segment spacing 0.09709 m exceeds 0.25*r_d = 0.0375 m; consider a larger n_s or r_d
segment spacing 0.09709 m exceeds 0.25*r_d = 0.0375 m; consider a larger n_s or r_d
segment spacing 0.09709 m exceeds 0.25*r_d = 0.0375 m; consider a larger n_s or r_d
segment spacing 0.09709 m exceeds 0.25*r_d = 0.0375 m; consider a larger n_s or r_d
segment spacing 0.09709 m exceeds 0.25*r_d = 0.0375 m; consider a larger n_s or r_d
segment spacing 0.09709 m exceeds 0.25*r_d = 0.0375 m; consider a larger n_s or r_d
segment spacing 0.09709 m exceeds 0.25*r_d = 0.0375 m; consider a larger n_s or r_d
segment spacing 0.09709 m exceeds 0.25*r_d = 0.0375 m; consider a larger n_s or r_d
segment spacing 0.09709 m exceeds 0.25*r_d = 0.0375 m; consider a larger n_s or r_d
segment spacing 0.09709 m exceeds 0.25*r_d = 0.0375 m; consider a larger n_s or r_d
segment spacing 0.09709 m exceeds 0.25*r_d = 0.0375 m; consider a larger n_s or r_d
segment spacing 0.09709 m exceeds 0.25*r_d = 0.0375 m; consider a larger n_s or r_d
segment spacing 0.09709 m exceeds 0.25*r_d = 0.0375 m; consider a larger n_s or r_d
segment spacing 0.09709 m exceeds 0.25*r_d = 0.0375 m; consider a larger n_s or r_d
segment spacing 0.09709 m exceeds 0.25*r_d = 0.0375 m; consider a larger n_s or r_d
segment spacing 0.09709 m exceeds 0.25*r_d = 0.0375 m; consider a larger n_s or r_d
segment spacing 0.09709 m exceeds 0.25*r_d = 0.0375 m; consider a larger n_s or r_d
segment spacing 0.09709 m exceeds 0.25*r_d = 0.0375 m; consider a larger n_s or r_d
segment spacing 0.09709 m exceeds 0.25*r_d = 0.0375 m; consider a larger n_s or r_d
segment spacing 0.09709 m exceeds 0.25*r_d = 0.0375 m; consider a larger n_s or r_d
segment spacing 0.09709 m exceeds 0.25*r_d = 0.0375 m; consider a larger n_s or r_d
segment spacing 0.09709 m exceeds 0.25*r_d = 0.0375 m; consider a larger n_s or r_d
segment spacing 0.09709 m exceeds 0.25*r_d = 0.0375 m; consider a larger n_s or r_d
segment spacing 0.09709 m exceeds 0.25*r_d = 0.0375 m; consider a larger n_s or r_d
segment spacing 0.09709 m exceeds 0.25*r_d = 0.0375 m; consider a larger n_s or r_d
segment spacing 0.09968 m exceeds 0.25*r_d = 0.0375 m; consider a larger n_s or r_d
segment spacing 0.09968 m exceeds 0.25*r_d = 0.0375 m; consider a larger n_s or r_d
segment spacing 0.09709 m exceeds 0.25*r_d = 0.0375 m; consider a larger n_s or r_d
segment spacing 0.09709 m exceeds 0.25*r_d = 0.0375 m; consider a larger n_s or r_d
segment spacing 0.09709 m exceeds 0.25*r_d = 0.0375 m; consider a larger n_s or r_d
segment spacing 0.09968 m exceeds 0.25*r_d = 0.0375 m; consider a larger n_s or r_d
segment spacing 0.09709 m exceeds 0.25*r_d = 0.0375 m; consider a larger n_s or r_d
segment spacing 0.09709 m exceeds 0.25*r_d = 0.0375 m; consider a larger n_s or r_d
segment spacing 0.09709 m exceeds 0.25*r_d = 0.0375 m; consider a larger n_s or r_d
segment spacing 0.09709 m exceeds 0.25*r_d = 0.0375 m; consider a larger n_s or r_d
segment spacing 0.09709 m exceeds 0.25*r_d = 0.0375 m; consider a larger n_s or r_d
segment spacing 0.09709 m exceeds 0.25*r_d = 0.0375 m; consider a larger n_s or r_d
segment spacing 0.09709 m exceeds 0.25*r_d = 0.0375 m; consider a larger n_s or r_d
segment spacing 0.09709 m exceeds 0.25*r_d = 0.0375 m; consider a larger n_s or r_d
segment spacing 0.09709 m exceeds 0.25*r_d = 0.0375 m; consider a larger n_s or r_d
segment spacing 0.09709 m exceeds 0.25*r_d = 0.0375 m; consider a larger n_s or r_d
segment spacing 0.09709 m exceeds 0.25*r_d = 0.0375 m; consider a larger n_s or r_d
segment spacing 0.09709 m exceeds 0.25*r_d = 0.0375 m; consider a larger n_s or r_d
segment spacing 0.09709 m exceeds 0.25*r_d = 0.0375 m; consider a larger n_s or r_d
segment spacing 0.09968 m exceeds 0.25*r_d = 0.0375 m; consider a larger n_s or r_d
segment spacing 0.09709 m exceeds 0.25*r_d = 0.0375 m; consider a larger n_s or r_d
segment spacing 0.09709 m exceeds 0.25*r_d = 0.0375 m; consider a larger n_s or r_d
segment spacing 0.09709 m exceeds 0.25*r_d = 0.0375 m; consider a larger n_s or r_d
segment spacing 0.09709 m exceeds 0.25*r_d = 0.0375 m; consider a larger n_s or r_d
segment spacing 0.09709 m exceeds 0.25*r_d = 0.0375 m; consider a larger n_s or r_d
segment spacing 0.09709 m exceeds 0.25*r_d = 0.0375 m; consider a larger n_s or r_d
segment spacing 0.09709 m exceeds 0.25*r_d = 0.0375 m; consider a larger n_s or r_d
segment spacing 0.09709 m exceeds 0.25*r_d = 0.0375 m; consider a larger n_s or r_d
segment spacing 0.09709 m exceeds 0.25*r_d = 0.0375 m; consider a larger n_s or r_d
segment spacing 0.09709 m exceeds 0.25*r_d = 0.0375 m; consider a larger n_s or r_d
segment spacing 0.09709 m exceeds 0.25*r_d = 0.0375 m; consider a larger n_s or r_d
segment spacing 0.09709 m exceeds 0.25*r_d = 0.0375 m; consider a larger n_s or r_d
segment spacing 0.09709 m exceeds 0.25*r_d = 0.0375 m; consider a larger n_s or r_d
segment spacing 0.09709 m exceeds 0.25*r_d = 0.0375 m; consider a larger n_s or r_d
segment spacing 0.09709 m exceeds 0.25*r_d = 0.0375 m; consider a larger n_s or r_d
segment spacing 0.09709 m exceeds 0.25*r_d = 0.0375 m; consider a larger n_s or r_d
segment spacing 0.09709 m exceeds 0.25*r_d = 0.0375 m; consider a larger n_s or r_d
segment spacing 0.09709 m exceeds 0.25*r_d = 0.0375 m; consider a larger n_s or r_d
segment spacing 0.09709 m exceeds 0.25*r_d = 0.0375 m; consider a larger n_s or r_d
segment spacing 0.09709 m exceeds 0.25*r_d = 0.0375 m; consider a larger n_s or r_d
segment spacing 0.09709 m exceeds 0.25*r_d = 0.0375 m; consider a larger n_s or r_d
segment spacing 0.09709 m exceeds 0.25*r_d = 0.0375 m; consider a larger n_s or r_d
segment spacing 0.09709 m exceeds 0.25*r_d = 0.0375 m; consider a larger n_s or r_d
segment spacing 0.09709 m exceeds 0.25*r_d = 0.0375 m; consider a larger n_s or r_d
segment spacing 0.09709 m exceeds 0.25*r_d = 0.0375 m; consider a larger n_s or r_d
segment spacing 0.09709 m exceeds 0.25*r_d = 0.0375 m; consider a larger n_s or r_d
segment spacing 0.09709 m exceeds 0.25*r_d = 0.0375 m; consider a larger n_s or r_d
segment spacing 0.09709 m exceeds 0.25*r_d = 0.0375 m; consider a larger n_s or r_d
segment spacing 0.09709 m exceeds 0.25*r_d = 0.0375 m; consider a larger n_s or r_d
segment spacing 0.09709 m exceeds 0.25*r_d = 0.0375 m; consider a larger n_s or r_d
segment spacing 0.09709 m exceeds 0.25*r_d = 0.0375 m; consider a larger n_s or r_d
segment spacing 0.09709 m exceeds 0.25*r_d = 0.0375 m; consider a larger n_s or r_d
segment spacing 0.09709 m exceeds 0.25*r_d = 0.0375 m; consider a larger n_s or r_d
segment spacing 0.09709 m exceeds 0.25*r_d = 0.0375 m; consider a larger n_s or r_d
segment spacing 0.09709 m exceeds 0.25*r_d = 0.0375 m; consider a larger n_s or r_d
segment spacing 0.09709 m exceeds 0.25*r_d = 0.0375 m; consider a larger n_s or r_d
segment spacing 0.09709 m exceeds 0.25*r_d = 0.0375 m; consider a larger n_s or r_d
segment spacing 0.09709 m exceeds 0.25*r_d = 0.0375 m; consider a larger n_s or r_d
segment spacing 0.09709 m exceeds 0.25*r_d = 0.0375 m; consider a larger n_s or r_d
segment spacing 0.09709 m exceeds 0.25*r_d = 0.0375 m; consider a larger n_s or r_d
segment spacing 0.09709 m exceeds 0.25*r_d = 0.0375 m; consider a larger n_s or r_d
segment spacing 0.09709 m exceeds 0.25*r_d = 0.0375 m; consider a larger n_s or r_d
segment spacing 0.09709 m exceeds 0.25*r_d = 0.0375 m; consider a larger n_s or r_d
segment spacing 0.09968 m exceeds 0.25*r_d = 0.0375 m; consider a larger n_s or r_d
segment spacing 0.09709 m exceeds 0.25*r_d = 0.0375 m; consider a larger n_s or r_d
segment spacing 0.09968 m exceeds 0.25*r_d = 0.0375 m; consider a larger n_s or r_d
segment spacing 0.09709 m exceeds 0.25*r_d = 0.0375 m; consider a larger n_s or r_d
segment spacing 0.09709 m exceeds 0.25*r_d = 0.0375 m; consider a larger n_s or r_d
segment spacing 0.09709 m exceeds 0.25*r_d = 0.0375 m; consider a larger n_s or r_d
segment spacing 0.09709 m exceeds 0.25*r_d = 0.0375 m; consider a larger n_s or r_d
segment spacing 0.09709 m exceeds 0.25*r_d = 0.0375 m; consider a larger n_s or r_d
segment spacing 0.09709 m exceeds 0.25*r_d = 0.0375 m; consider a larger n_s or r_d
segment spacing 0.09709 m exceeds 0.25*r_d = 0.0375 m; consider a larger n_s or r_d
segment spacing 0.09709 m exceeds 0.25*r_d = 0.0375 m; consider a larger n_s or r_d
segment spacing 0.09709 m exceeds 0.25*r_d = 0.0375 m; consider a larger n_s or r_d
segment spacing 0.09709 m exceeds 0.25*r_d = 0.0375 m; consider a larger n_s or r_d
segment spacing 0.09709 m exceeds 0.25*r_d = 0.0375 m; consider a larger n_s or r_d
segment spacing 0.09709 m exceeds 0.25*r_d = 0.0375 m; consider a larger n_s or r_d
segment spacing 0.09709 m exceeds 0.25*r_d = 0.0375 m; consider a larger n_s or r_d
segment spacing 0.09709 m exceeds 0.25*r_d = 0.0375 m; consider a larger n_s or r_d
segment spacing 0.09968 m exceeds 0.25*r_d = 0.0375 m; consider a larger n_s or r_d
segment spacing 0.09709 m exceeds 0.25*r_d = 0.0375 m; consider a larger n_s or r_d
segment spacing 0.09709 m exceeds 0.25*r_d = 0.0375 m; consider a larger n_s or r_d
segment spacing 0.09968 m exceeds 0.25*r_d = 0.0375 m; consider a larger n_s or r_d
segment spacing 0.09709 m exceeds 0.25*r_d = 0.0375 m; consider a larger n_s or r_d
segment spacing 0.09709 m exceeds 0.25*r_d = 0.0375 m; consider a larger n_s or r_d
segment spacing 0.09709 m exceeds 0.25*r_d = 0.0375 m; consider a larger n_s or r_d
segment spacing 0.09709 m exceeds 0.25*r_d = 0.0375 m; consider a larger n_s or r_d
segment spacing 0.09709 m exceeds 0.25*r_d = 0.0375 m; consider a larger n_s or r_d
segment spacing 0.09709 m exceeds 0.25*r_d = 0.0375 m; consider a larger n_s or r_d
segment spacing 0.09709 m exceeds 0.25*r_d = 0.0375 m; consider a larger n_s or r_d
segment spacing 0.09709 m exceeds 0.25*r_d = 0.0375 m; consider a larger n_s or r_d
segment spacing 0.09709 m exceeds 0.25*r_d = 0.0375 m; consider a larger n_s or r_d
segment spacing 0.09709 m exceeds 0.25*r_d = 0.0375 m; consider a larger n_s or r_d
segment spacing 0.09709 m exceeds 0.25*r_d = 0.0375 m; consider a larger n_s or r_d
segment spacing 0.09709 m exceeds 0.25*r_d = 0.0375 m; consider a larger n_s or r_d
segment spacing 0.09709 m exceeds 0.25*r_d = 0.0375 m; consider a larger n_s or r_d
segment spacing 0.09968 m exceeds 0.25*r_d = 0.0375 m; consider a larger n_s or r_d
segment spacing 0.09709 m exceeds 0.25*r_d = 0.0375 m; consider a larger n_s or r_d
segment spacing 0.09709 m exceeds 0.25*r_d = 0.0375 m; consider a larger n_s or r_d
segment spacing 0.09709 m exceeds 0.25*r_d = 0.0375 m; consider a larger n_s or r_d
segment spacing 0.09709 m exceeds 0.25*r_d = 0.0375 m; consider a larger n_s or r_d
segment spacing 0.09709 m exceeds 0.25*r_d = 0.0375 m; consider a larger n_s or r_d
segment spacing 0.09709 m exceeds 0.25*r_d = 0.0375 m; consider a larger n_s or r_d
segment spacing 0.09968 m exceeds 0.25*r_d = 0.0375 m; consider a larger n_s or r_d
segment spacing 0.09709 m exceeds 0.25*r_d = 0.0375 m; consider a larger n_s or r_d
segment spacing 0.09968 m exceeds 0.25*r_d = 0.0375 m; consider a larger n_s or r_d
segment spacing 0.09709 m exceeds 0.25*r_d = 0.0375 m; consider a larger n_s or r_d
segment spacing 0.09968 m exceeds 0.25*r_d = 0.0375 m; consider a larger n_s or r_d
segment spacing 0.09709 m exceeds 0.25*r_d = 0.0375 m; consider a larger n_s or r_d
segment spacing 0.09709 m exceeds 0.25*r_d = 0.0375 m; consider a larger n_s or r_d
segment spacing 0.09968 m exceeds 0.25*r_d = 0.0375 m; consider a larger n_s or r_d
segment spacing 0.09709 m exceeds 0.25*r_d = 0.0375 m; consider a larger n_s or r_d
segment spacing 0.09709 m exceeds 0.25*r_d = 0.0375 m; consider a larger n_s or r_d
    [tab_mmin] star S M=2 v0=20 n_s=10 mA=32.75g A@(0.50,0.00) Bany@(0.25,0.00) nB=3 nB_Aworst=2
segment spacing 0.07322 m exceeds 0.25*r_d = 0.0375 m; consider a larger n_s or r_d
segment spacing 0.09709 m exceeds 0.25*r_d = 0.0375 m; consider a larger n_s or r_d
segment spacing 0.09709 m exceeds 0.25*r_d = 0.0375 m; consider a larger n_s or r_d
segment spacing 0.09709 m exceeds 0.25*r_d = 0.0375 m; consider a larger n_s or r_d
segment spacing 0.09709 m exceeds 0.25*r_d = 0.0375 m; consider a larger n_s or r_d
segment spacing 0.09709 m exceeds 0.25*r_d = 0.0375 m; consider a larger n_s or r_d
segment spacing 0.09968 m exceeds 0.25*r_d = 0.0375 m; consider a larger n_s or r_d
segment spacing 0.09709 m exceeds 0.25*r_d = 0.0375 m; consider a larger n_s or r_d
segment spacing 0.09968 m exceeds 0.25*r_d = 0.0375 m; consider a larger n_s or r_d
segment spacing 0.09968 m exceeds 0.25*r_d = 0.0375 m; consider a larger n_s or r_d
segment spacing 0.09709 m exceeds 0.25*r_d = 0.0375 m; consider a larger n_s or r_d
segment spacing 0.09968 m exceeds 0.25*r_d = 0.0375 m; consider a larger n_s or r_d
segment spacing 0.09968 m exceeds 0.25*r_d = 0.0375 m; consider a larger n_s or r_d
segment spacing 0.09709 m exceeds 0.25*r_d = 0.0375 m; consider a larger n_s or r_d
segment spacing 0.09709 m exceeds 0.25*r_d = 0.0375 m; consider a larger n_s or r_d
segment spacing 0.09709 m exceeds 0.25*r_d = 0.0375 m; consider a larger n_s or r_d
segment spacing 0.09709 m exceeds 0.25*r_d = 0.0375 m; consider a larger n_s or r_d
segment spacing 0.09709 m exceeds 0.25*r_d = 0.0375 m; consider a larger n_s or r_d
segment spacing 0.09968 m exceeds 0.25*r_d = 0.0375 m; consider a larger n_s or r_d
segment spacing 0.09709 m exceeds 0.25*r_d = 0.0375 m; consider a larger n_s or r_d
segment spacing 0.09709 m exceeds 0.25*r_d = 0.0375 m; consider a larger n_s or r_d
segment spacing 0.09709 m exceeds 0.25*r_d = 0.0375 m; consider a larger n_s or r_d
segment spacing 0.09709 m exceeds 0.25*r_d = 0.0375 m; consider a larger n_s or r_d
segment spacing 0.09968 m exceeds 0.25*r_d = 0.0375 m; consider a larger n_s or r_d
segment spacing 0.09709 m exceeds 0.25*r_d = 0.0375 m; consider a larger n_s or r_d
segment spacing 0.09709 m exceeds 0.25*r_d = 0.0375 m; consider a larger n_s or r_d
segment spacing 0.09709 m exceeds 0.25*r_d = 0.0375 m; consider a larger n_s or r_d
segment spacing 0.09968 m exceeds 0.25*r_d = 0.0375 m; consider a larger n_s or r_d
segment spacing 0.09968 m exceeds 0.25*r_d = 0.0375 m; consider a larger n_s or r_d
segment spacing 0.09709 m exceeds 0.25*r_d = 0.0375 m; consider a larger n_s or r_d
segment spacing 0.09709 m exceeds 0.25*r_d = 0.0375 m; consider a larger n_s or r_d
segment spacing 0.09968 m exceeds 0.25*r_d = 0.0375 m; consider a larger n_s or r_d
segment spacing 0.09709 m exceeds 0.25*r_d = 0.0375 m; consider a larger n_s or r_d
segment spacing 0.09709 m exceeds 0.25*r_d = 0.0375 m; consider a larger n_s or r_d
segment spacing 0.09709 m exceeds 0.25*r_d = 0.0375 m; consider a larger n_s or r_d
segment spacing 0.09709 m exceeds 0.25*r_d = 0.0375 m; consider a larger n_s or r_d
segment spacing 0.09709 m exceeds 0.25*r_d = 0.0375 m; consider a larger n_s or r_d
segment spacing 0.09709 m exceeds 0.25*r_d = 0.0375 m; consider a larger n_s or r_d
segment spacing 0.09709 m exceeds 0.25*r_d = 0.0375 m; consider a larger n_s or r_d
segment spacing 0.09709 m exceeds 0.25*r_d = 0.0375 m; consider a larger n_s or r_d
segment spacing 0.09968 m exceeds 0.25*r_d = 0.0375 m; consider a larger n_s or r_d
segment spacing 0.09709 m exceeds 0.25*r_d = 0.0375 m; consider a larger n_s or r_d
segment spacing 0.09968 m exceeds 0.25*r_d = 0.0375 m; consider a larger n_s or r_d
segment spacing 0.09709 m exceeds 0.25*r_d = 0.0375 m; consider a larger n_s or r_d
segment spacing 0.09709 m exceeds 0.25*r_d = 0.0375 m; consider a larger n_s or r_d
segment spacing 0.09968 m exceeds 0.25*r_d = 0.0375 m; consider a larger n_s or r_d
segment spacing 0.09709 m exceeds 0.25*r_d = 0.0375 m; consider a larger n_s or r_d
segment spacing 0.09709 m exceeds 0.25*r_d = 0.0375 m; consider a larger n_s or r_d
segment spacing 0.09709 m exceeds 0.25*r_d = 0.0375 m; consider a larger n_s or r_d
segment spacing 0.09709 m exceeds 0.25*r_d = 0.0375 m; consider a larger n_s or r_d
segment spacing 0.09709 m exceeds 0.25*r_d = 0.0375 m; consider a larger n_s or r_d
segment spacing 0.09709 m exceeds 0.25*r_d = 0.0375 m; consider a larger n_s or r_d
segment spacing 0.09709 m exceeds 0.25*r_d = 0.0375 m; consider a larger n_s or r_d
segment spacing 0.09709 m exceeds 0.25*r_d = 0.0375 m; consider a larger n_s or r_d
segment spacing 0.09968 m exceeds 0.25*r_d = 0.0375 m; consider a larger n_s or r_d
segment spacing 0.09709 m exceeds 0.25*r_d = 0.0375 m; consider a larger n_s or r_d
segment spacing 0.09709 m exceeds 0.25*r_d = 0.0375 m; consider a larger n_s or r_d
segment spacing 0.09968 m exceeds 0.25*r_d = 0.0375 m; consider a larger n_s or r_d
segment spacing 0.09968 m exceeds 0.25*r_d = 0.0375 m; consider a larger n_s or r_d
segment spacing 0.09709 m exceeds 0.25*r_d = 0.0375 m; consider a larger n_s or r_d
segment spacing 0.09709 m exceeds 0.25*r_d = 0.0375 m; consider a larger n_s or r_d
segment spacing 0.09709 m exceeds 0.25*r_d = 0.0375 m; consider a larger n_s or r_d
segment spacing 0.09709 m exceeds 0.25*r_d = 0.0375 m; consider a larger n_s or r_d
segment spacing 0.09709 m exceeds 0.25*r_d = 0.0375 m; consider a larger n_s or r_d
segment spacing 0.09709 m exceeds 0.25*r_d = 0.0375 m; consider a larger n_s or r_d
segment spacing 0.09709 m exceeds 0.25*r_d = 0.0375 m; consider a larger n_s or r_d
segment spacing 0.09709 m exceeds 0.25*r_d = 0.0375 m; consider a larger n_s or r_d
segment spacing 0.09709 m exceeds 0.25*r_d = 0.0375 m; consider a larger n_s or r_d
segment spacing 0.09709 m exceeds 0.25*r_d = 0.0375 m; consider a larger n_s or r_d
segment spacing 0.09709 m exceeds 0.25*r_d = 0.0375 m; consider a larger n_s or r_d
segment spacing 0.09709 m exceeds 0.25*r_d = 0.0375 m; consider a larger n_s or r_d
segment spacing 0.09709 m exceeds 0.25*r_d = 0.0375 m; consider a larger n_s or r_d
segment spacing 0.09968 m exceeds 0.25*r_d = 0.0375 m; consider a larger n_s or r_d
segment spacing 0.09709 m exceeds 0.25*r_d = 0.0375 m; consider a larger n_s or r_d
segment spacing 0.09968 m exceeds 0.25*r_d = 0.0375 m; consider a larger n_s or r_d
segment spacing 0.09709 m exceeds 0.25*r_d = 0.0375 m; consider a larger n_s or r_d
segment spacing 0.09709 m exceeds 0.25*r_d = 0.0375 m; consider a larger n_s or r_d
segment spacing 0.09709 m exceeds 0.25*r_d = 0.0375 m; consider a larger n_s or r_d
segment spacing 0.09709 m exceeds 0.25*r_d = 0.0375 m; consider a larger n_s or r_d
segment spacing 0.09709 m exceeds 0.25*r_d = 0.0375 m; consider a larger n_s or r_d
segment spacing 0.09709 m exceeds 0.25*r_d = 0.0375 m; consider a larger n_s or r_d
segment spacing 0.09709 m exceeds 0.25*r_d = 0.0375 m; consider a larger n_s or r_d
segment spacing 0.09968 m exceeds 0.25*r_d = 0.0375 m; consider a larger n_s or r_d
segment spacing 0.09968 m exceeds 0.25*r_d = 0.0375 m; consider a larger n_s or r_d
segment spacing 0.09709 m exceeds 0.25*r_d = 0.0375 m; consider a larger n_s or r_d
segment spacing 0.09709 m exceeds 0.25*r_d = 0.0375 m; consider a larger n_s or r_d
segment spacing 0.09709 m exceeds 0.25*r_d = 0.0375 m; consider a larger n_s or r_d
segment spacing 0.09709 m exceeds 0.25*r_d = 0.0375 m; consider a larger n_s or r_d
segment spacing 0.09709 m exceeds 0.25*r_d = 0.0375 m; consider a larger n_s or r_d
segment spacing 0.09968 m exceeds 0.25*r_d = 0.0375 m; consider a larger n_s or r_d
segment spacing 0.09709 m exceeds 0.25*r_d = 0.0375 m; consider a larger n_s or r_d
segment spacing 0.09709 m exceeds 0.25*r_d = 0.0375 m; consider a larger n_s or r_d
segment spacing 0.09709 m exceeds 0.25*r_d = 0.0375 m; consider a larger n_s or r_d
segment spacing 0.09709 m exceeds 0.25*r_d = 0.0375 m; consider a larger n_s or r_d
segment spacing 0.09709 m exceeds 0.25*r_d = 0.0375 m; consider a larger n_s or r_d
segment spacing 0.09709 m exceeds 0.25*r_d = 0.0375 m; consider a larger n_s or r_d
segment spacing 0.09968 m exceeds 0.25*r_d = 0.0375 m; consider a larger n_s or r_d
segment spacing 0.09709 m exceeds 0.25*r_d = 0.0375 m; consider a larger n_s or r_d
segment spacing 0.09709 m exceeds 0.25*r_d = 0.0375 m; consider a larger n_s or r_d
segment spacing 0.09709 m exceeds 0.25*r_d = 0.0375 m; consider a larger n_s or r_d
segment spacing 0.09709 m exceeds 0.25*r_d = 0.0375 m; consider a larger n_s or r_d
segment spacing 0.09709 m exceeds 0.25*r_d = 0.0375 m; consider a larger n_s or r_d
segment spacing 0.09709 m exceeds 0.25*r_d = 0.0375 m; consider a larger n_s or r_d
segment spacing 0.09709 m exceeds 0.25*r_d = 0.0375 m; consider a larger n_s or r_d
segment spacing 0.09709 m exceeds 0.25*r_d = 0.0375 m; consider a larger n_s or r_d
segment spacing 0.09968 m exceeds 0.25*r_d = 0.0375 m; consider a larger n_s or r_d
segment spacing 0.09709 m exceeds 0.25*r_d = 0.0375 m; consider a larger n_s or r_d
segment spacing 0.09968 m exceeds 0.25*r_d = 0.0375 m; consider a larger n_s or r_d
segment spacing 0.09709 m exceeds 0.25*r_d = 0.0375 m; consider a larger n_s or r_d
segment spacing 0.09968 m exceeds 0.25*r_d = 0.0375 m; consider a larger n_s or r_d
segment spacing 0.09709 m exceeds 0.25*r_d = 0.0375 m; consider a larger n_s or r_d
segment spacing 0.09709 m exceeds 0.25*r_d = 0.0375 m; consider a larger n_s or r_d
segment spacing 0.09709 m exceeds 0.25*r_d = 0.0375 m; consider a larger n_s or r_d
segment spacing 0.09709 m exceeds 0.25*r_d = 0.0375 m; consider a larger n_s or r_d
segment spacing 0.09709 m exceeds 0.25*r_d = 0.0375 m; consider a larger n_s or r_d
segment spacing 0.09709 m exceeds 0.25*r_d = 0.0375 m; consider a larger n_s or r_d
segment spacing 0.09709 m exceeds 0.25*r_d = 0.0375 m; consider a larger n_s or r_d
segment spacing 0.09709 m exceeds 0.25*r_d = 0.0375 m; consider a larger n_s or r_d
segment spacing 0.09709 m exceeds 0.25*r_d = 0.0375 m; consider a larger n_s or r_d
segment spacing 0.09709 m exceeds 0.25*r_d = 0.0375 m; consider a larger n_s or r_d
segment spacing 0.09709 m exceeds 0.25*r_d = 0.0375 m; consider a larger n_s or r_d
segment spacing 0.09709 m exceeds 0.25*r_d = 0.0375 m; consider a larger n_s or r_d
segment spacing 0.09709 m exceeds 0.25*r_d = 0.0375 m; consider a larger n_s or r_d
segment spacing 0.09709 m exceeds 0.25*r_d = 0.0375 m; consider a larger n_s or r_d
segment spacing 0.09709 m exceeds 0.25*r_d = 0.0375 m; consider a larger n_s or r_d
segment spacing 0.09709 m exceeds 0.25*r_d = 0.0375 m; consider a larger n_s or r_d
segment spacing 0.09709 m exceeds 0.25*r_d = 0.0375 m; consider a larger n_s or r_d
segment spacing 0.09968 m exceeds 0.25*r_d = 0.0375 m; consider a larger n_s or r_d
segment spacing 0.09709 m exceeds 0.25*r_d = 0.0375 m; consider a larger n_s or r_d
segment spacing 0.09709 m exceeds 0.25*r_d = 0.0375 m; consider a larger n_s or r_d
segment spacing 0.09709 m exceeds 0.25*r_d = 0.0375 m; consider a larger n_s or r_d
segment spacing 0.09709 m exceeds 0.25*r_d = 0.0375 m; consider a larger n_s or r_d
segment spacing 0.09709 m exceeds 0.25*r_d = 0.0375 m; consider a larger n_s or r_d
segment spacing 0.09709 m exceeds 0.25*r_d = 0.0375 m; consider a larger n_s or r_d
segment spacing 0.09709 m exceeds 0.25*r_d = 0.0375 m; consider a larger n_s or r_d
segment spacing 0.09709 m exceeds 0.25*r_d = 0.0375 m; consider a larger n_s or r_d
segment spacing 0.09709 m exceeds 0.25*r_d = 0.0375 m; consider a larger n_s or r_d
segment spacing 0.09709 m exceeds 0.25*r_d = 0.0375 m; consider a larger n_s or r_d
segment spacing 0.09709 m exceeds 0.25*r_d = 0.0375 m; consider a larger n_s or r_d
segment spacing 0.09709 m exceeds 0.25*r_d = 0.0375 m; consider a larger n_s or r_d
segment spacing 0.09709 m exceeds 0.25*r_d = 0.0375 m; consider a larger n_s or r_d
segment spacing 0.09709 m exceeds 0.25*r_d = 0.0375 m; consider a larger n_s or r_d
segment spacing 0.09709 m exceeds 0.25*r_d = 0.0375 m; consider a larger n_s or r_d
segment spacing 0.09709 m exceeds 0.25*r_d = 0.0375 m; consider a larger n_s or r_d
segment spacing 0.09709 m exceeds 0.25*r_d = 0.0375 m; consider a larger n_s or r_d
segment spacing 0.09709 m exceeds 0.25*r_d = 0.0375 m; consider a larger n_s or r_d
segment spacing 0.09709 m exceeds 0.25*r_d = 0.0375 m; consider a larger n_s or r_d
segment spacing 0.09709 m exceeds 0.25*r_d = 0.0375 m; consider a larger n_s or r_d
segment spacing 0.09709 m exceeds 0.25*r_d = 0.0375 m; consider a larger n_s or r_d
segment spacing 0.09709 m exceeds 0.25*r_d = 0.0375 m; consider a larger n_s or r_d
segment spacing 0.09709 m exceeds 0.25*r_d = 0.0375 m; consider a larger n_s or r_d
segment spacing 0.09709 m exceeds 0.25*r_d = 0.0375 m; consider a larger n_s or r_d
segment spacing 0.09709 m exceeds 0.25*r_d = 0.0375 m; consider a larger n_s or r_d
segment spacing 0.09709 m exceeds 0.25*r_d = 0.0375 m; consider a larger n_s or r_d
segment spacing 0.09709 m exceeds 0.25*r_d = 0.0375 m; consider a larger n_s or r_d
segment spacing 0.09709 m exceeds 0.25*r_d = 0.0375 m; consider a larger n_s or r_d
segment spacing 0.09709 m exceeds 0.25*r_d = 0.0375 m; consider a larger n_s or r_d
segment spacing 0.09709 m exceeds 0.25*r_d = 0.0375 m; consider a larger n_s or r_d
segment spacing 0.09709 m exceeds 0.25*r_d = 0.0375 m; consider a larger n_s or r_d
segment spacing 0.09709 m exceeds 0.25*r_d = 0.0375 m; consider a larger n_s or r_d
segment spacing 0.09709 m exceeds 0.25*r_d = 0.0375 m; consider a larger n_s or r_d
segment spacing 0.09709 m exceeds 0.25*r_d = 0.0375 m; consider a larger n_s or r_d
segment spacing 0.09709 m exceeds 0.25*r_d = 0.0375 m; consider a larger n_s or r_d
segment spacing 0.09709 m exceeds 0.25*r_d = 0.0375 m; consider a larger n_s or r_d
segment spacing 0.09709 m exceeds 0.25*r_d = 0.0375 m; consider a larger n_s or r_d
segment spacing 0.09709 m exceeds 0.25*r_d = 0.0375 m; consider a larger n_s or r_d
segment spacing 0.09709 m exceeds 0.25*r_d = 0.0375 m; consider a larger n_s or r_d
segment spacing 0.09709 m exceeds 0.25*r_d = 0.0375 m; consider a larger n_s or r_d
segment spacing 0.09709 m exceeds 0.25*r_d = 0.0375 m; consider a larger n_s or r_d
segment spacing 0.09709 m exceeds 0.25*r_d = 0.0375 m; consider a larger n_s or r_d
segment spacing 0.09709 m exceeds 0.25*r_d = 0.0375 m; consider a larger n_s or r_d
segment spacing 0.09709 m exceeds 0.25*r_d = 0.0375 m; consider a larger n_s or r_d
segment spacing 0.09709 m exceeds 0.25*r_d = 0.0375 m; consider a larger n_s or r_d
segment spacing 0.09709 m exceeds 0.25*r_d = 0.0375 m; consider a larger n_s or r_d
segment spacing 0.09709 m exceeds 0.25*r_d = 0.0375 m; consider a larger n_s or r_d
segment spacing 0.09709 m exceeds 0.25*r_d = 0.0375 m; consider a larger n_s or r_d
segment spacing 0.09709 m exceeds 0.25*r_d = 0.0375 m; consider a larger n_s or r_d
segment spacing 0.09709 m exceeds 0.25*r_d = 0.0375 m; consider a larger n_s or r_d
segment spacing 0.09709 m exceeds 0.25*r_d = 0.0375 m; consider a larger n_s or r_d
segment spacing 0.09709 m exceeds 0.25*r_d = 0.0375 m; consider a larger n_s or r_d
segment spacing 0.09709 m exceeds 0.25*r_d = 0.0375 m; consider a larger n_s or r_d
segment spacing 0.09709 m exceeds 0.25*r_d = 0.0375 m; consider a larger n_s or r_d
segment spacing 0.09709 m exceeds 0.25*r_d = 0.0375 m; consider a larger n_s or r_d
segment spacing 0.09709 m exceeds 0.25*r_d = 0.0375 m; consider a larger n_s or r_d
segment spacing 0.09709 m exceeds 0.25*r_d = 0.0375 m; consider a larger n_s or r_d
segment spacing 0.09709 m exceeds 0.25*r_d = 0.0375 m; consider a larger n_s or r_d
segment spacing 0.09709 m exceeds 0.25*r_d = 0.0375 m; consider a larger n_s or r_d
segment spacing 0.09709 m exceeds 0.25*r_d = 0.0375 m; consider a larger n_s or r_d
segment spacing 0.09709 m exceeds 0.25*r_d = 0.0375 m; consider a larger n_s or r_d
segment spacing 0.09709 m exceeds 0.25*r_d = 0.0375 m; consider a larger n_s or r_d
segment spacing 0.09709 m exceeds 0.25*r_d = 0.0375 m; consider a larger n_s or r_d
segment spacing 0.09709 m exceeds 0.25*r_d = 0.0375 m; consider a larger n_s or r_d
segment spacing 0.09709 m exceeds 0.25*r_d = 0.0375 m; consider a larger n_s or r_d
segment spacing 0.09709 m exceeds 0.25*r_d = 0.0375 m; consider a larger n_s or r_d
segment spacing 0.09709 m exceeds 0.25*r_d = 0.0375 m; consider a larger n_s or r_d
segment spacing 0.09709 m exceeds 0.25*r_d = 0.0375 m; consider a larger n_s or r_d
segment spacing 0.09709 m exceeds 0.25*r_d = 0.0375 m; consider a larger n_s or r_d
segment spacing 0.09709 m exceeds 0.25*r_d = 0.0375 m; consider a larger n_s or r_d
segment spacing 0.09709 m exceeds 0.25*r_d = 0.0375 m; consider a larger n_s or r_d
segment spacing 0.09709 m exceeds 0.25*r_d = 0.0375 m; consider a larger n_s or r_d
segment spacing 0.09709 m exceeds 0.25*r_d = 0.0375 m; consider a larger n_s or r_d
segment spacing 0.09709 m exceeds 0.25*r_d = 0.0375 m; consider a larger n_s or r_d
segment spacing 0.09709 m exceeds 0.25*r_d = 0.0375 m; consider a larger n_s or r_d
segment spacing 0.09709 m exceeds 0.25*r_d = 0.0375 m; consider a larger n_s or r_d
segment spacing 0.09709 m exceeds 0.25*r_d = 0.0375 m; consider a larger n_s or r_d
segment spacing 0.09709 m exceeds 0.25*r_d = 0.0375 m; consider a larger n_s or r_d
segment spacing 0.09709 m exceeds 0.25*r_d = 0.0375 m; consider a larger n_s or r_d
segment spacing 0.09709 m exceeds 0.25*r_d = 0.0375 m; consider a larger n_s or r_d
segment spacing 0.09709 m exceeds 0.25*r_d = 0.0375 m; consider a larger n_s or r_d
segment spacing 0.09709 m exceeds 0.25*r_d = 0.0375 m; consider a larger n_s or r_d
segment spacing 0.09709 m exceeds 0.25*r_d = 0.0375 m; consider a larger n_s or r_d
segment spacing 0.09709 m exceeds 0.25*r_d = 0.0375 m; consider a larger n_s or r_d
segment spacing 0.09709 m exceeds 0.25*r_d = 0.0375 m; consider a larger n_s or r_d
segment spacing 0.09709 m exceeds 0.25*r_d = 0.0375 m; consider a larger n_s or r_d
segment spacing 0.09709 m exceeds 0.25*r_d = 0.0375 m; consider a larger n_s or r_d
segment spacing 0.09709 m exceeds 0.25*r_d = 0.0375 m; consider a larger n_s or r_d
segment spacing 0.09709 m exceeds 0.25*r_d = 0.0375 m; consider a larger n_s or r_d
segment spacing 0.09709 m exceeds 0.25*r_d = 0.0375 m; consider a larger n_s or r_d
segment spacing 0.09709 m exceeds 0.25*r_d = 0.0375 m; consider a larger n_s or r_d
segment spacing 0.09709 m exceeds 0.25*r_d = 0.0375 m; consider a larger n_s or r_d
segment spacing 0.09709 m exceeds 0.25*r_d = 0.0375 m; consider a larger n_s or r_d
segment spacing 0.09709 m exceeds 0.25*r_d = 0.0375 m; consider a larger n_s or r_d
segment spacing 0.09709 m exceeds 0.25*r_d = 0.0375 m; consider a larger n_s or r_d
segment spacing 0.09709 m exceeds 0.25*r_d = 0.0375 m; consider a larger n_s or r_d
segment spacing 0.09709 m exceeds 0.25*r_d = 0.0375 m; consider a larger n_s or r_d
segment spacing 0.09968 m exceeds 0.25*r_d = 0.0375 m; consider a larger n_s or r_d
segment spacing 0.09968 m exceeds 0.25*r_d = 0.0375 m; consider a larger n_s or r_d
segment spacing 0.09968 m exceeds 0.25*r_d = 0.0375 m; consider a larger n_s or r_d
segment spacing 0.09709 m exceeds 0.25*r_d = 0.0375 m; consider a larger n_s or r_d
segment spacing 0.09709 m exceeds 0.25*r_d = 0.0375 m; consider a larger n_s or r_d
    [tab_mmin] star S M=2 v0=15 n_s=10 mA=18.42g A@(0.50,0.00) Bany@(0.25,0.00) nB=3 nB_Aworst=2
segment spacing 0.09709 m exceeds 0.25*r_d = 0.0375 m; consider a larger n_s or r_d
segment spacing 0.07322 m exceeds 0.25*r_d = 0.0375 m; consider a larger n_s or r_d
segment spacing 0.09709 m exceeds 0.25*r_d = 0.0375 m; consider a larger n_s or r_d
segment spacing 0.09709 m exceeds 0.25*r_d = 0.0375 m; consider a larger n_s or r_d
segment spacing 0.09709 m exceeds 0.25*r_d = 0.0375 m; consider a larger n_s or r_d
segment spacing 0.09709 m exceeds 0.25*r_d = 0.0375 m; consider a larger n_s or r_d
segment spacing 0.09709 m exceeds 0.25*r_d = 0.0375 m; consider a larger n_s or r_d
segment spacing 0.09709 m exceeds 0.25*r_d = 0.0375 m; consider a larger n_s or r_d
segment spacing 0.09709 m exceeds 0.25*r_d = 0.0375 m; consider a larger n_s or r_d
segment spacing 0.09709 m exceeds 0.25*r_d = 0.0375 m; consider a larger n_s or r_d
segment spacing 0.09709 m exceeds 0.25*r_d = 0.0375 m; consider a larger n_s or r_d
segment spacing 0.09709 m exceeds 0.25*r_d = 0.0375 m; consider a larger n_s or r_d
segment spacing 0.09709 m exceeds 0.25*r_d = 0.0375 m; consider a larger n_s or r_d
segment spacing 0.09709 m exceeds 0.25*r_d = 0.0375 m; consider a larger n_s or r_d
segment spacing 0.09709 m exceeds 0.25*r_d = 0.0375 m; consider a larger n_s or r_d
segment spacing 0.09709 m exceeds 0.25*r_d = 0.0375 m; consider a larger n_s or r_d
segment spacing 0.09709 m exceeds 0.25*r_d = 0.0375 m; consider a larger n_s or r_d
segment spacing 0.09709 m exceeds 0.25*r_d = 0.0375 m; consider a larger n_s or r_d
segment spacing 0.09709 m exceeds 0.25*r_d = 0.0375 m; consider a larger n_s or r_d
segment spacing 0.09709 m exceeds 0.25*r_d = 0.0375 m; consider a larger n_s or r_d
segment spacing 0.09709 m exceeds 0.25*r_d = 0.0375 m; consider a larger n_s or r_d
segment spacing 0.09709 m exceeds 0.25*r_d = 0.0375 m; consider a larger n_s or r_d
segment spacing 0.09709 m exceeds 0.25*r_d = 0.0375 m; consider a larger n_s or r_d
segment spacing 0.09709 m exceeds 0.25*r_d = 0.0375 m; consider a larger n_s or r_d
segment spacing 0.09709 m exceeds 0.25*r_d = 0.0375 m; consider a larger n_s or r_d
segment spacing 0.09709 m exceeds 0.25*r_d = 0.0375 m; consider a larger n_s or r_d
segment spacing 0.09709 m exceeds 0.25*r_d = 0.0375 m; consider a larger n_s or r_d
segment spacing 0.09709 m exceeds 0.25*r_d = 0.0375 m; consider a larger n_s or r_d
segment spacing 0.09709 m exceeds 0.25*r_d = 0.0375 m; consider a larger n_s or r_d
segment spacing 0.09709 m exceeds 0.25*r_d = 0.0375 m; consider a larger n_s or r_d
segment spacing 0.09709 m exceeds 0.25*r_d = 0.0375 m; consider a larger n_s or r_d
segment spacing 0.09709 m exceeds 0.25*r_d = 0.0375 m; consider a larger n_s or r_d
segment spacing 0.09709 m exceeds 0.25*r_d = 0.0375 m; consider a larger n_s or r_d
segment spacing 0.09709 m exceeds 0.25*r_d = 0.0375 m; consider a larger n_s or r_d
segment spacing 0.09709 m exceeds 0.25*r_d = 0.0375 m; consider a larger n_s or r_d
segment spacing 0.09709 m exceeds 0.25*r_d = 0.0375 m; consider a larger n_s or r_d
segment spacing 0.09709 m exceeds 0.25*r_d = 0.0375 m; consider a larger n_s or r_d
segment spacing 0.09709 m exceeds 0.25*r_d = 0.0375 m; consider a larger n_s or r_d
segment spacing 0.09709 m exceeds 0.25*r_d = 0.0375 m; consider a larger n_s or r_d
segment spacing 0.09709 m exceeds 0.25*r_d = 0.0375 m; consider a larger n_s or r_d
segment spacing 0.09709 m exceeds 0.25*r_d = 0.0375 m; consider a larger n_s or r_d
segment spacing 0.09709 m exceeds 0.25*r_d = 0.0375 m; consider a larger n_s or r_d
segment spacing 0.09709 m exceeds 0.25*r_d = 0.0375 m; consider a larger n_s or r_d
segment spacing 0.09709 m exceeds 0.25*r_d = 0.0375 m; consider a larger n_s or r_d
segment spacing 0.09709 m exceeds 0.25*r_d = 0.0375 m; consider a larger n_s or r_d
segment spacing 0.09709 m exceeds 0.25*r_d = 0.0375 m; consider a larger n_s or r_d
segment spacing 0.09709 m exceeds 0.25*r_d = 0.0375 m; consider a larger n_s or r_d
segment spacing 0.09709 m exceeds 0.25*r_d = 0.0375 m; consider a larger n_s or r_d
segment spacing 0.09709 m exceeds 0.25*r_d = 0.0375 m; consider a larger n_s or r_d
segment spacing 0.09709 m exceeds 0.25*r_d = 0.0375 m; consider a larger n_s or r_d
segment spacing 0.09709 m exceeds 0.25*r_d = 0.0375 m; consider a larger n_s or r_d
segment spacing 0.09709 m exceeds 0.25*r_d = 0.0375 m; consider a larger n_s or r_d
segment spacing 0.09709 m exceeds 0.25*r_d = 0.0375 m; consider a larger n_s or r_d
segment spacing 0.09709 m exceeds 0.25*r_d = 0.0375 m; consider a larger n_s or r_d
segment spacing 0.09709 m exceeds 0.25*r_d = 0.0375 m; consider a larger n_s or r_d
segment spacing 0.09709 m exceeds 0.25*r_d = 0.0375 m; consider a larger n_s or r_d
segment spacing 0.09709 m exceeds 0.25*r_d = 0.0375 m; consider a larger n_s or r_d
segment spacing 0.09709 m exceeds 0.25*r_d = 0.0375 m; consider a larger n_s or r_d
segment spacing 0.09709 m exceeds 0.25*r_d = 0.0375 m; consider a larger n_s or r_d
segment spacing 0.09709 m exceeds 0.25*r_d = 0.0375 m; consider a larger n_s or r_d
segment spacing 0.09709 m exceeds 0.25*r_d = 0.0375 m; consider a larger n_s or r_d
segment spacing 0.09709 m exceeds 0.25*r_d = 0.0375 m; consider a larger n_s or r_d
segment spacing 0.09709 m exceeds 0.25*r_d = 0.0375 m; consider a larger n_s or r_d
segment spacing 0.09709 m exceeds 0.25*r_d = 0.0375 m; consider a larger n_s or r_d
segment spacing 0.09709 m exceeds 0.25*r_d = 0.0375 m; consider a larger n_s or r_d
segment spacing 0.09709 m exceeds 0.25*r_d = 0.0375 m; consider a larger n_s or r_d
segment spacing 0.07322 m exceeds 0.25*r_d = 0.0375 m; consider a larger n_s or r_d
segment spacing 0.09709 m exceeds 0.25*r_d = 0.0375 m; consider a larger n_s or r_d
segment spacing 0.09709 m exceeds 0.25*r_d = 0.0375 m; consider a larger n_s or r_d
segment spacing 0.09709 m exceeds 0.25*r_d = 0.0375 m; consider a larger n_s or r_d
segment spacing 0.09709 m exceeds 0.25*r_d = 0.0375 m; consider a larger n_s or r_d
segment spacing 0.09709 m exceeds 0.25*r_d = 0.0375 m; consider a larger n_s or r_d
segment spacing 0.09709 m exceeds 0.25*r_d = 0.0375 m; consider a larger n_s or r_d
segment spacing 0.09709 m exceeds 0.25*r_d = 0.0375 m; consider a larger n_s or r_d
segment spacing 0.09709 m exceeds 0.25*r_d = 0.0375 m; consider a larger n_s or r_d
segment spacing 0.09709 m exceeds 0.25*r_d = 0.0375 m; consider a larger n_s or r_d
segment spacing 0.09709 m exceeds 0.25*r_d = 0.0375 m; consider a larger n_s or r_d
segment spacing 0.09709 m exceeds 0.25*r_d = 0.0375 m; consider a larger n_s or r_d
segment spacing 0.09709 m exceeds 0.25*r_d = 0.0375 m; consider a larger n_s or r_d
segment spacing 0.09709 m exceeds 0.25*r_d = 0.0375 m; consider a larger n_s or r_d
segment spacing 0.09709 m exceeds 0.25*r_d = 0.0375 m; consider a larger n_s or r_d
segment spacing 0.09709 m exceeds 0.25*r_d = 0.0375 m; consider a larger n_s or r_d
segment spacing 0.09709 m exceeds 0.25*r_d = 0.0375 m; consider a larger n_s or r_d
segment spacing 0.09709 m exceeds 0.25*r_d = 0.0375 m; consider a larger n_s or r_d
segment spacing 0.09709 m exceeds 0.25*r_d = 0.0375 m; consider a larger n_s or r_d
segment spacing 0.09968 m exceeds 0.25*r_d = 0.0375 m; consider a larger n_s or r_d
segment spacing 0.09709 m exceeds 0.25*r_d = 0.0375 m; consider a larger n_s or r_d
segment spacing 0.09709 m exceeds 0.25*r_d = 0.0375 m; consider a larger n_s or r_d
segment spacing 0.09709 m exceeds 0.25*r_d = 0.0375 m; consider a larger n_s or r_d
segment spacing 0.09709 m exceeds 0.25*r_d = 0.0375 m; consider a larger n_s or r_d
segment spacing 0.09709 m exceeds 0.25*r_d = 0.0375 m; consider a larger n_s or r_d
segment spacing 0.09709 m exceeds 0.25*r_d = 0.0375 m; consider a larger n_s or r_d
segment spacing 0.09709 m exceeds 0.25*r_d = 0.0375 m; consider a larger n_s or r_d
segment spacing 0.09709 m exceeds 0.25*r_d = 0.0375 m; consider a larger n_s or r_d
segment spacing 0.09709 m exceeds 0.25*r_d = 0.0375 m; consider a larger n_s or r_d
segment spacing 0.09709 m exceeds 0.25*r_d = 0.0375 m; consider a larger n_s or r_d
segment spacing 0.09709 m exceeds 0.25*r_d = 0.0375 m; consider a larger n_s or r_d
segment spacing 0.09709 m exceeds 0.25*r_d = 0.0375 m; consider a larger n_s or r_d
segment spacing 0.09709 m exceeds 0.25*r_d = 0.0375 m; consider a larger n_s or r_d
segment spacing 0.09709 m exceeds 0.25*r_d = 0.0375 m; consider a larger n_s or r_d
segment spacing 0.09709 m exceeds 0.25*r_d = 0.0375 m; consider a larger n_s or r_d
segment spacing 0.09709 m exceeds 0.25*r_d = 0.0375 m; consider a larger n_s or r_d
segment spacing 0.09709 m exceeds 0.25*r_d = 0.0375 m; consider a larger n_s or r_d
segment spacing 0.09709 m exceeds 0.25*r_d = 0.0375 m; consider a larger n_s or r_d
segment spacing 0.09709 m exceeds 0.25*r_d = 0.0375 m; consider a larger n_s or r_d
segment spacing 0.07322 m exceeds 0.25*r_d = 0.0375 m; consider a larger n_s or r_d
segment spacing 0.09709 m exceeds 0.25*r_d = 0.0375 m; consider a larger n_s or r_d
segment spacing 0.09709 m exceeds 0.25*r_d = 0.0375 m; consider a larger n_s or r_d
segment spacing 0.09709 m exceeds 0.25*r_d = 0.0375 m; consider a larger n_s or r_d
    [tab_mmin] star S M=1 v0=15 n_s=10 mA=9.211g A@(0.50,0.00) Bany@(0.25,0.00) nB=2 nB_Aworst=2
segment spacing 0.07322 m exceeds 0.25*r_d = 0.0375 m; consider a larger n_s or r_d
segment spacing 0.09709 m exceeds 0.25*r_d = 0.0375 m; consider a larger n_s or r_d
segment spacing 0.09709 m exceeds 0.25*r_d = 0.0375 m; consider a larger n_s or r_d
segment spacing 0.09968 m exceeds 0.25*r_d = 0.0375 m; consider a larger n_s or r_d
segment spacing 0.09709 m exceeds 0.25*r_d = 0.0375 m; consider a larger n_s or r_d
segment spacing 0.09709 m exceeds 0.25*r_d = 0.0375 m; consider a larger n_s or r_d
segment spacing 0.09709 m exceeds 0.25*r_d = 0.0375 m; consider a larger n_s or r_d
segment spacing 0.09709 m exceeds 0.25*r_d = 0.0375 m; consider a larger n_s or r_d
segment spacing 0.09968 m exceeds 0.25*r_d = 0.0375 m; consider a larger n_s or r_d
segment spacing 0.09709 m exceeds 0.25*r_d = 0.0375 m; consider a larger n_s or r_d
segment spacing 0.09709 m exceeds 0.25*r_d = 0.0375 m; consider a larger n_s or r_d
segment spacing 0.09709 m exceeds 0.25*r_d = 0.0375 m; consider a larger n_s or r_d
segment spacing 0.09709 m exceeds 0.25*r_d = 0.0375 m; consider a larger n_s or r_d
segment spacing 0.09709 m exceeds 0.25*r_d = 0.0375 m; consider a larger n_s or r_d
segment spacing 0.09709 m exceeds 0.25*r_d = 0.0375 m; consider a larger n_s or r_d
segment spacing 0.09709 m exceeds 0.25*r_d = 0.0375 m; consider a larger n_s or r_d
segment spacing 0.09709 m exceeds 0.25*r_d = 0.0375 m; consider a larger n_s or r_d
segment spacing 0.09709 m exceeds 0.25*r_d = 0.0375 m; consider a larger n_s or r_d
segment spacing 0.09709 m exceeds 0.25*r_d = 0.0375 m; consider a larger n_s or r_d
segment spacing 0.09709 m exceeds 0.25*r_d = 0.0375 m; consider a larger n_s or r_d
segment spacing 0.09709 m exceeds 0.25*r_d = 0.0375 m; consider a larger n_s or r_d
segment spacing 0.09709 m exceeds 0.25*r_d = 0.0375 m; consider a larger n_s or r_d
segment spacing 0.09709 m exceeds 0.25*r_d = 0.0375 m; consider a larger n_s or r_d
segment spacing 0.09968 m exceeds 0.25*r_d = 0.0375 m; consider a larger n_s or r_d
segment spacing 0.09709 m exceeds 0.25*r_d = 0.0375 m; consider a larger n_s or r_d
segment spacing 0.09709 m exceeds 0.25*r_d = 0.0375 m; consider a larger n_s or r_d
segment spacing 0.09968 m exceeds 0.25*r_d = 0.0375 m; consider a larger n_s or r_d
segment spacing 0.09709 m exceeds 0.25*r_d = 0.0375 m; consider a larger n_s or r_d
segment spacing 0.09709 m exceeds 0.25*r_d = 0.0375 m; consider a larger n_s or r_d
segment spacing 0.09709 m exceeds 0.25*r_d = 0.0375 m; consider a larger n_s or r_d
segment spacing 0.09709 m exceeds 0.25*r_d = 0.0375 m; consider a larger n_s or r_d
segment spacing 0.09709 m exceeds 0.25*r_d = 0.0375 m; consider a larger n_s or r_d
segment spacing 0.09709 m exceeds 0.25*r_d = 0.0375 m; consider a larger n_s or r_d
segment spacing 0.09709 m exceeds 0.25*r_d = 0.0375 m; consider a larger n_s or r_d
segment spacing 0.09968 m exceeds 0.25*r_d = 0.0375 m; consider a larger n_s or r_d
segment spacing 0.09709 m exceeds 0.25*r_d = 0.0375 m; consider a larger n_s or r_d
segment spacing 0.09709 m exceeds 0.25*r_d = 0.0375 m; consider a larger n_s or r_d
segment spacing 0.09968 m exceeds 0.25*r_d = 0.0375 m; consider a larger n_s or r_d
segment spacing 0.09709 m exceeds 0.25*r_d = 0.0375 m; consider a larger n_s or r_d
segment spacing 0.09968 m exceeds 0.25*r_d = 0.0375 m; consider a larger n_s or r_d
segment spacing 0.09709 m exceeds 0.25*r_d = 0.0375 m; consider a larger n_s or r_d
segment spacing 0.09709 m exceeds 0.25*r_d = 0.0375 m; consider a larger n_s or r_d
segment spacing 0.09709 m exceeds 0.25*r_d = 0.0375 m; consider a larger n_s or r_d
segment spacing 0.09968 m exceeds 0.25*r_d = 0.0375 m; consider a larger n_s or r_d
segment spacing 0.09709 m exceeds 0.25*r_d = 0.0375 m; consider a larger n_s or r_d
segment spacing 0.09968 m exceeds 0.25*r_d = 0.0375 m; consider a larger n_s or r_d
segment spacing 0.09709 m exceeds 0.25*r_d = 0.0375 m; consider a larger n_s or r_d
segment spacing 0.09709 m exceeds 0.25*r_d = 0.0375 m; consider a larger n_s or r_d
segment spacing 0.09709 m exceeds 0.25*r_d = 0.0375 m; consider a larger n_s or r_d
segment spacing 0.09709 m exceeds 0.25*r_d = 0.0375 m; consider a larger n_s or r_d
segment spacing 0.09968 m exceeds 0.25*r_d = 0.0375 m; consider a larger n_s or r_d
segment spacing 0.09968 m exceeds 0.25*r_d = 0.0375 m; consider a larger n_s or r_d
segment spacing 0.09709 m exceeds 0.25*r_d = 0.0375 m; consider a larger n_s or r_d
    [tab_mmin] star S M=0.25 v0=20 n_s=10 mA=4.094g A@(0.50,0.00) Bany@(0.25,0.00) nB=2 nB_Aworst=2
segment spacing 0.09968 m exceeds 0.25*r_d = 0.0375 m; consider a larger n_s or r_d
segment spacing 0.07322 m exceeds 0.25*r_d = 0.0375 m; consider a larger n_s or r_d
segment spacing 0.09709 m exceeds 0.25*r_d = 0.0375 m; consider a larger n_s or r_d
segment spacing 0.09709 m exceeds 0.25*r_d = 0.0375 m; consider a larger n_s or r_d
segment spacing 0.09968 m exceeds 0.25*r_d = 0.0375 m; consider a larger n_s or r_d
segment spacing 0.09709 m exceeds 0.25*r_d = 0.0375 m; consider a larger n_s or r_d
segment spacing 0.09709 m exceeds 0.25*r_d = 0.0375 m; consider a larger n_s or r_d
segment spacing 0.09968 m exceeds 0.25*r_d = 0.0375 m; consider a larger n_s or r_d
segment spacing 0.09709 m exceeds 0.25*r_d = 0.0375 m; consider a larger n_s or r_d
segment spacing 0.09968 m exceeds 0.25*r_d = 0.0375 m; consider a larger n_s or r_d
segment spacing 0.09709 m exceeds 0.25*r_d = 0.0375 m; consider a larger n_s or r_d
segment spacing 0.09968 m exceeds 0.25*r_d = 0.0375 m; consider a larger n_s or r_d
segment spacing 0.09709 m exceeds 0.25*r_d = 0.0375 m; consider a larger n_s or r_d
segment spacing 0.09709 m exceeds 0.25*r_d = 0.0375 m; consider a larger n_s or r_d
segment spacing 0.07322 m exceeds 0.25*r_d = 0.0375 m; consider a larger n_s or r_d
segment spacing 0.09709 m exceeds 0.25*r_d = 0.0375 m; consider a larger n_s or r_d
segment spacing 0.09968 m exceeds 0.25*r_d = 0.0375 m; consider a larger n_s or r_d
segment spacing 0.09709 m exceeds 0.25*r_d = 0.0375 m; consider a larger n_s or r_d
segment spacing 0.09709 m exceeds 0.25*r_d = 0.0375 m; consider a larger n_s or r_d
segment spacing 0.09709 m exceeds 0.25*r_d = 0.0375 m; consider a larger n_s or r_d
segment spacing 0.09709 m exceeds 0.25*r_d = 0.0375 m; consider a larger n_s or r_d
segment spacing 0.09709 m exceeds 0.25*r_d = 0.0375 m; consider a larger n_s or r_d
segment spacing 0.09709 m exceeds 0.25*r_d = 0.0375 m; consider a larger n_s or r_d
segment spacing 0.09709 m exceeds 0.25*r_d = 0.0375 m; consider a larger n_s or r_d
segment spacing 0.09709 m exceeds 0.25*r_d = 0.0375 m; consider a larger n_s or r_d
segment spacing 0.09709 m exceeds 0.25*r_d = 0.0375 m; consider a larger n_s or r_d
segment spacing 0.09709 m exceeds 0.25*r_d = 0.0375 m; consider a larger n_s or r_d
segment spacing 0.09709 m exceeds 0.25*r_d = 0.0375 m; consider a larger n_s or r_d
segment spacing 0.09709 m exceeds 0.25*r_d = 0.0375 m; consider a larger n_s or r_d
segment spacing 0.09709 m exceeds 0.25*r_d = 0.0375 m; consider a larger n_s or r_d
segment spacing 0.09709 m exceeds 0.25*r_d = 0.0375 m; consider a larger n_s or r_d
segment spacing 0.09709 m exceeds 0.25*r_d = 0.0375 m; consider a larger n_s or r_d
segment spacing 0.09709 m exceeds 0.25*r_d = 0.0375 m; consider a larger n_s or r_d
segment spacing 0.09709 m exceeds 0.25*r_d = 0.0375 m; consider a larger n_s or r_d
segment spacing 0.09709 m exceeds 0.25*r_d = 0.0375 m; consider a larger n_s or r_d
segment spacing 0.09709 m exceeds 0.25*r_d = 0.0375 m; consider a larger n_s or r_d
segment spacing 0.09709 m exceeds 0.25*r_d = 0.0375 m; consider a larger n_s or r_d
segment spacing 0.09968 m exceeds 0.25*r_d = 0.0375 m; consider a larger n_s or r_d
segment spacing 0.09968 m exceeds 0.25*r_d = 0.0375 m; consider a larger n_s or r_d
segment spacing 0.09709 m exceeds 0.25*r_d = 0.0375 m; consider a larger n_s or r_d
segment spacing 0.09968 m exceeds 0.25*r_d = 0.0375 m; consider a larger n_s or r_d
segment spacing 0.09709 m exceeds 0.25*r_d = 0.0375 m; consider a larger n_s or r_d
segment spacing 0.09709 m exceeds 0.25*r_d = 0.0375 m; consider a larger n_s or r_d
segment spacing 0.09709 m exceeds 0.25*r_d = 0.0375 m; consider a larger n_s or r_d
segment spacing 0.09968 m exceeds 0.25*r_d = 0.0375 m; consider a larger n_s or r_d
segment spacing 0.09968 m exceeds 0.25*r_d = 0.0375 m; consider a larger n_s or r_d
segment spacing 0.09709 m exceeds 0.25*r_d = 0.0375 m; consider a larger n_s or r_d
segment spacing 0.09968 m exceeds 0.25*r_d = 0.0375 m; consider a larger n_s or r_d
segment spacing 0.09709 m exceeds 0.25*r_d = 0.0375 m; consider a larger n_s or r_d
segment spacing 0.09709 m exceeds 0.25*r_d = 0.0375 m; consider a larger n_s or r_d
segment spacing 0.09709 m exceeds 0.25*r_d = 0.0375 m; consider a larger n_s or r_d
segment spacing 0.09968 m exceeds 0.25*r_d = 0.0375 m; consider a larger n_s or r_d
segment spacing 0.09968 m exceeds 0.25*r_d = 0.0375 m; consider a larger n_s or r_d
segment spacing 0.09709 m exceeds 0.25*r_d = 0.0375 m; consider a larger n_s or r_d
segment spacing 0.09968 m exceeds 0.25*r_d = 0.0375 m; consider a larger n_s or r_d
segment spacing 0.09709 m exceeds 0.25*r_d = 0.0375 m; consider a larger n_s or r_d
segment spacing 0.07322 m exceeds 0.25*r_d = 0.0375 m; consider a larger n_s or r_d
segment spacing 0.07322 m exceeds 0.25*r_d = 0.0375 m; consider a larger n_s or r_d
segment spacing 0.09709 m exceeds 0.25*r_d = 0.0375 m; consider a larger n_s or r_d
segment spacing 0.09709 m exceeds 0.25*r_d = 0.0375 m; consider a larger n_s or r_d
segment spacing 0.09968 m exceeds 0.25*r_d = 0.0375 m; consider a larger n_s or r_d
segment spacing 0.09968 m exceeds 0.25*r_d = 0.0375 m; consider a larger n_s or r_d
segment spacing 0.09709 m exceeds 0.25*r_d = 0.0375 m; consider a larger n_s or r_d
segment spacing 0.07322 m exceeds 0.25*r_d = 0.0375 m; consider a larger n_s or r_d
segment spacing 0.09968 m exceeds 0.25*r_d = 0.0375 m; consider a larger n_s or r_d
segment spacing 0.09709 m exceeds 0.25*r_d = 0.0375 m; consider a larger n_s or r_d
segment spacing 0.09709 m exceeds 0.25*r_d = 0.0375 m; consider a larger n_s or r_d
segment spacing 0.07322 m exceeds 0.25*r_d = 0.0375 m; consider a larger n_s or r_d
segment spacing 0.09709 m exceeds 0.25*r_d = 0.0375 m; consider a larger n_s or r_d
segment spacing 0.09709 m exceeds 0.25*r_d = 0.0375 m; consider a larger n_s or r_d
segment spacing 0.07322 m exceeds 0.25*r_d = 0.0375 m; consider a larger n_s or r_d
segment spacing 0.07322 m exceeds 0.25*r_d = 0.0375 m; consider a larger n_s or r_d
segment spacing 0.09709 m exceeds 0.25*r_d = 0.0375 m; consider a larger n_s or r_d
segment spacing 0.09709 m exceeds 0.25*r_d = 0.0375 m; consider a larger n_s or r_d
segment spacing 0.09709 m exceeds 0.25*r_d = 0.0375 m; consider a larger n_s or r_d
segment spacing 0.09709 m exceeds 0.25*r_d = 0.0375 m; consider a larger n_s or r_d
segment spacing 0.09709 m exceeds 0.25*r_d = 0.0375 m; consider a larger n_s or r_d
segment spacing 0.07322 m exceeds 0.25*r_d = 0.0375 m; consider a larger n_s or r_d
segment spacing 0.09709 m exceeds 0.25*r_d = 0.0375 m; consider a larger n_s or r_d
segment spacing 0.07322 m exceeds 0.25*r_d = 0.0375 m; consider a larger n_s or r_d
segment spacing 0.09709 m exceeds 0.25*r_d = 0.0375 m; consider a larger n_s or r_d
segment spacing 0.09709 m exceeds 0.25*r_d = 0.0375 m; consider a larger n_s or r_d
segment spacing 0.09709 m exceeds 0.25*r_d = 0.0375 m; consider a larger n_s or r_d
segment spacing 0.09709 m exceeds 0.25*r_d = 0.0375 m; consider a larger n_s or r_d
segment spacing 0.09709 m exceeds 0.25*r_d = 0.0375 m; consider a larger n_s or r_d
segment spacing 0.09709 m exceeds 0.25*r_d = 0.0375 m; consider a larger n_s or r_d
segment spacing 0.09709 m exceeds 0.25*r_d = 0.0375 m; consider a larger n_s or r_d
segment spacing 0.09709 m exceeds 0.25*r_d = 0.0375 m; consider a larger n_s or r_d
segment spacing 0.09709 m exceeds 0.25*r_d = 0.0375 m; consider a larger n_s or r_d
segment spacing 0.09709 m exceeds 0.25*r_d = 0.0375 m; consider a larger n_s or r_d
segment spacing 0.07322 m exceeds 0.25*r_d = 0.0375 m; consider a larger n_s or r_d
segment spacing 0.09709 m exceeds 0.25*r_d = 0.0375 m; consider a larger n_s or r_d
segment spacing 0.09709 m exceeds 0.25*r_d = 0.0375 m; consider a larger n_s or r_d
segment spacing 0.09709 m exceeds 0.25*r_d = 0.0375 m; consider a larger n_s or r_d
segment spacing 0.09709 m exceeds 0.25*r_d = 0.0375 m; consider a larger n_s or r_d
segment spacing 0.09709 m exceeds 0.25*r_d = 0.0375 m; consider a larger n_s or r_d
segment spacing 0.09968 m exceeds 0.25*r_d = 0.0375 m; consider a larger n_s or r_d
segment spacing 0.09709 m exceeds 0.25*r_d = 0.0375 m; consider a larger n_s or r_d
segment spacing 0.09709 m exceeds 0.25*r_d = 0.0375 m; consider a larger n_s or r_d
segment spacing 0.09968 m exceeds 0.25*r_d = 0.0375 m; consider a larger n_s or r_d
segment spacing 0.09709 m exceeds 0.25*r_d = 0.0375 m; consider a larger n_s or r_d
segment spacing 0.09968 m exceeds 0.25*r_d = 0.0375 m; consider a larger n_s or r_d
segment spacing 0.09709 m exceeds 0.25*r_d = 0.0375 m; consider a larger n_s or r_d
segment spacing 0.09709 m exceeds 0.25*r_d = 0.0375 m; consider a larger n_s or r_d
segment spacing 0.09968 m exceeds 0.25*r_d = 0.0375 m; consider a larger n_s or r_d
segment spacing 0.09709 m exceeds 0.25*r_d = 0.0375 m; consider a larger n_s or r_d
segment spacing 0.09709 m exceeds 0.25*r_d = 0.0375 m; consider a larger n_s or r_d
segment spacing 0.09968 m exceeds 0.25*r_d = 0.0375 m; consider a larger n_s or r_d
segment spacing 0.09968 m exceeds 0.25*r_d = 0.0375 m; consider a larger n_s or r_d
segment spacing 0.09709 m exceeds 0.25*r_d = 0.0375 m; consider a larger n_s or r_d
segment spacing 0.09968 m exceeds 0.25*r_d = 0.0375 m; consider a larger n_s or r_d
segment spacing 0.09968 m exceeds 0.25*r_d = 0.0375 m; consider a larger n_s or r_d
segment spacing 0.09709 m exceeds 0.25*r_d = 0.0375 m; consider a larger n_s or r_d
segment spacing 0.09968 m exceeds 0.25*r_d = 0.0375 m; consider a larger n_s or r_d
segment spacing 0.09709 m exceeds 0.25*r_d = 0.0375 m; consider a larger n_s or r_d
segment spacing 0.09709 m exceeds 0.25*r_d = 0.0375 m; consider a larger n_s or r_d
segment spacing 0.09709 m exceeds 0.25*r_d = 0.0375 m; consider a larger n_s or r_d
segment spacing 0.09709 m exceeds 0.25*r_d = 0.0375 m; consider a larger n_s or r_d
segment spacing 0.09968 m exceeds 0.25*r_d = 0.0375 m; consider a larger n_s or r_d
segment spacing 0.09709 m exceeds 0.25*r_d = 0.0375 m; consider a larger n_s or r_d
segment spacing 0.09968 m exceeds 0.25*r_d = 0.0375 m; consider a larger n_s or r_d
segment spacing 0.09968 m exceeds 0.25*r_d = 0.0375 m; consider a larger n_s or r_d
segment spacing 0.09968 m exceeds 0.25*r_d = 0.0375 m; consider a larger n_s or r_d
segment spacing 0.09709 m exceeds 0.25*r_d = 0.0375 m; consider a larger n_s or r_d
segment spacing 0.09709 m exceeds 0.25*r_d = 0.0375 m; consider a larger n_s or r_d
segment spacing 0.09968 m exceeds 0.25*r_d = 0.0375 m; consider a larger n_s or r_d
segment spacing 0.09709 m exceeds 0.25*r_d = 0.0375 m; consider a larger n_s or r_d
segment spacing 0.09709 m exceeds 0.25*r_d = 0.0375 m; consider a larger n_s or r_d
segment spacing 0.09709 m exceeds 0.25*r_d = 0.0375 m; consider a larger n_s or r_d
segment spacing 0.09709 m exceeds 0.25*r_d = 0.0375 m; consider a larger n_s or r_d
segment spacing 0.09709 m exceeds 0.25*r_d = 0.0375 m; consider a larger n_s or r_d
segment spacing 0.09709 m exceeds 0.25*r_d = 0.0375 m; consider a larger n_s or r_d
segment spacing 0.09968 m exceeds 0.25*r_d = 0.0375 m; consider a larger n_s or r_d
segment spacing 0.09709 m exceeds 0.25*r_d = 0.0375 m; consider a larger n_s or r_d
segment spacing 0.09709 m exceeds 0.25*r_d = 0.0375 m; consider a larger n_s or r_d
segment spacing 0.09968 m exceeds 0.25*r_d = 0.0375 m; consider a larger n_s or r_d
segment spacing 0.09709 m exceeds 0.25*r_d = 0.0375 m; consider a larger n_s or r_d
segment spacing 0.09709 m exceeds 0.25*r_d = 0.0375 m; consider a larger n_s or r_d
segment spacing 0.09968 m exceeds 0.25*r_d = 0.0375 m; consider a larger n_s or r_d
segment spacing 0.09709 m exceeds 0.25*r_d = 0.0375 m; consider a larger n_s or r_d
segment spacing 0.09968 m exceeds 0.25*r_d = 0.0375 m; consider a larger n_s or r_d
segment spacing 0.09709 m exceeds 0.25*r_d = 0.0375 m; consider a larger n_s or r_d
segment spacing 0.07322 m exceeds 0.25*r_d = 0.0375 m; consider a larger n_s or r_d
segment spacing 0.09709 m exceeds 0.25*r_d = 0.0375 m; consider a larger n_s or r_d
segment spacing 0.09709 m exceeds 0.25*r_d = 0.0375 m; consider a larger n_s or r_d
segment spacing 0.09709 m exceeds 0.25*r_d = 0.0375 m; consider a larger n_s or r_d
segment spacing 0.09968 m exceeds 0.25*r_d = 0.0375 m; consider a larger n_s or r_d
segment spacing 0.09709 m exceeds 0.25*r_d = 0.0375 m; consider a larger n_s or r_d
segment spacing 0.09968 m exceeds 0.25*r_d = 0.0375 m; consider a larger n_s or r_d
segment spacing 0.09968 m exceeds 0.25*r_d = 0.0375 m; consider a larger n_s or r_d
segment spacing 0.09709 m exceeds 0.25*r_d = 0.0375 m; consider a larger n_s or r_d
segment spacing 0.09968 m exceeds 0.25*r_d = 0.0375 m; consider a larger n_s or r_d
segment spacing 0.09709 m exceeds 0.25*r_d = 0.0375 m; consider a larger n_s or r_d
segment spacing 0.09709 m exceeds 0.25*r_d = 0.0375 m; consider a larger n_s or r_d
segment spacing 0.09709 m exceeds 0.25*r_d = 0.0375 m; consider a larger n_s or r_d
segment spacing 0.09968 m exceeds 0.25*r_d = 0.0375 m; consider a larger n_s or r_d
segment spacing 0.09968 m exceeds 0.25*r_d = 0.0375 m; consider a larger n_s or r_d
segment spacing 0.09709 m exceeds 0.25*r_d = 0.0375 m; consider a larger n_s or r_d
segment spacing 0.09709 m exceeds 0.25*r_d = 0.0375 m; consider a larger n_s or r_d
segment spacing 0.09968 m exceeds 0.25*r_d = 0.0375 m; consider a larger n_s or r_d
segment spacing 0.09968 m exceeds 0.25*r_d = 0.0375 m; consider a larger n_s or r_d
segment spacing 0.09709 m exceeds 0.25*r_d = 0.0375 m; consider a larger n_s or r_d
segment spacing 0.09709 m exceeds 0.25*r_d = 0.0375 m; consider a larger n_s or r_d
segment spacing 0.09968 m exceeds 0.25*r_d = 0.0375 m; consider a larger n_s or r_d
segment spacing 0.09709 m exceeds 0.25*r_d = 0.0375 m; consider a larger n_s or r_d
segment spacing 0.09968 m exceeds 0.25*r_d = 0.0375 m; consider a larger n_s or r_d
segment spacing 0.09968 m exceeds 0.25*r_d = 0.0375 m; consider a larger n_s or r_d
segment spacing 0.09968 m exceeds 0.25*r_d = 0.0375 m; consider a larger n_s or r_d
segment spacing 0.09968 m exceeds 0.25*r_d = 0.0375 m; consider a larger n_s or r_d
segment spacing 0.09709 m exceeds 0.25*r_d = 0.0375 m; consider a larger n_s or r_d
segment spacing 0.09709 m exceeds 0.25*r_d = 0.0375 m; consider a larger n_s or r_d
segment spacing 0.09968 m exceeds 0.25*r_d = 0.0375 m; consider a larger n_s or r_d
segment spacing 0.09968 m exceeds 0.25*r_d = 0.0375 m; consider a larger n_s or r_d
segment spacing 0.09968 m exceeds 0.25*r_d = 0.0375 m; consider a larger n_s or r_d
segment spacing 0.09709 m exceeds 0.25*r_d = 0.0375 m; consider a larger n_s or r_d
segment spacing 0.09968 m exceeds 0.25*r_d = 0.0375 m; consider a larger n_s or r_d
segment spacing 0.09968 m exceeds 0.25*r_d = 0.0375 m; consider a larger n_s or r_d
segment spacing 0.09968 m exceeds 0.25*r_d = 0.0375 m; consider a larger n_s or r_d
segment spacing 0.09968 m exceeds 0.25*r_d = 0.0375 m; consider a larger n_s or r_d
    [tab_mmin] star S M=2 v0=10 n_s=10 mA=8.188g A@(0.50,0.00) Bany@(0.25,0.00) nB=2 nB_Aworst=2
segment spacing 0.07322 m exceeds 0.25*r_d = 0.0375 m; consider a larger n_s or r_d
segment spacing 0.09968 m exceeds 0.25*r_d = 0.0375 m; consider a larger n_s or r_d
segment spacing 0.07322 m exceeds 0.25*r_d = 0.0375 m; consider a larger n_s or r_d
segment spacing 0.09709 m exceeds 0.25*r_d = 0.0375 m; consider a larger n_s or r_d
segment spacing 0.07322 m exceeds 0.25*r_d = 0.0375 m; consider a larger n_s or r_d
segment spacing 0.09968 m exceeds 0.25*r_d = 0.0375 m; consider a larger n_s or r_d
segment spacing 0.09709 m exceeds 0.25*r_d = 0.0375 m; consider a larger n_s or r_d
segment spacing 0.09968 m exceeds 0.25*r_d = 0.0375 m; consider a larger n_s or r_d
segment spacing 0.09709 m exceeds 0.25*r_d = 0.0375 m; consider a larger n_s or r_d
segment spacing 0.09968 m exceeds 0.25*r_d = 0.0375 m; consider a larger n_s or r_d
segment spacing 0.09968 m exceeds 0.25*r_d = 0.0375 m; consider a larger n_s or r_d
segment spacing 0.09968 m exceeds 0.25*r_d = 0.0375 m; consider a larger n_s or r_d
segment spacing 0.09968 m exceeds 0.25*r_d = 0.0375 m; consider a larger n_s or r_d
segment spacing 0.07322 m exceeds 0.25*r_d = 0.0375 m; consider a larger n_s or r_d
segment spacing 0.09709 m exceeds 0.25*r_d = 0.0375 m; consider a larger n_s or r_d
segment spacing 0.09968 m exceeds 0.25*r_d = 0.0375 m; consider a larger n_s or r_d
segment spacing 0.09968 m exceeds 0.25*r_d = 0.0375 m; consider a larger n_s or r_d
segment spacing 0.09709 m exceeds 0.25*r_d = 0.0375 m; consider a larger n_s or r_d
segment spacing 0.07322 m exceeds 0.25*r_d = 0.0375 m; consider a larger n_s or r_d
segment spacing 0.09968 m exceeds 0.25*r_d = 0.0375 m; consider a larger n_s or r_d
segment spacing 0.09709 m exceeds 0.25*r_d = 0.0375 m; consider a larger n_s or r_d
segment spacing 0.09968 m exceeds 0.25*r_d = 0.0375 m; consider a larger n_s or r_d
segment spacing 0.09968 m exceeds 0.25*r_d = 0.0375 m; consider a larger n_s or r_d
segment spacing 0.07322 m exceeds 0.25*r_d = 0.0375 m; consider a larger n_s or r_d
segment spacing 0.09709 m exceeds 0.25*r_d = 0.0375 m; consider a larger n_s or r_d
segment spacing 0.09968 m exceeds 0.25*r_d = 0.0375 m; consider a larger n_s or r_d
segment spacing 0.09709 m exceeds 0.25*r_d = 0.0375 m; consider a larger n_s or r_d
segment spacing 0.09968 m exceeds 0.25*r_d = 0.0375 m; consider a larger n_s or r_d
segment spacing 0.09968 m exceeds 0.25*r_d = 0.0375 m; consider a larger n_s or r_d
segment spacing 0.09709 m exceeds 0.25*r_d = 0.0375 m; consider a larger n_s or r_d
segment spacing 0.09709 m exceeds 0.25*r_d = 0.0375 m; consider a larger n_s or r_d
segment spacing 0.09968 m exceeds 0.25*r_d = 0.0375 m; consider a larger n_s or r_d
segment spacing 0.09968 m exceeds 0.25*r_d = 0.0375 m; consider a larger n_s or r_d
segment spacing 0.09968 m exceeds 0.25*r_d = 0.0375 m; consider a larger n_s or r_d
segment spacing 0.07322 m exceeds 0.25*r_d = 0.0375 m; consider a larger n_s or r_d
segment spacing 0.09709 m exceeds 0.25*r_d = 0.0375 m; consider a larger n_s or r_d
segment spacing 0.09968 m exceeds 0.25*r_d = 0.0375 m; consider a larger n_s or r_d
segment spacing 0.09968 m exceeds 0.25*r_d = 0.0375 m; consider a larger n_s or r_d
segment spacing 0.09709 m exceeds 0.25*r_d = 0.0375 m; consider a larger n_s or r_d
segment spacing 0.07322 m exceeds 0.25*r_d = 0.0375 m; consider a larger n_s or r_d
segment spacing 0.09968 m exceeds 0.25*r_d = 0.0375 m; consider a larger n_s or r_d
segment spacing 0.09968 m exceeds 0.25*r_d = 0.0375 m; consider a larger n_s or r_d
segment spacing 0.07322 m exceeds 0.25*r_d = 0.0375 m; consider a larger n_s or r_d
segment spacing 0.07322 m exceeds 0.25*r_d = 0.0375 m; consider a larger n_s or r_d
segment spacing 0.09709 m exceeds 0.25*r_d = 0.0375 m; consider a larger n_s or r_d
segment spacing 0.07322 m exceeds 0.25*r_d = 0.0375 m; consider a larger n_s or r_d
segment spacing 0.09968 m exceeds 0.25*r_d = 0.0375 m; consider a larger n_s or r_d
segment spacing 0.09968 m exceeds 0.25*r_d = 0.0375 m; consider a larger n_s or r_d
segment spacing 0.09709 m exceeds 0.25*r_d = 0.0375 m; consider a larger n_s or r_d
segment spacing 0.09968 m exceeds 0.25*r_d = 0.0375 m; consider a larger n_s or r_d
segment spacing 0.09709 m exceeds 0.25*r_d = 0.0375 m; consider a larger n_s or r_d
segment spacing 0.09968 m exceeds 0.25*r_d = 0.0375 m; consider a larger n_s or r_d
segment spacing 0.09709 m exceeds 0.25*r_d = 0.0375 m; consider a larger n_s or r_d
segment spacing 0.09968 m exceeds 0.25*r_d = 0.0375 m; consider a larger n_s or r_d
segment spacing 0.09968 m exceeds 0.25*r_d = 0.0375 m; consider a larger n_s or r_d
segment spacing 0.09709 m exceeds 0.25*r_d = 0.0375 m; consider a larger n_s or r_d
segment spacing 0.09968 m exceeds 0.25*r_d = 0.0375 m; consider a larger n_s or r_d
segment spacing 0.09709 m exceeds 0.25*r_d = 0.0375 m; consider a larger n_s or r_d
segment spacing 0.07322 m exceeds 0.25*r_d = 0.0375 m; consider a larger n_s or r_d
segment spacing 0.09968 m exceeds 0.25*r_d = 0.0375 m; consider a larger n_s or r_d
segment spacing 0.09968 m exceeds 0.25*r_d = 0.0375 m; consider a larger n_s or r_d
segment spacing 0.09709 m exceeds 0.25*r_d = 0.0375 m; consider a larger n_s or r_d
segment spacing 0.09968 m exceeds 0.25*r_d = 0.0375 m; consider a larger n_s or r_d
segment spacing 0.09709 m exceeds 0.25*r_d = 0.0375 m; consider a larger n_s or r_d
segment spacing 0.09709 m exceeds 0.25*r_d = 0.0375 m; consider a larger n_s or r_d
segment spacing 0.07322 m exceeds 0.25*r_d = 0.0375 m; consider a larger n_s or r_d
segment spacing 0.09968 m exceeds 0.25*r_d = 0.0375 m; consider a larger n_s or r_d
segment spacing 0.09968 m exceeds 0.25*r_d = 0.0375 m; consider a larger n_s or r_d
segment spacing 0.09709 m exceeds 0.25*r_d = 0.0375 m; consider a larger n_s or r_d
segment spacing 0.09968 m exceeds 0.25*r_d = 0.0375 m; consider a larger n_s or r_d
segment spacing 0.09968 m exceeds 0.25*r_d = 0.0375 m; consider a larger n_s or r_d
segment spacing 0.09709 m exceeds 0.25*r_d = 0.0375 m; consider a larger n_s or r_d
segment spacing 0.09709 m exceeds 0.25*r_d = 0.0375 m; consider a larger n_s or r_d
segment spacing 0.07322 m exceeds 0.25*r_d = 0.0375 m; consider a larger n_s or r_d
segment spacing 0.09709 m exceeds 0.25*r_d = 0.0375 m; consider a larger n_s or r_d
segment spacing 0.09968 m exceeds 0.25*r_d = 0.0375 m; consider a larger n_s or r_d
segment spacing 0.09709 m exceeds 0.25*r_d = 0.0375 m; consider a larger n_s or r_d
segment spacing 0.09968 m exceeds 0.25*r_d = 0.0375 m; consider a larger n_s or r_d
segment spacing 0.09709 m exceeds 0.25*r_d = 0.0375 m; consider a larger n_s or r_d
segment spacing 0.09968 m exceeds 0.25*r_d = 0.0375 m; consider a larger n_s or r_d
segment spacing 0.07322 m exceeds 0.25*r_d = 0.0375 m; consider a larger n_s or r_d
segment spacing 0.09709 m exceeds 0.25*r_d = 0.0375 m; consider a larger n_s or r_d
segment spacing 0.07322 m exceeds 0.25*r_d = 0.0375 m; consider a larger n_s or r_d
segment spacing 0.09968 m exceeds 0.25*r_d = 0.0375 m; consider a larger n_s or r_d
segment spacing 0.09709 m exceeds 0.25*r_d = 0.0375 m; consider a larger n_s or r_d
segment spacing 0.07322 m exceeds 0.25*r_d = 0.0375 m; consider a larger n_s or r_d
segment spacing 0.09968 m exceeds 0.25*r_d = 0.0375 m; consider a larger n_s or r_d
segment spacing 0.09709 m exceeds 0.25*r_d = 0.0375 m; consider a larger n_s or r_d
segment spacing 0.09709 m exceeds 0.25*r_d = 0.0375 m; consider a larger n_s or r_d
segment spacing 0.09968 m exceeds 0.25*r_d = 0.0375 m; consider a larger n_s or r_d
segment spacing 0.09709 m exceeds 0.25*r_d = 0.0375 m; consider a larger n_s or r_d
segment spacing 0.09968 m exceeds 0.25*r_d = 0.0375 m; consider a larger n_s or r_d
segment spacing 0.07322 m exceeds 0.25*r_d = 0.0375 m; consider a larger n_s or r_d
segment spacing 0.09968 m exceeds 0.25*r_d = 0.0375 m; consider a larger n_s or r_d
segment spacing 0.09709 m exceeds 0.25*r_d = 0.0375 m; consider a larger n_s or r_d
segment spacing 0.09709 m exceeds 0.25*r_d = 0.0375 m; consider a larger n_s or r_d
segment spacing 0.09968 m exceeds 0.25*r_d = 0.0375 m; consider a larger n_s or r_d
segment spacing 0.07322 m exceeds 0.25*r_d = 0.0375 m; consider a larger n_s or r_d
segment spacing 0.09709 m exceeds 0.25*r_d = 0.0375 m; consider a larger n_s or r_d
segment spacing 0.09709 m exceeds 0.25*r_d = 0.0375 m; consider a larger n_s or r_d
segment spacing 0.07322 m exceeds 0.25*r_d = 0.0375 m; consider a larger n_s or r_d
segment spacing 0.09709 m exceeds 0.25*r_d = 0.0375 m; consider a larger n_s or r_d
segment spacing 0.09709 m exceeds 0.25*r_d = 0.0375 m; consider a larger n_s or r_d
segment spacing 0.09709 m exceeds 0.25*r_d = 0.0375 m; consider a larger n_s or r_d
segment spacing 0.09968 m exceeds 0.25*r_d = 0.0375 m; consider a larger n_s or r_d
segment spacing 0.09968 m exceeds 0.25*r_d = 0.0375 m; consider a larger n_s or r_d
segment spacing 0.09709 m exceeds 0.25*r_d = 0.0375 m; consider a larger n_s or r_d
segment spacing 0.07322 m exceeds 0.25*r_d = 0.0375 m; consider a larger n_s or r_d
segment spacing 0.09709 m exceeds 0.25*r_d = 0.0375 m; consider a larger n_s or r_d
segment spacing 0.09968 m exceeds 0.25*r_d = 0.0375 m; consider a larger n_s or r_d
segment spacing 0.09709 m exceeds 0.25*r_d = 0.0375 m; consider a larger n_s or r_d
segment spacing 0.09968 m exceeds 0.25*r_d = 0.0375 m; consider a larger n_s or r_d
segment spacing 0.09709 m exceeds 0.25*r_d = 0.0375 m; consider a larger n_s or r_d
segment spacing 0.09709 m exceeds 0.25*r_d = 0.0375 m; consider a larger n_s or r_d
segment spacing 0.07322 m exceeds 0.25*r_d = 0.0375 m; consider a larger n_s or r_d
segment spacing 0.09968 m exceeds 0.25*r_d = 0.0375 m; consider a larger n_s or r_d
segment spacing 0.09709 m exceeds 0.25*r_d = 0.0375 m; consider a larger n_s or r_d
segment spacing 0.09709 m exceeds 0.25*r_d = 0.0375 m; consider a larger n_s or r_d
segment spacing 0.07322 m exceeds 0.25*r_d = 0.0375 m; consider a larger n_s or r_d
segment spacing 0.09709 m exceeds 0.25*r_d = 0.0375 m; consider a larger n_s or r_d
segment spacing 0.09968 m exceeds 0.25*r_d = 0.0375 m; consider a larger n_s or r_d
segment spacing 0.07322 m exceeds 0.25*r_d = 0.0375 m; consider a larger n_s or r_d
segment spacing 0.09709 m exceeds 0.25*r_d = 0.0375 m; consider a larger n_s or r_d
segment spacing 0.09709 m exceeds 0.25*r_d = 0.0375 m; consider a larger n_s or r_d
segment spacing 0.07322 m exceeds 0.25*r_d = 0.0375 m; consider a larger n_s or r_d
segment spacing 0.09968 m exceeds 0.25*r_d = 0.0375 m; consider a larger n_s or r_d
segment spacing 0.09709 m exceeds 0.25*r_d = 0.0375 m; consider a larger n_s or r_d
segment spacing 0.09709 m exceeds 0.25*r_d = 0.0375 m; consider a larger n_s or r_d
segment spacing 0.09709 m exceeds 0.25*r_d = 0.0375 m; consider a larger n_s or r_d
segment spacing 0.07322 m exceeds 0.25*r_d = 0.0375 m; consider a larger n_s or r_d
segment spacing 0.09968 m exceeds 0.25*r_d = 0.0375 m; consider a larger n_s or r_d
    [tab_mmin] star S M=0.25 v0=15 n_s=10 mA=2.303g A@(0.50,0.00) Bany@(0.25,0.00) nB=2 nB_Aworst=2
segment spacing 0.09709 m exceeds 0.25*r_d = 0.0375 m; consider a larger n_s or r_d
segment spacing 0.07322 m exceeds 0.25*r_d = 0.0375 m; consider a larger n_s or r_d
segment spacing 0.07322 m exceeds 0.25*r_d = 0.0375 m; consider a larger n_s or r_d
segment spacing 0.07322 m exceeds 0.25*r_d = 0.0375 m; consider a larger n_s or r_d
segment spacing 0.09968 m exceeds 0.25*r_d = 0.0375 m; consider a larger n_s or r_d
segment spacing 0.07322 m exceeds 0.25*r_d = 0.0375 m; consider a larger n_s or r_d
segment spacing 0.09709 m exceeds 0.25*r_d = 0.0375 m; consider a larger n_s or r_d
segment spacing 0.09709 m exceeds 0.25*r_d = 0.0375 m; consider a larger n_s or r_d
segment spacing 0.09709 m exceeds 0.25*r_d = 0.0375 m; consider a larger n_s or r_d
segment spacing 0.09709 m exceeds 0.25*r_d = 0.0375 m; consider a larger n_s or r_d
segment spacing 0.09968 m exceeds 0.25*r_d = 0.0375 m; consider a larger n_s or r_d
segment spacing 0.09709 m exceeds 0.25*r_d = 0.0375 m; consider a larger n_s or r_d
segment spacing 0.09709 m exceeds 0.25*r_d = 0.0375 m; consider a larger n_s or r_d
segment spacing 0.09968 m exceeds 0.25*r_d = 0.0375 m; consider a larger n_s or r_d
segment spacing 0.09709 m exceeds 0.25*r_d = 0.0375 m; consider a larger n_s or r_d
segment spacing 0.07322 m exceeds 0.25*r_d = 0.0375 m; consider a larger n_s or r_d
segment spacing 0.09709 m exceeds 0.25*r_d = 0.0375 m; consider a larger n_s or r_d
segment spacing 0.07322 m exceeds 0.25*r_d = 0.0375 m; consider a larger n_s or r_d
segment spacing 0.09709 m exceeds 0.25*r_d = 0.0375 m; consider a larger n_s or r_d
segment spacing 0.07322 m exceeds 0.25*r_d = 0.0375 m; consider a larger n_s or r_d
segment spacing 0.09709 m exceeds 0.25*r_d = 0.0375 m; consider a larger n_s or r_d
segment spacing 0.07322 m exceeds 0.25*r_d = 0.0375 m; consider a larger n_s or r_d
segment spacing 0.09709 m exceeds 0.25*r_d = 0.0375 m; consider a larger n_s or r_d
segment spacing 0.07322 m exceeds 0.25*r_d = 0.0375 m; consider a larger n_s or r_d
segment spacing 0.09709 m exceeds 0.25*r_d = 0.0375 m; consider a larger n_s or r_d
segment spacing 0.07322 m exceeds 0.25*r_d = 0.0375 m; consider a larger n_s or r_d
segment spacing 0.09709 m exceeds 0.25*r_d = 0.0375 m; consider a larger n_s or r_d
segment spacing 0.07322 m exceeds 0.25*r_d = 0.0375 m; consider a larger n_s or r_d
segment spacing 0.09709 m exceeds 0.25*r_d = 0.0375 m; consider a larger n_s or r_d
segment spacing 0.09968 m exceeds 0.25*r_d = 0.0375 m; consider a larger n_s or r_d
segment spacing 0.07322 m exceeds 0.25*r_d = 0.0375 m; consider a larger n_s or r_d
segment spacing 0.09709 m exceeds 0.25*r_d = 0.0375 m; consider a larger n_s or r_d
segment spacing 0.09968 m exceeds 0.25*r_d = 0.0375 m; consider a larger n_s or r_d
segment spacing 0.09709 m exceeds 0.25*r_d = 0.0375 m; consider a larger n_s or r_d
segment spacing 0.07322 m exceeds 0.25*r_d = 0.0375 m; consider a larger n_s or r_d
segment spacing 0.09968 m exceeds 0.25*r_d = 0.0375 m; consider a larger n_s or r_d
segment spacing 0.07322 m exceeds 0.25*r_d = 0.0375 m; consider a larger n_s or r_d
segment spacing 0.09709 m exceeds 0.25*r_d = 0.0375 m; consider a larger n_s or r_d
segment spacing 0.09968 m exceeds 0.25*r_d = 0.0375 m; consider a larger n_s or r_d
segment spacing 0.09709 m exceeds 0.25*r_d = 0.0375 m; consider a larger n_s or r_d
segment spacing 0.07322 m exceeds 0.25*r_d = 0.0375 m; consider a larger n_s or r_d
segment spacing 0.09709 m exceeds 0.25*r_d = 0.0375 m; consider a larger n_s or r_d
segment spacing 0.07322 m exceeds 0.25*r_d = 0.0375 m; consider a larger n_s or r_d
segment spacing 0.09968 m exceeds 0.25*r_d = 0.0375 m; consider a larger n_s or r_d
segment spacing 0.09709 m exceeds 0.25*r_d = 0.0375 m; consider a larger n_s or r_d
segment spacing 0.09968 m exceeds 0.25*r_d = 0.0375 m; consider a larger n_s or r_d
segment spacing 0.09709 m exceeds 0.25*r_d = 0.0375 m; consider a larger n_s or r_d
segment spacing 0.07322 m exceeds 0.25*r_d = 0.0375 m; consider a larger n_s or r_d
segment spacing 0.07322 m exceeds 0.25*r_d = 0.0375 m; consider a larger n_s or r_d
segment spacing 0.09709 m exceeds 0.25*r_d = 0.0375 m; consider a larger n_s or r_d
segment spacing 0.09968 m exceeds 0.25*r_d = 0.0375 m; consider a larger n_s or r_d
segment spacing 0.07322 m exceeds 0.25*r_d = 0.0375 m; consider a larger n_s or r_d
segment spacing 0.07322 m exceeds 0.25*r_d = 0.0375 m; consider a larger n_s or r_d
segment spacing 0.09709 m exceeds 0.25*r_d = 0.0375 m; consider a larger n_s or r_d
segment spacing 0.09968 m exceeds 0.25*r_d = 0.0375 m; consider a larger n_s or r_d
segment spacing 0.07322 m exceeds 0.25*r_d = 0.0375 m; consider a larger n_s or r_d
segment spacing 0.09709 m exceeds 0.25*r_d = 0.0375 m; consider a larger n_s or r_d
segment spacing 0.09709 m exceeds 0.25*r_d = 0.0375 m; consider a larger n_s or r_d
segment spacing 0.09709 m exceeds 0.25*r_d = 0.0375 m; consider a larger n_s or r_d
segment spacing 0.09968 m exceeds 0.25*r_d = 0.0375 m; consider a larger n_s or r_d
segment spacing 0.07322 m exceeds 0.25*r_d = 0.0375 m; consider a larger n_s or r_d
segment spacing 0.09968 m exceeds 0.25*r_d = 0.0375 m; consider a larger n_s or r_d
segment spacing 0.09709 m exceeds 0.25*r_d = 0.0375 m; consider a larger n_s or r_d
segment spacing 0.07322 m exceeds 0.25*r_d = 0.0375 m; consider a larger n_s or r_d
segment spacing 0.09709 m exceeds 0.25*r_d = 0.0375 m; consider a larger n_s or r_d
segment spacing 0.07322 m exceeds 0.25*r_d = 0.0375 m; consider a larger n_s or r_d
segment spacing 0.09968 m exceeds 0.25*r_d = 0.0375 m; consider a larger n_s or r_d
segment spacing 0.09709 m exceeds 0.25*r_d = 0.0375 m; consider a larger n_s or r_d
segment spacing 0.09968 m exceeds 0.25*r_d = 0.0375 m; consider a larger n_s or r_d
segment spacing 0.07322 m exceeds 0.25*r_d = 0.0375 m; consider a larger n_s or r_d
segment spacing 0.09709 m exceeds 0.25*r_d = 0.0375 m; consider a larger n_s or r_d
segment spacing 0.09968 m exceeds 0.25*r_d = 0.0375 m; consider a larger n_s or r_d
segment spacing 0.07322 m exceeds 0.25*r_d = 0.0375 m; consider a larger n_s or r_d
segment spacing 0.09968 m exceeds 0.25*r_d = 0.0375 m; consider a larger n_s or r_d
segment spacing 0.09709 m exceeds 0.25*r_d = 0.0375 m; consider a larger n_s or r_d
segment spacing 0.07322 m exceeds 0.25*r_d = 0.0375 m; consider a larger n_s or r_d
segment spacing 0.09968 m exceeds 0.25*r_d = 0.0375 m; consider a larger n_s or r_d
segment spacing 0.09968 m exceeds 0.25*r_d = 0.0375 m; consider a larger n_s or r_d
segment spacing 0.09709 m exceeds 0.25*r_d = 0.0375 m; consider a larger n_s or r_d
segment spacing 0.07322 m exceeds 0.25*r_d = 0.0375 m; consider a larger n_s or r_d
segment spacing 0.07322 m exceeds 0.25*r_d = 0.0375 m; consider a larger n_s or r_d
segment spacing 0.07322 m exceeds 0.25*r_d = 0.0375 m; consider a larger n_s or r_d
segment spacing 0.07322 m exceeds 0.25*r_d = 0.0375 m; consider a larger n_s or r_d
segment spacing 0.09968 m exceeds 0.25*r_d = 0.0375 m; consider a larger n_s or r_d
segment spacing 0.09709 m exceeds 0.25*r_d = 0.0375 m; consider a larger n_s or r_d
segment spacing 0.09968 m exceeds 0.25*r_d = 0.0375 m; consider a larger n_s or r_d
segment spacing 0.07322 m exceeds 0.25*r_d = 0.0375 m; consider a larger n_s or r_d
segment spacing 0.09968 m exceeds 0.25*r_d = 0.0375 m; consider a larger n_s or r_d
segment spacing 0.09968 m exceeds 0.25*r_d = 0.0375 m; consider a larger n_s or r_d
segment spacing 0.07322 m exceeds 0.25*r_d = 0.0375 m; consider a larger n_s or r_d
segment spacing 0.09709 m exceeds 0.25*r_d = 0.0375 m; consider a larger n_s or r_d
segment spacing 0.09968 m exceeds 0.25*r_d = 0.0375 m; consider a larger n_s or r_d
segment spacing 0.07322 m exceeds 0.25*r_d = 0.0375 m; consider a larger n_s or r_d
segment spacing 0.09968 m exceeds 0.25*r_d = 0.0375 m; consider a larger n_s or r_d
segment spacing 0.07322 m exceeds 0.25*r_d = 0.0375 m; consider a larger n_s or r_d
segment spacing 0.09968 m exceeds 0.25*r_d = 0.0375 m; consider a larger n_s or r_d
segment spacing 0.07322 m exceeds 0.25*r_d = 0.0375 m; consider a larger n_s or r_d
segment spacing 0.09709 m exceeds 0.25*r_d = 0.0375 m; consider a larger n_s or r_d
segment spacing 0.07322 m exceeds 0.25*r_d = 0.0375 m; consider a larger n_s or r_d
segment spacing 0.09968 m exceeds 0.25*r_d = 0.0375 m; consider a larger n_s or r_d
segment spacing 0.07322 m exceeds 0.25*r_d = 0.0375 m; consider a larger n_s or r_d
segment spacing 0.09968 m exceeds 0.25*r_d = 0.0375 m; consider a larger n_s or r_d
    [tab_mmin] star S M=1 v0=10 n_s=10 mA=4.094g A@(0.50,0.00) Bany@(0.25,0.00) nB=3 nB_Aworst=2
segment spacing 0.07322 m exceeds 0.25*r_d = 0.0375 m; consider a larger n_s or r_d
segment spacing 0.07322 m exceeds 0.25*r_d = 0.0375 m; consider a larger n_s or r_d
segment spacing 0.09968 m exceeds 0.25*r_d = 0.0375 m; consider a larger n_s or r_d
segment spacing 0.07322 m exceeds 0.25*r_d = 0.0375 m; consider a larger n_s or r_d
segment spacing 0.09968 m exceeds 0.25*r_d = 0.0375 m; consider a larger n_s or r_d
segment spacing 0.07322 m exceeds 0.25*r_d = 0.0375 m; consider a larger n_s or r_d
segment spacing 0.09709 m exceeds 0.25*r_d = 0.0375 m; consider a larger n_s or r_d
segment spacing 0.07322 m exceeds 0.25*r_d = 0.0375 m; consider a larger n_s or r_d
segment spacing 0.09968 m exceeds 0.25*r_d = 0.0375 m; consider a larger n_s or r_d
segment spacing 0.09968 m exceeds 0.25*r_d = 0.0375 m; consider a larger n_s or r_d
segment spacing 0.07322 m exceeds 0.25*r_d = 0.0375 m; consider a larger n_s or r_d
segment spacing 0.09968 m exceeds 0.25*r_d = 0.0375 m; consider a larger n_s or r_d
segment spacing 0.07322 m exceeds 0.25*r_d = 0.0375 m; consider a larger n_s or r_d
segment spacing 0.07322 m exceeds 0.25*r_d = 0.0375 m; consider a larger n_s or r_d
segment spacing 0.07322 m exceeds 0.25*r_d = 0.0375 m; consider a larger n_s or r_d
segment spacing 0.09968 m exceeds 0.25*r_d = 0.0375 m; consider a larger n_s or r_d
segment spacing 0.09709 m exceeds 0.25*r_d = 0.0375 m; consider a larger n_s or r_d
segment spacing 0.09968 m exceeds 0.25*r_d = 0.0375 m; consider a larger n_s or r_d
segment spacing 0.07322 m exceeds 0.25*r_d = 0.0375 m; consider a larger n_s or r_d
segment spacing 0.07322 m exceeds 0.25*r_d = 0.0375 m; consider a larger n_s or r_d
segment spacing 0.09968 m exceeds 0.25*r_d = 0.0375 m; consider a larger n_s or r_d
segment spacing 0.07322 m exceeds 0.25*r_d = 0.0375 m; consider a larger n_s or r_d
segment spacing 0.07322 m exceeds 0.25*r_d = 0.0375 m; consider a larger n_s or r_d
segment spacing 0.09968 m exceeds 0.25*r_d = 0.0375 m; consider a larger n_s or r_d
segment spacing 0.09968 m exceeds 0.25*r_d = 0.0375 m; consider a larger n_s or r_d
segment spacing 0.09709 m exceeds 0.25*r_d = 0.0375 m; consider a larger n_s or r_d
segment spacing 0.07322 m exceeds 0.25*r_d = 0.0375 m; consider a larger n_s or r_d
segment spacing 0.09968 m exceeds 0.25*r_d = 0.0375 m; consider a larger n_s or r_d
segment spacing 0.09968 m exceeds 0.25*r_d = 0.0375 m; consider a larger n_s or r_d
segment spacing 0.09968 m exceeds 0.25*r_d = 0.0375 m; consider a larger n_s or r_d
segment spacing 0.07322 m exceeds 0.25*r_d = 0.0375 m; consider a larger n_s or r_d
segment spacing 0.09968 m exceeds 0.25*r_d = 0.0375 m; consider a larger n_s or r_d
    [tab_mmin] star+ring S M=1 v0=20 n_s=10 mA=30.83g A@(0.50,0.00) Bany@(0.25,0.00) nB=1 nB_Aworst=3
segment spacing 0.07322 m exceeds 0.25*r_d = 0.0375 m; consider a larger n_s or r_d
segment spacing 0.09968 m exceeds 0.25*r_d = 0.0375 m; consider a larger n_s or r_d
segment spacing 0.09968 m exceeds 0.25*r_d = 0.0375 m; consider a larger n_s or r_d
segment spacing 0.09709 m exceeds 0.25*r_d = 0.0375 m; consider a larger n_s or r_d
segment spacing 0.09968 m exceeds 0.25*r_d = 0.0375 m; consider a larger n_s or r_d
segment spacing 0.09968 m exceeds 0.25*r_d = 0.0375 m; consider a larger n_s or r_d
segment spacing 0.09968 m exceeds 0.25*r_d = 0.0375 m; consider a larger n_s or r_d
segment spacing 0.07322 m exceeds 0.25*r_d = 0.0375 m; consider a larger n_s or r_d
segment spacing 0.09968 m exceeds 0.25*r_d = 0.0375 m; consider a larger n_s or r_d
segment spacing 0.09968 m exceeds 0.25*r_d = 0.0375 m; consider a larger n_s or r_d
segment spacing 0.07322 m exceeds 0.25*r_d = 0.0375 m; consider a larger n_s or r_d
segment spacing 0.09968 m exceeds 0.25*r_d = 0.0375 m; consider a larger n_s or r_d
segment spacing 0.09968 m exceeds 0.25*r_d = 0.0375 m; consider a larger n_s or r_d
segment spacing 0.09709 m exceeds 0.25*r_d = 0.0375 m; consider a larger n_s or r_d
segment spacing 0.09968 m exceeds 0.25*r_d = 0.0375 m; consider a larger n_s or r_d
segment spacing 0.09968 m exceeds 0.25*r_d = 0.0375 m; consider a larger n_s or r_d
segment spacing 0.09968 m exceeds 0.25*r_d = 0.0375 m; consider a larger n_s or r_d
segment spacing 0.09968 m exceeds 0.25*r_d = 0.0375 m; consider a larger n_s or r_d
segment spacing 0.07322 m exceeds 0.25*r_d = 0.0375 m; consider a larger n_s or r_d
segment spacing 0.09968 m exceeds 0.25*r_d = 0.0375 m; consider a larger n_s or r_d
segment spacing 0.07322 m exceeds 0.25*r_d = 0.0375 m; consider a larger n_s or r_d
segment spacing 0.07322 m exceeds 0.25*r_d = 0.0375 m; consider a larger n_s or r_d
segment spacing 0.09968 m exceeds 0.25*r_d = 0.0375 m; consider a larger n_s or r_d
segment spacing 0.07322 m exceeds 0.25*r_d = 0.0375 m; consider a larger n_s or r_d
segment spacing 0.09968 m exceeds 0.25*r_d = 0.0375 m; consider a larger n_s or r_d
segment spacing 0.09968 m exceeds 0.25*r_d = 0.0375 m; consider a larger n_s or r_d
segment spacing 0.09709 m exceeds 0.25*r_d = 0.0375 m; consider a larger n_s or r_d
segment spacing 0.09968 m exceeds 0.25*r_d = 0.0375 m; consider a larger n_s or r_d
segment spacing 0.09968 m exceeds 0.25*r_d = 0.0375 m; consider a larger n_s or r_d
segment spacing 0.09968 m exceeds 0.25*r_d = 0.0375 m; consider a larger n_s or r_d
segment spacing 0.09968 m exceeds 0.25*r_d = 0.0375 m; consider a larger n_s or r_d
segment spacing 0.07322 m exceeds 0.25*r_d = 0.0375 m; consider a larger n_s or r_d
segment spacing 0.09968 m exceeds 0.25*r_d = 0.0375 m; consider a larger n_s or r_d
segment spacing 0.09968 m exceeds 0.25*r_d = 0.0375 m; consider a larger n_s or r_d
segment spacing 0.09968 m exceeds 0.25*r_d = 0.0375 m; consider a larger n_s or r_d
segment spacing 0.09968 m exceeds 0.25*r_d = 0.0375 m; consider a larger n_s or r_d
segment spacing 0.09709 m exceeds 0.25*r_d = 0.0375 m; consider a larger n_s or r_d
segment spacing 0.07322 m exceeds 0.25*r_d = 0.0375 m; consider a larger n_s or r_d
segment spacing 0.09968 m exceeds 0.25*r_d = 0.0375 m; consider a larger n_s or r_d
segment spacing 0.07322 m exceeds 0.25*r_d = 0.0375 m; consider a larger n_s or r_d
segment spacing 0.09968 m exceeds 0.25*r_d = 0.0375 m; consider a larger n_s or r_d
segment spacing 0.09968 m exceeds 0.25*r_d = 0.0375 m; consider a larger n_s or r_d
segment spacing 0.09968 m exceeds 0.25*r_d = 0.0375 m; consider a larger n_s or r_d
segment spacing 0.09968 m exceeds 0.25*r_d = 0.0375 m; consider a larger n_s or r_d
segment spacing 0.09709 m exceeds 0.25*r_d = 0.0375 m; consider a larger n_s or r_d
segment spacing 0.09968 m exceeds 0.25*r_d = 0.0375 m; consider a larger n_s or r_d
segment spacing 0.07322 m exceeds 0.25*r_d = 0.0375 m; consider a larger n_s or r_d
segment spacing 0.07322 m exceeds 0.25*r_d = 0.0375 m; consider a larger n_s or r_d
segment spacing 0.07322 m exceeds 0.25*r_d = 0.0375 m; consider a larger n_s or r_d
segment spacing 0.09968 m exceeds 0.25*r_d = 0.0375 m; consider a larger n_s or r_d
segment spacing 0.09968 m exceeds 0.25*r_d = 0.0375 m; consider a larger n_s or r_d
segment spacing 0.09968 m exceeds 0.25*r_d = 0.0375 m; consider a larger n_s or r_d
segment spacing 0.07322 m exceeds 0.25*r_d = 0.0375 m; consider a larger n_s or r_d
segment spacing 0.09968 m exceeds 0.25*r_d = 0.0375 m; consider a larger n_s or r_d
segment spacing 0.09968 m exceeds 0.25*r_d = 0.0375 m; consider a larger n_s or r_d
segment spacing 0.07322 m exceeds 0.25*r_d = 0.0375 m; consider a larger n_s or r_d
segment spacing 0.07322 m exceeds 0.25*r_d = 0.0375 m; consider a larger n_s or r_d
segment spacing 0.09709 m exceeds 0.25*r_d = 0.0375 m; consider a larger n_s or r_d
segment spacing 0.09968 m exceeds 0.25*r_d = 0.0375 m; consider a larger n_s or r_d
segment spacing 0.09968 m exceeds 0.25*r_d = 0.0375 m; consider a larger n_s or r_d
segment spacing 0.09968 m exceeds 0.25*r_d = 0.0375 m; consider a larger n_s or r_d
segment spacing 0.09968 m exceeds 0.25*r_d = 0.0375 m; consider a larger n_s or r_d
segment spacing 0.07322 m exceeds 0.25*r_d = 0.0375 m; consider a larger n_s or r_d
segment spacing 0.09968 m exceeds 0.25*r_d = 0.0375 m; consider a larger n_s or r_d
segment spacing 0.09968 m exceeds 0.25*r_d = 0.0375 m; consider a larger n_s or r_d
segment spacing 0.09968 m exceeds 0.25*r_d = 0.0375 m; consider a larger n_s or r_d
segment spacing 0.09709 m exceeds 0.25*r_d = 0.0375 m; consider a larger n_s or r_d
segment spacing 0.09968 m exceeds 0.25*r_d = 0.0375 m; consider a larger n_s or r_d
segment spacing 0.07322 m exceeds 0.25*r_d = 0.0375 m; consider a larger n_s or r_d
segment spacing 0.09968 m exceeds 0.25*r_d = 0.0375 m; consider a larger n_s or r_d
segment spacing 0.09968 m exceeds 0.25*r_d = 0.0375 m; consider a larger n_s or r_d
segment spacing 0.09968 m exceeds 0.25*r_d = 0.0375 m; consider a larger n_s or r_d
segment spacing 0.09968 m exceeds 0.25*r_d = 0.0375 m; consider a larger n_s or r_d
segment spacing 0.09968 m exceeds 0.25*r_d = 0.0375 m; consider a larger n_s or r_d
segment spacing 0.07322 m exceeds 0.25*r_d = 0.0375 m; consider a larger n_s or r_d
segment spacing 0.09968 m exceeds 0.25*r_d = 0.0375 m; consider a larger n_s or r_d
segment spacing 0.07322 m exceeds 0.25*r_d = 0.0375 m; consider a larger n_s or r_d
segment spacing 0.09968 m exceeds 0.25*r_d = 0.0375 m; consider a larger n_s or r_d
segment spacing 0.09968 m exceeds 0.25*r_d = 0.0375 m; consider a larger n_s or r_d
segment spacing 0.09968 m exceeds 0.25*r_d = 0.0375 m; consider a larger n_s or r_d
segment spacing 0.09968 m exceeds 0.25*r_d = 0.0375 m; consider a larger n_s or r_d
segment spacing 0.09709 m exceeds 0.25*r_d = 0.0375 m; consider a larger n_s or r_d
segment spacing 0.09968 m exceeds 0.25*r_d = 0.0375 m; consider a larger n_s or r_d
segment spacing 0.09968 m exceeds 0.25*r_d = 0.0375 m; consider a larger n_s or r_d
segment spacing 0.09968 m exceeds 0.25*r_d = 0.0375 m; consider a larger n_s or r_d
segment spacing 0.09968 m exceeds 0.25*r_d = 0.0375 m; consider a larger n_s or r_d
segment spacing 0.09968 m exceeds 0.25*r_d = 0.0375 m; consider a larger n_s or r_d
segment spacing 0.07322 m exceeds 0.25*r_d = 0.0375 m; consider a larger n_s or r_d
segment spacing 0.07322 m exceeds 0.25*r_d = 0.0375 m; consider a larger n_s or r_d
segment spacing 0.09968 m exceeds 0.25*r_d = 0.0375 m; consider a larger n_s or r_d
segment spacing 0.09968 m exceeds 0.25*r_d = 0.0375 m; consider a larger n_s or r_d
segment spacing 0.09968 m exceeds 0.25*r_d = 0.0375 m; consider a larger n_s or r_d
segment spacing 0.09968 m exceeds 0.25*r_d = 0.0375 m; consider a larger n_s or r_d
segment spacing 0.09968 m exceeds 0.25*r_d = 0.0375 m; consider a larger n_s or r_d
segment spacing 0.09709 m exceeds 0.25*r_d = 0.0375 m; consider a larger n_s or r_d
segment spacing 0.09968 m exceeds 0.25*r_d = 0.0375 m; consider a larger n_s or r_d
segment spacing 0.09968 m exceeds 0.25*r_d = 0.0375 m; consider a larger n_s or r_d
segment spacing 0.09968 m exceeds 0.25*r_d = 0.0375 m; consider a larger n_s or r_d
segment spacing 0.07322 m exceeds 0.25*r_d = 0.0375 m; consider a larger n_s or r_d
segment spacing 0.09968 m exceeds 0.25*r_d = 0.0375 m; consider a larger n_s or r_d
segment spacing 0.07322 m exceeds 0.25*r_d = 0.0375 m; consider a larger n_s or r_d
segment spacing 0.09968 m exceeds 0.25*r_d = 0.0375 m; consider a larger n_s or r_d
segment spacing 0.07322 m exceeds 0.25*r_d = 0.0375 m; consider a larger n_s or r_d
segment spacing 0.09968 m exceeds 0.25*r_d = 0.0375 m; consider a larger n_s or r_d
segment spacing 0.09968 m exceeds 0.25*r_d = 0.0375 m; consider a larger n_s or r_d
segment spacing 0.07322 m exceeds 0.25*r_d = 0.0375 m; consider a larger n_s or r_d
segment spacing 0.09968 m exceeds 0.25*r_d = 0.0375 m; consider a larger n_s or r_d
segment spacing 0.09968 m exceeds 0.25*r_d = 0.0375 m; consider a larger n_s or r_d
segment spacing 0.09709 m exceeds 0.25*r_d = 0.0375 m; consider a larger n_s or r_d
segment spacing 0.09968 m exceeds 0.25*r_d = 0.0375 m; consider a larger n_s or r_d
segment spacing 0.07322 m exceeds 0.25*r_d = 0.0375 m; consider a larger n_s or r_d
segment spacing 0.09968 m exceeds 0.25*r_d = 0.0375 m; consider a larger n_s or r_d
segment spacing 0.09968 m exceeds 0.25*r_d = 0.0375 m; consider a larger n_s or r_d
segment spacing 0.09968 m exceeds 0.25*r_d = 0.0375 m; consider a larger n_s or r_d
segment spacing 0.09968 m exceeds 0.25*r_d = 0.0375 m; consider a larger n_s or r_d
segment spacing 0.07322 m exceeds 0.25*r_d = 0.0375 m; consider a larger n_s or r_d
segment spacing 0.09968 m exceeds 0.25*r_d = 0.0375 m; consider a larger n_s or r_d
segment spacing 0.09968 m exceeds 0.25*r_d = 0.0375 m; consider a larger n_s or r_d
segment spacing 0.09968 m exceeds 0.25*r_d = 0.0375 m; consider a larger n_s or r_d
segment spacing 0.09968 m exceeds 0.25*r_d = 0.0375 m; consider a larger n_s or r_d
segment spacing 0.09968 m exceeds 0.25*r_d = 0.0375 m; consider a larger n_s or r_d
segment spacing 0.09968 m exceeds 0.25*r_d = 0.0375 m; consider a larger n_s or r_d
segment spacing 0.09968 m exceeds 0.25*r_d = 0.0375 m; consider a larger n_s or r_d
segment spacing 0.07322 m exceeds 0.25*r_d = 0.0375 m; consider a larger n_s or r_d
segment spacing 0.09968 m exceeds 0.25*r_d = 0.0375 m; consider a larger n_s or r_d
segment spacing 0.09968 m exceeds 0.25*r_d = 0.0375 m; consider a larger n_s or r_d
segment spacing 0.09968 m exceeds 0.25*r_d = 0.0375 m; consider a larger n_s or r_d
segment spacing 0.09968 m exceeds 0.25*r_d = 0.0375 m; consider a larger n_s or r_d
segment spacing 0.09709 m exceeds 0.25*r_d = 0.0375 m; consider a larger n_s or r_d
segment spacing 0.09968 m exceeds 0.25*r_d = 0.0375 m; consider a larger n_s or r_d
segment spacing 0.09968 m exceeds 0.25*r_d = 0.0375 m; consider a larger n_s or r_d
segment spacing 0.09968 m exceeds 0.25*r_d = 0.0375 m; consider a larger n_s or r_d
segment spacing 0.09968 m exceeds 0.25*r_d = 0.0375 m; consider a larger n_s or r_d
segment spacing 0.07322 m exceeds 0.25*r_d = 0.0375 m; consider a larger n_s or r_d
segment spacing 0.09968 m exceeds 0.25*r_d = 0.0375 m; consider a larger n_s or r_d
segment spacing 0.09968 m exceeds 0.25*r_d = 0.0375 m; consider a larger n_s or r_d
segment spacing 0.07322 m exceeds 0.25*r_d = 0.0375 m; consider a larger n_s or r_d
segment spacing 0.09968 m exceeds 0.25*r_d = 0.0375 m; consider a larger n_s or r_d
segment spacing 0.09968 m exceeds 0.25*r_d = 0.0375 m; consider a larger n_s or r_d
segment spacing 0.09968 m exceeds 0.25*r_d = 0.0375 m; consider a larger n_s or r_d
segment spacing 0.09968 m exceeds 0.25*r_d = 0.0375 m; consider a larger n_s or r_d
segment spacing 0.09968 m exceeds 0.25*r_d = 0.0375 m; consider a larger n_s or r_d
segment spacing 0.07322 m exceeds 0.25*r_d = 0.0375 m; consider a larger n_s or r_d
segment spacing 0.09968 m exceeds 0.25*r_d = 0.0375 m; consider a larger n_s or r_d
segment spacing 0.09968 m exceeds 0.25*r_d = 0.0375 m; consider a larger n_s or r_d
segment spacing 0.09968 m exceeds 0.25*r_d = 0.0375 m; consider a larger n_s or r_d
segment spacing 0.09968 m exceeds 0.25*r_d = 0.0375 m; consider a larger n_s or r_d
segment spacing 0.09968 m exceeds 0.25*r_d = 0.0375 m; consider a larger n_s or r_d
segment spacing 0.07322 m exceeds 0.25*r_d = 0.0375 m; consider a larger n_s or r_d
segment spacing 0.07322 m exceeds 0.25*r_d = 0.0375 m; consider a larger n_s or r_d
segment spacing 0.07322 m exceeds 0.25*r_d = 0.0375 m; consider a larger n_s or r_d
segment spacing 0.09968 m exceeds 0.25*r_d = 0.0375 m; consider a larger n_s or r_d
segment spacing 0.09968 m exceeds 0.25*r_d = 0.0375 m; consider a larger n_s or r_d
segment spacing 0.07322 m exceeds 0.25*r_d = 0.0375 m; consider a larger n_s or r_d
segment spacing 0.09968 m exceeds 0.25*r_d = 0.0375 m; consider a larger n_s or r_d
segment spacing 0.09968 m exceeds 0.25*r_d = 0.0375 m; consider a larger n_s or r_d
segment spacing 0.09709 m exceeds 0.25*r_d = 0.0375 m; consider a larger n_s or r_d
segment spacing 0.07322 m exceeds 0.25*r_d = 0.0375 m; consider a larger n_s or r_d
segment spacing 0.07322 m exceeds 0.25*r_d = 0.0375 m; consider a larger n_s or r_d
segment spacing 0.09968 m exceeds 0.25*r_d = 0.0375 m; consider a larger n_s or r_d
segment spacing 0.07322 m exceeds 0.25*r_d = 0.0375 m; consider a larger n_s or r_d
segment spacing 0.09968 m exceeds 0.25*r_d = 0.0375 m; consider a larger n_s or r_d
segment spacing 0.07322 m exceeds 0.25*r_d = 0.0375 m; consider a larger n_s or r_d
segment spacing 0.07322 m exceeds 0.25*r_d = 0.0375 m; consider a larger n_s or r_d
segment spacing 0.09968 m exceeds 0.25*r_d = 0.0375 m; consider a larger n_s or r_d
segment spacing 0.09968 m exceeds 0.25*r_d = 0.0375 m; consider a larger n_s or r_d
segment spacing 0.07322 m exceeds 0.25*r_d = 0.0375 m; consider a larger n_s or r_d
segment spacing 0.07322 m exceeds 0.25*r_d = 0.0375 m; consider a larger n_s or r_d
segment spacing 0.09968 m exceeds 0.25*r_d = 0.0375 m; consider a larger n_s or r_d
segment spacing 0.07322 m exceeds 0.25*r_d = 0.0375 m; consider a larger n_s or r_d
segment spacing 0.07322 m exceeds 0.25*r_d = 0.0375 m; consider a larger n_s or r_d
segment spacing 0.09968 m exceeds 0.25*r_d = 0.0375 m; consider a larger n_s or r_d
segment spacing 0.09968 m exceeds 0.25*r_d = 0.0375 m; consider a larger n_s or r_d
segment spacing 0.07322 m exceeds 0.25*r_d = 0.0375 m; consider a larger n_s or r_d
segment spacing 0.09968 m exceeds 0.25*r_d = 0.0375 m; consider a larger n_s or r_d
segment spacing 0.09968 m exceeds 0.25*r_d = 0.0375 m; consider a larger n_s or r_d
segment spacing 0.07322 m exceeds 0.25*r_d = 0.0375 m; consider a larger n_s or r_d
segment spacing 0.09968 m exceeds 0.25*r_d = 0.0375 m; consider a larger n_s or r_d
segment spacing 0.07322 m exceeds 0.25*r_d = 0.0375 m; consider a larger n_s or r_d
segment spacing 0.09709 m exceeds 0.25*r_d = 0.0375 m; consider a larger n_s or r_d
segment spacing 0.09968 m exceeds 0.25*r_d = 0.0375 m; consider a larger n_s or r_d
segment spacing 0.09968 m exceeds 0.25*r_d = 0.0375 m; consider a larger n_s or r_d
segment spacing 0.09968 m exceeds 0.25*r_d = 0.0375 m; consider a larger n_s or r_d
segment spacing 0.07322 m exceeds 0.25*r_d = 0.0375 m; consider a larger n_s or r_d
segment spacing 0.07322 m exceeds 0.25*r_d = 0.0375 m; consider a larger n_s or r_d
segment spacing 0.07322 m exceeds 0.25*r_d = 0.0375 m; consider a larger n_s or r_d
segment spacing 0.09968 m exceeds 0.25*r_d = 0.0375 m; consider a larger n_s or r_d
segment spacing 0.07322 m exceeds 0.25*r_d = 0.0375 m; consider a larger n_s or r_d
segment spacing 0.09968 m exceeds 0.25*r_d = 0.0375 m; consider a larger n_s or r_d
segment spacing 0.09968 m exceeds 0.25*r_d = 0.0375 m; consider a larger n_s or r_d
segment spacing 0.09968 m exceeds 0.25*r_d = 0.0375 m; consider a larger n_s or r_d
segment spacing 0.07322 m exceeds 0.25*r_d = 0.0375 m; consider a larger n_s or r_d
segment spacing 0.09968 m exceeds 0.25*r_d = 0.0375 m; consider a larger n_s or r_d
segment spacing 0.09968 m exceeds 0.25*r_d = 0.0375 m; consider a larger n_s or r_d
segment spacing 0.09968 m exceeds 0.25*r_d = 0.0375 m; consider a larger n_s or r_d
segment spacing 0.09709 m exceeds 0.25*r_d = 0.0375 m; consider a larger n_s or r_d
segment spacing 0.07322 m exceeds 0.25*r_d = 0.0375 m; consider a larger n_s or r_d
segment spacing 0.07322 m exceeds 0.25*r_d = 0.0375 m; consider a larger n_s or r_d
segment spacing 0.09968 m exceeds 0.25*r_d = 0.0375 m; consider a larger n_s or r_d
segment spacing 0.09968 m exceeds 0.25*r_d = 0.0375 m; consider a larger n_s or r_d
segment spacing 0.07322 m exceeds 0.25*r_d = 0.0375 m; consider a larger n_s or r_d
segment spacing 0.09968 m exceeds 0.25*r_d = 0.0375 m; consider a larger n_s or r_d
segment spacing 0.09968 m exceeds 0.25*r_d = 0.0375 m; consider a larger n_s or r_d
segment spacing 0.09968 m exceeds 0.25*r_d = 0.0375 m; consider a larger n_s or r_d
segment spacing 0.07322 m exceeds 0.25*r_d = 0.0375 m; consider a larger n_s or r_d
segment spacing 0.09968 m exceeds 0.25*r_d = 0.0375 m; consider a larger n_s or r_d
segment spacing 0.09968 m exceeds 0.25*r_d = 0.0375 m; consider a larger n_s or r_d
segment spacing 0.07322 m exceeds 0.25*r_d = 0.0375 m; consider a larger n_s or r_d
segment spacing 0.09968 m exceeds 0.25*r_d = 0.0375 m; consider a larger n_s or r_d
segment spacing 0.09709 m exceeds 0.25*r_d = 0.0375 m; consider a larger n_s or r_d
segment spacing 0.09968 m exceeds 0.25*r_d = 0.0375 m; consider a larger n_s or r_d
segment spacing 0.07322 m exceeds 0.25*r_d = 0.0375 m; consider a larger n_s or r_d
segment spacing 0.09968 m exceeds 0.25*r_d = 0.0375 m; consider a larger n_s or r_d
segment spacing 0.07322 m exceeds 0.25*r_d = 0.0375 m; consider a larger n_s or r_d
segment spacing 0.07322 m exceeds 0.25*r_d = 0.0375 m; consider a larger n_s or r_d
segment spacing 0.09968 m exceeds 0.25*r_d = 0.0375 m; consider a larger n_s or r_d
segment spacing 0.07322 m exceeds 0.25*r_d = 0.0375 m; consider a larger n_s or r_d
segment spacing 0.09968 m exceeds 0.25*r_d = 0.0375 m; consider a larger n_s or r_d
segment spacing 0.07322 m exceeds 0.25*r_d = 0.0375 m; consider a larger n_s or r_d
segment spacing 0.09968 m exceeds 0.25*r_d = 0.0375 m; consider a larger n_s or r_d
segment spacing 0.09968 m exceeds 0.25*r_d = 0.0375 m; consider a larger n_s or r_d
segment spacing 0.09968 m exceeds 0.25*r_d = 0.0375 m; consider a larger n_s or r_d
segment spacing 0.09709 m exceeds 0.25*r_d = 0.0375 m; consider a larger n_s or r_d
segment spacing 0.09968 m exceeds 0.25*r_d = 0.0375 m; consider a larger n_s or r_d
segment spacing 0.09968 m exceeds 0.25*r_d = 0.0375 m; consider a larger n_s or r_d
segment spacing 0.09968 m exceeds 0.25*r_d = 0.0375 m; consider a larger n_s or r_d
segment spacing 0.07322 m exceeds 0.25*r_d = 0.0375 m; consider a larger n_s or r_d
segment spacing 0.09968 m exceeds 0.25*r_d = 0.0375 m; consider a larger n_s or r_d
segment spacing 0.09968 m exceeds 0.25*r_d = 0.0375 m; consider a larger n_s or r_d
segment spacing 0.09968 m exceeds 0.25*r_d = 0.0375 m; consider a larger n_s or r_d
segment spacing 0.09968 m exceeds 0.25*r_d = 0.0375 m; consider a larger n_s or r_d
segment spacing 0.07322 m exceeds 0.25*r_d = 0.0375 m; consider a larger n_s or r_d
segment spacing 0.09968 m exceeds 0.25*r_d = 0.0375 m; consider a larger n_s or r_d
segment spacing 0.09709 m exceeds 0.25*r_d = 0.0375 m; consider a larger n_s or r_d
segment spacing 0.07322 m exceeds 0.25*r_d = 0.0375 m; consider a larger n_s or r_d
segment spacing 0.09968 m exceeds 0.25*r_d = 0.0375 m; consider a larger n_s or r_d
segment spacing 0.07322 m exceeds 0.25*r_d = 0.0375 m; consider a larger n_s or r_d
segment spacing 0.09968 m exceeds 0.25*r_d = 0.0375 m; consider a larger n_s or r_d
segment spacing 0.09968 m exceeds 0.25*r_d = 0.0375 m; consider a larger n_s or r_d
segment spacing 0.07322 m exceeds 0.25*r_d = 0.0375 m; consider a larger n_s or r_d
segment spacing 0.09968 m exceeds 0.25*r_d = 0.0375 m; consider a larger n_s or r_d
segment spacing 0.07322 m exceeds 0.25*r_d = 0.0375 m; consider a larger n_s or r_d
segment spacing 0.09968 m exceeds 0.25*r_d = 0.0375 m; consider a larger n_s or r_d
segment spacing 0.07322 m exceeds 0.25*r_d = 0.0375 m; consider a larger n_s or r_d
segment spacing 0.09968 m exceeds 0.25*r_d = 0.0375 m; consider a larger n_s or r_d
segment spacing 0.07322 m exceeds 0.25*r_d = 0.0375 m; consider a larger n_s or r_d
segment spacing 0.09968 m exceeds 0.25*r_d = 0.0375 m; consider a larger n_s or r_d
segment spacing 0.09709 m exceeds 0.25*r_d = 0.0375 m; consider a larger n_s or r_d
segment spacing 0.07322 m exceeds 0.25*r_d = 0.0375 m; consider a larger n_s or r_d
segment spacing 0.07322 m exceeds 0.25*r_d = 0.0375 m; consider a larger n_s or r_d
segment spacing 0.09968 m exceeds 0.25*r_d = 0.0375 m; consider a larger n_s or r_d
segment spacing 0.09968 m exceeds 0.25*r_d = 0.0375 m; consider a larger n_s or r_d
segment spacing 0.07322 m exceeds 0.25*r_d = 0.0375 m; consider a larger n_s or r_d
segment spacing 0.07322 m exceeds 0.25*r_d = 0.0375 m; consider a larger n_s or r_d
segment spacing 0.09968 m exceeds 0.25*r_d = 0.0375 m; consider a larger n_s or r_d
segment spacing 0.07322 m exceeds 0.25*r_d = 0.0375 m; consider a larger n_s or r_d
segment spacing 0.07322 m exceeds 0.25*r_d = 0.0375 m; consider a larger n_s or r_d
segment spacing 0.09968 m exceeds 0.25*r_d = 0.0375 m; consider a larger n_s or r_d
segment spacing 0.07322 m exceeds 0.25*r_d = 0.0375 m; consider a larger n_s or r_d
segment spacing 0.09968 m exceeds 0.25*r_d = 0.0375 m; consider a larger n_s or r_d
segment spacing 0.09709 m exceeds 0.25*r_d = 0.0375 m; consider a larger n_s or r_d
segment spacing 0.07322 m exceeds 0.25*r_d = 0.0375 m; consider a larger n_s or r_d
segment spacing 0.09968 m exceeds 0.25*r_d = 0.0375 m; consider a larger n_s or r_d
segment spacing 0.07322 m exceeds 0.25*r_d = 0.0375 m; consider a larger n_s or r_d
segment spacing 0.09968 m exceeds 0.25*r_d = 0.0375 m; consider a larger n_s or r_d
segment spacing 0.09968 m exceeds 0.25*r_d = 0.0375 m; consider a larger n_s or r_d
segment spacing 0.07322 m exceeds 0.25*r_d = 0.0375 m; consider a larger n_s or r_d
segment spacing 0.09968 m exceeds 0.25*r_d = 0.0375 m; consider a larger n_s or r_d
segment spacing 0.09709 m exceeds 0.25*r_d = 0.0375 m; consider a larger n_s or r_d
segment spacing 0.09968 m exceeds 0.25*r_d = 0.0375 m; consider a larger n_s or r_d
segment spacing 0.07322 m exceeds 0.25*r_d = 0.0375 m; consider a larger n_s or r_d
segment spacing 0.09968 m exceeds 0.25*r_d = 0.0375 m; consider a larger n_s or r_d
segment spacing 0.07322 m exceeds 0.25*r_d = 0.0375 m; consider a larger n_s or r_d
segment spacing 0.09968 m exceeds 0.25*r_d = 0.0375 m; consider a larger n_s or r_d
segment spacing 0.07322 m exceeds 0.25*r_d = 0.0375 m; consider a larger n_s or r_d
segment spacing 0.09968 m exceeds 0.25*r_d = 0.0375 m; consider a larger n_s or r_d
segment spacing 0.09968 m exceeds 0.25*r_d = 0.0375 m; consider a larger n_s or r_d
segment spacing 0.09968 m exceeds 0.25*r_d = 0.0375 m; consider a larger n_s or r_d
segment spacing 0.09709 m exceeds 0.25*r_d = 0.0375 m; consider a larger n_s or r_d
segment spacing 0.09968 m exceeds 0.25*r_d = 0.0375 m; consider a larger n_s or r_d
segment spacing 0.09968 m exceeds 0.25*r_d = 0.0375 m; consider a larger n_s or r_d
segment spacing 0.09968 m exceeds 0.25*r_d = 0.0375 m; consider a larger n_s or r_d
segment spacing 0.09968 m exceeds 0.25*r_d = 0.0375 m; consider a larger n_s or r_d
segment spacing 0.09968 m exceeds 0.25*r_d = 0.0375 m; consider a larger n_s or r_d
segment spacing 0.09968 m exceeds 0.25*r_d = 0.0375 m; consider a larger n_s or r_d
segment spacing 0.09709 m exceeds 0.25*r_d = 0.0375 m; consider a larger n_s or r_d
segment spacing 0.07322 m exceeds 0.25*r_d = 0.0375 m; consider a larger n_s or r_d
segment spacing 0.07322 m exceeds 0.25*r_d = 0.0375 m; consider a larger n_s or r_d
segment spacing 0.09968 m exceeds 0.25*r_d = 0.0375 m; consider a larger n_s or r_d
segment spacing 0.07322 m exceeds 0.25*r_d = 0.0375 m; consider a larger n_s or r_d
segment spacing 0.09709 m exceeds 0.25*r_d = 0.0375 m; consider a larger n_s or r_d
segment spacing 0.09968 m exceeds 0.25*r_d = 0.0375 m; consider a larger n_s or r_d
segment spacing 0.07322 m exceeds 0.25*r_d = 0.0375 m; consider a larger n_s or r_d
segment spacing 0.09968 m exceeds 0.25*r_d = 0.0375 m; consider a larger n_s or r_d
segment spacing 0.07322 m exceeds 0.25*r_d = 0.0375 m; consider a larger n_s or r_d
segment spacing 0.09968 m exceeds 0.25*r_d = 0.0375 m; consider a larger n_s or r_d
segment spacing 0.09968 m exceeds 0.25*r_d = 0.0375 m; consider a larger n_s or r_d
segment spacing 0.07322 m exceeds 0.25*r_d = 0.0375 m; consider a larger n_s or r_d
segment spacing 0.09709 m exceeds 0.25*r_d = 0.0375 m; consider a larger n_s or r_d
segment spacing 0.09968 m exceeds 0.25*r_d = 0.0375 m; consider a larger n_s or r_d
segment spacing 0.07322 m exceeds 0.25*r_d = 0.0375 m; consider a larger n_s or r_d
segment spacing 0.07322 m exceeds 0.25*r_d = 0.0375 m; consider a larger n_s or r_d
segment spacing 0.07322 m exceeds 0.25*r_d = 0.0375 m; consider a larger n_s or r_d
segment spacing 0.07322 m exceeds 0.25*r_d = 0.0375 m; consider a larger n_s or r_d
segment spacing 0.07322 m exceeds 0.25*r_d = 0.0375 m; consider a larger n_s or r_d
segment spacing 0.09968 m exceeds 0.25*r_d = 0.0375 m; consider a larger n_s or r_d
segment spacing 0.07322 m exceeds 0.25*r_d = 0.0375 m; consider a larger n_s or r_d
segment spacing 0.09709 m exceeds 0.25*r_d = 0.0375 m; consider a larger n_s or r_d
segment spacing 0.09968 m exceeds 0.25*r_d = 0.0375 m; consider a larger n_s or r_d
segment spacing 0.07322 m exceeds 0.25*r_d = 0.0375 m; consider a larger n_s or r_d
segment spacing 0.07322 m exceeds 0.25*r_d = 0.0375 m; consider a larger n_s or r_d
segment spacing 0.07322 m exceeds 0.25*r_d = 0.0375 m; consider a larger n_s or r_d
segment spacing 0.09968 m exceeds 0.25*r_d = 0.0375 m; consider a larger n_s or r_d
segment spacing 0.07322 m exceeds 0.25*r_d = 0.0375 m; consider a larger n_s or r_d
segment spacing 0.07322 m exceeds 0.25*r_d = 0.0375 m; consider a larger n_s or r_d
segment spacing 0.07322 m exceeds 0.25*r_d = 0.0375 m; consider a larger n_s or r_d
segment spacing 0.09709 m exceeds 0.25*r_d = 0.0375 m; consider a larger n_s or r_d
segment spacing 0.07322 m exceeds 0.25*r_d = 0.0375 m; consider a larger n_s or r_d
segment spacing 0.07322 m exceeds 0.25*r_d = 0.0375 m; consider a larger n_s or r_d
segment spacing 0.07322 m exceeds 0.25*r_d = 0.0375 m; consider a larger n_s or r_d
segment spacing 0.07322 m exceeds 0.25*r_d = 0.0375 m; consider a larger n_s or r_d
segment spacing 0.07322 m exceeds 0.25*r_d = 0.0375 m; consider a larger n_s or r_d
segment spacing 0.09709 m exceeds 0.25*r_d = 0.0375 m; consider a larger n_s or r_d
segment spacing 0.07322 m exceeds 0.25*r_d = 0.0375 m; consider a larger n_s or r_d
segment spacing 0.07322 m exceeds 0.25*r_d = 0.0375 m; consider a larger n_s or r_d
segment spacing 0.09709 m exceeds 0.25*r_d = 0.0375 m; consider a larger n_s or r_d
segment spacing 0.07322 m exceeds 0.25*r_d = 0.0375 m; consider a larger n_s or r_d
segment spacing 0.07322 m exceeds 0.25*r_d = 0.0375 m; consider a larger n_s or r_d
segment spacing 0.07322 m exceeds 0.25*r_d = 0.0375 m; consider a larger n_s or r_d
segment spacing 0.07322 m exceeds 0.25*r_d = 0.0375 m; consider a larger n_s or r_d
segment spacing 0.07322 m exceeds 0.25*r_d = 0.0375 m; consider a larger n_s or r_d
segment spacing 0.07322 m exceeds 0.25*r_d = 0.0375 m; consider a larger n_s or r_d
segment spacing 0.09709 m exceeds 0.25*r_d = 0.0375 m; consider a larger n_s or r_d
segment spacing 0.07322 m exceeds 0.25*r_d = 0.0375 m; consider a larger n_s or r_d
segment spacing 0.07322 m exceeds 0.25*r_d = 0.0375 m; consider a larger n_s or r_d
segment spacing 0.07322 m exceeds 0.25*r_d = 0.0375 m; consider a larger n_s or r_d
segment spacing 0.07322 m exceeds 0.25*r_d = 0.0375 m; consider a larger n_s or r_d
segment spacing 0.07322 m exceeds 0.25*r_d = 0.0375 m; consider a larger n_s or r_d
segment spacing 0.07322 m exceeds 0.25*r_d = 0.0375 m; consider a larger n_s or r_d
segment spacing 0.07322 m exceeds 0.25*r_d = 0.0375 m; consider a larger n_s or r_d
segment spacing 0.09709 m exceeds 0.25*r_d = 0.0375 m; consider a larger n_s or r_d
segment spacing 0.09968 m exceeds 0.25*r_d = 0.0375 m; consider a larger n_s or r_d
segment spacing 0.07322 m exceeds 0.25*r_d = 0.0375 m; consider a larger n_s or r_d
segment spacing 0.07322 m exceeds 0.25*r_d = 0.0375 m; consider a larger n_s or r_d
segment spacing 0.09968 m exceeds 0.25*r_d = 0.0375 m; consider a larger n_s or r_d
segment spacing 0.07322 m exceeds 0.25*r_d = 0.0375 m; consider a larger n_s or r_d
segment spacing 0.09968 m exceeds 0.25*r_d = 0.0375 m; consider a larger n_s or r_d
segment spacing 0.07322 m exceeds 0.25*r_d = 0.0375 m; consider a larger n_s or r_d
segment spacing 0.07322 m exceeds 0.25*r_d = 0.0375 m; consider a larger n_s or r_d
segment spacing 0.09968 m exceeds 0.25*r_d = 0.0375 m; consider a larger n_s or r_d
segment spacing 0.09709 m exceeds 0.25*r_d = 0.0375 m; consider a larger n_s or r_d
segment spacing 0.07322 m exceeds 0.25*r_d = 0.0375 m; consider a larger n_s or r_d
segment spacing 0.09968 m exceeds 0.25*r_d = 0.0375 m; consider a larger n_s or r_d
segment spacing 0.07322 m exceeds 0.25*r_d = 0.0375 m; consider a larger n_s or r_d
segment spacing 0.07322 m exceeds 0.25*r_d = 0.0375 m; consider a larger n_s or r_d
segment spacing 0.09968 m exceeds 0.25*r_d = 0.0375 m; consider a larger n_s or r_d
segment spacing 0.07322 m exceeds 0.25*r_d = 0.0375 m; consider a larger n_s or r_d
segment spacing 0.09968 m exceeds 0.25*r_d = 0.0375 m; consider a larger n_s or r_d
segment spacing 0.09968 m exceeds 0.25*r_d = 0.0375 m; consider a larger n_s or r_d
segment spacing 0.09968 m exceeds 0.25*r_d = 0.0375 m; consider a larger n_s or r_d
segment spacing 0.07322 m exceeds 0.25*r_d = 0.0375 m; consider a larger n_s or r_d
segment spacing 0.07322 m exceeds 0.25*r_d = 0.0375 m; consider a larger n_s or r_d
segment spacing 0.09968 m exceeds 0.25*r_d = 0.0375 m; consider a larger n_s or r_d
segment spacing 0.09968 m exceeds 0.25*r_d = 0.0375 m; consider a larger n_s or r_d
segment spacing 0.09968 m exceeds 0.25*r_d = 0.0375 m; consider a larger n_s or r_d
segment spacing 0.09968 m exceeds 0.25*r_d = 0.0375 m; consider a larger n_s or r_d
segment spacing 0.07322 m exceeds 0.25*r_d = 0.0375 m; consider a larger n_s or r_d
segment spacing 0.09709 m exceeds 0.25*r_d = 0.0375 m; consider a larger n_s or r_d
segment spacing 0.09968 m exceeds 0.25*r_d = 0.0375 m; consider a larger n_s or r_d
segment spacing 0.07322 m exceeds 0.25*r_d = 0.0375 m; consider a larger n_s or r_d
segment spacing 0.09968 m exceeds 0.25*r_d = 0.0375 m; consider a larger n_s or r_d
segment spacing 0.07322 m exceeds 0.25*r_d = 0.0375 m; consider a larger n_s or r_d
segment spacing 0.09968 m exceeds 0.25*r_d = 0.0375 m; consider a larger n_s or r_d
segment spacing 0.09968 m exceeds 0.25*r_d = 0.0375 m; consider a larger n_s or r_d
segment spacing 0.09968 m exceeds 0.25*r_d = 0.0375 m; consider a larger n_s or r_d
segment spacing 0.09968 m exceeds 0.25*r_d = 0.0375 m; consider a larger n_s or r_d
segment spacing 0.09968 m exceeds 0.25*r_d = 0.0375 m; consider a larger n_s or r_d
segment spacing 0.07322 m exceeds 0.25*r_d = 0.0375 m; consider a larger n_s or r_d
segment spacing 0.09968 m exceeds 0.25*r_d = 0.0375 m; consider a larger n_s or r_d
segment spacing 0.09968 m exceeds 0.25*r_d = 0.0375 m; consider a larger n_s or r_d
segment spacing 0.07322 m exceeds 0.25*r_d = 0.0375 m; consider a larger n_s or r_d
segment spacing 0.09968 m exceeds 0.25*r_d = 0.0375 m; consider a larger n_s or r_d
segment spacing 0.09968 m exceeds 0.25*r_d = 0.0375 m; consider a larger n_s or r_d
segment spacing 0.09968 m exceeds 0.25*r_d = 0.0375 m; consider a larger n_s or r_d
segment spacing 0.07322 m exceeds 0.25*r_d = 0.0375 m; consider a larger n_s or r_d
segment spacing 0.09968 m exceeds 0.25*r_d = 0.0375 m; consider a larger n_s or r_d
segment spacing 0.09968 m exceeds 0.25*r_d = 0.0375 m; consider a larger n_s or r_d
segment spacing 0.07322 m exceeds 0.25*r_d = 0.0375 m; consider a larger n_s or r_d
segment spacing 0.09968 m exceeds 0.25*r_d = 0.0375 m; consider a larger n_s or r_d
segment spacing 0.07322 m exceeds 0.25*r_d = 0.0375 m; consider a larger n_s or r_d
segment spacing 0.07322 m exceeds 0.25*r_d = 0.0375 m; consider a larger n_s or r_d
segment spacing 0.07322 m exceeds 0.25*r_d = 0.0375 m; consider a larger n_s or r_d
segment spacing 0.09968 m exceeds 0.25*r_d = 0.0375 m; consider a larger n_s or r_d
segment spacing 0.09968 m exceeds 0.25*r_d = 0.0375 m; consider a larger n_s or r_d
segment spacing 0.09709 m exceeds 0.25*r_d = 0.0375 m; consider a larger n_s or r_d
segment spacing 0.09968 m exceeds 0.25*r_d = 0.0375 m; consider a larger n_s or r_d
segment spacing 0.09968 m exceeds 0.25*r_d = 0.0375 m; consider a larger n_s or r_d
segment spacing 0.07322 m exceeds 0.25*r_d = 0.0375 m; consider a larger n_s or r_d
segment spacing 0.07322 m exceeds 0.25*r_d = 0.0375 m; consider a larger n_s or r_d
segment spacing 0.07322 m exceeds 0.25*r_d = 0.0375 m; consider a larger n_s or r_d
segment spacing 0.07322 m exceeds 0.25*r_d = 0.0375 m; consider a larger n_s or r_d
segment spacing 0.09968 m exceeds 0.25*r_d = 0.0375 m; consider a larger n_s or r_d
segment spacing 0.09968 m exceeds 0.25*r_d = 0.0375 m; consider a larger n_s or r_d
segment spacing 0.07322 m exceeds 0.25*r_d = 0.0375 m; consider a larger n_s or r_d
segment spacing 0.09968 m exceeds 0.25*r_d = 0.0375 m; consider a larger n_s or r_d
segment spacing 0.07322 m exceeds 0.25*r_d = 0.0375 m; consider a larger n_s or r_d
segment spacing 0.09968 m exceeds 0.25*r_d = 0.0375 m; consider a larger n_s or r_d
segment spacing 0.09709 m exceeds 0.25*r_d = 0.0375 m; consider a larger n_s or r_d
segment spacing 0.07322 m exceeds 0.25*r_d = 0.0375 m; consider a larger n_s or r_d
segment spacing 0.09968 m exceeds 0.25*r_d = 0.0375 m; consider a larger n_s or r_d
segment spacing 0.07322 m exceeds 0.25*r_d = 0.0375 m; consider a larger n_s or r_d
segment spacing 0.07322 m exceeds 0.25*r_d = 0.0375 m; consider a larger n_s or r_d
segment spacing 0.09968 m exceeds 0.25*r_d = 0.0375 m; consider a larger n_s or r_d
segment spacing 0.09968 m exceeds 0.25*r_d = 0.0375 m; consider a larger n_s or r_d
segment spacing 0.07322 m exceeds 0.25*r_d = 0.0375 m; consider a larger n_s or r_d
segment spacing 0.07322 m exceeds 0.25*r_d = 0.0375 m; consider a larger n_s or r_d
segment spacing 0.09968 m exceeds 0.25*r_d = 0.0375 m; consider a larger n_s or r_d
segment spacing 0.09968 m exceeds 0.25*r_d = 0.0375 m; consider a larger n_s or r_d
segment spacing 0.07322 m exceeds 0.25*r_d = 0.0375 m; consider a larger n_s or r_d
segment spacing 0.09968 m exceeds 0.25*r_d = 0.0375 m; consider a larger n_s or r_d
segment spacing 0.09709 m exceeds 0.25*r_d = 0.0375 m; consider a larger n_s or r_d
segment spacing 0.07322 m exceeds 0.25*r_d = 0.0375 m; consider a larger n_s or r_d
segment spacing 0.07322 m exceeds 0.25*r_d = 0.0375 m; consider a larger n_s or r_d
segment spacing 0.09968 m exceeds 0.25*r_d = 0.0375 m; consider a larger n_s or r_d
segment spacing 0.09968 m exceeds 0.25*r_d = 0.0375 m; consider a larger n_s or r_d
segment spacing 0.07322 m exceeds 0.25*r_d = 0.0375 m; consider a larger n_s or r_d
segment spacing 0.07322 m exceeds 0.25*r_d = 0.0375 m; consider a larger n_s or r_d
segment spacing 0.09968 m exceeds 0.25*r_d = 0.0375 m; consider a larger n_s or r_d
segment spacing 0.09709 m exceeds 0.25*r_d = 0.0375 m; consider a larger n_s or r_d
segment spacing 0.09968 m exceeds 0.25*r_d = 0.0375 m; consider a larger n_s or r_d
segment spacing 0.07322 m exceeds 0.25*r_d = 0.0375 m; consider a larger n_s or r_d
segment spacing 0.07322 m exceeds 0.25*r_d = 0.0375 m; consider a larger n_s or r_d
segment spacing 0.09968 m exceeds 0.25*r_d = 0.0375 m; consider a larger n_s or r_d
segment spacing 0.09968 m exceeds 0.25*r_d = 0.0375 m; consider a larger n_s or r_d
segment spacing 0.07322 m exceeds 0.25*r_d = 0.0375 m; consider a larger n_s or r_d
segment spacing 0.09709 m exceeds 0.25*r_d = 0.0375 m; consider a larger n_s or r_d
segment spacing 0.07322 m exceeds 0.25*r_d = 0.0375 m; consider a larger n_s or r_d
segment spacing 0.09968 m exceeds 0.25*r_d = 0.0375 m; consider a larger n_s or r_d
segment spacing 0.07322 m exceeds 0.25*r_d = 0.0375 m; consider a larger n_s or r_d
segment spacing 0.09968 m exceeds 0.25*r_d = 0.0375 m; consider a larger n_s or r_d
segment spacing 0.09709 m exceeds 0.25*r_d = 0.0375 m; consider a larger n_s or r_d
segment spacing 0.07322 m exceeds 0.25*r_d = 0.0375 m; consider a larger n_s or r_d
segment spacing 0.07322 m exceeds 0.25*r_d = 0.0375 m; consider a larger n_s or r_d
segment spacing 0.09968 m exceeds 0.25*r_d = 0.0375 m; consider a larger n_s or r_d
segment spacing 0.09968 m exceeds 0.25*r_d = 0.0375 m; consider a larger n_s or r_d
segment spacing 0.09968 m exceeds 0.25*r_d = 0.0375 m; consider a larger n_s or r_d
segment spacing 0.07322 m exceeds 0.25*r_d = 0.0375 m; consider a larger n_s or r_d
segment spacing 0.09968 m exceeds 0.25*r_d = 0.0375 m; consider a larger n_s or r_d
segment spacing 0.09968 m exceeds 0.25*r_d = 0.0375 m; consider a larger n_s or r_d
segment spacing 0.07322 m exceeds 0.25*r_d = 0.0375 m; consider a larger n_s or r_d
segment spacing 0.07322 m exceeds 0.25*r_d = 0.0375 m; consider a larger n_s or r_d
segment spacing 0.07322 m exceeds 0.25*r_d = 0.0375 m; consider a larger n_s or r_d
segment spacing 0.07322 m exceeds 0.25*r_d = 0.0375 m; consider a larger n_s or r_d
segment spacing 0.09709 m exceeds 0.25*r_d = 0.0375 m; consider a larger n_s or r_d
segment spacing 0.07322 m exceeds 0.25*r_d = 0.0375 m; consider a larger n_s or r_d
segment spacing 0.07322 m exceeds 0.25*r_d = 0.0375 m; consider a larger n_s or r_d
segment spacing 0.07322 m exceeds 0.25*r_d = 0.0375 m; consider a larger n_s or r_d
segment spacing 0.09709 m exceeds 0.25*r_d = 0.0375 m; consider a larger n_s or r_d
segment spacing 0.07322 m exceeds 0.25*r_d = 0.0375 m; consider a larger n_s or r_d
segment spacing 0.07322 m exceeds 0.25*r_d = 0.0375 m; consider a larger n_s or r_d
segment spacing 0.07322 m exceeds 0.25*r_d = 0.0375 m; consider a larger n_s or r_d
segment spacing 0.07322 m exceeds 0.25*r_d = 0.0375 m; consider a larger n_s or r_d
segment spacing 0.07322 m exceeds 0.25*r_d = 0.0375 m; consider a larger n_s or r_d
segment spacing 0.09709 m exceeds 0.25*r_d = 0.0375 m; consider a larger n_s or r_d
segment spacing 0.07322 m exceeds 0.25*r_d = 0.0375 m; consider a larger n_s or r_d
segment spacing 0.07322 m exceeds 0.25*r_d = 0.0375 m; consider a larger n_s or r_d
segment spacing 0.07322 m exceeds 0.25*r_d = 0.0375 m; consider a larger n_s or r_d
segment spacing 0.09709 m exceeds 0.25*r_d = 0.0375 m; consider a larger n_s or r_d
segment spacing 0.07322 m exceeds 0.25*r_d = 0.0375 m; consider a larger n_s or r_d
segment spacing 0.07322 m exceeds 0.25*r_d = 0.0375 m; consider a larger n_s or r_d
segment spacing 0.09709 m exceeds 0.25*r_d = 0.0375 m; consider a larger n_s or r_d
segment spacing 0.07322 m exceeds 0.25*r_d = 0.0375 m; consider a larger n_s or r_d
segment spacing 0.07322 m exceeds 0.25*r_d = 0.0375 m; consider a larger n_s or r_d
segment spacing 0.07322 m exceeds 0.25*r_d = 0.0375 m; consider a larger n_s or r_d
segment spacing 0.07322 m exceeds 0.25*r_d = 0.0375 m; consider a larger n_s or r_d
segment spacing 0.07322 m exceeds 0.25*r_d = 0.0375 m; consider a larger n_s or r_d
segment spacing 0.09709 m exceeds 0.25*r_d = 0.0375 m; consider a larger n_s or r_d
segment spacing 0.09968 m exceeds 0.25*r_d = 0.0375 m; consider a larger n_s or r_d
segment spacing 0.09968 m exceeds 0.25*r_d = 0.0375 m; consider a larger n_s or r_d
segment spacing 0.07322 m exceeds 0.25*r_d = 0.0375 m; consider a larger n_s or r_d
segment spacing 0.09709 m exceeds 0.25*r_d = 0.0375 m; consider a larger n_s or r_d
segment spacing 0.07322 m exceeds 0.25*r_d = 0.0375 m; consider a larger n_s or r_d
segment spacing 0.07322 m exceeds 0.25*r_d = 0.0375 m; consider a larger n_s or r_d
segment spacing 0.07322 m exceeds 0.25*r_d = 0.0375 m; consider a larger n_s or r_d
segment spacing 0.09968 m exceeds 0.25*r_d = 0.0375 m; consider a larger n_s or r_d
segment spacing 0.07322 m exceeds 0.25*r_d = 0.0375 m; consider a larger n_s or r_d
segment spacing 0.09709 m exceeds 0.25*r_d = 0.0375 m; consider a larger n_s or r_d
segment spacing 0.07322 m exceeds 0.25*r_d = 0.0375 m; consider a larger n_s or r_d
segment spacing 0.07322 m exceeds 0.25*r_d = 0.0375 m; consider a larger n_s or r_d
segment spacing 0.09709 m exceeds 0.25*r_d = 0.0375 m; consider a larger n_s or r_d
segment spacing 0.07322 m exceeds 0.25*r_d = 0.0375 m; consider a larger n_s or r_d
segment spacing 0.07322 m exceeds 0.25*r_d = 0.0375 m; consider a larger n_s or r_d
segment spacing 0.09709 m exceeds 0.25*r_d = 0.0375 m; consider a larger n_s or r_d
segment spacing 0.07322 m exceeds 0.25*r_d = 0.0375 m; consider a larger n_s or r_d
segment spacing 0.07322 m exceeds 0.25*r_d = 0.0375 m; consider a larger n_s or r_d
segment spacing 0.07322 m exceeds 0.25*r_d = 0.0375 m; consider a larger n_s or r_d
segment spacing 0.09709 m exceeds 0.25*r_d = 0.0375 m; consider a larger n_s or r_d
segment spacing 0.07322 m exceeds 0.25*r_d = 0.0375 m; consider a larger n_s or r_d
segment spacing 0.07322 m exceeds 0.25*r_d = 0.0375 m; consider a larger n_s or r_d
segment spacing 0.09709 m exceeds 0.25*r_d = 0.0375 m; consider a larger n_s or r_d
segment spacing 0.07322 m exceeds 0.25*r_d = 0.0375 m; consider a larger n_s or r_d
segment spacing 0.09709 m exceeds 0.25*r_d = 0.0375 m; consider a larger n_s or r_d
segment spacing 0.07322 m exceeds 0.25*r_d = 0.0375 m; consider a larger n_s or r_d
segment spacing 0.07322 m exceeds 0.25*r_d = 0.0375 m; consider a larger n_s or r_d
segment spacing 0.07322 m exceeds 0.25*r_d = 0.0375 m; consider a larger n_s or r_d
segment spacing 0.09709 m exceeds 0.25*r_d = 0.0375 m; consider a larger n_s or r_d
segment spacing 0.07322 m exceeds 0.25*r_d = 0.0375 m; consider a larger n_s or r_d
segment spacing 0.07322 m exceeds 0.25*r_d = 0.0375 m; consider a larger n_s or r_d
segment spacing 0.09709 m exceeds 0.25*r_d = 0.0375 m; consider a larger n_s or r_d
segment spacing 0.07322 m exceeds 0.25*r_d = 0.0375 m; consider a larger n_s or r_d
segment spacing 0.07322 m exceeds 0.25*r_d = 0.0375 m; consider a larger n_s or r_d
segment spacing 0.09709 m exceeds 0.25*r_d = 0.0375 m; consider a larger n_s or r_d
segment spacing 0.07322 m exceeds 0.25*r_d = 0.0375 m; consider a larger n_s or r_d
segment spacing 0.07322 m exceeds 0.25*r_d = 0.0375 m; consider a larger n_s or r_d
segment spacing 0.09709 m exceeds 0.25*r_d = 0.0375 m; consider a larger n_s or r_d
segment spacing 0.07322 m exceeds 0.25*r_d = 0.0375 m; consider a larger n_s or r_d
segment spacing 0.09709 m exceeds 0.25*r_d = 0.0375 m; consider a larger n_s or r_d
segment spacing 0.07322 m exceeds 0.25*r_d = 0.0375 m; consider a larger n_s or r_d
segment spacing 0.07322 m exceeds 0.25*r_d = 0.0375 m; consider a larger n_s or r_d
segment spacing 0.09709 m exceeds 0.25*r_d = 0.0375 m; consider a larger n_s or r_d
segment spacing 0.09968 m exceeds 0.25*r_d = 0.0375 m; consider a larger n_s or r_d
segment spacing 0.07322 m exceeds 0.25*r_d = 0.0375 m; consider a larger n_s or r_d
segment spacing 0.07322 m exceeds 0.25*r_d = 0.0375 m; consider a larger n_s or r_d
segment spacing 0.07322 m exceeds 0.25*r_d = 0.0375 m; consider a larger n_s or r_d
segment spacing 0.09709 m exceeds 0.25*r_d = 0.0375 m; consider a larger n_s or r_d
segment spacing 0.07322 m exceeds 0.25*r_d = 0.0375 m; consider a larger n_s or r_d
segment spacing 0.09709 m exceeds 0.25*r_d = 0.0375 m; consider a larger n_s or r_d
segment spacing 0.07322 m exceeds 0.25*r_d = 0.0375 m; consider a larger n_s or r_d
segment spacing 0.07322 m exceeds 0.25*r_d = 0.0375 m; consider a larger n_s or r_d
segment spacing 0.09709 m exceeds 0.25*r_d = 0.0375 m; consider a larger n_s or r_d
segment spacing 0.07322 m exceeds 0.25*r_d = 0.0375 m; consider a larger n_s or r_d
segment spacing 0.07322 m exceeds 0.25*r_d = 0.0375 m; consider a larger n_s or r_d
segment spacing 0.07322 m exceeds 0.25*r_d = 0.0375 m; consider a larger n_s or r_d
segment spacing 0.07322 m exceeds 0.25*r_d = 0.0375 m; consider a larger n_s or r_d
segment spacing 0.09709 m exceeds 0.25*r_d = 0.0375 m; consider a larger n_s or r_d
segment spacing 0.07322 m exceeds 0.25*r_d = 0.0375 m; consider a larger n_s or r_d
segment spacing 0.07322 m exceeds 0.25*r_d = 0.0375 m; consider a larger n_s or r_d
segment spacing 0.07322 m exceeds 0.25*r_d = 0.0375 m; consider a larger n_s or r_d
segment spacing 0.09968 m exceeds 0.25*r_d = 0.0375 m; consider a larger n_s or r_d
segment spacing 0.09709 m exceeds 0.25*r_d = 0.0375 m; consider a larger n_s or r_d
segment spacing 0.07322 m exceeds 0.25*r_d = 0.0375 m; consider a larger n_s or r_d
segment spacing 0.07322 m exceeds 0.25*r_d = 0.0375 m; consider a larger n_s or r_d
segment spacing 0.07322 m exceeds 0.25*r_d = 0.0375 m; consider a larger n_s or r_d
segment spacing 0.07322 m exceeds 0.25*r_d = 0.0375 m; consider a larger n_s or r_d
segment spacing 0.09968 m exceeds 0.25*r_d = 0.0375 m; consider a larger n_s or r_d
segment spacing 0.09968 m exceeds 0.25*r_d = 0.0375 m; consider a larger n_s or r_d
segment spacing 0.07322 m exceeds 0.25*r_d = 0.0375 m; consider a larger n_s or r_d
segment spacing 0.07322 m exceeds 0.25*r_d = 0.0375 m; consider a larger n_s or r_d
segment spacing 0.09709 m exceeds 0.25*r_d = 0.0375 m; consider a larger n_s or r_d
segment spacing 0.07322 m exceeds 0.25*r_d = 0.0375 m; consider a larger n_s or r_d
segment spacing 0.09968 m exceeds 0.25*r_d = 0.0375 m; consider a larger n_s or r_d
segment spacing 0.07322 m exceeds 0.25*r_d = 0.0375 m; consider a larger n_s or r_d
segment spacing 0.07322 m exceeds 0.25*r_d = 0.0375 m; consider a larger n_s or r_d
segment spacing 0.07322 m exceeds 0.25*r_d = 0.0375 m; consider a larger n_s or r_d
segment spacing 0.07322 m exceeds 0.25*r_d = 0.0375 m; consider a larger n_s or r_d
segment spacing 0.07322 m exceeds 0.25*r_d = 0.0375 m; consider a larger n_s or r_d
segment spacing 0.07322 m exceeds 0.25*r_d = 0.0375 m; consider a larger n_s or r_d
segment spacing 0.07322 m exceeds 0.25*r_d = 0.0375 m; consider a larger n_s or r_d
segment spacing 0.07322 m exceeds 0.25*r_d = 0.0375 m; consider a larger n_s or r_d
segment spacing 0.07322 m exceeds 0.25*r_d = 0.0375 m; consider a larger n_s or r_d
segment spacing 0.09709 m exceeds 0.25*r_d = 0.0375 m; consider a larger n_s or r_d
segment spacing 0.07322 m exceeds 0.25*r_d = 0.0375 m; consider a larger n_s or r_d
segment spacing 0.07322 m exceeds 0.25*r_d = 0.0375 m; consider a larger n_s or r_d
segment spacing 0.07322 m exceeds 0.25*r_d = 0.0375 m; consider a larger n_s or r_d
segment spacing 0.07322 m exceeds 0.25*r_d = 0.0375 m; consider a larger n_s or r_d
segment spacing 0.07322 m exceeds 0.25*r_d = 0.0375 m; consider a larger n_s or r_d
segment spacing 0.07322 m exceeds 0.25*r_d = 0.0375 m; consider a larger n_s or r_d
segment spacing 0.07322 m exceeds 0.25*r_d = 0.0375 m; consider a larger n_s or r_d
segment spacing 0.07322 m exceeds 0.25*r_d = 0.0375 m; consider a larger n_s or r_d
segment spacing 0.07322 m exceeds 0.25*r_d = 0.0375 m; consider a larger n_s or r_d
    [tab_mmin] star S M=0.25 v0=10 n_s=10 mA=1.023g A@(0.50,0.00) Bany@(0.25,0.00) nB=2 nB_Aworst=2
segment spacing 0.07322 m exceeds 0.25*r_d = 0.0375 m; consider a larger n_s or r_d
segment spacing 0.07322 m exceeds 0.25*r_d = 0.0375 m; consider a larger n_s or r_d
segment spacing 0.07322 m exceeds 0.25*r_d = 0.0375 m; consider a larger n_s or r_d
segment spacing 0.07322 m exceeds 0.25*r_d = 0.0375 m; consider a larger n_s or r_d
segment spacing 0.07322 m exceeds 0.25*r_d = 0.0375 m; consider a larger n_s or r_d
segment spacing 0.07322 m exceeds 0.25*r_d = 0.0375 m; consider a larger n_s or r_d
segment spacing 0.07322 m exceeds 0.25*r_d = 0.0375 m; consider a larger n_s or r_d
segment spacing 0.07322 m exceeds 0.25*r_d = 0.0375 m; consider a larger n_s or r_d
segment spacing 0.07322 m exceeds 0.25*r_d = 0.0375 m; consider a larger n_s or r_d
segment spacing 0.07322 m exceeds 0.25*r_d = 0.0375 m; consider a larger n_s or r_d
segment spacing 0.07322 m exceeds 0.25*r_d = 0.0375 m; consider a larger n_s or r_d
segment spacing 0.07322 m exceeds 0.25*r_d = 0.0375 m; consider a larger n_s or r_d
segment spacing 0.07322 m exceeds 0.25*r_d = 0.0375 m; consider a larger n_s or r_d
segment spacing 0.07322 m exceeds 0.25*r_d = 0.0375 m; consider a larger n_s or r_d
segment spacing 0.07322 m exceeds 0.25*r_d = 0.0375 m; consider a larger n_s or r_d
segment spacing 0.07322 m exceeds 0.25*r_d = 0.0375 m; consider a larger n_s or r_d
segment spacing 0.09968 m exceeds 0.25*r_d = 0.0375 m; consider a larger n_s or r_d
segment spacing 0.07322 m exceeds 0.25*r_d = 0.0375 m; consider a larger n_s or r_d
segment spacing 0.09968 m exceeds 0.25*r_d = 0.0375 m; consider a larger n_s or r_d
segment spacing 0.07322 m exceeds 0.25*r_d = 0.0375 m; consider a larger n_s or r_d
segment spacing 0.07322 m exceeds 0.25*r_d = 0.0375 m; consider a larger n_s or r_d
segment spacing 0.07322 m exceeds 0.25*r_d = 0.0375 m; consider a larger n_s or r_d
segment spacing 0.09968 m exceeds 0.25*r_d = 0.0375 m; consider a larger n_s or r_d
segment spacing 0.07322 m exceeds 0.25*r_d = 0.0375 m; consider a larger n_s or r_d
segment spacing 0.07322 m exceeds 0.25*r_d = 0.0375 m; consider a larger n_s or r_d
segment spacing 0.07322 m exceeds 0.25*r_d = 0.0375 m; consider a larger n_s or r_d
segment spacing 0.07322 m exceeds 0.25*r_d = 0.0375 m; consider a larger n_s or r_d
segment spacing 0.07322 m exceeds 0.25*r_d = 0.0375 m; consider a larger n_s or r_d
segment spacing 0.07322 m exceeds 0.25*r_d = 0.0375 m; consider a larger n_s or r_d
segment spacing 0.07322 m exceeds 0.25*r_d = 0.0375 m; consider a larger n_s or r_d
segment spacing 0.09968 m exceeds 0.25*r_d = 0.0375 m; consider a larger n_s or r_d
segment spacing 0.09968 m exceeds 0.25*r_d = 0.0375 m; consider a larger n_s or r_d
segment spacing 0.07322 m exceeds 0.25*r_d = 0.0375 m; consider a larger n_s or r_d
segment spacing 0.07322 m exceeds 0.25*r_d = 0.0375 m; consider a larger n_s or r_d
segment spacing 0.07322 m exceeds 0.25*r_d = 0.0375 m; consider a larger n_s or r_d
segment spacing 0.07322 m exceeds 0.25*r_d = 0.0375 m; consider a larger n_s or r_d
segment spacing 0.09968 m exceeds 0.25*r_d = 0.0375 m; consider a larger n_s or r_d
segment spacing 0.07322 m exceeds 0.25*r_d = 0.0375 m; consider a larger n_s or r_d
segment spacing 0.07322 m exceeds 0.25*r_d = 0.0375 m; consider a larger n_s or r_d
segment spacing 0.07322 m exceeds 0.25*r_d = 0.0375 m; consider a larger n_s or r_d
segment spacing 0.07322 m exceeds 0.25*r_d = 0.0375 m; consider a larger n_s or r_d
segment spacing 0.09968 m exceeds 0.25*r_d = 0.0375 m; consider a larger n_s or r_d
segment spacing 0.07322 m exceeds 0.25*r_d = 0.0375 m; consider a larger n_s or r_d
segment spacing 0.07322 m exceeds 0.25*r_d = 0.0375 m; consider a larger n_s or r_d
segment spacing 0.09968 m exceeds 0.25*r_d = 0.0375 m; consider a larger n_s or r_d
segment spacing 0.07322 m exceeds 0.25*r_d = 0.0375 m; consider a larger n_s or r_d
segment spacing 0.07322 m exceeds 0.25*r_d = 0.0375 m; consider a larger n_s or r_d
segment spacing 0.09968 m exceeds 0.25*r_d = 0.0375 m; consider a larger n_s or r_d
segment spacing 0.09968 m exceeds 0.25*r_d = 0.0375 m; consider a larger n_s or r_d
segment spacing 0.09968 m exceeds 0.25*r_d = 0.0375 m; consider a larger n_s or r_d
segment spacing 0.07322 m exceeds 0.25*r_d = 0.0375 m; consider a larger n_s or r_d
segment spacing 0.07322 m exceeds 0.25*r_d = 0.0375 m; consider a larger n_s or r_d
segment spacing 0.07322 m exceeds 0.25*r_d = 0.0375 m; consider a larger n_s or r_d
segment spacing 0.09968 m exceeds 0.25*r_d = 0.0375 m; consider a larger n_s or r_d
segment spacing 0.09968 m exceeds 0.25*r_d = 0.0375 m; consider a larger n_s or r_d
segment spacing 0.07322 m exceeds 0.25*r_d = 0.0375 m; consider a larger n_s or r_d
segment spacing 0.07322 m exceeds 0.25*r_d = 0.0375 m; consider a larger n_s or r_d
segment spacing 0.07322 m exceeds 0.25*r_d = 0.0375 m; consider a larger n_s or r_d
segment spacing 0.09968 m exceeds 0.25*r_d = 0.0375 m; consider a larger n_s or r_d
segment spacing 0.09968 m exceeds 0.25*r_d = 0.0375 m; consider a larger n_s or r_d
segment spacing 0.07322 m exceeds 0.25*r_d = 0.0375 m; consider a larger n_s or r_d
segment spacing 0.09968 m exceeds 0.25*r_d = 0.0375 m; consider a larger n_s or r_d
segment spacing 0.07322 m exceeds 0.25*r_d = 0.0375 m; consider a larger n_s or r_d
segment spacing 0.07322 m exceeds 0.25*r_d = 0.0375 m; consider a larger n_s or r_d
segment spacing 0.07322 m exceeds 0.25*r_d = 0.0375 m; consider a larger n_s or r_d
segment spacing 0.07322 m exceeds 0.25*r_d = 0.0375 m; consider a larger n_s or r_d
segment spacing 0.09968 m exceeds 0.25*r_d = 0.0375 m; consider a larger n_s or r_d
segment spacing 0.09968 m exceeds 0.25*r_d = 0.0375 m; consider a larger n_s or r_d
segment spacing 0.09968 m exceeds 0.25*r_d = 0.0375 m; consider a larger n_s or r_d
segment spacing 0.07322 m exceeds 0.25*r_d = 0.0375 m; consider a larger n_s or r_d
segment spacing 0.09968 m exceeds 0.25*r_d = 0.0375 m; consider a larger n_s or r_d
segment spacing 0.07322 m exceeds 0.25*r_d = 0.0375 m; consider a larger n_s or r_d
segment spacing 0.07322 m exceeds 0.25*r_d = 0.0375 m; consider a larger n_s or r_d
segment spacing 0.09968 m exceeds 0.25*r_d = 0.0375 m; consider a larger n_s or r_d
segment spacing 0.09968 m exceeds 0.25*r_d = 0.0375 m; consider a larger n_s or r_d
segment spacing 0.07322 m exceeds 0.25*r_d = 0.0375 m; consider a larger n_s or r_d
segment spacing 0.07322 m exceeds 0.25*r_d = 0.0375 m; consider a larger n_s or r_d
segment spacing 0.09968 m exceeds 0.25*r_d = 0.0375 m; consider a larger n_s or r_d
segment spacing 0.09968 m exceeds 0.25*r_d = 0.0375 m; consider a larger n_s or r_d
segment spacing 0.09968 m exceeds 0.25*r_d = 0.0375 m; consider a larger n_s or r_d
segment spacing 0.07322 m exceeds 0.25*r_d = 0.0375 m; consider a larger n_s or r_d
segment spacing 0.09968 m exceeds 0.25*r_d = 0.0375 m; consider a larger n_s or r_d
segment spacing 0.07322 m exceeds 0.25*r_d = 0.0375 m; consider a larger n_s or r_d
segment spacing 0.09968 m exceeds 0.25*r_d = 0.0375 m; consider a larger n_s or r_d
segment spacing 0.09968 m exceeds 0.25*r_d = 0.0375 m; consider a larger n_s or r_d
segment spacing 0.07322 m exceeds 0.25*r_d = 0.0375 m; consider a larger n_s or r_d
segment spacing 0.07322 m exceeds 0.25*r_d = 0.0375 m; consider a larger n_s or r_d
segment spacing 0.07322 m exceeds 0.25*r_d = 0.0375 m; consider a larger n_s or r_d
segment spacing 0.09968 m exceeds 0.25*r_d = 0.0375 m; consider a larger n_s or r_d
segment spacing 0.07322 m exceeds 0.25*r_d = 0.0375 m; consider a larger n_s or r_d
segment spacing 0.09968 m exceeds 0.25*r_d = 0.0375 m; consider a larger n_s or r_d
segment spacing 0.07322 m exceeds 0.25*r_d = 0.0375 m; consider a larger n_s or r_d
segment spacing 0.09968 m exceeds 0.25*r_d = 0.0375 m; consider a larger n_s or r_d
segment spacing 0.09968 m exceeds 0.25*r_d = 0.0375 m; consider a larger n_s or r_d
segment spacing 0.07322 m exceeds 0.25*r_d = 0.0375 m; consider a larger n_s or r_d
segment spacing 0.07322 m exceeds 0.25*r_d = 0.0375 m; consider a larger n_s or r_d
segment spacing 0.07322 m exceeds 0.25*r_d = 0.0375 m; consider a larger n_s or r_d
segment spacing 0.09968 m exceeds 0.25*r_d = 0.0375 m; consider a larger n_s or r_d
segment spacing 0.09968 m exceeds 0.25*r_d = 0.0375 m; consider a larger n_s or r_d
segment spacing 0.07322 m exceeds 0.25*r_d = 0.0375 m; consider a larger n_s or r_d
segment spacing 0.07322 m exceeds 0.25*r_d = 0.0375 m; consider a larger n_s or r_d
segment spacing 0.09968 m exceeds 0.25*r_d = 0.0375 m; consider a larger n_s or r_d
segment spacing 0.07322 m exceeds 0.25*r_d = 0.0375 m; consider a larger n_s or r_d
segment spacing 0.07322 m exceeds 0.25*r_d = 0.0375 m; consider a larger n_s or r_d
segment spacing 0.07322 m exceeds 0.25*r_d = 0.0375 m; consider a larger n_s or r_d
segment spacing 0.09968 m exceeds 0.25*r_d = 0.0375 m; consider a larger n_s or r_d
segment spacing 0.07322 m exceeds 0.25*r_d = 0.0375 m; consider a larger n_s or r_d
segment spacing 0.09968 m exceeds 0.25*r_d = 0.0375 m; consider a larger n_s or r_d
segment spacing 0.09968 m exceeds 0.25*r_d = 0.0375 m; consider a larger n_s or r_d
segment spacing 0.07322 m exceeds 0.25*r_d = 0.0375 m; consider a larger n_s or r_d
segment spacing 0.09968 m exceeds 0.25*r_d = 0.0375 m; consider a larger n_s or r_d
segment spacing 0.09968 m exceeds 0.25*r_d = 0.0375 m; consider a larger n_s or r_d
segment spacing 0.09968 m exceeds 0.25*r_d = 0.0375 m; consider a larger n_s or r_d
segment spacing 0.07322 m exceeds 0.25*r_d = 0.0375 m; consider a larger n_s or r_d
segment spacing 0.09968 m exceeds 0.25*r_d = 0.0375 m; consider a larger n_s or r_d
segment spacing 0.07322 m exceeds 0.25*r_d = 0.0375 m; consider a larger n_s or r_d
segment spacing 0.09968 m exceeds 0.25*r_d = 0.0375 m; consider a larger n_s or r_d
segment spacing 0.09968 m exceeds 0.25*r_d = 0.0375 m; consider a larger n_s or r_d
segment spacing 0.09968 m exceeds 0.25*r_d = 0.0375 m; consider a larger n_s or r_d
segment spacing 0.07322 m exceeds 0.25*r_d = 0.0375 m; consider a larger n_s or r_d
segment spacing 0.09968 m exceeds 0.25*r_d = 0.0375 m; consider a larger n_s or r_d
segment spacing 0.09968 m exceeds 0.25*r_d = 0.0375 m; consider a larger n_s or r_d
segment spacing 0.09968 m exceeds 0.25*r_d = 0.0375 m; consider a larger n_s or r_d
segment spacing 0.09968 m exceeds 0.25*r_d = 0.0375 m; consider a larger n_s or r_d
segment spacing 0.07322 m exceeds 0.25*r_d = 0.0375 m; consider a larger n_s or r_d
segment spacing 0.07322 m exceeds 0.25*r_d = 0.0375 m; consider a larger n_s or r_d
segment spacing 0.07322 m exceeds 0.25*r_d = 0.0375 m; consider a larger n_s or r_d
segment spacing 0.09968 m exceeds 0.25*r_d = 0.0375 m; consider a larger n_s or r_d
segment spacing 0.09968 m exceeds 0.25*r_d = 0.0375 m; consider a larger n_s or r_d
segment spacing 0.07322 m exceeds 0.25*r_d = 0.0375 m; consider a larger n_s or r_d
segment spacing 0.09968 m exceeds 0.25*r_d = 0.0375 m; consider a larger n_s or r_d
segment spacing 0.07322 m exceeds 0.25*r_d = 0.0375 m; consider a larger n_s or r_d
segment spacing 0.09968 m exceeds 0.25*r_d = 0.0375 m; consider a larger n_s or r_d
segment spacing 0.09968 m exceeds 0.25*r_d = 0.0375 m; consider a larger n_s or r_d
segment spacing 0.07322 m exceeds 0.25*r_d = 0.0375 m; consider a larger n_s or r_d
segment spacing 0.07322 m exceeds 0.25*r_d = 0.0375 m; consider a larger n_s or r_d
segment spacing 0.09968 m exceeds 0.25*r_d = 0.0375 m; consider a larger n_s or r_d
segment spacing 0.07322 m exceeds 0.25*r_d = 0.0375 m; consider a larger n_s or r_d
segment spacing 0.09968 m exceeds 0.25*r_d = 0.0375 m; consider a larger n_s or r_d
segment spacing 0.09968 m exceeds 0.25*r_d = 0.0375 m; consider a larger n_s or r_d
segment spacing 0.07322 m exceeds 0.25*r_d = 0.0375 m; consider a larger n_s or r_d
segment spacing 0.07322 m exceeds 0.25*r_d = 0.0375 m; consider a larger n_s or r_d
segment spacing 0.09968 m exceeds 0.25*r_d = 0.0375 m; consider a larger n_s or r_d
segment spacing 0.07322 m exceeds 0.25*r_d = 0.0375 m; consider a larger n_s or r_d
segment spacing 0.07322 m exceeds 0.25*r_d = 0.0375 m; consider a larger n_s or r_d
segment spacing 0.09968 m exceeds 0.25*r_d = 0.0375 m; consider a larger n_s or r_d
segment spacing 0.09968 m exceeds 0.25*r_d = 0.0375 m; consider a larger n_s or r_d
segment spacing 0.07322 m exceeds 0.25*r_d = 0.0375 m; consider a larger n_s or r_d
segment spacing 0.07322 m exceeds 0.25*r_d = 0.0375 m; consider a larger n_s or r_d
segment spacing 0.07322 m exceeds 0.25*r_d = 0.0375 m; consider a larger n_s or r_d
segment spacing 0.09968 m exceeds 0.25*r_d = 0.0375 m; consider a larger n_s or r_d
segment spacing 0.09968 m exceeds 0.25*r_d = 0.0375 m; consider a larger n_s or r_d
segment spacing 0.09968 m exceeds 0.25*r_d = 0.0375 m; consider a larger n_s or r_d
segment spacing 0.09968 m exceeds 0.25*r_d = 0.0375 m; consider a larger n_s or r_d
segment spacing 0.07322 m exceeds 0.25*r_d = 0.0375 m; consider a larger n_s or r_d
segment spacing 0.09968 m exceeds 0.25*r_d = 0.0375 m; consider a larger n_s or r_d
segment spacing 0.07322 m exceeds 0.25*r_d = 0.0375 m; consider a larger n_s or r_d
segment spacing 0.07322 m exceeds 0.25*r_d = 0.0375 m; consider a larger n_s or r_d
segment spacing 0.09968 m exceeds 0.25*r_d = 0.0375 m; consider a larger n_s or r_d
segment spacing 0.09968 m exceeds 0.25*r_d = 0.0375 m; consider a larger n_s or r_d
segment spacing 0.07322 m exceeds 0.25*r_d = 0.0375 m; consider a larger n_s or r_d
segment spacing 0.09968 m exceeds 0.25*r_d = 0.0375 m; consider a larger n_s or r_d
segment spacing 0.07322 m exceeds 0.25*r_d = 0.0375 m; consider a larger n_s or r_d
segment spacing 0.09968 m exceeds 0.25*r_d = 0.0375 m; consider a larger n_s or r_d
segment spacing 0.07322 m exceeds 0.25*r_d = 0.0375 m; consider a larger n_s or r_d
segment spacing 0.09968 m exceeds 0.25*r_d = 0.0375 m; consider a larger n_s or r_d
segment spacing 0.07322 m exceeds 0.25*r_d = 0.0375 m; consider a larger n_s or r_d
segment spacing 0.09968 m exceeds 0.25*r_d = 0.0375 m; consider a larger n_s or r_d
segment spacing 0.09968 m exceeds 0.25*r_d = 0.0375 m; consider a larger n_s or r_d
segment spacing 0.07322 m exceeds 0.25*r_d = 0.0375 m; consider a larger n_s or r_d
segment spacing 0.09968 m exceeds 0.25*r_d = 0.0375 m; consider a larger n_s or r_d
segment spacing 0.09968 m exceeds 0.25*r_d = 0.0375 m; consider a larger n_s or r_d
segment spacing 0.07322 m exceeds 0.25*r_d = 0.0375 m; consider a larger n_s or r_d
segment spacing 0.07322 m exceeds 0.25*r_d = 0.0375 m; consider a larger n_s or r_d
segment spacing 0.09968 m exceeds 0.25*r_d = 0.0375 m; consider a larger n_s or r_d
segment spacing 0.09968 m exceeds 0.25*r_d = 0.0375 m; consider a larger n_s or r_d
segment spacing 0.07322 m exceeds 0.25*r_d = 0.0375 m; consider a larger n_s or r_d
segment spacing 0.07322 m exceeds 0.25*r_d = 0.0375 m; consider a larger n_s or r_d
segment spacing 0.09968 m exceeds 0.25*r_d = 0.0375 m; consider a larger n_s or r_d
segment spacing 0.07322 m exceeds 0.25*r_d = 0.0375 m; consider a larger n_s or r_d
segment spacing 0.09968 m exceeds 0.25*r_d = 0.0375 m; consider a larger n_s or r_d
segment spacing 0.09968 m exceeds 0.25*r_d = 0.0375 m; consider a larger n_s or r_d
segment spacing 0.09968 m exceeds 0.25*r_d = 0.0375 m; consider a larger n_s or r_d
segment spacing 0.07322 m exceeds 0.25*r_d = 0.0375 m; consider a larger n_s or r_d
segment spacing 0.07322 m exceeds 0.25*r_d = 0.0375 m; consider a larger n_s or r_d
segment spacing 0.09968 m exceeds 0.25*r_d = 0.0375 m; consider a larger n_s or r_d
segment spacing 0.09968 m exceeds 0.25*r_d = 0.0375 m; consider a larger n_s or r_d
segment spacing 0.09968 m exceeds 0.25*r_d = 0.0375 m; consider a larger n_s or r_d
segment spacing 0.07322 m exceeds 0.25*r_d = 0.0375 m; consider a larger n_s or r_d
segment spacing 0.09968 m exceeds 0.25*r_d = 0.0375 m; consider a larger n_s or r_d
segment spacing 0.09968 m exceeds 0.25*r_d = 0.0375 m; consider a larger n_s or r_d
segment spacing 0.09968 m exceeds 0.25*r_d = 0.0375 m; consider a larger n_s or r_d
segment spacing 0.09968 m exceeds 0.25*r_d = 0.0375 m; consider a larger n_s or r_d
segment spacing 0.07322 m exceeds 0.25*r_d = 0.0375 m; consider a larger n_s or r_d
segment spacing 0.07322 m exceeds 0.25*r_d = 0.0375 m; consider a larger n_s or r_d
segment spacing 0.09968 m exceeds 0.25*r_d = 0.0375 m; consider a larger n_s or r_d
segment spacing 0.09968 m exceeds 0.25*r_d = 0.0375 m; consider a larger n_s or r_d
segment spacing 0.07322 m exceeds 0.25*r_d = 0.0375 m; consider a larger n_s or r_d
segment spacing 0.07322 m exceeds 0.25*r_d = 0.0375 m; consider a larger n_s or r_d
segment spacing 0.09968 m exceeds 0.25*r_d = 0.0375 m; consider a larger n_s or r_d
segment spacing 0.09968 m exceeds 0.25*r_d = 0.0375 m; consider a larger n_s or r_d
segment spacing 0.07322 m exceeds 0.25*r_d = 0.0375 m; consider a larger n_s or r_d
segment spacing 0.07322 m exceeds 0.25*r_d = 0.0375 m; consider a larger n_s or r_d
segment spacing 0.09968 m exceeds 0.25*r_d = 0.0375 m; consider a larger n_s or r_d
segment spacing 0.07322 m exceeds 0.25*r_d = 0.0375 m; consider a larger n_s or r_d
segment spacing 0.09968 m exceeds 0.25*r_d = 0.0375 m; consider a larger n_s or r_d
segment spacing 0.07322 m exceeds 0.25*r_d = 0.0375 m; consider a larger n_s or r_d
segment spacing 0.07322 m exceeds 0.25*r_d = 0.0375 m; consider a larger n_s or r_d
segment spacing 0.07322 m exceeds 0.25*r_d = 0.0375 m; consider a larger n_s or r_d
segment spacing 0.09968 m exceeds 0.25*r_d = 0.0375 m; consider a larger n_s or r_d
segment spacing 0.07322 m exceeds 0.25*r_d = 0.0375 m; consider a larger n_s or r_d
segment spacing 0.09968 m exceeds 0.25*r_d = 0.0375 m; consider a larger n_s or r_d
segment spacing 0.07322 m exceeds 0.25*r_d = 0.0375 m; consider a larger n_s or r_d
segment spacing 0.07322 m exceeds 0.25*r_d = 0.0375 m; consider a larger n_s or r_d
segment spacing 0.07322 m exceeds 0.25*r_d = 0.0375 m; consider a larger n_s or r_d
segment spacing 0.07322 m exceeds 0.25*r_d = 0.0375 m; consider a larger n_s or r_d
segment spacing 0.07322 m exceeds 0.25*r_d = 0.0375 m; consider a larger n_s or r_d
segment spacing 0.09968 m exceeds 0.25*r_d = 0.0375 m; consider a larger n_s or r_d
segment spacing 0.07322 m exceeds 0.25*r_d = 0.0375 m; consider a larger n_s or r_d
segment spacing 0.07322 m exceeds 0.25*r_d = 0.0375 m; consider a larger n_s or r_d
segment spacing 0.07322 m exceeds 0.25*r_d = 0.0375 m; consider a larger n_s or r_d
segment spacing 0.09968 m exceeds 0.25*r_d = 0.0375 m; consider a larger n_s or r_d
segment spacing 0.07322 m exceeds 0.25*r_d = 0.0375 m; consider a larger n_s or r_d
segment spacing 0.07322 m exceeds 0.25*r_d = 0.0375 m; consider a larger n_s or r_d
segment spacing 0.09968 m exceeds 0.25*r_d = 0.0375 m; consider a larger n_s or r_d
segment spacing 0.07322 m exceeds 0.25*r_d = 0.0375 m; consider a larger n_s or r_d
segment spacing 0.07322 m exceeds 0.25*r_d = 0.0375 m; consider a larger n_s or r_d
segment spacing 0.07322 m exceeds 0.25*r_d = 0.0375 m; consider a larger n_s or r_d
segment spacing 0.09968 m exceeds 0.25*r_d = 0.0375 m; consider a larger n_s or r_d
segment spacing 0.07322 m exceeds 0.25*r_d = 0.0375 m; consider a larger n_s or r_d
segment spacing 0.07322 m exceeds 0.25*r_d = 0.0375 m; consider a larger n_s or r_d
segment spacing 0.07322 m exceeds 0.25*r_d = 0.0375 m; consider a larger n_s or r_d
segment spacing 0.07322 m exceeds 0.25*r_d = 0.0375 m; consider a larger n_s or r_d
segment spacing 0.09968 m exceeds 0.25*r_d = 0.0375 m; consider a larger n_s or r_d
segment spacing 0.07322 m exceeds 0.25*r_d = 0.0375 m; consider a larger n_s or r_d
segment spacing 0.07322 m exceeds 0.25*r_d = 0.0375 m; consider a larger n_s or r_d
segment spacing 0.09968 m exceeds 0.25*r_d = 0.0375 m; consider a larger n_s or r_d
segment spacing 0.09968 m exceeds 0.25*r_d = 0.0375 m; consider a larger n_s or r_d
segment spacing 0.07322 m exceeds 0.25*r_d = 0.0375 m; consider a larger n_s or r_d
segment spacing 0.07322 m exceeds 0.25*r_d = 0.0375 m; consider a larger n_s or r_d
segment spacing 0.07322 m exceeds 0.25*r_d = 0.0375 m; consider a larger n_s or r_d
segment spacing 0.07322 m exceeds 0.25*r_d = 0.0375 m; consider a larger n_s or r_d
segment spacing 0.09968 m exceeds 0.25*r_d = 0.0375 m; consider a larger n_s or r_d
segment spacing 0.07322 m exceeds 0.25*r_d = 0.0375 m; consider a larger n_s or r_d
segment spacing 0.07322 m exceeds 0.25*r_d = 0.0375 m; consider a larger n_s or r_d
segment spacing 0.07322 m exceeds 0.25*r_d = 0.0375 m; consider a larger n_s or r_d
segment spacing 0.09968 m exceeds 0.25*r_d = 0.0375 m; consider a larger n_s or r_d
segment spacing 0.07322 m exceeds 0.25*r_d = 0.0375 m; consider a larger n_s or r_d
segment spacing 0.07322 m exceeds 0.25*r_d = 0.0375 m; consider a larger n_s or r_d
segment spacing 0.07322 m exceeds 0.25*r_d = 0.0375 m; consider a larger n_s or r_d
segment spacing 0.09968 m exceeds 0.25*r_d = 0.0375 m; consider a larger n_s or r_d
segment spacing 0.07322 m exceeds 0.25*r_d = 0.0375 m; consider a larger n_s or r_d
segment spacing 0.09968 m exceeds 0.25*r_d = 0.0375 m; consider a larger n_s or r_d
segment spacing 0.09968 m exceeds 0.25*r_d = 0.0375 m; consider a larger n_s or r_d
segment spacing 0.07322 m exceeds 0.25*r_d = 0.0375 m; consider a larger n_s or r_d
segment spacing 0.09968 m exceeds 0.25*r_d = 0.0375 m; consider a larger n_s or r_d
segment spacing 0.07322 m exceeds 0.25*r_d = 0.0375 m; consider a larger n_s or r_d
segment spacing 0.09968 m exceeds 0.25*r_d = 0.0375 m; consider a larger n_s or r_d
segment spacing 0.09968 m exceeds 0.25*r_d = 0.0375 m; consider a larger n_s or r_d
segment spacing 0.07322 m exceeds 0.25*r_d = 0.0375 m; consider a larger n_s or r_d
segment spacing 0.09968 m exceeds 0.25*r_d = 0.0375 m; consider a larger n_s or r_d
segment spacing 0.09968 m exceeds 0.25*r_d = 0.0375 m; consider a larger n_s or r_d
segment spacing 0.07322 m exceeds 0.25*r_d = 0.0375 m; consider a larger n_s or r_d
segment spacing 0.09968 m exceeds 0.25*r_d = 0.0375 m; consider a larger n_s or r_d
segment spacing 0.07322 m exceeds 0.25*r_d = 0.0375 m; consider a larger n_s or r_d
segment spacing 0.07322 m exceeds 0.25*r_d = 0.0375 m; consider a larger n_s or r_d
segment spacing 0.09968 m exceeds 0.25*r_d = 0.0375 m; consider a larger n_s or r_d
segment spacing 0.07322 m exceeds 0.25*r_d = 0.0375 m; consider a larger n_s or r_d
segment spacing 0.07322 m exceeds 0.25*r_d = 0.0375 m; consider a larger n_s or r_d
segment spacing 0.07322 m exceeds 0.25*r_d = 0.0375 m; consider a larger n_s or r_d
segment spacing 0.09968 m exceeds 0.25*r_d = 0.0375 m; consider a larger n_s or r_d
segment spacing 0.07322 m exceeds 0.25*r_d = 0.0375 m; consider a larger n_s or r_d
segment spacing 0.07322 m exceeds 0.25*r_d = 0.0375 m; consider a larger n_s or r_d
segment spacing 0.07322 m exceeds 0.25*r_d = 0.0375 m; consider a larger n_s or r_d
segment spacing 0.09968 m exceeds 0.25*r_d = 0.0375 m; consider a larger n_s or r_d
segment spacing 0.07322 m exceeds 0.25*r_d = 0.0375 m; consider a larger n_s or r_d
segment spacing 0.07322 m exceeds 0.25*r_d = 0.0375 m; consider a larger n_s or r_d
segment spacing 0.09968 m exceeds 0.25*r_d = 0.0375 m; consider a larger n_s or r_d
segment spacing 0.09968 m exceeds 0.25*r_d = 0.0375 m; consider a larger n_s or r_d
segment spacing 0.07322 m exceeds 0.25*r_d = 0.0375 m; consider a larger n_s or r_d
segment spacing 0.07322 m exceeds 0.25*r_d = 0.0375 m; consider a larger n_s or r_d
segment spacing 0.07322 m exceeds 0.25*r_d = 0.0375 m; consider a larger n_s or r_d
segment spacing 0.07322 m exceeds 0.25*r_d = 0.0375 m; consider a larger n_s or r_d
segment spacing 0.09968 m exceeds 0.25*r_d = 0.0375 m; consider a larger n_s or r_d
segment spacing 0.07322 m exceeds 0.25*r_d = 0.0375 m; consider a larger n_s or r_d
segment spacing 0.07322 m exceeds 0.25*r_d = 0.0375 m; consider a larger n_s or r_d
segment spacing 0.09968 m exceeds 0.25*r_d = 0.0375 m; consider a larger n_s or r_d
segment spacing 0.07322 m exceeds 0.25*r_d = 0.0375 m; consider a larger n_s or r_d
segment spacing 0.07322 m exceeds 0.25*r_d = 0.0375 m; consider a larger n_s or r_d
segment spacing 0.07322 m exceeds 0.25*r_d = 0.0375 m; consider a larger n_s or r_d
segment spacing 0.07322 m exceeds 0.25*r_d = 0.0375 m; consider a larger n_s or r_d
segment spacing 0.07322 m exceeds 0.25*r_d = 0.0375 m; consider a larger n_s or r_d
segment spacing 0.07322 m exceeds 0.25*r_d = 0.0375 m; consider a larger n_s or r_d
segment spacing 0.07322 m exceeds 0.25*r_d = 0.0375 m; consider a larger n_s or r_d
segment spacing 0.07322 m exceeds 0.25*r_d = 0.0375 m; consider a larger n_s or r_d
segment spacing 0.07322 m exceeds 0.25*r_d = 0.0375 m; consider a larger n_s or r_d
segment spacing 0.09968 m exceeds 0.25*r_d = 0.0375 m; consider a larger n_s or r_d
segment spacing 0.09968 m exceeds 0.25*r_d = 0.0375 m; consider a larger n_s or r_d
segment spacing 0.07322 m exceeds 0.25*r_d = 0.0375 m; consider a larger n_s or r_d
segment spacing 0.07322 m exceeds 0.25*r_d = 0.0375 m; consider a larger n_s or r_d
segment spacing 0.09968 m exceeds 0.25*r_d = 0.0375 m; consider a larger n_s or r_d
segment spacing 0.07322 m exceeds 0.25*r_d = 0.0375 m; consider a larger n_s or r_d
segment spacing 0.07322 m exceeds 0.25*r_d = 0.0375 m; consider a larger n_s or r_d
segment spacing 0.07322 m exceeds 0.25*r_d = 0.0375 m; consider a larger n_s or r_d
segment spacing 0.07322 m exceeds 0.25*r_d = 0.0375 m; consider a larger n_s or r_d
segment spacing 0.07322 m exceeds 0.25*r_d = 0.0375 m; consider a larger n_s or r_d
segment spacing 0.07322 m exceeds 0.25*r_d = 0.0375 m; consider a larger n_s or r_d
segment spacing 0.07322 m exceeds 0.25*r_d = 0.0375 m; consider a larger n_s or r_d
segment spacing 0.07322 m exceeds 0.25*r_d = 0.0375 m; consider a larger n_s or r_d
segment spacing 0.07322 m exceeds 0.25*r_d = 0.0375 m; consider a larger n_s or r_d
segment spacing 0.07322 m exceeds 0.25*r_d = 0.0375 m; consider a larger n_s or r_d
segment spacing 0.07322 m exceeds 0.25*r_d = 0.0375 m; consider a larger n_s or r_d
segment spacing 0.09968 m exceeds 0.25*r_d = 0.0375 m; consider a larger n_s or r_d
segment spacing 0.07322 m exceeds 0.25*r_d = 0.0375 m; consider a larger n_s or r_d
segment spacing 0.07322 m exceeds 0.25*r_d = 0.0375 m; consider a larger n_s or r_d
segment spacing 0.07322 m exceeds 0.25*r_d = 0.0375 m; consider a larger n_s or r_d
segment spacing 0.07322 m exceeds 0.25*r_d = 0.0375 m; consider a larger n_s or r_d
segment spacing 0.07322 m exceeds 0.25*r_d = 0.0375 m; consider a larger n_s or r_d
segment spacing 0.07322 m exceeds 0.25*r_d = 0.0375 m; consider a larger n_s or r_d
segment spacing 0.07322 m exceeds 0.25*r_d = 0.0375 m; consider a larger n_s or r_d
segment spacing 0.07322 m exceeds 0.25*r_d = 0.0375 m; consider a larger n_s or r_d
segment spacing 0.09968 m exceeds 0.25*r_d = 0.0375 m; consider a larger n_s or r_d
segment spacing 0.07322 m exceeds 0.25*r_d = 0.0375 m; consider a larger n_s or r_d
segment spacing 0.07322 m exceeds 0.25*r_d = 0.0375 m; consider a larger n_s or r_d
segment spacing 0.07322 m exceeds 0.25*r_d = 0.0375 m; consider a larger n_s or r_d
segment spacing 0.07322 m exceeds 0.25*r_d = 0.0375 m; consider a larger n_s or r_d
segment spacing 0.07322 m exceeds 0.25*r_d = 0.0375 m; consider a larger n_s or r_d
segment spacing 0.07322 m exceeds 0.25*r_d = 0.0375 m; consider a larger n_s or r_d
segment spacing 0.07322 m exceeds 0.25*r_d = 0.0375 m; consider a larger n_s or r_d
segment spacing 0.07322 m exceeds 0.25*r_d = 0.0375 m; consider a larger n_s or r_d
segment spacing 0.07322 m exceeds 0.25*r_d = 0.0375 m; consider a larger n_s or r_d
segment spacing 0.07322 m exceeds 0.25*r_d = 0.0375 m; consider a larger n_s or r_d
segment spacing 0.07322 m exceeds 0.25*r_d = 0.0375 m; consider a larger n_s or r_d
segment spacing 0.07322 m exceeds 0.25*r_d = 0.0375 m; consider a larger n_s or r_d
segment spacing 0.07322 m exceeds 0.25*r_d = 0.0375 m; consider a larger n_s or r_d
segment spacing 0.07322 m exceeds 0.25*r_d = 0.0375 m; consider a larger n_s or r_d
segment spacing 0.07322 m exceeds 0.25*r_d = 0.0375 m; consider a larger n_s or r_d
segment spacing 0.09968 m exceeds 0.25*r_d = 0.0375 m; consider a larger n_s or r_d
segment spacing 0.07322 m exceeds 0.25*r_d = 0.0375 m; consider a larger n_s or r_d
segment spacing 0.07322 m exceeds 0.25*r_d = 0.0375 m; consider a larger n_s or r_d
segment spacing 0.07322 m exceeds 0.25*r_d = 0.0375 m; consider a larger n_s or r_d
segment spacing 0.07322 m exceeds 0.25*r_d = 0.0375 m; consider a larger n_s or r_d
segment spacing 0.07322 m exceeds 0.25*r_d = 0.0375 m; consider a larger n_s or r_d
segment spacing 0.07322 m exceeds 0.25*r_d = 0.0375 m; consider a larger n_s or r_d
segment spacing 0.07322 m exceeds 0.25*r_d = 0.0375 m; consider a larger n_s or r_d
segment spacing 0.07322 m exceeds 0.25*r_d = 0.0375 m; consider a larger n_s or r_d
segment spacing 0.07322 m exceeds 0.25*r_d = 0.0375 m; consider a larger n_s or r_d
segment spacing 0.07322 m exceeds 0.25*r_d = 0.0375 m; consider a larger n_s or r_d
segment spacing 0.07322 m exceeds 0.25*r_d = 0.0375 m; consider a larger n_s or r_d
segment spacing 0.09968 m exceeds 0.25*r_d = 0.0375 m; consider a larger n_s or r_d
segment spacing 0.07322 m exceeds 0.25*r_d = 0.0375 m; consider a larger n_s or r_d
segment spacing 0.07322 m exceeds 0.25*r_d = 0.0375 m; consider a larger n_s or r_d
    [tab_mmin] star+ring S M=2 v0=15 n_s=10 mA=34.68g A@(0.50,0.00) Bany@(0.25,0.00) nB=0 nB_Aworst=4
segment spacing 0.07616 m exceeds 0.25*r_d = 0.0375 m; consider a larger n_s or r_d
segment spacing 0.07322 m exceeds 0.25*r_d = 0.0375 m; consider a larger n_s or r_d
segment spacing 0.07322 m exceeds 0.25*r_d = 0.0375 m; consider a larger n_s or r_d
segment spacing 0.07322 m exceeds 0.25*r_d = 0.0375 m; consider a larger n_s or r_d
segment spacing 0.07322 m exceeds 0.25*r_d = 0.0375 m; consider a larger n_s or r_d
segment spacing 0.09968 m exceeds 0.25*r_d = 0.0375 m; consider a larger n_s or r_d
segment spacing 0.07322 m exceeds 0.25*r_d = 0.0375 m; consider a larger n_s or r_d
segment spacing 0.09968 m exceeds 0.25*r_d = 0.0375 m; consider a larger n_s or r_d
segment spacing 0.07322 m exceeds 0.25*r_d = 0.0375 m; consider a larger n_s or r_d
segment spacing 0.07322 m exceeds 0.25*r_d = 0.0375 m; consider a larger n_s or r_d
segment spacing 0.07322 m exceeds 0.25*r_d = 0.0375 m; consider a larger n_s or r_d
segment spacing 0.07322 m exceeds 0.25*r_d = 0.0375 m; consider a larger n_s or r_d
segment spacing 0.07322 m exceeds 0.25*r_d = 0.0375 m; consider a larger n_s or r_d
segment spacing 0.07322 m exceeds 0.25*r_d = 0.0375 m; consider a larger n_s or r_d
segment spacing 0.07322 m exceeds 0.25*r_d = 0.0375 m; consider a larger n_s or r_d
segment spacing 0.07322 m exceeds 0.25*r_d = 0.0375 m; consider a larger n_s or r_d
segment spacing 0.07322 m exceeds 0.25*r_d = 0.0375 m; consider a larger n_s or r_d
segment spacing 0.07322 m exceeds 0.25*r_d = 0.0375 m; consider a larger n_s or r_d
    [tab_mmin] star+ring S M=1 v0=15 n_s=10 mA=17.34g A@(0.50,0.00) Bany@(0.25,0.00) nB=0 nB_Aworst=4
segment spacing 0.07616 m exceeds 0.25*r_d = 0.0375 m; consider a larger n_s or r_d
segment spacing 0.07322 m exceeds 0.25*r_d = 0.0375 m; consider a larger n_s or r_d
segment spacing 0.07322 m exceeds 0.25*r_d = 0.0375 m; consider a larger n_s or r_d
segment spacing 0.07322 m exceeds 0.25*r_d = 0.0375 m; consider a larger n_s or r_d
segment spacing 0.07322 m exceeds 0.25*r_d = 0.0375 m; consider a larger n_s or r_d
segment spacing 0.07322 m exceeds 0.25*r_d = 0.0375 m; consider a larger n_s or r_d
segment spacing 0.09968 m exceeds 0.25*r_d = 0.0375 m; consider a larger n_s or r_d
segment spacing 0.09968 m exceeds 0.25*r_d = 0.0375 m; consider a larger n_s or r_d
segment spacing 0.07322 m exceeds 0.25*r_d = 0.0375 m; consider a larger n_s or r_d
segment spacing 0.09968 m exceeds 0.25*r_d = 0.0375 m; consider a larger n_s or r_d
segment spacing 0.07322 m exceeds 0.25*r_d = 0.0375 m; consider a larger n_s or r_d
segment spacing 0.07322 m exceeds 0.25*r_d = 0.0375 m; consider a larger n_s or r_d
segment spacing 0.07322 m exceeds 0.25*r_d = 0.0375 m; consider a larger n_s or r_d
segment spacing 0.07322 m exceeds 0.25*r_d = 0.0375 m; consider a larger n_s or r_d
segment spacing 0.09968 m exceeds 0.25*r_d = 0.0375 m; consider a larger n_s or r_d
segment spacing 0.07322 m exceeds 0.25*r_d = 0.0375 m; consider a larger n_s or r_d
segment spacing 0.07322 m exceeds 0.25*r_d = 0.0375 m; consider a larger n_s or r_d
segment spacing 0.07322 m exceeds 0.25*r_d = 0.0375 m; consider a larger n_s or r_d
segment spacing 0.07322 m exceeds 0.25*r_d = 0.0375 m; consider a larger n_s or r_d
segment spacing 0.09968 m exceeds 0.25*r_d = 0.0375 m; consider a larger n_s or r_d
segment spacing 0.07322 m exceeds 0.25*r_d = 0.0375 m; consider a larger n_s or r_d
segment spacing 0.07322 m exceeds 0.25*r_d = 0.0375 m; consider a larger n_s or r_d
segment spacing 0.07322 m exceeds 0.25*r_d = 0.0375 m; consider a larger n_s or r_d
segment spacing 0.07322 m exceeds 0.25*r_d = 0.0375 m; consider a larger n_s or r_d
segment spacing 0.07322 m exceeds 0.25*r_d = 0.0375 m; consider a larger n_s or r_d
segment spacing 0.07322 m exceeds 0.25*r_d = 0.0375 m; consider a larger n_s or r_d
segment spacing 0.07322 m exceeds 0.25*r_d = 0.0375 m; consider a larger n_s or r_d
segment spacing 0.07322 m exceeds 0.25*r_d = 0.0375 m; consider a larger n_s or r_d
segment spacing 0.09968 m exceeds 0.25*r_d = 0.0375 m; consider a larger n_s or r_d
segment spacing 0.07322 m exceeds 0.25*r_d = 0.0375 m; consider a larger n_s or r_d
segment spacing 0.07322 m exceeds 0.25*r_d = 0.0375 m; consider a larger n_s or r_d
segment spacing 0.07322 m exceeds 0.25*r_d = 0.0375 m; consider a larger n_s or r_d
segment spacing 0.07322 m exceeds 0.25*r_d = 0.0375 m; consider a larger n_s or r_d
segment spacing 0.07322 m exceeds 0.25*r_d = 0.0375 m; consider a larger n_s or r_d
segment spacing 0.07322 m exceeds 0.25*r_d = 0.0375 m; consider a larger n_s or r_d
segment spacing 0.07322 m exceeds 0.25*r_d = 0.0375 m; consider a larger n_s or r_d
segment spacing 0.07322 m exceeds 0.25*r_d = 0.0375 m; consider a larger n_s or r_d
segment spacing 0.07322 m exceeds 0.25*r_d = 0.0375 m; consider a larger n_s or r_d
segment spacing 0.07322 m exceeds 0.25*r_d = 0.0375 m; consider a larger n_s or r_d
segment spacing 0.09968 m exceeds 0.25*r_d = 0.0375 m; consider a larger n_s or r_d
segment spacing 0.07322 m exceeds 0.25*r_d = 0.0375 m; consider a larger n_s or r_d
segment spacing 0.07322 m exceeds 0.25*r_d = 0.0375 m; consider a larger n_s or r_d
segment spacing 0.09968 m exceeds 0.25*r_d = 0.0375 m; consider a larger n_s or r_d
segment spacing 0.09968 m exceeds 0.25*r_d = 0.0375 m; consider a larger n_s or r_d
segment spacing 0.07322 m exceeds 0.25*r_d = 0.0375 m; consider a larger n_s or r_d
segment spacing 0.07322 m exceeds 0.25*r_d = 0.0375 m; consider a larger n_s or r_d
segment spacing 0.07322 m exceeds 0.25*r_d = 0.0375 m; consider a larger n_s or r_d
segment spacing 0.07322 m exceeds 0.25*r_d = 0.0375 m; consider a larger n_s or r_d
segment spacing 0.07322 m exceeds 0.25*r_d = 0.0375 m; consider a larger n_s or r_d
segment spacing 0.07322 m exceeds 0.25*r_d = 0.0375 m; consider a larger n_s or r_d
segment spacing 0.07322 m exceeds 0.25*r_d = 0.0375 m; consider a larger n_s or r_d
segment spacing 0.07322 m exceeds 0.25*r_d = 0.0375 m; consider a larger n_s or r_d
segment spacing 0.07322 m exceeds 0.25*r_d = 0.0375 m; consider a larger n_s or r_d
segment spacing 0.07322 m exceeds 0.25*r_d = 0.0375 m; consider a larger n_s or r_d
segment spacing 0.07322 m exceeds 0.25*r_d = 0.0375 m; consider a larger n_s or r_d
segment spacing 0.07322 m exceeds 0.25*r_d = 0.0375 m; consider a larger n_s or r_d
segment spacing 0.07322 m exceeds 0.25*r_d = 0.0375 m; consider a larger n_s or r_d
segment spacing 0.07322 m exceeds 0.25*r_d = 0.0375 m; consider a larger n_s or r_d
segment spacing 0.07322 m exceeds 0.25*r_d = 0.0375 m; consider a larger n_s or r_d
segment spacing 0.07322 m exceeds 0.25*r_d = 0.0375 m; consider a larger n_s or r_d
segment spacing 0.07322 m exceeds 0.25*r_d = 0.0375 m; consider a larger n_s or r_d
segment spacing 0.07322 m exceeds 0.25*r_d = 0.0375 m; consider a larger n_s or r_d
segment spacing 0.07322 m exceeds 0.25*r_d = 0.0375 m; consider a larger n_s or r_d
segment spacing 0.07322 m exceeds 0.25*r_d = 0.0375 m; consider a larger n_s or r_d
segment spacing 0.07322 m exceeds 0.25*r_d = 0.0375 m; consider a larger n_s or r_d
segment spacing 0.09968 m exceeds 0.25*r_d = 0.0375 m; consider a larger n_s or r_d
segment spacing 0.07322 m exceeds 0.25*r_d = 0.0375 m; consider a larger n_s or r_d
segment spacing 0.07322 m exceeds 0.25*r_d = 0.0375 m; consider a larger n_s or r_d
segment spacing 0.07322 m exceeds 0.25*r_d = 0.0375 m; consider a larger n_s or r_d
segment spacing 0.07322 m exceeds 0.25*r_d = 0.0375 m; consider a larger n_s or r_d
segment spacing 0.07322 m exceeds 0.25*r_d = 0.0375 m; consider a larger n_s or r_d
segment spacing 0.07322 m exceeds 0.25*r_d = 0.0375 m; consider a larger n_s or r_d
segment spacing 0.07322 m exceeds 0.25*r_d = 0.0375 m; consider a larger n_s or r_d
segment spacing 0.07616 m exceeds 0.25*r_d = 0.0375 m; consider a larger n_s or r_d
segment spacing 0.07322 m exceeds 0.25*r_d = 0.0375 m; consider a larger n_s or r_d
segment spacing 0.07322 m exceeds 0.25*r_d = 0.0375 m; consider a larger n_s or r_d
segment spacing 0.09968 m exceeds 0.25*r_d = 0.0375 m; consider a larger n_s or r_d
segment spacing 0.07322 m exceeds 0.25*r_d = 0.0375 m; consider a larger n_s or r_d
segment spacing 0.09968 m exceeds 0.25*r_d = 0.0375 m; consider a larger n_s or r_d
segment spacing 0.07322 m exceeds 0.25*r_d = 0.0375 m; consider a larger n_s or r_d
segment spacing 0.09968 m exceeds 0.25*r_d = 0.0375 m; consider a larger n_s or r_d
segment spacing 0.07322 m exceeds 0.25*r_d = 0.0375 m; consider a larger n_s or r_d
segment spacing 0.07322 m exceeds 0.25*r_d = 0.0375 m; consider a larger n_s or r_d
segment spacing 0.07322 m exceeds 0.25*r_d = 0.0375 m; consider a larger n_s or r_d
segment spacing 0.09968 m exceeds 0.25*r_d = 0.0375 m; consider a larger n_s or r_d
segment spacing 0.07322 m exceeds 0.25*r_d = 0.0375 m; consider a larger n_s or r_d
segment spacing 0.07322 m exceeds 0.25*r_d = 0.0375 m; consider a larger n_s or r_d
segment spacing 0.07322 m exceeds 0.25*r_d = 0.0375 m; consider a larger n_s or r_d
segment spacing 0.07322 m exceeds 0.25*r_d = 0.0375 m; consider a larger n_s or r_d
segment spacing 0.07322 m exceeds 0.25*r_d = 0.0375 m; consider a larger n_s or r_d
segment spacing 0.07322 m exceeds 0.25*r_d = 0.0375 m; consider a larger n_s or r_d
    [tab_mmin] star+ring S M=0.25 v0=20 n_s=10 mA=7.706g A@(0.50,0.00) Bany@(0.25,0.00) nB=0 nB_Aworst=5
segment spacing 0.07616 m exceeds 0.25*r_d = 0.0375 m; consider a larger n_s or r_d
segment spacing 0.07322 m exceeds 0.25*r_d = 0.0375 m; consider a larger n_s or r_d
segment spacing 0.07322 m exceeds 0.25*r_d = 0.0375 m; consider a larger n_s or r_d
segment spacing 0.09968 m exceeds 0.25*r_d = 0.0375 m; consider a larger n_s or r_d
segment spacing 0.07322 m exceeds 0.25*r_d = 0.0375 m; consider a larger n_s or r_d
segment spacing 0.07322 m exceeds 0.25*r_d = 0.0375 m; consider a larger n_s or r_d
segment spacing 0.07322 m exceeds 0.25*r_d = 0.0375 m; consider a larger n_s or r_d
segment spacing 0.07322 m exceeds 0.25*r_d = 0.0375 m; consider a larger n_s or r_d
segment spacing 0.09968 m exceeds 0.25*r_d = 0.0375 m; consider a larger n_s or r_d
segment spacing 0.09968 m exceeds 0.25*r_d = 0.0375 m; consider a larger n_s or r_d
segment spacing 0.07322 m exceeds 0.25*r_d = 0.0375 m; consider a larger n_s or r_d
segment spacing 0.07322 m exceeds 0.25*r_d = 0.0375 m; consider a larger n_s or r_d
segment spacing 0.07322 m exceeds 0.25*r_d = 0.0375 m; consider a larger n_s or r_d
segment spacing 0.09968 m exceeds 0.25*r_d = 0.0375 m; consider a larger n_s or r_d
segment spacing 0.09968 m exceeds 0.25*r_d = 0.0375 m; consider a larger n_s or r_d
segment spacing 0.07322 m exceeds 0.25*r_d = 0.0375 m; consider a larger n_s or r_d
segment spacing 0.07616 m exceeds 0.25*r_d = 0.0375 m; consider a larger n_s or r_d
segment spacing 0.07322 m exceeds 0.25*r_d = 0.0375 m; consider a larger n_s or r_d
segment spacing 0.07322 m exceeds 0.25*r_d = 0.0375 m; consider a larger n_s or r_d
segment spacing 0.07322 m exceeds 0.25*r_d = 0.0375 m; consider a larger n_s or r_d
segment spacing 0.07322 m exceeds 0.25*r_d = 0.0375 m; consider a larger n_s or r_d
segment spacing 0.07322 m exceeds 0.25*r_d = 0.0375 m; consider a larger n_s or r_d
segment spacing 0.07322 m exceeds 0.25*r_d = 0.0375 m; consider a larger n_s or r_d
segment spacing 0.07322 m exceeds 0.25*r_d = 0.0375 m; consider a larger n_s or r_d
segment spacing 0.09968 m exceeds 0.25*r_d = 0.0375 m; consider a larger n_s or r_d
segment spacing 0.07322 m exceeds 0.25*r_d = 0.0375 m; consider a larger n_s or r_d
segment spacing 0.07322 m exceeds 0.25*r_d = 0.0375 m; consider a larger n_s or r_d
segment spacing 0.07322 m exceeds 0.25*r_d = 0.0375 m; consider a larger n_s or r_d
segment spacing 0.07322 m exceeds 0.25*r_d = 0.0375 m; consider a larger n_s or r_d
segment spacing 0.07322 m exceeds 0.25*r_d = 0.0375 m; consider a larger n_s or r_d
segment spacing 0.09968 m exceeds 0.25*r_d = 0.0375 m; consider a larger n_s or r_d
segment spacing 0.07322 m exceeds 0.25*r_d = 0.0375 m; consider a larger n_s or r_d
segment spacing 0.09968 m exceeds 0.25*r_d = 0.0375 m; consider a larger n_s or r_d
segment spacing 0.07322 m exceeds 0.25*r_d = 0.0375 m; consider a larger n_s or r_d
segment spacing 0.07322 m exceeds 0.25*r_d = 0.0375 m; consider a larger n_s or r_d
segment spacing 0.07322 m exceeds 0.25*r_d = 0.0375 m; consider a larger n_s or r_d
segment spacing 0.07322 m exceeds 0.25*r_d = 0.0375 m; consider a larger n_s or r_d
segment spacing 0.07322 m exceeds 0.25*r_d = 0.0375 m; consider a larger n_s or r_d
segment spacing 0.09968 m exceeds 0.25*r_d = 0.0375 m; consider a larger n_s or r_d
segment spacing 0.07322 m exceeds 0.25*r_d = 0.0375 m; consider a larger n_s or r_d
segment spacing 0.07322 m exceeds 0.25*r_d = 0.0375 m; consider a larger n_s or r_d
segment spacing 0.07322 m exceeds 0.25*r_d = 0.0375 m; consider a larger n_s or r_d
segment spacing 0.07322 m exceeds 0.25*r_d = 0.0375 m; consider a larger n_s or r_d
segment spacing 0.07322 m exceeds 0.25*r_d = 0.0375 m; consider a larger n_s or r_d
segment spacing 0.07322 m exceeds 0.25*r_d = 0.0375 m; consider a larger n_s or r_d
segment spacing 0.07322 m exceeds 0.25*r_d = 0.0375 m; consider a larger n_s or r_d
segment spacing 0.07322 m exceeds 0.25*r_d = 0.0375 m; consider a larger n_s or r_d
segment spacing 0.07322 m exceeds 0.25*r_d = 0.0375 m; consider a larger n_s or r_d
segment spacing 0.07322 m exceeds 0.25*r_d = 0.0375 m; consider a larger n_s or r_d
segment spacing 0.07322 m exceeds 0.25*r_d = 0.0375 m; consider a larger n_s or r_d
segment spacing 0.07322 m exceeds 0.25*r_d = 0.0375 m; consider a larger n_s or r_d
segment spacing 0.07322 m exceeds 0.25*r_d = 0.0375 m; consider a larger n_s or r_d
segment spacing 0.07322 m exceeds 0.25*r_d = 0.0375 m; consider a larger n_s or r_d
segment spacing 0.07322 m exceeds 0.25*r_d = 0.0375 m; consider a larger n_s or r_d
segment spacing 0.09968 m exceeds 0.25*r_d = 0.0375 m; consider a larger n_s or r_d
segment spacing 0.07322 m exceeds 0.25*r_d = 0.0375 m; consider a larger n_s or r_d
segment spacing 0.09968 m exceeds 0.25*r_d = 0.0375 m; consider a larger n_s or r_d
segment spacing 0.07322 m exceeds 0.25*r_d = 0.0375 m; consider a larger n_s or r_d
segment spacing 0.07322 m exceeds 0.25*r_d = 0.0375 m; consider a larger n_s or r_d
segment spacing 0.07322 m exceeds 0.25*r_d = 0.0375 m; consider a larger n_s or r_d
segment spacing 0.07322 m exceeds 0.25*r_d = 0.0375 m; consider a larger n_s or r_d
segment spacing 0.09968 m exceeds 0.25*r_d = 0.0375 m; consider a larger n_s or r_d
segment spacing 0.07322 m exceeds 0.25*r_d = 0.0375 m; consider a larger n_s or r_d
segment spacing 0.07322 m exceeds 0.25*r_d = 0.0375 m; consider a larger n_s or r_d
segment spacing 0.09968 m exceeds 0.25*r_d = 0.0375 m; consider a larger n_s or r_d
segment spacing 0.07322 m exceeds 0.25*r_d = 0.0375 m; consider a larger n_s or r_d
segment spacing 0.09968 m exceeds 0.25*r_d = 0.0375 m; consider a larger n_s or r_d
segment spacing 0.07616 m exceeds 0.25*r_d = 0.0375 m; consider a larger n_s or r_d
segment spacing 0.07322 m exceeds 0.25*r_d = 0.0375 m; consider a larger n_s or r_d
segment spacing 0.07322 m exceeds 0.25*r_d = 0.0375 m; consider a larger n_s or r_d
segment spacing 0.09968 m exceeds 0.25*r_d = 0.0375 m; consider a larger n_s or r_d
segment spacing 0.07322 m exceeds 0.25*r_d = 0.0375 m; consider a larger n_s or r_d
segment spacing 0.09968 m exceeds 0.25*r_d = 0.0375 m; consider a larger n_s or r_d
segment spacing 0.07322 m exceeds 0.25*r_d = 0.0375 m; consider a larger n_s or r_d
segment spacing 0.07322 m exceeds 0.25*r_d = 0.0375 m; consider a larger n_s or r_d
segment spacing 0.07322 m exceeds 0.25*r_d = 0.0375 m; consider a larger n_s or r_d
segment spacing 0.09968 m exceeds 0.25*r_d = 0.0375 m; consider a larger n_s or r_d
segment spacing 0.07322 m exceeds 0.25*r_d = 0.0375 m; consider a larger n_s or r_d
segment spacing 0.07322 m exceeds 0.25*r_d = 0.0375 m; consider a larger n_s or r_d
segment spacing 0.09968 m exceeds 0.25*r_d = 0.0375 m; consider a larger n_s or r_d
segment spacing 0.07322 m exceeds 0.25*r_d = 0.0375 m; consider a larger n_s or r_d
segment spacing 0.07322 m exceeds 0.25*r_d = 0.0375 m; consider a larger n_s or r_d
segment spacing 0.07322 m exceeds 0.25*r_d = 0.0375 m; consider a larger n_s or r_d
segment spacing 0.09968 m exceeds 0.25*r_d = 0.0375 m; consider a larger n_s or r_d
segment spacing 0.07322 m exceeds 0.25*r_d = 0.0375 m; consider a larger n_s or r_d
segment spacing 0.07322 m exceeds 0.25*r_d = 0.0375 m; consider a larger n_s or r_d
segment spacing 0.09968 m exceeds 0.25*r_d = 0.0375 m; consider a larger n_s or r_d
segment spacing 0.07322 m exceeds 0.25*r_d = 0.0375 m; consider a larger n_s or r_d
segment spacing 0.07322 m exceeds 0.25*r_d = 0.0375 m; consider a larger n_s or r_d
segment spacing 0.09968 m exceeds 0.25*r_d = 0.0375 m; consider a larger n_s or r_d
segment spacing 0.07322 m exceeds 0.25*r_d = 0.0375 m; consider a larger n_s or r_d
segment spacing 0.07322 m exceeds 0.25*r_d = 0.0375 m; consider a larger n_s or r_d
segment spacing 0.07322 m exceeds 0.25*r_d = 0.0375 m; consider a larger n_s or r_d
segment spacing 0.07322 m exceeds 0.25*r_d = 0.0375 m; consider a larger n_s or r_d
segment spacing 0.09968 m exceeds 0.25*r_d = 0.0375 m; consider a larger n_s or r_d
segment spacing 0.07322 m exceeds 0.25*r_d = 0.0375 m; consider a larger n_s or r_d
segment spacing 0.09968 m exceeds 0.25*r_d = 0.0375 m; consider a larger n_s or r_d
segment spacing 0.07322 m exceeds 0.25*r_d = 0.0375 m; consider a larger n_s or r_d
segment spacing 0.07322 m exceeds 0.25*r_d = 0.0375 m; consider a larger n_s or r_d
segment spacing 0.07322 m exceeds 0.25*r_d = 0.0375 m; consider a larger n_s or r_d
segment spacing 0.07322 m exceeds 0.25*r_d = 0.0375 m; consider a larger n_s or r_d
segment spacing 0.09968 m exceeds 0.25*r_d = 0.0375 m; consider a larger n_s or r_d
segment spacing 0.07322 m exceeds 0.25*r_d = 0.0375 m; consider a larger n_s or r_d
segment spacing 0.07322 m exceeds 0.25*r_d = 0.0375 m; consider a larger n_s or r_d
segment spacing 0.07322 m exceeds 0.25*r_d = 0.0375 m; consider a larger n_s or r_d
segment spacing 0.07322 m exceeds 0.25*r_d = 0.0375 m; consider a larger n_s or r_d
segment spacing 0.07322 m exceeds 0.25*r_d = 0.0375 m; consider a larger n_s or r_d
segment spacing 0.09968 m exceeds 0.25*r_d = 0.0375 m; consider a larger n_s or r_d
segment spacing 0.09968 m exceeds 0.25*r_d = 0.0375 m; consider a larger n_s or r_d
segment spacing 0.07322 m exceeds 0.25*r_d = 0.0375 m; consider a larger n_s or r_d
segment spacing 0.07322 m exceeds 0.25*r_d = 0.0375 m; consider a larger n_s or r_d
segment spacing 0.07322 m exceeds 0.25*r_d = 0.0375 m; consider a larger n_s or r_d
segment spacing 0.07322 m exceeds 0.25*r_d = 0.0375 m; consider a larger n_s or r_d
    [tab_mmin] star+ring S M=2 v0=20 n_s=10 mA=61.65g A@(0.50,0.00) Bany@(0.25,0.00) nB=0 nB_Aworst=4
segment spacing 0.07616 m exceeds 0.25*r_d = 0.0375 m; consider a larger n_s or r_d
segment spacing 0.07322 m exceeds 0.25*r_d = 0.0375 m; consider a larger n_s or r_d
segment spacing 0.07322 m exceeds 0.25*r_d = 0.0375 m; consider a larger n_s or r_d
segment spacing 0.09968 m exceeds 0.25*r_d = 0.0375 m; consider a larger n_s or r_d
segment spacing 0.07322 m exceeds 0.25*r_d = 0.0375 m; consider a larger n_s or r_d
segment spacing 0.07322 m exceeds 0.25*r_d = 0.0375 m; consider a larger n_s or r_d
segment spacing 0.07322 m exceeds 0.25*r_d = 0.0375 m; consider a larger n_s or r_d
segment spacing 0.09968 m exceeds 0.25*r_d = 0.0375 m; consider a larger n_s or r_d
segment spacing 0.07322 m exceeds 0.25*r_d = 0.0375 m; consider a larger n_s or r_d
segment spacing 0.07322 m exceeds 0.25*r_d = 0.0375 m; consider a larger n_s or r_d
segment spacing 0.07322 m exceeds 0.25*r_d = 0.0375 m; consider a larger n_s or r_d
segment spacing 0.07322 m exceeds 0.25*r_d = 0.0375 m; consider a larger n_s or r_d
segment spacing 0.07322 m exceeds 0.25*r_d = 0.0375 m; consider a larger n_s or r_d
segment spacing 0.07322 m exceeds 0.25*r_d = 0.0375 m; consider a larger n_s or r_d
segment spacing 0.07322 m exceeds 0.25*r_d = 0.0375 m; consider a larger n_s or r_d
segment spacing 0.07322 m exceeds 0.25*r_d = 0.0375 m; consider a larger n_s or r_d
segment spacing 0.07322 m exceeds 0.25*r_d = 0.0375 m; consider a larger n_s or r_d
segment spacing 0.07322 m exceeds 0.25*r_d = 0.0375 m; consider a larger n_s or r_d
segment spacing 0.07322 m exceeds 0.25*r_d = 0.0375 m; consider a larger n_s or r_d
segment spacing 0.07322 m exceeds 0.25*r_d = 0.0375 m; consider a larger n_s or r_d
segment spacing 0.07322 m exceeds 0.25*r_d = 0.0375 m; consider a larger n_s or r_d
segment spacing 0.09968 m exceeds 0.25*r_d = 0.0375 m; consider a larger n_s or r_d
segment spacing 0.07322 m exceeds 0.25*r_d = 0.0375 m; consider a larger n_s or r_d
segment spacing 0.07322 m exceeds 0.25*r_d = 0.0375 m; consider a larger n_s or r_d
segment spacing 0.07322 m exceeds 0.25*r_d = 0.0375 m; consider a larger n_s or r_d
segment spacing 0.09968 m exceeds 0.25*r_d = 0.0375 m; consider a larger n_s or r_d
segment spacing 0.09968 m exceeds 0.25*r_d = 0.0375 m; consider a larger n_s or r_d
segment spacing 0.07322 m exceeds 0.25*r_d = 0.0375 m; consider a larger n_s or r_d
segment spacing 0.07616 m exceeds 0.25*r_d = 0.0375 m; consider a larger n_s or r_d
segment spacing 0.09968 m exceeds 0.25*r_d = 0.0375 m; consider a larger n_s or r_d
segment spacing 0.07322 m exceeds 0.25*r_d = 0.0375 m; consider a larger n_s or r_d
segment spacing 0.07322 m exceeds 0.25*r_d = 0.0375 m; consider a larger n_s or r_d
segment spacing 0.09968 m exceeds 0.25*r_d = 0.0375 m; consider a larger n_s or r_d
segment spacing 0.09968 m exceeds 0.25*r_d = 0.0375 m; consider a larger n_s or r_d
segment spacing 0.09968 m exceeds 0.25*r_d = 0.0375 m; consider a larger n_s or r_d
segment spacing 0.07322 m exceeds 0.25*r_d = 0.0375 m; consider a larger n_s or r_d
segment spacing 0.09968 m exceeds 0.25*r_d = 0.0375 m; consider a larger n_s or r_d
segment spacing 0.09968 m exceeds 0.25*r_d = 0.0375 m; consider a larger n_s or r_d
segment spacing 0.07322 m exceeds 0.25*r_d = 0.0375 m; consider a larger n_s or r_d
segment spacing 0.07616 m exceeds 0.25*r_d = 0.0375 m; consider a larger n_s or r_d
segment spacing 0.09968 m exceeds 0.25*r_d = 0.0375 m; consider a larger n_s or r_d
segment spacing 0.09968 m exceeds 0.25*r_d = 0.0375 m; consider a larger n_s or r_d
segment spacing 0.09968 m exceeds 0.25*r_d = 0.0375 m; consider a larger n_s or r_d
segment spacing 0.09968 m exceeds 0.25*r_d = 0.0375 m; consider a larger n_s or r_d
segment spacing 0.09968 m exceeds 0.25*r_d = 0.0375 m; consider a larger n_s or r_d
segment spacing 0.09968 m exceeds 0.25*r_d = 0.0375 m; consider a larger n_s or r_d
segment spacing 0.07322 m exceeds 0.25*r_d = 0.0375 m; consider a larger n_s or r_d
segment spacing 0.07322 m exceeds 0.25*r_d = 0.0375 m; consider a larger n_s or r_d
segment spacing 0.09968 m exceeds 0.25*r_d = 0.0375 m; consider a larger n_s or r_d
segment spacing 0.09968 m exceeds 0.25*r_d = 0.0375 m; consider a larger n_s or r_d
segment spacing 0.09968 m exceeds 0.25*r_d = 0.0375 m; consider a larger n_s or r_d
    [tab_mmin] star D M=0.25 v0=20 n_s=10 mA=4.544g A@(0.50,0.00) Bany@(0.50,0.00) nB=3 nB_Aworst=3
segment spacing 0.07616 m exceeds 0.25*r_d = 0.0375 m; consider a larger n_s or r_d
segment spacing 0.07616 m exceeds 0.25*r_d = 0.0375 m; consider a larger n_s or r_d
segment spacing 0.09968 m exceeds 0.25*r_d = 0.0375 m; consider a larger n_s or r_d
segment spacing 0.07322 m exceeds 0.25*r_d = 0.0375 m; consider a larger n_s or r_d
segment spacing 0.07322 m exceeds 0.25*r_d = 0.0375 m; consider a larger n_s or r_d
segment spacing 0.07322 m exceeds 0.25*r_d = 0.0375 m; consider a larger n_s or r_d
segment spacing 0.07616 m exceeds 0.25*r_d = 0.0375 m; consider a larger n_s or r_d
segment spacing 0.09968 m exceeds 0.25*r_d = 0.0375 m; consider a larger n_s or r_d
segment spacing 0.09968 m exceeds 0.25*r_d = 0.0375 m; consider a larger n_s or r_d
segment spacing 0.07322 m exceeds 0.25*r_d = 0.0375 m; consider a larger n_s or r_d
segment spacing 0.09968 m exceeds 0.25*r_d = 0.0375 m; consider a larger n_s or r_d
segment spacing 0.07322 m exceeds 0.25*r_d = 0.0375 m; consider a larger n_s or r_d
segment spacing 0.07322 m exceeds 0.25*r_d = 0.0375 m; consider a larger n_s or r_d
segment spacing 0.07322 m exceeds 0.25*r_d = 0.0375 m; consider a larger n_s or r_d
segment spacing 0.07322 m exceeds 0.25*r_d = 0.0375 m; consider a larger n_s or r_d
segment spacing 0.07616 m exceeds 0.25*r_d = 0.0375 m; consider a larger n_s or r_d
segment spacing 0.09968 m exceeds 0.25*r_d = 0.0375 m; consider a larger n_s or r_d
segment spacing 0.07322 m exceeds 0.25*r_d = 0.0375 m; consider a larger n_s or r_d
segment spacing 0.07322 m exceeds 0.25*r_d = 0.0375 m; consider a larger n_s or r_d
segment spacing 0.07616 m exceeds 0.25*r_d = 0.0375 m; consider a larger n_s or r_d
segment spacing 0.09968 m exceeds 0.25*r_d = 0.0375 m; consider a larger n_s or r_d
segment spacing 0.09968 m exceeds 0.25*r_d = 0.0375 m; consider a larger n_s or r_d
segment spacing 0.09968 m exceeds 0.25*r_d = 0.0375 m; consider a larger n_s or r_d
segment spacing 0.09968 m exceeds 0.25*r_d = 0.0375 m; consider a larger n_s or r_d
segment spacing 0.07616 m exceeds 0.25*r_d = 0.0375 m; consider a larger n_s or r_d
segment spacing 0.09968 m exceeds 0.25*r_d = 0.0375 m; consider a larger n_s or r_d
segment spacing 0.07322 m exceeds 0.25*r_d = 0.0375 m; consider a larger n_s or r_d
segment spacing 0.07616 m exceeds 0.25*r_d = 0.0375 m; consider a larger n_s or r_d
segment spacing 0.07322 m exceeds 0.25*r_d = 0.0375 m; consider a larger n_s or r_d
segment spacing 0.09968 m exceeds 0.25*r_d = 0.0375 m; consider a larger n_s or r_d
    [tab_mmin] star D M=2 v0=20 n_s=10 mA=36.35g A@(0.50,0.00) Bany@(0.50,0.00) nB=3 nB_Aworst=3
segment spacing 0.07616 m exceeds 0.25*r_d = 0.0375 m; consider a larger n_s or r_d
segment spacing 0.07616 m exceeds 0.25*r_d = 0.0375 m; consider a larger n_s or r_d
segment spacing 0.07616 m exceeds 0.25*r_d = 0.0375 m; consider a larger n_s or r_d
segment spacing 0.07322 m exceeds 0.25*r_d = 0.0375 m; consider a larger n_s or r_d
segment spacing 0.07616 m exceeds 0.25*r_d = 0.0375 m; consider a larger n_s or r_d
segment spacing 0.07322 m exceeds 0.25*r_d = 0.0375 m; consider a larger n_s or r_d
segment spacing 0.07322 m exceeds 0.25*r_d = 0.0375 m; consider a larger n_s or r_d
segment spacing 0.07322 m exceeds 0.25*r_d = 0.0375 m; consider a larger n_s or r_d
segment spacing 0.07322 m exceeds 0.25*r_d = 0.0375 m; consider a larger n_s or r_d
segment spacing 0.07616 m exceeds 0.25*r_d = 0.0375 m; consider a larger n_s or r_d
segment spacing 0.07616 m exceeds 0.25*r_d = 0.0375 m; consider a larger n_s or r_d
segment spacing 0.07322 m exceeds 0.25*r_d = 0.0375 m; consider a larger n_s or r_d
segment spacing 0.09968 m exceeds 0.25*r_d = 0.0375 m; consider a larger n_s or r_d
segment spacing 0.07322 m exceeds 0.25*r_d = 0.0375 m; consider a larger n_s or r_d
segment spacing 0.07616 m exceeds 0.25*r_d = 0.0375 m; consider a larger n_s or r_d
segment spacing 0.09968 m exceeds 0.25*r_d = 0.0375 m; consider a larger n_s or r_d
segment spacing 0.07616 m exceeds 0.25*r_d = 0.0375 m; consider a larger n_s or r_d
segment spacing 0.07616 m exceeds 0.25*r_d = 0.0375 m; consider a larger n_s or r_d
segment spacing 0.07322 m exceeds 0.25*r_d = 0.0375 m; consider a larger n_s or r_d
segment spacing 0.07616 m exceeds 0.25*r_d = 0.0375 m; consider a larger n_s or r_d
segment spacing 0.07616 m exceeds 0.25*r_d = 0.0375 m; consider a larger n_s or r_d
segment spacing 0.07322 m exceeds 0.25*r_d = 0.0375 m; consider a larger n_s or r_d
segment spacing 0.07322 m exceeds 0.25*r_d = 0.0375 m; consider a larger n_s or r_d
segment spacing 0.07616 m exceeds 0.25*r_d = 0.0375 m; consider a larger n_s or r_d
segment spacing 0.07322 m exceeds 0.25*r_d = 0.0375 m; consider a larger n_s or r_d
segment spacing 0.07322 m exceeds 0.25*r_d = 0.0375 m; consider a larger n_s or r_d
segment spacing 0.09968 m exceeds 0.25*r_d = 0.0375 m; consider a larger n_s or r_d
segment spacing 0.07616 m exceeds 0.25*r_d = 0.0375 m; consider a larger n_s or r_d
segment spacing 0.07616 m exceeds 0.25*r_d = 0.0375 m; consider a larger n_s or r_d
segment spacing 0.07322 m exceeds 0.25*r_d = 0.0375 m; consider a larger n_s or r_d
segment spacing 0.09968 m exceeds 0.25*r_d = 0.0375 m; consider a larger n_s or r_d
segment spacing 0.09968 m exceeds 0.25*r_d = 0.0375 m; consider a larger n_s or r_d
segment spacing 0.07616 m exceeds 0.25*r_d = 0.0375 m; consider a larger n_s or r_d
segment spacing 0.09968 m exceeds 0.25*r_d = 0.0375 m; consider a larger n_s or r_d
segment spacing 0.09968 m exceeds 0.25*r_d = 0.0375 m; consider a larger n_s or r_d
segment spacing 0.09968 m exceeds 0.25*r_d = 0.0375 m; consider a larger n_s or r_d
segment spacing 0.07616 m exceeds 0.25*r_d = 0.0375 m; consider a larger n_s or r_d
segment spacing 0.09968 m exceeds 0.25*r_d = 0.0375 m; consider a larger n_s or r_d
segment spacing 0.09968 m exceeds 0.25*r_d = 0.0375 m; consider a larger n_s or r_d
segment spacing 0.09968 m exceeds 0.25*r_d = 0.0375 m; consider a larger n_s or r_d
segment spacing 0.09968 m exceeds 0.25*r_d = 0.0375 m; consider a larger n_s or r_d
segment spacing 0.07616 m exceeds 0.25*r_d = 0.0375 m; consider a larger n_s or r_d
segment spacing 0.09968 m exceeds 0.25*r_d = 0.0375 m; consider a larger n_s or r_d
segment spacing 0.09968 m exceeds 0.25*r_d = 0.0375 m; consider a larger n_s or r_d
segment spacing 0.09968 m exceeds 0.25*r_d = 0.0375 m; consider a larger n_s or r_d
segment spacing 0.09968 m exceeds 0.25*r_d = 0.0375 m; consider a larger n_s or r_d
segment spacing 0.07322 m exceeds 0.25*r_d = 0.0375 m; consider a larger n_s or r_d
segment spacing 0.07616 m exceeds 0.25*r_d = 0.0375 m; consider a larger n_s or r_d
segment spacing 0.09968 m exceeds 0.25*r_d = 0.0375 m; consider a larger n_s or r_d
segment spacing 0.07322 m exceeds 0.25*r_d = 0.0375 m; consider a larger n_s or r_d
segment spacing 0.09968 m exceeds 0.25*r_d = 0.0375 m; consider a larger n_s or r_d
segment spacing 0.09968 m exceeds 0.25*r_d = 0.0375 m; consider a larger n_s or r_d
segment spacing 0.07616 m exceeds 0.25*r_d = 0.0375 m; consider a larger n_s or r_d
segment spacing 0.07322 m exceeds 0.25*r_d = 0.0375 m; consider a larger n_s or r_d
segment spacing 0.09968 m exceeds 0.25*r_d = 0.0375 m; consider a larger n_s or r_d
segment spacing 0.09968 m exceeds 0.25*r_d = 0.0375 m; consider a larger n_s or r_d
segment spacing 0.09968 m exceeds 0.25*r_d = 0.0375 m; consider a larger n_s or r_d
segment spacing 0.07616 m exceeds 0.25*r_d = 0.0375 m; consider a larger n_s or r_d
    [tab_mmin] star D M=1 v0=15 n_s=10 mA=10.22g A@(0.50,0.00) Bany@(0.50,0.00) nB=2 nB_Aworst=2
segment spacing 0.07616 m exceeds 0.25*r_d = 0.0375 m; consider a larger n_s or r_d
segment spacing 0.07322 m exceeds 0.25*r_d = 0.0375 m; consider a larger n_s or r_d
segment spacing 0.07322 m exceeds 0.25*r_d = 0.0375 m; consider a larger n_s or r_d
segment spacing 0.07322 m exceeds 0.25*r_d = 0.0375 m; consider a larger n_s or r_d
segment spacing 0.07616 m exceeds 0.25*r_d = 0.0375 m; consider a larger n_s or r_d
segment spacing 0.09968 m exceeds 0.25*r_d = 0.0375 m; consider a larger n_s or r_d
segment spacing 0.07322 m exceeds 0.25*r_d = 0.0375 m; consider a larger n_s or r_d
segment spacing 0.07322 m exceeds 0.25*r_d = 0.0375 m; consider a larger n_s or r_d
segment spacing 0.07616 m exceeds 0.25*r_d = 0.0375 m; consider a larger n_s or r_d
segment spacing 0.09968 m exceeds 0.25*r_d = 0.0375 m; consider a larger n_s or r_d
segment spacing 0.09968 m exceeds 0.25*r_d = 0.0375 m; consider a larger n_s or r_d
segment spacing 0.09968 m exceeds 0.25*r_d = 0.0375 m; consider a larger n_s or r_d
segment spacing 0.07322 m exceeds 0.25*r_d = 0.0375 m; consider a larger n_s or r_d
segment spacing 0.07322 m exceeds 0.25*r_d = 0.0375 m; consider a larger n_s or r_d
segment spacing 0.07616 m exceeds 0.25*r_d = 0.0375 m; consider a larger n_s or r_d
segment spacing 0.09968 m exceeds 0.25*r_d = 0.0375 m; consider a larger n_s or r_d
segment spacing 0.09968 m exceeds 0.25*r_d = 0.0375 m; consider a larger n_s or r_d
segment spacing 0.07322 m exceeds 0.25*r_d = 0.0375 m; consider a larger n_s or r_d
segment spacing 0.07616 m exceeds 0.25*r_d = 0.0375 m; consider a larger n_s or r_d
segment spacing 0.07322 m exceeds 0.25*r_d = 0.0375 m; consider a larger n_s or r_d
segment spacing 0.09968 m exceeds 0.25*r_d = 0.0375 m; consider a larger n_s or r_d
segment spacing 0.07322 m exceeds 0.25*r_d = 0.0375 m; consider a larger n_s or r_d
segment spacing 0.09968 m exceeds 0.25*r_d = 0.0375 m; consider a larger n_s or r_d
segment spacing 0.07616 m exceeds 0.25*r_d = 0.0375 m; consider a larger n_s or r_d
segment spacing 0.09968 m exceeds 0.25*r_d = 0.0375 m; consider a larger n_s or r_d
segment spacing 0.07322 m exceeds 0.25*r_d = 0.0375 m; consider a larger n_s or r_d
segment spacing 0.09968 m exceeds 0.25*r_d = 0.0375 m; consider a larger n_s or r_d
segment spacing 0.07322 m exceeds 0.25*r_d = 0.0375 m; consider a larger n_s or r_d
segment spacing 0.07616 m exceeds 0.25*r_d = 0.0375 m; consider a larger n_s or r_d
segment spacing 0.09968 m exceeds 0.25*r_d = 0.0375 m; consider a larger n_s or r_d
segment spacing 0.07322 m exceeds 0.25*r_d = 0.0375 m; consider a larger n_s or r_d
segment spacing 0.07322 m exceeds 0.25*r_d = 0.0375 m; consider a larger n_s or r_d
segment spacing 0.09968 m exceeds 0.25*r_d = 0.0375 m; consider a larger n_s or r_d
segment spacing 0.07616 m exceeds 0.25*r_d = 0.0375 m; consider a larger n_s or r_d
segment spacing 0.09968 m exceeds 0.25*r_d = 0.0375 m; consider a larger n_s or r_d
segment spacing 0.07322 m exceeds 0.25*r_d = 0.0375 m; consider a larger n_s or r_d
segment spacing 0.07322 m exceeds 0.25*r_d = 0.0375 m; consider a larger n_s or r_d
segment spacing 0.09968 m exceeds 0.25*r_d = 0.0375 m; consider a larger n_s or r_d
segment spacing 0.09968 m exceeds 0.25*r_d = 0.0375 m; consider a larger n_s or r_d
segment spacing 0.07322 m exceeds 0.25*r_d = 0.0375 m; consider a larger n_s or r_d
segment spacing 0.07616 m exceeds 0.25*r_d = 0.0375 m; consider a larger n_s or r_d
segment spacing 0.09968 m exceeds 0.25*r_d = 0.0375 m; consider a larger n_s or r_d
segment spacing 0.09968 m exceeds 0.25*r_d = 0.0375 m; consider a larger n_s or r_d
segment spacing 0.07322 m exceeds 0.25*r_d = 0.0375 m; consider a larger n_s or r_d
segment spacing 0.07322 m exceeds 0.25*r_d = 0.0375 m; consider a larger n_s or r_d
    [tab_mmin] star D M=0.25 v0=15 n_s=10 mA=2.556g A@(0.50,0.00) Bany@(0.50,0.00) nB=2 nB_Aworst=2
segment spacing 0.07616 m exceeds 0.25*r_d = 0.0375 m; consider a larger n_s or r_d
segment spacing 0.09968 m exceeds 0.25*r_d = 0.0375 m; consider a larger n_s or r_d
segment spacing 0.07616 m exceeds 0.25*r_d = 0.0375 m; consider a larger n_s or r_d
segment spacing 0.07322 m exceeds 0.25*r_d = 0.0375 m; consider a larger n_s or r_d
segment spacing 0.09968 m exceeds 0.25*r_d = 0.0375 m; consider a larger n_s or r_d
segment spacing 0.07322 m exceeds 0.25*r_d = 0.0375 m; consider a larger n_s or r_d
segment spacing 0.07322 m exceeds 0.25*r_d = 0.0375 m; consider a larger n_s or r_d
segment spacing 0.09968 m exceeds 0.25*r_d = 0.0375 m; consider a larger n_s or r_d
segment spacing 0.07616 m exceeds 0.25*r_d = 0.0375 m; consider a larger n_s or r_d
segment spacing 0.07322 m exceeds 0.25*r_d = 0.0375 m; consider a larger n_s or r_d
segment spacing 0.09968 m exceeds 0.25*r_d = 0.0375 m; consider a larger n_s or r_d
segment spacing 0.09968 m exceeds 0.25*r_d = 0.0375 m; consider a larger n_s or r_d
segment spacing 0.07616 m exceeds 0.25*r_d = 0.0375 m; consider a larger n_s or r_d
segment spacing 0.07322 m exceeds 0.25*r_d = 0.0375 m; consider a larger n_s or r_d
segment spacing 0.09968 m exceeds 0.25*r_d = 0.0375 m; consider a larger n_s or r_d
segment spacing 0.07616 m exceeds 0.25*r_d = 0.0375 m; consider a larger n_s or r_d
segment spacing 0.07322 m exceeds 0.25*r_d = 0.0375 m; consider a larger n_s or r_d
segment spacing 0.09968 m exceeds 0.25*r_d = 0.0375 m; consider a larger n_s or r_d
segment spacing 0.09968 m exceeds 0.25*r_d = 0.0375 m; consider a larger n_s or r_d
segment spacing 0.07322 m exceeds 0.25*r_d = 0.0375 m; consider a larger n_s or r_d
segment spacing 0.07616 m exceeds 0.25*r_d = 0.0375 m; consider a larger n_s or r_d
segment spacing 0.07322 m exceeds 0.25*r_d = 0.0375 m; consider a larger n_s or r_d
segment spacing 0.09968 m exceeds 0.25*r_d = 0.0375 m; consider a larger n_s or r_d
segment spacing 0.09968 m exceeds 0.25*r_d = 0.0375 m; consider a larger n_s or r_d
segment spacing 0.09968 m exceeds 0.25*r_d = 0.0375 m; consider a larger n_s or r_d
segment spacing 0.09968 m exceeds 0.25*r_d = 0.0375 m; consider a larger n_s or r_d
segment spacing 0.07616 m exceeds 0.25*r_d = 0.0375 m; consider a larger n_s or r_d
segment spacing 0.07322 m exceeds 0.25*r_d = 0.0375 m; consider a larger n_s or r_d
segment spacing 0.09968 m exceeds 0.25*r_d = 0.0375 m; consider a larger n_s or r_d
segment spacing 0.09968 m exceeds 0.25*r_d = 0.0375 m; consider a larger n_s or r_d
segment spacing 0.07322 m exceeds 0.25*r_d = 0.0375 m; consider a larger n_s or r_d
segment spacing 0.09968 m exceeds 0.25*r_d = 0.0375 m; consider a larger n_s or r_d
segment spacing 0.07322 m exceeds 0.25*r_d = 0.0375 m; consider a larger n_s or r_d
segment spacing 0.09968 m exceeds 0.25*r_d = 0.0375 m; consider a larger n_s or r_d
segment spacing 0.07322 m exceeds 0.25*r_d = 0.0375 m; consider a larger n_s or r_d
segment spacing 0.09968 m exceeds 0.25*r_d = 0.0375 m; consider a larger n_s or r_d
segment spacing 0.09968 m exceeds 0.25*r_d = 0.0375 m; consider a larger n_s or r_d
segment spacing 0.09968 m exceeds 0.25*r_d = 0.0375 m; consider a larger n_s or r_d
segment spacing 0.07322 m exceeds 0.25*r_d = 0.0375 m; consider a larger n_s or r_d
segment spacing 0.09968 m exceeds 0.25*r_d = 0.0375 m; consider a larger n_s or r_d
    [tab_mmin] star D M=2 v0=15 n_s=10 mA=20.45g A@(0.50,0.00) Bany@(0.50,0.00) nB=2 nB_Aworst=2
segment spacing 0.07616 m exceeds 0.25*r_d = 0.0375 m; consider a larger n_s or r_d
segment spacing 0.07322 m exceeds 0.25*r_d = 0.0375 m; consider a larger n_s or r_d
segment spacing 0.09968 m exceeds 0.25*r_d = 0.0375 m; consider a larger n_s or r_d
segment spacing 0.07322 m exceeds 0.25*r_d = 0.0375 m; consider a larger n_s or r_d
segment spacing 0.09968 m exceeds 0.25*r_d = 0.0375 m; consider a larger n_s or r_d
segment spacing 0.07322 m exceeds 0.25*r_d = 0.0375 m; consider a larger n_s or r_d
segment spacing 0.09968 m exceeds 0.25*r_d = 0.0375 m; consider a larger n_s or r_d
segment spacing 0.09968 m exceeds 0.25*r_d = 0.0375 m; consider a larger n_s or r_d
segment spacing 0.07322 m exceeds 0.25*r_d = 0.0375 m; consider a larger n_s or r_d
segment spacing 0.07616 m exceeds 0.25*r_d = 0.0375 m; consider a larger n_s or r_d
segment spacing 0.09968 m exceeds 0.25*r_d = 0.0375 m; consider a larger n_s or r_d
segment spacing 0.07322 m exceeds 0.25*r_d = 0.0375 m; consider a larger n_s or r_d
segment spacing 0.09968 m exceeds 0.25*r_d = 0.0375 m; consider a larger n_s or r_d
segment spacing 0.09968 m exceeds 0.25*r_d = 0.0375 m; consider a larger n_s or r_d
segment spacing 0.09968 m exceeds 0.25*r_d = 0.0375 m; consider a larger n_s or r_d
segment spacing 0.07322 m exceeds 0.25*r_d = 0.0375 m; consider a larger n_s or r_d
segment spacing 0.09968 m exceeds 0.25*r_d = 0.0375 m; consider a larger n_s or r_d
segment spacing 0.07322 m exceeds 0.25*r_d = 0.0375 m; consider a larger n_s or r_d
segment spacing 0.07616 m exceeds 0.25*r_d = 0.0375 m; consider a larger n_s or r_d
segment spacing 0.09968 m exceeds 0.25*r_d = 0.0375 m; consider a larger n_s or r_d
segment spacing 0.09968 m exceeds 0.25*r_d = 0.0375 m; consider a larger n_s or r_d
segment spacing 0.09968 m exceeds 0.25*r_d = 0.0375 m; consider a larger n_s or r_d
segment spacing 0.09968 m exceeds 0.25*r_d = 0.0375 m; consider a larger n_s or r_d
segment spacing 0.07322 m exceeds 0.25*r_d = 0.0375 m; consider a larger n_s or r_d
segment spacing 0.09968 m exceeds 0.25*r_d = 0.0375 m; consider a larger n_s or r_d
segment spacing 0.09968 m exceeds 0.25*r_d = 0.0375 m; consider a larger n_s or r_d
segment spacing 0.09968 m exceeds 0.25*r_d = 0.0375 m; consider a larger n_s or r_d
segment spacing 0.09968 m exceeds 0.25*r_d = 0.0375 m; consider a larger n_s or r_d
segment spacing 0.07616 m exceeds 0.25*r_d = 0.0375 m; consider a larger n_s or r_d
segment spacing 0.09968 m exceeds 0.25*r_d = 0.0375 m; consider a larger n_s or r_d
segment spacing 0.09968 m exceeds 0.25*r_d = 0.0375 m; consider a larger n_s or r_d
segment spacing 0.07322 m exceeds 0.25*r_d = 0.0375 m; consider a larger n_s or r_d
segment spacing 0.09968 m exceeds 0.25*r_d = 0.0375 m; consider a larger n_s or r_d
segment spacing 0.09968 m exceeds 0.25*r_d = 0.0375 m; consider a larger n_s or r_d
segment spacing 0.09968 m exceeds 0.25*r_d = 0.0375 m; consider a larger n_s or r_d
segment spacing 0.09968 m exceeds 0.25*r_d = 0.0375 m; consider a larger n_s or r_d
segment spacing 0.09968 m exceeds 0.25*r_d = 0.0375 m; consider a larger n_s or r_d
segment spacing 0.07322 m exceeds 0.25*r_d = 0.0375 m; consider a larger n_s or r_d
segment spacing 0.09968 m exceeds 0.25*r_d = 0.0375 m; consider a larger n_s or r_d
segment spacing 0.07616 m exceeds 0.25*r_d = 0.0375 m; consider a larger n_s or r_d
segment spacing 0.09968 m exceeds 0.25*r_d = 0.0375 m; consider a larger n_s or r_d
segment spacing 0.07322 m exceeds 0.25*r_d = 0.0375 m; consider a larger n_s or r_d
segment spacing 0.09968 m exceeds 0.25*r_d = 0.0375 m; consider a larger n_s or r_d
    [tab_mmin] star D M=1 v0=10 n_s=10 mA=4.544g A@(0.50,0.00) Bany@(0.50,0.00) nB=3 nB_Aworst=3
segment spacing 0.09968 m exceeds 0.25*r_d = 0.0375 m; consider a larger n_s or r_d
segment spacing 0.09968 m exceeds 0.25*r_d = 0.0375 m; consider a larger n_s or r_d
segment spacing 0.07322 m exceeds 0.25*r_d = 0.0375 m; consider a larger n_s or r_d
segment spacing 0.07322 m exceeds 0.25*r_d = 0.0375 m; consider a larger n_s or r_d
segment spacing 0.09968 m exceeds 0.25*r_d = 0.0375 m; consider a larger n_s or r_d
    [tab_mmin] star D M=2 v0=10 n_s=10 mA=9.089g A@(0.50,0.00) Bany@(0.50,0.00) nB=3 nB_Aworst=3
segment spacing 0.09968 m exceeds 0.25*r_d = 0.0375 m; consider a larger n_s or r_d
segment spacing 0.07322 m exceeds 0.25*r_d = 0.0375 m; consider a larger n_s or r_d
segment spacing 0.07322 m exceeds 0.25*r_d = 0.0375 m; consider a larger n_s or r_d
segment spacing 0.09968 m exceeds 0.25*r_d = 0.0375 m; consider a larger n_s or r_d
segment spacing 0.09968 m exceeds 0.25*r_d = 0.0375 m; consider a larger n_s or r_d
segment spacing 0.07322 m exceeds 0.25*r_d = 0.0375 m; consider a larger n_s or r_d
segment spacing 0.07322 m exceeds 0.25*r_d = 0.0375 m; consider a larger n_s or r_d
segment spacing 0.09968 m exceeds 0.25*r_d = 0.0375 m; consider a larger n_s or r_d
segment spacing 0.07322 m exceeds 0.25*r_d = 0.0375 m; consider a larger n_s or r_d
segment spacing 0.07616 m exceeds 0.25*r_d = 0.0375 m; consider a larger n_s or r_d
segment spacing 0.09968 m exceeds 0.25*r_d = 0.0375 m; consider a larger n_s or r_d
segment spacing 0.07322 m exceeds 0.25*r_d = 0.0375 m; consider a larger n_s or r_d
segment spacing 0.07616 m exceeds 0.25*r_d = 0.0375 m; consider a larger n_s or r_d
segment spacing 0.07616 m exceeds 0.25*r_d = 0.0375 m; consider a larger n_s or r_d
segment spacing 0.09968 m exceeds 0.25*r_d = 0.0375 m; consider a larger n_s or r_d
segment spacing 0.07322 m exceeds 0.25*r_d = 0.0375 m; consider a larger n_s or r_d
segment spacing 0.07322 m exceeds 0.25*r_d = 0.0375 m; consider a larger n_s or r_d
segment spacing 0.07322 m exceeds 0.25*r_d = 0.0375 m; consider a larger n_s or r_d
segment spacing 0.09968 m exceeds 0.25*r_d = 0.0375 m; consider a larger n_s or r_d
segment spacing 0.07322 m exceeds 0.25*r_d = 0.0375 m; consider a larger n_s or r_d
segment spacing 0.07616 m exceeds 0.25*r_d = 0.0375 m; consider a larger n_s or r_d
segment spacing 0.07322 m exceeds 0.25*r_d = 0.0375 m; consider a larger n_s or r_d
segment spacing 0.07616 m exceeds 0.25*r_d = 0.0375 m; consider a larger n_s or r_d
    [tab_mmin] star D M=0.25 v0=10 n_s=10 mA=1.136g A@(0.50,0.00) Bany@(0.50,0.00) nB=3 nB_Aworst=3
segment spacing 0.07616 m exceeds 0.25*r_d = 0.0375 m; consider a larger n_s or r_d
segment spacing 0.07322 m exceeds 0.25*r_d = 0.0375 m; consider a larger n_s or r_d
segment spacing 0.07322 m exceeds 0.25*r_d = 0.0375 m; consider a larger n_s or r_d
segment spacing 0.07322 m exceeds 0.25*r_d = 0.0375 m; consider a larger n_s or r_d
segment spacing 0.07322 m exceeds 0.25*r_d = 0.0375 m; consider a larger n_s or r_d
segment spacing 0.07322 m exceeds 0.25*r_d = 0.0375 m; consider a larger n_s or r_d
segment spacing 0.07322 m exceeds 0.25*r_d = 0.0375 m; consider a larger n_s or r_d
segment spacing 0.07322 m exceeds 0.25*r_d = 0.0375 m; consider a larger n_s or r_d
segment spacing 0.07322 m exceeds 0.25*r_d = 0.0375 m; consider a larger n_s or r_d
segment spacing 0.07616 m exceeds 0.25*r_d = 0.0375 m; consider a larger n_s or r_d
segment spacing 0.07322 m exceeds 0.25*r_d = 0.0375 m; consider a larger n_s or r_d
segment spacing 0.07322 m exceeds 0.25*r_d = 0.0375 m; consider a larger n_s or r_d
segment spacing 0.07322 m exceeds 0.25*r_d = 0.0375 m; consider a larger n_s or r_d
segment spacing 0.07322 m exceeds 0.25*r_d = 0.0375 m; consider a larger n_s or r_d
segment spacing 0.07322 m exceeds 0.25*r_d = 0.0375 m; consider a larger n_s or r_d
segment spacing 0.07322 m exceeds 0.25*r_d = 0.0375 m; consider a larger n_s or r_d
segment spacing 0.07322 m exceeds 0.25*r_d = 0.0375 m; consider a larger n_s or r_d
segment spacing 0.07322 m exceeds 0.25*r_d = 0.0375 m; consider a larger n_s or r_d
segment spacing 0.07322 m exceeds 0.25*r_d = 0.0375 m; consider a larger n_s or r_d
segment spacing 0.07322 m exceeds 0.25*r_d = 0.0375 m; consider a larger n_s or r_d
segment spacing 0.07322 m exceeds 0.25*r_d = 0.0375 m; consider a larger n_s or r_d
segment spacing 0.07322 m exceeds 0.25*r_d = 0.0375 m; consider a larger n_s or r_d
segment spacing 0.07322 m exceeds 0.25*r_d = 0.0375 m; consider a larger n_s or r_d
segment spacing 0.07322 m exceeds 0.25*r_d = 0.0375 m; consider a larger n_s or r_d
segment spacing 0.07322 m exceeds 0.25*r_d = 0.0375 m; consider a larger n_s or r_d
segment spacing 0.07322 m exceeds 0.25*r_d = 0.0375 m; consider a larger n_s or r_d
segment spacing 0.07322 m exceeds 0.25*r_d = 0.0375 m; consider a larger n_s or r_d
segment spacing 0.07322 m exceeds 0.25*r_d = 0.0375 m; consider a larger n_s or r_d
segment spacing 0.07322 m exceeds 0.25*r_d = 0.0375 m; consider a larger n_s or r_d
segment spacing 0.07322 m exceeds 0.25*r_d = 0.0375 m; consider a larger n_s or r_d
segment spacing 0.07322 m exceeds 0.25*r_d = 0.0375 m; consider a larger n_s or r_d
segment spacing 0.07322 m exceeds 0.25*r_d = 0.0375 m; consider a larger n_s or r_d
segment spacing 0.07322 m exceeds 0.25*r_d = 0.0375 m; consider a larger n_s or r_d
segment spacing 0.07322 m exceeds 0.25*r_d = 0.0375 m; consider a larger n_s or r_d
segment spacing 0.07322 m exceeds 0.25*r_d = 0.0375 m; consider a larger n_s or r_d
segment spacing 0.07322 m exceeds 0.25*r_d = 0.0375 m; consider a larger n_s or r_d
segment spacing 0.07322 m exceeds 0.25*r_d = 0.0375 m; consider a larger n_s or r_d
segment spacing 0.07322 m exceeds 0.25*r_d = 0.0375 m; consider a larger n_s or r_d
segment spacing 0.07322 m exceeds 0.25*r_d = 0.0375 m; consider a larger n_s or r_d
segment spacing 0.07322 m exceeds 0.25*r_d = 0.0375 m; consider a larger n_s or r_d
segment spacing 0.07322 m exceeds 0.25*r_d = 0.0375 m; consider a larger n_s or r_d
segment spacing 0.07322 m exceeds 0.25*r_d = 0.0375 m; consider a larger n_s or r_d
segment spacing 0.07322 m exceeds 0.25*r_d = 0.0375 m; consider a larger n_s or r_d
segment spacing 0.07322 m exceeds 0.25*r_d = 0.0375 m; consider a larger n_s or r_d
segment spacing 0.07322 m exceeds 0.25*r_d = 0.0375 m; consider a larger n_s or r_d
segment spacing 0.07322 m exceeds 0.25*r_d = 0.0375 m; consider a larger n_s or r_d
segment spacing 0.07322 m exceeds 0.25*r_d = 0.0375 m; consider a larger n_s or r_d
segment spacing 0.07322 m exceeds 0.25*r_d = 0.0375 m; consider a larger n_s or r_d
segment spacing 0.07322 m exceeds 0.25*r_d = 0.0375 m; consider a larger n_s or r_d
segment spacing 0.07322 m exceeds 0.25*r_d = 0.0375 m; consider a larger n_s or r_d
segment spacing 0.07322 m exceeds 0.25*r_d = 0.0375 m; consider a larger n_s or r_d
segment spacing 0.07322 m exceeds 0.25*r_d = 0.0375 m; consider a larger n_s or r_d
segment spacing 0.07322 m exceeds 0.25*r_d = 0.0375 m; consider a larger n_s or r_d
segment spacing 0.07322 m exceeds 0.25*r_d = 0.0375 m; consider a larger n_s or r_d
segment spacing 0.07322 m exceeds 0.25*r_d = 0.0375 m; consider a larger n_s or r_d
segment spacing 0.07322 m exceeds 0.25*r_d = 0.0375 m; consider a larger n_s or r_d
    [tab_mmin] star+ring S M=0.25 v0=15 n_s=10 mA=4.335g A@(0.50,0.00) Bany@(0.25,0.00) nB=0 nB_Aworst=3
segment spacing 0.07322 m exceeds 0.25*r_d = 0.0375 m; consider a larger n_s or r_d
segment spacing 0.07322 m exceeds 0.25*r_d = 0.0375 m; consider a larger n_s or r_d
segment spacing 0.07616 m exceeds 0.25*r_d = 0.0375 m; consider a larger n_s or r_d
segment spacing 0.07322 m exceeds 0.25*r_d = 0.0375 m; consider a larger n_s or r_d
segment spacing 0.07322 m exceeds 0.25*r_d = 0.0375 m; consider a larger n_s or r_d
segment spacing 0.07322 m exceeds 0.25*r_d = 0.0375 m; consider a larger n_s or r_d
segment spacing 0.07322 m exceeds 0.25*r_d = 0.0375 m; consider a larger n_s or r_d
    [tab_mmin] star+ring S M=2 v0=10 n_s=10 mA=15.41g A@(0.50,0.00) Bany@(0.25,0.00) nB=0 nB_Aworst=2
segment spacing 0.07322 m exceeds 0.25*r_d = 0.0375 m; consider a larger n_s or r_d
segment spacing 0.07616 m exceeds 0.25*r_d = 0.0375 m; consider a larger n_s or r_d
segment spacing 0.07322 m exceeds 0.25*r_d = 0.0375 m; consider a larger n_s or r_d
segment spacing 0.07322 m exceeds 0.25*r_d = 0.0375 m; consider a larger n_s or r_d
segment spacing 0.07322 m exceeds 0.25*r_d = 0.0375 m; consider a larger n_s or r_d
segment spacing 0.07322 m exceeds 0.25*r_d = 0.0375 m; consider a larger n_s or r_d
segment spacing 0.07616 m exceeds 0.25*r_d = 0.0375 m; consider a larger n_s or r_d
segment spacing 0.07322 m exceeds 0.25*r_d = 0.0375 m; consider a larger n_s or r_d
    [tab_mmin] star+ring S M=1 v0=10 n_s=10 mA=7.706g A@(0.50,0.00) Bany@(0.25,0.00) nB=0 nB_Aworst=4
segment spacing 0.07616 m exceeds 0.25*r_d = 0.0375 m; consider a larger n_s or r_d
segment spacing 0.07616 m exceeds 0.25*r_d = 0.0375 m; consider a larger n_s or r_d
segment spacing 0.07616 m exceeds 0.25*r_d = 0.0375 m; consider a larger n_s or r_d
    [tab_mmin] star+ring D M=1 v0=20 n_s=10 mA=38.09g A@(0.50,0.00) Bany@(0.25,0.00) nB=2 nB_Aworst=2
segment spacing 0.07616 m exceeds 0.25*r_d = 0.0375 m; consider a larger n_s or r_d
segment spacing 0.07616 m exceeds 0.25*r_d = 0.0375 m; consider a larger n_s or r_d
segment spacing 0.07322 m exceeds 0.25*r_d = 0.0375 m; consider a larger n_s or r_d
segment spacing 0.07616 m exceeds 0.25*r_d = 0.0375 m; consider a larger n_s or r_d
segment spacing 0.07616 m exceeds 0.25*r_d = 0.0375 m; consider a larger n_s or r_d
segment spacing 0.07616 m exceeds 0.25*r_d = 0.0375 m; consider a larger n_s or r_d
segment spacing 0.07616 m exceeds 0.25*r_d = 0.0375 m; consider a larger n_s or r_d
segment spacing 0.07616 m exceeds 0.25*r_d = 0.0375 m; consider a larger n_s or r_d
segment spacing 0.07322 m exceeds 0.25*r_d = 0.0375 m; consider a larger n_s or r_d
segment spacing 0.07616 m exceeds 0.25*r_d = 0.0375 m; consider a larger n_s or r_d
segment spacing 0.07616 m exceeds 0.25*r_d = 0.0375 m; consider a larger n_s or r_d
segment spacing 0.07616 m exceeds 0.25*r_d = 0.0375 m; consider a larger n_s or r_d
segment spacing 0.07616 m exceeds 0.25*r_d = 0.0375 m; consider a larger n_s or r_d
segment spacing 0.07616 m exceeds 0.25*r_d = 0.0375 m; consider a larger n_s or r_d
segment spacing 0.07322 m exceeds 0.25*r_d = 0.0375 m; consider a larger n_s or r_d
segment spacing 0.07616 m exceeds 0.25*r_d = 0.0375 m; consider a larger n_s or r_d
segment spacing 0.07322 m exceeds 0.25*r_d = 0.0375 m; consider a larger n_s or r_d
segment spacing 0.07322 m exceeds 0.25*r_d = 0.0375 m; consider a larger n_s or r_d
segment spacing 0.07322 m exceeds 0.25*r_d = 0.0375 m; consider a larger n_s or r_d
segment spacing 0.07616 m exceeds 0.25*r_d = 0.0375 m; consider a larger n_s or r_d
segment spacing 0.07616 m exceeds 0.25*r_d = 0.0375 m; consider a larger n_s or r_d
segment spacing 0.07616 m exceeds 0.25*r_d = 0.0375 m; consider a larger n_s or r_d
segment spacing 0.07322 m exceeds 0.25*r_d = 0.0375 m; consider a larger n_s or r_d
segment spacing 0.07616 m exceeds 0.25*r_d = 0.0375 m; consider a larger n_s or r_d
segment spacing 0.07616 m exceeds 0.25*r_d = 0.0375 m; consider a larger n_s or r_d
segment spacing 0.07616 m exceeds 0.25*r_d = 0.0375 m; consider a larger n_s or r_d
segment spacing 0.07616 m exceeds 0.25*r_d = 0.0375 m; consider a larger n_s or r_d
segment spacing 0.07322 m exceeds 0.25*r_d = 0.0375 m; consider a larger n_s or r_d
segment spacing 0.07616 m exceeds 0.25*r_d = 0.0375 m; consider a larger n_s or r_d
segment spacing 0.07616 m exceeds 0.25*r_d = 0.0375 m; consider a larger n_s or r_d
segment spacing 0.07322 m exceeds 0.25*r_d = 0.0375 m; consider a larger n_s or r_d
segment spacing 0.07616 m exceeds 0.25*r_d = 0.0375 m; consider a larger n_s or r_d
segment spacing 0.07616 m exceeds 0.25*r_d = 0.0375 m; consider a larger n_s or r_d
segment spacing 0.07322 m exceeds 0.25*r_d = 0.0375 m; consider a larger n_s or r_d
segment spacing 0.07616 m exceeds 0.25*r_d = 0.0375 m; consider a larger n_s or r_d
segment spacing 0.07616 m exceeds 0.25*r_d = 0.0375 m; consider a larger n_s or r_d
segment spacing 0.07322 m exceeds 0.25*r_d = 0.0375 m; consider a larger n_s or r_d
segment spacing 0.07322 m exceeds 0.25*r_d = 0.0375 m; consider a larger n_s or r_d
segment spacing 0.07322 m exceeds 0.25*r_d = 0.0375 m; consider a larger n_s or r_d
segment spacing 0.07616 m exceeds 0.25*r_d = 0.0375 m; consider a larger n_s or r_d
segment spacing 0.07322 m exceeds 0.25*r_d = 0.0375 m; consider a larger n_s or r_d
segment spacing 0.07616 m exceeds 0.25*r_d = 0.0375 m; consider a larger n_s or r_d
segment spacing 0.07322 m exceeds 0.25*r_d = 0.0375 m; consider a larger n_s or r_d
segment spacing 0.07616 m exceeds 0.25*r_d = 0.0375 m; consider a larger n_s or r_d
segment spacing 0.07616 m exceeds 0.25*r_d = 0.0375 m; consider a larger n_s or r_d
segment spacing 0.07616 m exceeds 0.25*r_d = 0.0375 m; consider a larger n_s or r_d
segment spacing 0.07322 m exceeds 0.25*r_d = 0.0375 m; consider a larger n_s or r_d
segment spacing 0.07616 m exceeds 0.25*r_d = 0.0375 m; consider a larger n_s or r_d
segment spacing 0.07322 m exceeds 0.25*r_d = 0.0375 m; consider a larger n_s or r_d
segment spacing 0.07616 m exceeds 0.25*r_d = 0.0375 m; consider a larger n_s or r_d
segment spacing 0.07616 m exceeds 0.25*r_d = 0.0375 m; consider a larger n_s or r_d
segment spacing 0.07616 m exceeds 0.25*r_d = 0.0375 m; consider a larger n_s or r_d
segment spacing 0.07616 m exceeds 0.25*r_d = 0.0375 m; consider a larger n_s or r_d
segment spacing 0.07616 m exceeds 0.25*r_d = 0.0375 m; consider a larger n_s or r_d
segment spacing 0.07322 m exceeds 0.25*r_d = 0.0375 m; consider a larger n_s or r_d
segment spacing 0.07616 m exceeds 0.25*r_d = 0.0375 m; consider a larger n_s or r_d
segment spacing 0.07616 m exceeds 0.25*r_d = 0.0375 m; consider a larger n_s or r_d
segment spacing 0.07616 m exceeds 0.25*r_d = 0.0375 m; consider a larger n_s or r_d
segment spacing 0.07616 m exceeds 0.25*r_d = 0.0375 m; consider a larger n_s or r_d
segment spacing 0.07616 m exceeds 0.25*r_d = 0.0375 m; consider a larger n_s or r_d
segment spacing 0.07616 m exceeds 0.25*r_d = 0.0375 m; consider a larger n_s or r_d
segment spacing 0.07322 m exceeds 0.25*r_d = 0.0375 m; consider a larger n_s or r_d
segment spacing 0.07616 m exceeds 0.25*r_d = 0.0375 m; consider a larger n_s or r_d
segment spacing 0.07322 m exceeds 0.25*r_d = 0.0375 m; consider a larger n_s or r_d
segment spacing 0.07322 m exceeds 0.25*r_d = 0.0375 m; consider a larger n_s or r_d
segment spacing 0.07322 m exceeds 0.25*r_d = 0.0375 m; consider a larger n_s or r_d
segment spacing 0.07616 m exceeds 0.25*r_d = 0.0375 m; consider a larger n_s or r_d
segment spacing 0.07322 m exceeds 0.25*r_d = 0.0375 m; consider a larger n_s or r_d
segment spacing 0.07322 m exceeds 0.25*r_d = 0.0375 m; consider a larger n_s or r_d
segment spacing 0.07616 m exceeds 0.25*r_d = 0.0375 m; consider a larger n_s or r_d
segment spacing 0.07616 m exceeds 0.25*r_d = 0.0375 m; consider a larger n_s or r_d
segment spacing 0.07322 m exceeds 0.25*r_d = 0.0375 m; consider a larger n_s or r_d
segment spacing 0.07616 m exceeds 0.25*r_d = 0.0375 m; consider a larger n_s or r_d
segment spacing 0.07322 m exceeds 0.25*r_d = 0.0375 m; consider a larger n_s or r_d
segment spacing 0.07616 m exceeds 0.25*r_d = 0.0375 m; consider a larger n_s or r_d
segment spacing 0.07322 m exceeds 0.25*r_d = 0.0375 m; consider a larger n_s or r_d
segment spacing 0.07616 m exceeds 0.25*r_d = 0.0375 m; consider a larger n_s or r_d
segment spacing 0.07322 m exceeds 0.25*r_d = 0.0375 m; consider a larger n_s or r_d
segment spacing 0.07322 m exceeds 0.25*r_d = 0.0375 m; consider a larger n_s or r_d
segment spacing 0.07616 m exceeds 0.25*r_d = 0.0375 m; consider a larger n_s or r_d
segment spacing 0.07322 m exceeds 0.25*r_d = 0.0375 m; consider a larger n_s or r_d
segment spacing 0.07616 m exceeds 0.25*r_d = 0.0375 m; consider a larger n_s or r_d
segment spacing 0.07322 m exceeds 0.25*r_d = 0.0375 m; consider a larger n_s or r_d
segment spacing 0.07616 m exceeds 0.25*r_d = 0.0375 m; consider a larger n_s or r_d
segment spacing 0.07322 m exceeds 0.25*r_d = 0.0375 m; consider a larger n_s or r_d
segment spacing 0.07616 m exceeds 0.25*r_d = 0.0375 m; consider a larger n_s or r_d
segment spacing 0.07322 m exceeds 0.25*r_d = 0.0375 m; consider a larger n_s or r_d
segment spacing 0.07616 m exceeds 0.25*r_d = 0.0375 m; consider a larger n_s or r_d
segment spacing 0.07616 m exceeds 0.25*r_d = 0.0375 m; consider a larger n_s or r_d
segment spacing 0.07322 m exceeds 0.25*r_d = 0.0375 m; consider a larger n_s or r_d
segment spacing 0.07616 m exceeds 0.25*r_d = 0.0375 m; consider a larger n_s or r_d
segment spacing 0.07616 m exceeds 0.25*r_d = 0.0375 m; consider a larger n_s or r_d
segment spacing 0.07616 m exceeds 0.25*r_d = 0.0375 m; consider a larger n_s or r_d
segment spacing 0.07616 m exceeds 0.25*r_d = 0.0375 m; consider a larger n_s or r_d
segment spacing 0.07322 m exceeds 0.25*r_d = 0.0375 m; consider a larger n_s or r_d
segment spacing 0.07616 m exceeds 0.25*r_d = 0.0375 m; consider a larger n_s or r_d
segment spacing 0.07616 m exceeds 0.25*r_d = 0.0375 m; consider a larger n_s or r_d
segment spacing 0.07616 m exceeds 0.25*r_d = 0.0375 m; consider a larger n_s or r_d
segment spacing 0.07322 m exceeds 0.25*r_d = 0.0375 m; consider a larger n_s or r_d
segment spacing 0.07616 m exceeds 0.25*r_d = 0.0375 m; consider a larger n_s or r_d
segment spacing 0.07322 m exceeds 0.25*r_d = 0.0375 m; consider a larger n_s or r_d
segment spacing 0.07616 m exceeds 0.25*r_d = 0.0375 m; consider a larger n_s or r_d
segment spacing 0.07322 m exceeds 0.25*r_d = 0.0375 m; consider a larger n_s or r_d
segment spacing 0.07616 m exceeds 0.25*r_d = 0.0375 m; consider a larger n_s or r_d
segment spacing 0.07616 m exceeds 0.25*r_d = 0.0375 m; consider a larger n_s or r_d
segment spacing 0.07616 m exceeds 0.25*r_d = 0.0375 m; consider a larger n_s or r_d
segment spacing 0.07322 m exceeds 0.25*r_d = 0.0375 m; consider a larger n_s or r_d
segment spacing 0.07616 m exceeds 0.25*r_d = 0.0375 m; consider a larger n_s or r_d
segment spacing 0.07322 m exceeds 0.25*r_d = 0.0375 m; consider a larger n_s or r_d
segment spacing 0.07616 m exceeds 0.25*r_d = 0.0375 m; consider a larger n_s or r_d
segment spacing 0.07616 m exceeds 0.25*r_d = 0.0375 m; consider a larger n_s or r_d
segment spacing 0.07616 m exceeds 0.25*r_d = 0.0375 m; consider a larger n_s or r_d
segment spacing 0.07322 m exceeds 0.25*r_d = 0.0375 m; consider a larger n_s or r_d
segment spacing 0.07616 m exceeds 0.25*r_d = 0.0375 m; consider a larger n_s or r_d
segment spacing 0.07616 m exceeds 0.25*r_d = 0.0375 m; consider a larger n_s or r_d
segment spacing 0.07616 m exceeds 0.25*r_d = 0.0375 m; consider a larger n_s or r_d
segment spacing 0.07616 m exceeds 0.25*r_d = 0.0375 m; consider a larger n_s or r_d
segment spacing 0.07616 m exceeds 0.25*r_d = 0.0375 m; consider a larger n_s or r_d
segment spacing 0.07616 m exceeds 0.25*r_d = 0.0375 m; consider a larger n_s or r_d
segment spacing 0.07616 m exceeds 0.25*r_d = 0.0375 m; consider a larger n_s or r_d
segment spacing 0.07616 m exceeds 0.25*r_d = 0.0375 m; consider a larger n_s or r_d
segment spacing 0.07322 m exceeds 0.25*r_d = 0.0375 m; consider a larger n_s or r_d
segment spacing 0.07616 m exceeds 0.25*r_d = 0.0375 m; consider a larger n_s or r_d
segment spacing 0.07616 m exceeds 0.25*r_d = 0.0375 m; consider a larger n_s or r_d
segment spacing 0.07322 m exceeds 0.25*r_d = 0.0375 m; consider a larger n_s or r_d
segment spacing 0.07616 m exceeds 0.25*r_d = 0.0375 m; consider a larger n_s or r_d
segment spacing 0.07616 m exceeds 0.25*r_d = 0.0375 m; consider a larger n_s or r_d
segment spacing 0.07322 m exceeds 0.25*r_d = 0.0375 m; consider a larger n_s or r_d
segment spacing 0.07616 m exceeds 0.25*r_d = 0.0375 m; consider a larger n_s or r_d
segment spacing 0.07616 m exceeds 0.25*r_d = 0.0375 m; consider a larger n_s or r_d
segment spacing 0.07616 m exceeds 0.25*r_d = 0.0375 m; consider a larger n_s or r_d
segment spacing 0.07616 m exceeds 0.25*r_d = 0.0375 m; consider a larger n_s or r_d
segment spacing 0.07616 m exceeds 0.25*r_d = 0.0375 m; consider a larger n_s or r_d
segment spacing 0.07616 m exceeds 0.25*r_d = 0.0375 m; consider a larger n_s or r_d
segment spacing 0.07616 m exceeds 0.25*r_d = 0.0375 m; consider a larger n_s or r_d
segment spacing 0.07616 m exceeds 0.25*r_d = 0.0375 m; consider a larger n_s or r_d
segment spacing 0.07616 m exceeds 0.25*r_d = 0.0375 m; consider a larger n_s or r_d
segment spacing 0.07616 m exceeds 0.25*r_d = 0.0375 m; consider a larger n_s or r_d
segment spacing 0.07616 m exceeds 0.25*r_d = 0.0375 m; consider a larger n_s or r_d
segment spacing 0.07616 m exceeds 0.25*r_d = 0.0375 m; consider a larger n_s or r_d
segment spacing 0.07322 m exceeds 0.25*r_d = 0.0375 m; consider a larger n_s or r_d
segment spacing 0.07616 m exceeds 0.25*r_d = 0.0375 m; consider a larger n_s or r_d
segment spacing 0.07616 m exceeds 0.25*r_d = 0.0375 m; consider a larger n_s or r_d
segment spacing 0.07616 m exceeds 0.25*r_d = 0.0375 m; consider a larger n_s or r_d
segment spacing 0.07616 m exceeds 0.25*r_d = 0.0375 m; consider a larger n_s or r_d
segment spacing 0.07616 m exceeds 0.25*r_d = 0.0375 m; consider a larger n_s or r_d
segment spacing 0.07616 m exceeds 0.25*r_d = 0.0375 m; consider a larger n_s or r_d
segment spacing 0.07322 m exceeds 0.25*r_d = 0.0375 m; consider a larger n_s or r_d
segment spacing 0.07616 m exceeds 0.25*r_d = 0.0375 m; consider a larger n_s or r_d
segment spacing 0.07616 m exceeds 0.25*r_d = 0.0375 m; consider a larger n_s or r_d
segment spacing 0.07616 m exceeds 0.25*r_d = 0.0375 m; consider a larger n_s or r_d
segment spacing 0.07322 m exceeds 0.25*r_d = 0.0375 m; consider a larger n_s or r_d
segment spacing 0.07616 m exceeds 0.25*r_d = 0.0375 m; consider a larger n_s or r_d
segment spacing 0.07322 m exceeds 0.25*r_d = 0.0375 m; consider a larger n_s or r_d
segment spacing 0.07616 m exceeds 0.25*r_d = 0.0375 m; consider a larger n_s or r_d
segment spacing 0.07616 m exceeds 0.25*r_d = 0.0375 m; consider a larger n_s or r_d
segment spacing 0.07616 m exceeds 0.25*r_d = 0.0375 m; consider a larger n_s or r_d
segment spacing 0.07616 m exceeds 0.25*r_d = 0.0375 m; consider a larger n_s or r_d
segment spacing 0.07616 m exceeds 0.25*r_d = 0.0375 m; consider a larger n_s or r_d
segment spacing 0.07616 m exceeds 0.25*r_d = 0.0375 m; consider a larger n_s or r_d
segment spacing 0.07616 m exceeds 0.25*r_d = 0.0375 m; consider a larger n_s or r_d
segment spacing 0.07616 m exceeds 0.25*r_d = 0.0375 m; consider a larger n_s or r_d
segment spacing 0.07616 m exceeds 0.25*r_d = 0.0375 m; consider a larger n_s or r_d
segment spacing 0.07616 m exceeds 0.25*r_d = 0.0375 m; consider a larger n_s or r_d
segment spacing 0.07322 m exceeds 0.25*r_d = 0.0375 m; consider a larger n_s or r_d
segment spacing 0.07616 m exceeds 0.25*r_d = 0.0375 m; consider a larger n_s or r_d
segment spacing 0.07322 m exceeds 0.25*r_d = 0.0375 m; consider a larger n_s or r_d
segment spacing 0.07616 m exceeds 0.25*r_d = 0.0375 m; consider a larger n_s or r_d
segment spacing 0.07616 m exceeds 0.25*r_d = 0.0375 m; consider a larger n_s or r_d
segment spacing 0.07616 m exceeds 0.25*r_d = 0.0375 m; consider a larger n_s or r_d
segment spacing 0.07616 m exceeds 0.25*r_d = 0.0375 m; consider a larger n_s or r_d
segment spacing 0.07616 m exceeds 0.25*r_d = 0.0375 m; consider a larger n_s or r_d
segment spacing 0.07616 m exceeds 0.25*r_d = 0.0375 m; consider a larger n_s or r_d
segment spacing 0.07616 m exceeds 0.25*r_d = 0.0375 m; consider a larger n_s or r_d
segment spacing 0.07616 m exceeds 0.25*r_d = 0.0375 m; consider a larger n_s or r_d
segment spacing 0.07616 m exceeds 0.25*r_d = 0.0375 m; consider a larger n_s or r_d
segment spacing 0.07616 m exceeds 0.25*r_d = 0.0375 m; consider a larger n_s or r_d
segment spacing 0.07616 m exceeds 0.25*r_d = 0.0375 m; consider a larger n_s or r_d
segment spacing 0.07322 m exceeds 0.25*r_d = 0.0375 m; consider a larger n_s or r_d
segment spacing 0.07616 m exceeds 0.25*r_d = 0.0375 m; consider a larger n_s or r_d
segment spacing 0.07322 m exceeds 0.25*r_d = 0.0375 m; consider a larger n_s or r_d
segment spacing 0.07322 m exceeds 0.25*r_d = 0.0375 m; consider a larger n_s or r_d
segment spacing 0.07616 m exceeds 0.25*r_d = 0.0375 m; consider a larger n_s or r_d
segment spacing 0.07322 m exceeds 0.25*r_d = 0.0375 m; consider a larger n_s or r_d
segment spacing 0.07616 m exceeds 0.25*r_d = 0.0375 m; consider a larger n_s or r_d
segment spacing 0.07616 m exceeds 0.25*r_d = 0.0375 m; consider a larger n_s or r_d
segment spacing 0.07322 m exceeds 0.25*r_d = 0.0375 m; consider a larger n_s or r_d
segment spacing 0.07322 m exceeds 0.25*r_d = 0.0375 m; consider a larger n_s or r_d
segment spacing 0.07322 m exceeds 0.25*r_d = 0.0375 m; consider a larger n_s or r_d
segment spacing 0.07616 m exceeds 0.25*r_d = 0.0375 m; consider a larger n_s or r_d
segment spacing 0.07322 m exceeds 0.25*r_d = 0.0375 m; consider a larger n_s or r_d
segment spacing 0.07322 m exceeds 0.25*r_d = 0.0375 m; consider a larger n_s or r_d
segment spacing 0.07322 m exceeds 0.25*r_d = 0.0375 m; consider a larger n_s or r_d
segment spacing 0.07616 m exceeds 0.25*r_d = 0.0375 m; consider a larger n_s or r_d
segment spacing 0.07616 m exceeds 0.25*r_d = 0.0375 m; consider a larger n_s or r_d
segment spacing 0.07322 m exceeds 0.25*r_d = 0.0375 m; consider a larger n_s or r_d
segment spacing 0.07322 m exceeds 0.25*r_d = 0.0375 m; consider a larger n_s or r_d
segment spacing 0.07616 m exceeds 0.25*r_d = 0.0375 m; consider a larger n_s or r_d
segment spacing 0.07616 m exceeds 0.25*r_d = 0.0375 m; consider a larger n_s or r_d
segment spacing 0.07322 m exceeds 0.25*r_d = 0.0375 m; consider a larger n_s or r_d
segment spacing 0.07616 m exceeds 0.25*r_d = 0.0375 m; consider a larger n_s or r_d
segment spacing 0.07616 m exceeds 0.25*r_d = 0.0375 m; consider a larger n_s or r_d
segment spacing 0.07616 m exceeds 0.25*r_d = 0.0375 m; consider a larger n_s or r_d
segment spacing 0.07616 m exceeds 0.25*r_d = 0.0375 m; consider a larger n_s or r_d
segment spacing 0.07616 m exceeds 0.25*r_d = 0.0375 m; consider a larger n_s or r_d
segment spacing 0.07616 m exceeds 0.25*r_d = 0.0375 m; consider a larger n_s or r_d
segment spacing 0.07616 m exceeds 0.25*r_d = 0.0375 m; consider a larger n_s or r_d
segment spacing 0.07616 m exceeds 0.25*r_d = 0.0375 m; consider a larger n_s or r_d
segment spacing 0.07616 m exceeds 0.25*r_d = 0.0375 m; consider a larger n_s or r_d
segment spacing 0.07616 m exceeds 0.25*r_d = 0.0375 m; consider a larger n_s or r_d
segment spacing 0.07616 m exceeds 0.25*r_d = 0.0375 m; consider a larger n_s or r_d
segment spacing 0.07616 m exceeds 0.25*r_d = 0.0375 m; consider a larger n_s or r_d
segment spacing 0.07616 m exceeds 0.25*r_d = 0.0375 m; consider a larger n_s or r_d
segment spacing 0.07322 m exceeds 0.25*r_d = 0.0375 m; consider a larger n_s or r_d
segment spacing 0.07616 m exceeds 0.25*r_d = 0.0375 m; consider a larger n_s or r_d
segment spacing 0.07322 m exceeds 0.25*r_d = 0.0375 m; consider a larger n_s or r_d
segment spacing 0.07616 m exceeds 0.25*r_d = 0.0375 m; consider a larger n_s or r_d
segment spacing 0.07616 m exceeds 0.25*r_d = 0.0375 m; consider a larger n_s or r_d
segment spacing 0.07322 m exceeds 0.25*r_d = 0.0375 m; consider a larger n_s or r_d
segment spacing 0.07616 m exceeds 0.25*r_d = 0.0375 m; consider a larger n_s or r_d
segment spacing 0.07322 m exceeds 0.25*r_d = 0.0375 m; consider a larger n_s or r_d
segment spacing 0.07616 m exceeds 0.25*r_d = 0.0375 m; consider a larger n_s or r_d
segment spacing 0.07616 m exceeds 0.25*r_d = 0.0375 m; consider a larger n_s or r_d
segment spacing 0.07616 m exceeds 0.25*r_d = 0.0375 m; consider a larger n_s or r_d
segment spacing 0.07322 m exceeds 0.25*r_d = 0.0375 m; consider a larger n_s or r_d
segment spacing 0.07616 m exceeds 0.25*r_d = 0.0375 m; consider a larger n_s or r_d
segment spacing 0.07616 m exceeds 0.25*r_d = 0.0375 m; consider a larger n_s or r_d
segment spacing 0.07322 m exceeds 0.25*r_d = 0.0375 m; consider a larger n_s or r_d
segment spacing 0.07322 m exceeds 0.25*r_d = 0.0375 m; consider a larger n_s or r_d
segment spacing 0.07616 m exceeds 0.25*r_d = 0.0375 m; consider a larger n_s or r_d
segment spacing 0.07616 m exceeds 0.25*r_d = 0.0375 m; consider a larger n_s or r_d
segment spacing 0.07322 m exceeds 0.25*r_d = 0.0375 m; consider a larger n_s or r_d
segment spacing 0.07616 m exceeds 0.25*r_d = 0.0375 m; consider a larger n_s or r_d
segment spacing 0.07322 m exceeds 0.25*r_d = 0.0375 m; consider a larger n_s or r_d
segment spacing 0.07616 m exceeds 0.25*r_d = 0.0375 m; consider a larger n_s or r_d
segment spacing 0.07322 m exceeds 0.25*r_d = 0.0375 m; consider a larger n_s or r_d
segment spacing 0.07616 m exceeds 0.25*r_d = 0.0375 m; consider a larger n_s or r_d
segment spacing 0.07322 m exceeds 0.25*r_d = 0.0375 m; consider a larger n_s or r_d
segment spacing 0.07616 m exceeds 0.25*r_d = 0.0375 m; consider a larger n_s or r_d
segment spacing 0.07322 m exceeds 0.25*r_d = 0.0375 m; consider a larger n_s or r_d
segment spacing 0.07322 m exceeds 0.25*r_d = 0.0375 m; consider a larger n_s or r_d
segment spacing 0.07616 m exceeds 0.25*r_d = 0.0375 m; consider a larger n_s or r_d
segment spacing 0.07322 m exceeds 0.25*r_d = 0.0375 m; consider a larger n_s or r_d
segment spacing 0.07616 m exceeds 0.25*r_d = 0.0375 m; consider a larger n_s or r_d
segment spacing 0.07322 m exceeds 0.25*r_d = 0.0375 m; consider a larger n_s or r_d
segment spacing 0.07616 m exceeds 0.25*r_d = 0.0375 m; consider a larger n_s or r_d
segment spacing 0.07616 m exceeds 0.25*r_d = 0.0375 m; consider a larger n_s or r_d
segment spacing 0.07322 m exceeds 0.25*r_d = 0.0375 m; consider a larger n_s or r_d
segment spacing 0.07322 m exceeds 0.25*r_d = 0.0375 m; consider a larger n_s or r_d
segment spacing 0.07616 m exceeds 0.25*r_d = 0.0375 m; consider a larger n_s or r_d
segment spacing 0.07322 m exceeds 0.25*r_d = 0.0375 m; consider a larger n_s or r_d
segment spacing 0.07322 m exceeds 0.25*r_d = 0.0375 m; consider a larger n_s or r_d
segment spacing 0.07322 m exceeds 0.25*r_d = 0.0375 m; consider a larger n_s or r_d
segment spacing 0.07322 m exceeds 0.25*r_d = 0.0375 m; consider a larger n_s or r_d
segment spacing 0.07322 m exceeds 0.25*r_d = 0.0375 m; consider a larger n_s or r_d
segment spacing 0.07322 m exceeds 0.25*r_d = 0.0375 m; consider a larger n_s or r_d
segment spacing 0.07322 m exceeds 0.25*r_d = 0.0375 m; consider a larger n_s or r_d
segment spacing 0.07322 m exceeds 0.25*r_d = 0.0375 m; consider a larger n_s or r_d
segment spacing 0.07322 m exceeds 0.25*r_d = 0.0375 m; consider a larger n_s or r_d
    [tab_mmin] star+ring S M=0.25 v0=10 n_s=10 mA=1.927g A@(0.50,0.00) Bany@(0.25,0.00) nB=0 nB_Aworst=4
segment spacing 0.07616 m exceeds 0.25*r_d = 0.0375 m; consider a larger n_s or r_d
segment spacing 0.07616 m exceeds 0.25*r_d = 0.0375 m; consider a larger n_s or r_d
segment spacing 0.07616 m exceeds 0.25*r_d = 0.0375 m; consider a larger n_s or r_d
segment spacing 0.07616 m exceeds 0.25*r_d = 0.0375 m; consider a larger n_s or r_d
segment spacing 0.07616 m exceeds 0.25*r_d = 0.0375 m; consider a larger n_s or r_d
segment spacing 0.07616 m exceeds 0.25*r_d = 0.0375 m; consider a larger n_s or r_d
segment spacing 0.07616 m exceeds 0.25*r_d = 0.0375 m; consider a larger n_s or r_d
segment spacing 0.07616 m exceeds 0.25*r_d = 0.0375 m; consider a larger n_s or r_d
segment spacing 0.07616 m exceeds 0.25*r_d = 0.0375 m; consider a larger n_s or r_d
segment spacing 0.07616 m exceeds 0.25*r_d = 0.0375 m; consider a larger n_s or r_d
segment spacing 0.07616 m exceeds 0.25*r_d = 0.0375 m; consider a larger n_s or r_d
segment spacing 0.07616 m exceeds 0.25*r_d = 0.0375 m; consider a larger n_s or r_d
segment spacing 0.07616 m exceeds 0.25*r_d = 0.0375 m; consider a larger n_s or r_d
segment spacing 0.07616 m exceeds 0.25*r_d = 0.0375 m; consider a larger n_s or r_d
segment spacing 0.07616 m exceeds 0.25*r_d = 0.0375 m; consider a larger n_s or r_d
segment spacing 0.07616 m exceeds 0.25*r_d = 0.0375 m; consider a larger n_s or r_d
segment spacing 0.07616 m exceeds 0.25*r_d = 0.0375 m; consider a larger n_s or r_d
segment spacing 0.07616 m exceeds 0.25*r_d = 0.0375 m; consider a larger n_s or r_d
segment spacing 0.07616 m exceeds 0.25*r_d = 0.0375 m; consider a larger n_s or r_d
segment spacing 0.07616 m exceeds 0.25*r_d = 0.0375 m; consider a larger n_s or r_d
segment spacing 0.07616 m exceeds 0.25*r_d = 0.0375 m; consider a larger n_s or r_d
segment spacing 0.07616 m exceeds 0.25*r_d = 0.0375 m; consider a larger n_s or r_d
segment spacing 0.07616 m exceeds 0.25*r_d = 0.0375 m; consider a larger n_s or r_d
segment spacing 0.07616 m exceeds 0.25*r_d = 0.0375 m; consider a larger n_s or r_d
segment spacing 0.07616 m exceeds 0.25*r_d = 0.0375 m; consider a larger n_s or r_d
segment spacing 0.07616 m exceeds 0.25*r_d = 0.0375 m; consider a larger n_s or r_d
segment spacing 0.07616 m exceeds 0.25*r_d = 0.0375 m; consider a larger n_s or r_d
segment spacing 0.07616 m exceeds 0.25*r_d = 0.0375 m; consider a larger n_s or r_d
segment spacing 0.07616 m exceeds 0.25*r_d = 0.0375 m; consider a larger n_s or r_d
segment spacing 0.07616 m exceeds 0.25*r_d = 0.0375 m; consider a larger n_s or r_d
segment spacing 0.07616 m exceeds 0.25*r_d = 0.0375 m; consider a larger n_s or r_d
segment spacing 0.07616 m exceeds 0.25*r_d = 0.0375 m; consider a larger n_s or r_d
segment spacing 0.07616 m exceeds 0.25*r_d = 0.0375 m; consider a larger n_s or r_d
segment spacing 0.07616 m exceeds 0.25*r_d = 0.0375 m; consider a larger n_s or r_d
segment spacing 0.07616 m exceeds 0.25*r_d = 0.0375 m; consider a larger n_s or r_d
segment spacing 0.07616 m exceeds 0.25*r_d = 0.0375 m; consider a larger n_s or r_d
segment spacing 0.07616 m exceeds 0.25*r_d = 0.0375 m; consider a larger n_s or r_d
segment spacing 0.07616 m exceeds 0.25*r_d = 0.0375 m; consider a larger n_s or r_d
segment spacing 0.07616 m exceeds 0.25*r_d = 0.0375 m; consider a larger n_s or r_d
segment spacing 0.07616 m exceeds 0.25*r_d = 0.0375 m; consider a larger n_s or r_d
segment spacing 0.07616 m exceeds 0.25*r_d = 0.0375 m; consider a larger n_s or r_d
segment spacing 0.07616 m exceeds 0.25*r_d = 0.0375 m; consider a larger n_s or r_d
segment spacing 0.07616 m exceeds 0.25*r_d = 0.0375 m; consider a larger n_s or r_d
segment spacing 0.07616 m exceeds 0.25*r_d = 0.0375 m; consider a larger n_s or r_d
segment spacing 0.07616 m exceeds 0.25*r_d = 0.0375 m; consider a larger n_s or r_d
segment spacing 0.07616 m exceeds 0.25*r_d = 0.0375 m; consider a larger n_s or r_d
segment spacing 0.07616 m exceeds 0.25*r_d = 0.0375 m; consider a larger n_s or r_d
segment spacing 0.07616 m exceeds 0.25*r_d = 0.0375 m; consider a larger n_s or r_d
segment spacing 0.07616 m exceeds 0.25*r_d = 0.0375 m; consider a larger n_s or r_d
segment spacing 0.07616 m exceeds 0.25*r_d = 0.0375 m; consider a larger n_s or r_d
segment spacing 0.07616 m exceeds 0.25*r_d = 0.0375 m; consider a larger n_s or r_d
segment spacing 0.07616 m exceeds 0.25*r_d = 0.0375 m; consider a larger n_s or r_d
segment spacing 0.07616 m exceeds 0.25*r_d = 0.0375 m; consider a larger n_s or r_d
segment spacing 0.07616 m exceeds 0.25*r_d = 0.0375 m; consider a larger n_s or r_d
segment spacing 0.07616 m exceeds 0.25*r_d = 0.0375 m; consider a larger n_s or r_d
segment spacing 0.07616 m exceeds 0.25*r_d = 0.0375 m; consider a larger n_s or r_d
segment spacing 0.07616 m exceeds 0.25*r_d = 0.0375 m; consider a larger n_s or r_d
segment spacing 0.07616 m exceeds 0.25*r_d = 0.0375 m; consider a larger n_s or r_d
segment spacing 0.07616 m exceeds 0.25*r_d = 0.0375 m; consider a larger n_s or r_d
segment spacing 0.07616 m exceeds 0.25*r_d = 0.0375 m; consider a larger n_s or r_d
segment spacing 0.07616 m exceeds 0.25*r_d = 0.0375 m; consider a larger n_s or r_d
segment spacing 0.07616 m exceeds 0.25*r_d = 0.0375 m; consider a larger n_s or r_d
segment spacing 0.07616 m exceeds 0.25*r_d = 0.0375 m; consider a larger n_s or r_d
segment spacing 0.07616 m exceeds 0.25*r_d = 0.0375 m; consider a larger n_s or r_d
segment spacing 0.07616 m exceeds 0.25*r_d = 0.0375 m; consider a larger n_s or r_d
segment spacing 0.07616 m exceeds 0.25*r_d = 0.0375 m; consider a larger n_s or r_d
segment spacing 0.07616 m exceeds 0.25*r_d = 0.0375 m; consider a larger n_s or r_d
segment spacing 0.07616 m exceeds 0.25*r_d = 0.0375 m; consider a larger n_s or r_d
segment spacing 0.07616 m exceeds 0.25*r_d = 0.0375 m; consider a larger n_s or r_d
segment spacing 0.07616 m exceeds 0.25*r_d = 0.0375 m; consider a larger n_s or r_d
segment spacing 0.07616 m exceeds 0.25*r_d = 0.0375 m; consider a larger n_s or r_d
segment spacing 0.07616 m exceeds 0.25*r_d = 0.0375 m; consider a larger n_s or r_d
segment spacing 0.07616 m exceeds 0.25*r_d = 0.0375 m; consider a larger n_s or r_d
segment spacing 0.07616 m exceeds 0.25*r_d = 0.0375 m; consider a larger n_s or r_d
segment spacing 0.07616 m exceeds 0.25*r_d = 0.0375 m; consider a larger n_s or r_d
segment spacing 0.07616 m exceeds 0.25*r_d = 0.0375 m; consider a larger n_s or r_d
segment spacing 0.07616 m exceeds 0.25*r_d = 0.0375 m; consider a larger n_s or r_d
segment spacing 0.07616 m exceeds 0.25*r_d = 0.0375 m; consider a larger n_s or r_d
segment spacing 0.07616 m exceeds 0.25*r_d = 0.0375 m; consider a larger n_s or r_d
segment spacing 0.07616 m exceeds 0.25*r_d = 0.0375 m; consider a larger n_s or r_d
segment spacing 0.07616 m exceeds 0.25*r_d = 0.0375 m; consider a larger n_s or r_d
segment spacing 0.07616 m exceeds 0.25*r_d = 0.0375 m; consider a larger n_s or r_d
segment spacing 0.07616 m exceeds 0.25*r_d = 0.0375 m; consider a larger n_s or r_d
segment spacing 0.07616 m exceeds 0.25*r_d = 0.0375 m; consider a larger n_s or r_d
segment spacing 0.07616 m exceeds 0.25*r_d = 0.0375 m; consider a larger n_s or r_d
segment spacing 0.07616 m exceeds 0.25*r_d = 0.0375 m; consider a larger n_s or r_d
segment spacing 0.07616 m exceeds 0.25*r_d = 0.0375 m; consider a larger n_s or r_d
segment spacing 0.07616 m exceeds 0.25*r_d = 0.0375 m; consider a larger n_s or r_d
segment spacing 0.07616 m exceeds 0.25*r_d = 0.0375 m; consider a larger n_s or r_d
segment spacing 0.07616 m exceeds 0.25*r_d = 0.0375 m; consider a larger n_s or r_d
segment spacing 0.07616 m exceeds 0.25*r_d = 0.0375 m; consider a larger n_s or r_d
segment spacing 0.07616 m exceeds 0.25*r_d = 0.0375 m; consider a larger n_s or r_d
segment spacing 0.07616 m exceeds 0.25*r_d = 0.0375 m; consider a larger n_s or r_d
segment spacing 0.07616 m exceeds 0.25*r_d = 0.0375 m; consider a larger n_s or r_d
segment spacing 0.07616 m exceeds 0.25*r_d = 0.0375 m; consider a larger n_s or r_d
segment spacing 0.07616 m exceeds 0.25*r_d = 0.0375 m; consider a larger n_s or r_d
segment spacing 0.07616 m exceeds 0.25*r_d = 0.0375 m; consider a larger n_s or r_d
segment spacing 0.07616 m exceeds 0.25*r_d = 0.0375 m; consider a larger n_s or r_d
segment spacing 0.07616 m exceeds 0.25*r_d = 0.0375 m; consider a larger n_s or r_d
segment spacing 0.07616 m exceeds 0.25*r_d = 0.0375 m; consider a larger n_s or r_d
segment spacing 0.07616 m exceeds 0.25*r_d = 0.0375 m; consider a larger n_s or r_d
segment spacing 0.07616 m exceeds 0.25*r_d = 0.0375 m; consider a larger n_s or r_d
segment spacing 0.07616 m exceeds 0.25*r_d = 0.0375 m; consider a larger n_s or r_d
segment spacing 0.07616 m exceeds 0.25*r_d = 0.0375 m; consider a larger n_s or r_d
segment spacing 0.07616 m exceeds 0.25*r_d = 0.0375 m; consider a larger n_s or r_d
segment spacing 0.07616 m exceeds 0.25*r_d = 0.0375 m; consider a larger n_s or r_d
segment spacing 0.07616 m exceeds 0.25*r_d = 0.0375 m; consider a larger n_s or r_d
segment spacing 0.07616 m exceeds 0.25*r_d = 0.0375 m; consider a larger n_s or r_d
segment spacing 0.07616 m exceeds 0.25*r_d = 0.0375 m; consider a larger n_s or r_d
segment spacing 0.07616 m exceeds 0.25*r_d = 0.0375 m; consider a larger n_s or r_d
segment spacing 0.07616 m exceeds 0.25*r_d = 0.0375 m; consider a larger n_s or r_d
segment spacing 0.07616 m exceeds 0.25*r_d = 0.0375 m; consider a larger n_s or r_d
segment spacing 0.07616 m exceeds 0.25*r_d = 0.0375 m; consider a larger n_s or r_d
segment spacing 0.07616 m exceeds 0.25*r_d = 0.0375 m; consider a larger n_s or r_d
segment spacing 0.07616 m exceeds 0.25*r_d = 0.0375 m; consider a larger n_s or r_d
segment spacing 0.07616 m exceeds 0.25*r_d = 0.0375 m; consider a larger n_s or r_d
segment spacing 0.07616 m exceeds 0.25*r_d = 0.0375 m; consider a larger n_s or r_d
segment spacing 0.07616 m exceeds 0.25*r_d = 0.0375 m; consider a larger n_s or r_d
segment spacing 0.07616 m exceeds 0.25*r_d = 0.0375 m; consider a larger n_s or r_d
segment spacing 0.07616 m exceeds 0.25*r_d = 0.0375 m; consider a larger n_s or r_d
segment spacing 0.07616 m exceeds 0.25*r_d = 0.0375 m; consider a larger n_s or r_d
segment spacing 0.07616 m exceeds 0.25*r_d = 0.0375 m; consider a larger n_s or r_d
segment spacing 0.07616 m exceeds 0.25*r_d = 0.0375 m; consider a larger n_s or r_d
segment spacing 0.07616 m exceeds 0.25*r_d = 0.0375 m; consider a larger n_s or r_d
segment spacing 0.07616 m exceeds 0.25*r_d = 0.0375 m; consider a larger n_s or r_d
segment spacing 0.07616 m exceeds 0.25*r_d = 0.0375 m; consider a larger n_s or r_d
segment spacing 0.07616 m exceeds 0.25*r_d = 0.0375 m; consider a larger n_s or r_d
segment spacing 0.07616 m exceeds 0.25*r_d = 0.0375 m; consider a larger n_s or r_d
segment spacing 0.07616 m exceeds 0.25*r_d = 0.0375 m; consider a larger n_s or r_d
segment spacing 0.07616 m exceeds 0.25*r_d = 0.0375 m; consider a larger n_s or r_d
segment spacing 0.07616 m exceeds 0.25*r_d = 0.0375 m; consider a larger n_s or r_d
segment spacing 0.07616 m exceeds 0.25*r_d = 0.0375 m; consider a larger n_s or r_d
segment spacing 0.07616 m exceeds 0.25*r_d = 0.0375 m; consider a larger n_s or r_d
segment spacing 0.07616 m exceeds 0.25*r_d = 0.0375 m; consider a larger n_s or r_d
segment spacing 0.07616 m exceeds 0.25*r_d = 0.0375 m; consider a larger n_s or r_d
segment spacing 0.07616 m exceeds 0.25*r_d = 0.0375 m; consider a larger n_s or r_d
segment spacing 0.07616 m exceeds 0.25*r_d = 0.0375 m; consider a larger n_s or r_d
segment spacing 0.07616 m exceeds 0.25*r_d = 0.0375 m; consider a larger n_s or r_d
segment spacing 0.07616 m exceeds 0.25*r_d = 0.0375 m; consider a larger n_s or r_d
segment spacing 0.07616 m exceeds 0.25*r_d = 0.0375 m; consider a larger n_s or r_d
segment spacing 0.07616 m exceeds 0.25*r_d = 0.0375 m; consider a larger n_s or r_d
segment spacing 0.07616 m exceeds 0.25*r_d = 0.0375 m; consider a larger n_s or r_d
segment spacing 0.07616 m exceeds 0.25*r_d = 0.0375 m; consider a larger n_s or r_d
segment spacing 0.07616 m exceeds 0.25*r_d = 0.0375 m; consider a larger n_s or r_d
segment spacing 0.07616 m exceeds 0.25*r_d = 0.0375 m; consider a larger n_s or r_d
segment spacing 0.07616 m exceeds 0.25*r_d = 0.0375 m; consider a larger n_s or r_d
segment spacing 0.07616 m exceeds 0.25*r_d = 0.0375 m; consider a larger n_s or r_d
segment spacing 0.07616 m exceeds 0.25*r_d = 0.0375 m; consider a larger n_s or r_d
segment spacing 0.07616 m exceeds 0.25*r_d = 0.0375 m; consider a larger n_s or r_d
segment spacing 0.07616 m exceeds 0.25*r_d = 0.0375 m; consider a larger n_s or r_d
segment spacing 0.07616 m exceeds 0.25*r_d = 0.0375 m; consider a larger n_s or r_d
segment spacing 0.07616 m exceeds 0.25*r_d = 0.0375 m; consider a larger n_s or r_d
segment spacing 0.07616 m exceeds 0.25*r_d = 0.0375 m; consider a larger n_s or r_d
segment spacing 0.07616 m exceeds 0.25*r_d = 0.0375 m; consider a larger n_s or r_d
segment spacing 0.07616 m exceeds 0.25*r_d = 0.0375 m; consider a larger n_s or r_d
segment spacing 0.07616 m exceeds 0.25*r_d = 0.0375 m; consider a larger n_s or r_d
segment spacing 0.07616 m exceeds 0.25*r_d = 0.0375 m; consider a larger n_s or r_d
segment spacing 0.07616 m exceeds 0.25*r_d = 0.0375 m; consider a larger n_s or r_d
segment spacing 0.07616 m exceeds 0.25*r_d = 0.0375 m; consider a larger n_s or r_d
segment spacing 0.07616 m exceeds 0.25*r_d = 0.0375 m; consider a larger n_s or r_d
segment spacing 0.07616 m exceeds 0.25*r_d = 0.0375 m; consider a larger n_s or r_d
segment spacing 0.07616 m exceeds 0.25*r_d = 0.0375 m; consider a larger n_s or r_d
segment spacing 0.07616 m exceeds 0.25*r_d = 0.0375 m; consider a larger n_s or r_d
segment spacing 0.07616 m exceeds 0.25*r_d = 0.0375 m; consider a larger n_s or r_d
segment spacing 0.07616 m exceeds 0.25*r_d = 0.0375 m; consider a larger n_s or r_d
segment spacing 0.07616 m exceeds 0.25*r_d = 0.0375 m; consider a larger n_s or r_d
segment spacing 0.07616 m exceeds 0.25*r_d = 0.0375 m; consider a larger n_s or r_d
segment spacing 0.07616 m exceeds 0.25*r_d = 0.0375 m; consider a larger n_s or r_d
segment spacing 0.07616 m exceeds 0.25*r_d = 0.0375 m; consider a larger n_s or r_d
segment spacing 0.07616 m exceeds 0.25*r_d = 0.0375 m; consider a larger n_s or r_d
segment spacing 0.07616 m exceeds 0.25*r_d = 0.0375 m; consider a larger n_s or r_d
segment spacing 0.07616 m exceeds 0.25*r_d = 0.0375 m; consider a larger n_s or r_d
segment spacing 0.07616 m exceeds 0.25*r_d = 0.0375 m; consider a larger n_s or r_d
segment spacing 0.07616 m exceeds 0.25*r_d = 0.0375 m; consider a larger n_s or r_d
segment spacing 0.07616 m exceeds 0.25*r_d = 0.0375 m; consider a larger n_s or r_d
segment spacing 0.07616 m exceeds 0.25*r_d = 0.0375 m; consider a larger n_s or r_d
segment spacing 0.07616 m exceeds 0.25*r_d = 0.0375 m; consider a larger n_s or r_d
segment spacing 0.07616 m exceeds 0.25*r_d = 0.0375 m; consider a larger n_s or r_d
segment spacing 0.07616 m exceeds 0.25*r_d = 0.0375 m; consider a larger n_s or r_d
segment spacing 0.07616 m exceeds 0.25*r_d = 0.0375 m; consider a larger n_s or r_d
segment spacing 0.07616 m exceeds 0.25*r_d = 0.0375 m; consider a larger n_s or r_d
segment spacing 0.07616 m exceeds 0.25*r_d = 0.0375 m; consider a larger n_s or r_d
segment spacing 0.07616 m exceeds 0.25*r_d = 0.0375 m; consider a larger n_s or r_d
segment spacing 0.07616 m exceeds 0.25*r_d = 0.0375 m; consider a larger n_s or r_d
segment spacing 0.07616 m exceeds 0.25*r_d = 0.0375 m; consider a larger n_s or r_d
segment spacing 0.07616 m exceeds 0.25*r_d = 0.0375 m; consider a larger n_s or r_d
segment spacing 0.07616 m exceeds 0.25*r_d = 0.0375 m; consider a larger n_s or r_d
segment spacing 0.07616 m exceeds 0.25*r_d = 0.0375 m; consider a larger n_s or r_d
segment spacing 0.07616 m exceeds 0.25*r_d = 0.0375 m; consider a larger n_s or r_d
segment spacing 0.07616 m exceeds 0.25*r_d = 0.0375 m; consider a larger n_s or r_d
segment spacing 0.07616 m exceeds 0.25*r_d = 0.0375 m; consider a larger n_s or r_d
segment spacing 0.07616 m exceeds 0.25*r_d = 0.0375 m; consider a larger n_s or r_d
segment spacing 0.07616 m exceeds 0.25*r_d = 0.0375 m; consider a larger n_s or r_d
segment spacing 0.07616 m exceeds 0.25*r_d = 0.0375 m; consider a larger n_s or r_d
segment spacing 0.07616 m exceeds 0.25*r_d = 0.0375 m; consider a larger n_s or r_d
segment spacing 0.07616 m exceeds 0.25*r_d = 0.0375 m; consider a larger n_s or r_d
segment spacing 0.07616 m exceeds 0.25*r_d = 0.0375 m; consider a larger n_s or r_d
segment spacing 0.07616 m exceeds 0.25*r_d = 0.0375 m; consider a larger n_s or r_d
segment spacing 0.07616 m exceeds 0.25*r_d = 0.0375 m; consider a larger n_s or r_d
segment spacing 0.07616 m exceeds 0.25*r_d = 0.0375 m; consider a larger n_s or r_d
segment spacing 0.07616 m exceeds 0.25*r_d = 0.0375 m; consider a larger n_s or r_d
segment spacing 0.07616 m exceeds 0.25*r_d = 0.0375 m; consider a larger n_s or r_d
segment spacing 0.07616 m exceeds 0.25*r_d = 0.0375 m; consider a larger n_s or r_d
segment spacing 0.07616 m exceeds 0.25*r_d = 0.0375 m; consider a larger n_s or r_d
segment spacing 0.07616 m exceeds 0.25*r_d = 0.0375 m; consider a larger n_s or r_d
segment spacing 0.07616 m exceeds 0.25*r_d = 0.0375 m; consider a larger n_s or r_d
segment spacing 0.07616 m exceeds 0.25*r_d = 0.0375 m; consider a larger n_s or r_d
segment spacing 0.07616 m exceeds 0.25*r_d = 0.0375 m; consider a larger n_s or r_d
segment spacing 0.07616 m exceeds 0.25*r_d = 0.0375 m; consider a larger n_s or r_d
segment spacing 0.07616 m exceeds 0.25*r_d = 0.0375 m; consider a larger n_s or r_d
segment spacing 0.07616 m exceeds 0.25*r_d = 0.0375 m; consider a larger n_s or r_d
segment spacing 0.07616 m exceeds 0.25*r_d = 0.0375 m; consider a larger n_s or r_d
segment spacing 0.07616 m exceeds 0.25*r_d = 0.0375 m; consider a larger n_s or r_d
segment spacing 0.07616 m exceeds 0.25*r_d = 0.0375 m; consider a larger n_s or r_d
segment spacing 0.07616 m exceeds 0.25*r_d = 0.0375 m; consider a larger n_s or r_d
segment spacing 0.07616 m exceeds 0.25*r_d = 0.0375 m; consider a larger n_s or r_d
segment spacing 0.07616 m exceeds 0.25*r_d = 0.0375 m; consider a larger n_s or r_d
segment spacing 0.07616 m exceeds 0.25*r_d = 0.0375 m; consider a larger n_s or r_d
segment spacing 0.07616 m exceeds 0.25*r_d = 0.0375 m; consider a larger n_s or r_d
segment spacing 0.07616 m exceeds 0.25*r_d = 0.0375 m; consider a larger n_s or r_d
segment spacing 0.07616 m exceeds 0.25*r_d = 0.0375 m; consider a larger n_s or r_d
segment spacing 0.07616 m exceeds 0.25*r_d = 0.0375 m; consider a larger n_s or r_d
segment spacing 0.07616 m exceeds 0.25*r_d = 0.0375 m; consider a larger n_s or r_d
segment spacing 0.07616 m exceeds 0.25*r_d = 0.0375 m; consider a larger n_s or r_d
segment spacing 0.07616 m exceeds 0.25*r_d = 0.0375 m; consider a larger n_s or r_d
segment spacing 0.07616 m exceeds 0.25*r_d = 0.0375 m; consider a larger n_s or r_d
segment spacing 0.07616 m exceeds 0.25*r_d = 0.0375 m; consider a larger n_s or r_d
segment spacing 0.07616 m exceeds 0.25*r_d = 0.0375 m; consider a larger n_s or r_d
segment spacing 0.07616 m exceeds 0.25*r_d = 0.0375 m; consider a larger n_s or r_d
segment spacing 0.07616 m exceeds 0.25*r_d = 0.0375 m; consider a larger n_s or r_d
segment spacing 0.07616 m exceeds 0.25*r_d = 0.0375 m; consider a larger n_s or r_d
segment spacing 0.07616 m exceeds 0.25*r_d = 0.0375 m; consider a larger n_s or r_d
segment spacing 0.07616 m exceeds 0.25*r_d = 0.0375 m; consider a larger n_s or r_d
segment spacing 0.07616 m exceeds 0.25*r_d = 0.0375 m; consider a larger n_s or r_d
segment spacing 0.07616 m exceeds 0.25*r_d = 0.0375 m; consider a larger n_s or r_d
segment spacing 0.07616 m exceeds 0.25*r_d = 0.0375 m; consider a larger n_s or r_d
segment spacing 0.07616 m exceeds 0.25*r_d = 0.0375 m; consider a larger n_s or r_d
segment spacing 0.07616 m exceeds 0.25*r_d = 0.0375 m; consider a larger n_s or r_d
segment spacing 0.07616 m exceeds 0.25*r_d = 0.0375 m; consider a larger n_s or r_d
segment spacing 0.07616 m exceeds 0.25*r_d = 0.0375 m; consider a larger n_s or r_d
segment spacing 0.07616 m exceeds 0.25*r_d = 0.0375 m; consider a larger n_s or r_d
segment spacing 0.07616 m exceeds 0.25*r_d = 0.0375 m; consider a larger n_s or r_d
segment spacing 0.07616 m exceeds 0.25*r_d = 0.0375 m; consider a larger n_s or r_d
segment spacing 0.07616 m exceeds 0.25*r_d = 0.0375 m; consider a larger n_s or r_d
segment spacing 0.07616 m exceeds 0.25*r_d = 0.0375 m; consider a larger n_s or r_d
segment spacing 0.07616 m exceeds 0.25*r_d = 0.0375 m; consider a larger n_s or r_d
segment spacing 0.07616 m exceeds 0.25*r_d = 0.0375 m; consider a larger n_s or r_d
segment spacing 0.07616 m exceeds 0.25*r_d = 0.0375 m; consider a larger n_s or r_d
segment spacing 0.07616 m exceeds 0.25*r_d = 0.0375 m; consider a larger n_s or r_d
segment spacing 0.07616 m exceeds 0.25*r_d = 0.0375 m; consider a larger n_s or r_d
segment spacing 0.07616 m exceeds 0.25*r_d = 0.0375 m; consider a larger n_s or r_d
segment spacing 0.07616 m exceeds 0.25*r_d = 0.0375 m; consider a larger n_s or r_d
segment spacing 0.07616 m exceeds 0.25*r_d = 0.0375 m; consider a larger n_s or r_d
segment spacing 0.07616 m exceeds 0.25*r_d = 0.0375 m; consider a larger n_s or r_d
segment spacing 0.07616 m exceeds 0.25*r_d = 0.0375 m; consider a larger n_s or r_d
segment spacing 0.07616 m exceeds 0.25*r_d = 0.0375 m; consider a larger n_s or r_d
segment spacing 0.07616 m exceeds 0.25*r_d = 0.0375 m; consider a larger n_s or r_d
segment spacing 0.07616 m exceeds 0.25*r_d = 0.0375 m; consider a larger n_s or r_d
segment spacing 0.07616 m exceeds 0.25*r_d = 0.0375 m; consider a larger n_s or r_d
segment spacing 0.07616 m exceeds 0.25*r_d = 0.0375 m; consider a larger n_s or r_d
segment spacing 0.07616 m exceeds 0.25*r_d = 0.0375 m; consider a larger n_s or r_d
segment spacing 0.07616 m exceeds 0.25*r_d = 0.0375 m; consider a larger n_s or r_d
segment spacing 0.07616 m exceeds 0.25*r_d = 0.0375 m; consider a larger n_s or r_d
segment spacing 0.07616 m exceeds 0.25*r_d = 0.0375 m; consider a larger n_s or r_d
segment spacing 0.07616 m exceeds 0.25*r_d = 0.0375 m; consider a larger n_s or r_d
segment spacing 0.07616 m exceeds 0.25*r_d = 0.0375 m; consider a larger n_s or r_d
segment spacing 0.07616 m exceeds 0.25*r_d = 0.0375 m; consider a larger n_s or r_d
segment spacing 0.07616 m exceeds 0.25*r_d = 0.0375 m; consider a larger n_s or r_d
segment spacing 0.07616 m exceeds 0.25*r_d = 0.0375 m; consider a larger n_s or r_d
segment spacing 0.07616 m exceeds 0.25*r_d = 0.0375 m; consider a larger n_s or r_d
segment spacing 0.07616 m exceeds 0.25*r_d = 0.0375 m; consider a larger n_s or r_d
segment spacing 0.07616 m exceeds 0.25*r_d = 0.0375 m; consider a larger n_s or r_d
segment spacing 0.07616 m exceeds 0.25*r_d = 0.0375 m; consider a larger n_s or r_d
segment spacing 0.07616 m exceeds 0.25*r_d = 0.0375 m; consider a larger n_s or r_d
segment spacing 0.07616 m exceeds 0.25*r_d = 0.0375 m; consider a larger n_s or r_d
segment spacing 0.07616 m exceeds 0.25*r_d = 0.0375 m; consider a larger n_s or r_d
segment spacing 0.07616 m exceeds 0.25*r_d = 0.0375 m; consider a larger n_s or r_d
segment spacing 0.07616 m exceeds 0.25*r_d = 0.0375 m; consider a larger n_s or r_d
segment spacing 0.07616 m exceeds 0.25*r_d = 0.0375 m; consider a larger n_s or r_d
segment spacing 0.07616 m exceeds 0.25*r_d = 0.0375 m; consider a larger n_s or r_d
segment spacing 0.07616 m exceeds 0.25*r_d = 0.0375 m; consider a larger n_s or r_d
segment spacing 0.07616 m exceeds 0.25*r_d = 0.0375 m; consider a larger n_s or r_d
segment spacing 0.07616 m exceeds 0.25*r_d = 0.0375 m; consider a larger n_s or r_d
segment spacing 0.07616 m exceeds 0.25*r_d = 0.0375 m; consider a larger n_s or r_d
segment spacing 0.07616 m exceeds 0.25*r_d = 0.0375 m; consider a larger n_s or r_d
segment spacing 0.07616 m exceeds 0.25*r_d = 0.0375 m; consider a larger n_s or r_d
segment spacing 0.07616 m exceeds 0.25*r_d = 0.0375 m; consider a larger n_s or r_d
segment spacing 0.07616 m exceeds 0.25*r_d = 0.0375 m; consider a larger n_s or r_d
segment spacing 0.07616 m exceeds 0.25*r_d = 0.0375 m; consider a larger n_s or r_d
segment spacing 0.07616 m exceeds 0.25*r_d = 0.0375 m; consider a larger n_s or r_d
segment spacing 0.07616 m exceeds 0.25*r_d = 0.0375 m; consider a larger n_s or r_d
segment spacing 0.07616 m exceeds 0.25*r_d = 0.0375 m; consider a larger n_s or r_d
segment spacing 0.07616 m exceeds 0.25*r_d = 0.0375 m; consider a larger n_s or r_d
segment spacing 0.07616 m exceeds 0.25*r_d = 0.0375 m; consider a larger n_s or r_d
segment spacing 0.07616 m exceeds 0.25*r_d = 0.0375 m; consider a larger n_s or r_d
segment spacing 0.07616 m exceeds 0.25*r_d = 0.0375 m; consider a larger n_s or r_d
segment spacing 0.07616 m exceeds 0.25*r_d = 0.0375 m; consider a larger n_s or r_d
segment spacing 0.07616 m exceeds 0.25*r_d = 0.0375 m; consider a larger n_s or r_d
segment spacing 0.07616 m exceeds 0.25*r_d = 0.0375 m; consider a larger n_s or r_d
segment spacing 0.07616 m exceeds 0.25*r_d = 0.0375 m; consider a larger n_s or r_d
segment spacing 0.07616 m exceeds 0.25*r_d = 0.0375 m; consider a larger n_s or r_d
segment spacing 0.07616 m exceeds 0.25*r_d = 0.0375 m; consider a larger n_s or r_d
segment spacing 0.07616 m exceeds 0.25*r_d = 0.0375 m; consider a larger n_s or r_d
segment spacing 0.07616 m exceeds 0.25*r_d = 0.0375 m; consider a larger n_s or r_d
segment spacing 0.07616 m exceeds 0.25*r_d = 0.0375 m; consider a larger n_s or r_d
segment spacing 0.07616 m exceeds 0.25*r_d = 0.0375 m; consider a larger n_s or r_d
segment spacing 0.07616 m exceeds 0.25*r_d = 0.0375 m; consider a larger n_s or r_d
segment spacing 0.07616 m exceeds 0.25*r_d = 0.0375 m; consider a larger n_s or r_d
segment spacing 0.07616 m exceeds 0.25*r_d = 0.0375 m; consider a larger n_s or r_d
segment spacing 0.07616 m exceeds 0.25*r_d = 0.0375 m; consider a larger n_s or r_d
segment spacing 0.07616 m exceeds 0.25*r_d = 0.0375 m; consider a larger n_s or r_d
segment spacing 0.07616 m exceeds 0.25*r_d = 0.0375 m; consider a larger n_s or r_d
segment spacing 0.07616 m exceeds 0.25*r_d = 0.0375 m; consider a larger n_s or r_d
segment spacing 0.07616 m exceeds 0.25*r_d = 0.0375 m; consider a larger n_s or r_d
segment spacing 0.07616 m exceeds 0.25*r_d = 0.0375 m; consider a larger n_s or r_d
segment spacing 0.07616 m exceeds 0.25*r_d = 0.0375 m; consider a larger n_s or r_d
segment spacing 0.07616 m exceeds 0.25*r_d = 0.0375 m; consider a larger n_s or r_d
segment spacing 0.07616 m exceeds 0.25*r_d = 0.0375 m; consider a larger n_s or r_d
segment spacing 0.07616 m exceeds 0.25*r_d = 0.0375 m; consider a larger n_s or r_d
segment spacing 0.07616 m exceeds 0.25*r_d = 0.0375 m; consider a larger n_s or r_d
segment spacing 0.07616 m exceeds 0.25*r_d = 0.0375 m; consider a larger n_s or r_d
segment spacing 0.07616 m exceeds 0.25*r_d = 0.0375 m; consider a larger n_s or r_d
segment spacing 0.07616 m exceeds 0.25*r_d = 0.0375 m; consider a larger n_s or r_d
segment spacing 0.07616 m exceeds 0.25*r_d = 0.0375 m; consider a larger n_s or r_d
segment spacing 0.07616 m exceeds 0.25*r_d = 0.0375 m; consider a larger n_s or r_d
segment spacing 0.07616 m exceeds 0.25*r_d = 0.0375 m; consider a larger n_s or r_d
segment spacing 0.07616 m exceeds 0.25*r_d = 0.0375 m; consider a larger n_s or r_d
segment spacing 0.07616 m exceeds 0.25*r_d = 0.0375 m; consider a larger n_s or r_d
segment spacing 0.07616 m exceeds 0.25*r_d = 0.0375 m; consider a larger n_s or r_d
segment spacing 0.07616 m exceeds 0.25*r_d = 0.0375 m; consider a larger n_s or r_d
segment spacing 0.07616 m exceeds 0.25*r_d = 0.0375 m; consider a larger n_s or r_d
segment spacing 0.07616 m exceeds 0.25*r_d = 0.0375 m; consider a larger n_s or r_d
segment spacing 0.07616 m exceeds 0.25*r_d = 0.0375 m; consider a larger n_s or r_d
segment spacing 0.07616 m exceeds 0.25*r_d = 0.0375 m; consider a larger n_s or r_d
segment spacing 0.07616 m exceeds 0.25*r_d = 0.0375 m; consider a larger n_s or r_d
segment spacing 0.07616 m exceeds 0.25*r_d = 0.0375 m; consider a larger n_s or r_d
segment spacing 0.07616 m exceeds 0.25*r_d = 0.0375 m; consider a larger n_s or r_d
segment spacing 0.07616 m exceeds 0.25*r_d = 0.0375 m; consider a larger n_s or r_d
segment spacing 0.07616 m exceeds 0.25*r_d = 0.0375 m; consider a larger n_s or r_d
segment spacing 0.07616 m exceeds 0.25*r_d = 0.0375 m; consider a larger n_s or r_d
segment spacing 0.07616 m exceeds 0.25*r_d = 0.0375 m; consider a larger n_s or r_d
segment spacing 0.07616 m exceeds 0.25*r_d = 0.0375 m; consider a larger n_s or r_d
segment spacing 0.07616 m exceeds 0.25*r_d = 0.0375 m; consider a larger n_s or r_d
segment spacing 0.07616 m exceeds 0.25*r_d = 0.0375 m; consider a larger n_s or r_d
segment spacing 0.07616 m exceeds 0.25*r_d = 0.0375 m; consider a larger n_s or r_d
segment spacing 0.07616 m exceeds 0.25*r_d = 0.0375 m; consider a larger n_s or r_d
segment spacing 0.07616 m exceeds 0.25*r_d = 0.0375 m; consider a larger n_s or r_d
segment spacing 0.07616 m exceeds 0.25*r_d = 0.0375 m; consider a larger n_s or r_d
segment spacing 0.07616 m exceeds 0.25*r_d = 0.0375 m; consider a larger n_s or r_d
segment spacing 0.07616 m exceeds 0.25*r_d = 0.0375 m; consider a larger n_s or r_d
segment spacing 0.07616 m exceeds 0.25*r_d = 0.0375 m; consider a larger n_s or r_d
segment spacing 0.07616 m exceeds 0.25*r_d = 0.0375 m; consider a larger n_s or r_d
segment spacing 0.07616 m exceeds 0.25*r_d = 0.0375 m; consider a larger n_s or r_d
segment spacing 0.07616 m exceeds 0.25*r_d = 0.0375 m; consider a larger n_s or r_d
segment spacing 0.07616 m exceeds 0.25*r_d = 0.0375 m; consider a larger n_s or r_d
segment spacing 0.07616 m exceeds 0.25*r_d = 0.0375 m; consider a larger n_s or r_d
segment spacing 0.07616 m exceeds 0.25*r_d = 0.0375 m; consider a larger n_s or r_d
segment spacing 0.07616 m exceeds 0.25*r_d = 0.0375 m; consider a larger n_s or r_d
segment spacing 0.07616 m exceeds 0.25*r_d = 0.0375 m; consider a larger n_s or r_d
segment spacing 0.07616 m exceeds 0.25*r_d = 0.0375 m; consider a larger n_s or r_d
segment spacing 0.07616 m exceeds 0.25*r_d = 0.0375 m; consider a larger n_s or r_d
segment spacing 0.07616 m exceeds 0.25*r_d = 0.0375 m; consider a larger n_s or r_d
segment spacing 0.07616 m exceeds 0.25*r_d = 0.0375 m; consider a larger n_s or r_d
segment spacing 0.07616 m exceeds 0.25*r_d = 0.0375 m; consider a larger n_s or r_d
segment spacing 0.07616 m exceeds 0.25*r_d = 0.0375 m; consider a larger n_s or r_d
segment spacing 0.07616 m exceeds 0.25*r_d = 0.0375 m; consider a larger n_s or r_d
segment spacing 0.07616 m exceeds 0.25*r_d = 0.0375 m; consider a larger n_s or r_d
segment spacing 0.07616 m exceeds 0.25*r_d = 0.0375 m; consider a larger n_s or r_d
segment spacing 0.07616 m exceeds 0.25*r_d = 0.0375 m; consider a larger n_s or r_d
segment spacing 0.07616 m exceeds 0.25*r_d = 0.0375 m; consider a larger n_s or r_d
segment spacing 0.07616 m exceeds 0.25*r_d = 0.0375 m; consider a larger n_s or r_d
segment spacing 0.07616 m exceeds 0.25*r_d = 0.0375 m; consider a larger n_s or r_d
segment spacing 0.07616 m exceeds 0.25*r_d = 0.0375 m; consider a larger n_s or r_d
segment spacing 0.07616 m exceeds 0.25*r_d = 0.0375 m; consider a larger n_s or r_d
segment spacing 0.07616 m exceeds 0.25*r_d = 0.0375 m; consider a larger n_s or r_d
segment spacing 0.07616 m exceeds 0.25*r_d = 0.0375 m; consider a larger n_s or r_d
segment spacing 0.07616 m exceeds 0.25*r_d = 0.0375 m; consider a larger n_s or r_d
segment spacing 0.07616 m exceeds 0.25*r_d = 0.0375 m; consider a larger n_s or r_d
segment spacing 0.07616 m exceeds 0.25*r_d = 0.0375 m; consider a larger n_s or r_d
segment spacing 0.07616 m exceeds 0.25*r_d = 0.0375 m; consider a larger n_s or r_d
segment spacing 0.07616 m exceeds 0.25*r_d = 0.0375 m; consider a larger n_s or r_d
segment spacing 0.07616 m exceeds 0.25*r_d = 0.0375 m; consider a larger n_s or r_d
segment spacing 0.07616 m exceeds 0.25*r_d = 0.0375 m; consider a larger n_s or r_d
segment spacing 0.07616 m exceeds 0.25*r_d = 0.0375 m; consider a larger n_s or r_d
segment spacing 0.07616 m exceeds 0.25*r_d = 0.0375 m; consider a larger n_s or r_d
segment spacing 0.07616 m exceeds 0.25*r_d = 0.0375 m; consider a larger n_s or r_d
segment spacing 0.07616 m exceeds 0.25*r_d = 0.0375 m; consider a larger n_s or r_d
segment spacing 0.07616 m exceeds 0.25*r_d = 0.0375 m; consider a larger n_s or r_d
segment spacing 0.07616 m exceeds 0.25*r_d = 0.0375 m; consider a larger n_s or r_d
segment spacing 0.07616 m exceeds 0.25*r_d = 0.0375 m; consider a larger n_s or r_d
segment spacing 0.07616 m exceeds 0.25*r_d = 0.0375 m; consider a larger n_s or r_d
segment spacing 0.07616 m exceeds 0.25*r_d = 0.0375 m; consider a larger n_s or r_d
segment spacing 0.07616 m exceeds 0.25*r_d = 0.0375 m; consider a larger n_s or r_d
segment spacing 0.07616 m exceeds 0.25*r_d = 0.0375 m; consider a larger n_s or r_d
segment spacing 0.07616 m exceeds 0.25*r_d = 0.0375 m; consider a larger n_s or r_d
segment spacing 0.07616 m exceeds 0.25*r_d = 0.0375 m; consider a larger n_s or r_d
segment spacing 0.07616 m exceeds 0.25*r_d = 0.0375 m; consider a larger n_s or r_d
segment spacing 0.07616 m exceeds 0.25*r_d = 0.0375 m; consider a larger n_s or r_d
segment spacing 0.07616 m exceeds 0.25*r_d = 0.0375 m; consider a larger n_s or r_d
segment spacing 0.07616 m exceeds 0.25*r_d = 0.0375 m; consider a larger n_s or r_d
segment spacing 0.07616 m exceeds 0.25*r_d = 0.0375 m; consider a larger n_s or r_d
segment spacing 0.07616 m exceeds 0.25*r_d = 0.0375 m; consider a larger n_s or r_d
segment spacing 0.07616 m exceeds 0.25*r_d = 0.0375 m; consider a larger n_s or r_d
segment spacing 0.07616 m exceeds 0.25*r_d = 0.0375 m; consider a larger n_s or r_d
segment spacing 0.07616 m exceeds 0.25*r_d = 0.0375 m; consider a larger n_s or r_d
segment spacing 0.07616 m exceeds 0.25*r_d = 0.0375 m; consider a larger n_s or r_d
segment spacing 0.07616 m exceeds 0.25*r_d = 0.0375 m; consider a larger n_s or r_d
segment spacing 0.07616 m exceeds 0.25*r_d = 0.0375 m; consider a larger n_s or r_d
segment spacing 0.07616 m exceeds 0.25*r_d = 0.0375 m; consider a larger n_s or r_d
segment spacing 0.07616 m exceeds 0.25*r_d = 0.0375 m; consider a larger n_s or r_d
segment spacing 0.07616 m exceeds 0.25*r_d = 0.0375 m; consider a larger n_s or r_d
segment spacing 0.07616 m exceeds 0.25*r_d = 0.0375 m; consider a larger n_s or r_d
segment spacing 0.07616 m exceeds 0.25*r_d = 0.0375 m; consider a larger n_s or r_d
segment spacing 0.07616 m exceeds 0.25*r_d = 0.0375 m; consider a larger n_s or r_d
segment spacing 0.07616 m exceeds 0.25*r_d = 0.0375 m; consider a larger n_s or r_d
segment spacing 0.07616 m exceeds 0.25*r_d = 0.0375 m; consider a larger n_s or r_d
segment spacing 0.07616 m exceeds 0.25*r_d = 0.0375 m; consider a larger n_s or r_d
segment spacing 0.07616 m exceeds 0.25*r_d = 0.0375 m; consider a larger n_s or r_d
segment spacing 0.07616 m exceeds 0.25*r_d = 0.0375 m; consider a larger n_s or r_d
segment spacing 0.07616 m exceeds 0.25*r_d = 0.0375 m; consider a larger n_s or r_d
segment spacing 0.07616 m exceeds 0.25*r_d = 0.0375 m; consider a larger n_s or r_d
segment spacing 0.07616 m exceeds 0.25*r_d = 0.0375 m; consider a larger n_s or r_d
segment spacing 0.07616 m exceeds 0.25*r_d = 0.0375 m; consider a larger n_s or r_d
segment spacing 0.07616 m exceeds 0.25*r_d = 0.0375 m; consider a larger n_s or r_d
segment spacing 0.07616 m exceeds 0.25*r_d = 0.0375 m; consider a larger n_s or r_d
segment spacing 0.07616 m exceeds 0.25*r_d = 0.0375 m; consider a larger n_s or r_d
segment spacing 0.07616 m exceeds 0.25*r_d = 0.0375 m; consider a larger n_s or r_d
segment spacing 0.07616 m exceeds 0.25*r_d = 0.0375 m; consider a larger n_s or r_d
segment spacing 0.07616 m exceeds 0.25*r_d = 0.0375 m; consider a larger n_s or r_d
segment spacing 0.07616 m exceeds 0.25*r_d = 0.0375 m; consider a larger n_s or r_d
segment spacing 0.07616 m exceeds 0.25*r_d = 0.0375 m; consider a larger n_s or r_d
segment spacing 0.07616 m exceeds 0.25*r_d = 0.0375 m; consider a larger n_s or r_d
segment spacing 0.07616 m exceeds 0.25*r_d = 0.0375 m; consider a larger n_s or r_d
segment spacing 0.07616 m exceeds 0.25*r_d = 0.0375 m; consider a larger n_s or r_d
segment spacing 0.07616 m exceeds 0.25*r_d = 0.0375 m; consider a larger n_s or r_d
segment spacing 0.07616 m exceeds 0.25*r_d = 0.0375 m; consider a larger n_s or r_d
segment spacing 0.07616 m exceeds 0.25*r_d = 0.0375 m; consider a larger n_s or r_d
segment spacing 0.07616 m exceeds 0.25*r_d = 0.0375 m; consider a larger n_s or r_d
segment spacing 0.07616 m exceeds 0.25*r_d = 0.0375 m; consider a larger n_s or r_d
segment spacing 0.07616 m exceeds 0.25*r_d = 0.0375 m; consider a larger n_s or r_d
segment spacing 0.07616 m exceeds 0.25*r_d = 0.0375 m; consider a larger n_s or r_d
segment spacing 0.07616 m exceeds 0.25*r_d = 0.0375 m; consider a larger n_s or r_d
segment spacing 0.07616 m exceeds 0.25*r_d = 0.0375 m; consider a larger n_s or r_d
segment spacing 0.07616 m exceeds 0.25*r_d = 0.0375 m; consider a larger n_s or r_d
segment spacing 0.07616 m exceeds 0.25*r_d = 0.0375 m; consider a larger n_s or r_d
segment spacing 0.07616 m exceeds 0.25*r_d = 0.0375 m; consider a larger n_s or r_d
segment spacing 0.07616 m exceeds 0.25*r_d = 0.0375 m; consider a larger n_s or r_d
segment spacing 0.07616 m exceeds 0.25*r_d = 0.0375 m; consider a larger n_s or r_d
segment spacing 0.07616 m exceeds 0.25*r_d = 0.0375 m; consider a larger n_s or r_d
segment spacing 0.07616 m exceeds 0.25*r_d = 0.0375 m; consider a larger n_s or r_d
segment spacing 0.07616 m exceeds 0.25*r_d = 0.0375 m; consider a larger n_s or r_d
segment spacing 0.07616 m exceeds 0.25*r_d = 0.0375 m; consider a larger n_s or r_d
segment spacing 0.07616 m exceeds 0.25*r_d = 0.0375 m; consider a larger n_s or r_d
segment spacing 0.07616 m exceeds 0.25*r_d = 0.0375 m; consider a larger n_s or r_d
segment spacing 0.07616 m exceeds 0.25*r_d = 0.0375 m; consider a larger n_s or r_d
segment spacing 0.07616 m exceeds 0.25*r_d = 0.0375 m; consider a larger n_s or r_d
segment spacing 0.07616 m exceeds 0.25*r_d = 0.0375 m; consider a larger n_s or r_d
segment spacing 0.07616 m exceeds 0.25*r_d = 0.0375 m; consider a larger n_s or r_d
segment spacing 0.07616 m exceeds 0.25*r_d = 0.0375 m; consider a larger n_s or r_d
segment spacing 0.07616 m exceeds 0.25*r_d = 0.0375 m; consider a larger n_s or r_d
segment spacing 0.07616 m exceeds 0.25*r_d = 0.0375 m; consider a larger n_s or r_d
segment spacing 0.07616 m exceeds 0.25*r_d = 0.0375 m; consider a larger n_s or r_d
segment spacing 0.07616 m exceeds 0.25*r_d = 0.0375 m; consider a larger n_s or r_d
segment spacing 0.07616 m exceeds 0.25*r_d = 0.0375 m; consider a larger n_s or r_d
segment spacing 0.07616 m exceeds 0.25*r_d = 0.0375 m; consider a larger n_s or r_d
segment spacing 0.07616 m exceeds 0.25*r_d = 0.0375 m; consider a larger n_s or r_d
segment spacing 0.07616 m exceeds 0.25*r_d = 0.0375 m; consider a larger n_s or r_d
segment spacing 0.07616 m exceeds 0.25*r_d = 0.0375 m; consider a larger n_s or r_d
segment spacing 0.07616 m exceeds 0.25*r_d = 0.0375 m; consider a larger n_s or r_d
    [tab_mmin] star+ring D M=0.25 v0=20 n_s=10 mA=9.521g A@(0.50,0.00) Bany@(0.25,0.00) nB=2 nB_Aworst=2
segment spacing 0.07616 m exceeds 0.25*r_d = 0.0375 m; consider a larger n_s or r_d
segment spacing 0.07616 m exceeds 0.25*r_d = 0.0375 m; consider a larger n_s or r_d
segment spacing 0.07616 m exceeds 0.25*r_d = 0.0375 m; consider a larger n_s or r_d
segment spacing 0.07616 m exceeds 0.25*r_d = 0.0375 m; consider a larger n_s or r_d
segment spacing 0.07616 m exceeds 0.25*r_d = 0.0375 m; consider a larger n_s or r_d
segment spacing 0.07616 m exceeds 0.25*r_d = 0.0375 m; consider a larger n_s or r_d
segment spacing 0.07616 m exceeds 0.25*r_d = 0.0375 m; consider a larger n_s or r_d
segment spacing 0.07616 m exceeds 0.25*r_d = 0.0375 m; consider a larger n_s or r_d
segment spacing 0.07616 m exceeds 0.25*r_d = 0.0375 m; consider a larger n_s or r_d
segment spacing 0.07616 m exceeds 0.25*r_d = 0.0375 m; consider a larger n_s or r_d
segment spacing 0.07616 m exceeds 0.25*r_d = 0.0375 m; consider a larger n_s or r_d
segment spacing 0.07616 m exceeds 0.25*r_d = 0.0375 m; consider a larger n_s or r_d
segment spacing 0.07616 m exceeds 0.25*r_d = 0.0375 m; consider a larger n_s or r_d
segment spacing 0.07616 m exceeds 0.25*r_d = 0.0375 m; consider a larger n_s or r_d
segment spacing 0.07616 m exceeds 0.25*r_d = 0.0375 m; consider a larger n_s or r_d
segment spacing 0.07616 m exceeds 0.25*r_d = 0.0375 m; consider a larger n_s or r_d
segment spacing 0.07616 m exceeds 0.25*r_d = 0.0375 m; consider a larger n_s or r_d
segment spacing 0.07616 m exceeds 0.25*r_d = 0.0375 m; consider a larger n_s or r_d
segment spacing 0.07616 m exceeds 0.25*r_d = 0.0375 m; consider a larger n_s or r_d
segment spacing 0.07616 m exceeds 0.25*r_d = 0.0375 m; consider a larger n_s or r_d
segment spacing 0.07616 m exceeds 0.25*r_d = 0.0375 m; consider a larger n_s or r_d
segment spacing 0.07616 m exceeds 0.25*r_d = 0.0375 m; consider a larger n_s or r_d
segment spacing 0.07616 m exceeds 0.25*r_d = 0.0375 m; consider a larger n_s or r_d
segment spacing 0.07616 m exceeds 0.25*r_d = 0.0375 m; consider a larger n_s or r_d
segment spacing 0.07616 m exceeds 0.25*r_d = 0.0375 m; consider a larger n_s or r_d
segment spacing 0.07616 m exceeds 0.25*r_d = 0.0375 m; consider a larger n_s or r_d
segment spacing 0.07616 m exceeds 0.25*r_d = 0.0375 m; consider a larger n_s or r_d
segment spacing 0.07616 m exceeds 0.25*r_d = 0.0375 m; consider a larger n_s or r_d
segment spacing 0.07616 m exceeds 0.25*r_d = 0.0375 m; consider a larger n_s or r_d
segment spacing 0.07616 m exceeds 0.25*r_d = 0.0375 m; consider a larger n_s or r_d
segment spacing 0.07616 m exceeds 0.25*r_d = 0.0375 m; consider a larger n_s or r_d
segment spacing 0.07616 m exceeds 0.25*r_d = 0.0375 m; consider a larger n_s or r_d
segment spacing 0.07616 m exceeds 0.25*r_d = 0.0375 m; consider a larger n_s or r_d
segment spacing 0.07616 m exceeds 0.25*r_d = 0.0375 m; consider a larger n_s or r_d
segment spacing 0.07616 m exceeds 0.25*r_d = 0.0375 m; consider a larger n_s or r_d
segment spacing 0.07616 m exceeds 0.25*r_d = 0.0375 m; consider a larger n_s or r_d
segment spacing 0.07616 m exceeds 0.25*r_d = 0.0375 m; consider a larger n_s or r_d
segment spacing 0.07616 m exceeds 0.25*r_d = 0.0375 m; consider a larger n_s or r_d
segment spacing 0.07616 m exceeds 0.25*r_d = 0.0375 m; consider a larger n_s or r_d
segment spacing 0.07616 m exceeds 0.25*r_d = 0.0375 m; consider a larger n_s or r_d
segment spacing 0.07616 m exceeds 0.25*r_d = 0.0375 m; consider a larger n_s or r_d
segment spacing 0.07616 m exceeds 0.25*r_d = 0.0375 m; consider a larger n_s or r_d
segment spacing 0.07616 m exceeds 0.25*r_d = 0.0375 m; consider a larger n_s or r_d
segment spacing 0.07616 m exceeds 0.25*r_d = 0.0375 m; consider a larger n_s or r_d
    [tab_mmin] star+ring D M=2 v0=20 n_s=10 mA=76.17g A@(0.50,0.00) Bany@(0.25,0.00) nB=2 nB_Aworst=2
segment spacing 0.07616 m exceeds 0.25*r_d = 0.0375 m; consider a larger n_s or r_d
segment spacing 0.07616 m exceeds 0.25*r_d = 0.0375 m; consider a larger n_s or r_d
segment spacing 0.07616 m exceeds 0.25*r_d = 0.0375 m; consider a larger n_s or r_d
segment spacing 0.07616 m exceeds 0.25*r_d = 0.0375 m; consider a larger n_s or r_d
segment spacing 0.07616 m exceeds 0.25*r_d = 0.0375 m; consider a larger n_s or r_d
segment spacing 0.07616 m exceeds 0.25*r_d = 0.0375 m; consider a larger n_s or r_d
segment spacing 0.07616 m exceeds 0.25*r_d = 0.0375 m; consider a larger n_s or r_d
segment spacing 0.07616 m exceeds 0.25*r_d = 0.0375 m; consider a larger n_s or r_d
segment spacing 0.07616 m exceeds 0.25*r_d = 0.0375 m; consider a larger n_s or r_d
segment spacing 0.07616 m exceeds 0.25*r_d = 0.0375 m; consider a larger n_s or r_d
segment spacing 0.07616 m exceeds 0.25*r_d = 0.0375 m; consider a larger n_s or r_d
segment spacing 0.07616 m exceeds 0.25*r_d = 0.0375 m; consider a larger n_s or r_d
segment spacing 0.07616 m exceeds 0.25*r_d = 0.0375 m; consider a larger n_s or r_d
segment spacing 0.07616 m exceeds 0.25*r_d = 0.0375 m; consider a larger n_s or r_d
segment spacing 0.07616 m exceeds 0.25*r_d = 0.0375 m; consider a larger n_s or r_d
segment spacing 0.07616 m exceeds 0.25*r_d = 0.0375 m; consider a larger n_s or r_d
segment spacing 0.07616 m exceeds 0.25*r_d = 0.0375 m; consider a larger n_s or r_d
segment spacing 0.07616 m exceeds 0.25*r_d = 0.0375 m; consider a larger n_s or r_d
segment spacing 0.07616 m exceeds 0.25*r_d = 0.0375 m; consider a larger n_s or r_d
segment spacing 0.07616 m exceeds 0.25*r_d = 0.0375 m; consider a larger n_s or r_d
segment spacing 0.07616 m exceeds 0.25*r_d = 0.0375 m; consider a larger n_s or r_d
segment spacing 0.07616 m exceeds 0.25*r_d = 0.0375 m; consider a larger n_s or r_d
segment spacing 0.07616 m exceeds 0.25*r_d = 0.0375 m; consider a larger n_s or r_d
segment spacing 0.07616 m exceeds 0.25*r_d = 0.0375 m; consider a larger n_s or r_d
segment spacing 0.07616 m exceeds 0.25*r_d = 0.0375 m; consider a larger n_s or r_d
segment spacing 0.07616 m exceeds 0.25*r_d = 0.0375 m; consider a larger n_s or r_d
segment spacing 0.07616 m exceeds 0.25*r_d = 0.0375 m; consider a larger n_s or r_d
segment spacing 0.07616 m exceeds 0.25*r_d = 0.0375 m; consider a larger n_s or r_d
segment spacing 0.07616 m exceeds 0.25*r_d = 0.0375 m; consider a larger n_s or r_d
segment spacing 0.07616 m exceeds 0.25*r_d = 0.0375 m; consider a larger n_s or r_d
segment spacing 0.07616 m exceeds 0.25*r_d = 0.0375 m; consider a larger n_s or r_d
segment spacing 0.07616 m exceeds 0.25*r_d = 0.0375 m; consider a larger n_s or r_d
segment spacing 0.07616 m exceeds 0.25*r_d = 0.0375 m; consider a larger n_s or r_d
segment spacing 0.07616 m exceeds 0.25*r_d = 0.0375 m; consider a larger n_s or r_d
segment spacing 0.07616 m exceeds 0.25*r_d = 0.0375 m; consider a larger n_s or r_d
segment spacing 0.07616 m exceeds 0.25*r_d = 0.0375 m; consider a larger n_s or r_d
segment spacing 0.07616 m exceeds 0.25*r_d = 0.0375 m; consider a larger n_s or r_d
segment spacing 0.07616 m exceeds 0.25*r_d = 0.0375 m; consider a larger n_s or r_d
segment spacing 0.07616 m exceeds 0.25*r_d = 0.0375 m; consider a larger n_s or r_d
segment spacing 0.07616 m exceeds 0.25*r_d = 0.0375 m; consider a larger n_s or r_d
segment spacing 0.07616 m exceeds 0.25*r_d = 0.0375 m; consider a larger n_s or r_d
segment spacing 0.07616 m exceeds 0.25*r_d = 0.0375 m; consider a larger n_s or r_d
segment spacing 0.07616 m exceeds 0.25*r_d = 0.0375 m; consider a larger n_s or r_d
segment spacing 0.07616 m exceeds 0.25*r_d = 0.0375 m; consider a larger n_s or r_d
segment spacing 0.07616 m exceeds 0.25*r_d = 0.0375 m; consider a larger n_s or r_d
segment spacing 0.07616 m exceeds 0.25*r_d = 0.0375 m; consider a larger n_s or r_d
segment spacing 0.07616 m exceeds 0.25*r_d = 0.0375 m; consider a larger n_s or r_d
segment spacing 0.07616 m exceeds 0.25*r_d = 0.0375 m; consider a larger n_s or r_d
segment spacing 0.07616 m exceeds 0.25*r_d = 0.0375 m; consider a larger n_s or r_d
segment spacing 0.07616 m exceeds 0.25*r_d = 0.0375 m; consider a larger n_s or r_d
segment spacing 0.07616 m exceeds 0.25*r_d = 0.0375 m; consider a larger n_s or r_d
segment spacing 0.07616 m exceeds 0.25*r_d = 0.0375 m; consider a larger n_s or r_d
segment spacing 0.07616 m exceeds 0.25*r_d = 0.0375 m; consider a larger n_s or r_d
segment spacing 0.07616 m exceeds 0.25*r_d = 0.0375 m; consider a larger n_s or r_d
segment spacing 0.07616 m exceeds 0.25*r_d = 0.0375 m; consider a larger n_s or r_d
segment spacing 0.07616 m exceeds 0.25*r_d = 0.0375 m; consider a larger n_s or r_d
segment spacing 0.07616 m exceeds 0.25*r_d = 0.0375 m; consider a larger n_s or r_d
segment spacing 0.07616 m exceeds 0.25*r_d = 0.0375 m; consider a larger n_s or r_d
segment spacing 0.07616 m exceeds 0.25*r_d = 0.0375 m; consider a larger n_s or r_d
segment spacing 0.07616 m exceeds 0.25*r_d = 0.0375 m; consider a larger n_s or r_d
segment spacing 0.07616 m exceeds 0.25*r_d = 0.0375 m; consider a larger n_s or r_d
    [tab_mmin] star+ring D M=0.25 v0=15 n_s=10 mA=5.356g A@(0.50,0.00) Bany@(0.25,0.00) nB=1 nB_Aworst=2
segment spacing 0.07616 m exceeds 0.25*r_d = 0.0375 m; consider a larger n_s or r_d
segment spacing 0.07616 m exceeds 0.25*r_d = 0.0375 m; consider a larger n_s or r_d
segment spacing 0.07616 m exceeds 0.25*r_d = 0.0375 m; consider a larger n_s or r_d
segment spacing 0.07616 m exceeds 0.25*r_d = 0.0375 m; consider a larger n_s or r_d
segment spacing 0.07616 m exceeds 0.25*r_d = 0.0375 m; consider a larger n_s or r_d
segment spacing 0.07616 m exceeds 0.25*r_d = 0.0375 m; consider a larger n_s or r_d
segment spacing 0.07616 m exceeds 0.25*r_d = 0.0375 m; consider a larger n_s or r_d
segment spacing 0.07616 m exceeds 0.25*r_d = 0.0375 m; consider a larger n_s or r_d
segment spacing 0.07616 m exceeds 0.25*r_d = 0.0375 m; consider a larger n_s or r_d
segment spacing 0.07616 m exceeds 0.25*r_d = 0.0375 m; consider a larger n_s or r_d
segment spacing 0.07616 m exceeds 0.25*r_d = 0.0375 m; consider a larger n_s or r_d
segment spacing 0.07616 m exceeds 0.25*r_d = 0.0375 m; consider a larger n_s or r_d
segment spacing 0.07616 m exceeds 0.25*r_d = 0.0375 m; consider a larger n_s or r_d
segment spacing 0.07616 m exceeds 0.25*r_d = 0.0375 m; consider a larger n_s or r_d
segment spacing 0.07616 m exceeds 0.25*r_d = 0.0375 m; consider a larger n_s or r_d
segment spacing 0.07616 m exceeds 0.25*r_d = 0.0375 m; consider a larger n_s or r_d
segment spacing 0.07616 m exceeds 0.25*r_d = 0.0375 m; consider a larger n_s or r_d
segment spacing 0.07616 m exceeds 0.25*r_d = 0.0375 m; consider a larger n_s or r_d
segment spacing 0.07616 m exceeds 0.25*r_d = 0.0375 m; consider a larger n_s or r_d
segment spacing 0.07616 m exceeds 0.25*r_d = 0.0375 m; consider a larger n_s or r_d
segment spacing 0.07616 m exceeds 0.25*r_d = 0.0375 m; consider a larger n_s or r_d
segment spacing 0.07616 m exceeds 0.25*r_d = 0.0375 m; consider a larger n_s or r_d
segment spacing 0.07616 m exceeds 0.25*r_d = 0.0375 m; consider a larger n_s or r_d
segment spacing 0.07616 m exceeds 0.25*r_d = 0.0375 m; consider a larger n_s or r_d
segment spacing 0.07616 m exceeds 0.25*r_d = 0.0375 m; consider a larger n_s or r_d
segment spacing 0.07616 m exceeds 0.25*r_d = 0.0375 m; consider a larger n_s or r_d
segment spacing 0.07616 m exceeds 0.25*r_d = 0.0375 m; consider a larger n_s or r_d
segment spacing 0.07616 m exceeds 0.25*r_d = 0.0375 m; consider a larger n_s or r_d
segment spacing 0.07616 m exceeds 0.25*r_d = 0.0375 m; consider a larger n_s or r_d
segment spacing 0.07616 m exceeds 0.25*r_d = 0.0375 m; consider a larger n_s or r_d
segment spacing 0.07616 m exceeds 0.25*r_d = 0.0375 m; consider a larger n_s or r_d
segment spacing 0.07616 m exceeds 0.25*r_d = 0.0375 m; consider a larger n_s or r_d
segment spacing 0.07616 m exceeds 0.25*r_d = 0.0375 m; consider a larger n_s or r_d
segment spacing 0.07616 m exceeds 0.25*r_d = 0.0375 m; consider a larger n_s or r_d
segment spacing 0.07616 m exceeds 0.25*r_d = 0.0375 m; consider a larger n_s or r_d
segment spacing 0.07616 m exceeds 0.25*r_d = 0.0375 m; consider a larger n_s or r_d
segment spacing 0.07616 m exceeds 0.25*r_d = 0.0375 m; consider a larger n_s or r_d
segment spacing 0.07616 m exceeds 0.25*r_d = 0.0375 m; consider a larger n_s or r_d
segment spacing 0.07616 m exceeds 0.25*r_d = 0.0375 m; consider a larger n_s or r_d
segment spacing 0.07616 m exceeds 0.25*r_d = 0.0375 m; consider a larger n_s or r_d
segment spacing 0.07616 m exceeds 0.25*r_d = 0.0375 m; consider a larger n_s or r_d
segment spacing 0.07616 m exceeds 0.25*r_d = 0.0375 m; consider a larger n_s or r_d
segment spacing 0.07616 m exceeds 0.25*r_d = 0.0375 m; consider a larger n_s or r_d
segment spacing 0.07616 m exceeds 0.25*r_d = 0.0375 m; consider a larger n_s or r_d
segment spacing 0.07616 m exceeds 0.25*r_d = 0.0375 m; consider a larger n_s or r_d
segment spacing 0.07616 m exceeds 0.25*r_d = 0.0375 m; consider a larger n_s or r_d
segment spacing 0.07616 m exceeds 0.25*r_d = 0.0375 m; consider a larger n_s or r_d
segment spacing 0.07616 m exceeds 0.25*r_d = 0.0375 m; consider a larger n_s or r_d
segment spacing 0.07616 m exceeds 0.25*r_d = 0.0375 m; consider a larger n_s or r_d
segment spacing 0.07616 m exceeds 0.25*r_d = 0.0375 m; consider a larger n_s or r_d
segment spacing 0.07616 m exceeds 0.25*r_d = 0.0375 m; consider a larger n_s or r_d
segment spacing 0.07616 m exceeds 0.25*r_d = 0.0375 m; consider a larger n_s or r_d
segment spacing 0.07616 m exceeds 0.25*r_d = 0.0375 m; consider a larger n_s or r_d
segment spacing 0.07616 m exceeds 0.25*r_d = 0.0375 m; consider a larger n_s or r_d
segment spacing 0.07616 m exceeds 0.25*r_d = 0.0375 m; consider a larger n_s or r_d
segment spacing 0.07616 m exceeds 0.25*r_d = 0.0375 m; consider a larger n_s or r_d
segment spacing 0.07616 m exceeds 0.25*r_d = 0.0375 m; consider a larger n_s or r_d
segment spacing 0.07616 m exceeds 0.25*r_d = 0.0375 m; consider a larger n_s or r_d
segment spacing 0.07616 m exceeds 0.25*r_d = 0.0375 m; consider a larger n_s or r_d
segment spacing 0.07616 m exceeds 0.25*r_d = 0.0375 m; consider a larger n_s or r_d
    [tab_mmin] star+ring D M=1 v0=15 n_s=10 mA=21.42g A@(0.50,0.00) Bany@(0.25,0.00) nB=1 nB_Aworst=2
segment spacing 0.07616 m exceeds 0.25*r_d = 0.0375 m; consider a larger n_s or r_d
segment spacing 0.07616 m exceeds 0.25*r_d = 0.0375 m; consider a larger n_s or r_d
segment spacing 0.07616 m exceeds 0.25*r_d = 0.0375 m; consider a larger n_s or r_d
segment spacing 0.07616 m exceeds 0.25*r_d = 0.0375 m; consider a larger n_s or r_d
segment spacing 0.07616 m exceeds 0.25*r_d = 0.0375 m; consider a larger n_s or r_d
segment spacing 0.07616 m exceeds 0.25*r_d = 0.0375 m; consider a larger n_s or r_d
segment spacing 0.07616 m exceeds 0.25*r_d = 0.0375 m; consider a larger n_s or r_d
segment spacing 0.07616 m exceeds 0.25*r_d = 0.0375 m; consider a larger n_s or r_d
segment spacing 0.07616 m exceeds 0.25*r_d = 0.0375 m; consider a larger n_s or r_d
segment spacing 0.07616 m exceeds 0.25*r_d = 0.0375 m; consider a larger n_s or r_d
segment spacing 0.07616 m exceeds 0.25*r_d = 0.0375 m; consider a larger n_s or r_d
segment spacing 0.07616 m exceeds 0.25*r_d = 0.0375 m; consider a larger n_s or r_d
segment spacing 0.07616 m exceeds 0.25*r_d = 0.0375 m; consider a larger n_s or r_d
segment spacing 0.07616 m exceeds 0.25*r_d = 0.0375 m; consider a larger n_s or r_d
segment spacing 0.07616 m exceeds 0.25*r_d = 0.0375 m; consider a larger n_s or r_d
segment spacing 0.07616 m exceeds 0.25*r_d = 0.0375 m; consider a larger n_s or r_d
segment spacing 0.07616 m exceeds 0.25*r_d = 0.0375 m; consider a larger n_s or r_d
segment spacing 0.07616 m exceeds 0.25*r_d = 0.0375 m; consider a larger n_s or r_d
segment spacing 0.07616 m exceeds 0.25*r_d = 0.0375 m; consider a larger n_s or r_d
segment spacing 0.07616 m exceeds 0.25*r_d = 0.0375 m; consider a larger n_s or r_d
segment spacing 0.07616 m exceeds 0.25*r_d = 0.0375 m; consider a larger n_s or r_d
segment spacing 0.07616 m exceeds 0.25*r_d = 0.0375 m; consider a larger n_s or r_d
segment spacing 0.07616 m exceeds 0.25*r_d = 0.0375 m; consider a larger n_s or r_d
segment spacing 0.07616 m exceeds 0.25*r_d = 0.0375 m; consider a larger n_s or r_d
segment spacing 0.07616 m exceeds 0.25*r_d = 0.0375 m; consider a larger n_s or r_d
segment spacing 0.07616 m exceeds 0.25*r_d = 0.0375 m; consider a larger n_s or r_d
segment spacing 0.07616 m exceeds 0.25*r_d = 0.0375 m; consider a larger n_s or r_d
segment spacing 0.07616 m exceeds 0.25*r_d = 0.0375 m; consider a larger n_s or r_d
segment spacing 0.07616 m exceeds 0.25*r_d = 0.0375 m; consider a larger n_s or r_d
segment spacing 0.07616 m exceeds 0.25*r_d = 0.0375 m; consider a larger n_s or r_d
    [tab_mmin] star+ring D M=2 v0=15 n_s=10 mA=42.85g A@(0.50,0.00) Bany@(0.25,0.00) nB=1 nB_Aworst=2
segment spacing 0.07616 m exceeds 0.25*r_d = 0.0375 m; consider a larger n_s or r_d
segment spacing 0.07616 m exceeds 0.25*r_d = 0.0375 m; consider a larger n_s or r_d
segment spacing 0.07616 m exceeds 0.25*r_d = 0.0375 m; consider a larger n_s or r_d
segment spacing 0.07616 m exceeds 0.25*r_d = 0.0375 m; consider a larger n_s or r_d
segment spacing 0.07616 m exceeds 0.25*r_d = 0.0375 m; consider a larger n_s or r_d
segment spacing 0.07616 m exceeds 0.25*r_d = 0.0375 m; consider a larger n_s or r_d
segment spacing 0.07616 m exceeds 0.25*r_d = 0.0375 m; consider a larger n_s or r_d
segment spacing 0.07616 m exceeds 0.25*r_d = 0.0375 m; consider a larger n_s or r_d
segment spacing 0.07616 m exceeds 0.25*r_d = 0.0375 m; consider a larger n_s or r_d
segment spacing 0.07616 m exceeds 0.25*r_d = 0.0375 m; consider a larger n_s or r_d
segment spacing 0.07616 m exceeds 0.25*r_d = 0.0375 m; consider a larger n_s or r_d
segment spacing 0.07616 m exceeds 0.25*r_d = 0.0375 m; consider a larger n_s or r_d
segment spacing 0.07616 m exceeds 0.25*r_d = 0.0375 m; consider a larger n_s or r_d
segment spacing 0.07616 m exceeds 0.25*r_d = 0.0375 m; consider a larger n_s or r_d
segment spacing 0.07616 m exceeds 0.25*r_d = 0.0375 m; consider a larger n_s or r_d
segment spacing 0.07616 m exceeds 0.25*r_d = 0.0375 m; consider a larger n_s or r_d
segment spacing 0.07616 m exceeds 0.25*r_d = 0.0375 m; consider a larger n_s or r_d
segment spacing 0.07616 m exceeds 0.25*r_d = 0.0375 m; consider a larger n_s or r_d
segment spacing 0.07616 m exceeds 0.25*r_d = 0.0375 m; consider a larger n_s or r_d
segment spacing 0.07616 m exceeds 0.25*r_d = 0.0375 m; consider a larger n_s or r_d
segment spacing 0.07616 m exceeds 0.25*r_d = 0.0375 m; consider a larger n_s or r_d
segment spacing 0.07616 m exceeds 0.25*r_d = 0.0375 m; consider a larger n_s or r_d
segment spacing 0.07616 m exceeds 0.25*r_d = 0.0375 m; consider a larger n_s or r_d
segment spacing 0.07616 m exceeds 0.25*r_d = 0.0375 m; consider a larger n_s or r_d
segment spacing 0.07616 m exceeds 0.25*r_d = 0.0375 m; consider a larger n_s or r_d
segment spacing 0.07616 m exceeds 0.25*r_d = 0.0375 m; consider a larger n_s or r_d
segment spacing 0.07616 m exceeds 0.25*r_d = 0.0375 m; consider a larger n_s or r_d
segment spacing 0.07616 m exceeds 0.25*r_d = 0.0375 m; consider a larger n_s or r_d
segment spacing 0.07616 m exceeds 0.25*r_d = 0.0375 m; consider a larger n_s or r_d
segment spacing 0.07616 m exceeds 0.25*r_d = 0.0375 m; consider a larger n_s or r_d
segment spacing 0.07616 m exceeds 0.25*r_d = 0.0375 m; consider a larger n_s or r_d
segment spacing 0.07616 m exceeds 0.25*r_d = 0.0375 m; consider a larger n_s or r_d
segment spacing 0.07616 m exceeds 0.25*r_d = 0.0375 m; consider a larger n_s or r_d
segment spacing 0.07616 m exceeds 0.25*r_d = 0.0375 m; consider a larger n_s or r_d
segment spacing 0.07616 m exceeds 0.25*r_d = 0.0375 m; consider a larger n_s or r_d
segment spacing 0.07616 m exceeds 0.25*r_d = 0.0375 m; consider a larger n_s or r_d
segment spacing 0.07616 m exceeds 0.25*r_d = 0.0375 m; consider a larger n_s or r_d
segment spacing 0.07616 m exceeds 0.25*r_d = 0.0375 m; consider a larger n_s or r_d
segment spacing 0.07616 m exceeds 0.25*r_d = 0.0375 m; consider a larger n_s or r_d
segment spacing 0.07616 m exceeds 0.25*r_d = 0.0375 m; consider a larger n_s or r_d
segment spacing 0.07616 m exceeds 0.25*r_d = 0.0375 m; consider a larger n_s or r_d
segment spacing 0.07616 m exceeds 0.25*r_d = 0.0375 m; consider a larger n_s or r_d
segment spacing 0.07616 m exceeds 0.25*r_d = 0.0375 m; consider a larger n_s or r_d
segment spacing 0.07616 m exceeds 0.25*r_d = 0.0375 m; consider a larger n_s or r_d
segment spacing 0.07616 m exceeds 0.25*r_d = 0.0375 m; consider a larger n_s or r_d
segment spacing 0.07616 m exceeds 0.25*r_d = 0.0375 m; consider a larger n_s or r_d
segment spacing 0.07616 m exceeds 0.25*r_d = 0.0375 m; consider a larger n_s or r_d
segment spacing 0.07616 m exceeds 0.25*r_d = 0.0375 m; consider a larger n_s or r_d
segment spacing 0.07616 m exceeds 0.25*r_d = 0.0375 m; consider a larger n_s or r_d
segment spacing 0.07616 m exceeds 0.25*r_d = 0.0375 m; consider a larger n_s or r_d
segment spacing 0.07616 m exceeds 0.25*r_d = 0.0375 m; consider a larger n_s or r_d
segment spacing 0.07616 m exceeds 0.25*r_d = 0.0375 m; consider a larger n_s or r_d
segment spacing 0.07616 m exceeds 0.25*r_d = 0.0375 m; consider a larger n_s or r_d
segment spacing 0.07616 m exceeds 0.25*r_d = 0.0375 m; consider a larger n_s or r_d
segment spacing 0.07616 m exceeds 0.25*r_d = 0.0375 m; consider a larger n_s or r_d
segment spacing 0.07616 m exceeds 0.25*r_d = 0.0375 m; consider a larger n_s or r_d
segment spacing 0.07616 m exceeds 0.25*r_d = 0.0375 m; consider a larger n_s or r_d
segment spacing 0.07616 m exceeds 0.25*r_d = 0.0375 m; consider a larger n_s or r_d
segment spacing 0.07616 m exceeds 0.25*r_d = 0.0375 m; consider a larger n_s or r_d
segment spacing 0.07616 m exceeds 0.25*r_d = 0.0375 m; consider a larger n_s or r_d
segment spacing 0.07616 m exceeds 0.25*r_d = 0.0375 m; consider a larger n_s or r_d
segment spacing 0.07616 m exceeds 0.25*r_d = 0.0375 m; consider a larger n_s or r_d
segment spacing 0.07616 m exceeds 0.25*r_d = 0.0375 m; consider a larger n_s or r_d
segment spacing 0.07616 m exceeds 0.25*r_d = 0.0375 m; consider a larger n_s or r_d
segment spacing 0.07616 m exceeds 0.25*r_d = 0.0375 m; consider a larger n_s or r_d
segment spacing 0.07616 m exceeds 0.25*r_d = 0.0375 m; consider a larger n_s or r_d
segment spacing 0.07616 m exceeds 0.25*r_d = 0.0375 m; consider a larger n_s or r_d
segment spacing 0.07616 m exceeds 0.25*r_d = 0.0375 m; consider a larger n_s or r_d
segment spacing 0.07616 m exceeds 0.25*r_d = 0.0375 m; consider a larger n_s or r_d
segment spacing 0.07616 m exceeds 0.25*r_d = 0.0375 m; consider a larger n_s or r_d
segment spacing 0.07616 m exceeds 0.25*r_d = 0.0375 m; consider a larger n_s or r_d
    [tab_mmin] star+ring D M=0.25 v0=10 n_s=10 mA=2.272g A@(0.50,0.00) Bany@(0.25,0.00) nB=0 nB_Aworst=2
segment spacing 0.07616 m exceeds 0.25*r_d = 0.0375 m; consider a larger n_s or r_d
segment spacing 0.07616 m exceeds 0.25*r_d = 0.0375 m; consider a larger n_s or r_d
segment spacing 0.07616 m exceeds 0.25*r_d = 0.0375 m; consider a larger n_s or r_d
segment spacing 0.07616 m exceeds 0.25*r_d = 0.0375 m; consider a larger n_s or r_d
segment spacing 0.07616 m exceeds 0.25*r_d = 0.0375 m; consider a larger n_s or r_d
segment spacing 0.07616 m exceeds 0.25*r_d = 0.0375 m; consider a larger n_s or r_d
segment spacing 0.07616 m exceeds 0.25*r_d = 0.0375 m; consider a larger n_s or r_d
segment spacing 0.07616 m exceeds 0.25*r_d = 0.0375 m; consider a larger n_s or r_d
segment spacing 0.07616 m exceeds 0.25*r_d = 0.0375 m; consider a larger n_s or r_d
segment spacing 0.07616 m exceeds 0.25*r_d = 0.0375 m; consider a larger n_s or r_d
segment spacing 0.07616 m exceeds 0.25*r_d = 0.0375 m; consider a larger n_s or r_d
segment spacing 0.07616 m exceeds 0.25*r_d = 0.0375 m; consider a larger n_s or r_d
segment spacing 0.07616 m exceeds 0.25*r_d = 0.0375 m; consider a larger n_s or r_d
segment spacing 0.07616 m exceeds 0.25*r_d = 0.0375 m; consider a larger n_s or r_d
segment spacing 0.07616 m exceeds 0.25*r_d = 0.0375 m; consider a larger n_s or r_d
segment spacing 0.07616 m exceeds 0.25*r_d = 0.0375 m; consider a larger n_s or r_d
segment spacing 0.07616 m exceeds 0.25*r_d = 0.0375 m; consider a larger n_s or r_d
segment spacing 0.07616 m exceeds 0.25*r_d = 0.0375 m; consider a larger n_s or r_d
segment spacing 0.07616 m exceeds 0.25*r_d = 0.0375 m; consider a larger n_s or r_d
segment spacing 0.07616 m exceeds 0.25*r_d = 0.0375 m; consider a larger n_s or r_d
segment spacing 0.07616 m exceeds 0.25*r_d = 0.0375 m; consider a larger n_s or r_d
segment spacing 0.07616 m exceeds 0.25*r_d = 0.0375 m; consider a larger n_s or r_d
segment spacing 0.07616 m exceeds 0.25*r_d = 0.0375 m; consider a larger n_s or r_d
segment spacing 0.07616 m exceeds 0.25*r_d = 0.0375 m; consider a larger n_s or r_d
segment spacing 0.07616 m exceeds 0.25*r_d = 0.0375 m; consider a larger n_s or r_d
segment spacing 0.07616 m exceeds 0.25*r_d = 0.0375 m; consider a larger n_s or r_d
segment spacing 0.07616 m exceeds 0.25*r_d = 0.0375 m; consider a larger n_s or r_d
segment spacing 0.07616 m exceeds 0.25*r_d = 0.0375 m; consider a larger n_s or r_d
segment spacing 0.07616 m exceeds 0.25*r_d = 0.0375 m; consider a larger n_s or r_d
segment spacing 0.07616 m exceeds 0.25*r_d = 0.0375 m; consider a larger n_s or r_d
segment spacing 0.07616 m exceeds 0.25*r_d = 0.0375 m; consider a larger n_s or r_d
segment spacing 0.07616 m exceeds 0.25*r_d = 0.0375 m; consider a larger n_s or r_d
segment spacing 0.07616 m exceeds 0.25*r_d = 0.0375 m; consider a larger n_s or r_d
segment spacing 0.07616 m exceeds 0.25*r_d = 0.0375 m; consider a larger n_s or r_d
segment spacing 0.07616 m exceeds 0.25*r_d = 0.0375 m; consider a larger n_s or r_d
segment spacing 0.07616 m exceeds 0.25*r_d = 0.0375 m; consider a larger n_s or r_d
segment spacing 0.07616 m exceeds 0.25*r_d = 0.0375 m; consider a larger n_s or r_d
segment spacing 0.07616 m exceeds 0.25*r_d = 0.0375 m; consider a larger n_s or r_d
segment spacing 0.07616 m exceeds 0.25*r_d = 0.0375 m; consider a larger n_s or r_d
segment spacing 0.07616 m exceeds 0.25*r_d = 0.0375 m; consider a larger n_s or r_d
segment spacing 0.07616 m exceeds 0.25*r_d = 0.0375 m; consider a larger n_s or r_d
segment spacing 0.07616 m exceeds 0.25*r_d = 0.0375 m; consider a larger n_s or r_d
segment spacing 0.07616 m exceeds 0.25*r_d = 0.0375 m; consider a larger n_s or r_d
segment spacing 0.07616 m exceeds 0.25*r_d = 0.0375 m; consider a larger n_s or r_d
segment spacing 0.07616 m exceeds 0.25*r_d = 0.0375 m; consider a larger n_s or r_d
segment spacing 0.07616 m exceeds 0.25*r_d = 0.0375 m; consider a larger n_s or r_d
segment spacing 0.07616 m exceeds 0.25*r_d = 0.0375 m; consider a larger n_s or r_d
segment spacing 0.07616 m exceeds 0.25*r_d = 0.0375 m; consider a larger n_s or r_d
segment spacing 0.07616 m exceeds 0.25*r_d = 0.0375 m; consider a larger n_s or r_d
segment spacing 0.07616 m exceeds 0.25*r_d = 0.0375 m; consider a larger n_s or r_d
segment spacing 0.07616 m exceeds 0.25*r_d = 0.0375 m; consider a larger n_s or r_d
segment spacing 0.07616 m exceeds 0.25*r_d = 0.0375 m; consider a larger n_s or r_d
segment spacing 0.07616 m exceeds 0.25*r_d = 0.0375 m; consider a larger n_s or r_d
segment spacing 0.07616 m exceeds 0.25*r_d = 0.0375 m; consider a larger n_s or r_d
segment spacing 0.07616 m exceeds 0.25*r_d = 0.0375 m; consider a larger n_s or r_d
segment spacing 0.07616 m exceeds 0.25*r_d = 0.0375 m; consider a larger n_s or r_d
segment spacing 0.07616 m exceeds 0.25*r_d = 0.0375 m; consider a larger n_s or r_d
    [tab_mmin] star+ring D M=1 v0=10 n_s=10 mA=9.089g A@(0.50,0.00) Bany@(0.25,0.00) nB=0 nB_Aworst=2
segment spacing 0.07616 m exceeds 0.25*r_d = 0.0375 m; consider a larger n_s or r_d
segment spacing 0.07616 m exceeds 0.25*r_d = 0.0375 m; consider a larger n_s or r_d
segment spacing 0.07616 m exceeds 0.25*r_d = 0.0375 m; consider a larger n_s or r_d
segment spacing 0.07616 m exceeds 0.25*r_d = 0.0375 m; consider a larger n_s or r_d
segment spacing 0.07616 m exceeds 0.25*r_d = 0.0375 m; consider a larger n_s or r_d
segment spacing 0.07616 m exceeds 0.25*r_d = 0.0375 m; consider a larger n_s or r_d
segment spacing 0.07616 m exceeds 0.25*r_d = 0.0375 m; consider a larger n_s or r_d
segment spacing 0.07616 m exceeds 0.25*r_d = 0.0375 m; consider a larger n_s or r_d
segment spacing 0.07616 m exceeds 0.25*r_d = 0.0375 m; consider a larger n_s or r_d
segment spacing 0.07616 m exceeds 0.25*r_d = 0.0375 m; consider a larger n_s or r_d
segment spacing 0.07616 m exceeds 0.25*r_d = 0.0375 m; consider a larger n_s or r_d
segment spacing 0.07616 m exceeds 0.25*r_d = 0.0375 m; consider a larger n_s or r_d
segment spacing 0.07616 m exceeds 0.25*r_d = 0.0375 m; consider a larger n_s or r_d
segment spacing 0.07616 m exceeds 0.25*r_d = 0.0375 m; consider a larger n_s or r_d
segment spacing 0.07616 m exceeds 0.25*r_d = 0.0375 m; consider a larger n_s or r_d
segment spacing 0.07616 m exceeds 0.25*r_d = 0.0375 m; consider a larger n_s or r_d
segment spacing 0.07616 m exceeds 0.25*r_d = 0.0375 m; consider a larger n_s or r_d
segment spacing 0.07616 m exceeds 0.25*r_d = 0.0375 m; consider a larger n_s or r_d
segment spacing 0.07616 m exceeds 0.25*r_d = 0.0375 m; consider a larger n_s or r_d
segment spacing 0.07616 m exceeds 0.25*r_d = 0.0375 m; consider a larger n_s or r_d
segment spacing 0.07616 m exceeds 0.25*r_d = 0.0375 m; consider a larger n_s or r_d
    [tab_mmin] star+ring D M=2 v0=10 n_s=10 mA=18.18g A@(0.50,0.00) Bany@(0.25,0.00) nB=0 nB_Aworst=2
  [ok]   tab_mmin.csv           -> /home/octav/tema2/paper_results/tab_mmin.csv
=== item 3.1: star S/D Alg.2 A & B_any at n_s=10 vs 40 ===
  running S n_s=10 ...
    mA=9.211g mBany=4.394g cpu=0.2s
  running S n_s=40 ...
    mA=8.67g mBany=4.087g cpu=2519.5s
  S: |mA_40/mA_10-1|=5.88%  |mB_40/mB_10-1|=6.97%
  running D n_s=10 ...
    mA=10.22g mBany=9.801g cpu=0.1s
  running D n_s=40 ...
    mA=10.22g mBany=10.06g cpu=24221.5s
  D: |mA_40/mA_10-1|=0.00%  |mB_40/mB_10-1|=2.59%
  GATE FAIL: n_s=40 differs by >3% → will run item 3.2
=== item 3.2 (reduced): NOT the 18-row star@40 table ===
  measured 3.1 A+B_any: S n_s=40 42.0 min, D n_s=40 403.7 min
  estimate before start (16 workers): wave1(A) ~2.69 h  wave2(B) ~4.04 h  total ~6.73 h
  jobs: star S/D n_s=40, A+B_any+B_loc×3, (M,v0)=(1,15) and (0.25,20); plus star S n_s=80 M=1 v0=15 A+B_any
    [5 jobs × 5 workers]
    [3.2] S n_s=40 M=1 v0=15 A m=8.67g m/E=0.07706 g/J cpu=0.1s
    [3.2] D n_s=40 M=1 v0=15 A m=10.22g m/E=0.09089 g/J cpu=0.1s
    [3.2] S n_s=40 M=0.25 v0=20 A m=4.094g m/E=0.08188 g/J cpu=628.3s
    [3.2] S n_s=80 M=1 v0=15 A m=8.67g m/E=0.07706 g/J cpu=1023.9s
d (0.25,20); plus star S n_s=80 M=1 v0=15 A+B_any
    [5 jobs × 5 workers]
    [3.2] S n_s=40 M=1 v0=15 A m=8.67g m/E=0.07706 g/J cpu=0.1s
    [3.2] D n_s=40 M=1 v0=15 A m=10.22g m/E=0.09089 g/J cpu=0.1s
    [3.2] S n_s=40 M=0.25 v0=20 A m=4.094g m/E=0.08188 g/J cpu=628.3s
    [3.2] S n_s=80 M=1 v0=15 A m=8.67g m/E=0.07706 g/J cpu=1023.9s
